File,State_Column,Raw_State_Label
01_District_wise_crimes_committed_IPC_2001_2012.csv,STATE/UT,ANDHRA PRADESH
01_District_wise_crimes_committed_IPC_2001_2012.csv,STATE/UT,ARUNACHAL PRADESH
01_District_wise_crimes_committed_IPC_2001_2012.csv,STATE/UT,ASSAM
01_District_wise_crimes_committed_IPC_2001_2012.csv,STATE/UT,BIHAR
01_District_wise_crimes_committed_IPC_2001_2012.csv,STATE/UT,CHHATTISGARH
01_District_wise_crimes_committed_IPC_2001_2012.csv,STATE/UT,GOA
01_District_wise_crimes_committed_IPC_2001_2012.csv,STATE/UT,GUJARAT
01_District_wise_crimes_committed_IPC_2001_2012.csv,STATE/UT,HARYANA
01_District_wise_crimes_committed_IPC_2001_2012.csv,STATE/UT,HIMACHAL PRADESH
01_District_wise_crimes_committed_IPC_2001_2012.csv,STATE/UT,JAMMU & KASHMIR
01_District_wise_crimes_committed_IPC_2001_2012.csv,STATE/UT,JHARKHAND
01_District_wise_crimes_committed_IPC_2001_2012.csv,STATE/UT,KARNATAKA
01_District_wise_crimes_committed_IPC_2001_2012.csv,STATE/UT,KERALA
01_District_wise_crimes_committed_IPC_2001_2012.csv,STATE/UT,MADHYA PRADESH
01_District_wise_crimes_committed_IPC_2001_2012.csv,STATE/UT,MAHARASHTRA
01_District_wise_crimes_committed_IPC_2001_2012.csv,STATE/UT,MANIPUR
01_District_wise_crimes_committed_IPC_2001_2012.csv,STATE/UT,MEGHALAYA
01_District_wise_crimes_committed_IPC_2001_2012.csv,STATE/UT,MIZORAM
01_District_wise_crimes_committed_IPC_2001_2012.csv,STATE/UT,NAGALAND
01_District_wise_crimes_committed_IPC_2001_2012.csv,STATE/UT,ODISHA
01_District_wise_crimes_committed_IPC_2001_2012.csv,STATE/UT,PUNJAB
01_District_wise_crimes_committed_IPC_2001_2012.csv,STATE/UT,RAJASTHAN
01_District_wise_crimes_committed_IPC_2001_2012.csv,STATE/UT,SIKKIM
01_District_wise_crimes_committed_IPC_2001_2012.csv,STATE/UT,TAMIL NADU
01_District_wise_crimes_committed_IPC_2001_2012.csv,STATE/UT,TRIPURA
01_District_wise_crimes_committed_IPC_2001_2012.csv,STATE/UT,UTTAR PRADESH
01_District_wise_crimes_committed_IPC_2001_2012.csv,STATE/UT,UTTARAKHAND
01_District_wise_crimes_committed_IPC_2001_2012.csv,STATE/UT,WEST BENGAL
01_District_wise_crimes_committed_IPC_2001_2012.csv,STATE/UT,A & N ISLANDS
01_District_wise_crimes_committed_IPC_2001_2012.csv,STATE/UT,CHANDIGARH
01_District_wise_crimes_committed_IPC_2001_2012.csv,STATE/UT,D & N HAVELI
01_District_wise_crimes_committed_IPC_2001_2012.csv,STATE/UT,DAMAN & DIU
01_District_wise_crimes_committed_IPC_2001_2012.csv,STATE/UT,DELHI UT
01_District_wise_crimes_committed_IPC_2001_2012.csv,STATE/UT,LAKSHADWEEP
01_District_wise_crimes_committed_IPC_2001_2012.csv,STATE/UT,PUDUCHERRY
01_District_wise_crimes_committed_IPC_2013.csv,STATE/UT,Andhra Pradesh
01_District_wise_crimes_committed_IPC_2013.csv,STATE/UT,Arunachal Pradesh
01_District_wise_crimes_committed_IPC_2013.csv,STATE/UT,Assam
01_District_wise_crimes_committed_IPC_2013.csv,STATE/UT,Bihar
01_District_wise_crimes_committed_IPC_2013.csv,STATE/UT,Chhattisgarh
01_District_wise_crimes_committed_IPC_2013.csv,STATE/UT,Goa
01_District_wise_crimes_committed_IPC_2013.csv,STATE/UT,Gujarat
01_District_wise_crimes_committed_IPC_2013.csv,STATE/UT,Haryana
01_District_wise_crimes_committed_IPC_2013.csv,STATE/UT,Himachal Pradesh
01_District_wise_crimes_committed_IPC_2013.csv,STATE/UT,Jammu & Kashmir
01_District_wise_crimes_committed_IPC_2013.csv,STATE/UT,Jharkhand
01_District_wise_crimes_committed_IPC_2013.csv,STATE/UT,Karnataka
01_District_wise_crimes_committed_IPC_2013.csv,STATE/UT,Kerala
01_District_wise_crimes_committed_IPC_2013.csv,STATE/UT,Madhya Pradesh
01_District_wise_crimes_committed_IPC_2013.csv,STATE/UT,Maharashtra
01_District_wise_crimes_committed_IPC_2013.csv,STATE/UT,Manipur
01_District_wise_crimes_committed_IPC_2013.csv,STATE/UT,Meghalaya
01_District_wise_crimes_committed_IPC_2013.csv,STATE/UT,Mizoram
01_District_wise_crimes_committed_IPC_2013.csv,STATE/UT,Nagaland
01_District_wise_crimes_committed_IPC_2013.csv,STATE/UT,Odisha
01_District_wise_crimes_committed_IPC_2013.csv,STATE/UT,Punjab
01_District_wise_crimes_committed_IPC_2013.csv,STATE/UT,Rajasthan
01_District_wise_crimes_committed_IPC_2013.csv,STATE/UT,Sikkim
01_District_wise_crimes_committed_IPC_2013.csv,STATE/UT,Tamil Nadu
01_District_wise_crimes_committed_IPC_2013.csv,STATE/UT,Tripura
01_District_wise_crimes_committed_IPC_2013.csv,STATE/UT,Uttar Pradesh
01_District_wise_crimes_committed_IPC_2013.csv,STATE/UT,Uttarakhand
01_District_wise_crimes_committed_IPC_2013.csv,STATE/UT,West Bengal
01_District_wise_crimes_committed_IPC_2013.csv,STATE/UT,A&N Islands
01_District_wise_crimes_committed_IPC_2013.csv,STATE/UT,Chandigarh
01_District_wise_crimes_committed_IPC_2013.csv,STATE/UT,D&N Haveli
01_District_wise_crimes_committed_IPC_2013.csv,STATE/UT,Daman & Diu
01_District_wise_crimes_committed_IPC_2013.csv,STATE/UT,Delhi UT
01_District_wise_crimes_committed_IPC_2013.csv,STATE/UT,Lakshadweep
01_District_wise_crimes_committed_IPC_2013.csv,STATE/UT,Puducherry
01_District_wise_crimes_committed_IPC_2014.csv,States/UTs,Andhra Pradesh
01_District_wise_crimes_committed_IPC_2014.csv,States/UTs,Arunachal Pradesh
01_District_wise_crimes_committed_IPC_2014.csv,States/UTs,Assam
01_District_wise_crimes_committed_IPC_2014.csv,States/UTs,Bihar
01_District_wise_crimes_committed_IPC_2014.csv,States/UTs,Chhattisgarh
01_District_wise_crimes_committed_IPC_2014.csv,States/UTs,Goa
01_District_wise_crimes_committed_IPC_2014.csv,States/UTs,Gujarat
01_District_wise_crimes_committed_IPC_2014.csv,States/UTs,Haryana
01_District_wise_crimes_committed_IPC_2014.csv,States/UTs,Himachal Pradesh
01_District_wise_crimes_committed_IPC_2014.csv,States/UTs,Jammu & Kashmir
01_District_wise_crimes_committed_IPC_2014.csv,States/UTs,Jharkhand
01_District_wise_crimes_committed_IPC_2014.csv,States/UTs,Karnataka
01_District_wise_crimes_committed_IPC_2014.csv,States/UTs,Kerala
01_District_wise_crimes_committed_IPC_2014.csv,States/UTs,Madhya Pradesh
01_District_wise_crimes_committed_IPC_2014.csv,States/UTs,Maharashtra
01_District_wise_crimes_committed_IPC_2014.csv,States/UTs,Manipur
01_District_wise_crimes_committed_IPC_2014.csv,States/UTs,Meghalaya
01_District_wise_crimes_committed_IPC_2014.csv,States/UTs,Mizoram
01_District_wise_crimes_committed_IPC_2014.csv,States/UTs,Nagaland
01_District_wise_crimes_committed_IPC_2014.csv,States/UTs,Odisha
01_District_wise_crimes_committed_IPC_2014.csv,States/UTs,Punjab
01_District_wise_crimes_committed_IPC_2014.csv,States/UTs,Rajasthan
01_District_wise_crimes_committed_IPC_2014.csv,States/UTs,Sikkim
01_District_wise_crimes_committed_IPC_2014.csv,States/UTs,Tamil Nadu
01_District_wise_crimes_committed_IPC_2014.csv,States/UTs,Telangana
01_District_wise_crimes_committed_IPC_2014.csv,States/UTs,Tripura
01_District_wise_crimes_committed_IPC_2014.csv,States/UTs,Uttar Pradesh
01_District_wise_crimes_committed_IPC_2014.csv,States/UTs,Uttarakhand
01_District_wise_crimes_committed_IPC_2014.csv,States/UTs,West Bengal
01_District_wise_crimes_committed_IPC_2014.csv,States/UTs,A&N Islands
01_District_wise_crimes_committed_IPC_2014.csv,States/UTs,Chandigarh
01_District_wise_crimes_committed_IPC_2014.csv,States/UTs,D&N Haveli
01_District_wise_crimes_committed_IPC_2014.csv,States/UTs,Daman & Diu
01_District_wise_crimes_committed_IPC_2014.csv,States/UTs,Delhi UT
01_District_wise_crimes_committed_IPC_2014.csv,States/UTs,Lakshadweep
01_District_wise_crimes_committed_IPC_2014.csv,States/UTs,Puducherry
02_01_District_wise_crimes_committed_against_SC_2001_2012.csv,STATE/UT,ANDHRA PRADESH
02_01_District_wise_crimes_committed_against_SC_2001_2012.csv,STATE/UT,ARUNACHAL PRADESH
02_01_District_wise_crimes_committed_against_SC_2001_2012.csv,STATE/UT,ASSAM
02_01_District_wise_crimes_committed_against_SC_2001_2012.csv,STATE/UT,BIHAR
02_01_District_wise_crimes_committed_against_SC_2001_2012.csv,STATE/UT,CHHATTISGARH
02_01_District_wise_crimes_committed_against_SC_2001_2012.csv,STATE/UT,GOA
02_01_District_wise_crimes_committed_against_SC_2001_2012.csv,STATE/UT,GUJARAT
02_01_District_wise_crimes_committed_against_SC_2001_2012.csv,STATE/UT,HARYANA
02_01_District_wise_crimes_committed_against_SC_2001_2012.csv,STATE/UT,HIMACHAL PRADESH
02_01_District_wise_crimes_committed_against_SC_2001_2012.csv,STATE/UT,JAMMU & KASHMIR
02_01_District_wise_crimes_committed_against_SC_2001_2012.csv,STATE/UT,JHARKHAND
02_01_District_wise_crimes_committed_against_SC_2001_2012.csv,STATE/UT,KARNATAKA
02_01_District_wise_crimes_committed_against_SC_2001_2012.csv,STATE/UT,KERALA
02_01_District_wise_crimes_committed_against_SC_2001_2012.csv,STATE/UT,MADHYA PRADESH
02_01_District_wise_crimes_committed_against_SC_2001_2012.csv,STATE/UT,MAHARASHTRA
02_01_District_wise_crimes_committed_against_SC_2001_2012.csv,STATE/UT,MANIPUR
02_01_District_wise_crimes_committed_against_SC_2001_2012.csv,STATE/UT,MEGHALAYA
02_01_District_wise_crimes_committed_against_SC_2001_2012.csv,STATE/UT,MIZORAM
02_01_District_wise_crimes_committed_against_SC_2001_2012.csv,STATE/UT,NAGALAND
02_01_District_wise_crimes_committed_against_SC_2001_2012.csv,STATE/UT,ODISHA
02_01_District_wise_crimes_committed_against_SC_2001_2012.csv,STATE/UT,PUNJAB
02_01_District_wise_crimes_committed_against_SC_2001_2012.csv,STATE/UT,RAJASTHAN
02_01_District_wise_crimes_committed_against_SC_2001_2012.csv,STATE/UT,SIKKIM
02_01_District_wise_crimes_committed_against_SC_2001_2012.csv,STATE/UT,TAMIL NADU
02_01_District_wise_crimes_committed_against_SC_2001_2012.csv,STATE/UT,TRIPURA
02_01_District_wise_crimes_committed_against_SC_2001_2012.csv,STATE/UT,UTTAR PRADESH
02_01_District_wise_crimes_committed_against_SC_2001_2012.csv,STATE/UT,UTTARAKHAND
02_01_District_wise_crimes_committed_against_SC_2001_2012.csv,STATE/UT,WEST BENGAL
02_01_District_wise_crimes_committed_against_SC_2001_2012.csv,STATE/UT,A & N ISLANDS
02_01_District_wise_crimes_committed_against_SC_2001_2012.csv,STATE/UT,CHANDIGARH
02_01_District_wise_crimes_committed_against_SC_2001_2012.csv,STATE/UT,D & N HAVELI
02_01_District_wise_crimes_committed_against_SC_2001_2012.csv,STATE/UT,DAMAN & DIU
02_01_District_wise_crimes_committed_against_SC_2001_2012.csv,STATE/UT,DELHI
02_01_District_wise_crimes_committed_against_SC_2001_2012.csv,STATE/UT,LAKSHADWEEP
02_01_District_wise_crimes_committed_against_SC_2001_2012.csv,STATE/UT,PUDUCHERRY
02_01_District_wise_crimes_committed_against_SC_2013.csv,STATE/UT,Andhra Pradesh
02_01_District_wise_crimes_committed_against_SC_2013.csv,STATE/UT,Arunachal Pradesh
02_01_District_wise_crimes_committed_against_SC_2013.csv,STATE/UT,Assam
02_01_District_wise_crimes_committed_against_SC_2013.csv,STATE/UT,Bihar
02_01_District_wise_crimes_committed_against_SC_2013.csv,STATE/UT,Chhattisgarh
02_01_District_wise_crimes_committed_against_SC_2013.csv,STATE/UT,Goa
02_01_District_wise_crimes_committed_against_SC_2013.csv,STATE/UT,Gujarat
02_01_District_wise_crimes_committed_against_SC_2013.csv,STATE/UT,Haryana
02_01_District_wise_crimes_committed_against_SC_2013.csv,STATE/UT,Himachal Pradesh
02_01_District_wise_crimes_committed_against_SC_2013.csv,STATE/UT,Jammu & Kashmir
02_01_District_wise_crimes_committed_against_SC_2013.csv,STATE/UT,Jharkhand
02_01_District_wise_crimes_committed_against_SC_2013.csv,STATE/UT,Karnataka
02_01_District_wise_crimes_committed_against_SC_2013.csv,STATE/UT,Kerala
02_01_District_wise_crimes_committed_against_SC_2013.csv,STATE/UT,Madhya Pradesh
02_01_District_wise_crimes_committed_against_SC_2013.csv,STATE/UT,Maharashtra
02_01_District_wise_crimes_committed_against_SC_2013.csv,STATE/UT,Manipur
02_01_District_wise_crimes_committed_against_SC_2013.csv,STATE/UT,Meghalaya
02_01_District_wise_crimes_committed_against_SC_2013.csv,STATE/UT,Mizoram
02_01_District_wise_crimes_committed_against_SC_2013.csv,STATE/UT,Nagaland
02_01_District_wise_crimes_committed_against_SC_2013.csv,STATE/UT,Odisha
02_01_District_wise_crimes_committed_against_SC_2013.csv,STATE/UT,Punjab
02_01_District_wise_crimes_committed_against_SC_2013.csv,STATE/UT,Rajasthan
02_01_District_wise_crimes_committed_against_SC_2013.csv,STATE/UT,Sikkim
02_01_District_wise_crimes_committed_against_SC_2013.csv,STATE/UT,Tamil Nadu
02_01_District_wise_crimes_committed_against_SC_2013.csv,STATE/UT,Tripura
02_01_District_wise_crimes_committed_against_SC_2013.csv,STATE/UT,Uttar Pradesh
02_01_District_wise_crimes_committed_against_SC_2013.csv,STATE/UT,Uttarakhand
02_01_District_wise_crimes_committed_against_SC_2013.csv,STATE/UT,West Bengal
02_01_District_wise_crimes_committed_against_SC_2013.csv,STATE/UT,A&N Islands
02_01_District_wise_crimes_committed_against_SC_2013.csv,STATE/UT,Chandigarh
02_01_District_wise_crimes_committed_against_SC_2013.csv,STATE/UT,D&N Haveli
02_01_District_wise_crimes_committed_against_SC_2013.csv,STATE/UT,Daman & Diu
02_01_District_wise_crimes_committed_against_SC_2013.csv,STATE/UT,Delhi UT
02_01_District_wise_crimes_committed_against_SC_2013.csv,STATE/UT,Lakshadweep
02_01_District_wise_crimes_committed_against_SC_2013.csv,STATE/UT,Puducherry
02_01_District_wise_crimes_committed_against_SC_2014.csv,States/UTs,Andhra Pradesh
02_01_District_wise_crimes_committed_against_SC_2014.csv,States/UTs,Arunachal Pradesh
02_01_District_wise_crimes_committed_against_SC_2014.csv,States/UTs,Assam
02_01_District_wise_crimes_committed_against_SC_2014.csv,States/UTs,Bihar
02_01_District_wise_crimes_committed_against_SC_2014.csv,States/UTs,Chhattisgarh
02_01_District_wise_crimes_committed_against_SC_2014.csv,States/UTs,Goa
02_01_District_wise_crimes_committed_against_SC_2014.csv,States/UTs,Gujarat
02_01_District_wise_crimes_committed_against_SC_2014.csv,States/UTs,Haryana
02_01_District_wise_crimes_committed_against_SC_2014.csv,States/UTs,Himachal Pradesh
02_01_District_wise_crimes_committed_against_SC_2014.csv,States/UTs,Jammu & Kashmir
02_01_District_wise_crimes_committed_against_SC_2014.csv,States/UTs,Jharkhand
02_01_District_wise_crimes_committed_against_SC_2014.csv,States/UTs,Karnataka
02_01_District_wise_crimes_committed_against_SC_2014.csv,States/UTs,Kerala
02_01_District_wise_crimes_committed_against_SC_2014.csv,States/UTs,Madhya Pradesh
02_01_District_wise_crimes_committed_against_SC_2014.csv,States/UTs,Maharashtra
02_01_District_wise_crimes_committed_against_SC_2014.csv,States/UTs,Manipur
02_01_District_wise_crimes_committed_against_SC_2014.csv,States/UTs,Meghalaya
02_01_District_wise_crimes_committed_against_SC_2014.csv,States/UTs,Mizoram
02_01_District_wise_crimes_committed_against_SC_2014.csv,States/UTs,Nagaland
02_01_District_wise_crimes_committed_against_SC_2014.csv,States/UTs,Odisha
02_01_District_wise_crimes_committed_against_SC_2014.csv,States/UTs,Punjab
02_01_District_wise_crimes_committed_against_SC_2014.csv,States/UTs,Rajasthan
02_01_District_wise_crimes_committed_against_SC_2014.csv,States/UTs,Sikkim
02_01_District_wise_crimes_committed_against_SC_2014.csv,States/UTs,Tamil Nadu
02_01_District_wise_crimes_committed_against_SC_2014.csv,States/UTs,Telangana
02_01_District_wise_crimes_committed_against_SC_2014.csv,States/UTs,Tripura
02_01_District_wise_crimes_committed_against_SC_2014.csv,States/UTs,Uttar Pradesh
02_01_District_wise_crimes_committed_against_SC_2014.csv,States/UTs,Uttarakhand
02_01_District_wise_crimes_committed_against_SC_2014.csv,States/UTs,West Bengal
02_01_District_wise_crimes_committed_against_SC_2014.csv,States/UTs,A&N Islands
02_01_District_wise_crimes_committed_against_SC_2014.csv,States/UTs,Chandigarh
02_01_District_wise_crimes_committed_against_SC_2014.csv,States/UTs,D&N Haveli
02_01_District_wise_crimes_committed_against_SC_2014.csv,States/UTs,Daman & Diu
02_01_District_wise_crimes_committed_against_SC_2014.csv,States/UTs,Delhi UT
02_01_District_wise_crimes_committed_against_SC_2014.csv,States/UTs,Lakshadweep
02_01_District_wise_crimes_committed_against_SC_2014.csv,States/UTs,Puducherry
02_District_wise_crimes_committed_against_ST_2001_2012.csv,STATE/UT,ANDHRA PRADESH
02_District_wise_crimes_committed_against_ST_2001_2012.csv,STATE/UT,ARUNACHAL PRADESH
02_District_wise_crimes_committed_against_ST_2001_2012.csv,STATE/UT,ASSAM
02_District_wise_crimes_committed_against_ST_2001_2012.csv,STATE/UT,BIHAR
02_District_wise_crimes_committed_against_ST_2001_2012.csv,STATE/UT,CHHATTISGARH
02_District_wise_crimes_committed_against_ST_2001_2012.csv,STATE/UT,GOA
02_District_wise_crimes_committed_against_ST_2001_2012.csv,STATE/UT,GUJARAT
02_District_wise_crimes_committed_against_ST_2001_2012.csv,STATE/UT,HARYANA
02_District_wise_crimes_committed_against_ST_2001_2012.csv,STATE/UT,HIMACHAL PRADESH
02_District_wise_crimes_committed_against_ST_2001_2012.csv,STATE/UT,JAMMU & KASHMIR
02_District_wise_crimes_committed_against_ST_2001_2012.csv,STATE/UT,JHARKHAND
02_District_wise_crimes_committed_against_ST_2001_2012.csv,STATE/UT,KARNATAKA
02_District_wise_crimes_committed_against_ST_2001_2012.csv,STATE/UT,KERALA
02_District_wise_crimes_committed_against_ST_2001_2012.csv,STATE/UT,MADHYA PRADESH
02_District_wise_crimes_committed_against_ST_2001_2012.csv,STATE/UT,MAHARASHTRA
02_District_wise_crimes_committed_against_ST_2001_2012.csv,STATE/UT,MANIPUR
02_District_wise_crimes_committed_against_ST_2001_2012.csv,STATE/UT,MEGHALAYA
02_District_wise_crimes_committed_against_ST_2001_2012.csv,STATE/UT,MIZORAM
02_District_wise_crimes_committed_against_ST_2001_2012.csv,STATE/UT,NAGALAND
02_District_wise_crimes_committed_against_ST_2001_2012.csv,STATE/UT,ODISHA
02_District_wise_crimes_committed_against_ST_2001_2012.csv,STATE/UT,PUNJAB
02_District_wise_crimes_committed_against_ST_2001_2012.csv,STATE/UT,RAJASTHAN
02_District_wise_crimes_committed_against_ST_2001_2012.csv,STATE/UT,SIKKIM
02_District_wise_crimes_committed_against_ST_2001_2012.csv,STATE/UT,TAMIL NADU
02_District_wise_crimes_committed_against_ST_2001_2012.csv,STATE/UT,TRIPURA
02_District_wise_crimes_committed_against_ST_2001_2012.csv,STATE/UT,UTTAR PRADESH
02_District_wise_crimes_committed_against_ST_2001_2012.csv,STATE/UT,UTTARAKHAND
02_District_wise_crimes_committed_against_ST_2001_2012.csv,STATE/UT,WEST BENGAL
02_District_wise_crimes_committed_against_ST_2001_2012.csv,STATE/UT,A & N ISLANDS
02_District_wise_crimes_committed_against_ST_2001_2012.csv,STATE/UT,CHANDIGARH
02_District_wise_crimes_committed_against_ST_2001_2012.csv,STATE/UT,D & N HAVELI
02_District_wise_crimes_committed_against_ST_2001_2012.csv,STATE/UT,DAMAN & DIU
02_District_wise_crimes_committed_against_ST_2001_2012.csv,STATE/UT,DELHI
02_District_wise_crimes_committed_against_ST_2001_2012.csv,STATE/UT,LAKSHADWEEP
02_District_wise_crimes_committed_against_ST_2001_2012.csv,STATE/UT,PUDUCHERRY
02_District_wise_crimes_committed_against_ST_2013.csv,STATE/UT,Andhra Pradesh
02_District_wise_crimes_committed_against_ST_2013.csv,STATE/UT,Arunachal Pradesh
02_District_wise_crimes_committed_against_ST_2013.csv,STATE/UT,Assam
02_District_wise_crimes_committed_against_ST_2013.csv,STATE/UT,Bihar
02_District_wise_crimes_committed_against_ST_2013.csv,STATE/UT,Chhattisgarh
02_District_wise_crimes_committed_against_ST_2013.csv,STATE/UT,Goa
02_District_wise_crimes_committed_against_ST_2013.csv,STATE/UT,Gujarat
02_District_wise_crimes_committed_against_ST_2013.csv,STATE/UT,Haryana
02_District_wise_crimes_committed_against_ST_2013.csv,STATE/UT,Himachal Pradesh
02_District_wise_crimes_committed_against_ST_2013.csv,STATE/UT,Jammu & Kashmir
02_District_wise_crimes_committed_against_ST_2013.csv,STATE/UT,Jharkhand
02_District_wise_crimes_committed_against_ST_2013.csv,STATE/UT,Karnataka
02_District_wise_crimes_committed_against_ST_2013.csv,STATE/UT,Kerala
02_District_wise_crimes_committed_against_ST_2013.csv,STATE/UT,Madhya Pradesh
02_District_wise_crimes_committed_against_ST_2013.csv,STATE/UT,Maharashtra
02_District_wise_crimes_committed_against_ST_2013.csv,STATE/UT,Manipur
02_District_wise_crimes_committed_against_ST_2013.csv,STATE/UT,Meghalaya
02_District_wise_crimes_committed_against_ST_2013.csv,STATE/UT,Mizoram
02_District_wise_crimes_committed_against_ST_2013.csv,STATE/UT,Nagaland
02_District_wise_crimes_committed_against_ST_2013.csv,STATE/UT,Odisha
02_District_wise_crimes_committed_against_ST_2013.csv,STATE/UT,Punjab
02_District_wise_crimes_committed_against_ST_2013.csv,STATE/UT,Rajasthan
02_District_wise_crimes_committed_against_ST_2013.csv,STATE/UT,Sikkim
02_District_wise_crimes_committed_against_ST_2013.csv,STATE/UT,Tamil Nadu
02_District_wise_crimes_committed_against_ST_2013.csv,STATE/UT,Tripura
02_District_wise_crimes_committed_against_ST_2013.csv,STATE/UT,Uttar Pradesh
02_District_wise_crimes_committed_against_ST_2013.csv,STATE/UT,Uttarakhand
02_District_wise_crimes_committed_against_ST_2013.csv,STATE/UT,West Bengal
02_District_wise_crimes_committed_against_ST_2013.csv,STATE/UT,A&N Islands
02_District_wise_crimes_committed_against_ST_2013.csv,STATE/UT,Chandigarh
02_District_wise_crimes_committed_against_ST_2013.csv,STATE/UT,D&N Haveli
02_District_wise_crimes_committed_against_ST_2013.csv,STATE/UT,Daman & Diu
02_District_wise_crimes_committed_against_ST_2013.csv,STATE/UT,Delhi UT
02_District_wise_crimes_committed_against_ST_2013.csv,STATE/UT,Lakshadweep
02_District_wise_crimes_committed_against_ST_2013.csv,STATE/UT,Puducherry
02_District_wise_crimes_committed_against_ST_2014.csv,States/UTs,Andhra Pradesh
02_District_wise_crimes_committed_against_ST_2014.csv,States/UTs,Arunachal Pradesh
02_District_wise_crimes_committed_against_ST_2014.csv,States/UTs,Assam
02_District_wise_crimes_committed_against_ST_2014.csv,States/UTs,Bihar
02_District_wise_crimes_committed_against_ST_2014.csv,States/UTs,Chhattisgarh
02_District_wise_crimes_committed_against_ST_2014.csv,States/UTs,Goa
02_District_wise_crimes_committed_against_ST_2014.csv,States/UTs,Gujarat
02_District_wise_crimes_committed_against_ST_2014.csv,States/UTs,Haryana
02_District_wise_crimes_committed_against_ST_2014.csv,States/UTs,Himachal Pradesh
02_District_wise_crimes_committed_against_ST_2014.csv,States/UTs,Jammu & Kashmir
02_District_wise_crimes_committed_against_ST_2014.csv,States/UTs,Jharkhand
02_District_wise_crimes_committed_against_ST_2014.csv,States/UTs,Karnataka
02_District_wise_crimes_committed_against_ST_2014.csv,States/UTs,Kerala
02_District_wise_crimes_committed_against_ST_2014.csv,States/UTs,Madhya Pradesh
02_District_wise_crimes_committed_against_ST_2014.csv,States/UTs,Maharashtra
02_District_wise_crimes_committed_against_ST_2014.csv,States/UTs,Manipur
02_District_wise_crimes_committed_against_ST_2014.csv,States/UTs,Meghalaya
02_District_wise_crimes_committed_against_ST_2014.csv,States/UTs,Mizoram
02_District_wise_crimes_committed_against_ST_2014.csv,States/UTs,Nagaland
02_District_wise_crimes_committed_against_ST_2014.csv,States/UTs,Odisha
02_District_wise_crimes_committed_against_ST_2014.csv,States/UTs,Punjab
02_District_wise_crimes_committed_against_ST_2014.csv,States/UTs,Rajasthan
02_District_wise_crimes_committed_against_ST_2014.csv,States/UTs,Sikkim
02_District_wise_crimes_committed_against_ST_2014.csv,States/UTs,Tamil Nadu
02_District_wise_crimes_committed_against_ST_2014.csv,States/UTs,Telangana
02_District_wise_crimes_committed_against_ST_2014.csv,States/UTs,Tripura
02_District_wise_crimes_committed_against_ST_2014.csv,States/UTs,Uttar Pradesh
02_District_wise_crimes_committed_against_ST_2014.csv,States/UTs,Uttarakhand
02_District_wise_crimes_committed_against_ST_2014.csv,States/UTs,West Bengal
02_District_wise_crimes_committed_against_ST_2014.csv,States/UTs,A&N Islands
02_District_wise_crimes_committed_against_ST_2014.csv,States/UTs,Chandigarh
02_District_wise_crimes_committed_against_ST_2014.csv,States/UTs,D&N Haveli
02_District_wise_crimes_committed_against_ST_2014.csv,States/UTs,Daman & Diu
02_District_wise_crimes_committed_against_ST_2014.csv,States/UTs,Delhi UT
02_District_wise_crimes_committed_against_ST_2014.csv,States/UTs,Lakshadweep
02_District_wise_crimes_committed_against_ST_2014.csv,States/UTs,Puducherry
03_District_wise_crimes_committed_against_children_2001_2012.csv,STATE/UT,ANDHRA PRADESH
03_District_wise_crimes_committed_against_children_2001_2012.csv,STATE/UT,ARUNACHAL PRADESH
03_District_wise_crimes_committed_against_children_2001_2012.csv,STATE/UT,ASSAM
03_District_wise_crimes_committed_against_children_2001_2012.csv,STATE/UT,BIHAR
03_District_wise_crimes_committed_against_children_2001_2012.csv,STATE/UT,CHHATTISGARH
03_District_wise_crimes_committed_against_children_2001_2012.csv,STATE/UT,GOA
03_District_wise_crimes_committed_against_children_2001_2012.csv,STATE/UT,GUJARAT
03_District_wise_crimes_committed_against_children_2001_2012.csv,STATE/UT,HARYANA
03_District_wise_crimes_committed_against_children_2001_2012.csv,STATE/UT,HIMACHAL PRADESH
03_District_wise_crimes_committed_against_children_2001_2012.csv,STATE/UT,JAMMU & KASHMIR
03_District_wise_crimes_committed_against_children_2001_2012.csv,STATE/UT,JHARKHAND
03_District_wise_crimes_committed_against_children_2001_2012.csv,STATE/UT,KARNATAKA
03_District_wise_crimes_committed_against_children_2001_2012.csv,STATE/UT,KERALA
03_District_wise_crimes_committed_against_children_2001_2012.csv,STATE/UT,MADHYA PRADESH
03_District_wise_crimes_committed_against_children_2001_2012.csv,STATE/UT,MAHARASHTRA
03_District_wise_crimes_committed_against_children_2001_2012.csv,STATE/UT,MANIPUR
03_District_wise_crimes_committed_against_children_2001_2012.csv,STATE/UT,MEGHALAYA
03_District_wise_crimes_committed_against_children_2001_2012.csv,STATE/UT,MIZORAM
03_District_wise_crimes_committed_against_children_2001_2012.csv,STATE/UT,NAGALAND
03_District_wise_crimes_committed_against_children_2001_2012.csv,STATE/UT,ODISHA
03_District_wise_crimes_committed_against_children_2001_2012.csv,STATE/UT,PUNJAB
03_District_wise_crimes_committed_against_children_2001_2012.csv,STATE/UT,RAJASTHAN
03_District_wise_crimes_committed_against_children_2001_2012.csv,STATE/UT,SIKKIM
03_District_wise_crimes_committed_against_children_2001_2012.csv,STATE/UT,TAMIL NADU
03_District_wise_crimes_committed_against_children_2001_2012.csv,STATE/UT,TRIPURA
03_District_wise_crimes_committed_against_children_2001_2012.csv,STATE/UT,UTTAR PRADESH
03_District_wise_crimes_committed_against_children_2001_2012.csv,STATE/UT,UTTARAKHAND
03_District_wise_crimes_committed_against_children_2001_2012.csv,STATE/UT,WEST BENGAL
03_District_wise_crimes_committed_against_children_2001_2012.csv,STATE/UT,A & N ISLANDS
03_District_wise_crimes_committed_against_children_2001_2012.csv,STATE/UT,CHANDIGARH
03_District_wise_crimes_committed_against_children_2001_2012.csv,STATE/UT,D & N HAVELI
03_District_wise_crimes_committed_against_children_2001_2012.csv,STATE/UT,DAMAN & DIU
03_District_wise_crimes_committed_against_children_2001_2012.csv,STATE/UT,DELHI
03_District_wise_crimes_committed_against_children_2001_2012.csv,STATE/UT,LAKSHADWEEP
03_District_wise_crimes_committed_against_children_2001_2012.csv,STATE/UT,PUDUCHERRY
03_District_wise_crimes_committed_against_children_2013.csv,STATE/UT,Andhra Pradesh
03_District_wise_crimes_committed_against_children_2013.csv,STATE/UT,Arunachal Pradesh
03_District_wise_crimes_committed_against_children_2013.csv,STATE/UT,Assam
03_District_wise_crimes_committed_against_children_2013.csv,STATE/UT,Bihar
03_District_wise_crimes_committed_against_children_2013.csv,STATE/UT,Chhattisgarh
03_District_wise_crimes_committed_against_children_2013.csv,STATE/UT,Goa
03_District_wise_crimes_committed_against_children_2013.csv,STATE/UT,Gujarat
03_District_wise_crimes_committed_against_children_2013.csv,STATE/UT,Haryana
03_District_wise_crimes_committed_against_children_2013.csv,STATE/UT,Himachal Pradesh
03_District_wise_crimes_committed_against_children_2013.csv,STATE/UT,Jammu & Kashmir
03_District_wise_crimes_committed_against_children_2013.csv,STATE/UT,Jharkhand
03_District_wise_crimes_committed_against_children_2013.csv,STATE/UT,Karnataka
03_District_wise_crimes_committed_against_children_2013.csv,STATE/UT,Kerala
03_District_wise_crimes_committed_against_children_2013.csv,STATE/UT,Madhya Pradesh
03_District_wise_crimes_committed_against_children_2013.csv,STATE/UT,Maharashtra
03_District_wise_crimes_committed_against_children_2013.csv,STATE/UT,Manipur
03_District_wise_crimes_committed_against_children_2013.csv,STATE/UT,Meghalaya
03_District_wise_crimes_committed_against_children_2013.csv,STATE/UT,Mizoram
03_District_wise_crimes_committed_against_children_2013.csv,STATE/UT,Nagaland
03_District_wise_crimes_committed_against_children_2013.csv,STATE/UT,Odisha
03_District_wise_crimes_committed_against_children_2013.csv,STATE/UT,Punjab
03_District_wise_crimes_committed_against_children_2013.csv,STATE/UT,Rajasthan
03_District_wise_crimes_committed_against_children_2013.csv,STATE/UT,Sikkim
03_District_wise_crimes_committed_against_children_2013.csv,STATE/UT,Tamil Nadu
03_District_wise_crimes_committed_against_children_2013.csv,STATE/UT,Tripura
03_District_wise_crimes_committed_against_children_2013.csv,STATE/UT,Uttar Pradesh
03_District_wise_crimes_committed_against_children_2013.csv,STATE/UT,Uttarakhand
03_District_wise_crimes_committed_against_children_2013.csv,STATE/UT,West Bengal
03_District_wise_crimes_committed_against_children_2013.csv,STATE/UT,A&N Islands
03_District_wise_crimes_committed_against_children_2013.csv,STATE/UT,Chandigarh
03_District_wise_crimes_committed_against_children_2013.csv,STATE/UT,D&N Haveli
03_District_wise_crimes_committed_against_children_2013.csv,STATE/UT,Daman & Diu
03_District_wise_crimes_committed_against_children_2013.csv,STATE/UT,Delhi UT
03_District_wise_crimes_committed_against_children_2013.csv,STATE/UT,Lakshadweep
03_District_wise_crimes_committed_against_children_2013.csv,STATE/UT,Puducherry
03_Persons_arrested_and_their_disposal_by_police_and_court_under_crime_against_children_2012.csv,STATE/UT,ANDHRA PRADESH
03_Persons_arrested_and_their_disposal_by_police_and_court_under_crime_against_children_2012.csv,STATE/UT,ARUNACHAL PRADESH
03_Persons_arrested_and_their_disposal_by_police_and_court_under_crime_against_children_2012.csv,STATE/UT,ASSAM
03_Persons_arrested_and_their_disposal_by_police_and_court_under_crime_against_children_2012.csv,STATE/UT,BIHAR
03_Persons_arrested_and_their_disposal_by_police_and_court_under_crime_against_children_2012.csv,STATE/UT,CHHATTISGARH
03_Persons_arrested_and_their_disposal_by_police_and_court_under_crime_against_children_2012.csv,STATE/UT,GOA
03_Persons_arrested_and_their_disposal_by_police_and_court_under_crime_against_children_2012.csv,STATE/UT,GUJARAT
03_Persons_arrested_and_their_disposal_by_police_and_court_under_crime_against_children_2012.csv,STATE/UT,HARYANA
03_Persons_arrested_and_their_disposal_by_police_and_court_under_crime_against_children_2012.csv,STATE/UT,HIMACHAL PRADESH
03_Persons_arrested_and_their_disposal_by_police_and_court_under_crime_against_children_2012.csv,STATE/UT,JAMMU & KASHMIR
03_Persons_arrested_and_their_disposal_by_police_and_court_under_crime_against_children_2012.csv,STATE/UT,JHARKHAND
03_Persons_arrested_and_their_disposal_by_police_and_court_under_crime_against_children_2012.csv,STATE/UT,KARNATAKA
03_Persons_arrested_and_their_disposal_by_police_and_court_under_crime_against_children_2012.csv,STATE/UT,KERALA
03_Persons_arrested_and_their_disposal_by_police_and_court_under_crime_against_children_2012.csv,STATE/UT,MADHYA PRADESH
03_Persons_arrested_and_their_disposal_by_police_and_court_under_crime_against_children_2012.csv,STATE/UT,MAHARASHTRA
03_Persons_arrested_and_their_disposal_by_police_and_court_under_crime_against_children_2012.csv,STATE/UT,MANIPUR
03_Persons_arrested_and_their_disposal_by_police_and_court_under_crime_against_children_2012.csv,STATE/UT,MEGHALAYA
03_Persons_arrested_and_their_disposal_by_police_and_court_under_crime_against_children_2012.csv,STATE/UT,MIZORAM
03_Persons_arrested_and_their_disposal_by_police_and_court_under_crime_against_children_2012.csv,STATE/UT,NAGALAND
03_Persons_arrested_and_their_disposal_by_police_and_court_under_crime_against_children_2012.csv,STATE/UT,ODISHA
03_Persons_arrested_and_their_disposal_by_police_and_court_under_crime_against_children_2012.csv,STATE/UT,PUNJAB
03_Persons_arrested_and_their_disposal_by_police_and_court_under_crime_against_children_2012.csv,STATE/UT,RAJASTHAN
03_Persons_arrested_and_their_disposal_by_police_and_court_under_crime_against_children_2012.csv,STATE/UT,SIKKIM
03_Persons_arrested_and_their_disposal_by_police_and_court_under_crime_against_children_2012.csv,STATE/UT,TAMIL NADU
03_Persons_arrested_and_their_disposal_by_police_and_court_under_crime_against_children_2012.csv,STATE/UT,TRIPURA
03_Persons_arrested_and_their_disposal_by_police_and_court_under_crime_against_children_2012.csv,STATE/UT,UTTAR PRADESH
03_Persons_arrested_and_their_disposal_by_police_and_court_under_crime_against_children_2012.csv,STATE/UT,UTTARAKHAND
03_Persons_arrested_and_their_disposal_by_police_and_court_under_crime_against_children_2012.csv,STATE/UT,WEST BENGAL
03_Persons_arrested_and_their_disposal_by_police_and_court_under_crime_against_children_2012.csv,STATE/UT,TOTAL (STATES)
03_Persons_arrested_and_their_disposal_by_police_and_court_under_crime_against_children_2012.csv,STATE/UT,A & N ISLANDS
03_Persons_arrested_and_their_disposal_by_police_and_court_under_crime_against_children_2012.csv,STATE/UT,CHANDIGARH
03_Persons_arrested_and_their_disposal_by_police_and_court_under_crime_against_children_2012.csv,STATE/UT,D & N HAVELI
03_Persons_arrested_and_their_disposal_by_police_and_court_under_crime_against_children_2012.csv,STATE/UT,DAMAN & DIU
03_Persons_arrested_and_their_disposal_by_police_and_court_under_crime_against_children_2012.csv,STATE/UT,DELHI
03_Persons_arrested_and_their_disposal_by_police_and_court_under_crime_against_children_2012.csv,STATE/UT,LAKSHADWEEP
03_Persons_arrested_and_their_disposal_by_police_and_court_under_crime_against_children_2012.csv,STATE/UT,PUDUCHERRY
03_Persons_arrested_and_their_disposal_by_police_and_court_under_crime_against_children_2012.csv,STATE/UT,TOTAL (UTs)
03_Persons_arrested_and_their_disposal_by_police_and_court_under_crime_against_children_2012.csv,STATE/UT,TOTAL (ALL-INDIA)
03_Persons_arrested_and_their_disposal_by_police_and_court_under_crime_against_children_2013.csv,STATE/UT,Andhra Pradesh
03_Persons_arrested_and_their_disposal_by_police_and_court_under_crime_against_children_2013.csv,STATE/UT,Arunachal Pradesh
03_Persons_arrested_and_their_disposal_by_police_and_court_under_crime_against_children_2013.csv,STATE/UT,Assam
03_Persons_arrested_and_their_disposal_by_police_and_court_under_crime_against_children_2013.csv,STATE/UT,Bihar
03_Persons_arrested_and_their_disposal_by_police_and_court_under_crime_against_children_2013.csv,STATE/UT,Chhattisgarh
03_Persons_arrested_and_their_disposal_by_police_and_court_under_crime_against_children_2013.csv,STATE/UT,Goa
03_Persons_arrested_and_their_disposal_by_police_and_court_under_crime_against_children_2013.csv,STATE/UT,Gujarat
03_Persons_arrested_and_their_disposal_by_police_and_court_under_crime_against_children_2013.csv,STATE/UT,Haryana
03_Persons_arrested_and_their_disposal_by_police_and_court_under_crime_against_children_2013.csv,STATE/UT,Himachal Pradesh
03_Persons_arrested_and_their_disposal_by_police_and_court_under_crime_against_children_2013.csv,STATE/UT,Jammu & Kashmir
03_Persons_arrested_and_their_disposal_by_police_and_court_under_crime_against_children_2013.csv,STATE/UT,Jharkhand
03_Persons_arrested_and_their_disposal_by_police_and_court_under_crime_against_children_2013.csv,STATE/UT,Karnataka
03_Persons_arrested_and_their_disposal_by_police_and_court_under_crime_against_children_2013.csv,STATE/UT,Kerala
03_Persons_arrested_and_their_disposal_by_police_and_court_under_crime_against_children_2013.csv,STATE/UT,Madhya Pradesh
03_Persons_arrested_and_their_disposal_by_police_and_court_under_crime_against_children_2013.csv,STATE/UT,Maharashtra
03_Persons_arrested_and_their_disposal_by_police_and_court_under_crime_against_children_2013.csv,STATE/UT,Manipur
03_Persons_arrested_and_their_disposal_by_police_and_court_under_crime_against_children_2013.csv,STATE/UT,Meghalaya
03_Persons_arrested_and_their_disposal_by_police_and_court_under_crime_against_children_2013.csv,STATE/UT,Mizoram
03_Persons_arrested_and_their_disposal_by_police_and_court_under_crime_against_children_2013.csv,STATE/UT,Nagaland
03_Persons_arrested_and_their_disposal_by_police_and_court_under_crime_against_children_2013.csv,STATE/UT,Odisha
03_Persons_arrested_and_their_disposal_by_police_and_court_under_crime_against_children_2013.csv,STATE/UT,Punjab
03_Persons_arrested_and_their_disposal_by_police_and_court_under_crime_against_children_2013.csv,STATE/UT,Rajasthan
03_Persons_arrested_and_their_disposal_by_police_and_court_under_crime_against_children_2013.csv,STATE/UT,Sikkim
03_Persons_arrested_and_their_disposal_by_police_and_court_under_crime_against_children_2013.csv,STATE/UT,Tamil Nadu
03_Persons_arrested_and_their_disposal_by_police_and_court_under_crime_against_children_2013.csv,STATE/UT,Tripura
03_Persons_arrested_and_their_disposal_by_police_and_court_under_crime_against_children_2013.csv,STATE/UT,Uttar Pradesh
03_Persons_arrested_and_their_disposal_by_police_and_court_under_crime_against_children_2013.csv,STATE/UT,Uttarakhand
03_Persons_arrested_and_their_disposal_by_police_and_court_under_crime_against_children_2013.csv,STATE/UT,West Bengal
03_Persons_arrested_and_their_disposal_by_police_and_court_under_crime_against_children_2013.csv,STATE/UT,Total (State)
03_Persons_arrested_and_their_disposal_by_police_and_court_under_crime_against_children_2013.csv,STATE/UT,A&N Islands
03_Persons_arrested_and_their_disposal_by_police_and_court_under_crime_against_children_2013.csv,STATE/UT,Chandigarh
03_Persons_arrested_and_their_disposal_by_police_and_court_under_crime_against_children_2013.csv,STATE/UT,D&N Haveli
03_Persons_arrested_and_their_disposal_by_police_and_court_under_crime_against_children_2013.csv,STATE/UT,Daman & Diu
03_Persons_arrested_and_their_disposal_by_police_and_court_under_crime_against_children_2013.csv,STATE/UT,Delhi UT
03_Persons_arrested_and_their_disposal_by_police_and_court_under_crime_against_children_2013.csv,STATE/UT,Lakshadweep
03_Persons_arrested_and_their_disposal_by_police_and_court_under_crime_against_children_2013.csv,STATE/UT,Puducherry
03_Persons_arrested_and_their_disposal_by_police_and_court_under_crime_against_children_2013.csv,STATE/UT,Total (UTs)
03_Persons_arrested_and_their_disposal_by_police_and_court_under_crime_against_children_2013.csv,STATE/UT,Total (All-India)
03_Persons_arrested_and_their_disposal_by_police_and_court_under_crime_against_children_2014.csv,States/UTs,Andhra Pradesh
03_Persons_arrested_and_their_disposal_by_police_and_court_under_crime_against_children_2014.csv,States/UTs,Arunachal Pradesh
03_Persons_arrested_and_their_disposal_by_police_and_court_under_crime_against_children_2014.csv,States/UTs,Assam
03_Persons_arrested_and_their_disposal_by_police_and_court_under_crime_against_children_2014.csv,States/UTs,Bihar
03_Persons_arrested_and_their_disposal_by_police_and_court_under_crime_against_children_2014.csv,States/UTs,Chhattisgarh
03_Persons_arrested_and_their_disposal_by_police_and_court_under_crime_against_children_2014.csv,States/UTs,Goa
03_Persons_arrested_and_their_disposal_by_police_and_court_under_crime_against_children_2014.csv,States/UTs,Gujarat
03_Persons_arrested_and_their_disposal_by_police_and_court_under_crime_against_children_2014.csv,States/UTs,Haryana
03_Persons_arrested_and_their_disposal_by_police_and_court_under_crime_against_children_2014.csv,States/UTs,Himachal Pradesh
03_Persons_arrested_and_their_disposal_by_police_and_court_under_crime_against_children_2014.csv,States/UTs,Jammu & Kashmir
03_Persons_arrested_and_their_disposal_by_police_and_court_under_crime_against_children_2014.csv,States/UTs,Jharkhand
03_Persons_arrested_and_their_disposal_by_police_and_court_under_crime_against_children_2014.csv,States/UTs,Karnataka
03_Persons_arrested_and_their_disposal_by_police_and_court_under_crime_against_children_2014.csv,States/UTs,Kerala
03_Persons_arrested_and_their_disposal_by_police_and_court_under_crime_against_children_2014.csv,States/UTs,Madhya Pradesh
03_Persons_arrested_and_their_disposal_by_police_and_court_under_crime_against_children_2014.csv,States/UTs,Maharashtra
03_Persons_arrested_and_their_disposal_by_police_and_court_under_crime_against_children_2014.csv,States/UTs,Manipur
03_Persons_arrested_and_their_disposal_by_police_and_court_under_crime_against_children_2014.csv,States/UTs,Meghalaya
03_Persons_arrested_and_their_disposal_by_police_and_court_under_crime_against_children_2014.csv,States/UTs,Mizoram
03_Persons_arrested_and_their_disposal_by_police_and_court_under_crime_against_children_2014.csv,States/UTs,Nagaland
03_Persons_arrested_and_their_disposal_by_police_and_court_under_crime_against_children_2014.csv,States/UTs,Odisha
03_Persons_arrested_and_their_disposal_by_police_and_court_under_crime_against_children_2014.csv,States/UTs,Punjab
03_Persons_arrested_and_their_disposal_by_police_and_court_under_crime_against_children_2014.csv,States/UTs,Rajasthan
03_Persons_arrested_and_their_disposal_by_police_and_court_under_crime_against_children_2014.csv,States/UTs,Sikkim
03_Persons_arrested_and_their_disposal_by_police_and_court_under_crime_against_children_2014.csv,States/UTs,Tamil Nadu
03_Persons_arrested_and_their_disposal_by_police_and_court_under_crime_against_children_2014.csv,States/UTs,Telangana
03_Persons_arrested_and_their_disposal_by_police_and_court_under_crime_against_children_2014.csv,States/UTs,Tripura
03_Persons_arrested_and_their_disposal_by_police_and_court_under_crime_against_children_2014.csv,States/UTs,Uttar Pradesh
03_Persons_arrested_and_their_disposal_by_police_and_court_under_crime_against_children_2014.csv,States/UTs,Uttarakhand
03_Persons_arrested_and_their_disposal_by_police_and_court_under_crime_against_children_2014.csv,States/UTs,West Bengal
03_Persons_arrested_and_their_disposal_by_police_and_court_under_crime_against_children_2014.csv,States/UTs,A & N Islands
03_Persons_arrested_and_their_disposal_by_police_and_court_under_crime_against_children_2014.csv,States/UTs,Chandigarh
03_Persons_arrested_and_their_disposal_by_police_and_court_under_crime_against_children_2014.csv,States/UTs,D&N Haveli
03_Persons_arrested_and_their_disposal_by_police_and_court_under_crime_against_children_2014.csv,States/UTs,Daman & Diu
03_Persons_arrested_and_their_disposal_by_police_and_court_under_crime_against_children_2014.csv,States/UTs,Delhi UT
03_Persons_arrested_and_their_disposal_by_police_and_court_under_crime_against_children_2014.csv,States/UTs,Lakshadweep
03_Persons_arrested_and_their_disposal_by_police_and_court_under_crime_against_children_2014.csv,States/UTs,Puducherry
03_Persons_arrested_and_their_disposal_by_police_and_court_under_crime_against_children_2014.csv,States/UTs,Total (States)
03_Persons_arrested_and_their_disposal_by_police_and_court_under_crime_against_children_2014.csv,States/UTs,Total (UTs)
03_Persons_arrested_and_their_disposal_by_police_and_court_under_crime_against_children_2014.csv,States/UTs,Total (All India)
04_01_Person_arrested_and_their_disposal_by_police_and_court_SLL_crime_2012.csv,STATE/UT,ANDHRA PRADESH
04_01_Person_arrested_and_their_disposal_by_police_and_court_SLL_crime_2012.csv,STATE/UT,ARUNACHAL PRADESH
04_01_Person_arrested_and_their_disposal_by_police_and_court_SLL_crime_2012.csv,STATE/UT,ASSAM
04_01_Person_arrested_and_their_disposal_by_police_and_court_SLL_crime_2012.csv,STATE/UT,BIHAR
04_01_Person_arrested_and_their_disposal_by_police_and_court_SLL_crime_2012.csv,STATE/UT,CHHATTISGARH
04_01_Person_arrested_and_their_disposal_by_police_and_court_SLL_crime_2012.csv,STATE/UT,GOA
04_01_Person_arrested_and_their_disposal_by_police_and_court_SLL_crime_2012.csv,STATE/UT,GUJARAT
04_01_Person_arrested_and_their_disposal_by_police_and_court_SLL_crime_2012.csv,STATE/UT,HARYANA
04_01_Person_arrested_and_their_disposal_by_police_and_court_SLL_crime_2012.csv,STATE/UT,HIMACHAL PRADESH
04_01_Person_arrested_and_their_disposal_by_police_and_court_SLL_crime_2012.csv,STATE/UT,JAMMU & KASHMIR
04_01_Person_arrested_and_their_disposal_by_police_and_court_SLL_crime_2012.csv,STATE/UT,JHARKHAND
04_01_Person_arrested_and_their_disposal_by_police_and_court_SLL_crime_2012.csv,STATE/UT,KARNATAKA
04_01_Person_arrested_and_their_disposal_by_police_and_court_SLL_crime_2012.csv,STATE/UT,KERALA
04_01_Person_arrested_and_their_disposal_by_police_and_court_SLL_crime_2012.csv,STATE/UT,MADHYA PRADESH
04_01_Person_arrested_and_their_disposal_by_police_and_court_SLL_crime_2012.csv,STATE/UT,MAHARASHTRA
04_01_Person_arrested_and_their_disposal_by_police_and_court_SLL_crime_2012.csv,STATE/UT,MANIPUR
04_01_Person_arrested_and_their_disposal_by_police_and_court_SLL_crime_2012.csv,STATE/UT,MEGHALAYA
04_01_Person_arrested_and_their_disposal_by_police_and_court_SLL_crime_2012.csv,STATE/UT,MIZORAM
04_01_Person_arrested_and_their_disposal_by_police_and_court_SLL_crime_2012.csv,STATE/UT,NAGALAND
04_01_Person_arrested_and_their_disposal_by_police_and_court_SLL_crime_2012.csv,STATE/UT,ODISHA
04_01_Person_arrested_and_their_disposal_by_police_and_court_SLL_crime_2012.csv,STATE/UT,PUNJAB
04_01_Person_arrested_and_their_disposal_by_police_and_court_SLL_crime_2012.csv,STATE/UT,RAJASTHAN
04_01_Person_arrested_and_their_disposal_by_police_and_court_SLL_crime_2012.csv,STATE/UT,SIKKIM
04_01_Person_arrested_and_their_disposal_by_police_and_court_SLL_crime_2012.csv,STATE/UT,TAMIL NADU
04_01_Person_arrested_and_their_disposal_by_police_and_court_SLL_crime_2012.csv,STATE/UT,TRIPURA
04_01_Person_arrested_and_their_disposal_by_police_and_court_SLL_crime_2012.csv,STATE/UT,UTTAR PRADESH
04_01_Person_arrested_and_their_disposal_by_police_and_court_SLL_crime_2012.csv,STATE/UT,UTTARAKHAND
04_01_Person_arrested_and_their_disposal_by_police_and_court_SLL_crime_2012.csv,STATE/UT,WEST BENGAL
04_01_Person_arrested_and_their_disposal_by_police_and_court_SLL_crime_2012.csv,STATE/UT,TOTAL (STATES)
04_01_Person_arrested_and_their_disposal_by_police_and_court_SLL_crime_2012.csv,STATE/UT,A & N ISLANDS
04_01_Person_arrested_and_their_disposal_by_police_and_court_SLL_crime_2012.csv,STATE/UT,CHANDIGARH
04_01_Person_arrested_and_their_disposal_by_police_and_court_SLL_crime_2012.csv,STATE/UT,D & N HAVELI
04_01_Person_arrested_and_their_disposal_by_police_and_court_SLL_crime_2012.csv,STATE/UT,DAMAN & DIU
04_01_Person_arrested_and_their_disposal_by_police_and_court_SLL_crime_2012.csv,STATE/UT,DELHI
04_01_Person_arrested_and_their_disposal_by_police_and_court_SLL_crime_2012.csv,STATE/UT,LAKSHADWEEP
04_01_Person_arrested_and_their_disposal_by_police_and_court_SLL_crime_2012.csv,STATE/UT,PUDUCHERRY
04_01_Person_arrested_and_their_disposal_by_police_and_court_SLL_crime_2012.csv,STATE/UT,TOTAL (UTs)
04_01_Person_arrested_and_their_disposal_by_police_and_court_SLL_crime_2012.csv,STATE/UT,TOTAL (ALL-INDIA)
04_01_Person_arrested_and_their_disposal_by_police_and_court_SLL_crime_2013.csv,STATE/UT,Andhra Pradesh
04_01_Person_arrested_and_their_disposal_by_police_and_court_SLL_crime_2013.csv,STATE/UT,Arunachal Pradesh
04_01_Person_arrested_and_their_disposal_by_police_and_court_SLL_crime_2013.csv,STATE/UT,Assam
04_01_Person_arrested_and_their_disposal_by_police_and_court_SLL_crime_2013.csv,STATE/UT,Bihar
04_01_Person_arrested_and_their_disposal_by_police_and_court_SLL_crime_2013.csv,STATE/UT,Chhattisgarh
04_01_Person_arrested_and_their_disposal_by_police_and_court_SLL_crime_2013.csv,STATE/UT,Goa
04_01_Person_arrested_and_their_disposal_by_police_and_court_SLL_crime_2013.csv,STATE/UT,Gujarat
04_01_Person_arrested_and_their_disposal_by_police_and_court_SLL_crime_2013.csv,STATE/UT,Haryana
04_01_Person_arrested_and_their_disposal_by_police_and_court_SLL_crime_2013.csv,STATE/UT,Himachal Pradesh
04_01_Person_arrested_and_their_disposal_by_police_and_court_SLL_crime_2013.csv,STATE/UT,Jammu & Kashmir
04_01_Person_arrested_and_their_disposal_by_police_and_court_SLL_crime_2013.csv,STATE/UT,Jharkhand
04_01_Person_arrested_and_their_disposal_by_police_and_court_SLL_crime_2013.csv,STATE/UT,Karnataka
04_01_Person_arrested_and_their_disposal_by_police_and_court_SLL_crime_2013.csv,STATE/UT,Kerala
04_01_Person_arrested_and_their_disposal_by_police_and_court_SLL_crime_2013.csv,STATE/UT,Madhya Pradesh
04_01_Person_arrested_and_their_disposal_by_police_and_court_SLL_crime_2013.csv,STATE/UT,Maharashtra
04_01_Person_arrested_and_their_disposal_by_police_and_court_SLL_crime_2013.csv,STATE/UT,Manipur
04_01_Person_arrested_and_their_disposal_by_police_and_court_SLL_crime_2013.csv,STATE/UT,Meghalaya
04_01_Person_arrested_and_their_disposal_by_police_and_court_SLL_crime_2013.csv,STATE/UT,Mizoram
04_01_Person_arrested_and_their_disposal_by_police_and_court_SLL_crime_2013.csv,STATE/UT,Nagaland
04_01_Person_arrested_and_their_disposal_by_police_and_court_SLL_crime_2013.csv,STATE/UT,Odisha
04_01_Person_arrested_and_their_disposal_by_police_and_court_SLL_crime_2013.csv,STATE/UT,Punjab
04_01_Person_arrested_and_their_disposal_by_police_and_court_SLL_crime_2013.csv,STATE/UT,Rajasthan
04_01_Person_arrested_and_their_disposal_by_police_and_court_SLL_crime_2013.csv,STATE/UT,Sikkim
04_01_Person_arrested_and_their_disposal_by_police_and_court_SLL_crime_2013.csv,STATE/UT,Tamil Nadu
04_01_Person_arrested_and_their_disposal_by_police_and_court_SLL_crime_2013.csv,STATE/UT,Tripura
04_01_Person_arrested_and_their_disposal_by_police_and_court_SLL_crime_2013.csv,STATE/UT,Uttar Pradesh
04_01_Person_arrested_and_their_disposal_by_police_and_court_SLL_crime_2013.csv,STATE/UT,Uttarakhand
04_01_Person_arrested_and_their_disposal_by_police_and_court_SLL_crime_2013.csv,STATE/UT,West Bengal
04_01_Person_arrested_and_their_disposal_by_police_and_court_SLL_crime_2013.csv,STATE/UT,Total (State)
04_01_Person_arrested_and_their_disposal_by_police_and_court_SLL_crime_2013.csv,STATE/UT,A&N Islands
04_01_Person_arrested_and_their_disposal_by_police_and_court_SLL_crime_2013.csv,STATE/UT,Chandigarh
04_01_Person_arrested_and_their_disposal_by_police_and_court_SLL_crime_2013.csv,STATE/UT,D&N Haveli
04_01_Person_arrested_and_their_disposal_by_police_and_court_SLL_crime_2013.csv,STATE/UT,Daman & Diu
04_01_Person_arrested_and_their_disposal_by_police_and_court_SLL_crime_2013.csv,STATE/UT,Delhi UT
04_01_Person_arrested_and_their_disposal_by_police_and_court_SLL_crime_2013.csv,STATE/UT,Lakshadweep
04_01_Person_arrested_and_their_disposal_by_police_and_court_SLL_crime_2013.csv,STATE/UT,Puducherry
04_01_Person_arrested_and_their_disposal_by_police_and_court_SLL_crime_2013.csv,STATE/UT,Total (UTs)
04_01_Person_arrested_and_their_disposal_by_police_and_court_SLL_crime_2013.csv,STATE/UT,Total (All-India)
04_01_Person_arrested_and_their_disposal_by_police_and_court_SLL_crime_2014.csv,States/UTs,Andhra Pradesh
04_01_Person_arrested_and_their_disposal_by_police_and_court_SLL_crime_2014.csv,States/UTs,Arunachal Pradesh
04_01_Person_arrested_and_their_disposal_by_police_and_court_SLL_crime_2014.csv,States/UTs,Assam
04_01_Person_arrested_and_their_disposal_by_police_and_court_SLL_crime_2014.csv,States/UTs,Bihar
04_01_Person_arrested_and_their_disposal_by_police_and_court_SLL_crime_2014.csv,States/UTs,Chhattisgarh
04_01_Person_arrested_and_their_disposal_by_police_and_court_SLL_crime_2014.csv,States/UTs,Goa
04_01_Person_arrested_and_their_disposal_by_police_and_court_SLL_crime_2014.csv,States/UTs,Gujarat
04_01_Person_arrested_and_their_disposal_by_police_and_court_SLL_crime_2014.csv,States/UTs,Haryana
04_01_Person_arrested_and_their_disposal_by_police_and_court_SLL_crime_2014.csv,States/UTs,Himachal Pradesh
04_01_Person_arrested_and_their_disposal_by_police_and_court_SLL_crime_2014.csv,States/UTs,Jammu & Kashmir
04_01_Person_arrested_and_their_disposal_by_police_and_court_SLL_crime_2014.csv,States/UTs,Jharkhand
04_01_Person_arrested_and_their_disposal_by_police_and_court_SLL_crime_2014.csv,States/UTs,Karnataka
04_01_Person_arrested_and_their_disposal_by_police_and_court_SLL_crime_2014.csv,States/UTs,Kerala
04_01_Person_arrested_and_their_disposal_by_police_and_court_SLL_crime_2014.csv,States/UTs,Madhya Pradesh
04_01_Person_arrested_and_their_disposal_by_police_and_court_SLL_crime_2014.csv,States/UTs,Maharashtra
04_01_Person_arrested_and_their_disposal_by_police_and_court_SLL_crime_2014.csv,States/UTs,Manipur
04_01_Person_arrested_and_their_disposal_by_police_and_court_SLL_crime_2014.csv,States/UTs,Meghalaya
04_01_Person_arrested_and_their_disposal_by_police_and_court_SLL_crime_2014.csv,States/UTs,Mizoram
04_01_Person_arrested_and_their_disposal_by_police_and_court_SLL_crime_2014.csv,States/UTs,Nagaland
04_01_Person_arrested_and_their_disposal_by_police_and_court_SLL_crime_2014.csv,States/UTs,Odisha
04_01_Person_arrested_and_their_disposal_by_police_and_court_SLL_crime_2014.csv,States/UTs,Punjab
04_01_Person_arrested_and_their_disposal_by_police_and_court_SLL_crime_2014.csv,States/UTs,Rajasthan
04_01_Person_arrested_and_their_disposal_by_police_and_court_SLL_crime_2014.csv,States/UTs,Sikkim
04_01_Person_arrested_and_their_disposal_by_police_and_court_SLL_crime_2014.csv,States/UTs,Tamil Nadu
04_01_Person_arrested_and_their_disposal_by_police_and_court_SLL_crime_2014.csv,States/UTs,Telangana
04_01_Person_arrested_and_their_disposal_by_police_and_court_SLL_crime_2014.csv,States/UTs,Tripura
04_01_Person_arrested_and_their_disposal_by_police_and_court_SLL_crime_2014.csv,States/UTs,Uttar Pradesh
04_01_Person_arrested_and_their_disposal_by_police_and_court_SLL_crime_2014.csv,States/UTs,Uttarakhand
04_01_Person_arrested_and_their_disposal_by_police_and_court_SLL_crime_2014.csv,States/UTs,West Bengal
04_01_Person_arrested_and_their_disposal_by_police_and_court_SLL_crime_2014.csv,States/UTs,A & N Islands
04_01_Person_arrested_and_their_disposal_by_police_and_court_SLL_crime_2014.csv,States/UTs,Chandigarh
04_01_Person_arrested_and_their_disposal_by_police_and_court_SLL_crime_2014.csv,States/UTs,D&N Haveli
04_01_Person_arrested_and_their_disposal_by_police_and_court_SLL_crime_2014.csv,States/UTs,Daman & Diu
04_01_Person_arrested_and_their_disposal_by_police_and_court_SLL_crime_2014.csv,States/UTs,Delhi UT
04_01_Person_arrested_and_their_disposal_by_police_and_court_SLL_crime_2014.csv,States/UTs,Lakshadweep
04_01_Person_arrested_and_their_disposal_by_police_and_court_SLL_crime_2014.csv,States/UTs,Puducherry
04_01_Person_arrested_and_their_disposal_by_police_and_court_SLL_crime_2014.csv,States/UTs,Total (States)
04_01_Person_arrested_and_their_disposal_by_police_and_court_SLL_crime_2014.csv,States/UTs,Total (UTs)
04_01_Person_arrested_and_their_disposal_by_police_and_court_SLL_crime_2014.csv,States/UTs,Total (All India)
04_02_Person_arrested_and_their_disposal_by_police_and_court_IPC_crime_2012.csv,STATE/UT,ANDHRA PRADESH
04_02_Person_arrested_and_their_disposal_by_police_and_court_IPC_crime_2012.csv,STATE/UT,ARUNACHAL PRADESH
04_02_Person_arrested_and_their_disposal_by_police_and_court_IPC_crime_2012.csv,STATE/UT,ASSAM
04_02_Person_arrested_and_their_disposal_by_police_and_court_IPC_crime_2012.csv,STATE/UT,BIHAR
04_02_Person_arrested_and_their_disposal_by_police_and_court_IPC_crime_2012.csv,STATE/UT,CHHATTISGARH
04_02_Person_arrested_and_their_disposal_by_police_and_court_IPC_crime_2012.csv,STATE/UT,GOA
04_02_Person_arrested_and_their_disposal_by_police_and_court_IPC_crime_2012.csv,STATE/UT,GUJARAT
04_02_Person_arrested_and_their_disposal_by_police_and_court_IPC_crime_2012.csv,STATE/UT,HARYANA
04_02_Person_arrested_and_their_disposal_by_police_and_court_IPC_crime_2012.csv,STATE/UT,HIMACHAL PRADESH
04_02_Person_arrested_and_their_disposal_by_police_and_court_IPC_crime_2012.csv,STATE/UT,JAMMU & KASHMIR
04_02_Person_arrested_and_their_disposal_by_police_and_court_IPC_crime_2012.csv,STATE/UT,JHARKHAND
04_02_Person_arrested_and_their_disposal_by_police_and_court_IPC_crime_2012.csv,STATE/UT,KARNATAKA
04_02_Person_arrested_and_their_disposal_by_police_and_court_IPC_crime_2012.csv,STATE/UT,KERALA
04_02_Person_arrested_and_their_disposal_by_police_and_court_IPC_crime_2012.csv,STATE/UT,MADHYA PRADESH
04_02_Person_arrested_and_their_disposal_by_police_and_court_IPC_crime_2012.csv,STATE/UT,MAHARASHTRA
04_02_Person_arrested_and_their_disposal_by_police_and_court_IPC_crime_2012.csv,STATE/UT,MANIPUR
04_02_Person_arrested_and_their_disposal_by_police_and_court_IPC_crime_2012.csv,STATE/UT,MEGHALAYA
04_02_Person_arrested_and_their_disposal_by_police_and_court_IPC_crime_2012.csv,STATE/UT,MIZORAM
04_02_Person_arrested_and_their_disposal_by_police_and_court_IPC_crime_2012.csv,STATE/UT,NAGALAND
04_02_Person_arrested_and_their_disposal_by_police_and_court_IPC_crime_2012.csv,STATE/UT,ODISHA
04_02_Person_arrested_and_their_disposal_by_police_and_court_IPC_crime_2012.csv,STATE/UT,PUNJAB
04_02_Person_arrested_and_their_disposal_by_police_and_court_IPC_crime_2012.csv,STATE/UT,RAJASTHAN
04_02_Person_arrested_and_their_disposal_by_police_and_court_IPC_crime_2012.csv,STATE/UT,SIKKIM
04_02_Person_arrested_and_their_disposal_by_police_and_court_IPC_crime_2012.csv,STATE/UT,TAMIL NADU
04_02_Person_arrested_and_their_disposal_by_police_and_court_IPC_crime_2012.csv,STATE/UT,TRIPURA
04_02_Person_arrested_and_their_disposal_by_police_and_court_IPC_crime_2012.csv,STATE/UT,UTTAR PRADESH
04_02_Person_arrested_and_their_disposal_by_police_and_court_IPC_crime_2012.csv,STATE/UT,UTTARAKHAND
04_02_Person_arrested_and_their_disposal_by_police_and_court_IPC_crime_2012.csv,STATE/UT,WEST BENGAL
04_02_Person_arrested_and_their_disposal_by_police_and_court_IPC_crime_2012.csv,STATE/UT,TOTAL (STATES)
04_02_Person_arrested_and_their_disposal_by_police_and_court_IPC_crime_2012.csv,STATE/UT,A & N ISLANDS
04_02_Person_arrested_and_their_disposal_by_police_and_court_IPC_crime_2012.csv,STATE/UT,CHANDIGARH
04_02_Person_arrested_and_their_disposal_by_police_and_court_IPC_crime_2012.csv,STATE/UT,D & N HAVELI
04_02_Person_arrested_and_their_disposal_by_police_and_court_IPC_crime_2012.csv,STATE/UT,DAMAN & DIU
04_02_Person_arrested_and_their_disposal_by_police_and_court_IPC_crime_2012.csv,STATE/UT,DELHI
04_02_Person_arrested_and_their_disposal_by_police_and_court_IPC_crime_2012.csv,STATE/UT,LAKSHADWEEP
04_02_Person_arrested_and_their_disposal_by_police_and_court_IPC_crime_2012.csv,STATE/UT,PUDUCHERRY
04_02_Person_arrested_and_their_disposal_by_police_and_court_IPC_crime_2012.csv,STATE/UT,TOTAL (UTs)
04_02_Person_arrested_and_their_disposal_by_police_and_court_IPC_crime_2012.csv,STATE/UT,TOTAL (ALL-INDIA)
04_02_Person_arrested_and_their_disposal_by_police_and_court_IPC_crime_2013.csv,STATE/UT,Andhra Pradesh
04_02_Person_arrested_and_their_disposal_by_police_and_court_IPC_crime_2013.csv,STATE/UT,Arunachal Pradesh
04_02_Person_arrested_and_their_disposal_by_police_and_court_IPC_crime_2013.csv,STATE/UT,Assam
04_02_Person_arrested_and_their_disposal_by_police_and_court_IPC_crime_2013.csv,STATE/UT,Bihar
04_02_Person_arrested_and_their_disposal_by_police_and_court_IPC_crime_2013.csv,STATE/UT,Chhattisgarh
04_02_Person_arrested_and_their_disposal_by_police_and_court_IPC_crime_2013.csv,STATE/UT,Goa
04_02_Person_arrested_and_their_disposal_by_police_and_court_IPC_crime_2013.csv,STATE/UT,Gujarat
04_02_Person_arrested_and_their_disposal_by_police_and_court_IPC_crime_2013.csv,STATE/UT,Haryana
04_02_Person_arrested_and_their_disposal_by_police_and_court_IPC_crime_2013.csv,STATE/UT,Himachal Pradesh
04_02_Person_arrested_and_their_disposal_by_police_and_court_IPC_crime_2013.csv,STATE/UT,Jammu & Kashmir
04_02_Person_arrested_and_their_disposal_by_police_and_court_IPC_crime_2013.csv,STATE/UT,Jharkhand
04_02_Person_arrested_and_their_disposal_by_police_and_court_IPC_crime_2013.csv,STATE/UT,Karnataka
04_02_Person_arrested_and_their_disposal_by_police_and_court_IPC_crime_2013.csv,STATE/UT,Kerala
04_02_Person_arrested_and_their_disposal_by_police_and_court_IPC_crime_2013.csv,STATE/UT,Madhya Pradesh
04_02_Person_arrested_and_their_disposal_by_police_and_court_IPC_crime_2013.csv,STATE/UT,Maharashtra
04_02_Person_arrested_and_their_disposal_by_police_and_court_IPC_crime_2013.csv,STATE/UT,Manipur
04_02_Person_arrested_and_their_disposal_by_police_and_court_IPC_crime_2013.csv,STATE/UT,Meghalaya
04_02_Person_arrested_and_their_disposal_by_police_and_court_IPC_crime_2013.csv,STATE/UT,Mizoram
04_02_Person_arrested_and_their_disposal_by_police_and_court_IPC_crime_2013.csv,STATE/UT,Nagaland
04_02_Person_arrested_and_their_disposal_by_police_and_court_IPC_crime_2013.csv,STATE/UT,Odisha
04_02_Person_arrested_and_their_disposal_by_police_and_court_IPC_crime_2013.csv,STATE/UT,Punjab
04_02_Person_arrested_and_their_disposal_by_police_and_court_IPC_crime_2013.csv,STATE/UT,Rajasthan
04_02_Person_arrested_and_their_disposal_by_police_and_court_IPC_crime_2013.csv,STATE/UT,Sikkim
04_02_Person_arrested_and_their_disposal_by_police_and_court_IPC_crime_2013.csv,STATE/UT,Tamil Nadu
04_02_Person_arrested_and_their_disposal_by_police_and_court_IPC_crime_2013.csv,STATE/UT,Tripura
04_02_Person_arrested_and_their_disposal_by_police_and_court_IPC_crime_2013.csv,STATE/UT,Uttar Pradesh
04_02_Person_arrested_and_their_disposal_by_police_and_court_IPC_crime_2013.csv,STATE/UT,Uttarakhand
04_02_Person_arrested_and_their_disposal_by_police_and_court_IPC_crime_2013.csv,STATE/UT,West Bengal
04_02_Person_arrested_and_their_disposal_by_police_and_court_IPC_crime_2013.csv,STATE/UT,Total (State)
04_02_Person_arrested_and_their_disposal_by_police_and_court_IPC_crime_2013.csv,STATE/UT,A&N Islands
04_02_Person_arrested_and_their_disposal_by_police_and_court_IPC_crime_2013.csv,STATE/UT,Chandigarh
04_02_Person_arrested_and_their_disposal_by_police_and_court_IPC_crime_2013.csv,STATE/UT,D&N Haveli
04_02_Person_arrested_and_their_disposal_by_police_and_court_IPC_crime_2013.csv,STATE/UT,Daman & Diu
04_02_Person_arrested_and_their_disposal_by_police_and_court_IPC_crime_2013.csv,STATE/UT,Delhi UT
04_02_Person_arrested_and_their_disposal_by_police_and_court_IPC_crime_2013.csv,STATE/UT,Lakshadweep
04_02_Person_arrested_and_their_disposal_by_police_and_court_IPC_crime_2013.csv,STATE/UT,Puducherry
04_02_Person_arrested_and_their_disposal_by_police_and_court_IPC_crime_2013.csv,STATE/UT,Total (UTs)
04_02_Person_arrested_and_their_disposal_by_police_and_court_IPC_crime_2013.csv,STATE/UT,Total (All-India)
04_02_Person_arrested_and_their_disposal_by_police_and_court_IPC_crime_2014.csv,States/UTs,Andhra Pradesh
04_02_Person_arrested_and_their_disposal_by_police_and_court_IPC_crime_2014.csv,States/UTs,Arunachal Pradesh
04_02_Person_arrested_and_their_disposal_by_police_and_court_IPC_crime_2014.csv,States/UTs,Assam
04_02_Person_arrested_and_their_disposal_by_police_and_court_IPC_crime_2014.csv,States/UTs,Bihar
04_02_Person_arrested_and_their_disposal_by_police_and_court_IPC_crime_2014.csv,States/UTs,Chhattisgarh
04_02_Person_arrested_and_their_disposal_by_police_and_court_IPC_crime_2014.csv,States/UTs,Goa
04_02_Person_arrested_and_their_disposal_by_police_and_court_IPC_crime_2014.csv,States/UTs,Gujarat
04_02_Person_arrested_and_their_disposal_by_police_and_court_IPC_crime_2014.csv,States/UTs,Haryana
04_02_Person_arrested_and_their_disposal_by_police_and_court_IPC_crime_2014.csv,States/UTs,Himachal Pradesh
04_02_Person_arrested_and_their_disposal_by_police_and_court_IPC_crime_2014.csv,States/UTs,Jammu & Kashmir
04_02_Person_arrested_and_their_disposal_by_police_and_court_IPC_crime_2014.csv,States/UTs,Jharkhand
04_02_Person_arrested_and_their_disposal_by_police_and_court_IPC_crime_2014.csv,States/UTs,Karnataka
04_02_Person_arrested_and_their_disposal_by_police_and_court_IPC_crime_2014.csv,States/UTs,Kerala
04_02_Person_arrested_and_their_disposal_by_police_and_court_IPC_crime_2014.csv,States/UTs,Madhya Pradesh
04_02_Person_arrested_and_their_disposal_by_police_and_court_IPC_crime_2014.csv,States/UTs,Maharashtra
04_02_Person_arrested_and_their_disposal_by_police_and_court_IPC_crime_2014.csv,States/UTs,Manipur
04_02_Person_arrested_and_their_disposal_by_police_and_court_IPC_crime_2014.csv,States/UTs,Meghalaya
04_02_Person_arrested_and_their_disposal_by_police_and_court_IPC_crime_2014.csv,States/UTs,Mizoram
04_02_Person_arrested_and_their_disposal_by_police_and_court_IPC_crime_2014.csv,States/UTs,Nagaland
04_02_Person_arrested_and_their_disposal_by_police_and_court_IPC_crime_2014.csv,States/UTs,Odisha
04_02_Person_arrested_and_their_disposal_by_police_and_court_IPC_crime_2014.csv,States/UTs,Punjab
04_02_Person_arrested_and_their_disposal_by_police_and_court_IPC_crime_2014.csv,States/UTs,Rajasthan
04_02_Person_arrested_and_their_disposal_by_police_and_court_IPC_crime_2014.csv,States/UTs,Sikkim
04_02_Person_arrested_and_their_disposal_by_police_and_court_IPC_crime_2014.csv,States/UTs,Tamil Nadu
04_02_Person_arrested_and_their_disposal_by_police_and_court_IPC_crime_2014.csv,States/UTs,Telangana
04_02_Person_arrested_and_their_disposal_by_police_and_court_IPC_crime_2014.csv,States/UTs,Tripura
04_02_Person_arrested_and_their_disposal_by_police_and_court_IPC_crime_2014.csv,States/UTs,Uttar Pradesh
04_02_Person_arrested_and_their_disposal_by_police_and_court_IPC_crime_2014.csv,States/UTs,Uttarakhand
04_02_Person_arrested_and_their_disposal_by_police_and_court_IPC_crime_2014.csv,States/UTs,West Bengal
04_02_Person_arrested_and_their_disposal_by_police_and_court_IPC_crime_2014.csv,States/UTs,A & N Islands
04_02_Person_arrested_and_their_disposal_by_police_and_court_IPC_crime_2014.csv,States/UTs,Chandigarh
04_02_Person_arrested_and_their_disposal_by_police_and_court_IPC_crime_2014.csv,States/UTs,D&N Haveli
04_02_Person_arrested_and_their_disposal_by_police_and_court_IPC_crime_2014.csv,States/UTs,Daman & Diu
04_02_Person_arrested_and_their_disposal_by_police_and_court_IPC_crime_2014.csv,States/UTs,Delhi UT
04_02_Person_arrested_and_their_disposal_by_police_and_court_IPC_crime_2014.csv,States/UTs,Lakshadweep
04_02_Person_arrested_and_their_disposal_by_police_and_court_IPC_crime_2014.csv,States/UTs,Puducherry
04_02_Person_arrested_and_their_disposal_by_police_and_court_IPC_crime_2014.csv,States/UTs,Total (States)
04_02_Person_arrested_and_their_disposal_by_police_and_court_IPC_crime_2014.csv,States/UTs,Total (UTs)
04_02_Person_arrested_and_their_disposal_by_police_and_court_IPC_crime_2014.csv,States/UTs,Total (All India)
07_01_Persons_arrested_by_sex_and_age_group_IPC_2012.csv,STATE/UT,ANDHRA PRADESH
07_01_Persons_arrested_by_sex_and_age_group_IPC_2012.csv,STATE/UT,ARUNACHAL PRADESH
07_01_Persons_arrested_by_sex_and_age_group_IPC_2012.csv,STATE/UT,ASSAM
07_01_Persons_arrested_by_sex_and_age_group_IPC_2012.csv,STATE/UT,BIHAR
07_01_Persons_arrested_by_sex_and_age_group_IPC_2012.csv,STATE/UT,CHHATTISGARH
07_01_Persons_arrested_by_sex_and_age_group_IPC_2012.csv,STATE/UT,GOA
07_01_Persons_arrested_by_sex_and_age_group_IPC_2012.csv,STATE/UT,GUJARAT
07_01_Persons_arrested_by_sex_and_age_group_IPC_2012.csv,STATE/UT,HARYANA
07_01_Persons_arrested_by_sex_and_age_group_IPC_2012.csv,STATE/UT,HIMACHAL PRADESH
07_01_Persons_arrested_by_sex_and_age_group_IPC_2012.csv,STATE/UT,JAMMU & KASHMIR
07_01_Persons_arrested_by_sex_and_age_group_IPC_2012.csv,STATE/UT,JHARKHAND
07_01_Persons_arrested_by_sex_and_age_group_IPC_2012.csv,STATE/UT,KARNATAKA
07_01_Persons_arrested_by_sex_and_age_group_IPC_2012.csv,STATE/UT,KERALA
07_01_Persons_arrested_by_sex_and_age_group_IPC_2012.csv,STATE/UT,MADHYA PRADESH
07_01_Persons_arrested_by_sex_and_age_group_IPC_2012.csv,STATE/UT,MAHARASHTRA
07_01_Persons_arrested_by_sex_and_age_group_IPC_2012.csv,STATE/UT,MANIPUR
07_01_Persons_arrested_by_sex_and_age_group_IPC_2012.csv,STATE/UT,MEGHALAYA
07_01_Persons_arrested_by_sex_and_age_group_IPC_2012.csv,STATE/UT,MIZORAM
07_01_Persons_arrested_by_sex_and_age_group_IPC_2012.csv,STATE/UT,NAGALAND
07_01_Persons_arrested_by_sex_and_age_group_IPC_2012.csv,STATE/UT,ODISHA
07_01_Persons_arrested_by_sex_and_age_group_IPC_2012.csv,STATE/UT,PUNJAB
07_01_Persons_arrested_by_sex_and_age_group_IPC_2012.csv,STATE/UT,RAJASTHAN
07_01_Persons_arrested_by_sex_and_age_group_IPC_2012.csv,STATE/UT,SIKKIM
07_01_Persons_arrested_by_sex_and_age_group_IPC_2012.csv,STATE/UT,TAMIL NADU
07_01_Persons_arrested_by_sex_and_age_group_IPC_2012.csv,STATE/UT,TRIPURA
07_01_Persons_arrested_by_sex_and_age_group_IPC_2012.csv,STATE/UT,UTTAR PRADESH
07_01_Persons_arrested_by_sex_and_age_group_IPC_2012.csv,STATE/UT,UTTARAKHAND
07_01_Persons_arrested_by_sex_and_age_group_IPC_2012.csv,STATE/UT,WEST BENGAL
07_01_Persons_arrested_by_sex_and_age_group_IPC_2012.csv,STATE/UT,TOTAL (STATES)
07_01_Persons_arrested_by_sex_and_age_group_IPC_2012.csv,STATE/UT,A & N ISLANDS
07_01_Persons_arrested_by_sex_and_age_group_IPC_2012.csv,STATE/UT,CHANDIGARH
07_01_Persons_arrested_by_sex_and_age_group_IPC_2012.csv,STATE/UT,D & N HAVELI
07_01_Persons_arrested_by_sex_and_age_group_IPC_2012.csv,STATE/UT,DAMAN & DIU
07_01_Persons_arrested_by_sex_and_age_group_IPC_2012.csv,STATE/UT,DELHI
07_01_Persons_arrested_by_sex_and_age_group_IPC_2012.csv,STATE/UT,LAKSHADWEEP
07_01_Persons_arrested_by_sex_and_age_group_IPC_2012.csv,STATE/UT,PUDUCHERRY
07_01_Persons_arrested_by_sex_and_age_group_IPC_2012.csv,STATE/UT,TOTAL (UTs)
07_01_Persons_arrested_by_sex_and_age_group_IPC_2012.csv,STATE/UT,TOTAL (ALL-INDIA)
07_01_Persons_arrested_by_sex_and_age_group_IPC_2013.csv,STATE/UT,Andhra Pradesh
07_01_Persons_arrested_by_sex_and_age_group_IPC_2013.csv,STATE/UT,Arunachal Pradesh
07_01_Persons_arrested_by_sex_and_age_group_IPC_2013.csv,STATE/UT,Assam
07_01_Persons_arrested_by_sex_and_age_group_IPC_2013.csv,STATE/UT,Bihar
07_01_Persons_arrested_by_sex_and_age_group_IPC_2013.csv,STATE/UT,Chhattisgarh
07_01_Persons_arrested_by_sex_and_age_group_IPC_2013.csv,STATE/UT,Goa
07_01_Persons_arrested_by_sex_and_age_group_IPC_2013.csv,STATE/UT,Gujarat
07_01_Persons_arrested_by_sex_and_age_group_IPC_2013.csv,STATE/UT,Haryana
07_01_Persons_arrested_by_sex_and_age_group_IPC_2013.csv,STATE/UT,Himachal Pradesh
07_01_Persons_arrested_by_sex_and_age_group_IPC_2013.csv,STATE/UT,Jammu & Kashmir
07_01_Persons_arrested_by_sex_and_age_group_IPC_2013.csv,STATE/UT,Jharkhand
07_01_Persons_arrested_by_sex_and_age_group_IPC_2013.csv,STATE/UT,Karnataka
07_01_Persons_arrested_by_sex_and_age_group_IPC_2013.csv,STATE/UT,Kerala
07_01_Persons_arrested_by_sex_and_age_group_IPC_2013.csv,STATE/UT,Madhya Pradesh
07_01_Persons_arrested_by_sex_and_age_group_IPC_2013.csv,STATE/UT,Maharashtra
07_01_Persons_arrested_by_sex_and_age_group_IPC_2013.csv,STATE/UT,Manipur
07_01_Persons_arrested_by_sex_and_age_group_IPC_2013.csv,STATE/UT,Meghalaya
07_01_Persons_arrested_by_sex_and_age_group_IPC_2013.csv,STATE/UT,Mizoram
07_01_Persons_arrested_by_sex_and_age_group_IPC_2013.csv,STATE/UT,Nagaland
07_01_Persons_arrested_by_sex_and_age_group_IPC_2013.csv,STATE/UT,Odisha
07_01_Persons_arrested_by_sex_and_age_group_IPC_2013.csv,STATE/UT,Punjab
07_01_Persons_arrested_by_sex_and_age_group_IPC_2013.csv,STATE/UT,Rajasthan
07_01_Persons_arrested_by_sex_and_age_group_IPC_2013.csv,STATE/UT,Sikkim
07_01_Persons_arrested_by_sex_and_age_group_IPC_2013.csv,STATE/UT,Tamil Nadu
07_01_Persons_arrested_by_sex_and_age_group_IPC_2013.csv,STATE/UT,Tripura
07_01_Persons_arrested_by_sex_and_age_group_IPC_2013.csv,STATE/UT,Uttar Pradesh
07_01_Persons_arrested_by_sex_and_age_group_IPC_2013.csv,STATE/UT,Uttarakhand
07_01_Persons_arrested_by_sex_and_age_group_IPC_2013.csv,STATE/UT,West Bengal
07_01_Persons_arrested_by_sex_and_age_group_IPC_2013.csv,STATE/UT,Total (State)
07_01_Persons_arrested_by_sex_and_age_group_IPC_2013.csv,STATE/UT,A&N Islands
07_01_Persons_arrested_by_sex_and_age_group_IPC_2013.csv,STATE/UT,Chandigarh
07_01_Persons_arrested_by_sex_and_age_group_IPC_2013.csv,STATE/UT,D&N Haveli
07_01_Persons_arrested_by_sex_and_age_group_IPC_2013.csv,STATE/UT,Daman & Diu
07_01_Persons_arrested_by_sex_and_age_group_IPC_2013.csv,STATE/UT,Delhi UT
07_01_Persons_arrested_by_sex_and_age_group_IPC_2013.csv,STATE/UT,Lakshadweep
07_01_Persons_arrested_by_sex_and_age_group_IPC_2013.csv,STATE/UT,Puducherry
07_01_Persons_arrested_by_sex_and_age_group_IPC_2013.csv,STATE/UT,Total (UTs)
07_01_Persons_arrested_by_sex_and_age_group_IPC_2013.csv,STATE/UT,Total (All-India)
07_01_Persons_arrested_by_sex_and_age_group_IPC_2014.csv,States/UTs,Andhra Pradesh
07_01_Persons_arrested_by_sex_and_age_group_IPC_2014.csv,States/UTs,Arunachal Pradesh
07_01_Persons_arrested_by_sex_and_age_group_IPC_2014.csv,States/UTs,Assam
07_01_Persons_arrested_by_sex_and_age_group_IPC_2014.csv,States/UTs,Bihar
07_01_Persons_arrested_by_sex_and_age_group_IPC_2014.csv,States/UTs,Chhattisgarh
07_01_Persons_arrested_by_sex_and_age_group_IPC_2014.csv,States/UTs,Goa
07_01_Persons_arrested_by_sex_and_age_group_IPC_2014.csv,States/UTs,Gujarat
07_01_Persons_arrested_by_sex_and_age_group_IPC_2014.csv,States/UTs,Haryana
07_01_Persons_arrested_by_sex_and_age_group_IPC_2014.csv,States/UTs,Himachal Pradesh
07_01_Persons_arrested_by_sex_and_age_group_IPC_2014.csv,States/UTs,Jammu & Kashmir
07_01_Persons_arrested_by_sex_and_age_group_IPC_2014.csv,States/UTs,Jharkhand
07_01_Persons_arrested_by_sex_and_age_group_IPC_2014.csv,States/UTs,Karnataka
07_01_Persons_arrested_by_sex_and_age_group_IPC_2014.csv,States/UTs,Kerala
07_01_Persons_arrested_by_sex_and_age_group_IPC_2014.csv,States/UTs,Madhya Pradesh
07_01_Persons_arrested_by_sex_and_age_group_IPC_2014.csv,States/UTs,Maharashtra
07_01_Persons_arrested_by_sex_and_age_group_IPC_2014.csv,States/UTs,Manipur
07_01_Persons_arrested_by_sex_and_age_group_IPC_2014.csv,States/UTs,Meghalaya
07_01_Persons_arrested_by_sex_and_age_group_IPC_2014.csv,States/UTs,Mizoram
07_01_Persons_arrested_by_sex_and_age_group_IPC_2014.csv,States/UTs,Nagaland
07_01_Persons_arrested_by_sex_and_age_group_IPC_2014.csv,States/UTs,Odisha
07_01_Persons_arrested_by_sex_and_age_group_IPC_2014.csv,States/UTs,Punjab
07_01_Persons_arrested_by_sex_and_age_group_IPC_2014.csv,States/UTs,Rajasthan
07_01_Persons_arrested_by_sex_and_age_group_IPC_2014.csv,States/UTs,Sikkim
07_01_Persons_arrested_by_sex_and_age_group_IPC_2014.csv,States/UTs,Tamil Nadu
07_01_Persons_arrested_by_sex_and_age_group_IPC_2014.csv,States/UTs,Telangana
07_01_Persons_arrested_by_sex_and_age_group_IPC_2014.csv,States/UTs,Tripura
07_01_Persons_arrested_by_sex_and_age_group_IPC_2014.csv,States/UTs,Uttar Pradesh
07_01_Persons_arrested_by_sex_and_age_group_IPC_2014.csv,States/UTs,Uttarakhand
07_01_Persons_arrested_by_sex_and_age_group_IPC_2014.csv,States/UTs,West Bengal
07_01_Persons_arrested_by_sex_and_age_group_IPC_2014.csv,States/UTs,A & N Islands
07_01_Persons_arrested_by_sex_and_age_group_IPC_2014.csv,States/UTs,Chandigarh
07_01_Persons_arrested_by_sex_and_age_group_IPC_2014.csv,States/UTs,D&N Haveli
07_01_Persons_arrested_by_sex_and_age_group_IPC_2014.csv,States/UTs,Daman & Diu
07_01_Persons_arrested_by_sex_and_age_group_IPC_2014.csv,States/UTs,Delhi UT
07_01_Persons_arrested_by_sex_and_age_group_IPC_2014.csv,States/UTs,Lakshadweep
07_01_Persons_arrested_by_sex_and_age_group_IPC_2014.csv,States/UTs,Puducherry
07_01_Persons_arrested_by_sex_and_age_group_IPC_2014.csv,States/UTs,Total (States)
07_01_Persons_arrested_by_sex_and_age_group_IPC_2014.csv,States/UTs,Total (UTs)
07_01_Persons_arrested_by_sex_and_age_group_IPC_2014.csv,States/UTs,Total (All India)
07_02_Persons_arrested_by_sex_and_age_group_SLL_2012.csv,STATE/UT,ANDHRA PRADESH
07_02_Persons_arrested_by_sex_and_age_group_SLL_2012.csv,STATE/UT,ARUNACHAL PRADESH
07_02_Persons_arrested_by_sex_and_age_group_SLL_2012.csv,STATE/UT,ASSAM
07_02_Persons_arrested_by_sex_and_age_group_SLL_2012.csv,STATE/UT,BIHAR
07_02_Persons_arrested_by_sex_and_age_group_SLL_2012.csv,STATE/UT,CHHATTISGARH
07_02_Persons_arrested_by_sex_and_age_group_SLL_2012.csv,STATE/UT,GOA
07_02_Persons_arrested_by_sex_and_age_group_SLL_2012.csv,STATE/UT,GUJARAT
07_02_Persons_arrested_by_sex_and_age_group_SLL_2012.csv,STATE/UT,HARYANA
07_02_Persons_arrested_by_sex_and_age_group_SLL_2012.csv,STATE/UT,HIMACHAL PRADESH
07_02_Persons_arrested_by_sex_and_age_group_SLL_2012.csv,STATE/UT,JAMMU & KASHMIR
07_02_Persons_arrested_by_sex_and_age_group_SLL_2012.csv,STATE/UT,JHARKHAND
07_02_Persons_arrested_by_sex_and_age_group_SLL_2012.csv,STATE/UT,KARNATAKA
07_02_Persons_arrested_by_sex_and_age_group_SLL_2012.csv,STATE/UT,KERALA
07_02_Persons_arrested_by_sex_and_age_group_SLL_2012.csv,STATE/UT,MADHYA PRADESH
07_02_Persons_arrested_by_sex_and_age_group_SLL_2012.csv,STATE/UT,MAHARASHTRA
07_02_Persons_arrested_by_sex_and_age_group_SLL_2012.csv,STATE/UT,MANIPUR
07_02_Persons_arrested_by_sex_and_age_group_SLL_2012.csv,STATE/UT,MEGHALAYA
07_02_Persons_arrested_by_sex_and_age_group_SLL_2012.csv,STATE/UT,MIZORAM
07_02_Persons_arrested_by_sex_and_age_group_SLL_2012.csv,STATE/UT,NAGALAND
07_02_Persons_arrested_by_sex_and_age_group_SLL_2012.csv,STATE/UT,ODISHA
07_02_Persons_arrested_by_sex_and_age_group_SLL_2012.csv,STATE/UT,PUNJAB
07_02_Persons_arrested_by_sex_and_age_group_SLL_2012.csv,STATE/UT,RAJASTHAN
07_02_Persons_arrested_by_sex_and_age_group_SLL_2012.csv,STATE/UT,SIKKIM
07_02_Persons_arrested_by_sex_and_age_group_SLL_2012.csv,STATE/UT,TAMIL NADU
07_02_Persons_arrested_by_sex_and_age_group_SLL_2012.csv,STATE/UT,TRIPURA
07_02_Persons_arrested_by_sex_and_age_group_SLL_2012.csv,STATE/UT,UTTAR PRADESH
07_02_Persons_arrested_by_sex_and_age_group_SLL_2012.csv,STATE/UT,UTTARAKHAND
07_02_Persons_arrested_by_sex_and_age_group_SLL_2012.csv,STATE/UT,WEST BENGAL
07_02_Persons_arrested_by_sex_and_age_group_SLL_2012.csv,STATE/UT,TOTAL (STATES)
07_02_Persons_arrested_by_sex_and_age_group_SLL_2012.csv,STATE/UT,A & N ISLANDS
07_02_Persons_arrested_by_sex_and_age_group_SLL_2012.csv,STATE/UT,CHANDIGARH
07_02_Persons_arrested_by_sex_and_age_group_SLL_2012.csv,STATE/UT,D & N HAVELI
07_02_Persons_arrested_by_sex_and_age_group_SLL_2012.csv,STATE/UT,DAMAN & DIU
07_02_Persons_arrested_by_sex_and_age_group_SLL_2012.csv,STATE/UT,DELHI
07_02_Persons_arrested_by_sex_and_age_group_SLL_2012.csv,STATE/UT,LAKSHADWEEP
07_02_Persons_arrested_by_sex_and_age_group_SLL_2012.csv,STATE/UT,PUDUCHERRY
07_02_Persons_arrested_by_sex_and_age_group_SLL_2012.csv,STATE/UT,TOTAL (UTs)
07_02_Persons_arrested_by_sex_and_age_group_SLL_2012.csv,STATE/UT,TOTAL (ALL-INDIA)
07_02_Persons_arrested_by_sex_and_age_group_SLL_2013.csv,STATE/UT,Andhra Pradesh
07_02_Persons_arrested_by_sex_and_age_group_SLL_2013.csv,STATE/UT,Arunachal Pradesh
07_02_Persons_arrested_by_sex_and_age_group_SLL_2013.csv,STATE/UT,Assam
07_02_Persons_arrested_by_sex_and_age_group_SLL_2013.csv,STATE/UT,Bihar
07_02_Persons_arrested_by_sex_and_age_group_SLL_2013.csv,STATE/UT,Chhattisgarh
07_02_Persons_arrested_by_sex_and_age_group_SLL_2013.csv,STATE/UT,Goa
07_02_Persons_arrested_by_sex_and_age_group_SLL_2013.csv,STATE/UT,Gujarat
07_02_Persons_arrested_by_sex_and_age_group_SLL_2013.csv,STATE/UT,Haryana
07_02_Persons_arrested_by_sex_and_age_group_SLL_2013.csv,STATE/UT,Himachal Pradesh
07_02_Persons_arrested_by_sex_and_age_group_SLL_2013.csv,STATE/UT,Jammu & Kashmir
07_02_Persons_arrested_by_sex_and_age_group_SLL_2013.csv,STATE/UT,Jharkhand
07_02_Persons_arrested_by_sex_and_age_group_SLL_2013.csv,STATE/UT,Karnataka
07_02_Persons_arrested_by_sex_and_age_group_SLL_2013.csv,STATE/UT,Kerala
07_02_Persons_arrested_by_sex_and_age_group_SLL_2013.csv,STATE/UT,Madhya Pradesh
07_02_Persons_arrested_by_sex_and_age_group_SLL_2013.csv,STATE/UT,Maharashtra
07_02_Persons_arrested_by_sex_and_age_group_SLL_2013.csv,STATE/UT,Manipur
07_02_Persons_arrested_by_sex_and_age_group_SLL_2013.csv,STATE/UT,Meghalaya
07_02_Persons_arrested_by_sex_and_age_group_SLL_2013.csv,STATE/UT,Mizoram
07_02_Persons_arrested_by_sex_and_age_group_SLL_2013.csv,STATE/UT,Nagaland
07_02_Persons_arrested_by_sex_and_age_group_SLL_2013.csv,STATE/UT,Odisha
07_02_Persons_arrested_by_sex_and_age_group_SLL_2013.csv,STATE/UT,Punjab
07_02_Persons_arrested_by_sex_and_age_group_SLL_2013.csv,STATE/UT,Rajasthan
07_02_Persons_arrested_by_sex_and_age_group_SLL_2013.csv,STATE/UT,Sikkim
07_02_Persons_arrested_by_sex_and_age_group_SLL_2013.csv,STATE/UT,Tamil Nadu
07_02_Persons_arrested_by_sex_and_age_group_SLL_2013.csv,STATE/UT,Tripura
07_02_Persons_arrested_by_sex_and_age_group_SLL_2013.csv,STATE/UT,Uttar Pradesh
07_02_Persons_arrested_by_sex_and_age_group_SLL_2013.csv,STATE/UT,Uttarakhand
07_02_Persons_arrested_by_sex_and_age_group_SLL_2013.csv,STATE/UT,West Bengal
07_02_Persons_arrested_by_sex_and_age_group_SLL_2013.csv,STATE/UT,Total (State)
07_02_Persons_arrested_by_sex_and_age_group_SLL_2013.csv,STATE/UT,A&N Islands
07_02_Persons_arrested_by_sex_and_age_group_SLL_2013.csv,STATE/UT,Chandigarh
07_02_Persons_arrested_by_sex_and_age_group_SLL_2013.csv,STATE/UT,D&N Haveli
07_02_Persons_arrested_by_sex_and_age_group_SLL_2013.csv,STATE/UT,Daman & Diu
07_02_Persons_arrested_by_sex_and_age_group_SLL_2013.csv,STATE/UT,Delhi UT
07_02_Persons_arrested_by_sex_and_age_group_SLL_2013.csv,STATE/UT,Lakshadweep
07_02_Persons_arrested_by_sex_and_age_group_SLL_2013.csv,STATE/UT,Puducherry
07_02_Persons_arrested_by_sex_and_age_group_SLL_2013.csv,STATE/UT,Total (UTs)
07_02_Persons_arrested_by_sex_and_age_group_SLL_2013.csv,STATE/UT,Total (All-India)
07_02_Persons_arrested_by_sex_and_age_group_SLL_2014.csv,States/UTs,Andhra Pradesh
07_02_Persons_arrested_by_sex_and_age_group_SLL_2014.csv,States/UTs,Arunachal Pradesh
07_02_Persons_arrested_by_sex_and_age_group_SLL_2014.csv,States/UTs,Assam
07_02_Persons_arrested_by_sex_and_age_group_SLL_2014.csv,States/UTs,Bihar
07_02_Persons_arrested_by_sex_and_age_group_SLL_2014.csv,States/UTs,Chhattisgarh
07_02_Persons_arrested_by_sex_and_age_group_SLL_2014.csv,States/UTs,Goa
07_02_Persons_arrested_by_sex_and_age_group_SLL_2014.csv,States/UTs,Gujarat
07_02_Persons_arrested_by_sex_and_age_group_SLL_2014.csv,States/UTs,Haryana
07_02_Persons_arrested_by_sex_and_age_group_SLL_2014.csv,States/UTs,Himachal Pradesh
07_02_Persons_arrested_by_sex_and_age_group_SLL_2014.csv,States/UTs,Jammu & Kashmir
07_02_Persons_arrested_by_sex_and_age_group_SLL_2014.csv,States/UTs,Jharkhand
07_02_Persons_arrested_by_sex_and_age_group_SLL_2014.csv,States/UTs,Karnataka
07_02_Persons_arrested_by_sex_and_age_group_SLL_2014.csv,States/UTs,Kerala
07_02_Persons_arrested_by_sex_and_age_group_SLL_2014.csv,States/UTs,Madhya Pradesh
07_02_Persons_arrested_by_sex_and_age_group_SLL_2014.csv,States/UTs,Maharashtra
07_02_Persons_arrested_by_sex_and_age_group_SLL_2014.csv,States/UTs,Manipur
07_02_Persons_arrested_by_sex_and_age_group_SLL_2014.csv,States/UTs,Meghalaya
07_02_Persons_arrested_by_sex_and_age_group_SLL_2014.csv,States/UTs,Mizoram
07_02_Persons_arrested_by_sex_and_age_group_SLL_2014.csv,States/UTs,Nagaland
07_02_Persons_arrested_by_sex_and_age_group_SLL_2014.csv,States/UTs,Odisha
07_02_Persons_arrested_by_sex_and_age_group_SLL_2014.csv,States/UTs,Punjab
07_02_Persons_arrested_by_sex_and_age_group_SLL_2014.csv,States/UTs,Rajasthan
07_02_Persons_arrested_by_sex_and_age_group_SLL_2014.csv,States/UTs,Sikkim
07_02_Persons_arrested_by_sex_and_age_group_SLL_2014.csv,States/UTs,Tamil Nadu
07_02_Persons_arrested_by_sex_and_age_group_SLL_2014.csv,States/UTs,Telangana
07_02_Persons_arrested_by_sex_and_age_group_SLL_2014.csv,States/UTs,Tripura
07_02_Persons_arrested_by_sex_and_age_group_SLL_2014.csv,States/UTs,Uttar Pradesh
07_02_Persons_arrested_by_sex_and_age_group_SLL_2014.csv,States/UTs,Uttarakhand
07_02_Persons_arrested_by_sex_and_age_group_SLL_2014.csv,States/UTs,West Bengal
07_02_Persons_arrested_by_sex_and_age_group_SLL_2014.csv,States/UTs,A & N Islands
07_02_Persons_arrested_by_sex_and_age_group_SLL_2014.csv,States/UTs,Chandigarh
07_02_Persons_arrested_by_sex_and_age_group_SLL_2014.csv,States/UTs,D&N Haveli
07_02_Persons_arrested_by_sex_and_age_group_SLL_2014.csv,States/UTs,Daman & Diu
07_02_Persons_arrested_by_sex_and_age_group_SLL_2014.csv,States/UTs,Delhi UT
07_02_Persons_arrested_by_sex_and_age_group_SLL_2014.csv,States/UTs,Lakshadweep
07_02_Persons_arrested_by_sex_and_age_group_SLL_2014.csv,States/UTs,Puducherry
07_02_Persons_arrested_by_sex_and_age_group_SLL_2014.csv,States/UTs,Total (States)
07_02_Persons_arrested_by_sex_and_age_group_SLL_2014.csv,States/UTs,Total (UTs)
07_02_Persons_arrested_by_sex_and_age_group_SLL_2014.csv,States/UTs,Total (All India)
08_01_Juvenile_apprehended_state_IPC.csv,STATE/UT,Andhra Pradesh
08_01_Juvenile_apprehended_state_IPC.csv,STATE/UT,Arunachal Pradesh
08_01_Juvenile_apprehended_state_IPC.csv,STATE/UT,Assam
08_01_Juvenile_apprehended_state_IPC.csv,STATE/UT,Bihar
08_01_Juvenile_apprehended_state_IPC.csv,STATE/UT,Chhattisgarh
08_01_Juvenile_apprehended_state_IPC.csv,STATE/UT,Goa
08_01_Juvenile_apprehended_state_IPC.csv,STATE/UT,Gujarat
08_01_Juvenile_apprehended_state_IPC.csv,STATE/UT,Haryana
08_01_Juvenile_apprehended_state_IPC.csv,STATE/UT,Himachal Pradesh
08_01_Juvenile_apprehended_state_IPC.csv,STATE/UT,Jammu & Kashmir
08_01_Juvenile_apprehended_state_IPC.csv,STATE/UT,Jharkhand
08_01_Juvenile_apprehended_state_IPC.csv,STATE/UT,Karnataka
08_01_Juvenile_apprehended_state_IPC.csv,STATE/UT,Kerala
08_01_Juvenile_apprehended_state_IPC.csv,STATE/UT,Madhya Pradesh
08_01_Juvenile_apprehended_state_IPC.csv,STATE/UT,Maharashtra
08_01_Juvenile_apprehended_state_IPC.csv,STATE/UT,Manipur
08_01_Juvenile_apprehended_state_IPC.csv,STATE/UT,Meghalaya
08_01_Juvenile_apprehended_state_IPC.csv,STATE/UT,Mizoram
08_01_Juvenile_apprehended_state_IPC.csv,STATE/UT,Nagaland
08_01_Juvenile_apprehended_state_IPC.csv,STATE/UT,Odisha
08_01_Juvenile_apprehended_state_IPC.csv,STATE/UT,Punjab
08_01_Juvenile_apprehended_state_IPC.csv,STATE/UT,Rajasthan
08_01_Juvenile_apprehended_state_IPC.csv,STATE/UT,Sikkim
08_01_Juvenile_apprehended_state_IPC.csv,STATE/UT,Tamil Nadu
08_01_Juvenile_apprehended_state_IPC.csv,STATE/UT,Tripura
08_01_Juvenile_apprehended_state_IPC.csv,STATE/UT,Uttar Pradesh
08_01_Juvenile_apprehended_state_IPC.csv,STATE/UT,Uttarakhand
08_01_Juvenile_apprehended_state_IPC.csv,STATE/UT,West Bengal
08_01_Juvenile_apprehended_state_IPC.csv,STATE/UT,A&N Islands
08_01_Juvenile_apprehended_state_IPC.csv,STATE/UT,Chandigarh
08_01_Juvenile_apprehended_state_IPC.csv,STATE/UT,D&N Haveli
08_01_Juvenile_apprehended_state_IPC.csv,STATE/UT,Daman & Diu
08_01_Juvenile_apprehended_state_IPC.csv,STATE/UT,Delhi UT
08_01_Juvenile_apprehended_state_IPC.csv,STATE/UT,Lakshadweep
08_01_Juvenile_apprehended_state_IPC.csv,STATE/UT,Puducherry
08_02_Juvenile_apprehended_state_SLL.csv,STATE/UT,Andhra Pradesh
08_02_Juvenile_apprehended_state_SLL.csv,STATE/UT,Arunachal Pradesh
08_02_Juvenile_apprehended_state_SLL.csv,STATE/UT,Assam
08_02_Juvenile_apprehended_state_SLL.csv,STATE/UT,Bihar
08_02_Juvenile_apprehended_state_SLL.csv,STATE/UT,Chhattisgarh
08_02_Juvenile_apprehended_state_SLL.csv,STATE/UT,Goa
08_02_Juvenile_apprehended_state_SLL.csv,STATE/UT,Gujarat
08_02_Juvenile_apprehended_state_SLL.csv,STATE/UT,Haryana
08_02_Juvenile_apprehended_state_SLL.csv,STATE/UT,Himachal Pradesh
08_02_Juvenile_apprehended_state_SLL.csv,STATE/UT,Jammu & Kashmir
08_02_Juvenile_apprehended_state_SLL.csv,STATE/UT,Jharkhand
08_02_Juvenile_apprehended_state_SLL.csv,STATE/UT,Karnataka
08_02_Juvenile_apprehended_state_SLL.csv,STATE/UT,Kerala
08_02_Juvenile_apprehended_state_SLL.csv,STATE/UT,Madhya Pradesh
08_02_Juvenile_apprehended_state_SLL.csv,STATE/UT,Maharashtra
08_02_Juvenile_apprehended_state_SLL.csv,STATE/UT,Manipur
08_02_Juvenile_apprehended_state_SLL.csv,STATE/UT,Meghalaya
08_02_Juvenile_apprehended_state_SLL.csv,STATE/UT,Mizoram
08_02_Juvenile_apprehended_state_SLL.csv,STATE/UT,Nagaland
08_02_Juvenile_apprehended_state_SLL.csv,STATE/UT,Odisha
08_02_Juvenile_apprehended_state_SLL.csv,STATE/UT,Punjab
08_02_Juvenile_apprehended_state_SLL.csv,STATE/UT,Rajasthan
08_02_Juvenile_apprehended_state_SLL.csv,STATE/UT,Sikkim
08_02_Juvenile_apprehended_state_SLL.csv,STATE/UT,Tamil Nadu
08_02_Juvenile_apprehended_state_SLL.csv,STATE/UT,Tripura
08_02_Juvenile_apprehended_state_SLL.csv,STATE/UT,Uttar Pradesh
08_02_Juvenile_apprehended_state_SLL.csv,STATE/UT,Uttarakhand
08_02_Juvenile_apprehended_state_SLL.csv,STATE/UT,West Bengal
08_02_Juvenile_apprehended_state_SLL.csv,STATE/UT,A&N Islands
08_02_Juvenile_apprehended_state_SLL.csv,STATE/UT,Chandigarh
08_02_Juvenile_apprehended_state_SLL.csv,STATE/UT,D&N Haveli
08_02_Juvenile_apprehended_state_SLL.csv,STATE/UT,Daman & Diu
08_02_Juvenile_apprehended_state_SLL.csv,STATE/UT,Delhi UT
08_02_Juvenile_apprehended_state_SLL.csv,STATE/UT,Lakshadweep
08_02_Juvenile_apprehended_state_SLL.csv,STATE/UT,Puducherry
09_Juveniles_arrested_and_their_disposal.csv,Area_Name,Madhya Pradesh
09_Juveniles_arrested_and_their_disposal.csv,Area_Name,Maharashtra
09_Juveniles_arrested_and_their_disposal.csv,Area_Name,Tamil Nadu
09_Juveniles_arrested_and_their_disposal.csv,Area_Name,Gujarat
09_Juveniles_arrested_and_their_disposal.csv,Area_Name,Rajasthan
09_Juveniles_arrested_and_their_disposal.csv,Area_Name,Chhattisgarh
09_Juveniles_arrested_and_their_disposal.csv,Area_Name,Andhra Pradesh
09_Juveniles_arrested_and_their_disposal.csv,Area_Name,Haryana
09_Juveniles_arrested_and_their_disposal.csv,Area_Name,Delhi
09_Juveniles_arrested_and_their_disposal.csv,Area_Name,Bihar
09_Juveniles_arrested_and_their_disposal.csv,Area_Name,Assam
09_Juveniles_arrested_and_their_disposal.csv,Area_Name,Jharkhand
09_Juveniles_arrested_and_their_disposal.csv,Area_Name,Uttar Pradesh
09_Juveniles_arrested_and_their_disposal.csv,Area_Name,Karnataka
09_Juveniles_arrested_and_their_disposal.csv,Area_Name,Kerala
09_Juveniles_arrested_and_their_disposal.csv,Area_Name,Mizoram
09_Juveniles_arrested_and_their_disposal.csv,Area_Name,Odisha
09_Juveniles_arrested_and_their_disposal.csv,Area_Name,West Bengal
09_Juveniles_arrested_and_their_disposal.csv,Area_Name,Uttarakhand
09_Juveniles_arrested_and_their_disposal.csv,Area_Name,Punjab
09_Juveniles_arrested_and_their_disposal.csv,Area_Name,Himachal Pradesh
09_Juveniles_arrested_and_their_disposal.csv,Area_Name,Arunachal Pradesh
09_Juveniles_arrested_and_their_disposal.csv,Area_Name,Chandigarh
09_Juveniles_arrested_and_their_disposal.csv,Area_Name,Meghalaya
09_Juveniles_arrested_and_their_disposal.csv,Area_Name,Sikkim
09_Juveniles_arrested_and_their_disposal.csv,Area_Name,Goa
09_Juveniles_arrested_and_their_disposal.csv,Area_Name,Andaman & Nicobar Islands
09_Juveniles_arrested_and_their_disposal.csv,Area_Name,Tripura
09_Juveniles_arrested_and_their_disposal.csv,Area_Name,Puducherry
09_Juveniles_arrested_and_their_disposal.csv,Area_Name,Nagaland
09_Juveniles_arrested_and_their_disposal.csv,Area_Name,Jammu & Kashmir
09_Juveniles_arrested_and_their_disposal.csv,Area_Name,Dadra & Nagar Haveli
09_Juveniles_arrested_and_their_disposal.csv,Area_Name,Daman & Diu
09_Juveniles_arrested_and_their_disposal.csv,Area_Name,Lakshadweep
09_Juveniles_arrested_and_their_disposal.csv,Area_Name,Manipur
10_Property_stolen_and_recovered.csv,Area_Name,Andaman & Nicobar Islands
10_Property_stolen_and_recovered.csv,Area_Name,Andhra Pradesh
10_Property_stolen_and_recovered.csv,Area_Name,Arunachal Pradesh
10_Property_stolen_and_recovered.csv,Area_Name,Assam
10_Property_stolen_and_recovered.csv,Area_Name,Bihar
10_Property_stolen_and_recovered.csv,Area_Name,Chandigarh
10_Property_stolen_and_recovered.csv,Area_Name,Chhattisgarh
10_Property_stolen_and_recovered.csv,Area_Name,Dadra & Nagar Haveli
10_Property_stolen_and_recovered.csv,Area_Name,Daman & Diu
10_Property_stolen_and_recovered.csv,Area_Name,Delhi
10_Property_stolen_and_recovered.csv,Area_Name,Goa
10_Property_stolen_and_recovered.csv,Area_Name,Gujarat
10_Property_stolen_and_recovered.csv,Area_Name,Haryana
10_Property_stolen_and_recovered.csv,Area_Name,Himachal Pradesh
10_Property_stolen_and_recovered.csv,Area_Name,Jammu & Kashmir
10_Property_stolen_and_recovered.csv,Area_Name,Jharkhand
10_Property_stolen_and_recovered.csv,Area_Name,Karnataka
10_Property_stolen_and_recovered.csv,Area_Name,Kerala
10_Property_stolen_and_recovered.csv,Area_Name,Lakshadweep
10_Property_stolen_and_recovered.csv,Area_Name,Madhya Pradesh
10_Property_stolen_and_recovered.csv,Area_Name,Maharashtra
10_Property_stolen_and_recovered.csv,Area_Name,Manipur
10_Property_stolen_and_recovered.csv,Area_Name,Meghalaya
10_Property_stolen_and_recovered.csv,Area_Name,Mizoram
10_Property_stolen_and_recovered.csv,Area_Name,Nagaland
10_Property_stolen_and_recovered.csv,Area_Name,Odisha
10_Property_stolen_and_recovered.csv,Area_Name,Puducherry
10_Property_stolen_and_recovered.csv,Area_Name,Punjab
10_Property_stolen_and_recovered.csv,Area_Name,Rajasthan
10_Property_stolen_and_recovered.csv,Area_Name,Sikkim
10_Property_stolen_and_recovered.csv,Area_Name,Tamil Nadu
10_Property_stolen_and_recovered.csv,Area_Name,Tripura
10_Property_stolen_and_recovered.csv,Area_Name,Uttar Pradesh
10_Property_stolen_and_recovered.csv,Area_Name,Uttarakhand
10_Property_stolen_and_recovered.csv,Area_Name,West Bengal
11_Property_stolen_and_recovered_nature_of_property.csv,Area_Name,Andaman & Nicobar Islands
11_Property_stolen_and_recovered_nature_of_property.csv,Area_Name,Andhra Pradesh
11_Property_stolen_and_recovered_nature_of_property.csv,Area_Name,Arunachal Pradesh
11_Property_stolen_and_recovered_nature_of_property.csv,Area_Name,Assam
11_Property_stolen_and_recovered_nature_of_property.csv,Area_Name,Bihar
11_Property_stolen_and_recovered_nature_of_property.csv,Area_Name,Chandigarh
11_Property_stolen_and_recovered_nature_of_property.csv,Area_Name,Chhattisgarh
11_Property_stolen_and_recovered_nature_of_property.csv,Area_Name,Dadra & Nagar Haveli
11_Property_stolen_and_recovered_nature_of_property.csv,Area_Name,Daman & Diu
11_Property_stolen_and_recovered_nature_of_property.csv,Area_Name,Delhi
11_Property_stolen_and_recovered_nature_of_property.csv,Area_Name,Goa
11_Property_stolen_and_recovered_nature_of_property.csv,Area_Name,Gujarat
11_Property_stolen_and_recovered_nature_of_property.csv,Area_Name,Haryana
11_Property_stolen_and_recovered_nature_of_property.csv,Area_Name,Himachal Pradesh
11_Property_stolen_and_recovered_nature_of_property.csv,Area_Name,Jammu & Kashmir
11_Property_stolen_and_recovered_nature_of_property.csv,Area_Name,Jharkhand
11_Property_stolen_and_recovered_nature_of_property.csv,Area_Name,Karnataka
11_Property_stolen_and_recovered_nature_of_property.csv,Area_Name,Kerala
11_Property_stolen_and_recovered_nature_of_property.csv,Area_Name,Lakshadweep
11_Property_stolen_and_recovered_nature_of_property.csv,Area_Name,Madhya Pradesh
11_Property_stolen_and_recovered_nature_of_property.csv,Area_Name,Maharashtra
11_Property_stolen_and_recovered_nature_of_property.csv,Area_Name,Manipur
11_Property_stolen_and_recovered_nature_of_property.csv,Area_Name,Meghalaya
11_Property_stolen_and_recovered_nature_of_property.csv,Area_Name,Mizoram
11_Property_stolen_and_recovered_nature_of_property.csv,Area_Name,Nagaland
11_Property_stolen_and_recovered_nature_of_property.csv,Area_Name,Odisha
11_Property_stolen_and_recovered_nature_of_property.csv,Area_Name,Puducherry
11_Property_stolen_and_recovered_nature_of_property.csv,Area_Name,Punjab
11_Property_stolen_and_recovered_nature_of_property.csv,Area_Name,Rajasthan
11_Property_stolen_and_recovered_nature_of_property.csv,Area_Name,Sikkim
11_Property_stolen_and_recovered_nature_of_property.csv,Area_Name,Tamil Nadu
11_Property_stolen_and_recovered_nature_of_property.csv,Area_Name,Tripura
11_Property_stolen_and_recovered_nature_of_property.csv,Area_Name,Uttar Pradesh
11_Property_stolen_and_recovered_nature_of_property.csv,Area_Name,Uttarakhand
11_Property_stolen_and_recovered_nature_of_property.csv,Area_Name,West Bengal
12_Police_strength_actual_and_sanctioned.csv,Area_Name,Andaman & Nicobar Islands
12_Police_strength_actual_and_sanctioned.csv,Area_Name,Andhra Pradesh
12_Police_strength_actual_and_sanctioned.csv,Area_Name,Arunachal Pradesh
12_Police_strength_actual_and_sanctioned.csv,Area_Name,Assam
12_Police_strength_actual_and_sanctioned.csv,Area_Name,Bihar
12_Police_strength_actual_and_sanctioned.csv,Area_Name,Chandigarh
12_Police_strength_actual_and_sanctioned.csv,Area_Name,Chhattisgarh
12_Police_strength_actual_and_sanctioned.csv,Area_Name,Dadra & Nagar Haveli
12_Police_strength_actual_and_sanctioned.csv,Area_Name,Daman & Diu
12_Police_strength_actual_and_sanctioned.csv,Area_Name,Delhi
12_Police_strength_actual_and_sanctioned.csv,Area_Name,Goa
12_Police_strength_actual_and_sanctioned.csv,Area_Name,Gujarat
12_Police_strength_actual_and_sanctioned.csv,Area_Name,Haryana
12_Police_strength_actual_and_sanctioned.csv,Area_Name,Himachal Pradesh
12_Police_strength_actual_and_sanctioned.csv,Area_Name,Jammu & Kashmir
12_Police_strength_actual_and_sanctioned.csv,Area_Name,Karnataka
12_Police_strength_actual_and_sanctioned.csv,Area_Name,Kerala
12_Police_strength_actual_and_sanctioned.csv,Area_Name,Lakshadweep
12_Police_strength_actual_and_sanctioned.csv,Area_Name,Madhya Pradesh
12_Police_strength_actual_and_sanctioned.csv,Area_Name,Maharashtra
12_Police_strength_actual_and_sanctioned.csv,Area_Name,Manipur
12_Police_strength_actual_and_sanctioned.csv,Area_Name,Meghalaya
12_Police_strength_actual_and_sanctioned.csv,Area_Name,Mizoram
12_Police_strength_actual_and_sanctioned.csv,Area_Name,Nagaland
12_Police_strength_actual_and_sanctioned.csv,Area_Name,Odisha
12_Police_strength_actual_and_sanctioned.csv,Area_Name,Puducherry
12_Police_strength_actual_and_sanctioned.csv,Area_Name,Punjab
12_Police_strength_actual_and_sanctioned.csv,Area_Name,Rajasthan
12_Police_strength_actual_and_sanctioned.csv,Area_Name,Sikkim
12_Police_strength_actual_and_sanctioned.csv,Area_Name,Tamil Nadu
12_Police_strength_actual_and_sanctioned.csv,Area_Name,Tripura
12_Police_strength_actual_and_sanctioned.csv,Area_Name,Uttar Pradesh
12_Police_strength_actual_and_sanctioned.csv,Area_Name,Uttarakhand
12_Police_strength_actual_and_sanctioned.csv,Area_Name,West Bengal
12_Police_strength_actual_and_sanctioned.csv,Area_Name,Jharkhand
13_Police_killed_or_injured_on_duty.csv,Area_Name,Andaman & Nicobar Islands
13_Police_killed_or_injured_on_duty.csv,Area_Name,Andhra Pradesh
13_Police_killed_or_injured_on_duty.csv,Area_Name,Arunachal Pradesh
13_Police_killed_or_injured_on_duty.csv,Area_Name,Assam
13_Police_killed_or_injured_on_duty.csv,Area_Name,Bihar
13_Police_killed_or_injured_on_duty.csv,Area_Name,Chandigarh
13_Police_killed_or_injured_on_duty.csv,Area_Name,Chhattisgarh
13_Police_killed_or_injured_on_duty.csv,Area_Name,Dadra & Nagar Haveli
13_Police_killed_or_injured_on_duty.csv,Area_Name,Daman & Diu
13_Police_killed_or_injured_on_duty.csv,Area_Name,Delhi
13_Police_killed_or_injured_on_duty.csv,Area_Name,Goa
13_Police_killed_or_injured_on_duty.csv,Area_Name,Gujarat
13_Police_killed_or_injured_on_duty.csv,Area_Name,Haryana
13_Police_killed_or_injured_on_duty.csv,Area_Name,Himachal Pradesh
13_Police_killed_or_injured_on_duty.csv,Area_Name,Jammu & Kashmir
13_Police_killed_or_injured_on_duty.csv,Area_Name,Jharkhand
13_Police_killed_or_injured_on_duty.csv,Area_Name,Karnataka
13_Police_killed_or_injured_on_duty.csv,Area_Name,Kerala
13_Police_killed_or_injured_on_duty.csv,Area_Name,Lakshadweep
13_Police_killed_or_injured_on_duty.csv,Area_Name,Madhya Pradesh
13_Police_killed_or_injured_on_duty.csv,Area_Name,Maharashtra
13_Police_killed_or_injured_on_duty.csv,Area_Name,Manipur
13_Police_killed_or_injured_on_duty.csv,Area_Name,Meghalaya
13_Police_killed_or_injured_on_duty.csv,Area_Name,Mizoram
13_Police_killed_or_injured_on_duty.csv,Area_Name,Nagaland
13_Police_killed_or_injured_on_duty.csv,Area_Name,Odisha
13_Police_killed_or_injured_on_duty.csv,Area_Name,Puducherry
13_Police_killed_or_injured_on_duty.csv,Area_Name,Punjab
13_Police_killed_or_injured_on_duty.csv,Area_Name,Rajasthan
13_Police_killed_or_injured_on_duty.csv,Area_Name,Sikkim
13_Police_killed_or_injured_on_duty.csv,Area_Name,Tamil Nadu
13_Police_killed_or_injured_on_duty.csv,Area_Name,Tripura
13_Police_killed_or_injured_on_duty.csv,Area_Name,Uttar Pradesh
13_Police_killed_or_injured_on_duty.csv,Area_Name,Uttarakhand
13_Police_killed_or_injured_on_duty.csv,Area_Name,West Bengal
14_Age_profile_of_police_personnel_killed_on_duty.csv,Area_Name,Jammu & Kashmir
14_Age_profile_of_police_personnel_killed_on_duty.csv,Area_Name,Chhattisgarh
14_Age_profile_of_police_personnel_killed_on_duty.csv,Area_Name,Punjab
14_Age_profile_of_police_personnel_killed_on_duty.csv,Area_Name,Maharashtra
14_Age_profile_of_police_personnel_killed_on_duty.csv,Area_Name,Uttar Pradesh
14_Age_profile_of_police_personnel_killed_on_duty.csv,Area_Name,Jharkhand
14_Age_profile_of_police_personnel_killed_on_duty.csv,Area_Name,Andhra Pradesh
14_Age_profile_of_police_personnel_killed_on_duty.csv,Area_Name,Delhi
14_Age_profile_of_police_personnel_killed_on_duty.csv,Area_Name,Tamil Nadu
14_Age_profile_of_police_personnel_killed_on_duty.csv,Area_Name,Rajasthan
14_Age_profile_of_police_personnel_killed_on_duty.csv,Area_Name,Gujarat
14_Age_profile_of_police_personnel_killed_on_duty.csv,Area_Name,Assam
14_Age_profile_of_police_personnel_killed_on_duty.csv,Area_Name,Madhya Pradesh
14_Age_profile_of_police_personnel_killed_on_duty.csv,Area_Name,Haryana
14_Age_profile_of_police_personnel_killed_on_duty.csv,Area_Name,Manipur
14_Age_profile_of_police_personnel_killed_on_duty.csv,Area_Name,West Bengal
14_Age_profile_of_police_personnel_killed_on_duty.csv,Area_Name,Bihar
14_Age_profile_of_police_personnel_killed_on_duty.csv,Area_Name,Uttarakhand
14_Age_profile_of_police_personnel_killed_on_duty.csv,Area_Name,Tripura
14_Age_profile_of_police_personnel_killed_on_duty.csv,Area_Name,Karnataka
14_Age_profile_of_police_personnel_killed_on_duty.csv,Area_Name,Meghalaya
14_Age_profile_of_police_personnel_killed_on_duty.csv,Area_Name,Odisha
14_Age_profile_of_police_personnel_killed_on_duty.csv,Area_Name,Kerala
14_Age_profile_of_police_personnel_killed_on_duty.csv,Area_Name,Mizoram
14_Age_profile_of_police_personnel_killed_on_duty.csv,Area_Name,Sikkim
14_Age_profile_of_police_personnel_killed_on_duty.csv,Area_Name,Himachal Pradesh
14_Age_profile_of_police_personnel_killed_on_duty.csv,Area_Name,Andaman & Nicobar Islands
14_Age_profile_of_police_personnel_killed_on_duty.csv,Area_Name,Chandigarh
14_Age_profile_of_police_personnel_killed_on_duty.csv,Area_Name,Nagaland
14_Age_profile_of_police_personnel_killed_on_duty.csv,Area_Name,Arunachal Pradesh
14_Age_profile_of_police_personnel_killed_on_duty.csv,Area_Name,Dadra & Nagar Haveli
14_Age_profile_of_police_personnel_killed_on_duty.csv,Area_Name,Daman & Diu
14_Age_profile_of_police_personnel_killed_on_duty.csv,Area_Name,Goa
14_Age_profile_of_police_personnel_killed_on_duty.csv,Area_Name,Lakshadweep
14_Age_profile_of_police_personnel_killed_on_duty.csv,Area_Name,Puducherry
15_Police_natural_death_and_suicide.csv,Area_Name,Andaman & Nicobar Islands
15_Police_natural_death_and_suicide.csv,Area_Name,Andhra Pradesh
15_Police_natural_death_and_suicide.csv,Area_Name,Arunachal Pradesh
15_Police_natural_death_and_suicide.csv,Area_Name,Assam
15_Police_natural_death_and_suicide.csv,Area_Name,Bihar
15_Police_natural_death_and_suicide.csv,Area_Name,Chandigarh
15_Police_natural_death_and_suicide.csv,Area_Name,Chhattisgarh
15_Police_natural_death_and_suicide.csv,Area_Name,Dadra & Nagar Haveli
15_Police_natural_death_and_suicide.csv,Area_Name,Daman & Diu
15_Police_natural_death_and_suicide.csv,Area_Name,Delhi
15_Police_natural_death_and_suicide.csv,Area_Name,Goa
15_Police_natural_death_and_suicide.csv,Area_Name,Gujarat
15_Police_natural_death_and_suicide.csv,Area_Name,Haryana
15_Police_natural_death_and_suicide.csv,Area_Name,Himachal Pradesh
15_Police_natural_death_and_suicide.csv,Area_Name,Jammu & Kashmir
15_Police_natural_death_and_suicide.csv,Area_Name,Jharkhand
15_Police_natural_death_and_suicide.csv,Area_Name,Karnataka
15_Police_natural_death_and_suicide.csv,Area_Name,Kerala
15_Police_natural_death_and_suicide.csv,Area_Name,Lakshadweep
15_Police_natural_death_and_suicide.csv,Area_Name,Madhya Pradesh
15_Police_natural_death_and_suicide.csv,Area_Name,Maharashtra
15_Police_natural_death_and_suicide.csv,Area_Name,Manipur
15_Police_natural_death_and_suicide.csv,Area_Name,Meghalaya
15_Police_natural_death_and_suicide.csv,Area_Name,Mizoram
15_Police_natural_death_and_suicide.csv,Area_Name,Nagaland
15_Police_natural_death_and_suicide.csv,Area_Name,Odisha
15_Police_natural_death_and_suicide.csv,Area_Name,Puducherry
15_Police_natural_death_and_suicide.csv,Area_Name,Punjab
15_Police_natural_death_and_suicide.csv,Area_Name,Rajasthan
15_Police_natural_death_and_suicide.csv,Area_Name,Sikkim
15_Police_natural_death_and_suicide.csv,Area_Name,Tamil Nadu
15_Police_natural_death_and_suicide.csv,Area_Name,Tripura
15_Police_natural_death_and_suicide.csv,Area_Name,Uttar Pradesh
15_Police_natural_death_and_suicide.csv,Area_Name,Uttarakhand
15_Police_natural_death_and_suicide.csv,Area_Name,West Bengal
16_Casualties_under_police_firing_and_lathi_charge.csv,Area_Name,Andaman & Nicobar Islands
16_Casualties_under_police_firing_and_lathi_charge.csv,Area_Name,Andhra Pradesh
16_Casualties_under_police_firing_and_lathi_charge.csv,Area_Name,Arunachal Pradesh
16_Casualties_under_police_firing_and_lathi_charge.csv,Area_Name,Assam
16_Casualties_under_police_firing_and_lathi_charge.csv,Area_Name,Bihar
16_Casualties_under_police_firing_and_lathi_charge.csv,Area_Name,Chandigarh
16_Casualties_under_police_firing_and_lathi_charge.csv,Area_Name,Chhattisgarh
16_Casualties_under_police_firing_and_lathi_charge.csv,Area_Name,Dadra & Nagar Haveli
16_Casualties_under_police_firing_and_lathi_charge.csv,Area_Name,Daman & Diu
16_Casualties_under_police_firing_and_lathi_charge.csv,Area_Name,Delhi
16_Casualties_under_police_firing_and_lathi_charge.csv,Area_Name,Goa
16_Casualties_under_police_firing_and_lathi_charge.csv,Area_Name,Gujarat
16_Casualties_under_police_firing_and_lathi_charge.csv,Area_Name,Haryana
16_Casualties_under_police_firing_and_lathi_charge.csv,Area_Name,Himachal Pradesh
16_Casualties_under_police_firing_and_lathi_charge.csv,Area_Name,Jammu & Kashmir
16_Casualties_under_police_firing_and_lathi_charge.csv,Area_Name,Jharkhand
16_Casualties_under_police_firing_and_lathi_charge.csv,Area_Name,Karnataka
16_Casualties_under_police_firing_and_lathi_charge.csv,Area_Name,Kerala
16_Casualties_under_police_firing_and_lathi_charge.csv,Area_Name,Lakshadweep
16_Casualties_under_police_firing_and_lathi_charge.csv,Area_Name,Madhya Pradesh
16_Casualties_under_police_firing_and_lathi_charge.csv,Area_Name,Maharashtra
16_Casualties_under_police_firing_and_lathi_charge.csv,Area_Name,Manipur
16_Casualties_under_police_firing_and_lathi_charge.csv,Area_Name,Meghalaya
16_Casualties_under_police_firing_and_lathi_charge.csv,Area_Name,Mizoram
16_Casualties_under_police_firing_and_lathi_charge.csv,Area_Name,Nagaland
16_Casualties_under_police_firing_and_lathi_charge.csv,Area_Name,Odisha
16_Casualties_under_police_firing_and_lathi_charge.csv,Area_Name,Puducherry
16_Casualties_under_police_firing_and_lathi_charge.csv,Area_Name,Punjab
16_Casualties_under_police_firing_and_lathi_charge.csv,Area_Name,Rajasthan
16_Casualties_under_police_firing_and_lathi_charge.csv,Area_Name,Sikkim
16_Casualties_under_police_firing_and_lathi_charge.csv,Area_Name,Tamil Nadu
16_Casualties_under_police_firing_and_lathi_charge.csv,Area_Name,Tripura
16_Casualties_under_police_firing_and_lathi_charge.csv,Area_Name,Uttar Pradesh
16_Casualties_under_police_firing_and_lathi_charge.csv,Area_Name,Uttarakhand
16_Casualties_under_police_firing_and_lathi_charge.csv,Area_Name,West Bengal
17_Case_reported_and_value_of_property_taken_away_by_place_of_occurrence_2001_2012.csv,STATE/UT,Andhra Pradesh
17_Case_reported_and_value_of_property_taken_away_by_place_of_occurrence_2001_2012.csv,STATE/UT,Arunachal Pradesh
17_Case_reported_and_value_of_property_taken_away_by_place_of_occurrence_2001_2012.csv,STATE/UT,Assam
17_Case_reported_and_value_of_property_taken_away_by_place_of_occurrence_2001_2012.csv,STATE/UT,Bihar
17_Case_reported_and_value_of_property_taken_away_by_place_of_occurrence_2001_2012.csv,STATE/UT,Chhattisgarh
17_Case_reported_and_value_of_property_taken_away_by_place_of_occurrence_2001_2012.csv,STATE/UT,Goa
17_Case_reported_and_value_of_property_taken_away_by_place_of_occurrence_2001_2012.csv,STATE/UT,Gujarat
17_Case_reported_and_value_of_property_taken_away_by_place_of_occurrence_2001_2012.csv,STATE/UT,Haryana
17_Case_reported_and_value_of_property_taken_away_by_place_of_occurrence_2001_2012.csv,STATE/UT,Himachal Pradesh
17_Case_reported_and_value_of_property_taken_away_by_place_of_occurrence_2001_2012.csv,STATE/UT,Jammu & Kashmir
17_Case_reported_and_value_of_property_taken_away_by_place_of_occurrence_2001_2012.csv,STATE/UT,Jharkhand
17_Case_reported_and_value_of_property_taken_away_by_place_of_occurrence_2001_2012.csv,STATE/UT,Karnataka
17_Case_reported_and_value_of_property_taken_away_by_place_of_occurrence_2001_2012.csv,STATE/UT,Kerala
17_Case_reported_and_value_of_property_taken_away_by_place_of_occurrence_2001_2012.csv,STATE/UT,Madhya Pradesh
17_Case_reported_and_value_of_property_taken_away_by_place_of_occurrence_2001_2012.csv,STATE/UT,Maharashtra
17_Case_reported_and_value_of_property_taken_away_by_place_of_occurrence_2001_2012.csv,STATE/UT,Manipur
17_Case_reported_and_value_of_property_taken_away_by_place_of_occurrence_2001_2012.csv,STATE/UT,Meghalaya
17_Case_reported_and_value_of_property_taken_away_by_place_of_occurrence_2001_2012.csv,STATE/UT,Mizoram
17_Case_reported_and_value_of_property_taken_away_by_place_of_occurrence_2001_2012.csv,STATE/UT,Nagaland
17_Case_reported_and_value_of_property_taken_away_by_place_of_occurrence_2001_2012.csv,STATE/UT,Odisha
17_Case_reported_and_value_of_property_taken_away_by_place_of_occurrence_2001_2012.csv,STATE/UT,Punjab
17_Case_reported_and_value_of_property_taken_away_by_place_of_occurrence_2001_2012.csv,STATE/UT,Rajasthan
17_Case_reported_and_value_of_property_taken_away_by_place_of_occurrence_2001_2012.csv,STATE/UT,Sikkim
17_Case_reported_and_value_of_property_taken_away_by_place_of_occurrence_2001_2012.csv,STATE/UT,Tamil Nadu
17_Case_reported_and_value_of_property_taken_away_by_place_of_occurrence_2001_2012.csv,STATE/UT,Tripura
17_Case_reported_and_value_of_property_taken_away_by_place_of_occurrence_2001_2012.csv,STATE/UT,Uttar Pradesh
17_Case_reported_and_value_of_property_taken_away_by_place_of_occurrence_2001_2012.csv,STATE/UT,Uttarakhand
17_Case_reported_and_value_of_property_taken_away_by_place_of_occurrence_2001_2012.csv,STATE/UT,West Bengal
17_Case_reported_and_value_of_property_taken_away_by_place_of_occurrence_2001_2012.csv,STATE/UT,A&N Islands
17_Case_reported_and_value_of_property_taken_away_by_place_of_occurrence_2001_2012.csv,STATE/UT,Chandigarh
17_Case_reported_and_value_of_property_taken_away_by_place_of_occurrence_2001_2012.csv,STATE/UT,D&N Haveli
17_Case_reported_and_value_of_property_taken_away_by_place_of_occurrence_2001_2012.csv,STATE/UT,Daman & Diu
17_Case_reported_and_value_of_property_taken_away_by_place_of_occurrence_2001_2012.csv,STATE/UT,Delhi UT
17_Case_reported_and_value_of_property_taken_away_by_place_of_occurrence_2001_2012.csv,STATE/UT,Lakshadweep
17_Case_reported_and_value_of_property_taken_away_by_place_of_occurrence_2001_2012.csv,STATE/UT,Puducherry
17_Case_reported_and_value_of_property_taken_away_by_place_of_occurrence_2013.csv,STATE/UT,Andhra Pradesh
17_Case_reported_and_value_of_property_taken_away_by_place_of_occurrence_2013.csv,STATE/UT,Arunachal Pradesh
17_Case_reported_and_value_of_property_taken_away_by_place_of_occurrence_2013.csv,STATE/UT,Assam
17_Case_reported_and_value_of_property_taken_away_by_place_of_occurrence_2013.csv,STATE/UT,Bihar
17_Case_reported_and_value_of_property_taken_away_by_place_of_occurrence_2013.csv,STATE/UT,Chhattisgarh
17_Case_reported_and_value_of_property_taken_away_by_place_of_occurrence_2013.csv,STATE/UT,Goa
17_Case_reported_and_value_of_property_taken_away_by_place_of_occurrence_2013.csv,STATE/UT,Gujarat
17_Case_reported_and_value_of_property_taken_away_by_place_of_occurrence_2013.csv,STATE/UT,Haryana
17_Case_reported_and_value_of_property_taken_away_by_place_of_occurrence_2013.csv,STATE/UT,Himachal Pradesh
17_Case_reported_and_value_of_property_taken_away_by_place_of_occurrence_2013.csv,STATE/UT,Jammu & Kashmir
17_Case_reported_and_value_of_property_taken_away_by_place_of_occurrence_2013.csv,STATE/UT,Jharkhand
17_Case_reported_and_value_of_property_taken_away_by_place_of_occurrence_2013.csv,STATE/UT,Karnataka
17_Case_reported_and_value_of_property_taken_away_by_place_of_occurrence_2013.csv,STATE/UT,Kerala
17_Case_reported_and_value_of_property_taken_away_by_place_of_occurrence_2013.csv,STATE/UT,Madhya Pradesh
17_Case_reported_and_value_of_property_taken_away_by_place_of_occurrence_2013.csv,STATE/UT,Maharashtra
17_Case_reported_and_value_of_property_taken_away_by_place_of_occurrence_2013.csv,STATE/UT,Manipur
17_Case_reported_and_value_of_property_taken_away_by_place_of_occurrence_2013.csv,STATE/UT,Meghalaya
17_Case_reported_and_value_of_property_taken_away_by_place_of_occurrence_2013.csv,STATE/UT,Mizoram
17_Case_reported_and_value_of_property_taken_away_by_place_of_occurrence_2013.csv,STATE/UT,Nagaland
17_Case_reported_and_value_of_property_taken_away_by_place_of_occurrence_2013.csv,STATE/UT,Odisha
17_Case_reported_and_value_of_property_taken_away_by_place_of_occurrence_2013.csv,STATE/UT,Punjab
17_Case_reported_and_value_of_property_taken_away_by_place_of_occurrence_2013.csv,STATE/UT,Rajasthan
17_Case_reported_and_value_of_property_taken_away_by_place_of_occurrence_2013.csv,STATE/UT,Sikkim
17_Case_reported_and_value_of_property_taken_away_by_place_of_occurrence_2013.csv,STATE/UT,Tamil Nadu
17_Case_reported_and_value_of_property_taken_away_by_place_of_occurrence_2013.csv,STATE/UT,Tripura
17_Case_reported_and_value_of_property_taken_away_by_place_of_occurrence_2013.csv,STATE/UT,Uttar Pradesh
17_Case_reported_and_value_of_property_taken_away_by_place_of_occurrence_2013.csv,STATE/UT,Uttarakhand
17_Case_reported_and_value_of_property_taken_away_by_place_of_occurrence_2013.csv,STATE/UT,West Bengal
17_Case_reported_and_value_of_property_taken_away_by_place_of_occurrence_2013.csv,STATE/UT,A&N Islands
17_Case_reported_and_value_of_property_taken_away_by_place_of_occurrence_2013.csv,STATE/UT,Chandigarh
17_Case_reported_and_value_of_property_taken_away_by_place_of_occurrence_2013.csv,STATE/UT,D&N Haveli
17_Case_reported_and_value_of_property_taken_away_by_place_of_occurrence_2013.csv,STATE/UT,Daman & Diu
17_Case_reported_and_value_of_property_taken_away_by_place_of_occurrence_2013.csv,STATE/UT,Delhi UT
17_Case_reported_and_value_of_property_taken_away_by_place_of_occurrence_2013.csv,STATE/UT,Lakshadweep
17_Case_reported_and_value_of_property_taken_away_by_place_of_occurrence_2013.csv,STATE/UT,Puducherry
17_Crime_by_place_of_occurrence_2001_2012.csv,STATE/UT,ANDHRA PRADESH
17_Crime_by_place_of_occurrence_2001_2012.csv,STATE/UT,ARUNACHAL PRADESH
17_Crime_by_place_of_occurrence_2001_2012.csv,STATE/UT,ASSAM
17_Crime_by_place_of_occurrence_2001_2012.csv,STATE/UT,BIHAR
17_Crime_by_place_of_occurrence_2001_2012.csv,STATE/UT,CHHATTISGARH
17_Crime_by_place_of_occurrence_2001_2012.csv,STATE/UT,GOA
17_Crime_by_place_of_occurrence_2001_2012.csv,STATE/UT,GUJARAT
17_Crime_by_place_of_occurrence_2001_2012.csv,STATE/UT,HARYANA
17_Crime_by_place_of_occurrence_2001_2012.csv,STATE/UT,HIMACHAL PRADESH
17_Crime_by_place_of_occurrence_2001_2012.csv,STATE/UT,JAMMU & KASHMIR
17_Crime_by_place_of_occurrence_2001_2012.csv,STATE/UT,JHARKHAND
17_Crime_by_place_of_occurrence_2001_2012.csv,STATE/UT,KARNATAKA
17_Crime_by_place_of_occurrence_2001_2012.csv,STATE/UT,KERALA
17_Crime_by_place_of_occurrence_2001_2012.csv,STATE/UT,MADHYA PRADESH
17_Crime_by_place_of_occurrence_2001_2012.csv,STATE/UT,MAHARASHTRA
17_Crime_by_place_of_occurrence_2001_2012.csv,STATE/UT,MANIPUR
17_Crime_by_place_of_occurrence_2001_2012.csv,STATE/UT,MEGHALAYA
17_Crime_by_place_of_occurrence_2001_2012.csv,STATE/UT,MIZORAM
17_Crime_by_place_of_occurrence_2001_2012.csv,STATE/UT,NAGALAND
17_Crime_by_place_of_occurrence_2001_2012.csv,STATE/UT,ODISHA
17_Crime_by_place_of_occurrence_2001_2012.csv,STATE/UT,PUNJAB
17_Crime_by_place_of_occurrence_2001_2012.csv,STATE/UT,RAJASTHAN
17_Crime_by_place_of_occurrence_2001_2012.csv,STATE/UT,SIKKIM
17_Crime_by_place_of_occurrence_2001_2012.csv,STATE/UT,TAMIL NADU
17_Crime_by_place_of_occurrence_2001_2012.csv,STATE/UT,TRIPURA
17_Crime_by_place_of_occurrence_2001_2012.csv,STATE/UT,UTTAR PRADESH
17_Crime_by_place_of_occurrence_2001_2012.csv,STATE/UT,UTTARAKHAND
17_Crime_by_place_of_occurrence_2001_2012.csv,STATE/UT,WEST BENGAL
17_Crime_by_place_of_occurrence_2001_2012.csv,STATE/UT,TOTAL (STATES)
17_Crime_by_place_of_occurrence_2001_2012.csv,STATE/UT,A & N ISLANDS
17_Crime_by_place_of_occurrence_2001_2012.csv,STATE/UT,CHANDIGARH
17_Crime_by_place_of_occurrence_2001_2012.csv,STATE/UT,D & N HAVELI
17_Crime_by_place_of_occurrence_2001_2012.csv,STATE/UT,DAMAN & DIU
17_Crime_by_place_of_occurrence_2001_2012.csv,STATE/UT,DELHI
17_Crime_by_place_of_occurrence_2001_2012.csv,STATE/UT,LAKSHADWEEP
17_Crime_by_place_of_occurrence_2001_2012.csv,STATE/UT,PUDUCHERRY
17_Crime_by_place_of_occurrence_2001_2012.csv,STATE/UT,TOTAL (UTs)
17_Crime_by_place_of_occurrence_2001_2012.csv,STATE/UT,TOTAL (ALL-INDIA)
17_Crime_by_place_of_occurrence_2013.csv,STATE/UT,Andhra Pradesh
17_Crime_by_place_of_occurrence_2013.csv,STATE/UT,Arunachal Pradesh
17_Crime_by_place_of_occurrence_2013.csv,STATE/UT,Assam
17_Crime_by_place_of_occurrence_2013.csv,STATE/UT,Bihar
17_Crime_by_place_of_occurrence_2013.csv,STATE/UT,Chhattisgarh
17_Crime_by_place_of_occurrence_2013.csv,STATE/UT,Goa
17_Crime_by_place_of_occurrence_2013.csv,STATE/UT,Gujarat
17_Crime_by_place_of_occurrence_2013.csv,STATE/UT,Haryana
17_Crime_by_place_of_occurrence_2013.csv,STATE/UT,Himachal Pradesh
17_Crime_by_place_of_occurrence_2013.csv,STATE/UT,Jammu & Kashmir
17_Crime_by_place_of_occurrence_2013.csv,STATE/UT,Jharkhand
17_Crime_by_place_of_occurrence_2013.csv,STATE/UT,Karnataka
17_Crime_by_place_of_occurrence_2013.csv,STATE/UT,Kerala
17_Crime_by_place_of_occurrence_2013.csv,STATE/UT,Madhya Pradesh
17_Crime_by_place_of_occurrence_2013.csv,STATE/UT,Maharashtra
17_Crime_by_place_of_occurrence_2013.csv,STATE/UT,Manipur
17_Crime_by_place_of_occurrence_2013.csv,STATE/UT,Meghalaya
17_Crime_by_place_of_occurrence_2013.csv,STATE/UT,Mizoram
17_Crime_by_place_of_occurrence_2013.csv,STATE/UT,Nagaland
17_Crime_by_place_of_occurrence_2013.csv,STATE/UT,Odisha
17_Crime_by_place_of_occurrence_2013.csv,STATE/UT,Punjab
17_Crime_by_place_of_occurrence_2013.csv,STATE/UT,Rajasthan
17_Crime_by_place_of_occurrence_2013.csv,STATE/UT,Sikkim
17_Crime_by_place_of_occurrence_2013.csv,STATE/UT,Tamil Nadu
17_Crime_by_place_of_occurrence_2013.csv,STATE/UT,Tripura
17_Crime_by_place_of_occurrence_2013.csv,STATE/UT,Uttar Pradesh
17_Crime_by_place_of_occurrence_2013.csv,STATE/UT,Uttarakhand
17_Crime_by_place_of_occurrence_2013.csv,STATE/UT,West Bengal
17_Crime_by_place_of_occurrence_2013.csv,STATE/UT,Total (State)
17_Crime_by_place_of_occurrence_2013.csv,STATE/UT,A&N Islands
17_Crime_by_place_of_occurrence_2013.csv,STATE/UT,Chandigarh
17_Crime_by_place_of_occurrence_2013.csv,STATE/UT,D&N Haveli
17_Crime_by_place_of_occurrence_2013.csv,STATE/UT,Daman & Diu
17_Crime_by_place_of_occurrence_2013.csv,STATE/UT,Delhi UT
17_Crime_by_place_of_occurrence_2013.csv,STATE/UT,Lakshadweep
17_Crime_by_place_of_occurrence_2013.csv,STATE/UT,Puducherry
17_Crime_by_place_of_occurrence_2013.csv,STATE/UT,Total (UTs)
17_Crime_by_place_of_occurrence_2013.csv,STATE/UT,Total (All-India)
17_Crime_by_place_of_occurrence_2014.csv,States/UTs,Andhra Pradesh
17_Crime_by_place_of_occurrence_2014.csv,States/UTs,Arunachal Pradesh
17_Crime_by_place_of_occurrence_2014.csv,States/UTs,Assam
17_Crime_by_place_of_occurrence_2014.csv,States/UTs,Bihar
17_Crime_by_place_of_occurrence_2014.csv,States/UTs,Chhattisgarh
17_Crime_by_place_of_occurrence_2014.csv,States/UTs,Goa
17_Crime_by_place_of_occurrence_2014.csv,States/UTs,Gujarat
17_Crime_by_place_of_occurrence_2014.csv,States/UTs,Haryana
17_Crime_by_place_of_occurrence_2014.csv,States/UTs,Himachal Pradesh
17_Crime_by_place_of_occurrence_2014.csv,States/UTs,Jammu & Kashmir
17_Crime_by_place_of_occurrence_2014.csv,States/UTs,Jharkhand
17_Crime_by_place_of_occurrence_2014.csv,States/UTs,Karnataka
17_Crime_by_place_of_occurrence_2014.csv,States/UTs,Kerala
17_Crime_by_place_of_occurrence_2014.csv,States/UTs,Madhya Pradesh
17_Crime_by_place_of_occurrence_2014.csv,States/UTs,Maharashtra
17_Crime_by_place_of_occurrence_2014.csv,States/UTs,Manipur
17_Crime_by_place_of_occurrence_2014.csv,States/UTs,Meghalaya
17_Crime_by_place_of_occurrence_2014.csv,States/UTs,Mizoram
17_Crime_by_place_of_occurrence_2014.csv,States/UTs,Nagaland
17_Crime_by_place_of_occurrence_2014.csv,States/UTs,Odisha
17_Crime_by_place_of_occurrence_2014.csv,States/UTs,Punjab
17_Crime_by_place_of_occurrence_2014.csv,States/UTs,Rajasthan
17_Crime_by_place_of_occurrence_2014.csv,States/UTs,Sikkim
17_Crime_by_place_of_occurrence_2014.csv,States/UTs,Tamil Nadu
17_Crime_by_place_of_occurrence_2014.csv,States/UTs,Telangana
17_Crime_by_place_of_occurrence_2014.csv,States/UTs,Tripura
17_Crime_by_place_of_occurrence_2014.csv,States/UTs,Uttar Pradesh
17_Crime_by_place_of_occurrence_2014.csv,States/UTs,Uttarakhand
17_Crime_by_place_of_occurrence_2014.csv,States/UTs,West Bengal
17_Crime_by_place_of_occurrence_2014.csv,States/UTs,A & N Islands
17_Crime_by_place_of_occurrence_2014.csv,States/UTs,Chandigarh
17_Crime_by_place_of_occurrence_2014.csv,States/UTs,D&N Haveli
17_Crime_by_place_of_occurrence_2014.csv,States/UTs,Daman & Diu
17_Crime_by_place_of_occurrence_2014.csv,States/UTs,Delhi UT
17_Crime_by_place_of_occurrence_2014.csv,States/UTs,Lakshadweep
17_Crime_by_place_of_occurrence_2014.csv,States/UTs,Puducherry
17_Crime_by_place_of_occurrence_2014.csv,States/UTs,Total (States)
17_Crime_by_place_of_occurrence_2014.csv,States/UTs,Total (UTs)
17_Crime_by_place_of_occurrence_2014.csv,States/UTs,Total (All India)
18_01_Juveniles_arrested_Education.csv,Area_Name,Andaman & Nicobar Islands
18_01_Juveniles_arrested_Education.csv,Area_Name,Andhra Pradesh
18_01_Juveniles_arrested_Education.csv,Area_Name,Arunachal Pradesh
18_01_Juveniles_arrested_Education.csv,Area_Name,Assam
18_01_Juveniles_arrested_Education.csv,Area_Name,Bihar
18_01_Juveniles_arrested_Education.csv,Area_Name,Chandigarh
18_01_Juveniles_arrested_Education.csv,Area_Name,Chhattisgarh
18_01_Juveniles_arrested_Education.csv,Area_Name,Dadra & Nagar Haveli
18_01_Juveniles_arrested_Education.csv,Area_Name,Daman & Diu
18_01_Juveniles_arrested_Education.csv,Area_Name,Delhi
18_01_Juveniles_arrested_Education.csv,Area_Name,Goa
18_01_Juveniles_arrested_Education.csv,Area_Name,Gujarat
18_01_Juveniles_arrested_Education.csv,Area_Name,Haryana
18_01_Juveniles_arrested_Education.csv,Area_Name,Himachal Pradesh
18_01_Juveniles_arrested_Education.csv,Area_Name,Jammu & Kashmir
18_01_Juveniles_arrested_Education.csv,Area_Name,Jharkhand
18_01_Juveniles_arrested_Education.csv,Area_Name,Karnataka
18_01_Juveniles_arrested_Education.csv,Area_Name,Kerala
18_01_Juveniles_arrested_Education.csv,Area_Name,Lakshadweep
18_01_Juveniles_arrested_Education.csv,Area_Name,Madhya Pradesh
18_01_Juveniles_arrested_Education.csv,Area_Name,Maharashtra
18_01_Juveniles_arrested_Education.csv,Area_Name,Manipur
18_01_Juveniles_arrested_Education.csv,Area_Name,Meghalaya
18_01_Juveniles_arrested_Education.csv,Area_Name,Mizoram
18_01_Juveniles_arrested_Education.csv,Area_Name,Nagaland
18_01_Juveniles_arrested_Education.csv,Area_Name,Odisha
18_01_Juveniles_arrested_Education.csv,Area_Name,Puducherry
18_01_Juveniles_arrested_Education.csv,Area_Name,Punjab
18_01_Juveniles_arrested_Education.csv,Area_Name,Rajasthan
18_01_Juveniles_arrested_Education.csv,Area_Name,Sikkim
18_01_Juveniles_arrested_Education.csv,Area_Name,Tamil Nadu
18_01_Juveniles_arrested_Education.csv,Area_Name,Tripura
18_01_Juveniles_arrested_Education.csv,Area_Name,Uttar Pradesh
18_01_Juveniles_arrested_Education.csv,Area_Name,Uttarakhand
18_01_Juveniles_arrested_Education.csv,Area_Name,West Bengal
18_02_Juveniles_arrested_Economic_setup.csv,Area_Name,Andaman & Nicobar Islands
18_02_Juveniles_arrested_Economic_setup.csv,Area_Name,Andhra Pradesh
18_02_Juveniles_arrested_Economic_setup.csv,Area_Name,Arunachal Pradesh
18_02_Juveniles_arrested_Economic_setup.csv,Area_Name,Assam
18_02_Juveniles_arrested_Economic_setup.csv,Area_Name,Bihar
18_02_Juveniles_arrested_Economic_setup.csv,Area_Name,Chandigarh
18_02_Juveniles_arrested_Economic_setup.csv,Area_Name,Chhattisgarh
18_02_Juveniles_arrested_Economic_setup.csv,Area_Name,Dadra & Nagar Haveli
18_02_Juveniles_arrested_Economic_setup.csv,Area_Name,Daman & Diu
18_02_Juveniles_arrested_Economic_setup.csv,Area_Name,Delhi
18_02_Juveniles_arrested_Economic_setup.csv,Area_Name,Goa
18_02_Juveniles_arrested_Economic_setup.csv,Area_Name,Gujarat
18_02_Juveniles_arrested_Economic_setup.csv,Area_Name,Haryana
18_02_Juveniles_arrested_Economic_setup.csv,Area_Name,Himachal Pradesh
18_02_Juveniles_arrested_Economic_setup.csv,Area_Name,Jammu & Kashmir
18_02_Juveniles_arrested_Economic_setup.csv,Area_Name,Jharkhand
18_02_Juveniles_arrested_Economic_setup.csv,Area_Name,Karnataka
18_02_Juveniles_arrested_Economic_setup.csv,Area_Name,Kerala
18_02_Juveniles_arrested_Economic_setup.csv,Area_Name,Lakshadweep
18_02_Juveniles_arrested_Economic_setup.csv,Area_Name,Madhya Pradesh
18_02_Juveniles_arrested_Economic_setup.csv,Area_Name,Maharashtra
18_02_Juveniles_arrested_Economic_setup.csv,Area_Name,Manipur
18_02_Juveniles_arrested_Economic_setup.csv,Area_Name,Meghalaya
18_02_Juveniles_arrested_Economic_setup.csv,Area_Name,Mizoram
18_02_Juveniles_arrested_Economic_setup.csv,Area_Name,Nagaland
18_02_Juveniles_arrested_Economic_setup.csv,Area_Name,Odisha
18_02_Juveniles_arrested_Economic_setup.csv,Area_Name,Puducherry
18_02_Juveniles_arrested_Economic_setup.csv,Area_Name,Punjab
18_02_Juveniles_arrested_Economic_setup.csv,Area_Name,Rajasthan
18_02_Juveniles_arrested_Economic_setup.csv,Area_Name,Sikkim
18_02_Juveniles_arrested_Economic_setup.csv,Area_Name,Tamil Nadu
18_02_Juveniles_arrested_Economic_setup.csv,Area_Name,Tripura
18_02_Juveniles_arrested_Economic_setup.csv,Area_Name,Uttar Pradesh
18_02_Juveniles_arrested_Economic_setup.csv,Area_Name,Uttarakhand
18_02_Juveniles_arrested_Economic_setup.csv,Area_Name,West Bengal
18_03_Juveniles_arrested_Family_background.csv,Area_Name,Andaman & Nicobar Islands
18_03_Juveniles_arrested_Family_background.csv,Area_Name,Andhra Pradesh
18_03_Juveniles_arrested_Family_background.csv,Area_Name,Arunachal Pradesh
18_03_Juveniles_arrested_Family_background.csv,Area_Name,Assam
18_03_Juveniles_arrested_Family_background.csv,Area_Name,Bihar
18_03_Juveniles_arrested_Family_background.csv,Area_Name,Chandigarh
18_03_Juveniles_arrested_Family_background.csv,Area_Name,Chhattisgarh
18_03_Juveniles_arrested_Family_background.csv,Area_Name,Dadra & Nagar Haveli
18_03_Juveniles_arrested_Family_background.csv,Area_Name,Daman & Diu
18_03_Juveniles_arrested_Family_background.csv,Area_Name,Delhi
18_03_Juveniles_arrested_Family_background.csv,Area_Name,Goa
18_03_Juveniles_arrested_Family_background.csv,Area_Name,Gujarat
18_03_Juveniles_arrested_Family_background.csv,Area_Name,Haryana
18_03_Juveniles_arrested_Family_background.csv,Area_Name,Himachal Pradesh
18_03_Juveniles_arrested_Family_background.csv,Area_Name,Jammu & Kashmir
18_03_Juveniles_arrested_Family_background.csv,Area_Name,Jharkhand
18_03_Juveniles_arrested_Family_background.csv,Area_Name,Karnataka
18_03_Juveniles_arrested_Family_background.csv,Area_Name,Kerala
18_03_Juveniles_arrested_Family_background.csv,Area_Name,Lakshadweep
18_03_Juveniles_arrested_Family_background.csv,Area_Name,Madhya Pradesh
18_03_Juveniles_arrested_Family_background.csv,Area_Name,Maharashtra
18_03_Juveniles_arrested_Family_background.csv,Area_Name,Manipur
18_03_Juveniles_arrested_Family_background.csv,Area_Name,Meghalaya
18_03_Juveniles_arrested_Family_background.csv,Area_Name,Mizoram
18_03_Juveniles_arrested_Family_background.csv,Area_Name,Nagaland
18_03_Juveniles_arrested_Family_background.csv,Area_Name,Odisha
18_03_Juveniles_arrested_Family_background.csv,Area_Name,Puducherry
18_03_Juveniles_arrested_Family_background.csv,Area_Name,Punjab
18_03_Juveniles_arrested_Family_background.csv,Area_Name,Rajasthan
18_03_Juveniles_arrested_Family_background.csv,Area_Name,Sikkim
18_03_Juveniles_arrested_Family_background.csv,Area_Name,Tamil Nadu
18_03_Juveniles_arrested_Family_background.csv,Area_Name,Tripura
18_03_Juveniles_arrested_Family_background.csv,Area_Name,Uttar Pradesh
18_03_Juveniles_arrested_Family_background.csv,Area_Name,Uttarakhand
18_03_Juveniles_arrested_Family_background.csv,Area_Name,West Bengal
18_04_Juveniles_arrested_Recidivism.csv,Area_Name,Andaman & Nicobar Islands
18_04_Juveniles_arrested_Recidivism.csv,Area_Name,Andhra Pradesh
18_04_Juveniles_arrested_Recidivism.csv,Area_Name,Arunachal Pradesh
18_04_Juveniles_arrested_Recidivism.csv,Area_Name,Assam
18_04_Juveniles_arrested_Recidivism.csv,Area_Name,Bihar
18_04_Juveniles_arrested_Recidivism.csv,Area_Name,Chandigarh
18_04_Juveniles_arrested_Recidivism.csv,Area_Name,Chhattisgarh
18_04_Juveniles_arrested_Recidivism.csv,Area_Name,Dadra & Nagar Haveli
18_04_Juveniles_arrested_Recidivism.csv,Area_Name,Daman & Diu
18_04_Juveniles_arrested_Recidivism.csv,Area_Name,Delhi
18_04_Juveniles_arrested_Recidivism.csv,Area_Name,Goa
18_04_Juveniles_arrested_Recidivism.csv,Area_Name,Gujarat
18_04_Juveniles_arrested_Recidivism.csv,Area_Name,Haryana
18_04_Juveniles_arrested_Recidivism.csv,Area_Name,Himachal Pradesh
18_04_Juveniles_arrested_Recidivism.csv,Area_Name,Jammu & Kashmir
18_04_Juveniles_arrested_Recidivism.csv,Area_Name,Jharkhand
18_04_Juveniles_arrested_Recidivism.csv,Area_Name,Karnataka
18_04_Juveniles_arrested_Recidivism.csv,Area_Name,Kerala
18_04_Juveniles_arrested_Recidivism.csv,Area_Name,Lakshadweep
18_04_Juveniles_arrested_Recidivism.csv,Area_Name,Madhya Pradesh
18_04_Juveniles_arrested_Recidivism.csv,Area_Name,Maharashtra
18_04_Juveniles_arrested_Recidivism.csv,Area_Name,Manipur
18_04_Juveniles_arrested_Recidivism.csv,Area_Name,Meghalaya
18_04_Juveniles_arrested_Recidivism.csv,Area_Name,Mizoram
18_04_Juveniles_arrested_Recidivism.csv,Area_Name,Nagaland
18_04_Juveniles_arrested_Recidivism.csv,Area_Name,Odisha
18_04_Juveniles_arrested_Recidivism.csv,Area_Name,Puducherry
18_04_Juveniles_arrested_Recidivism.csv,Area_Name,Punjab
18_04_Juveniles_arrested_Recidivism.csv,Area_Name,Rajasthan
18_04_Juveniles_arrested_Recidivism.csv,Area_Name,Sikkim
18_04_Juveniles_arrested_Recidivism.csv,Area_Name,Tamil Nadu
18_04_Juveniles_arrested_Recidivism.csv,Area_Name,Tripura
18_04_Juveniles_arrested_Recidivism.csv,Area_Name,Uttar Pradesh
18_04_Juveniles_arrested_Recidivism.csv,Area_Name,Uttarakhand
18_04_Juveniles_arrested_Recidivism.csv,Area_Name,West Bengal
19_Motive_or_cause_of_murder_and_culpable_homicide_not_amounting_to_murder.csv,Area_Name,Odisha
19_Motive_or_cause_of_murder_and_culpable_homicide_not_amounting_to_murder.csv,Area_Name,Jharkhand
19_Motive_or_cause_of_murder_and_culpable_homicide_not_amounting_to_murder.csv,Area_Name,Bihar
19_Motive_or_cause_of_murder_and_culpable_homicide_not_amounting_to_murder.csv,Area_Name,Karnataka
19_Motive_or_cause_of_murder_and_culpable_homicide_not_amounting_to_murder.csv,Area_Name,Haryana
19_Motive_or_cause_of_murder_and_culpable_homicide_not_amounting_to_murder.csv,Area_Name,Andaman & Nicobar Islands
19_Motive_or_cause_of_murder_and_culpable_homicide_not_amounting_to_murder.csv,Area_Name,Andhra Pradesh
19_Motive_or_cause_of_murder_and_culpable_homicide_not_amounting_to_murder.csv,Area_Name,Arunachal Pradesh
19_Motive_or_cause_of_murder_and_culpable_homicide_not_amounting_to_murder.csv,Area_Name,Assam
19_Motive_or_cause_of_murder_and_culpable_homicide_not_amounting_to_murder.csv,Area_Name,Chandigarh
19_Motive_or_cause_of_murder_and_culpable_homicide_not_amounting_to_murder.csv,Area_Name,Chhattisgarh
19_Motive_or_cause_of_murder_and_culpable_homicide_not_amounting_to_murder.csv,Area_Name,Dadra & Nagar Haveli
19_Motive_or_cause_of_murder_and_culpable_homicide_not_amounting_to_murder.csv,Area_Name,Daman & Diu
19_Motive_or_cause_of_murder_and_culpable_homicide_not_amounting_to_murder.csv,Area_Name,Delhi
19_Motive_or_cause_of_murder_and_culpable_homicide_not_amounting_to_murder.csv,Area_Name,Goa
19_Motive_or_cause_of_murder_and_culpable_homicide_not_amounting_to_murder.csv,Area_Name,Gujarat
19_Motive_or_cause_of_murder_and_culpable_homicide_not_amounting_to_murder.csv,Area_Name,Himachal Pradesh
19_Motive_or_cause_of_murder_and_culpable_homicide_not_amounting_to_murder.csv,Area_Name,Jammu & Kashmir
19_Motive_or_cause_of_murder_and_culpable_homicide_not_amounting_to_murder.csv,Area_Name,Kerala
19_Motive_or_cause_of_murder_and_culpable_homicide_not_amounting_to_murder.csv,Area_Name,Lakshadweep
19_Motive_or_cause_of_murder_and_culpable_homicide_not_amounting_to_murder.csv,Area_Name,Madhya Pradesh
19_Motive_or_cause_of_murder_and_culpable_homicide_not_amounting_to_murder.csv,Area_Name,Maharashtra
19_Motive_or_cause_of_murder_and_culpable_homicide_not_amounting_to_murder.csv,Area_Name,Manipur
19_Motive_or_cause_of_murder_and_culpable_homicide_not_amounting_to_murder.csv,Area_Name,Meghalaya
19_Motive_or_cause_of_murder_and_culpable_homicide_not_amounting_to_murder.csv,Area_Name,Mizoram
19_Motive_or_cause_of_murder_and_culpable_homicide_not_amounting_to_murder.csv,Area_Name,Nagaland
19_Motive_or_cause_of_murder_and_culpable_homicide_not_amounting_to_murder.csv,Area_Name,Puducherry
19_Motive_or_cause_of_murder_and_culpable_homicide_not_amounting_to_murder.csv,Area_Name,Punjab
19_Motive_or_cause_of_murder_and_culpable_homicide_not_amounting_to_murder.csv,Area_Name,Rajasthan
19_Motive_or_cause_of_murder_and_culpable_homicide_not_amounting_to_murder.csv,Area_Name,Sikkim
19_Motive_or_cause_of_murder_and_culpable_homicide_not_amounting_to_murder.csv,Area_Name,Tamil Nadu
19_Motive_or_cause_of_murder_and_culpable_homicide_not_amounting_to_murder.csv,Area_Name,Tripura
19_Motive_or_cause_of_murder_and_culpable_homicide_not_amounting_to_murder.csv,Area_Name,Uttar Pradesh
19_Motive_or_cause_of_murder_and_culpable_homicide_not_amounting_to_murder.csv,Area_Name,Uttarakhand
19_Motive_or_cause_of_murder_and_culpable_homicide_not_amounting_to_murder.csv,Area_Name,West Bengal
20_Victims_of_rape.csv,Area_Name,Andaman & Nicobar Islands
20_Victims_of_rape.csv,Area_Name,Andhra Pradesh
20_Victims_of_rape.csv,Area_Name,Arunachal Pradesh
20_Victims_of_rape.csv,Area_Name,Assam
20_Victims_of_rape.csv,Area_Name,Bihar
20_Victims_of_rape.csv,Area_Name,Chandigarh
20_Victims_of_rape.csv,Area_Name,Chhattisgarh
20_Victims_of_rape.csv,Area_Name,Dadra & Nagar Haveli
20_Victims_of_rape.csv,Area_Name,Daman & Diu
20_Victims_of_rape.csv,Area_Name,Delhi
20_Victims_of_rape.csv,Area_Name,Goa
20_Victims_of_rape.csv,Area_Name,Gujarat
20_Victims_of_rape.csv,Area_Name,Haryana
20_Victims_of_rape.csv,Area_Name,Himachal Pradesh
20_Victims_of_rape.csv,Area_Name,Jammu & Kashmir
20_Victims_of_rape.csv,Area_Name,Jharkhand
20_Victims_of_rape.csv,Area_Name,Karnataka
20_Victims_of_rape.csv,Area_Name,Kerala
20_Victims_of_rape.csv,Area_Name,Lakshadweep
20_Victims_of_rape.csv,Area_Name,Madhya Pradesh
20_Victims_of_rape.csv,Area_Name,Maharashtra
20_Victims_of_rape.csv,Area_Name,Manipur
20_Victims_of_rape.csv,Area_Name,Meghalaya
20_Victims_of_rape.csv,Area_Name,Mizoram
20_Victims_of_rape.csv,Area_Name,Nagaland
20_Victims_of_rape.csv,Area_Name,Odisha
20_Victims_of_rape.csv,Area_Name,Puducherry
20_Victims_of_rape.csv,Area_Name,Punjab
20_Victims_of_rape.csv,Area_Name,Rajasthan
20_Victims_of_rape.csv,Area_Name,Sikkim
20_Victims_of_rape.csv,Area_Name,Tamil Nadu
20_Victims_of_rape.csv,Area_Name,Tripura
20_Victims_of_rape.csv,Area_Name,Uttar Pradesh
20_Victims_of_rape.csv,Area_Name,Uttarakhand
20_Victims_of_rape.csv,Area_Name,West Bengal
21_Offenders_known_to_the_victim.csv,Area_Name,Madhya Pradesh
21_Offenders_known_to_the_victim.csv,Area_Name,West Bengal
21_Offenders_known_to_the_victim.csv,Area_Name,Assam
21_Offenders_known_to_the_victim.csv,Area_Name,Bihar
21_Offenders_known_to_the_victim.csv,Area_Name,Uttar Pradesh
21_Offenders_known_to_the_victim.csv,Area_Name,Maharashtra
21_Offenders_known_to_the_victim.csv,Area_Name,Andhra Pradesh
21_Offenders_known_to_the_victim.csv,Area_Name,Rajasthan
21_Offenders_known_to_the_victim.csv,Area_Name,Chhattisgarh
21_Offenders_known_to_the_victim.csv,Area_Name,Delhi
21_Offenders_known_to_the_victim.csv,Area_Name,Haryana
21_Offenders_known_to_the_victim.csv,Area_Name,Jharkhand
21_Offenders_known_to_the_victim.csv,Area_Name,Odisha
21_Offenders_known_to_the_victim.csv,Area_Name,Kerala
21_Offenders_known_to_the_victim.csv,Area_Name,Punjab
21_Offenders_known_to_the_victim.csv,Area_Name,Tamil Nadu
21_Offenders_known_to_the_victim.csv,Area_Name,Karnataka
21_Offenders_known_to_the_victim.csv,Area_Name,Tripura
21_Offenders_known_to_the_victim.csv,Area_Name,Gujarat
21_Offenders_known_to_the_victim.csv,Area_Name,Jammu & Kashmir
21_Offenders_known_to_the_victim.csv,Area_Name,Uttarakhand
21_Offenders_known_to_the_victim.csv,Area_Name,Himachal Pradesh
21_Offenders_known_to_the_victim.csv,Area_Name,Meghalaya
21_Offenders_known_to_the_victim.csv,Area_Name,Mizoram
21_Offenders_known_to_the_victim.csv,Area_Name,Manipur
21_Offenders_known_to_the_victim.csv,Area_Name,Goa
21_Offenders_known_to_the_victim.csv,Area_Name,Chandigarh
21_Offenders_known_to_the_victim.csv,Area_Name,Sikkim
21_Offenders_known_to_the_victim.csv,Area_Name,Arunachal Pradesh
21_Offenders_known_to_the_victim.csv,Area_Name,Andaman & Nicobar Islands
21_Offenders_known_to_the_victim.csv,Area_Name,Puducherry
21_Offenders_known_to_the_victim.csv,Area_Name,Nagaland
21_Offenders_known_to_the_victim.csv,Area_Name,Dadra & Nagar Haveli
21_Offenders_known_to_the_victim.csv,Area_Name,Daman & Diu
21_Offenders_known_to_the_victim.csv,Area_Name,Lakshadweep
22_Persons_arrested_under_recidivism.csv,Area_Name,Uttar Pradesh
22_Persons_arrested_under_recidivism.csv,Area_Name,Maharashtra
22_Persons_arrested_under_recidivism.csv,Area_Name,Madhya Pradesh
22_Persons_arrested_under_recidivism.csv,Area_Name,Bihar
22_Persons_arrested_under_recidivism.csv,Area_Name,Andhra Pradesh
22_Persons_arrested_under_recidivism.csv,Area_Name,Kerala
22_Persons_arrested_under_recidivism.csv,Area_Name,Tamil Nadu
22_Persons_arrested_under_recidivism.csv,Area_Name,Rajasthan
22_Persons_arrested_under_recidivism.csv,Area_Name,Gujarat
22_Persons_arrested_under_recidivism.csv,Area_Name,Karnataka
22_Persons_arrested_under_recidivism.csv,Area_Name,West Bengal
22_Persons_arrested_under_recidivism.csv,Area_Name,Odisha
22_Persons_arrested_under_recidivism.csv,Area_Name,Haryana
22_Persons_arrested_under_recidivism.csv,Area_Name,Assam
22_Persons_arrested_under_recidivism.csv,Area_Name,Chhattisgarh
22_Persons_arrested_under_recidivism.csv,Area_Name,Jharkhand
22_Persons_arrested_under_recidivism.csv,Area_Name,Delhi
22_Persons_arrested_under_recidivism.csv,Area_Name,Punjab
22_Persons_arrested_under_recidivism.csv,Area_Name,Jammu & Kashmir
22_Persons_arrested_under_recidivism.csv,Area_Name,Himachal Pradesh
22_Persons_arrested_under_recidivism.csv,Area_Name,Uttarakhand
22_Persons_arrested_under_recidivism.csv,Area_Name,Tripura
22_Persons_arrested_under_recidivism.csv,Area_Name,Puducherry
22_Persons_arrested_under_recidivism.csv,Area_Name,Goa
22_Persons_arrested_under_recidivism.csv,Area_Name,Mizoram
22_Persons_arrested_under_recidivism.csv,Area_Name,Arunachal Pradesh
22_Persons_arrested_under_recidivism.csv,Area_Name,Chandigarh
22_Persons_arrested_under_recidivism.csv,Area_Name,Meghalaya
22_Persons_arrested_under_recidivism.csv,Area_Name,Manipur
22_Persons_arrested_under_recidivism.csv,Area_Name,Nagaland
22_Persons_arrested_under_recidivism.csv,Area_Name,Andaman & Nicobar Islands
22_Persons_arrested_under_recidivism.csv,Area_Name,Sikkim
22_Persons_arrested_under_recidivism.csv,Area_Name,Dadra & Nagar Haveli
22_Persons_arrested_under_recidivism.csv,Area_Name,Daman & Diu
22_Persons_arrested_under_recidivism.csv,Area_Name,Lakshadweep
23_Anti_corruprion_cases.csv,Area_Name,Rajasthan
23_Anti_corruprion_cases.csv,Area_Name,Maharashtra
23_Anti_corruprion_cases.csv,Area_Name,Tamil Nadu
23_Anti_corruprion_cases.csv,Area_Name,Punjab
23_Anti_corruprion_cases.csv,Area_Name,Karnataka
23_Anti_corruprion_cases.csv,Area_Name,Odisha
23_Anti_corruprion_cases.csv,Area_Name,Andhra Pradesh
23_Anti_corruprion_cases.csv,Area_Name,Haryana
23_Anti_corruprion_cases.csv,Area_Name,Madhya Pradesh
23_Anti_corruprion_cases.csv,Area_Name,Gujarat
23_Anti_corruprion_cases.csv,Area_Name,Kerala
23_Anti_corruprion_cases.csv,Area_Name,Himachal Pradesh
23_Anti_corruprion_cases.csv,Area_Name,Uttar Pradesh
23_Anti_corruprion_cases.csv,Area_Name,Bihar
23_Anti_corruprion_cases.csv,Area_Name,Jammu & Kashmir
23_Anti_corruprion_cases.csv,Area_Name,Delhi
23_Anti_corruprion_cases.csv,Area_Name,Jharkhand
23_Anti_corruprion_cases.csv,Area_Name,Chhattisgarh
23_Anti_corruprion_cases.csv,Area_Name,Assam
23_Anti_corruprion_cases.csv,Area_Name,Sikkim
23_Anti_corruprion_cases.csv,Area_Name,Nagaland
23_Anti_corruprion_cases.csv,Area_Name,Chandigarh
23_Anti_corruprion_cases.csv,Area_Name,Uttarakhand
23_Anti_corruprion_cases.csv,Area_Name,Goa
23_Anti_corruprion_cases.csv,Area_Name,Mizoram
23_Anti_corruprion_cases.csv,Area_Name,Manipur
23_Anti_corruprion_cases.csv,Area_Name,Arunachal Pradesh
23_Anti_corruprion_cases.csv,Area_Name,Puducherry
23_Anti_corruprion_cases.csv,Area_Name,Andaman & Nicobar Islands
23_Anti_corruprion_cases.csv,Area_Name,Lakshadweep
23_Anti_corruprion_cases.csv,Area_Name,Tripura
23_Anti_corruprion_cases.csv,Area_Name,West Bengal
23_Anti_corruprion_cases.csv,Area_Name,Meghalaya
23_Anti_corruprion_cases.csv,Area_Name,Daman & Diu
23_Anti_corruprion_cases.csv,Area_Name,Dadra & Nagar Haveli
24_Anti_corruption_arrests.csv,Area_Name,Bihar
24_Anti_corruption_arrests.csv,Area_Name,Gujarat
24_Anti_corruption_arrests.csv,Area_Name,Maharashtra
24_Anti_corruption_arrests.csv,Area_Name,Punjab
24_Anti_corruption_arrests.csv,Area_Name,Odisha
24_Anti_corruption_arrests.csv,Area_Name,Karnataka
24_Anti_corruption_arrests.csv,Area_Name,Andhra Pradesh
24_Anti_corruption_arrests.csv,Area_Name,Tamil Nadu
24_Anti_corruption_arrests.csv,Area_Name,Haryana
24_Anti_corruption_arrests.csv,Area_Name,Madhya Pradesh
24_Anti_corruption_arrests.csv,Area_Name,Rajasthan
24_Anti_corruption_arrests.csv,Area_Name,Himachal Pradesh
24_Anti_corruption_arrests.csv,Area_Name,Jammu & Kashmir
24_Anti_corruption_arrests.csv,Area_Name,Uttar Pradesh
24_Anti_corruption_arrests.csv,Area_Name,Delhi
24_Anti_corruption_arrests.csv,Area_Name,Jharkhand
24_Anti_corruption_arrests.csv,Area_Name,Nagaland
24_Anti_corruption_arrests.csv,Area_Name,Chhattisgarh
24_Anti_corruption_arrests.csv,Area_Name,Kerala
24_Anti_corruption_arrests.csv,Area_Name,Sikkim
24_Anti_corruption_arrests.csv,Area_Name,Chandigarh
24_Anti_corruption_arrests.csv,Area_Name,Mizoram
24_Anti_corruption_arrests.csv,Area_Name,Puducherry
24_Anti_corruption_arrests.csv,Area_Name,Goa
24_Anti_corruption_arrests.csv,Area_Name,Uttarakhand
24_Anti_corruption_arrests.csv,Area_Name,Manipur
24_Anti_corruption_arrests.csv,Area_Name,Andaman & Nicobar Islands
24_Anti_corruption_arrests.csv,Area_Name,Assam
24_Anti_corruption_arrests.csv,Area_Name,West Bengal
24_Anti_corruption_arrests.csv,Area_Name,Tripura
24_Anti_corruption_arrests.csv,Area_Name,Arunachal Pradesh
24_Anti_corruption_arrests.csv,Area_Name,Meghalaya
24_Anti_corruption_arrests.csv,Area_Name,Dadra & Nagar Haveli
24_Anti_corruption_arrests.csv,Area_Name,Lakshadweep
24_Anti_corruption_arrests.csv,Area_Name,Daman & Diu
25_Complaints_against_police.csv,Area_Name,Andaman & Nicobar Islands
25_Complaints_against_police.csv,Area_Name,Andhra Pradesh
25_Complaints_against_police.csv,Area_Name,Arunachal Pradesh
25_Complaints_against_police.csv,Area_Name,Assam
25_Complaints_against_police.csv,Area_Name,Bihar
25_Complaints_against_police.csv,Area_Name,Chandigarh
25_Complaints_against_police.csv,Area_Name,Chhattisgarh
25_Complaints_against_police.csv,Area_Name,Dadra & Nagar Haveli
25_Complaints_against_police.csv,Area_Name,Daman & Diu
25_Complaints_against_police.csv,Area_Name,Delhi
25_Complaints_against_police.csv,Area_Name,Goa
25_Complaints_against_police.csv,Area_Name,Gujarat
25_Complaints_against_police.csv,Area_Name,Haryana
25_Complaints_against_police.csv,Area_Name,Himachal Pradesh
25_Complaints_against_police.csv,Area_Name,Jammu & Kashmir
25_Complaints_against_police.csv,Area_Name,Jharkhand
25_Complaints_against_police.csv,Area_Name,Karnataka
25_Complaints_against_police.csv,Area_Name,Kerala
25_Complaints_against_police.csv,Area_Name,Lakshadweep
25_Complaints_against_police.csv,Area_Name,Madhya Pradesh
25_Complaints_against_police.csv,Area_Name,Maharashtra
25_Complaints_against_police.csv,Area_Name,Manipur
25_Complaints_against_police.csv,Area_Name,Meghalaya
25_Complaints_against_police.csv,Area_Name,Mizoram
25_Complaints_against_police.csv,Area_Name,Nagaland
25_Complaints_against_police.csv,Area_Name,Odisha
25_Complaints_against_police.csv,Area_Name,Puducherry
25_Complaints_against_police.csv,Area_Name,Punjab
25_Complaints_against_police.csv,Area_Name,Rajasthan
25_Complaints_against_police.csv,Area_Name,Sikkim
25_Complaints_against_police.csv,Area_Name,Tamil Nadu
25_Complaints_against_police.csv,Area_Name,Tripura
25_Complaints_against_police.csv,Area_Name,Uttar Pradesh
25_Complaints_against_police.csv,Area_Name,Uttarakhand
25_Complaints_against_police.csv,Area_Name,West Bengal
27_Nature_of_complaints_received_by_police.csv,Area_Name,Maharashtra
27_Nature_of_complaints_received_by_police.csv,Area_Name,Andhra Pradesh
27_Nature_of_complaints_received_by_police.csv,Area_Name,Kerala
27_Nature_of_complaints_received_by_police.csv,Area_Name,Delhi
27_Nature_of_complaints_received_by_police.csv,Area_Name,Tamil Nadu
27_Nature_of_complaints_received_by_police.csv,Area_Name,Uttar Pradesh
27_Nature_of_complaints_received_by_police.csv,Area_Name,West Bengal
27_Nature_of_complaints_received_by_police.csv,Area_Name,Punjab
27_Nature_of_complaints_received_by_police.csv,Area_Name,Gujarat
27_Nature_of_complaints_received_by_police.csv,Area_Name,Rajasthan
27_Nature_of_complaints_received_by_police.csv,Area_Name,Chhattisgarh
27_Nature_of_complaints_received_by_police.csv,Area_Name,Madhya Pradesh
27_Nature_of_complaints_received_by_police.csv,Area_Name,Bihar
27_Nature_of_complaints_received_by_police.csv,Area_Name,Karnataka
27_Nature_of_complaints_received_by_police.csv,Area_Name,Haryana
27_Nature_of_complaints_received_by_police.csv,Area_Name,Odisha
27_Nature_of_complaints_received_by_police.csv,Area_Name,Assam
27_Nature_of_complaints_received_by_police.csv,Area_Name,Jharkhand
27_Nature_of_complaints_received_by_police.csv,Area_Name,Jammu & Kashmir
27_Nature_of_complaints_received_by_police.csv,Area_Name,Uttarakhand
27_Nature_of_complaints_received_by_police.csv,Area_Name,Himachal Pradesh
27_Nature_of_complaints_received_by_police.csv,Area_Name,Chandigarh
27_Nature_of_complaints_received_by_police.csv,Area_Name,Tripura
27_Nature_of_complaints_received_by_police.csv,Area_Name,Puducherry
27_Nature_of_complaints_received_by_police.csv,Area_Name,Mizoram
27_Nature_of_complaints_received_by_police.csv,Area_Name,Manipur
27_Nature_of_complaints_received_by_police.csv,Area_Name,Andaman & Nicobar Islands
27_Nature_of_complaints_received_by_police.csv,Area_Name,Arunachal Pradesh
27_Nature_of_complaints_received_by_police.csv,Area_Name,Meghalaya
27_Nature_of_complaints_received_by_police.csv,Area_Name,Sikkim
27_Nature_of_complaints_received_by_police.csv,Area_Name,Nagaland
27_Nature_of_complaints_received_by_police.csv,Area_Name,Goa
27_Nature_of_complaints_received_by_police.csv,Area_Name,Dadra & Nagar Haveli
27_Nature_of_complaints_received_by_police.csv,Area_Name,Daman & Diu
27_Nature_of_complaints_received_by_police.csv,Area_Name,Lakshadweep
28_Trial_of_violent_crimes_by_courts.csv,Area_Name,Andhra Pradesh
28_Trial_of_violent_crimes_by_courts.csv,Area_Name,Arunachal Pradesh
28_Trial_of_violent_crimes_by_courts.csv,Area_Name,Assam
28_Trial_of_violent_crimes_by_courts.csv,Area_Name,Bihar
28_Trial_of_violent_crimes_by_courts.csv,Area_Name,Chandigarh
28_Trial_of_violent_crimes_by_courts.csv,Area_Name,Chhattisgarh
28_Trial_of_violent_crimes_by_courts.csv,Area_Name,Dadra & Nagar Haveli
28_Trial_of_violent_crimes_by_courts.csv,Area_Name,Delhi
28_Trial_of_violent_crimes_by_courts.csv,Area_Name,Goa
28_Trial_of_violent_crimes_by_courts.csv,Area_Name,Gujarat
28_Trial_of_violent_crimes_by_courts.csv,Area_Name,Haryana
28_Trial_of_violent_crimes_by_courts.csv,Area_Name,Himachal Pradesh
28_Trial_of_violent_crimes_by_courts.csv,Area_Name,Jammu & Kashmir
28_Trial_of_violent_crimes_by_courts.csv,Area_Name,Jharkhand
28_Trial_of_violent_crimes_by_courts.csv,Area_Name,Karnataka
28_Trial_of_violent_crimes_by_courts.csv,Area_Name,Kerala
28_Trial_of_violent_crimes_by_courts.csv,Area_Name,Madhya Pradesh
28_Trial_of_violent_crimes_by_courts.csv,Area_Name,Maharashtra
28_Trial_of_violent_crimes_by_courts.csv,Area_Name,Meghalaya
28_Trial_of_violent_crimes_by_courts.csv,Area_Name,Mizoram
28_Trial_of_violent_crimes_by_courts.csv,Area_Name,Nagaland
28_Trial_of_violent_crimes_by_courts.csv,Area_Name,Odisha
28_Trial_of_violent_crimes_by_courts.csv,Area_Name,Puducherry
28_Trial_of_violent_crimes_by_courts.csv,Area_Name,Punjab
28_Trial_of_violent_crimes_by_courts.csv,Area_Name,Rajasthan
28_Trial_of_violent_crimes_by_courts.csv,Area_Name,Tamil Nadu
28_Trial_of_violent_crimes_by_courts.csv,Area_Name,Tripura
28_Trial_of_violent_crimes_by_courts.csv,Area_Name,Uttar Pradesh
28_Trial_of_violent_crimes_by_courts.csv,Area_Name,Uttarakhand
28_Trial_of_violent_crimes_by_courts.csv,Area_Name,West Bengal
28_Trial_of_violent_crimes_by_courts.csv,Area_Name,Andaman & Nicobar Islands
28_Trial_of_violent_crimes_by_courts.csv,Area_Name,Daman & Diu
28_Trial_of_violent_crimes_by_courts.csv,Area_Name,Sikkim
28_Trial_of_violent_crimes_by_courts.csv,Area_Name,Manipur
28_Trial_of_violent_crimes_by_courts.csv,Area_Name,Lakshadweep
29_Period_of_trials_by_courts.csv,Area_Name,Andhra Pradesh
29_Period_of_trials_by_courts.csv,Area_Name,Arunachal Pradesh
29_Period_of_trials_by_courts.csv,Area_Name,Assam
29_Period_of_trials_by_courts.csv,Area_Name,Bihar
29_Period_of_trials_by_courts.csv,Area_Name,Chhattisgarh
29_Period_of_trials_by_courts.csv,Area_Name,Dadra & Nagar Haveli
29_Period_of_trials_by_courts.csv,Area_Name,Daman & Diu
29_Period_of_trials_by_courts.csv,Area_Name,Delhi
29_Period_of_trials_by_courts.csv,Area_Name,Goa
29_Period_of_trials_by_courts.csv,Area_Name,Gujarat
29_Period_of_trials_by_courts.csv,Area_Name,Haryana
29_Period_of_trials_by_courts.csv,Area_Name,Himachal Pradesh
29_Period_of_trials_by_courts.csv,Area_Name,Jammu & Kashmir
29_Period_of_trials_by_courts.csv,Area_Name,Jharkhand
29_Period_of_trials_by_courts.csv,Area_Name,Karnataka
29_Period_of_trials_by_courts.csv,Area_Name,Kerala
29_Period_of_trials_by_courts.csv,Area_Name,Madhya Pradesh
29_Period_of_trials_by_courts.csv,Area_Name,Maharashtra
29_Period_of_trials_by_courts.csv,Area_Name,Manipur
29_Period_of_trials_by_courts.csv,Area_Name,Meghalaya
29_Period_of_trials_by_courts.csv,Area_Name,Mizoram
29_Period_of_trials_by_courts.csv,Area_Name,Nagaland
29_Period_of_trials_by_courts.csv,Area_Name,Odisha
29_Period_of_trials_by_courts.csv,Area_Name,Punjab
29_Period_of_trials_by_courts.csv,Area_Name,Rajasthan
29_Period_of_trials_by_courts.csv,Area_Name,Sikkim
29_Period_of_trials_by_courts.csv,Area_Name,Tamil Nadu
29_Period_of_trials_by_courts.csv,Area_Name,Tripura
29_Period_of_trials_by_courts.csv,Area_Name,Uttar Pradesh
29_Period_of_trials_by_courts.csv,Area_Name,Uttarakhand
29_Period_of_trials_by_courts.csv,Area_Name,West Bengal
29_Period_of_trials_by_courts.csv,Area_Name,Andaman & Nicobar Islands
29_Period_of_trials_by_courts.csv,Area_Name,Chandigarh
29_Period_of_trials_by_courts.csv,Area_Name,Puducherry
29_Period_of_trials_by_courts.csv,Area_Name,Lakshadweep
30_Auto_theft.csv,Area_Name,Andaman & Nicobar Islands
30_Auto_theft.csv,Area_Name,Andhra Pradesh
30_Auto_theft.csv,Area_Name,Arunachal Pradesh
30_Auto_theft.csv,Area_Name,Assam
30_Auto_theft.csv,Area_Name,Bihar
30_Auto_theft.csv,Area_Name,Chandigarh
30_Auto_theft.csv,Area_Name,Chhattisgarh
30_Auto_theft.csv,Area_Name,Dadra & Nagar Haveli
30_Auto_theft.csv,Area_Name,Delhi
30_Auto_theft.csv,Area_Name,Goa
30_Auto_theft.csv,Area_Name,Gujarat
30_Auto_theft.csv,Area_Name,Haryana
30_Auto_theft.csv,Area_Name,Himachal Pradesh
30_Auto_theft.csv,Area_Name,Jammu & Kashmir
30_Auto_theft.csv,Area_Name,Jharkhand
30_Auto_theft.csv,Area_Name,Karnataka
30_Auto_theft.csv,Area_Name,Kerala
30_Auto_theft.csv,Area_Name,Madhya Pradesh
30_Auto_theft.csv,Area_Name,Maharashtra
30_Auto_theft.csv,Area_Name,Manipur
30_Auto_theft.csv,Area_Name,Meghalaya
30_Auto_theft.csv,Area_Name,Mizoram
30_Auto_theft.csv,Area_Name,Nagaland
30_Auto_theft.csv,Area_Name,Odisha
30_Auto_theft.csv,Area_Name,Puducherry
30_Auto_theft.csv,Area_Name,Punjab
30_Auto_theft.csv,Area_Name,Rajasthan
30_Auto_theft.csv,Area_Name,Sikkim
30_Auto_theft.csv,Area_Name,Tamil Nadu
30_Auto_theft.csv,Area_Name,Tripura
30_Auto_theft.csv,Area_Name,Uttar Pradesh
30_Auto_theft.csv,Area_Name,Uttarakhand
30_Auto_theft.csv,Area_Name,West Bengal
30_Auto_theft.csv,Area_Name,Daman & Diu
30_Auto_theft.csv,Area_Name,Lakshadweep
31_Serious_fraud.csv,Area_Name,Andhra Pradesh
31_Serious_fraud.csv,Area_Name,Arunachal Pradesh
31_Serious_fraud.csv,Area_Name,Assam
31_Serious_fraud.csv,Area_Name,Bihar
31_Serious_fraud.csv,Area_Name,Chandigarh
31_Serious_fraud.csv,Area_Name,Chhattisgarh
31_Serious_fraud.csv,Area_Name,Delhi
31_Serious_fraud.csv,Area_Name,Goa
31_Serious_fraud.csv,Area_Name,Gujarat
31_Serious_fraud.csv,Area_Name,Haryana
31_Serious_fraud.csv,Area_Name,Himachal Pradesh
31_Serious_fraud.csv,Area_Name,Jammu & Kashmir
31_Serious_fraud.csv,Area_Name,Jharkhand
31_Serious_fraud.csv,Area_Name,Karnataka
31_Serious_fraud.csv,Area_Name,Maharashtra
31_Serious_fraud.csv,Area_Name,Meghalaya
31_Serious_fraud.csv,Area_Name,Nagaland
31_Serious_fraud.csv,Area_Name,Odisha
31_Serious_fraud.csv,Area_Name,Punjab
31_Serious_fraud.csv,Area_Name,Tamil Nadu
31_Serious_fraud.csv,Area_Name,West Bengal
31_Serious_fraud.csv,Area_Name,Daman & Diu
31_Serious_fraud.csv,Area_Name,Madhya Pradesh
31_Serious_fraud.csv,Area_Name,Dadra & Nagar Haveli
31_Serious_fraud.csv,Area_Name,Sikkim
31_Serious_fraud.csv,Area_Name,Manipur
31_Serious_fraud.csv,Area_Name,Mizoram
31_Serious_fraud.csv,Area_Name,Puducherry
31_Serious_fraud.csv,Area_Name,Uttar Pradesh
31_Serious_fraud.csv,Area_Name,Kerala
31_Serious_fraud.csv,Area_Name,Tripura
31_Serious_fraud.csv,Area_Name,Uttarakhand
31_Serious_fraud.csv,Area_Name,Andaman & Nicobar Islands
32_Murder_victim_age_sex.csv,Area_Name,Andaman & Nicobar Islands
32_Murder_victim_age_sex.csv,Area_Name,Andhra Pradesh
32_Murder_victim_age_sex.csv,Area_Name,Arunachal Pradesh
32_Murder_victim_age_sex.csv,Area_Name,Assam
32_Murder_victim_age_sex.csv,Area_Name,Bihar
32_Murder_victim_age_sex.csv,Area_Name,Chandigarh
32_Murder_victim_age_sex.csv,Area_Name,Chhattisgarh
32_Murder_victim_age_sex.csv,Area_Name,Delhi
32_Murder_victim_age_sex.csv,Area_Name,Goa
32_Murder_victim_age_sex.csv,Area_Name,Gujarat
32_Murder_victim_age_sex.csv,Area_Name,Haryana
32_Murder_victim_age_sex.csv,Area_Name,Himachal Pradesh
32_Murder_victim_age_sex.csv,Area_Name,Jammu & Kashmir
32_Murder_victim_age_sex.csv,Area_Name,Jharkhand
32_Murder_victim_age_sex.csv,Area_Name,Karnataka
32_Murder_victim_age_sex.csv,Area_Name,Kerala
32_Murder_victim_age_sex.csv,Area_Name,Lakshadweep
32_Murder_victim_age_sex.csv,Area_Name,Madhya Pradesh
32_Murder_victim_age_sex.csv,Area_Name,Maharashtra
32_Murder_victim_age_sex.csv,Area_Name,Manipur
32_Murder_victim_age_sex.csv,Area_Name,Meghalaya
32_Murder_victim_age_sex.csv,Area_Name,Mizoram
32_Murder_victim_age_sex.csv,Area_Name,Nagaland
32_Murder_victim_age_sex.csv,Area_Name,Odisha
32_Murder_victim_age_sex.csv,Area_Name,Puducherry
32_Murder_victim_age_sex.csv,Area_Name,Punjab
32_Murder_victim_age_sex.csv,Area_Name,Rajasthan
32_Murder_victim_age_sex.csv,Area_Name,Sikkim
32_Murder_victim_age_sex.csv,Area_Name,Tamil Nadu
32_Murder_victim_age_sex.csv,Area_Name,Tripura
32_Murder_victim_age_sex.csv,Area_Name,Uttar Pradesh
32_Murder_victim_age_sex.csv,Area_Name,Uttarakhand
32_Murder_victim_age_sex.csv,Area_Name,West Bengal
32_Murder_victim_age_sex.csv,Area_Name,Dadra & Nagar Haveli
32_Murder_victim_age_sex.csv,Area_Name,Daman & Diu
33_CH_not_murder_victim_age_sex.csv,Area_Name,Andhra Pradesh
33_CH_not_murder_victim_age_sex.csv,Area_Name,Arunachal Pradesh
33_CH_not_murder_victim_age_sex.csv,Area_Name,Assam
33_CH_not_murder_victim_age_sex.csv,Area_Name,Bihar
33_CH_not_murder_victim_age_sex.csv,Area_Name,Chandigarh
33_CH_not_murder_victim_age_sex.csv,Area_Name,Chhattisgarh
33_CH_not_murder_victim_age_sex.csv,Area_Name,Delhi
33_CH_not_murder_victim_age_sex.csv,Area_Name,Goa
33_CH_not_murder_victim_age_sex.csv,Area_Name,Gujarat
33_CH_not_murder_victim_age_sex.csv,Area_Name,Haryana
33_CH_not_murder_victim_age_sex.csv,Area_Name,Himachal Pradesh
33_CH_not_murder_victim_age_sex.csv,Area_Name,Jammu & Kashmir
33_CH_not_murder_victim_age_sex.csv,Area_Name,Jharkhand
33_CH_not_murder_victim_age_sex.csv,Area_Name,Karnataka
33_CH_not_murder_victim_age_sex.csv,Area_Name,Kerala
33_CH_not_murder_victim_age_sex.csv,Area_Name,Madhya Pradesh
33_CH_not_murder_victim_age_sex.csv,Area_Name,Maharashtra
33_CH_not_murder_victim_age_sex.csv,Area_Name,Manipur
33_CH_not_murder_victim_age_sex.csv,Area_Name,Meghalaya
33_CH_not_murder_victim_age_sex.csv,Area_Name,Mizoram
33_CH_not_murder_victim_age_sex.csv,Area_Name,Nagaland
33_CH_not_murder_victim_age_sex.csv,Area_Name,Odisha
33_CH_not_murder_victim_age_sex.csv,Area_Name,Punjab
33_CH_not_murder_victim_age_sex.csv,Area_Name,Rajasthan
33_CH_not_murder_victim_age_sex.csv,Area_Name,Sikkim
33_CH_not_murder_victim_age_sex.csv,Area_Name,Tamil Nadu
33_CH_not_murder_victim_age_sex.csv,Area_Name,Uttar Pradesh
33_CH_not_murder_victim_age_sex.csv,Area_Name,Uttarakhand
33_CH_not_murder_victim_age_sex.csv,Area_Name,West Bengal
33_CH_not_murder_victim_age_sex.csv,Area_Name,Daman & Diu
33_CH_not_murder_victim_age_sex.csv,Area_Name,Puducherry
33_CH_not_murder_victim_age_sex.csv,Area_Name,Andaman & Nicobar Islands
33_CH_not_murder_victim_age_sex.csv,Area_Name,Dadra & Nagar Haveli
33_CH_not_murder_victim_age_sex.csv,Area_Name,Tripura
33_CH_not_murder_victim_age_sex.csv,Area_Name,Lakshadweep
34_Use_of_fire_arms_in_murder_cases.csv,Area_Name,Uttar Pradesh
34_Use_of_fire_arms_in_murder_cases.csv,Area_Name,Jharkhand
34_Use_of_fire_arms_in_murder_cases.csv,Area_Name,Bihar
34_Use_of_fire_arms_in_murder_cases.csv,Area_Name,Jammu & Kashmir
34_Use_of_fire_arms_in_murder_cases.csv,Area_Name,Assam
34_Use_of_fire_arms_in_murder_cases.csv,Area_Name,Punjab
34_Use_of_fire_arms_in_murder_cases.csv,Area_Name,Madhya Pradesh
34_Use_of_fire_arms_in_murder_cases.csv,Area_Name,Rajasthan
34_Use_of_fire_arms_in_murder_cases.csv,Area_Name,Haryana
34_Use_of_fire_arms_in_murder_cases.csv,Area_Name,Chhattisgarh
34_Use_of_fire_arms_in_murder_cases.csv,Area_Name,Andhra Pradesh
34_Use_of_fire_arms_in_murder_cases.csv,Area_Name,Karnataka
34_Use_of_fire_arms_in_murder_cases.csv,Area_Name,Delhi
34_Use_of_fire_arms_in_murder_cases.csv,Area_Name,West Bengal
34_Use_of_fire_arms_in_murder_cases.csv,Area_Name,Manipur
34_Use_of_fire_arms_in_murder_cases.csv,Area_Name,Maharashtra
34_Use_of_fire_arms_in_murder_cases.csv,Area_Name,Uttarakhand
34_Use_of_fire_arms_in_murder_cases.csv,Area_Name,Gujarat
34_Use_of_fire_arms_in_murder_cases.csv,Area_Name,Nagaland
34_Use_of_fire_arms_in_murder_cases.csv,Area_Name,Arunachal Pradesh
34_Use_of_fire_arms_in_murder_cases.csv,Area_Name,Odisha
34_Use_of_fire_arms_in_murder_cases.csv,Area_Name,Himachal Pradesh
34_Use_of_fire_arms_in_murder_cases.csv,Area_Name,Meghalaya
34_Use_of_fire_arms_in_murder_cases.csv,Area_Name,Tamil Nadu
34_Use_of_fire_arms_in_murder_cases.csv,Area_Name,Mizoram
34_Use_of_fire_arms_in_murder_cases.csv,Area_Name,Tripura
34_Use_of_fire_arms_in_murder_cases.csv,Area_Name,Kerala
34_Use_of_fire_arms_in_murder_cases.csv,Area_Name,Goa
34_Use_of_fire_arms_in_murder_cases.csv,Area_Name,Chandigarh
34_Use_of_fire_arms_in_murder_cases.csv,Area_Name,Dadra & Nagar Haveli
34_Use_of_fire_arms_in_murder_cases.csv,Area_Name,Sikkim
34_Use_of_fire_arms_in_murder_cases.csv,Area_Name,Daman & Diu
34_Use_of_fire_arms_in_murder_cases.csv,Area_Name,Puducherry
35_Human_rights_violation_by_police.csv,Area_Name,Andhra Pradesh
35_Human_rights_violation_by_police.csv,Area_Name,Arunachal Pradesh
35_Human_rights_violation_by_police.csv,Area_Name,Assam
35_Human_rights_violation_by_police.csv,Area_Name,Bihar
35_Human_rights_violation_by_police.csv,Area_Name,Chandigarh
35_Human_rights_violation_by_police.csv,Area_Name,Chhattisgarh
35_Human_rights_violation_by_police.csv,Area_Name,Gujarat
35_Human_rights_violation_by_police.csv,Area_Name,Haryana
35_Human_rights_violation_by_police.csv,Area_Name,Himachal Pradesh
35_Human_rights_violation_by_police.csv,Area_Name,Jammu & Kashmir
35_Human_rights_violation_by_police.csv,Area_Name,Jharkhand
35_Human_rights_violation_by_police.csv,Area_Name,Karnataka
35_Human_rights_violation_by_police.csv,Area_Name,Madhya Pradesh
35_Human_rights_violation_by_police.csv,Area_Name,Maharashtra
35_Human_rights_violation_by_police.csv,Area_Name,Meghalaya
35_Human_rights_violation_by_police.csv,Area_Name,Nagaland
35_Human_rights_violation_by_police.csv,Area_Name,Odisha
35_Human_rights_violation_by_police.csv,Area_Name,Uttar Pradesh
35_Human_rights_violation_by_police.csv,Area_Name,West Bengal
35_Human_rights_violation_by_police.csv,Area_Name,Daman & Diu
35_Human_rights_violation_by_police.csv,Area_Name,Punjab
35_Human_rights_violation_by_police.csv,Area_Name,Rajasthan
35_Human_rights_violation_by_police.csv,Area_Name,Tamil Nadu
35_Human_rights_violation_by_police.csv,Area_Name,Manipur
35_Human_rights_violation_by_police.csv,Area_Name,Mizoram
35_Human_rights_violation_by_police.csv,Area_Name,Kerala
35_Human_rights_violation_by_police.csv,Area_Name,Tripura
35_Human_rights_violation_by_police.csv,Area_Name,Delhi
35_Human_rights_violation_by_police.csv,Area_Name,Goa
35_Human_rights_violation_by_police.csv,Area_Name,Uttarakhand
35_Human_rights_violation_by_police.csv,Area_Name,Puducherry
36_Police_housing.csv,Area_Name,Andaman & Nicobar Islands
36_Police_housing.csv,Area_Name,Andhra Pradesh
36_Police_housing.csv,Area_Name,Arunachal Pradesh
36_Police_housing.csv,Area_Name,Assam
36_Police_housing.csv,Area_Name,Bihar
36_Police_housing.csv,Area_Name,Chandigarh
36_Police_housing.csv,Area_Name,Chhattisgarh
36_Police_housing.csv,Area_Name,Dadra & Nagar Haveli
36_Police_housing.csv,Area_Name,Delhi
36_Police_housing.csv,Area_Name,Goa
36_Police_housing.csv,Area_Name,Gujarat
36_Police_housing.csv,Area_Name,Haryana
36_Police_housing.csv,Area_Name,Himachal Pradesh
36_Police_housing.csv,Area_Name,Jammu & Kashmir
36_Police_housing.csv,Area_Name,Karnataka
36_Police_housing.csv,Area_Name,Kerala
36_Police_housing.csv,Area_Name,Lakshadweep
36_Police_housing.csv,Area_Name,Madhya Pradesh
36_Police_housing.csv,Area_Name,Maharashtra
36_Police_housing.csv,Area_Name,Manipur
36_Police_housing.csv,Area_Name,Meghalaya
36_Police_housing.csv,Area_Name,Mizoram
36_Police_housing.csv,Area_Name,Nagaland
36_Police_housing.csv,Area_Name,Odisha
36_Police_housing.csv,Area_Name,Puducherry
36_Police_housing.csv,Area_Name,Punjab
36_Police_housing.csv,Area_Name,Rajasthan
36_Police_housing.csv,Area_Name,Sikkim
36_Police_housing.csv,Area_Name,Tamil Nadu
36_Police_housing.csv,Area_Name,Tripura
36_Police_housing.csv,Area_Name,Uttar Pradesh
36_Police_housing.csv,Area_Name,Uttarakhand
36_Police_housing.csv,Area_Name,West Bengal
36_Police_housing.csv,Area_Name,Daman & Diu
36_Police_housing.csv,Area_Name,Jharkhand
37_Home_guards_and_auxilliary_force.csv,Area_Name,Gujarat
37_Home_guards_and_auxilliary_force.csv,Area_Name,Maharashtra
37_Home_guards_and_auxilliary_force.csv,Area_Name,Andhra Pradesh
37_Home_guards_and_auxilliary_force.csv,Area_Name,Karnataka
37_Home_guards_and_auxilliary_force.csv,Area_Name,Punjab
37_Home_guards_and_auxilliary_force.csv,Area_Name,West Bengal
37_Home_guards_and_auxilliary_force.csv,Area_Name,Madhya Pradesh
37_Home_guards_and_auxilliary_force.csv,Area_Name,Tamil Nadu
37_Home_guards_and_auxilliary_force.csv,Area_Name,Delhi
37_Home_guards_and_auxilliary_force.csv,Area_Name,Chhattisgarh
37_Home_guards_and_auxilliary_force.csv,Area_Name,Uttarakhand
37_Home_guards_and_auxilliary_force.csv,Area_Name,Jharkhand
37_Home_guards_and_auxilliary_force.csv,Area_Name,Bihar
37_Home_guards_and_auxilliary_force.csv,Area_Name,Uttar Pradesh
37_Home_guards_and_auxilliary_force.csv,Area_Name,Tripura
37_Home_guards_and_auxilliary_force.csv,Area_Name,Assam
37_Home_guards_and_auxilliary_force.csv,Area_Name,Manipur
37_Home_guards_and_auxilliary_force.csv,Area_Name,Kerala
37_Home_guards_and_auxilliary_force.csv,Area_Name,Jammu & Kashmir
37_Home_guards_and_auxilliary_force.csv,Area_Name,Chandigarh
37_Home_guards_and_auxilliary_force.csv,Area_Name,Meghalaya
37_Home_guards_and_auxilliary_force.csv,Area_Name,Haryana
37_Home_guards_and_auxilliary_force.csv,Area_Name,Andaman & Nicobar Islands
37_Home_guards_and_auxilliary_force.csv,Area_Name,Puducherry
37_Home_guards_and_auxilliary_force.csv,Area_Name,Sikkim
37_Home_guards_and_auxilliary_force.csv,Area_Name,Goa
37_Home_guards_and_auxilliary_force.csv,Area_Name,Rajasthan
37_Home_guards_and_auxilliary_force.csv,Area_Name,Himachal Pradesh
37_Home_guards_and_auxilliary_force.csv,Area_Name,Dadra & Nagar Haveli
37_Home_guards_and_auxilliary_force.csv,Area_Name,Odisha
37_Home_guards_and_auxilliary_force.csv,Area_Name,Daman & Diu
37_Home_guards_and_auxilliary_force.csv,Area_Name,Mizoram
37_Home_guards_and_auxilliary_force.csv,Area_Name,Nagaland
37_Home_guards_and_auxilliary_force.csv,Area_Name,Lakshadweep
37_Home_guards_and_auxilliary_force.csv,Area_Name,Arunachal Pradesh
38_Unidentified_dead_bodies_recovered_and_inquest_conducted.csv,Area_Name,Andhra Pradesh
38_Unidentified_dead_bodies_recovered_and_inquest_conducted.csv,Area_Name,Arunachal Pradesh
38_Unidentified_dead_bodies_recovered_and_inquest_conducted.csv,Area_Name,Assam
38_Unidentified_dead_bodies_recovered_and_inquest_conducted.csv,Area_Name,Bihar
38_Unidentified_dead_bodies_recovered_and_inquest_conducted.csv,Area_Name,Chandigarh
38_Unidentified_dead_bodies_recovered_and_inquest_conducted.csv,Area_Name,Chhattisgarh
38_Unidentified_dead_bodies_recovered_and_inquest_conducted.csv,Area_Name,Delhi
38_Unidentified_dead_bodies_recovered_and_inquest_conducted.csv,Area_Name,Goa
38_Unidentified_dead_bodies_recovered_and_inquest_conducted.csv,Area_Name,Gujarat
38_Unidentified_dead_bodies_recovered_and_inquest_conducted.csv,Area_Name,Haryana
38_Unidentified_dead_bodies_recovered_and_inquest_conducted.csv,Area_Name,Himachal Pradesh
38_Unidentified_dead_bodies_recovered_and_inquest_conducted.csv,Area_Name,Jammu & Kashmir
38_Unidentified_dead_bodies_recovered_and_inquest_conducted.csv,Area_Name,Jharkhand
38_Unidentified_dead_bodies_recovered_and_inquest_conducted.csv,Area_Name,Karnataka
38_Unidentified_dead_bodies_recovered_and_inquest_conducted.csv,Area_Name,Kerala
38_Unidentified_dead_bodies_recovered_and_inquest_conducted.csv,Area_Name,Madhya Pradesh
38_Unidentified_dead_bodies_recovered_and_inquest_conducted.csv,Area_Name,Maharashtra
38_Unidentified_dead_bodies_recovered_and_inquest_conducted.csv,Area_Name,Meghalaya
38_Unidentified_dead_bodies_recovered_and_inquest_conducted.csv,Area_Name,Nagaland
38_Unidentified_dead_bodies_recovered_and_inquest_conducted.csv,Area_Name,Odisha
38_Unidentified_dead_bodies_recovered_and_inquest_conducted.csv,Area_Name,Puducherry
38_Unidentified_dead_bodies_recovered_and_inquest_conducted.csv,Area_Name,Punjab
38_Unidentified_dead_bodies_recovered_and_inquest_conducted.csv,Area_Name,Rajasthan
38_Unidentified_dead_bodies_recovered_and_inquest_conducted.csv,Area_Name,Tamil Nadu
38_Unidentified_dead_bodies_recovered_and_inquest_conducted.csv,Area_Name,Tripura
38_Unidentified_dead_bodies_recovered_and_inquest_conducted.csv,Area_Name,Uttar Pradesh
38_Unidentified_dead_bodies_recovered_and_inquest_conducted.csv,Area_Name,Uttarakhand
38_Unidentified_dead_bodies_recovered_and_inquest_conducted.csv,Area_Name,West Bengal
38_Unidentified_dead_bodies_recovered_and_inquest_conducted.csv,Area_Name,Daman & Diu
38_Unidentified_dead_bodies_recovered_and_inquest_conducted.csv,Area_Name,Andaman & Nicobar Islands
38_Unidentified_dead_bodies_recovered_and_inquest_conducted.csv,Area_Name,Dadra & Nagar Haveli
38_Unidentified_dead_bodies_recovered_and_inquest_conducted.csv,Area_Name,Sikkim
38_Unidentified_dead_bodies_recovered_and_inquest_conducted.csv,Area_Name,Manipur
38_Unidentified_dead_bodies_recovered_and_inquest_conducted.csv,Area_Name,Mizoram
39_Specific_purpose_of_kidnapping_and_abduction.csv,Area_Name,Andhra Pradesh
39_Specific_purpose_of_kidnapping_and_abduction.csv,Area_Name,Arunachal Pradesh
39_Specific_purpose_of_kidnapping_and_abduction.csv,Area_Name,Assam
39_Specific_purpose_of_kidnapping_and_abduction.csv,Area_Name,Bihar
39_Specific_purpose_of_kidnapping_and_abduction.csv,Area_Name,Chandigarh
39_Specific_purpose_of_kidnapping_and_abduction.csv,Area_Name,Chhattisgarh
39_Specific_purpose_of_kidnapping_and_abduction.csv,Area_Name,Delhi
39_Specific_purpose_of_kidnapping_and_abduction.csv,Area_Name,Gujarat
39_Specific_purpose_of_kidnapping_and_abduction.csv,Area_Name,Haryana
39_Specific_purpose_of_kidnapping_and_abduction.csv,Area_Name,Himachal Pradesh
39_Specific_purpose_of_kidnapping_and_abduction.csv,Area_Name,Jammu & Kashmir
39_Specific_purpose_of_kidnapping_and_abduction.csv,Area_Name,Jharkhand
39_Specific_purpose_of_kidnapping_and_abduction.csv,Area_Name,Karnataka
39_Specific_purpose_of_kidnapping_and_abduction.csv,Area_Name,Maharashtra
39_Specific_purpose_of_kidnapping_and_abduction.csv,Area_Name,Meghalaya
39_Specific_purpose_of_kidnapping_and_abduction.csv,Area_Name,Mizoram
39_Specific_purpose_of_kidnapping_and_abduction.csv,Area_Name,Nagaland
39_Specific_purpose_of_kidnapping_and_abduction.csv,Area_Name,Odisha
39_Specific_purpose_of_kidnapping_and_abduction.csv,Area_Name,Punjab
39_Specific_purpose_of_kidnapping_and_abduction.csv,Area_Name,Rajasthan
39_Specific_purpose_of_kidnapping_and_abduction.csv,Area_Name,Sikkim
39_Specific_purpose_of_kidnapping_and_abduction.csv,Area_Name,Tamil Nadu
39_Specific_purpose_of_kidnapping_and_abduction.csv,Area_Name,Uttar Pradesh
39_Specific_purpose_of_kidnapping_and_abduction.csv,Area_Name,West Bengal
39_Specific_purpose_of_kidnapping_and_abduction.csv,Area_Name,Daman & Diu
39_Specific_purpose_of_kidnapping_and_abduction.csv,Area_Name,Madhya Pradesh
39_Specific_purpose_of_kidnapping_and_abduction.csv,Area_Name,Tripura
39_Specific_purpose_of_kidnapping_and_abduction.csv,Area_Name,Puducherry
39_Specific_purpose_of_kidnapping_and_abduction.csv,Area_Name,Kerala
39_Specific_purpose_of_kidnapping_and_abduction.csv,Area_Name,Manipur
39_Specific_purpose_of_kidnapping_and_abduction.csv,Area_Name,Dadra & Nagar Haveli
39_Specific_purpose_of_kidnapping_and_abduction.csv,Area_Name,Goa
39_Specific_purpose_of_kidnapping_and_abduction.csv,Area_Name,Uttarakhand
39_Specific_purpose_of_kidnapping_and_abduction.csv,Area_Name,Andaman & Nicobar Islands
39_Specific_purpose_of_kidnapping_and_abduction.csv,Area_Name,Lakshadweep
40_01_Custodial_death_person_remanded.csv,Area_Name,Andhra Pradesh
40_01_Custodial_death_person_remanded.csv,Area_Name,Arunachal Pradesh
40_01_Custodial_death_person_remanded.csv,Area_Name,Assam
40_01_Custodial_death_person_remanded.csv,Area_Name,Bihar
40_01_Custodial_death_person_remanded.csv,Area_Name,Chandigarh
40_01_Custodial_death_person_remanded.csv,Area_Name,Chhattisgarh
40_01_Custodial_death_person_remanded.csv,Area_Name,Gujarat
40_01_Custodial_death_person_remanded.csv,Area_Name,Haryana
40_01_Custodial_death_person_remanded.csv,Area_Name,Himachal Pradesh
40_01_Custodial_death_person_remanded.csv,Area_Name,Jammu & Kashmir
40_01_Custodial_death_person_remanded.csv,Area_Name,Jharkhand
40_01_Custodial_death_person_remanded.csv,Area_Name,Karnataka
40_01_Custodial_death_person_remanded.csv,Area_Name,Kerala
40_01_Custodial_death_person_remanded.csv,Area_Name,Madhya Pradesh
40_01_Custodial_death_person_remanded.csv,Area_Name,Maharashtra
40_01_Custodial_death_person_remanded.csv,Area_Name,Meghalaya
40_01_Custodial_death_person_remanded.csv,Area_Name,Mizoram
40_01_Custodial_death_person_remanded.csv,Area_Name,Nagaland
40_01_Custodial_death_person_remanded.csv,Area_Name,Odisha
40_01_Custodial_death_person_remanded.csv,Area_Name,Punjab
40_01_Custodial_death_person_remanded.csv,Area_Name,Rajasthan
40_01_Custodial_death_person_remanded.csv,Area_Name,West Bengal
40_01_Custodial_death_person_remanded.csv,Area_Name,Daman & Diu
40_01_Custodial_death_person_remanded.csv,Area_Name,Puducherry
40_01_Custodial_death_person_remanded.csv,Area_Name,Tamil Nadu
40_01_Custodial_death_person_remanded.csv,Area_Name,Uttar Pradesh
40_01_Custodial_death_person_remanded.csv,Area_Name,Manipur
40_01_Custodial_death_person_remanded.csv,Area_Name,Goa
40_01_Custodial_death_person_remanded.csv,Area_Name,Uttarakhand
40_01_Custodial_death_person_remanded.csv,Area_Name,Sikkim
40_01_Custodial_death_person_remanded.csv,Area_Name,Tripura
40_01_Custodial_death_person_remanded.csv,Area_Name,Dadra & Nagar Haveli
40_02_Custodial_death_person_not_remanded.csv,Area_Name,Andhra Pradesh
40_02_Custodial_death_person_not_remanded.csv,Area_Name,Arunachal Pradesh
40_02_Custodial_death_person_not_remanded.csv,Area_Name,Assam
40_02_Custodial_death_person_not_remanded.csv,Area_Name,Bihar
40_02_Custodial_death_person_not_remanded.csv,Area_Name,Chandigarh
40_02_Custodial_death_person_not_remanded.csv,Area_Name,Chhattisgarh
40_02_Custodial_death_person_not_remanded.csv,Area_Name,Delhi
40_02_Custodial_death_person_not_remanded.csv,Area_Name,Goa
40_02_Custodial_death_person_not_remanded.csv,Area_Name,Gujarat
40_02_Custodial_death_person_not_remanded.csv,Area_Name,Haryana
40_02_Custodial_death_person_not_remanded.csv,Area_Name,Himachal Pradesh
40_02_Custodial_death_person_not_remanded.csv,Area_Name,Jammu & Kashmir
40_02_Custodial_death_person_not_remanded.csv,Area_Name,Jharkhand
40_02_Custodial_death_person_not_remanded.csv,Area_Name,Karnataka
40_02_Custodial_death_person_not_remanded.csv,Area_Name,Madhya Pradesh
40_02_Custodial_death_person_not_remanded.csv,Area_Name,Maharashtra
40_02_Custodial_death_person_not_remanded.csv,Area_Name,Meghalaya
40_02_Custodial_death_person_not_remanded.csv,Area_Name,Mizoram
40_02_Custodial_death_person_not_remanded.csv,Area_Name,Nagaland
40_02_Custodial_death_person_not_remanded.csv,Area_Name,Odisha
40_02_Custodial_death_person_not_remanded.csv,Area_Name,Punjab
40_02_Custodial_death_person_not_remanded.csv,Area_Name,Rajasthan
40_02_Custodial_death_person_not_remanded.csv,Area_Name,Tamil Nadu
40_02_Custodial_death_person_not_remanded.csv,Area_Name,Uttar Pradesh
40_02_Custodial_death_person_not_remanded.csv,Area_Name,West Bengal
40_02_Custodial_death_person_not_remanded.csv,Area_Name,Daman & Diu
40_02_Custodial_death_person_not_remanded.csv,Area_Name,Tripura
40_02_Custodial_death_person_not_remanded.csv,Area_Name,Kerala
40_02_Custodial_death_person_not_remanded.csv,Area_Name,Manipur
40_02_Custodial_death_person_not_remanded.csv,Area_Name,Dadra & Nagar Haveli
40_03_Custodial_death_during_production.csv,Area_Name,Andhra Pradesh
40_03_Custodial_death_during_production.csv,Area_Name,Arunachal Pradesh
40_03_Custodial_death_during_production.csv,Area_Name,Assam
40_03_Custodial_death_during_production.csv,Area_Name,Bihar
40_03_Custodial_death_during_production.csv,Area_Name,Chandigarh
40_03_Custodial_death_during_production.csv,Area_Name,Chhattisgarh
40_03_Custodial_death_during_production.csv,Area_Name,Gujarat
40_03_Custodial_death_during_production.csv,Area_Name,Haryana
40_03_Custodial_death_during_production.csv,Area_Name,Himachal Pradesh
40_03_Custodial_death_during_production.csv,Area_Name,Jammu & Kashmir
40_03_Custodial_death_during_production.csv,Area_Name,Jharkhand
40_03_Custodial_death_during_production.csv,Area_Name,Karnataka
40_03_Custodial_death_during_production.csv,Area_Name,Madhya Pradesh
40_03_Custodial_death_during_production.csv,Area_Name,Maharashtra
40_03_Custodial_death_during_production.csv,Area_Name,Meghalaya
40_03_Custodial_death_during_production.csv,Area_Name,Mizoram
40_03_Custodial_death_during_production.csv,Area_Name,Nagaland
40_03_Custodial_death_during_production.csv,Area_Name,Odisha
40_03_Custodial_death_during_production.csv,Area_Name,Rajasthan
40_03_Custodial_death_during_production.csv,Area_Name,Tamil Nadu
40_03_Custodial_death_during_production.csv,Area_Name,Uttar Pradesh
40_03_Custodial_death_during_production.csv,Area_Name,West Bengal
40_03_Custodial_death_during_production.csv,Area_Name,Daman & Diu
40_03_Custodial_death_during_production.csv,Area_Name,Punjab
40_03_Custodial_death_during_production.csv,Area_Name,Tripura
40_03_Custodial_death_during_production.csv,Area_Name,Delhi
40_03_Custodial_death_during_production.csv,Area_Name,Kerala
40_03_Custodial_death_during_production.csv,Area_Name,Manipur
40_04_Custodial_death_during_hospitalization_or_treatment.csv,Area_Name,Andhra Pradesh
40_04_Custodial_death_during_hospitalization_or_treatment.csv,Area_Name,Arunachal Pradesh
40_04_Custodial_death_during_hospitalization_or_treatment.csv,Area_Name,Bihar
40_04_Custodial_death_during_hospitalization_or_treatment.csv,Area_Name,Chandigarh
40_04_Custodial_death_during_hospitalization_or_treatment.csv,Area_Name,Chhattisgarh
40_04_Custodial_death_during_hospitalization_or_treatment.csv,Area_Name,Delhi
40_04_Custodial_death_during_hospitalization_or_treatment.csv,Area_Name,Gujarat
40_04_Custodial_death_during_hospitalization_or_treatment.csv,Area_Name,Haryana
40_04_Custodial_death_during_hospitalization_or_treatment.csv,Area_Name,Himachal Pradesh
40_04_Custodial_death_during_hospitalization_or_treatment.csv,Area_Name,Jammu & Kashmir
40_04_Custodial_death_during_hospitalization_or_treatment.csv,Area_Name,Jharkhand
40_04_Custodial_death_during_hospitalization_or_treatment.csv,Area_Name,Karnataka
40_04_Custodial_death_during_hospitalization_or_treatment.csv,Area_Name,Madhya Pradesh
40_04_Custodial_death_during_hospitalization_or_treatment.csv,Area_Name,Maharashtra
40_04_Custodial_death_during_hospitalization_or_treatment.csv,Area_Name,Meghalaya
40_04_Custodial_death_during_hospitalization_or_treatment.csv,Area_Name,Nagaland
40_04_Custodial_death_during_hospitalization_or_treatment.csv,Area_Name,Odisha
40_04_Custodial_death_during_hospitalization_or_treatment.csv,Area_Name,Uttar Pradesh
40_04_Custodial_death_during_hospitalization_or_treatment.csv,Area_Name,West Bengal
40_04_Custodial_death_during_hospitalization_or_treatment.csv,Area_Name,Assam
40_04_Custodial_death_during_hospitalization_or_treatment.csv,Area_Name,Daman & Diu
40_04_Custodial_death_during_hospitalization_or_treatment.csv,Area_Name,Punjab
40_04_Custodial_death_during_hospitalization_or_treatment.csv,Area_Name,Rajasthan
40_04_Custodial_death_during_hospitalization_or_treatment.csv,Area_Name,Tamil Nadu
40_04_Custodial_death_during_hospitalization_or_treatment.csv,Area_Name,Tripura
40_04_Custodial_death_during_hospitalization_or_treatment.csv,Area_Name,Kerala
40_04_Custodial_death_during_hospitalization_or_treatment.csv,Area_Name,Mizoram
40_04_Custodial_death_during_hospitalization_or_treatment.csv,Area_Name,Sikkim
40_04_Custodial_death_during_hospitalization_or_treatment.csv,Area_Name,Goa
40_04_Custodial_death_during_hospitalization_or_treatment.csv,Area_Name,Manipur
40_04_Custodial_death_during_hospitalization_or_treatment.csv,Area_Name,Dadra & Nagar Haveli
40_05_Custodial_death_others.csv,Area_Name,Andhra Pradesh
40_05_Custodial_death_others.csv,Area_Name,Arunachal Pradesh
40_05_Custodial_death_others.csv,Area_Name,Bihar
40_05_Custodial_death_others.csv,Area_Name,Chandigarh
40_05_Custodial_death_others.csv,Area_Name,Chhattisgarh
40_05_Custodial_death_others.csv,Area_Name,Delhi
40_05_Custodial_death_others.csv,Area_Name,Goa
40_05_Custodial_death_others.csv,Area_Name,Gujarat
40_05_Custodial_death_others.csv,Area_Name,Haryana
40_05_Custodial_death_others.csv,Area_Name,Himachal Pradesh
40_05_Custodial_death_others.csv,Area_Name,Jammu & Kashmir
40_05_Custodial_death_others.csv,Area_Name,Jharkhand
40_05_Custodial_death_others.csv,Area_Name,Karnataka
40_05_Custodial_death_others.csv,Area_Name,Maharashtra
40_05_Custodial_death_others.csv,Area_Name,Meghalaya
40_05_Custodial_death_others.csv,Area_Name,Mizoram
40_05_Custodial_death_others.csv,Area_Name,Nagaland
40_05_Custodial_death_others.csv,Area_Name,Odisha
40_05_Custodial_death_others.csv,Area_Name,Rajasthan
40_05_Custodial_death_others.csv,Area_Name,Tamil Nadu
40_05_Custodial_death_others.csv,Area_Name,Uttar Pradesh
40_05_Custodial_death_others.csv,Area_Name,West Bengal
40_05_Custodial_death_others.csv,Area_Name,Assam
40_05_Custodial_death_others.csv,Area_Name,Daman & Diu
40_05_Custodial_death_others.csv,Area_Name,Madhya Pradesh
40_05_Custodial_death_others.csv,Area_Name,Punjab
40_05_Custodial_death_others.csv,Area_Name,Tripura
40_05_Custodial_death_others.csv,Area_Name,Kerala
40_05_Custodial_death_others.csv,Area_Name,Manipur
40_05_Custodial_death_others.csv,Area_Name,Uttarakhand
40_05_Custodial_death_others.csv,Area_Name,Dadra & Nagar Haveli
40_05_Custodial_death_others.csv,Area_Name,Sikkim
41_Escapes_from_police_custody.csv,Area_Name,Jharkhand
41_Escapes_from_police_custody.csv,Area_Name,Assam
41_Escapes_from_police_custody.csv,Area_Name,Andhra Pradesh
41_Escapes_from_police_custody.csv,Area_Name,Haryana
41_Escapes_from_police_custody.csv,Area_Name,Chhattisgarh
41_Escapes_from_police_custody.csv,Area_Name,Tamil Nadu
41_Escapes_from_police_custody.csv,Area_Name,Madhya Pradesh
41_Escapes_from_police_custody.csv,Area_Name,Uttar Pradesh
41_Escapes_from_police_custody.csv,Area_Name,Meghalaya
41_Escapes_from_police_custody.csv,Area_Name,Maharashtra
41_Escapes_from_police_custody.csv,Area_Name,Rajasthan
41_Escapes_from_police_custody.csv,Area_Name,Himachal Pradesh
41_Escapes_from_police_custody.csv,Area_Name,Mizoram
41_Escapes_from_police_custody.csv,Area_Name,Kerala
41_Escapes_from_police_custody.csv,Area_Name,Nagaland
41_Escapes_from_police_custody.csv,Area_Name,Punjab
41_Escapes_from_police_custody.csv,Area_Name,Goa
41_Escapes_from_police_custody.csv,Area_Name,Odisha
41_Escapes_from_police_custody.csv,Area_Name,Karnataka
41_Escapes_from_police_custody.csv,Area_Name,Bihar
41_Escapes_from_police_custody.csv,Area_Name,Gujarat
41_Escapes_from_police_custody.csv,Area_Name,Sikkim
41_Escapes_from_police_custody.csv,Area_Name,Tripura
41_Escapes_from_police_custody.csv,Area_Name,West Bengal
41_Escapes_from_police_custody.csv,Area_Name,Delhi
41_Escapes_from_police_custody.csv,Area_Name,Chandigarh
41_Escapes_from_police_custody.csv,Area_Name,Uttarakhand
41_Escapes_from_police_custody.csv,Area_Name,Puducherry
41_Escapes_from_police_custody.csv,Area_Name,Arunachal Pradesh
41_Escapes_from_police_custody.csv,Area_Name,Jammu & Kashmir
41_Escapes_from_police_custody.csv,Area_Name,Daman & Diu
41_Escapes_from_police_custody.csv,Area_Name,Manipur
41_Escapes_from_police_custody.csv,Area_Name,Andaman & Nicobar Islands
41_Escapes_from_police_custody.csv,Area_Name,Dadra & Nagar Haveli
41_Escapes_from_police_custody.csv,Area_Name,Lakshadweep
42_Cases_under_crime_against_women.csv,Area_Name,Andaman & Nicobar Islands
42_Cases_under_crime_against_women.csv,Area_Name,Andhra Pradesh
42_Cases_under_crime_against_women.csv,Area_Name,Arunachal Pradesh
42_Cases_under_crime_against_women.csv,Area_Name,Assam
42_Cases_under_crime_against_women.csv,Area_Name,Bihar
42_Cases_under_crime_against_women.csv,Area_Name,Chandigarh
42_Cases_under_crime_against_women.csv,Area_Name,Chhattisgarh
42_Cases_under_crime_against_women.csv,Area_Name,Dadra & Nagar Haveli
42_Cases_under_crime_against_women.csv,Area_Name,Daman & Diu
42_Cases_under_crime_against_women.csv,Area_Name,Delhi
42_Cases_under_crime_against_women.csv,Area_Name,Goa
42_Cases_under_crime_against_women.csv,Area_Name,Gujarat
42_Cases_under_crime_against_women.csv,Area_Name,Haryana
42_Cases_under_crime_against_women.csv,Area_Name,Himachal Pradesh
42_Cases_under_crime_against_women.csv,Area_Name,Jammu & Kashmir
42_Cases_under_crime_against_women.csv,Area_Name,Jharkhand
42_Cases_under_crime_against_women.csv,Area_Name,Karnataka
42_Cases_under_crime_against_women.csv,Area_Name,Kerala
42_Cases_under_crime_against_women.csv,Area_Name,Lakshadweep
42_Cases_under_crime_against_women.csv,Area_Name,Madhya Pradesh
42_Cases_under_crime_against_women.csv,Area_Name,Maharashtra
42_Cases_under_crime_against_women.csv,Area_Name,Manipur
42_Cases_under_crime_against_women.csv,Area_Name,Meghalaya
42_Cases_under_crime_against_women.csv,Area_Name,Mizoram
42_Cases_under_crime_against_women.csv,Area_Name,Nagaland
42_Cases_under_crime_against_women.csv,Area_Name,Odisha
42_Cases_under_crime_against_women.csv,Area_Name,Puducherry
42_Cases_under_crime_against_women.csv,Area_Name,Punjab
42_Cases_under_crime_against_women.csv,Area_Name,Rajasthan
42_Cases_under_crime_against_women.csv,Area_Name,Sikkim
42_Cases_under_crime_against_women.csv,Area_Name,Tamil Nadu
42_Cases_under_crime_against_women.csv,Area_Name,Tripura
42_Cases_under_crime_against_women.csv,Area_Name,Uttar Pradesh
42_Cases_under_crime_against_women.csv,Area_Name,Uttarakhand
42_Cases_under_crime_against_women.csv,Area_Name,West Bengal
42_District_wise_crimes_committed_against_women_2001_2012.csv,STATE/UT,ANDHRA PRADESH
42_District_wise_crimes_committed_against_women_2001_2012.csv,STATE/UT,ARUNACHAL PRADESH
42_District_wise_crimes_committed_against_women_2001_2012.csv,STATE/UT,ASSAM
42_District_wise_crimes_committed_against_women_2001_2012.csv,STATE/UT,BIHAR
42_District_wise_crimes_committed_against_women_2001_2012.csv,STATE/UT,CHHATTISGARH
42_District_wise_crimes_committed_against_women_2001_2012.csv,STATE/UT,GOA
42_District_wise_crimes_committed_against_women_2001_2012.csv,STATE/UT,GUJARAT
42_District_wise_crimes_committed_against_women_2001_2012.csv,STATE/UT,HARYANA
42_District_wise_crimes_committed_against_women_2001_2012.csv,STATE/UT,HIMACHAL PRADESH
42_District_wise_crimes_committed_against_women_2001_2012.csv,STATE/UT,JAMMU & KASHMIR
42_District_wise_crimes_committed_against_women_2001_2012.csv,STATE/UT,JHARKHAND
42_District_wise_crimes_committed_against_women_2001_2012.csv,STATE/UT,KARNATAKA
42_District_wise_crimes_committed_against_women_2001_2012.csv,STATE/UT,KERALA
42_District_wise_crimes_committed_against_women_2001_2012.csv,STATE/UT,MADHYA PRADESH
42_District_wise_crimes_committed_against_women_2001_2012.csv,STATE/UT,MAHARASHTRA
42_District_wise_crimes_committed_against_women_2001_2012.csv,STATE/UT,MANIPUR
42_District_wise_crimes_committed_against_women_2001_2012.csv,STATE/UT,MEGHALAYA
42_District_wise_crimes_committed_against_women_2001_2012.csv,STATE/UT,MIZORAM
42_District_wise_crimes_committed_against_women_2001_2012.csv,STATE/UT,NAGALAND
42_District_wise_crimes_committed_against_women_2001_2012.csv,STATE/UT,ODISHA
42_District_wise_crimes_committed_against_women_2001_2012.csv,STATE/UT,PUNJAB
42_District_wise_crimes_committed_against_women_2001_2012.csv,STATE/UT,RAJASTHAN
42_District_wise_crimes_committed_against_women_2001_2012.csv,STATE/UT,SIKKIM
42_District_wise_crimes_committed_against_women_2001_2012.csv,STATE/UT,TAMIL NADU
42_District_wise_crimes_committed_against_women_2001_2012.csv,STATE/UT,TRIPURA
42_District_wise_crimes_committed_against_women_2001_2012.csv,STATE/UT,UTTAR PRADESH
42_District_wise_crimes_committed_against_women_2001_2012.csv,STATE/UT,UTTARAKHAND
42_District_wise_crimes_committed_against_women_2001_2012.csv,STATE/UT,WEST BENGAL
42_District_wise_crimes_committed_against_women_2001_2012.csv,STATE/UT,A & N ISLANDS
42_District_wise_crimes_committed_against_women_2001_2012.csv,STATE/UT,CHANDIGARH
42_District_wise_crimes_committed_against_women_2001_2012.csv,STATE/UT,D & N HAVELI
42_District_wise_crimes_committed_against_women_2001_2012.csv,STATE/UT,DAMAN & DIU
42_District_wise_crimes_committed_against_women_2001_2012.csv,STATE/UT,DELHI
42_District_wise_crimes_committed_against_women_2001_2012.csv,STATE/UT,LAKSHADWEEP
42_District_wise_crimes_committed_against_women_2001_2012.csv,STATE/UT,PUDUCHERRY
42_District_wise_crimes_committed_against_women_2013.csv,STATE/UT,Andhra Pradesh
42_District_wise_crimes_committed_against_women_2013.csv,STATE/UT,Arunachal Pradesh
42_District_wise_crimes_committed_against_women_2013.csv,STATE/UT,Assam
42_District_wise_crimes_committed_against_women_2013.csv,STATE/UT,Bihar
42_District_wise_crimes_committed_against_women_2013.csv,STATE/UT,Chhattisgarh
42_District_wise_crimes_committed_against_women_2013.csv,STATE/UT,Goa
42_District_wise_crimes_committed_against_women_2013.csv,STATE/UT,Gujarat
42_District_wise_crimes_committed_against_women_2013.csv,STATE/UT,Haryana
42_District_wise_crimes_committed_against_women_2013.csv,STATE/UT,Himachal Pradesh
42_District_wise_crimes_committed_against_women_2013.csv,STATE/UT,Jammu & Kashmir
42_District_wise_crimes_committed_against_women_2013.csv,STATE/UT,Jharkhand
42_District_wise_crimes_committed_against_women_2013.csv,STATE/UT,Karnataka
42_District_wise_crimes_committed_against_women_2013.csv,STATE/UT,Kerala
42_District_wise_crimes_committed_against_women_2013.csv,STATE/UT,Madhya Pradesh
42_District_wise_crimes_committed_against_women_2013.csv,STATE/UT,Maharashtra
42_District_wise_crimes_committed_against_women_2013.csv,STATE/UT,Manipur
42_District_wise_crimes_committed_against_women_2013.csv,STATE/UT,Meghalaya
42_District_wise_crimes_committed_against_women_2013.csv,STATE/UT,Mizoram
42_District_wise_crimes_committed_against_women_2013.csv,STATE/UT,Nagaland
42_District_wise_crimes_committed_against_women_2013.csv,STATE/UT,Odisha
42_District_wise_crimes_committed_against_women_2013.csv,STATE/UT,Punjab
42_District_wise_crimes_committed_against_women_2013.csv,STATE/UT,Rajasthan
42_District_wise_crimes_committed_against_women_2013.csv,STATE/UT,Sikkim
42_District_wise_crimes_committed_against_women_2013.csv,STATE/UT,Tamil Nadu
42_District_wise_crimes_committed_against_women_2013.csv,STATE/UT,Tripura
42_District_wise_crimes_committed_against_women_2013.csv,STATE/UT,Uttar Pradesh
42_District_wise_crimes_committed_against_women_2013.csv,STATE/UT,Uttarakhand
42_District_wise_crimes_committed_against_women_2013.csv,STATE/UT,West Bengal
42_District_wise_crimes_committed_against_women_2013.csv,STATE/UT,A&N Islands
42_District_wise_crimes_committed_against_women_2013.csv,STATE/UT,Chandigarh
42_District_wise_crimes_committed_against_women_2013.csv,STATE/UT,D&N Haveli
42_District_wise_crimes_committed_against_women_2013.csv,STATE/UT,Daman & Diu
42_District_wise_crimes_committed_against_women_2013.csv,STATE/UT,Delhi UT
42_District_wise_crimes_committed_against_women_2013.csv,STATE/UT,Lakshadweep
42_District_wise_crimes_committed_against_women_2013.csv,STATE/UT,Puducherry
42_District_wise_crimes_committed_against_women_2014.csv,States/UTs,Andhra Pradesh
42_District_wise_crimes_committed_against_women_2014.csv,States/UTs,Arunachal Pradesh
42_District_wise_crimes_committed_against_women_2014.csv,States/UTs,Assam
42_District_wise_crimes_committed_against_women_2014.csv,States/UTs,Bihar
42_District_wise_crimes_committed_against_women_2014.csv,States/UTs,Chhattisgarh
42_District_wise_crimes_committed_against_women_2014.csv,States/UTs,Goa
42_District_wise_crimes_committed_against_women_2014.csv,States/UTs,Gujarat
42_District_wise_crimes_committed_against_women_2014.csv,States/UTs,Haryana
42_District_wise_crimes_committed_against_women_2014.csv,States/UTs,Himachal Pradesh
42_District_wise_crimes_committed_against_women_2014.csv,States/UTs,Jammu & Kashmir
42_District_wise_crimes_committed_against_women_2014.csv,States/UTs,Jharkhand
42_District_wise_crimes_committed_against_women_2014.csv,States/UTs,Karnataka
42_District_wise_crimes_committed_against_women_2014.csv,States/UTs,Kerala
42_District_wise_crimes_committed_against_women_2014.csv,States/UTs,Madhya Pradesh
42_District_wise_crimes_committed_against_women_2014.csv,States/UTs,Maharashtra
42_District_wise_crimes_committed_against_women_2014.csv,States/UTs,Manipur
42_District_wise_crimes_committed_against_women_2014.csv,States/UTs,Meghalaya
42_District_wise_crimes_committed_against_women_2014.csv,States/UTs,Mizoram
42_District_wise_crimes_committed_against_women_2014.csv,States/UTs,Nagaland
42_District_wise_crimes_committed_against_women_2014.csv,States/UTs,Odisha
42_District_wise_crimes_committed_against_women_2014.csv,States/UTs,Punjab
42_District_wise_crimes_committed_against_women_2014.csv,States/UTs,Rajasthan
42_District_wise_crimes_committed_against_women_2014.csv,States/UTs,Sikkim
42_District_wise_crimes_committed_against_women_2014.csv,States/UTs,Tamil Nadu
42_District_wise_crimes_committed_against_women_2014.csv,States/UTs,Telangana
42_District_wise_crimes_committed_against_women_2014.csv,States/UTs,Tripura
42_District_wise_crimes_committed_against_women_2014.csv,States/UTs,Uttar Pradesh
42_District_wise_crimes_committed_against_women_2014.csv,States/UTs,Uttarakhand
42_District_wise_crimes_committed_against_women_2014.csv,States/UTs,West Bengal
42_District_wise_crimes_committed_against_women_2014.csv,States/UTs,A&N Islands
42_District_wise_crimes_committed_against_women_2014.csv,States/UTs,Chandigarh
42_District_wise_crimes_committed_against_women_2014.csv,States/UTs,D&N Haveli
42_District_wise_crimes_committed_against_women_2014.csv,States/UTs,Daman & Diu
42_District_wise_crimes_committed_against_women_2014.csv,States/UTs,Delhi UT
42_District_wise_crimes_committed_against_women_2014.csv,States/UTs,Lakshadweep
42_District_wise_crimes_committed_against_women_2014.csv,States/UTs,Puducherry
43_Arrests_under_crime_against_women.csv,Area_Name,Andaman & Nicobar Islands
43_Arrests_under_crime_against_women.csv,Area_Name,Andhra Pradesh
43_Arrests_under_crime_against_women.csv,Area_Name,Arunachal Pradesh
43_Arrests_under_crime_against_women.csv,Area_Name,Assam
43_Arrests_under_crime_against_women.csv,Area_Name,Bihar
43_Arrests_under_crime_against_women.csv,Area_Name,Chandigarh
43_Arrests_under_crime_against_women.csv,Area_Name,Chhattisgarh
43_Arrests_under_crime_against_women.csv,Area_Name,Dadra & Nagar Haveli
43_Arrests_under_crime_against_women.csv,Area_Name,Daman & Diu
43_Arrests_under_crime_against_women.csv,Area_Name,Delhi
43_Arrests_under_crime_against_women.csv,Area_Name,Goa
43_Arrests_under_crime_against_women.csv,Area_Name,Gujarat
43_Arrests_under_crime_against_women.csv,Area_Name,Haryana
43_Arrests_under_crime_against_women.csv,Area_Name,Himachal Pradesh
43_Arrests_under_crime_against_women.csv,Area_Name,Jammu & Kashmir
43_Arrests_under_crime_against_women.csv,Area_Name,Jharkhand
43_Arrests_under_crime_against_women.csv,Area_Name,Karnataka
43_Arrests_under_crime_against_women.csv,Area_Name,Kerala
43_Arrests_under_crime_against_women.csv,Area_Name,Lakshadweep
43_Arrests_under_crime_against_women.csv,Area_Name,Madhya Pradesh
43_Arrests_under_crime_against_women.csv,Area_Name,Maharashtra
43_Arrests_under_crime_against_women.csv,Area_Name,Manipur
43_Arrests_under_crime_against_women.csv,Area_Name,Meghalaya
43_Arrests_under_crime_against_women.csv,Area_Name,Mizoram
43_Arrests_under_crime_against_women.csv,Area_Name,Nagaland
43_Arrests_under_crime_against_women.csv,Area_Name,Odisha
43_Arrests_under_crime_against_women.csv,Area_Name,Puducherry
43_Arrests_under_crime_against_women.csv,Area_Name,Punjab
43_Arrests_under_crime_against_women.csv,Area_Name,Rajasthan
43_Arrests_under_crime_against_women.csv,Area_Name,Sikkim
43_Arrests_under_crime_against_women.csv,Area_Name,Tamil Nadu
43_Arrests_under_crime_against_women.csv,Area_Name,Tripura
43_Arrests_under_crime_against_women.csv,Area_Name,Uttar Pradesh
43_Arrests_under_crime_against_women.csv,Area_Name,Uttarakhand
43_Arrests_under_crime_against_women.csv,Area_Name,West Bengal
