Column,Missing_Cells,Missing_Percentage
07_02_PERSONS_ARRESTED_BY_SEX_AND_AGE_GROUP_SLL_2013__MALE_BETWEEN_30_45_YEARS,456,92.87169042769857
07_01_PERSONS_ARRESTED_BY_SEX_AND_AGE_GROUP_IPC_2012__MALE_BETWEEN_18_30_YEARS,456,92.87169042769857
04_01_PERSON_ARRESTED_AND_THEIR_DISPOSAL_BY_POLICE_AND_COURT_SLL_CRIME_2013__PERSONS_ACQUITTED,456,92.87169042769857
04_01_PERSON_ARRESTED_AND_THEIR_DISPOSAL_BY_POLICE_AND_COURT_SLL_CRIME_2013__PERSONS_CONVICTED,456,92.87169042769857
04_01_PERSON_ARRESTED_AND_THEIR_DISPOSAL_BY_POLICE_AND_COURT_SLL_CRIME_2013__PERSONS_IN_WHOSE_CASES_TRIALS_WERE_COMPLETED_DURING_THE_YEAR,456,92.87169042769857
04_01_PERSON_ARRESTED_AND_THEIR_DISPOSAL_BY_POLICE_AND_COURT_SLL_CRIME_2013__PERSONS_IN_CUSTODY_OR_ON_BAIL_DURING_THE_STAGE_OF_TRIAL_AT_THE_END_OF_THE_YEAR,456,92.87169042769857
04_01_PERSON_ARRESTED_AND_THEIR_DISPOSAL_BY_POLICE_AND_COURT_SLL_CRIME_2013__PERSONS_AGAINST_WHOM_CASES_WERE_COMPOUNDED_OR_WITHDRAWN,456,92.87169042769857
04_01_PERSON_ARRESTED_AND_THEIR_DISPOSAL_BY_POLICE_AND_COURT_SLL_CRIME_2013__TOTAL_NUMBER_OF_PERSONS_UNDER_TRIAL_DURING_THE_YEAR,456,92.87169042769857
04_01_PERSON_ARRESTED_AND_THEIR_DISPOSAL_BY_POLICE_AND_COURT_SLL_CRIME_2013__PERSONS_UNDER_TRIAL_AT_THE_BEGINNING_OF_THE_YEAR,456,92.87169042769857
04_01_PERSON_ARRESTED_AND_THEIR_DISPOSAL_BY_POLICE_AND_COURT_SLL_CRIME_2013__PERSONS_IN_WHOSE_CASES_CHARGE_SHEETS_WERE_LAID_DURING_THE_YEAR,456,92.87169042769857
04_01_PERSON_ARRESTED_AND_THEIR_DISPOSAL_BY_POLICE_AND_COURT_SLL_CRIME_2013__PERSONS_IN_CUSTODY_OR_ON_BAIL_DURING_THE_STAGE_OF_INVESTIGATION_AT_THE_END_OF_THE_YEAR,456,92.87169042769857
04_01_PERSON_ARRESTED_AND_THEIR_DISPOSAL_BY_POLICE_AND_COURT_SLL_CRIME_2013__PERSONS_RELEASED_OR_FREED_BY_POLICE_OR_MAGISTRATE_BEFORE_TRIAL_FOR_WANT_OF_EVIDENCE_OR_ANY_OTHER_REASON,456,92.87169042769857
04_01_PERSON_ARRESTED_AND_THEIR_DISPOSAL_BY_POLICE_AND_COURT_SLL_CRIME_2013__PERSONS_ARRESTED_DURING_THE_YEAR,456,92.87169042769857
04_01_PERSON_ARRESTED_AND_THEIR_DISPOSAL_BY_POLICE_AND_COURT_SLL_CRIME_2013__PERSONS_IN_CUSTODY_OR_ON_BAIL_DURING_THE_STAGE_OF_INVESTIGATION_AT_THE_BEGINNING_OF_THE_YEAR,456,92.87169042769857
04_01_PERSON_ARRESTED_AND_THEIR_DISPOSAL_BY_POLICE_AND_COURT_SLL_CRIME_2012__PERSONS_ACQUITTED,456,92.87169042769857
04_01_PERSON_ARRESTED_AND_THEIR_DISPOSAL_BY_POLICE_AND_COURT_SLL_CRIME_2012__PERSONS_CONVICTED,456,92.87169042769857
04_01_PERSON_ARRESTED_AND_THEIR_DISPOSAL_BY_POLICE_AND_COURT_SLL_CRIME_2012__PERSONS_IN_WHOSE_CASES_TRIALS_WERE_COMPLETED_DURING_THE_YEAR,456,92.87169042769857
04_01_PERSON_ARRESTED_AND_THEIR_DISPOSAL_BY_POLICE_AND_COURT_SLL_CRIME_2012__PERSONS_IN_CUSTODY_OR_ON_BAIL_DURING_THE_STAGE_OF_TRIAL_AT_THE_END_OF_THE_YEAR,456,92.87169042769857
04_01_PERSON_ARRESTED_AND_THEIR_DISPOSAL_BY_POLICE_AND_COURT_SLL_CRIME_2012__PERSONS_AGAINST_WHOM_CASES_WERE_COMPOUNDED_OR_WITHDRAWN,456,92.87169042769857
04_01_PERSON_ARRESTED_AND_THEIR_DISPOSAL_BY_POLICE_AND_COURT_SLL_CRIME_2012__TOTAL_NUMBER_OF_PERSONS_UNDER_TRIAL_DURING_THE_YEAR,456,92.87169042769857
04_01_PERSON_ARRESTED_AND_THEIR_DISPOSAL_BY_POLICE_AND_COURT_SLL_CRIME_2012__PERSONS_UNDER_TRIAL_AT_THE_BEGINNING_OF_THE_YEAR,456,92.87169042769857
04_01_PERSON_ARRESTED_AND_THEIR_DISPOSAL_BY_POLICE_AND_COURT_SLL_CRIME_2012__PERSONS_IN_WHOSE_CASES_CHARGE_SHEETS_WERE_LAID_DURING_THE_YEAR,456,92.87169042769857
04_01_PERSON_ARRESTED_AND_THEIR_DISPOSAL_BY_POLICE_AND_COURT_SLL_CRIME_2012__PERSONS_IN_CUSTODY_OR_ON_BAIL_DURING_THE_STAGE_OF_INVESTIGATION_AT_THE_END_OF_THE_YEAR,456,92.87169042769857
04_02_PERSON_ARRESTED_AND_THEIR_DISPOSAL_BY_POLICE_AND_COURT_IPC_CRIME_2012__PERSONS_IN_CUSTODY_OR_ON_BAIL_DURING_THE_STAGE_OF_INVESTIGATION_AT_THE_BEGINNING_OF_THE_YEAR,456,92.87169042769857
04_02_PERSON_ARRESTED_AND_THEIR_DISPOSAL_BY_POLICE_AND_COURT_IPC_CRIME_2012__PERSONS_ARRESTED_DURING_THE_YEAR,456,92.87169042769857
04_02_PERSON_ARRESTED_AND_THEIR_DISPOSAL_BY_POLICE_AND_COURT_IPC_CRIME_2012__PERSONS_RELEASED_OR_FREED_BY_POLICE_OR_MAGISTRATE_BEFORE_TRIAL_FOR_WANT_OF_EVIDENCE_OR_ANY_OTHER_REASON,456,92.87169042769857
04_02_PERSON_ARRESTED_AND_THEIR_DISPOSAL_BY_POLICE_AND_COURT_IPC_CRIME_2013__PERSONS_RELEASED_OR_FREED_BY_POLICE_OR_MAGISTRATE_BEFORE_TRIAL_FOR_WANT_OF_EVIDENCE_OR_ANY_OTHER_REASON,456,92.87169042769857
07_01_PERSONS_ARRESTED_BY_SEX_AND_AGE_GROUP_IPC_2012__MALE_BELOW_18_YEARS,456,92.87169042769857
04_02_PERSON_ARRESTED_AND_THEIR_DISPOSAL_BY_POLICE_AND_COURT_IPC_CRIME_2013__PERSONS_ACQUITTED,456,92.87169042769857
04_02_PERSON_ARRESTED_AND_THEIR_DISPOSAL_BY_POLICE_AND_COURT_IPC_CRIME_2013__PERSONS_CONVICTED,456,92.87169042769857
04_02_PERSON_ARRESTED_AND_THEIR_DISPOSAL_BY_POLICE_AND_COURT_IPC_CRIME_2013__PERSONS_IN_WHOSE_CASES_TRIALS_WERE_COMPLETED_DURING_THE_YEAR,456,92.87169042769857
04_02_PERSON_ARRESTED_AND_THEIR_DISPOSAL_BY_POLICE_AND_COURT_IPC_CRIME_2013__PERSONS_IN_CUSTODY_OR_ON_BAIL_DURING_THE_STAGE_OF_TRIAL_AT_THE_END_OF_THE_YEAR,456,92.87169042769857
04_02_PERSON_ARRESTED_AND_THEIR_DISPOSAL_BY_POLICE_AND_COURT_IPC_CRIME_2013__PERSONS_AGAINST_WHOM_CASES_WERE_COMPOUNDED_OR_WITHDRAWN,456,92.87169042769857
04_02_PERSON_ARRESTED_AND_THEIR_DISPOSAL_BY_POLICE_AND_COURT_IPC_CRIME_2013__TOTAL_NUMBER_OF_PERSONS_UNDER_TRIAL_DURING_THE_YEAR,456,92.87169042769857
04_02_PERSON_ARRESTED_AND_THEIR_DISPOSAL_BY_POLICE_AND_COURT_IPC_CRIME_2013__PERSONS_IN_WHOSE_CASES_CHARGE_SHEETS_WERE_LAID_DURING_THE_YEAR,456,92.87169042769857
04_02_PERSON_ARRESTED_AND_THEIR_DISPOSAL_BY_POLICE_AND_COURT_IPC_CRIME_2013__PERSONS_IN_CUSTODY_OR_ON_BAIL_DURING_THE_STAGE_OF_INVESTIGATION_AT_THE_END_OF_THE_YEAR,456,92.87169042769857
04_02_PERSON_ARRESTED_AND_THEIR_DISPOSAL_BY_POLICE_AND_COURT_IPC_CRIME_2013__PERSONS_ARRESTED_DURING_THE_YEAR,456,92.87169042769857
04_02_PERSON_ARRESTED_AND_THEIR_DISPOSAL_BY_POLICE_AND_COURT_IPC_CRIME_2012__PERSONS_IN_CUSTODY_OR_ON_BAIL_DURING_THE_STAGE_OF_INVESTIGATION_AT_THE_END_OF_THE_YEAR,456,92.87169042769857
04_02_PERSON_ARRESTED_AND_THEIR_DISPOSAL_BY_POLICE_AND_COURT_IPC_CRIME_2013__PERSONS_IN_CUSTODY_OR_ON_BAIL_DURING_THE_STAGE_OF_INVESTIGATION_AT_THE_BEGINNING_OF_THE_YEAR,456,92.87169042769857
04_02_PERSON_ARRESTED_AND_THEIR_DISPOSAL_BY_POLICE_AND_COURT_IPC_CRIME_2012__PERSONS_ACQUITTED,456,92.87169042769857
04_02_PERSON_ARRESTED_AND_THEIR_DISPOSAL_BY_POLICE_AND_COURT_IPC_CRIME_2012__PERSONS_CONVICTED,456,92.87169042769857
04_02_PERSON_ARRESTED_AND_THEIR_DISPOSAL_BY_POLICE_AND_COURT_IPC_CRIME_2012__PERSONS_IN_WHOSE_CASES_TRIALS_WERE_COMPLETED_DURING_THE_YEAR,456,92.87169042769857
04_02_PERSON_ARRESTED_AND_THEIR_DISPOSAL_BY_POLICE_AND_COURT_IPC_CRIME_2012__PERSONS_IN_CUSTODY_OR_ON_BAIL_DURING_THE_STAGE_OF_TRIAL_AT_THE_END_OF_THE_YEAR,456,92.87169042769857
04_02_PERSON_ARRESTED_AND_THEIR_DISPOSAL_BY_POLICE_AND_COURT_IPC_CRIME_2012__PERSONS_AGAINST_WHOM_CASES_WERE_COMPOUNDED_OR_WITHDRAWN,456,92.87169042769857
04_02_PERSON_ARRESTED_AND_THEIR_DISPOSAL_BY_POLICE_AND_COURT_IPC_CRIME_2012__TOTAL_NUMBER_OF_PERSONS_UNDER_TRIAL_DURING_THE_YEAR,456,92.87169042769857
04_02_PERSON_ARRESTED_AND_THEIR_DISPOSAL_BY_POLICE_AND_COURT_IPC_CRIME_2012__PERSONS_UNDER_TRIAL_AT_THE_BEGINNING_OF_THE_YEAR,456,92.87169042769857
04_02_PERSON_ARRESTED_AND_THEIR_DISPOSAL_BY_POLICE_AND_COURT_IPC_CRIME_2012__PERSONS_IN_WHOSE_CASES_CHARGE_SHEETS_WERE_LAID_DURING_THE_YEAR,456,92.87169042769857
04_01_PERSON_ARRESTED_AND_THEIR_DISPOSAL_BY_POLICE_AND_COURT_SLL_CRIME_2012__PERSONS_RELEASED_OR_FREED_BY_POLICE_OR_MAGISTRATE_BEFORE_TRIAL_FOR_WANT_OF_EVIDENCE_OR_ANY_OTHER_REASON,456,92.87169042769857
04_01_PERSON_ARRESTED_AND_THEIR_DISPOSAL_BY_POLICE_AND_COURT_SLL_CRIME_2012__PERSONS_ARRESTED_DURING_THE_YEAR,456,92.87169042769857
04_01_PERSON_ARRESTED_AND_THEIR_DISPOSAL_BY_POLICE_AND_COURT_SLL_CRIME_2012__PERSONS_IN_CUSTODY_OR_ON_BAIL_DURING_THE_STAGE_OF_INVESTIGATION_AT_THE_BEGINNING_OF_THE_YEAR,456,92.87169042769857
03_DISTRICT_WISE_CRIMES_COMMITTED_AGAINST_CHILDREN_2013__RAPE,456,92.87169042769857
03_DISTRICT_WISE_CRIMES_COMMITTED_AGAINST_CHILDREN_2013__OTHER_CRIMES,456,92.87169042769857
03_DISTRICT_WISE_CRIMES_COMMITTED_AGAINST_CHILDREN_2013__PROHIBITION_OF_CHILD_MARRIAGE_ACT,456,92.87169042769857
03_DISTRICT_WISE_CRIMES_COMMITTED_AGAINST_CHILDREN_2013__SELLING_OF_GIRLS_FOR_PROSTITUTION,456,92.87169042769857
03_DISTRICT_WISE_CRIMES_COMMITTED_AGAINST_CHILDREN_2013__BUYING_OF_GIRLS_FOR_PROSTITUTION,456,92.87169042769857
03_DISTRICT_WISE_CRIMES_COMMITTED_AGAINST_CHILDREN_2013__PROCURATION_OF_MINOR_GIRLS,456,92.87169042769857
03_DISTRICT_WISE_CRIMES_COMMITTED_AGAINST_CHILDREN_2013__EXPOSURE_AND_ABANDONMENT,456,92.87169042769857
03_DISTRICT_WISE_CRIMES_COMMITTED_AGAINST_CHILDREN_2013__ABETMENT_OF_SUICIDE,456,92.87169042769857
03_DISTRICT_WISE_CRIMES_COMMITTED_AGAINST_CHILDREN_2013__FOETICIDE,456,92.87169042769857
03_DISTRICT_WISE_CRIMES_COMMITTED_AGAINST_CHILDREN_2013__KIDNAPPING_AND_ABDUCTION,456,92.87169042769857
03_DISTRICT_WISE_CRIMES_COMMITTED_AGAINST_CHILDREN_2013__OTHER_MURDER,456,92.87169042769857
03_PERSONS_ARRESTED_AND_THEIR_DISPOSAL_BY_POLICE_AND_COURT_UNDER_CRIME_AGAINST_CHILDREN_2012__PERSONS_IN_CUSTODY_OR_ON_BAIL_DURING_THE_STAGE_OF_INVESTIGATION_AT_THE_BEGINNING_OF_THE_YEAR,456,92.87169042769857
03_DISTRICT_WISE_CRIMES_COMMITTED_AGAINST_CHILDREN_2013__INFANTICID,456,92.87169042769857
02_DISTRICT_WISE_CRIMES_COMMITTED_AGAINST_ST_2013__OTHER_CRIMES_AGAINST_STS,456,92.87169042769857
02_DISTRICT_WISE_CRIMES_COMMITTED_AGAINST_ST_2013__PREVENTION_OF_ATROCITIES_POA_ACT,456,92.87169042769857
02_DISTRICT_WISE_CRIMES_COMMITTED_AGAINST_ST_2013__PROTECTION_OF_CIVIL_RIGHTS_PCR_ACT,456,92.87169042769857
02_DISTRICT_WISE_CRIMES_COMMITTED_AGAINST_ST_2013__HURT,456,92.87169042769857
02_DISTRICT_WISE_CRIMES_COMMITTED_AGAINST_ST_2013__ARSON,456,92.87169042769857
02_DISTRICT_WISE_CRIMES_COMMITTED_AGAINST_ST_2013__ROBBERY,456,92.87169042769857
02_DISTRICT_WISE_CRIMES_COMMITTED_AGAINST_ST_2013__DACOITY,456,92.87169042769857
02_DISTRICT_WISE_CRIMES_COMMITTED_AGAINST_ST_2013__KIDNAPPING_ABDUCTION,456,92.87169042769857
03_DISTRICT_WISE_CRIMES_COMMITTED_AGAINST_CHILDREN_2013__TOTAL,456,92.87169042769857
03_PERSONS_ARRESTED_AND_THEIR_DISPOSAL_BY_POLICE_AND_COURT_UNDER_CRIME_AGAINST_CHILDREN_2012__PERSONS_ARRESTED_DURING_THE_YEAR,456,92.87169042769857
03_PERSONS_ARRESTED_AND_THEIR_DISPOSAL_BY_POLICE_AND_COURT_UNDER_CRIME_AGAINST_CHILDREN_2013__PERSONS_ACQUITTED,456,92.87169042769857
03_PERSONS_ARRESTED_AND_THEIR_DISPOSAL_BY_POLICE_AND_COURT_UNDER_CRIME_AGAINST_CHILDREN_2013__PERSONS_ARRESTED_DURING_THE_YEAR,456,92.87169042769857
03_PERSONS_ARRESTED_AND_THEIR_DISPOSAL_BY_POLICE_AND_COURT_UNDER_CRIME_AGAINST_CHILDREN_2013__PERSONS_CONVICTED,456,92.87169042769857
03_PERSONS_ARRESTED_AND_THEIR_DISPOSAL_BY_POLICE_AND_COURT_UNDER_CRIME_AGAINST_CHILDREN_2013__PERSONS_IN_WHOSE_CASES_TRIALS_WERE_COMPLETED_DURING_THE_YEAR,456,92.87169042769857
03_PERSONS_ARRESTED_AND_THEIR_DISPOSAL_BY_POLICE_AND_COURT_UNDER_CRIME_AGAINST_CHILDREN_2013__PERSONS_IN_CUSTODY_OR_ON_BAIL_DURING_THE_STAGE_OF_TRIAL_AT_THE_END_OF_THE_YEAR,456,92.87169042769857
03_PERSONS_ARRESTED_AND_THEIR_DISPOSAL_BY_POLICE_AND_COURT_UNDER_CRIME_AGAINST_CHILDREN_2013__PERSONS_AGAINST_WHOM_CASES_WERE_COMPOUNDED_OR_WITHDRAWN,456,92.87169042769857
03_PERSONS_ARRESTED_AND_THEIR_DISPOSAL_BY_POLICE_AND_COURT_UNDER_CRIME_AGAINST_CHILDREN_2013__TOTAL_NUMBER_OF_PERSONS_UNDER_TRIAL_DURING_THE_YEAR,456,92.87169042769857
03_PERSONS_ARRESTED_AND_THEIR_DISPOSAL_BY_POLICE_AND_COURT_UNDER_CRIME_AGAINST_CHILDREN_2013__PERSONS_UNDER_TRIAL_AT_THE_BEGINNING_OF_THE_YEAR,456,92.87169042769857
03_PERSONS_ARRESTED_AND_THEIR_DISPOSAL_BY_POLICE_AND_COURT_UNDER_CRIME_AGAINST_CHILDREN_2013__PERSONS_IN_WHOSE_CASES_CHARGE_SHEETS_WERE_LAID_DURING_THE_YEAR,456,92.87169042769857
03_PERSONS_ARRESTED_AND_THEIR_DISPOSAL_BY_POLICE_AND_COURT_UNDER_CRIME_AGAINST_CHILDREN_2013__PERSONS_IN_CUSTODY_OR_ON_BAIL_DURING_THE_STAGE_OF_INVESTIGATION_AT_THE_END_OF_THE_YEAR,456,92.87169042769857
03_PERSONS_ARRESTED_AND_THEIR_DISPOSAL_BY_POLICE_AND_COURT_UNDER_CRIME_AGAINST_CHILDREN_2013__PERSONS_RELEASED_OR_FREED_BY_POLICE_OR_MAGISTRATE_BEFORE_TRIAL_FOR_WANT_OF_EVIDENCE_OR_ANY_OTHER_REASON,456,92.87169042769857
03_PERSONS_ARRESTED_AND_THEIR_DISPOSAL_BY_POLICE_AND_COURT_UNDER_CRIME_AGAINST_CHILDREN_2013__PERSONS_IN_CUSTODY_OR_ON_BAIL_DURING_THE_STAGE_OF_INVESTIGATION_AT_THE_BEGINNING_OF_THE_YEAR,456,92.87169042769857
03_PERSONS_ARRESTED_AND_THEIR_DISPOSAL_BY_POLICE_AND_COURT_UNDER_CRIME_AGAINST_CHILDREN_2012__PERSONS_RELEASED_OR_FREED_BY_POLICE_OR_MAGISTRATE_BEFORE_TRIAL_FOR_WANT_OF_EVIDENCE_OR_ANY_OTHER_REASON,456,92.87169042769857
03_PERSONS_ARRESTED_AND_THEIR_DISPOSAL_BY_POLICE_AND_COURT_UNDER_CRIME_AGAINST_CHILDREN_2012__PERSONS_ACQUITTED,456,92.87169042769857
03_PERSONS_ARRESTED_AND_THEIR_DISPOSAL_BY_POLICE_AND_COURT_UNDER_CRIME_AGAINST_CHILDREN_2012__PERSONS_CONVICTED,456,92.87169042769857
03_PERSONS_ARRESTED_AND_THEIR_DISPOSAL_BY_POLICE_AND_COURT_UNDER_CRIME_AGAINST_CHILDREN_2012__PERSONS_IN_WHOSE_CASES_TRIALS_WERE_COMPLETED_DURING_THE_YEAR,456,92.87169042769857
03_PERSONS_ARRESTED_AND_THEIR_DISPOSAL_BY_POLICE_AND_COURT_UNDER_CRIME_AGAINST_CHILDREN_2012__PERSONS_IN_CUSTODY_OR_ON_BAIL_DURING_THE_STAGE_OF_TRIAL_AT_THE_END_OF_THE_YEAR,456,92.87169042769857
03_PERSONS_ARRESTED_AND_THEIR_DISPOSAL_BY_POLICE_AND_COURT_UNDER_CRIME_AGAINST_CHILDREN_2012__PERSONS_AGAINST_WHOM_CASES_WERE_COMPOUNDED_OR_WITHDRAWN,456,92.87169042769857
03_PERSONS_ARRESTED_AND_THEIR_DISPOSAL_BY_POLICE_AND_COURT_UNDER_CRIME_AGAINST_CHILDREN_2012__TOTAL_NUMBER_OF_PERSONS_UNDER_TRIAL_DURING_THE_YEAR,456,92.87169042769857
03_PERSONS_ARRESTED_AND_THEIR_DISPOSAL_BY_POLICE_AND_COURT_UNDER_CRIME_AGAINST_CHILDREN_2012__PERSONS_UNDER_TRIAL_AT_THE_BEGINNING_OF_THE_YEAR,456,92.87169042769857
03_PERSONS_ARRESTED_AND_THEIR_DISPOSAL_BY_POLICE_AND_COURT_UNDER_CRIME_AGAINST_CHILDREN_2012__PERSONS_IN_WHOSE_CASES_CHARGE_SHEETS_WERE_LAID_DURING_THE_YEAR,456,92.87169042769857
03_PERSONS_ARRESTED_AND_THEIR_DISPOSAL_BY_POLICE_AND_COURT_UNDER_CRIME_AGAINST_CHILDREN_2012__PERSONS_IN_CUSTODY_OR_ON_BAIL_DURING_THE_STAGE_OF_INVESTIGATION_AT_THE_END_OF_THE_YEAR,456,92.87169042769857
07_01_PERSONS_ARRESTED_BY_SEX_AND_AGE_GROUP_IPC_2012__FEMALE_BELOW_18_YEARS,456,92.87169042769857
07_01_PERSONS_ARRESTED_BY_SEX_AND_AGE_GROUP_IPC_2012__FEMALE_BETWEEN_18_30_YEARS,456,92.87169042769857
02_DISTRICT_WISE_CRIMES_COMMITTED_AGAINST_ST_2013__MURDER,456,92.87169042769857
07_01_PERSONS_ARRESTED_BY_SEX_AND_AGE_GROUP_IPC_2012__MALE_BETWEEN_30_45_YEARS,456,92.87169042769857
17_CRIME_BY_PLACE_OF_OCCURRENCE_2013__HIGHWAYS_THEFT,456,92.87169042769857
17_CRIME_BY_PLACE_OF_OCCURRENCE_2013__HIGHWAYS_BURGLARY,456,92.87169042769857
17_CRIME_BY_PLACE_OF_OCCURRENCE_2013__HIGHWAYS_ROBBERY,456,92.87169042769857
17_CRIME_BY_PLACE_OF_OCCURRENCE_2013__HIGHWAYS_DACOITY,456,92.87169042769857
17_CRIME_BY_PLACE_OF_OCCURRENCE_2013__RESIDENTIAL_PREMISES_THEFT,456,92.87169042769857
17_CRIME_BY_PLACE_OF_OCCURRENCE_2013__RESIDENTIAL_PREMISES_BURGLARY,456,92.87169042769857
17_CRIME_BY_PLACE_OF_OCCURRENCE_2013__RESIDENTIAL_PREMISES_ROBBERY,456,92.87169042769857
17_CRIME_BY_PLACE_OF_OCCURRENCE_2013__RESIDENTIAL_PREMISES_DACOITY,456,92.87169042769857
17_CASE_REPORTED_AND_VALUE_OF_PROPERTY_TAKEN_AWAY_BY_PLACE_OF_OCCURRENCE_2013__THEFT_SECTION_379_382_IPC_VALUE_OF_PROPERTY_STOLEN_IN_RUPEES,456,92.87169042769857
17_CASE_REPORTED_AND_VALUE_OF_PROPERTY_TAKEN_AWAY_BY_PLACE_OF_OCCURRENCE_2013__THEFT_SECTION_379_382_IPC_NUMBER_OF_CASES_REGISTERED,456,92.87169042769857
17_CASE_REPORTED_AND_VALUE_OF_PROPERTY_TAKEN_AWAY_BY_PLACE_OF_OCCURRENCE_2013__BURGLARY_SECTION_449_452_454_455_457_460_IPC_VALUE_OF_PROPERTY_STOLEN_IN_RUPEES,456,92.87169042769857
17_CASE_REPORTED_AND_VALUE_OF_PROPERTY_TAKEN_AWAY_BY_PLACE_OF_OCCURRENCE_2013__BURGLARY_SECTION_449_452_454_455_457_460_IPC_NUMBER_OF_CASES_REGISTERED,456,92.87169042769857
17_CASE_REPORTED_AND_VALUE_OF_PROPERTY_TAKEN_AWAY_BY_PLACE_OF_OCCURRENCE_2013__ROBBERY_SECTION_392_394_397_398_IPC_VALUE_OF_PROPERTY_STOLEN_IN_RUPEES,456,92.87169042769857
17_CASE_REPORTED_AND_VALUE_OF_PROPERTY_TAKEN_AWAY_BY_PLACE_OF_OCCURRENCE_2013__ROBBERY_SECTION_392_394_397_398_IPC_NUMBER_OF_CASES_REGISTERED,456,92.87169042769857
17_CASE_REPORTED_AND_VALUE_OF_PROPERTY_TAKEN_AWAY_BY_PLACE_OF_OCCURRENCE_2013__DACOITY_SECTION_395_398_IPC_VALUE_OF_PROPERTY_STOLEN_IN_RUPEES,456,92.87169042769857
17_CASE_REPORTED_AND_VALUE_OF_PROPERTY_TAKEN_AWAY_BY_PLACE_OF_OCCURRENCE_2013__DACOITY_SECTION_395_398_IPC_NUMBER_OF_CASES_REGISTERED,456,92.87169042769857
42_DISTRICT_WISE_CRIMES_COMMITTED_AGAINST_WOMEN_2013__RAPE,456,92.87169042769857
42_DISTRICT_WISE_CRIMES_COMMITTED_AGAINST_WOMEN_2013__KIDNAPPING_AND_ABDUCTION,456,92.87169042769857
42_DISTRICT_WISE_CRIMES_COMMITTED_AGAINST_WOMEN_2013__DOWRY_DEATHS,456,92.87169042769857
42_DISTRICT_WISE_CRIMES_COMMITTED_AGAINST_WOMEN_2013__ASSAULT_ON_WOMEN_WITH_INTENT_TO_OUTRAGE_HER_MODESTY,456,92.87169042769857
42_DISTRICT_WISE_CRIMES_COMMITTED_AGAINST_WOMEN_2013__INSULT_TO_MODESTY_OF_WOMEN,456,92.87169042769857
17_CRIME_BY_PLACE_OF_OCCURRENCE_2013__RIVER_AND_SEA_DACOITY,456,92.87169042769857
17_CRIME_BY_PLACE_OF_OCCURRENCE_2013__RIVER_AND_SEA_ROBBERY,456,92.87169042769857
17_CRIME_BY_PLACE_OF_OCCURRENCE_2013__RIVER_AND_SEA_BURGLARY,456,92.87169042769857
17_CRIME_BY_PLACE_OF_OCCURRENCE_2013__COMMERCIAL_ESTABLISHMENTS_BURGLARY,456,92.87169042769857
17_CRIME_BY_PLACE_OF_OCCURRENCE_2013__TOTAL_THEFT,456,92.87169042769857
17_CRIME_BY_PLACE_OF_OCCURRENCE_2013__TOTAL_BURGLARY,456,92.87169042769857
17_CRIME_BY_PLACE_OF_OCCURRENCE_2013__TOTAL_ROBBERY,456,92.87169042769857
17_CRIME_BY_PLACE_OF_OCCURRENCE_2013__TOTAL_DACOITY,456,92.87169042769857
17_CRIME_BY_PLACE_OF_OCCURRENCE_2013__OTHER_PLACES_THEFT,456,92.87169042769857
17_CRIME_BY_PLACE_OF_OCCURRENCE_2013__OTHER_PLACES_BURGLARY,456,92.87169042769857
17_CRIME_BY_PLACE_OF_OCCURRENCE_2013__OTHER_PLACES_ROBBERY,456,92.87169042769857
17_CRIME_BY_PLACE_OF_OCCURRENCE_2013__OTHER_PLACES_DACOITY,456,92.87169042769857
17_CRIME_BY_PLACE_OF_OCCURRENCE_2013__COMMERCIAL_ESTABLISHMENTS_THEFT,456,92.87169042769857
17_CRIME_BY_PLACE_OF_OCCURRENCE_2013__COMMERCIAL_ESTABLISHMENTS_ROBBERY,456,92.87169042769857
17_CRIME_BY_PLACE_OF_OCCURRENCE_2013__RIVER_AND_SEA_THEFT,456,92.87169042769857
17_CRIME_BY_PLACE_OF_OCCURRENCE_2013__COMMERCIAL_ESTABLISHMENTS_DACOITY,456,92.87169042769857
17_CRIME_BY_PLACE_OF_OCCURRENCE_2013__BANKS_THEFT,456,92.87169042769857
17_CRIME_BY_PLACE_OF_OCCURRENCE_2013__BANKS_BURGLARY,456,92.87169042769857
17_CRIME_BY_PLACE_OF_OCCURRENCE_2013__BANKS_ROBBERY,456,92.87169042769857
17_CRIME_BY_PLACE_OF_OCCURRENCE_2013__BANKS_DACOITY,456,92.87169042769857
17_CRIME_BY_PLACE_OF_OCCURRENCE_2013__RAILWAYS_THEFT,456,92.87169042769857
17_CRIME_BY_PLACE_OF_OCCURRENCE_2013__RAILWAYS_BURGLARY,456,92.87169042769857
17_CRIME_BY_PLACE_OF_OCCURRENCE_2013__RAILWAYS_ROBBERY,456,92.87169042769857
17_CRIME_BY_PLACE_OF_OCCURRENCE_2013__RAILWAYS_DACOITY,456,92.87169042769857
42_DISTRICT_WISE_CRIMES_COMMITTED_AGAINST_WOMEN_2013__CRUELTY_BY_HUSBAND_OR_HIS_RELATIVES,456,92.87169042769857
42_DISTRICT_WISE_CRIMES_COMMITTED_AGAINST_WOMEN_2013__IMPORTATION_OF_GIRLS,456,92.87169042769857
07_02_PERSONS_ARRESTED_BY_SEX_AND_AGE_GROUP_SLL_2013__GRAND_TOTAL,456,92.87169042769857
07_01_PERSONS_ARRESTED_BY_SEX_AND_AGE_GROUP_IPC_2013__MALE_BETWEEN_18_30_YEARS,456,92.87169042769857
07_01_PERSONS_ARRESTED_BY_SEX_AND_AGE_GROUP_IPC_2013__FEMALE_TOTAL,456,92.87169042769857
07_01_PERSONS_ARRESTED_BY_SEX_AND_AGE_GROUP_IPC_2013__MALE_TOTAL,456,92.87169042769857
07_01_PERSONS_ARRESTED_BY_SEX_AND_AGE_GROUP_IPC_2013__FEMALE_ABOVE_60_YEARS,456,92.87169042769857
07_01_PERSONS_ARRESTED_BY_SEX_AND_AGE_GROUP_IPC_2013__MALE_ABOVE_60_YEARS,456,92.87169042769857
07_01_PERSONS_ARRESTED_BY_SEX_AND_AGE_GROUP_IPC_2013__FEMALE_BETWEEN_45_60_YEARS,456,92.87169042769857
07_01_PERSONS_ARRESTED_BY_SEX_AND_AGE_GROUP_IPC_2013__MALE_BETWEEN_45_60_YEARS,456,92.87169042769857
07_01_PERSONS_ARRESTED_BY_SEX_AND_AGE_GROUP_IPC_2013__FEMALE_BETWEEN_30_45_YEARS,456,92.87169042769857
07_01_PERSONS_ARRESTED_BY_SEX_AND_AGE_GROUP_IPC_2013__MALE_BETWEEN_30_45_YEARS,456,92.87169042769857
07_01_PERSONS_ARRESTED_BY_SEX_AND_AGE_GROUP_IPC_2013__FEMALE_BETWEEN_18_30_YEARS,456,92.87169042769857
07_01_PERSONS_ARRESTED_BY_SEX_AND_AGE_GROUP_IPC_2013__FEMALE_BELOW_18_YEARS,456,92.87169042769857
07_02_PERSONS_ARRESTED_BY_SEX_AND_AGE_GROUP_SLL_2012__MALE_BELOW_18_YEARS,456,92.87169042769857
07_01_PERSONS_ARRESTED_BY_SEX_AND_AGE_GROUP_IPC_2013__MALE_BELOW_18_YEARS,456,92.87169042769857
07_01_PERSONS_ARRESTED_BY_SEX_AND_AGE_GROUP_IPC_2012__GRAND_TOTAL,456,92.87169042769857
07_01_PERSONS_ARRESTED_BY_SEX_AND_AGE_GROUP_IPC_2012__FEMALE_TOTAL,456,92.87169042769857
07_01_PERSONS_ARRESTED_BY_SEX_AND_AGE_GROUP_IPC_2012__MALE_TOTAL,456,92.87169042769857
07_01_PERSONS_ARRESTED_BY_SEX_AND_AGE_GROUP_IPC_2012__FEMALE_ABOVE_60_YEARS,456,92.87169042769857
07_01_PERSONS_ARRESTED_BY_SEX_AND_AGE_GROUP_IPC_2012__MALE_ABOVE_60_YEARS,456,92.87169042769857
07_01_PERSONS_ARRESTED_BY_SEX_AND_AGE_GROUP_IPC_2012__FEMALE_BETWEEN_45_60_YEARS,456,92.87169042769857
07_01_PERSONS_ARRESTED_BY_SEX_AND_AGE_GROUP_IPC_2012__MALE_BETWEEN_45_60_YEARS,456,92.87169042769857
07_01_PERSONS_ARRESTED_BY_SEX_AND_AGE_GROUP_IPC_2012__FEMALE_BETWEEN_30_45_YEARS,456,92.87169042769857
07_01_PERSONS_ARRESTED_BY_SEX_AND_AGE_GROUP_IPC_2013__GRAND_TOTAL,456,92.87169042769857
07_02_PERSONS_ARRESTED_BY_SEX_AND_AGE_GROUP_SLL_2012__FEMALE_BELOW_18_YEARS,456,92.87169042769857
07_02_PERSONS_ARRESTED_BY_SEX_AND_AGE_GROUP_SLL_2013__FEMALE_TOTAL,456,92.87169042769857
07_02_PERSONS_ARRESTED_BY_SEX_AND_AGE_GROUP_SLL_2013__MALE_BELOW_18_YEARS,456,92.87169042769857
07_02_PERSONS_ARRESTED_BY_SEX_AND_AGE_GROUP_SLL_2013__MALE_TOTAL,456,92.87169042769857
07_02_PERSONS_ARRESTED_BY_SEX_AND_AGE_GROUP_SLL_2013__FEMALE_ABOVE_60_YEARS,456,92.87169042769857
07_02_PERSONS_ARRESTED_BY_SEX_AND_AGE_GROUP_SLL_2013__MALE_ABOVE_60_YEARS,456,92.87169042769857
07_02_PERSONS_ARRESTED_BY_SEX_AND_AGE_GROUP_SLL_2013__FEMALE_BETWEEN_45_60_YEARS,456,92.87169042769857
07_02_PERSONS_ARRESTED_BY_SEX_AND_AGE_GROUP_SLL_2013__MALE_BETWEEN_45_60_YEARS,456,92.87169042769857
07_02_PERSONS_ARRESTED_BY_SEX_AND_AGE_GROUP_SLL_2013__FEMALE_BETWEEN_30_45_YEARS,456,92.87169042769857
07_02_PERSONS_ARRESTED_BY_SEX_AND_AGE_GROUP_SLL_2013__FEMALE_BETWEEN_18_30_YEARS,456,92.87169042769857
07_02_PERSONS_ARRESTED_BY_SEX_AND_AGE_GROUP_SLL_2013__MALE_BETWEEN_18_30_YEARS,456,92.87169042769857
07_02_PERSONS_ARRESTED_BY_SEX_AND_AGE_GROUP_SLL_2013__FEMALE_BELOW_18_YEARS,456,92.87169042769857
07_02_PERSONS_ARRESTED_BY_SEX_AND_AGE_GROUP_SLL_2012__GRAND_TOTAL,456,92.87169042769857
07_02_PERSONS_ARRESTED_BY_SEX_AND_AGE_GROUP_SLL_2012__MALE_BETWEEN_18_30_YEARS,456,92.87169042769857
07_02_PERSONS_ARRESTED_BY_SEX_AND_AGE_GROUP_SLL_2012__FEMALE_TOTAL,456,92.87169042769857
07_02_PERSONS_ARRESTED_BY_SEX_AND_AGE_GROUP_SLL_2012__MALE_TOTAL,456,92.87169042769857
07_02_PERSONS_ARRESTED_BY_SEX_AND_AGE_GROUP_SLL_2012__FEMALE_ABOVE_60_YEARS,456,92.87169042769857
07_02_PERSONS_ARRESTED_BY_SEX_AND_AGE_GROUP_SLL_2012__MALE_ABOVE_60_YEARS,456,92.87169042769857
07_02_PERSONS_ARRESTED_BY_SEX_AND_AGE_GROUP_SLL_2012__FEMALE_BETWEEN_45_60_YEARS,456,92.87169042769857
07_02_PERSONS_ARRESTED_BY_SEX_AND_AGE_GROUP_SLL_2012__MALE_BETWEEN_45_60_YEARS,456,92.87169042769857
07_02_PERSONS_ARRESTED_BY_SEX_AND_AGE_GROUP_SLL_2012__FEMALE_BETWEEN_30_45_YEARS,456,92.87169042769857
07_02_PERSONS_ARRESTED_BY_SEX_AND_AGE_GROUP_SLL_2012__MALE_BETWEEN_30_45_YEARS,456,92.87169042769857
07_02_PERSONS_ARRESTED_BY_SEX_AND_AGE_GROUP_SLL_2012__FEMALE_BETWEEN_18_30_YEARS,456,92.87169042769857
02_DISTRICT_WISE_CRIMES_COMMITTED_AGAINST_ST_2013__RAPE,456,92.87169042769857
04_02_PERSON_ARRESTED_AND_THEIR_DISPOSAL_BY_POLICE_AND_COURT_IPC_CRIME_2013__PERSONS_UNDER_TRIAL_AT_THE_BEGINNING_OF_THE_YEAR,456,92.87169042769857
02_01_DISTRICT_WISE_CRIMES_COMMITTED_AGAINST_SC_2013__ROBBERY,456,92.87169042769857
01_DISTRICT_WISE_CRIMES_COMMITTED_IPC_2013__RAPE,456,92.87169042769857
02_01_DISTRICT_WISE_CRIMES_COMMITTED_AGAINST_SC_2013__DACOITY,456,92.87169042769857
01_DISTRICT_WISE_CRIMES_COMMITTED_IPC_2013__OTHER_RAPE,456,92.87169042769857
02_01_DISTRICT_WISE_CRIMES_COMMITTED_AGAINST_SC_2013__ARSON,456,92.87169042769857
02_01_DISTRICT_WISE_CRIMES_COMMITTED_AGAINST_SC_2013__HURT,456,92.87169042769857
02_01_DISTRICT_WISE_CRIMES_COMMITTED_AGAINST_SC_2013__PROTECTION_OF_CIVIL_RIGHTS_PCR_ACT,456,92.87169042769857
02_01_DISTRICT_WISE_CRIMES_COMMITTED_AGAINST_SC_2013__PREVENTION_OF_ATROCITIES_POA_ACT,456,92.87169042769857
02_01_DISTRICT_WISE_CRIMES_COMMITTED_AGAINST_SC_2013__OTHER_CRIMES_AGAINST_SCS,456,92.87169042769857
01_DISTRICT_WISE_CRIMES_COMMITTED_IPC_2013__MURDER,456,92.87169042769857
01_DISTRICT_WISE_CRIMES_COMMITTED_IPC_2013__ATTEMPT_TO_MURDER,456,92.87169042769857
01_DISTRICT_WISE_CRIMES_COMMITTED_IPC_2013__CULPABLE_HOMICIDE_NOT_AMOUNTING_TO_MURDER,456,92.87169042769857
01_DISTRICT_WISE_CRIMES_COMMITTED_IPC_2013__CUSTODIAL_RAPE,456,92.87169042769857
02_01_DISTRICT_WISE_CRIMES_COMMITTED_AGAINST_SC_2013__RAPE,456,92.87169042769857
01_DISTRICT_WISE_CRIMES_COMMITTED_IPC_2013__RIOTS,456,92.87169042769857
01_DISTRICT_WISE_CRIMES_COMMITTED_IPC_2013__OTHER_THEFT,456,92.87169042769857
01_DISTRICT_WISE_CRIMES_COMMITTED_IPC_2013__AUTO_THEFT,456,92.87169042769857
01_DISTRICT_WISE_CRIMES_COMMITTED_IPC_2013__THEFT,456,92.87169042769857
01_DISTRICT_WISE_CRIMES_COMMITTED_IPC_2013__BURGLARY,456,92.87169042769857
01_DISTRICT_WISE_CRIMES_COMMITTED_IPC_2013__ROBBERY,456,92.87169042769857
01_DISTRICT_WISE_CRIMES_COMMITTED_IPC_2013__PREPARATION_AND_ASSEMBLY_FOR_DACOITY,456,92.87169042769857
01_DISTRICT_WISE_CRIMES_COMMITTED_IPC_2013__DACOITY,456,92.87169042769857
01_DISTRICT_WISE_CRIMES_COMMITTED_IPC_2013__KIDNAPPING_AND_ABDUCTION_OF_OTHERS,456,92.87169042769857
01_DISTRICT_WISE_CRIMES_COMMITTED_IPC_2013__KIDNAPPING_AND_ABDUCTION_OF_WOMEN_AND_GIRLS,456,92.87169042769857
02_01_DISTRICT_WISE_CRIMES_COMMITTED_AGAINST_SC_2013__KIDNAPPING_AND_ABDUCTION,456,92.87169042769857
01_DISTRICT_WISE_CRIMES_COMMITTED_IPC_2013__KIDNAPPING_ABDUCTION,456,92.87169042769857
02_01_DISTRICT_WISE_CRIMES_COMMITTED_AGAINST_SC_2013__MURDER,456,92.87169042769857
01_DISTRICT_WISE_CRIMES_COMMITTED_IPC_2013__TOTAL_IPC_CRIMES,456,92.87169042769857
01_DISTRICT_WISE_CRIMES_COMMITTED_IPC_2013__OTHER_IPC_CRIMES,456,92.87169042769857
01_DISTRICT_WISE_CRIMES_COMMITTED_IPC_2013__CAUSING_DEATH_BY_NEGLIGENCE,456,92.87169042769857
01_DISTRICT_WISE_CRIMES_COMMITTED_IPC_2013__IMPORTATION_OF_GIRLS_FROM_FOREIGN_COUNTRIES,456,92.87169042769857
01_DISTRICT_WISE_CRIMES_COMMITTED_IPC_2013__CRUELTY_BY_HUSBAND_OR_HIS_RELATIVES,456,92.87169042769857
01_DISTRICT_WISE_CRIMES_COMMITTED_IPC_2013__INSULT_TO_MODESTY_OF_WOMEN,456,92.87169042769857
01_DISTRICT_WISE_CRIMES_COMMITTED_IPC_2013__ASSAULT_ON_WOMEN_WITH_INTENT_TO_OUTRAGE_HER_MODESTY,456,92.87169042769857
01_DISTRICT_WISE_CRIMES_COMMITTED_IPC_2013__DOWRY_DEATHS,456,92.87169042769857
01_DISTRICT_WISE_CRIMES_COMMITTED_IPC_2013__HURT_GREVIOUS_HURT,456,92.87169042769857
01_DISTRICT_WISE_CRIMES_COMMITTED_IPC_2013__ARSON,456,92.87169042769857
01_DISTRICT_WISE_CRIMES_COMMITTED_IPC_2013__COUNTERFIETING,456,92.87169042769857
01_DISTRICT_WISE_CRIMES_COMMITTED_IPC_2013__CHEATING,456,92.87169042769857
01_DISTRICT_WISE_CRIMES_COMMITTED_IPC_2013__CRIMINAL_BREACH_OF_TRUST,456,92.87169042769857
01_DISTRICT_WISE_CRIMES_COMMITTED_IPC_2014__OTHER_KIDNAPPING,455,92.66802443991853
01_DISTRICT_WISE_CRIMES_COMMITTED_IPC_2014__THEFT,455,92.66802443991853
01_DISTRICT_WISE_CRIMES_COMMITTED_IPC_2014__HOUSE_TRESPASS_HOUSE_BREAKING,455,92.66802443991853
07_01_PERSONS_ARRESTED_BY_SEX_AND_AGE_GROUP_IPC_2014__18_AND_ABOVE_AND_BELOW_30_YEARS_FEMALE,455,92.66802443991853
07_01_PERSONS_ARRESTED_BY_SEX_AND_AGE_GROUP_IPC_2014__18_AND_ABOVE_AND_BELOW_30_YEARS_MALE,455,92.66802443991853
01_DISTRICT_WISE_CRIMES_COMMITTED_IPC_2014__KIDNAPPING_ABDUCTION_TOTAL,455,92.66802443991853
01_DISTRICT_WISE_CRIMES_COMMITTED_IPC_2014__KIDNAPPING_ABDUCTION,455,92.66802443991853
01_DISTRICT_WISE_CRIMES_COMMITTED_IPC_2014__KIDNAPPING_ABDUCTION_IN_ORDER_TO_MURDER,455,92.66802443991853
01_DISTRICT_WISE_CRIMES_COMMITTED_IPC_2014__KIDNAPPING_FOR_RANSOM,455,92.66802443991853
01_DISTRICT_WISE_CRIMES_COMMITTED_IPC_2014__KIDNAPPING_ABDUCTION_OF_WOMEN_TO_COMPEL_HER_FOR_MARRIAGE,455,92.66802443991853
01_DISTRICT_WISE_CRIMES_COMMITTED_IPC_2014__CRIMINAL_TRESPASS_OR_BURGLARY,455,92.66802443991853
01_DISTRICT_WISE_CRIMES_COMMITTED_IPC_2014__CRIMINAL_TRESPASS_BURGLARY,455,92.66802443991853
01_DISTRICT_WISE_CRIMES_COMMITTED_IPC_2014__ROBBERY,455,92.66802443991853
01_DISTRICT_WISE_CRIMES_COMMITTED_IPC_2014__MAKING_PREPARATION_AND_ASSEMBLY_FOR_COMMITTING_DACOITY,455,92.66802443991853
01_DISTRICT_WISE_CRIMES_COMMITTED_IPC_2014__OTHER_DACOITY,455,92.66802443991853
01_DISTRICT_WISE_CRIMES_COMMITTED_IPC_2014__DACOITY_WITH_MURDER,455,92.66802443991853
01_DISTRICT_WISE_CRIMES_COMMITTED_IPC_2014__DACOITY,455,92.66802443991853
02_01_DISTRICT_WISE_CRIMES_COMMITTED_AGAINST_SC_2014__POA_ACID_ATTACK,455,92.66802443991853
07_01_PERSONS_ARRESTED_BY_SEX_AND_AGE_GROUP_IPC_2014__45_AND_ABOVE_AND_BELOW_60_YEARS_FEMALE,455,92.66802443991853
07_01_PERSONS_ARRESTED_BY_SEX_AND_AGE_GROUP_IPC_2014__18_AND_ABOVE_AND_BELOW_30_YEARS_TOTAL,455,92.66802443991853
07_01_PERSONS_ARRESTED_BY_SEX_AND_AGE_GROUP_IPC_2014__TOTAL_PERSONS_ARRESTED_BY_AGE_AND_SEX,455,92.66802443991853
01_DISTRICT_WISE_CRIMES_COMMITTED_IPC_2014__ATTEMPT_TO_COMMIT_CULPABLE_HOMICIDE,455,92.66802443991853
01_DISTRICT_WISE_CRIMES_COMMITTED_IPC_2014__RAPE,455,92.66802443991853
01_DISTRICT_WISE_CRIMES_COMMITTED_IPC_2014__CUSTODIAL_RAPE,455,92.66802443991853
01_DISTRICT_WISE_CRIMES_COMMITTED_IPC_2014__CUSTODIAL_GANG_RAPE,455,92.66802443991853
01_DISTRICT_WISE_CRIMES_COMMITTED_IPC_2014__CUSTODIAL_OTHER_RAPE,455,92.66802443991853
01_DISTRICT_WISE_CRIMES_COMMITTED_IPC_2014__RAPE_OTHER_THAN_CUSTODIAL,455,92.66802443991853
01_DISTRICT_WISE_CRIMES_COMMITTED_IPC_2014__RAPE_GANG_RAPE,455,92.66802443991853
01_DISTRICT_WISE_CRIMES_COMMITTED_IPC_2014__RAPE_OTHERS,455,92.66802443991853
01_DISTRICT_WISE_CRIMES_COMMITTED_IPC_2014__ATTEMPT_TO_COMMIT_RAPE,455,92.66802443991853
07_01_PERSONS_ARRESTED_BY_SEX_AND_AGE_GROUP_IPC_2014__TOTAL_FEMALE,455,92.66802443991853
07_01_PERSONS_ARRESTED_BY_SEX_AND_AGE_GROUP_IPC_2014__30_AND_ABOVE_AND_BELOW_45_YEARS_MALE,455,92.66802443991853
07_01_PERSONS_ARRESTED_BY_SEX_AND_AGE_GROUP_IPC_2014__TOTAL_MALE,455,92.66802443991853
07_01_PERSONS_ARRESTED_BY_SEX_AND_AGE_GROUP_IPC_2014__60_YEARS_AND_ABOVE_TOTAL,455,92.66802443991853
02_01_DISTRICT_WISE_CRIMES_COMMITTED_AGAINST_SC_2014__POA_ATTEMPT_TO_ACID_ATTACK,455,92.66802443991853
07_01_PERSONS_ARRESTED_BY_SEX_AND_AGE_GROUP_IPC_2014__60_YEARS_AND_ABOVE_MALE,455,92.66802443991853
07_01_PERSONS_ARRESTED_BY_SEX_AND_AGE_GROUP_IPC_2014__45_AND_ABOVE_AND_BELOW_60_YEARS_TOTAL,455,92.66802443991853
01_DISTRICT_WISE_CRIMES_COMMITTED_IPC_2014__ATTEMPT_TO_COMMIT_MURDER,455,92.66802443991853
07_01_PERSONS_ARRESTED_BY_SEX_AND_AGE_GROUP_IPC_2014__45_AND_ABOVE_AND_BELOW_60_YEARS_MALE,455,92.66802443991853
07_01_PERSONS_ARRESTED_BY_SEX_AND_AGE_GROUP_IPC_2014__30_AND_ABOVE_AND_BELOW_45_YEARS_TOTAL,455,92.66802443991853
07_01_PERSONS_ARRESTED_BY_SEX_AND_AGE_GROUP_IPC_2014__30_AND_ABOVE_AND_BELOW_45_YEARS_FEMALE,455,92.66802443991853
01_DISTRICT_WISE_CRIMES_COMMITTED_IPC_2014__AUTO_THEFT,455,92.66802443991853
01_DISTRICT_WISE_CRIMES_COMMITTED_IPC_2014__OTHER_THEFTS,455,92.66802443991853
01_DISTRICT_WISE_CRIMES_COMMITTED_IPC_2014__UNLAWFUL_ASSEMBLY,455,92.66802443991853
04_02_PERSON_ARRESTED_AND_THEIR_DISPOSAL_BY_POLICE_AND_COURT_IPC_CRIME_2014__PERSONS_IN_CUSTODY_DURING_TRIAL_STAGE_AT_BEGIN_OF_YEAR_MALE,455,92.66802443991853
04_02_PERSON_ARRESTED_AND_THEIR_DISPOSAL_BY_POLICE_AND_COURT_IPC_CRIME_2014__PERSONS_ON_BAIL_DURING_INV_STAGE_AT_BEGINNING_OF_YEAR_MALE,455,92.66802443991853
04_02_PERSON_ARRESTED_AND_THEIR_DISPOSAL_BY_POLICE_AND_COURT_IPC_CRIME_2014__PERSONS_ON_BAIL_DURING_INV_STAGE_AT_BEGINNING_OF_YEAR_FEMALE,455,92.66802443991853
04_02_PERSON_ARRESTED_AND_THEIR_DISPOSAL_BY_POLICE_AND_COURT_IPC_CRIME_2014__PERSONS_ON_BAIL_DURING_INV_STAGE_AT_BEGINNING_OF_YEAR_TOTAL,455,92.66802443991853
04_02_PERSON_ARRESTED_AND_THEIR_DISPOSAL_BY_POLICE_AND_COURT_IPC_CRIME_2014__PERSONS_ARRESTED_DURING_THE_YEAR_MALE,455,92.66802443991853
04_02_PERSON_ARRESTED_AND_THEIR_DISPOSAL_BY_POLICE_AND_COURT_IPC_CRIME_2014__PERSONS_ARRESTED_DURING_THE_YEAR_FEMALE,455,92.66802443991853
04_02_PERSON_ARRESTED_AND_THEIR_DISPOSAL_BY_POLICE_AND_COURT_IPC_CRIME_2014__PERSONS_ARRESTED_DURING_THE_YEAR_TOTAL,455,92.66802443991853
04_02_PERSON_ARRESTED_AND_THEIR_DISPOSAL_BY_POLICE_AND_COURT_IPC_CRIME_2014__PERSONS_RELEASED_OR_FREED_BEFORE_TRIAL_FOR_WANT_OF_EVIDENCE_MALE,455,92.66802443991853
04_02_PERSON_ARRESTED_AND_THEIR_DISPOSAL_BY_POLICE_AND_COURT_IPC_CRIME_2014__PERSONS_RELEASED_OR_FREED_BEFORE_TRIAL_FOR_WANT_OF_EVIDENCE_FEM,455,92.66802443991853
04_02_PERSON_ARRESTED_AND_THEIR_DISPOSAL_BY_POLICE_AND_COURT_IPC_CRIME_2014__PERSONS_RELEASED_OR_FREED_BEFORE_TRIAL_FOR_WANT_OF_EVIDENCE_TOT,455,92.66802443991853
04_02_PERSON_ARRESTED_AND_THEIR_DISPOSAL_BY_POLICE_AND_COURT_IPC_CRIME_2014__PERSONS_IN_CUSTODY_DURING_INV_STAGE_AT_YEAR_END_MALE,455,92.66802443991853
04_02_PERSON_ARRESTED_AND_THEIR_DISPOSAL_BY_POLICE_AND_COURT_IPC_CRIME_2014__PERSONS_IN_CUSTODY_DURING_INV_STAGE_AT_YEAR_END_FEMALE,455,92.66802443991853
04_02_PERSON_ARRESTED_AND_THEIR_DISPOSAL_BY_POLICE_AND_COURT_IPC_CRIME_2014__PERSONS_IN_CUSTODY_DURING_INV_STAGE_AT_YEAR_END_TOTAL,455,92.66802443991853
04_02_PERSON_ARRESTED_AND_THEIR_DISPOSAL_BY_POLICE_AND_COURT_IPC_CRIME_2014__PERSONS_ON_BAIL_DURING_INV_STAGE_AT_YEAR_END_MALE,455,92.66802443991853
04_02_PERSON_ARRESTED_AND_THEIR_DISPOSAL_BY_POLICE_AND_COURT_IPC_CRIME_2014__PERSONS_ON_BAIL_DURING_INV_STAGE_AT_YEAR_END_FEMALE,455,92.66802443991853
04_02_PERSON_ARRESTED_AND_THEIR_DISPOSAL_BY_POLICE_AND_COURT_IPC_CRIME_2014__PERSONS_ON_BAIL_DURING_INV_STAGE_AT_YEAR_END_TOTAL,455,92.66802443991853
04_02_PERSON_ARRESTED_AND_THEIR_DISPOSAL_BY_POLICE_AND_COURT_IPC_CRIME_2014__PERSONS_CHARGE_SHEETED_MALE,455,92.66802443991853
04_02_PERSON_ARRESTED_AND_THEIR_DISPOSAL_BY_POLICE_AND_COURT_IPC_CRIME_2014__PERSONS_CHARGE_SHEETED_FEMALE,455,92.66802443991853
04_02_PERSON_ARRESTED_AND_THEIR_DISPOSAL_BY_POLICE_AND_COURT_IPC_CRIME_2014__PERSONS_IN_CUSTODY_DURING_INV_STAGE_AT_BEGINNING_OF_YEAR_TOTAL,455,92.66802443991853
04_02_PERSON_ARRESTED_AND_THEIR_DISPOSAL_BY_POLICE_AND_COURT_IPC_CRIME_2014__PERSONS_IN_CUSTODY_DURING_INV_STAGE_AT_BEGINNING_OF_YEAR_FEMALE,455,92.66802443991853
04_02_PERSON_ARRESTED_AND_THEIR_DISPOSAL_BY_POLICE_AND_COURT_IPC_CRIME_2014__PERSONS_IN_CUSTODY_DURING_INV_STAGE_AT_BEGINNING_OF_YEAR_MALE,455,92.66802443991853
01_DISTRICT_WISE_CRIMES_COMMITTED_IPC_2014__COUNTERFEIT_CURRENCY_BANK_NOTES,455,92.66802443991853
01_DISTRICT_WISE_CRIMES_COMMITTED_IPC_2014__GRIEVOUS_HURT,455,92.66802443991853
01_DISTRICT_WISE_CRIMES_COMMITTED_IPC_2014__ARSON,455,92.66802443991853
01_DISTRICT_WISE_CRIMES_COMMITTED_IPC_2014__MAKING_OR_USING_DOCUMENTS_RESEMBLING_CURRENCY,455,92.66802443991853
01_DISTRICT_WISE_CRIMES_COMMITTED_IPC_2014__MAKING_OR_POSSESSING_MATERIALS_FOR_FORGED_CURRENCY_BANK_NOTES,455,92.66802443991853
01_DISTRICT_WISE_CRIMES_COMMITTED_IPC_2014__POSSESSION_OF_FORGED_OR_COUNTERFEITING_CURRENCY_BANK_NOTES,455,92.66802443991853
01_DISTRICT_WISE_CRIMES_COMMITTED_IPC_2014__USING_FORGED_OR_COUNTERFEITING_CURRENCY_BANK_NOTES,455,92.66802443991853
01_DISTRICT_WISE_CRIMES_COMMITTED_IPC_2014__COUNTERFEITING_CURRENCY_NOTES_BANK_NOTES,455,92.66802443991853
01_DISTRICT_WISE_CRIMES_COMMITTED_IPC_2014__COUNTERFEITING_GOVERNMENT_STAMP,455,92.66802443991853
01_DISTRICT_WISE_CRIMES_COMMITTED_IPC_2014__RIOTS_STUDENTS,455,92.66802443991853
01_DISTRICT_WISE_CRIMES_COMMITTED_IPC_2014__COUNTERFEIT_OFFENCES_RELATED_TO_COUNTERFEIT_COIN,455,92.66802443991853
01_DISTRICT_WISE_CRIMES_COMMITTED_IPC_2014__COUNTERFEITING,455,92.66802443991853
01_DISTRICT_WISE_CRIMES_COMMITTED_IPC_2014__FORGERY,455,92.66802443991853
01_DISTRICT_WISE_CRIMES_COMMITTED_IPC_2014__CHEATING,455,92.66802443991853
01_DISTRICT_WISE_CRIMES_COMMITTED_IPC_2014__CRIMINAL_BREACH_OF_TRUST,455,92.66802443991853
01_DISTRICT_WISE_CRIMES_COMMITTED_IPC_2014__RIOTS_OTHERS,455,92.66802443991853
01_DISTRICT_WISE_CRIMES_COMMITTED_IPC_2014__RIOTS_SECTARIAN,455,92.66802443991853
04_02_PERSON_ARRESTED_AND_THEIR_DISPOSAL_BY_POLICE_AND_COURT_IPC_CRIME_2014__PERSONS_CHARGE_SHEETED_TOTAL,455,92.66802443991853
04_02_PERSON_ARRESTED_AND_THEIR_DISPOSAL_BY_POLICE_AND_COURT_IPC_CRIME_2014__PERSONS_IN_CUSTODY_DURING_TRIAL_STAGE_AT_BEGIN_OF_YEAR_FEMALE,455,92.66802443991853
01_DISTRICT_WISE_CRIMES_COMMITTED_IPC_2014__RIOTS,455,92.66802443991853
04_02_PERSON_ARRESTED_AND_THEIR_DISPOSAL_BY_POLICE_AND_COURT_IPC_CRIME_2014__PERSONS_IN_CUSTODY_DURING_TRIAL_STAGE_AT_BEGIN_OF_YEAR_TOTAL,455,92.66802443991853
04_02_PERSON_ARRESTED_AND_THEIR_DISPOSAL_BY_POLICE_AND_COURT_IPC_CRIME_2014__PERSONS_WHOSE_CASES_TRIALS_WERE_COMPLETED_DURING_THE_YEAR_TOTAL,455,92.66802443991853
04_02_PERSON_ARRESTED_AND_THEIR_DISPOSAL_BY_POLICE_AND_COURT_IPC_CRIME_2014__PERSONS_CONVICTED_MALE,455,92.66802443991853
04_02_PERSON_ARRESTED_AND_THEIR_DISPOSAL_BY_POLICE_AND_COURT_IPC_CRIME_2014__PERSONS_CONVICTED_FEMALE,455,92.66802443991853
04_02_PERSON_ARRESTED_AND_THEIR_DISPOSAL_BY_POLICE_AND_COURT_IPC_CRIME_2014__PERSONS_CONVICTED_TOTAL,455,92.66802443991853
04_02_PERSON_ARRESTED_AND_THEIR_DISPOSAL_BY_POLICE_AND_COURT_IPC_CRIME_2014__PERSONS_ACQUITTED_MALE,455,92.66802443991853
04_02_PERSON_ARRESTED_AND_THEIR_DISPOSAL_BY_POLICE_AND_COURT_IPC_CRIME_2014__PERSONS_ACQUITTED_FEMALE,455,92.66802443991853
04_02_PERSON_ARRESTED_AND_THEIR_DISPOSAL_BY_POLICE_AND_COURT_IPC_CRIME_2014__PERSONS_ACQUITTED_TOTAL,455,92.66802443991853
04_02_PERSON_ARRESTED_AND_THEIR_DISPOSAL_BY_POLICE_AND_COURT_IPC_CRIME_2014__PERSONS_DISCHARGED_BY_COURT_MALE,455,92.66802443991853
04_02_PERSON_ARRESTED_AND_THEIR_DISPOSAL_BY_POLICE_AND_COURT_IPC_CRIME_2014__PERSONS_DISCHARGED_BY_COURT_FEMALE,455,92.66802443991853
04_02_PERSON_ARRESTED_AND_THEIR_DISPOSAL_BY_POLICE_AND_COURT_IPC_CRIME_2014__PERSONS_DISCHARGED_BY_COURT_TOTAL,455,92.66802443991853
01_DISTRICT_WISE_CRIMES_COMMITTED_IPC_2014__RIOTS_AGRARIAN,455,92.66802443991853
01_DISTRICT_WISE_CRIMES_COMMITTED_IPC_2014__RIOTS_OTHER_CASTE_CONFLICT,455,92.66802443991853
01_DISTRICT_WISE_CRIMES_COMMITTED_IPC_2014__RIOTS_SC_STS_VS_NON_SCS_STS,455,92.66802443991853
01_DISTRICT_WISE_CRIMES_COMMITTED_IPC_2014__RIOTS_CASTE_CONFLICT,455,92.66802443991853
01_DISTRICT_WISE_CRIMES_COMMITTED_IPC_2014__RIOTS_POLITICAL,455,92.66802443991853
01_DISTRICT_WISE_CRIMES_COMMITTED_IPC_2014__RIOTS_INDUSTRIAL,455,92.66802443991853
01_DISTRICT_WISE_CRIMES_COMMITTED_IPC_2014__RIOTS_COMMUNAL,455,92.66802443991853
04_02_PERSON_ARRESTED_AND_THEIR_DISPOSAL_BY_POLICE_AND_COURT_IPC_CRIME_2014__PERSONS_WHOSE_CASES_TRIALS_WERE_COMPLETED_DURING_THE_YEAR_FEMALE,455,92.66802443991853
04_02_PERSON_ARRESTED_AND_THEIR_DISPOSAL_BY_POLICE_AND_COURT_IPC_CRIME_2014__PERSONS_WHOSE_CASES_TRIALS_WERE_COMPLETED_DURING_THE_YEAR_MALE,455,92.66802443991853
04_02_PERSON_ARRESTED_AND_THEIR_DISPOSAL_BY_POLICE_AND_COURT_IPC_CRIME_2014__PERSONS_ON_BAIL_DURING_TRIAL_STAGE_AT_YEAR_END_TOTAL,455,92.66802443991853
04_02_PERSON_ARRESTED_AND_THEIR_DISPOSAL_BY_POLICE_AND_COURT_IPC_CRIME_2014__PERSONS_AGAINST_WHOM_CASES_WERE_COMPOUNDED_BY_COURTS_FEMALE,455,92.66802443991853
04_02_PERSON_ARRESTED_AND_THEIR_DISPOSAL_BY_POLICE_AND_COURT_IPC_CRIME_2014__PERSONS_ON_BAIL_DURING_TRIAL_STAGE_AT_BEGIN_OF_YEAR_MALE,455,92.66802443991853
04_02_PERSON_ARRESTED_AND_THEIR_DISPOSAL_BY_POLICE_AND_COURT_IPC_CRIME_2014__PERSONS_ON_BAIL_DURING_TRIAL_STAGE_AT_BEGIN_OF_YEAR_FEMALE,455,92.66802443991853
04_02_PERSON_ARRESTED_AND_THEIR_DISPOSAL_BY_POLICE_AND_COURT_IPC_CRIME_2014__PERSONS_ON_BAIL_DURING_TRIAL_STAGE_AT_BEGIN_OF_YEAR_TOTAL,455,92.66802443991853
04_02_PERSON_ARRESTED_AND_THEIR_DISPOSAL_BY_POLICE_AND_COURT_IPC_CRIME_2014__TOTAL_NUMBER_OF_PERSONS_UNDER_TRIAL_MALE,455,92.66802443991853
04_02_PERSON_ARRESTED_AND_THEIR_DISPOSAL_BY_POLICE_AND_COURT_IPC_CRIME_2014__TOTAL_NUMBER_OF_PERSONS_UNDER_TRIAL_FEMALE,455,92.66802443991853
04_02_PERSON_ARRESTED_AND_THEIR_DISPOSAL_BY_POLICE_AND_COURT_IPC_CRIME_2014__TOTAL_NUMBER_OF_PERSONS_UNDER_TRIAL_TOTAL,455,92.66802443991853
04_02_PERSON_ARRESTED_AND_THEIR_DISPOSAL_BY_POLICE_AND_COURT_IPC_CRIME_2014__PERSONS_AGAINST_WHOM_CASES_WERE_COMPOUNDED_BY_COURTS_MALE,455,92.66802443991853
04_02_PERSON_ARRESTED_AND_THEIR_DISPOSAL_BY_POLICE_AND_COURT_IPC_CRIME_2014__PERSONS_AGAINST_WHOM_CASES_WERE_COMPOUNDED_BY_COURTS_TOTAL,455,92.66802443991853
04_02_PERSON_ARRESTED_AND_THEIR_DISPOSAL_BY_POLICE_AND_COURT_IPC_CRIME_2014__PERSONS_ON_BAIL_DURING_TRIAL_STAGE_AT_YEAR_END_FEMALE,455,92.66802443991853
04_02_PERSON_ARRESTED_AND_THEIR_DISPOSAL_BY_POLICE_AND_COURT_IPC_CRIME_2014__PERSONS_AGAINST_WHOM_CASES_WERE_WITHDRAWN_MALE,455,92.66802443991853
04_02_PERSON_ARRESTED_AND_THEIR_DISPOSAL_BY_POLICE_AND_COURT_IPC_CRIME_2014__PERSONS_AGAINST_WHOM_CASES_WERE_WITHDRAWN_FEMALE,455,92.66802443991853
04_02_PERSON_ARRESTED_AND_THEIR_DISPOSAL_BY_POLICE_AND_COURT_IPC_CRIME_2014__PERSONS_AGAINST_WHOM_CASES_WERE_WITHDRAWN_TOTAL,455,92.66802443991853
04_02_PERSON_ARRESTED_AND_THEIR_DISPOSAL_BY_POLICE_AND_COURT_IPC_CRIME_2014__PERSONS_IN_CUSTODY_DURING_TRIAL_STAGE_AT_YEAR_END_MALE,455,92.66802443991853
04_02_PERSON_ARRESTED_AND_THEIR_DISPOSAL_BY_POLICE_AND_COURT_IPC_CRIME_2014__PERSONS_IN_CUSTODY_DURING_TRIAL_STAGE_AT_YEAR_END_FEMALE,455,92.66802443991853
04_02_PERSON_ARRESTED_AND_THEIR_DISPOSAL_BY_POLICE_AND_COURT_IPC_CRIME_2014__PERSONS_IN_CUSTODY_DURING_TRIAL_STAGE_AT_YEAR_END_TOTAL,455,92.66802443991853
04_02_PERSON_ARRESTED_AND_THEIR_DISPOSAL_BY_POLICE_AND_COURT_IPC_CRIME_2014__PERSONS_ON_BAIL_DURING_TRIAL_STAGE_AT_YEAR_END_MALE,455,92.66802443991853
01_DISTRICT_WISE_CRIMES_COMMITTED_IPC_2014__CULPABLE_HOMICIDE_NOT_AMOUNTING_TO_MURDER,455,92.66802443991853
07_02_PERSONS_ARRESTED_BY_SEX_AND_AGE_GROUP_SLL_2014__30_AND_ABOVE_AND_BELOW_45_YEARS_FEMALE,455,92.66802443991853
01_DISTRICT_WISE_CRIMES_COMMITTED_IPC_2014__MURDER,455,92.66802443991853
17_CRIME_BY_PLACE_OF_OCCURRENCE_2014__BANK_ROBBERY_CASES_REPORTED,455,92.66802443991853
17_CRIME_BY_PLACE_OF_OCCURRENCE_2014__BANK_DACOITY_CASES_REPORTED,455,92.66802443991853
17_CRIME_BY_PLACE_OF_OCCURRENCE_2014__ATM_THEFT_VALUE_OF_PROPERTY_STOLEN,455,92.66802443991853
17_CRIME_BY_PLACE_OF_OCCURRENCE_2014__ATM_THEFT_CASES_REPORTED,455,92.66802443991853
17_CRIME_BY_PLACE_OF_OCCURRENCE_2014__ATM_BURGLARY_VALUE_OF_PROPERTY_STOLEN,455,92.66802443991853
17_CRIME_BY_PLACE_OF_OCCURRENCE_2014__ATM_BURGLARY_CASES_REPORTED,455,92.66802443991853
17_CRIME_BY_PLACE_OF_OCCURRENCE_2014__ATM_ROBBERY_VALUE_OF_PROPERTY_STOLEN,455,92.66802443991853
17_CRIME_BY_PLACE_OF_OCCURRENCE_2014__ATM_ROBBERY_CASES_REPORTED,455,92.66802443991853
17_CRIME_BY_PLACE_OF_OCCURRENCE_2014__ATM_DACOITY_VALUE_OF_PROPERTY_STOLEN,455,92.66802443991853
17_CRIME_BY_PLACE_OF_OCCURRENCE_2014__ATM_DACOITY_CASES_REPORTED,455,92.66802443991853
17_CRIME_BY_PLACE_OF_OCCURRENCE_2014__RELIGIOUS_PLACES_THEFT_VALUE_OF_PROPERTY_STOLEN,455,92.66802443991853
17_CRIME_BY_PLACE_OF_OCCURRENCE_2014__RELIGIOUS_PLACES_THEFT_CASES_REPORTED,455,92.66802443991853
17_CRIME_BY_PLACE_OF_OCCURRENCE_2014__RELIGIOUS_PLACES_BURGLARY_VALUE_OF_PROPERTY_STOLEN,455,92.66802443991853
17_CRIME_BY_PLACE_OF_OCCURRENCE_2014__RELIGIOUS_PLACES_BURGLARY_CASES_REPORTED,455,92.66802443991853
17_CRIME_BY_PLACE_OF_OCCURRENCE_2014__RELIGIOUS_PLACES_ROBBERY_VALUE_OF_PROPERTY_STOLEN,455,92.66802443991853
17_CRIME_BY_PLACE_OF_OCCURRENCE_2014__RELIGIOUS_PLACES_ROBBERY_CASES_REPORTED,455,92.66802443991853
17_CRIME_BY_PLACE_OF_OCCURRENCE_2014__RELIGIOUS_PLACES_DACOITY_VALUE_OF_PROPERTY_STOLEN,455,92.66802443991853
17_CRIME_BY_PLACE_OF_OCCURRENCE_2014__RELIGIOUS_PLACES_DACOITY_CASES_REPORTED,455,92.66802443991853
17_CRIME_BY_PLACE_OF_OCCURRENCE_2014__RAILWAYS_THEFT_VALUE_OF_PROPERTY_STOLEN,455,92.66802443991853
17_CRIME_BY_PLACE_OF_OCCURRENCE_2014__RAILWAYS_THEFT_CASES_REPORTED,455,92.66802443991853
17_CRIME_BY_PLACE_OF_OCCURRENCE_2014__RAILWAYS_BURGLARY_VALUE_OF_PROPERTY_STOLEN,455,92.66802443991853
17_CRIME_BY_PLACE_OF_OCCURRENCE_2014__RAILWAYS_BURGLARY_CASES_REPORTED,455,92.66802443991853
17_CRIME_BY_PLACE_OF_OCCURRENCE_2014__RAILWAYS_ROBBERY_VALUE_OF_PROPERTY_STOLEN,455,92.66802443991853
17_CRIME_BY_PLACE_OF_OCCURRENCE_2014__RAILWAYS_ROBBERY_CASES_REPORTED,455,92.66802443991853
17_CRIME_BY_PLACE_OF_OCCURRENCE_2014__RAILWAYS_DACOITY_VALUE_OF_PROPERTY_STOLEN,455,92.66802443991853
17_CRIME_BY_PLACE_OF_OCCURRENCE_2014__RAILWAYS_DACOITY_CASES_REPORTED,455,92.66802443991853
17_CRIME_BY_PLACE_OF_OCCURRENCE_2014__RIVERORSEA_THEFT_VALUE_OF_PROPERTY_STOLEN,455,92.66802443991853
17_CRIME_BY_PLACE_OF_OCCURRENCE_2014__RIVERORSEA_THEFT_CASES_REPORTED,455,92.66802443991853
17_CRIME_BY_PLACE_OF_OCCURRENCE_2014__BANK_DACOITY_VALUE_OF_PROPERTY_STOLEN,455,92.66802443991853
17_CRIME_BY_PLACE_OF_OCCURRENCE_2014__BANK_ROBBERY_VALUE_OF_PROPERTY_STOLEN,455,92.66802443991853
17_CRIME_BY_PLACE_OF_OCCURRENCE_2014__RIVERORSEA_BURGLARY_CASES_REPORTED,455,92.66802443991853
17_CRIME_BY_PLACE_OF_OCCURRENCE_2014__BANK_BURGLARY_CASES_REPORTED,455,92.66802443991853
17_CRIME_BY_PLACE_OF_OCCURRENCE_2014__TOTAL_THEFT_VALUE_OF_PROPERTY_STOLEN,455,92.66802443991853
17_CRIME_BY_PLACE_OF_OCCURRENCE_2014__TOTAL_THEFT_CASES_REPORTED,455,92.66802443991853
17_CRIME_BY_PLACE_OF_OCCURRENCE_2014__TOTAL_BURGLARY_VALUE_OF_PROPERTY_STOLEN,455,92.66802443991853
17_CRIME_BY_PLACE_OF_OCCURRENCE_2014__TOTAL_BURGLARY_CASES_REPORTED,455,92.66802443991853
17_CRIME_BY_PLACE_OF_OCCURRENCE_2014__TOTAL_ROBBERY_VALUE_OF_PROPERTY_STOLEN,455,92.66802443991853
17_CRIME_BY_PLACE_OF_OCCURRENCE_2014__TOTAL_ROBBERY_CASES_REPORTED,455,92.66802443991853
17_CRIME_BY_PLACE_OF_OCCURRENCE_2014__TOTAL_DACOITY_VALUE_OF_PROPERTY_STOLEN,455,92.66802443991853
17_CRIME_BY_PLACE_OF_OCCURRENCE_2014__TOTAL_DACOITY_CASES_REPORTED,455,92.66802443991853
17_CRIME_BY_PLACE_OF_OCCURRENCE_2014__OTHERPLACES_THEFT_VALUE_OF_PROPERTY_STOLEN,455,92.66802443991853
17_CRIME_BY_PLACE_OF_OCCURRENCE_2014__OTHERPLACES_THEFT_CASES_REPORTED,455,92.66802443991853
17_CRIME_BY_PLACE_OF_OCCURRENCE_2014__OTHERPLACES_BURGLARY_VALUE_OF_PROPERTY_STOLEN,455,92.66802443991853
17_CRIME_BY_PLACE_OF_OCCURRENCE_2014__OTHERPLACES_BURGLARY_CASES_REPORTED,455,92.66802443991853
17_CRIME_BY_PLACE_OF_OCCURRENCE_2014__OTHERPLACES_ROBBERY_VALUE_OF_PROPERTY_STOLEN,455,92.66802443991853
17_CRIME_BY_PLACE_OF_OCCURRENCE_2014__OTHERPLACES_ROBBERY_CASES_REPORTED,455,92.66802443991853
17_CRIME_BY_PLACE_OF_OCCURRENCE_2014__OTHERPLACES_DACOITY_VALUE_OF_PROPERTY_STOLEN,455,92.66802443991853
17_CRIME_BY_PLACE_OF_OCCURRENCE_2014__OTHERPLACES_DACOITY_CASES_REPORTED,455,92.66802443991853
17_CRIME_BY_PLACE_OF_OCCURRENCE_2014__COMMEST_THEFT_VALUE_OF_PROPERTY_STOLEN,455,92.66802443991853
17_CRIME_BY_PLACE_OF_OCCURRENCE_2014__COMMEST_THEFT_CASES_REPORTED,455,92.66802443991853
17_CRIME_BY_PLACE_OF_OCCURRENCE_2014__COMMEST_BURGLARY_VALUE_OF_PROPERTY_STOLEN,455,92.66802443991853
17_CRIME_BY_PLACE_OF_OCCURRENCE_2014__COMMEST_BURGLARY_CASES_REPORTED,455,92.66802443991853
17_CRIME_BY_PLACE_OF_OCCURRENCE_2014__COMMEST_ROBBERY_VALUE_OF_PROPERTY_STOLEN,455,92.66802443991853
17_CRIME_BY_PLACE_OF_OCCURRENCE_2014__COMMEST_ROBBERY_CASES_REPORTED,455,92.66802443991853
17_CRIME_BY_PLACE_OF_OCCURRENCE_2014__COMMEST_DACOITY_VALUE_OF_PROPERTY_STOLEN,455,92.66802443991853
17_CRIME_BY_PLACE_OF_OCCURRENCE_2014__COMMEST_DACOITY_CASES_REPORTED,455,92.66802443991853
17_CRIME_BY_PLACE_OF_OCCURRENCE_2014__BANK_THEFT_VALUE_OF_PROPERTY_STOLEN,455,92.66802443991853
17_CRIME_BY_PLACE_OF_OCCURRENCE_2014__BANK_THEFT_CASES_REPORTED,455,92.66802443991853
17_CRIME_BY_PLACE_OF_OCCURRENCE_2014__BANK_BURGLARY_VALUE_OF_PROPERTY_STOLEN,455,92.66802443991853
17_CRIME_BY_PLACE_OF_OCCURRENCE_2014__RIVERORSEA_BURGLARY_VALUE_OF_PROPERTY_STOLEN,455,92.66802443991853
17_CRIME_BY_PLACE_OF_OCCURRENCE_2014__RIVERORSEA_ROBBERY_VALUE_OF_PROPERTY_STOLEN,455,92.66802443991853
42_DISTRICT_WISE_CRIMES_COMMITTED_AGAINST_WOMEN_2014__RAPE_OTHERS,455,92.66802443991853
42_DISTRICT_WISE_CRIMES_COMMITTED_AGAINST_WOMEN_2014__OTHER_IPC_CRIMES,455,92.66802443991853
42_DISTRICT_WISE_CRIMES_COMMITTED_AGAINST_WOMEN_2014__ABETMENT_OF_SUICIDES_OF_WOMEN,455,92.66802443991853
42_DISTRICT_WISE_CRIMES_COMMITTED_AGAINST_WOMEN_2014__HUMANTRAFFICKING,455,92.66802443991853
42_DISTRICT_WISE_CRIMES_COMMITTED_AGAINST_WOMEN_2014__ARSON,455,92.66802443991853
42_DISTRICT_WISE_CRIMES_COMMITTED_AGAINST_WOMEN_2014__ROBBERY,455,92.66802443991853
42_DISTRICT_WISE_CRIMES_COMMITTED_AGAINST_WOMEN_2014__OTHER_DACOITY,455,92.66802443991853
42_DISTRICT_WISE_CRIMES_COMMITTED_AGAINST_WOMEN_2014__DACOITY_WITH_MURDER,455,92.66802443991853
42_DISTRICT_WISE_CRIMES_COMMITTED_AGAINST_WOMEN_2014__RAPE,455,92.66802443991853
42_DISTRICT_WISE_CRIMES_COMMITTED_AGAINST_WOMEN_2014__CUSTODIAL_RAPE,455,92.66802443991853
42_DISTRICT_WISE_CRIMES_COMMITTED_AGAINST_WOMEN_2014__CUSTODIAL_GANG_RAPE,455,92.66802443991853
42_DISTRICT_WISE_CRIMES_COMMITTED_AGAINST_WOMEN_2014__CUSTODIAL_OTHER_RAPE,455,92.66802443991853
42_DISTRICT_WISE_CRIMES_COMMITTED_AGAINST_WOMEN_2014__RAPE_OTHER_THAN_CUSTODIAL,455,92.66802443991853
42_DISTRICT_WISE_CRIMES_COMMITTED_AGAINST_WOMEN_2014__RAPE_GANG_RAPE,455,92.66802443991853
07_02_PERSONS_ARRESTED_BY_SEX_AND_AGE_GROUP_SLL_2014__TOTAL_PERSONS_ARRESTED_BY_AGE_AND_SEX,455,92.66802443991853
07_02_PERSONS_ARRESTED_BY_SEX_AND_AGE_GROUP_SLL_2014__TOTAL_FEMALE,455,92.66802443991853
07_02_PERSONS_ARRESTED_BY_SEX_AND_AGE_GROUP_SLL_2014__TOTAL_MALE,455,92.66802443991853
07_02_PERSONS_ARRESTED_BY_SEX_AND_AGE_GROUP_SLL_2014__60_YEARS_AND_ABOVE_TOTAL,455,92.66802443991853
07_02_PERSONS_ARRESTED_BY_SEX_AND_AGE_GROUP_SLL_2014__60_YEARS_AND_ABOVE_FEMALE,455,92.66802443991853
07_02_PERSONS_ARRESTED_BY_SEX_AND_AGE_GROUP_SLL_2014__60_YEARS_AND_ABOVE_MALE,455,92.66802443991853
07_02_PERSONS_ARRESTED_BY_SEX_AND_AGE_GROUP_SLL_2014__45_AND_ABOVE_AND_BELOW_60_YEARS_TOTAL,455,92.66802443991853
07_02_PERSONS_ARRESTED_BY_SEX_AND_AGE_GROUP_SLL_2014__45_AND_ABOVE_AND_BELOW_60_YEARS_FEMALE,455,92.66802443991853
07_02_PERSONS_ARRESTED_BY_SEX_AND_AGE_GROUP_SLL_2014__45_AND_ABOVE_AND_BELOW_60_YEARS_MALE,455,92.66802443991853
07_02_PERSONS_ARRESTED_BY_SEX_AND_AGE_GROUP_SLL_2014__30_AND_ABOVE_AND_BELOW_45_YEARS_TOTAL,455,92.66802443991853
01_DISTRICT_WISE_CRIMES_COMMITTED_IPC_2014__ACID_ATTACK,455,92.66802443991853
07_02_PERSONS_ARRESTED_BY_SEX_AND_AGE_GROUP_SLL_2014__30_AND_ABOVE_AND_BELOW_45_YEARS_MALE,455,92.66802443991853
07_02_PERSONS_ARRESTED_BY_SEX_AND_AGE_GROUP_SLL_2014__18_AND_ABOVE_AND_BELOW_30_YEARS_TOTAL,455,92.66802443991853
07_02_PERSONS_ARRESTED_BY_SEX_AND_AGE_GROUP_SLL_2014__18_AND_ABOVE_AND_BELOW_30_YEARS_FEMALE,455,92.66802443991853
07_02_PERSONS_ARRESTED_BY_SEX_AND_AGE_GROUP_SLL_2014__18_AND_ABOVE_AND_BELOW_30_YEARS_MALE,455,92.66802443991853
42_DISTRICT_WISE_CRIMES_COMMITTED_AGAINST_WOMEN_2014__UNNATURAL_OFFENCES,455,92.66802443991853
42_DISTRICT_WISE_CRIMES_COMMITTED_AGAINST_WOMEN_2014__DOWRY_PROHIBITION_ACT_1961,455,92.66802443991853
17_CRIME_BY_PLACE_OF_OCCURRENCE_2014__RIVERORSEA_ROBBERY_CASES_REPORTED,455,92.66802443991853
42_DISTRICT_WISE_CRIMES_COMMITTED_AGAINST_WOMEN_2014__INDECENT_REPRESENTATION_OF_WOMEN_P_ACT_1986,455,92.66802443991853
17_CRIME_BY_PLACE_OF_OCCURRENCE_2014__RIVERORSEA_DACOITY_VALUE_OF_PROPERTY_STOLEN,455,92.66802443991853
17_CRIME_BY_PLACE_OF_OCCURRENCE_2014__RIVERORSEA_DACOITY_CASES_REPORTED,455,92.66802443991853
17_CRIME_BY_PLACE_OF_OCCURRENCE_2014__HIGHWAYS_THEFT_VALUE_OF_PROPERTY_STOLEN,455,92.66802443991853
17_CRIME_BY_PLACE_OF_OCCURRENCE_2014__HIGHWAYS_THEFT_CASES_REPORTED,455,92.66802443991853
17_CRIME_BY_PLACE_OF_OCCURRENCE_2014__HIGHWAYS_BURGLARY_VALUE_OF_PROPERTY_STOLEN,455,92.66802443991853
17_CRIME_BY_PLACE_OF_OCCURRENCE_2014__HIGHWAYS_BURGLARY_CASES_REPORTED,455,92.66802443991853
17_CRIME_BY_PLACE_OF_OCCURRENCE_2014__HIGHWAYS_ROBBERY_VALUE_OF_PROPERTY_STOLEN,455,92.66802443991853
17_CRIME_BY_PLACE_OF_OCCURRENCE_2014__HIGHWAYS_ROBBERY_CASES_REPORTED,455,92.66802443991853
17_CRIME_BY_PLACE_OF_OCCURRENCE_2014__HIGHWAYS_DACOITY_VALUE_OF_PROPERTY_STOLEN,455,92.66802443991853
17_CRIME_BY_PLACE_OF_OCCURRENCE_2014__HIGHWAYS_DACOITY_CASES_REPORTED,455,92.66802443991853
17_CRIME_BY_PLACE_OF_OCCURRENCE_2014__RESIDENCE_THEFT_VALUE_OF_PROPERTY_STOLEN,455,92.66802443991853
17_CRIME_BY_PLACE_OF_OCCURRENCE_2014__RESIDENCE_THEFT_CASES_REPORTED,455,92.66802443991853
17_CRIME_BY_PLACE_OF_OCCURRENCE_2014__RESIDENCE_BURGLARY_VALUE_OF_PROPERTY_STOLEN,455,92.66802443991853
17_CRIME_BY_PLACE_OF_OCCURRENCE_2014__RESIDENCE_BURGLARY_CASES_REPORTED,455,92.66802443991853
17_CRIME_BY_PLACE_OF_OCCURRENCE_2014__RESIDENCE_ROBBERY_VALUE_OF_PROPERTY_STOLEN,455,92.66802443991853
17_CRIME_BY_PLACE_OF_OCCURRENCE_2014__RESIDENCE_ROBBERY_CASES_REPORTED,455,92.66802443991853
17_CRIME_BY_PLACE_OF_OCCURRENCE_2014__RESIDENCE_DACOITY_VALUE_OF_PROPERTY_STOLEN,455,92.66802443991853
17_CRIME_BY_PLACE_OF_OCCURRENCE_2014__RESIDENCE_DACOITY_CASES_REPORTED,455,92.66802443991853
42_DISTRICT_WISE_CRIMES_COMMITTED_AGAINST_WOMEN_2014__TOTAL_CRIMES_AGAINST_WOMEN,455,92.66802443991853
42_DISTRICT_WISE_CRIMES_COMMITTED_AGAINST_WOMEN_2014__OTHER_SLL_CRIMES_AGAINST_WOMEN,455,92.66802443991853
42_DISTRICT_WISE_CRIMES_COMMITTED_AGAINST_WOMEN_2014__ITP_UNDER_OTHER_SECTIONS,455,92.66802443991853
42_DISTRICT_WISE_CRIMES_COMMITTED_AGAINST_WOMEN_2014__ITP_UNDER_SECTION_8,455,92.66802443991853
42_DISTRICT_WISE_CRIMES_COMMITTED_AGAINST_WOMEN_2014__ITP_UNDER_SECTION_7,455,92.66802443991853
42_DISTRICT_WISE_CRIMES_COMMITTED_AGAINST_WOMEN_2014__ITP_UNDER_SECTION_6,455,92.66802443991853
42_DISTRICT_WISE_CRIMES_COMMITTED_AGAINST_WOMEN_2014__ITP_UNDER_SECTION_5,455,92.66802443991853
42_DISTRICT_WISE_CRIMES_COMMITTED_AGAINST_WOMEN_2014__IMMORAL_TRAFFIC_PREVENTION_ACT,455,92.66802443991853
42_DISTRICT_WISE_CRIMES_COMMITTED_AGAINST_WOMEN_2014__PROTECTION_OF_WOMEN_FROM_DOMESTIC_VIOLENCE_ACT_2005,455,92.66802443991853
01_DISTRICT_WISE_CRIMES_COMMITTED_IPC_2014__HURT,455,92.66802443991853
07_01_PERSONS_ARRESTED_BY_SEX_AND_AGE_GROUP_IPC_2014__60_YEARS_AND_ABOVE_FEMALE,455,92.66802443991853
01_DISTRICT_WISE_CRIMES_COMMITTED_IPC_2014__ATTEMPT_TO_ACID_ATTACK,455,92.66802443991853
02_01_DISTRICT_WISE_CRIMES_COMMITTED_AGAINST_SC_2014__IPC_KIDNAPPING_ABDUCTION,455,92.66802443991853
02_01_DISTRICT_WISE_CRIMES_COMMITTED_AGAINST_SC_2014__IPC_OTHER_DACOITY,455,92.66802443991853
02_01_DISTRICT_WISE_CRIMES_COMMITTED_AGAINST_SC_2014__IPC_DACOITY,455,92.66802443991853
02_01_DISTRICT_WISE_CRIMES_COMMITTED_AGAINST_SC_2014__IPC_OTHER_KIDNAPPING,455,92.66802443991853
02_01_DISTRICT_WISE_CRIMES_COMMITTED_AGAINST_SC_2014__IPC_KIDNAPPING_ABDUCTION_OF_WOMEN_TO_COMPEL_HER_FOR_MARRIAGE,455,92.66802443991853
02_01_DISTRICT_WISE_CRIMES_COMMITTED_AGAINST_SC_2014__IPC_KIDNAPPING_FOR_RANSOM,455,92.66802443991853
02_01_DISTRICT_WISE_CRIMES_COMMITTED_AGAINST_SC_2014__IPC_KIDNAPING_ABDUCTION,455,92.66802443991853
02_01_DISTRICT_WISE_CRIMES_COMMITTED_AGAINST_SC_2014__IPC_INSULT_TO_THE_MODESTY_OF_WOMEN,455,92.66802443991853
02_01_DISTRICT_WISE_CRIMES_COMMITTED_AGAINST_SC_2014__IPC_RAPE,455,92.66802443991853
02_01_DISTRICT_WISE_CRIMES_COMMITTED_AGAINST_SC_2014__IPC_OTHER_SEXUAL_HARASSMENT,455,92.66802443991853
02_01_DISTRICT_WISE_CRIMES_COMMITTED_AGAINST_SC_2014__IPC_STALKING,455,92.66802443991853
02_01_DISTRICT_WISE_CRIMES_COMMITTED_AGAINST_SC_2014__IPC_VOYEURISM,455,92.66802443991853
02_01_DISTRICT_WISE_CRIMES_COMMITTED_AGAINST_SC_2014__IPC_ASSAULT_ON_WOMEN_WITH_INTENT_TO_DISROBE,455,92.66802443991853
02_01_DISTRICT_WISE_CRIMES_COMMITTED_AGAINST_SC_2014__IPC_SEXUAL_HARASSMENT,455,92.66802443991853
02_01_DISTRICT_WISE_CRIMES_COMMITTED_AGAINST_SC_2014__IPC_ASSAULT_ON_WOMEN_WITH_INTENT_TO_OUTRAGE_HER_MODESTY,455,92.66802443991853
02_01_DISTRICT_WISE_CRIMES_COMMITTED_AGAINST_SC_2014__IPC_ROBBERY,455,92.66802443991853
02_01_DISTRICT_WISE_CRIMES_COMMITTED_AGAINST_SC_2014__IPC_ARSON,455,92.66802443991853
02_01_DISTRICT_WISE_CRIMES_COMMITTED_AGAINST_SC_2014__IPC_GRIEVOUS_HURT,455,92.66802443991853
02_01_DISTRICT_WISE_CRIMES_COMMITTED_AGAINST_SC_2014__IPC_HURT,455,92.66802443991853
02_01_DISTRICT_WISE_CRIMES_COMMITTED_AGAINST_SC_2014__IPC_RIOTS,455,92.66802443991853
02_01_DISTRICT_WISE_CRIMES_COMMITTED_AGAINST_SC_2014__IPC_OTHER_IPC_CRIMES,455,92.66802443991853
02_01_DISTRICT_WISE_CRIMES_COMMITTED_AGAINST_SC_2014__TOTAL_IPC_CRIMES_AGAINST_SCS,455,92.66802443991853
02_01_DISTRICT_WISE_CRIMES_COMMITTED_AGAINST_SC_2014__OTHER_SLL_CRIME_AGAINST_SCS,455,92.66802443991853
02_01_DISTRICT_WISE_CRIMES_COMMITTED_AGAINST_SC_2014__TOTAL_CRIMES_AGAINST_SCS,455,92.66802443991853
42_DISTRICT_WISE_CRIMES_COMMITTED_AGAINST_WOMEN_2014__MURDER,455,92.66802443991853
42_DISTRICT_WISE_CRIMES_COMMITTED_AGAINST_WOMEN_2014__IMPORTATION_OF_GIRLS_FROM_FOREIGN_COUNTRY,455,92.66802443991853
42_DISTRICT_WISE_CRIMES_COMMITTED_AGAINST_WOMEN_2014__CRUELTY_BY_HUSBAND_OR_HIS_RELATIVES,455,92.66802443991853
42_DISTRICT_WISE_CRIMES_COMMITTED_AGAINST_WOMEN_2014__IN_OTHER_PLACES,455,92.66802443991853
42_DISTRICT_WISE_CRIMES_COMMITTED_AGAINST_WOMEN_2014__IN_PUBLIC_TRANSPORT_SYSTEM,455,92.66802443991853
42_DISTRICT_WISE_CRIMES_COMMITTED_AGAINST_WOMEN_2014__IN_PLACES_RELATED_TO_WORK,455,92.66802443991853
42_DISTRICT_WISE_CRIMES_COMMITTED_AGAINST_WOMEN_2014__AT_OFFICE_PREMISES,455,92.66802443991853
42_DISTRICT_WISE_CRIMES_COMMITTED_AGAINST_WOMEN_2014__INSULT_TO_THE_MODESTY_OF_WOMEN_TOTAL,455,92.66802443991853
02_01_DISTRICT_WISE_CRIMES_COMMITTED_AGAINST_SC_2014__IPC_ATTEMPT_TO_COMMIT_RAPE,455,92.66802443991853
02_01_DISTRICT_WISE_CRIMES_COMMITTED_AGAINST_SC_2014__IPC_ATTEMPT_TO_COMMIT_MURDER,455,92.66802443991853
01_DISTRICT_WISE_CRIMES_COMMITTED_IPC_2014__TOTAL_COGNIZABLE_IPC_CRIMES,455,92.66802443991853
42_DISTRICT_WISE_CRIMES_COMMITTED_AGAINST_WOMEN_2014__CULPABLE_HOMICIDE_NOT_AMOUNTING_TO_MURDER,455,92.66802443991853
02_01_DISTRICT_WISE_CRIMES_COMMITTED_AGAINST_SC_2014__POA_ATTEMPT_TO_COMMIT_RAPE,455,92.66802443991853
02_01_DISTRICT_WISE_CRIMES_COMMITTED_AGAINST_SC_2014__POA_RAPE,455,92.66802443991853
02_01_DISTRICT_WISE_CRIMES_COMMITTED_AGAINST_SC_2014__POA_ATTEMPT_TO_COMMIT_MURDER,455,92.66802443991853
02_01_DISTRICT_WISE_CRIMES_COMMITTED_AGAINST_SC_2014__POA_MURDER,455,92.66802443991853
02_01_DISTRICT_WISE_CRIMES_COMMITTED_AGAINST_SC_2014__PROTECTION_OF_CIVIL_RIGHTS_ACT_1955,455,92.66802443991853
42_DISTRICT_WISE_CRIMES_COMMITTED_AGAINST_WOMEN_2014__ATTEMPT_TO_COMMIT_MURDER,455,92.66802443991853
42_DISTRICT_WISE_CRIMES_COMMITTED_AGAINST_WOMEN_2014__ATTEMPT_TO_COMMIT_CULPABLE_HOMICIDE,455,92.66802443991853
02_01_DISTRICT_WISE_CRIMES_COMMITTED_AGAINST_SC_2014__IPC_MURDER,455,92.66802443991853
42_DISTRICT_WISE_CRIMES_COMMITTED_AGAINST_WOMEN_2014__GRIEVOUS_HURT,455,92.66802443991853
42_DISTRICT_WISE_CRIMES_COMMITTED_AGAINST_WOMEN_2014__HURT,455,92.66802443991853
42_DISTRICT_WISE_CRIMES_COMMITTED_AGAINST_WOMEN_2014__ACID_ATTACK,455,92.66802443991853
42_DISTRICT_WISE_CRIMES_COMMITTED_AGAINST_WOMEN_2014__ATTEMPT_TO_ACID_ATTACK,455,92.66802443991853
42_DISTRICT_WISE_CRIMES_COMMITTED_AGAINST_WOMEN_2014__DEATHS_CAUSED_WITH_INTENT_TO_CAUSE_MISCARRIAGE,455,92.66802443991853
42_DISTRICT_WISE_CRIMES_COMMITTED_AGAINST_WOMEN_2014__CAUSING_MISCARRIAGE_WITHOUT_CONSENT_OF_WOMEN,455,92.66802443991853
02_01_DISTRICT_WISE_CRIMES_COMMITTED_AGAINST_SC_2014__POA_ASSAULT_ON_WOMEN_WITH_INTENT_TO_OUTRAGE_HER_MODESTY,455,92.66802443991853
02_01_DISTRICT_WISE_CRIMES_COMMITTED_AGAINST_SC_2014__POA_SEXUAL_HARASSMENT,455,92.66802443991853
02_01_DISTRICT_WISE_CRIMES_COMMITTED_AGAINST_SC_2014__POA_ASSAULT_ON_WOMEN_WITH_INTENT_TO_DISROBE,455,92.66802443991853
02_01_DISTRICT_WISE_CRIMES_COMMITTED_AGAINST_SC_2014__POA_VOYEURISM,455,92.66802443991853
02_01_DISTRICT_WISE_CRIMES_COMMITTED_AGAINST_SC_2014__POA_STALKING,455,92.66802443991853
02_01_DISTRICT_WISE_CRIMES_COMMITTED_AGAINST_SC_2014__POA_OTHER_SEXUAL_HARASSMENT,455,92.66802443991853
02_01_DISTRICT_WISE_CRIMES_COMMITTED_AGAINST_SC_2014__POA_INSULT_TO_THE_MODESTY_OF_WOMEN,455,92.66802443991853
02_01_DISTRICT_WISE_CRIMES_COMMITTED_AGAINST_SC_2014__POA_KIDNAPPING_ABDUCTION_GRANDTOTAL,455,92.66802443991853
02_01_DISTRICT_WISE_CRIMES_COMMITTED_AGAINST_SC_2014__POA_KIDNAPING_ABDUCTION_TOTAL,455,92.66802443991853
42_DISTRICT_WISE_CRIMES_COMMITTED_AGAINST_WOMEN_2014__ATTEMPT_TO_COMMIT_RAPE,455,92.66802443991853
42_DISTRICT_WISE_CRIMES_COMMITTED_AGAINST_WOMEN_2014__KIDNAPPING_ABDUCTION_TOTAL,455,92.66802443991853
42_DISTRICT_WISE_CRIMES_COMMITTED_AGAINST_WOMEN_2014__KIDNAPING_ABDUCTION,455,92.66802443991853
42_DISTRICT_WISE_CRIMES_COMMITTED_AGAINST_WOMEN_2014__KIDNAPING_ABDUCTION_IN_ORDER_TO_MURDER,455,92.66802443991853
42_DISTRICT_WISE_CRIMES_COMMITTED_AGAINST_WOMEN_2014__KIDNAPPING_FOR_RANSOM,455,92.66802443991853
02_01_DISTRICT_WISE_CRIMES_COMMITTED_AGAINST_SC_2014__POA_OTHER_IPC_CRIMES,455,92.66802443991853
02_01_DISTRICT_WISE_CRIMES_COMMITTED_AGAINST_SC_2014__POA_SC_ST_PREVENTION_OF_ATROCITIES_ACT_ONLY,455,92.66802443991853
02_01_DISTRICT_WISE_CRIMES_COMMITTED_AGAINST_SC_2014__TOTAL_OF_SC_ST_PREVENTION_OF_ATROCITIES_ACT_1989,455,92.66802443991853
42_DISTRICT_WISE_CRIMES_COMMITTED_AGAINST_WOMEN_2014__OTHERS,455,92.66802443991853
42_DISTRICT_WISE_CRIMES_COMMITTED_AGAINST_WOMEN_2014__STALKING,455,92.66802443991853
02_01_DISTRICT_WISE_CRIMES_COMMITTED_AGAINST_SC_2014__POA_HURT,455,92.66802443991853
02_DISTRICT_WISE_CRIMES_COMMITTED_AGAINST_ST_2014__POA_SC_ST_PREVENTION_OF_ATROCITIES_ACT_ONLY,455,92.66802443991853
02_DISTRICT_WISE_CRIMES_COMMITTED_AGAINST_ST_2014__IPC_ATTEMPT_TO_COMMIT_RAPE,455,92.66802443991853
02_DISTRICT_WISE_CRIMES_COMMITTED_AGAINST_ST_2014__IPC_RAPE,455,92.66802443991853
02_DISTRICT_WISE_CRIMES_COMMITTED_AGAINST_ST_2014__IPC_ATTEMPT_TO_COMMIT_MURDER,455,92.66802443991853
01_DISTRICT_WISE_CRIMES_COMMITTED_IPC_2014__DOWRY_DEATHS,455,92.66802443991853
02_DISTRICT_WISE_CRIMES_COMMITTED_AGAINST_ST_2014__IPC_MURDER,455,92.66802443991853
02_DISTRICT_WISE_CRIMES_COMMITTED_AGAINST_ST_2014__TOTAL_OF_SC_ST_PREVENTION_OF_ATROCITIES_ACT_1989,455,92.66802443991853
02_DISTRICT_WISE_CRIMES_COMMITTED_AGAINST_ST_2014__POA_OTHER_IPC_CRIMES,455,92.66802443991853
02_01_DISTRICT_WISE_CRIMES_COMMITTED_AGAINST_SC_2014__POA_GRIEVOUS_HURT,455,92.66802443991853
02_DISTRICT_WISE_CRIMES_COMMITTED_AGAINST_ST_2014__POA_RIOTS,455,92.66802443991853
02_DISTRICT_WISE_CRIMES_COMMITTED_AGAINST_ST_2014__POA_ACID_ATTACK,455,92.66802443991853
02_DISTRICT_WISE_CRIMES_COMMITTED_AGAINST_ST_2014__TOTAL_CRIMES_AGAINST_STS,455,92.66802443991853
42_DISTRICT_WISE_CRIMES_COMMITTED_AGAINST_WOMEN_2014__VOYEURISM,455,92.66802443991853
42_DISTRICT_WISE_CRIMES_COMMITTED_AGAINST_WOMEN_2014__ASSAULT_ON_WOMEN_WITH_INTENT_TO_DISROBE,455,92.66802443991853
42_DISTRICT_WISE_CRIMES_COMMITTED_AGAINST_WOMEN_2014__SEXUAL_HARASSMENT,455,92.66802443991853
02_DISTRICT_WISE_CRIMES_COMMITTED_AGAINST_ST_2014__IPC_ASSAULT_ON_WOMEN_WITH_INTENT_TO_OUTRAGE_HER_MODESTY,455,92.66802443991853
02_DISTRICT_WISE_CRIMES_COMMITTED_AGAINST_ST_2014__IPC_SEXUAL_HARASSMENT,455,92.66802443991853
02_DISTRICT_WISE_CRIMES_COMMITTED_AGAINST_ST_2014__IPC_ASSAULT_ON_WOMEN_WITH_INTENT_TO_DISROBE,455,92.66802443991853
02_DISTRICT_WISE_CRIMES_COMMITTED_AGAINST_ST_2014__IPC_STALKING,455,92.66802443991853
02_DISTRICT_WISE_CRIMES_COMMITTED_AGAINST_ST_2014__IPC_OTHER_SEXUAL_HARASSMENT,455,92.66802443991853
02_DISTRICT_WISE_CRIMES_COMMITTED_AGAINST_ST_2014__IPC_INSULT_TO_THE_MODESTY_OF_WOMEN,455,92.66802443991853
02_DISTRICT_WISE_CRIMES_COMMITTED_AGAINST_ST_2014__IPC_KIDNAPPING_ABDUCTION,455,92.66802443991853
02_DISTRICT_WISE_CRIMES_COMMITTED_AGAINST_ST_2014__IPC_KIDNAPING_ABDUCTION,455,92.66802443991853
02_DISTRICT_WISE_CRIMES_COMMITTED_AGAINST_ST_2014__IPC_KIDNAPPING_FOR_RANSOM,455,92.66802443991853
02_DISTRICT_WISE_CRIMES_COMMITTED_AGAINST_ST_2014__IPC_KIDNAPPING_ABDUCTION_OF_WOMEN_TO_COMPEL_HER_FOR_MARRIAGE,455,92.66802443991853
02_DISTRICT_WISE_CRIMES_COMMITTED_AGAINST_ST_2014__IPC_OTHER_KIDNAPPING,455,92.66802443991853
02_DISTRICT_WISE_CRIMES_COMMITTED_AGAINST_ST_2014__IPC_ROBBERY,455,92.66802443991853
02_DISTRICT_WISE_CRIMES_COMMITTED_AGAINST_ST_2014__IPC_ARSON,455,92.66802443991853
02_DISTRICT_WISE_CRIMES_COMMITTED_AGAINST_ST_2014__IPC_GRIEVOUS_HURT,455,92.66802443991853
02_DISTRICT_WISE_CRIMES_COMMITTED_AGAINST_ST_2014__IPC_HURT,455,92.66802443991853
02_DISTRICT_WISE_CRIMES_COMMITTED_AGAINST_ST_2014__IPC_RIOTS,455,92.66802443991853
02_DISTRICT_WISE_CRIMES_COMMITTED_AGAINST_ST_2014__IPC_OTHER_IPC_CRIMES,455,92.66802443991853
42_DISTRICT_WISE_CRIMES_COMMITTED_AGAINST_WOMEN_2014__ASSAULT_ON_WOMEN_WITH_INTENT_TO_OUTRAGE_HER_MODESTY_TOTAL,455,92.66802443991853
42_DISTRICT_WISE_CRIMES_COMMITTED_AGAINST_WOMEN_2014__DOWRY_DEATHS,455,92.66802443991853
42_DISTRICT_WISE_CRIMES_COMMITTED_AGAINST_WOMEN_2014__KIDNAPING_ABDUCTION_OTHERS,455,92.66802443991853
02_DISTRICT_WISE_CRIMES_COMMITTED_AGAINST_ST_2014__POA_SEXUAL_HARASSMENT,455,92.66802443991853
02_01_DISTRICT_WISE_CRIMES_COMMITTED_AGAINST_SC_2014__POA_ARSON,455,92.66802443991853
02_01_DISTRICT_WISE_CRIMES_COMMITTED_AGAINST_SC_2014__POA_ROBBERY,455,92.66802443991853
02_01_DISTRICT_WISE_CRIMES_COMMITTED_AGAINST_SC_2014__POA_OTHER_DACOITY,455,92.66802443991853
02_01_DISTRICT_WISE_CRIMES_COMMITTED_AGAINST_SC_2014__POA_DACOITY,455,92.66802443991853
02_01_DISTRICT_WISE_CRIMES_COMMITTED_AGAINST_SC_2014__POA_OTHER_KIDNAPPING,455,92.66802443991853
02_01_DISTRICT_WISE_CRIMES_COMMITTED_AGAINST_SC_2014__POA_KIDNAPPING_ABDUCTION_OF_WOMEN_TO_COMPEL_HER_FOR_MARRIAGE,455,92.66802443991853
02_01_DISTRICT_WISE_CRIMES_COMMITTED_AGAINST_SC_2014__POA_KIDNAPPING_FOR_RANSOM,455,92.66802443991853
02_01_DISTRICT_WISE_CRIMES_COMMITTED_AGAINST_SC_2014__POA_KIDNAPING_ABDUCTION_IN_ORDER_TO_MURDER,455,92.66802443991853
02_DISTRICT_WISE_CRIMES_COMMITTED_AGAINST_ST_2014__PROTECTION_OF_CIVIL_RIGHTS_ACT_1955,455,92.66802443991853
02_DISTRICT_WISE_CRIMES_COMMITTED_AGAINST_ST_2014__POA_MURDER,455,92.66802443991853
02_DISTRICT_WISE_CRIMES_COMMITTED_AGAINST_ST_2014__POA_ATTEMPT_TO_COMMIT_MURDER,455,92.66802443991853
02_DISTRICT_WISE_CRIMES_COMMITTED_AGAINST_ST_2014__POA_RAPE,455,92.66802443991853
02_DISTRICT_WISE_CRIMES_COMMITTED_AGAINST_ST_2014__POA_ATTEMPT_TO_COMMIT_RAPE,455,92.66802443991853
02_DISTRICT_WISE_CRIMES_COMMITTED_AGAINST_ST_2014__POA_ASSAULT_ON_WOMEN_WITH_INTENT_TO_OUTRAGE_HER_MODESTY,455,92.66802443991853
02_DISTRICT_WISE_CRIMES_COMMITTED_AGAINST_ST_2014__POA_ASSAULT_ON_WOMEN_WITH_INTENT_TO_DISROBE,455,92.66802443991853
42_DISTRICT_WISE_CRIMES_COMMITTED_AGAINST_WOMEN_2014__KIDNAPPING_ABDUCTION_OF_WOMEN_TO_COMPEL_HER_FOR_MARRIAGE,455,92.66802443991853
02_DISTRICT_WISE_CRIMES_COMMITTED_AGAINST_ST_2014__POA_VOYEURISM,455,92.66802443991853
02_DISTRICT_WISE_CRIMES_COMMITTED_AGAINST_ST_2014__POA_STALKING,455,92.66802443991853
02_DISTRICT_WISE_CRIMES_COMMITTED_AGAINST_ST_2014__POA_OTHER_SEXUAL_HARASSMENT,455,92.66802443991853
02_DISTRICT_WISE_CRIMES_COMMITTED_AGAINST_ST_2014__POA_INSULT_TO_THE_MODESTY_OF_WOMEN,455,92.66802443991853
02_DISTRICT_WISE_CRIMES_COMMITTED_AGAINST_ST_2014__POA_KIDNAPPING_ABDUCTION_GRANDTOTAL,455,92.66802443991853
02_DISTRICT_WISE_CRIMES_COMMITTED_AGAINST_ST_2014__POA_KIDNAPING_ABDUCTION_TOTAL,455,92.66802443991853
02_DISTRICT_WISE_CRIMES_COMMITTED_AGAINST_ST_2014__POA_KIDNAPPING_ABDUCTION_OF_WOMEN_TO_COMPEL_HER_FOR_MARRIAGE,455,92.66802443991853
02_DISTRICT_WISE_CRIMES_COMMITTED_AGAINST_ST_2014__POA_OTHER_KIDNAPPING,455,92.66802443991853
02_DISTRICT_WISE_CRIMES_COMMITTED_AGAINST_ST_2014__POA_DACOITY,455,92.66802443991853
02_DISTRICT_WISE_CRIMES_COMMITTED_AGAINST_ST_2014__POA_OTHER_DACOITY,455,92.66802443991853
02_DISTRICT_WISE_CRIMES_COMMITTED_AGAINST_ST_2014__POA_ROBBERY,455,92.66802443991853
02_DISTRICT_WISE_CRIMES_COMMITTED_AGAINST_ST_2014__POA_ARSON,455,92.66802443991853
02_DISTRICT_WISE_CRIMES_COMMITTED_AGAINST_ST_2014__POA_GRIEVOUS_HURT,455,92.66802443991853
02_DISTRICT_WISE_CRIMES_COMMITTED_AGAINST_ST_2014__POA_HURT,455,92.66802443991853
42_DISTRICT_WISE_CRIMES_COMMITTED_AGAINST_WOMEN_2014__DACOITY_TOTAL,455,92.66802443991853
01_DISTRICT_WISE_CRIMES_COMMITTED_IPC_2014__OTHER_IPC_CRIMES,455,92.66802443991853
02_DISTRICT_WISE_CRIMES_COMMITTED_AGAINST_ST_2014__OTHER_SLL_CRIME_AGAINST_STS,455,92.66802443991853
04_01_PERSON_ARRESTED_AND_THEIR_DISPOSAL_BY_POLICE_AND_COURT_SLL_CRIME_2014__PERSONS_IN_CUSTODY_DURING_INV_STAGE_AT_YEAR_END_TOTAL,455,92.66802443991853
04_01_PERSON_ARRESTED_AND_THEIR_DISPOSAL_BY_POLICE_AND_COURT_SLL_CRIME_2014__PERSONS_ARRESTED_DURING_THE_YEAR_TOTAL,455,92.66802443991853
04_01_PERSON_ARRESTED_AND_THEIR_DISPOSAL_BY_POLICE_AND_COURT_SLL_CRIME_2014__PERSONS_RELEASED_OR_FREED_BEFORE_TRIAL_FOR_WANT_OF_EVIDENCE_MALE,455,92.66802443991853
04_01_PERSON_ARRESTED_AND_THEIR_DISPOSAL_BY_POLICE_AND_COURT_SLL_CRIME_2014__PERSONS_RELEASED_OR_FREED_BEFORE_TRIAL_FOR_WANT_OF_EVIDENCE_FEM,455,92.66802443991853
04_01_PERSON_ARRESTED_AND_THEIR_DISPOSAL_BY_POLICE_AND_COURT_SLL_CRIME_2014__PERSONS_RELEASED_OR_FREED_BEFORE_TRIAL_FOR_WANT_OF_EVIDENCE_TOT,455,92.66802443991853
04_01_PERSON_ARRESTED_AND_THEIR_DISPOSAL_BY_POLICE_AND_COURT_SLL_CRIME_2014__PERSONS_IN_CUSTODY_DURING_INV_STAGE_AT_YEAR_END_MALE,455,92.66802443991853
04_01_PERSON_ARRESTED_AND_THEIR_DISPOSAL_BY_POLICE_AND_COURT_SLL_CRIME_2014__PERSONS_IN_CUSTODY_DURING_INV_STAGE_AT_YEAR_END_FEMALE,455,92.66802443991853
04_01_PERSON_ARRESTED_AND_THEIR_DISPOSAL_BY_POLICE_AND_COURT_SLL_CRIME_2014__PERSONS_ON_BAIL_DURING_INV_STAGE_AT_YEAR_END_MALE,455,92.66802443991853
04_01_PERSON_ARRESTED_AND_THEIR_DISPOSAL_BY_POLICE_AND_COURT_SLL_CRIME_2014__PERSONS_IN_CUSTODY_DURING_TRIAL_STAGE_AT_BEGIN_OF_YEAR_TOTAL,455,92.66802443991853
04_01_PERSON_ARRESTED_AND_THEIR_DISPOSAL_BY_POLICE_AND_COURT_SLL_CRIME_2014__PERSONS_ON_BAIL_DURING_INV_STAGE_AT_YEAR_END_FEMALE,455,92.66802443991853
04_01_PERSON_ARRESTED_AND_THEIR_DISPOSAL_BY_POLICE_AND_COURT_SLL_CRIME_2014__PERSONS_ON_BAIL_DURING_INV_STAGE_AT_YEAR_END_TOTAL,455,92.66802443991853
04_01_PERSON_ARRESTED_AND_THEIR_DISPOSAL_BY_POLICE_AND_COURT_SLL_CRIME_2014__PERSONS_CHARGE_SHEETED_MALE,455,92.66802443991853
04_01_PERSON_ARRESTED_AND_THEIR_DISPOSAL_BY_POLICE_AND_COURT_SLL_CRIME_2014__PERSONS_CHARGE_SHEETED_FEMALE,455,92.66802443991853
04_01_PERSON_ARRESTED_AND_THEIR_DISPOSAL_BY_POLICE_AND_COURT_SLL_CRIME_2014__PERSONS_CHARGE_SHEETED_TOTAL,455,92.66802443991853
04_01_PERSON_ARRESTED_AND_THEIR_DISPOSAL_BY_POLICE_AND_COURT_SLL_CRIME_2014__PERSONS_IN_CUSTODY_DURING_TRIAL_STAGE_AT_BEGIN_OF_YEAR_MALE,455,92.66802443991853
04_01_PERSON_ARRESTED_AND_THEIR_DISPOSAL_BY_POLICE_AND_COURT_SLL_CRIME_2014__PERSONS_ARRESTED_DURING_THE_YEAR_FEMALE,455,92.66802443991853
04_01_PERSON_ARRESTED_AND_THEIR_DISPOSAL_BY_POLICE_AND_COURT_SLL_CRIME_2014__PERSONS_ARRESTED_DURING_THE_YEAR_MALE,455,92.66802443991853
04_01_PERSON_ARRESTED_AND_THEIR_DISPOSAL_BY_POLICE_AND_COURT_SLL_CRIME_2014__PERSONS_ON_BAIL_DURING_INV_STAGE_AT_BEGINNING_OF_YEAR_TOTAL,455,92.66802443991853
04_01_PERSON_ARRESTED_AND_THEIR_DISPOSAL_BY_POLICE_AND_COURT_SLL_CRIME_2014__PERSONS_ON_BAIL_DURING_INV_STAGE_AT_BEGINNING_OF_YEAR_FEMALE,455,92.66802443991853
04_01_PERSON_ARRESTED_AND_THEIR_DISPOSAL_BY_POLICE_AND_COURT_SLL_CRIME_2014__PERSONS_ON_BAIL_DURING_INV_STAGE_AT_BEGINNING_OF_YEAR_MALE,455,92.66802443991853
04_01_PERSON_ARRESTED_AND_THEIR_DISPOSAL_BY_POLICE_AND_COURT_SLL_CRIME_2014__PERSONS_IN_CUSTODY_DURING_INV_STAGE_AT_BEGINNING_OF_YEAR_TOTAL,455,92.66802443991853
04_01_PERSON_ARRESTED_AND_THEIR_DISPOSAL_BY_POLICE_AND_COURT_SLL_CRIME_2014__PERSONS_IN_CUSTODY_DURING_INV_STAGE_AT_BEGINNING_OF_YEAR_FEMALE,455,92.66802443991853
04_01_PERSON_ARRESTED_AND_THEIR_DISPOSAL_BY_POLICE_AND_COURT_SLL_CRIME_2014__PERSONS_IN_CUSTODY_DURING_INV_STAGE_AT_BEGINNING_OF_YEAR_MALE,455,92.66802443991853
01_DISTRICT_WISE_CRIMES_COMMITTED_IPC_2014__ASSAULT_OR_USE_OF_CRIMINAL_FORCE_TO_WOMEN_WITH_INTENT_TO_DISROBE,455,92.66802443991853
01_DISTRICT_WISE_CRIMES_COMMITTED_IPC_2014__VOYEURISM,455,92.66802443991853
01_DISTRICT_WISE_CRIMES_COMMITTED_IPC_2014__STALKING,455,92.66802443991853
01_DISTRICT_WISE_CRIMES_COMMITTED_IPC_2014__OTHER_ASSAULT_ON_WOMEN,455,92.66802443991853
01_DISTRICT_WISE_CRIMES_COMMITTED_IPC_2014__INSULT_TO_THE_MODESTY_OF_WOMEN,455,92.66802443991853
01_DISTRICT_WISE_CRIMES_COMMITTED_IPC_2014__AT_OFFICE_PREMISES,455,92.66802443991853
01_DISTRICT_WISE_CRIMES_COMMITTED_IPC_2014__OTHER_PLACES_RELATED_TO_WORK,455,92.66802443991853
01_DISTRICT_WISE_CRIMES_COMMITTED_IPC_2014__IN_PUBLIC_TRANSPORT_SYSTEM,455,92.66802443991853
01_DISTRICT_WISE_CRIMES_COMMITTED_IPC_2014__PLACES_OTHER_THAN_231_232_233,455,92.66802443991853
04_01_PERSON_ARRESTED_AND_THEIR_DISPOSAL_BY_POLICE_AND_COURT_SLL_CRIME_2014__PERSONS_IN_CUSTODY_DURING_TRIAL_STAGE_AT_BEGIN_OF_YEAR_FEMALE,455,92.66802443991853
04_01_PERSON_ARRESTED_AND_THEIR_DISPOSAL_BY_POLICE_AND_COURT_SLL_CRIME_2014__PERSONS_ON_BAIL_DURING_TRIAL_STAGE_AT_BEGIN_OF_YEAR_MALE,455,92.66802443991853
01_DISTRICT_WISE_CRIMES_COMMITTED_IPC_2014__UNNATURAL_OFFENCE,455,92.66802443991853
04_01_PERSON_ARRESTED_AND_THEIR_DISPOSAL_BY_POLICE_AND_COURT_SLL_CRIME_2014__PERSONS_ACQUITTED_MALE,455,92.66802443991853
04_01_PERSON_ARRESTED_AND_THEIR_DISPOSAL_BY_POLICE_AND_COURT_SLL_CRIME_2014__PERSONS_WHOSE_CASES_TRIALS_WERE_COMPLETED_DURING_THE_YEAR_FEMALE,455,92.66802443991853
04_01_PERSON_ARRESTED_AND_THEIR_DISPOSAL_BY_POLICE_AND_COURT_SLL_CRIME_2014__PERSONS_WHOSE_CASES_TRIALS_WERE_COMPLETED_DURING_THE_YEAR_TOTAL,455,92.66802443991853
02_01_DISTRICT_WISE_CRIMES_COMMITTED_AGAINST_SC_2014__POA_RIOTS,455,92.66802443991853
04_01_PERSON_ARRESTED_AND_THEIR_DISPOSAL_BY_POLICE_AND_COURT_SLL_CRIME_2014__PERSONS_CONVICTED_MALE,455,92.66802443991853
04_01_PERSON_ARRESTED_AND_THEIR_DISPOSAL_BY_POLICE_AND_COURT_SLL_CRIME_2014__PERSONS_CONVICTED_FEMALE,455,92.66802443991853
04_01_PERSON_ARRESTED_AND_THEIR_DISPOSAL_BY_POLICE_AND_COURT_SLL_CRIME_2014__PERSONS_CONVICTED_TOTAL,455,92.66802443991853
04_01_PERSON_ARRESTED_AND_THEIR_DISPOSAL_BY_POLICE_AND_COURT_SLL_CRIME_2014__PERSONS_ACQUITTED_FEMALE,455,92.66802443991853
04_01_PERSON_ARRESTED_AND_THEIR_DISPOSAL_BY_POLICE_AND_COURT_SLL_CRIME_2014__PERSONS_ON_BAIL_DURING_TRIAL_STAGE_AT_BEGIN_OF_YEAR_FEMALE,455,92.66802443991853
04_01_PERSON_ARRESTED_AND_THEIR_DISPOSAL_BY_POLICE_AND_COURT_SLL_CRIME_2014__PERSONS_ACQUITTED_TOTAL,455,92.66802443991853
04_01_PERSON_ARRESTED_AND_THEIR_DISPOSAL_BY_POLICE_AND_COURT_SLL_CRIME_2014__PERSONS_DISCHARGED_BY_COURT_MALE,455,92.66802443991853
04_01_PERSON_ARRESTED_AND_THEIR_DISPOSAL_BY_POLICE_AND_COURT_SLL_CRIME_2014__PERSONS_DISCHARGED_BY_COURT_FEMALE,455,92.66802443991853
04_01_PERSON_ARRESTED_AND_THEIR_DISPOSAL_BY_POLICE_AND_COURT_SLL_CRIME_2014__PERSONS_DISCHARGED_BY_COURT_TOTAL,455,92.66802443991853
01_DISTRICT_WISE_CRIMES_COMMITTED_IPC_2014__SEXUAL_HARASSMENT,455,92.66802443991853
01_DISTRICT_WISE_CRIMES_COMMITTED_IPC_2014__ASSAULT_ON_WOMEN_WITH_INTENT_TO_OUTRAGE_HER_MODESTY,455,92.66802443991853
04_01_PERSON_ARRESTED_AND_THEIR_DISPOSAL_BY_POLICE_AND_COURT_SLL_CRIME_2014__PERSONS_WHOSE_CASES_TRIALS_WERE_COMPLETED_DURING_THE_YEAR_MALE,455,92.66802443991853
04_01_PERSON_ARRESTED_AND_THEIR_DISPOSAL_BY_POLICE_AND_COURT_SLL_CRIME_2014__PERSONS_ON_BAIL_DURING_TRIAL_STAGE_AT_YEAR_END_TOTAL,455,92.66802443991853
04_01_PERSON_ARRESTED_AND_THEIR_DISPOSAL_BY_POLICE_AND_COURT_SLL_CRIME_2014__PERSONS_ON_BAIL_DURING_TRIAL_STAGE_AT_YEAR_END_FEMALE,455,92.66802443991853
04_01_PERSON_ARRESTED_AND_THEIR_DISPOSAL_BY_POLICE_AND_COURT_SLL_CRIME_2014__PERSONS_ON_BAIL_DURING_TRIAL_STAGE_AT_YEAR_END_MALE,455,92.66802443991853
04_01_PERSON_ARRESTED_AND_THEIR_DISPOSAL_BY_POLICE_AND_COURT_SLL_CRIME_2014__PERSONS_IN_CUSTODY_DURING_TRIAL_STAGE_AT_YEAR_END_TOTAL,455,92.66802443991853
04_01_PERSON_ARRESTED_AND_THEIR_DISPOSAL_BY_POLICE_AND_COURT_SLL_CRIME_2014__PERSONS_IN_CUSTODY_DURING_TRIAL_STAGE_AT_YEAR_END_FEMALE,455,92.66802443991853
04_01_PERSON_ARRESTED_AND_THEIR_DISPOSAL_BY_POLICE_AND_COURT_SLL_CRIME_2014__PERSONS_IN_CUSTODY_DURING_TRIAL_STAGE_AT_YEAR_END_MALE,455,92.66802443991853
04_01_PERSON_ARRESTED_AND_THEIR_DISPOSAL_BY_POLICE_AND_COURT_SLL_CRIME_2014__PERSONS_AGAINST_WHOM_CASES_WERE_WITHDRAWN_TOTAL,455,92.66802443991853
04_01_PERSON_ARRESTED_AND_THEIR_DISPOSAL_BY_POLICE_AND_COURT_SLL_CRIME_2014__PERSONS_AGAINST_WHOM_CASES_WERE_WITHDRAWN_FEMALE,455,92.66802443991853
04_01_PERSON_ARRESTED_AND_THEIR_DISPOSAL_BY_POLICE_AND_COURT_SLL_CRIME_2014__PERSONS_AGAINST_WHOM_CASES_WERE_WITHDRAWN_MALE,455,92.66802443991853
04_01_PERSON_ARRESTED_AND_THEIR_DISPOSAL_BY_POLICE_AND_COURT_SLL_CRIME_2014__PERSONS_AGAINST_WHOM_CASES_WERE_COMPOUNDED_BY_COURTS_TOTAL,455,92.66802443991853
04_01_PERSON_ARRESTED_AND_THEIR_DISPOSAL_BY_POLICE_AND_COURT_SLL_CRIME_2014__PERSONS_AGAINST_WHOM_CASES_WERE_COMPOUNDED_BY_COURTS_FEMALE,455,92.66802443991853
04_01_PERSON_ARRESTED_AND_THEIR_DISPOSAL_BY_POLICE_AND_COURT_SLL_CRIME_2014__PERSONS_AGAINST_WHOM_CASES_WERE_COMPOUNDED_BY_COURTS_MALE,455,92.66802443991853
04_01_PERSON_ARRESTED_AND_THEIR_DISPOSAL_BY_POLICE_AND_COURT_SLL_CRIME_2014__TOTAL_NUMBER_OF_PERSONS_UNDER_TRIAL_TOTAL,455,92.66802443991853
04_01_PERSON_ARRESTED_AND_THEIR_DISPOSAL_BY_POLICE_AND_COURT_SLL_CRIME_2014__TOTAL_NUMBER_OF_PERSONS_UNDER_TRIAL_FEMALE,455,92.66802443991853
04_01_PERSON_ARRESTED_AND_THEIR_DISPOSAL_BY_POLICE_AND_COURT_SLL_CRIME_2014__TOTAL_NUMBER_OF_PERSONS_UNDER_TRIAL_MALE,455,92.66802443991853
04_01_PERSON_ARRESTED_AND_THEIR_DISPOSAL_BY_POLICE_AND_COURT_SLL_CRIME_2014__PERSONS_ON_BAIL_DURING_TRIAL_STAGE_AT_BEGIN_OF_YEAR_TOTAL,455,92.66802443991853
01_DISTRICT_WISE_CRIMES_COMMITTED_IPC_2014__CRUELTY_BY_HUSBAND_OR_HIS_RELATIVES,455,92.66802443991853
01_DISTRICT_WISE_CRIMES_COMMITTED_IPC_2014__IMPORTATION_OF_GIRLS_FROM_FOREIGN_COUNTRY,455,92.66802443991853
01_DISTRICT_WISE_CRIMES_COMMITTED_IPC_2014__CAUSING_DEATH_BY_NEGLIGENCE,455,92.66802443991853
03_PERSONS_ARRESTED_AND_THEIR_DISPOSAL_BY_POLICE_AND_COURT_UNDER_CRIME_AGAINST_CHILDREN_2014__PERSONS_IN_CUSTODY_DURING_TRIAL_STAGE_AT_BEGIN_OF_YEAR_TOTAL,455,92.66802443991853
03_PERSONS_ARRESTED_AND_THEIR_DISPOSAL_BY_POLICE_AND_COURT_UNDER_CRIME_AGAINST_CHILDREN_2014__PERSONS_ON_BAIL_DURING_INV_STAGE_AT_YEAR_END_TOTAL,455,92.66802443991853
03_PERSONS_ARRESTED_AND_THEIR_DISPOSAL_BY_POLICE_AND_COURT_UNDER_CRIME_AGAINST_CHILDREN_2014__PERSONS_CHARGE_SHEETED_MALE,455,92.66802443991853
03_PERSONS_ARRESTED_AND_THEIR_DISPOSAL_BY_POLICE_AND_COURT_UNDER_CRIME_AGAINST_CHILDREN_2014__PERSONS_CHARGE_SHEETED_FEMALE,455,92.66802443991853
03_PERSONS_ARRESTED_AND_THEIR_DISPOSAL_BY_POLICE_AND_COURT_UNDER_CRIME_AGAINST_CHILDREN_2014__PERSONS_CHARGE_SHEETED_TOTAL,455,92.66802443991853
03_PERSONS_ARRESTED_AND_THEIR_DISPOSAL_BY_POLICE_AND_COURT_UNDER_CRIME_AGAINST_CHILDREN_2014__PERSONS_IN_CUSTODY_DURING_TRIAL_STAGE_AT_BEGIN_OF_YEAR_MALE,455,92.66802443991853
03_PERSONS_ARRESTED_AND_THEIR_DISPOSAL_BY_POLICE_AND_COURT_UNDER_CRIME_AGAINST_CHILDREN_2014__PERSONS_IN_CUSTODY_DURING_TRIAL_STAGE_AT_BEGIN_OF_YEAR_FEMALE,455,92.66802443991853
03_PERSONS_ARRESTED_AND_THEIR_DISPOSAL_BY_POLICE_AND_COURT_UNDER_CRIME_AGAINST_CHILDREN_2014__PERSONS_ON_BAIL_DURING_TRIAL_STAGE_AT_BEGIN_OF_YEAR_MALE,455,92.66802443991853
01_DISTRICT_WISE_CRIMES_COMMITTED_IPC_2014__DEATHS_DUE_TO_NEGLIGENT_DRIVING_ACT,455,92.66802443991853
03_PERSONS_ARRESTED_AND_THEIR_DISPOSAL_BY_POLICE_AND_COURT_UNDER_CRIME_AGAINST_CHILDREN_2014__PERSONS_ON_BAIL_DURING_TRIAL_STAGE_AT_BEGIN_OF_YEAR_FEMALE,455,92.66802443991853
03_PERSONS_ARRESTED_AND_THEIR_DISPOSAL_BY_POLICE_AND_COURT_UNDER_CRIME_AGAINST_CHILDREN_2014__PERSONS_ON_BAIL_DURING_TRIAL_STAGE_AT_BEGIN_OF_YEAR_TOTAL,455,92.66802443991853
03_PERSONS_ARRESTED_AND_THEIR_DISPOSAL_BY_POLICE_AND_COURT_UNDER_CRIME_AGAINST_CHILDREN_2014__TOTAL_NUMBER_OF_PERSONS_UNDER_TRIAL_MALE,455,92.66802443991853
03_PERSONS_ARRESTED_AND_THEIR_DISPOSAL_BY_POLICE_AND_COURT_UNDER_CRIME_AGAINST_CHILDREN_2014__TOTAL_NUMBER_OF_PERSONS_UNDER_TRIAL_FEMALE,455,92.66802443991853
03_PERSONS_ARRESTED_AND_THEIR_DISPOSAL_BY_POLICE_AND_COURT_UNDER_CRIME_AGAINST_CHILDREN_2014__TOTAL_NUMBER_OF_PERSONS_UNDER_TRIAL_TOTAL,455,92.66802443991853
03_PERSONS_ARRESTED_AND_THEIR_DISPOSAL_BY_POLICE_AND_COURT_UNDER_CRIME_AGAINST_CHILDREN_2014__PERSONS_AGAINST_WHOM_CASES_WERE_COMPOUNDED_BY_COURTS_MALE,455,92.66802443991853
03_PERSONS_ARRESTED_AND_THEIR_DISPOSAL_BY_POLICE_AND_COURT_UNDER_CRIME_AGAINST_CHILDREN_2014__PERSONS_ON_BAIL_DURING_INV_STAGE_AT_YEAR_END_FEMALE,455,92.66802443991853
03_PERSONS_ARRESTED_AND_THEIR_DISPOSAL_BY_POLICE_AND_COURT_UNDER_CRIME_AGAINST_CHILDREN_2014__PERSONS_ON_BAIL_DURING_INV_STAGE_AT_YEAR_END_MALE,455,92.66802443991853
03_PERSONS_ARRESTED_AND_THEIR_DISPOSAL_BY_POLICE_AND_COURT_UNDER_CRIME_AGAINST_CHILDREN_2014__PERSONS_IN_CUSTODY_DURING_INV_STAGE_AT_YEAR_END_TOTAL,455,92.66802443991853
03_PERSONS_ARRESTED_AND_THEIR_DISPOSAL_BY_POLICE_AND_COURT_UNDER_CRIME_AGAINST_CHILDREN_2014__PERSONS_IN_CUSTODY_DURING_INV_STAGE_AT_YEAR_END_FEMALE,455,92.66802443991853
03_PERSONS_ARRESTED_AND_THEIR_DISPOSAL_BY_POLICE_AND_COURT_UNDER_CRIME_AGAINST_CHILDREN_2014__PERSONS_IN_CUSTODY_DURING_INV_STAGE_AT_YEAR_END_MALE,455,92.66802443991853
03_PERSONS_ARRESTED_AND_THEIR_DISPOSAL_BY_POLICE_AND_COURT_UNDER_CRIME_AGAINST_CHILDREN_2014__PERSONS_RELEASED_OR_FREED_BEFORE_TRIAL_FOR_WANT_OF_EVIDENCE_TOT,455,92.66802443991853
03_PERSONS_ARRESTED_AND_THEIR_DISPOSAL_BY_POLICE_AND_COURT_UNDER_CRIME_AGAINST_CHILDREN_2014__PERSONS_RELEASED_OR_FREED_BEFORE_TRIAL_FOR_WANT_OF_EVIDENCE_FEM,455,92.66802443991853
03_PERSONS_ARRESTED_AND_THEIR_DISPOSAL_BY_POLICE_AND_COURT_UNDER_CRIME_AGAINST_CHILDREN_2014__PERSONS_RELEASED_OR_FREED_BEFORE_TRIAL_FOR_WANT_OF_EVIDENCE_MALE,455,92.66802443991853
03_PERSONS_ARRESTED_AND_THEIR_DISPOSAL_BY_POLICE_AND_COURT_UNDER_CRIME_AGAINST_CHILDREN_2014__PERSONS_ARRESTED_DURING_THE_YEAR_TOTAL,455,92.66802443991853
03_PERSONS_ARRESTED_AND_THEIR_DISPOSAL_BY_POLICE_AND_COURT_UNDER_CRIME_AGAINST_CHILDREN_2014__PERSONS_ARRESTED_DURING_THE_YEAR_FEMALE,455,92.66802443991853
03_PERSONS_ARRESTED_AND_THEIR_DISPOSAL_BY_POLICE_AND_COURT_UNDER_CRIME_AGAINST_CHILDREN_2014__PERSONS_ARRESTED_DURING_THE_YEAR_MALE,455,92.66802443991853
03_PERSONS_ARRESTED_AND_THEIR_DISPOSAL_BY_POLICE_AND_COURT_UNDER_CRIME_AGAINST_CHILDREN_2014__PERSONS_ON_BAIL_DURING_INV_STAGE_AT_BEGINNING_OF_YEAR_TOTAL,455,92.66802443991853
03_PERSONS_ARRESTED_AND_THEIR_DISPOSAL_BY_POLICE_AND_COURT_UNDER_CRIME_AGAINST_CHILDREN_2014__PERSONS_ON_BAIL_DURING_INV_STAGE_AT_BEGINNING_OF_YEAR_FEMALE,455,92.66802443991853
03_PERSONS_ARRESTED_AND_THEIR_DISPOSAL_BY_POLICE_AND_COURT_UNDER_CRIME_AGAINST_CHILDREN_2014__PERSONS_ON_BAIL_DURING_INV_STAGE_AT_BEGINNING_OF_YEAR_MALE,455,92.66802443991853
03_PERSONS_ARRESTED_AND_THEIR_DISPOSAL_BY_POLICE_AND_COURT_UNDER_CRIME_AGAINST_CHILDREN_2014__PERSONS_IN_CUSTODY_DURING_INV_STAGE_AT_BEGINNING_OF_YEAR_TOTAL,455,92.66802443991853
03_PERSONS_ARRESTED_AND_THEIR_DISPOSAL_BY_POLICE_AND_COURT_UNDER_CRIME_AGAINST_CHILDREN_2014__PERSONS_IN_CUSTODY_DURING_INV_STAGE_AT_BEGINNING_OF_YEAR_FEMALE,455,92.66802443991853
03_PERSONS_ARRESTED_AND_THEIR_DISPOSAL_BY_POLICE_AND_COURT_UNDER_CRIME_AGAINST_CHILDREN_2014__PERSONS_IN_CUSTODY_DURING_INV_STAGE_AT_BEGINNING_OF_YEAR_MALE,455,92.66802443991853
03_PERSONS_ARRESTED_AND_THEIR_DISPOSAL_BY_POLICE_AND_COURT_UNDER_CRIME_AGAINST_CHILDREN_2014__PERSONS_AGAINST_WHOM_CASES_WERE_COMPOUNDED_BY_COURTS_FEMALE,455,92.66802443991853
03_PERSONS_ARRESTED_AND_THEIR_DISPOSAL_BY_POLICE_AND_COURT_UNDER_CRIME_AGAINST_CHILDREN_2014__PERSONS_AGAINST_WHOM_CASES_WERE_COMPOUNDED_BY_COURTS_TOTAL,455,92.66802443991853
03_PERSONS_ARRESTED_AND_THEIR_DISPOSAL_BY_POLICE_AND_COURT_UNDER_CRIME_AGAINST_CHILDREN_2014__PERSONS_AGAINST_WHOM_CASES_WERE_WITHDRAWN_MALE,455,92.66802443991853
03_PERSONS_ARRESTED_AND_THEIR_DISPOSAL_BY_POLICE_AND_COURT_UNDER_CRIME_AGAINST_CHILDREN_2014__PERSONS_ACQUITTED_TOTAL,455,92.66802443991853
01_DISTRICT_WISE_CRIMES_COMMITTED_IPC_2014__DEATHS_DUE_TO_OTHER_CAUSES,455,92.66802443991853
01_DISTRICT_WISE_CRIMES_COMMITTED_IPC_2014__OFFENCES_AGAINST_STATE,455,92.66802443991853
01_DISTRICT_WISE_CRIMES_COMMITTED_IPC_2014__SEDITION,455,92.66802443991853
01_DISTRICT_WISE_CRIMES_COMMITTED_IPC_2014__OTHER_OFFENCES_AGAINST_STATE,455,92.66802443991853
01_DISTRICT_WISE_CRIMES_COMMITTED_IPC_2014__OFFENCES_PROMOTING_ENMITY_BETWEEN_DIFFERENT_GROUPS,455,92.66802443991853
01_DISTRICT_WISE_CRIMES_COMMITTED_IPC_2014__PROMOTING_ENMITY_BETWEEN_DIFFERENT_GROUPS,455,92.66802443991853
01_DISTRICT_WISE_CRIMES_COMMITTED_IPC_2014__IMPUTATION_ASSERTIONS_PREJUDICIAL_TO_NATIONAL_INTEGRATION,455,92.66802443991853
01_DISTRICT_WISE_CRIMES_COMMITTED_IPC_2014__EXTORTION,455,92.66802443991853
01_DISTRICT_WISE_CRIMES_COMMITTED_IPC_2014__DISCLOSURE_OF_IDENTITY_OF_VICTIMS,455,92.66802443991853
01_DISTRICT_WISE_CRIMES_COMMITTED_IPC_2014__INCIDENCE_OF_RASH_DRIVING,455,92.66802443991853
01_DISTRICT_WISE_CRIMES_COMMITTED_IPC_2014__HUMANTRAFFICKING,455,92.66802443991853
03_PERSONS_ARRESTED_AND_THEIR_DISPOSAL_BY_POLICE_AND_COURT_UNDER_CRIME_AGAINST_CHILDREN_2014__PERSONS_DISCHARGED_BY_COURT_TOTAL,455,92.66802443991853
03_PERSONS_ARRESTED_AND_THEIR_DISPOSAL_BY_POLICE_AND_COURT_UNDER_CRIME_AGAINST_CHILDREN_2014__PERSONS_DISCHARGED_BY_COURT_FEMALE,455,92.66802443991853
03_PERSONS_ARRESTED_AND_THEIR_DISPOSAL_BY_POLICE_AND_COURT_UNDER_CRIME_AGAINST_CHILDREN_2014__PERSONS_DISCHARGED_BY_COURT_MALE,455,92.66802443991853
03_PERSONS_ARRESTED_AND_THEIR_DISPOSAL_BY_POLICE_AND_COURT_UNDER_CRIME_AGAINST_CHILDREN_2014__PERSONS_ACQUITTED_FEMALE,455,92.66802443991853
03_PERSONS_ARRESTED_AND_THEIR_DISPOSAL_BY_POLICE_AND_COURT_UNDER_CRIME_AGAINST_CHILDREN_2014__PERSONS_AGAINST_WHOM_CASES_WERE_WITHDRAWN_FEMALE,455,92.66802443991853
03_PERSONS_ARRESTED_AND_THEIR_DISPOSAL_BY_POLICE_AND_COURT_UNDER_CRIME_AGAINST_CHILDREN_2014__PERSONS_ACQUITTED_MALE,455,92.66802443991853
03_PERSONS_ARRESTED_AND_THEIR_DISPOSAL_BY_POLICE_AND_COURT_UNDER_CRIME_AGAINST_CHILDREN_2014__PERSONS_CONVICTED_TOTAL,455,92.66802443991853
03_PERSONS_ARRESTED_AND_THEIR_DISPOSAL_BY_POLICE_AND_COURT_UNDER_CRIME_AGAINST_CHILDREN_2014__PERSONS_CONVICTED_FEMALE,455,92.66802443991853
03_PERSONS_ARRESTED_AND_THEIR_DISPOSAL_BY_POLICE_AND_COURT_UNDER_CRIME_AGAINST_CHILDREN_2014__PERSONS_CONVICTED_MALE,455,92.66802443991853
03_PERSONS_ARRESTED_AND_THEIR_DISPOSAL_BY_POLICE_AND_COURT_UNDER_CRIME_AGAINST_CHILDREN_2014__PERSONS_WHOSE_CASES_TRIALS_WERE_COMPLETED_DURING_THE_YEAR_TOTAL,455,92.66802443991853
03_PERSONS_ARRESTED_AND_THEIR_DISPOSAL_BY_POLICE_AND_COURT_UNDER_CRIME_AGAINST_CHILDREN_2014__PERSONS_WHOSE_CASES_TRIALS_WERE_COMPLETED_DURING_THE_YEAR_FEMALE,455,92.66802443991853
03_PERSONS_ARRESTED_AND_THEIR_DISPOSAL_BY_POLICE_AND_COURT_UNDER_CRIME_AGAINST_CHILDREN_2014__PERSONS_WHOSE_CASES_TRIALS_WERE_COMPLETED_DURING_THE_YEAR_MALE,455,92.66802443991853
03_PERSONS_ARRESTED_AND_THEIR_DISPOSAL_BY_POLICE_AND_COURT_UNDER_CRIME_AGAINST_CHILDREN_2014__PERSONS_ON_BAIL_DURING_TRIAL_STAGE_AT_YEAR_END_TOTAL,455,92.66802443991853
03_PERSONS_ARRESTED_AND_THEIR_DISPOSAL_BY_POLICE_AND_COURT_UNDER_CRIME_AGAINST_CHILDREN_2014__PERSONS_ON_BAIL_DURING_TRIAL_STAGE_AT_YEAR_END_FEMALE,455,92.66802443991853
03_PERSONS_ARRESTED_AND_THEIR_DISPOSAL_BY_POLICE_AND_COURT_UNDER_CRIME_AGAINST_CHILDREN_2014__PERSONS_ON_BAIL_DURING_TRIAL_STAGE_AT_YEAR_END_MALE,455,92.66802443991853
03_PERSONS_ARRESTED_AND_THEIR_DISPOSAL_BY_POLICE_AND_COURT_UNDER_CRIME_AGAINST_CHILDREN_2014__PERSONS_IN_CUSTODY_DURING_TRIAL_STAGE_AT_YEAR_END_TOTAL,455,92.66802443991853
03_PERSONS_ARRESTED_AND_THEIR_DISPOSAL_BY_POLICE_AND_COURT_UNDER_CRIME_AGAINST_CHILDREN_2014__PERSONS_IN_CUSTODY_DURING_TRIAL_STAGE_AT_YEAR_END_FEMALE,455,92.66802443991853
03_PERSONS_ARRESTED_AND_THEIR_DISPOSAL_BY_POLICE_AND_COURT_UNDER_CRIME_AGAINST_CHILDREN_2014__PERSONS_IN_CUSTODY_DURING_TRIAL_STAGE_AT_YEAR_END_MALE,455,92.66802443991853
03_PERSONS_ARRESTED_AND_THEIR_DISPOSAL_BY_POLICE_AND_COURT_UNDER_CRIME_AGAINST_CHILDREN_2014__PERSONS_AGAINST_WHOM_CASES_WERE_WITHDRAWN_TOTAL,455,92.66802443991853
02_DISTRICT_WISE_CRIMES_COMMITTED_AGAINST_ST_2014__TOTAL_IPC_CRIMES_AGAINST_STS,455,92.66802443991853
40_01_CUSTODIAL_DEATH_PERSON_REMANDED__CD_NO_OF_POLICEMEN_CONVICTED,309,62.93279022403259
40_03_CUSTODIAL_DEATH_DURING_PRODUCTION__CD_NO_OF_POLICEMEN_CONVICTED,307,62.52545824847251
40_02_CUSTODIAL_DEATH_PERSON_NOT_REMANDED__CD_NO_OF_POLICEMEN_CONVICTED,307,62.52545824847251
40_01_CUSTODIAL_DEATH_PERSON_REMANDED__CD_NO_OF_POLICEMEN_CHARGE_SHEETED,306,62.32179226069247
35_HUMAN_RIGHTS_VIOLATION_BY_POLICE__POLICEMEN_CONVICTED,305,62.11812627291242
40_01_CUSTODIAL_DEATH_PERSON_REMANDED__CD_NO_OF_JUDICIAL_ENQUIRY_ORDEREDCONDUCTED,305,62.11812627291242
40_03_CUSTODIAL_DEATH_DURING_PRODUCTION__CD_NO_OF_POLICEMEN_CHARGE_SHEETED,305,62.11812627291242
40_05_CUSTODIAL_DEATH_OTHERS__CD_BY_OTHER_CRIMINALS,303,61.710794297352344
40_03_CUSTODIAL_DEATH_DURING_PRODUCTION__CD_NO_OF_JUDICIAL_ENQUIRY_ORDEREDCONDUCTED,303,61.710794297352344
40_05_CUSTODIAL_DEATH_OTHERS__CD_BY_MOB_ATTACKRIOTS,302,61.5071283095723
31_SERIOUS_FRAUD__LOSS_OF_PROPERTY_ABOVE_100_CRORES,300,61.099796334012225
40_02_CUSTODIAL_DEATH_PERSON_NOT_REMANDED__CD_NO_OF_POLICEMEN_CHARGE_SHEETED,300,61.099796334012225
31_SERIOUS_FRAUD__LOSS_OF_PROPERTY_50_100_CRORES,299,60.896130346232184
40_03_CUSTODIAL_DEATH_DURING_PRODUCTION__CD_NO_OF_MAGISTERIAL_ENQUIRY_ORDEREDCONDUCTED,298,60.692464358452135
40_05_CUSTODIAL_DEATH_OTHERS__CD_WHILE_ESCAPING_FROM_CUSTODY,297,60.4887983706721
40_01_CUSTODIAL_DEATH_PERSON_REMANDED__CD_NO_OF_CASES_REGISTERED_IN_CONNECTION_WITH_DEATHS,296,60.28513238289206
40_02_CUSTODIAL_DEATH_PERSON_NOT_REMANDED__CD_NO_OF_JUDICIAL_ENQUIRY_ORDEREDCONDUCTED,295,60.08146639511202
40_03_CUSTODIAL_DEATH_DURING_PRODUCTION__CD_NO_OF_CASES_REGISTERED_IN_CONNECTION_WITH_DEATHS,295,60.08146639511202
31_SERIOUS_FRAUD__LOSS_OF_PROPERTY_25_50_CRORES,295,60.08146639511202
31_SERIOUS_FRAUD__LOSS_OF_PROPERTY_10_25_CRORES,293,59.67413441955194
40_03_CUSTODIAL_DEATH_DURING_PRODUCTION__CD_NO_OF_AUTOPSY_CONDUCTED,293,59.67413441955194
40_05_CUSTODIAL_DEATH_OTHERS__CD_ACCIDENTS,292,59.47046843177189
40_05_CUSTODIAL_DEATH_OTHERS__CD_ILLNESSNATURAL_DEATH,291,59.26680244399185
40_01_CUSTODIAL_DEATH_PERSON_REMANDED__CD_NO_OF_AUTOPSY_CONDUCTED,289,58.85947046843177
35_HUMAN_RIGHTS_VIOLATION_BY_POLICE__POLICEMEN_CHARGESHEETED,288,58.65580448065173
40_03_CUSTODIAL_DEATH_DURING_PRODUCTION__CD_DEATHS_REPORTED,287,58.45213849287168
40_01_CUSTODIAL_DEATH_PERSON_REMANDED__CD_NO_OF_MAGISTERIAL_ENQUIRY_ORDEREDCONDUCTED,286,58.248472505091655
40_01_CUSTODIAL_DEATH_PERSON_REMANDED__CD_DEATHS_REPORTED,281,57.23014256619145
40_04_CUSTODIAL_DEATH_DURING_HOSPITALIZATION_OR_TREATMENT__CD_HOSPITALISATION_TREATMENT,278,56.61914460285132
40_05_CUSTODIAL_DEATH_OTHERS__CD_BY_SUICIDE,277,56.41547861507128
35_HUMAN_RIGHTS_VIOLATION_BY_POLICE__CASES_REGISTERED_UNDER_HUMAN_RIGHTS_VIOLATIONS,276,56.211812627291245
40_02_CUSTODIAL_DEATH_PERSON_NOT_REMANDED__CD_NO_OF_MAGISTERIAL_ENQUIRY_ORDEREDCONDUCTED,271,55.193482688391036
40_02_CUSTODIAL_DEATH_PERSON_NOT_REMANDED__CD_NO_OF_CASES_REGISTERED_IN_CONNECTION_WITH_DEATHS,271,55.193482688391036
41_ESCAPES_FROM_POLICE_CUSTODY__EPC_CASES_CASES_ACQUITTED,268,54.58248472505092
41_ESCAPES_FROM_POLICE_CUSTODY__EPC_PERSONS_CASES_ACQUITTED,268,54.58248472505092
40_02_CUSTODIAL_DEATH_PERSON_NOT_REMANDED__CD_NO_OF_AUTOPSY_CONDUCTED,266,54.17515274949084
40_02_CUSTODIAL_DEATH_PERSON_NOT_REMANDED__CD_DEATHS_REPORTED,263,53.56415478615071
29_PERIOD_OF_TRIALS_BY_COURTS__PT_OVER_10_YEARS,260,52.953156822810584
41_ESCAPES_FROM_POLICE_CUSTODY__EPC_PERSONS_AWARDED_MORE_THAN_3_YEARS_IMPRISONMENT,259,52.74949083503056
31_SERIOUS_FRAUD__LOSS_OF_PROPERTY_1_10_CRORES,258,52.54582484725051
29_PERIOD_OF_TRIALS_BY_COURTS__PT_5_10_YEARS,256,52.138492871690424
29_PERIOD_OF_TRIALS_BY_COURTS__PT_LESS_THAN_6_MONTHS,255,51.93482688391039
29_PERIOD_OF_TRIALS_BY_COURTS__PT_3_5_YEARS,248,50.509164969450104
29_PERIOD_OF_TRIALS_BY_COURTS__PT_6_12_MONTHS,247,50.30549898167006
29_PERIOD_OF_TRIALS_BY_COURTS__PT_TOTAL,246,50.101832993890014
29_PERIOD_OF_TRIALS_BY_COURTS__PT_1_3_YEARS,246,50.101832993890014
41_ESCAPES_FROM_POLICE_CUSTODY__EPC_PERSONS_CASES_CONVICTED,242,49.287169042769854
41_ESCAPES_FROM_POLICE_CUSTODY__EPC_CASES_CASES_CONVICTED,242,49.287169042769854
41_ESCAPES_FROM_POLICE_CUSTODY__EPC_PERSONS_AWARDED_UPTO_3_YEARS_IMPRISONMENT,238,48.472505091649694
41_ESCAPES_FROM_POLICE_CUSTODY__EPC_CASES_TRIAL_COMPLETED,235,47.86150712830957
41_ESCAPES_FROM_POLICE_CUSTODY__EPC_PERSONS_TRIAL_COMPLETED,233,47.45417515274949
36_POLICE_HOUSING__PH_HOUSES_PROVIDED_ON_LEASERENTGPRA,225,45.824847250509166
39_SPECIFIC_PURPOSE_OF_KIDNAPPING_AND_ABDUCTION__K_A_FEMALE_ABOVE_50_YEARS,223,45.41751527494908
41_ESCAPES_FROM_POLICE_CUSTODY__EPC_FR_SUBMITTED,223,45.41751527494908
33_CH_NOT_MURDER_VICTIM_AGE_SEX__VICTIMS_UPTO_10_15_YRS,223,45.41751527494908
34_USE_OF_FIRE_ARMS_IN_MURDER_CASES__VICTIMS_OF_MURDER_BY_LICENSED_ARMS,222,45.21384928716905
33_CH_NOT_MURDER_VICTIM_AGE_SEX__VICTIMS_UPTO_15_18_YRS,220,44.806517311608964
33_CH_NOT_MURDER_VICTIM_AGE_SEX__VICTIMS_UPTO_10_YRS,220,44.806517311608964
34_USE_OF_FIRE_ARMS_IN_MURDER_CASES__VICTIMS_OF_MURDER_BY_UN_LICENSEDIMPROVISEDCRUDECOUNTRY_MADE_ARMS_ETC,211,42.973523421588595
41_ESCAPES_FROM_POLICE_CUSTODY__EPC_PERSONS_CASES_PENDING_FOR_TRIAL,211,42.973523421588595
41_ESCAPES_FROM_POLICE_CUSTODY__EPC_PERSONS_ESCAPED_FROM_LOCKUP,209,42.56619144602851
41_ESCAPES_FROM_POLICE_CUSTODY__EPC_ESCAPEES_RE_ARRESTED_FROM_LOCKUP,208,42.36252545824847
34_USE_OF_FIRE_ARMS_IN_MURDER_CASES__VICTIMS_OF_MURDER_BY_FIRE_ARMS,207,42.15885947046843
41_ESCAPES_FROM_POLICE_CUSTODY__EPC_CASES_CASES_PENDING_FOR_TRIAL,207,42.15885947046843
30_AUTO_THEFT__AUTO_THEFT_COORDINATED_TRACED,204,41.54786150712831
39_SPECIFIC_PURPOSE_OF_KIDNAPPING_AND_ABDUCTION__K_A_FEMALE_UPTO_10_YEARS,203,41.34419551934827
39_SPECIFIC_PURPOSE_OF_KIDNAPPING_AND_ABDUCTION__K_A_MALE_ABOVE_50_YEARS,202,41.14052953156823
28_TRIAL_OF_VIOLENT_CRIMES_BY_COURTS__TRIAL_OF_VIOLENT_CRIMES_BY_COURTS_BY_CONFESSION,201,40.936863543788185
39_SPECIFIC_PURPOSE_OF_KIDNAPPING_AND_ABDUCTION__K_A_MALE_15_18_YEARS,201,40.936863543788185
41_ESCAPES_FROM_POLICE_CUSTODY__EPC_PERSONS_CHARGESHEETED_FOR_ESCAPE,199,40.52953156822811
33_CH_NOT_MURDER_VICTIM_AGE_SEX__VICTIMS_ABOVE_50_YRS,199,40.52953156822811
41_ESCAPES_FROM_POLICE_CUSTODY__EPC_ESCAPEES_RE_ARRESTED_FROM_OTHERS,199,40.52953156822811
27_NATURE_OF_COMPLAINTS_RECEIVED_BY_POLICE__PC3_DISTRESS_CALL_OVER_PHONENO_100_ETC,199,40.52953156822811
39_SPECIFIC_PURPOSE_OF_KIDNAPPING_AND_ABDUCTION__K_A_MALE_UPTO_10_YEARS,198,40.32586558044807
39_SPECIFIC_PURPOSE_OF_KIDNAPPING_AND_ABDUCTION__K_A_MALE_10_15_YEARS,194,39.5112016293279
32_MURDER_VICTIM_AGE_SEX__VICTIMS_UPTO_10_15_YRS,192,39.103869653767816
39_SPECIFIC_PURPOSE_OF_KIDNAPPING_AND_ABDUCTION__K_A_FEMALE_30_50_YEARS,190,38.69653767820774
41_ESCAPES_FROM_POLICE_CUSTODY__EPC_PERSONS_ESCAPED_OUTSIDE_THE_LOCKUP,188,38.289205702647656
32_MURDER_VICTIM_AGE_SEX__VICTIMS_UPTO_15_18_YRS,186,37.88187372708758
41_ESCAPES_FROM_POLICE_CUSTODY__EPC_PERSONS_ESCAPED,185,37.67820773930753
41_ESCAPES_FROM_POLICE_CUSTODY__EPC_CASES_REGISTERED,185,37.67820773930753
41_ESCAPES_FROM_POLICE_CUSTODY__EPC_PERSONS_ESCAPED_TOTAL,185,37.67820773930753
33_CH_NOT_MURDER_VICTIM_AGE_SEX__VICTIMS_UPTO_18_30_YRS,184,37.4745417515275
32_MURDER_VICTIM_AGE_SEX__VICTIMS_UPTO_10_YRS,181,36.86354378818738
33_CH_NOT_MURDER_VICTIM_AGE_SEX__VICTIMS_UPTO_30_50_YRS,181,36.86354378818738
39_SPECIFIC_PURPOSE_OF_KIDNAPPING_AND_ABDUCTION__K_A_FEMALE_10_15_YEARS,180,36.65987780040733
38_UNIDENTIFIED_DEAD_BODIES_RECOVERED_AND_INQUEST_CONDUCTED__UNIDENTIFIED_DEAD_BODIES_RECOVERED_INQUEST_CONDUCTED,177,36.04887983706721
37_HOME_GUARDS_AND_AUXILLIARY_FORCE__HG_UPPER_SUBORDINATES_SANCTIONED_STRENGTH,175,35.64154786150713
37_HOME_GUARDS_AND_AUXILLIARY_FORCE__HG_OFFICERS_ACTUAL_STRENGTH,175,35.64154786150713
37_HOME_GUARDS_AND_AUXILLIARY_FORCE__HG_UPPER_SUBORDINATES_ACTUAL_STRENGTH,175,35.64154786150713
37_HOME_GUARDS_AND_AUXILLIARY_FORCE__HG_OFFICERS_SANCTIONED_STRENGTH,173,35.234215885947044
39_SPECIFIC_PURPOSE_OF_KIDNAPPING_AND_ABDUCTION__K_A_MALE_30_50_YEARS,172,35.03054989816701
39_SPECIFIC_PURPOSE_OF_KIDNAPPING_AND_ABDUCTION__K_A_MALE_18_30_YEARS,171,34.82688391038696
33_CH_NOT_MURDER_VICTIM_AGE_SEX__VICTIMS_TOTAL,166,33.80855397148676
39_SPECIFIC_PURPOSE_OF_KIDNAPPING_AND_ABDUCTION__K_A_FEMALE_18_30_YEARS,164,33.401221995926676
37_HOME_GUARDS_AND_AUXILLIARY_FORCE__HG_LOWER_SUBORDINATES_SANCTIONED_STRENGTH,163,33.19755600814664
37_HOME_GUARDS_AND_AUXILLIARY_FORCE__HG_LOWER_SUBORDINATES_ACTUAL_STRENGTH,163,33.19755600814664
32_MURDER_VICTIM_AGE_SEX__VICTIMS_ABOVE_50_YRS,162,32.9938900203666
39_SPECIFIC_PURPOSE_OF_KIDNAPPING_AND_ABDUCTION__K_A_FEMALE_15_18_YEARS,162,32.9938900203666
39_SPECIFIC_PURPOSE_OF_KIDNAPPING_AND_ABDUCTION__K_A_MALE_TOTAL,160,32.586558044806516
27_NATURE_OF_COMPLAINTS_RECEIVED_BY_POLICE__PC1_ORAL_COMPLAINTS,156,31.771894093686353
39_SPECIFIC_PURPOSE_OF_KIDNAPPING_AND_ABDUCTION__K_A_FEMALE_TOTAL,155,31.568228105906314
39_SPECIFIC_PURPOSE_OF_KIDNAPPING_AND_ABDUCTION__K_A_CASES_REPORTED,153,31.160896130346234
39_SPECIFIC_PURPOSE_OF_KIDNAPPING_AND_ABDUCTION__K_A_GRAND_TOTAL,153,31.160896130346234
32_MURDER_VICTIM_AGE_SEX__VICTIMS_UPTO_18_30_YRS,151,30.75356415478615
32_MURDER_VICTIM_AGE_SEX__VICTIMS_UPTO_30_50_YRS,150,30.549898167006113
36_POLICE_HOUSING__PH_HOUSES_PROVIDED_BY_DEPARTMENT,150,30.549898167006113
32_MURDER_VICTIM_AGE_SEX__VICTIMS_TOTAL,149,30.346232179226067
27_NATURE_OF_COMPLAINTS_RECEIVED_BY_POLICE__PC4_COMPLAINTS_INITIATED_SUE_MOTTO_BY_POLICE,148,30.14256619144603
30_AUTO_THEFT__AUTO_THEFT_STOLEN,147,29.938900203665987
30_AUTO_THEFT__AUTO_THEFT_RECOVERED,147,29.938900203665987
23_ANTI_CORRUPRION_CASES__AC11_NO_OF_CASES_REPORTED_FOR_REGULAR_DEPARTMENTAL_ACTION_DURING_THE_YEAR,145,29.531568228105908
23_ANTI_CORRUPRION_CASES__AC12_NO_OF_CASES_REPORTED_FOR_SUITABLE_ACTION_DURING_THE_YEAR,145,29.531568228105908
23_ANTI_CORRUPRION_CASES__AC13_NO_OF_CASES_IN_WHICH_CHARGE_SHEETS_WERE_NOT_LAID_BUT_FINAL_REPORT_SUBMITTED_DURING_THE_YEAR,145,29.531568228105908
23_ANTI_CORRUPRION_CASES__AC10_NO_OF_CASES_SENT_UP_FOR_TRIAL_AND_ALSO_REPORTED_FOR_DEPARTMENTAL_ACTION_DURING_THE_YEAR,145,29.531568228105908
23_ANTI_CORRUPRION_CASES__AC05_NO_OF_CASES_NOT_INVESTIGATEDOR_IN_WHICH_INVESTIGATION_WAS_DROPPED_DUE_TO_ANY_REASON_DURING_THE_YEAR,145,29.531568228105908
23_ANTI_CORRUPRION_CASES__AC09_NO_OF_CASES_PENDING_DEPARTMENTAL_SANCTION_FOR_PROSECUTION_DURING_THE_YEAR,145,29.531568228105908
23_ANTI_CORRUPRION_CASES__AC08_NO_OF_CASES_IN_WHICH_CHARGE_SHEETS_WERE_LAID_DURING_THE_YEAR,145,29.531568228105908
23_ANTI_CORRUPRION_CASES__AC07_NO_OF_CASES_DECLARED_FALSE_MISTAKE_OF_FACT_OR_OF_LAW_OR_NON_COGNIZABLE_OR_CIVIL_IN_NATURE,145,29.531568228105908
23_ANTI_CORRUPRION_CASES__AC06_NO_OF_CASES_TRANSFERRED_TO_LOCAL_POLICE_DURING_THE_YEAR,145,29.531568228105908
23_ANTI_CORRUPRION_CASES__AC15_NO_OF_CASES_RESULTED_IN_RECOVERIES_OR_SEIZURES_DURING_THE_YEAR,145,29.531568228105908
23_ANTI_CORRUPRION_CASES__AC04_NO_OF_CASES_INVESTIGATED_DURING_THE_YEAR,145,29.531568228105908
23_ANTI_CORRUPRION_CASES__AC03_TOTAL_NO_OF_CASES_FOR_INVESTIGATION_DURING_THE_YEAR,145,29.531568228105908
23_ANTI_CORRUPRION_CASES__AC02_NO_OF_CASES_REGISTERED_DURING_THE_YEAR,145,29.531568228105908
28_TRIAL_OF_VIOLENT_CRIMES_BY_COURTS__TRIAL_OF_VIOLENT_CRIMES_BY_COURTS_TOTAL,145,29.531568228105908
28_TRIAL_OF_VIOLENT_CRIMES_BY_COURTS__TRIAL_OF_VIOLENT_CRIMES_BY_COURTS_BY_TRIAL,145,29.531568228105908
23_ANTI_CORRUPRION_CASES__AC01_NO_OF_CASES_PENDING_INVESTIGATION_FROM_PREVIOUS_YEAR,145,29.531568228105908
27_NATURE_OF_COMPLAINTS_RECEIVED_BY_POLICE__PC6_TOTAL_COMPLAINTS_AS_RECORDED_IN_GD,145,29.531568228105908
23_ANTI_CORRUPRION_CASES__AC14_NO_OF_CASES_PENDING_INVESTIGATION_AT_THE_END_OF_THE_YEAR,145,29.531568228105908
23_ANTI_CORRUPRION_CASES__AC18_NO_OF_CASES_PENDING_TRIAL_FROM_THE_PREVIOUS_YEAR,145,29.531568228105908
23_ANTI_CORRUPRION_CASES__AC16_VALUE_OF_PROPERTY_RECOVEREDSEIZED_DURING_THE_YEAR_IN_RS,145,29.531568228105908
23_ANTI_CORRUPRION_CASES__AC24_NO_OF_CASES_ACQUITTED_OR_DISCHARGED_DURING_THE_YEAR,145,29.531568228105908
24_ANTI_CORRUPTION_ARRESTS__ACA15_NO_OF_PERSONS_INVOLVED_IN_THE_CASES_REPORTED_FOR_SUITABLE_ACTION_DURING_THE_YEAR,145,29.531568228105908
23_ANTI_CORRUPRION_CASES__AC17_PERCENTAGE_OF_CASES_CHARGE_SHEETED_TO_TOTAL_CASES_INVESTIGATED,145,29.531568228105908
24_ANTI_CORRUPTION_ARRESTS__ACA161_NO_OF_PERSONS_DISMISSED_FROM_SERVICE_DURING_THE_YEAR,145,29.531568228105908
24_ANTI_CORRUPTION_ARRESTS__ACA162_NO_OF_PERSONS_REMOVED_FROM_SERVICE_DURING_THE_YEAR,145,29.531568228105908
23_ANTI_CORRUPRION_CASES__AC26_PERCENTAGE_OF_CASES_CONVICTED_TO_CASES_IN_WHICH_TRIALS_WERE_COMPLETED_DURING_THE_YEAR,145,29.531568228105908
23_ANTI_CORRUPRION_CASES__AC25_NO_OF_CASES_PENDING_TRIAL_AT_THE_END_OF_THE_YEAR,145,29.531568228105908
23_ANTI_CORRUPRION_CASES__AC27_TOTAL_AMOUNT_OF_FINE_IMPOSED_DURING_THE_YEAR_IN_RS,145,29.531568228105908
23_ANTI_CORRUPRION_CASES__AC23_NO_OF_CASES_CONVICTED_DURING_THE_YEAR,145,29.531568228105908
23_ANTI_CORRUPRION_CASES__AC22_NO_OF_CASES_IN_WHICH_TRIALS_WERE_COMPLETED_DURING_THE_YEAR,145,29.531568228105908
23_ANTI_CORRUPRION_CASES__AC21_NO_OF_CASES_WITHDRAWN_OR_OTHER_WISE_DISPOSED_OFF_ON_ACCOUNT_OF_DEATH_OF_THE_ACCUSED_DURING_THE_YEAR,145,29.531568228105908
23_ANTI_CORRUPRION_CASES__AC20_TOTAL_NO_OF_CASES_FOR_TRIAL_DURING_THE_YEAR,145,29.531568228105908
23_ANTI_CORRUPRION_CASES__AC19_NO_OF_CASES_SENT_UP_FOR_TRIAL_DURING_THE_YEAR,145,29.531568228105908
24_ANTI_CORRUPTION_ARRESTS__ACA19_NO_OF_PRIVATE_PERSONS_INVOLVED_DURING_THE_YEAR,144,29.327902240325866
24_ANTI_CORRUPTION_ARRESTS__ACA13_PERCENTAGE_OF_PERSONS_CONVICTED_TO_TOTAL_PERSONS_IN_WHOSE_CASES_TRIALS_WERE_COMPLETED_DURING_THE_YEAR,144,29.327902240325866
24_ANTI_CORRUPTION_ARRESTS__ACA172_NO_OF_GROUP_B_OFFICERS_OUT_OF_ABOVE,144,29.327902240325866
24_ANTI_CORRUPTION_ARRESTS__ACA171_NO_OF_GROUP_A_OFFICERS_OUT_OF_ABOVE,144,29.327902240325866
24_ANTI_CORRUPTION_ARRESTS__ACA164_NO_OF_PERSONS_AWARDED_MINOR_PUNISHMENTS_DURING_THE_YEAR,144,29.327902240325866
24_ANTI_CORRUPTION_ARRESTS__ACA163_NO_OF_PERSONS_AWARDED_OTHER_MAJOR_PUNISHMENTS_DURING_THE_YEAR,144,29.327902240325866
24_ANTI_CORRUPTION_ARRESTS__ACA16_NO_OF_PERSONS_PUNISHED_DEPARTMENTALLY_DURING_THE_YEAR,144,29.327902240325866
24_ANTI_CORRUPTION_ARRESTS__ACA14_NO_OF_PERSONS_INVOLVED_IN_THE_CASES_REPORTED_FOR_REGULAR_DEPARTMENTAL_ACTION_DURING_THE_YEAR,144,29.327902240325866
24_ANTI_CORRUPTION_ARRESTS__ACA08_NO_OF_PERSONS_WHOSE_CASES_WERE_WITHDRAWN_OR_OTHERWISE_DISPOSED_OFF_DURING_THE_YEAR,144,29.327902240325866
24_ANTI_CORRUPTION_ARRESTS__ACA12_NO_OF_PERSONS_ACQUITTED_DURING_THE_YEAR,144,29.327902240325866
24_ANTI_CORRUPTION_ARRESTS__ACA11_NO_OF_PERSONS_CONVICTED_DURING_THE_YEAR,144,29.327902240325866
24_ANTI_CORRUPTION_ARRESTS__ACA10_NO_OF_PERSONS_IN_WHOSE_CASES_TRIALS_WERE_COMPLETED_DURING_THE_YEAR,144,29.327902240325866
24_ANTI_CORRUPTION_ARRESTS__ACA09_NO_OF_PERSONS_IN_CUSTODY_OR_ON_BAIL_DURING_THE_STAGE_OF_TRIAL_AT_THE_END_OF_THE_YEAR,144,29.327902240325866
24_ANTI_CORRUPTION_ARRESTS__ACA07_TOTAL_NO_OF_PERSONS_UNDER_TRIAL_DURING_THE_YEAR,144,29.327902240325866
24_ANTI_CORRUPTION_ARRESTS__ACA06_NO_OF_PERSONS_UNDER_TRIAL_AT_THE_BEGINNING_OF_THE_YEAR,144,29.327902240325866
24_ANTI_CORRUPTION_ARRESTS__ACA05_NO_OF_PERSONS_IN_WHOSE_CASES_CHARGE_SHEETS_WERE_LAID_DURING_THE_YEAR,144,29.327902240325866
24_ANTI_CORRUPTION_ARRESTS__ACA04_NO_OF_PERSONS_IN_CUSTODY_OR_ON_BAIL_DURING_THE_STAGE_OF_INVESTIGATION_AT_THE_END_OF_THE_YEAR,144,29.327902240325866
24_ANTI_CORRUPTION_ARRESTS__ACA02_NO_OF_PERSONS_ARRESTED_DURING_THE_YEAR,144,29.327902240325866
24_ANTI_CORRUPTION_ARRESTS__ACA01_NO_OF_PERSONS_IN_CUSTODY_OR_ON_BAIL_DURING_THE_STAGE_OF_INVESTIGATION_AT_THE_BEGINNING_OF_THE_YEAR,144,29.327902240325866
36_POLICE_HOUSING__PH_SANCTIONED_STRENGTH,143,29.124236252545828
27_NATURE_OF_COMPLAINTS_RECEIVED_BY_POLICE__PC2_WRITTEN_COMPLAINTS,142,28.920570264765782
12_POLICE_STRENGTH_ACTUAL_AND_SANCTIONED__RANK_CONSTABLES,142,28.920570264765782
27_NATURE_OF_COMPLAINTS_RECEIVED_BY_POLICE__PC8_SLL_CASES_REGISTERED,142,28.920570264765782
27_NATURE_OF_COMPLAINTS_RECEIVED_BY_POLICE__PC5_TOTAL_COMPLAINTS_SUM_OF_1_4_ABOVE,142,28.920570264765782
09_JUVENILES_ARRESTED_AND_THEIR_DISPOSAL__JUVENILES_DEALT_WITH_FINE,142,28.920570264765782
27_NATURE_OF_COMPLAINTS_RECEIVED_BY_POLICE__PC7_IPC_CASES_REGISTERED,142,28.920570264765782
12_POLICE_STRENGTH_ACTUAL_AND_SANCTIONED__RANK_IGSPLIG,142,28.920570264765782
12_POLICE_STRENGTH_ACTUAL_AND_SANCTIONED__RANK_HEAD_CONSTABLES,142,28.920570264765782
12_POLICE_STRENGTH_ACTUAL_AND_SANCTIONED__RANK_DIG,142,28.920570264765782
12_POLICE_STRENGTH_ACTUAL_AND_SANCTIONED__RANK_DGADDL_DG,142,28.920570264765782
09_JUVENILES_ARRESTED_AND_THEIR_DISPOSAL__JUVENILES_ACQUITTED_OR_OTHERWISE_DISPOSED_OF,142,28.920570264765782
09_JUVENILES_ARRESTED_AND_THEIR_DISPOSAL__JUVENILES_ARRESTED,142,28.920570264765782
09_JUVENILES_ARRESTED_AND_THEIR_DISPOSAL__JUVENILES_RELEASED_ON_PROBATION_AND_PLACED_UNDER_THE_CARE_OF_FIT_INSTITUTIONS,142,28.920570264765782
12_POLICE_STRENGTH_ACTUAL_AND_SANCTIONED__RANK_SSPSPADDLSPCOMMANDANT,142,28.920570264765782
09_JUVENILES_ARRESTED_AND_THEIR_DISPOSAL__JUVENILES_RELEASED_ON_PROBATION_AND_PLACED_UNDER_THE_CARE_OF_PARENT_GUARDIAN,142,28.920570264765782
09_JUVENILES_ARRESTED_AND_THEIR_DISPOSAL__JUVENILES_SENT_HOME_AFTER_ADVICE_OR_ADMONITION,142,28.920570264765782
09_JUVENILES_ARRESTED_AND_THEIR_DISPOSAL__JUVENILES_SENT_TO_SPECIAL_HOME,142,28.920570264765782
09_JUVENILES_ARRESTED_AND_THEIR_DISPOSAL__JUVENILES_WHOSE_CASES_PENDING_DISPOSAL,142,28.920570264765782
12_POLICE_STRENGTH_ACTUAL_AND_SANCTIONED__RANK_ALL_RANKS_TOTAL,142,28.920570264765782
12_POLICE_STRENGTH_ACTUAL_AND_SANCTIONED__RANK_ASI_EQUIVALENT,142,28.920570264765782
12_POLICE_STRENGTH_ACTUAL_AND_SANCTIONED__RANK_ASPDYSPASSTTCOMMANDANT,142,28.920570264765782
12_POLICE_STRENGTH_ACTUAL_AND_SANCTIONED__RANK_SI_EQUIVALENT,142,28.920570264765782
12_POLICE_STRENGTH_ACTUAL_AND_SANCTIONED__RANK_INSPECTORS_EQUIVALENT,142,28.920570264765782
12_POLICE_STRENGTH_ACTUAL_AND_SANCTIONED__RANK_BELOW_HC_AND_ABOVE_CONSTABLES,142,28.920570264765782
43_ARRESTS_UNDER_CRIME_AGAINST_WOMEN__PERSONS_IN_CUSTODY_OR_ON_BAIL_DURING_INVESTIGATION_AT_YEAR_BEGINNING,141,28.716904276985744
42_CASES_UNDER_CRIME_AGAINST_WOMEN__CASES_PENDING_TRIAL_AT_YEAR_END,141,28.716904276985744
25_COMPLAINTS_AGAINST_POLICE__CPB_POLICE_PERSONNEL_SENT_UP_FOR_TRIAL,141,28.716904276985744
25_COMPLAINTS_AGAINST_POLICE__CPB_POLICE_PERSONNEL_TRIAL_COMPLETED,141,28.716904276985744
25_COMPLAINTS_AGAINST_POLICE__CPB_POLICE_PERSONNEL_CASES_WITHDRAWN_OR_OTHERWISE_DISPOSED_OF,141,28.716904276985744
25_COMPLAINTS_AGAINST_POLICE__CPC_POLICE_PERSONNEL_CASES_TRIAL_COMPLETED,141,28.716904276985744
25_COMPLAINTS_AGAINST_POLICE__CPC_POLICE_PERSONNEL_CASES_WITHDRAWN_OR_OTHERWISE_DISPOSED_OF,141,28.716904276985744
25_COMPLAINTS_AGAINST_POLICE__CPC_POLICE_PERSONNEL_DISCIPLINARY_ACTION_INITIATED,141,28.716904276985744
42_CASES_UNDER_CRIME_AGAINST_WOMEN__CASES_REPORTED,141,28.716904276985744
42_CASES_UNDER_CRIME_AGAINST_WOMEN__CASES_PENDING_TRIAL_FROM_THE_PREVIOUS_YEAR,141,28.716904276985744
42_CASES_UNDER_CRIME_AGAINST_WOMEN__CASES_PENDING_INVESTIGATION_FROM_PREVIOUS_YEAR,141,28.716904276985744
25_COMPLAINTS_AGAINST_POLICE__CPB_POLICE_PERSONNEL_ACQUITTED,141,28.716904276985744
42_CASES_UNDER_CRIME_AGAINST_WOMEN__CASES_PENDING_INVESTIGATION_AT_YEAR_END,141,28.716904276985744
42_CASES_UNDER_CRIME_AGAINST_WOMEN__CASES_NOT_INVESTIGATED_OR_IN_WHICH_INVESTIGATION_WAS_REFUSED,141,28.716904276985744
42_CASES_UNDER_CRIME_AGAINST_WOMEN__CASES_INVESTIGATED_CHARGESHEETS_FR_SUBMITTED,141,28.716904276985744
42_CASES_UNDER_CRIME_AGAINST_WOMEN__CASES_DECLARED_FALSE_ON_ACCOUNT_OF_MISTAKE_OF_FACT_OR_OF_LAW,141,28.716904276985744
25_COMPLAINTS_AGAINST_POLICE__CPC_POLICE_PERSONNEL_DISMISSAL_REMOVAL_FROM_SERVICE,141,28.716904276985744
25_COMPLAINTS_AGAINST_POLICE__CPC_POLICE_PERSONNEL_MAJOR_PUNISHMENT_AWARDED,141,28.716904276985744
25_COMPLAINTS_AGAINST_POLICE__CPC_POLICE_PERSONNEL_MINOR_PUNISHMENT_AWARDED,141,28.716904276985744
25_COMPLAINTS_AGAINST_POLICE__CPA_CASES_SENT_FOR_TRIALS_CHARGE_SHEETED,141,28.716904276985744
25_COMPLAINTS_AGAINST_POLICE__CPA_NO_OF_MAGISTERIAL_ENQUIRIES,141,28.716904276985744
25_COMPLAINTS_AGAINST_POLICE__CPB_POLICE_PERSONNEL_CONVICTED,141,28.716904276985744
42_CASES_UNDER_CRIME_AGAINST_WOMEN__CASES_SENT_FOR_TRIAL,141,28.716904276985744
43_ARRESTS_UNDER_CRIME_AGAINST_WOMEN__PERSONS_IN_CUSTODY_OR_ON_BAIL_DURING_INVESTIGATION_AT_YEAR_END,141,28.716904276985744
42_CASES_UNDER_CRIME_AGAINST_WOMEN__CASES_TRIALS_COMPLETED,141,28.716904276985744
43_ARRESTS_UNDER_CRIME_AGAINST_WOMEN__PERSONS_IN_CUSTODY_OR_ON_BAIL_DURING_TRIAL_AT_YEAR_END,141,28.716904276985744
43_ARRESTS_UNDER_CRIME_AGAINST_WOMEN__PERSONS_RELEASED_OR_FREED_BY_POLICE_OR_MAGISTRATE_BEFORE_TRIAL_FOR_WANT_OF_EVIDENCE_OR_ANY_OTHER_REASON,141,28.716904276985744
43_ARRESTS_UNDER_CRIME_AGAINST_WOMEN__PERSONS_TRIAL_COMPLETED,141,28.716904276985744
43_ARRESTS_UNDER_CRIME_AGAINST_WOMEN__PERSONS_UNDER_TRIAL_AT_YEAR_BEGINNING,141,28.716904276985744
42_CASES_UNDER_CRIME_AGAINST_WOMEN__CASES_ACQUITTED_OR_DISCHARGED,141,28.716904276985744
42_CASES_UNDER_CRIME_AGAINST_WOMEN__CASES_CHARGE_SHEETS_WERE_NOT_LAID_BUT_FINAL_REPORT_SUBMITTED,141,28.716904276985744
42_CASES_UNDER_CRIME_AGAINST_WOMEN__CASES_CHARGESHEETED,141,28.716904276985744
42_CASES_UNDER_CRIME_AGAINST_WOMEN__CASES_COMPOUNDED_OR_WITHDRAWN,141,28.716904276985744
42_CASES_UNDER_CRIME_AGAINST_WOMEN__CASES_CONVICTED,141,28.716904276985744
43_ARRESTS_UNDER_CRIME_AGAINST_WOMEN__PERSONS_CONVICTED,141,28.716904276985744
43_ARRESTS_UNDER_CRIME_AGAINST_WOMEN__PERSONS_CHARGESHEETED,141,28.716904276985744
43_ARRESTS_UNDER_CRIME_AGAINST_WOMEN__PERSONS_ARRESTED,141,28.716904276985744
43_ARRESTS_UNDER_CRIME_AGAINST_WOMEN__PERSONS_AGAINST_WHOM_CASES_COMPOUNDED_OR_WITHDRAWN,141,28.716904276985744
43_ARRESTS_UNDER_CRIME_AGAINST_WOMEN__PERSONS_ACQUITTED,141,28.716904276985744
25_COMPLAINTS_AGAINST_POLICE__CPA_NO_OF_JUDICIAL_ENQUIRIES,141,28.716904276985744
25_COMPLAINTS_AGAINST_POLICE__CPA_COMPLAINTS_RECEIVED_ALLEGED,141,28.716904276985744
42_CASES_UNDER_CRIME_AGAINST_WOMEN__TOTAL_CASES_FOR_TRIAL,141,28.716904276985744
42_CASES_UNDER_CRIME_AGAINST_WOMEN__CASES_WITHDRAWN_BY_THE_GOVT_DURING_INVESTIGATION,141,28.716904276985744
42_CASES_UNDER_CRIME_AGAINST_WOMEN__CASES_WITHDRAWN_BY_THE_GOVT,141,28.716904276985744
25_COMPLAINTS_AGAINST_POLICE__CPA_NO_OF_DEPARTMENTAL_ENQUIRIES,141,28.716904276985744
43_ARRESTS_UNDER_CRIME_AGAINST_WOMEN__TOTAL_PERSONS_UNDER_TRIAL,141,28.716904276985744
25_COMPLAINTS_AGAINST_POLICE__CPA_COMPLAINTS_CASES_DECLARED_FALSE_UNSUBSTANTIATED,141,28.716904276985744
14_AGE_PROFILE_OF_POLICE_PERSONNEL_KILLED_ON_DUTY__AGE_TOTAL,141,28.716904276985744
13_POLICE_KILLED_OR_INJURED_ON_DUTY__POLICE_INJURED_TOTAL_POLICEMEN,141,28.716904276985744
13_POLICE_KILLED_OR_INJURED_ON_DUTY__POLICE_KILLED_BY_CRIMINALS,141,28.716904276985744
13_POLICE_KILLED_OR_INJURED_ON_DUTY__POLICE_KILLED_BY_RIOTOUS_MOBS,141,28.716904276985744
13_POLICE_KILLED_OR_INJURED_ON_DUTY__POLICE_KILLED_IN_ACCIDENTS,141,28.716904276985744
13_POLICE_KILLED_OR_INJURED_ON_DUTY__POLICE_KILLED_IN_DACOITY_OPERATIONSOTHER_RAIDS,141,28.716904276985744
13_POLICE_KILLED_OR_INJURED_ON_DUTY__POLICE_KILLED_IN_TERRORISTSEXTREMISTS_OPERATIONS,141,28.716904276985744
13_POLICE_KILLED_OR_INJURED_ON_DUTY__POLICE_KILLED_ON_BORDER_DUTIES,141,28.716904276985744
13_POLICE_KILLED_OR_INJURED_ON_DUTY__POLICE_KILLED_TOTAL_POLICEMEN,141,28.716904276985744
14_AGE_PROFILE_OF_POLICE_PERSONNEL_KILLED_ON_DUTY__AGE_18_25_YRS,141,28.716904276985744
14_AGE_PROFILE_OF_POLICE_PERSONNEL_KILLED_ON_DUTY__AGE_25_35_YRS,141,28.716904276985744
14_AGE_PROFILE_OF_POLICE_PERSONNEL_KILLED_ON_DUTY__AGE_35_45_YRS,141,28.716904276985744
14_AGE_PROFILE_OF_POLICE_PERSONNEL_KILLED_ON_DUTY__AGE_45_55_YRS,141,28.716904276985744
14_AGE_PROFILE_OF_POLICE_PERSONNEL_KILLED_ON_DUTY__AGE_ABOVE_55_YRS,141,28.716904276985744
25_COMPLAINTS_AGAINST_POLICE__CPA_CASES_REPORTED_FOR_DEPT_ACTION,141,28.716904276985744
13_POLICE_KILLED_OR_INJURED_ON_DUTY__POLICE_INJURED_IN_TERRORISTSEXTREMISTS_OPERATIONS,141,28.716904276985744
15_POLICE_NATURAL_DEATH_AND_SUICIDE__AGE_25_35_YRS,141,28.716904276985744
15_POLICE_NATURAL_DEATH_AND_SUICIDE__AGE_35_45_YRS,141,28.716904276985744
15_POLICE_NATURAL_DEATH_AND_SUICIDE__AGE_45_55_YRS,141,28.716904276985744
15_POLICE_NATURAL_DEATH_AND_SUICIDE__AGE_ABOVE_55_YRS,141,28.716904276985744
15_POLICE_NATURAL_DEATH_AND_SUICIDE__AGE_TOTAL,141,28.716904276985744
16_CASUALTIES_UNDER_POLICE_FIRING_AND_LATHI_CHARGE__CIVILIANS_INJURED,141,28.716904276985744
16_CASUALTIES_UNDER_POLICE_FIRING_AND_LATHI_CHARGE__CIVILIANS_KILLED,141,28.716904276985744
16_CASUALTIES_UNDER_POLICE_FIRING_AND_LATHI_CHARGE__NO_OF_FIRINGS,141,28.716904276985744
16_CASUALTIES_UNDER_POLICE_FIRING_AND_LATHI_CHARGE__POLICEMEN_INJURED,141,28.716904276985744
16_CASUALTIES_UNDER_POLICE_FIRING_AND_LATHI_CHARGE__POLICEMEN_KILLED,141,28.716904276985744
18_01_JUVENILES_ARRESTED_EDUCATION__EDUCATION_ABOVE_PRIMARY_BUT_BELOW_MATRIC_OR_HIGHER_SECONDARY,141,28.716904276985744
18_01_JUVENILES_ARRESTED_EDUCATION__EDUCATION_ILLITERATE,141,28.716904276985744
18_01_JUVENILES_ARRESTED_EDUCATION__EDUCATION_MATRIC_OR_HIGHER_SECONDARY_ABOVE,141,28.716904276985744
13_POLICE_KILLED_OR_INJURED_ON_DUTY__POLICE_INJURED_ON_BORDER_DUTIES,141,28.716904276985744
13_POLICE_KILLED_OR_INJURED_ON_DUTY__POLICE_INJURED_IN_DACOITY_OPERATIONSOTHER_RAIDS,141,28.716904276985744
18_01_JUVENILES_ARRESTED_EDUCATION__EDUCATION_UPTO_PRIMARY,141,28.716904276985744
08_02_JUVENILE_APPREHENDED_STATE_SLL__BOYS_16_18_YEARS,141,28.716904276985744
08_01_JUVENILE_APPREHENDED_STATE_IPC__BOYS_7_12_YEARS,141,28.716904276985744
08_01_JUVENILE_APPREHENDED_STATE_IPC__GIRLS_7_12_YEARS,141,28.716904276985744
08_01_JUVENILE_APPREHENDED_STATE_IPC__BOYS_12_16_YEARS,141,28.716904276985744
08_01_JUVENILE_APPREHENDED_STATE_IPC__GIRLS_12_16_YEARS,141,28.716904276985744
08_01_JUVENILE_APPREHENDED_STATE_IPC__BOYS_16_18_YEARS,141,28.716904276985744
08_01_JUVENILE_APPREHENDED_STATE_IPC__GIRLS_16_18_YEARS,141,28.716904276985744
08_01_JUVENILE_APPREHENDED_STATE_IPC__TOTAL_FOR_BOYS_ALL_AGE_GROUPS,141,28.716904276985744
08_01_JUVENILE_APPREHENDED_STATE_IPC__TOTAL_FOR_GIRLS_ALL_AGE_GROUPS,141,28.716904276985744
08_01_JUVENILE_APPREHENDED_STATE_IPC__GRAND_TOTAL,141,28.716904276985744
08_02_JUVENILE_APPREHENDED_STATE_SLL__BOYS_7_12_YEARS,141,28.716904276985744
08_02_JUVENILE_APPREHENDED_STATE_SLL__GIRLS_7_12_YEARS,141,28.716904276985744
08_02_JUVENILE_APPREHENDED_STATE_SLL__BOYS_12_16_YEARS,141,28.716904276985744
08_02_JUVENILE_APPREHENDED_STATE_SLL__GIRLS_12_16_YEARS,141,28.716904276985744
08_02_JUVENILE_APPREHENDED_STATE_SLL__GIRLS_16_18_YEARS,141,28.716904276985744
13_POLICE_KILLED_OR_INJURED_ON_DUTY__POLICE_INJURED_IN_ACCIDENTS,141,28.716904276985744
08_02_JUVENILE_APPREHENDED_STATE_SLL__TOTAL_FOR_BOYS_ALL_AGE_GROUPS,141,28.716904276985744
08_02_JUVENILE_APPREHENDED_STATE_SLL__TOTAL_FOR_GIRLS_ALL_AGE_GROUPS,141,28.716904276985744
08_02_JUVENILE_APPREHENDED_STATE_SLL__GRAND_TOTAL,141,28.716904276985744
10_PROPERTY_STOLEN_AND_RECOVERED__CASES_PROPERTY_RECOVERED,141,28.716904276985744
10_PROPERTY_STOLEN_AND_RECOVERED__CASES_PROPERTY_STOLEN,141,28.716904276985744
10_PROPERTY_STOLEN_AND_RECOVERED__VALUE_OF_PROPERTY_RECOVERED,141,28.716904276985744
10_PROPERTY_STOLEN_AND_RECOVERED__VALUE_OF_PROPERTY_STOLEN,141,28.716904276985744
11_PROPERTY_STOLEN_AND_RECOVERED_NATURE_OF_PROPERTY__CASES_PROPERTY_RECOVERED,141,28.716904276985744
11_PROPERTY_STOLEN_AND_RECOVERED_NATURE_OF_PROPERTY__CASES_PROPERTY_STOLEN,141,28.716904276985744
11_PROPERTY_STOLEN_AND_RECOVERED_NATURE_OF_PROPERTY__VALUE_OF_PROPERTY_RECOVERED,141,28.716904276985744
11_PROPERTY_STOLEN_AND_RECOVERED_NATURE_OF_PROPERTY__VALUE_OF_PROPERTY_STOLEN,141,28.716904276985744
13_POLICE_KILLED_OR_INJURED_ON_DUTY__POLICE_INJURED_BY_CRIMINALS,141,28.716904276985744
13_POLICE_KILLED_OR_INJURED_ON_DUTY__POLICE_INJURED_BY_RIOTOUS_MOBS,141,28.716904276985744
18_01_JUVENILES_ARRESTED_EDUCATION__EDUCATION_TOTAL,141,28.716904276985744
15_POLICE_NATURAL_DEATH_AND_SUICIDE__AGE_18_25_YRS,141,28.716904276985744
18_02_JUVENILES_ARRESTED_ECONOMIC_SETUP__ECONOMIC_SET_UP_ANNUAL_INCOME_250001_TO_50000,141,28.716904276985744
19_MOTIVE_OR_CAUSE_OF_MURDER_AND_CULPABLE_HOMICIDE_NOT_AMOUNTING_TO_MURDER__CHNAMURDER_CAUSE_PERSONAL_VENDETTA_OR_ENMITY,141,28.716904276985744
19_MOTIVE_OR_CAUSE_OF_MURDER_AND_CULPABLE_HOMICIDE_NOT_AMOUNTING_TO_MURDER__MURDER_CAUSE_GAIN,141,28.716904276985744
19_MOTIVE_OR_CAUSE_OF_MURDER_AND_CULPABLE_HOMICIDE_NOT_AMOUNTING_TO_MURDER__MURDER_CAUSE_FOR_POLITICAL_REASON,141,28.716904276985744
19_MOTIVE_OR_CAUSE_OF_MURDER_AND_CULPABLE_HOMICIDE_NOT_AMOUNTING_TO_MURDER__MURDER_CAUSE_DOWRY,141,28.716904276985744
19_MOTIVE_OR_CAUSE_OF_MURDER_AND_CULPABLE_HOMICIDE_NOT_AMOUNTING_TO_MURDER__MURDER_CAUSE_COMMUNALISM,141,28.716904276985744
19_MOTIVE_OR_CAUSE_OF_MURDER_AND_CULPABLE_HOMICIDE_NOT_AMOUNTING_TO_MURDER__MURDER_CAUSE_CLASS_CONFLICT,141,28.716904276985744
19_MOTIVE_OR_CAUSE_OF_MURDER_AND_CULPABLE_HOMICIDE_NOT_AMOUNTING_TO_MURDER__MURDER_CAUSE_CASTEISM,141,28.716904276985744
19_MOTIVE_OR_CAUSE_OF_MURDER_AND_CULPABLE_HOMICIDE_NOT_AMOUNTING_TO_MURDER__MURDER_CAUSE_BY_TERRORISTEXTREMIST,141,28.716904276985744
19_MOTIVE_OR_CAUSE_OF_MURDER_AND_CULPABLE_HOMICIDE_NOT_AMOUNTING_TO_MURDER__CHNAMURDER_CAUSE_WITCHCRAFT,141,28.716904276985744
19_MOTIVE_OR_CAUSE_OF_MURDER_AND_CULPABLE_HOMICIDE_NOT_AMOUNTING_TO_MURDER__CHNAMURDER_CAUSE_TOTAL,141,28.716904276985744
19_MOTIVE_OR_CAUSE_OF_MURDER_AND_CULPABLE_HOMICIDE_NOT_AMOUNTING_TO_MURDER__CHNAMURDER_CAUSE_PROPERTY_DISPUTE,141,28.716904276985744
19_MOTIVE_OR_CAUSE_OF_MURDER_AND_CULPABLE_HOMICIDE_NOT_AMOUNTING_TO_MURDER__CHNAMURDER_CAUSE_OTHER_CAUSES_OR_MOTIVES,141,28.716904276985744
19_MOTIVE_OR_CAUSE_OF_MURDER_AND_CULPABLE_HOMICIDE_NOT_AMOUNTING_TO_MURDER__MURDER_CAUSE_LUNACY,141,28.716904276985744
19_MOTIVE_OR_CAUSE_OF_MURDER_AND_CULPABLE_HOMICIDE_NOT_AMOUNTING_TO_MURDER__CHNAMURDER_CAUSE_LUNACY,141,28.716904276985744
19_MOTIVE_OR_CAUSE_OF_MURDER_AND_CULPABLE_HOMICIDE_NOT_AMOUNTING_TO_MURDER__CHNAMURDER_CAUSE_LOVE_AFFAIRSSEXUAL_RELATIONS,141,28.716904276985744
19_MOTIVE_OR_CAUSE_OF_MURDER_AND_CULPABLE_HOMICIDE_NOT_AMOUNTING_TO_MURDER__CHNAMURDER_CAUSE_GAIN,141,28.716904276985744
19_MOTIVE_OR_CAUSE_OF_MURDER_AND_CULPABLE_HOMICIDE_NOT_AMOUNTING_TO_MURDER__CHNAMURDER_CAUSE_FOR_POLITICAL_REASON,141,28.716904276985744
19_MOTIVE_OR_CAUSE_OF_MURDER_AND_CULPABLE_HOMICIDE_NOT_AMOUNTING_TO_MURDER__CHNAMURDER_CAUSE_DOWRY,141,28.716904276985744
19_MOTIVE_OR_CAUSE_OF_MURDER_AND_CULPABLE_HOMICIDE_NOT_AMOUNTING_TO_MURDER__CHNAMURDER_CAUSE_COMMUNALISM,141,28.716904276985744
19_MOTIVE_OR_CAUSE_OF_MURDER_AND_CULPABLE_HOMICIDE_NOT_AMOUNTING_TO_MURDER__CHNAMURDER_CAUSE_CLASS_CONFLICT,141,28.716904276985744
19_MOTIVE_OR_CAUSE_OF_MURDER_AND_CULPABLE_HOMICIDE_NOT_AMOUNTING_TO_MURDER__CHNAMURDER_CAUSE_CASTEISM,141,28.716904276985744
19_MOTIVE_OR_CAUSE_OF_MURDER_AND_CULPABLE_HOMICIDE_NOT_AMOUNTING_TO_MURDER__CHNAMURDER_CAUSE_BY_TERRORISTEXTREMIST,141,28.716904276985744
18_04_JUVENILES_ARRESTED_RECIDIVISM__RECIDIVISM_TOTAL,141,28.716904276985744
19_MOTIVE_OR_CAUSE_OF_MURDER_AND_CULPABLE_HOMICIDE_NOT_AMOUNTING_TO_MURDER__MURDER_CAUSE_LOVE_AFFAIRSSEXUAL_RELATIONS,141,28.716904276985744
19_MOTIVE_OR_CAUSE_OF_MURDER_AND_CULPABLE_HOMICIDE_NOT_AMOUNTING_TO_MURDER__MURDER_CAUSE_OTHER_CAUSES_OR_MOTIVES,141,28.716904276985744
18_04_JUVENILES_ARRESTED_RECIDIVISM__RECIDIVISM_NEW_DELINQUENT,141,28.716904276985744
21_OFFENDERS_KNOWN_TO_THE_VICTIM__NO_OF_CASES_IN_WHICH_OFFENDERS_WERE_KNOWN_TO_THE_VICTIMS,141,28.716904276985744
25_COMPLAINTS_AGAINST_POLICE__CPA_CASES_REGISTERED,141,28.716904276985744
22_PERSONS_ARRESTED_UNDER_RECIDIVISM__OFFENDERS_CONVICTION_IN_THE_PAST_TWICE,141,28.716904276985744
22_PERSONS_ARRESTED_UNDER_RECIDIVISM__OFFENDERS_CONVICTION_IN_THE_PAST_THREE_TIMES_OR_MORE,141,28.716904276985744
22_PERSONS_ARRESTED_UNDER_RECIDIVISM__OFFENDERS_CONVICTION_IN_THE_PAST_ONCE,141,28.716904276985744
22_PERSONS_ARRESTED_UNDER_RECIDIVISM__OFFENDERS_ARRESTED_FOR_THE_FIRST_TIME,141,28.716904276985744
22_PERSONS_ARRESTED_UNDER_RECIDIVISM__OFFENDERS_ARRESTED,141,28.716904276985744
21_OFFENDERS_KNOWN_TO_THE_VICTIM__NO_OF_CASES_IN_WHICH_OFFENDERS_WERE_RELATIVES,141,28.716904276985744
21_OFFENDERS_KNOWN_TO_THE_VICTIM__NO_OF_CASES_IN_WHICH_OFFENDERS_WERE_PARENTSCLOSE_FAMILY_MEMBERS,141,28.716904276985744
21_OFFENDERS_KNOWN_TO_THE_VICTIM__NO_OF_CASES_IN_WHICH_OFFENDERS_WERE_OTHER_KNOWN_PERSONS,141,28.716904276985744
21_OFFENDERS_KNOWN_TO_THE_VICTIM__NO_OF_CASES_IN_WHICH_OFFENDERS_WERE_NEIGHBOURS,141,28.716904276985744
20_VICTIMS_OF_RAPE__VICTIMS_UPTO_10_YRS,141,28.716904276985744
19_MOTIVE_OR_CAUSE_OF_MURDER_AND_CULPABLE_HOMICIDE_NOT_AMOUNTING_TO_MURDER__MURDER_CAUSE_PERSONAL_VENDETTA_OR_ENMITY,141,28.716904276985744
20_VICTIMS_OF_RAPE__VICTIMS_OF_RAPE_TOTAL,141,28.716904276985744
20_VICTIMS_OF_RAPE__VICTIMS_BETWEEN_30_50_YRS,141,28.716904276985744
18_02_JUVENILES_ARRESTED_ECONOMIC_SETUP__ECONOMIC_SET_UP_ANNUAL_INCOME_UPTO_RS_25000,141,28.716904276985744
20_VICTIMS_OF_RAPE__VICTIMS_BETWEEN_14_18_YRS,141,28.716904276985744
20_VICTIMS_OF_RAPE__VICTIMS_BETWEEN_10_14_YRS,141,28.716904276985744
20_VICTIMS_OF_RAPE__VICTIMS_ABOVE_50_YRS,141,28.716904276985744
20_VICTIMS_OF_RAPE__RAPE_CASES_REPORTED,141,28.716904276985744
19_MOTIVE_OR_CAUSE_OF_MURDER_AND_CULPABLE_HOMICIDE_NOT_AMOUNTING_TO_MURDER__MURDER_CAUSE_WITCHCRAFT,141,28.716904276985744
19_MOTIVE_OR_CAUSE_OF_MURDER_AND_CULPABLE_HOMICIDE_NOT_AMOUNTING_TO_MURDER__MURDER_CAUSE_TOTAL,141,28.716904276985744
19_MOTIVE_OR_CAUSE_OF_MURDER_AND_CULPABLE_HOMICIDE_NOT_AMOUNTING_TO_MURDER__MURDER_CAUSE_PROPERTY_DISPUTE,141,28.716904276985744
18_04_JUVENILES_ARRESTED_RECIDIVISM__RECIDIVISM_OLD_DELINQUENT,141,28.716904276985744
20_VICTIMS_OF_RAPE__VICTIMS_BETWEEN_18_30_YRS,141,28.716904276985744
18_03_JUVENILES_ARRESTED_FAMILY_BACKGROUND__FAMILY_BACK_GROUND_TOTAL,141,28.716904276985744
18_02_JUVENILES_ARRESTED_ECONOMIC_SETUP__ECONOMIC_SET_UP_UPPER_INCOME_ABOVE_RS_300000,141,28.716904276985744
18_02_JUVENILES_ARRESTED_ECONOMIC_SETUP__ECONOMIC_SET_UP_MIDDLE_INCOME_FROM_50001_TO_100000,141,28.716904276985744
18_02_JUVENILES_ARRESTED_ECONOMIC_SETUP__ECONOMIC_SET_UP_MIDDLE_INCOME_FROM_100001_TO_200000,141,28.716904276985744
18_02_JUVENILES_ARRESTED_ECONOMIC_SETUP__ECONOMIC_SET_UP_TOTAL,141,28.716904276985744
18_03_JUVENILES_ARRESTED_FAMILY_BACKGROUND__FAMILY_BACK_GROUND_LIVING_WITH_PARENTS,141,28.716904276985744
18_02_JUVENILES_ARRESTED_ECONOMIC_SETUP__ECONOMIC_SET_UP_UPPER_MIDDLE_INCOME_FROM_200001_TO_300000,141,28.716904276985744
18_03_JUVENILES_ARRESTED_FAMILY_BACKGROUND__FAMILY_BACK_GROUND_LIVING_WITH_GUARDIAN,141,28.716904276985744
18_03_JUVENILES_ARRESTED_FAMILY_BACKGROUND__FAMILY_BACK_GROUND_HOMELESS,141,28.716904276985744
17_CRIME_BY_PLACE_OF_OCCURRENCE_2001_2012__COMMERCIAL_ESTABLISHMENTS_BURGLARY,72,14.663951120162933
17_CRIME_BY_PLACE_OF_OCCURRENCE_2001_2012__RAILWAYS_THEFT,72,14.663951120162933
17_CRIME_BY_PLACE_OF_OCCURRENCE_2001_2012__BANKS_DACOITY,72,14.663951120162933
17_CRIME_BY_PLACE_OF_OCCURRENCE_2001_2012__BANKS_ROBBERY,72,14.663951120162933
17_CRIME_BY_PLACE_OF_OCCURRENCE_2001_2012__BANKS_BURGLARY,72,14.663951120162933
17_CRIME_BY_PLACE_OF_OCCURRENCE_2001_2012__BANKS_THEFT,72,14.663951120162933
17_CRIME_BY_PLACE_OF_OCCURRENCE_2001_2012__COMMERCIAL_ESTABLISHMENTS_DACOITY,72,14.663951120162933
17_CRIME_BY_PLACE_OF_OCCURRENCE_2001_2012__COMMERCIAL_ESTABLISHMENTS_ROBBERY,72,14.663951120162933
17_CRIME_BY_PLACE_OF_OCCURRENCE_2001_2012__OTHER_PLACES_DACOITY,72,14.663951120162933
17_CRIME_BY_PLACE_OF_OCCURRENCE_2001_2012__COMMERCIAL_ESTABLISHMENTS_THEFT,72,14.663951120162933
17_CRIME_BY_PLACE_OF_OCCURRENCE_2001_2012__OTHER_PLACES_ROBBERY,72,14.663951120162933
17_CRIME_BY_PLACE_OF_OCCURRENCE_2001_2012__OTHER_PLACES_BURGLARY,72,14.663951120162933
17_CRIME_BY_PLACE_OF_OCCURRENCE_2001_2012__RAILWAYS_ROBBERY,72,14.663951120162933
17_CRIME_BY_PLACE_OF_OCCURRENCE_2001_2012__TOTAL_DACOITY,72,14.663951120162933
17_CRIME_BY_PLACE_OF_OCCURRENCE_2001_2012__TOTAL_ROBBERY,72,14.663951120162933
17_CRIME_BY_PLACE_OF_OCCURRENCE_2001_2012__TOTAL_BURGLARY,72,14.663951120162933
17_CRIME_BY_PLACE_OF_OCCURRENCE_2001_2012__TOTAL_THEFT,72,14.663951120162933
17_CRIME_BY_PLACE_OF_OCCURRENCE_2001_2012__OTHER_PLACES_THEFT,72,14.663951120162933
17_CRIME_BY_PLACE_OF_OCCURRENCE_2001_2012__RAILWAYS_BURGLARY,72,14.663951120162933
17_CRIME_BY_PLACE_OF_OCCURRENCE_2001_2012__RAILWAYS_DACOITY,72,14.663951120162933
17_CRIME_BY_PLACE_OF_OCCURRENCE_2001_2012__HIGHWAYS_ROBBERY,72,14.663951120162933
17_CRIME_BY_PLACE_OF_OCCURRENCE_2001_2012__RESIDENTIAL_PREMISES_DACOITY,72,14.663951120162933
17_CRIME_BY_PLACE_OF_OCCURRENCE_2001_2012__RESIDENTIAL_PREMISES_ROBBERY,72,14.663951120162933
17_CRIME_BY_PLACE_OF_OCCURRENCE_2001_2012__RESIDENTIAL_PREMISES_BURGLARY,72,14.663951120162933
17_CRIME_BY_PLACE_OF_OCCURRENCE_2001_2012__RESIDENTIAL_PREMISES_THEFT,72,14.663951120162933
17_CRIME_BY_PLACE_OF_OCCURRENCE_2001_2012__RIVER_AND_SEA_THEFT,72,14.663951120162933
17_CRIME_BY_PLACE_OF_OCCURRENCE_2001_2012__HIGHWAYS_DACOITY,72,14.663951120162933
17_CRIME_BY_PLACE_OF_OCCURRENCE_2001_2012__RIVER_AND_SEA_BURGLARY,72,14.663951120162933
17_CRIME_BY_PLACE_OF_OCCURRENCE_2001_2012__HIGHWAYS_BURGLARY,72,14.663951120162933
17_CRIME_BY_PLACE_OF_OCCURRENCE_2001_2012__HIGHWAYS_THEFT,72,14.663951120162933
17_CRIME_BY_PLACE_OF_OCCURRENCE_2001_2012__RIVER_AND_SEA_DACOITY,72,14.663951120162933
17_CRIME_BY_PLACE_OF_OCCURRENCE_2001_2012__RIVER_AND_SEA_ROBBERY,72,14.663951120162933
02_01_DISTRICT_WISE_CRIMES_COMMITTED_AGAINST_SC_2001_2012__RAPE,71,14.460285132382891
01_DISTRICT_WISE_CRIMES_COMMITTED_IPC_2001_2012__ARSON,71,14.460285132382891
01_DISTRICT_WISE_CRIMES_COMMITTED_IPC_2001_2012__HURT_GREVIOUS_HURT,71,14.460285132382891
02_01_DISTRICT_WISE_CRIMES_COMMITTED_AGAINST_SC_2001_2012__HURT,71,14.460285132382891
02_01_DISTRICT_WISE_CRIMES_COMMITTED_AGAINST_SC_2001_2012__ARSON,71,14.460285132382891
02_01_DISTRICT_WISE_CRIMES_COMMITTED_AGAINST_SC_2001_2012__ROBBERY,71,14.460285132382891
02_01_DISTRICT_WISE_CRIMES_COMMITTED_AGAINST_SC_2001_2012__DACOITY,71,14.460285132382891
02_01_DISTRICT_WISE_CRIMES_COMMITTED_AGAINST_SC_2001_2012__KIDNAPPING_AND_ABDUCTION,71,14.460285132382891
01_DISTRICT_WISE_CRIMES_COMMITTED_IPC_2001_2012__OTHER_IPC_CRIMES,71,14.460285132382891
02_01_DISTRICT_WISE_CRIMES_COMMITTED_AGAINST_SC_2001_2012__MURDER,71,14.460285132382891
01_DISTRICT_WISE_CRIMES_COMMITTED_IPC_2001_2012__TOTAL_IPC_CRIMES,71,14.460285132382891
01_DISTRICT_WISE_CRIMES_COMMITTED_IPC_2001_2012__CAUSING_DEATH_BY_NEGLIGENCE,71,14.460285132382891
01_DISTRICT_WISE_CRIMES_COMMITTED_IPC_2001_2012__DOWRY_DEATHS,71,14.460285132382891
01_DISTRICT_WISE_CRIMES_COMMITTED_IPC_2001_2012__ASSAULT_ON_WOMEN_WITH_INTENT_TO_OUTRAGE_HER_MODESTY,71,14.460285132382891
01_DISTRICT_WISE_CRIMES_COMMITTED_IPC_2001_2012__INSULT_TO_MODESTY_OF_WOMEN,71,14.460285132382891
01_DISTRICT_WISE_CRIMES_COMMITTED_IPC_2001_2012__CRUELTY_BY_HUSBAND_OR_HIS_RELATIVES,71,14.460285132382891
01_DISTRICT_WISE_CRIMES_COMMITTED_IPC_2001_2012__IMPORTATION_OF_GIRLS_FROM_FOREIGN_COUNTRIES,71,14.460285132382891
01_DISTRICT_WISE_CRIMES_COMMITTED_IPC_2001_2012__COUNTERFIETING,71,14.460285132382891
01_DISTRICT_WISE_CRIMES_COMMITTED_IPC_2001_2012__BURGLARY,71,14.460285132382891
01_DISTRICT_WISE_CRIMES_COMMITTED_IPC_2001_2012__CHEATING,71,14.460285132382891
01_DISTRICT_WISE_CRIMES_COMMITTED_IPC_2001_2012__CRIMINAL_BREACH_OF_TRUST,71,14.460285132382891
01_DISTRICT_WISE_CRIMES_COMMITTED_IPC_2001_2012__MURDER,71,14.460285132382891
01_DISTRICT_WISE_CRIMES_COMMITTED_IPC_2001_2012__ATTEMPT_TO_MURDER,71,14.460285132382891
01_DISTRICT_WISE_CRIMES_COMMITTED_IPC_2001_2012__CULPABLE_HOMICIDE_NOT_AMOUNTING_TO_MURDER,71,14.460285132382891
01_DISTRICT_WISE_CRIMES_COMMITTED_IPC_2001_2012__RAPE,71,14.460285132382891
01_DISTRICT_WISE_CRIMES_COMMITTED_IPC_2001_2012__CUSTODIAL_RAPE,71,14.460285132382891
01_DISTRICT_WISE_CRIMES_COMMITTED_IPC_2001_2012__OTHER_RAPE,71,14.460285132382891
01_DISTRICT_WISE_CRIMES_COMMITTED_IPC_2001_2012__KIDNAPPING_ABDUCTION,71,14.460285132382891
01_DISTRICT_WISE_CRIMES_COMMITTED_IPC_2001_2012__KIDNAPPING_AND_ABDUCTION_OF_WOMEN_AND_GIRLS,71,14.460285132382891
01_DISTRICT_WISE_CRIMES_COMMITTED_IPC_2001_2012__KIDNAPPING_AND_ABDUCTION_OF_OTHERS,71,14.460285132382891
01_DISTRICT_WISE_CRIMES_COMMITTED_IPC_2001_2012__DACOITY,71,14.460285132382891
01_DISTRICT_WISE_CRIMES_COMMITTED_IPC_2001_2012__PREPARATION_AND_ASSEMBLY_FOR_DACOITY,71,14.460285132382891
01_DISTRICT_WISE_CRIMES_COMMITTED_IPC_2001_2012__ROBBERY,71,14.460285132382891
02_01_DISTRICT_WISE_CRIMES_COMMITTED_AGAINST_SC_2001_2012__PROTECTION_OF_CIVIL_RIGHTS_PCR_ACT,71,14.460285132382891
01_DISTRICT_WISE_CRIMES_COMMITTED_IPC_2001_2012__THEFT,71,14.460285132382891
01_DISTRICT_WISE_CRIMES_COMMITTED_IPC_2001_2012__AUTO_THEFT,71,14.460285132382891
01_DISTRICT_WISE_CRIMES_COMMITTED_IPC_2001_2012__OTHER_THEFT,71,14.460285132382891
01_DISTRICT_WISE_CRIMES_COMMITTED_IPC_2001_2012__RIOTS,71,14.460285132382891
02_01_DISTRICT_WISE_CRIMES_COMMITTED_AGAINST_SC_2001_2012__PREVENTION_OF_ATROCITIES_POA_ACT,71,14.460285132382891
03_DISTRICT_WISE_CRIMES_COMMITTED_AGAINST_CHILDREN_2001_2012__SELLING_OF_GIRLS_FOR_PROSTITUTION,71,14.460285132382891
02_01_DISTRICT_WISE_CRIMES_COMMITTED_AGAINST_SC_2001_2012__OTHER_CRIMES_AGAINST_SCS,71,14.460285132382891
42_DISTRICT_WISE_CRIMES_COMMITTED_AGAINST_WOMEN_2001_2012__RAPE,71,14.460285132382891
03_DISTRICT_WISE_CRIMES_COMMITTED_AGAINST_CHILDREN_2001_2012__TOTAL,71,14.460285132382891
42_DISTRICT_WISE_CRIMES_COMMITTED_AGAINST_WOMEN_2001_2012__IMPORTATION_OF_GIRLS,71,14.460285132382891
42_DISTRICT_WISE_CRIMES_COMMITTED_AGAINST_WOMEN_2001_2012__CRUELTY_BY_HUSBAND_OR_HIS_RELATIVES,71,14.460285132382891
42_DISTRICT_WISE_CRIMES_COMMITTED_AGAINST_WOMEN_2001_2012__INSULT_TO_MODESTY_OF_WOMEN,71,14.460285132382891
42_DISTRICT_WISE_CRIMES_COMMITTED_AGAINST_WOMEN_2001_2012__ASSAULT_ON_WOMEN_WITH_INTENT_TO_OUTRAGE_HER_MODESTY,71,14.460285132382891
42_DISTRICT_WISE_CRIMES_COMMITTED_AGAINST_WOMEN_2001_2012__DOWRY_DEATHS,71,14.460285132382891
42_DISTRICT_WISE_CRIMES_COMMITTED_AGAINST_WOMEN_2001_2012__KIDNAPPING_AND_ABDUCTION,71,14.460285132382891
17_CASE_REPORTED_AND_VALUE_OF_PROPERTY_TAKEN_AWAY_BY_PLACE_OF_OCCURRENCE_2001_2012__THEFT_SECTION_379_382_IPC_VALUE_OF_PROPERTY_STOLEN_IN_RUPEES,71,14.460285132382891
02_DISTRICT_WISE_CRIMES_COMMITTED_AGAINST_ST_2001_2012__MURDER,71,14.460285132382891
17_CASE_REPORTED_AND_VALUE_OF_PROPERTY_TAKEN_AWAY_BY_PLACE_OF_OCCURRENCE_2001_2012__THEFT_SECTION_379_382_IPC_NUMBER_OF_CASES_REGISTERED,71,14.460285132382891
17_CASE_REPORTED_AND_VALUE_OF_PROPERTY_TAKEN_AWAY_BY_PLACE_OF_OCCURRENCE_2001_2012__BURGLARY_SECTION_449_452_454_455_457_460_IPC_VALUE_OF_PROPERTY_STOLEN_IN_RUPEES,71,14.460285132382891
17_CASE_REPORTED_AND_VALUE_OF_PROPERTY_TAKEN_AWAY_BY_PLACE_OF_OCCURRENCE_2001_2012__BURGLARY_SECTION_449_452_454_455_457_460_IPC_NUMBER_OF_CASES_REGISTERED,71,14.460285132382891
17_CASE_REPORTED_AND_VALUE_OF_PROPERTY_TAKEN_AWAY_BY_PLACE_OF_OCCURRENCE_2001_2012__ROBBERY_SECTION_392_394_397_398_IPC_VALUE_OF_PROPERTY_STOLEN_IN_RUPEES,71,14.460285132382891
17_CASE_REPORTED_AND_VALUE_OF_PROPERTY_TAKEN_AWAY_BY_PLACE_OF_OCCURRENCE_2001_2012__ROBBERY_SECTION_392_394_397_398_IPC_NUMBER_OF_CASES_REGISTERED,71,14.460285132382891
17_CASE_REPORTED_AND_VALUE_OF_PROPERTY_TAKEN_AWAY_BY_PLACE_OF_OCCURRENCE_2001_2012__DACOITY_SECTION_395_398_IPC_VALUE_OF_PROPERTY_STOLEN_IN_RUPEES,71,14.460285132382891
17_CASE_REPORTED_AND_VALUE_OF_PROPERTY_TAKEN_AWAY_BY_PLACE_OF_OCCURRENCE_2001_2012__DACOITY_SECTION_395_398_IPC_NUMBER_OF_CASES_REGISTERED,71,14.460285132382891
03_DISTRICT_WISE_CRIMES_COMMITTED_AGAINST_CHILDREN_2001_2012__OTHER_CRIMES,71,14.460285132382891
03_DISTRICT_WISE_CRIMES_COMMITTED_AGAINST_CHILDREN_2001_2012__PROHIBITION_OF_CHILD_MARRIAGE_ACT,71,14.460285132382891
03_DISTRICT_WISE_CRIMES_COMMITTED_AGAINST_CHILDREN_2001_2012__BUYING_OF_GIRLS_FOR_PROSTITUTION,71,14.460285132382891
02_DISTRICT_WISE_CRIMES_COMMITTED_AGAINST_ST_2001_2012__PREVENTION_OF_ATROCITIES_POA_ACT,71,14.460285132382891
02_DISTRICT_WISE_CRIMES_COMMITTED_AGAINST_ST_2001_2012__RAPE,71,14.460285132382891
02_DISTRICT_WISE_CRIMES_COMMITTED_AGAINST_ST_2001_2012__KIDNAPPING_ABDUCTION,71,14.460285132382891
02_DISTRICT_WISE_CRIMES_COMMITTED_AGAINST_ST_2001_2012__DACOITY,71,14.460285132382891
02_DISTRICT_WISE_CRIMES_COMMITTED_AGAINST_ST_2001_2012__ROBBERY,71,14.460285132382891
02_DISTRICT_WISE_CRIMES_COMMITTED_AGAINST_ST_2001_2012__ARSON,71,14.460285132382891
02_DISTRICT_WISE_CRIMES_COMMITTED_AGAINST_ST_2001_2012__HURT,71,14.460285132382891
02_DISTRICT_WISE_CRIMES_COMMITTED_AGAINST_ST_2001_2012__PROTECTION_OF_CIVIL_RIGHTS_PCR_ACT,71,14.460285132382891
02_DISTRICT_WISE_CRIMES_COMMITTED_AGAINST_ST_2001_2012__OTHER_CRIMES_AGAINST_STS,71,14.460285132382891
03_DISTRICT_WISE_CRIMES_COMMITTED_AGAINST_CHILDREN_2001_2012__PROCURATION_OF_MINOR_GIRLS,71,14.460285132382891
03_DISTRICT_WISE_CRIMES_COMMITTED_AGAINST_CHILDREN_2001_2012__MURDER,71,14.460285132382891
03_DISTRICT_WISE_CRIMES_COMMITTED_AGAINST_CHILDREN_2001_2012__RAPE,71,14.460285132382891
03_DISTRICT_WISE_CRIMES_COMMITTED_AGAINST_CHILDREN_2001_2012__KIDNAPPING_AND_ABDUCTION,71,14.460285132382891
03_DISTRICT_WISE_CRIMES_COMMITTED_AGAINST_CHILDREN_2001_2012__FOETICIDE,71,14.460285132382891
03_DISTRICT_WISE_CRIMES_COMMITTED_AGAINST_CHILDREN_2001_2012__ABETMENT_OF_SUICIDE,71,14.460285132382891
03_DISTRICT_WISE_CRIMES_COMMITTED_AGAINST_CHILDREN_2001_2012__EXPOSURE_AND_ABANDONMENT,71,14.460285132382891
YEAR,0,0.0
STATE_UT,0,0.0
