filename,row_count,column_count,geographic_level_candidate,time_level_candidate,crime_information_candidate,victim_information_candidate,police_arrest_information_candidate,property_information_candidate,state_columns,district_columns,location_columns,year_date_columns,numeric_columns,subject_evidence,geographic_level,time_level,subject_type,manual_review_required,manual_notes,dataset_family,integration_status,integration_reason
01_District_wise_crimes_committed_IPC_2001_2012.csv,9017,33,district-level information may be present,year/date information may be present,MURDER; ATTEMPT TO MURDER; CULPABLE HOMICIDE NOT AMOUNTING TO MURDER; RAPE; CUSTODIAL RAPE; OTHER RAPE; KIDNAPPING & ABDUCTION; KIDNAPPING AND ABDUCTION OF WOMEN AND GIRLS; KIDNAPPING AND ABDUCTION OF OTHERS; ROBBERY; THEFT; AUTO THEFT; OTHER THEFT; OTHER IPC CRIMES; TOTAL IPC CRIMES,ASSAULT ON WOMEN WITH INTENT TO OUTRAGE HER MODESTY,,,STATE/UT,DISTRICT,,YEAR,YEAR; MURDER; ATTEMPT TO MURDER; CULPABLE HOMICIDE NOT AMOUNTING TO MURDER; RAPE; CUSTODIAL RAPE; OTHER RAPE; KIDNAPPING & ABDUCTION; KIDNAPPING AND ABDUCTION OF WOMEN AND GIRLS; KIDNAPPING AND ABDUCTION OF OTHERS; DACOITY; PREPARATION AND ASSEMBLY FOR DACOITY; ROBBERY; BURGLARY; THEFT; AUTO THEFT; OTHER THEFT; RIOTS; CRIMINAL BREACH OF TRUST; CHEATING; COUNTERFIETING; ARSON; HURT/GREVIOUS HURT; DOWRY DEATHS; ASSAULT ON WOMEN WITH INTENT TO OUTRAGE HER MODESTY; INSULT TO MODESTY OF WOMEN; CRUELTY BY HUSBAND OR HIS RELATIVES; IMPORTATION OF GIRLS FROM FOREIGN COUNTRIES; CAUSING DEATH BY NEGLIGENCE; OTHER IPC CRIMES; TOTAL IPC CRIMES,victim/demographic-related fields; crime/case/offence-related fields,,,,True,,DISTRICT_WISE_CRIME,DISTRICT_CRIME_CORE,Candidate for district-level crime analysis
01_District_wise_crimes_committed_IPC_2013.csv,823,33,district-level information may be present,year/date information may be present,MURDER; ATTEMPT TO MURDER; CULPABLE HOMICIDE NOT AMOUNTING TO MURDER; RAPE; CUSTODIAL RAPE; OTHER RAPE; KIDNAPPING & ABDUCTION; KIDNAPPING AND ABDUCTION OF WOMEN AND GIRLS; KIDNAPPING AND ABDUCTION OF OTHERS; ROBBERY; THEFT; AUTO THEFT; OTHER THEFT; OTHER IPC CRIMES; TOTAL IPC CRIMES,ASSAULT ON WOMEN WITH INTENT TO OUTRAGE HER MODESTY,,,STATE/UT,DISTRICT,,YEAR,YEAR; MURDER; ATTEMPT TO MURDER; CULPABLE HOMICIDE NOT AMOUNTING TO MURDER; RAPE; CUSTODIAL RAPE; OTHER RAPE; KIDNAPPING & ABDUCTION; KIDNAPPING AND ABDUCTION OF WOMEN AND GIRLS; KIDNAPPING AND ABDUCTION OF OTHERS; DACOITY; PREPARATION AND ASSEMBLY FOR DACOITY; ROBBERY; BURGLARY; THEFT; AUTO THEFT; OTHER THEFT; RIOTS; CRIMINAL BREACH OF TRUST; CHEATING; COUNTERFIETING; ARSON; HURT/GREVIOUS HURT; DOWRY DEATHS; ASSAULT ON WOMEN WITH INTENT TO OUTRAGE HER MODESTY; INSULT TO MODESTY OF WOMEN; CRUELTY BY HUSBAND OR HIS RELATIVES; IMPORTATION OF GIRLS FROM FOREIGN COUNTRIES; CAUSING DEATH BY NEGLIGENCE; OTHER IPC CRIMES; TOTAL IPC CRIMES,victim/demographic-related fields; crime/case/offence-related fields,,,,True,,DISTRICT_WISE_CRIME,DISTRICT_CRIME_CORE,Candidate for district-level crime analysis
01_District_wise_crimes_committed_IPC_2014.csv,838,91,district-level information may be present,year/date information may be present,Murder; Attempt to commit Murder; Culpable Homicide not amounting to Murder; Rape; Custodial Rape; Custodial_Gang Rape; Custodial_Other Rape; Rape other than Custodial; Rape_Gang Rape; Rape_Others; Attempt to commit Rape; Kidnapping & Abduction_Total; Kidnapping & Abduction; Kidnapping & Abduction in order to Murder; Kidnapping for Ransom; Kidnapping & Abduction of Women to compel her for marriage; Other Kidnapping; Dacoity with Murder; Robbery; Theft; Auto Theft; Other Thefts; Counterfeit Offences related to Counterfeit Coin; Offences against State; Other offences against State; Offences promoting enmity between different groups; Unnatural Offence; Other IPC crimes; Total Cognizable IPC crimes,Kidnapping & Abduction of Women to compel her for marriage; Assault on Women with intent to outrage her Modesty; Sexual Harassment; Disclosure of Identity of Victims,Riots_Industrial,,States/UTs; Offences against State; Other offences against State,District,"Other places related to work; Places other than 231, 232 & 233",Year,"Year; Murder; Attempt to commit Murder; Culpable Homicide not amounting to Murder; Attempt to commit Culpable Homicide; Rape; Custodial Rape; Custodial_Gang Rape; Custodial_Other Rape; Rape other than Custodial; Rape_Gang Rape; Rape_Others; Attempt to commit Rape; Kidnapping & Abduction_Total; Kidnapping & Abduction; Kidnapping & Abduction in order to Murder; Kidnapping for Ransom; Kidnapping & Abduction of Women to compel her for marriage; Other Kidnapping; Dacoity; Dacoity with Murder; Other Dacoity; Making Preparation and Assembly for committing Dacoity; Robbery; Criminal Trespass/Burglary; Criminal Trespass or Burglary; House Trespass & House Breaking; Theft; Auto Theft; Other Thefts; Unlawful Assembly; Riots; Riots_Communal; Riots_Industrial; Riots_Political; Riots_Caste Conflict; Riots_SC/STs Vs Non-SCs/STs; Riots_Other Caste Conflict; Riots_Agrarian; Riots_Students; Riots_Sectarian; Riots_Others; Criminal Breach of Trust; Cheating; Forgery; Counterfeiting; Counterfeit Offences related to Counterfeit Coin; Counterfeiting Government Stamp; Counterfeit currency & Bank notes; Counterfeiting currency notes/Bank notes; Using forged or counterfeiting currency/Bank notes; Possession of forged or counterfeiting currency/Bank notes; Making or Possessing materials for forged currency/Bank notes; Making or Using documents resembling currency; Arson; Grievous Hurt; Hurt; Acid attack; Attempt to Acid Attack; Dowry Deaths; Assault on Women with intent to outrage her Modesty; Sexual Harassment; Assault or use of criminal force to women with intent to Disrobe; Voyeurism; Stalking; Other Assault on Women; Insult to the Modesty of Women; At Office premises; Other places related to work; In Public Transport system; Places other than 231, 232 & 233; Cruelty by Husband or his Relatives; Importation of Girls from Foreign Country; Causing Death by Negligence; Deaths due to negligent driving/act; Deaths due to Other Causes; Offences against State; Sedition; Other offences against State; Offences promoting enmity between different groups; Promoting enmity between different groups; Imputation, assertions prejudicial to national integration; Extortion; Disclosure of Identity of Victims; Incidence of Rash Driving; HumanTrafficking; Unnatural Offence; Other IPC crimes; Total Cognizable IPC crimes",police/arrest/justice-related fields; victim/demographic-related fields; crime/case/offence-related fields,,,,True,,DISTRICT_WISE_CRIME,DISTRICT_CRIME_CORE,Candidate for district-level crime analysis
02_01_District_wise_crimes_committed_against_SC_2001_2012.csv,9018,13,district-level information may be present,year/date information may be present,Murder; Rape; Kidnapping and Abduction; Robbery; Other Crimes Against SCs,,,,STATE/UT,DISTRICT,,Year,Year; Murder; Rape; Kidnapping and Abduction; Dacoity; Robbery; Arson; Hurt; Prevention of atrocities (POA) Act; Protection of Civil Rights (PCR) Act; Other Crimes Against SCs,crime/case/offence-related fields,,,,True,,DISTRICT_WISE_CRIME,DISTRICT_CRIME_CORE,Candidate for district-level crime analysis
02_01_District_wise_crimes_committed_against_SC_2013.csv,823,13,district-level information may be present,year/date information may be present,Murder; Rape; Kidnapping and Abduction; Robbery; Other Crimes Against SCs,,,,STATE/UT,DISTRICT,,Year,Year; Murder; Rape; Kidnapping and Abduction; Dacoity; Robbery; Arson; Hurt; Protection of Civil Rights (PCR) Act; Prevention of atrocities (POA) Act; Other Crimes Against SCs,crime/case/offence-related fields,,,,True,,DISTRICT_WISE_CRIME,DISTRICT_CRIME_CORE,Candidate for district-level crime analysis
02_01_District_wise_crimes_committed_against_SC_2014.csv,837,66,district-level information may be present,year/date information may be present,POA_Murder; POA_Attempt to commit Murder; POA_Rape; POA_Attempt to commit Rape; POA_Kidnapping & Abduction_GrandTotal; POA_Kidnaping & Abduction in order to Murder; POA_Kidnapping for Ransom; POA_Kidnapping & Abduction of Women to compel her for marriage; POA_Other Kidnapping; POA_Dacoity with Murder; POA_Robbery; POA_Other IPC crimes; IPC_Murder; IPC_Attempt to commit Murder; IPC_Rape; IPC_Attempt to commit Rape; IPC_Assault on women with intent to outrage her Modesty; IPC_Sexual Harassment; IPC_Assault on women with intent to Disrobe; IPC_Voyeurism; IPC_Stalking; IPC_Other Sexual Harassment; IPC_Insult to the Modesty of women; IPC_Kidnapping & Abduction; IPC_Kidnaping & Abduction; IPC_Kidnaping & Abduction in order to Murder; IPC_Kidnapping for Ransom; IPC_Kidnapping & Abduction of Women to compel her for marriage; IPC_Other Kidnapping; IPC_Dacoity; IPC_Dacoity with Murder; IPC_Other Dacoity; IPC_Robbery; IPC_Arson; IPC_Grievous Hurt; IPC_Hurt; IPC_Acid attack; IPC_Attempt to Acid Attack; IPC_Riots; IPC_Other IPC crimes; Total IPC Crimes against SCs; Other SLL Crime against SCs; Total crimes against SCs,POA_Assault on women with intent to outrage her Modesty; POA_Sexual Harassment; POA_Other Sexual Harassment; POA_Kidnapping & Abduction of Women to compel her for marriage; IPC_Assault on women with intent to outrage her Modesty; IPC_Sexual Harassment; IPC_Other Sexual Harassment; IPC_Kidnapping & Abduction of Women to compel her for marriage,,,States/UTs,District,,Year,"Year; Protection of Civil Rights Act, 1955; POA_Murder; POA_Attempt to commit Murder; POA_Rape; POA_Attempt to commit Rape; POA_Assault on women with intent to outrage her Modesty; POA_Sexual Harassment; POA_Assault on women with intent to Disrobe; POA_Voyeurism; POA_Stalking; POA_Other Sexual Harassment; POA_Insult to the Modesty of women; POA_Kidnapping & Abduction_GrandTotal; POA_Kidnaping & Abduction_Total; POA_Kidnaping & Abduction in order to Murder; POA_Kidnapping for Ransom; POA_Kidnapping & Abduction of Women to compel her for marriage; POA_Other Kidnapping; POA_Dacoity; POA_Dacoity with Murder; POA_Other Dacoity; POA_Robbery; POA_Arson; POA_Grievous Hurt; POA_Hurt; POA_Acid attack; POA_Attempt to Acid Attack; POA_Riots; POA_Other IPC crimes; POA_SC / ST (Prevention of Atrocities) Act only; Total of SC/ST (Prevention of Atrocities) Act ,1989; IPC_Murder; IPC_Attempt to commit Murder; IPC_Rape; IPC_Attempt to commit Rape; IPC_Assault on women with intent to outrage her Modesty; IPC_Sexual Harassment; IPC_Assault on women with intent to Disrobe; IPC_Voyeurism; IPC_Stalking; IPC_Other Sexual Harassment; IPC_Insult to the Modesty of women; IPC_Kidnapping & Abduction; IPC_Kidnaping & Abduction; IPC_Kidnaping & Abduction in order to Murder; IPC_Kidnapping for Ransom; IPC_Kidnapping & Abduction of Women to compel her for marriage; IPC_Other Kidnapping; IPC_Dacoity; IPC_Dacoity with Murder; IPC_Other Dacoity; IPC_Robbery; IPC_Arson; IPC_Grievous Hurt; IPC_Hurt; IPC_Acid attack; IPC_Attempt to Acid Attack; IPC_Riots; IPC_Other IPC crimes; Total IPC Crimes against SCs; Manual Scavengers and Construction of Dry Latrines (P) Act, 1993; Other SLL Crime against SCs; Total crimes against SCs",victim/demographic-related fields; crime/case/offence-related fields,,,,True,,DISTRICT_WISE_CRIME,DISTRICT_CRIME_CORE,Candidate for district-level crime analysis
02_District_wise_crimes_committed_against_ST_2001_2012.csv,9018,13,district-level information may be present,year/date information may be present,Murder; Rape; Kidnapping Abduction; Robbery; Other Crimes Against STs,,,,STATE/UT,DISTRICT,,Year,Year; Murder; Rape; Kidnapping Abduction; Dacoity; Robbery; Arson; Hurt; Protection of Civil Rights (PCR) Act; Prevention of atrocities (POA) Act; Other Crimes Against STs,crime/case/offence-related fields,,,,True,,DISTRICT_WISE_CRIME,DISTRICT_CRIME_CORE,Candidate for district-level crime analysis
02_District_wise_crimes_committed_against_ST_2013.csv,823,13,district-level information may be present,year/date information may be present,Murder; Rape; Kidnapping Abduction; Robbery; Other Crimes Against STs,,,,STATE/UT,DISTRICT,,Year,Year; Murder; Rape; Kidnapping Abduction; Dacoity; Robbery; Arson; Hurt; Protection of Civil Rights (PCR) Act; Prevention of atrocities (POA) Act; Other Crimes Against STs,crime/case/offence-related fields,,,,True,,DISTRICT_WISE_CRIME,DISTRICT_CRIME_CORE,Candidate for district-level crime analysis
02_District_wise_crimes_committed_against_ST_2014.csv,837,66,district-level information may be present,year/date information may be present,POA_Murder; POA_Attempt to commit Murder; POA_Rape; POA_Attempt to commit Rape; POA_Kidnapping & Abduction_GrandTotal; POA_Kidnaping & Abduction in order to Murder; POA_Kidnapping for Ransom; POA_Kidnapping & Abduction of Women to compel her for marriage; POA_Other Kidnapping; POA_Dacoity with Murder; POA_Robbery; POA_Other IPC crimes; IPC_Murder; IPC_Attempt to commit Murder; IPC_Rape; IPC_Attempt to commit Rape; IPC_Assault on women with intent to outrage her Modesty; IPC_Sexual Harassment; IPC_Assault on women with intent to Disrobe; IPC_Voyeurism; IPC_Stalking; IPC_Other Sexual Harassment; IPC_Insult to the Modesty of women; IPC_Kidnapping & Abduction; IPC_Kidnaping & Abduction; IPC_Kidnaping & Abduction in order to Murder; IPC_Kidnapping for Ransom; IPC_Kidnapping & Abduction of Women to compel her for marriage; IPC_Other Kidnapping; IPC_Dacoity; IPC_Dacoity with Murder; IPC_Other Dacoity; IPC_Robbery; IPC_Arson; IPC_Grievous Hurt; IPC_Hurt; IPC_Acid attack; IPC_Attempt to Acid Attack; IPC_Riots; IPC_Other IPC crimes; Total IPC Crimes against STs; Other SLL Crime against STs; Total crimes against STs,POA_Assault on women with intent to outrage her Modesty; POA_Sexual Harassment; POA_Other Sexual Harassment; POA_Kidnapping & Abduction of Women to compel her for marriage; IPC_Assault on women with intent to outrage her Modesty; IPC_Sexual Harassment; IPC_Other Sexual Harassment; IPC_Kidnapping & Abduction of Women to compel her for marriage,,,States/UTs,District,,Year,"Year; Protection of Civil Rights Act, 1955; POA_Murder; POA_Attempt to commit Murder; POA_Rape; POA_Attempt to commit Rape; POA_Assault on women with intent to outrage her Modesty; POA_Sexual Harassment; POA_Assault on women with intent to Disrobe; POA_Voyeurism; POA_Stalking; POA_Other Sexual Harassment; POA_Insult to the Modesty of women; POA_Kidnapping & Abduction_GrandTotal; POA_Kidnaping & Abduction_Total; POA_Kidnaping & Abduction in order to Murder; POA_Kidnapping for Ransom; POA_Kidnapping & Abduction of Women to compel her for marriage; POA_Other Kidnapping; POA_Dacoity; POA_Dacoity with Murder; POA_Other Dacoity; POA_Robbery; POA_Arson; POA_Grievous Hurt; POA_Hurt; POA_Acid attack; POA_Attempt to Acid Attack; POA_Riots; POA_Other IPC crimes; POA_SC / ST (Prevention of Atrocities) Act only; Total of SC/ST (Prevention of Atrocities) Act ,1989; IPC_Murder; IPC_Attempt to commit Murder; IPC_Rape; IPC_Attempt to commit Rape; IPC_Assault on women with intent to outrage her Modesty; IPC_Sexual Harassment; IPC_Assault on women with intent to Disrobe; IPC_Voyeurism; IPC_Stalking; IPC_Other Sexual Harassment; IPC_Insult to the Modesty of women; IPC_Kidnapping & Abduction; IPC_Kidnaping & Abduction; IPC_Kidnaping & Abduction in order to Murder; IPC_Kidnapping for Ransom; IPC_Kidnapping & Abduction of Women to compel her for marriage; IPC_Other Kidnapping; IPC_Dacoity; IPC_Dacoity with Murder; IPC_Other Dacoity; IPC_Robbery; IPC_Arson; IPC_Grievous Hurt; IPC_Hurt; IPC_Acid attack; IPC_Attempt to Acid Attack; IPC_Riots; IPC_Other IPC crimes; Total IPC Crimes against STs; Manual Scavengers and Construction of Dry Latrines (P) Act, 1993; Other SLL Crime against STs; Total crimes against STs",victim/demographic-related fields; crime/case/offence-related fields,,,,True,,DISTRICT_WISE_CRIME,DISTRICT_CRIME_CORE,Candidate for district-level crime analysis
03_District_wise_crimes_committed_against_children_2001_2012.csv,9015,15,district-level information may be present,year/date information may be present,Murder; Rape; Kidnapping and Abduction; Other Crimes,Prohibition of child marriage act,,,STATE/UT,DISTRICT,,Year,Year; Murder; Rape; Kidnapping and Abduction; Foeticide; Abetment of suicide; Exposure and abandonment; Procuration of minor girls; Buying of girls for prostitution; Selling of girls for prostitution; Prohibition of child marriage act; Other Crimes; Total,victim/demographic-related fields; crime/case/offence-related fields,,,,True,,DISTRICT_WISE_CRIME,DISTRICT_CRIME_CORE,Candidate for district-level crime analysis
03_District_wise_crimes_committed_against_children_2013.csv,823,16,district-level information may be present,year/date information may be present,Other murder; Rape; Kidnapping and Abduction; Other Crimes,Prohibition of child marriage act,,,STATE/UT,DISTRICT,,Year,Year; Infanticid; Other murder; Rape; Kidnapping and Abduction; Foeticide; Abetment of suicide; Exposure and abandonment; Procuration of minor girls; Buying of girls for prostitution; Selling of girls for prostitution; Prohibition of child marriage act; Other Crimes; Total,victim/demographic-related fields; crime/case/offence-related fields,,,,True,,DISTRICT_WISE_CRIME,DISTRICT_CRIME_CORE,Candidate for district-level crime analysis
03_Persons_arrested_and_their_disposal_by_police_and_court_under_crime_against_children_2012.csv,494,14,state/UT-level information may be present,multiple year/date-related fields detected,CRIME HEAD; Persons in whose cases charge sheets were laid during the year; Persons against whom cases were compounded or withdrawn; Persons in whose cases trials were completed during the year,Persons in custody or on bail during the stage of investigation at the beginning of the year; Persons in custody or on bail during the stage of investigation at the end of the year; Persons in custody or on bail during the stage of trial at the end of the year,Persons in custody or on bail during the stage of investigation at the beginning of the year; Persons arrested during the year; Persons released or freed by Police or Magistrate before trial for want of evidence or any other reason; Persons in custody or on bail during the stage of investigation at the end of the year; Persons in whose cases charge sheets were laid during the year; Persons under trial at the beginning of the year; Total number of persons under trial during the year; Persons in custody or on bail during the stage of trial at the end of the year; Persons in whose cases trials were completed during the year; Persons convicted; Persons acquitted,,STATE/UT,,,Persons in custody or on bail during the stage of investigation at the beginning of the year; Persons arrested during the year; Persons in custody or on bail during the stage of investigation at the end of the year; Persons in whose cases charge sheets were laid during the year; Persons under trial at the beginning of the year; Total number of persons under trial during the year; Persons in custody or on bail during the stage of trial at the end of the year; Persons in whose cases trials were completed during the year,Persons in custody or on bail during the stage of investigation at the beginning of the year; Persons arrested during the year; Persons released or freed by Police or Magistrate before trial for want of evidence or any other reason; Persons in custody or on bail during the stage of investigation at the end of the year; Persons in whose cases charge sheets were laid during the year; Persons under trial at the beginning of the year; Total number of persons under trial during the year; Persons against whom cases were compounded or withdrawn; Persons in custody or on bail during the stage of trial at the end of the year; Persons in whose cases trials were completed during the year; Persons convicted; Persons acquitted,police/arrest/justice-related fields; victim/demographic-related fields; crime/case/offence-related fields,,,,True,,ARREST_DISPOSAL,SEPARATE_ANALYTICAL_TABLE,Different row grain: arrest/disposal statistics
03_Persons_arrested_and_their_disposal_by_police_and_court_under_crime_against_children_2013.csv,494,14,state/UT-level information may be present,multiple year/date-related fields detected,CRIME HEAD; Persons in whose cases charge sheets were laid during the year; Persons against whom cases were compounded or withdrawn; Persons in whose cases trials were completed during the year,Persons in custody or on bail during the stage of investigation at the beginning of the year; Persons in custody or on bail during the stage of investigation at the end of the year; Persons in custody or on bail during the stage of trial at the end of the year,Persons in custody or on bail during the stage of investigation at the beginning of the year; Persons arrested during the year; Persons released or freed by Police or Magistrate before trial for want of evidence or any other reason; Persons in custody or on bail during the stage of investigation at the end of the year; Persons in whose cases charge sheets were laid during the year; Persons under trial at the beginning of the year; Total number of persons under trial during the year; Persons in custody or on bail during the stage of trial at the end of the year; Persons in whose cases trials were completed during the year; Persons convicted; Persons acquitted,,STATE/UT,,,Persons in custody or on bail during the stage of investigation at the beginning of the year; Persons arrested during the year; Persons in custody or on bail during the stage of investigation at the end of the year; Persons in whose cases charge sheets were laid during the year; Persons under trial at the beginning of the year; Total number of persons under trial during the year; Persons in custody or on bail during the stage of trial at the end of the year; Persons in whose cases trials were completed during the year,Persons in custody or on bail during the stage of investigation at the beginning of the year; Persons arrested during the year; Persons released or freed by Police or Magistrate before trial for want of evidence or any other reason; Persons in custody or on bail during the stage of investigation at the end of the year; Persons in whose cases charge sheets were laid during the year; Persons under trial at the beginning of the year; Total number of persons under trial during the year; Persons against whom cases were compounded or withdrawn; Persons in custody or on bail during the stage of trial at the end of the year; Persons in whose cases trials were completed during the year; Persons convicted; Persons acquitted,police/arrest/justice-related fields; victim/demographic-related fields; crime/case/offence-related fields,,,,True,,ARREST_DISPOSAL,SEPARATE_ANALYTICAL_TABLE,Different row grain: arrest/disposal statistics
03_Persons_arrested_and_their_disposal_by_police_and_court_under_crime_against_children_2014.csv,2028,57,state/UT-level information may be present,multiple year/date-related fields detected,Crime Head; Persons against whom cases were compounded by Courts_Male; Persons against whom cases were compounded by Courts_Female; Persons against whom cases were compounded by Courts_Total; Persons against whom cases were withdrawn_Male; Persons against whom cases were withdrawn_Female; Persons against whom cases were withdrawn_Total; Persons whose cases trials were completed during the year_Male; Persons whose cases trials were completed during the year_Female; Persons whose cases trials were completed during the year_Total,Persons in custody during inv stage at beginning of Year_Male; Persons in custody during inv stage at beginning of Year_Female; Persons in custody during inv stage at beginning of Year_Total; Persons on bail during inv stage at beginning of Year_Male; Persons on bail during inv stage at beginning of Year_Female; Persons on bail during inv stage at beginning of Year_Total; Persons in custody during inv stage at year end_Male; Persons in custody during inv stage at year end_Female; Persons in custody during inv stage at year end_Total; Persons on Bail during inv stage at year end_Male; Persons on Bail during inv stage at Year end_Female; Persons on Bail during inv stage at year end_Total; Persons in custody during trial stage at begin of year_Male; Persons in custody during trial stage at begin of year_Female; Persons in custody during trial stage at begin of year_Total; Persons on Bail during trial stage at begin of year_Male; Persons on Bail during trial stage at begin of year_Female; Persons on Bail during trial stage at begin of year_Total; Persons in custody during trial stage at Year end_Male; Persons in custody during trial stage at Year end_Female; Persons in custody during trial stage at Year end_Total; Persons on bail during trial stage at Year End_Male; Persons on bail during trial stage at Year End_Female; Persons on bail during trial stage at Year End_Total,Persons in custody during inv stage at beginning of Year_Male; Persons in custody during inv stage at beginning of Year_Female; Persons in custody during inv stage at beginning of Year_Total; Persons arrested during the year_Male; Persons arrested during the year_Female; Persons arrested during the year_Total; Persons released or freed before trial for want of evidence_Male; Persons released or freed before trial for want of evidence_Fem; Persons released or freed before trial for want of evidence_Tot; Persons in custody during inv stage at year end_Male; Persons in custody during inv stage at year end_Female; Persons in custody during inv stage at year end_Total; Persons charge sheeted_Male; Persons charge sheeted_Female; Persons charge sheeted_Total; Persons in custody during trial stage at begin of year_Male; Persons in custody during trial stage at begin of year_Female; Persons in custody during trial stage at begin of year_Total; Persons on Bail during trial stage at begin of year_Male; Persons on Bail during trial stage at begin of year_Female; Persons on Bail during trial stage at begin of year_Total; Total number of persons under Trial_Male; Total number of persons under Trial_Female; Total number of persons under Trial_Total; Persons in custody during trial stage at Year end_Male; Persons in custody during trial stage at Year end_Female; Persons in custody during trial stage at Year end_Total; Persons on bail during trial stage at Year End_Male; Persons on bail during trial stage at Year End_Female; Persons on bail during trial stage at Year End_Total; Persons whose cases trials were completed during the year_Male; Persons whose cases trials were completed during the year_Female; Persons whose cases trials were completed during the year_Total; Persons convicted_Male; Persons convicted_Female; Persons convicted_Total; Persons acquitted_Male; Persons acquitted_Female; Persons acquitted_Total,,States/UTs,,,Year; Persons in custody during inv stage at beginning of Year_Male; Persons in custody during inv stage at beginning of Year_Female; Persons in custody during inv stage at beginning of Year_Total; Persons on bail during inv stage at beginning of Year_Male; Persons on bail during inv stage at beginning of Year_Female; Persons on bail during inv stage at beginning of Year_Total; Persons arrested during the year_Male; Persons arrested during the year_Female; Persons arrested during the year_Total; Persons in custody during inv stage at year end_Male; Persons in custody during inv stage at year end_Female; Persons in custody during inv stage at year end_Total; Persons on Bail during inv stage at year end_Male; Persons on Bail during inv stage at Year end_Female; Persons on Bail during inv stage at year end_Total; Persons in custody during trial stage at begin of year_Male; Persons in custody during trial stage at begin of year_Female; Persons in custody during trial stage at begin of year_Total; Persons on Bail during trial stage at begin of year_Male; Persons on Bail during trial stage at begin of year_Female; Persons on Bail during trial stage at begin of year_Total; Persons in custody during trial stage at Year end_Male; Persons in custody during trial stage at Year end_Female; Persons in custody during trial stage at Year end_Total; Persons on bail during trial stage at Year End_Male; Persons on bail during trial stage at Year End_Female; Persons on bail during trial stage at Year End_Total; Persons whose cases trials were completed during the year_Male; Persons whose cases trials were completed during the year_Female; Persons whose cases trials were completed during the year_Total,Year; Persons in custody during inv stage at beginning of Year_Male; Persons in custody during inv stage at beginning of Year_Female; Persons in custody during inv stage at beginning of Year_Total; Persons on bail during inv stage at beginning of Year_Male; Persons on bail during inv stage at beginning of Year_Female; Persons on bail during inv stage at beginning of Year_Total; Persons arrested during the year_Male; Persons arrested during the year_Female; Persons arrested during the year_Total; Persons released or freed before trial for want of evidence_Male; Persons released or freed before trial for want of evidence_Fem; Persons released or freed before trial for want of evidence_Tot; Persons in custody during inv stage at year end_Male; Persons in custody during inv stage at year end_Female; Persons in custody during inv stage at year end_Total; Persons on Bail during inv stage at year end_Male; Persons on Bail during inv stage at Year end_Female; Persons on Bail during inv stage at year end_Total; Persons charge sheeted_Male; Persons charge sheeted_Female; Persons charge sheeted_Total; Persons in custody during trial stage at begin of year_Male; Persons in custody during trial stage at begin of year_Female; Persons in custody during trial stage at begin of year_Total; Persons on Bail during trial stage at begin of year_Male; Persons on Bail during trial stage at begin of year_Female; Persons on Bail during trial stage at begin of year_Total; Total number of persons under Trial_Male; Total number of persons under Trial_Female; Total number of persons under Trial_Total; Persons against whom cases were compounded by Courts_Male; Persons against whom cases were compounded by Courts_Female; Persons against whom cases were compounded by Courts_Total; Persons against whom cases were withdrawn_Male; Persons against whom cases were withdrawn_Female; Persons against whom cases were withdrawn_Total; Persons in custody during trial stage at Year end_Male; Persons in custody during trial stage at Year end_Female; Persons in custody during trial stage at Year end_Total; Persons on bail during trial stage at Year End_Male; Persons on bail during trial stage at Year End_Female; Persons on bail during trial stage at Year End_Total; Persons whose cases trials were completed during the year_Male; Persons whose cases trials were completed during the year_Female; Persons whose cases trials were completed during the year_Total; Persons convicted_Male; Persons convicted_Female; Persons convicted_Total; Persons acquitted_Male; Persons acquitted_Female; Persons acquitted_Total; Persons Discharged by Court_Male; Persons Discharged by Court_Female; Persons Discharged by Court_Total,police/arrest/justice-related fields; victim/demographic-related fields; crime/case/offence-related fields,,,,True,,ARREST_DISPOSAL,SEPARATE_ANALYTICAL_TABLE,Different row grain: arrest/disposal statistics
04_01_Person_arrested_and_their_disposal_by_police_and_court_SLL_crime_2012.csv,1026,14,state/UT-level information may be present,multiple year/date-related fields detected,CRIME HEAD; Persons in whose cases charge sheets were laid during the year; Persons against whom cases were compounded or withdrawn; Persons in whose cases trials were completed during the year,Persons in custody or on bail during the stage of investigation at the beginning of the year; Persons in custody or on bail during the stage of investigation at the end of the year; Persons in custody or on bail during the stage of trial at the end of the year,Persons in custody or on bail during the stage of investigation at the beginning of the year; Persons arrested during the year; Persons released or freed by Police or Magistrate before trial for want of evidence or any other reason; Persons in custody or on bail during the stage of investigation at the end of the year; Persons in whose cases charge sheets were laid during the year; Persons under trial at the beginning of the year; Total number of persons under trial during the year; Persons in custody or on bail during the stage of trial at the end of the year; Persons in whose cases trials were completed during the year; Persons convicted; Persons acquitted,,STATE/UT,,,Persons in custody or on bail during the stage of investigation at the beginning of the year; Persons arrested during the year; Persons in custody or on bail during the stage of investigation at the end of the year; Persons in whose cases charge sheets were laid during the year; Persons under trial at the beginning of the year; Total number of persons under trial during the year; Persons in custody or on bail during the stage of trial at the end of the year; Persons in whose cases trials were completed during the year,Persons in custody or on bail during the stage of investigation at the beginning of the year; Persons arrested during the year; Persons released or freed by Police or Magistrate before trial for want of evidence or any other reason; Persons in custody or on bail during the stage of investigation at the end of the year; Persons in whose cases charge sheets were laid during the year; Persons under trial at the beginning of the year; Total number of persons under trial during the year; Persons against whom cases were compounded or withdrawn; Persons in custody or on bail during the stage of trial at the end of the year; Persons in whose cases trials were completed during the year; Persons convicted; Persons acquitted,police/arrest/justice-related fields; victim/demographic-related fields; crime/case/offence-related fields,,,,True,,ARREST_DISPOSAL,SEPARATE_ANALYTICAL_TABLE,Different row grain: arrest/disposal statistics
04_01_Person_arrested_and_their_disposal_by_police_and_court_SLL_crime_2013.csv,418,14,state/UT-level information may be present,multiple year/date-related fields detected,CRIME HEAD; Persons in whose cases charge sheets were laid during the year; Persons against whom cases were compounded or withdrawn; Persons in whose cases trials were completed during the year,Persons in custody or on bail during the stage of investigation at the beginning of the year; Persons in custody or on bail during the stage of investigation at the end of the year; Persons in custody or on bail during the stage of trial at the end of the year,Persons in custody or on bail during the stage of investigation at the beginning of the year; Persons arrested during the year; Persons released or freed by Police or Magistrate before trial for want of evidence or any other reason; Persons in custody or on bail during the stage of investigation at the end of the year; Persons in whose cases charge sheets were laid during the year; Persons under trial at the beginning of the year; Total number of persons under trial during the year; Persons in custody or on bail during the stage of trial at the end of the year; Persons in whose cases trials were completed during the year; Persons convicted; Persons acquitted,,STATE/UT,,,Persons in custody or on bail during the stage of investigation at the beginning of the year; Persons arrested during the year; Persons in custody or on bail during the stage of investigation at the end of the year; Persons in whose cases charge sheets were laid during the year; Persons under trial at the beginning of the year; Total number of persons under trial during the year; Persons in custody or on bail during the stage of trial at the end of the year; Persons in whose cases trials were completed during the year,Persons in custody or on bail during the stage of investigation at the beginning of the year; Persons arrested during the year; Persons released or freed by Police or Magistrate before trial for want of evidence or any other reason; Persons in custody or on bail during the stage of investigation at the end of the year; Persons in whose cases charge sheets were laid during the year; Persons under trial at the beginning of the year; Total number of persons under trial during the year; Persons against whom cases were compounded or withdrawn; Persons in custody or on bail during the stage of trial at the end of the year; Persons in whose cases trials were completed during the year; Persons convicted; Persons acquitted,police/arrest/justice-related fields; victim/demographic-related fields; crime/case/offence-related fields,,,,True,,ARREST_DISPOSAL,SEPARATE_ANALYTICAL_TABLE,Different row grain: arrest/disposal statistics
04_01_Person_arrested_and_their_disposal_by_police_and_court_SLL_crime_2014.csv,2730,57,state/UT-level information may be present,multiple year/date-related fields detected,Crime Head; Persons against whom cases were compounded by Courts_Male; Persons against whom cases were compounded by Courts_Female; Persons against whom cases were compounded by Courts_Total; Persons against whom cases were withdrawn_Male; Persons against whom cases were withdrawn_Female; Persons against whom cases were withdrawn_Total; Persons whose cases trials were completed during the year_Male; Persons whose cases trials were completed during the year_Female; Persons whose cases trials were completed during the year_Total,Persons in custody during inv stage at beginning of Year_Male; Persons in custody during inv stage at beginning of Year_Female; Persons in custody during inv stage at beginning of Year_Total; Persons on bail during inv stage at beginning of Year_Male; Persons on bail during inv stage at beginning of Year_Female; Persons on bail during inv stage at beginning of Year_Total; Persons in custody during inv stage at year end_Male; Persons in custody during inv stage at year end_Female; Persons in custody during inv stage at year end_Total; Persons on Bail during inv stage at year end_Male; Persons on Bail during inv stage at Year end_Female; Persons on Bail during inv stage at year end_Total; Persons in custody during trial stage at begin of year_Male; Persons in custody during trial stage at begin of year_Female; Persons in custody during trial stage at begin of year_Total; Persons on Bail during trial stage at begin of year_Male; Persons on Bail during trial stage at begin of year_Female; Persons on Bail during trial stage at begin of year_Total; Persons in custody during trial stage at Year end_Male; Persons in custody during trial stage at Year end_Female; Persons in custody during trial stage at Year end_Total; Persons on bail during trial stage at Year End_Male; Persons on bail during trial stage at Year End_Female; Persons on bail during trial stage at Year End_Total,Persons in custody during inv stage at beginning of Year_Male; Persons in custody during inv stage at beginning of Year_Female; Persons in custody during inv stage at beginning of Year_Total; Persons arrested during the year_Male; Persons arrested during the year_Female; Persons arrested during the year_Total; Persons released or freed before trial for want of evidence_Male; Persons released or freed before trial for want of evidence_Fem; Persons released or freed before trial for want of evidence_Tot; Persons in custody during inv stage at year end_Male; Persons in custody during inv stage at year end_Female; Persons in custody during inv stage at year end_Total; Persons charge sheeted_Male; Persons charge sheeted_Female; Persons charge sheeted_Total; Persons in custody during trial stage at begin of year_Male; Persons in custody during trial stage at begin of year_Female; Persons in custody during trial stage at begin of year_Total; Persons on Bail during trial stage at begin of year_Male; Persons on Bail during trial stage at begin of year_Female; Persons on Bail during trial stage at begin of year_Total; Total number of persons under Trial_Male; Total number of persons under Trial_Female; Total number of persons under Trial_Total; Persons in custody during trial stage at Year end_Male; Persons in custody during trial stage at Year end_Female; Persons in custody during trial stage at Year end_Total; Persons on bail during trial stage at Year End_Male; Persons on bail during trial stage at Year End_Female; Persons on bail during trial stage at Year End_Total; Persons whose cases trials were completed during the year_Male; Persons whose cases trials were completed during the year_Female; Persons whose cases trials were completed during the year_Total; Persons convicted_Male; Persons convicted_Female; Persons convicted_Total; Persons acquitted_Male; Persons acquitted_Female; Persons acquitted_Total,,States/UTs,,,Year; Persons in custody during inv stage at beginning of Year_Male; Persons in custody during inv stage at beginning of Year_Female; Persons in custody during inv stage at beginning of Year_Total; Persons on bail during inv stage at beginning of Year_Male; Persons on bail during inv stage at beginning of Year_Female; Persons on bail during inv stage at beginning of Year_Total; Persons arrested during the year_Male; Persons arrested during the year_Female; Persons arrested during the year_Total; Persons in custody during inv stage at year end_Male; Persons in custody during inv stage at year end_Female; Persons in custody during inv stage at year end_Total; Persons on Bail during inv stage at year end_Male; Persons on Bail during inv stage at Year end_Female; Persons on Bail during inv stage at year end_Total; Persons in custody during trial stage at begin of year_Male; Persons in custody during trial stage at begin of year_Female; Persons in custody during trial stage at begin of year_Total; Persons on Bail during trial stage at begin of year_Male; Persons on Bail during trial stage at begin of year_Female; Persons on Bail during trial stage at begin of year_Total; Persons in custody during trial stage at Year end_Male; Persons in custody during trial stage at Year end_Female; Persons in custody during trial stage at Year end_Total; Persons on bail during trial stage at Year End_Male; Persons on bail during trial stage at Year End_Female; Persons on bail during trial stage at Year End_Total; Persons whose cases trials were completed during the year_Male; Persons whose cases trials were completed during the year_Female; Persons whose cases trials were completed during the year_Total,Year; Persons in custody during inv stage at beginning of Year_Male; Persons in custody during inv stage at beginning of Year_Female; Persons in custody during inv stage at beginning of Year_Total; Persons on bail during inv stage at beginning of Year_Male; Persons on bail during inv stage at beginning of Year_Female; Persons on bail during inv stage at beginning of Year_Total; Persons arrested during the year_Male; Persons arrested during the year_Female; Persons arrested during the year_Total; Persons released or freed before trial for want of evidence_Male; Persons released or freed before trial for want of evidence_Fem; Persons released or freed before trial for want of evidence_Tot; Persons in custody during inv stage at year end_Male; Persons in custody during inv stage at year end_Female; Persons in custody during inv stage at year end_Total; Persons on Bail during inv stage at year end_Male; Persons on Bail during inv stage at Year end_Female; Persons on Bail during inv stage at year end_Total; Persons charge sheeted_Male; Persons charge sheeted_Female; Persons charge sheeted_Total; Persons in custody during trial stage at begin of year_Male; Persons in custody during trial stage at begin of year_Female; Persons in custody during trial stage at begin of year_Total; Persons on Bail during trial stage at begin of year_Male; Persons on Bail during trial stage at begin of year_Female; Persons on Bail during trial stage at begin of year_Total; Total number of persons under Trial_Male; Total number of persons under Trial_Female; Total number of persons under Trial_Total; Persons against whom cases were compounded by Courts_Male; Persons against whom cases were compounded by Courts_Female; Persons against whom cases were compounded by Courts_Total; Persons against whom cases were withdrawn_Male; Persons against whom cases were withdrawn_Female; Persons against whom cases were withdrawn_Total; Persons in custody during trial stage at Year end_Male; Persons in custody during trial stage at Year end_Female; Persons in custody during trial stage at Year end_Total; Persons on bail during trial stage at Year End_Male; Persons on bail during trial stage at Year End_Female; Persons on bail during trial stage at Year End_Total; Persons whose cases trials were completed during the year_Male; Persons whose cases trials were completed during the year_Female; Persons whose cases trials were completed during the year_Total; Persons convicted_Male; Persons convicted_Female; Persons convicted_Total; Persons acquitted_Male; Persons acquitted_Female; Persons acquitted_Total; Persons Discharged by Court_Male; Persons Discharged by Court_Female; Persons Discharged by Court_Total,police/arrest/justice-related fields; victim/demographic-related fields; crime/case/offence-related fields,,,,True,,ARREST_DISPOSAL,SEPARATE_ANALYTICAL_TABLE,Different row grain: arrest/disposal statistics
04_02_Person_arrested_and_their_disposal_by_police_and_court_IPC_crime_2012.csv,1140,14,state/UT-level information may be present,multiple year/date-related fields detected,CRIME HEAD; Persons in whose cases charge sheets were laid during the year; Persons against whom cases were compounded or withdrawn; Persons in whose cases trials were completed during the year,Persons in custody or on bail during the stage of investigation at the beginning of the year; Persons in custody or on bail during the stage of investigation at the end of the year; Persons in custody or on bail during the stage of trial at the end of the year,Persons in custody or on bail during the stage of investigation at the beginning of the year; Persons arrested during the year; Persons released or freed by Police or Magistrate before trial for want of evidence or any other reason; Persons in custody or on bail during the stage of investigation at the end of the year; Persons in whose cases charge sheets were laid during the year; Persons under trial at the beginning of the year; Total number of persons under trial during the year; Persons in custody or on bail during the stage of trial at the end of the year; Persons in whose cases trials were completed during the year; Persons convicted; Persons acquitted,,STATE/UT,,,Persons in custody or on bail during the stage of investigation at the beginning of the year; Persons arrested during the year; Persons in custody or on bail during the stage of investigation at the end of the year; Persons in whose cases charge sheets were laid during the year; Persons under trial at the beginning of the year; Total number of persons under trial during the year; Persons in custody or on bail during the stage of trial at the end of the year; Persons in whose cases trials were completed during the year,Persons in custody or on bail during the stage of investigation at the beginning of the year; Persons arrested during the year; Persons released or freed by Police or Magistrate before trial for want of evidence or any other reason; Persons in custody or on bail during the stage of investigation at the end of the year; Persons in whose cases charge sheets were laid during the year; Persons under trial at the beginning of the year; Total number of persons under trial during the year; Persons against whom cases were compounded or withdrawn; Persons in custody or on bail during the stage of trial at the end of the year; Persons in whose cases trials were completed during the year; Persons convicted; Persons acquitted,police/arrest/justice-related fields; victim/demographic-related fields; crime/case/offence-related fields,,,,True,,ARREST_DISPOSAL,SEPARATE_ANALYTICAL_TABLE,Different row grain: arrest/disposal statistics
04_02_Person_arrested_and_their_disposal_by_police_and_court_IPC_crime_2013.csv,1140,14,state/UT-level information may be present,multiple year/date-related fields detected,CRIME HEAD; Persons in whose cases charge sheets were laid during the year; Persons against whom cases were compounded or withdrawn; Persons in whose cases trials were completed during the year,Persons in custody or on bail during the stage of investigation at the beginning of the year; Persons in custody or on bail during the stage of investigation at the end of the year; Persons in custody or on bail during the stage of trial at the end of the year,Persons in custody or on bail during the stage of investigation at the beginning of the year; Persons arrested during the year; Persons released or freed by Police or Magistrate before trial for want of evidence or any other reason; Persons in custody or on bail during the stage of investigation at the end of the year; Persons in whose cases charge sheets were laid during the year; Persons under trial at the beginning of the year; Total number of persons under trial during the year; Persons in custody or on bail during the stage of trial at the end of the year; Persons in whose cases trials were completed during the year; Persons convicted; Persons acquitted,,STATE/UT,,,Persons in custody or on bail during the stage of investigation at the beginning of the year; Persons arrested during the year; Persons in custody or on bail during the stage of investigation at the end of the year; Persons in whose cases charge sheets were laid during the year; Persons under trial at the beginning of the year; Total number of persons under trial during the year; Persons in custody or on bail during the stage of trial at the end of the year; Persons in whose cases trials were completed during the year,Persons in custody or on bail during the stage of investigation at the beginning of the year; Persons arrested during the year; Persons released or freed by Police or Magistrate before trial for want of evidence or any other reason; Persons in custody or on bail during the stage of investigation at the end of the year; Persons in whose cases charge sheets were laid during the year; Persons under trial at the beginning of the year; Total number of persons under trial during the year; Persons against whom cases were compounded or withdrawn; Persons in custody or on bail during the stage of trial at the end of the year; Persons in whose cases trials were completed during the year; Persons convicted; Persons acquitted,police/arrest/justice-related fields; victim/demographic-related fields; crime/case/offence-related fields,,,,True,,ARREST_DISPOSAL,SEPARATE_ANALYTICAL_TABLE,Different row grain: arrest/disposal statistics
04_02_Person_arrested_and_their_disposal_by_police_and_court_IPC_crime_2014.csv,3432,57,state/UT-level information may be present,multiple year/date-related fields detected,Crime Head; Persons against whom cases were compounded by Courts_Male; Persons against whom cases were compounded by Courts_Female; Persons against whom cases were compounded by Courts_Total; Persons against whom cases were withdrawn_Male; Persons against whom cases were withdrawn_Female; Persons against whom cases were withdrawn_Total; Persons whose cases trials were completed during the year_Male; Persons whose cases trials were completed during the year_Female; Persons whose cases trials were completed during the year_Total,Persons in custody during inv stage at beginning of Year_Male; Persons in custody during inv stage at beginning of Year_Female; Persons in custody during inv stage at beginning of Year_Total; Persons on bail during inv stage at beginning of Year_Male; Persons on bail during inv stage at beginning of Year_Female; Persons on bail during inv stage at beginning of Year_Total; Persons in custody during inv stage at year end_Male; Persons in custody during inv stage at year end_Female; Persons in custody during inv stage at year end_Total; Persons on Bail during inv stage at year end_Male; Persons on Bail during inv stage at Year end_Female; Persons on Bail during inv stage at year end_Total; Persons in custody during trial stage at begin of year_Male; Persons in custody during trial stage at begin of year_Female; Persons in custody during trial stage at begin of year_Total; Persons on Bail during trial stage at begin of year_Male; Persons on Bail during trial stage at begin of year_Female; Persons on Bail during trial stage at begin of year_Total; Persons in custody during trial stage at Year end_Male; Persons in custody during trial stage at Year end_Female; Persons in custody during trial stage at Year end_Total; Persons on bail during trial stage at Year End_Male; Persons on bail during trial stage at Year End_Female; Persons on bail during trial stage at Year End_Total,Persons in custody during inv stage at beginning of Year_Male; Persons in custody during inv stage at beginning of Year_Female; Persons in custody during inv stage at beginning of Year_Total; Persons arrested during the year_Male; Persons arrested during the year_Female; Persons arrested during the year_Total; Persons released or freed before trial for want of evidence_Male; Persons released or freed before trial for want of evidence_Fem; Persons released or freed before trial for want of evidence_Tot; Persons in custody during inv stage at year end_Male; Persons in custody during inv stage at year end_Female; Persons in custody during inv stage at year end_Total; Persons charge sheeted_Male; Persons charge sheeted_Female; Persons charge sheeted_Total; Persons in custody during trial stage at begin of year_Male; Persons in custody during trial stage at begin of year_Female; Persons in custody during trial stage at begin of year_Total; Persons on Bail during trial stage at begin of year_Male; Persons on Bail during trial stage at begin of year_Female; Persons on Bail during trial stage at begin of year_Total; Total number of persons under Trial_Male; Total number of persons under Trial_Female; Total number of persons under Trial_Total; Persons in custody during trial stage at Year end_Male; Persons in custody during trial stage at Year end_Female; Persons in custody during trial stage at Year end_Total; Persons on bail during trial stage at Year End_Male; Persons on bail during trial stage at Year End_Female; Persons on bail during trial stage at Year End_Total; Persons whose cases trials were completed during the year_Male; Persons whose cases trials were completed during the year_Female; Persons whose cases trials were completed during the year_Total; Persons convicted_Male; Persons convicted_Female; Persons convicted_Total; Persons acquitted_Male; Persons acquitted_Female; Persons acquitted_Total,,States/UTs,,,Year; Persons in custody during inv stage at beginning of Year_Male; Persons in custody during inv stage at beginning of Year_Female; Persons in custody during inv stage at beginning of Year_Total; Persons on bail during inv stage at beginning of Year_Male; Persons on bail during inv stage at beginning of Year_Female; Persons on bail during inv stage at beginning of Year_Total; Persons arrested during the year_Male; Persons arrested during the year_Female; Persons arrested during the year_Total; Persons in custody during inv stage at year end_Male; Persons in custody during inv stage at year end_Female; Persons in custody during inv stage at year end_Total; Persons on Bail during inv stage at year end_Male; Persons on Bail during inv stage at Year end_Female; Persons on Bail during inv stage at year end_Total; Persons in custody during trial stage at begin of year_Male; Persons in custody during trial stage at begin of year_Female; Persons in custody during trial stage at begin of year_Total; Persons on Bail during trial stage at begin of year_Male; Persons on Bail during trial stage at begin of year_Female; Persons on Bail during trial stage at begin of year_Total; Persons in custody during trial stage at Year end_Male; Persons in custody during trial stage at Year end_Female; Persons in custody during trial stage at Year end_Total; Persons on bail during trial stage at Year End_Male; Persons on bail during trial stage at Year End_Female; Persons on bail during trial stage at Year End_Total; Persons whose cases trials were completed during the year_Male; Persons whose cases trials were completed during the year_Female; Persons whose cases trials were completed during the year_Total,Year; Persons in custody during inv stage at beginning of Year_Male; Persons in custody during inv stage at beginning of Year_Female; Persons in custody during inv stage at beginning of Year_Total; Persons on bail during inv stage at beginning of Year_Male; Persons on bail during inv stage at beginning of Year_Female; Persons on bail during inv stage at beginning of Year_Total; Persons arrested during the year_Male; Persons arrested during the year_Female; Persons arrested during the year_Total; Persons released or freed before trial for want of evidence_Male; Persons released or freed before trial for want of evidence_Fem; Persons released or freed before trial for want of evidence_Tot; Persons in custody during inv stage at year end_Male; Persons in custody during inv stage at year end_Female; Persons in custody during inv stage at year end_Total; Persons on Bail during inv stage at year end_Male; Persons on Bail during inv stage at Year end_Female; Persons on Bail during inv stage at year end_Total; Persons charge sheeted_Male; Persons charge sheeted_Female; Persons charge sheeted_Total; Persons in custody during trial stage at begin of year_Male; Persons in custody during trial stage at begin of year_Female; Persons in custody during trial stage at begin of year_Total; Persons on Bail during trial stage at begin of year_Male; Persons on Bail during trial stage at begin of year_Female; Persons on Bail during trial stage at begin of year_Total; Total number of persons under Trial_Male; Total number of persons under Trial_Female; Total number of persons under Trial_Total; Persons against whom cases were compounded by Courts_Male; Persons against whom cases were compounded by Courts_Female; Persons against whom cases were compounded by Courts_Total; Persons against whom cases were withdrawn_Male; Persons against whom cases were withdrawn_Female; Persons against whom cases were withdrawn_Total; Persons in custody during trial stage at Year end_Male; Persons in custody during trial stage at Year end_Female; Persons in custody during trial stage at Year end_Total; Persons on bail during trial stage at Year End_Male; Persons on bail during trial stage at Year End_Female; Persons on bail during trial stage at Year End_Total; Persons whose cases trials were completed during the year_Male; Persons whose cases trials were completed during the year_Female; Persons whose cases trials were completed during the year_Total; Persons convicted_Male; Persons convicted_Female; Persons convicted_Total; Persons acquitted_Male; Persons acquitted_Female; Persons acquitted_Total; Persons Discharged by Court_Male; Persons Discharged by Court_Female; Persons Discharged by Court_Total,police/arrest/justice-related fields; victim/demographic-related fields; crime/case/offence-related fields,,,,True,,ARREST_DISPOSAL,SEPARATE_ANALYTICAL_TABLE,Different row grain: arrest/disposal statistics
07_01_Persons_arrested_by_sex_and_age_group_IPC_2012.csv,1140,15,state/UT-level information may be present,multiple year/date-related fields detected,CRIME HEAD,,,,STATE/UT,,,Male Below 18 Years; Female Below 18 Years; Male Between 18-30 Years; Female Between 18-30 Years; Male Between 30-45 Years; Female Between 30-45 Years; Male Between 45-60 Years; Female Between 45-60 Years; Male Above 60 Years; Female Above 60 Years,Male Below 18 Years; Female Below 18 Years; Male Between 18-30 Years; Female Between 18-30 Years; Male Between 30-45 Years; Female Between 30-45 Years; Male Between 45-60 Years; Female Between 45-60 Years; Male Above 60 Years; Female Above 60 Years; Male Total; Female Total; Grand Total,crime/case/offence-related fields,,,,True,,ARREST_DISPOSAL,SEPARATE_ANALYTICAL_TABLE,Different row grain: arrest/disposal statistics
07_01_Persons_arrested_by_sex_and_age_group_IPC_2013.csv,1140,15,state/UT-level information may be present,multiple year/date-related fields detected,CRIME HEAD,,,,STATE/UT,,,Male Below 18 Years; Female Below 18 Years; Male Between 18-30 Years; Female Between 18-30 Years; Male Between 30-45 Years; Female Between 30-45 Years; Male Between 45-60 Years; Female Between 45-60 Years; Male Above 60 Years; Female Above 60 Years,Male Below 18 Years; Female Below 18 Years; Male Between 18-30 Years; Female Between 18-30 Years; Male Between 30-45 Years; Female Between 30-45 Years; Male Between 45-60 Years; Female Between 45-60 Years; Male Above 60 Years; Female Above 60 Years; Male Total; Female Total; Grand Total,crime/case/offence-related fields,,,,True,,ARREST_DISPOSAL,SEPARATE_ANALYTICAL_TABLE,Different row grain: arrest/disposal statistics
07_01_Persons_arrested_by_sex_and_age_group_IPC_2014.csv,3432,18,state/UT-level information may be present,multiple year/date-related fields detected,Crime Head,Total Persons Arrested by age and Sex,Total Persons Arrested by age and Sex,,States/UTs,,,Year; 18 and above and below 30 years_Male; 18 and above and below 30 years_Female; 18 and above and below 30 years_Total; 30 and above and below 45 years_Male; 30 and above and below 45 years_Female; 30 and above and below 45 years_Total; 45 and above and below 60 years_Male; 45 and above and below 60 years_Female; 45 and above and below 60 years_Total; 60 years and above_Male; 60 years and above_Female; 60 years and above_Total,Year; 18 and above and below 30 years_Male; 18 and above and below 30 years_Female; 18 and above and below 30 years_Total; 30 and above and below 45 years_Male; 30 and above and below 45 years_Female; 30 and above and below 45 years_Total; 45 and above and below 60 years_Male; 45 and above and below 60 years_Female; 45 and above and below 60 years_Total; 60 years and above_Male; 60 years and above_Female; 60 years and above_Total; Total Male; Total Female; Total Persons Arrested by age and Sex,police/arrest/justice-related fields; victim/demographic-related fields; crime/case/offence-related fields,,,,True,,ARREST_DISPOSAL,SEPARATE_ANALYTICAL_TABLE,Different row grain: arrest/disposal statistics
07_02_Persons_arrested_by_sex_and_age_group_SLL_2012.csv,1026,15,state/UT-level information may be present,multiple year/date-related fields detected,CRIME HEAD,,,,STATE/UT,,,Male Below 18 Years; Female Below 18 Years; Male Between 18-30 Years; Female Between 18-30 Years; Male Between 30-45 Years; Female Between 30-45 Years; Male Between 45-60 Years; Female Between 45-60 Years; Male Above 60 Years; Female Above 60 Years,Male Below 18 Years; Female Below 18 Years; Male Between 18-30 Years; Female Between 18-30 Years; Male Between 30-45 Years; Female Between 30-45 Years; Male Between 45-60 Years; Female Between 45-60 Years; Male Above 60 Years; Female Above 60 Years; Male Total; Female Total; Grand Total,crime/case/offence-related fields,,,,True,,ARREST_DISPOSAL,SEPARATE_ANALYTICAL_TABLE,Different row grain: arrest/disposal statistics
07_02_Persons_arrested_by_sex_and_age_group_SLL_2013.csv,1026,15,state/UT-level information may be present,multiple year/date-related fields detected,CRIME HEAD,,,,STATE/UT,,,Male Below 18 Years; Female Below 18 Years; Male Between 18-30 Years; Female Between 18-30 Years; Male Between 30-45 Years; Female Between 30-45 Years; Male Between 45-60 Years; Female Between 45-60 Years; Male Above 60 Years; Female Above 60 Years,Male Below 18 Years; Female Below 18 Years; Male Between 18-30 Years; Female Between 18-30 Years; Male Between 30-45 Years; Female Between 30-45 Years; Male Between 45-60 Years; Female Between 45-60 Years; Male Above 60 Years; Female Above 60 Years; Male Total; Female Total; Grand Total,crime/case/offence-related fields,,,,True,,ARREST_DISPOSAL,SEPARATE_ANALYTICAL_TABLE,Different row grain: arrest/disposal statistics
07_02_Persons_arrested_by_sex_and_age_group_SLL_2014.csv,2730,18,state/UT-level information may be present,multiple year/date-related fields detected,Crime Head,Total Persons Arrested by age and Sex,Total Persons Arrested by age and Sex,,States/UTs,,,Year; 18 and above and below 30 years_Male; 18 and above and below 30 years_Female; 18 and above and below 30 years_Total; 30 and above and below 45 years_Male; 30 and above and below 45 years_Female; 30 and above and below 45 years_Total; 45 and above and below 60 years_Male; 45 and above and below 60 years_Female; 45 and above and below 60 years_Total; 60 years and above_Male; 60 years and above_Female; 60 years and above_Total,Year; 18 and above and below 30 years_Male; 18 and above and below 30 years_Female; 18 and above and below 30 years_Total; 30 and above and below 45 years_Male; 30 and above and below 45 years_Female; 30 and above and below 45 years_Total; 45 and above and below 60 years_Male; 45 and above and below 60 years_Female; 45 and above and below 60 years_Total; 60 years and above_Male; 60 years and above_Female; 60 years and above_Total; Total Male; Total Female; Total Persons Arrested by age and Sex,police/arrest/justice-related fields; victim/demographic-related fields; crime/case/offence-related fields,,,,True,,ARREST_DISPOSAL,SEPARATE_ANALYTICAL_TABLE,Different row grain: arrest/disposal statistics
08_01_Juvenile_apprehended_state_IPC.csv,10500,12,state/UT-level information may be present,multiple year/date-related fields detected,CRIME,Total for boys all Age Groups; Total for girls all Age Groups,,,STATE/UT,,,Year; Boys 7-12 Years; Girls 7-12 Years; Boys 12-16 Years; Girls 12-16 Years; Boys 16-18 Years; Girls 16-18 Years,Year; Boys 7-12 Years; Girls 7-12 Years; Boys 12-16 Years; Girls 12-16 Years; Boys 16-18 Years; Girls 16-18 Years; Total for boys all Age Groups; Total for girls all Age Groups; Grand total,victim/demographic-related fields; crime/case/offence-related fields,,,,True,,JUVENILE,SEPARATE_ANALYTICAL_TABLE,Juvenile-specific population and measures
08_02_Juvenile_apprehended_state_SLL.csv,9450,12,state/UT-level information may be present,multiple year/date-related fields detected,CRIME,Total for boys all Age Groups; Total for girls all Age Groups,,,STATE/UT,,,Year; Boys 7-12 Years; Girls 7-12 Years; Boys 12-16 Years; Girls 12-16 Years; Boys 16-18 Years; Girls 16-18 Years,Year; Boys 7-12 Years; Girls 7-12 Years; Boys 12-16 Years; Girls 12-16 Years; Boys 16-18 Years; Girls 16-18 Years; Total for boys all Age Groups; Total for girls all Age Groups; Grand total,victim/demographic-related fields; crime/case/offence-related fields,,,,True,,JUVENILE,SEPARATE_ANALYTICAL_TABLE,Juvenile-specific population and measures
09_Juveniles_arrested_and_their_disposal.csv,349,10,location information may be present,year/date information may be present,Juveniles_whose_Cases_Pending_Disposal,,Juveniles_Acquitted_or_Otherwise_Disposed_of; Juveniles_Arrested,,,,Area_Name; Juveniles_Released_on_Probation_and_placed_under_the_Care_of_Fit_Institutions; Juveniles_Released_on_Probation_and_placed_under_the_Care_of_Parent_Guardian,Year,Year; Juveniles_Acquitted_or_Otherwise_Disposed_of; Juveniles_Arrested; Juveniles_Dealt_with_Fine; Juveniles_Released_on_Probation_and_placed_under_the_Care_of_Fit_Institutions; Juveniles_Released_on_Probation_and_placed_under_the_Care_of_Parent_Guardian; Juveniles_Sent_Home_after_Advice_or_Admonition; Juveniles_Sent_to_Special_Home; Juveniles_whose_Cases_Pending_Disposal,police/arrest/justice-related fields; crime/case/offence-related fields,,,,True,,JUVENILE,SEPARATE_ANALYTICAL_TABLE,Juvenile-specific population and measures
10_Property_stolen_and_recovered.csv,2449,8,location information may be present,year/date information may be present,Cases_Property_Recovered; Cases_Property_Stolen,,,Cases_Property_Recovered; Cases_Property_Stolen; Value_of_Property_Recovered; Value_of_Property_Stolen,,,Area_Name,Year,Year; Cases_Property_Recovered; Cases_Property_Stolen; Value_of_Property_Recovered; Value_of_Property_Stolen,property/vehicle/value-related fields; crime/case/offence-related fields,,,,True,,PROPERTY_CRIME,SEPARATE_ANALYTICAL_TABLE,Property/value measures have different semantics
11_Property_stolen_and_recovered_nature_of_property.csv,4550,8,location information may be present,year/date information may be present,Cases_Property_Recovered; Cases_Property_Stolen,,,Cases_Property_Recovered; Cases_Property_Stolen; Value_of_Property_Recovered; Value_of_Property_Stolen,,,Area_Name,Year,Year; Cases_Property_Recovered; Cases_Property_Stolen; Value_of_Property_Recovered; Value_of_Property_Stolen,property/vehicle/value-related fields; crime/case/offence-related fields,,,,True,,PROPERTY_CRIME,SEPARATE_ANALYTICAL_TABLE,Property/value measures have different semantics
12_Police_strength_actual_and_sanctioned.csv,4188,16,location information may be present,year/date information may be present,,,,,,,Area_Name,Year,Year; Rank_All_Ranks_Total; Rank_ASI_Equivalent; Rank_ASPDySPAssttCommandant; Rank_Below_HC_and_Above_Constables; Rank_Constables; Rank_DGAddl_DG; Rank_DIG; Rank_Head_Constables; Rank_IGSplIG; Rank_Inspectors_Equivalent; Rank_SI_Equivalent; Rank_SSPSPAddlSPCommandant,no obvious crime-specific indicator detected,,,,True,,POLICE_ADMINISTRATION,SEPARATE_ANALYTICAL_TABLE,Police personnel/administration statistics
13_Police_killed_or_injured_on_duty.csv,2450,18,location information may be present,year/date information may be present,,Police_Injured_In_TerroristsExtremists_Operations; Police_Killed_In_TerroristsExtremists_Operations,Police_Injured_By_Criminals; Police_Injured_By_Riotous_Mobs; Police_Injured_In_Accidents; Police_Injured_In_Dacoity_OperationsOther_raids; Police_Injured_In_TerroristsExtremists_Operations; Police_Injured_On_Border_Duties; Police_Injured_Total_Policemen; Police_Killed_By_Criminals; Police_Killed_By_Riotous_Mobs; Police_Killed_In_Accidents; Police_Killed_In_Dacoity_OperationsOther_raids; Police_Killed_In_TerroristsExtremists_Operations; Police_Killed_On_Border_Duties; Police_Killed_Total_Policemen,,,,Area_Name,Year,Year; Police_Injured_By_Criminals; Police_Injured_By_Riotous_Mobs; Police_Injured_In_Accidents; Police_Injured_In_Dacoity_OperationsOther_raids; Police_Injured_In_TerroristsExtremists_Operations; Police_Injured_On_Border_Duties; Police_Injured_Total_Policemen; Police_Killed_By_Criminals; Police_Killed_By_Riotous_Mobs; Police_Killed_In_Accidents; Police_Killed_In_Dacoity_OperationsOther_raids; Police_Killed_In_TerroristsExtremists_Operations; Police_Killed_On_Border_Duties; Police_Killed_Total_Policemen,police/arrest/justice-related fields; victim/demographic-related fields,,,,True,,POLICE_ADMINISTRATION,SEPARATE_ANALYTICAL_TABLE,Police personnel/administration statistics
14_Age_profile_of_police_personnel_killed_on_duty.csv,350,8,location information may be present,year/date information may be present,,Age_18_25_Yrs; Age_25_35_Yrs; Age_35_45_Yrs; Age_45_55_Yrs; Age_Above_55_Yrs; Age_Total,,,,,Area_Name,Year,Year; Age_18_25_Yrs; Age_25_35_Yrs; Age_35_45_Yrs; Age_45_55_Yrs; Age_Above_55_Yrs; Age_Total,victim/demographic-related fields,,,,True,,POLICE_ADMINISTRATION,SEPARATE_ANALYTICAL_TABLE,Police personnel/administration statistics
15_Police_natural_death_and_suicide.csv,700,9,location information may be present,year/date information may be present,,Age_18_25_Yrs; Age_25_35_Yrs; Age_35_45_Yrs; Age_45_55_Yrs; Age_Above_55_Yrs; Age_Total,,,,,Area_Name,Year,Year; Age_18_25_Yrs; Age_25_35_Yrs; Age_35_45_Yrs; Age_45_55_Yrs; Age_Above_55_Yrs; Age_Total,victim/demographic-related fields,,,,True,,POLICE_ADMINISTRATION,SEPARATE_ANALYTICAL_TABLE,Police personnel/administration statistics
16_Casualties_under_police_firing_and_lathi_charge.csv,1749,8,location information may be present,year/date information may be present,,,Policemen_Injured; Policemen_Killed,,,,Area_Name,Year,Year; Civilians_Injured; Civilians_Killed; No_of_Firings; Policemen_Injured; Policemen_Killed,police/arrest/justice-related fields,,,,True,,POLICE_ADMINISTRATION,SEPARATE_ANALYTICAL_TABLE,Police personnel/administration statistics
17_Case_reported_and_value_of_property_taken_away_by_place_of_occurrence_2001_2012.csv,4344,11,state/UT-level information may be present,year/date information may be present,"Dacoity (Section 395-398 IPC) - Number of cases registered; Dacoity (Section 395-398 IPC) - Value Of Property Stolen (in rupees); Robbery(Section 392-394, 397, 398 IPC) - Number of cases registered; Robbery(Section 392-394, 397, 398 IPC) - Value Of Property Stolen (in rupees); Burglary(Section 449-452, 454, 455, 457-460 IPC) - Number of cases registered; Burglary(Section 449-452, 454, 455, 457-460 IPC) - Value Of Property Stolen (in rupees); Theft (Section 379-382 IPC) - Number of cases registered; Theft (Section 379-382 IPC) - Value Of Property Stolen (in rupees)",,,"Dacoity (Section 395-398 IPC) - Value Of Property Stolen (in rupees); Robbery(Section 392-394, 397, 398 IPC) - Value Of Property Stolen (in rupees); Burglary(Section 449-452, 454, 455, 457-460 IPC) - Value Of Property Stolen (in rupees); Theft (Section 379-382 IPC) - Value Of Property Stolen (in rupees)",STATE/UT,,Place Of Occurrence,YEAR,"YEAR; Dacoity (Section 395-398 IPC) - Number of cases registered; Dacoity (Section 395-398 IPC) - Value Of Property Stolen (in rupees); Robbery(Section 392-394, 397, 398 IPC) - Number of cases registered; Robbery(Section 392-394, 397, 398 IPC) - Value Of Property Stolen (in rupees); Burglary(Section 449-452, 454, 455, 457-460 IPC) - Number of cases registered; Burglary(Section 449-452, 454, 455, 457-460 IPC) - Value Of Property Stolen (in rupees); Theft (Section 379-382 IPC) - Number of cases registered; Theft (Section 379-382 IPC) - Value Of Property Stolen (in rupees)",property/vehicle/value-related fields; crime/case/offence-related fields,,,,True,,PROPERTY_CRIME,SEPARATE_ANALYTICAL_TABLE,Property/value measures have different semantics
17_Case_reported_and_value_of_property_taken_away_by_place_of_occurrence_2013.csv,385,11,state/UT-level information may be present,year/date information may be present,"Dacoity (Section 395-398 IPC) - Number of cases registered; Dacoity (Section 395-398 IPC) - Value Of Property Stolen (in rupees); Robbery(Section 392-394, 397, 398 IPC) - Number of cases registered; Robbery(Section 392-394, 397, 398 IPC) - Value Of Property Stolen (in rupees); Burglary(Section 449-452, 454, 455, 457-460 IPC) - Number of cases registered; Burglary(Section 449-452, 454, 455, 457-460 IPC) - Value Of Property Stolen (in rupees); Theft (Section 379-382 IPC) - Number of cases registered; Theft (Section 379-382 IPC) - Value Of Property Stolen (in rupees)",,,"Dacoity (Section 395-398 IPC) - Value Of Property Stolen (in rupees); Robbery(Section 392-394, 397, 398 IPC) - Value Of Property Stolen (in rupees); Burglary(Section 449-452, 454, 455, 457-460 IPC) - Value Of Property Stolen (in rupees); Theft (Section 379-382 IPC) - Value Of Property Stolen (in rupees)",STATE/UT,,Place Of Occurrence,YEAR,"YEAR; Dacoity (Section 395-398 IPC) - Number of cases registered; Dacoity (Section 395-398 IPC) - Value Of Property Stolen (in rupees); Robbery(Section 392-394, 397, 398 IPC) - Number of cases registered; Robbery(Section 392-394, 397, 398 IPC) - Value Of Property Stolen (in rupees); Burglary(Section 449-452, 454, 455, 457-460 IPC) - Number of cases registered; Burglary(Section 449-452, 454, 455, 457-460 IPC) - Value Of Property Stolen (in rupees); Theft (Section 379-382 IPC) - Number of cases registered; Theft (Section 379-382 IPC) - Value Of Property Stolen (in rupees)",property/vehicle/value-related fields; crime/case/offence-related fields,,,,True,,PROPERTY_CRIME,SEPARATE_ANALYTICAL_TABLE,Property/value measures have different semantics
17_Crime_by_place_of_occurrence_2001_2012.csv,456,34,state/UT-level information may be present,year/date information may be present,RESIDENTIAL PREMISES - Robbery; RESIDENTIAL PREMISES - Theft; HIGHWAYS - Robbery; HIGHWAYS - Theft; RIVER and SEA - Robbery; RIVER and SEA - Theft; RAILWAYS - Robbery; RAILWAYS - Theft; BANKS - Robbery; BANKS - Theft; COMMERCIAL ESTABLISHMENTS - Robbery; COMMERCIAL ESTABLISHMENTS - Theft; OTHER PLACES - Robbery; OTHER PLACES - Theft; TOTAL - Robbery; TOTAL - Theft,,,,STATE/UT,,OTHER PLACES - Dacoity; OTHER PLACES - Robbery; OTHER PLACES - Burglary; OTHER PLACES - Theft,YEAR,YEAR; RESIDENTIAL PREMISES - Dacoity; RESIDENTIAL PREMISES - Robbery; RESIDENTIAL PREMISES - Burglary; RESIDENTIAL PREMISES - Theft; HIGHWAYS - Dacoity; HIGHWAYS - Robbery; HIGHWAYS - Burglary; HIGHWAYS - Theft; RIVER and SEA - Dacoity; RIVER and SEA - Robbery; RIVER and SEA - Burglary; RIVER and SEA - Theft; RAILWAYS - Dacoity; RAILWAYS - Robbery; RAILWAYS - Burglary; RAILWAYS - Theft; BANKS - Dacoity; BANKS - Robbery; BANKS - Burglary; BANKS - Theft; COMMERCIAL ESTABLISHMENTS - Dacoity; COMMERCIAL ESTABLISHMENTS - Robbery; COMMERCIAL ESTABLISHMENTS - Burglary; COMMERCIAL ESTABLISHMENTS - Theft; OTHER PLACES - Dacoity; OTHER PLACES - Robbery; OTHER PLACES - Burglary; OTHER PLACES - Theft; TOTAL - Dacoity; TOTAL - Robbery; TOTAL - Burglary; TOTAL - Theft,crime/case/offence-related fields,,,,True,,CRIME_PLACE_OF_OCCURRENCE,SEPARATE_ANALYTICAL_TABLE,Place-of-occurrence structure differs
17_Crime_by_place_of_occurrence_2013.csv,38,34,state/UT-level information may be present,year/date information may be present,RESIDENTIAL PREMISES - Robbery; RESIDENTIAL PREMISES - Theft; HIGHWAYS - Robbery; HIGHWAYS - Theft; RIVER and SEA - Robbery; RIVER and SEA - Theft; RAILWAYS - Robbery; RAILWAYS - Theft; BANKS - Robbery; BANKS - Theft; COMMERCIAL ESTABLISHMENTS - Robbery; COMMERCIAL ESTABLISHMENTS - Theft; OTHER PLACES - Robbery; OTHER PLACES - Theft; TOTAL - Robbery; TOTAL - Theft,,,,STATE/UT,,OTHER PLACES - Dacoity; OTHER PLACES - Robbery; OTHER PLACES - Burglary; OTHER PLACES - Theft,YEAR,YEAR; RESIDENTIAL PREMISES - Dacoity; RESIDENTIAL PREMISES - Robbery; RESIDENTIAL PREMISES - Burglary; RESIDENTIAL PREMISES - Theft; HIGHWAYS - Dacoity; HIGHWAYS - Robbery; HIGHWAYS - Burglary; HIGHWAYS - Theft; RIVER and SEA - Dacoity; RIVER and SEA - Robbery; RIVER and SEA - Burglary; RIVER and SEA - Theft; RAILWAYS - Dacoity; RAILWAYS - Robbery; RAILWAYS - Burglary; RAILWAYS - Theft; BANKS - Dacoity; BANKS - Robbery; BANKS - Burglary; BANKS - Theft; COMMERCIAL ESTABLISHMENTS - Dacoity; COMMERCIAL ESTABLISHMENTS - Robbery; COMMERCIAL ESTABLISHMENTS - Burglary; COMMERCIAL ESTABLISHMENTS - Theft; OTHER PLACES - Dacoity; OTHER PLACES - Robbery; OTHER PLACES - Burglary; OTHER PLACES - Theft; TOTAL - Dacoity; TOTAL - Robbery; TOTAL - Burglary; TOTAL - Theft,crime/case/offence-related fields,,,,True,,CRIME_PLACE_OF_OCCURRENCE,SEPARATE_ANALYTICAL_TABLE,Place-of-occurrence structure differs
17_Crime_by_place_of_occurrence_2014.csv,39,82,state/UT-level information may be present,year/date information may be present,Residence_Dacoity_Cases reported; Residence_Robbery_Cases reported; Residence_Robbery_Value of property stolen; Residence_Burglary_Cases reported; Residence_Theft_Cases reported; Residence_Theft_Value of property stolen; Highways_Dacoity_Cases reported; Highways_Robbery_Cases reported; Highways_Robbery_Value of property stolen; Highways_Burglary_Cases reported; Highways_Theft_Cases reported; Highways_Theft_Value of property stolen; RiverOrSea_Dacoity_Cases reported; RiverOrSea_Robbery_Cases reported; RiverOrSea_Robbery_Value of property stolen; RiverOrSea_Burglary_Cases reported; RiverOrSea_Theft_Cases reported; RiverOrSea_Theft_Value of property stolen; Railways_Dacoity_Cases reported; Railways_Robbery_Cases reported; Railways_Robbery_Value of property stolen; Railways_Burglary_Cases reported; Railways_Theft_Cases reported; Railways_Theft_Value of property stolen; Religious Places_Dacoity_Cases reported; Religious Places_Robbery_Cases reported; Religious Places_Robbery_Value of property stolen; Religious Places_Burglary_Cases reported; Religious Places_Theft_Cases reported; Religious Places_Theft_Value of property stolen; ATM_Dacoity_Cases reported; ATM_Robbery_Cases reported; ATM_Robbery_Value of property stolen; ATM_Burglary_Cases reported; ATM_Theft_Cases reported; ATM_Theft_Value of property stolen; Bank_Dacoity_Cases reported; Bank_Robbery_Cases reported; Bank_Robbery_Value of property stolen; Bank_Burglary_Cases reported; Bank_Theft_Cases reported; Bank_Theft_Value of property stolen; CommEst_Dacoity_Cases reported; CommEst_Robbery_Cases reported; CommEst_Robbery_Value of property stolen; CommEst_Burglary_Cases reported; CommEst_Theft_Cases reported; CommEst_Theft_Value of property stolen; OtherPlaces_Dacoity_Cases reported; OtherPlaces_Robbery_Cases reported; OtherPlaces_Robbery_Value of property stolen; OtherPlaces_Burglary_Cases reported; OtherPlaces_Theft_Cases reported; OtherPlaces_Theft_Value of property stolen; Total_Dacoity_Cases reported; Total_Robbery_Cases reported; Total_Robbery_Value of property stolen; Total_Burglary_Cases reported; Total_Theft_Cases reported; Total_Theft_Value of property stolen,,,Residence_Dacoity_Value of property stolen; Residence_Robbery_Value of property stolen; Residence_Burglary_Value of property stolen; Residence_Theft_Value of property stolen; Highways_Dacoity_Value of property stolen; Highways_Robbery_Value of property stolen; Highways_Burglary_Value of property stolen; Highways_Theft_Value of property stolen; RiverOrSea_Dacoity_Value of property stolen; RiverOrSea_Robbery_Value of property stolen; RiverOrSea_Burglary_Value of property stolen; RiverOrSea_Theft_Value of property stolen; Railways_Dacoity_Value of property stolen; Railways_Robbery_Value of property stolen; Railways_Burglary_Value of property stolen; Railways_Theft_Value of property stolen; Religious Places_Dacoity_Value of property stolen; Religious Places_Robbery_Value of property stolen; Religious Places_Burglary_Value of property stolen; Religious Places_Theft_Value of property stolen; ATM_Dacoity_Value of property stolen; ATM_Robbery_Value of property stolen; ATM_Burglary_Value of property stolen; ATM_Theft_Value of property stolen; Bank_Dacoity_Value of property stolen; Bank_Robbery_Value of property stolen; Bank_Burglary_Value of property stolen; Bank_Theft_Value of property stolen; CommEst_Dacoity_Value of property stolen; CommEst_Robbery_Value of property stolen; CommEst_Burglary_Value of property stolen; CommEst_Theft_Value of property stolen; OtherPlaces_Dacoity_Value of property stolen; OtherPlaces_Robbery_Value of property stolen; OtherPlaces_Burglary_Value of property stolen; OtherPlaces_Theft_Value of property stolen; Total_Dacoity_Value of property stolen; Total_Robbery_Value of property stolen; Total_Burglary_Value of property stolen; Total_Theft_Value of property stolen,States/UTs,,Religious Places_Dacoity_Cases reported; Religious Places_Dacoity_Value of property stolen; Religious Places_Robbery_Cases reported; Religious Places_Robbery_Value of property stolen; Religious Places_Burglary_Cases reported; Religious Places_Burglary_Value of property stolen; Religious Places_Theft_Cases reported; Religious Places_Theft_Value of property stolen; OtherPlaces_Dacoity_Cases reported; OtherPlaces_Dacoity_Value of property stolen; OtherPlaces_Robbery_Cases reported; OtherPlaces_Robbery_Value of property stolen; OtherPlaces_Burglary_Cases reported; OtherPlaces_Burglary_Value of property stolen; OtherPlaces_Theft_Cases reported; OtherPlaces_Theft_Value of property stolen,Year,Year; Residence_Dacoity_Cases reported; Residence_Dacoity_Value of property stolen; Residence_Robbery_Cases reported; Residence_Robbery_Value of property stolen; Residence_Burglary_Cases reported; Residence_Burglary_Value of property stolen; Residence_Theft_Cases reported; Residence_Theft_Value of property stolen; Highways_Dacoity_Cases reported; Highways_Dacoity_Value of property stolen; Highways_Robbery_Cases reported; Highways_Robbery_Value of property stolen; Highways_Burglary_Cases reported; Highways_Burglary_Value of property stolen; Highways_Theft_Cases reported; Highways_Theft_Value of property stolen; RiverOrSea_Dacoity_Cases reported; RiverOrSea_Dacoity_Value of property stolen; RiverOrSea_Robbery_Cases reported; RiverOrSea_Robbery_Value of property stolen; RiverOrSea_Burglary_Cases reported; RiverOrSea_Burglary_Value of property stolen; RiverOrSea_Theft_Cases reported; RiverOrSea_Theft_Value of property stolen; Railways_Dacoity_Cases reported; Railways_Dacoity_Value of property stolen; Railways_Robbery_Cases reported; Railways_Robbery_Value of property stolen; Railways_Burglary_Cases reported; Railways_Burglary_Value of property stolen; Railways_Theft_Cases reported; Railways_Theft_Value of property stolen; Religious Places_Dacoity_Cases reported; Religious Places_Dacoity_Value of property stolen; Religious Places_Robbery_Cases reported; Religious Places_Robbery_Value of property stolen; Religious Places_Burglary_Cases reported; Religious Places_Burglary_Value of property stolen; Religious Places_Theft_Cases reported; Religious Places_Theft_Value of property stolen; ATM_Dacoity_Cases reported; ATM_Dacoity_Value of property stolen; ATM_Robbery_Cases reported; ATM_Robbery_Value of property stolen; ATM_Burglary_Cases reported; ATM_Burglary_Value of property stolen; ATM_Theft_Cases reported; ATM_Theft_Value of property stolen; Bank_Dacoity_Cases reported; Bank_Dacoity_Value of property stolen; Bank_Robbery_Cases reported; Bank_Robbery_Value of property stolen; Bank_Burglary_Cases reported; Bank_Burglary_Value of property stolen; Bank_Theft_Cases reported; Bank_Theft_Value of property stolen; CommEst_Dacoity_Cases reported; CommEst_Dacoity_Value of property stolen; CommEst_Robbery_Cases reported; CommEst_Robbery_Value of property stolen; CommEst_Burglary_Cases reported; CommEst_Burglary_Value of property stolen; CommEst_Theft_Cases reported; CommEst_Theft_Value of property stolen; OtherPlaces_Dacoity_Cases reported; OtherPlaces_Dacoity_Value of property stolen; OtherPlaces_Robbery_Cases reported; OtherPlaces_Robbery_Value of property stolen; OtherPlaces_Burglary_Cases reported; OtherPlaces_Burglary_Value of property stolen; OtherPlaces_Theft_Cases reported; OtherPlaces_Theft_Value of property stolen; Total_Dacoity_Cases reported; Total_Dacoity_Value of property stolen; Total_Robbery_Cases reported; Total_Robbery_Value of property stolen; Total_Burglary_Cases reported; Total_Burglary_Value of property stolen; Total_Theft_Cases reported; Total_Theft_Value of property stolen,property/vehicle/value-related fields; crime/case/offence-related fields,,,,True,,CRIME_PLACE_OF_OCCURRENCE,SEPARATE_ANALYTICAL_TABLE,Place-of-occurrence structure differs
18_01_Juveniles_arrested_Education.csv,350,8,location information may be present,year/date information may be present,,,,,,,Area_Name,Year,Year; Education_Above_Primary_but_below_Matric_or_Higher_Secondary; Education_Illiterate; Education_Matric_or_Higher_Secondary_&_above; Education_Total; Education_Upto_primary,no obvious crime-specific indicator detected,,,,True,,JUVENILE,SEPARATE_ANALYTICAL_TABLE,Juvenile-specific population and measures
18_02_Juveniles_arrested_Economic_setup.csv,350,10,location information may be present,year/date information may be present,,,,,,,Area_Name,Year,Year; Economic_Set_up_Annual_Income_250001_to_50000; Economic_Set_up_Annual_Income_upto_Rs_25000; Economic_Set_up_Middle_income_from_100001_to_200000; Economic_Set_up_Middle_income_from_50001_to_100000; Economic_Set_up_Total; Economic_Set_up_Upper_income_above_Rs_300000; Economic_Set_up_Upper_middle_income_from_200001_to_300000,no obvious crime-specific indicator detected,,,,True,,JUVENILE,SEPARATE_ANALYTICAL_TABLE,Juvenile-specific population and measures
18_03_Juveniles_arrested_Family_background.csv,350,7,location information may be present,year/date information may be present,,,,,,,Area_Name,Year,Year; Family_back_ground_Homeless; Family_back_ground_Living_with_guardian; Family_back_ground_Living_with_parents; Family_back_ground_Total,no obvious crime-specific indicator detected,,,,True,,JUVENILE,SEPARATE_ANALYTICAL_TABLE,Juvenile-specific population and measures
18_04_Juveniles_arrested_Recidivism.csv,350,6,location information may be present,year/date information may be present,,,,,,,Area_Name,Year,Year; Recidivism_New_Delinquent; Recidivism_Old_Delinquent; Recidivism_Total,no obvious crime-specific indicator detected,,,,True,,JUVENILE,SEPARATE_ANALYTICAL_TABLE,Juvenile-specific population and measures
19_Motive_or_cause_of_murder_and_culpable_homicide_not_amounting_to_murder.csv,350,30,location information may be present,year/date information may be present,CHNAMurder_Cause_By_TerroristExtremist; CHNAMurder_Cause_Casteism; CHNAMurder_Cause_Class_Conflict; CHNAMurder_Cause_Communalism; CHNAMurder_Cause_Dowry; CHNAMurder_Cause_For_Political_reason; CHNAMurder_Cause_Gain; CHNAMurder_Cause_Love_AffairsSexual_Relations; CHNAMurder_Cause_Lunacy; CHNAMurder_Cause_Other_Causes_or_Motives; CHNAMurder_Cause_Personal_Vendetta_or_Enmity; CHNAMurder_Cause_Property_Dispute; CHNAMurder_Cause_Total; CHNAMurder_Cause_Witchcraft; Murder_Cause_By_TerroristExtremist; Murder_Cause_Casteism; Murder_Cause_Class_Conflict; Murder_Cause_Communalism; Murder_Cause_Dowry; Murder_Cause_For_Political_reason; Murder_Cause_Gain; Murder_Cause_Love_AffairsSexual_Relations; Murder_Cause_Lunacy; Murder_Cause_Other_Causes_or_Motives; Murder_Cause_Personal_Vendetta_or_Enmity; Murder_Cause_Property_Dispute; Murder_Cause_Total; Murder_Cause_Witchcraft,CHNAMurder_Cause_Love_AffairsSexual_Relations; Murder_Cause_Love_AffairsSexual_Relations,,CHNAMurder_Cause_Property_Dispute; Murder_Cause_Property_Dispute,,,Area_Name,Year,Year; CHNAMurder_Cause_By_TerroristExtremist; CHNAMurder_Cause_Casteism; CHNAMurder_Cause_Class_Conflict; CHNAMurder_Cause_Communalism; CHNAMurder_Cause_Dowry; CHNAMurder_Cause_For_Political_reason; CHNAMurder_Cause_Gain; CHNAMurder_Cause_Love_AffairsSexual_Relations; CHNAMurder_Cause_Lunacy; CHNAMurder_Cause_Other_Causes_or_Motives; CHNAMurder_Cause_Personal_Vendetta_or_Enmity; CHNAMurder_Cause_Property_Dispute; CHNAMurder_Cause_Total; CHNAMurder_Cause_Witchcraft; Murder_Cause_By_TerroristExtremist; Murder_Cause_Casteism; Murder_Cause_Class_Conflict; Murder_Cause_Communalism; Murder_Cause_Dowry; Murder_Cause_For_Political_reason; Murder_Cause_Gain; Murder_Cause_Love_AffairsSexual_Relations; Murder_Cause_Lunacy; Murder_Cause_Other_Causes_or_Motives; Murder_Cause_Personal_Vendetta_or_Enmity; Murder_Cause_Property_Dispute; Murder_Cause_Total; Murder_Cause_Witchcraft,victim/demographic-related fields; property/vehicle/value-related fields; crime/case/offence-related fields,,,,True,,VICTIM_OFFENDER_CHARACTERISTICS,SEPARATE_ANALYTICAL_TABLE,Victim/offender characteristic statistics
20_Victims_of_rape.csv,1050,11,location information may be present,year/date information may be present,Rape_Cases_Reported; Victims_of_Rape_Total,Victims_Above_50_Yrs; Victims_Between_10-14_Yrs; Victims_Between_14-18_Yrs; Victims_Between_18-30_Yrs; Victims_Between_30-50_Yrs; Victims_of_Rape_Total; Victims_Upto_10_Yrs,,,,,Area_Name,Year,Year; Rape_Cases_Reported; Victims_Above_50_Yrs; Victims_Between_10-14_Yrs; Victims_Between_14-18_Yrs; Victims_Between_18-30_Yrs; Victims_Between_30-50_Yrs; Victims_of_Rape_Total; Victims_Upto_10_Yrs,victim/demographic-related fields; crime/case/offence-related fields,,,,True,,VICTIM_OFFENDER_CHARACTERISTICS,SEPARATE_ANALYTICAL_TABLE,Victim/offender characteristic statistics
21_Offenders_known_to_the_victim.csv,350,7,location information may be present,year/date information may be present,No_of_Cases_in_which_offenders_were_known_to_the_Victims; No_of_Cases_in_which_offenders_were_Neighbours; No_of_Cases_in_which_offenders_were_Other_Known_persons; No_of_Cases_in_which_offenders_were_Parentsclose_family_members; No_of_Cases_in_which_offenders_were_Relatives,No_of_Cases_in_which_offenders_were_known_to_the_Victims,,,,,Area_Name,Year,Year; No_of_Cases_in_which_offenders_were_known_to_the_Victims; No_of_Cases_in_which_offenders_were_Neighbours; No_of_Cases_in_which_offenders_were_Other_Known_persons; No_of_Cases_in_which_offenders_were_Parentsclose_family_members; No_of_Cases_in_which_offenders_were_Relatives,victim/demographic-related fields; crime/case/offence-related fields,,,,True,,VICTIM_OFFENDER_CHARACTERISTICS,SEPARATE_ANALYTICAL_TABLE,Victim/offender characteristic statistics
22_Persons_arrested_under_recidivism.csv,350,7,location information may be present,multiple year/date-related fields detected,,,Offenders_Arrested; Offenders_Arrested_for_the_First_time,,,,Area_Name,Year; Offenders_Arrested_for_the_First_time; Offenders_Conviction_in_the_past_Three_times_or_More,Year; Offenders_Arrested; Offenders_Arrested_for_the_First_time; Offenders_Conviction_in_the_past_Once; Offenders_Conviction_in_the_past_Three_times_or_More; Offenders_Conviction_in_the_past_Twice,police/arrest/justice-related fields,,,,True,,ARREST_DISPOSAL,SEPARATE_ANALYTICAL_TABLE,Different row grain: arrest/disposal statistics
23_Anti_corruprion_cases.csv,346,29,location information may be present,multiple year/date-related fields detected,AC01_No_of_cases_pending_investigation_from_previous_year; AC02_No_of_cases_registered_during_the_year; AC03_Total_No_of_cases_for_investigation_during_the_year; AC04_No_of_cases_investigated_during_the_year; AC05_No_of_cases_not_investigatedor_in_which_investigation_was_dropped_due_to_any_reason_during_the_year; AC06_No_of_cases_transferred_to_local_police_during_the_year; AC07_No_of_cases_declared_false_mistake_of_fact_or_of_law_or_non_cognizable_or_civil_in_nature; AC08_No_of_cases_in_which_charge_sheets_were_laid_during_the_year; AC09_No_of_cases_pending_departmental_sanction_for_prosecution_during_the_year; AC10_No_of_cases_sent_up_for_trial_and_also_reported_for_departmental_action_during_the_year; AC11_No_of_cases_reported_for_regular_departmental_action_during_the_year; AC12_No_of_cases_reported_for_suitable_action_during_the_year; AC13_No_of_cases_in_which_charge_sheets_were_not_laid_but_final_report_submitted_during_the_year; AC14_No_of_cases_pending_investigation_at_the_end_of_the_year; AC15_No_of_cases_resulted_in_recoveries_or_seizures_during_the_year; AC17_Percentage_of_cases_charge_sheeted_to_total_cases_investigated; AC18_No_of_cases_pending_trial_from_the_previous_year; AC19_No_of_cases_sent_up_for_trial_during_the_year; AC20_Total_No_of_cases_for_trial_during_the_year; AC21_No_of_cases_withdrawn_or_other_wise_disposed_off_on_account_of_death_of_the_accused_during_the_year; AC22_No_of_cases_in_which_trials_were_completed_during_the_year; AC23_No_of_cases_convicted_during_the_year; AC24_No_of_cases_acquitted_or_discharged_during_the_year; AC25_No_of_cases_pending_trial_at_the_end_of_the_year; AC26_Percentage_of_cases_convicted_to_cases_in_which_trials_were_completed_during_the_year,AC17_Percentage_of_cases_charge_sheeted_to_total_cases_investigated; AC26_Percentage_of_cases_convicted_to_cases_in_which_trials_were_completed_during_the_year,AC01_No_of_cases_pending_investigation_from_previous_year; AC03_Total_No_of_cases_for_investigation_during_the_year; AC05_No_of_cases_not_investigatedor_in_which_investigation_was_dropped_due_to_any_reason_during_the_year; AC06_No_of_cases_transferred_to_local_police_during_the_year; AC08_No_of_cases_in_which_charge_sheets_were_laid_during_the_year; AC10_No_of_cases_sent_up_for_trial_and_also_reported_for_departmental_action_during_the_year; AC13_No_of_cases_in_which_charge_sheets_were_not_laid_but_final_report_submitted_during_the_year; AC14_No_of_cases_pending_investigation_at_the_end_of_the_year; AC17_Percentage_of_cases_charge_sheeted_to_total_cases_investigated; AC18_No_of_cases_pending_trial_from_the_previous_year; AC19_No_of_cases_sent_up_for_trial_during_the_year; AC20_Total_No_of_cases_for_trial_during_the_year; AC22_No_of_cases_in_which_trials_were_completed_during_the_year; AC23_No_of_cases_convicted_during_the_year; AC24_No_of_cases_acquitted_or_discharged_during_the_year; AC25_No_of_cases_pending_trial_at_the_end_of_the_year; AC26_Percentage_of_cases_convicted_to_cases_in_which_trials_were_completed_during_the_year,AC16_Value_of_property_recoveredseized_during_the_year_in_Rs,,,Area_Name,Year; AC01_No_of_cases_pending_investigation_from_previous_year; AC02_No_of_cases_registered_during_the_year; AC03_Total_No_of_cases_for_investigation_during_the_year; AC04_No_of_cases_investigated_during_the_year; AC05_No_of_cases_not_investigatedor_in_which_investigation_was_dropped_due_to_any_reason_during_the_year; AC06_No_of_cases_transferred_to_local_police_during_the_year; AC08_No_of_cases_in_which_charge_sheets_were_laid_during_the_year; AC09_No_of_cases_pending_departmental_sanction_for_prosecution_during_the_year; AC10_No_of_cases_sent_up_for_trial_and_also_reported_for_departmental_action_during_the_year; AC11_No_of_cases_reported_for_regular_departmental_action_during_the_year; AC12_No_of_cases_reported_for_suitable_action_during_the_year; AC13_No_of_cases_in_which_charge_sheets_were_not_laid_but_final_report_submitted_during_the_year; AC14_No_of_cases_pending_investigation_at_the_end_of_the_year; AC15_No_of_cases_resulted_in_recoveries_or_seizures_during_the_year; AC16_Value_of_property_recoveredseized_during_the_year_in_Rs; AC18_No_of_cases_pending_trial_from_the_previous_year; AC19_No_of_cases_sent_up_for_trial_during_the_year; AC20_Total_No_of_cases_for_trial_during_the_year; AC21_No_of_cases_withdrawn_or_other_wise_disposed_off_on_account_of_death_of_the_accused_during_the_year; AC22_No_of_cases_in_which_trials_were_completed_during_the_year; AC23_No_of_cases_convicted_during_the_year; AC24_No_of_cases_acquitted_or_discharged_during_the_year; AC25_No_of_cases_pending_trial_at_the_end_of_the_year; AC26_Percentage_of_cases_convicted_to_cases_in_which_trials_were_completed_during_the_year; AC27_Total_amount_of_fine_imposed_during_the_year_in_Rs,Year; AC01_No_of_cases_pending_investigation_from_previous_year; AC02_No_of_cases_registered_during_the_year; AC03_Total_No_of_cases_for_investigation_during_the_year; AC04_No_of_cases_investigated_during_the_year; AC05_No_of_cases_not_investigatedor_in_which_investigation_was_dropped_due_to_any_reason_during_the_year; AC06_No_of_cases_transferred_to_local_police_during_the_year; AC07_No_of_cases_declared_false_mistake_of_fact_or_of_law_or_non_cognizable_or_civil_in_nature; AC08_No_of_cases_in_which_charge_sheets_were_laid_during_the_year; AC09_No_of_cases_pending_departmental_sanction_for_prosecution_during_the_year; AC10_No_of_cases_sent_up_for_trial_and_also_reported_for_departmental_action_during_the_year; AC11_No_of_cases_reported_for_regular_departmental_action_during_the_year; AC12_No_of_cases_reported_for_suitable_action_during_the_year; AC13_No_of_cases_in_which_charge_sheets_were_not_laid_but_final_report_submitted_during_the_year; AC14_No_of_cases_pending_investigation_at_the_end_of_the_year; AC15_No_of_cases_resulted_in_recoveries_or_seizures_during_the_year; AC16_Value_of_property_recoveredseized_during_the_year_in_Rs; AC17_Percentage_of_cases_charge_sheeted_to_total_cases_investigated; AC18_No_of_cases_pending_trial_from_the_previous_year; AC19_No_of_cases_sent_up_for_trial_during_the_year; AC20_Total_No_of_cases_for_trial_during_the_year; AC21_No_of_cases_withdrawn_or_other_wise_disposed_off_on_account_of_death_of_the_accused_during_the_year; AC22_No_of_cases_in_which_trials_were_completed_during_the_year; AC23_No_of_cases_convicted_during_the_year; AC24_No_of_cases_acquitted_or_discharged_during_the_year; AC25_No_of_cases_pending_trial_at_the_end_of_the_year; AC26_Percentage_of_cases_convicted_to_cases_in_which_trials_were_completed_during_the_year; AC27_Total_amount_of_fine_imposed_during_the_year_in_Rs,police/arrest/justice-related fields; victim/demographic-related fields; property/vehicle/value-related fields; crime/case/offence-related fields,,,,True,,ANTI_CORRUPTION,SEPARATE_ANALYTICAL_TABLE,Specialized anti-corruption statistics
24_Anti_corruption_arrests.csv,347,24,location information may be present,multiple year/date-related fields detected,ACA05_No_of_persons_in_whose_cases_charge_sheets_were_laid_during_the_year; ACA08_No_of_persons_whose_cases_were_withdrawn_or_otherwise_disposed_off_during_the_year; ACA10_No_of_persons_in_whose_cases_trials_were_completed_during_the_year; ACA13_Percentage_of_persons_convicted_to_total_persons_in_whose_cases_trials_were_completed_during_the_year; ACA14_No_of_persons_involved_in_the_cases_reported_for_Regular_Departmental_Action_during_the_year; ACA15_No_of_persons_involved_in_the_cases_reported_for_suitable_action_during_the_year,ACA01_No_of_persons_in_custody_or_on_bail_during_the_stage_of_investigation_at_the_beginning_of_the_year; ACA04_No_of_persons_in_custody_or_on_bail_during_the_stage_of_investigation_at_the_end_of_the_year; ACA09_No_of_persons_in_custody_or_on_bail_during_the_stage_of_trial_at_the_end_of_the_year; ACA13_Percentage_of_persons_convicted_to_total_persons_in_whose_cases_trials_were_completed_during_the_year,ACA01_No_of_persons_in_custody_or_on_bail_during_the_stage_of_investigation_at_the_beginning_of_the_year; ACA02_No_of_persons_arrested_during_the_year; ACA04_No_of_persons_in_custody_or_on_bail_during_the_stage_of_investigation_at_the_end_of_the_year; ACA05_No_of_persons_in_whose_cases_charge_sheets_were_laid_during_the_year; ACA06_No_of_persons_under_trial_at_the_beginning_of_the_year; ACA07_Total_No_of_persons_under_trial_during_the_year; ACA09_No_of_persons_in_custody_or_on_bail_during_the_stage_of_trial_at_the_end_of_the_year; ACA10_No_of_persons_in_whose_cases_trials_were_completed_during_the_year; ACA11_No_of_persons_convicted_during_the_year; ACA12_No_of_persons_acquitted_during_the_year; ACA13_Percentage_of_persons_convicted_to_total_persons_in_whose_cases_trials_were_completed_during_the_year,,,,Area_Name,Year; ACA01_No_of_persons_in_custody_or_on_bail_during_the_stage_of_investigation_at_the_beginning_of_the_year; ACA02_No_of_persons_arrested_during_the_year; ACA04_No_of_persons_in_custody_or_on_bail_during_the_stage_of_investigation_at_the_end_of_the_year; ACA05_No_of_persons_in_whose_cases_charge_sheets_were_laid_during_the_year; ACA06_No_of_persons_under_trial_at_the_beginning_of_the_year; ACA07_Total_No_of_persons_under_trial_during_the_year; ACA08_No_of_persons_whose_cases_were_withdrawn_or_otherwise_disposed_off_during_the_year; ACA09_No_of_persons_in_custody_or_on_bail_during_the_stage_of_trial_at_the_end_of_the_year; ACA10_No_of_persons_in_whose_cases_trials_were_completed_during_the_year; ACA11_No_of_persons_convicted_during_the_year; ACA12_No_of_persons_acquitted_during_the_year; ACA13_Percentage_of_persons_convicted_to_total_persons_in_whose_cases_trials_were_completed_during_the_year; ACA14_No_of_persons_involved_in_the_cases_reported_for_Regular_Departmental_Action_during_the_year; ACA15_No_of_persons_involved_in_the_cases_reported_for_suitable_action_during_the_year; ACA16_No_of_persons_punished_departmentally_during_the_year:; ACA161_No_of_persons_dismissed_from_Service_during_the_year; ACA162_No_of_persons_removed_from_service_during_the_year; ACA163_No_of_persons_awarded_other_major_punishments_during_the_year; ACA164_No_of_persons_awarded_minor_punishments_during_the_year; ACA19_No_of_private_persons_involved_during_the_year,Year; ACA01_No_of_persons_in_custody_or_on_bail_during_the_stage_of_investigation_at_the_beginning_of_the_year; ACA02_No_of_persons_arrested_during_the_year; ACA04_No_of_persons_in_custody_or_on_bail_during_the_stage_of_investigation_at_the_end_of_the_year; ACA05_No_of_persons_in_whose_cases_charge_sheets_were_laid_during_the_year; ACA06_No_of_persons_under_trial_at_the_beginning_of_the_year; ACA07_Total_No_of_persons_under_trial_during_the_year; ACA08_No_of_persons_whose_cases_were_withdrawn_or_otherwise_disposed_off_during_the_year; ACA09_No_of_persons_in_custody_or_on_bail_during_the_stage_of_trial_at_the_end_of_the_year; ACA10_No_of_persons_in_whose_cases_trials_were_completed_during_the_year; ACA11_No_of_persons_convicted_during_the_year; ACA12_No_of_persons_acquitted_during_the_year; ACA13_Percentage_of_persons_convicted_to_total_persons_in_whose_cases_trials_were_completed_during_the_year; ACA14_No_of_persons_involved_in_the_cases_reported_for_Regular_Departmental_Action_during_the_year; ACA15_No_of_persons_involved_in_the_cases_reported_for_suitable_action_during_the_year; ACA16_No_of_persons_punished_departmentally_during_the_year:; ACA161_No_of_persons_dismissed_from_Service_during_the_year; ACA162_No_of_persons_removed_from_service_during_the_year; ACA163_No_of_persons_awarded_other_major_punishments_during_the_year; ACA164_No_of_persons_awarded_minor_punishments_during_the_year; ACA171_No_of_Group_`A'_Officers_out_of_above; ACA172_No_of_Group_`B'_Officers_out_of_above; ACA19_No_of_private_persons_involved_during_the_year,police/arrest/justice-related fields; victim/demographic-related fields; crime/case/offence-related fields,,,,True,,ANTI_CORRUPTION,SEPARATE_ANALYTICAL_TABLE,Specialized anti-corruption statistics
25_Complaints_against_police.csv,350,22,location information may be present,year/date information may be present,CPA_-_Cases_Registered; CPA_-_Cases_Reported_for_Dept._Action; CPA_-_Complaints/Cases_Declared_False/Unsubstantiated; CPA-_Cases_Sent_for_Trials/Charge-sheeted; CPB-_Police_Personnel_Cases_Withdrawn_or_Otherwise_disposed_of; CPC_-_Police_personnel_Cases_Trial_Completed; CPC_-_Police_Personnel_Cases_Withdrawn_or_Otherwise_disposed_of,,CPA-_Cases_Sent_for_Trials/Charge-sheeted; CPB_-_Police_Personnel_Acquitted; CPB_-_Police_Personnel_Convicted; CPB_-_Police_Personnel_sent_up_for_Trial; CPB_-_Police_Personnel_Trial_Completed; CPB-_Police_Personnel_Cases_Withdrawn_or_Otherwise_disposed_of; CPC_-_Police_personnel_Cases_Trial_Completed; CPC_-_Police_Personnel_Cases_Withdrawn_or_Otherwise_disposed_of; CPC_-_Police_Personnel_Disciplinary_Action_Initiated; CPC_-_Police_Personnel_Dismissal/Removal_from_Service; CPC_-_Police_Personnel_Major_Punishment_awarded; CPC_-_Police_Personnel_Minor_Punishment_awarded,,,,Area_Name,Year,Year; CPA_-_Cases_Registered; CPA_-_Cases_Reported_for_Dept._Action; CPA_-_Complaints/Cases_Declared_False/Unsubstantiated; CPA_-_Complaints_Received/Alleged; CPA_-_No_of_Departmental_Enquiries; CPA_-_No_of_Magisterial_Enquiries; CPA-_Cases_Sent_for_Trials/Charge-sheeted; CPA-_No_of_Judicial_Enquiries; CPB_-_Police_Personnel_Acquitted; CPB_-_Police_Personnel_Convicted; CPB_-_Police_Personnel_sent_up_for_Trial; CPB_-_Police_Personnel_Trial_Completed; CPB-_Police_Personnel_Cases_Withdrawn_or_Otherwise_disposed_of; CPC_-_Police_personnel_Cases_Trial_Completed; CPC_-_Police_Personnel_Cases_Withdrawn_or_Otherwise_disposed_of; CPC_-_Police_Personnel_Disciplinary_Action_Initiated; CPC_-_Police_Personnel_Dismissal/Removal_from_Service; CPC_-_Police_Personnel_Major_Punishment_awarded; CPC_-_Police_Personnel_Minor_Punishment_awarded,police/arrest/justice-related fields; crime/case/offence-related fields,,,,True,,POLICE_ADMINISTRATION,SEPARATE_ANALYTICAL_TABLE,Police personnel/administration statistics
27_Nature_of_complaints_received_by_police.csv,349,10,location information may be present,year/date information may be present,PC7_IPC_Cases_Registered; PC8_SLL_Cases_Registered,,PC4_Complaints_initiated_sue_motto_by_Police,,,,Area_Name,Year,Year; PC1_Oral_Complaints; PC2_Written_Complaints; PC3_Distress_call_over_phoneNo_100_etc; PC4_Complaints_initiated_sue_motto_by_Police; PC5_Total_Complaints_Sum_of_1_4_Above; PC6_Total_Complaints_as_recorded_in_GD; PC7_IPC_Cases_Registered; PC8_SLL_Cases_Registered,police/arrest/justice-related fields; crime/case/offence-related fields,,,,True,,POLICE_ADMINISTRATION,SEPARATE_ANALYTICAL_TABLE,Police personnel/administration statistics
28_Trial_of_violent_crimes_by_courts.csv,4473,7,location information may be present,year/date information may be present,Trial_of_Violent_Crimes_by_Courts_By_Confession; Trial_of_Violent_Crimes_by_Courts_By_trial; Trial_of_Violent_Crimes_by_Courts_Total,,Trial_of_Violent_Crimes_by_Courts_By_Confession; Trial_of_Violent_Crimes_by_Courts_By_trial; Trial_of_Violent_Crimes_by_Courts_Total,,,,Area_Name,Year,Year; Trial_of_Violent_Crimes_by_Courts_By_Confession; Trial_of_Violent_Crimes_by_Courts_By_trial; Trial_of_Violent_Crimes_by_Courts_Total,police/arrest/justice-related fields; crime/case/offence-related fields,,,,True,,JUSTICE_COURT,SEPARATE_ANALYTICAL_TABLE,Justice/court process statistics
29_Period_of_trials_by_courts.csv,1786,11,location information may be present,multiple year/date-related fields detected,,,,,,,Area_Name,Year; PT_1_3_Years; PT_3_5_Years; PT_5_10_Years; PT_6_12_Months; PT_Less_than_6_Months; PT_Over_10_Years,Year; PT_1_3_Years; PT_3_5_Years; PT_5_10_Years; PT_6_12_Months; PT_Less_than_6_Months; PT_Over_10_Years; PT_Total,no obvious crime-specific indicator detected,,,,True,,JUSTICE_COURT,SEPARATE_ANALYTICAL_TABLE,Justice/court process statistics
30_Auto_theft.csv,1865,7,location information may be present,year/date information may be present,Auto_Theft_Coordinated/Traced; Auto_Theft_Recovered; Auto_Theft_Stolen,,,Auto_Theft_Recovered; Auto_Theft_Stolen,,,Area_Name,Year,Year; Auto_Theft_Coordinated/Traced; Auto_Theft_Recovered; Auto_Theft_Stolen,property/vehicle/value-related fields; crime/case/offence-related fields,,,,True,,PROPERTY_CRIME,SEPARATE_ANALYTICAL_TABLE,Property/value measures have different semantics
31_Serious_fraud.csv,448,9,location information may be present,year/date information may be present,,,,Loss_of_Property_1_10_Crores; Loss_of_Property_10_25_Crores; Loss_of_Property_25_50_Crores; Loss_of_Property_50_100_Crores; Loss_of_Property_Above_100_Crores,,,Area_Name,Year,Year; Loss_of_Property_1_10_Crores; Loss_of_Property_10_25_Crores; Loss_of_Property_25_50_Crores; Loss_of_Property_50_100_Crores; Loss_of_Property_Above_100_Crores,property/vehicle/value-related fields,,,,True,,PROPERTY_CRIME,SEPARATE_ANALYTICAL_TABLE,Property/value measures have different semantics
32_Murder_victim_age_sex.csv,1018,11,location information may be present,year/date information may be present,,Victims_Above_50_Yrs; Victims_Total; Victims_Upto_10_15_Yrs; Victims_Upto_10_Yrs; Victims_Upto_15_18_Yrs; Victims_Upto_18_30_Yrs; Victims_Upto_30_50_Yrs,,,,,Area_Name,Year,Year; Victims_Above_50_Yrs; Victims_Total; Victims_Upto_10_15_Yrs; Victims_Upto_10_Yrs; Victims_Upto_15_18_Yrs; Victims_Upto_18_30_Yrs; Victims_Upto_30_50_Yrs,victim/demographic-related fields,,,,True,,VICTIM_OFFENDER_CHARACTERISTICS,SEPARATE_ANALYTICAL_TABLE,Victim/offender characteristic statistics
33_CH_not_murder_victim_age_sex.csv,936,10,location information may be present,year/date information may be present,,Victims_Above_50_Yrs; Victims_Total; Victims_Upto_10_15_Yrs; Victims_Upto_10_Yrs; Victims_Upto_15_18_Yrs; Victims_Upto_18_30_Yrs; Victims_Upto_30_50_Yrs,,,,,Area_Name,Year,Year; Victims_Above_50_Yrs; Victims_Total; Victims_Upto_10_15_Yrs; Victims_Upto_10_Yrs; Victims_Upto_15_18_Yrs; Victims_Upto_18_30_Yrs; Victims_Upto_30_50_Yrs,victim/demographic-related fields,,,,True,,VICTIM_OFFENDER_CHARACTERISTICS,SEPARATE_ANALYTICAL_TABLE,Victim/offender characteristic statistics
34_Use_of_fire_arms_in_murder_cases.csv,284,5,location information may be present,year/date information may be present,Victims_of_Murder_by_Fire_arms; Victims_of_Murder_by_Licensed_arms; Victims_of_Murder_by_Un_licensedImprovisedCrudeCountry_made_Arms_Etc,Victims_of_Murder_by_Fire_arms; Victims_of_Murder_by_Licensed_arms; Victims_of_Murder_by_Un_licensedImprovisedCrudeCountry_made_Arms_Etc,,,,,Area_Name,Year,Year; Victims_of_Murder_by_Fire_arms; Victims_of_Murder_by_Licensed_arms; Victims_of_Murder_by_Un_licensedImprovisedCrudeCountry_made_Arms_Etc,victim/demographic-related fields; crime/case/offence-related fields,,,,True,,VICTIM_OFFENDER_CHARACTERISTICS,SEPARATE_ANALYTICAL_TABLE,Victim/offender characteristic statistics
35_Human_rights_violation_by_police.csv,2267,7,location information may be present,year/date information may be present,Cases_Registered_under_Human_Rights_Violations,,Policemen_Chargesheeted; Policemen_Convicted,,,,Area_Name,Year,Year; Cases_Registered_under_Human_Rights_Violations; Policemen_Chargesheeted; Policemen_Convicted,police/arrest/justice-related fields; crime/case/offence-related fields,,,,True,,POLICE_ADMINISTRATION,SEPARATE_ANALYTICAL_TABLE,Police personnel/administration statistics
36_Police_housing.csv,696,7,location information may be present,year/date information may be present,,,,,,,Area_Name,Year,Year; PH_Houses_Provided_by_Department; PH_Houses_provided_on_LeaseRentGPRA; PH_Sanctioned_Strength,no obvious crime-specific indicator detected,,,,True,,POLICE_ADMINISTRATION,SEPARATE_ANALYTICAL_TABLE,Police personnel/administration statistics
37_Home_guards_and_auxilliary_force.csv,333,8,location information may be present,year/date information may be present,,,,,,,Area_Name,Year,Year; HG_Lower_Subordinates_Actual_Strength; HG_Lower_Subordinates_Sanctioned_Strength; HG_Officers_Actual_Strength; HG_Officers_Sanctioned_Strength; HG_Upper_Subordinates_Actual_Strength; HG_Upper_Subordinates_Sanctioned_Strength,no obvious crime-specific indicator detected,,,,True,,POLICE_ADMINISTRATION,SEPARATE_ANALYTICAL_TABLE,Police personnel/administration statistics
38_Unidentified_dead_bodies_recovered_and_inquest_conducted.csv,314,3,location information may be present,year/date information may be present,,,,Unidentified_Dead_bodies_Recovered_Inquest_Conducted,,,Area_Name,Year,Year; Unidentified_Dead_bodies_Recovered_Inquest_Conducted,property/vehicle/value-related fields,,,,True,,OTHER_SPECIALIZED,MANUAL_REVIEW,Specialized dataset requiring semantic review
39_Specific_purpose_of_kidnapping_and_abduction.csv,3569,20,location information may be present,multiple year/date-related fields detected,K_A_Cases_Reported,,,,,,Area_Name,Year; K_A_Female_10_15_Years; K_A_Female_15_18_Years; K_A_Female_18_30_Years; K_A_Female_30_50_Years; K_A_Female_Above_50_Years; K_A_Female_Upto_10_Years; K_A_Male_10_15_Years; K_A_Male_15_18_Years; K_A_Male_18_30_Years; K_A_Male_30_50_Years; K_A_Male_Above_50_Years; K_A_Male_Upto_10_Years,Year; K_A_Cases_Reported; K_A_Female_10_15_Years; K_A_Female_15_18_Years; K_A_Female_18_30_Years; K_A_Female_30_50_Years; K_A_Female_Above_50_Years; K_A_Female_Total; K_A_Female_Upto_10_Years; K_A_Grand_Total; K_A_Male_10_15_Years; K_A_Male_15_18_Years; K_A_Male_18_30_Years; K_A_Male_30_50_Years; K_A_Male_Above_50_Years; K_A_Male_Total; K_A_Male_Upto_10_Years,crime/case/offence-related fields,,,,True,,VICTIM_OFFENDER_CHARACTERISTICS,SEPARATE_ANALYTICAL_TABLE,Victim/offender characteristic statistics
40_01_Custodial_death_person_remanded.csv,211,11,location information may be present,year/date information may be present,CD_No_of_Cases_registered_in_connection_with_deaths,,CD_No_of_Policemen_Charge_sheeted; CD_No_of_Policemen_Convicted,,,,Area_Name,Year,Year; CD_Deaths_Reported; CD_No_of_Autopsy_conducted; CD_No_of_Cases_registered_in_connection_with_deaths; CD_No_of_Judicial_enquiry_orderedconducted; CD_No_of_Magisterial_enquiry_orderedconducted; CD_No_of_Policemen_Charge_sheeted; CD_No_of_Policemen_Convicted,police/arrest/justice-related fields; crime/case/offence-related fields,,,,True,,JUSTICE_COURT,SEPARATE_ANALYTICAL_TABLE,Justice/court process statistics
40_02_Custodial_death_person_not_remanded.csv,228,11,location information may be present,year/date information may be present,CD_No_of_Cases_registered_in_connection_with_deaths,,CD_No_of_Policemen_Charge_sheeted; CD_No_of_Policemen_Convicted,,,,Area_Name,Year,Year; CD_Deaths_Reported; CD_No_of_Autopsy_conducted; CD_No_of_Cases_registered_in_connection_with_deaths; CD_No_of_Judicial_enquiry_orderedconducted; CD_No_of_Magisterial_enquiry_orderedconducted; CD_No_of_Policemen_Charge_sheeted; CD_No_of_Policemen_Convicted,police/arrest/justice-related fields; crime/case/offence-related fields,,,,True,,JUSTICE_COURT,SEPARATE_ANALYTICAL_TABLE,Justice/court process statistics
40_03_Custodial_death_during_production.csv,204,11,location information may be present,year/date information may be present,CD_No_of_Cases_registered_in_connection_with_deaths,,CD_No_of_Policemen_Charge_sheeted; CD_No_of_Policemen_Convicted,,,,Area_Name,Year,Year; CD_Deaths_Reported; CD_No_of_Autopsy_conducted; CD_No_of_Cases_registered_in_connection_with_deaths; CD_No_of_Judicial_enquiry_orderedconducted; CD_No_of_Magisterial_enquiry_orderedconducted; CD_No_of_Policemen_Charge_sheeted; CD_No_of_Policemen_Convicted,police/arrest/justice-related fields; crime/case/offence-related fields,,,,True,,JUSTICE_COURT,SEPARATE_ANALYTICAL_TABLE,Justice/court process statistics
40_04_Custodial_death_during_hospitalization_or_treatment.csv,213,5,location information may be present,year/date information may be present,,,,,,,Area_Name,Year,Year; CD_Hospitalisation_Treatment,no obvious crime-specific indicator detected,,,,True,,JUSTICE_COURT,SEPARATE_ANALYTICAL_TABLE,Justice/court process statistics
40_05_Custodial_death_others.csv,233,10,location information may be present,year/date information may be present,,,CD_While_Escaping_from_Custody,,,,Area_Name,Year,Year; CD_Accidents; CD_By_Mob_AttackRiots; CD_By_other_Criminals; CD_By_Suicide; CD_IllnessNatural_Death; CD_While_Escaping_from_Custody,police/arrest/justice-related fields,,,,True,,JUSTICE_COURT,SEPARATE_ANALYTICAL_TABLE,Justice/court process statistics
41_Escapes_from_police_custody.csv,311,21,location information may be present,multiple year/date-related fields detected,EPC_Cases_Cases_Acquitted; EPC_Cases_Cases_Convicted; EPC_Cases_Cases_Pending_for_Trial; EPC_Cases_Registered; EPC_Cases_Trial_Completed; EPC_Persons_Cases_Acquitted; EPC_Persons_Cases_Convicted; EPC_Persons_Cases_Pending_for_Trial,,EPC_Cases_Cases_Acquitted; EPC_Cases_Cases_Convicted; EPC_Cases_Cases_Pending_for_Trial; EPC_Cases_Trial_Completed; EPC_Escapees_Re_Arrested_from_Lockup; EPC_Escapees_Re_Arrested_from_Others; EPC_Persons_Cases_Acquitted; EPC_Persons_Cases_Convicted; EPC_Persons_Cases_Pending_for_Trial; EPC_Persons_Chargesheeted_for_Escape; EPC_Persons_Trial_Completed,,,,Area_Name,Year; EPC_Persons_Awarded_more_than_3_Years_Imprisonment; EPC_Persons_Awarded_upto_3_Years_Imprisonment,Year; EPC_Cases_Cases_Acquitted; EPC_Cases_Cases_Convicted; EPC_Cases_Cases_Pending_for_Trial; EPC_Cases_Registered; EPC_Cases_Trial_Completed; EPC_Escapees_Re_Arrested_from_Lockup; EPC_Escapees_Re_Arrested_from_Others; EPC_FR_Submitted; EPC_Persons_Awarded_more_than_3_Years_Imprisonment; EPC_Persons_Awarded_upto_3_Years_Imprisonment; EPC_Persons_Cases_Acquitted; EPC_Persons_Cases_Convicted; EPC_Persons_Cases_Pending_for_Trial; EPC_Persons_Chargesheeted_for_Escape; EPC_Persons_Escaped; EPC_Persons_Escaped_from_Lockup; EPC_Persons_Escaped_Outside_the_Lockup; EPC_Persons_Escaped_Total; EPC_Persons_Trial_Completed,police/arrest/justice-related fields; crime/case/offence-related fields,,,,True,,POLICE_ADMINISTRATION,SEPARATE_ANALYTICAL_TABLE,Police personnel/administration statistics
42_Cases_under_crime_against_women.csv,2765,22,location information may be present,multiple year/date-related fields detected,Cases_Acquitted_or_Discharged; Cases_charge_sheets_were_not_laid_but_Final_Report_submitted; Cases_Chargesheeted; Cases_Compounded_or_Withdrawn; Cases_Convicted; Cases_Declared_False_on_Account_of_Mistake_of_Fact_or_of_Law; Cases_Investigated_Chargesheets+FR_Submitted; Cases_not_Investigated_or_in_which_investigation_was_refused; Cases_Pending_Investigation_at_Year_End; Cases_Pending_Investigation_from_previous_year; Cases_Pending_Trial_at_Year_End; Cases_Pending_Trial_from_the_previous_year; Cases_Reported; Cases_Sent_for_Trial; Cases_Trials_Completed; Cases_Withdrawn_by_the_Govt; Cases_withdrawn_by_the_Govt_during_investigation; Total_Cases_for_Trial,,Cases_Acquitted_or_Discharged; Cases_charge_sheets_were_not_laid_but_Final_Report_submitted; Cases_Chargesheeted; Cases_Convicted; Cases_Investigated_Chargesheets+FR_Submitted; Cases_not_Investigated_or_in_which_investigation_was_refused; Cases_Pending_Investigation_at_Year_End; Cases_Pending_Investigation_from_previous_year; Cases_Pending_Trial_at_Year_End; Cases_Pending_Trial_from_the_previous_year; Cases_Sent_for_Trial; Cases_Trials_Completed; Cases_withdrawn_by_the_Govt_during_investigation; Total_Cases_for_Trial,,,,Area_Name,Year; Cases_Pending_Investigation_at_Year_End; Cases_Pending_Investigation_from_previous_year; Cases_Pending_Trial_at_Year_End; Cases_Pending_Trial_from_the_previous_year,Year; Cases_Acquitted_or_Discharged; Cases_charge_sheets_were_not_laid_but_Final_Report_submitted; Cases_Chargesheeted; Cases_Compounded_or_Withdrawn; Cases_Convicted; Cases_Declared_False_on_Account_of_Mistake_of_Fact_or_of_Law; Cases_Investigated_Chargesheets+FR_Submitted; Cases_not_Investigated_or_in_which_investigation_was_refused; Cases_Pending_Investigation_at_Year_End; Cases_Pending_Investigation_from_previous_year; Cases_Pending_Trial_at_Year_End; Cases_Pending_Trial_from_the_previous_year; Cases_Reported; Cases_Sent_for_Trial; Cases_Trials_Completed; Cases_Withdrawn_by_the_Govt; Cases_withdrawn_by_the_Govt_during_investigation; Total_Cases_for_Trial,police/arrest/justice-related fields; crime/case/offence-related fields,,,,True,,JUSTICE_COURT,SEPARATE_ANALYTICAL_TABLE,Justice/court process statistics
42_District_wise_crimes_committed_against_women_2001_2012.csv,9017,10,district-level information may be present,year/date information may be present,Rape; Kidnapping and Abduction,Assault on women with intent to outrage her modesty,,,STATE/UT,DISTRICT,,Year,Year; Rape; Kidnapping and Abduction; Dowry Deaths; Assault on women with intent to outrage her modesty; Insult to modesty of Women; Cruelty by Husband or his Relatives; Importation of Girls,victim/demographic-related fields; crime/case/offence-related fields,,,,True,,DISTRICT_WISE_CRIME,DISTRICT_CRIME_CORE,Candidate for district-level crime analysis
42_District_wise_crimes_committed_against_women_2013.csv,823,10,district-level information may be present,year/date information may be present,Rape; Kidnapping and Abduction,Assault on women with intent to outrage her modesty,,,STATE/UT,DISTRICT,,Year,Year; Rape; Kidnapping and Abduction; Dowry Deaths; Assault on women with intent to outrage her modesty; Insult to modesty of Women; Cruelty by Husband or his Relatives; Importation of Girls,victim/demographic-related fields; crime/case/offence-related fields,,,,True,,DISTRICT_WISE_CRIME,DISTRICT_CRIME_CORE,Candidate for district-level crime analysis
42_District_wise_crimes_committed_against_women_2014.csv,837,62,district-level information may be present,year/date information may be present,Rape; Custodial Rape; Custodial_Gang Rape; Custodial_Other Rape; Rape other than Custodial; Rape_Gang Rape; Rape_Others; Attempt to commit Rape; Kidnapping & Abduction_Total; Kidnaping & Abduction in order to Murder; Kidnapping for Ransom; Kidnapping & Abduction of Women to compel her for marriage; Murder; Attempt to commit Murder; Culpable Homicide not amounting to Murder; Dacoity with Murder; Robbery; UnNatural Offences; Other IPC Crimes; Other SLL Crimes against Women; Total Crimes against Women,Kidnapping & Abduction of Women to compel her for marriage; Assault on Women with intent to outrage her Modesty_Total; Sexual Harassment; Deaths caused with intent to cause miscarriage; Causing miscarriage without consent of women,,,States/UTs,District,In places related to work; In other Places,Year,"Year; Rape; Custodial Rape; Custodial_Gang Rape; Custodial_Other Rape; Rape other than Custodial; Rape_Gang Rape; Rape_Others; Attempt to commit Rape; Kidnapping & Abduction_Total; Kidnaping & Abduction; Kidnaping & Abduction in order to Murder; Kidnapping for Ransom; Kidnapping & Abduction of Women to compel her for marriage; Kidnaping & Abduction_Others; Dowry Deaths; Assault on Women with intent to outrage her Modesty_Total; Sexual Harassment; Assault on women with intent to Disrobe; Voyeurism; Stalking; Others; Insult to the Modesty of Women_Total; At Office premises; In places related to work; In Public Transport system; In other Places; Cruelty by Husband or his Relatives; Importation of Girls from Foreign Country; Murder; Attempt to commit Murder; Culpable Homicide not amounting to Murder; Attempt to commit Culpable Homicide; Grievous Hurt; Hurt; Acid attack; Attempt to Acid Attack; Deaths caused with intent to cause miscarriage; Causing miscarriage without consent of women; Dacoity_Total; Dacoity with Murder; Other Dacoity; Robbery; Arson; HumanTrafficking; Abetment of Suicides of Women; UnNatural Offences; Other IPC Crimes; Dowry Prohibition Act, 1961; Indecent Representation of Women (P) Act, 1986; Commission of Sati Prevention Act, 1987; Protection of Women from Domestic Violence Act, 2005; Immoral Traffic Prevention Act; ITP Under Section 5; ITP Under Section 6; ITP Under Section 7; ITP Under Section 8; ITP Under Other Sections; Other SLL Crimes against Women; Total Crimes against Women",victim/demographic-related fields; crime/case/offence-related fields,,,,True,,DISTRICT_WISE_CRIME,DISTRICT_CRIME_CORE,Candidate for district-level crime analysis
43_Arrests_under_crime_against_women.csv,2765,16,location information may be present,multiple year/date-related fields detected,Persons_against_whom_cases_Compounded_or_Withdrawn,,Persons_Acquitted; Persons_Arrested; Persons_Chargesheeted; Persons_Convicted; Persons_in_Custody_or_on_Bail_during_Investigation_at_Year_beginning; Persons_in_Custody_or_on_Bail_during_Investigation_at_Year_end; Persons_in_Custody_or_on_Bail_during_Trial_at_Year_End; Persons_Released_or_Freed_by_Police_or_Magistrate_before_Trial_for_want_of_evidence_or_any_other_reason; Persons_Trial_Completed; Persons_under_Trial_at_Year_beginning; Total_Persons_under_Trial,,,,Area_Name,Year; Persons_in_Custody_or_on_Bail_during_Investigation_at_Year_beginning; Persons_in_Custody_or_on_Bail_during_Investigation_at_Year_end; Persons_in_Custody_or_on_Bail_during_Trial_at_Year_End; Persons_under_Trial_at_Year_beginning,Year; Persons_Acquitted; Persons_against_whom_cases_Compounded_or_Withdrawn; Persons_Arrested; Persons_Chargesheeted; Persons_Convicted; Persons_in_Custody_or_on_Bail_during_Investigation_at_Year_beginning; Persons_in_Custody_or_on_Bail_during_Investigation_at_Year_end; Persons_in_Custody_or_on_Bail_during_Trial_at_Year_End; Persons_Released_or_Freed_by_Police_or_Magistrate_before_Trial_for_want_of_evidence_or_any_other_reason; Persons_Trial_Completed; Persons_under_Trial_at_Year_beginning; Total_Persons_under_Trial,police/arrest/justice-related fields; crime/case/offence-related fields,,,,True,,ARREST_DISPOSAL,SEPARATE_ANALYTICAL_TABLE,Different row grain: arrest/disposal statistics
