dataset_a,dataset_b,family_a,family_b,shared_dimensions,shared_dimension_count
01_District_wise_crimes_committed_IPC_2001_2012.csv,01_District_wise_crimes_committed_IPC_2013.csv,DISTRICT_WISE_CRIME,DISTRICT_WISE_CRIME,"year, state, district",3
01_District_wise_crimes_committed_IPC_2001_2012.csv,01_District_wise_crimes_committed_IPC_2014.csv,DISTRICT_WISE_CRIME,DISTRICT_WISE_CRIME,"year, state, district",3
01_District_wise_crimes_committed_IPC_2001_2012.csv,02_01_District_wise_crimes_committed_against_SC_2001_2012.csv,DISTRICT_WISE_CRIME,DISTRICT_WISE_CRIME,"year, state, district",3
01_District_wise_crimes_committed_IPC_2001_2012.csv,02_01_District_wise_crimes_committed_against_SC_2013.csv,DISTRICT_WISE_CRIME,DISTRICT_WISE_CRIME,"year, state, district",3
01_District_wise_crimes_committed_IPC_2001_2012.csv,02_01_District_wise_crimes_committed_against_SC_2014.csv,DISTRICT_WISE_CRIME,DISTRICT_WISE_CRIME,"year, state, district",3
01_District_wise_crimes_committed_IPC_2001_2012.csv,02_District_wise_crimes_committed_against_ST_2001_2012.csv,DISTRICT_WISE_CRIME,DISTRICT_WISE_CRIME,"year, state, district",3
01_District_wise_crimes_committed_IPC_2001_2012.csv,02_District_wise_crimes_committed_against_ST_2013.csv,DISTRICT_WISE_CRIME,DISTRICT_WISE_CRIME,"year, state, district",3
01_District_wise_crimes_committed_IPC_2001_2012.csv,02_District_wise_crimes_committed_against_ST_2014.csv,DISTRICT_WISE_CRIME,DISTRICT_WISE_CRIME,"year, state, district",3
01_District_wise_crimes_committed_IPC_2001_2012.csv,03_District_wise_crimes_committed_against_children_2001_2012.csv,DISTRICT_WISE_CRIME,DISTRICT_WISE_CRIME,"year, state, district",3
01_District_wise_crimes_committed_IPC_2001_2012.csv,03_District_wise_crimes_committed_against_children_2013.csv,DISTRICT_WISE_CRIME,DISTRICT_WISE_CRIME,"year, state, district",3
01_District_wise_crimes_committed_IPC_2001_2012.csv,03_Persons_arrested_and_their_disposal_by_police_and_court_under_crime_against_children_2012.csv,DISTRICT_WISE_CRIME,ARREST_DISPOSAL,"year, state",2
01_District_wise_crimes_committed_IPC_2001_2012.csv,03_Persons_arrested_and_their_disposal_by_police_and_court_under_crime_against_children_2013.csv,DISTRICT_WISE_CRIME,ARREST_DISPOSAL,"year, state",2
01_District_wise_crimes_committed_IPC_2001_2012.csv,03_Persons_arrested_and_their_disposal_by_police_and_court_under_crime_against_children_2014.csv,DISTRICT_WISE_CRIME,ARREST_DISPOSAL,"year, state",2
01_District_wise_crimes_committed_IPC_2001_2012.csv,04_01_Person_arrested_and_their_disposal_by_police_and_court_SLL_crime_2012.csv,DISTRICT_WISE_CRIME,ARREST_DISPOSAL,"year, state",2
01_District_wise_crimes_committed_IPC_2001_2012.csv,04_01_Person_arrested_and_their_disposal_by_police_and_court_SLL_crime_2013.csv,DISTRICT_WISE_CRIME,ARREST_DISPOSAL,"year, state",2
01_District_wise_crimes_committed_IPC_2001_2012.csv,04_01_Person_arrested_and_their_disposal_by_police_and_court_SLL_crime_2014.csv,DISTRICT_WISE_CRIME,ARREST_DISPOSAL,"year, state",2
01_District_wise_crimes_committed_IPC_2001_2012.csv,04_02_Person_arrested_and_their_disposal_by_police_and_court_IPC_crime_2012.csv,DISTRICT_WISE_CRIME,ARREST_DISPOSAL,"year, state",2
01_District_wise_crimes_committed_IPC_2001_2012.csv,04_02_Person_arrested_and_their_disposal_by_police_and_court_IPC_crime_2013.csv,DISTRICT_WISE_CRIME,ARREST_DISPOSAL,"year, state",2
01_District_wise_crimes_committed_IPC_2001_2012.csv,04_02_Person_arrested_and_their_disposal_by_police_and_court_IPC_crime_2014.csv,DISTRICT_WISE_CRIME,ARREST_DISPOSAL,"year, state",2
01_District_wise_crimes_committed_IPC_2001_2012.csv,07_01_Persons_arrested_by_sex_and_age_group_IPC_2012.csv,DISTRICT_WISE_CRIME,ARREST_DISPOSAL,state,1
01_District_wise_crimes_committed_IPC_2001_2012.csv,07_01_Persons_arrested_by_sex_and_age_group_IPC_2013.csv,DISTRICT_WISE_CRIME,ARREST_DISPOSAL,state,1
01_District_wise_crimes_committed_IPC_2001_2012.csv,07_01_Persons_arrested_by_sex_and_age_group_IPC_2014.csv,DISTRICT_WISE_CRIME,ARREST_DISPOSAL,"year, state",2
01_District_wise_crimes_committed_IPC_2001_2012.csv,07_02_Persons_arrested_by_sex_and_age_group_SLL_2012.csv,DISTRICT_WISE_CRIME,ARREST_DISPOSAL,state,1
01_District_wise_crimes_committed_IPC_2001_2012.csv,07_02_Persons_arrested_by_sex_and_age_group_SLL_2013.csv,DISTRICT_WISE_CRIME,ARREST_DISPOSAL,state,1
01_District_wise_crimes_committed_IPC_2001_2012.csv,07_02_Persons_arrested_by_sex_and_age_group_SLL_2014.csv,DISTRICT_WISE_CRIME,ARREST_DISPOSAL,"year, state",2
01_District_wise_crimes_committed_IPC_2001_2012.csv,08_01_Juvenile_apprehended_state_IPC.csv,DISTRICT_WISE_CRIME,JUVENILE,"year, state",2
01_District_wise_crimes_committed_IPC_2001_2012.csv,08_02_Juvenile_apprehended_state_SLL.csv,DISTRICT_WISE_CRIME,JUVENILE,"year, state",2
01_District_wise_crimes_committed_IPC_2001_2012.csv,09_Juveniles_arrested_and_their_disposal.csv,DISTRICT_WISE_CRIME,JUVENILE,year,1
01_District_wise_crimes_committed_IPC_2001_2012.csv,10_Property_stolen_and_recovered.csv,DISTRICT_WISE_CRIME,PROPERTY_CRIME,year,1
01_District_wise_crimes_committed_IPC_2001_2012.csv,11_Property_stolen_and_recovered_nature_of_property.csv,DISTRICT_WISE_CRIME,PROPERTY_CRIME,year,1
01_District_wise_crimes_committed_IPC_2001_2012.csv,12_Police_strength_actual_and_sanctioned.csv,DISTRICT_WISE_CRIME,POLICE_ADMINISTRATION,year,1
01_District_wise_crimes_committed_IPC_2001_2012.csv,13_Police_killed_or_injured_on_duty.csv,DISTRICT_WISE_CRIME,POLICE_ADMINISTRATION,year,1
01_District_wise_crimes_committed_IPC_2001_2012.csv,14_Age_profile_of_police_personnel_killed_on_duty.csv,DISTRICT_WISE_CRIME,POLICE_ADMINISTRATION,year,1
01_District_wise_crimes_committed_IPC_2001_2012.csv,15_Police_natural_death_and_suicide.csv,DISTRICT_WISE_CRIME,POLICE_ADMINISTRATION,year,1
01_District_wise_crimes_committed_IPC_2001_2012.csv,16_Casualties_under_police_firing_and_lathi_charge.csv,DISTRICT_WISE_CRIME,POLICE_ADMINISTRATION,year,1
01_District_wise_crimes_committed_IPC_2001_2012.csv,17_Case_reported_and_value_of_property_taken_away_by_place_of_occurrence_2001_2012.csv,DISTRICT_WISE_CRIME,PROPERTY_CRIME,"year, state",2
01_District_wise_crimes_committed_IPC_2001_2012.csv,17_Case_reported_and_value_of_property_taken_away_by_place_of_occurrence_2013.csv,DISTRICT_WISE_CRIME,PROPERTY_CRIME,"year, state",2
01_District_wise_crimes_committed_IPC_2001_2012.csv,17_Crime_by_place_of_occurrence_2001_2012.csv,DISTRICT_WISE_CRIME,CRIME_PLACE_OF_OCCURRENCE,"year, state",2
01_District_wise_crimes_committed_IPC_2001_2012.csv,17_Crime_by_place_of_occurrence_2013.csv,DISTRICT_WISE_CRIME,CRIME_PLACE_OF_OCCURRENCE,"year, state",2
01_District_wise_crimes_committed_IPC_2001_2012.csv,17_Crime_by_place_of_occurrence_2014.csv,DISTRICT_WISE_CRIME,CRIME_PLACE_OF_OCCURRENCE,"year, state",2
01_District_wise_crimes_committed_IPC_2001_2012.csv,18_01_Juveniles_arrested_Education.csv,DISTRICT_WISE_CRIME,JUVENILE,year,1
01_District_wise_crimes_committed_IPC_2001_2012.csv,18_02_Juveniles_arrested_Economic_setup.csv,DISTRICT_WISE_CRIME,JUVENILE,year,1
01_District_wise_crimes_committed_IPC_2001_2012.csv,18_03_Juveniles_arrested_Family_background.csv,DISTRICT_WISE_CRIME,JUVENILE,year,1
01_District_wise_crimes_committed_IPC_2001_2012.csv,18_04_Juveniles_arrested_Recidivism.csv,DISTRICT_WISE_CRIME,JUVENILE,year,1
01_District_wise_crimes_committed_IPC_2001_2012.csv,19_Motive_or_cause_of_murder_and_culpable_homicide_not_amounting_to_murder.csv,DISTRICT_WISE_CRIME,VICTIM_OFFENDER_CHARACTERISTICS,year,1
01_District_wise_crimes_committed_IPC_2001_2012.csv,20_Victims_of_rape.csv,DISTRICT_WISE_CRIME,VICTIM_OFFENDER_CHARACTERISTICS,year,1
01_District_wise_crimes_committed_IPC_2001_2012.csv,21_Offenders_known_to_the_victim.csv,DISTRICT_WISE_CRIME,VICTIM_OFFENDER_CHARACTERISTICS,year,1
01_District_wise_crimes_committed_IPC_2001_2012.csv,22_Persons_arrested_under_recidivism.csv,DISTRICT_WISE_CRIME,ARREST_DISPOSAL,year,1
01_District_wise_crimes_committed_IPC_2001_2012.csv,23_Anti_corruprion_cases.csv,DISTRICT_WISE_CRIME,ANTI_CORRUPTION,year,1
01_District_wise_crimes_committed_IPC_2001_2012.csv,24_Anti_corruption_arrests.csv,DISTRICT_WISE_CRIME,ANTI_CORRUPTION,year,1
01_District_wise_crimes_committed_IPC_2001_2012.csv,25_Complaints_against_police.csv,DISTRICT_WISE_CRIME,POLICE_ADMINISTRATION,year,1
01_District_wise_crimes_committed_IPC_2001_2012.csv,27_Nature_of_complaints_received_by_police.csv,DISTRICT_WISE_CRIME,POLICE_ADMINISTRATION,year,1
01_District_wise_crimes_committed_IPC_2001_2012.csv,28_Trial_of_violent_crimes_by_courts.csv,DISTRICT_WISE_CRIME,JUSTICE_COURT,year,1
01_District_wise_crimes_committed_IPC_2001_2012.csv,29_Period_of_trials_by_courts.csv,DISTRICT_WISE_CRIME,JUSTICE_COURT,year,1
01_District_wise_crimes_committed_IPC_2001_2012.csv,30_Auto_theft.csv,DISTRICT_WISE_CRIME,PROPERTY_CRIME,year,1
01_District_wise_crimes_committed_IPC_2001_2012.csv,31_Serious_fraud.csv,DISTRICT_WISE_CRIME,PROPERTY_CRIME,year,1
01_District_wise_crimes_committed_IPC_2001_2012.csv,32_Murder_victim_age_sex.csv,DISTRICT_WISE_CRIME,VICTIM_OFFENDER_CHARACTERISTICS,year,1
01_District_wise_crimes_committed_IPC_2001_2012.csv,33_CH_not_murder_victim_age_sex.csv,DISTRICT_WISE_CRIME,VICTIM_OFFENDER_CHARACTERISTICS,year,1
01_District_wise_crimes_committed_IPC_2001_2012.csv,34_Use_of_fire_arms_in_murder_cases.csv,DISTRICT_WISE_CRIME,VICTIM_OFFENDER_CHARACTERISTICS,year,1
01_District_wise_crimes_committed_IPC_2001_2012.csv,35_Human_rights_violation_by_police.csv,DISTRICT_WISE_CRIME,POLICE_ADMINISTRATION,year,1
01_District_wise_crimes_committed_IPC_2001_2012.csv,36_Police_housing.csv,DISTRICT_WISE_CRIME,POLICE_ADMINISTRATION,year,1
01_District_wise_crimes_committed_IPC_2001_2012.csv,37_Home_guards_and_auxilliary_force.csv,DISTRICT_WISE_CRIME,POLICE_ADMINISTRATION,year,1
01_District_wise_crimes_committed_IPC_2001_2012.csv,38_Unidentified_dead_bodies_recovered_and_inquest_conducted.csv,DISTRICT_WISE_CRIME,OTHER_SPECIALIZED,year,1
01_District_wise_crimes_committed_IPC_2001_2012.csv,39_Specific_purpose_of_kidnapping_and_abduction.csv,DISTRICT_WISE_CRIME,VICTIM_OFFENDER_CHARACTERISTICS,year,1
01_District_wise_crimes_committed_IPC_2001_2012.csv,40_01_Custodial_death_person_remanded.csv,DISTRICT_WISE_CRIME,JUSTICE_COURT,year,1
01_District_wise_crimes_committed_IPC_2001_2012.csv,40_02_Custodial_death_person_not_remanded.csv,DISTRICT_WISE_CRIME,JUSTICE_COURT,year,1
01_District_wise_crimes_committed_IPC_2001_2012.csv,40_03_Custodial_death_during_production.csv,DISTRICT_WISE_CRIME,JUSTICE_COURT,year,1
01_District_wise_crimes_committed_IPC_2001_2012.csv,40_04_Custodial_death_during_hospitalization_or_treatment.csv,DISTRICT_WISE_CRIME,JUSTICE_COURT,year,1
01_District_wise_crimes_committed_IPC_2001_2012.csv,40_05_Custodial_death_others.csv,DISTRICT_WISE_CRIME,JUSTICE_COURT,year,1
01_District_wise_crimes_committed_IPC_2001_2012.csv,41_Escapes_from_police_custody.csv,DISTRICT_WISE_CRIME,POLICE_ADMINISTRATION,year,1
01_District_wise_crimes_committed_IPC_2001_2012.csv,42_Cases_under_crime_against_women.csv,DISTRICT_WISE_CRIME,JUSTICE_COURT,year,1
01_District_wise_crimes_committed_IPC_2001_2012.csv,42_District_wise_crimes_committed_against_women_2001_2012.csv,DISTRICT_WISE_CRIME,DISTRICT_WISE_CRIME,"year, state, district",3
01_District_wise_crimes_committed_IPC_2001_2012.csv,42_District_wise_crimes_committed_against_women_2013.csv,DISTRICT_WISE_CRIME,DISTRICT_WISE_CRIME,"year, state, district",3
01_District_wise_crimes_committed_IPC_2001_2012.csv,42_District_wise_crimes_committed_against_women_2014.csv,DISTRICT_WISE_CRIME,DISTRICT_WISE_CRIME,"year, state, district",3
01_District_wise_crimes_committed_IPC_2001_2012.csv,43_Arrests_under_crime_against_women.csv,DISTRICT_WISE_CRIME,ARREST_DISPOSAL,year,1
01_District_wise_crimes_committed_IPC_2013.csv,01_District_wise_crimes_committed_IPC_2014.csv,DISTRICT_WISE_CRIME,DISTRICT_WISE_CRIME,"year, state, district",3
01_District_wise_crimes_committed_IPC_2013.csv,02_01_District_wise_crimes_committed_against_SC_2001_2012.csv,DISTRICT_WISE_CRIME,DISTRICT_WISE_CRIME,"year, state, district",3
01_District_wise_crimes_committed_IPC_2013.csv,02_01_District_wise_crimes_committed_against_SC_2013.csv,DISTRICT_WISE_CRIME,DISTRICT_WISE_CRIME,"year, state, district",3
01_District_wise_crimes_committed_IPC_2013.csv,02_01_District_wise_crimes_committed_against_SC_2014.csv,DISTRICT_WISE_CRIME,DISTRICT_WISE_CRIME,"year, state, district",3
01_District_wise_crimes_committed_IPC_2013.csv,02_District_wise_crimes_committed_against_ST_2001_2012.csv,DISTRICT_WISE_CRIME,DISTRICT_WISE_CRIME,"year, state, district",3
01_District_wise_crimes_committed_IPC_2013.csv,02_District_wise_crimes_committed_against_ST_2013.csv,DISTRICT_WISE_CRIME,DISTRICT_WISE_CRIME,"year, state, district",3
01_District_wise_crimes_committed_IPC_2013.csv,02_District_wise_crimes_committed_against_ST_2014.csv,DISTRICT_WISE_CRIME,DISTRICT_WISE_CRIME,"year, state, district",3
01_District_wise_crimes_committed_IPC_2013.csv,03_District_wise_crimes_committed_against_children_2001_2012.csv,DISTRICT_WISE_CRIME,DISTRICT_WISE_CRIME,"year, state, district",3
01_District_wise_crimes_committed_IPC_2013.csv,03_District_wise_crimes_committed_against_children_2013.csv,DISTRICT_WISE_CRIME,DISTRICT_WISE_CRIME,"year, state, district",3
01_District_wise_crimes_committed_IPC_2013.csv,03_Persons_arrested_and_their_disposal_by_police_and_court_under_crime_against_children_2012.csv,DISTRICT_WISE_CRIME,ARREST_DISPOSAL,"year, state",2
01_District_wise_crimes_committed_IPC_2013.csv,03_Persons_arrested_and_their_disposal_by_police_and_court_under_crime_against_children_2013.csv,DISTRICT_WISE_CRIME,ARREST_DISPOSAL,"year, state",2
01_District_wise_crimes_committed_IPC_2013.csv,03_Persons_arrested_and_their_disposal_by_police_and_court_under_crime_against_children_2014.csv,DISTRICT_WISE_CRIME,ARREST_DISPOSAL,"year, state",2
01_District_wise_crimes_committed_IPC_2013.csv,04_01_Person_arrested_and_their_disposal_by_police_and_court_SLL_crime_2012.csv,DISTRICT_WISE_CRIME,ARREST_DISPOSAL,"year, state",2
01_District_wise_crimes_committed_IPC_2013.csv,04_01_Person_arrested_and_their_disposal_by_police_and_court_SLL_crime_2013.csv,DISTRICT_WISE_CRIME,ARREST_DISPOSAL,"year, state",2
01_District_wise_crimes_committed_IPC_2013.csv,04_01_Person_arrested_and_their_disposal_by_police_and_court_SLL_crime_2014.csv,DISTRICT_WISE_CRIME,ARREST_DISPOSAL,"year, state",2
01_District_wise_crimes_committed_IPC_2013.csv,04_02_Person_arrested_and_their_disposal_by_police_and_court_IPC_crime_2012.csv,DISTRICT_WISE_CRIME,ARREST_DISPOSAL,"year, state",2
01_District_wise_crimes_committed_IPC_2013.csv,04_02_Person_arrested_and_their_disposal_by_police_and_court_IPC_crime_2013.csv,DISTRICT_WISE_CRIME,ARREST_DISPOSAL,"year, state",2
01_District_wise_crimes_committed_IPC_2013.csv,04_02_Person_arrested_and_their_disposal_by_police_and_court_IPC_crime_2014.csv,DISTRICT_WISE_CRIME,ARREST_DISPOSAL,"year, state",2
01_District_wise_crimes_committed_IPC_2013.csv,07_01_Persons_arrested_by_sex_and_age_group_IPC_2012.csv,DISTRICT_WISE_CRIME,ARREST_DISPOSAL,state,1
01_District_wise_crimes_committed_IPC_2013.csv,07_01_Persons_arrested_by_sex_and_age_group_IPC_2013.csv,DISTRICT_WISE_CRIME,ARREST_DISPOSAL,state,1
01_District_wise_crimes_committed_IPC_2013.csv,07_01_Persons_arrested_by_sex_and_age_group_IPC_2014.csv,DISTRICT_WISE_CRIME,ARREST_DISPOSAL,"year, state",2
01_District_wise_crimes_committed_IPC_2013.csv,07_02_Persons_arrested_by_sex_and_age_group_SLL_2012.csv,DISTRICT_WISE_CRIME,ARREST_DISPOSAL,state,1
01_District_wise_crimes_committed_IPC_2013.csv,07_02_Persons_arrested_by_sex_and_age_group_SLL_2013.csv,DISTRICT_WISE_CRIME,ARREST_DISPOSAL,state,1
01_District_wise_crimes_committed_IPC_2013.csv,07_02_Persons_arrested_by_sex_and_age_group_SLL_2014.csv,DISTRICT_WISE_CRIME,ARREST_DISPOSAL,"year, state",2
01_District_wise_crimes_committed_IPC_2013.csv,08_01_Juvenile_apprehended_state_IPC.csv,DISTRICT_WISE_CRIME,JUVENILE,"year, state",2
01_District_wise_crimes_committed_IPC_2013.csv,08_02_Juvenile_apprehended_state_SLL.csv,DISTRICT_WISE_CRIME,JUVENILE,"year, state",2
01_District_wise_crimes_committed_IPC_2013.csv,09_Juveniles_arrested_and_their_disposal.csv,DISTRICT_WISE_CRIME,JUVENILE,year,1
01_District_wise_crimes_committed_IPC_2013.csv,10_Property_stolen_and_recovered.csv,DISTRICT_WISE_CRIME,PROPERTY_CRIME,year,1
01_District_wise_crimes_committed_IPC_2013.csv,11_Property_stolen_and_recovered_nature_of_property.csv,DISTRICT_WISE_CRIME,PROPERTY_CRIME,year,1
01_District_wise_crimes_committed_IPC_2013.csv,12_Police_strength_actual_and_sanctioned.csv,DISTRICT_WISE_CRIME,POLICE_ADMINISTRATION,year,1
01_District_wise_crimes_committed_IPC_2013.csv,13_Police_killed_or_injured_on_duty.csv,DISTRICT_WISE_CRIME,POLICE_ADMINISTRATION,year,1
01_District_wise_crimes_committed_IPC_2013.csv,14_Age_profile_of_police_personnel_killed_on_duty.csv,DISTRICT_WISE_CRIME,POLICE_ADMINISTRATION,year,1
01_District_wise_crimes_committed_IPC_2013.csv,15_Police_natural_death_and_suicide.csv,DISTRICT_WISE_CRIME,POLICE_ADMINISTRATION,year,1
01_District_wise_crimes_committed_IPC_2013.csv,16_Casualties_under_police_firing_and_lathi_charge.csv,DISTRICT_WISE_CRIME,POLICE_ADMINISTRATION,year,1
01_District_wise_crimes_committed_IPC_2013.csv,17_Case_reported_and_value_of_property_taken_away_by_place_of_occurrence_2001_2012.csv,DISTRICT_WISE_CRIME,PROPERTY_CRIME,"year, state",2
01_District_wise_crimes_committed_IPC_2013.csv,17_Case_reported_and_value_of_property_taken_away_by_place_of_occurrence_2013.csv,DISTRICT_WISE_CRIME,PROPERTY_CRIME,"year, state",2
01_District_wise_crimes_committed_IPC_2013.csv,17_Crime_by_place_of_occurrence_2001_2012.csv,DISTRICT_WISE_CRIME,CRIME_PLACE_OF_OCCURRENCE,"year, state",2
01_District_wise_crimes_committed_IPC_2013.csv,17_Crime_by_place_of_occurrence_2013.csv,DISTRICT_WISE_CRIME,CRIME_PLACE_OF_OCCURRENCE,"year, state",2
01_District_wise_crimes_committed_IPC_2013.csv,17_Crime_by_place_of_occurrence_2014.csv,DISTRICT_WISE_CRIME,CRIME_PLACE_OF_OCCURRENCE,"year, state",2
01_District_wise_crimes_committed_IPC_2013.csv,18_01_Juveniles_arrested_Education.csv,DISTRICT_WISE_CRIME,JUVENILE,year,1
01_District_wise_crimes_committed_IPC_2013.csv,18_02_Juveniles_arrested_Economic_setup.csv,DISTRICT_WISE_CRIME,JUVENILE,year,1
01_District_wise_crimes_committed_IPC_2013.csv,18_03_Juveniles_arrested_Family_background.csv,DISTRICT_WISE_CRIME,JUVENILE,year,1
01_District_wise_crimes_committed_IPC_2013.csv,18_04_Juveniles_arrested_Recidivism.csv,DISTRICT_WISE_CRIME,JUVENILE,year,1
01_District_wise_crimes_committed_IPC_2013.csv,19_Motive_or_cause_of_murder_and_culpable_homicide_not_amounting_to_murder.csv,DISTRICT_WISE_CRIME,VICTIM_OFFENDER_CHARACTERISTICS,year,1
01_District_wise_crimes_committed_IPC_2013.csv,20_Victims_of_rape.csv,DISTRICT_WISE_CRIME,VICTIM_OFFENDER_CHARACTERISTICS,year,1
01_District_wise_crimes_committed_IPC_2013.csv,21_Offenders_known_to_the_victim.csv,DISTRICT_WISE_CRIME,VICTIM_OFFENDER_CHARACTERISTICS,year,1
01_District_wise_crimes_committed_IPC_2013.csv,22_Persons_arrested_under_recidivism.csv,DISTRICT_WISE_CRIME,ARREST_DISPOSAL,year,1
01_District_wise_crimes_committed_IPC_2013.csv,23_Anti_corruprion_cases.csv,DISTRICT_WISE_CRIME,ANTI_CORRUPTION,year,1
01_District_wise_crimes_committed_IPC_2013.csv,24_Anti_corruption_arrests.csv,DISTRICT_WISE_CRIME,ANTI_CORRUPTION,year,1
01_District_wise_crimes_committed_IPC_2013.csv,25_Complaints_against_police.csv,DISTRICT_WISE_CRIME,POLICE_ADMINISTRATION,year,1
01_District_wise_crimes_committed_IPC_2013.csv,27_Nature_of_complaints_received_by_police.csv,DISTRICT_WISE_CRIME,POLICE_ADMINISTRATION,year,1
01_District_wise_crimes_committed_IPC_2013.csv,28_Trial_of_violent_crimes_by_courts.csv,DISTRICT_WISE_CRIME,JUSTICE_COURT,year,1
01_District_wise_crimes_committed_IPC_2013.csv,29_Period_of_trials_by_courts.csv,DISTRICT_WISE_CRIME,JUSTICE_COURT,year,1
01_District_wise_crimes_committed_IPC_2013.csv,30_Auto_theft.csv,DISTRICT_WISE_CRIME,PROPERTY_CRIME,year,1
01_District_wise_crimes_committed_IPC_2013.csv,31_Serious_fraud.csv,DISTRICT_WISE_CRIME,PROPERTY_CRIME,year,1
01_District_wise_crimes_committed_IPC_2013.csv,32_Murder_victim_age_sex.csv,DISTRICT_WISE_CRIME,VICTIM_OFFENDER_CHARACTERISTICS,year,1
01_District_wise_crimes_committed_IPC_2013.csv,33_CH_not_murder_victim_age_sex.csv,DISTRICT_WISE_CRIME,VICTIM_OFFENDER_CHARACTERISTICS,year,1
01_District_wise_crimes_committed_IPC_2013.csv,34_Use_of_fire_arms_in_murder_cases.csv,DISTRICT_WISE_CRIME,VICTIM_OFFENDER_CHARACTERISTICS,year,1
01_District_wise_crimes_committed_IPC_2013.csv,35_Human_rights_violation_by_police.csv,DISTRICT_WISE_CRIME,POLICE_ADMINISTRATION,year,1
01_District_wise_crimes_committed_IPC_2013.csv,36_Police_housing.csv,DISTRICT_WISE_CRIME,POLICE_ADMINISTRATION,year,1
01_District_wise_crimes_committed_IPC_2013.csv,37_Home_guards_and_auxilliary_force.csv,DISTRICT_WISE_CRIME,POLICE_ADMINISTRATION,year,1
01_District_wise_crimes_committed_IPC_2013.csv,38_Unidentified_dead_bodies_recovered_and_inquest_conducted.csv,DISTRICT_WISE_CRIME,OTHER_SPECIALIZED,year,1
01_District_wise_crimes_committed_IPC_2013.csv,39_Specific_purpose_of_kidnapping_and_abduction.csv,DISTRICT_WISE_CRIME,VICTIM_OFFENDER_CHARACTERISTICS,year,1
01_District_wise_crimes_committed_IPC_2013.csv,40_01_Custodial_death_person_remanded.csv,DISTRICT_WISE_CRIME,JUSTICE_COURT,year,1
01_District_wise_crimes_committed_IPC_2013.csv,40_02_Custodial_death_person_not_remanded.csv,DISTRICT_WISE_CRIME,JUSTICE_COURT,year,1
01_District_wise_crimes_committed_IPC_2013.csv,40_03_Custodial_death_during_production.csv,DISTRICT_WISE_CRIME,JUSTICE_COURT,year,1
01_District_wise_crimes_committed_IPC_2013.csv,40_04_Custodial_death_during_hospitalization_or_treatment.csv,DISTRICT_WISE_CRIME,JUSTICE_COURT,year,1
01_District_wise_crimes_committed_IPC_2013.csv,40_05_Custodial_death_others.csv,DISTRICT_WISE_CRIME,JUSTICE_COURT,year,1
01_District_wise_crimes_committed_IPC_2013.csv,41_Escapes_from_police_custody.csv,DISTRICT_WISE_CRIME,POLICE_ADMINISTRATION,year,1
01_District_wise_crimes_committed_IPC_2013.csv,42_Cases_under_crime_against_women.csv,DISTRICT_WISE_CRIME,JUSTICE_COURT,year,1
01_District_wise_crimes_committed_IPC_2013.csv,42_District_wise_crimes_committed_against_women_2001_2012.csv,DISTRICT_WISE_CRIME,DISTRICT_WISE_CRIME,"year, state, district",3
01_District_wise_crimes_committed_IPC_2013.csv,42_District_wise_crimes_committed_against_women_2013.csv,DISTRICT_WISE_CRIME,DISTRICT_WISE_CRIME,"year, state, district",3
01_District_wise_crimes_committed_IPC_2013.csv,42_District_wise_crimes_committed_against_women_2014.csv,DISTRICT_WISE_CRIME,DISTRICT_WISE_CRIME,"year, state, district",3
01_District_wise_crimes_committed_IPC_2013.csv,43_Arrests_under_crime_against_women.csv,DISTRICT_WISE_CRIME,ARREST_DISPOSAL,year,1
01_District_wise_crimes_committed_IPC_2014.csv,02_01_District_wise_crimes_committed_against_SC_2001_2012.csv,DISTRICT_WISE_CRIME,DISTRICT_WISE_CRIME,"year, state, district",3
01_District_wise_crimes_committed_IPC_2014.csv,02_01_District_wise_crimes_committed_against_SC_2013.csv,DISTRICT_WISE_CRIME,DISTRICT_WISE_CRIME,"year, state, district",3
01_District_wise_crimes_committed_IPC_2014.csv,02_01_District_wise_crimes_committed_against_SC_2014.csv,DISTRICT_WISE_CRIME,DISTRICT_WISE_CRIME,"year, state, district",3
01_District_wise_crimes_committed_IPC_2014.csv,02_District_wise_crimes_committed_against_ST_2001_2012.csv,DISTRICT_WISE_CRIME,DISTRICT_WISE_CRIME,"year, state, district",3
01_District_wise_crimes_committed_IPC_2014.csv,02_District_wise_crimes_committed_against_ST_2013.csv,DISTRICT_WISE_CRIME,DISTRICT_WISE_CRIME,"year, state, district",3
01_District_wise_crimes_committed_IPC_2014.csv,02_District_wise_crimes_committed_against_ST_2014.csv,DISTRICT_WISE_CRIME,DISTRICT_WISE_CRIME,"year, state, district",3
01_District_wise_crimes_committed_IPC_2014.csv,03_District_wise_crimes_committed_against_children_2001_2012.csv,DISTRICT_WISE_CRIME,DISTRICT_WISE_CRIME,"year, state, district",3
01_District_wise_crimes_committed_IPC_2014.csv,03_District_wise_crimes_committed_against_children_2013.csv,DISTRICT_WISE_CRIME,DISTRICT_WISE_CRIME,"year, state, district",3
01_District_wise_crimes_committed_IPC_2014.csv,03_Persons_arrested_and_their_disposal_by_police_and_court_under_crime_against_children_2012.csv,DISTRICT_WISE_CRIME,ARREST_DISPOSAL,"year, state",2
01_District_wise_crimes_committed_IPC_2014.csv,03_Persons_arrested_and_their_disposal_by_police_and_court_under_crime_against_children_2013.csv,DISTRICT_WISE_CRIME,ARREST_DISPOSAL,"year, state",2
01_District_wise_crimes_committed_IPC_2014.csv,03_Persons_arrested_and_their_disposal_by_police_and_court_under_crime_against_children_2014.csv,DISTRICT_WISE_CRIME,ARREST_DISPOSAL,"year, state",2
01_District_wise_crimes_committed_IPC_2014.csv,04_01_Person_arrested_and_their_disposal_by_police_and_court_SLL_crime_2012.csv,DISTRICT_WISE_CRIME,ARREST_DISPOSAL,"year, state",2
01_District_wise_crimes_committed_IPC_2014.csv,04_01_Person_arrested_and_their_disposal_by_police_and_court_SLL_crime_2013.csv,DISTRICT_WISE_CRIME,ARREST_DISPOSAL,"year, state",2
01_District_wise_crimes_committed_IPC_2014.csv,04_01_Person_arrested_and_their_disposal_by_police_and_court_SLL_crime_2014.csv,DISTRICT_WISE_CRIME,ARREST_DISPOSAL,"year, state",2
01_District_wise_crimes_committed_IPC_2014.csv,04_02_Person_arrested_and_their_disposal_by_police_and_court_IPC_crime_2012.csv,DISTRICT_WISE_CRIME,ARREST_DISPOSAL,"year, state",2
01_District_wise_crimes_committed_IPC_2014.csv,04_02_Person_arrested_and_their_disposal_by_police_and_court_IPC_crime_2013.csv,DISTRICT_WISE_CRIME,ARREST_DISPOSAL,"year, state",2
01_District_wise_crimes_committed_IPC_2014.csv,04_02_Person_arrested_and_their_disposal_by_police_and_court_IPC_crime_2014.csv,DISTRICT_WISE_CRIME,ARREST_DISPOSAL,"year, state",2
01_District_wise_crimes_committed_IPC_2014.csv,07_01_Persons_arrested_by_sex_and_age_group_IPC_2012.csv,DISTRICT_WISE_CRIME,ARREST_DISPOSAL,state,1
01_District_wise_crimes_committed_IPC_2014.csv,07_01_Persons_arrested_by_sex_and_age_group_IPC_2013.csv,DISTRICT_WISE_CRIME,ARREST_DISPOSAL,state,1
01_District_wise_crimes_committed_IPC_2014.csv,07_01_Persons_arrested_by_sex_and_age_group_IPC_2014.csv,DISTRICT_WISE_CRIME,ARREST_DISPOSAL,"year, state",2
01_District_wise_crimes_committed_IPC_2014.csv,07_02_Persons_arrested_by_sex_and_age_group_SLL_2012.csv,DISTRICT_WISE_CRIME,ARREST_DISPOSAL,state,1
01_District_wise_crimes_committed_IPC_2014.csv,07_02_Persons_arrested_by_sex_and_age_group_SLL_2013.csv,DISTRICT_WISE_CRIME,ARREST_DISPOSAL,state,1
01_District_wise_crimes_committed_IPC_2014.csv,07_02_Persons_arrested_by_sex_and_age_group_SLL_2014.csv,DISTRICT_WISE_CRIME,ARREST_DISPOSAL,"year, state",2
01_District_wise_crimes_committed_IPC_2014.csv,08_01_Juvenile_apprehended_state_IPC.csv,DISTRICT_WISE_CRIME,JUVENILE,"year, state",2
01_District_wise_crimes_committed_IPC_2014.csv,08_02_Juvenile_apprehended_state_SLL.csv,DISTRICT_WISE_CRIME,JUVENILE,"year, state",2
01_District_wise_crimes_committed_IPC_2014.csv,09_Juveniles_arrested_and_their_disposal.csv,DISTRICT_WISE_CRIME,JUVENILE,year,1
01_District_wise_crimes_committed_IPC_2014.csv,10_Property_stolen_and_recovered.csv,DISTRICT_WISE_CRIME,PROPERTY_CRIME,year,1
01_District_wise_crimes_committed_IPC_2014.csv,11_Property_stolen_and_recovered_nature_of_property.csv,DISTRICT_WISE_CRIME,PROPERTY_CRIME,year,1
01_District_wise_crimes_committed_IPC_2014.csv,12_Police_strength_actual_and_sanctioned.csv,DISTRICT_WISE_CRIME,POLICE_ADMINISTRATION,year,1
01_District_wise_crimes_committed_IPC_2014.csv,13_Police_killed_or_injured_on_duty.csv,DISTRICT_WISE_CRIME,POLICE_ADMINISTRATION,year,1
01_District_wise_crimes_committed_IPC_2014.csv,14_Age_profile_of_police_personnel_killed_on_duty.csv,DISTRICT_WISE_CRIME,POLICE_ADMINISTRATION,year,1
01_District_wise_crimes_committed_IPC_2014.csv,15_Police_natural_death_and_suicide.csv,DISTRICT_WISE_CRIME,POLICE_ADMINISTRATION,year,1
01_District_wise_crimes_committed_IPC_2014.csv,16_Casualties_under_police_firing_and_lathi_charge.csv,DISTRICT_WISE_CRIME,POLICE_ADMINISTRATION,year,1
01_District_wise_crimes_committed_IPC_2014.csv,17_Case_reported_and_value_of_property_taken_away_by_place_of_occurrence_2001_2012.csv,DISTRICT_WISE_CRIME,PROPERTY_CRIME,"year, state",2
01_District_wise_crimes_committed_IPC_2014.csv,17_Case_reported_and_value_of_property_taken_away_by_place_of_occurrence_2013.csv,DISTRICT_WISE_CRIME,PROPERTY_CRIME,"year, state",2
01_District_wise_crimes_committed_IPC_2014.csv,17_Crime_by_place_of_occurrence_2001_2012.csv,DISTRICT_WISE_CRIME,CRIME_PLACE_OF_OCCURRENCE,"year, state",2
01_District_wise_crimes_committed_IPC_2014.csv,17_Crime_by_place_of_occurrence_2013.csv,DISTRICT_WISE_CRIME,CRIME_PLACE_OF_OCCURRENCE,"year, state",2
01_District_wise_crimes_committed_IPC_2014.csv,17_Crime_by_place_of_occurrence_2014.csv,DISTRICT_WISE_CRIME,CRIME_PLACE_OF_OCCURRENCE,"year, state",2
01_District_wise_crimes_committed_IPC_2014.csv,18_01_Juveniles_arrested_Education.csv,DISTRICT_WISE_CRIME,JUVENILE,year,1
01_District_wise_crimes_committed_IPC_2014.csv,18_02_Juveniles_arrested_Economic_setup.csv,DISTRICT_WISE_CRIME,JUVENILE,year,1
01_District_wise_crimes_committed_IPC_2014.csv,18_03_Juveniles_arrested_Family_background.csv,DISTRICT_WISE_CRIME,JUVENILE,year,1
01_District_wise_crimes_committed_IPC_2014.csv,18_04_Juveniles_arrested_Recidivism.csv,DISTRICT_WISE_CRIME,JUVENILE,year,1
01_District_wise_crimes_committed_IPC_2014.csv,19_Motive_or_cause_of_murder_and_culpable_homicide_not_amounting_to_murder.csv,DISTRICT_WISE_CRIME,VICTIM_OFFENDER_CHARACTERISTICS,year,1
01_District_wise_crimes_committed_IPC_2014.csv,20_Victims_of_rape.csv,DISTRICT_WISE_CRIME,VICTIM_OFFENDER_CHARACTERISTICS,year,1
01_District_wise_crimes_committed_IPC_2014.csv,21_Offenders_known_to_the_victim.csv,DISTRICT_WISE_CRIME,VICTIM_OFFENDER_CHARACTERISTICS,year,1
01_District_wise_crimes_committed_IPC_2014.csv,22_Persons_arrested_under_recidivism.csv,DISTRICT_WISE_CRIME,ARREST_DISPOSAL,year,1
01_District_wise_crimes_committed_IPC_2014.csv,23_Anti_corruprion_cases.csv,DISTRICT_WISE_CRIME,ANTI_CORRUPTION,year,1
01_District_wise_crimes_committed_IPC_2014.csv,24_Anti_corruption_arrests.csv,DISTRICT_WISE_CRIME,ANTI_CORRUPTION,year,1
01_District_wise_crimes_committed_IPC_2014.csv,25_Complaints_against_police.csv,DISTRICT_WISE_CRIME,POLICE_ADMINISTRATION,year,1
01_District_wise_crimes_committed_IPC_2014.csv,27_Nature_of_complaints_received_by_police.csv,DISTRICT_WISE_CRIME,POLICE_ADMINISTRATION,year,1
01_District_wise_crimes_committed_IPC_2014.csv,28_Trial_of_violent_crimes_by_courts.csv,DISTRICT_WISE_CRIME,JUSTICE_COURT,year,1
01_District_wise_crimes_committed_IPC_2014.csv,29_Period_of_trials_by_courts.csv,DISTRICT_WISE_CRIME,JUSTICE_COURT,year,1
01_District_wise_crimes_committed_IPC_2014.csv,30_Auto_theft.csv,DISTRICT_WISE_CRIME,PROPERTY_CRIME,year,1
01_District_wise_crimes_committed_IPC_2014.csv,31_Serious_fraud.csv,DISTRICT_WISE_CRIME,PROPERTY_CRIME,year,1
01_District_wise_crimes_committed_IPC_2014.csv,32_Murder_victim_age_sex.csv,DISTRICT_WISE_CRIME,VICTIM_OFFENDER_CHARACTERISTICS,year,1
01_District_wise_crimes_committed_IPC_2014.csv,33_CH_not_murder_victim_age_sex.csv,DISTRICT_WISE_CRIME,VICTIM_OFFENDER_CHARACTERISTICS,year,1
01_District_wise_crimes_committed_IPC_2014.csv,34_Use_of_fire_arms_in_murder_cases.csv,DISTRICT_WISE_CRIME,VICTIM_OFFENDER_CHARACTERISTICS,year,1
01_District_wise_crimes_committed_IPC_2014.csv,35_Human_rights_violation_by_police.csv,DISTRICT_WISE_CRIME,POLICE_ADMINISTRATION,year,1
01_District_wise_crimes_committed_IPC_2014.csv,36_Police_housing.csv,DISTRICT_WISE_CRIME,POLICE_ADMINISTRATION,year,1
01_District_wise_crimes_committed_IPC_2014.csv,37_Home_guards_and_auxilliary_force.csv,DISTRICT_WISE_CRIME,POLICE_ADMINISTRATION,year,1
01_District_wise_crimes_committed_IPC_2014.csv,38_Unidentified_dead_bodies_recovered_and_inquest_conducted.csv,DISTRICT_WISE_CRIME,OTHER_SPECIALIZED,year,1
01_District_wise_crimes_committed_IPC_2014.csv,39_Specific_purpose_of_kidnapping_and_abduction.csv,DISTRICT_WISE_CRIME,VICTIM_OFFENDER_CHARACTERISTICS,year,1
01_District_wise_crimes_committed_IPC_2014.csv,40_01_Custodial_death_person_remanded.csv,DISTRICT_WISE_CRIME,JUSTICE_COURT,year,1
01_District_wise_crimes_committed_IPC_2014.csv,40_02_Custodial_death_person_not_remanded.csv,DISTRICT_WISE_CRIME,JUSTICE_COURT,year,1
01_District_wise_crimes_committed_IPC_2014.csv,40_03_Custodial_death_during_production.csv,DISTRICT_WISE_CRIME,JUSTICE_COURT,year,1
01_District_wise_crimes_committed_IPC_2014.csv,40_04_Custodial_death_during_hospitalization_or_treatment.csv,DISTRICT_WISE_CRIME,JUSTICE_COURT,year,1
01_District_wise_crimes_committed_IPC_2014.csv,40_05_Custodial_death_others.csv,DISTRICT_WISE_CRIME,JUSTICE_COURT,year,1
01_District_wise_crimes_committed_IPC_2014.csv,41_Escapes_from_police_custody.csv,DISTRICT_WISE_CRIME,POLICE_ADMINISTRATION,year,1
01_District_wise_crimes_committed_IPC_2014.csv,42_Cases_under_crime_against_women.csv,DISTRICT_WISE_CRIME,JUSTICE_COURT,year,1
01_District_wise_crimes_committed_IPC_2014.csv,42_District_wise_crimes_committed_against_women_2001_2012.csv,DISTRICT_WISE_CRIME,DISTRICT_WISE_CRIME,"year, state, district",3
01_District_wise_crimes_committed_IPC_2014.csv,42_District_wise_crimes_committed_against_women_2013.csv,DISTRICT_WISE_CRIME,DISTRICT_WISE_CRIME,"year, state, district",3
01_District_wise_crimes_committed_IPC_2014.csv,42_District_wise_crimes_committed_against_women_2014.csv,DISTRICT_WISE_CRIME,DISTRICT_WISE_CRIME,"year, state, district",3
01_District_wise_crimes_committed_IPC_2014.csv,43_Arrests_under_crime_against_women.csv,DISTRICT_WISE_CRIME,ARREST_DISPOSAL,year,1
02_01_District_wise_crimes_committed_against_SC_2001_2012.csv,02_01_District_wise_crimes_committed_against_SC_2013.csv,DISTRICT_WISE_CRIME,DISTRICT_WISE_CRIME,"year, state, district",3
02_01_District_wise_crimes_committed_against_SC_2001_2012.csv,02_01_District_wise_crimes_committed_against_SC_2014.csv,DISTRICT_WISE_CRIME,DISTRICT_WISE_CRIME,"year, state, district",3
02_01_District_wise_crimes_committed_against_SC_2001_2012.csv,02_District_wise_crimes_committed_against_ST_2001_2012.csv,DISTRICT_WISE_CRIME,DISTRICT_WISE_CRIME,"year, state, district",3
02_01_District_wise_crimes_committed_against_SC_2001_2012.csv,02_District_wise_crimes_committed_against_ST_2013.csv,DISTRICT_WISE_CRIME,DISTRICT_WISE_CRIME,"year, state, district",3
02_01_District_wise_crimes_committed_against_SC_2001_2012.csv,02_District_wise_crimes_committed_against_ST_2014.csv,DISTRICT_WISE_CRIME,DISTRICT_WISE_CRIME,"year, state, district",3
02_01_District_wise_crimes_committed_against_SC_2001_2012.csv,03_District_wise_crimes_committed_against_children_2001_2012.csv,DISTRICT_WISE_CRIME,DISTRICT_WISE_CRIME,"year, state, district",3
02_01_District_wise_crimes_committed_against_SC_2001_2012.csv,03_District_wise_crimes_committed_against_children_2013.csv,DISTRICT_WISE_CRIME,DISTRICT_WISE_CRIME,"year, state, district",3
02_01_District_wise_crimes_committed_against_SC_2001_2012.csv,03_Persons_arrested_and_their_disposal_by_police_and_court_under_crime_against_children_2012.csv,DISTRICT_WISE_CRIME,ARREST_DISPOSAL,"year, state",2
02_01_District_wise_crimes_committed_against_SC_2001_2012.csv,03_Persons_arrested_and_their_disposal_by_police_and_court_under_crime_against_children_2013.csv,DISTRICT_WISE_CRIME,ARREST_DISPOSAL,"year, state",2
02_01_District_wise_crimes_committed_against_SC_2001_2012.csv,03_Persons_arrested_and_their_disposal_by_police_and_court_under_crime_against_children_2014.csv,DISTRICT_WISE_CRIME,ARREST_DISPOSAL,"year, state",2
02_01_District_wise_crimes_committed_against_SC_2001_2012.csv,04_01_Person_arrested_and_their_disposal_by_police_and_court_SLL_crime_2012.csv,DISTRICT_WISE_CRIME,ARREST_DISPOSAL,"year, state",2
02_01_District_wise_crimes_committed_against_SC_2001_2012.csv,04_01_Person_arrested_and_their_disposal_by_police_and_court_SLL_crime_2013.csv,DISTRICT_WISE_CRIME,ARREST_DISPOSAL,"year, state",2
02_01_District_wise_crimes_committed_against_SC_2001_2012.csv,04_01_Person_arrested_and_their_disposal_by_police_and_court_SLL_crime_2014.csv,DISTRICT_WISE_CRIME,ARREST_DISPOSAL,"year, state",2
02_01_District_wise_crimes_committed_against_SC_2001_2012.csv,04_02_Person_arrested_and_their_disposal_by_police_and_court_IPC_crime_2012.csv,DISTRICT_WISE_CRIME,ARREST_DISPOSAL,"year, state",2
02_01_District_wise_crimes_committed_against_SC_2001_2012.csv,04_02_Person_arrested_and_their_disposal_by_police_and_court_IPC_crime_2013.csv,DISTRICT_WISE_CRIME,ARREST_DISPOSAL,"year, state",2
02_01_District_wise_crimes_committed_against_SC_2001_2012.csv,04_02_Person_arrested_and_their_disposal_by_police_and_court_IPC_crime_2014.csv,DISTRICT_WISE_CRIME,ARREST_DISPOSAL,"year, state",2
02_01_District_wise_crimes_committed_against_SC_2001_2012.csv,07_01_Persons_arrested_by_sex_and_age_group_IPC_2012.csv,DISTRICT_WISE_CRIME,ARREST_DISPOSAL,state,1
02_01_District_wise_crimes_committed_against_SC_2001_2012.csv,07_01_Persons_arrested_by_sex_and_age_group_IPC_2013.csv,DISTRICT_WISE_CRIME,ARREST_DISPOSAL,state,1
02_01_District_wise_crimes_committed_against_SC_2001_2012.csv,07_01_Persons_arrested_by_sex_and_age_group_IPC_2014.csv,DISTRICT_WISE_CRIME,ARREST_DISPOSAL,"year, state",2
02_01_District_wise_crimes_committed_against_SC_2001_2012.csv,07_02_Persons_arrested_by_sex_and_age_group_SLL_2012.csv,DISTRICT_WISE_CRIME,ARREST_DISPOSAL,state,1
02_01_District_wise_crimes_committed_against_SC_2001_2012.csv,07_02_Persons_arrested_by_sex_and_age_group_SLL_2013.csv,DISTRICT_WISE_CRIME,ARREST_DISPOSAL,state,1
02_01_District_wise_crimes_committed_against_SC_2001_2012.csv,07_02_Persons_arrested_by_sex_and_age_group_SLL_2014.csv,DISTRICT_WISE_CRIME,ARREST_DISPOSAL,"year, state",2
02_01_District_wise_crimes_committed_against_SC_2001_2012.csv,08_01_Juvenile_apprehended_state_IPC.csv,DISTRICT_WISE_CRIME,JUVENILE,"year, state",2
02_01_District_wise_crimes_committed_against_SC_2001_2012.csv,08_02_Juvenile_apprehended_state_SLL.csv,DISTRICT_WISE_CRIME,JUVENILE,"year, state",2
02_01_District_wise_crimes_committed_against_SC_2001_2012.csv,09_Juveniles_arrested_and_their_disposal.csv,DISTRICT_WISE_CRIME,JUVENILE,year,1
02_01_District_wise_crimes_committed_against_SC_2001_2012.csv,10_Property_stolen_and_recovered.csv,DISTRICT_WISE_CRIME,PROPERTY_CRIME,year,1
02_01_District_wise_crimes_committed_against_SC_2001_2012.csv,11_Property_stolen_and_recovered_nature_of_property.csv,DISTRICT_WISE_CRIME,PROPERTY_CRIME,year,1
02_01_District_wise_crimes_committed_against_SC_2001_2012.csv,12_Police_strength_actual_and_sanctioned.csv,DISTRICT_WISE_CRIME,POLICE_ADMINISTRATION,year,1
02_01_District_wise_crimes_committed_against_SC_2001_2012.csv,13_Police_killed_or_injured_on_duty.csv,DISTRICT_WISE_CRIME,POLICE_ADMINISTRATION,year,1
02_01_District_wise_crimes_committed_against_SC_2001_2012.csv,14_Age_profile_of_police_personnel_killed_on_duty.csv,DISTRICT_WISE_CRIME,POLICE_ADMINISTRATION,year,1
02_01_District_wise_crimes_committed_against_SC_2001_2012.csv,15_Police_natural_death_and_suicide.csv,DISTRICT_WISE_CRIME,POLICE_ADMINISTRATION,year,1
02_01_District_wise_crimes_committed_against_SC_2001_2012.csv,16_Casualties_under_police_firing_and_lathi_charge.csv,DISTRICT_WISE_CRIME,POLICE_ADMINISTRATION,year,1
02_01_District_wise_crimes_committed_against_SC_2001_2012.csv,17_Case_reported_and_value_of_property_taken_away_by_place_of_occurrence_2001_2012.csv,DISTRICT_WISE_CRIME,PROPERTY_CRIME,"year, state",2
02_01_District_wise_crimes_committed_against_SC_2001_2012.csv,17_Case_reported_and_value_of_property_taken_away_by_place_of_occurrence_2013.csv,DISTRICT_WISE_CRIME,PROPERTY_CRIME,"year, state",2
02_01_District_wise_crimes_committed_against_SC_2001_2012.csv,17_Crime_by_place_of_occurrence_2001_2012.csv,DISTRICT_WISE_CRIME,CRIME_PLACE_OF_OCCURRENCE,"year, state",2
02_01_District_wise_crimes_committed_against_SC_2001_2012.csv,17_Crime_by_place_of_occurrence_2013.csv,DISTRICT_WISE_CRIME,CRIME_PLACE_OF_OCCURRENCE,"year, state",2
02_01_District_wise_crimes_committed_against_SC_2001_2012.csv,17_Crime_by_place_of_occurrence_2014.csv,DISTRICT_WISE_CRIME,CRIME_PLACE_OF_OCCURRENCE,"year, state",2
02_01_District_wise_crimes_committed_against_SC_2001_2012.csv,18_01_Juveniles_arrested_Education.csv,DISTRICT_WISE_CRIME,JUVENILE,year,1
02_01_District_wise_crimes_committed_against_SC_2001_2012.csv,18_02_Juveniles_arrested_Economic_setup.csv,DISTRICT_WISE_CRIME,JUVENILE,year,1
02_01_District_wise_crimes_committed_against_SC_2001_2012.csv,18_03_Juveniles_arrested_Family_background.csv,DISTRICT_WISE_CRIME,JUVENILE,year,1
02_01_District_wise_crimes_committed_against_SC_2001_2012.csv,18_04_Juveniles_arrested_Recidivism.csv,DISTRICT_WISE_CRIME,JUVENILE,year,1
02_01_District_wise_crimes_committed_against_SC_2001_2012.csv,19_Motive_or_cause_of_murder_and_culpable_homicide_not_amounting_to_murder.csv,DISTRICT_WISE_CRIME,VICTIM_OFFENDER_CHARACTERISTICS,year,1
02_01_District_wise_crimes_committed_against_SC_2001_2012.csv,20_Victims_of_rape.csv,DISTRICT_WISE_CRIME,VICTIM_OFFENDER_CHARACTERISTICS,year,1
02_01_District_wise_crimes_committed_against_SC_2001_2012.csv,21_Offenders_known_to_the_victim.csv,DISTRICT_WISE_CRIME,VICTIM_OFFENDER_CHARACTERISTICS,year,1
02_01_District_wise_crimes_committed_against_SC_2001_2012.csv,22_Persons_arrested_under_recidivism.csv,DISTRICT_WISE_CRIME,ARREST_DISPOSAL,year,1
02_01_District_wise_crimes_committed_against_SC_2001_2012.csv,23_Anti_corruprion_cases.csv,DISTRICT_WISE_CRIME,ANTI_CORRUPTION,year,1
02_01_District_wise_crimes_committed_against_SC_2001_2012.csv,24_Anti_corruption_arrests.csv,DISTRICT_WISE_CRIME,ANTI_CORRUPTION,year,1
02_01_District_wise_crimes_committed_against_SC_2001_2012.csv,25_Complaints_against_police.csv,DISTRICT_WISE_CRIME,POLICE_ADMINISTRATION,year,1
02_01_District_wise_crimes_committed_against_SC_2001_2012.csv,27_Nature_of_complaints_received_by_police.csv,DISTRICT_WISE_CRIME,POLICE_ADMINISTRATION,year,1
02_01_District_wise_crimes_committed_against_SC_2001_2012.csv,28_Trial_of_violent_crimes_by_courts.csv,DISTRICT_WISE_CRIME,JUSTICE_COURT,year,1
02_01_District_wise_crimes_committed_against_SC_2001_2012.csv,29_Period_of_trials_by_courts.csv,DISTRICT_WISE_CRIME,JUSTICE_COURT,year,1
02_01_District_wise_crimes_committed_against_SC_2001_2012.csv,30_Auto_theft.csv,DISTRICT_WISE_CRIME,PROPERTY_CRIME,year,1
02_01_District_wise_crimes_committed_against_SC_2001_2012.csv,31_Serious_fraud.csv,DISTRICT_WISE_CRIME,PROPERTY_CRIME,year,1
02_01_District_wise_crimes_committed_against_SC_2001_2012.csv,32_Murder_victim_age_sex.csv,DISTRICT_WISE_CRIME,VICTIM_OFFENDER_CHARACTERISTICS,year,1
02_01_District_wise_crimes_committed_against_SC_2001_2012.csv,33_CH_not_murder_victim_age_sex.csv,DISTRICT_WISE_CRIME,VICTIM_OFFENDER_CHARACTERISTICS,year,1
02_01_District_wise_crimes_committed_against_SC_2001_2012.csv,34_Use_of_fire_arms_in_murder_cases.csv,DISTRICT_WISE_CRIME,VICTIM_OFFENDER_CHARACTERISTICS,year,1
02_01_District_wise_crimes_committed_against_SC_2001_2012.csv,35_Human_rights_violation_by_police.csv,DISTRICT_WISE_CRIME,POLICE_ADMINISTRATION,year,1
02_01_District_wise_crimes_committed_against_SC_2001_2012.csv,36_Police_housing.csv,DISTRICT_WISE_CRIME,POLICE_ADMINISTRATION,year,1
02_01_District_wise_crimes_committed_against_SC_2001_2012.csv,37_Home_guards_and_auxilliary_force.csv,DISTRICT_WISE_CRIME,POLICE_ADMINISTRATION,year,1
02_01_District_wise_crimes_committed_against_SC_2001_2012.csv,38_Unidentified_dead_bodies_recovered_and_inquest_conducted.csv,DISTRICT_WISE_CRIME,OTHER_SPECIALIZED,year,1
02_01_District_wise_crimes_committed_against_SC_2001_2012.csv,39_Specific_purpose_of_kidnapping_and_abduction.csv,DISTRICT_WISE_CRIME,VICTIM_OFFENDER_CHARACTERISTICS,year,1
02_01_District_wise_crimes_committed_against_SC_2001_2012.csv,40_01_Custodial_death_person_remanded.csv,DISTRICT_WISE_CRIME,JUSTICE_COURT,year,1
02_01_District_wise_crimes_committed_against_SC_2001_2012.csv,40_02_Custodial_death_person_not_remanded.csv,DISTRICT_WISE_CRIME,JUSTICE_COURT,year,1
02_01_District_wise_crimes_committed_against_SC_2001_2012.csv,40_03_Custodial_death_during_production.csv,DISTRICT_WISE_CRIME,JUSTICE_COURT,year,1
02_01_District_wise_crimes_committed_against_SC_2001_2012.csv,40_04_Custodial_death_during_hospitalization_or_treatment.csv,DISTRICT_WISE_CRIME,JUSTICE_COURT,year,1
02_01_District_wise_crimes_committed_against_SC_2001_2012.csv,40_05_Custodial_death_others.csv,DISTRICT_WISE_CRIME,JUSTICE_COURT,year,1
02_01_District_wise_crimes_committed_against_SC_2001_2012.csv,41_Escapes_from_police_custody.csv,DISTRICT_WISE_CRIME,POLICE_ADMINISTRATION,year,1
02_01_District_wise_crimes_committed_against_SC_2001_2012.csv,42_Cases_under_crime_against_women.csv,DISTRICT_WISE_CRIME,JUSTICE_COURT,year,1
02_01_District_wise_crimes_committed_against_SC_2001_2012.csv,42_District_wise_crimes_committed_against_women_2001_2012.csv,DISTRICT_WISE_CRIME,DISTRICT_WISE_CRIME,"year, state, district",3
02_01_District_wise_crimes_committed_against_SC_2001_2012.csv,42_District_wise_crimes_committed_against_women_2013.csv,DISTRICT_WISE_CRIME,DISTRICT_WISE_CRIME,"year, state, district",3
02_01_District_wise_crimes_committed_against_SC_2001_2012.csv,42_District_wise_crimes_committed_against_women_2014.csv,DISTRICT_WISE_CRIME,DISTRICT_WISE_CRIME,"year, state, district",3
02_01_District_wise_crimes_committed_against_SC_2001_2012.csv,43_Arrests_under_crime_against_women.csv,DISTRICT_WISE_CRIME,ARREST_DISPOSAL,year,1
02_01_District_wise_crimes_committed_against_SC_2013.csv,02_01_District_wise_crimes_committed_against_SC_2014.csv,DISTRICT_WISE_CRIME,DISTRICT_WISE_CRIME,"year, state, district",3
02_01_District_wise_crimes_committed_against_SC_2013.csv,02_District_wise_crimes_committed_against_ST_2001_2012.csv,DISTRICT_WISE_CRIME,DISTRICT_WISE_CRIME,"year, state, district",3
02_01_District_wise_crimes_committed_against_SC_2013.csv,02_District_wise_crimes_committed_against_ST_2013.csv,DISTRICT_WISE_CRIME,DISTRICT_WISE_CRIME,"year, state, district",3
02_01_District_wise_crimes_committed_against_SC_2013.csv,02_District_wise_crimes_committed_against_ST_2014.csv,DISTRICT_WISE_CRIME,DISTRICT_WISE_CRIME,"year, state, district",3
02_01_District_wise_crimes_committed_against_SC_2013.csv,03_District_wise_crimes_committed_against_children_2001_2012.csv,DISTRICT_WISE_CRIME,DISTRICT_WISE_CRIME,"year, state, district",3
02_01_District_wise_crimes_committed_against_SC_2013.csv,03_District_wise_crimes_committed_against_children_2013.csv,DISTRICT_WISE_CRIME,DISTRICT_WISE_CRIME,"year, state, district",3
02_01_District_wise_crimes_committed_against_SC_2013.csv,03_Persons_arrested_and_their_disposal_by_police_and_court_under_crime_against_children_2012.csv,DISTRICT_WISE_CRIME,ARREST_DISPOSAL,"year, state",2
02_01_District_wise_crimes_committed_against_SC_2013.csv,03_Persons_arrested_and_their_disposal_by_police_and_court_under_crime_against_children_2013.csv,DISTRICT_WISE_CRIME,ARREST_DISPOSAL,"year, state",2
02_01_District_wise_crimes_committed_against_SC_2013.csv,03_Persons_arrested_and_their_disposal_by_police_and_court_under_crime_against_children_2014.csv,DISTRICT_WISE_CRIME,ARREST_DISPOSAL,"year, state",2
02_01_District_wise_crimes_committed_against_SC_2013.csv,04_01_Person_arrested_and_their_disposal_by_police_and_court_SLL_crime_2012.csv,DISTRICT_WISE_CRIME,ARREST_DISPOSAL,"year, state",2
02_01_District_wise_crimes_committed_against_SC_2013.csv,04_01_Person_arrested_and_their_disposal_by_police_and_court_SLL_crime_2013.csv,DISTRICT_WISE_CRIME,ARREST_DISPOSAL,"year, state",2
02_01_District_wise_crimes_committed_against_SC_2013.csv,04_01_Person_arrested_and_their_disposal_by_police_and_court_SLL_crime_2014.csv,DISTRICT_WISE_CRIME,ARREST_DISPOSAL,"year, state",2
02_01_District_wise_crimes_committed_against_SC_2013.csv,04_02_Person_arrested_and_their_disposal_by_police_and_court_IPC_crime_2012.csv,DISTRICT_WISE_CRIME,ARREST_DISPOSAL,"year, state",2
02_01_District_wise_crimes_committed_against_SC_2013.csv,04_02_Person_arrested_and_their_disposal_by_police_and_court_IPC_crime_2013.csv,DISTRICT_WISE_CRIME,ARREST_DISPOSAL,"year, state",2
02_01_District_wise_crimes_committed_against_SC_2013.csv,04_02_Person_arrested_and_their_disposal_by_police_and_court_IPC_crime_2014.csv,DISTRICT_WISE_CRIME,ARREST_DISPOSAL,"year, state",2
02_01_District_wise_crimes_committed_against_SC_2013.csv,07_01_Persons_arrested_by_sex_and_age_group_IPC_2012.csv,DISTRICT_WISE_CRIME,ARREST_DISPOSAL,state,1
02_01_District_wise_crimes_committed_against_SC_2013.csv,07_01_Persons_arrested_by_sex_and_age_group_IPC_2013.csv,DISTRICT_WISE_CRIME,ARREST_DISPOSAL,state,1
02_01_District_wise_crimes_committed_against_SC_2013.csv,07_01_Persons_arrested_by_sex_and_age_group_IPC_2014.csv,DISTRICT_WISE_CRIME,ARREST_DISPOSAL,"year, state",2
02_01_District_wise_crimes_committed_against_SC_2013.csv,07_02_Persons_arrested_by_sex_and_age_group_SLL_2012.csv,DISTRICT_WISE_CRIME,ARREST_DISPOSAL,state,1
02_01_District_wise_crimes_committed_against_SC_2013.csv,07_02_Persons_arrested_by_sex_and_age_group_SLL_2013.csv,DISTRICT_WISE_CRIME,ARREST_DISPOSAL,state,1
02_01_District_wise_crimes_committed_against_SC_2013.csv,07_02_Persons_arrested_by_sex_and_age_group_SLL_2014.csv,DISTRICT_WISE_CRIME,ARREST_DISPOSAL,"year, state",2
02_01_District_wise_crimes_committed_against_SC_2013.csv,08_01_Juvenile_apprehended_state_IPC.csv,DISTRICT_WISE_CRIME,JUVENILE,"year, state",2
02_01_District_wise_crimes_committed_against_SC_2013.csv,08_02_Juvenile_apprehended_state_SLL.csv,DISTRICT_WISE_CRIME,JUVENILE,"year, state",2
02_01_District_wise_crimes_committed_against_SC_2013.csv,09_Juveniles_arrested_and_their_disposal.csv,DISTRICT_WISE_CRIME,JUVENILE,year,1
02_01_District_wise_crimes_committed_against_SC_2013.csv,10_Property_stolen_and_recovered.csv,DISTRICT_WISE_CRIME,PROPERTY_CRIME,year,1
02_01_District_wise_crimes_committed_against_SC_2013.csv,11_Property_stolen_and_recovered_nature_of_property.csv,DISTRICT_WISE_CRIME,PROPERTY_CRIME,year,1
02_01_District_wise_crimes_committed_against_SC_2013.csv,12_Police_strength_actual_and_sanctioned.csv,DISTRICT_WISE_CRIME,POLICE_ADMINISTRATION,year,1
02_01_District_wise_crimes_committed_against_SC_2013.csv,13_Police_killed_or_injured_on_duty.csv,DISTRICT_WISE_CRIME,POLICE_ADMINISTRATION,year,1
02_01_District_wise_crimes_committed_against_SC_2013.csv,14_Age_profile_of_police_personnel_killed_on_duty.csv,DISTRICT_WISE_CRIME,POLICE_ADMINISTRATION,year,1
02_01_District_wise_crimes_committed_against_SC_2013.csv,15_Police_natural_death_and_suicide.csv,DISTRICT_WISE_CRIME,POLICE_ADMINISTRATION,year,1
02_01_District_wise_crimes_committed_against_SC_2013.csv,16_Casualties_under_police_firing_and_lathi_charge.csv,DISTRICT_WISE_CRIME,POLICE_ADMINISTRATION,year,1
02_01_District_wise_crimes_committed_against_SC_2013.csv,17_Case_reported_and_value_of_property_taken_away_by_place_of_occurrence_2001_2012.csv,DISTRICT_WISE_CRIME,PROPERTY_CRIME,"year, state",2
02_01_District_wise_crimes_committed_against_SC_2013.csv,17_Case_reported_and_value_of_property_taken_away_by_place_of_occurrence_2013.csv,DISTRICT_WISE_CRIME,PROPERTY_CRIME,"year, state",2
02_01_District_wise_crimes_committed_against_SC_2013.csv,17_Crime_by_place_of_occurrence_2001_2012.csv,DISTRICT_WISE_CRIME,CRIME_PLACE_OF_OCCURRENCE,"year, state",2
02_01_District_wise_crimes_committed_against_SC_2013.csv,17_Crime_by_place_of_occurrence_2013.csv,DISTRICT_WISE_CRIME,CRIME_PLACE_OF_OCCURRENCE,"year, state",2
02_01_District_wise_crimes_committed_against_SC_2013.csv,17_Crime_by_place_of_occurrence_2014.csv,DISTRICT_WISE_CRIME,CRIME_PLACE_OF_OCCURRENCE,"year, state",2
02_01_District_wise_crimes_committed_against_SC_2013.csv,18_01_Juveniles_arrested_Education.csv,DISTRICT_WISE_CRIME,JUVENILE,year,1
02_01_District_wise_crimes_committed_against_SC_2013.csv,18_02_Juveniles_arrested_Economic_setup.csv,DISTRICT_WISE_CRIME,JUVENILE,year,1
02_01_District_wise_crimes_committed_against_SC_2013.csv,18_03_Juveniles_arrested_Family_background.csv,DISTRICT_WISE_CRIME,JUVENILE,year,1
02_01_District_wise_crimes_committed_against_SC_2013.csv,18_04_Juveniles_arrested_Recidivism.csv,DISTRICT_WISE_CRIME,JUVENILE,year,1
02_01_District_wise_crimes_committed_against_SC_2013.csv,19_Motive_or_cause_of_murder_and_culpable_homicide_not_amounting_to_murder.csv,DISTRICT_WISE_CRIME,VICTIM_OFFENDER_CHARACTERISTICS,year,1
02_01_District_wise_crimes_committed_against_SC_2013.csv,20_Victims_of_rape.csv,DISTRICT_WISE_CRIME,VICTIM_OFFENDER_CHARACTERISTICS,year,1
02_01_District_wise_crimes_committed_against_SC_2013.csv,21_Offenders_known_to_the_victim.csv,DISTRICT_WISE_CRIME,VICTIM_OFFENDER_CHARACTERISTICS,year,1
02_01_District_wise_crimes_committed_against_SC_2013.csv,22_Persons_arrested_under_recidivism.csv,DISTRICT_WISE_CRIME,ARREST_DISPOSAL,year,1
02_01_District_wise_crimes_committed_against_SC_2013.csv,23_Anti_corruprion_cases.csv,DISTRICT_WISE_CRIME,ANTI_CORRUPTION,year,1
02_01_District_wise_crimes_committed_against_SC_2013.csv,24_Anti_corruption_arrests.csv,DISTRICT_WISE_CRIME,ANTI_CORRUPTION,year,1
02_01_District_wise_crimes_committed_against_SC_2013.csv,25_Complaints_against_police.csv,DISTRICT_WISE_CRIME,POLICE_ADMINISTRATION,year,1
02_01_District_wise_crimes_committed_against_SC_2013.csv,27_Nature_of_complaints_received_by_police.csv,DISTRICT_WISE_CRIME,POLICE_ADMINISTRATION,year,1
02_01_District_wise_crimes_committed_against_SC_2013.csv,28_Trial_of_violent_crimes_by_courts.csv,DISTRICT_WISE_CRIME,JUSTICE_COURT,year,1
02_01_District_wise_crimes_committed_against_SC_2013.csv,29_Period_of_trials_by_courts.csv,DISTRICT_WISE_CRIME,JUSTICE_COURT,year,1
02_01_District_wise_crimes_committed_against_SC_2013.csv,30_Auto_theft.csv,DISTRICT_WISE_CRIME,PROPERTY_CRIME,year,1
02_01_District_wise_crimes_committed_against_SC_2013.csv,31_Serious_fraud.csv,DISTRICT_WISE_CRIME,PROPERTY_CRIME,year,1
02_01_District_wise_crimes_committed_against_SC_2013.csv,32_Murder_victim_age_sex.csv,DISTRICT_WISE_CRIME,VICTIM_OFFENDER_CHARACTERISTICS,year,1
02_01_District_wise_crimes_committed_against_SC_2013.csv,33_CH_not_murder_victim_age_sex.csv,DISTRICT_WISE_CRIME,VICTIM_OFFENDER_CHARACTERISTICS,year,1
02_01_District_wise_crimes_committed_against_SC_2013.csv,34_Use_of_fire_arms_in_murder_cases.csv,DISTRICT_WISE_CRIME,VICTIM_OFFENDER_CHARACTERISTICS,year,1
02_01_District_wise_crimes_committed_against_SC_2013.csv,35_Human_rights_violation_by_police.csv,DISTRICT_WISE_CRIME,POLICE_ADMINISTRATION,year,1
02_01_District_wise_crimes_committed_against_SC_2013.csv,36_Police_housing.csv,DISTRICT_WISE_CRIME,POLICE_ADMINISTRATION,year,1
02_01_District_wise_crimes_committed_against_SC_2013.csv,37_Home_guards_and_auxilliary_force.csv,DISTRICT_WISE_CRIME,POLICE_ADMINISTRATION,year,1
02_01_District_wise_crimes_committed_against_SC_2013.csv,38_Unidentified_dead_bodies_recovered_and_inquest_conducted.csv,DISTRICT_WISE_CRIME,OTHER_SPECIALIZED,year,1
02_01_District_wise_crimes_committed_against_SC_2013.csv,39_Specific_purpose_of_kidnapping_and_abduction.csv,DISTRICT_WISE_CRIME,VICTIM_OFFENDER_CHARACTERISTICS,year,1
02_01_District_wise_crimes_committed_against_SC_2013.csv,40_01_Custodial_death_person_remanded.csv,DISTRICT_WISE_CRIME,JUSTICE_COURT,year,1
02_01_District_wise_crimes_committed_against_SC_2013.csv,40_02_Custodial_death_person_not_remanded.csv,DISTRICT_WISE_CRIME,JUSTICE_COURT,year,1
02_01_District_wise_crimes_committed_against_SC_2013.csv,40_03_Custodial_death_during_production.csv,DISTRICT_WISE_CRIME,JUSTICE_COURT,year,1
02_01_District_wise_crimes_committed_against_SC_2013.csv,40_04_Custodial_death_during_hospitalization_or_treatment.csv,DISTRICT_WISE_CRIME,JUSTICE_COURT,year,1
02_01_District_wise_crimes_committed_against_SC_2013.csv,40_05_Custodial_death_others.csv,DISTRICT_WISE_CRIME,JUSTICE_COURT,year,1
02_01_District_wise_crimes_committed_against_SC_2013.csv,41_Escapes_from_police_custody.csv,DISTRICT_WISE_CRIME,POLICE_ADMINISTRATION,year,1
02_01_District_wise_crimes_committed_against_SC_2013.csv,42_Cases_under_crime_against_women.csv,DISTRICT_WISE_CRIME,JUSTICE_COURT,year,1
02_01_District_wise_crimes_committed_against_SC_2013.csv,42_District_wise_crimes_committed_against_women_2001_2012.csv,DISTRICT_WISE_CRIME,DISTRICT_WISE_CRIME,"year, state, district",3
02_01_District_wise_crimes_committed_against_SC_2013.csv,42_District_wise_crimes_committed_against_women_2013.csv,DISTRICT_WISE_CRIME,DISTRICT_WISE_CRIME,"year, state, district",3
02_01_District_wise_crimes_committed_against_SC_2013.csv,42_District_wise_crimes_committed_against_women_2014.csv,DISTRICT_WISE_CRIME,DISTRICT_WISE_CRIME,"year, state, district",3
02_01_District_wise_crimes_committed_against_SC_2013.csv,43_Arrests_under_crime_against_women.csv,DISTRICT_WISE_CRIME,ARREST_DISPOSAL,year,1
02_01_District_wise_crimes_committed_against_SC_2014.csv,02_District_wise_crimes_committed_against_ST_2001_2012.csv,DISTRICT_WISE_CRIME,DISTRICT_WISE_CRIME,"year, state, district",3
02_01_District_wise_crimes_committed_against_SC_2014.csv,02_District_wise_crimes_committed_against_ST_2013.csv,DISTRICT_WISE_CRIME,DISTRICT_WISE_CRIME,"year, state, district",3
02_01_District_wise_crimes_committed_against_SC_2014.csv,02_District_wise_crimes_committed_against_ST_2014.csv,DISTRICT_WISE_CRIME,DISTRICT_WISE_CRIME,"year, state, district",3
02_01_District_wise_crimes_committed_against_SC_2014.csv,03_District_wise_crimes_committed_against_children_2001_2012.csv,DISTRICT_WISE_CRIME,DISTRICT_WISE_CRIME,"year, state, district",3
02_01_District_wise_crimes_committed_against_SC_2014.csv,03_District_wise_crimes_committed_against_children_2013.csv,DISTRICT_WISE_CRIME,DISTRICT_WISE_CRIME,"year, state, district",3
02_01_District_wise_crimes_committed_against_SC_2014.csv,03_Persons_arrested_and_their_disposal_by_police_and_court_under_crime_against_children_2012.csv,DISTRICT_WISE_CRIME,ARREST_DISPOSAL,"year, state",2
02_01_District_wise_crimes_committed_against_SC_2014.csv,03_Persons_arrested_and_their_disposal_by_police_and_court_under_crime_against_children_2013.csv,DISTRICT_WISE_CRIME,ARREST_DISPOSAL,"year, state",2
02_01_District_wise_crimes_committed_against_SC_2014.csv,03_Persons_arrested_and_their_disposal_by_police_and_court_under_crime_against_children_2014.csv,DISTRICT_WISE_CRIME,ARREST_DISPOSAL,"year, state",2
02_01_District_wise_crimes_committed_against_SC_2014.csv,04_01_Person_arrested_and_their_disposal_by_police_and_court_SLL_crime_2012.csv,DISTRICT_WISE_CRIME,ARREST_DISPOSAL,"year, state",2
02_01_District_wise_crimes_committed_against_SC_2014.csv,04_01_Person_arrested_and_their_disposal_by_police_and_court_SLL_crime_2013.csv,DISTRICT_WISE_CRIME,ARREST_DISPOSAL,"year, state",2
02_01_District_wise_crimes_committed_against_SC_2014.csv,04_01_Person_arrested_and_their_disposal_by_police_and_court_SLL_crime_2014.csv,DISTRICT_WISE_CRIME,ARREST_DISPOSAL,"year, state",2
02_01_District_wise_crimes_committed_against_SC_2014.csv,04_02_Person_arrested_and_their_disposal_by_police_and_court_IPC_crime_2012.csv,DISTRICT_WISE_CRIME,ARREST_DISPOSAL,"year, state",2
02_01_District_wise_crimes_committed_against_SC_2014.csv,04_02_Person_arrested_and_their_disposal_by_police_and_court_IPC_crime_2013.csv,DISTRICT_WISE_CRIME,ARREST_DISPOSAL,"year, state",2
02_01_District_wise_crimes_committed_against_SC_2014.csv,04_02_Person_arrested_and_their_disposal_by_police_and_court_IPC_crime_2014.csv,DISTRICT_WISE_CRIME,ARREST_DISPOSAL,"year, state",2
02_01_District_wise_crimes_committed_against_SC_2014.csv,07_01_Persons_arrested_by_sex_and_age_group_IPC_2012.csv,DISTRICT_WISE_CRIME,ARREST_DISPOSAL,state,1
02_01_District_wise_crimes_committed_against_SC_2014.csv,07_01_Persons_arrested_by_sex_and_age_group_IPC_2013.csv,DISTRICT_WISE_CRIME,ARREST_DISPOSAL,state,1
02_01_District_wise_crimes_committed_against_SC_2014.csv,07_01_Persons_arrested_by_sex_and_age_group_IPC_2014.csv,DISTRICT_WISE_CRIME,ARREST_DISPOSAL,"year, state",2
02_01_District_wise_crimes_committed_against_SC_2014.csv,07_02_Persons_arrested_by_sex_and_age_group_SLL_2012.csv,DISTRICT_WISE_CRIME,ARREST_DISPOSAL,state,1
02_01_District_wise_crimes_committed_against_SC_2014.csv,07_02_Persons_arrested_by_sex_and_age_group_SLL_2013.csv,DISTRICT_WISE_CRIME,ARREST_DISPOSAL,state,1
02_01_District_wise_crimes_committed_against_SC_2014.csv,07_02_Persons_arrested_by_sex_and_age_group_SLL_2014.csv,DISTRICT_WISE_CRIME,ARREST_DISPOSAL,"year, state",2
02_01_District_wise_crimes_committed_against_SC_2014.csv,08_01_Juvenile_apprehended_state_IPC.csv,DISTRICT_WISE_CRIME,JUVENILE,"year, state",2
02_01_District_wise_crimes_committed_against_SC_2014.csv,08_02_Juvenile_apprehended_state_SLL.csv,DISTRICT_WISE_CRIME,JUVENILE,"year, state",2
02_01_District_wise_crimes_committed_against_SC_2014.csv,09_Juveniles_arrested_and_their_disposal.csv,DISTRICT_WISE_CRIME,JUVENILE,year,1
02_01_District_wise_crimes_committed_against_SC_2014.csv,10_Property_stolen_and_recovered.csv,DISTRICT_WISE_CRIME,PROPERTY_CRIME,year,1
02_01_District_wise_crimes_committed_against_SC_2014.csv,11_Property_stolen_and_recovered_nature_of_property.csv,DISTRICT_WISE_CRIME,PROPERTY_CRIME,year,1
02_01_District_wise_crimes_committed_against_SC_2014.csv,12_Police_strength_actual_and_sanctioned.csv,DISTRICT_WISE_CRIME,POLICE_ADMINISTRATION,year,1
02_01_District_wise_crimes_committed_against_SC_2014.csv,13_Police_killed_or_injured_on_duty.csv,DISTRICT_WISE_CRIME,POLICE_ADMINISTRATION,year,1
02_01_District_wise_crimes_committed_against_SC_2014.csv,14_Age_profile_of_police_personnel_killed_on_duty.csv,DISTRICT_WISE_CRIME,POLICE_ADMINISTRATION,year,1
02_01_District_wise_crimes_committed_against_SC_2014.csv,15_Police_natural_death_and_suicide.csv,DISTRICT_WISE_CRIME,POLICE_ADMINISTRATION,year,1
02_01_District_wise_crimes_committed_against_SC_2014.csv,16_Casualties_under_police_firing_and_lathi_charge.csv,DISTRICT_WISE_CRIME,POLICE_ADMINISTRATION,year,1
02_01_District_wise_crimes_committed_against_SC_2014.csv,17_Case_reported_and_value_of_property_taken_away_by_place_of_occurrence_2001_2012.csv,DISTRICT_WISE_CRIME,PROPERTY_CRIME,"year, state",2
02_01_District_wise_crimes_committed_against_SC_2014.csv,17_Case_reported_and_value_of_property_taken_away_by_place_of_occurrence_2013.csv,DISTRICT_WISE_CRIME,PROPERTY_CRIME,"year, state",2
02_01_District_wise_crimes_committed_against_SC_2014.csv,17_Crime_by_place_of_occurrence_2001_2012.csv,DISTRICT_WISE_CRIME,CRIME_PLACE_OF_OCCURRENCE,"year, state",2
02_01_District_wise_crimes_committed_against_SC_2014.csv,17_Crime_by_place_of_occurrence_2013.csv,DISTRICT_WISE_CRIME,CRIME_PLACE_OF_OCCURRENCE,"year, state",2
02_01_District_wise_crimes_committed_against_SC_2014.csv,17_Crime_by_place_of_occurrence_2014.csv,DISTRICT_WISE_CRIME,CRIME_PLACE_OF_OCCURRENCE,"year, state",2
02_01_District_wise_crimes_committed_against_SC_2014.csv,18_01_Juveniles_arrested_Education.csv,DISTRICT_WISE_CRIME,JUVENILE,year,1
02_01_District_wise_crimes_committed_against_SC_2014.csv,18_02_Juveniles_arrested_Economic_setup.csv,DISTRICT_WISE_CRIME,JUVENILE,year,1
02_01_District_wise_crimes_committed_against_SC_2014.csv,18_03_Juveniles_arrested_Family_background.csv,DISTRICT_WISE_CRIME,JUVENILE,year,1
02_01_District_wise_crimes_committed_against_SC_2014.csv,18_04_Juveniles_arrested_Recidivism.csv,DISTRICT_WISE_CRIME,JUVENILE,year,1
02_01_District_wise_crimes_committed_against_SC_2014.csv,19_Motive_or_cause_of_murder_and_culpable_homicide_not_amounting_to_murder.csv,DISTRICT_WISE_CRIME,VICTIM_OFFENDER_CHARACTERISTICS,year,1
02_01_District_wise_crimes_committed_against_SC_2014.csv,20_Victims_of_rape.csv,DISTRICT_WISE_CRIME,VICTIM_OFFENDER_CHARACTERISTICS,year,1
02_01_District_wise_crimes_committed_against_SC_2014.csv,21_Offenders_known_to_the_victim.csv,DISTRICT_WISE_CRIME,VICTIM_OFFENDER_CHARACTERISTICS,year,1
02_01_District_wise_crimes_committed_against_SC_2014.csv,22_Persons_arrested_under_recidivism.csv,DISTRICT_WISE_CRIME,ARREST_DISPOSAL,year,1
02_01_District_wise_crimes_committed_against_SC_2014.csv,23_Anti_corruprion_cases.csv,DISTRICT_WISE_CRIME,ANTI_CORRUPTION,year,1
02_01_District_wise_crimes_committed_against_SC_2014.csv,24_Anti_corruption_arrests.csv,DISTRICT_WISE_CRIME,ANTI_CORRUPTION,year,1
02_01_District_wise_crimes_committed_against_SC_2014.csv,25_Complaints_against_police.csv,DISTRICT_WISE_CRIME,POLICE_ADMINISTRATION,year,1
02_01_District_wise_crimes_committed_against_SC_2014.csv,27_Nature_of_complaints_received_by_police.csv,DISTRICT_WISE_CRIME,POLICE_ADMINISTRATION,year,1
02_01_District_wise_crimes_committed_against_SC_2014.csv,28_Trial_of_violent_crimes_by_courts.csv,DISTRICT_WISE_CRIME,JUSTICE_COURT,year,1
02_01_District_wise_crimes_committed_against_SC_2014.csv,29_Period_of_trials_by_courts.csv,DISTRICT_WISE_CRIME,JUSTICE_COURT,year,1
02_01_District_wise_crimes_committed_against_SC_2014.csv,30_Auto_theft.csv,DISTRICT_WISE_CRIME,PROPERTY_CRIME,year,1
02_01_District_wise_crimes_committed_against_SC_2014.csv,31_Serious_fraud.csv,DISTRICT_WISE_CRIME,PROPERTY_CRIME,year,1
02_01_District_wise_crimes_committed_against_SC_2014.csv,32_Murder_victim_age_sex.csv,DISTRICT_WISE_CRIME,VICTIM_OFFENDER_CHARACTERISTICS,year,1
02_01_District_wise_crimes_committed_against_SC_2014.csv,33_CH_not_murder_victim_age_sex.csv,DISTRICT_WISE_CRIME,VICTIM_OFFENDER_CHARACTERISTICS,year,1
02_01_District_wise_crimes_committed_against_SC_2014.csv,34_Use_of_fire_arms_in_murder_cases.csv,DISTRICT_WISE_CRIME,VICTIM_OFFENDER_CHARACTERISTICS,year,1
02_01_District_wise_crimes_committed_against_SC_2014.csv,35_Human_rights_violation_by_police.csv,DISTRICT_WISE_CRIME,POLICE_ADMINISTRATION,year,1
02_01_District_wise_crimes_committed_against_SC_2014.csv,36_Police_housing.csv,DISTRICT_WISE_CRIME,POLICE_ADMINISTRATION,year,1
02_01_District_wise_crimes_committed_against_SC_2014.csv,37_Home_guards_and_auxilliary_force.csv,DISTRICT_WISE_CRIME,POLICE_ADMINISTRATION,year,1
02_01_District_wise_crimes_committed_against_SC_2014.csv,38_Unidentified_dead_bodies_recovered_and_inquest_conducted.csv,DISTRICT_WISE_CRIME,OTHER_SPECIALIZED,year,1
02_01_District_wise_crimes_committed_against_SC_2014.csv,39_Specific_purpose_of_kidnapping_and_abduction.csv,DISTRICT_WISE_CRIME,VICTIM_OFFENDER_CHARACTERISTICS,year,1
02_01_District_wise_crimes_committed_against_SC_2014.csv,40_01_Custodial_death_person_remanded.csv,DISTRICT_WISE_CRIME,JUSTICE_COURT,year,1
02_01_District_wise_crimes_committed_against_SC_2014.csv,40_02_Custodial_death_person_not_remanded.csv,DISTRICT_WISE_CRIME,JUSTICE_COURT,year,1
02_01_District_wise_crimes_committed_against_SC_2014.csv,40_03_Custodial_death_during_production.csv,DISTRICT_WISE_CRIME,JUSTICE_COURT,year,1
02_01_District_wise_crimes_committed_against_SC_2014.csv,40_04_Custodial_death_during_hospitalization_or_treatment.csv,DISTRICT_WISE_CRIME,JUSTICE_COURT,year,1
02_01_District_wise_crimes_committed_against_SC_2014.csv,40_05_Custodial_death_others.csv,DISTRICT_WISE_CRIME,JUSTICE_COURT,year,1
02_01_District_wise_crimes_committed_against_SC_2014.csv,41_Escapes_from_police_custody.csv,DISTRICT_WISE_CRIME,POLICE_ADMINISTRATION,year,1
02_01_District_wise_crimes_committed_against_SC_2014.csv,42_Cases_under_crime_against_women.csv,DISTRICT_WISE_CRIME,JUSTICE_COURT,year,1
02_01_District_wise_crimes_committed_against_SC_2014.csv,42_District_wise_crimes_committed_against_women_2001_2012.csv,DISTRICT_WISE_CRIME,DISTRICT_WISE_CRIME,"year, state, district",3
02_01_District_wise_crimes_committed_against_SC_2014.csv,42_District_wise_crimes_committed_against_women_2013.csv,DISTRICT_WISE_CRIME,DISTRICT_WISE_CRIME,"year, state, district",3
02_01_District_wise_crimes_committed_against_SC_2014.csv,42_District_wise_crimes_committed_against_women_2014.csv,DISTRICT_WISE_CRIME,DISTRICT_WISE_CRIME,"year, state, district",3
02_01_District_wise_crimes_committed_against_SC_2014.csv,43_Arrests_under_crime_against_women.csv,DISTRICT_WISE_CRIME,ARREST_DISPOSAL,year,1
02_District_wise_crimes_committed_against_ST_2001_2012.csv,02_District_wise_crimes_committed_against_ST_2013.csv,DISTRICT_WISE_CRIME,DISTRICT_WISE_CRIME,"year, state, district",3
02_District_wise_crimes_committed_against_ST_2001_2012.csv,02_District_wise_crimes_committed_against_ST_2014.csv,DISTRICT_WISE_CRIME,DISTRICT_WISE_CRIME,"year, state, district",3
02_District_wise_crimes_committed_against_ST_2001_2012.csv,03_District_wise_crimes_committed_against_children_2001_2012.csv,DISTRICT_WISE_CRIME,DISTRICT_WISE_CRIME,"year, state, district",3
02_District_wise_crimes_committed_against_ST_2001_2012.csv,03_District_wise_crimes_committed_against_children_2013.csv,DISTRICT_WISE_CRIME,DISTRICT_WISE_CRIME,"year, state, district",3
02_District_wise_crimes_committed_against_ST_2001_2012.csv,03_Persons_arrested_and_their_disposal_by_police_and_court_under_crime_against_children_2012.csv,DISTRICT_WISE_CRIME,ARREST_DISPOSAL,"year, state",2
02_District_wise_crimes_committed_against_ST_2001_2012.csv,03_Persons_arrested_and_their_disposal_by_police_and_court_under_crime_against_children_2013.csv,DISTRICT_WISE_CRIME,ARREST_DISPOSAL,"year, state",2
02_District_wise_crimes_committed_against_ST_2001_2012.csv,03_Persons_arrested_and_their_disposal_by_police_and_court_under_crime_against_children_2014.csv,DISTRICT_WISE_CRIME,ARREST_DISPOSAL,"year, state",2
02_District_wise_crimes_committed_against_ST_2001_2012.csv,04_01_Person_arrested_and_their_disposal_by_police_and_court_SLL_crime_2012.csv,DISTRICT_WISE_CRIME,ARREST_DISPOSAL,"year, state",2
02_District_wise_crimes_committed_against_ST_2001_2012.csv,04_01_Person_arrested_and_their_disposal_by_police_and_court_SLL_crime_2013.csv,DISTRICT_WISE_CRIME,ARREST_DISPOSAL,"year, state",2
02_District_wise_crimes_committed_against_ST_2001_2012.csv,04_01_Person_arrested_and_their_disposal_by_police_and_court_SLL_crime_2014.csv,DISTRICT_WISE_CRIME,ARREST_DISPOSAL,"year, state",2
02_District_wise_crimes_committed_against_ST_2001_2012.csv,04_02_Person_arrested_and_their_disposal_by_police_and_court_IPC_crime_2012.csv,DISTRICT_WISE_CRIME,ARREST_DISPOSAL,"year, state",2
02_District_wise_crimes_committed_against_ST_2001_2012.csv,04_02_Person_arrested_and_their_disposal_by_police_and_court_IPC_crime_2013.csv,DISTRICT_WISE_CRIME,ARREST_DISPOSAL,"year, state",2
02_District_wise_crimes_committed_against_ST_2001_2012.csv,04_02_Person_arrested_and_their_disposal_by_police_and_court_IPC_crime_2014.csv,DISTRICT_WISE_CRIME,ARREST_DISPOSAL,"year, state",2
02_District_wise_crimes_committed_against_ST_2001_2012.csv,07_01_Persons_arrested_by_sex_and_age_group_IPC_2012.csv,DISTRICT_WISE_CRIME,ARREST_DISPOSAL,state,1
02_District_wise_crimes_committed_against_ST_2001_2012.csv,07_01_Persons_arrested_by_sex_and_age_group_IPC_2013.csv,DISTRICT_WISE_CRIME,ARREST_DISPOSAL,state,1
02_District_wise_crimes_committed_against_ST_2001_2012.csv,07_01_Persons_arrested_by_sex_and_age_group_IPC_2014.csv,DISTRICT_WISE_CRIME,ARREST_DISPOSAL,"year, state",2
02_District_wise_crimes_committed_against_ST_2001_2012.csv,07_02_Persons_arrested_by_sex_and_age_group_SLL_2012.csv,DISTRICT_WISE_CRIME,ARREST_DISPOSAL,state,1
02_District_wise_crimes_committed_against_ST_2001_2012.csv,07_02_Persons_arrested_by_sex_and_age_group_SLL_2013.csv,DISTRICT_WISE_CRIME,ARREST_DISPOSAL,state,1
02_District_wise_crimes_committed_against_ST_2001_2012.csv,07_02_Persons_arrested_by_sex_and_age_group_SLL_2014.csv,DISTRICT_WISE_CRIME,ARREST_DISPOSAL,"year, state",2
02_District_wise_crimes_committed_against_ST_2001_2012.csv,08_01_Juvenile_apprehended_state_IPC.csv,DISTRICT_WISE_CRIME,JUVENILE,"year, state",2
02_District_wise_crimes_committed_against_ST_2001_2012.csv,08_02_Juvenile_apprehended_state_SLL.csv,DISTRICT_WISE_CRIME,JUVENILE,"year, state",2
02_District_wise_crimes_committed_against_ST_2001_2012.csv,09_Juveniles_arrested_and_their_disposal.csv,DISTRICT_WISE_CRIME,JUVENILE,year,1
02_District_wise_crimes_committed_against_ST_2001_2012.csv,10_Property_stolen_and_recovered.csv,DISTRICT_WISE_CRIME,PROPERTY_CRIME,year,1
02_District_wise_crimes_committed_against_ST_2001_2012.csv,11_Property_stolen_and_recovered_nature_of_property.csv,DISTRICT_WISE_CRIME,PROPERTY_CRIME,year,1
02_District_wise_crimes_committed_against_ST_2001_2012.csv,12_Police_strength_actual_and_sanctioned.csv,DISTRICT_WISE_CRIME,POLICE_ADMINISTRATION,year,1
02_District_wise_crimes_committed_against_ST_2001_2012.csv,13_Police_killed_or_injured_on_duty.csv,DISTRICT_WISE_CRIME,POLICE_ADMINISTRATION,year,1
02_District_wise_crimes_committed_against_ST_2001_2012.csv,14_Age_profile_of_police_personnel_killed_on_duty.csv,DISTRICT_WISE_CRIME,POLICE_ADMINISTRATION,year,1
02_District_wise_crimes_committed_against_ST_2001_2012.csv,15_Police_natural_death_and_suicide.csv,DISTRICT_WISE_CRIME,POLICE_ADMINISTRATION,year,1
02_District_wise_crimes_committed_against_ST_2001_2012.csv,16_Casualties_under_police_firing_and_lathi_charge.csv,DISTRICT_WISE_CRIME,POLICE_ADMINISTRATION,year,1
02_District_wise_crimes_committed_against_ST_2001_2012.csv,17_Case_reported_and_value_of_property_taken_away_by_place_of_occurrence_2001_2012.csv,DISTRICT_WISE_CRIME,PROPERTY_CRIME,"year, state",2
02_District_wise_crimes_committed_against_ST_2001_2012.csv,17_Case_reported_and_value_of_property_taken_away_by_place_of_occurrence_2013.csv,DISTRICT_WISE_CRIME,PROPERTY_CRIME,"year, state",2
02_District_wise_crimes_committed_against_ST_2001_2012.csv,17_Crime_by_place_of_occurrence_2001_2012.csv,DISTRICT_WISE_CRIME,CRIME_PLACE_OF_OCCURRENCE,"year, state",2
02_District_wise_crimes_committed_against_ST_2001_2012.csv,17_Crime_by_place_of_occurrence_2013.csv,DISTRICT_WISE_CRIME,CRIME_PLACE_OF_OCCURRENCE,"year, state",2
02_District_wise_crimes_committed_against_ST_2001_2012.csv,17_Crime_by_place_of_occurrence_2014.csv,DISTRICT_WISE_CRIME,CRIME_PLACE_OF_OCCURRENCE,"year, state",2
02_District_wise_crimes_committed_against_ST_2001_2012.csv,18_01_Juveniles_arrested_Education.csv,DISTRICT_WISE_CRIME,JUVENILE,year,1
02_District_wise_crimes_committed_against_ST_2001_2012.csv,18_02_Juveniles_arrested_Economic_setup.csv,DISTRICT_WISE_CRIME,JUVENILE,year,1
02_District_wise_crimes_committed_against_ST_2001_2012.csv,18_03_Juveniles_arrested_Family_background.csv,DISTRICT_WISE_CRIME,JUVENILE,year,1
02_District_wise_crimes_committed_against_ST_2001_2012.csv,18_04_Juveniles_arrested_Recidivism.csv,DISTRICT_WISE_CRIME,JUVENILE,year,1
02_District_wise_crimes_committed_against_ST_2001_2012.csv,19_Motive_or_cause_of_murder_and_culpable_homicide_not_amounting_to_murder.csv,DISTRICT_WISE_CRIME,VICTIM_OFFENDER_CHARACTERISTICS,year,1
02_District_wise_crimes_committed_against_ST_2001_2012.csv,20_Victims_of_rape.csv,DISTRICT_WISE_CRIME,VICTIM_OFFENDER_CHARACTERISTICS,year,1
02_District_wise_crimes_committed_against_ST_2001_2012.csv,21_Offenders_known_to_the_victim.csv,DISTRICT_WISE_CRIME,VICTIM_OFFENDER_CHARACTERISTICS,year,1
02_District_wise_crimes_committed_against_ST_2001_2012.csv,22_Persons_arrested_under_recidivism.csv,DISTRICT_WISE_CRIME,ARREST_DISPOSAL,year,1
02_District_wise_crimes_committed_against_ST_2001_2012.csv,23_Anti_corruprion_cases.csv,DISTRICT_WISE_CRIME,ANTI_CORRUPTION,year,1
02_District_wise_crimes_committed_against_ST_2001_2012.csv,24_Anti_corruption_arrests.csv,DISTRICT_WISE_CRIME,ANTI_CORRUPTION,year,1
02_District_wise_crimes_committed_against_ST_2001_2012.csv,25_Complaints_against_police.csv,DISTRICT_WISE_CRIME,POLICE_ADMINISTRATION,year,1
02_District_wise_crimes_committed_against_ST_2001_2012.csv,27_Nature_of_complaints_received_by_police.csv,DISTRICT_WISE_CRIME,POLICE_ADMINISTRATION,year,1
02_District_wise_crimes_committed_against_ST_2001_2012.csv,28_Trial_of_violent_crimes_by_courts.csv,DISTRICT_WISE_CRIME,JUSTICE_COURT,year,1
02_District_wise_crimes_committed_against_ST_2001_2012.csv,29_Period_of_trials_by_courts.csv,DISTRICT_WISE_CRIME,JUSTICE_COURT,year,1
02_District_wise_crimes_committed_against_ST_2001_2012.csv,30_Auto_theft.csv,DISTRICT_WISE_CRIME,PROPERTY_CRIME,year,1
02_District_wise_crimes_committed_against_ST_2001_2012.csv,31_Serious_fraud.csv,DISTRICT_WISE_CRIME,PROPERTY_CRIME,year,1
02_District_wise_crimes_committed_against_ST_2001_2012.csv,32_Murder_victim_age_sex.csv,DISTRICT_WISE_CRIME,VICTIM_OFFENDER_CHARACTERISTICS,year,1
02_District_wise_crimes_committed_against_ST_2001_2012.csv,33_CH_not_murder_victim_age_sex.csv,DISTRICT_WISE_CRIME,VICTIM_OFFENDER_CHARACTERISTICS,year,1
02_District_wise_crimes_committed_against_ST_2001_2012.csv,34_Use_of_fire_arms_in_murder_cases.csv,DISTRICT_WISE_CRIME,VICTIM_OFFENDER_CHARACTERISTICS,year,1
02_District_wise_crimes_committed_against_ST_2001_2012.csv,35_Human_rights_violation_by_police.csv,DISTRICT_WISE_CRIME,POLICE_ADMINISTRATION,year,1
02_District_wise_crimes_committed_against_ST_2001_2012.csv,36_Police_housing.csv,DISTRICT_WISE_CRIME,POLICE_ADMINISTRATION,year,1
02_District_wise_crimes_committed_against_ST_2001_2012.csv,37_Home_guards_and_auxilliary_force.csv,DISTRICT_WISE_CRIME,POLICE_ADMINISTRATION,year,1
02_District_wise_crimes_committed_against_ST_2001_2012.csv,38_Unidentified_dead_bodies_recovered_and_inquest_conducted.csv,DISTRICT_WISE_CRIME,OTHER_SPECIALIZED,year,1
02_District_wise_crimes_committed_against_ST_2001_2012.csv,39_Specific_purpose_of_kidnapping_and_abduction.csv,DISTRICT_WISE_CRIME,VICTIM_OFFENDER_CHARACTERISTICS,year,1
02_District_wise_crimes_committed_against_ST_2001_2012.csv,40_01_Custodial_death_person_remanded.csv,DISTRICT_WISE_CRIME,JUSTICE_COURT,year,1
02_District_wise_crimes_committed_against_ST_2001_2012.csv,40_02_Custodial_death_person_not_remanded.csv,DISTRICT_WISE_CRIME,JUSTICE_COURT,year,1
02_District_wise_crimes_committed_against_ST_2001_2012.csv,40_03_Custodial_death_during_production.csv,DISTRICT_WISE_CRIME,JUSTICE_COURT,year,1
02_District_wise_crimes_committed_against_ST_2001_2012.csv,40_04_Custodial_death_during_hospitalization_or_treatment.csv,DISTRICT_WISE_CRIME,JUSTICE_COURT,year,1
02_District_wise_crimes_committed_against_ST_2001_2012.csv,40_05_Custodial_death_others.csv,DISTRICT_WISE_CRIME,JUSTICE_COURT,year,1
02_District_wise_crimes_committed_against_ST_2001_2012.csv,41_Escapes_from_police_custody.csv,DISTRICT_WISE_CRIME,POLICE_ADMINISTRATION,year,1
02_District_wise_crimes_committed_against_ST_2001_2012.csv,42_Cases_under_crime_against_women.csv,DISTRICT_WISE_CRIME,JUSTICE_COURT,year,1
02_District_wise_crimes_committed_against_ST_2001_2012.csv,42_District_wise_crimes_committed_against_women_2001_2012.csv,DISTRICT_WISE_CRIME,DISTRICT_WISE_CRIME,"year, state, district",3
02_District_wise_crimes_committed_against_ST_2001_2012.csv,42_District_wise_crimes_committed_against_women_2013.csv,DISTRICT_WISE_CRIME,DISTRICT_WISE_CRIME,"year, state, district",3
02_District_wise_crimes_committed_against_ST_2001_2012.csv,42_District_wise_crimes_committed_against_women_2014.csv,DISTRICT_WISE_CRIME,DISTRICT_WISE_CRIME,"year, state, district",3
02_District_wise_crimes_committed_against_ST_2001_2012.csv,43_Arrests_under_crime_against_women.csv,DISTRICT_WISE_CRIME,ARREST_DISPOSAL,year,1
02_District_wise_crimes_committed_against_ST_2013.csv,02_District_wise_crimes_committed_against_ST_2014.csv,DISTRICT_WISE_CRIME,DISTRICT_WISE_CRIME,"year, state, district",3
02_District_wise_crimes_committed_against_ST_2013.csv,03_District_wise_crimes_committed_against_children_2001_2012.csv,DISTRICT_WISE_CRIME,DISTRICT_WISE_CRIME,"year, state, district",3
02_District_wise_crimes_committed_against_ST_2013.csv,03_District_wise_crimes_committed_against_children_2013.csv,DISTRICT_WISE_CRIME,DISTRICT_WISE_CRIME,"year, state, district",3
02_District_wise_crimes_committed_against_ST_2013.csv,03_Persons_arrested_and_their_disposal_by_police_and_court_under_crime_against_children_2012.csv,DISTRICT_WISE_CRIME,ARREST_DISPOSAL,"year, state",2
02_District_wise_crimes_committed_against_ST_2013.csv,03_Persons_arrested_and_their_disposal_by_police_and_court_under_crime_against_children_2013.csv,DISTRICT_WISE_CRIME,ARREST_DISPOSAL,"year, state",2
02_District_wise_crimes_committed_against_ST_2013.csv,03_Persons_arrested_and_their_disposal_by_police_and_court_under_crime_against_children_2014.csv,DISTRICT_WISE_CRIME,ARREST_DISPOSAL,"year, state",2
02_District_wise_crimes_committed_against_ST_2013.csv,04_01_Person_arrested_and_their_disposal_by_police_and_court_SLL_crime_2012.csv,DISTRICT_WISE_CRIME,ARREST_DISPOSAL,"year, state",2
02_District_wise_crimes_committed_against_ST_2013.csv,04_01_Person_arrested_and_their_disposal_by_police_and_court_SLL_crime_2013.csv,DISTRICT_WISE_CRIME,ARREST_DISPOSAL,"year, state",2
02_District_wise_crimes_committed_against_ST_2013.csv,04_01_Person_arrested_and_their_disposal_by_police_and_court_SLL_crime_2014.csv,DISTRICT_WISE_CRIME,ARREST_DISPOSAL,"year, state",2
02_District_wise_crimes_committed_against_ST_2013.csv,04_02_Person_arrested_and_their_disposal_by_police_and_court_IPC_crime_2012.csv,DISTRICT_WISE_CRIME,ARREST_DISPOSAL,"year, state",2
02_District_wise_crimes_committed_against_ST_2013.csv,04_02_Person_arrested_and_their_disposal_by_police_and_court_IPC_crime_2013.csv,DISTRICT_WISE_CRIME,ARREST_DISPOSAL,"year, state",2
02_District_wise_crimes_committed_against_ST_2013.csv,04_02_Person_arrested_and_their_disposal_by_police_and_court_IPC_crime_2014.csv,DISTRICT_WISE_CRIME,ARREST_DISPOSAL,"year, state",2
02_District_wise_crimes_committed_against_ST_2013.csv,07_01_Persons_arrested_by_sex_and_age_group_IPC_2012.csv,DISTRICT_WISE_CRIME,ARREST_DISPOSAL,state,1
02_District_wise_crimes_committed_against_ST_2013.csv,07_01_Persons_arrested_by_sex_and_age_group_IPC_2013.csv,DISTRICT_WISE_CRIME,ARREST_DISPOSAL,state,1
02_District_wise_crimes_committed_against_ST_2013.csv,07_01_Persons_arrested_by_sex_and_age_group_IPC_2014.csv,DISTRICT_WISE_CRIME,ARREST_DISPOSAL,"year, state",2
02_District_wise_crimes_committed_against_ST_2013.csv,07_02_Persons_arrested_by_sex_and_age_group_SLL_2012.csv,DISTRICT_WISE_CRIME,ARREST_DISPOSAL,state,1
02_District_wise_crimes_committed_against_ST_2013.csv,07_02_Persons_arrested_by_sex_and_age_group_SLL_2013.csv,DISTRICT_WISE_CRIME,ARREST_DISPOSAL,state,1
02_District_wise_crimes_committed_against_ST_2013.csv,07_02_Persons_arrested_by_sex_and_age_group_SLL_2014.csv,DISTRICT_WISE_CRIME,ARREST_DISPOSAL,"year, state",2
02_District_wise_crimes_committed_against_ST_2013.csv,08_01_Juvenile_apprehended_state_IPC.csv,DISTRICT_WISE_CRIME,JUVENILE,"year, state",2
02_District_wise_crimes_committed_against_ST_2013.csv,08_02_Juvenile_apprehended_state_SLL.csv,DISTRICT_WISE_CRIME,JUVENILE,"year, state",2
02_District_wise_crimes_committed_against_ST_2013.csv,09_Juveniles_arrested_and_their_disposal.csv,DISTRICT_WISE_CRIME,JUVENILE,year,1
02_District_wise_crimes_committed_against_ST_2013.csv,10_Property_stolen_and_recovered.csv,DISTRICT_WISE_CRIME,PROPERTY_CRIME,year,1
02_District_wise_crimes_committed_against_ST_2013.csv,11_Property_stolen_and_recovered_nature_of_property.csv,DISTRICT_WISE_CRIME,PROPERTY_CRIME,year,1
02_District_wise_crimes_committed_against_ST_2013.csv,12_Police_strength_actual_and_sanctioned.csv,DISTRICT_WISE_CRIME,POLICE_ADMINISTRATION,year,1
02_District_wise_crimes_committed_against_ST_2013.csv,13_Police_killed_or_injured_on_duty.csv,DISTRICT_WISE_CRIME,POLICE_ADMINISTRATION,year,1
02_District_wise_crimes_committed_against_ST_2013.csv,14_Age_profile_of_police_personnel_killed_on_duty.csv,DISTRICT_WISE_CRIME,POLICE_ADMINISTRATION,year,1
02_District_wise_crimes_committed_against_ST_2013.csv,15_Police_natural_death_and_suicide.csv,DISTRICT_WISE_CRIME,POLICE_ADMINISTRATION,year,1
02_District_wise_crimes_committed_against_ST_2013.csv,16_Casualties_under_police_firing_and_lathi_charge.csv,DISTRICT_WISE_CRIME,POLICE_ADMINISTRATION,year,1
02_District_wise_crimes_committed_against_ST_2013.csv,17_Case_reported_and_value_of_property_taken_away_by_place_of_occurrence_2001_2012.csv,DISTRICT_WISE_CRIME,PROPERTY_CRIME,"year, state",2
02_District_wise_crimes_committed_against_ST_2013.csv,17_Case_reported_and_value_of_property_taken_away_by_place_of_occurrence_2013.csv,DISTRICT_WISE_CRIME,PROPERTY_CRIME,"year, state",2
02_District_wise_crimes_committed_against_ST_2013.csv,17_Crime_by_place_of_occurrence_2001_2012.csv,DISTRICT_WISE_CRIME,CRIME_PLACE_OF_OCCURRENCE,"year, state",2
02_District_wise_crimes_committed_against_ST_2013.csv,17_Crime_by_place_of_occurrence_2013.csv,DISTRICT_WISE_CRIME,CRIME_PLACE_OF_OCCURRENCE,"year, state",2
02_District_wise_crimes_committed_against_ST_2013.csv,17_Crime_by_place_of_occurrence_2014.csv,DISTRICT_WISE_CRIME,CRIME_PLACE_OF_OCCURRENCE,"year, state",2
02_District_wise_crimes_committed_against_ST_2013.csv,18_01_Juveniles_arrested_Education.csv,DISTRICT_WISE_CRIME,JUVENILE,year,1
02_District_wise_crimes_committed_against_ST_2013.csv,18_02_Juveniles_arrested_Economic_setup.csv,DISTRICT_WISE_CRIME,JUVENILE,year,1
02_District_wise_crimes_committed_against_ST_2013.csv,18_03_Juveniles_arrested_Family_background.csv,DISTRICT_WISE_CRIME,JUVENILE,year,1
02_District_wise_crimes_committed_against_ST_2013.csv,18_04_Juveniles_arrested_Recidivism.csv,DISTRICT_WISE_CRIME,JUVENILE,year,1
02_District_wise_crimes_committed_against_ST_2013.csv,19_Motive_or_cause_of_murder_and_culpable_homicide_not_amounting_to_murder.csv,DISTRICT_WISE_CRIME,VICTIM_OFFENDER_CHARACTERISTICS,year,1
02_District_wise_crimes_committed_against_ST_2013.csv,20_Victims_of_rape.csv,DISTRICT_WISE_CRIME,VICTIM_OFFENDER_CHARACTERISTICS,year,1
02_District_wise_crimes_committed_against_ST_2013.csv,21_Offenders_known_to_the_victim.csv,DISTRICT_WISE_CRIME,VICTIM_OFFENDER_CHARACTERISTICS,year,1
02_District_wise_crimes_committed_against_ST_2013.csv,22_Persons_arrested_under_recidivism.csv,DISTRICT_WISE_CRIME,ARREST_DISPOSAL,year,1
02_District_wise_crimes_committed_against_ST_2013.csv,23_Anti_corruprion_cases.csv,DISTRICT_WISE_CRIME,ANTI_CORRUPTION,year,1
02_District_wise_crimes_committed_against_ST_2013.csv,24_Anti_corruption_arrests.csv,DISTRICT_WISE_CRIME,ANTI_CORRUPTION,year,1
02_District_wise_crimes_committed_against_ST_2013.csv,25_Complaints_against_police.csv,DISTRICT_WISE_CRIME,POLICE_ADMINISTRATION,year,1
02_District_wise_crimes_committed_against_ST_2013.csv,27_Nature_of_complaints_received_by_police.csv,DISTRICT_WISE_CRIME,POLICE_ADMINISTRATION,year,1
02_District_wise_crimes_committed_against_ST_2013.csv,28_Trial_of_violent_crimes_by_courts.csv,DISTRICT_WISE_CRIME,JUSTICE_COURT,year,1
02_District_wise_crimes_committed_against_ST_2013.csv,29_Period_of_trials_by_courts.csv,DISTRICT_WISE_CRIME,JUSTICE_COURT,year,1
02_District_wise_crimes_committed_against_ST_2013.csv,30_Auto_theft.csv,DISTRICT_WISE_CRIME,PROPERTY_CRIME,year,1
02_District_wise_crimes_committed_against_ST_2013.csv,31_Serious_fraud.csv,DISTRICT_WISE_CRIME,PROPERTY_CRIME,year,1
02_District_wise_crimes_committed_against_ST_2013.csv,32_Murder_victim_age_sex.csv,DISTRICT_WISE_CRIME,VICTIM_OFFENDER_CHARACTERISTICS,year,1
02_District_wise_crimes_committed_against_ST_2013.csv,33_CH_not_murder_victim_age_sex.csv,DISTRICT_WISE_CRIME,VICTIM_OFFENDER_CHARACTERISTICS,year,1
02_District_wise_crimes_committed_against_ST_2013.csv,34_Use_of_fire_arms_in_murder_cases.csv,DISTRICT_WISE_CRIME,VICTIM_OFFENDER_CHARACTERISTICS,year,1
02_District_wise_crimes_committed_against_ST_2013.csv,35_Human_rights_violation_by_police.csv,DISTRICT_WISE_CRIME,POLICE_ADMINISTRATION,year,1
02_District_wise_crimes_committed_against_ST_2013.csv,36_Police_housing.csv,DISTRICT_WISE_CRIME,POLICE_ADMINISTRATION,year,1
02_District_wise_crimes_committed_against_ST_2013.csv,37_Home_guards_and_auxilliary_force.csv,DISTRICT_WISE_CRIME,POLICE_ADMINISTRATION,year,1
02_District_wise_crimes_committed_against_ST_2013.csv,38_Unidentified_dead_bodies_recovered_and_inquest_conducted.csv,DISTRICT_WISE_CRIME,OTHER_SPECIALIZED,year,1
02_District_wise_crimes_committed_against_ST_2013.csv,39_Specific_purpose_of_kidnapping_and_abduction.csv,DISTRICT_WISE_CRIME,VICTIM_OFFENDER_CHARACTERISTICS,year,1
02_District_wise_crimes_committed_against_ST_2013.csv,40_01_Custodial_death_person_remanded.csv,DISTRICT_WISE_CRIME,JUSTICE_COURT,year,1
02_District_wise_crimes_committed_against_ST_2013.csv,40_02_Custodial_death_person_not_remanded.csv,DISTRICT_WISE_CRIME,JUSTICE_COURT,year,1
02_District_wise_crimes_committed_against_ST_2013.csv,40_03_Custodial_death_during_production.csv,DISTRICT_WISE_CRIME,JUSTICE_COURT,year,1
02_District_wise_crimes_committed_against_ST_2013.csv,40_04_Custodial_death_during_hospitalization_or_treatment.csv,DISTRICT_WISE_CRIME,JUSTICE_COURT,year,1
02_District_wise_crimes_committed_against_ST_2013.csv,40_05_Custodial_death_others.csv,DISTRICT_WISE_CRIME,JUSTICE_COURT,year,1
02_District_wise_crimes_committed_against_ST_2013.csv,41_Escapes_from_police_custody.csv,DISTRICT_WISE_CRIME,POLICE_ADMINISTRATION,year,1
02_District_wise_crimes_committed_against_ST_2013.csv,42_Cases_under_crime_against_women.csv,DISTRICT_WISE_CRIME,JUSTICE_COURT,year,1
02_District_wise_crimes_committed_against_ST_2013.csv,42_District_wise_crimes_committed_against_women_2001_2012.csv,DISTRICT_WISE_CRIME,DISTRICT_WISE_CRIME,"year, state, district",3
02_District_wise_crimes_committed_against_ST_2013.csv,42_District_wise_crimes_committed_against_women_2013.csv,DISTRICT_WISE_CRIME,DISTRICT_WISE_CRIME,"year, state, district",3
02_District_wise_crimes_committed_against_ST_2013.csv,42_District_wise_crimes_committed_against_women_2014.csv,DISTRICT_WISE_CRIME,DISTRICT_WISE_CRIME,"year, state, district",3
02_District_wise_crimes_committed_against_ST_2013.csv,43_Arrests_under_crime_against_women.csv,DISTRICT_WISE_CRIME,ARREST_DISPOSAL,year,1
02_District_wise_crimes_committed_against_ST_2014.csv,03_District_wise_crimes_committed_against_children_2001_2012.csv,DISTRICT_WISE_CRIME,DISTRICT_WISE_CRIME,"year, state, district",3
02_District_wise_crimes_committed_against_ST_2014.csv,03_District_wise_crimes_committed_against_children_2013.csv,DISTRICT_WISE_CRIME,DISTRICT_WISE_CRIME,"year, state, district",3
02_District_wise_crimes_committed_against_ST_2014.csv,03_Persons_arrested_and_their_disposal_by_police_and_court_under_crime_against_children_2012.csv,DISTRICT_WISE_CRIME,ARREST_DISPOSAL,"year, state",2
02_District_wise_crimes_committed_against_ST_2014.csv,03_Persons_arrested_and_their_disposal_by_police_and_court_under_crime_against_children_2013.csv,DISTRICT_WISE_CRIME,ARREST_DISPOSAL,"year, state",2
02_District_wise_crimes_committed_against_ST_2014.csv,03_Persons_arrested_and_their_disposal_by_police_and_court_under_crime_against_children_2014.csv,DISTRICT_WISE_CRIME,ARREST_DISPOSAL,"year, state",2
02_District_wise_crimes_committed_against_ST_2014.csv,04_01_Person_arrested_and_their_disposal_by_police_and_court_SLL_crime_2012.csv,DISTRICT_WISE_CRIME,ARREST_DISPOSAL,"year, state",2
02_District_wise_crimes_committed_against_ST_2014.csv,04_01_Person_arrested_and_their_disposal_by_police_and_court_SLL_crime_2013.csv,DISTRICT_WISE_CRIME,ARREST_DISPOSAL,"year, state",2
02_District_wise_crimes_committed_against_ST_2014.csv,04_01_Person_arrested_and_their_disposal_by_police_and_court_SLL_crime_2014.csv,DISTRICT_WISE_CRIME,ARREST_DISPOSAL,"year, state",2
02_District_wise_crimes_committed_against_ST_2014.csv,04_02_Person_arrested_and_their_disposal_by_police_and_court_IPC_crime_2012.csv,DISTRICT_WISE_CRIME,ARREST_DISPOSAL,"year, state",2
02_District_wise_crimes_committed_against_ST_2014.csv,04_02_Person_arrested_and_their_disposal_by_police_and_court_IPC_crime_2013.csv,DISTRICT_WISE_CRIME,ARREST_DISPOSAL,"year, state",2
02_District_wise_crimes_committed_against_ST_2014.csv,04_02_Person_arrested_and_their_disposal_by_police_and_court_IPC_crime_2014.csv,DISTRICT_WISE_CRIME,ARREST_DISPOSAL,"year, state",2
02_District_wise_crimes_committed_against_ST_2014.csv,07_01_Persons_arrested_by_sex_and_age_group_IPC_2012.csv,DISTRICT_WISE_CRIME,ARREST_DISPOSAL,state,1
02_District_wise_crimes_committed_against_ST_2014.csv,07_01_Persons_arrested_by_sex_and_age_group_IPC_2013.csv,DISTRICT_WISE_CRIME,ARREST_DISPOSAL,state,1
02_District_wise_crimes_committed_against_ST_2014.csv,07_01_Persons_arrested_by_sex_and_age_group_IPC_2014.csv,DISTRICT_WISE_CRIME,ARREST_DISPOSAL,"year, state",2
02_District_wise_crimes_committed_against_ST_2014.csv,07_02_Persons_arrested_by_sex_and_age_group_SLL_2012.csv,DISTRICT_WISE_CRIME,ARREST_DISPOSAL,state,1
02_District_wise_crimes_committed_against_ST_2014.csv,07_02_Persons_arrested_by_sex_and_age_group_SLL_2013.csv,DISTRICT_WISE_CRIME,ARREST_DISPOSAL,state,1
02_District_wise_crimes_committed_against_ST_2014.csv,07_02_Persons_arrested_by_sex_and_age_group_SLL_2014.csv,DISTRICT_WISE_CRIME,ARREST_DISPOSAL,"year, state",2
02_District_wise_crimes_committed_against_ST_2014.csv,08_01_Juvenile_apprehended_state_IPC.csv,DISTRICT_WISE_CRIME,JUVENILE,"year, state",2
02_District_wise_crimes_committed_against_ST_2014.csv,08_02_Juvenile_apprehended_state_SLL.csv,DISTRICT_WISE_CRIME,JUVENILE,"year, state",2
02_District_wise_crimes_committed_against_ST_2014.csv,09_Juveniles_arrested_and_their_disposal.csv,DISTRICT_WISE_CRIME,JUVENILE,year,1
02_District_wise_crimes_committed_against_ST_2014.csv,10_Property_stolen_and_recovered.csv,DISTRICT_WISE_CRIME,PROPERTY_CRIME,year,1
02_District_wise_crimes_committed_against_ST_2014.csv,11_Property_stolen_and_recovered_nature_of_property.csv,DISTRICT_WISE_CRIME,PROPERTY_CRIME,year,1
02_District_wise_crimes_committed_against_ST_2014.csv,12_Police_strength_actual_and_sanctioned.csv,DISTRICT_WISE_CRIME,POLICE_ADMINISTRATION,year,1
02_District_wise_crimes_committed_against_ST_2014.csv,13_Police_killed_or_injured_on_duty.csv,DISTRICT_WISE_CRIME,POLICE_ADMINISTRATION,year,1
02_District_wise_crimes_committed_against_ST_2014.csv,14_Age_profile_of_police_personnel_killed_on_duty.csv,DISTRICT_WISE_CRIME,POLICE_ADMINISTRATION,year,1
02_District_wise_crimes_committed_against_ST_2014.csv,15_Police_natural_death_and_suicide.csv,DISTRICT_WISE_CRIME,POLICE_ADMINISTRATION,year,1
02_District_wise_crimes_committed_against_ST_2014.csv,16_Casualties_under_police_firing_and_lathi_charge.csv,DISTRICT_WISE_CRIME,POLICE_ADMINISTRATION,year,1
02_District_wise_crimes_committed_against_ST_2014.csv,17_Case_reported_and_value_of_property_taken_away_by_place_of_occurrence_2001_2012.csv,DISTRICT_WISE_CRIME,PROPERTY_CRIME,"year, state",2
02_District_wise_crimes_committed_against_ST_2014.csv,17_Case_reported_and_value_of_property_taken_away_by_place_of_occurrence_2013.csv,DISTRICT_WISE_CRIME,PROPERTY_CRIME,"year, state",2
02_District_wise_crimes_committed_against_ST_2014.csv,17_Crime_by_place_of_occurrence_2001_2012.csv,DISTRICT_WISE_CRIME,CRIME_PLACE_OF_OCCURRENCE,"year, state",2
02_District_wise_crimes_committed_against_ST_2014.csv,17_Crime_by_place_of_occurrence_2013.csv,DISTRICT_WISE_CRIME,CRIME_PLACE_OF_OCCURRENCE,"year, state",2
02_District_wise_crimes_committed_against_ST_2014.csv,17_Crime_by_place_of_occurrence_2014.csv,DISTRICT_WISE_CRIME,CRIME_PLACE_OF_OCCURRENCE,"year, state",2
02_District_wise_crimes_committed_against_ST_2014.csv,18_01_Juveniles_arrested_Education.csv,DISTRICT_WISE_CRIME,JUVENILE,year,1
02_District_wise_crimes_committed_against_ST_2014.csv,18_02_Juveniles_arrested_Economic_setup.csv,DISTRICT_WISE_CRIME,JUVENILE,year,1
02_District_wise_crimes_committed_against_ST_2014.csv,18_03_Juveniles_arrested_Family_background.csv,DISTRICT_WISE_CRIME,JUVENILE,year,1
02_District_wise_crimes_committed_against_ST_2014.csv,18_04_Juveniles_arrested_Recidivism.csv,DISTRICT_WISE_CRIME,JUVENILE,year,1
02_District_wise_crimes_committed_against_ST_2014.csv,19_Motive_or_cause_of_murder_and_culpable_homicide_not_amounting_to_murder.csv,DISTRICT_WISE_CRIME,VICTIM_OFFENDER_CHARACTERISTICS,year,1
02_District_wise_crimes_committed_against_ST_2014.csv,20_Victims_of_rape.csv,DISTRICT_WISE_CRIME,VICTIM_OFFENDER_CHARACTERISTICS,year,1
02_District_wise_crimes_committed_against_ST_2014.csv,21_Offenders_known_to_the_victim.csv,DISTRICT_WISE_CRIME,VICTIM_OFFENDER_CHARACTERISTICS,year,1
02_District_wise_crimes_committed_against_ST_2014.csv,22_Persons_arrested_under_recidivism.csv,DISTRICT_WISE_CRIME,ARREST_DISPOSAL,year,1
02_District_wise_crimes_committed_against_ST_2014.csv,23_Anti_corruprion_cases.csv,DISTRICT_WISE_CRIME,ANTI_CORRUPTION,year,1
02_District_wise_crimes_committed_against_ST_2014.csv,24_Anti_corruption_arrests.csv,DISTRICT_WISE_CRIME,ANTI_CORRUPTION,year,1
02_District_wise_crimes_committed_against_ST_2014.csv,25_Complaints_against_police.csv,DISTRICT_WISE_CRIME,POLICE_ADMINISTRATION,year,1
02_District_wise_crimes_committed_against_ST_2014.csv,27_Nature_of_complaints_received_by_police.csv,DISTRICT_WISE_CRIME,POLICE_ADMINISTRATION,year,1
02_District_wise_crimes_committed_against_ST_2014.csv,28_Trial_of_violent_crimes_by_courts.csv,DISTRICT_WISE_CRIME,JUSTICE_COURT,year,1
02_District_wise_crimes_committed_against_ST_2014.csv,29_Period_of_trials_by_courts.csv,DISTRICT_WISE_CRIME,JUSTICE_COURT,year,1
02_District_wise_crimes_committed_against_ST_2014.csv,30_Auto_theft.csv,DISTRICT_WISE_CRIME,PROPERTY_CRIME,year,1
02_District_wise_crimes_committed_against_ST_2014.csv,31_Serious_fraud.csv,DISTRICT_WISE_CRIME,PROPERTY_CRIME,year,1
02_District_wise_crimes_committed_against_ST_2014.csv,32_Murder_victim_age_sex.csv,DISTRICT_WISE_CRIME,VICTIM_OFFENDER_CHARACTERISTICS,year,1
02_District_wise_crimes_committed_against_ST_2014.csv,33_CH_not_murder_victim_age_sex.csv,DISTRICT_WISE_CRIME,VICTIM_OFFENDER_CHARACTERISTICS,year,1
02_District_wise_crimes_committed_against_ST_2014.csv,34_Use_of_fire_arms_in_murder_cases.csv,DISTRICT_WISE_CRIME,VICTIM_OFFENDER_CHARACTERISTICS,year,1
02_District_wise_crimes_committed_against_ST_2014.csv,35_Human_rights_violation_by_police.csv,DISTRICT_WISE_CRIME,POLICE_ADMINISTRATION,year,1
02_District_wise_crimes_committed_against_ST_2014.csv,36_Police_housing.csv,DISTRICT_WISE_CRIME,POLICE_ADMINISTRATION,year,1
02_District_wise_crimes_committed_against_ST_2014.csv,37_Home_guards_and_auxilliary_force.csv,DISTRICT_WISE_CRIME,POLICE_ADMINISTRATION,year,1
02_District_wise_crimes_committed_against_ST_2014.csv,38_Unidentified_dead_bodies_recovered_and_inquest_conducted.csv,DISTRICT_WISE_CRIME,OTHER_SPECIALIZED,year,1
02_District_wise_crimes_committed_against_ST_2014.csv,39_Specific_purpose_of_kidnapping_and_abduction.csv,DISTRICT_WISE_CRIME,VICTIM_OFFENDER_CHARACTERISTICS,year,1
02_District_wise_crimes_committed_against_ST_2014.csv,40_01_Custodial_death_person_remanded.csv,DISTRICT_WISE_CRIME,JUSTICE_COURT,year,1
02_District_wise_crimes_committed_against_ST_2014.csv,40_02_Custodial_death_person_not_remanded.csv,DISTRICT_WISE_CRIME,JUSTICE_COURT,year,1
02_District_wise_crimes_committed_against_ST_2014.csv,40_03_Custodial_death_during_production.csv,DISTRICT_WISE_CRIME,JUSTICE_COURT,year,1
02_District_wise_crimes_committed_against_ST_2014.csv,40_04_Custodial_death_during_hospitalization_or_treatment.csv,DISTRICT_WISE_CRIME,JUSTICE_COURT,year,1
02_District_wise_crimes_committed_against_ST_2014.csv,40_05_Custodial_death_others.csv,DISTRICT_WISE_CRIME,JUSTICE_COURT,year,1
02_District_wise_crimes_committed_against_ST_2014.csv,41_Escapes_from_police_custody.csv,DISTRICT_WISE_CRIME,POLICE_ADMINISTRATION,year,1
02_District_wise_crimes_committed_against_ST_2014.csv,42_Cases_under_crime_against_women.csv,DISTRICT_WISE_CRIME,JUSTICE_COURT,year,1
02_District_wise_crimes_committed_against_ST_2014.csv,42_District_wise_crimes_committed_against_women_2001_2012.csv,DISTRICT_WISE_CRIME,DISTRICT_WISE_CRIME,"year, state, district",3
02_District_wise_crimes_committed_against_ST_2014.csv,42_District_wise_crimes_committed_against_women_2013.csv,DISTRICT_WISE_CRIME,DISTRICT_WISE_CRIME,"year, state, district",3
02_District_wise_crimes_committed_against_ST_2014.csv,42_District_wise_crimes_committed_against_women_2014.csv,DISTRICT_WISE_CRIME,DISTRICT_WISE_CRIME,"year, state, district",3
02_District_wise_crimes_committed_against_ST_2014.csv,43_Arrests_under_crime_against_women.csv,DISTRICT_WISE_CRIME,ARREST_DISPOSAL,year,1
03_District_wise_crimes_committed_against_children_2001_2012.csv,03_District_wise_crimes_committed_against_children_2013.csv,DISTRICT_WISE_CRIME,DISTRICT_WISE_CRIME,"year, state, district",3
03_District_wise_crimes_committed_against_children_2001_2012.csv,03_Persons_arrested_and_their_disposal_by_police_and_court_under_crime_against_children_2012.csv,DISTRICT_WISE_CRIME,ARREST_DISPOSAL,"year, state",2
03_District_wise_crimes_committed_against_children_2001_2012.csv,03_Persons_arrested_and_their_disposal_by_police_and_court_under_crime_against_children_2013.csv,DISTRICT_WISE_CRIME,ARREST_DISPOSAL,"year, state",2
03_District_wise_crimes_committed_against_children_2001_2012.csv,03_Persons_arrested_and_their_disposal_by_police_and_court_under_crime_against_children_2014.csv,DISTRICT_WISE_CRIME,ARREST_DISPOSAL,"year, state",2
03_District_wise_crimes_committed_against_children_2001_2012.csv,04_01_Person_arrested_and_their_disposal_by_police_and_court_SLL_crime_2012.csv,DISTRICT_WISE_CRIME,ARREST_DISPOSAL,"year, state",2
03_District_wise_crimes_committed_against_children_2001_2012.csv,04_01_Person_arrested_and_their_disposal_by_police_and_court_SLL_crime_2013.csv,DISTRICT_WISE_CRIME,ARREST_DISPOSAL,"year, state",2
03_District_wise_crimes_committed_against_children_2001_2012.csv,04_01_Person_arrested_and_their_disposal_by_police_and_court_SLL_crime_2014.csv,DISTRICT_WISE_CRIME,ARREST_DISPOSAL,"year, state",2
03_District_wise_crimes_committed_against_children_2001_2012.csv,04_02_Person_arrested_and_their_disposal_by_police_and_court_IPC_crime_2012.csv,DISTRICT_WISE_CRIME,ARREST_DISPOSAL,"year, state",2
03_District_wise_crimes_committed_against_children_2001_2012.csv,04_02_Person_arrested_and_their_disposal_by_police_and_court_IPC_crime_2013.csv,DISTRICT_WISE_CRIME,ARREST_DISPOSAL,"year, state",2
03_District_wise_crimes_committed_against_children_2001_2012.csv,04_02_Person_arrested_and_their_disposal_by_police_and_court_IPC_crime_2014.csv,DISTRICT_WISE_CRIME,ARREST_DISPOSAL,"year, state",2
03_District_wise_crimes_committed_against_children_2001_2012.csv,07_01_Persons_arrested_by_sex_and_age_group_IPC_2012.csv,DISTRICT_WISE_CRIME,ARREST_DISPOSAL,state,1
03_District_wise_crimes_committed_against_children_2001_2012.csv,07_01_Persons_arrested_by_sex_and_age_group_IPC_2013.csv,DISTRICT_WISE_CRIME,ARREST_DISPOSAL,state,1
03_District_wise_crimes_committed_against_children_2001_2012.csv,07_01_Persons_arrested_by_sex_and_age_group_IPC_2014.csv,DISTRICT_WISE_CRIME,ARREST_DISPOSAL,"year, state",2
03_District_wise_crimes_committed_against_children_2001_2012.csv,07_02_Persons_arrested_by_sex_and_age_group_SLL_2012.csv,DISTRICT_WISE_CRIME,ARREST_DISPOSAL,state,1
03_District_wise_crimes_committed_against_children_2001_2012.csv,07_02_Persons_arrested_by_sex_and_age_group_SLL_2013.csv,DISTRICT_WISE_CRIME,ARREST_DISPOSAL,state,1
03_District_wise_crimes_committed_against_children_2001_2012.csv,07_02_Persons_arrested_by_sex_and_age_group_SLL_2014.csv,DISTRICT_WISE_CRIME,ARREST_DISPOSAL,"year, state",2
03_District_wise_crimes_committed_against_children_2001_2012.csv,08_01_Juvenile_apprehended_state_IPC.csv,DISTRICT_WISE_CRIME,JUVENILE,"year, state",2
03_District_wise_crimes_committed_against_children_2001_2012.csv,08_02_Juvenile_apprehended_state_SLL.csv,DISTRICT_WISE_CRIME,JUVENILE,"year, state",2
03_District_wise_crimes_committed_against_children_2001_2012.csv,09_Juveniles_arrested_and_their_disposal.csv,DISTRICT_WISE_CRIME,JUVENILE,year,1
03_District_wise_crimes_committed_against_children_2001_2012.csv,10_Property_stolen_and_recovered.csv,DISTRICT_WISE_CRIME,PROPERTY_CRIME,year,1
03_District_wise_crimes_committed_against_children_2001_2012.csv,11_Property_stolen_and_recovered_nature_of_property.csv,DISTRICT_WISE_CRIME,PROPERTY_CRIME,year,1
03_District_wise_crimes_committed_against_children_2001_2012.csv,12_Police_strength_actual_and_sanctioned.csv,DISTRICT_WISE_CRIME,POLICE_ADMINISTRATION,year,1
03_District_wise_crimes_committed_against_children_2001_2012.csv,13_Police_killed_or_injured_on_duty.csv,DISTRICT_WISE_CRIME,POLICE_ADMINISTRATION,year,1
03_District_wise_crimes_committed_against_children_2001_2012.csv,14_Age_profile_of_police_personnel_killed_on_duty.csv,DISTRICT_WISE_CRIME,POLICE_ADMINISTRATION,year,1
03_District_wise_crimes_committed_against_children_2001_2012.csv,15_Police_natural_death_and_suicide.csv,DISTRICT_WISE_CRIME,POLICE_ADMINISTRATION,year,1
03_District_wise_crimes_committed_against_children_2001_2012.csv,16_Casualties_under_police_firing_and_lathi_charge.csv,DISTRICT_WISE_CRIME,POLICE_ADMINISTRATION,year,1
03_District_wise_crimes_committed_against_children_2001_2012.csv,17_Case_reported_and_value_of_property_taken_away_by_place_of_occurrence_2001_2012.csv,DISTRICT_WISE_CRIME,PROPERTY_CRIME,"year, state",2
03_District_wise_crimes_committed_against_children_2001_2012.csv,17_Case_reported_and_value_of_property_taken_away_by_place_of_occurrence_2013.csv,DISTRICT_WISE_CRIME,PROPERTY_CRIME,"year, state",2
03_District_wise_crimes_committed_against_children_2001_2012.csv,17_Crime_by_place_of_occurrence_2001_2012.csv,DISTRICT_WISE_CRIME,CRIME_PLACE_OF_OCCURRENCE,"year, state",2
03_District_wise_crimes_committed_against_children_2001_2012.csv,17_Crime_by_place_of_occurrence_2013.csv,DISTRICT_WISE_CRIME,CRIME_PLACE_OF_OCCURRENCE,"year, state",2
03_District_wise_crimes_committed_against_children_2001_2012.csv,17_Crime_by_place_of_occurrence_2014.csv,DISTRICT_WISE_CRIME,CRIME_PLACE_OF_OCCURRENCE,"year, state",2
03_District_wise_crimes_committed_against_children_2001_2012.csv,18_01_Juveniles_arrested_Education.csv,DISTRICT_WISE_CRIME,JUVENILE,year,1
03_District_wise_crimes_committed_against_children_2001_2012.csv,18_02_Juveniles_arrested_Economic_setup.csv,DISTRICT_WISE_CRIME,JUVENILE,year,1
03_District_wise_crimes_committed_against_children_2001_2012.csv,18_03_Juveniles_arrested_Family_background.csv,DISTRICT_WISE_CRIME,JUVENILE,year,1
03_District_wise_crimes_committed_against_children_2001_2012.csv,18_04_Juveniles_arrested_Recidivism.csv,DISTRICT_WISE_CRIME,JUVENILE,year,1
03_District_wise_crimes_committed_against_children_2001_2012.csv,19_Motive_or_cause_of_murder_and_culpable_homicide_not_amounting_to_murder.csv,DISTRICT_WISE_CRIME,VICTIM_OFFENDER_CHARACTERISTICS,year,1
03_District_wise_crimes_committed_against_children_2001_2012.csv,20_Victims_of_rape.csv,DISTRICT_WISE_CRIME,VICTIM_OFFENDER_CHARACTERISTICS,year,1
03_District_wise_crimes_committed_against_children_2001_2012.csv,21_Offenders_known_to_the_victim.csv,DISTRICT_WISE_CRIME,VICTIM_OFFENDER_CHARACTERISTICS,year,1
03_District_wise_crimes_committed_against_children_2001_2012.csv,22_Persons_arrested_under_recidivism.csv,DISTRICT_WISE_CRIME,ARREST_DISPOSAL,year,1
03_District_wise_crimes_committed_against_children_2001_2012.csv,23_Anti_corruprion_cases.csv,DISTRICT_WISE_CRIME,ANTI_CORRUPTION,year,1
03_District_wise_crimes_committed_against_children_2001_2012.csv,24_Anti_corruption_arrests.csv,DISTRICT_WISE_CRIME,ANTI_CORRUPTION,year,1
03_District_wise_crimes_committed_against_children_2001_2012.csv,25_Complaints_against_police.csv,DISTRICT_WISE_CRIME,POLICE_ADMINISTRATION,year,1
03_District_wise_crimes_committed_against_children_2001_2012.csv,27_Nature_of_complaints_received_by_police.csv,DISTRICT_WISE_CRIME,POLICE_ADMINISTRATION,year,1
03_District_wise_crimes_committed_against_children_2001_2012.csv,28_Trial_of_violent_crimes_by_courts.csv,DISTRICT_WISE_CRIME,JUSTICE_COURT,year,1
03_District_wise_crimes_committed_against_children_2001_2012.csv,29_Period_of_trials_by_courts.csv,DISTRICT_WISE_CRIME,JUSTICE_COURT,year,1
03_District_wise_crimes_committed_against_children_2001_2012.csv,30_Auto_theft.csv,DISTRICT_WISE_CRIME,PROPERTY_CRIME,year,1
03_District_wise_crimes_committed_against_children_2001_2012.csv,31_Serious_fraud.csv,DISTRICT_WISE_CRIME,PROPERTY_CRIME,year,1
03_District_wise_crimes_committed_against_children_2001_2012.csv,32_Murder_victim_age_sex.csv,DISTRICT_WISE_CRIME,VICTIM_OFFENDER_CHARACTERISTICS,year,1
03_District_wise_crimes_committed_against_children_2001_2012.csv,33_CH_not_murder_victim_age_sex.csv,DISTRICT_WISE_CRIME,VICTIM_OFFENDER_CHARACTERISTICS,year,1
03_District_wise_crimes_committed_against_children_2001_2012.csv,34_Use_of_fire_arms_in_murder_cases.csv,DISTRICT_WISE_CRIME,VICTIM_OFFENDER_CHARACTERISTICS,year,1
03_District_wise_crimes_committed_against_children_2001_2012.csv,35_Human_rights_violation_by_police.csv,DISTRICT_WISE_CRIME,POLICE_ADMINISTRATION,year,1
03_District_wise_crimes_committed_against_children_2001_2012.csv,36_Police_housing.csv,DISTRICT_WISE_CRIME,POLICE_ADMINISTRATION,year,1
03_District_wise_crimes_committed_against_children_2001_2012.csv,37_Home_guards_and_auxilliary_force.csv,DISTRICT_WISE_CRIME,POLICE_ADMINISTRATION,year,1
03_District_wise_crimes_committed_against_children_2001_2012.csv,38_Unidentified_dead_bodies_recovered_and_inquest_conducted.csv,DISTRICT_WISE_CRIME,OTHER_SPECIALIZED,year,1
03_District_wise_crimes_committed_against_children_2001_2012.csv,39_Specific_purpose_of_kidnapping_and_abduction.csv,DISTRICT_WISE_CRIME,VICTIM_OFFENDER_CHARACTERISTICS,year,1
03_District_wise_crimes_committed_against_children_2001_2012.csv,40_01_Custodial_death_person_remanded.csv,DISTRICT_WISE_CRIME,JUSTICE_COURT,year,1
03_District_wise_crimes_committed_against_children_2001_2012.csv,40_02_Custodial_death_person_not_remanded.csv,DISTRICT_WISE_CRIME,JUSTICE_COURT,year,1
03_District_wise_crimes_committed_against_children_2001_2012.csv,40_03_Custodial_death_during_production.csv,DISTRICT_WISE_CRIME,JUSTICE_COURT,year,1
03_District_wise_crimes_committed_against_children_2001_2012.csv,40_04_Custodial_death_during_hospitalization_or_treatment.csv,DISTRICT_WISE_CRIME,JUSTICE_COURT,year,1
03_District_wise_crimes_committed_against_children_2001_2012.csv,40_05_Custodial_death_others.csv,DISTRICT_WISE_CRIME,JUSTICE_COURT,year,1
03_District_wise_crimes_committed_against_children_2001_2012.csv,41_Escapes_from_police_custody.csv,DISTRICT_WISE_CRIME,POLICE_ADMINISTRATION,year,1
03_District_wise_crimes_committed_against_children_2001_2012.csv,42_Cases_under_crime_against_women.csv,DISTRICT_WISE_CRIME,JUSTICE_COURT,year,1
03_District_wise_crimes_committed_against_children_2001_2012.csv,42_District_wise_crimes_committed_against_women_2001_2012.csv,DISTRICT_WISE_CRIME,DISTRICT_WISE_CRIME,"year, state, district",3
03_District_wise_crimes_committed_against_children_2001_2012.csv,42_District_wise_crimes_committed_against_women_2013.csv,DISTRICT_WISE_CRIME,DISTRICT_WISE_CRIME,"year, state, district",3
03_District_wise_crimes_committed_against_children_2001_2012.csv,42_District_wise_crimes_committed_against_women_2014.csv,DISTRICT_WISE_CRIME,DISTRICT_WISE_CRIME,"year, state, district",3
03_District_wise_crimes_committed_against_children_2001_2012.csv,43_Arrests_under_crime_against_women.csv,DISTRICT_WISE_CRIME,ARREST_DISPOSAL,year,1
03_District_wise_crimes_committed_against_children_2013.csv,03_Persons_arrested_and_their_disposal_by_police_and_court_under_crime_against_children_2012.csv,DISTRICT_WISE_CRIME,ARREST_DISPOSAL,"year, state",2
03_District_wise_crimes_committed_against_children_2013.csv,03_Persons_arrested_and_their_disposal_by_police_and_court_under_crime_against_children_2013.csv,DISTRICT_WISE_CRIME,ARREST_DISPOSAL,"year, state",2
03_District_wise_crimes_committed_against_children_2013.csv,03_Persons_arrested_and_their_disposal_by_police_and_court_under_crime_against_children_2014.csv,DISTRICT_WISE_CRIME,ARREST_DISPOSAL,"year, state",2
03_District_wise_crimes_committed_against_children_2013.csv,04_01_Person_arrested_and_their_disposal_by_police_and_court_SLL_crime_2012.csv,DISTRICT_WISE_CRIME,ARREST_DISPOSAL,"year, state",2
03_District_wise_crimes_committed_against_children_2013.csv,04_01_Person_arrested_and_their_disposal_by_police_and_court_SLL_crime_2013.csv,DISTRICT_WISE_CRIME,ARREST_DISPOSAL,"year, state",2
03_District_wise_crimes_committed_against_children_2013.csv,04_01_Person_arrested_and_their_disposal_by_police_and_court_SLL_crime_2014.csv,DISTRICT_WISE_CRIME,ARREST_DISPOSAL,"year, state",2
03_District_wise_crimes_committed_against_children_2013.csv,04_02_Person_arrested_and_their_disposal_by_police_and_court_IPC_crime_2012.csv,DISTRICT_WISE_CRIME,ARREST_DISPOSAL,"year, state",2
03_District_wise_crimes_committed_against_children_2013.csv,04_02_Person_arrested_and_their_disposal_by_police_and_court_IPC_crime_2013.csv,DISTRICT_WISE_CRIME,ARREST_DISPOSAL,"year, state",2
03_District_wise_crimes_committed_against_children_2013.csv,04_02_Person_arrested_and_their_disposal_by_police_and_court_IPC_crime_2014.csv,DISTRICT_WISE_CRIME,ARREST_DISPOSAL,"year, state",2
03_District_wise_crimes_committed_against_children_2013.csv,07_01_Persons_arrested_by_sex_and_age_group_IPC_2012.csv,DISTRICT_WISE_CRIME,ARREST_DISPOSAL,state,1
03_District_wise_crimes_committed_against_children_2013.csv,07_01_Persons_arrested_by_sex_and_age_group_IPC_2013.csv,DISTRICT_WISE_CRIME,ARREST_DISPOSAL,state,1
03_District_wise_crimes_committed_against_children_2013.csv,07_01_Persons_arrested_by_sex_and_age_group_IPC_2014.csv,DISTRICT_WISE_CRIME,ARREST_DISPOSAL,"year, state",2
03_District_wise_crimes_committed_against_children_2013.csv,07_02_Persons_arrested_by_sex_and_age_group_SLL_2012.csv,DISTRICT_WISE_CRIME,ARREST_DISPOSAL,state,1
03_District_wise_crimes_committed_against_children_2013.csv,07_02_Persons_arrested_by_sex_and_age_group_SLL_2013.csv,DISTRICT_WISE_CRIME,ARREST_DISPOSAL,state,1
03_District_wise_crimes_committed_against_children_2013.csv,07_02_Persons_arrested_by_sex_and_age_group_SLL_2014.csv,DISTRICT_WISE_CRIME,ARREST_DISPOSAL,"year, state",2
03_District_wise_crimes_committed_against_children_2013.csv,08_01_Juvenile_apprehended_state_IPC.csv,DISTRICT_WISE_CRIME,JUVENILE,"year, state",2
03_District_wise_crimes_committed_against_children_2013.csv,08_02_Juvenile_apprehended_state_SLL.csv,DISTRICT_WISE_CRIME,JUVENILE,"year, state",2
03_District_wise_crimes_committed_against_children_2013.csv,09_Juveniles_arrested_and_their_disposal.csv,DISTRICT_WISE_CRIME,JUVENILE,year,1
03_District_wise_crimes_committed_against_children_2013.csv,10_Property_stolen_and_recovered.csv,DISTRICT_WISE_CRIME,PROPERTY_CRIME,year,1
03_District_wise_crimes_committed_against_children_2013.csv,11_Property_stolen_and_recovered_nature_of_property.csv,DISTRICT_WISE_CRIME,PROPERTY_CRIME,year,1
03_District_wise_crimes_committed_against_children_2013.csv,12_Police_strength_actual_and_sanctioned.csv,DISTRICT_WISE_CRIME,POLICE_ADMINISTRATION,year,1
03_District_wise_crimes_committed_against_children_2013.csv,13_Police_killed_or_injured_on_duty.csv,DISTRICT_WISE_CRIME,POLICE_ADMINISTRATION,year,1
03_District_wise_crimes_committed_against_children_2013.csv,14_Age_profile_of_police_personnel_killed_on_duty.csv,DISTRICT_WISE_CRIME,POLICE_ADMINISTRATION,year,1
03_District_wise_crimes_committed_against_children_2013.csv,15_Police_natural_death_and_suicide.csv,DISTRICT_WISE_CRIME,POLICE_ADMINISTRATION,year,1
03_District_wise_crimes_committed_against_children_2013.csv,16_Casualties_under_police_firing_and_lathi_charge.csv,DISTRICT_WISE_CRIME,POLICE_ADMINISTRATION,year,1
03_District_wise_crimes_committed_against_children_2013.csv,17_Case_reported_and_value_of_property_taken_away_by_place_of_occurrence_2001_2012.csv,DISTRICT_WISE_CRIME,PROPERTY_CRIME,"year, state",2
03_District_wise_crimes_committed_against_children_2013.csv,17_Case_reported_and_value_of_property_taken_away_by_place_of_occurrence_2013.csv,DISTRICT_WISE_CRIME,PROPERTY_CRIME,"year, state",2
03_District_wise_crimes_committed_against_children_2013.csv,17_Crime_by_place_of_occurrence_2001_2012.csv,DISTRICT_WISE_CRIME,CRIME_PLACE_OF_OCCURRENCE,"year, state",2
03_District_wise_crimes_committed_against_children_2013.csv,17_Crime_by_place_of_occurrence_2013.csv,DISTRICT_WISE_CRIME,CRIME_PLACE_OF_OCCURRENCE,"year, state",2
03_District_wise_crimes_committed_against_children_2013.csv,17_Crime_by_place_of_occurrence_2014.csv,DISTRICT_WISE_CRIME,CRIME_PLACE_OF_OCCURRENCE,"year, state",2
03_District_wise_crimes_committed_against_children_2013.csv,18_01_Juveniles_arrested_Education.csv,DISTRICT_WISE_CRIME,JUVENILE,year,1
03_District_wise_crimes_committed_against_children_2013.csv,18_02_Juveniles_arrested_Economic_setup.csv,DISTRICT_WISE_CRIME,JUVENILE,year,1
03_District_wise_crimes_committed_against_children_2013.csv,18_03_Juveniles_arrested_Family_background.csv,DISTRICT_WISE_CRIME,JUVENILE,year,1
03_District_wise_crimes_committed_against_children_2013.csv,18_04_Juveniles_arrested_Recidivism.csv,DISTRICT_WISE_CRIME,JUVENILE,year,1
03_District_wise_crimes_committed_against_children_2013.csv,19_Motive_or_cause_of_murder_and_culpable_homicide_not_amounting_to_murder.csv,DISTRICT_WISE_CRIME,VICTIM_OFFENDER_CHARACTERISTICS,year,1
03_District_wise_crimes_committed_against_children_2013.csv,20_Victims_of_rape.csv,DISTRICT_WISE_CRIME,VICTIM_OFFENDER_CHARACTERISTICS,year,1
03_District_wise_crimes_committed_against_children_2013.csv,21_Offenders_known_to_the_victim.csv,DISTRICT_WISE_CRIME,VICTIM_OFFENDER_CHARACTERISTICS,year,1
03_District_wise_crimes_committed_against_children_2013.csv,22_Persons_arrested_under_recidivism.csv,DISTRICT_WISE_CRIME,ARREST_DISPOSAL,year,1
03_District_wise_crimes_committed_against_children_2013.csv,23_Anti_corruprion_cases.csv,DISTRICT_WISE_CRIME,ANTI_CORRUPTION,year,1
03_District_wise_crimes_committed_against_children_2013.csv,24_Anti_corruption_arrests.csv,DISTRICT_WISE_CRIME,ANTI_CORRUPTION,year,1
03_District_wise_crimes_committed_against_children_2013.csv,25_Complaints_against_police.csv,DISTRICT_WISE_CRIME,POLICE_ADMINISTRATION,year,1
03_District_wise_crimes_committed_against_children_2013.csv,27_Nature_of_complaints_received_by_police.csv,DISTRICT_WISE_CRIME,POLICE_ADMINISTRATION,year,1
03_District_wise_crimes_committed_against_children_2013.csv,28_Trial_of_violent_crimes_by_courts.csv,DISTRICT_WISE_CRIME,JUSTICE_COURT,year,1
03_District_wise_crimes_committed_against_children_2013.csv,29_Period_of_trials_by_courts.csv,DISTRICT_WISE_CRIME,JUSTICE_COURT,year,1
03_District_wise_crimes_committed_against_children_2013.csv,30_Auto_theft.csv,DISTRICT_WISE_CRIME,PROPERTY_CRIME,year,1
03_District_wise_crimes_committed_against_children_2013.csv,31_Serious_fraud.csv,DISTRICT_WISE_CRIME,PROPERTY_CRIME,year,1
03_District_wise_crimes_committed_against_children_2013.csv,32_Murder_victim_age_sex.csv,DISTRICT_WISE_CRIME,VICTIM_OFFENDER_CHARACTERISTICS,year,1
03_District_wise_crimes_committed_against_children_2013.csv,33_CH_not_murder_victim_age_sex.csv,DISTRICT_WISE_CRIME,VICTIM_OFFENDER_CHARACTERISTICS,year,1
03_District_wise_crimes_committed_against_children_2013.csv,34_Use_of_fire_arms_in_murder_cases.csv,DISTRICT_WISE_CRIME,VICTIM_OFFENDER_CHARACTERISTICS,year,1
03_District_wise_crimes_committed_against_children_2013.csv,35_Human_rights_violation_by_police.csv,DISTRICT_WISE_CRIME,POLICE_ADMINISTRATION,year,1
03_District_wise_crimes_committed_against_children_2013.csv,36_Police_housing.csv,DISTRICT_WISE_CRIME,POLICE_ADMINISTRATION,year,1
03_District_wise_crimes_committed_against_children_2013.csv,37_Home_guards_and_auxilliary_force.csv,DISTRICT_WISE_CRIME,POLICE_ADMINISTRATION,year,1
03_District_wise_crimes_committed_against_children_2013.csv,38_Unidentified_dead_bodies_recovered_and_inquest_conducted.csv,DISTRICT_WISE_CRIME,OTHER_SPECIALIZED,year,1
03_District_wise_crimes_committed_against_children_2013.csv,39_Specific_purpose_of_kidnapping_and_abduction.csv,DISTRICT_WISE_CRIME,VICTIM_OFFENDER_CHARACTERISTICS,year,1
03_District_wise_crimes_committed_against_children_2013.csv,40_01_Custodial_death_person_remanded.csv,DISTRICT_WISE_CRIME,JUSTICE_COURT,year,1
03_District_wise_crimes_committed_against_children_2013.csv,40_02_Custodial_death_person_not_remanded.csv,DISTRICT_WISE_CRIME,JUSTICE_COURT,year,1
03_District_wise_crimes_committed_against_children_2013.csv,40_03_Custodial_death_during_production.csv,DISTRICT_WISE_CRIME,JUSTICE_COURT,year,1
03_District_wise_crimes_committed_against_children_2013.csv,40_04_Custodial_death_during_hospitalization_or_treatment.csv,DISTRICT_WISE_CRIME,JUSTICE_COURT,year,1
03_District_wise_crimes_committed_against_children_2013.csv,40_05_Custodial_death_others.csv,DISTRICT_WISE_CRIME,JUSTICE_COURT,year,1
03_District_wise_crimes_committed_against_children_2013.csv,41_Escapes_from_police_custody.csv,DISTRICT_WISE_CRIME,POLICE_ADMINISTRATION,year,1
03_District_wise_crimes_committed_against_children_2013.csv,42_Cases_under_crime_against_women.csv,DISTRICT_WISE_CRIME,JUSTICE_COURT,year,1
03_District_wise_crimes_committed_against_children_2013.csv,42_District_wise_crimes_committed_against_women_2001_2012.csv,DISTRICT_WISE_CRIME,DISTRICT_WISE_CRIME,"year, state, district",3
03_District_wise_crimes_committed_against_children_2013.csv,42_District_wise_crimes_committed_against_women_2013.csv,DISTRICT_WISE_CRIME,DISTRICT_WISE_CRIME,"year, state, district",3
03_District_wise_crimes_committed_against_children_2013.csv,42_District_wise_crimes_committed_against_women_2014.csv,DISTRICT_WISE_CRIME,DISTRICT_WISE_CRIME,"year, state, district",3
03_District_wise_crimes_committed_against_children_2013.csv,43_Arrests_under_crime_against_women.csv,DISTRICT_WISE_CRIME,ARREST_DISPOSAL,year,1
03_Persons_arrested_and_their_disposal_by_police_and_court_under_crime_against_children_2012.csv,03_Persons_arrested_and_their_disposal_by_police_and_court_under_crime_against_children_2013.csv,ARREST_DISPOSAL,ARREST_DISPOSAL,"year, state, crime_head",3
03_Persons_arrested_and_their_disposal_by_police_and_court_under_crime_against_children_2012.csv,03_Persons_arrested_and_their_disposal_by_police_and_court_under_crime_against_children_2014.csv,ARREST_DISPOSAL,ARREST_DISPOSAL,"year, state, crime_head",3
03_Persons_arrested_and_their_disposal_by_police_and_court_under_crime_against_children_2012.csv,04_01_Person_arrested_and_their_disposal_by_police_and_court_SLL_crime_2012.csv,ARREST_DISPOSAL,ARREST_DISPOSAL,"year, state, crime_head",3
03_Persons_arrested_and_their_disposal_by_police_and_court_under_crime_against_children_2012.csv,04_01_Person_arrested_and_their_disposal_by_police_and_court_SLL_crime_2013.csv,ARREST_DISPOSAL,ARREST_DISPOSAL,"year, state, crime_head",3
03_Persons_arrested_and_their_disposal_by_police_and_court_under_crime_against_children_2012.csv,04_01_Person_arrested_and_their_disposal_by_police_and_court_SLL_crime_2014.csv,ARREST_DISPOSAL,ARREST_DISPOSAL,"year, state, crime_head",3
03_Persons_arrested_and_their_disposal_by_police_and_court_under_crime_against_children_2012.csv,04_02_Person_arrested_and_their_disposal_by_police_and_court_IPC_crime_2012.csv,ARREST_DISPOSAL,ARREST_DISPOSAL,"year, state, crime_head",3
03_Persons_arrested_and_their_disposal_by_police_and_court_under_crime_against_children_2012.csv,04_02_Person_arrested_and_their_disposal_by_police_and_court_IPC_crime_2013.csv,ARREST_DISPOSAL,ARREST_DISPOSAL,"year, state, crime_head",3
03_Persons_arrested_and_their_disposal_by_police_and_court_under_crime_against_children_2012.csv,04_02_Person_arrested_and_their_disposal_by_police_and_court_IPC_crime_2014.csv,ARREST_DISPOSAL,ARREST_DISPOSAL,"year, state, crime_head",3
03_Persons_arrested_and_their_disposal_by_police_and_court_under_crime_against_children_2012.csv,07_01_Persons_arrested_by_sex_and_age_group_IPC_2012.csv,ARREST_DISPOSAL,ARREST_DISPOSAL,"state, crime_head",2
03_Persons_arrested_and_their_disposal_by_police_and_court_under_crime_against_children_2012.csv,07_01_Persons_arrested_by_sex_and_age_group_IPC_2013.csv,ARREST_DISPOSAL,ARREST_DISPOSAL,"state, crime_head",2
03_Persons_arrested_and_their_disposal_by_police_and_court_under_crime_against_children_2012.csv,07_01_Persons_arrested_by_sex_and_age_group_IPC_2014.csv,ARREST_DISPOSAL,ARREST_DISPOSAL,"year, state, crime_head",3
03_Persons_arrested_and_their_disposal_by_police_and_court_under_crime_against_children_2012.csv,07_02_Persons_arrested_by_sex_and_age_group_SLL_2012.csv,ARREST_DISPOSAL,ARREST_DISPOSAL,"state, crime_head",2
03_Persons_arrested_and_their_disposal_by_police_and_court_under_crime_against_children_2012.csv,07_02_Persons_arrested_by_sex_and_age_group_SLL_2013.csv,ARREST_DISPOSAL,ARREST_DISPOSAL,"state, crime_head",2
03_Persons_arrested_and_their_disposal_by_police_and_court_under_crime_against_children_2012.csv,07_02_Persons_arrested_by_sex_and_age_group_SLL_2014.csv,ARREST_DISPOSAL,ARREST_DISPOSAL,"year, state, crime_head",3
03_Persons_arrested_and_their_disposal_by_police_and_court_under_crime_against_children_2012.csv,08_01_Juvenile_apprehended_state_IPC.csv,ARREST_DISPOSAL,JUVENILE,"year, state, crime_head",3
03_Persons_arrested_and_their_disposal_by_police_and_court_under_crime_against_children_2012.csv,08_02_Juvenile_apprehended_state_SLL.csv,ARREST_DISPOSAL,JUVENILE,"year, state, crime_head",3
03_Persons_arrested_and_their_disposal_by_police_and_court_under_crime_against_children_2012.csv,09_Juveniles_arrested_and_their_disposal.csv,ARREST_DISPOSAL,JUVENILE,year,1
03_Persons_arrested_and_their_disposal_by_police_and_court_under_crime_against_children_2012.csv,10_Property_stolen_and_recovered.csv,ARREST_DISPOSAL,PROPERTY_CRIME,year,1
03_Persons_arrested_and_their_disposal_by_police_and_court_under_crime_against_children_2012.csv,11_Property_stolen_and_recovered_nature_of_property.csv,ARREST_DISPOSAL,PROPERTY_CRIME,year,1
03_Persons_arrested_and_their_disposal_by_police_and_court_under_crime_against_children_2012.csv,12_Police_strength_actual_and_sanctioned.csv,ARREST_DISPOSAL,POLICE_ADMINISTRATION,year,1
03_Persons_arrested_and_their_disposal_by_police_and_court_under_crime_against_children_2012.csv,13_Police_killed_or_injured_on_duty.csv,ARREST_DISPOSAL,POLICE_ADMINISTRATION,year,1
03_Persons_arrested_and_their_disposal_by_police_and_court_under_crime_against_children_2012.csv,14_Age_profile_of_police_personnel_killed_on_duty.csv,ARREST_DISPOSAL,POLICE_ADMINISTRATION,year,1
03_Persons_arrested_and_their_disposal_by_police_and_court_under_crime_against_children_2012.csv,15_Police_natural_death_and_suicide.csv,ARREST_DISPOSAL,POLICE_ADMINISTRATION,year,1
03_Persons_arrested_and_their_disposal_by_police_and_court_under_crime_against_children_2012.csv,16_Casualties_under_police_firing_and_lathi_charge.csv,ARREST_DISPOSAL,POLICE_ADMINISTRATION,year,1
03_Persons_arrested_and_their_disposal_by_police_and_court_under_crime_against_children_2012.csv,17_Case_reported_and_value_of_property_taken_away_by_place_of_occurrence_2001_2012.csv,ARREST_DISPOSAL,PROPERTY_CRIME,"year, state",2
03_Persons_arrested_and_their_disposal_by_police_and_court_under_crime_against_children_2012.csv,17_Case_reported_and_value_of_property_taken_away_by_place_of_occurrence_2013.csv,ARREST_DISPOSAL,PROPERTY_CRIME,"year, state",2
03_Persons_arrested_and_their_disposal_by_police_and_court_under_crime_against_children_2012.csv,17_Crime_by_place_of_occurrence_2001_2012.csv,ARREST_DISPOSAL,CRIME_PLACE_OF_OCCURRENCE,"year, state",2
03_Persons_arrested_and_their_disposal_by_police_and_court_under_crime_against_children_2012.csv,17_Crime_by_place_of_occurrence_2013.csv,ARREST_DISPOSAL,CRIME_PLACE_OF_OCCURRENCE,"year, state",2
03_Persons_arrested_and_their_disposal_by_police_and_court_under_crime_against_children_2012.csv,17_Crime_by_place_of_occurrence_2014.csv,ARREST_DISPOSAL,CRIME_PLACE_OF_OCCURRENCE,"year, state",2
03_Persons_arrested_and_their_disposal_by_police_and_court_under_crime_against_children_2012.csv,18_01_Juveniles_arrested_Education.csv,ARREST_DISPOSAL,JUVENILE,year,1
03_Persons_arrested_and_their_disposal_by_police_and_court_under_crime_against_children_2012.csv,18_02_Juveniles_arrested_Economic_setup.csv,ARREST_DISPOSAL,JUVENILE,year,1
03_Persons_arrested_and_their_disposal_by_police_and_court_under_crime_against_children_2012.csv,18_03_Juveniles_arrested_Family_background.csv,ARREST_DISPOSAL,JUVENILE,year,1
03_Persons_arrested_and_their_disposal_by_police_and_court_under_crime_against_children_2012.csv,18_04_Juveniles_arrested_Recidivism.csv,ARREST_DISPOSAL,JUVENILE,year,1
03_Persons_arrested_and_their_disposal_by_police_and_court_under_crime_against_children_2012.csv,19_Motive_or_cause_of_murder_and_culpable_homicide_not_amounting_to_murder.csv,ARREST_DISPOSAL,VICTIM_OFFENDER_CHARACTERISTICS,year,1
03_Persons_arrested_and_their_disposal_by_police_and_court_under_crime_against_children_2012.csv,20_Victims_of_rape.csv,ARREST_DISPOSAL,VICTIM_OFFENDER_CHARACTERISTICS,year,1
03_Persons_arrested_and_their_disposal_by_police_and_court_under_crime_against_children_2012.csv,21_Offenders_known_to_the_victim.csv,ARREST_DISPOSAL,VICTIM_OFFENDER_CHARACTERISTICS,year,1
03_Persons_arrested_and_their_disposal_by_police_and_court_under_crime_against_children_2012.csv,22_Persons_arrested_under_recidivism.csv,ARREST_DISPOSAL,ARREST_DISPOSAL,year,1
03_Persons_arrested_and_their_disposal_by_police_and_court_under_crime_against_children_2012.csv,23_Anti_corruprion_cases.csv,ARREST_DISPOSAL,ANTI_CORRUPTION,year,1
03_Persons_arrested_and_their_disposal_by_police_and_court_under_crime_against_children_2012.csv,24_Anti_corruption_arrests.csv,ARREST_DISPOSAL,ANTI_CORRUPTION,year,1
03_Persons_arrested_and_their_disposal_by_police_and_court_under_crime_against_children_2012.csv,25_Complaints_against_police.csv,ARREST_DISPOSAL,POLICE_ADMINISTRATION,year,1
03_Persons_arrested_and_their_disposal_by_police_and_court_under_crime_against_children_2012.csv,27_Nature_of_complaints_received_by_police.csv,ARREST_DISPOSAL,POLICE_ADMINISTRATION,year,1
03_Persons_arrested_and_their_disposal_by_police_and_court_under_crime_against_children_2012.csv,28_Trial_of_violent_crimes_by_courts.csv,ARREST_DISPOSAL,JUSTICE_COURT,year,1
03_Persons_arrested_and_their_disposal_by_police_and_court_under_crime_against_children_2012.csv,29_Period_of_trials_by_courts.csv,ARREST_DISPOSAL,JUSTICE_COURT,year,1
03_Persons_arrested_and_their_disposal_by_police_and_court_under_crime_against_children_2012.csv,30_Auto_theft.csv,ARREST_DISPOSAL,PROPERTY_CRIME,year,1
03_Persons_arrested_and_their_disposal_by_police_and_court_under_crime_against_children_2012.csv,31_Serious_fraud.csv,ARREST_DISPOSAL,PROPERTY_CRIME,year,1
03_Persons_arrested_and_their_disposal_by_police_and_court_under_crime_against_children_2012.csv,32_Murder_victim_age_sex.csv,ARREST_DISPOSAL,VICTIM_OFFENDER_CHARACTERISTICS,year,1
03_Persons_arrested_and_their_disposal_by_police_and_court_under_crime_against_children_2012.csv,33_CH_not_murder_victim_age_sex.csv,ARREST_DISPOSAL,VICTIM_OFFENDER_CHARACTERISTICS,year,1
03_Persons_arrested_and_their_disposal_by_police_and_court_under_crime_against_children_2012.csv,34_Use_of_fire_arms_in_murder_cases.csv,ARREST_DISPOSAL,VICTIM_OFFENDER_CHARACTERISTICS,year,1
03_Persons_arrested_and_their_disposal_by_police_and_court_under_crime_against_children_2012.csv,35_Human_rights_violation_by_police.csv,ARREST_DISPOSAL,POLICE_ADMINISTRATION,year,1
03_Persons_arrested_and_their_disposal_by_police_and_court_under_crime_against_children_2012.csv,36_Police_housing.csv,ARREST_DISPOSAL,POLICE_ADMINISTRATION,year,1
03_Persons_arrested_and_their_disposal_by_police_and_court_under_crime_against_children_2012.csv,37_Home_guards_and_auxilliary_force.csv,ARREST_DISPOSAL,POLICE_ADMINISTRATION,year,1
03_Persons_arrested_and_their_disposal_by_police_and_court_under_crime_against_children_2012.csv,38_Unidentified_dead_bodies_recovered_and_inquest_conducted.csv,ARREST_DISPOSAL,OTHER_SPECIALIZED,year,1
03_Persons_arrested_and_their_disposal_by_police_and_court_under_crime_against_children_2012.csv,39_Specific_purpose_of_kidnapping_and_abduction.csv,ARREST_DISPOSAL,VICTIM_OFFENDER_CHARACTERISTICS,year,1
03_Persons_arrested_and_their_disposal_by_police_and_court_under_crime_against_children_2012.csv,40_01_Custodial_death_person_remanded.csv,ARREST_DISPOSAL,JUSTICE_COURT,year,1
03_Persons_arrested_and_their_disposal_by_police_and_court_under_crime_against_children_2012.csv,40_02_Custodial_death_person_not_remanded.csv,ARREST_DISPOSAL,JUSTICE_COURT,year,1
03_Persons_arrested_and_their_disposal_by_police_and_court_under_crime_against_children_2012.csv,40_03_Custodial_death_during_production.csv,ARREST_DISPOSAL,JUSTICE_COURT,year,1
03_Persons_arrested_and_their_disposal_by_police_and_court_under_crime_against_children_2012.csv,40_04_Custodial_death_during_hospitalization_or_treatment.csv,ARREST_DISPOSAL,JUSTICE_COURT,year,1
03_Persons_arrested_and_their_disposal_by_police_and_court_under_crime_against_children_2012.csv,40_05_Custodial_death_others.csv,ARREST_DISPOSAL,JUSTICE_COURT,year,1
03_Persons_arrested_and_their_disposal_by_police_and_court_under_crime_against_children_2012.csv,41_Escapes_from_police_custody.csv,ARREST_DISPOSAL,POLICE_ADMINISTRATION,year,1
03_Persons_arrested_and_their_disposal_by_police_and_court_under_crime_against_children_2012.csv,42_Cases_under_crime_against_women.csv,ARREST_DISPOSAL,JUSTICE_COURT,year,1
03_Persons_arrested_and_their_disposal_by_police_and_court_under_crime_against_children_2012.csv,42_District_wise_crimes_committed_against_women_2001_2012.csv,ARREST_DISPOSAL,DISTRICT_WISE_CRIME,"year, state",2
03_Persons_arrested_and_their_disposal_by_police_and_court_under_crime_against_children_2012.csv,42_District_wise_crimes_committed_against_women_2013.csv,ARREST_DISPOSAL,DISTRICT_WISE_CRIME,"year, state",2
03_Persons_arrested_and_their_disposal_by_police_and_court_under_crime_against_children_2012.csv,42_District_wise_crimes_committed_against_women_2014.csv,ARREST_DISPOSAL,DISTRICT_WISE_CRIME,"year, state",2
03_Persons_arrested_and_their_disposal_by_police_and_court_under_crime_against_children_2012.csv,43_Arrests_under_crime_against_women.csv,ARREST_DISPOSAL,ARREST_DISPOSAL,year,1
03_Persons_arrested_and_their_disposal_by_police_and_court_under_crime_against_children_2013.csv,03_Persons_arrested_and_their_disposal_by_police_and_court_under_crime_against_children_2014.csv,ARREST_DISPOSAL,ARREST_DISPOSAL,"year, state, crime_head",3
03_Persons_arrested_and_their_disposal_by_police_and_court_under_crime_against_children_2013.csv,04_01_Person_arrested_and_their_disposal_by_police_and_court_SLL_crime_2012.csv,ARREST_DISPOSAL,ARREST_DISPOSAL,"year, state, crime_head",3
03_Persons_arrested_and_their_disposal_by_police_and_court_under_crime_against_children_2013.csv,04_01_Person_arrested_and_their_disposal_by_police_and_court_SLL_crime_2013.csv,ARREST_DISPOSAL,ARREST_DISPOSAL,"year, state, crime_head",3
03_Persons_arrested_and_their_disposal_by_police_and_court_under_crime_against_children_2013.csv,04_01_Person_arrested_and_their_disposal_by_police_and_court_SLL_crime_2014.csv,ARREST_DISPOSAL,ARREST_DISPOSAL,"year, state, crime_head",3
03_Persons_arrested_and_their_disposal_by_police_and_court_under_crime_against_children_2013.csv,04_02_Person_arrested_and_their_disposal_by_police_and_court_IPC_crime_2012.csv,ARREST_DISPOSAL,ARREST_DISPOSAL,"year, state, crime_head",3
03_Persons_arrested_and_their_disposal_by_police_and_court_under_crime_against_children_2013.csv,04_02_Person_arrested_and_their_disposal_by_police_and_court_IPC_crime_2013.csv,ARREST_DISPOSAL,ARREST_DISPOSAL,"year, state, crime_head",3
03_Persons_arrested_and_their_disposal_by_police_and_court_under_crime_against_children_2013.csv,04_02_Person_arrested_and_their_disposal_by_police_and_court_IPC_crime_2014.csv,ARREST_DISPOSAL,ARREST_DISPOSAL,"year, state, crime_head",3
03_Persons_arrested_and_their_disposal_by_police_and_court_under_crime_against_children_2013.csv,07_01_Persons_arrested_by_sex_and_age_group_IPC_2012.csv,ARREST_DISPOSAL,ARREST_DISPOSAL,"state, crime_head",2
03_Persons_arrested_and_their_disposal_by_police_and_court_under_crime_against_children_2013.csv,07_01_Persons_arrested_by_sex_and_age_group_IPC_2013.csv,ARREST_DISPOSAL,ARREST_DISPOSAL,"state, crime_head",2
03_Persons_arrested_and_their_disposal_by_police_and_court_under_crime_against_children_2013.csv,07_01_Persons_arrested_by_sex_and_age_group_IPC_2014.csv,ARREST_DISPOSAL,ARREST_DISPOSAL,"year, state, crime_head",3
03_Persons_arrested_and_their_disposal_by_police_and_court_under_crime_against_children_2013.csv,07_02_Persons_arrested_by_sex_and_age_group_SLL_2012.csv,ARREST_DISPOSAL,ARREST_DISPOSAL,"state, crime_head",2
03_Persons_arrested_and_their_disposal_by_police_and_court_under_crime_against_children_2013.csv,07_02_Persons_arrested_by_sex_and_age_group_SLL_2013.csv,ARREST_DISPOSAL,ARREST_DISPOSAL,"state, crime_head",2
03_Persons_arrested_and_their_disposal_by_police_and_court_under_crime_against_children_2013.csv,07_02_Persons_arrested_by_sex_and_age_group_SLL_2014.csv,ARREST_DISPOSAL,ARREST_DISPOSAL,"year, state, crime_head",3
03_Persons_arrested_and_their_disposal_by_police_and_court_under_crime_against_children_2013.csv,08_01_Juvenile_apprehended_state_IPC.csv,ARREST_DISPOSAL,JUVENILE,"year, state, crime_head",3
03_Persons_arrested_and_their_disposal_by_police_and_court_under_crime_against_children_2013.csv,08_02_Juvenile_apprehended_state_SLL.csv,ARREST_DISPOSAL,JUVENILE,"year, state, crime_head",3
03_Persons_arrested_and_their_disposal_by_police_and_court_under_crime_against_children_2013.csv,09_Juveniles_arrested_and_their_disposal.csv,ARREST_DISPOSAL,JUVENILE,year,1
03_Persons_arrested_and_their_disposal_by_police_and_court_under_crime_against_children_2013.csv,10_Property_stolen_and_recovered.csv,ARREST_DISPOSAL,PROPERTY_CRIME,year,1
03_Persons_arrested_and_their_disposal_by_police_and_court_under_crime_against_children_2013.csv,11_Property_stolen_and_recovered_nature_of_property.csv,ARREST_DISPOSAL,PROPERTY_CRIME,year,1
03_Persons_arrested_and_their_disposal_by_police_and_court_under_crime_against_children_2013.csv,12_Police_strength_actual_and_sanctioned.csv,ARREST_DISPOSAL,POLICE_ADMINISTRATION,year,1
03_Persons_arrested_and_their_disposal_by_police_and_court_under_crime_against_children_2013.csv,13_Police_killed_or_injured_on_duty.csv,ARREST_DISPOSAL,POLICE_ADMINISTRATION,year,1
03_Persons_arrested_and_their_disposal_by_police_and_court_under_crime_against_children_2013.csv,14_Age_profile_of_police_personnel_killed_on_duty.csv,ARREST_DISPOSAL,POLICE_ADMINISTRATION,year,1
03_Persons_arrested_and_their_disposal_by_police_and_court_under_crime_against_children_2013.csv,15_Police_natural_death_and_suicide.csv,ARREST_DISPOSAL,POLICE_ADMINISTRATION,year,1
03_Persons_arrested_and_their_disposal_by_police_and_court_under_crime_against_children_2013.csv,16_Casualties_under_police_firing_and_lathi_charge.csv,ARREST_DISPOSAL,POLICE_ADMINISTRATION,year,1
03_Persons_arrested_and_their_disposal_by_police_and_court_under_crime_against_children_2013.csv,17_Case_reported_and_value_of_property_taken_away_by_place_of_occurrence_2001_2012.csv,ARREST_DISPOSAL,PROPERTY_CRIME,"year, state",2
03_Persons_arrested_and_their_disposal_by_police_and_court_under_crime_against_children_2013.csv,17_Case_reported_and_value_of_property_taken_away_by_place_of_occurrence_2013.csv,ARREST_DISPOSAL,PROPERTY_CRIME,"year, state",2
03_Persons_arrested_and_their_disposal_by_police_and_court_under_crime_against_children_2013.csv,17_Crime_by_place_of_occurrence_2001_2012.csv,ARREST_DISPOSAL,CRIME_PLACE_OF_OCCURRENCE,"year, state",2
03_Persons_arrested_and_their_disposal_by_police_and_court_under_crime_against_children_2013.csv,17_Crime_by_place_of_occurrence_2013.csv,ARREST_DISPOSAL,CRIME_PLACE_OF_OCCURRENCE,"year, state",2
03_Persons_arrested_and_their_disposal_by_police_and_court_under_crime_against_children_2013.csv,17_Crime_by_place_of_occurrence_2014.csv,ARREST_DISPOSAL,CRIME_PLACE_OF_OCCURRENCE,"year, state",2
03_Persons_arrested_and_their_disposal_by_police_and_court_under_crime_against_children_2013.csv,18_01_Juveniles_arrested_Education.csv,ARREST_DISPOSAL,JUVENILE,year,1
03_Persons_arrested_and_their_disposal_by_police_and_court_under_crime_against_children_2013.csv,18_02_Juveniles_arrested_Economic_setup.csv,ARREST_DISPOSAL,JUVENILE,year,1
03_Persons_arrested_and_their_disposal_by_police_and_court_under_crime_against_children_2013.csv,18_03_Juveniles_arrested_Family_background.csv,ARREST_DISPOSAL,JUVENILE,year,1
03_Persons_arrested_and_their_disposal_by_police_and_court_under_crime_against_children_2013.csv,18_04_Juveniles_arrested_Recidivism.csv,ARREST_DISPOSAL,JUVENILE,year,1
03_Persons_arrested_and_their_disposal_by_police_and_court_under_crime_against_children_2013.csv,19_Motive_or_cause_of_murder_and_culpable_homicide_not_amounting_to_murder.csv,ARREST_DISPOSAL,VICTIM_OFFENDER_CHARACTERISTICS,year,1
03_Persons_arrested_and_their_disposal_by_police_and_court_under_crime_against_children_2013.csv,20_Victims_of_rape.csv,ARREST_DISPOSAL,VICTIM_OFFENDER_CHARACTERISTICS,year,1
03_Persons_arrested_and_their_disposal_by_police_and_court_under_crime_against_children_2013.csv,21_Offenders_known_to_the_victim.csv,ARREST_DISPOSAL,VICTIM_OFFENDER_CHARACTERISTICS,year,1
03_Persons_arrested_and_their_disposal_by_police_and_court_under_crime_against_children_2013.csv,22_Persons_arrested_under_recidivism.csv,ARREST_DISPOSAL,ARREST_DISPOSAL,year,1
03_Persons_arrested_and_their_disposal_by_police_and_court_under_crime_against_children_2013.csv,23_Anti_corruprion_cases.csv,ARREST_DISPOSAL,ANTI_CORRUPTION,year,1
03_Persons_arrested_and_their_disposal_by_police_and_court_under_crime_against_children_2013.csv,24_Anti_corruption_arrests.csv,ARREST_DISPOSAL,ANTI_CORRUPTION,year,1
03_Persons_arrested_and_their_disposal_by_police_and_court_under_crime_against_children_2013.csv,25_Complaints_against_police.csv,ARREST_DISPOSAL,POLICE_ADMINISTRATION,year,1
03_Persons_arrested_and_their_disposal_by_police_and_court_under_crime_against_children_2013.csv,27_Nature_of_complaints_received_by_police.csv,ARREST_DISPOSAL,POLICE_ADMINISTRATION,year,1
03_Persons_arrested_and_their_disposal_by_police_and_court_under_crime_against_children_2013.csv,28_Trial_of_violent_crimes_by_courts.csv,ARREST_DISPOSAL,JUSTICE_COURT,year,1
03_Persons_arrested_and_their_disposal_by_police_and_court_under_crime_against_children_2013.csv,29_Period_of_trials_by_courts.csv,ARREST_DISPOSAL,JUSTICE_COURT,year,1
03_Persons_arrested_and_their_disposal_by_police_and_court_under_crime_against_children_2013.csv,30_Auto_theft.csv,ARREST_DISPOSAL,PROPERTY_CRIME,year,1
03_Persons_arrested_and_their_disposal_by_police_and_court_under_crime_against_children_2013.csv,31_Serious_fraud.csv,ARREST_DISPOSAL,PROPERTY_CRIME,year,1
03_Persons_arrested_and_their_disposal_by_police_and_court_under_crime_against_children_2013.csv,32_Murder_victim_age_sex.csv,ARREST_DISPOSAL,VICTIM_OFFENDER_CHARACTERISTICS,year,1
03_Persons_arrested_and_their_disposal_by_police_and_court_under_crime_against_children_2013.csv,33_CH_not_murder_victim_age_sex.csv,ARREST_DISPOSAL,VICTIM_OFFENDER_CHARACTERISTICS,year,1
03_Persons_arrested_and_their_disposal_by_police_and_court_under_crime_against_children_2013.csv,34_Use_of_fire_arms_in_murder_cases.csv,ARREST_DISPOSAL,VICTIM_OFFENDER_CHARACTERISTICS,year,1
03_Persons_arrested_and_their_disposal_by_police_and_court_under_crime_against_children_2013.csv,35_Human_rights_violation_by_police.csv,ARREST_DISPOSAL,POLICE_ADMINISTRATION,year,1
03_Persons_arrested_and_their_disposal_by_police_and_court_under_crime_against_children_2013.csv,36_Police_housing.csv,ARREST_DISPOSAL,POLICE_ADMINISTRATION,year,1
03_Persons_arrested_and_their_disposal_by_police_and_court_under_crime_against_children_2013.csv,37_Home_guards_and_auxilliary_force.csv,ARREST_DISPOSAL,POLICE_ADMINISTRATION,year,1
03_Persons_arrested_and_their_disposal_by_police_and_court_under_crime_against_children_2013.csv,38_Unidentified_dead_bodies_recovered_and_inquest_conducted.csv,ARREST_DISPOSAL,OTHER_SPECIALIZED,year,1
03_Persons_arrested_and_their_disposal_by_police_and_court_under_crime_against_children_2013.csv,39_Specific_purpose_of_kidnapping_and_abduction.csv,ARREST_DISPOSAL,VICTIM_OFFENDER_CHARACTERISTICS,year,1
03_Persons_arrested_and_their_disposal_by_police_and_court_under_crime_against_children_2013.csv,40_01_Custodial_death_person_remanded.csv,ARREST_DISPOSAL,JUSTICE_COURT,year,1
03_Persons_arrested_and_their_disposal_by_police_and_court_under_crime_against_children_2013.csv,40_02_Custodial_death_person_not_remanded.csv,ARREST_DISPOSAL,JUSTICE_COURT,year,1
03_Persons_arrested_and_their_disposal_by_police_and_court_under_crime_against_children_2013.csv,40_03_Custodial_death_during_production.csv,ARREST_DISPOSAL,JUSTICE_COURT,year,1
03_Persons_arrested_and_their_disposal_by_police_and_court_under_crime_against_children_2013.csv,40_04_Custodial_death_during_hospitalization_or_treatment.csv,ARREST_DISPOSAL,JUSTICE_COURT,year,1
03_Persons_arrested_and_their_disposal_by_police_and_court_under_crime_against_children_2013.csv,40_05_Custodial_death_others.csv,ARREST_DISPOSAL,JUSTICE_COURT,year,1
03_Persons_arrested_and_their_disposal_by_police_and_court_under_crime_against_children_2013.csv,41_Escapes_from_police_custody.csv,ARREST_DISPOSAL,POLICE_ADMINISTRATION,year,1
03_Persons_arrested_and_their_disposal_by_police_and_court_under_crime_against_children_2013.csv,42_Cases_under_crime_against_women.csv,ARREST_DISPOSAL,JUSTICE_COURT,year,1
03_Persons_arrested_and_their_disposal_by_police_and_court_under_crime_against_children_2013.csv,42_District_wise_crimes_committed_against_women_2001_2012.csv,ARREST_DISPOSAL,DISTRICT_WISE_CRIME,"year, state",2
03_Persons_arrested_and_their_disposal_by_police_and_court_under_crime_against_children_2013.csv,42_District_wise_crimes_committed_against_women_2013.csv,ARREST_DISPOSAL,DISTRICT_WISE_CRIME,"year, state",2
03_Persons_arrested_and_their_disposal_by_police_and_court_under_crime_against_children_2013.csv,42_District_wise_crimes_committed_against_women_2014.csv,ARREST_DISPOSAL,DISTRICT_WISE_CRIME,"year, state",2
03_Persons_arrested_and_their_disposal_by_police_and_court_under_crime_against_children_2013.csv,43_Arrests_under_crime_against_women.csv,ARREST_DISPOSAL,ARREST_DISPOSAL,year,1
03_Persons_arrested_and_their_disposal_by_police_and_court_under_crime_against_children_2014.csv,04_01_Person_arrested_and_their_disposal_by_police_and_court_SLL_crime_2012.csv,ARREST_DISPOSAL,ARREST_DISPOSAL,"year, state, crime_head",3
03_Persons_arrested_and_their_disposal_by_police_and_court_under_crime_against_children_2014.csv,04_01_Person_arrested_and_their_disposal_by_police_and_court_SLL_crime_2013.csv,ARREST_DISPOSAL,ARREST_DISPOSAL,"year, state, crime_head",3
03_Persons_arrested_and_their_disposal_by_police_and_court_under_crime_against_children_2014.csv,04_01_Person_arrested_and_their_disposal_by_police_and_court_SLL_crime_2014.csv,ARREST_DISPOSAL,ARREST_DISPOSAL,"year, state, crime_head",3
03_Persons_arrested_and_their_disposal_by_police_and_court_under_crime_against_children_2014.csv,04_02_Person_arrested_and_their_disposal_by_police_and_court_IPC_crime_2012.csv,ARREST_DISPOSAL,ARREST_DISPOSAL,"year, state, crime_head",3
03_Persons_arrested_and_their_disposal_by_police_and_court_under_crime_against_children_2014.csv,04_02_Person_arrested_and_their_disposal_by_police_and_court_IPC_crime_2013.csv,ARREST_DISPOSAL,ARREST_DISPOSAL,"year, state, crime_head",3
03_Persons_arrested_and_their_disposal_by_police_and_court_under_crime_against_children_2014.csv,04_02_Person_arrested_and_their_disposal_by_police_and_court_IPC_crime_2014.csv,ARREST_DISPOSAL,ARREST_DISPOSAL,"year, state, crime_head",3
03_Persons_arrested_and_their_disposal_by_police_and_court_under_crime_against_children_2014.csv,07_01_Persons_arrested_by_sex_and_age_group_IPC_2012.csv,ARREST_DISPOSAL,ARREST_DISPOSAL,"state, crime_head",2
03_Persons_arrested_and_their_disposal_by_police_and_court_under_crime_against_children_2014.csv,07_01_Persons_arrested_by_sex_and_age_group_IPC_2013.csv,ARREST_DISPOSAL,ARREST_DISPOSAL,"state, crime_head",2
03_Persons_arrested_and_their_disposal_by_police_and_court_under_crime_against_children_2014.csv,07_01_Persons_arrested_by_sex_and_age_group_IPC_2014.csv,ARREST_DISPOSAL,ARREST_DISPOSAL,"year, state, crime_head",3
03_Persons_arrested_and_their_disposal_by_police_and_court_under_crime_against_children_2014.csv,07_02_Persons_arrested_by_sex_and_age_group_SLL_2012.csv,ARREST_DISPOSAL,ARREST_DISPOSAL,"state, crime_head",2
03_Persons_arrested_and_their_disposal_by_police_and_court_under_crime_against_children_2014.csv,07_02_Persons_arrested_by_sex_and_age_group_SLL_2013.csv,ARREST_DISPOSAL,ARREST_DISPOSAL,"state, crime_head",2
03_Persons_arrested_and_their_disposal_by_police_and_court_under_crime_against_children_2014.csv,07_02_Persons_arrested_by_sex_and_age_group_SLL_2014.csv,ARREST_DISPOSAL,ARREST_DISPOSAL,"year, state, crime_head",3
03_Persons_arrested_and_their_disposal_by_police_and_court_under_crime_against_children_2014.csv,08_01_Juvenile_apprehended_state_IPC.csv,ARREST_DISPOSAL,JUVENILE,"year, state, crime_head",3
03_Persons_arrested_and_their_disposal_by_police_and_court_under_crime_against_children_2014.csv,08_02_Juvenile_apprehended_state_SLL.csv,ARREST_DISPOSAL,JUVENILE,"year, state, crime_head",3
03_Persons_arrested_and_their_disposal_by_police_and_court_under_crime_against_children_2014.csv,09_Juveniles_arrested_and_their_disposal.csv,ARREST_DISPOSAL,JUVENILE,year,1
03_Persons_arrested_and_their_disposal_by_police_and_court_under_crime_against_children_2014.csv,10_Property_stolen_and_recovered.csv,ARREST_DISPOSAL,PROPERTY_CRIME,year,1
03_Persons_arrested_and_their_disposal_by_police_and_court_under_crime_against_children_2014.csv,11_Property_stolen_and_recovered_nature_of_property.csv,ARREST_DISPOSAL,PROPERTY_CRIME,year,1
03_Persons_arrested_and_their_disposal_by_police_and_court_under_crime_against_children_2014.csv,12_Police_strength_actual_and_sanctioned.csv,ARREST_DISPOSAL,POLICE_ADMINISTRATION,year,1
03_Persons_arrested_and_their_disposal_by_police_and_court_under_crime_against_children_2014.csv,13_Police_killed_or_injured_on_duty.csv,ARREST_DISPOSAL,POLICE_ADMINISTRATION,year,1
03_Persons_arrested_and_their_disposal_by_police_and_court_under_crime_against_children_2014.csv,14_Age_profile_of_police_personnel_killed_on_duty.csv,ARREST_DISPOSAL,POLICE_ADMINISTRATION,year,1
03_Persons_arrested_and_their_disposal_by_police_and_court_under_crime_against_children_2014.csv,15_Police_natural_death_and_suicide.csv,ARREST_DISPOSAL,POLICE_ADMINISTRATION,year,1
03_Persons_arrested_and_their_disposal_by_police_and_court_under_crime_against_children_2014.csv,16_Casualties_under_police_firing_and_lathi_charge.csv,ARREST_DISPOSAL,POLICE_ADMINISTRATION,year,1
03_Persons_arrested_and_their_disposal_by_police_and_court_under_crime_against_children_2014.csv,17_Case_reported_and_value_of_property_taken_away_by_place_of_occurrence_2001_2012.csv,ARREST_DISPOSAL,PROPERTY_CRIME,"year, state",2
03_Persons_arrested_and_their_disposal_by_police_and_court_under_crime_against_children_2014.csv,17_Case_reported_and_value_of_property_taken_away_by_place_of_occurrence_2013.csv,ARREST_DISPOSAL,PROPERTY_CRIME,"year, state",2
03_Persons_arrested_and_their_disposal_by_police_and_court_under_crime_against_children_2014.csv,17_Crime_by_place_of_occurrence_2001_2012.csv,ARREST_DISPOSAL,CRIME_PLACE_OF_OCCURRENCE,"year, state",2
03_Persons_arrested_and_their_disposal_by_police_and_court_under_crime_against_children_2014.csv,17_Crime_by_place_of_occurrence_2013.csv,ARREST_DISPOSAL,CRIME_PLACE_OF_OCCURRENCE,"year, state",2
03_Persons_arrested_and_their_disposal_by_police_and_court_under_crime_against_children_2014.csv,17_Crime_by_place_of_occurrence_2014.csv,ARREST_DISPOSAL,CRIME_PLACE_OF_OCCURRENCE,"year, state",2
03_Persons_arrested_and_their_disposal_by_police_and_court_under_crime_against_children_2014.csv,18_01_Juveniles_arrested_Education.csv,ARREST_DISPOSAL,JUVENILE,year,1
03_Persons_arrested_and_their_disposal_by_police_and_court_under_crime_against_children_2014.csv,18_02_Juveniles_arrested_Economic_setup.csv,ARREST_DISPOSAL,JUVENILE,year,1
03_Persons_arrested_and_their_disposal_by_police_and_court_under_crime_against_children_2014.csv,18_03_Juveniles_arrested_Family_background.csv,ARREST_DISPOSAL,JUVENILE,year,1
03_Persons_arrested_and_their_disposal_by_police_and_court_under_crime_against_children_2014.csv,18_04_Juveniles_arrested_Recidivism.csv,ARREST_DISPOSAL,JUVENILE,year,1
03_Persons_arrested_and_their_disposal_by_police_and_court_under_crime_against_children_2014.csv,19_Motive_or_cause_of_murder_and_culpable_homicide_not_amounting_to_murder.csv,ARREST_DISPOSAL,VICTIM_OFFENDER_CHARACTERISTICS,year,1
03_Persons_arrested_and_their_disposal_by_police_and_court_under_crime_against_children_2014.csv,20_Victims_of_rape.csv,ARREST_DISPOSAL,VICTIM_OFFENDER_CHARACTERISTICS,year,1
03_Persons_arrested_and_their_disposal_by_police_and_court_under_crime_against_children_2014.csv,21_Offenders_known_to_the_victim.csv,ARREST_DISPOSAL,VICTIM_OFFENDER_CHARACTERISTICS,year,1
03_Persons_arrested_and_their_disposal_by_police_and_court_under_crime_against_children_2014.csv,22_Persons_arrested_under_recidivism.csv,ARREST_DISPOSAL,ARREST_DISPOSAL,year,1
03_Persons_arrested_and_their_disposal_by_police_and_court_under_crime_against_children_2014.csv,23_Anti_corruprion_cases.csv,ARREST_DISPOSAL,ANTI_CORRUPTION,year,1
03_Persons_arrested_and_their_disposal_by_police_and_court_under_crime_against_children_2014.csv,24_Anti_corruption_arrests.csv,ARREST_DISPOSAL,ANTI_CORRUPTION,year,1
03_Persons_arrested_and_their_disposal_by_police_and_court_under_crime_against_children_2014.csv,25_Complaints_against_police.csv,ARREST_DISPOSAL,POLICE_ADMINISTRATION,year,1
03_Persons_arrested_and_their_disposal_by_police_and_court_under_crime_against_children_2014.csv,27_Nature_of_complaints_received_by_police.csv,ARREST_DISPOSAL,POLICE_ADMINISTRATION,year,1
03_Persons_arrested_and_their_disposal_by_police_and_court_under_crime_against_children_2014.csv,28_Trial_of_violent_crimes_by_courts.csv,ARREST_DISPOSAL,JUSTICE_COURT,year,1
03_Persons_arrested_and_their_disposal_by_police_and_court_under_crime_against_children_2014.csv,29_Period_of_trials_by_courts.csv,ARREST_DISPOSAL,JUSTICE_COURT,year,1
03_Persons_arrested_and_their_disposal_by_police_and_court_under_crime_against_children_2014.csv,30_Auto_theft.csv,ARREST_DISPOSAL,PROPERTY_CRIME,year,1
03_Persons_arrested_and_their_disposal_by_police_and_court_under_crime_against_children_2014.csv,31_Serious_fraud.csv,ARREST_DISPOSAL,PROPERTY_CRIME,year,1
03_Persons_arrested_and_their_disposal_by_police_and_court_under_crime_against_children_2014.csv,32_Murder_victim_age_sex.csv,ARREST_DISPOSAL,VICTIM_OFFENDER_CHARACTERISTICS,year,1
03_Persons_arrested_and_their_disposal_by_police_and_court_under_crime_against_children_2014.csv,33_CH_not_murder_victim_age_sex.csv,ARREST_DISPOSAL,VICTIM_OFFENDER_CHARACTERISTICS,year,1
03_Persons_arrested_and_their_disposal_by_police_and_court_under_crime_against_children_2014.csv,34_Use_of_fire_arms_in_murder_cases.csv,ARREST_DISPOSAL,VICTIM_OFFENDER_CHARACTERISTICS,year,1
03_Persons_arrested_and_their_disposal_by_police_and_court_under_crime_against_children_2014.csv,35_Human_rights_violation_by_police.csv,ARREST_DISPOSAL,POLICE_ADMINISTRATION,year,1
03_Persons_arrested_and_their_disposal_by_police_and_court_under_crime_against_children_2014.csv,36_Police_housing.csv,ARREST_DISPOSAL,POLICE_ADMINISTRATION,year,1
03_Persons_arrested_and_their_disposal_by_police_and_court_under_crime_against_children_2014.csv,37_Home_guards_and_auxilliary_force.csv,ARREST_DISPOSAL,POLICE_ADMINISTRATION,year,1
03_Persons_arrested_and_their_disposal_by_police_and_court_under_crime_against_children_2014.csv,38_Unidentified_dead_bodies_recovered_and_inquest_conducted.csv,ARREST_DISPOSAL,OTHER_SPECIALIZED,year,1
03_Persons_arrested_and_their_disposal_by_police_and_court_under_crime_against_children_2014.csv,39_Specific_purpose_of_kidnapping_and_abduction.csv,ARREST_DISPOSAL,VICTIM_OFFENDER_CHARACTERISTICS,year,1
03_Persons_arrested_and_their_disposal_by_police_and_court_under_crime_against_children_2014.csv,40_01_Custodial_death_person_remanded.csv,ARREST_DISPOSAL,JUSTICE_COURT,year,1
03_Persons_arrested_and_their_disposal_by_police_and_court_under_crime_against_children_2014.csv,40_02_Custodial_death_person_not_remanded.csv,ARREST_DISPOSAL,JUSTICE_COURT,year,1
03_Persons_arrested_and_their_disposal_by_police_and_court_under_crime_against_children_2014.csv,40_03_Custodial_death_during_production.csv,ARREST_DISPOSAL,JUSTICE_COURT,year,1
03_Persons_arrested_and_their_disposal_by_police_and_court_under_crime_against_children_2014.csv,40_04_Custodial_death_during_hospitalization_or_treatment.csv,ARREST_DISPOSAL,JUSTICE_COURT,year,1
03_Persons_arrested_and_their_disposal_by_police_and_court_under_crime_against_children_2014.csv,40_05_Custodial_death_others.csv,ARREST_DISPOSAL,JUSTICE_COURT,year,1
03_Persons_arrested_and_their_disposal_by_police_and_court_under_crime_against_children_2014.csv,41_Escapes_from_police_custody.csv,ARREST_DISPOSAL,POLICE_ADMINISTRATION,year,1
03_Persons_arrested_and_their_disposal_by_police_and_court_under_crime_against_children_2014.csv,42_Cases_under_crime_against_women.csv,ARREST_DISPOSAL,JUSTICE_COURT,year,1
03_Persons_arrested_and_their_disposal_by_police_and_court_under_crime_against_children_2014.csv,42_District_wise_crimes_committed_against_women_2001_2012.csv,ARREST_DISPOSAL,DISTRICT_WISE_CRIME,"year, state",2
03_Persons_arrested_and_their_disposal_by_police_and_court_under_crime_against_children_2014.csv,42_District_wise_crimes_committed_against_women_2013.csv,ARREST_DISPOSAL,DISTRICT_WISE_CRIME,"year, state",2
03_Persons_arrested_and_their_disposal_by_police_and_court_under_crime_against_children_2014.csv,42_District_wise_crimes_committed_against_women_2014.csv,ARREST_DISPOSAL,DISTRICT_WISE_CRIME,"year, state",2
03_Persons_arrested_and_their_disposal_by_police_and_court_under_crime_against_children_2014.csv,43_Arrests_under_crime_against_women.csv,ARREST_DISPOSAL,ARREST_DISPOSAL,year,1
04_01_Person_arrested_and_their_disposal_by_police_and_court_SLL_crime_2012.csv,04_01_Person_arrested_and_their_disposal_by_police_and_court_SLL_crime_2013.csv,ARREST_DISPOSAL,ARREST_DISPOSAL,"year, state, crime_head",3
04_01_Person_arrested_and_their_disposal_by_police_and_court_SLL_crime_2012.csv,04_01_Person_arrested_and_their_disposal_by_police_and_court_SLL_crime_2014.csv,ARREST_DISPOSAL,ARREST_DISPOSAL,"year, state, crime_head",3
04_01_Person_arrested_and_their_disposal_by_police_and_court_SLL_crime_2012.csv,04_02_Person_arrested_and_their_disposal_by_police_and_court_IPC_crime_2012.csv,ARREST_DISPOSAL,ARREST_DISPOSAL,"year, state, crime_head",3
04_01_Person_arrested_and_their_disposal_by_police_and_court_SLL_crime_2012.csv,04_02_Person_arrested_and_their_disposal_by_police_and_court_IPC_crime_2013.csv,ARREST_DISPOSAL,ARREST_DISPOSAL,"year, state, crime_head",3
04_01_Person_arrested_and_their_disposal_by_police_and_court_SLL_crime_2012.csv,04_02_Person_arrested_and_their_disposal_by_police_and_court_IPC_crime_2014.csv,ARREST_DISPOSAL,ARREST_DISPOSAL,"year, state, crime_head",3
04_01_Person_arrested_and_their_disposal_by_police_and_court_SLL_crime_2012.csv,07_01_Persons_arrested_by_sex_and_age_group_IPC_2012.csv,ARREST_DISPOSAL,ARREST_DISPOSAL,"state, crime_head",2
04_01_Person_arrested_and_their_disposal_by_police_and_court_SLL_crime_2012.csv,07_01_Persons_arrested_by_sex_and_age_group_IPC_2013.csv,ARREST_DISPOSAL,ARREST_DISPOSAL,"state, crime_head",2
04_01_Person_arrested_and_their_disposal_by_police_and_court_SLL_crime_2012.csv,07_01_Persons_arrested_by_sex_and_age_group_IPC_2014.csv,ARREST_DISPOSAL,ARREST_DISPOSAL,"year, state, crime_head",3
04_01_Person_arrested_and_their_disposal_by_police_and_court_SLL_crime_2012.csv,07_02_Persons_arrested_by_sex_and_age_group_SLL_2012.csv,ARREST_DISPOSAL,ARREST_DISPOSAL,"state, crime_head",2
04_01_Person_arrested_and_their_disposal_by_police_and_court_SLL_crime_2012.csv,07_02_Persons_arrested_by_sex_and_age_group_SLL_2013.csv,ARREST_DISPOSAL,ARREST_DISPOSAL,"state, crime_head",2
04_01_Person_arrested_and_their_disposal_by_police_and_court_SLL_crime_2012.csv,07_02_Persons_arrested_by_sex_and_age_group_SLL_2014.csv,ARREST_DISPOSAL,ARREST_DISPOSAL,"year, state, crime_head",3
04_01_Person_arrested_and_their_disposal_by_police_and_court_SLL_crime_2012.csv,08_01_Juvenile_apprehended_state_IPC.csv,ARREST_DISPOSAL,JUVENILE,"year, state, crime_head",3
04_01_Person_arrested_and_their_disposal_by_police_and_court_SLL_crime_2012.csv,08_02_Juvenile_apprehended_state_SLL.csv,ARREST_DISPOSAL,JUVENILE,"year, state, crime_head",3
04_01_Person_arrested_and_their_disposal_by_police_and_court_SLL_crime_2012.csv,09_Juveniles_arrested_and_their_disposal.csv,ARREST_DISPOSAL,JUVENILE,year,1
04_01_Person_arrested_and_their_disposal_by_police_and_court_SLL_crime_2012.csv,10_Property_stolen_and_recovered.csv,ARREST_DISPOSAL,PROPERTY_CRIME,year,1
04_01_Person_arrested_and_their_disposal_by_police_and_court_SLL_crime_2012.csv,11_Property_stolen_and_recovered_nature_of_property.csv,ARREST_DISPOSAL,PROPERTY_CRIME,year,1
04_01_Person_arrested_and_their_disposal_by_police_and_court_SLL_crime_2012.csv,12_Police_strength_actual_and_sanctioned.csv,ARREST_DISPOSAL,POLICE_ADMINISTRATION,year,1
04_01_Person_arrested_and_their_disposal_by_police_and_court_SLL_crime_2012.csv,13_Police_killed_or_injured_on_duty.csv,ARREST_DISPOSAL,POLICE_ADMINISTRATION,year,1
04_01_Person_arrested_and_their_disposal_by_police_and_court_SLL_crime_2012.csv,14_Age_profile_of_police_personnel_killed_on_duty.csv,ARREST_DISPOSAL,POLICE_ADMINISTRATION,year,1
04_01_Person_arrested_and_their_disposal_by_police_and_court_SLL_crime_2012.csv,15_Police_natural_death_and_suicide.csv,ARREST_DISPOSAL,POLICE_ADMINISTRATION,year,1
04_01_Person_arrested_and_their_disposal_by_police_and_court_SLL_crime_2012.csv,16_Casualties_under_police_firing_and_lathi_charge.csv,ARREST_DISPOSAL,POLICE_ADMINISTRATION,year,1
04_01_Person_arrested_and_their_disposal_by_police_and_court_SLL_crime_2012.csv,17_Case_reported_and_value_of_property_taken_away_by_place_of_occurrence_2001_2012.csv,ARREST_DISPOSAL,PROPERTY_CRIME,"year, state",2
04_01_Person_arrested_and_their_disposal_by_police_and_court_SLL_crime_2012.csv,17_Case_reported_and_value_of_property_taken_away_by_place_of_occurrence_2013.csv,ARREST_DISPOSAL,PROPERTY_CRIME,"year, state",2
04_01_Person_arrested_and_their_disposal_by_police_and_court_SLL_crime_2012.csv,17_Crime_by_place_of_occurrence_2001_2012.csv,ARREST_DISPOSAL,CRIME_PLACE_OF_OCCURRENCE,"year, state",2
04_01_Person_arrested_and_their_disposal_by_police_and_court_SLL_crime_2012.csv,17_Crime_by_place_of_occurrence_2013.csv,ARREST_DISPOSAL,CRIME_PLACE_OF_OCCURRENCE,"year, state",2
04_01_Person_arrested_and_their_disposal_by_police_and_court_SLL_crime_2012.csv,17_Crime_by_place_of_occurrence_2014.csv,ARREST_DISPOSAL,CRIME_PLACE_OF_OCCURRENCE,"year, state",2
04_01_Person_arrested_and_their_disposal_by_police_and_court_SLL_crime_2012.csv,18_01_Juveniles_arrested_Education.csv,ARREST_DISPOSAL,JUVENILE,year,1
04_01_Person_arrested_and_their_disposal_by_police_and_court_SLL_crime_2012.csv,18_02_Juveniles_arrested_Economic_setup.csv,ARREST_DISPOSAL,JUVENILE,year,1
04_01_Person_arrested_and_their_disposal_by_police_and_court_SLL_crime_2012.csv,18_03_Juveniles_arrested_Family_background.csv,ARREST_DISPOSAL,JUVENILE,year,1
04_01_Person_arrested_and_their_disposal_by_police_and_court_SLL_crime_2012.csv,18_04_Juveniles_arrested_Recidivism.csv,ARREST_DISPOSAL,JUVENILE,year,1
04_01_Person_arrested_and_their_disposal_by_police_and_court_SLL_crime_2012.csv,19_Motive_or_cause_of_murder_and_culpable_homicide_not_amounting_to_murder.csv,ARREST_DISPOSAL,VICTIM_OFFENDER_CHARACTERISTICS,year,1
04_01_Person_arrested_and_their_disposal_by_police_and_court_SLL_crime_2012.csv,20_Victims_of_rape.csv,ARREST_DISPOSAL,VICTIM_OFFENDER_CHARACTERISTICS,year,1
04_01_Person_arrested_and_their_disposal_by_police_and_court_SLL_crime_2012.csv,21_Offenders_known_to_the_victim.csv,ARREST_DISPOSAL,VICTIM_OFFENDER_CHARACTERISTICS,year,1
04_01_Person_arrested_and_their_disposal_by_police_and_court_SLL_crime_2012.csv,22_Persons_arrested_under_recidivism.csv,ARREST_DISPOSAL,ARREST_DISPOSAL,year,1
04_01_Person_arrested_and_their_disposal_by_police_and_court_SLL_crime_2012.csv,23_Anti_corruprion_cases.csv,ARREST_DISPOSAL,ANTI_CORRUPTION,year,1
04_01_Person_arrested_and_their_disposal_by_police_and_court_SLL_crime_2012.csv,24_Anti_corruption_arrests.csv,ARREST_DISPOSAL,ANTI_CORRUPTION,year,1
04_01_Person_arrested_and_their_disposal_by_police_and_court_SLL_crime_2012.csv,25_Complaints_against_police.csv,ARREST_DISPOSAL,POLICE_ADMINISTRATION,year,1
04_01_Person_arrested_and_their_disposal_by_police_and_court_SLL_crime_2012.csv,27_Nature_of_complaints_received_by_police.csv,ARREST_DISPOSAL,POLICE_ADMINISTRATION,year,1
04_01_Person_arrested_and_their_disposal_by_police_and_court_SLL_crime_2012.csv,28_Trial_of_violent_crimes_by_courts.csv,ARREST_DISPOSAL,JUSTICE_COURT,year,1
04_01_Person_arrested_and_their_disposal_by_police_and_court_SLL_crime_2012.csv,29_Period_of_trials_by_courts.csv,ARREST_DISPOSAL,JUSTICE_COURT,year,1
04_01_Person_arrested_and_their_disposal_by_police_and_court_SLL_crime_2012.csv,30_Auto_theft.csv,ARREST_DISPOSAL,PROPERTY_CRIME,year,1
04_01_Person_arrested_and_their_disposal_by_police_and_court_SLL_crime_2012.csv,31_Serious_fraud.csv,ARREST_DISPOSAL,PROPERTY_CRIME,year,1
04_01_Person_arrested_and_their_disposal_by_police_and_court_SLL_crime_2012.csv,32_Murder_victim_age_sex.csv,ARREST_DISPOSAL,VICTIM_OFFENDER_CHARACTERISTICS,year,1
04_01_Person_arrested_and_their_disposal_by_police_and_court_SLL_crime_2012.csv,33_CH_not_murder_victim_age_sex.csv,ARREST_DISPOSAL,VICTIM_OFFENDER_CHARACTERISTICS,year,1
04_01_Person_arrested_and_their_disposal_by_police_and_court_SLL_crime_2012.csv,34_Use_of_fire_arms_in_murder_cases.csv,ARREST_DISPOSAL,VICTIM_OFFENDER_CHARACTERISTICS,year,1
04_01_Person_arrested_and_their_disposal_by_police_and_court_SLL_crime_2012.csv,35_Human_rights_violation_by_police.csv,ARREST_DISPOSAL,POLICE_ADMINISTRATION,year,1
04_01_Person_arrested_and_their_disposal_by_police_and_court_SLL_crime_2012.csv,36_Police_housing.csv,ARREST_DISPOSAL,POLICE_ADMINISTRATION,year,1
04_01_Person_arrested_and_their_disposal_by_police_and_court_SLL_crime_2012.csv,37_Home_guards_and_auxilliary_force.csv,ARREST_DISPOSAL,POLICE_ADMINISTRATION,year,1
04_01_Person_arrested_and_their_disposal_by_police_and_court_SLL_crime_2012.csv,38_Unidentified_dead_bodies_recovered_and_inquest_conducted.csv,ARREST_DISPOSAL,OTHER_SPECIALIZED,year,1
04_01_Person_arrested_and_their_disposal_by_police_and_court_SLL_crime_2012.csv,39_Specific_purpose_of_kidnapping_and_abduction.csv,ARREST_DISPOSAL,VICTIM_OFFENDER_CHARACTERISTICS,year,1
04_01_Person_arrested_and_their_disposal_by_police_and_court_SLL_crime_2012.csv,40_01_Custodial_death_person_remanded.csv,ARREST_DISPOSAL,JUSTICE_COURT,year,1
04_01_Person_arrested_and_their_disposal_by_police_and_court_SLL_crime_2012.csv,40_02_Custodial_death_person_not_remanded.csv,ARREST_DISPOSAL,JUSTICE_COURT,year,1
04_01_Person_arrested_and_their_disposal_by_police_and_court_SLL_crime_2012.csv,40_03_Custodial_death_during_production.csv,ARREST_DISPOSAL,JUSTICE_COURT,year,1
04_01_Person_arrested_and_their_disposal_by_police_and_court_SLL_crime_2012.csv,40_04_Custodial_death_during_hospitalization_or_treatment.csv,ARREST_DISPOSAL,JUSTICE_COURT,year,1
04_01_Person_arrested_and_their_disposal_by_police_and_court_SLL_crime_2012.csv,40_05_Custodial_death_others.csv,ARREST_DISPOSAL,JUSTICE_COURT,year,1
04_01_Person_arrested_and_their_disposal_by_police_and_court_SLL_crime_2012.csv,41_Escapes_from_police_custody.csv,ARREST_DISPOSAL,POLICE_ADMINISTRATION,year,1
04_01_Person_arrested_and_their_disposal_by_police_and_court_SLL_crime_2012.csv,42_Cases_under_crime_against_women.csv,ARREST_DISPOSAL,JUSTICE_COURT,year,1
04_01_Person_arrested_and_their_disposal_by_police_and_court_SLL_crime_2012.csv,42_District_wise_crimes_committed_against_women_2001_2012.csv,ARREST_DISPOSAL,DISTRICT_WISE_CRIME,"year, state",2
04_01_Person_arrested_and_their_disposal_by_police_and_court_SLL_crime_2012.csv,42_District_wise_crimes_committed_against_women_2013.csv,ARREST_DISPOSAL,DISTRICT_WISE_CRIME,"year, state",2
04_01_Person_arrested_and_their_disposal_by_police_and_court_SLL_crime_2012.csv,42_District_wise_crimes_committed_against_women_2014.csv,ARREST_DISPOSAL,DISTRICT_WISE_CRIME,"year, state",2
04_01_Person_arrested_and_their_disposal_by_police_and_court_SLL_crime_2012.csv,43_Arrests_under_crime_against_women.csv,ARREST_DISPOSAL,ARREST_DISPOSAL,year,1
04_01_Person_arrested_and_their_disposal_by_police_and_court_SLL_crime_2013.csv,04_01_Person_arrested_and_their_disposal_by_police_and_court_SLL_crime_2014.csv,ARREST_DISPOSAL,ARREST_DISPOSAL,"year, state, crime_head",3
04_01_Person_arrested_and_their_disposal_by_police_and_court_SLL_crime_2013.csv,04_02_Person_arrested_and_their_disposal_by_police_and_court_IPC_crime_2012.csv,ARREST_DISPOSAL,ARREST_DISPOSAL,"year, state, crime_head",3
04_01_Person_arrested_and_their_disposal_by_police_and_court_SLL_crime_2013.csv,04_02_Person_arrested_and_their_disposal_by_police_and_court_IPC_crime_2013.csv,ARREST_DISPOSAL,ARREST_DISPOSAL,"year, state, crime_head",3
04_01_Person_arrested_and_their_disposal_by_police_and_court_SLL_crime_2013.csv,04_02_Person_arrested_and_their_disposal_by_police_and_court_IPC_crime_2014.csv,ARREST_DISPOSAL,ARREST_DISPOSAL,"year, state, crime_head",3
04_01_Person_arrested_and_their_disposal_by_police_and_court_SLL_crime_2013.csv,07_01_Persons_arrested_by_sex_and_age_group_IPC_2012.csv,ARREST_DISPOSAL,ARREST_DISPOSAL,"state, crime_head",2
04_01_Person_arrested_and_their_disposal_by_police_and_court_SLL_crime_2013.csv,07_01_Persons_arrested_by_sex_and_age_group_IPC_2013.csv,ARREST_DISPOSAL,ARREST_DISPOSAL,"state, crime_head",2
04_01_Person_arrested_and_their_disposal_by_police_and_court_SLL_crime_2013.csv,07_01_Persons_arrested_by_sex_and_age_group_IPC_2014.csv,ARREST_DISPOSAL,ARREST_DISPOSAL,"year, state, crime_head",3
04_01_Person_arrested_and_their_disposal_by_police_and_court_SLL_crime_2013.csv,07_02_Persons_arrested_by_sex_and_age_group_SLL_2012.csv,ARREST_DISPOSAL,ARREST_DISPOSAL,"state, crime_head",2
04_01_Person_arrested_and_their_disposal_by_police_and_court_SLL_crime_2013.csv,07_02_Persons_arrested_by_sex_and_age_group_SLL_2013.csv,ARREST_DISPOSAL,ARREST_DISPOSAL,"state, crime_head",2
04_01_Person_arrested_and_their_disposal_by_police_and_court_SLL_crime_2013.csv,07_02_Persons_arrested_by_sex_and_age_group_SLL_2014.csv,ARREST_DISPOSAL,ARREST_DISPOSAL,"year, state, crime_head",3
04_01_Person_arrested_and_their_disposal_by_police_and_court_SLL_crime_2013.csv,08_01_Juvenile_apprehended_state_IPC.csv,ARREST_DISPOSAL,JUVENILE,"year, state, crime_head",3
04_01_Person_arrested_and_their_disposal_by_police_and_court_SLL_crime_2013.csv,08_02_Juvenile_apprehended_state_SLL.csv,ARREST_DISPOSAL,JUVENILE,"year, state, crime_head",3
04_01_Person_arrested_and_their_disposal_by_police_and_court_SLL_crime_2013.csv,09_Juveniles_arrested_and_their_disposal.csv,ARREST_DISPOSAL,JUVENILE,year,1
04_01_Person_arrested_and_their_disposal_by_police_and_court_SLL_crime_2013.csv,10_Property_stolen_and_recovered.csv,ARREST_DISPOSAL,PROPERTY_CRIME,year,1
04_01_Person_arrested_and_their_disposal_by_police_and_court_SLL_crime_2013.csv,11_Property_stolen_and_recovered_nature_of_property.csv,ARREST_DISPOSAL,PROPERTY_CRIME,year,1
04_01_Person_arrested_and_their_disposal_by_police_and_court_SLL_crime_2013.csv,12_Police_strength_actual_and_sanctioned.csv,ARREST_DISPOSAL,POLICE_ADMINISTRATION,year,1
04_01_Person_arrested_and_their_disposal_by_police_and_court_SLL_crime_2013.csv,13_Police_killed_or_injured_on_duty.csv,ARREST_DISPOSAL,POLICE_ADMINISTRATION,year,1
04_01_Person_arrested_and_their_disposal_by_police_and_court_SLL_crime_2013.csv,14_Age_profile_of_police_personnel_killed_on_duty.csv,ARREST_DISPOSAL,POLICE_ADMINISTRATION,year,1
04_01_Person_arrested_and_their_disposal_by_police_and_court_SLL_crime_2013.csv,15_Police_natural_death_and_suicide.csv,ARREST_DISPOSAL,POLICE_ADMINISTRATION,year,1
04_01_Person_arrested_and_their_disposal_by_police_and_court_SLL_crime_2013.csv,16_Casualties_under_police_firing_and_lathi_charge.csv,ARREST_DISPOSAL,POLICE_ADMINISTRATION,year,1
04_01_Person_arrested_and_their_disposal_by_police_and_court_SLL_crime_2013.csv,17_Case_reported_and_value_of_property_taken_away_by_place_of_occurrence_2001_2012.csv,ARREST_DISPOSAL,PROPERTY_CRIME,"year, state",2
04_01_Person_arrested_and_their_disposal_by_police_and_court_SLL_crime_2013.csv,17_Case_reported_and_value_of_property_taken_away_by_place_of_occurrence_2013.csv,ARREST_DISPOSAL,PROPERTY_CRIME,"year, state",2
04_01_Person_arrested_and_their_disposal_by_police_and_court_SLL_crime_2013.csv,17_Crime_by_place_of_occurrence_2001_2012.csv,ARREST_DISPOSAL,CRIME_PLACE_OF_OCCURRENCE,"year, state",2
04_01_Person_arrested_and_their_disposal_by_police_and_court_SLL_crime_2013.csv,17_Crime_by_place_of_occurrence_2013.csv,ARREST_DISPOSAL,CRIME_PLACE_OF_OCCURRENCE,"year, state",2
04_01_Person_arrested_and_their_disposal_by_police_and_court_SLL_crime_2013.csv,17_Crime_by_place_of_occurrence_2014.csv,ARREST_DISPOSAL,CRIME_PLACE_OF_OCCURRENCE,"year, state",2
04_01_Person_arrested_and_their_disposal_by_police_and_court_SLL_crime_2013.csv,18_01_Juveniles_arrested_Education.csv,ARREST_DISPOSAL,JUVENILE,year,1
04_01_Person_arrested_and_their_disposal_by_police_and_court_SLL_crime_2013.csv,18_02_Juveniles_arrested_Economic_setup.csv,ARREST_DISPOSAL,JUVENILE,year,1
04_01_Person_arrested_and_their_disposal_by_police_and_court_SLL_crime_2013.csv,18_03_Juveniles_arrested_Family_background.csv,ARREST_DISPOSAL,JUVENILE,year,1
04_01_Person_arrested_and_their_disposal_by_police_and_court_SLL_crime_2013.csv,18_04_Juveniles_arrested_Recidivism.csv,ARREST_DISPOSAL,JUVENILE,year,1
04_01_Person_arrested_and_their_disposal_by_police_and_court_SLL_crime_2013.csv,19_Motive_or_cause_of_murder_and_culpable_homicide_not_amounting_to_murder.csv,ARREST_DISPOSAL,VICTIM_OFFENDER_CHARACTERISTICS,year,1
04_01_Person_arrested_and_their_disposal_by_police_and_court_SLL_crime_2013.csv,20_Victims_of_rape.csv,ARREST_DISPOSAL,VICTIM_OFFENDER_CHARACTERISTICS,year,1
04_01_Person_arrested_and_their_disposal_by_police_and_court_SLL_crime_2013.csv,21_Offenders_known_to_the_victim.csv,ARREST_DISPOSAL,VICTIM_OFFENDER_CHARACTERISTICS,year,1
04_01_Person_arrested_and_their_disposal_by_police_and_court_SLL_crime_2013.csv,22_Persons_arrested_under_recidivism.csv,ARREST_DISPOSAL,ARREST_DISPOSAL,year,1
04_01_Person_arrested_and_their_disposal_by_police_and_court_SLL_crime_2013.csv,23_Anti_corruprion_cases.csv,ARREST_DISPOSAL,ANTI_CORRUPTION,year,1
04_01_Person_arrested_and_their_disposal_by_police_and_court_SLL_crime_2013.csv,24_Anti_corruption_arrests.csv,ARREST_DISPOSAL,ANTI_CORRUPTION,year,1
04_01_Person_arrested_and_their_disposal_by_police_and_court_SLL_crime_2013.csv,25_Complaints_against_police.csv,ARREST_DISPOSAL,POLICE_ADMINISTRATION,year,1
04_01_Person_arrested_and_their_disposal_by_police_and_court_SLL_crime_2013.csv,27_Nature_of_complaints_received_by_police.csv,ARREST_DISPOSAL,POLICE_ADMINISTRATION,year,1
04_01_Person_arrested_and_their_disposal_by_police_and_court_SLL_crime_2013.csv,28_Trial_of_violent_crimes_by_courts.csv,ARREST_DISPOSAL,JUSTICE_COURT,year,1
04_01_Person_arrested_and_their_disposal_by_police_and_court_SLL_crime_2013.csv,29_Period_of_trials_by_courts.csv,ARREST_DISPOSAL,JUSTICE_COURT,year,1
04_01_Person_arrested_and_their_disposal_by_police_and_court_SLL_crime_2013.csv,30_Auto_theft.csv,ARREST_DISPOSAL,PROPERTY_CRIME,year,1
04_01_Person_arrested_and_their_disposal_by_police_and_court_SLL_crime_2013.csv,31_Serious_fraud.csv,ARREST_DISPOSAL,PROPERTY_CRIME,year,1
04_01_Person_arrested_and_their_disposal_by_police_and_court_SLL_crime_2013.csv,32_Murder_victim_age_sex.csv,ARREST_DISPOSAL,VICTIM_OFFENDER_CHARACTERISTICS,year,1
04_01_Person_arrested_and_their_disposal_by_police_and_court_SLL_crime_2013.csv,33_CH_not_murder_victim_age_sex.csv,ARREST_DISPOSAL,VICTIM_OFFENDER_CHARACTERISTICS,year,1
04_01_Person_arrested_and_their_disposal_by_police_and_court_SLL_crime_2013.csv,34_Use_of_fire_arms_in_murder_cases.csv,ARREST_DISPOSAL,VICTIM_OFFENDER_CHARACTERISTICS,year,1
04_01_Person_arrested_and_their_disposal_by_police_and_court_SLL_crime_2013.csv,35_Human_rights_violation_by_police.csv,ARREST_DISPOSAL,POLICE_ADMINISTRATION,year,1
04_01_Person_arrested_and_their_disposal_by_police_and_court_SLL_crime_2013.csv,36_Police_housing.csv,ARREST_DISPOSAL,POLICE_ADMINISTRATION,year,1
04_01_Person_arrested_and_their_disposal_by_police_and_court_SLL_crime_2013.csv,37_Home_guards_and_auxilliary_force.csv,ARREST_DISPOSAL,POLICE_ADMINISTRATION,year,1
04_01_Person_arrested_and_their_disposal_by_police_and_court_SLL_crime_2013.csv,38_Unidentified_dead_bodies_recovered_and_inquest_conducted.csv,ARREST_DISPOSAL,OTHER_SPECIALIZED,year,1
04_01_Person_arrested_and_their_disposal_by_police_and_court_SLL_crime_2013.csv,39_Specific_purpose_of_kidnapping_and_abduction.csv,ARREST_DISPOSAL,VICTIM_OFFENDER_CHARACTERISTICS,year,1
04_01_Person_arrested_and_their_disposal_by_police_and_court_SLL_crime_2013.csv,40_01_Custodial_death_person_remanded.csv,ARREST_DISPOSAL,JUSTICE_COURT,year,1
04_01_Person_arrested_and_their_disposal_by_police_and_court_SLL_crime_2013.csv,40_02_Custodial_death_person_not_remanded.csv,ARREST_DISPOSAL,JUSTICE_COURT,year,1
04_01_Person_arrested_and_their_disposal_by_police_and_court_SLL_crime_2013.csv,40_03_Custodial_death_during_production.csv,ARREST_DISPOSAL,JUSTICE_COURT,year,1
04_01_Person_arrested_and_their_disposal_by_police_and_court_SLL_crime_2013.csv,40_04_Custodial_death_during_hospitalization_or_treatment.csv,ARREST_DISPOSAL,JUSTICE_COURT,year,1
04_01_Person_arrested_and_their_disposal_by_police_and_court_SLL_crime_2013.csv,40_05_Custodial_death_others.csv,ARREST_DISPOSAL,JUSTICE_COURT,year,1
04_01_Person_arrested_and_their_disposal_by_police_and_court_SLL_crime_2013.csv,41_Escapes_from_police_custody.csv,ARREST_DISPOSAL,POLICE_ADMINISTRATION,year,1
04_01_Person_arrested_and_their_disposal_by_police_and_court_SLL_crime_2013.csv,42_Cases_under_crime_against_women.csv,ARREST_DISPOSAL,JUSTICE_COURT,year,1
04_01_Person_arrested_and_their_disposal_by_police_and_court_SLL_crime_2013.csv,42_District_wise_crimes_committed_against_women_2001_2012.csv,ARREST_DISPOSAL,DISTRICT_WISE_CRIME,"year, state",2
04_01_Person_arrested_and_their_disposal_by_police_and_court_SLL_crime_2013.csv,42_District_wise_crimes_committed_against_women_2013.csv,ARREST_DISPOSAL,DISTRICT_WISE_CRIME,"year, state",2
04_01_Person_arrested_and_their_disposal_by_police_and_court_SLL_crime_2013.csv,42_District_wise_crimes_committed_against_women_2014.csv,ARREST_DISPOSAL,DISTRICT_WISE_CRIME,"year, state",2
04_01_Person_arrested_and_their_disposal_by_police_and_court_SLL_crime_2013.csv,43_Arrests_under_crime_against_women.csv,ARREST_DISPOSAL,ARREST_DISPOSAL,year,1
04_01_Person_arrested_and_their_disposal_by_police_and_court_SLL_crime_2014.csv,04_02_Person_arrested_and_their_disposal_by_police_and_court_IPC_crime_2012.csv,ARREST_DISPOSAL,ARREST_DISPOSAL,"year, state, crime_head",3
04_01_Person_arrested_and_their_disposal_by_police_and_court_SLL_crime_2014.csv,04_02_Person_arrested_and_their_disposal_by_police_and_court_IPC_crime_2013.csv,ARREST_DISPOSAL,ARREST_DISPOSAL,"year, state, crime_head",3
04_01_Person_arrested_and_their_disposal_by_police_and_court_SLL_crime_2014.csv,04_02_Person_arrested_and_their_disposal_by_police_and_court_IPC_crime_2014.csv,ARREST_DISPOSAL,ARREST_DISPOSAL,"year, state, crime_head",3
04_01_Person_arrested_and_their_disposal_by_police_and_court_SLL_crime_2014.csv,07_01_Persons_arrested_by_sex_and_age_group_IPC_2012.csv,ARREST_DISPOSAL,ARREST_DISPOSAL,"state, crime_head",2
04_01_Person_arrested_and_their_disposal_by_police_and_court_SLL_crime_2014.csv,07_01_Persons_arrested_by_sex_and_age_group_IPC_2013.csv,ARREST_DISPOSAL,ARREST_DISPOSAL,"state, crime_head",2
04_01_Person_arrested_and_their_disposal_by_police_and_court_SLL_crime_2014.csv,07_01_Persons_arrested_by_sex_and_age_group_IPC_2014.csv,ARREST_DISPOSAL,ARREST_DISPOSAL,"year, state, crime_head",3
04_01_Person_arrested_and_their_disposal_by_police_and_court_SLL_crime_2014.csv,07_02_Persons_arrested_by_sex_and_age_group_SLL_2012.csv,ARREST_DISPOSAL,ARREST_DISPOSAL,"state, crime_head",2
04_01_Person_arrested_and_their_disposal_by_police_and_court_SLL_crime_2014.csv,07_02_Persons_arrested_by_sex_and_age_group_SLL_2013.csv,ARREST_DISPOSAL,ARREST_DISPOSAL,"state, crime_head",2
04_01_Person_arrested_and_their_disposal_by_police_and_court_SLL_crime_2014.csv,07_02_Persons_arrested_by_sex_and_age_group_SLL_2014.csv,ARREST_DISPOSAL,ARREST_DISPOSAL,"year, state, crime_head",3
04_01_Person_arrested_and_their_disposal_by_police_and_court_SLL_crime_2014.csv,08_01_Juvenile_apprehended_state_IPC.csv,ARREST_DISPOSAL,JUVENILE,"year, state, crime_head",3
04_01_Person_arrested_and_their_disposal_by_police_and_court_SLL_crime_2014.csv,08_02_Juvenile_apprehended_state_SLL.csv,ARREST_DISPOSAL,JUVENILE,"year, state, crime_head",3
04_01_Person_arrested_and_their_disposal_by_police_and_court_SLL_crime_2014.csv,09_Juveniles_arrested_and_their_disposal.csv,ARREST_DISPOSAL,JUVENILE,year,1
04_01_Person_arrested_and_their_disposal_by_police_and_court_SLL_crime_2014.csv,10_Property_stolen_and_recovered.csv,ARREST_DISPOSAL,PROPERTY_CRIME,year,1
04_01_Person_arrested_and_their_disposal_by_police_and_court_SLL_crime_2014.csv,11_Property_stolen_and_recovered_nature_of_property.csv,ARREST_DISPOSAL,PROPERTY_CRIME,year,1
04_01_Person_arrested_and_their_disposal_by_police_and_court_SLL_crime_2014.csv,12_Police_strength_actual_and_sanctioned.csv,ARREST_DISPOSAL,POLICE_ADMINISTRATION,year,1
04_01_Person_arrested_and_their_disposal_by_police_and_court_SLL_crime_2014.csv,13_Police_killed_or_injured_on_duty.csv,ARREST_DISPOSAL,POLICE_ADMINISTRATION,year,1
04_01_Person_arrested_and_their_disposal_by_police_and_court_SLL_crime_2014.csv,14_Age_profile_of_police_personnel_killed_on_duty.csv,ARREST_DISPOSAL,POLICE_ADMINISTRATION,year,1
04_01_Person_arrested_and_their_disposal_by_police_and_court_SLL_crime_2014.csv,15_Police_natural_death_and_suicide.csv,ARREST_DISPOSAL,POLICE_ADMINISTRATION,year,1
04_01_Person_arrested_and_their_disposal_by_police_and_court_SLL_crime_2014.csv,16_Casualties_under_police_firing_and_lathi_charge.csv,ARREST_DISPOSAL,POLICE_ADMINISTRATION,year,1
04_01_Person_arrested_and_their_disposal_by_police_and_court_SLL_crime_2014.csv,17_Case_reported_and_value_of_property_taken_away_by_place_of_occurrence_2001_2012.csv,ARREST_DISPOSAL,PROPERTY_CRIME,"year, state",2
04_01_Person_arrested_and_their_disposal_by_police_and_court_SLL_crime_2014.csv,17_Case_reported_and_value_of_property_taken_away_by_place_of_occurrence_2013.csv,ARREST_DISPOSAL,PROPERTY_CRIME,"year, state",2
04_01_Person_arrested_and_their_disposal_by_police_and_court_SLL_crime_2014.csv,17_Crime_by_place_of_occurrence_2001_2012.csv,ARREST_DISPOSAL,CRIME_PLACE_OF_OCCURRENCE,"year, state",2
04_01_Person_arrested_and_their_disposal_by_police_and_court_SLL_crime_2014.csv,17_Crime_by_place_of_occurrence_2013.csv,ARREST_DISPOSAL,CRIME_PLACE_OF_OCCURRENCE,"year, state",2
04_01_Person_arrested_and_their_disposal_by_police_and_court_SLL_crime_2014.csv,17_Crime_by_place_of_occurrence_2014.csv,ARREST_DISPOSAL,CRIME_PLACE_OF_OCCURRENCE,"year, state",2
04_01_Person_arrested_and_their_disposal_by_police_and_court_SLL_crime_2014.csv,18_01_Juveniles_arrested_Education.csv,ARREST_DISPOSAL,JUVENILE,year,1
04_01_Person_arrested_and_their_disposal_by_police_and_court_SLL_crime_2014.csv,18_02_Juveniles_arrested_Economic_setup.csv,ARREST_DISPOSAL,JUVENILE,year,1
04_01_Person_arrested_and_their_disposal_by_police_and_court_SLL_crime_2014.csv,18_03_Juveniles_arrested_Family_background.csv,ARREST_DISPOSAL,JUVENILE,year,1
04_01_Person_arrested_and_their_disposal_by_police_and_court_SLL_crime_2014.csv,18_04_Juveniles_arrested_Recidivism.csv,ARREST_DISPOSAL,JUVENILE,year,1
04_01_Person_arrested_and_their_disposal_by_police_and_court_SLL_crime_2014.csv,19_Motive_or_cause_of_murder_and_culpable_homicide_not_amounting_to_murder.csv,ARREST_DISPOSAL,VICTIM_OFFENDER_CHARACTERISTICS,year,1
04_01_Person_arrested_and_their_disposal_by_police_and_court_SLL_crime_2014.csv,20_Victims_of_rape.csv,ARREST_DISPOSAL,VICTIM_OFFENDER_CHARACTERISTICS,year,1
04_01_Person_arrested_and_their_disposal_by_police_and_court_SLL_crime_2014.csv,21_Offenders_known_to_the_victim.csv,ARREST_DISPOSAL,VICTIM_OFFENDER_CHARACTERISTICS,year,1
04_01_Person_arrested_and_their_disposal_by_police_and_court_SLL_crime_2014.csv,22_Persons_arrested_under_recidivism.csv,ARREST_DISPOSAL,ARREST_DISPOSAL,year,1
04_01_Person_arrested_and_their_disposal_by_police_and_court_SLL_crime_2014.csv,23_Anti_corruprion_cases.csv,ARREST_DISPOSAL,ANTI_CORRUPTION,year,1
04_01_Person_arrested_and_their_disposal_by_police_and_court_SLL_crime_2014.csv,24_Anti_corruption_arrests.csv,ARREST_DISPOSAL,ANTI_CORRUPTION,year,1
04_01_Person_arrested_and_their_disposal_by_police_and_court_SLL_crime_2014.csv,25_Complaints_against_police.csv,ARREST_DISPOSAL,POLICE_ADMINISTRATION,year,1
04_01_Person_arrested_and_their_disposal_by_police_and_court_SLL_crime_2014.csv,27_Nature_of_complaints_received_by_police.csv,ARREST_DISPOSAL,POLICE_ADMINISTRATION,year,1
04_01_Person_arrested_and_their_disposal_by_police_and_court_SLL_crime_2014.csv,28_Trial_of_violent_crimes_by_courts.csv,ARREST_DISPOSAL,JUSTICE_COURT,year,1
04_01_Person_arrested_and_their_disposal_by_police_and_court_SLL_crime_2014.csv,29_Period_of_trials_by_courts.csv,ARREST_DISPOSAL,JUSTICE_COURT,year,1
04_01_Person_arrested_and_their_disposal_by_police_and_court_SLL_crime_2014.csv,30_Auto_theft.csv,ARREST_DISPOSAL,PROPERTY_CRIME,year,1
04_01_Person_arrested_and_their_disposal_by_police_and_court_SLL_crime_2014.csv,31_Serious_fraud.csv,ARREST_DISPOSAL,PROPERTY_CRIME,year,1
04_01_Person_arrested_and_their_disposal_by_police_and_court_SLL_crime_2014.csv,32_Murder_victim_age_sex.csv,ARREST_DISPOSAL,VICTIM_OFFENDER_CHARACTERISTICS,year,1
04_01_Person_arrested_and_their_disposal_by_police_and_court_SLL_crime_2014.csv,33_CH_not_murder_victim_age_sex.csv,ARREST_DISPOSAL,VICTIM_OFFENDER_CHARACTERISTICS,year,1
04_01_Person_arrested_and_their_disposal_by_police_and_court_SLL_crime_2014.csv,34_Use_of_fire_arms_in_murder_cases.csv,ARREST_DISPOSAL,VICTIM_OFFENDER_CHARACTERISTICS,year,1
04_01_Person_arrested_and_their_disposal_by_police_and_court_SLL_crime_2014.csv,35_Human_rights_violation_by_police.csv,ARREST_DISPOSAL,POLICE_ADMINISTRATION,year,1
04_01_Person_arrested_and_their_disposal_by_police_and_court_SLL_crime_2014.csv,36_Police_housing.csv,ARREST_DISPOSAL,POLICE_ADMINISTRATION,year,1
04_01_Person_arrested_and_their_disposal_by_police_and_court_SLL_crime_2014.csv,37_Home_guards_and_auxilliary_force.csv,ARREST_DISPOSAL,POLICE_ADMINISTRATION,year,1
04_01_Person_arrested_and_their_disposal_by_police_and_court_SLL_crime_2014.csv,38_Unidentified_dead_bodies_recovered_and_inquest_conducted.csv,ARREST_DISPOSAL,OTHER_SPECIALIZED,year,1
04_01_Person_arrested_and_their_disposal_by_police_and_court_SLL_crime_2014.csv,39_Specific_purpose_of_kidnapping_and_abduction.csv,ARREST_DISPOSAL,VICTIM_OFFENDER_CHARACTERISTICS,year,1
04_01_Person_arrested_and_their_disposal_by_police_and_court_SLL_crime_2014.csv,40_01_Custodial_death_person_remanded.csv,ARREST_DISPOSAL,JUSTICE_COURT,year,1
04_01_Person_arrested_and_their_disposal_by_police_and_court_SLL_crime_2014.csv,40_02_Custodial_death_person_not_remanded.csv,ARREST_DISPOSAL,JUSTICE_COURT,year,1
04_01_Person_arrested_and_their_disposal_by_police_and_court_SLL_crime_2014.csv,40_03_Custodial_death_during_production.csv,ARREST_DISPOSAL,JUSTICE_COURT,year,1
04_01_Person_arrested_and_their_disposal_by_police_and_court_SLL_crime_2014.csv,40_04_Custodial_death_during_hospitalization_or_treatment.csv,ARREST_DISPOSAL,JUSTICE_COURT,year,1
04_01_Person_arrested_and_their_disposal_by_police_and_court_SLL_crime_2014.csv,40_05_Custodial_death_others.csv,ARREST_DISPOSAL,JUSTICE_COURT,year,1
04_01_Person_arrested_and_their_disposal_by_police_and_court_SLL_crime_2014.csv,41_Escapes_from_police_custody.csv,ARREST_DISPOSAL,POLICE_ADMINISTRATION,year,1
04_01_Person_arrested_and_their_disposal_by_police_and_court_SLL_crime_2014.csv,42_Cases_under_crime_against_women.csv,ARREST_DISPOSAL,JUSTICE_COURT,year,1
04_01_Person_arrested_and_their_disposal_by_police_and_court_SLL_crime_2014.csv,42_District_wise_crimes_committed_against_women_2001_2012.csv,ARREST_DISPOSAL,DISTRICT_WISE_CRIME,"year, state",2
04_01_Person_arrested_and_their_disposal_by_police_and_court_SLL_crime_2014.csv,42_District_wise_crimes_committed_against_women_2013.csv,ARREST_DISPOSAL,DISTRICT_WISE_CRIME,"year, state",2
04_01_Person_arrested_and_their_disposal_by_police_and_court_SLL_crime_2014.csv,42_District_wise_crimes_committed_against_women_2014.csv,ARREST_DISPOSAL,DISTRICT_WISE_CRIME,"year, state",2
04_01_Person_arrested_and_their_disposal_by_police_and_court_SLL_crime_2014.csv,43_Arrests_under_crime_against_women.csv,ARREST_DISPOSAL,ARREST_DISPOSAL,year,1
04_02_Person_arrested_and_their_disposal_by_police_and_court_IPC_crime_2012.csv,04_02_Person_arrested_and_their_disposal_by_police_and_court_IPC_crime_2013.csv,ARREST_DISPOSAL,ARREST_DISPOSAL,"year, state, crime_head",3
04_02_Person_arrested_and_their_disposal_by_police_and_court_IPC_crime_2012.csv,04_02_Person_arrested_and_their_disposal_by_police_and_court_IPC_crime_2014.csv,ARREST_DISPOSAL,ARREST_DISPOSAL,"year, state, crime_head",3
04_02_Person_arrested_and_their_disposal_by_police_and_court_IPC_crime_2012.csv,07_01_Persons_arrested_by_sex_and_age_group_IPC_2012.csv,ARREST_DISPOSAL,ARREST_DISPOSAL,"state, crime_head",2
04_02_Person_arrested_and_their_disposal_by_police_and_court_IPC_crime_2012.csv,07_01_Persons_arrested_by_sex_and_age_group_IPC_2013.csv,ARREST_DISPOSAL,ARREST_DISPOSAL,"state, crime_head",2
04_02_Person_arrested_and_their_disposal_by_police_and_court_IPC_crime_2012.csv,07_01_Persons_arrested_by_sex_and_age_group_IPC_2014.csv,ARREST_DISPOSAL,ARREST_DISPOSAL,"year, state, crime_head",3
04_02_Person_arrested_and_their_disposal_by_police_and_court_IPC_crime_2012.csv,07_02_Persons_arrested_by_sex_and_age_group_SLL_2012.csv,ARREST_DISPOSAL,ARREST_DISPOSAL,"state, crime_head",2
04_02_Person_arrested_and_their_disposal_by_police_and_court_IPC_crime_2012.csv,07_02_Persons_arrested_by_sex_and_age_group_SLL_2013.csv,ARREST_DISPOSAL,ARREST_DISPOSAL,"state, crime_head",2
04_02_Person_arrested_and_their_disposal_by_police_and_court_IPC_crime_2012.csv,07_02_Persons_arrested_by_sex_and_age_group_SLL_2014.csv,ARREST_DISPOSAL,ARREST_DISPOSAL,"year, state, crime_head",3
04_02_Person_arrested_and_their_disposal_by_police_and_court_IPC_crime_2012.csv,08_01_Juvenile_apprehended_state_IPC.csv,ARREST_DISPOSAL,JUVENILE,"year, state, crime_head",3
04_02_Person_arrested_and_their_disposal_by_police_and_court_IPC_crime_2012.csv,08_02_Juvenile_apprehended_state_SLL.csv,ARREST_DISPOSAL,JUVENILE,"year, state, crime_head",3
04_02_Person_arrested_and_their_disposal_by_police_and_court_IPC_crime_2012.csv,09_Juveniles_arrested_and_their_disposal.csv,ARREST_DISPOSAL,JUVENILE,year,1
04_02_Person_arrested_and_their_disposal_by_police_and_court_IPC_crime_2012.csv,10_Property_stolen_and_recovered.csv,ARREST_DISPOSAL,PROPERTY_CRIME,year,1
04_02_Person_arrested_and_their_disposal_by_police_and_court_IPC_crime_2012.csv,11_Property_stolen_and_recovered_nature_of_property.csv,ARREST_DISPOSAL,PROPERTY_CRIME,year,1
04_02_Person_arrested_and_their_disposal_by_police_and_court_IPC_crime_2012.csv,12_Police_strength_actual_and_sanctioned.csv,ARREST_DISPOSAL,POLICE_ADMINISTRATION,year,1
04_02_Person_arrested_and_their_disposal_by_police_and_court_IPC_crime_2012.csv,13_Police_killed_or_injured_on_duty.csv,ARREST_DISPOSAL,POLICE_ADMINISTRATION,year,1
04_02_Person_arrested_and_their_disposal_by_police_and_court_IPC_crime_2012.csv,14_Age_profile_of_police_personnel_killed_on_duty.csv,ARREST_DISPOSAL,POLICE_ADMINISTRATION,year,1
04_02_Person_arrested_and_their_disposal_by_police_and_court_IPC_crime_2012.csv,15_Police_natural_death_and_suicide.csv,ARREST_DISPOSAL,POLICE_ADMINISTRATION,year,1
04_02_Person_arrested_and_their_disposal_by_police_and_court_IPC_crime_2012.csv,16_Casualties_under_police_firing_and_lathi_charge.csv,ARREST_DISPOSAL,POLICE_ADMINISTRATION,year,1
04_02_Person_arrested_and_their_disposal_by_police_and_court_IPC_crime_2012.csv,17_Case_reported_and_value_of_property_taken_away_by_place_of_occurrence_2001_2012.csv,ARREST_DISPOSAL,PROPERTY_CRIME,"year, state",2
04_02_Person_arrested_and_their_disposal_by_police_and_court_IPC_crime_2012.csv,17_Case_reported_and_value_of_property_taken_away_by_place_of_occurrence_2013.csv,ARREST_DISPOSAL,PROPERTY_CRIME,"year, state",2
04_02_Person_arrested_and_their_disposal_by_police_and_court_IPC_crime_2012.csv,17_Crime_by_place_of_occurrence_2001_2012.csv,ARREST_DISPOSAL,CRIME_PLACE_OF_OCCURRENCE,"year, state",2
04_02_Person_arrested_and_their_disposal_by_police_and_court_IPC_crime_2012.csv,17_Crime_by_place_of_occurrence_2013.csv,ARREST_DISPOSAL,CRIME_PLACE_OF_OCCURRENCE,"year, state",2
04_02_Person_arrested_and_their_disposal_by_police_and_court_IPC_crime_2012.csv,17_Crime_by_place_of_occurrence_2014.csv,ARREST_DISPOSAL,CRIME_PLACE_OF_OCCURRENCE,"year, state",2
04_02_Person_arrested_and_their_disposal_by_police_and_court_IPC_crime_2012.csv,18_01_Juveniles_arrested_Education.csv,ARREST_DISPOSAL,JUVENILE,year,1
04_02_Person_arrested_and_their_disposal_by_police_and_court_IPC_crime_2012.csv,18_02_Juveniles_arrested_Economic_setup.csv,ARREST_DISPOSAL,JUVENILE,year,1
04_02_Person_arrested_and_their_disposal_by_police_and_court_IPC_crime_2012.csv,18_03_Juveniles_arrested_Family_background.csv,ARREST_DISPOSAL,JUVENILE,year,1
04_02_Person_arrested_and_their_disposal_by_police_and_court_IPC_crime_2012.csv,18_04_Juveniles_arrested_Recidivism.csv,ARREST_DISPOSAL,JUVENILE,year,1
04_02_Person_arrested_and_their_disposal_by_police_and_court_IPC_crime_2012.csv,19_Motive_or_cause_of_murder_and_culpable_homicide_not_amounting_to_murder.csv,ARREST_DISPOSAL,VICTIM_OFFENDER_CHARACTERISTICS,year,1
04_02_Person_arrested_and_their_disposal_by_police_and_court_IPC_crime_2012.csv,20_Victims_of_rape.csv,ARREST_DISPOSAL,VICTIM_OFFENDER_CHARACTERISTICS,year,1
04_02_Person_arrested_and_their_disposal_by_police_and_court_IPC_crime_2012.csv,21_Offenders_known_to_the_victim.csv,ARREST_DISPOSAL,VICTIM_OFFENDER_CHARACTERISTICS,year,1
04_02_Person_arrested_and_their_disposal_by_police_and_court_IPC_crime_2012.csv,22_Persons_arrested_under_recidivism.csv,ARREST_DISPOSAL,ARREST_DISPOSAL,year,1
04_02_Person_arrested_and_their_disposal_by_police_and_court_IPC_crime_2012.csv,23_Anti_corruprion_cases.csv,ARREST_DISPOSAL,ANTI_CORRUPTION,year,1
04_02_Person_arrested_and_their_disposal_by_police_and_court_IPC_crime_2012.csv,24_Anti_corruption_arrests.csv,ARREST_DISPOSAL,ANTI_CORRUPTION,year,1
04_02_Person_arrested_and_their_disposal_by_police_and_court_IPC_crime_2012.csv,25_Complaints_against_police.csv,ARREST_DISPOSAL,POLICE_ADMINISTRATION,year,1
04_02_Person_arrested_and_their_disposal_by_police_and_court_IPC_crime_2012.csv,27_Nature_of_complaints_received_by_police.csv,ARREST_DISPOSAL,POLICE_ADMINISTRATION,year,1
04_02_Person_arrested_and_their_disposal_by_police_and_court_IPC_crime_2012.csv,28_Trial_of_violent_crimes_by_courts.csv,ARREST_DISPOSAL,JUSTICE_COURT,year,1
04_02_Person_arrested_and_their_disposal_by_police_and_court_IPC_crime_2012.csv,29_Period_of_trials_by_courts.csv,ARREST_DISPOSAL,JUSTICE_COURT,year,1
04_02_Person_arrested_and_their_disposal_by_police_and_court_IPC_crime_2012.csv,30_Auto_theft.csv,ARREST_DISPOSAL,PROPERTY_CRIME,year,1
04_02_Person_arrested_and_their_disposal_by_police_and_court_IPC_crime_2012.csv,31_Serious_fraud.csv,ARREST_DISPOSAL,PROPERTY_CRIME,year,1
04_02_Person_arrested_and_their_disposal_by_police_and_court_IPC_crime_2012.csv,32_Murder_victim_age_sex.csv,ARREST_DISPOSAL,VICTIM_OFFENDER_CHARACTERISTICS,year,1
04_02_Person_arrested_and_their_disposal_by_police_and_court_IPC_crime_2012.csv,33_CH_not_murder_victim_age_sex.csv,ARREST_DISPOSAL,VICTIM_OFFENDER_CHARACTERISTICS,year,1
04_02_Person_arrested_and_their_disposal_by_police_and_court_IPC_crime_2012.csv,34_Use_of_fire_arms_in_murder_cases.csv,ARREST_DISPOSAL,VICTIM_OFFENDER_CHARACTERISTICS,year,1
04_02_Person_arrested_and_their_disposal_by_police_and_court_IPC_crime_2012.csv,35_Human_rights_violation_by_police.csv,ARREST_DISPOSAL,POLICE_ADMINISTRATION,year,1
04_02_Person_arrested_and_their_disposal_by_police_and_court_IPC_crime_2012.csv,36_Police_housing.csv,ARREST_DISPOSAL,POLICE_ADMINISTRATION,year,1
04_02_Person_arrested_and_their_disposal_by_police_and_court_IPC_crime_2012.csv,37_Home_guards_and_auxilliary_force.csv,ARREST_DISPOSAL,POLICE_ADMINISTRATION,year,1
04_02_Person_arrested_and_their_disposal_by_police_and_court_IPC_crime_2012.csv,38_Unidentified_dead_bodies_recovered_and_inquest_conducted.csv,ARREST_DISPOSAL,OTHER_SPECIALIZED,year,1
04_02_Person_arrested_and_their_disposal_by_police_and_court_IPC_crime_2012.csv,39_Specific_purpose_of_kidnapping_and_abduction.csv,ARREST_DISPOSAL,VICTIM_OFFENDER_CHARACTERISTICS,year,1
04_02_Person_arrested_and_their_disposal_by_police_and_court_IPC_crime_2012.csv,40_01_Custodial_death_person_remanded.csv,ARREST_DISPOSAL,JUSTICE_COURT,year,1
04_02_Person_arrested_and_their_disposal_by_police_and_court_IPC_crime_2012.csv,40_02_Custodial_death_person_not_remanded.csv,ARREST_DISPOSAL,JUSTICE_COURT,year,1
04_02_Person_arrested_and_their_disposal_by_police_and_court_IPC_crime_2012.csv,40_03_Custodial_death_during_production.csv,ARREST_DISPOSAL,JUSTICE_COURT,year,1
04_02_Person_arrested_and_their_disposal_by_police_and_court_IPC_crime_2012.csv,40_04_Custodial_death_during_hospitalization_or_treatment.csv,ARREST_DISPOSAL,JUSTICE_COURT,year,1
04_02_Person_arrested_and_their_disposal_by_police_and_court_IPC_crime_2012.csv,40_05_Custodial_death_others.csv,ARREST_DISPOSAL,JUSTICE_COURT,year,1
04_02_Person_arrested_and_their_disposal_by_police_and_court_IPC_crime_2012.csv,41_Escapes_from_police_custody.csv,ARREST_DISPOSAL,POLICE_ADMINISTRATION,year,1
04_02_Person_arrested_and_their_disposal_by_police_and_court_IPC_crime_2012.csv,42_Cases_under_crime_against_women.csv,ARREST_DISPOSAL,JUSTICE_COURT,year,1
04_02_Person_arrested_and_their_disposal_by_police_and_court_IPC_crime_2012.csv,42_District_wise_crimes_committed_against_women_2001_2012.csv,ARREST_DISPOSAL,DISTRICT_WISE_CRIME,"year, state",2
04_02_Person_arrested_and_their_disposal_by_police_and_court_IPC_crime_2012.csv,42_District_wise_crimes_committed_against_women_2013.csv,ARREST_DISPOSAL,DISTRICT_WISE_CRIME,"year, state",2
04_02_Person_arrested_and_their_disposal_by_police_and_court_IPC_crime_2012.csv,42_District_wise_crimes_committed_against_women_2014.csv,ARREST_DISPOSAL,DISTRICT_WISE_CRIME,"year, state",2
04_02_Person_arrested_and_their_disposal_by_police_and_court_IPC_crime_2012.csv,43_Arrests_under_crime_against_women.csv,ARREST_DISPOSAL,ARREST_DISPOSAL,year,1
04_02_Person_arrested_and_their_disposal_by_police_and_court_IPC_crime_2013.csv,04_02_Person_arrested_and_their_disposal_by_police_and_court_IPC_crime_2014.csv,ARREST_DISPOSAL,ARREST_DISPOSAL,"year, state, crime_head",3
04_02_Person_arrested_and_their_disposal_by_police_and_court_IPC_crime_2013.csv,07_01_Persons_arrested_by_sex_and_age_group_IPC_2012.csv,ARREST_DISPOSAL,ARREST_DISPOSAL,"state, crime_head",2
04_02_Person_arrested_and_their_disposal_by_police_and_court_IPC_crime_2013.csv,07_01_Persons_arrested_by_sex_and_age_group_IPC_2013.csv,ARREST_DISPOSAL,ARREST_DISPOSAL,"state, crime_head",2
04_02_Person_arrested_and_their_disposal_by_police_and_court_IPC_crime_2013.csv,07_01_Persons_arrested_by_sex_and_age_group_IPC_2014.csv,ARREST_DISPOSAL,ARREST_DISPOSAL,"year, state, crime_head",3
04_02_Person_arrested_and_their_disposal_by_police_and_court_IPC_crime_2013.csv,07_02_Persons_arrested_by_sex_and_age_group_SLL_2012.csv,ARREST_DISPOSAL,ARREST_DISPOSAL,"state, crime_head",2
04_02_Person_arrested_and_their_disposal_by_police_and_court_IPC_crime_2013.csv,07_02_Persons_arrested_by_sex_and_age_group_SLL_2013.csv,ARREST_DISPOSAL,ARREST_DISPOSAL,"state, crime_head",2
04_02_Person_arrested_and_their_disposal_by_police_and_court_IPC_crime_2013.csv,07_02_Persons_arrested_by_sex_and_age_group_SLL_2014.csv,ARREST_DISPOSAL,ARREST_DISPOSAL,"year, state, crime_head",3
04_02_Person_arrested_and_their_disposal_by_police_and_court_IPC_crime_2013.csv,08_01_Juvenile_apprehended_state_IPC.csv,ARREST_DISPOSAL,JUVENILE,"year, state, crime_head",3
04_02_Person_arrested_and_their_disposal_by_police_and_court_IPC_crime_2013.csv,08_02_Juvenile_apprehended_state_SLL.csv,ARREST_DISPOSAL,JUVENILE,"year, state, crime_head",3
04_02_Person_arrested_and_their_disposal_by_police_and_court_IPC_crime_2013.csv,09_Juveniles_arrested_and_their_disposal.csv,ARREST_DISPOSAL,JUVENILE,year,1
04_02_Person_arrested_and_their_disposal_by_police_and_court_IPC_crime_2013.csv,10_Property_stolen_and_recovered.csv,ARREST_DISPOSAL,PROPERTY_CRIME,year,1
04_02_Person_arrested_and_their_disposal_by_police_and_court_IPC_crime_2013.csv,11_Property_stolen_and_recovered_nature_of_property.csv,ARREST_DISPOSAL,PROPERTY_CRIME,year,1
04_02_Person_arrested_and_their_disposal_by_police_and_court_IPC_crime_2013.csv,12_Police_strength_actual_and_sanctioned.csv,ARREST_DISPOSAL,POLICE_ADMINISTRATION,year,1
04_02_Person_arrested_and_their_disposal_by_police_and_court_IPC_crime_2013.csv,13_Police_killed_or_injured_on_duty.csv,ARREST_DISPOSAL,POLICE_ADMINISTRATION,year,1
04_02_Person_arrested_and_their_disposal_by_police_and_court_IPC_crime_2013.csv,14_Age_profile_of_police_personnel_killed_on_duty.csv,ARREST_DISPOSAL,POLICE_ADMINISTRATION,year,1
04_02_Person_arrested_and_their_disposal_by_police_and_court_IPC_crime_2013.csv,15_Police_natural_death_and_suicide.csv,ARREST_DISPOSAL,POLICE_ADMINISTRATION,year,1
04_02_Person_arrested_and_their_disposal_by_police_and_court_IPC_crime_2013.csv,16_Casualties_under_police_firing_and_lathi_charge.csv,ARREST_DISPOSAL,POLICE_ADMINISTRATION,year,1
04_02_Person_arrested_and_their_disposal_by_police_and_court_IPC_crime_2013.csv,17_Case_reported_and_value_of_property_taken_away_by_place_of_occurrence_2001_2012.csv,ARREST_DISPOSAL,PROPERTY_CRIME,"year, state",2
04_02_Person_arrested_and_their_disposal_by_police_and_court_IPC_crime_2013.csv,17_Case_reported_and_value_of_property_taken_away_by_place_of_occurrence_2013.csv,ARREST_DISPOSAL,PROPERTY_CRIME,"year, state",2
04_02_Person_arrested_and_their_disposal_by_police_and_court_IPC_crime_2013.csv,17_Crime_by_place_of_occurrence_2001_2012.csv,ARREST_DISPOSAL,CRIME_PLACE_OF_OCCURRENCE,"year, state",2
04_02_Person_arrested_and_their_disposal_by_police_and_court_IPC_crime_2013.csv,17_Crime_by_place_of_occurrence_2013.csv,ARREST_DISPOSAL,CRIME_PLACE_OF_OCCURRENCE,"year, state",2
04_02_Person_arrested_and_their_disposal_by_police_and_court_IPC_crime_2013.csv,17_Crime_by_place_of_occurrence_2014.csv,ARREST_DISPOSAL,CRIME_PLACE_OF_OCCURRENCE,"year, state",2
04_02_Person_arrested_and_their_disposal_by_police_and_court_IPC_crime_2013.csv,18_01_Juveniles_arrested_Education.csv,ARREST_DISPOSAL,JUVENILE,year,1
04_02_Person_arrested_and_their_disposal_by_police_and_court_IPC_crime_2013.csv,18_02_Juveniles_arrested_Economic_setup.csv,ARREST_DISPOSAL,JUVENILE,year,1
04_02_Person_arrested_and_their_disposal_by_police_and_court_IPC_crime_2013.csv,18_03_Juveniles_arrested_Family_background.csv,ARREST_DISPOSAL,JUVENILE,year,1
04_02_Person_arrested_and_their_disposal_by_police_and_court_IPC_crime_2013.csv,18_04_Juveniles_arrested_Recidivism.csv,ARREST_DISPOSAL,JUVENILE,year,1
04_02_Person_arrested_and_their_disposal_by_police_and_court_IPC_crime_2013.csv,19_Motive_or_cause_of_murder_and_culpable_homicide_not_amounting_to_murder.csv,ARREST_DISPOSAL,VICTIM_OFFENDER_CHARACTERISTICS,year,1
04_02_Person_arrested_and_their_disposal_by_police_and_court_IPC_crime_2013.csv,20_Victims_of_rape.csv,ARREST_DISPOSAL,VICTIM_OFFENDER_CHARACTERISTICS,year,1
04_02_Person_arrested_and_their_disposal_by_police_and_court_IPC_crime_2013.csv,21_Offenders_known_to_the_victim.csv,ARREST_DISPOSAL,VICTIM_OFFENDER_CHARACTERISTICS,year,1
04_02_Person_arrested_and_their_disposal_by_police_and_court_IPC_crime_2013.csv,22_Persons_arrested_under_recidivism.csv,ARREST_DISPOSAL,ARREST_DISPOSAL,year,1
04_02_Person_arrested_and_their_disposal_by_police_and_court_IPC_crime_2013.csv,23_Anti_corruprion_cases.csv,ARREST_DISPOSAL,ANTI_CORRUPTION,year,1
04_02_Person_arrested_and_their_disposal_by_police_and_court_IPC_crime_2013.csv,24_Anti_corruption_arrests.csv,ARREST_DISPOSAL,ANTI_CORRUPTION,year,1
04_02_Person_arrested_and_their_disposal_by_police_and_court_IPC_crime_2013.csv,25_Complaints_against_police.csv,ARREST_DISPOSAL,POLICE_ADMINISTRATION,year,1
04_02_Person_arrested_and_their_disposal_by_police_and_court_IPC_crime_2013.csv,27_Nature_of_complaints_received_by_police.csv,ARREST_DISPOSAL,POLICE_ADMINISTRATION,year,1
04_02_Person_arrested_and_their_disposal_by_police_and_court_IPC_crime_2013.csv,28_Trial_of_violent_crimes_by_courts.csv,ARREST_DISPOSAL,JUSTICE_COURT,year,1
04_02_Person_arrested_and_their_disposal_by_police_and_court_IPC_crime_2013.csv,29_Period_of_trials_by_courts.csv,ARREST_DISPOSAL,JUSTICE_COURT,year,1
04_02_Person_arrested_and_their_disposal_by_police_and_court_IPC_crime_2013.csv,30_Auto_theft.csv,ARREST_DISPOSAL,PROPERTY_CRIME,year,1
04_02_Person_arrested_and_their_disposal_by_police_and_court_IPC_crime_2013.csv,31_Serious_fraud.csv,ARREST_DISPOSAL,PROPERTY_CRIME,year,1
04_02_Person_arrested_and_their_disposal_by_police_and_court_IPC_crime_2013.csv,32_Murder_victim_age_sex.csv,ARREST_DISPOSAL,VICTIM_OFFENDER_CHARACTERISTICS,year,1
04_02_Person_arrested_and_their_disposal_by_police_and_court_IPC_crime_2013.csv,33_CH_not_murder_victim_age_sex.csv,ARREST_DISPOSAL,VICTIM_OFFENDER_CHARACTERISTICS,year,1
04_02_Person_arrested_and_their_disposal_by_police_and_court_IPC_crime_2013.csv,34_Use_of_fire_arms_in_murder_cases.csv,ARREST_DISPOSAL,VICTIM_OFFENDER_CHARACTERISTICS,year,1
04_02_Person_arrested_and_their_disposal_by_police_and_court_IPC_crime_2013.csv,35_Human_rights_violation_by_police.csv,ARREST_DISPOSAL,POLICE_ADMINISTRATION,year,1
04_02_Person_arrested_and_their_disposal_by_police_and_court_IPC_crime_2013.csv,36_Police_housing.csv,ARREST_DISPOSAL,POLICE_ADMINISTRATION,year,1
04_02_Person_arrested_and_their_disposal_by_police_and_court_IPC_crime_2013.csv,37_Home_guards_and_auxilliary_force.csv,ARREST_DISPOSAL,POLICE_ADMINISTRATION,year,1
04_02_Person_arrested_and_their_disposal_by_police_and_court_IPC_crime_2013.csv,38_Unidentified_dead_bodies_recovered_and_inquest_conducted.csv,ARREST_DISPOSAL,OTHER_SPECIALIZED,year,1
04_02_Person_arrested_and_their_disposal_by_police_and_court_IPC_crime_2013.csv,39_Specific_purpose_of_kidnapping_and_abduction.csv,ARREST_DISPOSAL,VICTIM_OFFENDER_CHARACTERISTICS,year,1
04_02_Person_arrested_and_their_disposal_by_police_and_court_IPC_crime_2013.csv,40_01_Custodial_death_person_remanded.csv,ARREST_DISPOSAL,JUSTICE_COURT,year,1
04_02_Person_arrested_and_their_disposal_by_police_and_court_IPC_crime_2013.csv,40_02_Custodial_death_person_not_remanded.csv,ARREST_DISPOSAL,JUSTICE_COURT,year,1
04_02_Person_arrested_and_their_disposal_by_police_and_court_IPC_crime_2013.csv,40_03_Custodial_death_during_production.csv,ARREST_DISPOSAL,JUSTICE_COURT,year,1
04_02_Person_arrested_and_their_disposal_by_police_and_court_IPC_crime_2013.csv,40_04_Custodial_death_during_hospitalization_or_treatment.csv,ARREST_DISPOSAL,JUSTICE_COURT,year,1
04_02_Person_arrested_and_their_disposal_by_police_and_court_IPC_crime_2013.csv,40_05_Custodial_death_others.csv,ARREST_DISPOSAL,JUSTICE_COURT,year,1
04_02_Person_arrested_and_their_disposal_by_police_and_court_IPC_crime_2013.csv,41_Escapes_from_police_custody.csv,ARREST_DISPOSAL,POLICE_ADMINISTRATION,year,1
04_02_Person_arrested_and_their_disposal_by_police_and_court_IPC_crime_2013.csv,42_Cases_under_crime_against_women.csv,ARREST_DISPOSAL,JUSTICE_COURT,year,1
04_02_Person_arrested_and_their_disposal_by_police_and_court_IPC_crime_2013.csv,42_District_wise_crimes_committed_against_women_2001_2012.csv,ARREST_DISPOSAL,DISTRICT_WISE_CRIME,"year, state",2
04_02_Person_arrested_and_their_disposal_by_police_and_court_IPC_crime_2013.csv,42_District_wise_crimes_committed_against_women_2013.csv,ARREST_DISPOSAL,DISTRICT_WISE_CRIME,"year, state",2
04_02_Person_arrested_and_their_disposal_by_police_and_court_IPC_crime_2013.csv,42_District_wise_crimes_committed_against_women_2014.csv,ARREST_DISPOSAL,DISTRICT_WISE_CRIME,"year, state",2
04_02_Person_arrested_and_their_disposal_by_police_and_court_IPC_crime_2013.csv,43_Arrests_under_crime_against_women.csv,ARREST_DISPOSAL,ARREST_DISPOSAL,year,1
04_02_Person_arrested_and_their_disposal_by_police_and_court_IPC_crime_2014.csv,07_01_Persons_arrested_by_sex_and_age_group_IPC_2012.csv,ARREST_DISPOSAL,ARREST_DISPOSAL,"state, crime_head",2
04_02_Person_arrested_and_their_disposal_by_police_and_court_IPC_crime_2014.csv,07_01_Persons_arrested_by_sex_and_age_group_IPC_2013.csv,ARREST_DISPOSAL,ARREST_DISPOSAL,"state, crime_head",2
04_02_Person_arrested_and_their_disposal_by_police_and_court_IPC_crime_2014.csv,07_01_Persons_arrested_by_sex_and_age_group_IPC_2014.csv,ARREST_DISPOSAL,ARREST_DISPOSAL,"year, state, crime_head",3
04_02_Person_arrested_and_their_disposal_by_police_and_court_IPC_crime_2014.csv,07_02_Persons_arrested_by_sex_and_age_group_SLL_2012.csv,ARREST_DISPOSAL,ARREST_DISPOSAL,"state, crime_head",2
04_02_Person_arrested_and_their_disposal_by_police_and_court_IPC_crime_2014.csv,07_02_Persons_arrested_by_sex_and_age_group_SLL_2013.csv,ARREST_DISPOSAL,ARREST_DISPOSAL,"state, crime_head",2
04_02_Person_arrested_and_their_disposal_by_police_and_court_IPC_crime_2014.csv,07_02_Persons_arrested_by_sex_and_age_group_SLL_2014.csv,ARREST_DISPOSAL,ARREST_DISPOSAL,"year, state, crime_head",3
04_02_Person_arrested_and_their_disposal_by_police_and_court_IPC_crime_2014.csv,08_01_Juvenile_apprehended_state_IPC.csv,ARREST_DISPOSAL,JUVENILE,"year, state, crime_head",3
04_02_Person_arrested_and_their_disposal_by_police_and_court_IPC_crime_2014.csv,08_02_Juvenile_apprehended_state_SLL.csv,ARREST_DISPOSAL,JUVENILE,"year, state, crime_head",3
04_02_Person_arrested_and_their_disposal_by_police_and_court_IPC_crime_2014.csv,09_Juveniles_arrested_and_their_disposal.csv,ARREST_DISPOSAL,JUVENILE,year,1
04_02_Person_arrested_and_their_disposal_by_police_and_court_IPC_crime_2014.csv,10_Property_stolen_and_recovered.csv,ARREST_DISPOSAL,PROPERTY_CRIME,year,1
04_02_Person_arrested_and_their_disposal_by_police_and_court_IPC_crime_2014.csv,11_Property_stolen_and_recovered_nature_of_property.csv,ARREST_DISPOSAL,PROPERTY_CRIME,year,1
04_02_Person_arrested_and_their_disposal_by_police_and_court_IPC_crime_2014.csv,12_Police_strength_actual_and_sanctioned.csv,ARREST_DISPOSAL,POLICE_ADMINISTRATION,year,1
04_02_Person_arrested_and_their_disposal_by_police_and_court_IPC_crime_2014.csv,13_Police_killed_or_injured_on_duty.csv,ARREST_DISPOSAL,POLICE_ADMINISTRATION,year,1
04_02_Person_arrested_and_their_disposal_by_police_and_court_IPC_crime_2014.csv,14_Age_profile_of_police_personnel_killed_on_duty.csv,ARREST_DISPOSAL,POLICE_ADMINISTRATION,year,1
04_02_Person_arrested_and_their_disposal_by_police_and_court_IPC_crime_2014.csv,15_Police_natural_death_and_suicide.csv,ARREST_DISPOSAL,POLICE_ADMINISTRATION,year,1
04_02_Person_arrested_and_their_disposal_by_police_and_court_IPC_crime_2014.csv,16_Casualties_under_police_firing_and_lathi_charge.csv,ARREST_DISPOSAL,POLICE_ADMINISTRATION,year,1
04_02_Person_arrested_and_their_disposal_by_police_and_court_IPC_crime_2014.csv,17_Case_reported_and_value_of_property_taken_away_by_place_of_occurrence_2001_2012.csv,ARREST_DISPOSAL,PROPERTY_CRIME,"year, state",2
04_02_Person_arrested_and_their_disposal_by_police_and_court_IPC_crime_2014.csv,17_Case_reported_and_value_of_property_taken_away_by_place_of_occurrence_2013.csv,ARREST_DISPOSAL,PROPERTY_CRIME,"year, state",2
04_02_Person_arrested_and_their_disposal_by_police_and_court_IPC_crime_2014.csv,17_Crime_by_place_of_occurrence_2001_2012.csv,ARREST_DISPOSAL,CRIME_PLACE_OF_OCCURRENCE,"year, state",2
04_02_Person_arrested_and_their_disposal_by_police_and_court_IPC_crime_2014.csv,17_Crime_by_place_of_occurrence_2013.csv,ARREST_DISPOSAL,CRIME_PLACE_OF_OCCURRENCE,"year, state",2
04_02_Person_arrested_and_their_disposal_by_police_and_court_IPC_crime_2014.csv,17_Crime_by_place_of_occurrence_2014.csv,ARREST_DISPOSAL,CRIME_PLACE_OF_OCCURRENCE,"year, state",2
04_02_Person_arrested_and_their_disposal_by_police_and_court_IPC_crime_2014.csv,18_01_Juveniles_arrested_Education.csv,ARREST_DISPOSAL,JUVENILE,year,1
04_02_Person_arrested_and_their_disposal_by_police_and_court_IPC_crime_2014.csv,18_02_Juveniles_arrested_Economic_setup.csv,ARREST_DISPOSAL,JUVENILE,year,1
04_02_Person_arrested_and_their_disposal_by_police_and_court_IPC_crime_2014.csv,18_03_Juveniles_arrested_Family_background.csv,ARREST_DISPOSAL,JUVENILE,year,1
04_02_Person_arrested_and_their_disposal_by_police_and_court_IPC_crime_2014.csv,18_04_Juveniles_arrested_Recidivism.csv,ARREST_DISPOSAL,JUVENILE,year,1
04_02_Person_arrested_and_their_disposal_by_police_and_court_IPC_crime_2014.csv,19_Motive_or_cause_of_murder_and_culpable_homicide_not_amounting_to_murder.csv,ARREST_DISPOSAL,VICTIM_OFFENDER_CHARACTERISTICS,year,1
04_02_Person_arrested_and_their_disposal_by_police_and_court_IPC_crime_2014.csv,20_Victims_of_rape.csv,ARREST_DISPOSAL,VICTIM_OFFENDER_CHARACTERISTICS,year,1
04_02_Person_arrested_and_their_disposal_by_police_and_court_IPC_crime_2014.csv,21_Offenders_known_to_the_victim.csv,ARREST_DISPOSAL,VICTIM_OFFENDER_CHARACTERISTICS,year,1
04_02_Person_arrested_and_their_disposal_by_police_and_court_IPC_crime_2014.csv,22_Persons_arrested_under_recidivism.csv,ARREST_DISPOSAL,ARREST_DISPOSAL,year,1
04_02_Person_arrested_and_their_disposal_by_police_and_court_IPC_crime_2014.csv,23_Anti_corruprion_cases.csv,ARREST_DISPOSAL,ANTI_CORRUPTION,year,1
04_02_Person_arrested_and_their_disposal_by_police_and_court_IPC_crime_2014.csv,24_Anti_corruption_arrests.csv,ARREST_DISPOSAL,ANTI_CORRUPTION,year,1
04_02_Person_arrested_and_their_disposal_by_police_and_court_IPC_crime_2014.csv,25_Complaints_against_police.csv,ARREST_DISPOSAL,POLICE_ADMINISTRATION,year,1
04_02_Person_arrested_and_their_disposal_by_police_and_court_IPC_crime_2014.csv,27_Nature_of_complaints_received_by_police.csv,ARREST_DISPOSAL,POLICE_ADMINISTRATION,year,1
04_02_Person_arrested_and_their_disposal_by_police_and_court_IPC_crime_2014.csv,28_Trial_of_violent_crimes_by_courts.csv,ARREST_DISPOSAL,JUSTICE_COURT,year,1
04_02_Person_arrested_and_their_disposal_by_police_and_court_IPC_crime_2014.csv,29_Period_of_trials_by_courts.csv,ARREST_DISPOSAL,JUSTICE_COURT,year,1
04_02_Person_arrested_and_their_disposal_by_police_and_court_IPC_crime_2014.csv,30_Auto_theft.csv,ARREST_DISPOSAL,PROPERTY_CRIME,year,1
04_02_Person_arrested_and_their_disposal_by_police_and_court_IPC_crime_2014.csv,31_Serious_fraud.csv,ARREST_DISPOSAL,PROPERTY_CRIME,year,1
04_02_Person_arrested_and_their_disposal_by_police_and_court_IPC_crime_2014.csv,32_Murder_victim_age_sex.csv,ARREST_DISPOSAL,VICTIM_OFFENDER_CHARACTERISTICS,year,1
04_02_Person_arrested_and_their_disposal_by_police_and_court_IPC_crime_2014.csv,33_CH_not_murder_victim_age_sex.csv,ARREST_DISPOSAL,VICTIM_OFFENDER_CHARACTERISTICS,year,1
04_02_Person_arrested_and_their_disposal_by_police_and_court_IPC_crime_2014.csv,34_Use_of_fire_arms_in_murder_cases.csv,ARREST_DISPOSAL,VICTIM_OFFENDER_CHARACTERISTICS,year,1
04_02_Person_arrested_and_their_disposal_by_police_and_court_IPC_crime_2014.csv,35_Human_rights_violation_by_police.csv,ARREST_DISPOSAL,POLICE_ADMINISTRATION,year,1
04_02_Person_arrested_and_their_disposal_by_police_and_court_IPC_crime_2014.csv,36_Police_housing.csv,ARREST_DISPOSAL,POLICE_ADMINISTRATION,year,1
04_02_Person_arrested_and_their_disposal_by_police_and_court_IPC_crime_2014.csv,37_Home_guards_and_auxilliary_force.csv,ARREST_DISPOSAL,POLICE_ADMINISTRATION,year,1
04_02_Person_arrested_and_their_disposal_by_police_and_court_IPC_crime_2014.csv,38_Unidentified_dead_bodies_recovered_and_inquest_conducted.csv,ARREST_DISPOSAL,OTHER_SPECIALIZED,year,1
04_02_Person_arrested_and_their_disposal_by_police_and_court_IPC_crime_2014.csv,39_Specific_purpose_of_kidnapping_and_abduction.csv,ARREST_DISPOSAL,VICTIM_OFFENDER_CHARACTERISTICS,year,1
04_02_Person_arrested_and_their_disposal_by_police_and_court_IPC_crime_2014.csv,40_01_Custodial_death_person_remanded.csv,ARREST_DISPOSAL,JUSTICE_COURT,year,1
04_02_Person_arrested_and_their_disposal_by_police_and_court_IPC_crime_2014.csv,40_02_Custodial_death_person_not_remanded.csv,ARREST_DISPOSAL,JUSTICE_COURT,year,1
04_02_Person_arrested_and_their_disposal_by_police_and_court_IPC_crime_2014.csv,40_03_Custodial_death_during_production.csv,ARREST_DISPOSAL,JUSTICE_COURT,year,1
04_02_Person_arrested_and_their_disposal_by_police_and_court_IPC_crime_2014.csv,40_04_Custodial_death_during_hospitalization_or_treatment.csv,ARREST_DISPOSAL,JUSTICE_COURT,year,1
04_02_Person_arrested_and_their_disposal_by_police_and_court_IPC_crime_2014.csv,40_05_Custodial_death_others.csv,ARREST_DISPOSAL,JUSTICE_COURT,year,1
04_02_Person_arrested_and_their_disposal_by_police_and_court_IPC_crime_2014.csv,41_Escapes_from_police_custody.csv,ARREST_DISPOSAL,POLICE_ADMINISTRATION,year,1
04_02_Person_arrested_and_their_disposal_by_police_and_court_IPC_crime_2014.csv,42_Cases_under_crime_against_women.csv,ARREST_DISPOSAL,JUSTICE_COURT,year,1
04_02_Person_arrested_and_their_disposal_by_police_and_court_IPC_crime_2014.csv,42_District_wise_crimes_committed_against_women_2001_2012.csv,ARREST_DISPOSAL,DISTRICT_WISE_CRIME,"year, state",2
04_02_Person_arrested_and_their_disposal_by_police_and_court_IPC_crime_2014.csv,42_District_wise_crimes_committed_against_women_2013.csv,ARREST_DISPOSAL,DISTRICT_WISE_CRIME,"year, state",2
04_02_Person_arrested_and_their_disposal_by_police_and_court_IPC_crime_2014.csv,42_District_wise_crimes_committed_against_women_2014.csv,ARREST_DISPOSAL,DISTRICT_WISE_CRIME,"year, state",2
04_02_Person_arrested_and_their_disposal_by_police_and_court_IPC_crime_2014.csv,43_Arrests_under_crime_against_women.csv,ARREST_DISPOSAL,ARREST_DISPOSAL,year,1
07_01_Persons_arrested_by_sex_and_age_group_IPC_2012.csv,07_01_Persons_arrested_by_sex_and_age_group_IPC_2013.csv,ARREST_DISPOSAL,ARREST_DISPOSAL,"state, crime_head",2
07_01_Persons_arrested_by_sex_and_age_group_IPC_2012.csv,07_01_Persons_arrested_by_sex_and_age_group_IPC_2014.csv,ARREST_DISPOSAL,ARREST_DISPOSAL,"state, crime_head",2
07_01_Persons_arrested_by_sex_and_age_group_IPC_2012.csv,07_02_Persons_arrested_by_sex_and_age_group_SLL_2012.csv,ARREST_DISPOSAL,ARREST_DISPOSAL,"state, crime_head",2
07_01_Persons_arrested_by_sex_and_age_group_IPC_2012.csv,07_02_Persons_arrested_by_sex_and_age_group_SLL_2013.csv,ARREST_DISPOSAL,ARREST_DISPOSAL,"state, crime_head",2
07_01_Persons_arrested_by_sex_and_age_group_IPC_2012.csv,07_02_Persons_arrested_by_sex_and_age_group_SLL_2014.csv,ARREST_DISPOSAL,ARREST_DISPOSAL,"state, crime_head",2
07_01_Persons_arrested_by_sex_and_age_group_IPC_2012.csv,08_01_Juvenile_apprehended_state_IPC.csv,ARREST_DISPOSAL,JUVENILE,"state, crime_head",2
07_01_Persons_arrested_by_sex_and_age_group_IPC_2012.csv,08_02_Juvenile_apprehended_state_SLL.csv,ARREST_DISPOSAL,JUVENILE,"state, crime_head",2
07_01_Persons_arrested_by_sex_and_age_group_IPC_2012.csv,09_Juveniles_arrested_and_their_disposal.csv,ARREST_DISPOSAL,JUVENILE,,0
07_01_Persons_arrested_by_sex_and_age_group_IPC_2012.csv,10_Property_stolen_and_recovered.csv,ARREST_DISPOSAL,PROPERTY_CRIME,,0
07_01_Persons_arrested_by_sex_and_age_group_IPC_2012.csv,11_Property_stolen_and_recovered_nature_of_property.csv,ARREST_DISPOSAL,PROPERTY_CRIME,,0
07_01_Persons_arrested_by_sex_and_age_group_IPC_2012.csv,12_Police_strength_actual_and_sanctioned.csv,ARREST_DISPOSAL,POLICE_ADMINISTRATION,,0
07_01_Persons_arrested_by_sex_and_age_group_IPC_2012.csv,13_Police_killed_or_injured_on_duty.csv,ARREST_DISPOSAL,POLICE_ADMINISTRATION,,0
07_01_Persons_arrested_by_sex_and_age_group_IPC_2012.csv,14_Age_profile_of_police_personnel_killed_on_duty.csv,ARREST_DISPOSAL,POLICE_ADMINISTRATION,,0
07_01_Persons_arrested_by_sex_and_age_group_IPC_2012.csv,15_Police_natural_death_and_suicide.csv,ARREST_DISPOSAL,POLICE_ADMINISTRATION,,0
07_01_Persons_arrested_by_sex_and_age_group_IPC_2012.csv,16_Casualties_under_police_firing_and_lathi_charge.csv,ARREST_DISPOSAL,POLICE_ADMINISTRATION,,0
07_01_Persons_arrested_by_sex_and_age_group_IPC_2012.csv,17_Case_reported_and_value_of_property_taken_away_by_place_of_occurrence_2001_2012.csv,ARREST_DISPOSAL,PROPERTY_CRIME,state,1
07_01_Persons_arrested_by_sex_and_age_group_IPC_2012.csv,17_Case_reported_and_value_of_property_taken_away_by_place_of_occurrence_2013.csv,ARREST_DISPOSAL,PROPERTY_CRIME,state,1
07_01_Persons_arrested_by_sex_and_age_group_IPC_2012.csv,17_Crime_by_place_of_occurrence_2001_2012.csv,ARREST_DISPOSAL,CRIME_PLACE_OF_OCCURRENCE,state,1
07_01_Persons_arrested_by_sex_and_age_group_IPC_2012.csv,17_Crime_by_place_of_occurrence_2013.csv,ARREST_DISPOSAL,CRIME_PLACE_OF_OCCURRENCE,state,1
07_01_Persons_arrested_by_sex_and_age_group_IPC_2012.csv,17_Crime_by_place_of_occurrence_2014.csv,ARREST_DISPOSAL,CRIME_PLACE_OF_OCCURRENCE,state,1
07_01_Persons_arrested_by_sex_and_age_group_IPC_2012.csv,18_01_Juveniles_arrested_Education.csv,ARREST_DISPOSAL,JUVENILE,,0
07_01_Persons_arrested_by_sex_and_age_group_IPC_2012.csv,18_02_Juveniles_arrested_Economic_setup.csv,ARREST_DISPOSAL,JUVENILE,,0
07_01_Persons_arrested_by_sex_and_age_group_IPC_2012.csv,18_03_Juveniles_arrested_Family_background.csv,ARREST_DISPOSAL,JUVENILE,,0
07_01_Persons_arrested_by_sex_and_age_group_IPC_2012.csv,18_04_Juveniles_arrested_Recidivism.csv,ARREST_DISPOSAL,JUVENILE,,0
07_01_Persons_arrested_by_sex_and_age_group_IPC_2012.csv,19_Motive_or_cause_of_murder_and_culpable_homicide_not_amounting_to_murder.csv,ARREST_DISPOSAL,VICTIM_OFFENDER_CHARACTERISTICS,,0
07_01_Persons_arrested_by_sex_and_age_group_IPC_2012.csv,20_Victims_of_rape.csv,ARREST_DISPOSAL,VICTIM_OFFENDER_CHARACTERISTICS,,0
07_01_Persons_arrested_by_sex_and_age_group_IPC_2012.csv,21_Offenders_known_to_the_victim.csv,ARREST_DISPOSAL,VICTIM_OFFENDER_CHARACTERISTICS,,0
07_01_Persons_arrested_by_sex_and_age_group_IPC_2012.csv,22_Persons_arrested_under_recidivism.csv,ARREST_DISPOSAL,ARREST_DISPOSAL,,0
07_01_Persons_arrested_by_sex_and_age_group_IPC_2012.csv,23_Anti_corruprion_cases.csv,ARREST_DISPOSAL,ANTI_CORRUPTION,,0
07_01_Persons_arrested_by_sex_and_age_group_IPC_2012.csv,24_Anti_corruption_arrests.csv,ARREST_DISPOSAL,ANTI_CORRUPTION,,0
07_01_Persons_arrested_by_sex_and_age_group_IPC_2012.csv,25_Complaints_against_police.csv,ARREST_DISPOSAL,POLICE_ADMINISTRATION,,0
07_01_Persons_arrested_by_sex_and_age_group_IPC_2012.csv,27_Nature_of_complaints_received_by_police.csv,ARREST_DISPOSAL,POLICE_ADMINISTRATION,,0
07_01_Persons_arrested_by_sex_and_age_group_IPC_2012.csv,28_Trial_of_violent_crimes_by_courts.csv,ARREST_DISPOSAL,JUSTICE_COURT,,0
07_01_Persons_arrested_by_sex_and_age_group_IPC_2012.csv,29_Period_of_trials_by_courts.csv,ARREST_DISPOSAL,JUSTICE_COURT,,0
07_01_Persons_arrested_by_sex_and_age_group_IPC_2012.csv,30_Auto_theft.csv,ARREST_DISPOSAL,PROPERTY_CRIME,,0
07_01_Persons_arrested_by_sex_and_age_group_IPC_2012.csv,31_Serious_fraud.csv,ARREST_DISPOSAL,PROPERTY_CRIME,,0
07_01_Persons_arrested_by_sex_and_age_group_IPC_2012.csv,32_Murder_victim_age_sex.csv,ARREST_DISPOSAL,VICTIM_OFFENDER_CHARACTERISTICS,,0
07_01_Persons_arrested_by_sex_and_age_group_IPC_2012.csv,33_CH_not_murder_victim_age_sex.csv,ARREST_DISPOSAL,VICTIM_OFFENDER_CHARACTERISTICS,,0
07_01_Persons_arrested_by_sex_and_age_group_IPC_2012.csv,34_Use_of_fire_arms_in_murder_cases.csv,ARREST_DISPOSAL,VICTIM_OFFENDER_CHARACTERISTICS,,0
07_01_Persons_arrested_by_sex_and_age_group_IPC_2012.csv,35_Human_rights_violation_by_police.csv,ARREST_DISPOSAL,POLICE_ADMINISTRATION,,0
07_01_Persons_arrested_by_sex_and_age_group_IPC_2012.csv,36_Police_housing.csv,ARREST_DISPOSAL,POLICE_ADMINISTRATION,,0
07_01_Persons_arrested_by_sex_and_age_group_IPC_2012.csv,37_Home_guards_and_auxilliary_force.csv,ARREST_DISPOSAL,POLICE_ADMINISTRATION,,0
07_01_Persons_arrested_by_sex_and_age_group_IPC_2012.csv,38_Unidentified_dead_bodies_recovered_and_inquest_conducted.csv,ARREST_DISPOSAL,OTHER_SPECIALIZED,,0
07_01_Persons_arrested_by_sex_and_age_group_IPC_2012.csv,39_Specific_purpose_of_kidnapping_and_abduction.csv,ARREST_DISPOSAL,VICTIM_OFFENDER_CHARACTERISTICS,,0
07_01_Persons_arrested_by_sex_and_age_group_IPC_2012.csv,40_01_Custodial_death_person_remanded.csv,ARREST_DISPOSAL,JUSTICE_COURT,,0
07_01_Persons_arrested_by_sex_and_age_group_IPC_2012.csv,40_02_Custodial_death_person_not_remanded.csv,ARREST_DISPOSAL,JUSTICE_COURT,,0
07_01_Persons_arrested_by_sex_and_age_group_IPC_2012.csv,40_03_Custodial_death_during_production.csv,ARREST_DISPOSAL,JUSTICE_COURT,,0
07_01_Persons_arrested_by_sex_and_age_group_IPC_2012.csv,40_04_Custodial_death_during_hospitalization_or_treatment.csv,ARREST_DISPOSAL,JUSTICE_COURT,,0
07_01_Persons_arrested_by_sex_and_age_group_IPC_2012.csv,40_05_Custodial_death_others.csv,ARREST_DISPOSAL,JUSTICE_COURT,,0
07_01_Persons_arrested_by_sex_and_age_group_IPC_2012.csv,41_Escapes_from_police_custody.csv,ARREST_DISPOSAL,POLICE_ADMINISTRATION,,0
07_01_Persons_arrested_by_sex_and_age_group_IPC_2012.csv,42_Cases_under_crime_against_women.csv,ARREST_DISPOSAL,JUSTICE_COURT,,0
07_01_Persons_arrested_by_sex_and_age_group_IPC_2012.csv,42_District_wise_crimes_committed_against_women_2001_2012.csv,ARREST_DISPOSAL,DISTRICT_WISE_CRIME,state,1
07_01_Persons_arrested_by_sex_and_age_group_IPC_2012.csv,42_District_wise_crimes_committed_against_women_2013.csv,ARREST_DISPOSAL,DISTRICT_WISE_CRIME,state,1
07_01_Persons_arrested_by_sex_and_age_group_IPC_2012.csv,42_District_wise_crimes_committed_against_women_2014.csv,ARREST_DISPOSAL,DISTRICT_WISE_CRIME,state,1
07_01_Persons_arrested_by_sex_and_age_group_IPC_2012.csv,43_Arrests_under_crime_against_women.csv,ARREST_DISPOSAL,ARREST_DISPOSAL,,0
07_01_Persons_arrested_by_sex_and_age_group_IPC_2013.csv,07_01_Persons_arrested_by_sex_and_age_group_IPC_2014.csv,ARREST_DISPOSAL,ARREST_DISPOSAL,"state, crime_head",2
07_01_Persons_arrested_by_sex_and_age_group_IPC_2013.csv,07_02_Persons_arrested_by_sex_and_age_group_SLL_2012.csv,ARREST_DISPOSAL,ARREST_DISPOSAL,"state, crime_head",2
07_01_Persons_arrested_by_sex_and_age_group_IPC_2013.csv,07_02_Persons_arrested_by_sex_and_age_group_SLL_2013.csv,ARREST_DISPOSAL,ARREST_DISPOSAL,"state, crime_head",2
07_01_Persons_arrested_by_sex_and_age_group_IPC_2013.csv,07_02_Persons_arrested_by_sex_and_age_group_SLL_2014.csv,ARREST_DISPOSAL,ARREST_DISPOSAL,"state, crime_head",2
07_01_Persons_arrested_by_sex_and_age_group_IPC_2013.csv,08_01_Juvenile_apprehended_state_IPC.csv,ARREST_DISPOSAL,JUVENILE,"state, crime_head",2
07_01_Persons_arrested_by_sex_and_age_group_IPC_2013.csv,08_02_Juvenile_apprehended_state_SLL.csv,ARREST_DISPOSAL,JUVENILE,"state, crime_head",2
07_01_Persons_arrested_by_sex_and_age_group_IPC_2013.csv,09_Juveniles_arrested_and_their_disposal.csv,ARREST_DISPOSAL,JUVENILE,,0
07_01_Persons_arrested_by_sex_and_age_group_IPC_2013.csv,10_Property_stolen_and_recovered.csv,ARREST_DISPOSAL,PROPERTY_CRIME,,0
07_01_Persons_arrested_by_sex_and_age_group_IPC_2013.csv,11_Property_stolen_and_recovered_nature_of_property.csv,ARREST_DISPOSAL,PROPERTY_CRIME,,0
07_01_Persons_arrested_by_sex_and_age_group_IPC_2013.csv,12_Police_strength_actual_and_sanctioned.csv,ARREST_DISPOSAL,POLICE_ADMINISTRATION,,0
07_01_Persons_arrested_by_sex_and_age_group_IPC_2013.csv,13_Police_killed_or_injured_on_duty.csv,ARREST_DISPOSAL,POLICE_ADMINISTRATION,,0
07_01_Persons_arrested_by_sex_and_age_group_IPC_2013.csv,14_Age_profile_of_police_personnel_killed_on_duty.csv,ARREST_DISPOSAL,POLICE_ADMINISTRATION,,0
07_01_Persons_arrested_by_sex_and_age_group_IPC_2013.csv,15_Police_natural_death_and_suicide.csv,ARREST_DISPOSAL,POLICE_ADMINISTRATION,,0
07_01_Persons_arrested_by_sex_and_age_group_IPC_2013.csv,16_Casualties_under_police_firing_and_lathi_charge.csv,ARREST_DISPOSAL,POLICE_ADMINISTRATION,,0
07_01_Persons_arrested_by_sex_and_age_group_IPC_2013.csv,17_Case_reported_and_value_of_property_taken_away_by_place_of_occurrence_2001_2012.csv,ARREST_DISPOSAL,PROPERTY_CRIME,state,1
07_01_Persons_arrested_by_sex_and_age_group_IPC_2013.csv,17_Case_reported_and_value_of_property_taken_away_by_place_of_occurrence_2013.csv,ARREST_DISPOSAL,PROPERTY_CRIME,state,1
07_01_Persons_arrested_by_sex_and_age_group_IPC_2013.csv,17_Crime_by_place_of_occurrence_2001_2012.csv,ARREST_DISPOSAL,CRIME_PLACE_OF_OCCURRENCE,state,1
07_01_Persons_arrested_by_sex_and_age_group_IPC_2013.csv,17_Crime_by_place_of_occurrence_2013.csv,ARREST_DISPOSAL,CRIME_PLACE_OF_OCCURRENCE,state,1
07_01_Persons_arrested_by_sex_and_age_group_IPC_2013.csv,17_Crime_by_place_of_occurrence_2014.csv,ARREST_DISPOSAL,CRIME_PLACE_OF_OCCURRENCE,state,1
07_01_Persons_arrested_by_sex_and_age_group_IPC_2013.csv,18_01_Juveniles_arrested_Education.csv,ARREST_DISPOSAL,JUVENILE,,0
07_01_Persons_arrested_by_sex_and_age_group_IPC_2013.csv,18_02_Juveniles_arrested_Economic_setup.csv,ARREST_DISPOSAL,JUVENILE,,0
07_01_Persons_arrested_by_sex_and_age_group_IPC_2013.csv,18_03_Juveniles_arrested_Family_background.csv,ARREST_DISPOSAL,JUVENILE,,0
07_01_Persons_arrested_by_sex_and_age_group_IPC_2013.csv,18_04_Juveniles_arrested_Recidivism.csv,ARREST_DISPOSAL,JUVENILE,,0
07_01_Persons_arrested_by_sex_and_age_group_IPC_2013.csv,19_Motive_or_cause_of_murder_and_culpable_homicide_not_amounting_to_murder.csv,ARREST_DISPOSAL,VICTIM_OFFENDER_CHARACTERISTICS,,0
07_01_Persons_arrested_by_sex_and_age_group_IPC_2013.csv,20_Victims_of_rape.csv,ARREST_DISPOSAL,VICTIM_OFFENDER_CHARACTERISTICS,,0
07_01_Persons_arrested_by_sex_and_age_group_IPC_2013.csv,21_Offenders_known_to_the_victim.csv,ARREST_DISPOSAL,VICTIM_OFFENDER_CHARACTERISTICS,,0
07_01_Persons_arrested_by_sex_and_age_group_IPC_2013.csv,22_Persons_arrested_under_recidivism.csv,ARREST_DISPOSAL,ARREST_DISPOSAL,,0
07_01_Persons_arrested_by_sex_and_age_group_IPC_2013.csv,23_Anti_corruprion_cases.csv,ARREST_DISPOSAL,ANTI_CORRUPTION,,0
07_01_Persons_arrested_by_sex_and_age_group_IPC_2013.csv,24_Anti_corruption_arrests.csv,ARREST_DISPOSAL,ANTI_CORRUPTION,,0
07_01_Persons_arrested_by_sex_and_age_group_IPC_2013.csv,25_Complaints_against_police.csv,ARREST_DISPOSAL,POLICE_ADMINISTRATION,,0
07_01_Persons_arrested_by_sex_and_age_group_IPC_2013.csv,27_Nature_of_complaints_received_by_police.csv,ARREST_DISPOSAL,POLICE_ADMINISTRATION,,0
07_01_Persons_arrested_by_sex_and_age_group_IPC_2013.csv,28_Trial_of_violent_crimes_by_courts.csv,ARREST_DISPOSAL,JUSTICE_COURT,,0
07_01_Persons_arrested_by_sex_and_age_group_IPC_2013.csv,29_Period_of_trials_by_courts.csv,ARREST_DISPOSAL,JUSTICE_COURT,,0
07_01_Persons_arrested_by_sex_and_age_group_IPC_2013.csv,30_Auto_theft.csv,ARREST_DISPOSAL,PROPERTY_CRIME,,0
07_01_Persons_arrested_by_sex_and_age_group_IPC_2013.csv,31_Serious_fraud.csv,ARREST_DISPOSAL,PROPERTY_CRIME,,0
07_01_Persons_arrested_by_sex_and_age_group_IPC_2013.csv,32_Murder_victim_age_sex.csv,ARREST_DISPOSAL,VICTIM_OFFENDER_CHARACTERISTICS,,0
07_01_Persons_arrested_by_sex_and_age_group_IPC_2013.csv,33_CH_not_murder_victim_age_sex.csv,ARREST_DISPOSAL,VICTIM_OFFENDER_CHARACTERISTICS,,0
07_01_Persons_arrested_by_sex_and_age_group_IPC_2013.csv,34_Use_of_fire_arms_in_murder_cases.csv,ARREST_DISPOSAL,VICTIM_OFFENDER_CHARACTERISTICS,,0
07_01_Persons_arrested_by_sex_and_age_group_IPC_2013.csv,35_Human_rights_violation_by_police.csv,ARREST_DISPOSAL,POLICE_ADMINISTRATION,,0
07_01_Persons_arrested_by_sex_and_age_group_IPC_2013.csv,36_Police_housing.csv,ARREST_DISPOSAL,POLICE_ADMINISTRATION,,0
07_01_Persons_arrested_by_sex_and_age_group_IPC_2013.csv,37_Home_guards_and_auxilliary_force.csv,ARREST_DISPOSAL,POLICE_ADMINISTRATION,,0
07_01_Persons_arrested_by_sex_and_age_group_IPC_2013.csv,38_Unidentified_dead_bodies_recovered_and_inquest_conducted.csv,ARREST_DISPOSAL,OTHER_SPECIALIZED,,0
07_01_Persons_arrested_by_sex_and_age_group_IPC_2013.csv,39_Specific_purpose_of_kidnapping_and_abduction.csv,ARREST_DISPOSAL,VICTIM_OFFENDER_CHARACTERISTICS,,0
07_01_Persons_arrested_by_sex_and_age_group_IPC_2013.csv,40_01_Custodial_death_person_remanded.csv,ARREST_DISPOSAL,JUSTICE_COURT,,0
07_01_Persons_arrested_by_sex_and_age_group_IPC_2013.csv,40_02_Custodial_death_person_not_remanded.csv,ARREST_DISPOSAL,JUSTICE_COURT,,0
07_01_Persons_arrested_by_sex_and_age_group_IPC_2013.csv,40_03_Custodial_death_during_production.csv,ARREST_DISPOSAL,JUSTICE_COURT,,0
07_01_Persons_arrested_by_sex_and_age_group_IPC_2013.csv,40_04_Custodial_death_during_hospitalization_or_treatment.csv,ARREST_DISPOSAL,JUSTICE_COURT,,0
07_01_Persons_arrested_by_sex_and_age_group_IPC_2013.csv,40_05_Custodial_death_others.csv,ARREST_DISPOSAL,JUSTICE_COURT,,0
07_01_Persons_arrested_by_sex_and_age_group_IPC_2013.csv,41_Escapes_from_police_custody.csv,ARREST_DISPOSAL,POLICE_ADMINISTRATION,,0
07_01_Persons_arrested_by_sex_and_age_group_IPC_2013.csv,42_Cases_under_crime_against_women.csv,ARREST_DISPOSAL,JUSTICE_COURT,,0
07_01_Persons_arrested_by_sex_and_age_group_IPC_2013.csv,42_District_wise_crimes_committed_against_women_2001_2012.csv,ARREST_DISPOSAL,DISTRICT_WISE_CRIME,state,1
07_01_Persons_arrested_by_sex_and_age_group_IPC_2013.csv,42_District_wise_crimes_committed_against_women_2013.csv,ARREST_DISPOSAL,DISTRICT_WISE_CRIME,state,1
07_01_Persons_arrested_by_sex_and_age_group_IPC_2013.csv,42_District_wise_crimes_committed_against_women_2014.csv,ARREST_DISPOSAL,DISTRICT_WISE_CRIME,state,1
07_01_Persons_arrested_by_sex_and_age_group_IPC_2013.csv,43_Arrests_under_crime_against_women.csv,ARREST_DISPOSAL,ARREST_DISPOSAL,,0
07_01_Persons_arrested_by_sex_and_age_group_IPC_2014.csv,07_02_Persons_arrested_by_sex_and_age_group_SLL_2012.csv,ARREST_DISPOSAL,ARREST_DISPOSAL,"state, crime_head",2
07_01_Persons_arrested_by_sex_and_age_group_IPC_2014.csv,07_02_Persons_arrested_by_sex_and_age_group_SLL_2013.csv,ARREST_DISPOSAL,ARREST_DISPOSAL,"state, crime_head",2
07_01_Persons_arrested_by_sex_and_age_group_IPC_2014.csv,07_02_Persons_arrested_by_sex_and_age_group_SLL_2014.csv,ARREST_DISPOSAL,ARREST_DISPOSAL,"year, state, crime_head",3
07_01_Persons_arrested_by_sex_and_age_group_IPC_2014.csv,08_01_Juvenile_apprehended_state_IPC.csv,ARREST_DISPOSAL,JUVENILE,"year, state, crime_head",3
07_01_Persons_arrested_by_sex_and_age_group_IPC_2014.csv,08_02_Juvenile_apprehended_state_SLL.csv,ARREST_DISPOSAL,JUVENILE,"year, state, crime_head",3
07_01_Persons_arrested_by_sex_and_age_group_IPC_2014.csv,09_Juveniles_arrested_and_their_disposal.csv,ARREST_DISPOSAL,JUVENILE,year,1
07_01_Persons_arrested_by_sex_and_age_group_IPC_2014.csv,10_Property_stolen_and_recovered.csv,ARREST_DISPOSAL,PROPERTY_CRIME,year,1
07_01_Persons_arrested_by_sex_and_age_group_IPC_2014.csv,11_Property_stolen_and_recovered_nature_of_property.csv,ARREST_DISPOSAL,PROPERTY_CRIME,year,1
07_01_Persons_arrested_by_sex_and_age_group_IPC_2014.csv,12_Police_strength_actual_and_sanctioned.csv,ARREST_DISPOSAL,POLICE_ADMINISTRATION,year,1
07_01_Persons_arrested_by_sex_and_age_group_IPC_2014.csv,13_Police_killed_or_injured_on_duty.csv,ARREST_DISPOSAL,POLICE_ADMINISTRATION,year,1
07_01_Persons_arrested_by_sex_and_age_group_IPC_2014.csv,14_Age_profile_of_police_personnel_killed_on_duty.csv,ARREST_DISPOSAL,POLICE_ADMINISTRATION,year,1
07_01_Persons_arrested_by_sex_and_age_group_IPC_2014.csv,15_Police_natural_death_and_suicide.csv,ARREST_DISPOSAL,POLICE_ADMINISTRATION,year,1
07_01_Persons_arrested_by_sex_and_age_group_IPC_2014.csv,16_Casualties_under_police_firing_and_lathi_charge.csv,ARREST_DISPOSAL,POLICE_ADMINISTRATION,year,1
07_01_Persons_arrested_by_sex_and_age_group_IPC_2014.csv,17_Case_reported_and_value_of_property_taken_away_by_place_of_occurrence_2001_2012.csv,ARREST_DISPOSAL,PROPERTY_CRIME,"year, state",2
07_01_Persons_arrested_by_sex_and_age_group_IPC_2014.csv,17_Case_reported_and_value_of_property_taken_away_by_place_of_occurrence_2013.csv,ARREST_DISPOSAL,PROPERTY_CRIME,"year, state",2
07_01_Persons_arrested_by_sex_and_age_group_IPC_2014.csv,17_Crime_by_place_of_occurrence_2001_2012.csv,ARREST_DISPOSAL,CRIME_PLACE_OF_OCCURRENCE,"year, state",2
07_01_Persons_arrested_by_sex_and_age_group_IPC_2014.csv,17_Crime_by_place_of_occurrence_2013.csv,ARREST_DISPOSAL,CRIME_PLACE_OF_OCCURRENCE,"year, state",2
07_01_Persons_arrested_by_sex_and_age_group_IPC_2014.csv,17_Crime_by_place_of_occurrence_2014.csv,ARREST_DISPOSAL,CRIME_PLACE_OF_OCCURRENCE,"year, state",2
07_01_Persons_arrested_by_sex_and_age_group_IPC_2014.csv,18_01_Juveniles_arrested_Education.csv,ARREST_DISPOSAL,JUVENILE,year,1
07_01_Persons_arrested_by_sex_and_age_group_IPC_2014.csv,18_02_Juveniles_arrested_Economic_setup.csv,ARREST_DISPOSAL,JUVENILE,year,1
07_01_Persons_arrested_by_sex_and_age_group_IPC_2014.csv,18_03_Juveniles_arrested_Family_background.csv,ARREST_DISPOSAL,JUVENILE,year,1
07_01_Persons_arrested_by_sex_and_age_group_IPC_2014.csv,18_04_Juveniles_arrested_Recidivism.csv,ARREST_DISPOSAL,JUVENILE,year,1
07_01_Persons_arrested_by_sex_and_age_group_IPC_2014.csv,19_Motive_or_cause_of_murder_and_culpable_homicide_not_amounting_to_murder.csv,ARREST_DISPOSAL,VICTIM_OFFENDER_CHARACTERISTICS,year,1
07_01_Persons_arrested_by_sex_and_age_group_IPC_2014.csv,20_Victims_of_rape.csv,ARREST_DISPOSAL,VICTIM_OFFENDER_CHARACTERISTICS,year,1
07_01_Persons_arrested_by_sex_and_age_group_IPC_2014.csv,21_Offenders_known_to_the_victim.csv,ARREST_DISPOSAL,VICTIM_OFFENDER_CHARACTERISTICS,year,1
07_01_Persons_arrested_by_sex_and_age_group_IPC_2014.csv,22_Persons_arrested_under_recidivism.csv,ARREST_DISPOSAL,ARREST_DISPOSAL,year,1
07_01_Persons_arrested_by_sex_and_age_group_IPC_2014.csv,23_Anti_corruprion_cases.csv,ARREST_DISPOSAL,ANTI_CORRUPTION,year,1
07_01_Persons_arrested_by_sex_and_age_group_IPC_2014.csv,24_Anti_corruption_arrests.csv,ARREST_DISPOSAL,ANTI_CORRUPTION,year,1
07_01_Persons_arrested_by_sex_and_age_group_IPC_2014.csv,25_Complaints_against_police.csv,ARREST_DISPOSAL,POLICE_ADMINISTRATION,year,1
07_01_Persons_arrested_by_sex_and_age_group_IPC_2014.csv,27_Nature_of_complaints_received_by_police.csv,ARREST_DISPOSAL,POLICE_ADMINISTRATION,year,1
07_01_Persons_arrested_by_sex_and_age_group_IPC_2014.csv,28_Trial_of_violent_crimes_by_courts.csv,ARREST_DISPOSAL,JUSTICE_COURT,year,1
07_01_Persons_arrested_by_sex_and_age_group_IPC_2014.csv,29_Period_of_trials_by_courts.csv,ARREST_DISPOSAL,JUSTICE_COURT,year,1
07_01_Persons_arrested_by_sex_and_age_group_IPC_2014.csv,30_Auto_theft.csv,ARREST_DISPOSAL,PROPERTY_CRIME,year,1
07_01_Persons_arrested_by_sex_and_age_group_IPC_2014.csv,31_Serious_fraud.csv,ARREST_DISPOSAL,PROPERTY_CRIME,year,1
07_01_Persons_arrested_by_sex_and_age_group_IPC_2014.csv,32_Murder_victim_age_sex.csv,ARREST_DISPOSAL,VICTIM_OFFENDER_CHARACTERISTICS,year,1
07_01_Persons_arrested_by_sex_and_age_group_IPC_2014.csv,33_CH_not_murder_victim_age_sex.csv,ARREST_DISPOSAL,VICTIM_OFFENDER_CHARACTERISTICS,year,1
07_01_Persons_arrested_by_sex_and_age_group_IPC_2014.csv,34_Use_of_fire_arms_in_murder_cases.csv,ARREST_DISPOSAL,VICTIM_OFFENDER_CHARACTERISTICS,year,1
07_01_Persons_arrested_by_sex_and_age_group_IPC_2014.csv,35_Human_rights_violation_by_police.csv,ARREST_DISPOSAL,POLICE_ADMINISTRATION,year,1
07_01_Persons_arrested_by_sex_and_age_group_IPC_2014.csv,36_Police_housing.csv,ARREST_DISPOSAL,POLICE_ADMINISTRATION,year,1
07_01_Persons_arrested_by_sex_and_age_group_IPC_2014.csv,37_Home_guards_and_auxilliary_force.csv,ARREST_DISPOSAL,POLICE_ADMINISTRATION,year,1
07_01_Persons_arrested_by_sex_and_age_group_IPC_2014.csv,38_Unidentified_dead_bodies_recovered_and_inquest_conducted.csv,ARREST_DISPOSAL,OTHER_SPECIALIZED,year,1
07_01_Persons_arrested_by_sex_and_age_group_IPC_2014.csv,39_Specific_purpose_of_kidnapping_and_abduction.csv,ARREST_DISPOSAL,VICTIM_OFFENDER_CHARACTERISTICS,year,1
07_01_Persons_arrested_by_sex_and_age_group_IPC_2014.csv,40_01_Custodial_death_person_remanded.csv,ARREST_DISPOSAL,JUSTICE_COURT,year,1
07_01_Persons_arrested_by_sex_and_age_group_IPC_2014.csv,40_02_Custodial_death_person_not_remanded.csv,ARREST_DISPOSAL,JUSTICE_COURT,year,1
07_01_Persons_arrested_by_sex_and_age_group_IPC_2014.csv,40_03_Custodial_death_during_production.csv,ARREST_DISPOSAL,JUSTICE_COURT,year,1
07_01_Persons_arrested_by_sex_and_age_group_IPC_2014.csv,40_04_Custodial_death_during_hospitalization_or_treatment.csv,ARREST_DISPOSAL,JUSTICE_COURT,year,1
07_01_Persons_arrested_by_sex_and_age_group_IPC_2014.csv,40_05_Custodial_death_others.csv,ARREST_DISPOSAL,JUSTICE_COURT,year,1
07_01_Persons_arrested_by_sex_and_age_group_IPC_2014.csv,41_Escapes_from_police_custody.csv,ARREST_DISPOSAL,POLICE_ADMINISTRATION,year,1
07_01_Persons_arrested_by_sex_and_age_group_IPC_2014.csv,42_Cases_under_crime_against_women.csv,ARREST_DISPOSAL,JUSTICE_COURT,year,1
07_01_Persons_arrested_by_sex_and_age_group_IPC_2014.csv,42_District_wise_crimes_committed_against_women_2001_2012.csv,ARREST_DISPOSAL,DISTRICT_WISE_CRIME,"year, state",2
07_01_Persons_arrested_by_sex_and_age_group_IPC_2014.csv,42_District_wise_crimes_committed_against_women_2013.csv,ARREST_DISPOSAL,DISTRICT_WISE_CRIME,"year, state",2
07_01_Persons_arrested_by_sex_and_age_group_IPC_2014.csv,42_District_wise_crimes_committed_against_women_2014.csv,ARREST_DISPOSAL,DISTRICT_WISE_CRIME,"year, state",2
07_01_Persons_arrested_by_sex_and_age_group_IPC_2014.csv,43_Arrests_under_crime_against_women.csv,ARREST_DISPOSAL,ARREST_DISPOSAL,year,1
07_02_Persons_arrested_by_sex_and_age_group_SLL_2012.csv,07_02_Persons_arrested_by_sex_and_age_group_SLL_2013.csv,ARREST_DISPOSAL,ARREST_DISPOSAL,"state, crime_head",2
07_02_Persons_arrested_by_sex_and_age_group_SLL_2012.csv,07_02_Persons_arrested_by_sex_and_age_group_SLL_2014.csv,ARREST_DISPOSAL,ARREST_DISPOSAL,"state, crime_head",2
07_02_Persons_arrested_by_sex_and_age_group_SLL_2012.csv,08_01_Juvenile_apprehended_state_IPC.csv,ARREST_DISPOSAL,JUVENILE,"state, crime_head",2
07_02_Persons_arrested_by_sex_and_age_group_SLL_2012.csv,08_02_Juvenile_apprehended_state_SLL.csv,ARREST_DISPOSAL,JUVENILE,"state, crime_head",2
07_02_Persons_arrested_by_sex_and_age_group_SLL_2012.csv,09_Juveniles_arrested_and_their_disposal.csv,ARREST_DISPOSAL,JUVENILE,,0
07_02_Persons_arrested_by_sex_and_age_group_SLL_2012.csv,10_Property_stolen_and_recovered.csv,ARREST_DISPOSAL,PROPERTY_CRIME,,0
07_02_Persons_arrested_by_sex_and_age_group_SLL_2012.csv,11_Property_stolen_and_recovered_nature_of_property.csv,ARREST_DISPOSAL,PROPERTY_CRIME,,0
07_02_Persons_arrested_by_sex_and_age_group_SLL_2012.csv,12_Police_strength_actual_and_sanctioned.csv,ARREST_DISPOSAL,POLICE_ADMINISTRATION,,0
07_02_Persons_arrested_by_sex_and_age_group_SLL_2012.csv,13_Police_killed_or_injured_on_duty.csv,ARREST_DISPOSAL,POLICE_ADMINISTRATION,,0
07_02_Persons_arrested_by_sex_and_age_group_SLL_2012.csv,14_Age_profile_of_police_personnel_killed_on_duty.csv,ARREST_DISPOSAL,POLICE_ADMINISTRATION,,0
07_02_Persons_arrested_by_sex_and_age_group_SLL_2012.csv,15_Police_natural_death_and_suicide.csv,ARREST_DISPOSAL,POLICE_ADMINISTRATION,,0
07_02_Persons_arrested_by_sex_and_age_group_SLL_2012.csv,16_Casualties_under_police_firing_and_lathi_charge.csv,ARREST_DISPOSAL,POLICE_ADMINISTRATION,,0
07_02_Persons_arrested_by_sex_and_age_group_SLL_2012.csv,17_Case_reported_and_value_of_property_taken_away_by_place_of_occurrence_2001_2012.csv,ARREST_DISPOSAL,PROPERTY_CRIME,state,1
07_02_Persons_arrested_by_sex_and_age_group_SLL_2012.csv,17_Case_reported_and_value_of_property_taken_away_by_place_of_occurrence_2013.csv,ARREST_DISPOSAL,PROPERTY_CRIME,state,1
07_02_Persons_arrested_by_sex_and_age_group_SLL_2012.csv,17_Crime_by_place_of_occurrence_2001_2012.csv,ARREST_DISPOSAL,CRIME_PLACE_OF_OCCURRENCE,state,1
07_02_Persons_arrested_by_sex_and_age_group_SLL_2012.csv,17_Crime_by_place_of_occurrence_2013.csv,ARREST_DISPOSAL,CRIME_PLACE_OF_OCCURRENCE,state,1
07_02_Persons_arrested_by_sex_and_age_group_SLL_2012.csv,17_Crime_by_place_of_occurrence_2014.csv,ARREST_DISPOSAL,CRIME_PLACE_OF_OCCURRENCE,state,1
07_02_Persons_arrested_by_sex_and_age_group_SLL_2012.csv,18_01_Juveniles_arrested_Education.csv,ARREST_DISPOSAL,JUVENILE,,0
07_02_Persons_arrested_by_sex_and_age_group_SLL_2012.csv,18_02_Juveniles_arrested_Economic_setup.csv,ARREST_DISPOSAL,JUVENILE,,0
07_02_Persons_arrested_by_sex_and_age_group_SLL_2012.csv,18_03_Juveniles_arrested_Family_background.csv,ARREST_DISPOSAL,JUVENILE,,0
07_02_Persons_arrested_by_sex_and_age_group_SLL_2012.csv,18_04_Juveniles_arrested_Recidivism.csv,ARREST_DISPOSAL,JUVENILE,,0
07_02_Persons_arrested_by_sex_and_age_group_SLL_2012.csv,19_Motive_or_cause_of_murder_and_culpable_homicide_not_amounting_to_murder.csv,ARREST_DISPOSAL,VICTIM_OFFENDER_CHARACTERISTICS,,0
07_02_Persons_arrested_by_sex_and_age_group_SLL_2012.csv,20_Victims_of_rape.csv,ARREST_DISPOSAL,VICTIM_OFFENDER_CHARACTERISTICS,,0
07_02_Persons_arrested_by_sex_and_age_group_SLL_2012.csv,21_Offenders_known_to_the_victim.csv,ARREST_DISPOSAL,VICTIM_OFFENDER_CHARACTERISTICS,,0
07_02_Persons_arrested_by_sex_and_age_group_SLL_2012.csv,22_Persons_arrested_under_recidivism.csv,ARREST_DISPOSAL,ARREST_DISPOSAL,,0
07_02_Persons_arrested_by_sex_and_age_group_SLL_2012.csv,23_Anti_corruprion_cases.csv,ARREST_DISPOSAL,ANTI_CORRUPTION,,0
07_02_Persons_arrested_by_sex_and_age_group_SLL_2012.csv,24_Anti_corruption_arrests.csv,ARREST_DISPOSAL,ANTI_CORRUPTION,,0
07_02_Persons_arrested_by_sex_and_age_group_SLL_2012.csv,25_Complaints_against_police.csv,ARREST_DISPOSAL,POLICE_ADMINISTRATION,,0
07_02_Persons_arrested_by_sex_and_age_group_SLL_2012.csv,27_Nature_of_complaints_received_by_police.csv,ARREST_DISPOSAL,POLICE_ADMINISTRATION,,0
07_02_Persons_arrested_by_sex_and_age_group_SLL_2012.csv,28_Trial_of_violent_crimes_by_courts.csv,ARREST_DISPOSAL,JUSTICE_COURT,,0
07_02_Persons_arrested_by_sex_and_age_group_SLL_2012.csv,29_Period_of_trials_by_courts.csv,ARREST_DISPOSAL,JUSTICE_COURT,,0
07_02_Persons_arrested_by_sex_and_age_group_SLL_2012.csv,30_Auto_theft.csv,ARREST_DISPOSAL,PROPERTY_CRIME,,0
07_02_Persons_arrested_by_sex_and_age_group_SLL_2012.csv,31_Serious_fraud.csv,ARREST_DISPOSAL,PROPERTY_CRIME,,0
07_02_Persons_arrested_by_sex_and_age_group_SLL_2012.csv,32_Murder_victim_age_sex.csv,ARREST_DISPOSAL,VICTIM_OFFENDER_CHARACTERISTICS,,0
07_02_Persons_arrested_by_sex_and_age_group_SLL_2012.csv,33_CH_not_murder_victim_age_sex.csv,ARREST_DISPOSAL,VICTIM_OFFENDER_CHARACTERISTICS,,0
07_02_Persons_arrested_by_sex_and_age_group_SLL_2012.csv,34_Use_of_fire_arms_in_murder_cases.csv,ARREST_DISPOSAL,VICTIM_OFFENDER_CHARACTERISTICS,,0
07_02_Persons_arrested_by_sex_and_age_group_SLL_2012.csv,35_Human_rights_violation_by_police.csv,ARREST_DISPOSAL,POLICE_ADMINISTRATION,,0
07_02_Persons_arrested_by_sex_and_age_group_SLL_2012.csv,36_Police_housing.csv,ARREST_DISPOSAL,POLICE_ADMINISTRATION,,0
07_02_Persons_arrested_by_sex_and_age_group_SLL_2012.csv,37_Home_guards_and_auxilliary_force.csv,ARREST_DISPOSAL,POLICE_ADMINISTRATION,,0
07_02_Persons_arrested_by_sex_and_age_group_SLL_2012.csv,38_Unidentified_dead_bodies_recovered_and_inquest_conducted.csv,ARREST_DISPOSAL,OTHER_SPECIALIZED,,0
07_02_Persons_arrested_by_sex_and_age_group_SLL_2012.csv,39_Specific_purpose_of_kidnapping_and_abduction.csv,ARREST_DISPOSAL,VICTIM_OFFENDER_CHARACTERISTICS,,0
07_02_Persons_arrested_by_sex_and_age_group_SLL_2012.csv,40_01_Custodial_death_person_remanded.csv,ARREST_DISPOSAL,JUSTICE_COURT,,0
07_02_Persons_arrested_by_sex_and_age_group_SLL_2012.csv,40_02_Custodial_death_person_not_remanded.csv,ARREST_DISPOSAL,JUSTICE_COURT,,0
07_02_Persons_arrested_by_sex_and_age_group_SLL_2012.csv,40_03_Custodial_death_during_production.csv,ARREST_DISPOSAL,JUSTICE_COURT,,0
07_02_Persons_arrested_by_sex_and_age_group_SLL_2012.csv,40_04_Custodial_death_during_hospitalization_or_treatment.csv,ARREST_DISPOSAL,JUSTICE_COURT,,0
07_02_Persons_arrested_by_sex_and_age_group_SLL_2012.csv,40_05_Custodial_death_others.csv,ARREST_DISPOSAL,JUSTICE_COURT,,0
07_02_Persons_arrested_by_sex_and_age_group_SLL_2012.csv,41_Escapes_from_police_custody.csv,ARREST_DISPOSAL,POLICE_ADMINISTRATION,,0
07_02_Persons_arrested_by_sex_and_age_group_SLL_2012.csv,42_Cases_under_crime_against_women.csv,ARREST_DISPOSAL,JUSTICE_COURT,,0
07_02_Persons_arrested_by_sex_and_age_group_SLL_2012.csv,42_District_wise_crimes_committed_against_women_2001_2012.csv,ARREST_DISPOSAL,DISTRICT_WISE_CRIME,state,1
07_02_Persons_arrested_by_sex_and_age_group_SLL_2012.csv,42_District_wise_crimes_committed_against_women_2013.csv,ARREST_DISPOSAL,DISTRICT_WISE_CRIME,state,1
07_02_Persons_arrested_by_sex_and_age_group_SLL_2012.csv,42_District_wise_crimes_committed_against_women_2014.csv,ARREST_DISPOSAL,DISTRICT_WISE_CRIME,state,1
07_02_Persons_arrested_by_sex_and_age_group_SLL_2012.csv,43_Arrests_under_crime_against_women.csv,ARREST_DISPOSAL,ARREST_DISPOSAL,,0
07_02_Persons_arrested_by_sex_and_age_group_SLL_2013.csv,07_02_Persons_arrested_by_sex_and_age_group_SLL_2014.csv,ARREST_DISPOSAL,ARREST_DISPOSAL,"state, crime_head",2
07_02_Persons_arrested_by_sex_and_age_group_SLL_2013.csv,08_01_Juvenile_apprehended_state_IPC.csv,ARREST_DISPOSAL,JUVENILE,"state, crime_head",2
07_02_Persons_arrested_by_sex_and_age_group_SLL_2013.csv,08_02_Juvenile_apprehended_state_SLL.csv,ARREST_DISPOSAL,JUVENILE,"state, crime_head",2
07_02_Persons_arrested_by_sex_and_age_group_SLL_2013.csv,09_Juveniles_arrested_and_their_disposal.csv,ARREST_DISPOSAL,JUVENILE,,0
07_02_Persons_arrested_by_sex_and_age_group_SLL_2013.csv,10_Property_stolen_and_recovered.csv,ARREST_DISPOSAL,PROPERTY_CRIME,,0
07_02_Persons_arrested_by_sex_and_age_group_SLL_2013.csv,11_Property_stolen_and_recovered_nature_of_property.csv,ARREST_DISPOSAL,PROPERTY_CRIME,,0
07_02_Persons_arrested_by_sex_and_age_group_SLL_2013.csv,12_Police_strength_actual_and_sanctioned.csv,ARREST_DISPOSAL,POLICE_ADMINISTRATION,,0
07_02_Persons_arrested_by_sex_and_age_group_SLL_2013.csv,13_Police_killed_or_injured_on_duty.csv,ARREST_DISPOSAL,POLICE_ADMINISTRATION,,0
07_02_Persons_arrested_by_sex_and_age_group_SLL_2013.csv,14_Age_profile_of_police_personnel_killed_on_duty.csv,ARREST_DISPOSAL,POLICE_ADMINISTRATION,,0
07_02_Persons_arrested_by_sex_and_age_group_SLL_2013.csv,15_Police_natural_death_and_suicide.csv,ARREST_DISPOSAL,POLICE_ADMINISTRATION,,0
07_02_Persons_arrested_by_sex_and_age_group_SLL_2013.csv,16_Casualties_under_police_firing_and_lathi_charge.csv,ARREST_DISPOSAL,POLICE_ADMINISTRATION,,0
07_02_Persons_arrested_by_sex_and_age_group_SLL_2013.csv,17_Case_reported_and_value_of_property_taken_away_by_place_of_occurrence_2001_2012.csv,ARREST_DISPOSAL,PROPERTY_CRIME,state,1
07_02_Persons_arrested_by_sex_and_age_group_SLL_2013.csv,17_Case_reported_and_value_of_property_taken_away_by_place_of_occurrence_2013.csv,ARREST_DISPOSAL,PROPERTY_CRIME,state,1
07_02_Persons_arrested_by_sex_and_age_group_SLL_2013.csv,17_Crime_by_place_of_occurrence_2001_2012.csv,ARREST_DISPOSAL,CRIME_PLACE_OF_OCCURRENCE,state,1
07_02_Persons_arrested_by_sex_and_age_group_SLL_2013.csv,17_Crime_by_place_of_occurrence_2013.csv,ARREST_DISPOSAL,CRIME_PLACE_OF_OCCURRENCE,state,1
07_02_Persons_arrested_by_sex_and_age_group_SLL_2013.csv,17_Crime_by_place_of_occurrence_2014.csv,ARREST_DISPOSAL,CRIME_PLACE_OF_OCCURRENCE,state,1
07_02_Persons_arrested_by_sex_and_age_group_SLL_2013.csv,18_01_Juveniles_arrested_Education.csv,ARREST_DISPOSAL,JUVENILE,,0
07_02_Persons_arrested_by_sex_and_age_group_SLL_2013.csv,18_02_Juveniles_arrested_Economic_setup.csv,ARREST_DISPOSAL,JUVENILE,,0
07_02_Persons_arrested_by_sex_and_age_group_SLL_2013.csv,18_03_Juveniles_arrested_Family_background.csv,ARREST_DISPOSAL,JUVENILE,,0
07_02_Persons_arrested_by_sex_and_age_group_SLL_2013.csv,18_04_Juveniles_arrested_Recidivism.csv,ARREST_DISPOSAL,JUVENILE,,0
07_02_Persons_arrested_by_sex_and_age_group_SLL_2013.csv,19_Motive_or_cause_of_murder_and_culpable_homicide_not_amounting_to_murder.csv,ARREST_DISPOSAL,VICTIM_OFFENDER_CHARACTERISTICS,,0
07_02_Persons_arrested_by_sex_and_age_group_SLL_2013.csv,20_Victims_of_rape.csv,ARREST_DISPOSAL,VICTIM_OFFENDER_CHARACTERISTICS,,0
07_02_Persons_arrested_by_sex_and_age_group_SLL_2013.csv,21_Offenders_known_to_the_victim.csv,ARREST_DISPOSAL,VICTIM_OFFENDER_CHARACTERISTICS,,0
07_02_Persons_arrested_by_sex_and_age_group_SLL_2013.csv,22_Persons_arrested_under_recidivism.csv,ARREST_DISPOSAL,ARREST_DISPOSAL,,0
07_02_Persons_arrested_by_sex_and_age_group_SLL_2013.csv,23_Anti_corruprion_cases.csv,ARREST_DISPOSAL,ANTI_CORRUPTION,,0
07_02_Persons_arrested_by_sex_and_age_group_SLL_2013.csv,24_Anti_corruption_arrests.csv,ARREST_DISPOSAL,ANTI_CORRUPTION,,0
07_02_Persons_arrested_by_sex_and_age_group_SLL_2013.csv,25_Complaints_against_police.csv,ARREST_DISPOSAL,POLICE_ADMINISTRATION,,0
07_02_Persons_arrested_by_sex_and_age_group_SLL_2013.csv,27_Nature_of_complaints_received_by_police.csv,ARREST_DISPOSAL,POLICE_ADMINISTRATION,,0
07_02_Persons_arrested_by_sex_and_age_group_SLL_2013.csv,28_Trial_of_violent_crimes_by_courts.csv,ARREST_DISPOSAL,JUSTICE_COURT,,0
07_02_Persons_arrested_by_sex_and_age_group_SLL_2013.csv,29_Period_of_trials_by_courts.csv,ARREST_DISPOSAL,JUSTICE_COURT,,0
07_02_Persons_arrested_by_sex_and_age_group_SLL_2013.csv,30_Auto_theft.csv,ARREST_DISPOSAL,PROPERTY_CRIME,,0
07_02_Persons_arrested_by_sex_and_age_group_SLL_2013.csv,31_Serious_fraud.csv,ARREST_DISPOSAL,PROPERTY_CRIME,,0
07_02_Persons_arrested_by_sex_and_age_group_SLL_2013.csv,32_Murder_victim_age_sex.csv,ARREST_DISPOSAL,VICTIM_OFFENDER_CHARACTERISTICS,,0
07_02_Persons_arrested_by_sex_and_age_group_SLL_2013.csv,33_CH_not_murder_victim_age_sex.csv,ARREST_DISPOSAL,VICTIM_OFFENDER_CHARACTERISTICS,,0
07_02_Persons_arrested_by_sex_and_age_group_SLL_2013.csv,34_Use_of_fire_arms_in_murder_cases.csv,ARREST_DISPOSAL,VICTIM_OFFENDER_CHARACTERISTICS,,0
07_02_Persons_arrested_by_sex_and_age_group_SLL_2013.csv,35_Human_rights_violation_by_police.csv,ARREST_DISPOSAL,POLICE_ADMINISTRATION,,0
07_02_Persons_arrested_by_sex_and_age_group_SLL_2013.csv,36_Police_housing.csv,ARREST_DISPOSAL,POLICE_ADMINISTRATION,,0
07_02_Persons_arrested_by_sex_and_age_group_SLL_2013.csv,37_Home_guards_and_auxilliary_force.csv,ARREST_DISPOSAL,POLICE_ADMINISTRATION,,0
07_02_Persons_arrested_by_sex_and_age_group_SLL_2013.csv,38_Unidentified_dead_bodies_recovered_and_inquest_conducted.csv,ARREST_DISPOSAL,OTHER_SPECIALIZED,,0
07_02_Persons_arrested_by_sex_and_age_group_SLL_2013.csv,39_Specific_purpose_of_kidnapping_and_abduction.csv,ARREST_DISPOSAL,VICTIM_OFFENDER_CHARACTERISTICS,,0
07_02_Persons_arrested_by_sex_and_age_group_SLL_2013.csv,40_01_Custodial_death_person_remanded.csv,ARREST_DISPOSAL,JUSTICE_COURT,,0
07_02_Persons_arrested_by_sex_and_age_group_SLL_2013.csv,40_02_Custodial_death_person_not_remanded.csv,ARREST_DISPOSAL,JUSTICE_COURT,,0
07_02_Persons_arrested_by_sex_and_age_group_SLL_2013.csv,40_03_Custodial_death_during_production.csv,ARREST_DISPOSAL,JUSTICE_COURT,,0
07_02_Persons_arrested_by_sex_and_age_group_SLL_2013.csv,40_04_Custodial_death_during_hospitalization_or_treatment.csv,ARREST_DISPOSAL,JUSTICE_COURT,,0
07_02_Persons_arrested_by_sex_and_age_group_SLL_2013.csv,40_05_Custodial_death_others.csv,ARREST_DISPOSAL,JUSTICE_COURT,,0
07_02_Persons_arrested_by_sex_and_age_group_SLL_2013.csv,41_Escapes_from_police_custody.csv,ARREST_DISPOSAL,POLICE_ADMINISTRATION,,0
07_02_Persons_arrested_by_sex_and_age_group_SLL_2013.csv,42_Cases_under_crime_against_women.csv,ARREST_DISPOSAL,JUSTICE_COURT,,0
07_02_Persons_arrested_by_sex_and_age_group_SLL_2013.csv,42_District_wise_crimes_committed_against_women_2001_2012.csv,ARREST_DISPOSAL,DISTRICT_WISE_CRIME,state,1
07_02_Persons_arrested_by_sex_and_age_group_SLL_2013.csv,42_District_wise_crimes_committed_against_women_2013.csv,ARREST_DISPOSAL,DISTRICT_WISE_CRIME,state,1
07_02_Persons_arrested_by_sex_and_age_group_SLL_2013.csv,42_District_wise_crimes_committed_against_women_2014.csv,ARREST_DISPOSAL,DISTRICT_WISE_CRIME,state,1
07_02_Persons_arrested_by_sex_and_age_group_SLL_2013.csv,43_Arrests_under_crime_against_women.csv,ARREST_DISPOSAL,ARREST_DISPOSAL,,0
07_02_Persons_arrested_by_sex_and_age_group_SLL_2014.csv,08_01_Juvenile_apprehended_state_IPC.csv,ARREST_DISPOSAL,JUVENILE,"year, state, crime_head",3
07_02_Persons_arrested_by_sex_and_age_group_SLL_2014.csv,08_02_Juvenile_apprehended_state_SLL.csv,ARREST_DISPOSAL,JUVENILE,"year, state, crime_head",3
07_02_Persons_arrested_by_sex_and_age_group_SLL_2014.csv,09_Juveniles_arrested_and_their_disposal.csv,ARREST_DISPOSAL,JUVENILE,year,1
07_02_Persons_arrested_by_sex_and_age_group_SLL_2014.csv,10_Property_stolen_and_recovered.csv,ARREST_DISPOSAL,PROPERTY_CRIME,year,1
07_02_Persons_arrested_by_sex_and_age_group_SLL_2014.csv,11_Property_stolen_and_recovered_nature_of_property.csv,ARREST_DISPOSAL,PROPERTY_CRIME,year,1
07_02_Persons_arrested_by_sex_and_age_group_SLL_2014.csv,12_Police_strength_actual_and_sanctioned.csv,ARREST_DISPOSAL,POLICE_ADMINISTRATION,year,1
07_02_Persons_arrested_by_sex_and_age_group_SLL_2014.csv,13_Police_killed_or_injured_on_duty.csv,ARREST_DISPOSAL,POLICE_ADMINISTRATION,year,1
07_02_Persons_arrested_by_sex_and_age_group_SLL_2014.csv,14_Age_profile_of_police_personnel_killed_on_duty.csv,ARREST_DISPOSAL,POLICE_ADMINISTRATION,year,1
07_02_Persons_arrested_by_sex_and_age_group_SLL_2014.csv,15_Police_natural_death_and_suicide.csv,ARREST_DISPOSAL,POLICE_ADMINISTRATION,year,1
07_02_Persons_arrested_by_sex_and_age_group_SLL_2014.csv,16_Casualties_under_police_firing_and_lathi_charge.csv,ARREST_DISPOSAL,POLICE_ADMINISTRATION,year,1
07_02_Persons_arrested_by_sex_and_age_group_SLL_2014.csv,17_Case_reported_and_value_of_property_taken_away_by_place_of_occurrence_2001_2012.csv,ARREST_DISPOSAL,PROPERTY_CRIME,"year, state",2
07_02_Persons_arrested_by_sex_and_age_group_SLL_2014.csv,17_Case_reported_and_value_of_property_taken_away_by_place_of_occurrence_2013.csv,ARREST_DISPOSAL,PROPERTY_CRIME,"year, state",2
07_02_Persons_arrested_by_sex_and_age_group_SLL_2014.csv,17_Crime_by_place_of_occurrence_2001_2012.csv,ARREST_DISPOSAL,CRIME_PLACE_OF_OCCURRENCE,"year, state",2
07_02_Persons_arrested_by_sex_and_age_group_SLL_2014.csv,17_Crime_by_place_of_occurrence_2013.csv,ARREST_DISPOSAL,CRIME_PLACE_OF_OCCURRENCE,"year, state",2
07_02_Persons_arrested_by_sex_and_age_group_SLL_2014.csv,17_Crime_by_place_of_occurrence_2014.csv,ARREST_DISPOSAL,CRIME_PLACE_OF_OCCURRENCE,"year, state",2
07_02_Persons_arrested_by_sex_and_age_group_SLL_2014.csv,18_01_Juveniles_arrested_Education.csv,ARREST_DISPOSAL,JUVENILE,year,1
07_02_Persons_arrested_by_sex_and_age_group_SLL_2014.csv,18_02_Juveniles_arrested_Economic_setup.csv,ARREST_DISPOSAL,JUVENILE,year,1
07_02_Persons_arrested_by_sex_and_age_group_SLL_2014.csv,18_03_Juveniles_arrested_Family_background.csv,ARREST_DISPOSAL,JUVENILE,year,1
07_02_Persons_arrested_by_sex_and_age_group_SLL_2014.csv,18_04_Juveniles_arrested_Recidivism.csv,ARREST_DISPOSAL,JUVENILE,year,1
07_02_Persons_arrested_by_sex_and_age_group_SLL_2014.csv,19_Motive_or_cause_of_murder_and_culpable_homicide_not_amounting_to_murder.csv,ARREST_DISPOSAL,VICTIM_OFFENDER_CHARACTERISTICS,year,1
07_02_Persons_arrested_by_sex_and_age_group_SLL_2014.csv,20_Victims_of_rape.csv,ARREST_DISPOSAL,VICTIM_OFFENDER_CHARACTERISTICS,year,1
07_02_Persons_arrested_by_sex_and_age_group_SLL_2014.csv,21_Offenders_known_to_the_victim.csv,ARREST_DISPOSAL,VICTIM_OFFENDER_CHARACTERISTICS,year,1
07_02_Persons_arrested_by_sex_and_age_group_SLL_2014.csv,22_Persons_arrested_under_recidivism.csv,ARREST_DISPOSAL,ARREST_DISPOSAL,year,1
07_02_Persons_arrested_by_sex_and_age_group_SLL_2014.csv,23_Anti_corruprion_cases.csv,ARREST_DISPOSAL,ANTI_CORRUPTION,year,1
07_02_Persons_arrested_by_sex_and_age_group_SLL_2014.csv,24_Anti_corruption_arrests.csv,ARREST_DISPOSAL,ANTI_CORRUPTION,year,1
07_02_Persons_arrested_by_sex_and_age_group_SLL_2014.csv,25_Complaints_against_police.csv,ARREST_DISPOSAL,POLICE_ADMINISTRATION,year,1
07_02_Persons_arrested_by_sex_and_age_group_SLL_2014.csv,27_Nature_of_complaints_received_by_police.csv,ARREST_DISPOSAL,POLICE_ADMINISTRATION,year,1
07_02_Persons_arrested_by_sex_and_age_group_SLL_2014.csv,28_Trial_of_violent_crimes_by_courts.csv,ARREST_DISPOSAL,JUSTICE_COURT,year,1
07_02_Persons_arrested_by_sex_and_age_group_SLL_2014.csv,29_Period_of_trials_by_courts.csv,ARREST_DISPOSAL,JUSTICE_COURT,year,1
07_02_Persons_arrested_by_sex_and_age_group_SLL_2014.csv,30_Auto_theft.csv,ARREST_DISPOSAL,PROPERTY_CRIME,year,1
07_02_Persons_arrested_by_sex_and_age_group_SLL_2014.csv,31_Serious_fraud.csv,ARREST_DISPOSAL,PROPERTY_CRIME,year,1
07_02_Persons_arrested_by_sex_and_age_group_SLL_2014.csv,32_Murder_victim_age_sex.csv,ARREST_DISPOSAL,VICTIM_OFFENDER_CHARACTERISTICS,year,1
07_02_Persons_arrested_by_sex_and_age_group_SLL_2014.csv,33_CH_not_murder_victim_age_sex.csv,ARREST_DISPOSAL,VICTIM_OFFENDER_CHARACTERISTICS,year,1
07_02_Persons_arrested_by_sex_and_age_group_SLL_2014.csv,34_Use_of_fire_arms_in_murder_cases.csv,ARREST_DISPOSAL,VICTIM_OFFENDER_CHARACTERISTICS,year,1
07_02_Persons_arrested_by_sex_and_age_group_SLL_2014.csv,35_Human_rights_violation_by_police.csv,ARREST_DISPOSAL,POLICE_ADMINISTRATION,year,1
07_02_Persons_arrested_by_sex_and_age_group_SLL_2014.csv,36_Police_housing.csv,ARREST_DISPOSAL,POLICE_ADMINISTRATION,year,1
07_02_Persons_arrested_by_sex_and_age_group_SLL_2014.csv,37_Home_guards_and_auxilliary_force.csv,ARREST_DISPOSAL,POLICE_ADMINISTRATION,year,1
07_02_Persons_arrested_by_sex_and_age_group_SLL_2014.csv,38_Unidentified_dead_bodies_recovered_and_inquest_conducted.csv,ARREST_DISPOSAL,OTHER_SPECIALIZED,year,1
07_02_Persons_arrested_by_sex_and_age_group_SLL_2014.csv,39_Specific_purpose_of_kidnapping_and_abduction.csv,ARREST_DISPOSAL,VICTIM_OFFENDER_CHARACTERISTICS,year,1
07_02_Persons_arrested_by_sex_and_age_group_SLL_2014.csv,40_01_Custodial_death_person_remanded.csv,ARREST_DISPOSAL,JUSTICE_COURT,year,1
07_02_Persons_arrested_by_sex_and_age_group_SLL_2014.csv,40_02_Custodial_death_person_not_remanded.csv,ARREST_DISPOSAL,JUSTICE_COURT,year,1
07_02_Persons_arrested_by_sex_and_age_group_SLL_2014.csv,40_03_Custodial_death_during_production.csv,ARREST_DISPOSAL,JUSTICE_COURT,year,1
07_02_Persons_arrested_by_sex_and_age_group_SLL_2014.csv,40_04_Custodial_death_during_hospitalization_or_treatment.csv,ARREST_DISPOSAL,JUSTICE_COURT,year,1
07_02_Persons_arrested_by_sex_and_age_group_SLL_2014.csv,40_05_Custodial_death_others.csv,ARREST_DISPOSAL,JUSTICE_COURT,year,1
07_02_Persons_arrested_by_sex_and_age_group_SLL_2014.csv,41_Escapes_from_police_custody.csv,ARREST_DISPOSAL,POLICE_ADMINISTRATION,year,1
07_02_Persons_arrested_by_sex_and_age_group_SLL_2014.csv,42_Cases_under_crime_against_women.csv,ARREST_DISPOSAL,JUSTICE_COURT,year,1
07_02_Persons_arrested_by_sex_and_age_group_SLL_2014.csv,42_District_wise_crimes_committed_against_women_2001_2012.csv,ARREST_DISPOSAL,DISTRICT_WISE_CRIME,"year, state",2
07_02_Persons_arrested_by_sex_and_age_group_SLL_2014.csv,42_District_wise_crimes_committed_against_women_2013.csv,ARREST_DISPOSAL,DISTRICT_WISE_CRIME,"year, state",2
07_02_Persons_arrested_by_sex_and_age_group_SLL_2014.csv,42_District_wise_crimes_committed_against_women_2014.csv,ARREST_DISPOSAL,DISTRICT_WISE_CRIME,"year, state",2
07_02_Persons_arrested_by_sex_and_age_group_SLL_2014.csv,43_Arrests_under_crime_against_women.csv,ARREST_DISPOSAL,ARREST_DISPOSAL,year,1
08_01_Juvenile_apprehended_state_IPC.csv,08_02_Juvenile_apprehended_state_SLL.csv,JUVENILE,JUVENILE,"year, state, crime_head",3
08_01_Juvenile_apprehended_state_IPC.csv,09_Juveniles_arrested_and_their_disposal.csv,JUVENILE,JUVENILE,year,1
08_01_Juvenile_apprehended_state_IPC.csv,10_Property_stolen_and_recovered.csv,JUVENILE,PROPERTY_CRIME,year,1
08_01_Juvenile_apprehended_state_IPC.csv,11_Property_stolen_and_recovered_nature_of_property.csv,JUVENILE,PROPERTY_CRIME,year,1
08_01_Juvenile_apprehended_state_IPC.csv,12_Police_strength_actual_and_sanctioned.csv,JUVENILE,POLICE_ADMINISTRATION,year,1
08_01_Juvenile_apprehended_state_IPC.csv,13_Police_killed_or_injured_on_duty.csv,JUVENILE,POLICE_ADMINISTRATION,year,1
08_01_Juvenile_apprehended_state_IPC.csv,14_Age_profile_of_police_personnel_killed_on_duty.csv,JUVENILE,POLICE_ADMINISTRATION,year,1
08_01_Juvenile_apprehended_state_IPC.csv,15_Police_natural_death_and_suicide.csv,JUVENILE,POLICE_ADMINISTRATION,year,1
08_01_Juvenile_apprehended_state_IPC.csv,16_Casualties_under_police_firing_and_lathi_charge.csv,JUVENILE,POLICE_ADMINISTRATION,year,1
08_01_Juvenile_apprehended_state_IPC.csv,17_Case_reported_and_value_of_property_taken_away_by_place_of_occurrence_2001_2012.csv,JUVENILE,PROPERTY_CRIME,"year, state",2
08_01_Juvenile_apprehended_state_IPC.csv,17_Case_reported_and_value_of_property_taken_away_by_place_of_occurrence_2013.csv,JUVENILE,PROPERTY_CRIME,"year, state",2
08_01_Juvenile_apprehended_state_IPC.csv,17_Crime_by_place_of_occurrence_2001_2012.csv,JUVENILE,CRIME_PLACE_OF_OCCURRENCE,"year, state",2
08_01_Juvenile_apprehended_state_IPC.csv,17_Crime_by_place_of_occurrence_2013.csv,JUVENILE,CRIME_PLACE_OF_OCCURRENCE,"year, state",2
08_01_Juvenile_apprehended_state_IPC.csv,17_Crime_by_place_of_occurrence_2014.csv,JUVENILE,CRIME_PLACE_OF_OCCURRENCE,"year, state",2
08_01_Juvenile_apprehended_state_IPC.csv,18_01_Juveniles_arrested_Education.csv,JUVENILE,JUVENILE,year,1
08_01_Juvenile_apprehended_state_IPC.csv,18_02_Juveniles_arrested_Economic_setup.csv,JUVENILE,JUVENILE,year,1
08_01_Juvenile_apprehended_state_IPC.csv,18_03_Juveniles_arrested_Family_background.csv,JUVENILE,JUVENILE,year,1
08_01_Juvenile_apprehended_state_IPC.csv,18_04_Juveniles_arrested_Recidivism.csv,JUVENILE,JUVENILE,year,1
08_01_Juvenile_apprehended_state_IPC.csv,19_Motive_or_cause_of_murder_and_culpable_homicide_not_amounting_to_murder.csv,JUVENILE,VICTIM_OFFENDER_CHARACTERISTICS,year,1
08_01_Juvenile_apprehended_state_IPC.csv,20_Victims_of_rape.csv,JUVENILE,VICTIM_OFFENDER_CHARACTERISTICS,year,1
08_01_Juvenile_apprehended_state_IPC.csv,21_Offenders_known_to_the_victim.csv,JUVENILE,VICTIM_OFFENDER_CHARACTERISTICS,year,1
08_01_Juvenile_apprehended_state_IPC.csv,22_Persons_arrested_under_recidivism.csv,JUVENILE,ARREST_DISPOSAL,year,1
08_01_Juvenile_apprehended_state_IPC.csv,23_Anti_corruprion_cases.csv,JUVENILE,ANTI_CORRUPTION,year,1
08_01_Juvenile_apprehended_state_IPC.csv,24_Anti_corruption_arrests.csv,JUVENILE,ANTI_CORRUPTION,year,1
08_01_Juvenile_apprehended_state_IPC.csv,25_Complaints_against_police.csv,JUVENILE,POLICE_ADMINISTRATION,year,1
08_01_Juvenile_apprehended_state_IPC.csv,27_Nature_of_complaints_received_by_police.csv,JUVENILE,POLICE_ADMINISTRATION,year,1
08_01_Juvenile_apprehended_state_IPC.csv,28_Trial_of_violent_crimes_by_courts.csv,JUVENILE,JUSTICE_COURT,year,1
08_01_Juvenile_apprehended_state_IPC.csv,29_Period_of_trials_by_courts.csv,JUVENILE,JUSTICE_COURT,year,1
08_01_Juvenile_apprehended_state_IPC.csv,30_Auto_theft.csv,JUVENILE,PROPERTY_CRIME,year,1
08_01_Juvenile_apprehended_state_IPC.csv,31_Serious_fraud.csv,JUVENILE,PROPERTY_CRIME,year,1
08_01_Juvenile_apprehended_state_IPC.csv,32_Murder_victim_age_sex.csv,JUVENILE,VICTIM_OFFENDER_CHARACTERISTICS,year,1
08_01_Juvenile_apprehended_state_IPC.csv,33_CH_not_murder_victim_age_sex.csv,JUVENILE,VICTIM_OFFENDER_CHARACTERISTICS,year,1
08_01_Juvenile_apprehended_state_IPC.csv,34_Use_of_fire_arms_in_murder_cases.csv,JUVENILE,VICTIM_OFFENDER_CHARACTERISTICS,year,1
08_01_Juvenile_apprehended_state_IPC.csv,35_Human_rights_violation_by_police.csv,JUVENILE,POLICE_ADMINISTRATION,year,1
08_01_Juvenile_apprehended_state_IPC.csv,36_Police_housing.csv,JUVENILE,POLICE_ADMINISTRATION,year,1
08_01_Juvenile_apprehended_state_IPC.csv,37_Home_guards_and_auxilliary_force.csv,JUVENILE,POLICE_ADMINISTRATION,year,1
08_01_Juvenile_apprehended_state_IPC.csv,38_Unidentified_dead_bodies_recovered_and_inquest_conducted.csv,JUVENILE,OTHER_SPECIALIZED,year,1
08_01_Juvenile_apprehended_state_IPC.csv,39_Specific_purpose_of_kidnapping_and_abduction.csv,JUVENILE,VICTIM_OFFENDER_CHARACTERISTICS,year,1
08_01_Juvenile_apprehended_state_IPC.csv,40_01_Custodial_death_person_remanded.csv,JUVENILE,JUSTICE_COURT,year,1
08_01_Juvenile_apprehended_state_IPC.csv,40_02_Custodial_death_person_not_remanded.csv,JUVENILE,JUSTICE_COURT,year,1
08_01_Juvenile_apprehended_state_IPC.csv,40_03_Custodial_death_during_production.csv,JUVENILE,JUSTICE_COURT,year,1
08_01_Juvenile_apprehended_state_IPC.csv,40_04_Custodial_death_during_hospitalization_or_treatment.csv,JUVENILE,JUSTICE_COURT,year,1
08_01_Juvenile_apprehended_state_IPC.csv,40_05_Custodial_death_others.csv,JUVENILE,JUSTICE_COURT,year,1
08_01_Juvenile_apprehended_state_IPC.csv,41_Escapes_from_police_custody.csv,JUVENILE,POLICE_ADMINISTRATION,year,1
08_01_Juvenile_apprehended_state_IPC.csv,42_Cases_under_crime_against_women.csv,JUVENILE,JUSTICE_COURT,year,1
08_01_Juvenile_apprehended_state_IPC.csv,42_District_wise_crimes_committed_against_women_2001_2012.csv,JUVENILE,DISTRICT_WISE_CRIME,"year, state",2
08_01_Juvenile_apprehended_state_IPC.csv,42_District_wise_crimes_committed_against_women_2013.csv,JUVENILE,DISTRICT_WISE_CRIME,"year, state",2
08_01_Juvenile_apprehended_state_IPC.csv,42_District_wise_crimes_committed_against_women_2014.csv,JUVENILE,DISTRICT_WISE_CRIME,"year, state",2
08_01_Juvenile_apprehended_state_IPC.csv,43_Arrests_under_crime_against_women.csv,JUVENILE,ARREST_DISPOSAL,year,1
08_02_Juvenile_apprehended_state_SLL.csv,09_Juveniles_arrested_and_their_disposal.csv,JUVENILE,JUVENILE,year,1
08_02_Juvenile_apprehended_state_SLL.csv,10_Property_stolen_and_recovered.csv,JUVENILE,PROPERTY_CRIME,year,1
08_02_Juvenile_apprehended_state_SLL.csv,11_Property_stolen_and_recovered_nature_of_property.csv,JUVENILE,PROPERTY_CRIME,year,1
08_02_Juvenile_apprehended_state_SLL.csv,12_Police_strength_actual_and_sanctioned.csv,JUVENILE,POLICE_ADMINISTRATION,year,1
08_02_Juvenile_apprehended_state_SLL.csv,13_Police_killed_or_injured_on_duty.csv,JUVENILE,POLICE_ADMINISTRATION,year,1
08_02_Juvenile_apprehended_state_SLL.csv,14_Age_profile_of_police_personnel_killed_on_duty.csv,JUVENILE,POLICE_ADMINISTRATION,year,1
08_02_Juvenile_apprehended_state_SLL.csv,15_Police_natural_death_and_suicide.csv,JUVENILE,POLICE_ADMINISTRATION,year,1
08_02_Juvenile_apprehended_state_SLL.csv,16_Casualties_under_police_firing_and_lathi_charge.csv,JUVENILE,POLICE_ADMINISTRATION,year,1
08_02_Juvenile_apprehended_state_SLL.csv,17_Case_reported_and_value_of_property_taken_away_by_place_of_occurrence_2001_2012.csv,JUVENILE,PROPERTY_CRIME,"year, state",2
08_02_Juvenile_apprehended_state_SLL.csv,17_Case_reported_and_value_of_property_taken_away_by_place_of_occurrence_2013.csv,JUVENILE,PROPERTY_CRIME,"year, state",2
08_02_Juvenile_apprehended_state_SLL.csv,17_Crime_by_place_of_occurrence_2001_2012.csv,JUVENILE,CRIME_PLACE_OF_OCCURRENCE,"year, state",2
08_02_Juvenile_apprehended_state_SLL.csv,17_Crime_by_place_of_occurrence_2013.csv,JUVENILE,CRIME_PLACE_OF_OCCURRENCE,"year, state",2
08_02_Juvenile_apprehended_state_SLL.csv,17_Crime_by_place_of_occurrence_2014.csv,JUVENILE,CRIME_PLACE_OF_OCCURRENCE,"year, state",2
08_02_Juvenile_apprehended_state_SLL.csv,18_01_Juveniles_arrested_Education.csv,JUVENILE,JUVENILE,year,1
08_02_Juvenile_apprehended_state_SLL.csv,18_02_Juveniles_arrested_Economic_setup.csv,JUVENILE,JUVENILE,year,1
08_02_Juvenile_apprehended_state_SLL.csv,18_03_Juveniles_arrested_Family_background.csv,JUVENILE,JUVENILE,year,1
08_02_Juvenile_apprehended_state_SLL.csv,18_04_Juveniles_arrested_Recidivism.csv,JUVENILE,JUVENILE,year,1
08_02_Juvenile_apprehended_state_SLL.csv,19_Motive_or_cause_of_murder_and_culpable_homicide_not_amounting_to_murder.csv,JUVENILE,VICTIM_OFFENDER_CHARACTERISTICS,year,1
08_02_Juvenile_apprehended_state_SLL.csv,20_Victims_of_rape.csv,JUVENILE,VICTIM_OFFENDER_CHARACTERISTICS,year,1
08_02_Juvenile_apprehended_state_SLL.csv,21_Offenders_known_to_the_victim.csv,JUVENILE,VICTIM_OFFENDER_CHARACTERISTICS,year,1
08_02_Juvenile_apprehended_state_SLL.csv,22_Persons_arrested_under_recidivism.csv,JUVENILE,ARREST_DISPOSAL,year,1
08_02_Juvenile_apprehended_state_SLL.csv,23_Anti_corruprion_cases.csv,JUVENILE,ANTI_CORRUPTION,year,1
08_02_Juvenile_apprehended_state_SLL.csv,24_Anti_corruption_arrests.csv,JUVENILE,ANTI_CORRUPTION,year,1
08_02_Juvenile_apprehended_state_SLL.csv,25_Complaints_against_police.csv,JUVENILE,POLICE_ADMINISTRATION,year,1
08_02_Juvenile_apprehended_state_SLL.csv,27_Nature_of_complaints_received_by_police.csv,JUVENILE,POLICE_ADMINISTRATION,year,1
08_02_Juvenile_apprehended_state_SLL.csv,28_Trial_of_violent_crimes_by_courts.csv,JUVENILE,JUSTICE_COURT,year,1
08_02_Juvenile_apprehended_state_SLL.csv,29_Period_of_trials_by_courts.csv,JUVENILE,JUSTICE_COURT,year,1
08_02_Juvenile_apprehended_state_SLL.csv,30_Auto_theft.csv,JUVENILE,PROPERTY_CRIME,year,1
08_02_Juvenile_apprehended_state_SLL.csv,31_Serious_fraud.csv,JUVENILE,PROPERTY_CRIME,year,1
08_02_Juvenile_apprehended_state_SLL.csv,32_Murder_victim_age_sex.csv,JUVENILE,VICTIM_OFFENDER_CHARACTERISTICS,year,1
08_02_Juvenile_apprehended_state_SLL.csv,33_CH_not_murder_victim_age_sex.csv,JUVENILE,VICTIM_OFFENDER_CHARACTERISTICS,year,1
08_02_Juvenile_apprehended_state_SLL.csv,34_Use_of_fire_arms_in_murder_cases.csv,JUVENILE,VICTIM_OFFENDER_CHARACTERISTICS,year,1
08_02_Juvenile_apprehended_state_SLL.csv,35_Human_rights_violation_by_police.csv,JUVENILE,POLICE_ADMINISTRATION,year,1
08_02_Juvenile_apprehended_state_SLL.csv,36_Police_housing.csv,JUVENILE,POLICE_ADMINISTRATION,year,1
08_02_Juvenile_apprehended_state_SLL.csv,37_Home_guards_and_auxilliary_force.csv,JUVENILE,POLICE_ADMINISTRATION,year,1
08_02_Juvenile_apprehended_state_SLL.csv,38_Unidentified_dead_bodies_recovered_and_inquest_conducted.csv,JUVENILE,OTHER_SPECIALIZED,year,1
08_02_Juvenile_apprehended_state_SLL.csv,39_Specific_purpose_of_kidnapping_and_abduction.csv,JUVENILE,VICTIM_OFFENDER_CHARACTERISTICS,year,1
08_02_Juvenile_apprehended_state_SLL.csv,40_01_Custodial_death_person_remanded.csv,JUVENILE,JUSTICE_COURT,year,1
08_02_Juvenile_apprehended_state_SLL.csv,40_02_Custodial_death_person_not_remanded.csv,JUVENILE,JUSTICE_COURT,year,1
08_02_Juvenile_apprehended_state_SLL.csv,40_03_Custodial_death_during_production.csv,JUVENILE,JUSTICE_COURT,year,1
08_02_Juvenile_apprehended_state_SLL.csv,40_04_Custodial_death_during_hospitalization_or_treatment.csv,JUVENILE,JUSTICE_COURT,year,1
08_02_Juvenile_apprehended_state_SLL.csv,40_05_Custodial_death_others.csv,JUVENILE,JUSTICE_COURT,year,1
08_02_Juvenile_apprehended_state_SLL.csv,41_Escapes_from_police_custody.csv,JUVENILE,POLICE_ADMINISTRATION,year,1
08_02_Juvenile_apprehended_state_SLL.csv,42_Cases_under_crime_against_women.csv,JUVENILE,JUSTICE_COURT,year,1
08_02_Juvenile_apprehended_state_SLL.csv,42_District_wise_crimes_committed_against_women_2001_2012.csv,JUVENILE,DISTRICT_WISE_CRIME,"year, state",2
08_02_Juvenile_apprehended_state_SLL.csv,42_District_wise_crimes_committed_against_women_2013.csv,JUVENILE,DISTRICT_WISE_CRIME,"year, state",2
08_02_Juvenile_apprehended_state_SLL.csv,42_District_wise_crimes_committed_against_women_2014.csv,JUVENILE,DISTRICT_WISE_CRIME,"year, state",2
08_02_Juvenile_apprehended_state_SLL.csv,43_Arrests_under_crime_against_women.csv,JUVENILE,ARREST_DISPOSAL,year,1
09_Juveniles_arrested_and_their_disposal.csv,10_Property_stolen_and_recovered.csv,JUVENILE,PROPERTY_CRIME,year,1
09_Juveniles_arrested_and_their_disposal.csv,11_Property_stolen_and_recovered_nature_of_property.csv,JUVENILE,PROPERTY_CRIME,year,1
09_Juveniles_arrested_and_their_disposal.csv,12_Police_strength_actual_and_sanctioned.csv,JUVENILE,POLICE_ADMINISTRATION,year,1
09_Juveniles_arrested_and_their_disposal.csv,13_Police_killed_or_injured_on_duty.csv,JUVENILE,POLICE_ADMINISTRATION,year,1
09_Juveniles_arrested_and_their_disposal.csv,14_Age_profile_of_police_personnel_killed_on_duty.csv,JUVENILE,POLICE_ADMINISTRATION,year,1
09_Juveniles_arrested_and_their_disposal.csv,15_Police_natural_death_and_suicide.csv,JUVENILE,POLICE_ADMINISTRATION,year,1
09_Juveniles_arrested_and_their_disposal.csv,16_Casualties_under_police_firing_and_lathi_charge.csv,JUVENILE,POLICE_ADMINISTRATION,year,1
09_Juveniles_arrested_and_their_disposal.csv,17_Case_reported_and_value_of_property_taken_away_by_place_of_occurrence_2001_2012.csv,JUVENILE,PROPERTY_CRIME,year,1
09_Juveniles_arrested_and_their_disposal.csv,17_Case_reported_and_value_of_property_taken_away_by_place_of_occurrence_2013.csv,JUVENILE,PROPERTY_CRIME,year,1
09_Juveniles_arrested_and_their_disposal.csv,17_Crime_by_place_of_occurrence_2001_2012.csv,JUVENILE,CRIME_PLACE_OF_OCCURRENCE,year,1
09_Juveniles_arrested_and_their_disposal.csv,17_Crime_by_place_of_occurrence_2013.csv,JUVENILE,CRIME_PLACE_OF_OCCURRENCE,year,1
09_Juveniles_arrested_and_their_disposal.csv,17_Crime_by_place_of_occurrence_2014.csv,JUVENILE,CRIME_PLACE_OF_OCCURRENCE,year,1
09_Juveniles_arrested_and_their_disposal.csv,18_01_Juveniles_arrested_Education.csv,JUVENILE,JUVENILE,year,1
09_Juveniles_arrested_and_their_disposal.csv,18_02_Juveniles_arrested_Economic_setup.csv,JUVENILE,JUVENILE,year,1
09_Juveniles_arrested_and_their_disposal.csv,18_03_Juveniles_arrested_Family_background.csv,JUVENILE,JUVENILE,year,1
09_Juveniles_arrested_and_their_disposal.csv,18_04_Juveniles_arrested_Recidivism.csv,JUVENILE,JUVENILE,year,1
09_Juveniles_arrested_and_their_disposal.csv,19_Motive_or_cause_of_murder_and_culpable_homicide_not_amounting_to_murder.csv,JUVENILE,VICTIM_OFFENDER_CHARACTERISTICS,year,1
09_Juveniles_arrested_and_their_disposal.csv,20_Victims_of_rape.csv,JUVENILE,VICTIM_OFFENDER_CHARACTERISTICS,year,1
09_Juveniles_arrested_and_their_disposal.csv,21_Offenders_known_to_the_victim.csv,JUVENILE,VICTIM_OFFENDER_CHARACTERISTICS,year,1
09_Juveniles_arrested_and_their_disposal.csv,22_Persons_arrested_under_recidivism.csv,JUVENILE,ARREST_DISPOSAL,year,1
09_Juveniles_arrested_and_their_disposal.csv,23_Anti_corruprion_cases.csv,JUVENILE,ANTI_CORRUPTION,year,1
09_Juveniles_arrested_and_their_disposal.csv,24_Anti_corruption_arrests.csv,JUVENILE,ANTI_CORRUPTION,year,1
09_Juveniles_arrested_and_their_disposal.csv,25_Complaints_against_police.csv,JUVENILE,POLICE_ADMINISTRATION,year,1
09_Juveniles_arrested_and_their_disposal.csv,27_Nature_of_complaints_received_by_police.csv,JUVENILE,POLICE_ADMINISTRATION,year,1
09_Juveniles_arrested_and_their_disposal.csv,28_Trial_of_violent_crimes_by_courts.csv,JUVENILE,JUSTICE_COURT,year,1
09_Juveniles_arrested_and_their_disposal.csv,29_Period_of_trials_by_courts.csv,JUVENILE,JUSTICE_COURT,year,1
09_Juveniles_arrested_and_their_disposal.csv,30_Auto_theft.csv,JUVENILE,PROPERTY_CRIME,year,1
09_Juveniles_arrested_and_their_disposal.csv,31_Serious_fraud.csv,JUVENILE,PROPERTY_CRIME,year,1
09_Juveniles_arrested_and_their_disposal.csv,32_Murder_victim_age_sex.csv,JUVENILE,VICTIM_OFFENDER_CHARACTERISTICS,year,1
09_Juveniles_arrested_and_their_disposal.csv,33_CH_not_murder_victim_age_sex.csv,JUVENILE,VICTIM_OFFENDER_CHARACTERISTICS,year,1
09_Juveniles_arrested_and_their_disposal.csv,34_Use_of_fire_arms_in_murder_cases.csv,JUVENILE,VICTIM_OFFENDER_CHARACTERISTICS,year,1
09_Juveniles_arrested_and_their_disposal.csv,35_Human_rights_violation_by_police.csv,JUVENILE,POLICE_ADMINISTRATION,year,1
09_Juveniles_arrested_and_their_disposal.csv,36_Police_housing.csv,JUVENILE,POLICE_ADMINISTRATION,year,1
09_Juveniles_arrested_and_their_disposal.csv,37_Home_guards_and_auxilliary_force.csv,JUVENILE,POLICE_ADMINISTRATION,year,1
09_Juveniles_arrested_and_their_disposal.csv,38_Unidentified_dead_bodies_recovered_and_inquest_conducted.csv,JUVENILE,OTHER_SPECIALIZED,year,1
09_Juveniles_arrested_and_their_disposal.csv,39_Specific_purpose_of_kidnapping_and_abduction.csv,JUVENILE,VICTIM_OFFENDER_CHARACTERISTICS,year,1
09_Juveniles_arrested_and_their_disposal.csv,40_01_Custodial_death_person_remanded.csv,JUVENILE,JUSTICE_COURT,year,1
09_Juveniles_arrested_and_their_disposal.csv,40_02_Custodial_death_person_not_remanded.csv,JUVENILE,JUSTICE_COURT,year,1
09_Juveniles_arrested_and_their_disposal.csv,40_03_Custodial_death_during_production.csv,JUVENILE,JUSTICE_COURT,year,1
09_Juveniles_arrested_and_their_disposal.csv,40_04_Custodial_death_during_hospitalization_or_treatment.csv,JUVENILE,JUSTICE_COURT,year,1
09_Juveniles_arrested_and_their_disposal.csv,40_05_Custodial_death_others.csv,JUVENILE,JUSTICE_COURT,year,1
09_Juveniles_arrested_and_their_disposal.csv,41_Escapes_from_police_custody.csv,JUVENILE,POLICE_ADMINISTRATION,year,1
09_Juveniles_arrested_and_their_disposal.csv,42_Cases_under_crime_against_women.csv,JUVENILE,JUSTICE_COURT,year,1
09_Juveniles_arrested_and_their_disposal.csv,42_District_wise_crimes_committed_against_women_2001_2012.csv,JUVENILE,DISTRICT_WISE_CRIME,year,1
09_Juveniles_arrested_and_their_disposal.csv,42_District_wise_crimes_committed_against_women_2013.csv,JUVENILE,DISTRICT_WISE_CRIME,year,1
09_Juveniles_arrested_and_their_disposal.csv,42_District_wise_crimes_committed_against_women_2014.csv,JUVENILE,DISTRICT_WISE_CRIME,year,1
09_Juveniles_arrested_and_their_disposal.csv,43_Arrests_under_crime_against_women.csv,JUVENILE,ARREST_DISPOSAL,year,1
10_Property_stolen_and_recovered.csv,11_Property_stolen_and_recovered_nature_of_property.csv,PROPERTY_CRIME,PROPERTY_CRIME,year,1
10_Property_stolen_and_recovered.csv,12_Police_strength_actual_and_sanctioned.csv,PROPERTY_CRIME,POLICE_ADMINISTRATION,year,1
10_Property_stolen_and_recovered.csv,13_Police_killed_or_injured_on_duty.csv,PROPERTY_CRIME,POLICE_ADMINISTRATION,year,1
10_Property_stolen_and_recovered.csv,14_Age_profile_of_police_personnel_killed_on_duty.csv,PROPERTY_CRIME,POLICE_ADMINISTRATION,year,1
10_Property_stolen_and_recovered.csv,15_Police_natural_death_and_suicide.csv,PROPERTY_CRIME,POLICE_ADMINISTRATION,year,1
10_Property_stolen_and_recovered.csv,16_Casualties_under_police_firing_and_lathi_charge.csv,PROPERTY_CRIME,POLICE_ADMINISTRATION,year,1
10_Property_stolen_and_recovered.csv,17_Case_reported_and_value_of_property_taken_away_by_place_of_occurrence_2001_2012.csv,PROPERTY_CRIME,PROPERTY_CRIME,year,1
10_Property_stolen_and_recovered.csv,17_Case_reported_and_value_of_property_taken_away_by_place_of_occurrence_2013.csv,PROPERTY_CRIME,PROPERTY_CRIME,year,1
10_Property_stolen_and_recovered.csv,17_Crime_by_place_of_occurrence_2001_2012.csv,PROPERTY_CRIME,CRIME_PLACE_OF_OCCURRENCE,year,1
10_Property_stolen_and_recovered.csv,17_Crime_by_place_of_occurrence_2013.csv,PROPERTY_CRIME,CRIME_PLACE_OF_OCCURRENCE,year,1
10_Property_stolen_and_recovered.csv,17_Crime_by_place_of_occurrence_2014.csv,PROPERTY_CRIME,CRIME_PLACE_OF_OCCURRENCE,year,1
10_Property_stolen_and_recovered.csv,18_01_Juveniles_arrested_Education.csv,PROPERTY_CRIME,JUVENILE,year,1
10_Property_stolen_and_recovered.csv,18_02_Juveniles_arrested_Economic_setup.csv,PROPERTY_CRIME,JUVENILE,year,1
10_Property_stolen_and_recovered.csv,18_03_Juveniles_arrested_Family_background.csv,PROPERTY_CRIME,JUVENILE,year,1
10_Property_stolen_and_recovered.csv,18_04_Juveniles_arrested_Recidivism.csv,PROPERTY_CRIME,JUVENILE,year,1
10_Property_stolen_and_recovered.csv,19_Motive_or_cause_of_murder_and_culpable_homicide_not_amounting_to_murder.csv,PROPERTY_CRIME,VICTIM_OFFENDER_CHARACTERISTICS,year,1
10_Property_stolen_and_recovered.csv,20_Victims_of_rape.csv,PROPERTY_CRIME,VICTIM_OFFENDER_CHARACTERISTICS,year,1
10_Property_stolen_and_recovered.csv,21_Offenders_known_to_the_victim.csv,PROPERTY_CRIME,VICTIM_OFFENDER_CHARACTERISTICS,year,1
10_Property_stolen_and_recovered.csv,22_Persons_arrested_under_recidivism.csv,PROPERTY_CRIME,ARREST_DISPOSAL,year,1
10_Property_stolen_and_recovered.csv,23_Anti_corruprion_cases.csv,PROPERTY_CRIME,ANTI_CORRUPTION,year,1
10_Property_stolen_and_recovered.csv,24_Anti_corruption_arrests.csv,PROPERTY_CRIME,ANTI_CORRUPTION,year,1
10_Property_stolen_and_recovered.csv,25_Complaints_against_police.csv,PROPERTY_CRIME,POLICE_ADMINISTRATION,year,1
10_Property_stolen_and_recovered.csv,27_Nature_of_complaints_received_by_police.csv,PROPERTY_CRIME,POLICE_ADMINISTRATION,year,1
10_Property_stolen_and_recovered.csv,28_Trial_of_violent_crimes_by_courts.csv,PROPERTY_CRIME,JUSTICE_COURT,year,1
10_Property_stolen_and_recovered.csv,29_Period_of_trials_by_courts.csv,PROPERTY_CRIME,JUSTICE_COURT,year,1
10_Property_stolen_and_recovered.csv,30_Auto_theft.csv,PROPERTY_CRIME,PROPERTY_CRIME,year,1
10_Property_stolen_and_recovered.csv,31_Serious_fraud.csv,PROPERTY_CRIME,PROPERTY_CRIME,year,1
10_Property_stolen_and_recovered.csv,32_Murder_victim_age_sex.csv,PROPERTY_CRIME,VICTIM_OFFENDER_CHARACTERISTICS,year,1
10_Property_stolen_and_recovered.csv,33_CH_not_murder_victim_age_sex.csv,PROPERTY_CRIME,VICTIM_OFFENDER_CHARACTERISTICS,year,1
10_Property_stolen_and_recovered.csv,34_Use_of_fire_arms_in_murder_cases.csv,PROPERTY_CRIME,VICTIM_OFFENDER_CHARACTERISTICS,year,1
10_Property_stolen_and_recovered.csv,35_Human_rights_violation_by_police.csv,PROPERTY_CRIME,POLICE_ADMINISTRATION,year,1
10_Property_stolen_and_recovered.csv,36_Police_housing.csv,PROPERTY_CRIME,POLICE_ADMINISTRATION,year,1
10_Property_stolen_and_recovered.csv,37_Home_guards_and_auxilliary_force.csv,PROPERTY_CRIME,POLICE_ADMINISTRATION,year,1
10_Property_stolen_and_recovered.csv,38_Unidentified_dead_bodies_recovered_and_inquest_conducted.csv,PROPERTY_CRIME,OTHER_SPECIALIZED,year,1
10_Property_stolen_and_recovered.csv,39_Specific_purpose_of_kidnapping_and_abduction.csv,PROPERTY_CRIME,VICTIM_OFFENDER_CHARACTERISTICS,year,1
10_Property_stolen_and_recovered.csv,40_01_Custodial_death_person_remanded.csv,PROPERTY_CRIME,JUSTICE_COURT,year,1
10_Property_stolen_and_recovered.csv,40_02_Custodial_death_person_not_remanded.csv,PROPERTY_CRIME,JUSTICE_COURT,year,1
10_Property_stolen_and_recovered.csv,40_03_Custodial_death_during_production.csv,PROPERTY_CRIME,JUSTICE_COURT,year,1
10_Property_stolen_and_recovered.csv,40_04_Custodial_death_during_hospitalization_or_treatment.csv,PROPERTY_CRIME,JUSTICE_COURT,year,1
10_Property_stolen_and_recovered.csv,40_05_Custodial_death_others.csv,PROPERTY_CRIME,JUSTICE_COURT,year,1
10_Property_stolen_and_recovered.csv,41_Escapes_from_police_custody.csv,PROPERTY_CRIME,POLICE_ADMINISTRATION,year,1
10_Property_stolen_and_recovered.csv,42_Cases_under_crime_against_women.csv,PROPERTY_CRIME,JUSTICE_COURT,year,1
10_Property_stolen_and_recovered.csv,42_District_wise_crimes_committed_against_women_2001_2012.csv,PROPERTY_CRIME,DISTRICT_WISE_CRIME,year,1
10_Property_stolen_and_recovered.csv,42_District_wise_crimes_committed_against_women_2013.csv,PROPERTY_CRIME,DISTRICT_WISE_CRIME,year,1
10_Property_stolen_and_recovered.csv,42_District_wise_crimes_committed_against_women_2014.csv,PROPERTY_CRIME,DISTRICT_WISE_CRIME,year,1
10_Property_stolen_and_recovered.csv,43_Arrests_under_crime_against_women.csv,PROPERTY_CRIME,ARREST_DISPOSAL,year,1
11_Property_stolen_and_recovered_nature_of_property.csv,12_Police_strength_actual_and_sanctioned.csv,PROPERTY_CRIME,POLICE_ADMINISTRATION,year,1
11_Property_stolen_and_recovered_nature_of_property.csv,13_Police_killed_or_injured_on_duty.csv,PROPERTY_CRIME,POLICE_ADMINISTRATION,year,1
11_Property_stolen_and_recovered_nature_of_property.csv,14_Age_profile_of_police_personnel_killed_on_duty.csv,PROPERTY_CRIME,POLICE_ADMINISTRATION,year,1
11_Property_stolen_and_recovered_nature_of_property.csv,15_Police_natural_death_and_suicide.csv,PROPERTY_CRIME,POLICE_ADMINISTRATION,year,1
11_Property_stolen_and_recovered_nature_of_property.csv,16_Casualties_under_police_firing_and_lathi_charge.csv,PROPERTY_CRIME,POLICE_ADMINISTRATION,year,1
11_Property_stolen_and_recovered_nature_of_property.csv,17_Case_reported_and_value_of_property_taken_away_by_place_of_occurrence_2001_2012.csv,PROPERTY_CRIME,PROPERTY_CRIME,year,1
11_Property_stolen_and_recovered_nature_of_property.csv,17_Case_reported_and_value_of_property_taken_away_by_place_of_occurrence_2013.csv,PROPERTY_CRIME,PROPERTY_CRIME,year,1
11_Property_stolen_and_recovered_nature_of_property.csv,17_Crime_by_place_of_occurrence_2001_2012.csv,PROPERTY_CRIME,CRIME_PLACE_OF_OCCURRENCE,year,1
11_Property_stolen_and_recovered_nature_of_property.csv,17_Crime_by_place_of_occurrence_2013.csv,PROPERTY_CRIME,CRIME_PLACE_OF_OCCURRENCE,year,1
11_Property_stolen_and_recovered_nature_of_property.csv,17_Crime_by_place_of_occurrence_2014.csv,PROPERTY_CRIME,CRIME_PLACE_OF_OCCURRENCE,year,1
11_Property_stolen_and_recovered_nature_of_property.csv,18_01_Juveniles_arrested_Education.csv,PROPERTY_CRIME,JUVENILE,year,1
11_Property_stolen_and_recovered_nature_of_property.csv,18_02_Juveniles_arrested_Economic_setup.csv,PROPERTY_CRIME,JUVENILE,year,1
11_Property_stolen_and_recovered_nature_of_property.csv,18_03_Juveniles_arrested_Family_background.csv,PROPERTY_CRIME,JUVENILE,year,1
11_Property_stolen_and_recovered_nature_of_property.csv,18_04_Juveniles_arrested_Recidivism.csv,PROPERTY_CRIME,JUVENILE,year,1
11_Property_stolen_and_recovered_nature_of_property.csv,19_Motive_or_cause_of_murder_and_culpable_homicide_not_amounting_to_murder.csv,PROPERTY_CRIME,VICTIM_OFFENDER_CHARACTERISTICS,year,1
11_Property_stolen_and_recovered_nature_of_property.csv,20_Victims_of_rape.csv,PROPERTY_CRIME,VICTIM_OFFENDER_CHARACTERISTICS,year,1
11_Property_stolen_and_recovered_nature_of_property.csv,21_Offenders_known_to_the_victim.csv,PROPERTY_CRIME,VICTIM_OFFENDER_CHARACTERISTICS,year,1
11_Property_stolen_and_recovered_nature_of_property.csv,22_Persons_arrested_under_recidivism.csv,PROPERTY_CRIME,ARREST_DISPOSAL,year,1
11_Property_stolen_and_recovered_nature_of_property.csv,23_Anti_corruprion_cases.csv,PROPERTY_CRIME,ANTI_CORRUPTION,year,1
11_Property_stolen_and_recovered_nature_of_property.csv,24_Anti_corruption_arrests.csv,PROPERTY_CRIME,ANTI_CORRUPTION,year,1
11_Property_stolen_and_recovered_nature_of_property.csv,25_Complaints_against_police.csv,PROPERTY_CRIME,POLICE_ADMINISTRATION,year,1
11_Property_stolen_and_recovered_nature_of_property.csv,27_Nature_of_complaints_received_by_police.csv,PROPERTY_CRIME,POLICE_ADMINISTRATION,year,1
11_Property_stolen_and_recovered_nature_of_property.csv,28_Trial_of_violent_crimes_by_courts.csv,PROPERTY_CRIME,JUSTICE_COURT,year,1
11_Property_stolen_and_recovered_nature_of_property.csv,29_Period_of_trials_by_courts.csv,PROPERTY_CRIME,JUSTICE_COURT,year,1
11_Property_stolen_and_recovered_nature_of_property.csv,30_Auto_theft.csv,PROPERTY_CRIME,PROPERTY_CRIME,year,1
11_Property_stolen_and_recovered_nature_of_property.csv,31_Serious_fraud.csv,PROPERTY_CRIME,PROPERTY_CRIME,year,1
11_Property_stolen_and_recovered_nature_of_property.csv,32_Murder_victim_age_sex.csv,PROPERTY_CRIME,VICTIM_OFFENDER_CHARACTERISTICS,year,1
11_Property_stolen_and_recovered_nature_of_property.csv,33_CH_not_murder_victim_age_sex.csv,PROPERTY_CRIME,VICTIM_OFFENDER_CHARACTERISTICS,year,1
11_Property_stolen_and_recovered_nature_of_property.csv,34_Use_of_fire_arms_in_murder_cases.csv,PROPERTY_CRIME,VICTIM_OFFENDER_CHARACTERISTICS,year,1
11_Property_stolen_and_recovered_nature_of_property.csv,35_Human_rights_violation_by_police.csv,PROPERTY_CRIME,POLICE_ADMINISTRATION,year,1
11_Property_stolen_and_recovered_nature_of_property.csv,36_Police_housing.csv,PROPERTY_CRIME,POLICE_ADMINISTRATION,year,1
11_Property_stolen_and_recovered_nature_of_property.csv,37_Home_guards_and_auxilliary_force.csv,PROPERTY_CRIME,POLICE_ADMINISTRATION,year,1
11_Property_stolen_and_recovered_nature_of_property.csv,38_Unidentified_dead_bodies_recovered_and_inquest_conducted.csv,PROPERTY_CRIME,OTHER_SPECIALIZED,year,1
11_Property_stolen_and_recovered_nature_of_property.csv,39_Specific_purpose_of_kidnapping_and_abduction.csv,PROPERTY_CRIME,VICTIM_OFFENDER_CHARACTERISTICS,year,1
11_Property_stolen_and_recovered_nature_of_property.csv,40_01_Custodial_death_person_remanded.csv,PROPERTY_CRIME,JUSTICE_COURT,year,1
11_Property_stolen_and_recovered_nature_of_property.csv,40_02_Custodial_death_person_not_remanded.csv,PROPERTY_CRIME,JUSTICE_COURT,year,1
11_Property_stolen_and_recovered_nature_of_property.csv,40_03_Custodial_death_during_production.csv,PROPERTY_CRIME,JUSTICE_COURT,year,1
11_Property_stolen_and_recovered_nature_of_property.csv,40_04_Custodial_death_during_hospitalization_or_treatment.csv,PROPERTY_CRIME,JUSTICE_COURT,year,1
11_Property_stolen_and_recovered_nature_of_property.csv,40_05_Custodial_death_others.csv,PROPERTY_CRIME,JUSTICE_COURT,year,1
11_Property_stolen_and_recovered_nature_of_property.csv,41_Escapes_from_police_custody.csv,PROPERTY_CRIME,POLICE_ADMINISTRATION,year,1
11_Property_stolen_and_recovered_nature_of_property.csv,42_Cases_under_crime_against_women.csv,PROPERTY_CRIME,JUSTICE_COURT,year,1
11_Property_stolen_and_recovered_nature_of_property.csv,42_District_wise_crimes_committed_against_women_2001_2012.csv,PROPERTY_CRIME,DISTRICT_WISE_CRIME,year,1
11_Property_stolen_and_recovered_nature_of_property.csv,42_District_wise_crimes_committed_against_women_2013.csv,PROPERTY_CRIME,DISTRICT_WISE_CRIME,year,1
11_Property_stolen_and_recovered_nature_of_property.csv,42_District_wise_crimes_committed_against_women_2014.csv,PROPERTY_CRIME,DISTRICT_WISE_CRIME,year,1
11_Property_stolen_and_recovered_nature_of_property.csv,43_Arrests_under_crime_against_women.csv,PROPERTY_CRIME,ARREST_DISPOSAL,year,1
12_Police_strength_actual_and_sanctioned.csv,13_Police_killed_or_injured_on_duty.csv,POLICE_ADMINISTRATION,POLICE_ADMINISTRATION,year,1
12_Police_strength_actual_and_sanctioned.csv,14_Age_profile_of_police_personnel_killed_on_duty.csv,POLICE_ADMINISTRATION,POLICE_ADMINISTRATION,year,1
12_Police_strength_actual_and_sanctioned.csv,15_Police_natural_death_and_suicide.csv,POLICE_ADMINISTRATION,POLICE_ADMINISTRATION,year,1
12_Police_strength_actual_and_sanctioned.csv,16_Casualties_under_police_firing_and_lathi_charge.csv,POLICE_ADMINISTRATION,POLICE_ADMINISTRATION,year,1
12_Police_strength_actual_and_sanctioned.csv,17_Case_reported_and_value_of_property_taken_away_by_place_of_occurrence_2001_2012.csv,POLICE_ADMINISTRATION,PROPERTY_CRIME,year,1
12_Police_strength_actual_and_sanctioned.csv,17_Case_reported_and_value_of_property_taken_away_by_place_of_occurrence_2013.csv,POLICE_ADMINISTRATION,PROPERTY_CRIME,year,1
12_Police_strength_actual_and_sanctioned.csv,17_Crime_by_place_of_occurrence_2001_2012.csv,POLICE_ADMINISTRATION,CRIME_PLACE_OF_OCCURRENCE,year,1
12_Police_strength_actual_and_sanctioned.csv,17_Crime_by_place_of_occurrence_2013.csv,POLICE_ADMINISTRATION,CRIME_PLACE_OF_OCCURRENCE,year,1
12_Police_strength_actual_and_sanctioned.csv,17_Crime_by_place_of_occurrence_2014.csv,POLICE_ADMINISTRATION,CRIME_PLACE_OF_OCCURRENCE,year,1
12_Police_strength_actual_and_sanctioned.csv,18_01_Juveniles_arrested_Education.csv,POLICE_ADMINISTRATION,JUVENILE,year,1
12_Police_strength_actual_and_sanctioned.csv,18_02_Juveniles_arrested_Economic_setup.csv,POLICE_ADMINISTRATION,JUVENILE,year,1
12_Police_strength_actual_and_sanctioned.csv,18_03_Juveniles_arrested_Family_background.csv,POLICE_ADMINISTRATION,JUVENILE,year,1
12_Police_strength_actual_and_sanctioned.csv,18_04_Juveniles_arrested_Recidivism.csv,POLICE_ADMINISTRATION,JUVENILE,year,1
12_Police_strength_actual_and_sanctioned.csv,19_Motive_or_cause_of_murder_and_culpable_homicide_not_amounting_to_murder.csv,POLICE_ADMINISTRATION,VICTIM_OFFENDER_CHARACTERISTICS,year,1
12_Police_strength_actual_and_sanctioned.csv,20_Victims_of_rape.csv,POLICE_ADMINISTRATION,VICTIM_OFFENDER_CHARACTERISTICS,year,1
12_Police_strength_actual_and_sanctioned.csv,21_Offenders_known_to_the_victim.csv,POLICE_ADMINISTRATION,VICTIM_OFFENDER_CHARACTERISTICS,year,1
12_Police_strength_actual_and_sanctioned.csv,22_Persons_arrested_under_recidivism.csv,POLICE_ADMINISTRATION,ARREST_DISPOSAL,year,1
12_Police_strength_actual_and_sanctioned.csv,23_Anti_corruprion_cases.csv,POLICE_ADMINISTRATION,ANTI_CORRUPTION,year,1
12_Police_strength_actual_and_sanctioned.csv,24_Anti_corruption_arrests.csv,POLICE_ADMINISTRATION,ANTI_CORRUPTION,year,1
12_Police_strength_actual_and_sanctioned.csv,25_Complaints_against_police.csv,POLICE_ADMINISTRATION,POLICE_ADMINISTRATION,year,1
12_Police_strength_actual_and_sanctioned.csv,27_Nature_of_complaints_received_by_police.csv,POLICE_ADMINISTRATION,POLICE_ADMINISTRATION,year,1
12_Police_strength_actual_and_sanctioned.csv,28_Trial_of_violent_crimes_by_courts.csv,POLICE_ADMINISTRATION,JUSTICE_COURT,year,1
12_Police_strength_actual_and_sanctioned.csv,29_Period_of_trials_by_courts.csv,POLICE_ADMINISTRATION,JUSTICE_COURT,year,1
12_Police_strength_actual_and_sanctioned.csv,30_Auto_theft.csv,POLICE_ADMINISTRATION,PROPERTY_CRIME,year,1
12_Police_strength_actual_and_sanctioned.csv,31_Serious_fraud.csv,POLICE_ADMINISTRATION,PROPERTY_CRIME,year,1
12_Police_strength_actual_and_sanctioned.csv,32_Murder_victim_age_sex.csv,POLICE_ADMINISTRATION,VICTIM_OFFENDER_CHARACTERISTICS,year,1
12_Police_strength_actual_and_sanctioned.csv,33_CH_not_murder_victim_age_sex.csv,POLICE_ADMINISTRATION,VICTIM_OFFENDER_CHARACTERISTICS,year,1
12_Police_strength_actual_and_sanctioned.csv,34_Use_of_fire_arms_in_murder_cases.csv,POLICE_ADMINISTRATION,VICTIM_OFFENDER_CHARACTERISTICS,year,1
12_Police_strength_actual_and_sanctioned.csv,35_Human_rights_violation_by_police.csv,POLICE_ADMINISTRATION,POLICE_ADMINISTRATION,year,1
12_Police_strength_actual_and_sanctioned.csv,36_Police_housing.csv,POLICE_ADMINISTRATION,POLICE_ADMINISTRATION,year,1
12_Police_strength_actual_and_sanctioned.csv,37_Home_guards_and_auxilliary_force.csv,POLICE_ADMINISTRATION,POLICE_ADMINISTRATION,year,1
12_Police_strength_actual_and_sanctioned.csv,38_Unidentified_dead_bodies_recovered_and_inquest_conducted.csv,POLICE_ADMINISTRATION,OTHER_SPECIALIZED,year,1
12_Police_strength_actual_and_sanctioned.csv,39_Specific_purpose_of_kidnapping_and_abduction.csv,POLICE_ADMINISTRATION,VICTIM_OFFENDER_CHARACTERISTICS,year,1
12_Police_strength_actual_and_sanctioned.csv,40_01_Custodial_death_person_remanded.csv,POLICE_ADMINISTRATION,JUSTICE_COURT,year,1
12_Police_strength_actual_and_sanctioned.csv,40_02_Custodial_death_person_not_remanded.csv,POLICE_ADMINISTRATION,JUSTICE_COURT,year,1
12_Police_strength_actual_and_sanctioned.csv,40_03_Custodial_death_during_production.csv,POLICE_ADMINISTRATION,JUSTICE_COURT,year,1
12_Police_strength_actual_and_sanctioned.csv,40_04_Custodial_death_during_hospitalization_or_treatment.csv,POLICE_ADMINISTRATION,JUSTICE_COURT,year,1
12_Police_strength_actual_and_sanctioned.csv,40_05_Custodial_death_others.csv,POLICE_ADMINISTRATION,JUSTICE_COURT,year,1
12_Police_strength_actual_and_sanctioned.csv,41_Escapes_from_police_custody.csv,POLICE_ADMINISTRATION,POLICE_ADMINISTRATION,year,1
12_Police_strength_actual_and_sanctioned.csv,42_Cases_under_crime_against_women.csv,POLICE_ADMINISTRATION,JUSTICE_COURT,year,1
12_Police_strength_actual_and_sanctioned.csv,42_District_wise_crimes_committed_against_women_2001_2012.csv,POLICE_ADMINISTRATION,DISTRICT_WISE_CRIME,year,1
12_Police_strength_actual_and_sanctioned.csv,42_District_wise_crimes_committed_against_women_2013.csv,POLICE_ADMINISTRATION,DISTRICT_WISE_CRIME,year,1
12_Police_strength_actual_and_sanctioned.csv,42_District_wise_crimes_committed_against_women_2014.csv,POLICE_ADMINISTRATION,DISTRICT_WISE_CRIME,year,1
12_Police_strength_actual_and_sanctioned.csv,43_Arrests_under_crime_against_women.csv,POLICE_ADMINISTRATION,ARREST_DISPOSAL,year,1
13_Police_killed_or_injured_on_duty.csv,14_Age_profile_of_police_personnel_killed_on_duty.csv,POLICE_ADMINISTRATION,POLICE_ADMINISTRATION,year,1
13_Police_killed_or_injured_on_duty.csv,15_Police_natural_death_and_suicide.csv,POLICE_ADMINISTRATION,POLICE_ADMINISTRATION,year,1
13_Police_killed_or_injured_on_duty.csv,16_Casualties_under_police_firing_and_lathi_charge.csv,POLICE_ADMINISTRATION,POLICE_ADMINISTRATION,year,1
13_Police_killed_or_injured_on_duty.csv,17_Case_reported_and_value_of_property_taken_away_by_place_of_occurrence_2001_2012.csv,POLICE_ADMINISTRATION,PROPERTY_CRIME,year,1
13_Police_killed_or_injured_on_duty.csv,17_Case_reported_and_value_of_property_taken_away_by_place_of_occurrence_2013.csv,POLICE_ADMINISTRATION,PROPERTY_CRIME,year,1
13_Police_killed_or_injured_on_duty.csv,17_Crime_by_place_of_occurrence_2001_2012.csv,POLICE_ADMINISTRATION,CRIME_PLACE_OF_OCCURRENCE,year,1
13_Police_killed_or_injured_on_duty.csv,17_Crime_by_place_of_occurrence_2013.csv,POLICE_ADMINISTRATION,CRIME_PLACE_OF_OCCURRENCE,year,1
13_Police_killed_or_injured_on_duty.csv,17_Crime_by_place_of_occurrence_2014.csv,POLICE_ADMINISTRATION,CRIME_PLACE_OF_OCCURRENCE,year,1
13_Police_killed_or_injured_on_duty.csv,18_01_Juveniles_arrested_Education.csv,POLICE_ADMINISTRATION,JUVENILE,year,1
13_Police_killed_or_injured_on_duty.csv,18_02_Juveniles_arrested_Economic_setup.csv,POLICE_ADMINISTRATION,JUVENILE,year,1
13_Police_killed_or_injured_on_duty.csv,18_03_Juveniles_arrested_Family_background.csv,POLICE_ADMINISTRATION,JUVENILE,year,1
13_Police_killed_or_injured_on_duty.csv,18_04_Juveniles_arrested_Recidivism.csv,POLICE_ADMINISTRATION,JUVENILE,year,1
13_Police_killed_or_injured_on_duty.csv,19_Motive_or_cause_of_murder_and_culpable_homicide_not_amounting_to_murder.csv,POLICE_ADMINISTRATION,VICTIM_OFFENDER_CHARACTERISTICS,year,1
13_Police_killed_or_injured_on_duty.csv,20_Victims_of_rape.csv,POLICE_ADMINISTRATION,VICTIM_OFFENDER_CHARACTERISTICS,year,1
13_Police_killed_or_injured_on_duty.csv,21_Offenders_known_to_the_victim.csv,POLICE_ADMINISTRATION,VICTIM_OFFENDER_CHARACTERISTICS,year,1
13_Police_killed_or_injured_on_duty.csv,22_Persons_arrested_under_recidivism.csv,POLICE_ADMINISTRATION,ARREST_DISPOSAL,year,1
13_Police_killed_or_injured_on_duty.csv,23_Anti_corruprion_cases.csv,POLICE_ADMINISTRATION,ANTI_CORRUPTION,year,1
13_Police_killed_or_injured_on_duty.csv,24_Anti_corruption_arrests.csv,POLICE_ADMINISTRATION,ANTI_CORRUPTION,year,1
13_Police_killed_or_injured_on_duty.csv,25_Complaints_against_police.csv,POLICE_ADMINISTRATION,POLICE_ADMINISTRATION,year,1
13_Police_killed_or_injured_on_duty.csv,27_Nature_of_complaints_received_by_police.csv,POLICE_ADMINISTRATION,POLICE_ADMINISTRATION,year,1
13_Police_killed_or_injured_on_duty.csv,28_Trial_of_violent_crimes_by_courts.csv,POLICE_ADMINISTRATION,JUSTICE_COURT,year,1
13_Police_killed_or_injured_on_duty.csv,29_Period_of_trials_by_courts.csv,POLICE_ADMINISTRATION,JUSTICE_COURT,year,1
13_Police_killed_or_injured_on_duty.csv,30_Auto_theft.csv,POLICE_ADMINISTRATION,PROPERTY_CRIME,year,1
13_Police_killed_or_injured_on_duty.csv,31_Serious_fraud.csv,POLICE_ADMINISTRATION,PROPERTY_CRIME,year,1
13_Police_killed_or_injured_on_duty.csv,32_Murder_victim_age_sex.csv,POLICE_ADMINISTRATION,VICTIM_OFFENDER_CHARACTERISTICS,year,1
13_Police_killed_or_injured_on_duty.csv,33_CH_not_murder_victim_age_sex.csv,POLICE_ADMINISTRATION,VICTIM_OFFENDER_CHARACTERISTICS,year,1
13_Police_killed_or_injured_on_duty.csv,34_Use_of_fire_arms_in_murder_cases.csv,POLICE_ADMINISTRATION,VICTIM_OFFENDER_CHARACTERISTICS,year,1
13_Police_killed_or_injured_on_duty.csv,35_Human_rights_violation_by_police.csv,POLICE_ADMINISTRATION,POLICE_ADMINISTRATION,year,1
13_Police_killed_or_injured_on_duty.csv,36_Police_housing.csv,POLICE_ADMINISTRATION,POLICE_ADMINISTRATION,year,1
13_Police_killed_or_injured_on_duty.csv,37_Home_guards_and_auxilliary_force.csv,POLICE_ADMINISTRATION,POLICE_ADMINISTRATION,year,1
13_Police_killed_or_injured_on_duty.csv,38_Unidentified_dead_bodies_recovered_and_inquest_conducted.csv,POLICE_ADMINISTRATION,OTHER_SPECIALIZED,year,1
13_Police_killed_or_injured_on_duty.csv,39_Specific_purpose_of_kidnapping_and_abduction.csv,POLICE_ADMINISTRATION,VICTIM_OFFENDER_CHARACTERISTICS,year,1
13_Police_killed_or_injured_on_duty.csv,40_01_Custodial_death_person_remanded.csv,POLICE_ADMINISTRATION,JUSTICE_COURT,year,1
13_Police_killed_or_injured_on_duty.csv,40_02_Custodial_death_person_not_remanded.csv,POLICE_ADMINISTRATION,JUSTICE_COURT,year,1
13_Police_killed_or_injured_on_duty.csv,40_03_Custodial_death_during_production.csv,POLICE_ADMINISTRATION,JUSTICE_COURT,year,1
13_Police_killed_or_injured_on_duty.csv,40_04_Custodial_death_during_hospitalization_or_treatment.csv,POLICE_ADMINISTRATION,JUSTICE_COURT,year,1
13_Police_killed_or_injured_on_duty.csv,40_05_Custodial_death_others.csv,POLICE_ADMINISTRATION,JUSTICE_COURT,year,1
13_Police_killed_or_injured_on_duty.csv,41_Escapes_from_police_custody.csv,POLICE_ADMINISTRATION,POLICE_ADMINISTRATION,year,1
13_Police_killed_or_injured_on_duty.csv,42_Cases_under_crime_against_women.csv,POLICE_ADMINISTRATION,JUSTICE_COURT,year,1
13_Police_killed_or_injured_on_duty.csv,42_District_wise_crimes_committed_against_women_2001_2012.csv,POLICE_ADMINISTRATION,DISTRICT_WISE_CRIME,year,1
13_Police_killed_or_injured_on_duty.csv,42_District_wise_crimes_committed_against_women_2013.csv,POLICE_ADMINISTRATION,DISTRICT_WISE_CRIME,year,1
13_Police_killed_or_injured_on_duty.csv,42_District_wise_crimes_committed_against_women_2014.csv,POLICE_ADMINISTRATION,DISTRICT_WISE_CRIME,year,1
13_Police_killed_or_injured_on_duty.csv,43_Arrests_under_crime_against_women.csv,POLICE_ADMINISTRATION,ARREST_DISPOSAL,year,1
14_Age_profile_of_police_personnel_killed_on_duty.csv,15_Police_natural_death_and_suicide.csv,POLICE_ADMINISTRATION,POLICE_ADMINISTRATION,year,1
14_Age_profile_of_police_personnel_killed_on_duty.csv,16_Casualties_under_police_firing_and_lathi_charge.csv,POLICE_ADMINISTRATION,POLICE_ADMINISTRATION,year,1
14_Age_profile_of_police_personnel_killed_on_duty.csv,17_Case_reported_and_value_of_property_taken_away_by_place_of_occurrence_2001_2012.csv,POLICE_ADMINISTRATION,PROPERTY_CRIME,year,1
14_Age_profile_of_police_personnel_killed_on_duty.csv,17_Case_reported_and_value_of_property_taken_away_by_place_of_occurrence_2013.csv,POLICE_ADMINISTRATION,PROPERTY_CRIME,year,1
14_Age_profile_of_police_personnel_killed_on_duty.csv,17_Crime_by_place_of_occurrence_2001_2012.csv,POLICE_ADMINISTRATION,CRIME_PLACE_OF_OCCURRENCE,year,1
14_Age_profile_of_police_personnel_killed_on_duty.csv,17_Crime_by_place_of_occurrence_2013.csv,POLICE_ADMINISTRATION,CRIME_PLACE_OF_OCCURRENCE,year,1
14_Age_profile_of_police_personnel_killed_on_duty.csv,17_Crime_by_place_of_occurrence_2014.csv,POLICE_ADMINISTRATION,CRIME_PLACE_OF_OCCURRENCE,year,1
14_Age_profile_of_police_personnel_killed_on_duty.csv,18_01_Juveniles_arrested_Education.csv,POLICE_ADMINISTRATION,JUVENILE,year,1
14_Age_profile_of_police_personnel_killed_on_duty.csv,18_02_Juveniles_arrested_Economic_setup.csv,POLICE_ADMINISTRATION,JUVENILE,year,1
14_Age_profile_of_police_personnel_killed_on_duty.csv,18_03_Juveniles_arrested_Family_background.csv,POLICE_ADMINISTRATION,JUVENILE,year,1
14_Age_profile_of_police_personnel_killed_on_duty.csv,18_04_Juveniles_arrested_Recidivism.csv,POLICE_ADMINISTRATION,JUVENILE,year,1
14_Age_profile_of_police_personnel_killed_on_duty.csv,19_Motive_or_cause_of_murder_and_culpable_homicide_not_amounting_to_murder.csv,POLICE_ADMINISTRATION,VICTIM_OFFENDER_CHARACTERISTICS,year,1
14_Age_profile_of_police_personnel_killed_on_duty.csv,20_Victims_of_rape.csv,POLICE_ADMINISTRATION,VICTIM_OFFENDER_CHARACTERISTICS,year,1
14_Age_profile_of_police_personnel_killed_on_duty.csv,21_Offenders_known_to_the_victim.csv,POLICE_ADMINISTRATION,VICTIM_OFFENDER_CHARACTERISTICS,year,1
14_Age_profile_of_police_personnel_killed_on_duty.csv,22_Persons_arrested_under_recidivism.csv,POLICE_ADMINISTRATION,ARREST_DISPOSAL,year,1
14_Age_profile_of_police_personnel_killed_on_duty.csv,23_Anti_corruprion_cases.csv,POLICE_ADMINISTRATION,ANTI_CORRUPTION,year,1
14_Age_profile_of_police_personnel_killed_on_duty.csv,24_Anti_corruption_arrests.csv,POLICE_ADMINISTRATION,ANTI_CORRUPTION,year,1
14_Age_profile_of_police_personnel_killed_on_duty.csv,25_Complaints_against_police.csv,POLICE_ADMINISTRATION,POLICE_ADMINISTRATION,year,1
14_Age_profile_of_police_personnel_killed_on_duty.csv,27_Nature_of_complaints_received_by_police.csv,POLICE_ADMINISTRATION,POLICE_ADMINISTRATION,year,1
14_Age_profile_of_police_personnel_killed_on_duty.csv,28_Trial_of_violent_crimes_by_courts.csv,POLICE_ADMINISTRATION,JUSTICE_COURT,year,1
14_Age_profile_of_police_personnel_killed_on_duty.csv,29_Period_of_trials_by_courts.csv,POLICE_ADMINISTRATION,JUSTICE_COURT,year,1
14_Age_profile_of_police_personnel_killed_on_duty.csv,30_Auto_theft.csv,POLICE_ADMINISTRATION,PROPERTY_CRIME,year,1
14_Age_profile_of_police_personnel_killed_on_duty.csv,31_Serious_fraud.csv,POLICE_ADMINISTRATION,PROPERTY_CRIME,year,1
14_Age_profile_of_police_personnel_killed_on_duty.csv,32_Murder_victim_age_sex.csv,POLICE_ADMINISTRATION,VICTIM_OFFENDER_CHARACTERISTICS,year,1
14_Age_profile_of_police_personnel_killed_on_duty.csv,33_CH_not_murder_victim_age_sex.csv,POLICE_ADMINISTRATION,VICTIM_OFFENDER_CHARACTERISTICS,year,1
14_Age_profile_of_police_personnel_killed_on_duty.csv,34_Use_of_fire_arms_in_murder_cases.csv,POLICE_ADMINISTRATION,VICTIM_OFFENDER_CHARACTERISTICS,year,1
14_Age_profile_of_police_personnel_killed_on_duty.csv,35_Human_rights_violation_by_police.csv,POLICE_ADMINISTRATION,POLICE_ADMINISTRATION,year,1
14_Age_profile_of_police_personnel_killed_on_duty.csv,36_Police_housing.csv,POLICE_ADMINISTRATION,POLICE_ADMINISTRATION,year,1
14_Age_profile_of_police_personnel_killed_on_duty.csv,37_Home_guards_and_auxilliary_force.csv,POLICE_ADMINISTRATION,POLICE_ADMINISTRATION,year,1
14_Age_profile_of_police_personnel_killed_on_duty.csv,38_Unidentified_dead_bodies_recovered_and_inquest_conducted.csv,POLICE_ADMINISTRATION,OTHER_SPECIALIZED,year,1
14_Age_profile_of_police_personnel_killed_on_duty.csv,39_Specific_purpose_of_kidnapping_and_abduction.csv,POLICE_ADMINISTRATION,VICTIM_OFFENDER_CHARACTERISTICS,year,1
14_Age_profile_of_police_personnel_killed_on_duty.csv,40_01_Custodial_death_person_remanded.csv,POLICE_ADMINISTRATION,JUSTICE_COURT,year,1
14_Age_profile_of_police_personnel_killed_on_duty.csv,40_02_Custodial_death_person_not_remanded.csv,POLICE_ADMINISTRATION,JUSTICE_COURT,year,1
14_Age_profile_of_police_personnel_killed_on_duty.csv,40_03_Custodial_death_during_production.csv,POLICE_ADMINISTRATION,JUSTICE_COURT,year,1
14_Age_profile_of_police_personnel_killed_on_duty.csv,40_04_Custodial_death_during_hospitalization_or_treatment.csv,POLICE_ADMINISTRATION,JUSTICE_COURT,year,1
14_Age_profile_of_police_personnel_killed_on_duty.csv,40_05_Custodial_death_others.csv,POLICE_ADMINISTRATION,JUSTICE_COURT,year,1
14_Age_profile_of_police_personnel_killed_on_duty.csv,41_Escapes_from_police_custody.csv,POLICE_ADMINISTRATION,POLICE_ADMINISTRATION,year,1
14_Age_profile_of_police_personnel_killed_on_duty.csv,42_Cases_under_crime_against_women.csv,POLICE_ADMINISTRATION,JUSTICE_COURT,year,1
14_Age_profile_of_police_personnel_killed_on_duty.csv,42_District_wise_crimes_committed_against_women_2001_2012.csv,POLICE_ADMINISTRATION,DISTRICT_WISE_CRIME,year,1
14_Age_profile_of_police_personnel_killed_on_duty.csv,42_District_wise_crimes_committed_against_women_2013.csv,POLICE_ADMINISTRATION,DISTRICT_WISE_CRIME,year,1
14_Age_profile_of_police_personnel_killed_on_duty.csv,42_District_wise_crimes_committed_against_women_2014.csv,POLICE_ADMINISTRATION,DISTRICT_WISE_CRIME,year,1
14_Age_profile_of_police_personnel_killed_on_duty.csv,43_Arrests_under_crime_against_women.csv,POLICE_ADMINISTRATION,ARREST_DISPOSAL,year,1
15_Police_natural_death_and_suicide.csv,16_Casualties_under_police_firing_and_lathi_charge.csv,POLICE_ADMINISTRATION,POLICE_ADMINISTRATION,year,1
15_Police_natural_death_and_suicide.csv,17_Case_reported_and_value_of_property_taken_away_by_place_of_occurrence_2001_2012.csv,POLICE_ADMINISTRATION,PROPERTY_CRIME,year,1
15_Police_natural_death_and_suicide.csv,17_Case_reported_and_value_of_property_taken_away_by_place_of_occurrence_2013.csv,POLICE_ADMINISTRATION,PROPERTY_CRIME,year,1
15_Police_natural_death_and_suicide.csv,17_Crime_by_place_of_occurrence_2001_2012.csv,POLICE_ADMINISTRATION,CRIME_PLACE_OF_OCCURRENCE,year,1
15_Police_natural_death_and_suicide.csv,17_Crime_by_place_of_occurrence_2013.csv,POLICE_ADMINISTRATION,CRIME_PLACE_OF_OCCURRENCE,year,1
15_Police_natural_death_and_suicide.csv,17_Crime_by_place_of_occurrence_2014.csv,POLICE_ADMINISTRATION,CRIME_PLACE_OF_OCCURRENCE,year,1
15_Police_natural_death_and_suicide.csv,18_01_Juveniles_arrested_Education.csv,POLICE_ADMINISTRATION,JUVENILE,year,1
15_Police_natural_death_and_suicide.csv,18_02_Juveniles_arrested_Economic_setup.csv,POLICE_ADMINISTRATION,JUVENILE,year,1
15_Police_natural_death_and_suicide.csv,18_03_Juveniles_arrested_Family_background.csv,POLICE_ADMINISTRATION,JUVENILE,year,1
15_Police_natural_death_and_suicide.csv,18_04_Juveniles_arrested_Recidivism.csv,POLICE_ADMINISTRATION,JUVENILE,year,1
15_Police_natural_death_and_suicide.csv,19_Motive_or_cause_of_murder_and_culpable_homicide_not_amounting_to_murder.csv,POLICE_ADMINISTRATION,VICTIM_OFFENDER_CHARACTERISTICS,year,1
15_Police_natural_death_and_suicide.csv,20_Victims_of_rape.csv,POLICE_ADMINISTRATION,VICTIM_OFFENDER_CHARACTERISTICS,year,1
15_Police_natural_death_and_suicide.csv,21_Offenders_known_to_the_victim.csv,POLICE_ADMINISTRATION,VICTIM_OFFENDER_CHARACTERISTICS,year,1
15_Police_natural_death_and_suicide.csv,22_Persons_arrested_under_recidivism.csv,POLICE_ADMINISTRATION,ARREST_DISPOSAL,year,1
15_Police_natural_death_and_suicide.csv,23_Anti_corruprion_cases.csv,POLICE_ADMINISTRATION,ANTI_CORRUPTION,year,1
15_Police_natural_death_and_suicide.csv,24_Anti_corruption_arrests.csv,POLICE_ADMINISTRATION,ANTI_CORRUPTION,year,1
15_Police_natural_death_and_suicide.csv,25_Complaints_against_police.csv,POLICE_ADMINISTRATION,POLICE_ADMINISTRATION,year,1
15_Police_natural_death_and_suicide.csv,27_Nature_of_complaints_received_by_police.csv,POLICE_ADMINISTRATION,POLICE_ADMINISTRATION,year,1
15_Police_natural_death_and_suicide.csv,28_Trial_of_violent_crimes_by_courts.csv,POLICE_ADMINISTRATION,JUSTICE_COURT,year,1
15_Police_natural_death_and_suicide.csv,29_Period_of_trials_by_courts.csv,POLICE_ADMINISTRATION,JUSTICE_COURT,year,1
15_Police_natural_death_and_suicide.csv,30_Auto_theft.csv,POLICE_ADMINISTRATION,PROPERTY_CRIME,year,1
15_Police_natural_death_and_suicide.csv,31_Serious_fraud.csv,POLICE_ADMINISTRATION,PROPERTY_CRIME,year,1
15_Police_natural_death_and_suicide.csv,32_Murder_victim_age_sex.csv,POLICE_ADMINISTRATION,VICTIM_OFFENDER_CHARACTERISTICS,year,1
15_Police_natural_death_and_suicide.csv,33_CH_not_murder_victim_age_sex.csv,POLICE_ADMINISTRATION,VICTIM_OFFENDER_CHARACTERISTICS,year,1
15_Police_natural_death_and_suicide.csv,34_Use_of_fire_arms_in_murder_cases.csv,POLICE_ADMINISTRATION,VICTIM_OFFENDER_CHARACTERISTICS,year,1
15_Police_natural_death_and_suicide.csv,35_Human_rights_violation_by_police.csv,POLICE_ADMINISTRATION,POLICE_ADMINISTRATION,year,1
15_Police_natural_death_and_suicide.csv,36_Police_housing.csv,POLICE_ADMINISTRATION,POLICE_ADMINISTRATION,year,1
15_Police_natural_death_and_suicide.csv,37_Home_guards_and_auxilliary_force.csv,POLICE_ADMINISTRATION,POLICE_ADMINISTRATION,year,1
15_Police_natural_death_and_suicide.csv,38_Unidentified_dead_bodies_recovered_and_inquest_conducted.csv,POLICE_ADMINISTRATION,OTHER_SPECIALIZED,year,1
15_Police_natural_death_and_suicide.csv,39_Specific_purpose_of_kidnapping_and_abduction.csv,POLICE_ADMINISTRATION,VICTIM_OFFENDER_CHARACTERISTICS,year,1
15_Police_natural_death_and_suicide.csv,40_01_Custodial_death_person_remanded.csv,POLICE_ADMINISTRATION,JUSTICE_COURT,year,1
15_Police_natural_death_and_suicide.csv,40_02_Custodial_death_person_not_remanded.csv,POLICE_ADMINISTRATION,JUSTICE_COURT,year,1
15_Police_natural_death_and_suicide.csv,40_03_Custodial_death_during_production.csv,POLICE_ADMINISTRATION,JUSTICE_COURT,year,1
15_Police_natural_death_and_suicide.csv,40_04_Custodial_death_during_hospitalization_or_treatment.csv,POLICE_ADMINISTRATION,JUSTICE_COURT,year,1
15_Police_natural_death_and_suicide.csv,40_05_Custodial_death_others.csv,POLICE_ADMINISTRATION,JUSTICE_COURT,year,1
15_Police_natural_death_and_suicide.csv,41_Escapes_from_police_custody.csv,POLICE_ADMINISTRATION,POLICE_ADMINISTRATION,year,1
15_Police_natural_death_and_suicide.csv,42_Cases_under_crime_against_women.csv,POLICE_ADMINISTRATION,JUSTICE_COURT,year,1
15_Police_natural_death_and_suicide.csv,42_District_wise_crimes_committed_against_women_2001_2012.csv,POLICE_ADMINISTRATION,DISTRICT_WISE_CRIME,year,1
15_Police_natural_death_and_suicide.csv,42_District_wise_crimes_committed_against_women_2013.csv,POLICE_ADMINISTRATION,DISTRICT_WISE_CRIME,year,1
15_Police_natural_death_and_suicide.csv,42_District_wise_crimes_committed_against_women_2014.csv,POLICE_ADMINISTRATION,DISTRICT_WISE_CRIME,year,1
15_Police_natural_death_and_suicide.csv,43_Arrests_under_crime_against_women.csv,POLICE_ADMINISTRATION,ARREST_DISPOSAL,year,1
16_Casualties_under_police_firing_and_lathi_charge.csv,17_Case_reported_and_value_of_property_taken_away_by_place_of_occurrence_2001_2012.csv,POLICE_ADMINISTRATION,PROPERTY_CRIME,year,1
16_Casualties_under_police_firing_and_lathi_charge.csv,17_Case_reported_and_value_of_property_taken_away_by_place_of_occurrence_2013.csv,POLICE_ADMINISTRATION,PROPERTY_CRIME,year,1
16_Casualties_under_police_firing_and_lathi_charge.csv,17_Crime_by_place_of_occurrence_2001_2012.csv,POLICE_ADMINISTRATION,CRIME_PLACE_OF_OCCURRENCE,year,1
16_Casualties_under_police_firing_and_lathi_charge.csv,17_Crime_by_place_of_occurrence_2013.csv,POLICE_ADMINISTRATION,CRIME_PLACE_OF_OCCURRENCE,year,1
16_Casualties_under_police_firing_and_lathi_charge.csv,17_Crime_by_place_of_occurrence_2014.csv,POLICE_ADMINISTRATION,CRIME_PLACE_OF_OCCURRENCE,year,1
16_Casualties_under_police_firing_and_lathi_charge.csv,18_01_Juveniles_arrested_Education.csv,POLICE_ADMINISTRATION,JUVENILE,year,1
16_Casualties_under_police_firing_and_lathi_charge.csv,18_02_Juveniles_arrested_Economic_setup.csv,POLICE_ADMINISTRATION,JUVENILE,year,1
16_Casualties_under_police_firing_and_lathi_charge.csv,18_03_Juveniles_arrested_Family_background.csv,POLICE_ADMINISTRATION,JUVENILE,year,1
16_Casualties_under_police_firing_and_lathi_charge.csv,18_04_Juveniles_arrested_Recidivism.csv,POLICE_ADMINISTRATION,JUVENILE,year,1
16_Casualties_under_police_firing_and_lathi_charge.csv,19_Motive_or_cause_of_murder_and_culpable_homicide_not_amounting_to_murder.csv,POLICE_ADMINISTRATION,VICTIM_OFFENDER_CHARACTERISTICS,year,1
16_Casualties_under_police_firing_and_lathi_charge.csv,20_Victims_of_rape.csv,POLICE_ADMINISTRATION,VICTIM_OFFENDER_CHARACTERISTICS,year,1
16_Casualties_under_police_firing_and_lathi_charge.csv,21_Offenders_known_to_the_victim.csv,POLICE_ADMINISTRATION,VICTIM_OFFENDER_CHARACTERISTICS,year,1
16_Casualties_under_police_firing_and_lathi_charge.csv,22_Persons_arrested_under_recidivism.csv,POLICE_ADMINISTRATION,ARREST_DISPOSAL,year,1
16_Casualties_under_police_firing_and_lathi_charge.csv,23_Anti_corruprion_cases.csv,POLICE_ADMINISTRATION,ANTI_CORRUPTION,year,1
16_Casualties_under_police_firing_and_lathi_charge.csv,24_Anti_corruption_arrests.csv,POLICE_ADMINISTRATION,ANTI_CORRUPTION,year,1
16_Casualties_under_police_firing_and_lathi_charge.csv,25_Complaints_against_police.csv,POLICE_ADMINISTRATION,POLICE_ADMINISTRATION,year,1
16_Casualties_under_police_firing_and_lathi_charge.csv,27_Nature_of_complaints_received_by_police.csv,POLICE_ADMINISTRATION,POLICE_ADMINISTRATION,year,1
16_Casualties_under_police_firing_and_lathi_charge.csv,28_Trial_of_violent_crimes_by_courts.csv,POLICE_ADMINISTRATION,JUSTICE_COURT,year,1
16_Casualties_under_police_firing_and_lathi_charge.csv,29_Period_of_trials_by_courts.csv,POLICE_ADMINISTRATION,JUSTICE_COURT,year,1
16_Casualties_under_police_firing_and_lathi_charge.csv,30_Auto_theft.csv,POLICE_ADMINISTRATION,PROPERTY_CRIME,year,1
16_Casualties_under_police_firing_and_lathi_charge.csv,31_Serious_fraud.csv,POLICE_ADMINISTRATION,PROPERTY_CRIME,year,1
16_Casualties_under_police_firing_and_lathi_charge.csv,32_Murder_victim_age_sex.csv,POLICE_ADMINISTRATION,VICTIM_OFFENDER_CHARACTERISTICS,year,1
16_Casualties_under_police_firing_and_lathi_charge.csv,33_CH_not_murder_victim_age_sex.csv,POLICE_ADMINISTRATION,VICTIM_OFFENDER_CHARACTERISTICS,year,1
16_Casualties_under_police_firing_and_lathi_charge.csv,34_Use_of_fire_arms_in_murder_cases.csv,POLICE_ADMINISTRATION,VICTIM_OFFENDER_CHARACTERISTICS,year,1
16_Casualties_under_police_firing_and_lathi_charge.csv,35_Human_rights_violation_by_police.csv,POLICE_ADMINISTRATION,POLICE_ADMINISTRATION,year,1
16_Casualties_under_police_firing_and_lathi_charge.csv,36_Police_housing.csv,POLICE_ADMINISTRATION,POLICE_ADMINISTRATION,year,1
16_Casualties_under_police_firing_and_lathi_charge.csv,37_Home_guards_and_auxilliary_force.csv,POLICE_ADMINISTRATION,POLICE_ADMINISTRATION,year,1
16_Casualties_under_police_firing_and_lathi_charge.csv,38_Unidentified_dead_bodies_recovered_and_inquest_conducted.csv,POLICE_ADMINISTRATION,OTHER_SPECIALIZED,year,1
16_Casualties_under_police_firing_and_lathi_charge.csv,39_Specific_purpose_of_kidnapping_and_abduction.csv,POLICE_ADMINISTRATION,VICTIM_OFFENDER_CHARACTERISTICS,year,1
16_Casualties_under_police_firing_and_lathi_charge.csv,40_01_Custodial_death_person_remanded.csv,POLICE_ADMINISTRATION,JUSTICE_COURT,year,1
16_Casualties_under_police_firing_and_lathi_charge.csv,40_02_Custodial_death_person_not_remanded.csv,POLICE_ADMINISTRATION,JUSTICE_COURT,year,1
16_Casualties_under_police_firing_and_lathi_charge.csv,40_03_Custodial_death_during_production.csv,POLICE_ADMINISTRATION,JUSTICE_COURT,year,1
16_Casualties_under_police_firing_and_lathi_charge.csv,40_04_Custodial_death_during_hospitalization_or_treatment.csv,POLICE_ADMINISTRATION,JUSTICE_COURT,year,1
16_Casualties_under_police_firing_and_lathi_charge.csv,40_05_Custodial_death_others.csv,POLICE_ADMINISTRATION,JUSTICE_COURT,year,1
16_Casualties_under_police_firing_and_lathi_charge.csv,41_Escapes_from_police_custody.csv,POLICE_ADMINISTRATION,POLICE_ADMINISTRATION,year,1
16_Casualties_under_police_firing_and_lathi_charge.csv,42_Cases_under_crime_against_women.csv,POLICE_ADMINISTRATION,JUSTICE_COURT,year,1
16_Casualties_under_police_firing_and_lathi_charge.csv,42_District_wise_crimes_committed_against_women_2001_2012.csv,POLICE_ADMINISTRATION,DISTRICT_WISE_CRIME,year,1
16_Casualties_under_police_firing_and_lathi_charge.csv,42_District_wise_crimes_committed_against_women_2013.csv,POLICE_ADMINISTRATION,DISTRICT_WISE_CRIME,year,1
16_Casualties_under_police_firing_and_lathi_charge.csv,42_District_wise_crimes_committed_against_women_2014.csv,POLICE_ADMINISTRATION,DISTRICT_WISE_CRIME,year,1
16_Casualties_under_police_firing_and_lathi_charge.csv,43_Arrests_under_crime_against_women.csv,POLICE_ADMINISTRATION,ARREST_DISPOSAL,year,1
17_Case_reported_and_value_of_property_taken_away_by_place_of_occurrence_2001_2012.csv,17_Case_reported_and_value_of_property_taken_away_by_place_of_occurrence_2013.csv,PROPERTY_CRIME,PROPERTY_CRIME,"year, state",2
17_Case_reported_and_value_of_property_taken_away_by_place_of_occurrence_2001_2012.csv,17_Crime_by_place_of_occurrence_2001_2012.csv,PROPERTY_CRIME,CRIME_PLACE_OF_OCCURRENCE,"year, state",2
17_Case_reported_and_value_of_property_taken_away_by_place_of_occurrence_2001_2012.csv,17_Crime_by_place_of_occurrence_2013.csv,PROPERTY_CRIME,CRIME_PLACE_OF_OCCURRENCE,"year, state",2
17_Case_reported_and_value_of_property_taken_away_by_place_of_occurrence_2001_2012.csv,17_Crime_by_place_of_occurrence_2014.csv,PROPERTY_CRIME,CRIME_PLACE_OF_OCCURRENCE,"year, state",2
17_Case_reported_and_value_of_property_taken_away_by_place_of_occurrence_2001_2012.csv,18_01_Juveniles_arrested_Education.csv,PROPERTY_CRIME,JUVENILE,year,1
17_Case_reported_and_value_of_property_taken_away_by_place_of_occurrence_2001_2012.csv,18_02_Juveniles_arrested_Economic_setup.csv,PROPERTY_CRIME,JUVENILE,year,1
17_Case_reported_and_value_of_property_taken_away_by_place_of_occurrence_2001_2012.csv,18_03_Juveniles_arrested_Family_background.csv,PROPERTY_CRIME,JUVENILE,year,1
17_Case_reported_and_value_of_property_taken_away_by_place_of_occurrence_2001_2012.csv,18_04_Juveniles_arrested_Recidivism.csv,PROPERTY_CRIME,JUVENILE,year,1
17_Case_reported_and_value_of_property_taken_away_by_place_of_occurrence_2001_2012.csv,19_Motive_or_cause_of_murder_and_culpable_homicide_not_amounting_to_murder.csv,PROPERTY_CRIME,VICTIM_OFFENDER_CHARACTERISTICS,year,1
17_Case_reported_and_value_of_property_taken_away_by_place_of_occurrence_2001_2012.csv,20_Victims_of_rape.csv,PROPERTY_CRIME,VICTIM_OFFENDER_CHARACTERISTICS,year,1
17_Case_reported_and_value_of_property_taken_away_by_place_of_occurrence_2001_2012.csv,21_Offenders_known_to_the_victim.csv,PROPERTY_CRIME,VICTIM_OFFENDER_CHARACTERISTICS,year,1
17_Case_reported_and_value_of_property_taken_away_by_place_of_occurrence_2001_2012.csv,22_Persons_arrested_under_recidivism.csv,PROPERTY_CRIME,ARREST_DISPOSAL,year,1
17_Case_reported_and_value_of_property_taken_away_by_place_of_occurrence_2001_2012.csv,23_Anti_corruprion_cases.csv,PROPERTY_CRIME,ANTI_CORRUPTION,year,1
17_Case_reported_and_value_of_property_taken_away_by_place_of_occurrence_2001_2012.csv,24_Anti_corruption_arrests.csv,PROPERTY_CRIME,ANTI_CORRUPTION,year,1
17_Case_reported_and_value_of_property_taken_away_by_place_of_occurrence_2001_2012.csv,25_Complaints_against_police.csv,PROPERTY_CRIME,POLICE_ADMINISTRATION,year,1
17_Case_reported_and_value_of_property_taken_away_by_place_of_occurrence_2001_2012.csv,27_Nature_of_complaints_received_by_police.csv,PROPERTY_CRIME,POLICE_ADMINISTRATION,year,1
17_Case_reported_and_value_of_property_taken_away_by_place_of_occurrence_2001_2012.csv,28_Trial_of_violent_crimes_by_courts.csv,PROPERTY_CRIME,JUSTICE_COURT,year,1
17_Case_reported_and_value_of_property_taken_away_by_place_of_occurrence_2001_2012.csv,29_Period_of_trials_by_courts.csv,PROPERTY_CRIME,JUSTICE_COURT,year,1
17_Case_reported_and_value_of_property_taken_away_by_place_of_occurrence_2001_2012.csv,30_Auto_theft.csv,PROPERTY_CRIME,PROPERTY_CRIME,year,1
17_Case_reported_and_value_of_property_taken_away_by_place_of_occurrence_2001_2012.csv,31_Serious_fraud.csv,PROPERTY_CRIME,PROPERTY_CRIME,year,1
17_Case_reported_and_value_of_property_taken_away_by_place_of_occurrence_2001_2012.csv,32_Murder_victim_age_sex.csv,PROPERTY_CRIME,VICTIM_OFFENDER_CHARACTERISTICS,year,1
17_Case_reported_and_value_of_property_taken_away_by_place_of_occurrence_2001_2012.csv,33_CH_not_murder_victim_age_sex.csv,PROPERTY_CRIME,VICTIM_OFFENDER_CHARACTERISTICS,year,1
17_Case_reported_and_value_of_property_taken_away_by_place_of_occurrence_2001_2012.csv,34_Use_of_fire_arms_in_murder_cases.csv,PROPERTY_CRIME,VICTIM_OFFENDER_CHARACTERISTICS,year,1
17_Case_reported_and_value_of_property_taken_away_by_place_of_occurrence_2001_2012.csv,35_Human_rights_violation_by_police.csv,PROPERTY_CRIME,POLICE_ADMINISTRATION,year,1
17_Case_reported_and_value_of_property_taken_away_by_place_of_occurrence_2001_2012.csv,36_Police_housing.csv,PROPERTY_CRIME,POLICE_ADMINISTRATION,year,1
17_Case_reported_and_value_of_property_taken_away_by_place_of_occurrence_2001_2012.csv,37_Home_guards_and_auxilliary_force.csv,PROPERTY_CRIME,POLICE_ADMINISTRATION,year,1
17_Case_reported_and_value_of_property_taken_away_by_place_of_occurrence_2001_2012.csv,38_Unidentified_dead_bodies_recovered_and_inquest_conducted.csv,PROPERTY_CRIME,OTHER_SPECIALIZED,year,1
17_Case_reported_and_value_of_property_taken_away_by_place_of_occurrence_2001_2012.csv,39_Specific_purpose_of_kidnapping_and_abduction.csv,PROPERTY_CRIME,VICTIM_OFFENDER_CHARACTERISTICS,year,1
17_Case_reported_and_value_of_property_taken_away_by_place_of_occurrence_2001_2012.csv,40_01_Custodial_death_person_remanded.csv,PROPERTY_CRIME,JUSTICE_COURT,year,1
17_Case_reported_and_value_of_property_taken_away_by_place_of_occurrence_2001_2012.csv,40_02_Custodial_death_person_not_remanded.csv,PROPERTY_CRIME,JUSTICE_COURT,year,1
17_Case_reported_and_value_of_property_taken_away_by_place_of_occurrence_2001_2012.csv,40_03_Custodial_death_during_production.csv,PROPERTY_CRIME,JUSTICE_COURT,year,1
17_Case_reported_and_value_of_property_taken_away_by_place_of_occurrence_2001_2012.csv,40_04_Custodial_death_during_hospitalization_or_treatment.csv,PROPERTY_CRIME,JUSTICE_COURT,year,1
17_Case_reported_and_value_of_property_taken_away_by_place_of_occurrence_2001_2012.csv,40_05_Custodial_death_others.csv,PROPERTY_CRIME,JUSTICE_COURT,year,1
17_Case_reported_and_value_of_property_taken_away_by_place_of_occurrence_2001_2012.csv,41_Escapes_from_police_custody.csv,PROPERTY_CRIME,POLICE_ADMINISTRATION,year,1
17_Case_reported_and_value_of_property_taken_away_by_place_of_occurrence_2001_2012.csv,42_Cases_under_crime_against_women.csv,PROPERTY_CRIME,JUSTICE_COURT,year,1
17_Case_reported_and_value_of_property_taken_away_by_place_of_occurrence_2001_2012.csv,42_District_wise_crimes_committed_against_women_2001_2012.csv,PROPERTY_CRIME,DISTRICT_WISE_CRIME,"year, state",2
17_Case_reported_and_value_of_property_taken_away_by_place_of_occurrence_2001_2012.csv,42_District_wise_crimes_committed_against_women_2013.csv,PROPERTY_CRIME,DISTRICT_WISE_CRIME,"year, state",2
17_Case_reported_and_value_of_property_taken_away_by_place_of_occurrence_2001_2012.csv,42_District_wise_crimes_committed_against_women_2014.csv,PROPERTY_CRIME,DISTRICT_WISE_CRIME,"year, state",2
17_Case_reported_and_value_of_property_taken_away_by_place_of_occurrence_2001_2012.csv,43_Arrests_under_crime_against_women.csv,PROPERTY_CRIME,ARREST_DISPOSAL,year,1
17_Case_reported_and_value_of_property_taken_away_by_place_of_occurrence_2013.csv,17_Crime_by_place_of_occurrence_2001_2012.csv,PROPERTY_CRIME,CRIME_PLACE_OF_OCCURRENCE,"year, state",2
17_Case_reported_and_value_of_property_taken_away_by_place_of_occurrence_2013.csv,17_Crime_by_place_of_occurrence_2013.csv,PROPERTY_CRIME,CRIME_PLACE_OF_OCCURRENCE,"year, state",2
17_Case_reported_and_value_of_property_taken_away_by_place_of_occurrence_2013.csv,17_Crime_by_place_of_occurrence_2014.csv,PROPERTY_CRIME,CRIME_PLACE_OF_OCCURRENCE,"year, state",2
17_Case_reported_and_value_of_property_taken_away_by_place_of_occurrence_2013.csv,18_01_Juveniles_arrested_Education.csv,PROPERTY_CRIME,JUVENILE,year,1
17_Case_reported_and_value_of_property_taken_away_by_place_of_occurrence_2013.csv,18_02_Juveniles_arrested_Economic_setup.csv,PROPERTY_CRIME,JUVENILE,year,1
17_Case_reported_and_value_of_property_taken_away_by_place_of_occurrence_2013.csv,18_03_Juveniles_arrested_Family_background.csv,PROPERTY_CRIME,JUVENILE,year,1
17_Case_reported_and_value_of_property_taken_away_by_place_of_occurrence_2013.csv,18_04_Juveniles_arrested_Recidivism.csv,PROPERTY_CRIME,JUVENILE,year,1
17_Case_reported_and_value_of_property_taken_away_by_place_of_occurrence_2013.csv,19_Motive_or_cause_of_murder_and_culpable_homicide_not_amounting_to_murder.csv,PROPERTY_CRIME,VICTIM_OFFENDER_CHARACTERISTICS,year,1
17_Case_reported_and_value_of_property_taken_away_by_place_of_occurrence_2013.csv,20_Victims_of_rape.csv,PROPERTY_CRIME,VICTIM_OFFENDER_CHARACTERISTICS,year,1
17_Case_reported_and_value_of_property_taken_away_by_place_of_occurrence_2013.csv,21_Offenders_known_to_the_victim.csv,PROPERTY_CRIME,VICTIM_OFFENDER_CHARACTERISTICS,year,1
17_Case_reported_and_value_of_property_taken_away_by_place_of_occurrence_2013.csv,22_Persons_arrested_under_recidivism.csv,PROPERTY_CRIME,ARREST_DISPOSAL,year,1
17_Case_reported_and_value_of_property_taken_away_by_place_of_occurrence_2013.csv,23_Anti_corruprion_cases.csv,PROPERTY_CRIME,ANTI_CORRUPTION,year,1
17_Case_reported_and_value_of_property_taken_away_by_place_of_occurrence_2013.csv,24_Anti_corruption_arrests.csv,PROPERTY_CRIME,ANTI_CORRUPTION,year,1
17_Case_reported_and_value_of_property_taken_away_by_place_of_occurrence_2013.csv,25_Complaints_against_police.csv,PROPERTY_CRIME,POLICE_ADMINISTRATION,year,1
17_Case_reported_and_value_of_property_taken_away_by_place_of_occurrence_2013.csv,27_Nature_of_complaints_received_by_police.csv,PROPERTY_CRIME,POLICE_ADMINISTRATION,year,1
17_Case_reported_and_value_of_property_taken_away_by_place_of_occurrence_2013.csv,28_Trial_of_violent_crimes_by_courts.csv,PROPERTY_CRIME,JUSTICE_COURT,year,1
17_Case_reported_and_value_of_property_taken_away_by_place_of_occurrence_2013.csv,29_Period_of_trials_by_courts.csv,PROPERTY_CRIME,JUSTICE_COURT,year,1
17_Case_reported_and_value_of_property_taken_away_by_place_of_occurrence_2013.csv,30_Auto_theft.csv,PROPERTY_CRIME,PROPERTY_CRIME,year,1
17_Case_reported_and_value_of_property_taken_away_by_place_of_occurrence_2013.csv,31_Serious_fraud.csv,PROPERTY_CRIME,PROPERTY_CRIME,year,1
17_Case_reported_and_value_of_property_taken_away_by_place_of_occurrence_2013.csv,32_Murder_victim_age_sex.csv,PROPERTY_CRIME,VICTIM_OFFENDER_CHARACTERISTICS,year,1
17_Case_reported_and_value_of_property_taken_away_by_place_of_occurrence_2013.csv,33_CH_not_murder_victim_age_sex.csv,PROPERTY_CRIME,VICTIM_OFFENDER_CHARACTERISTICS,year,1
17_Case_reported_and_value_of_property_taken_away_by_place_of_occurrence_2013.csv,34_Use_of_fire_arms_in_murder_cases.csv,PROPERTY_CRIME,VICTIM_OFFENDER_CHARACTERISTICS,year,1
17_Case_reported_and_value_of_property_taken_away_by_place_of_occurrence_2013.csv,35_Human_rights_violation_by_police.csv,PROPERTY_CRIME,POLICE_ADMINISTRATION,year,1
17_Case_reported_and_value_of_property_taken_away_by_place_of_occurrence_2013.csv,36_Police_housing.csv,PROPERTY_CRIME,POLICE_ADMINISTRATION,year,1
17_Case_reported_and_value_of_property_taken_away_by_place_of_occurrence_2013.csv,37_Home_guards_and_auxilliary_force.csv,PROPERTY_CRIME,POLICE_ADMINISTRATION,year,1
17_Case_reported_and_value_of_property_taken_away_by_place_of_occurrence_2013.csv,38_Unidentified_dead_bodies_recovered_and_inquest_conducted.csv,PROPERTY_CRIME,OTHER_SPECIALIZED,year,1
17_Case_reported_and_value_of_property_taken_away_by_place_of_occurrence_2013.csv,39_Specific_purpose_of_kidnapping_and_abduction.csv,PROPERTY_CRIME,VICTIM_OFFENDER_CHARACTERISTICS,year,1
17_Case_reported_and_value_of_property_taken_away_by_place_of_occurrence_2013.csv,40_01_Custodial_death_person_remanded.csv,PROPERTY_CRIME,JUSTICE_COURT,year,1
17_Case_reported_and_value_of_property_taken_away_by_place_of_occurrence_2013.csv,40_02_Custodial_death_person_not_remanded.csv,PROPERTY_CRIME,JUSTICE_COURT,year,1
17_Case_reported_and_value_of_property_taken_away_by_place_of_occurrence_2013.csv,40_03_Custodial_death_during_production.csv,PROPERTY_CRIME,JUSTICE_COURT,year,1
17_Case_reported_and_value_of_property_taken_away_by_place_of_occurrence_2013.csv,40_04_Custodial_death_during_hospitalization_or_treatment.csv,PROPERTY_CRIME,JUSTICE_COURT,year,1
17_Case_reported_and_value_of_property_taken_away_by_place_of_occurrence_2013.csv,40_05_Custodial_death_others.csv,PROPERTY_CRIME,JUSTICE_COURT,year,1
17_Case_reported_and_value_of_property_taken_away_by_place_of_occurrence_2013.csv,41_Escapes_from_police_custody.csv,PROPERTY_CRIME,POLICE_ADMINISTRATION,year,1
17_Case_reported_and_value_of_property_taken_away_by_place_of_occurrence_2013.csv,42_Cases_under_crime_against_women.csv,PROPERTY_CRIME,JUSTICE_COURT,year,1
17_Case_reported_and_value_of_property_taken_away_by_place_of_occurrence_2013.csv,42_District_wise_crimes_committed_against_women_2001_2012.csv,PROPERTY_CRIME,DISTRICT_WISE_CRIME,"year, state",2
17_Case_reported_and_value_of_property_taken_away_by_place_of_occurrence_2013.csv,42_District_wise_crimes_committed_against_women_2013.csv,PROPERTY_CRIME,DISTRICT_WISE_CRIME,"year, state",2
17_Case_reported_and_value_of_property_taken_away_by_place_of_occurrence_2013.csv,42_District_wise_crimes_committed_against_women_2014.csv,PROPERTY_CRIME,DISTRICT_WISE_CRIME,"year, state",2
17_Case_reported_and_value_of_property_taken_away_by_place_of_occurrence_2013.csv,43_Arrests_under_crime_against_women.csv,PROPERTY_CRIME,ARREST_DISPOSAL,year,1
17_Crime_by_place_of_occurrence_2001_2012.csv,17_Crime_by_place_of_occurrence_2013.csv,CRIME_PLACE_OF_OCCURRENCE,CRIME_PLACE_OF_OCCURRENCE,"year, state",2
17_Crime_by_place_of_occurrence_2001_2012.csv,17_Crime_by_place_of_occurrence_2014.csv,CRIME_PLACE_OF_OCCURRENCE,CRIME_PLACE_OF_OCCURRENCE,"year, state",2
17_Crime_by_place_of_occurrence_2001_2012.csv,18_01_Juveniles_arrested_Education.csv,CRIME_PLACE_OF_OCCURRENCE,JUVENILE,year,1
17_Crime_by_place_of_occurrence_2001_2012.csv,18_02_Juveniles_arrested_Economic_setup.csv,CRIME_PLACE_OF_OCCURRENCE,JUVENILE,year,1
17_Crime_by_place_of_occurrence_2001_2012.csv,18_03_Juveniles_arrested_Family_background.csv,CRIME_PLACE_OF_OCCURRENCE,JUVENILE,year,1
17_Crime_by_place_of_occurrence_2001_2012.csv,18_04_Juveniles_arrested_Recidivism.csv,CRIME_PLACE_OF_OCCURRENCE,JUVENILE,year,1
17_Crime_by_place_of_occurrence_2001_2012.csv,19_Motive_or_cause_of_murder_and_culpable_homicide_not_amounting_to_murder.csv,CRIME_PLACE_OF_OCCURRENCE,VICTIM_OFFENDER_CHARACTERISTICS,year,1
17_Crime_by_place_of_occurrence_2001_2012.csv,20_Victims_of_rape.csv,CRIME_PLACE_OF_OCCURRENCE,VICTIM_OFFENDER_CHARACTERISTICS,year,1
17_Crime_by_place_of_occurrence_2001_2012.csv,21_Offenders_known_to_the_victim.csv,CRIME_PLACE_OF_OCCURRENCE,VICTIM_OFFENDER_CHARACTERISTICS,year,1
17_Crime_by_place_of_occurrence_2001_2012.csv,22_Persons_arrested_under_recidivism.csv,CRIME_PLACE_OF_OCCURRENCE,ARREST_DISPOSAL,year,1
17_Crime_by_place_of_occurrence_2001_2012.csv,23_Anti_corruprion_cases.csv,CRIME_PLACE_OF_OCCURRENCE,ANTI_CORRUPTION,year,1
17_Crime_by_place_of_occurrence_2001_2012.csv,24_Anti_corruption_arrests.csv,CRIME_PLACE_OF_OCCURRENCE,ANTI_CORRUPTION,year,1
17_Crime_by_place_of_occurrence_2001_2012.csv,25_Complaints_against_police.csv,CRIME_PLACE_OF_OCCURRENCE,POLICE_ADMINISTRATION,year,1
17_Crime_by_place_of_occurrence_2001_2012.csv,27_Nature_of_complaints_received_by_police.csv,CRIME_PLACE_OF_OCCURRENCE,POLICE_ADMINISTRATION,year,1
17_Crime_by_place_of_occurrence_2001_2012.csv,28_Trial_of_violent_crimes_by_courts.csv,CRIME_PLACE_OF_OCCURRENCE,JUSTICE_COURT,year,1
17_Crime_by_place_of_occurrence_2001_2012.csv,29_Period_of_trials_by_courts.csv,CRIME_PLACE_OF_OCCURRENCE,JUSTICE_COURT,year,1
17_Crime_by_place_of_occurrence_2001_2012.csv,30_Auto_theft.csv,CRIME_PLACE_OF_OCCURRENCE,PROPERTY_CRIME,year,1
17_Crime_by_place_of_occurrence_2001_2012.csv,31_Serious_fraud.csv,CRIME_PLACE_OF_OCCURRENCE,PROPERTY_CRIME,year,1
17_Crime_by_place_of_occurrence_2001_2012.csv,32_Murder_victim_age_sex.csv,CRIME_PLACE_OF_OCCURRENCE,VICTIM_OFFENDER_CHARACTERISTICS,year,1
17_Crime_by_place_of_occurrence_2001_2012.csv,33_CH_not_murder_victim_age_sex.csv,CRIME_PLACE_OF_OCCURRENCE,VICTIM_OFFENDER_CHARACTERISTICS,year,1
17_Crime_by_place_of_occurrence_2001_2012.csv,34_Use_of_fire_arms_in_murder_cases.csv,CRIME_PLACE_OF_OCCURRENCE,VICTIM_OFFENDER_CHARACTERISTICS,year,1
17_Crime_by_place_of_occurrence_2001_2012.csv,35_Human_rights_violation_by_police.csv,CRIME_PLACE_OF_OCCURRENCE,POLICE_ADMINISTRATION,year,1
17_Crime_by_place_of_occurrence_2001_2012.csv,36_Police_housing.csv,CRIME_PLACE_OF_OCCURRENCE,POLICE_ADMINISTRATION,year,1
17_Crime_by_place_of_occurrence_2001_2012.csv,37_Home_guards_and_auxilliary_force.csv,CRIME_PLACE_OF_OCCURRENCE,POLICE_ADMINISTRATION,year,1
17_Crime_by_place_of_occurrence_2001_2012.csv,38_Unidentified_dead_bodies_recovered_and_inquest_conducted.csv,CRIME_PLACE_OF_OCCURRENCE,OTHER_SPECIALIZED,year,1
17_Crime_by_place_of_occurrence_2001_2012.csv,39_Specific_purpose_of_kidnapping_and_abduction.csv,CRIME_PLACE_OF_OCCURRENCE,VICTIM_OFFENDER_CHARACTERISTICS,year,1
17_Crime_by_place_of_occurrence_2001_2012.csv,40_01_Custodial_death_person_remanded.csv,CRIME_PLACE_OF_OCCURRENCE,JUSTICE_COURT,year,1
17_Crime_by_place_of_occurrence_2001_2012.csv,40_02_Custodial_death_person_not_remanded.csv,CRIME_PLACE_OF_OCCURRENCE,JUSTICE_COURT,year,1
17_Crime_by_place_of_occurrence_2001_2012.csv,40_03_Custodial_death_during_production.csv,CRIME_PLACE_OF_OCCURRENCE,JUSTICE_COURT,year,1
17_Crime_by_place_of_occurrence_2001_2012.csv,40_04_Custodial_death_during_hospitalization_or_treatment.csv,CRIME_PLACE_OF_OCCURRENCE,JUSTICE_COURT,year,1
17_Crime_by_place_of_occurrence_2001_2012.csv,40_05_Custodial_death_others.csv,CRIME_PLACE_OF_OCCURRENCE,JUSTICE_COURT,year,1
17_Crime_by_place_of_occurrence_2001_2012.csv,41_Escapes_from_police_custody.csv,CRIME_PLACE_OF_OCCURRENCE,POLICE_ADMINISTRATION,year,1
17_Crime_by_place_of_occurrence_2001_2012.csv,42_Cases_under_crime_against_women.csv,CRIME_PLACE_OF_OCCURRENCE,JUSTICE_COURT,year,1
17_Crime_by_place_of_occurrence_2001_2012.csv,42_District_wise_crimes_committed_against_women_2001_2012.csv,CRIME_PLACE_OF_OCCURRENCE,DISTRICT_WISE_CRIME,"year, state",2
17_Crime_by_place_of_occurrence_2001_2012.csv,42_District_wise_crimes_committed_against_women_2013.csv,CRIME_PLACE_OF_OCCURRENCE,DISTRICT_WISE_CRIME,"year, state",2
17_Crime_by_place_of_occurrence_2001_2012.csv,42_District_wise_crimes_committed_against_women_2014.csv,CRIME_PLACE_OF_OCCURRENCE,DISTRICT_WISE_CRIME,"year, state",2
17_Crime_by_place_of_occurrence_2001_2012.csv,43_Arrests_under_crime_against_women.csv,CRIME_PLACE_OF_OCCURRENCE,ARREST_DISPOSAL,year,1
17_Crime_by_place_of_occurrence_2013.csv,17_Crime_by_place_of_occurrence_2014.csv,CRIME_PLACE_OF_OCCURRENCE,CRIME_PLACE_OF_OCCURRENCE,"year, state",2
17_Crime_by_place_of_occurrence_2013.csv,18_01_Juveniles_arrested_Education.csv,CRIME_PLACE_OF_OCCURRENCE,JUVENILE,year,1
17_Crime_by_place_of_occurrence_2013.csv,18_02_Juveniles_arrested_Economic_setup.csv,CRIME_PLACE_OF_OCCURRENCE,JUVENILE,year,1
17_Crime_by_place_of_occurrence_2013.csv,18_03_Juveniles_arrested_Family_background.csv,CRIME_PLACE_OF_OCCURRENCE,JUVENILE,year,1
17_Crime_by_place_of_occurrence_2013.csv,18_04_Juveniles_arrested_Recidivism.csv,CRIME_PLACE_OF_OCCURRENCE,JUVENILE,year,1
17_Crime_by_place_of_occurrence_2013.csv,19_Motive_or_cause_of_murder_and_culpable_homicide_not_amounting_to_murder.csv,CRIME_PLACE_OF_OCCURRENCE,VICTIM_OFFENDER_CHARACTERISTICS,year,1
17_Crime_by_place_of_occurrence_2013.csv,20_Victims_of_rape.csv,CRIME_PLACE_OF_OCCURRENCE,VICTIM_OFFENDER_CHARACTERISTICS,year,1
17_Crime_by_place_of_occurrence_2013.csv,21_Offenders_known_to_the_victim.csv,CRIME_PLACE_OF_OCCURRENCE,VICTIM_OFFENDER_CHARACTERISTICS,year,1
17_Crime_by_place_of_occurrence_2013.csv,22_Persons_arrested_under_recidivism.csv,CRIME_PLACE_OF_OCCURRENCE,ARREST_DISPOSAL,year,1
17_Crime_by_place_of_occurrence_2013.csv,23_Anti_corruprion_cases.csv,CRIME_PLACE_OF_OCCURRENCE,ANTI_CORRUPTION,year,1
17_Crime_by_place_of_occurrence_2013.csv,24_Anti_corruption_arrests.csv,CRIME_PLACE_OF_OCCURRENCE,ANTI_CORRUPTION,year,1
17_Crime_by_place_of_occurrence_2013.csv,25_Complaints_against_police.csv,CRIME_PLACE_OF_OCCURRENCE,POLICE_ADMINISTRATION,year,1
17_Crime_by_place_of_occurrence_2013.csv,27_Nature_of_complaints_received_by_police.csv,CRIME_PLACE_OF_OCCURRENCE,POLICE_ADMINISTRATION,year,1
17_Crime_by_place_of_occurrence_2013.csv,28_Trial_of_violent_crimes_by_courts.csv,CRIME_PLACE_OF_OCCURRENCE,JUSTICE_COURT,year,1
17_Crime_by_place_of_occurrence_2013.csv,29_Period_of_trials_by_courts.csv,CRIME_PLACE_OF_OCCURRENCE,JUSTICE_COURT,year,1
17_Crime_by_place_of_occurrence_2013.csv,30_Auto_theft.csv,CRIME_PLACE_OF_OCCURRENCE,PROPERTY_CRIME,year,1
17_Crime_by_place_of_occurrence_2013.csv,31_Serious_fraud.csv,CRIME_PLACE_OF_OCCURRENCE,PROPERTY_CRIME,year,1
17_Crime_by_place_of_occurrence_2013.csv,32_Murder_victim_age_sex.csv,CRIME_PLACE_OF_OCCURRENCE,VICTIM_OFFENDER_CHARACTERISTICS,year,1
17_Crime_by_place_of_occurrence_2013.csv,33_CH_not_murder_victim_age_sex.csv,CRIME_PLACE_OF_OCCURRENCE,VICTIM_OFFENDER_CHARACTERISTICS,year,1
17_Crime_by_place_of_occurrence_2013.csv,34_Use_of_fire_arms_in_murder_cases.csv,CRIME_PLACE_OF_OCCURRENCE,VICTIM_OFFENDER_CHARACTERISTICS,year,1
17_Crime_by_place_of_occurrence_2013.csv,35_Human_rights_violation_by_police.csv,CRIME_PLACE_OF_OCCURRENCE,POLICE_ADMINISTRATION,year,1
17_Crime_by_place_of_occurrence_2013.csv,36_Police_housing.csv,CRIME_PLACE_OF_OCCURRENCE,POLICE_ADMINISTRATION,year,1
17_Crime_by_place_of_occurrence_2013.csv,37_Home_guards_and_auxilliary_force.csv,CRIME_PLACE_OF_OCCURRENCE,POLICE_ADMINISTRATION,year,1
17_Crime_by_place_of_occurrence_2013.csv,38_Unidentified_dead_bodies_recovered_and_inquest_conducted.csv,CRIME_PLACE_OF_OCCURRENCE,OTHER_SPECIALIZED,year,1
17_Crime_by_place_of_occurrence_2013.csv,39_Specific_purpose_of_kidnapping_and_abduction.csv,CRIME_PLACE_OF_OCCURRENCE,VICTIM_OFFENDER_CHARACTERISTICS,year,1
17_Crime_by_place_of_occurrence_2013.csv,40_01_Custodial_death_person_remanded.csv,CRIME_PLACE_OF_OCCURRENCE,JUSTICE_COURT,year,1
17_Crime_by_place_of_occurrence_2013.csv,40_02_Custodial_death_person_not_remanded.csv,CRIME_PLACE_OF_OCCURRENCE,JUSTICE_COURT,year,1
17_Crime_by_place_of_occurrence_2013.csv,40_03_Custodial_death_during_production.csv,CRIME_PLACE_OF_OCCURRENCE,JUSTICE_COURT,year,1
17_Crime_by_place_of_occurrence_2013.csv,40_04_Custodial_death_during_hospitalization_or_treatment.csv,CRIME_PLACE_OF_OCCURRENCE,JUSTICE_COURT,year,1
17_Crime_by_place_of_occurrence_2013.csv,40_05_Custodial_death_others.csv,CRIME_PLACE_OF_OCCURRENCE,JUSTICE_COURT,year,1
17_Crime_by_place_of_occurrence_2013.csv,41_Escapes_from_police_custody.csv,CRIME_PLACE_OF_OCCURRENCE,POLICE_ADMINISTRATION,year,1
17_Crime_by_place_of_occurrence_2013.csv,42_Cases_under_crime_against_women.csv,CRIME_PLACE_OF_OCCURRENCE,JUSTICE_COURT,year,1
17_Crime_by_place_of_occurrence_2013.csv,42_District_wise_crimes_committed_against_women_2001_2012.csv,CRIME_PLACE_OF_OCCURRENCE,DISTRICT_WISE_CRIME,"year, state",2
17_Crime_by_place_of_occurrence_2013.csv,42_District_wise_crimes_committed_against_women_2013.csv,CRIME_PLACE_OF_OCCURRENCE,DISTRICT_WISE_CRIME,"year, state",2
17_Crime_by_place_of_occurrence_2013.csv,42_District_wise_crimes_committed_against_women_2014.csv,CRIME_PLACE_OF_OCCURRENCE,DISTRICT_WISE_CRIME,"year, state",2
17_Crime_by_place_of_occurrence_2013.csv,43_Arrests_under_crime_against_women.csv,CRIME_PLACE_OF_OCCURRENCE,ARREST_DISPOSAL,year,1
17_Crime_by_place_of_occurrence_2014.csv,18_01_Juveniles_arrested_Education.csv,CRIME_PLACE_OF_OCCURRENCE,JUVENILE,year,1
17_Crime_by_place_of_occurrence_2014.csv,18_02_Juveniles_arrested_Economic_setup.csv,CRIME_PLACE_OF_OCCURRENCE,JUVENILE,year,1
17_Crime_by_place_of_occurrence_2014.csv,18_03_Juveniles_arrested_Family_background.csv,CRIME_PLACE_OF_OCCURRENCE,JUVENILE,year,1
17_Crime_by_place_of_occurrence_2014.csv,18_04_Juveniles_arrested_Recidivism.csv,CRIME_PLACE_OF_OCCURRENCE,JUVENILE,year,1
17_Crime_by_place_of_occurrence_2014.csv,19_Motive_or_cause_of_murder_and_culpable_homicide_not_amounting_to_murder.csv,CRIME_PLACE_OF_OCCURRENCE,VICTIM_OFFENDER_CHARACTERISTICS,year,1
17_Crime_by_place_of_occurrence_2014.csv,20_Victims_of_rape.csv,CRIME_PLACE_OF_OCCURRENCE,VICTIM_OFFENDER_CHARACTERISTICS,year,1
17_Crime_by_place_of_occurrence_2014.csv,21_Offenders_known_to_the_victim.csv,CRIME_PLACE_OF_OCCURRENCE,VICTIM_OFFENDER_CHARACTERISTICS,year,1
17_Crime_by_place_of_occurrence_2014.csv,22_Persons_arrested_under_recidivism.csv,CRIME_PLACE_OF_OCCURRENCE,ARREST_DISPOSAL,year,1
17_Crime_by_place_of_occurrence_2014.csv,23_Anti_corruprion_cases.csv,CRIME_PLACE_OF_OCCURRENCE,ANTI_CORRUPTION,year,1
17_Crime_by_place_of_occurrence_2014.csv,24_Anti_corruption_arrests.csv,CRIME_PLACE_OF_OCCURRENCE,ANTI_CORRUPTION,year,1
17_Crime_by_place_of_occurrence_2014.csv,25_Complaints_against_police.csv,CRIME_PLACE_OF_OCCURRENCE,POLICE_ADMINISTRATION,year,1
17_Crime_by_place_of_occurrence_2014.csv,27_Nature_of_complaints_received_by_police.csv,CRIME_PLACE_OF_OCCURRENCE,POLICE_ADMINISTRATION,year,1
17_Crime_by_place_of_occurrence_2014.csv,28_Trial_of_violent_crimes_by_courts.csv,CRIME_PLACE_OF_OCCURRENCE,JUSTICE_COURT,year,1
17_Crime_by_place_of_occurrence_2014.csv,29_Period_of_trials_by_courts.csv,CRIME_PLACE_OF_OCCURRENCE,JUSTICE_COURT,year,1
17_Crime_by_place_of_occurrence_2014.csv,30_Auto_theft.csv,CRIME_PLACE_OF_OCCURRENCE,PROPERTY_CRIME,year,1
17_Crime_by_place_of_occurrence_2014.csv,31_Serious_fraud.csv,CRIME_PLACE_OF_OCCURRENCE,PROPERTY_CRIME,year,1
17_Crime_by_place_of_occurrence_2014.csv,32_Murder_victim_age_sex.csv,CRIME_PLACE_OF_OCCURRENCE,VICTIM_OFFENDER_CHARACTERISTICS,year,1
17_Crime_by_place_of_occurrence_2014.csv,33_CH_not_murder_victim_age_sex.csv,CRIME_PLACE_OF_OCCURRENCE,VICTIM_OFFENDER_CHARACTERISTICS,year,1
17_Crime_by_place_of_occurrence_2014.csv,34_Use_of_fire_arms_in_murder_cases.csv,CRIME_PLACE_OF_OCCURRENCE,VICTIM_OFFENDER_CHARACTERISTICS,year,1
17_Crime_by_place_of_occurrence_2014.csv,35_Human_rights_violation_by_police.csv,CRIME_PLACE_OF_OCCURRENCE,POLICE_ADMINISTRATION,year,1
17_Crime_by_place_of_occurrence_2014.csv,36_Police_housing.csv,CRIME_PLACE_OF_OCCURRENCE,POLICE_ADMINISTRATION,year,1
17_Crime_by_place_of_occurrence_2014.csv,37_Home_guards_and_auxilliary_force.csv,CRIME_PLACE_OF_OCCURRENCE,POLICE_ADMINISTRATION,year,1
17_Crime_by_place_of_occurrence_2014.csv,38_Unidentified_dead_bodies_recovered_and_inquest_conducted.csv,CRIME_PLACE_OF_OCCURRENCE,OTHER_SPECIALIZED,year,1
17_Crime_by_place_of_occurrence_2014.csv,39_Specific_purpose_of_kidnapping_and_abduction.csv,CRIME_PLACE_OF_OCCURRENCE,VICTIM_OFFENDER_CHARACTERISTICS,year,1
17_Crime_by_place_of_occurrence_2014.csv,40_01_Custodial_death_person_remanded.csv,CRIME_PLACE_OF_OCCURRENCE,JUSTICE_COURT,year,1
17_Crime_by_place_of_occurrence_2014.csv,40_02_Custodial_death_person_not_remanded.csv,CRIME_PLACE_OF_OCCURRENCE,JUSTICE_COURT,year,1
17_Crime_by_place_of_occurrence_2014.csv,40_03_Custodial_death_during_production.csv,CRIME_PLACE_OF_OCCURRENCE,JUSTICE_COURT,year,1
17_Crime_by_place_of_occurrence_2014.csv,40_04_Custodial_death_during_hospitalization_or_treatment.csv,CRIME_PLACE_OF_OCCURRENCE,JUSTICE_COURT,year,1
17_Crime_by_place_of_occurrence_2014.csv,40_05_Custodial_death_others.csv,CRIME_PLACE_OF_OCCURRENCE,JUSTICE_COURT,year,1
17_Crime_by_place_of_occurrence_2014.csv,41_Escapes_from_police_custody.csv,CRIME_PLACE_OF_OCCURRENCE,POLICE_ADMINISTRATION,year,1
17_Crime_by_place_of_occurrence_2014.csv,42_Cases_under_crime_against_women.csv,CRIME_PLACE_OF_OCCURRENCE,JUSTICE_COURT,year,1
17_Crime_by_place_of_occurrence_2014.csv,42_District_wise_crimes_committed_against_women_2001_2012.csv,CRIME_PLACE_OF_OCCURRENCE,DISTRICT_WISE_CRIME,"year, state",2
17_Crime_by_place_of_occurrence_2014.csv,42_District_wise_crimes_committed_against_women_2013.csv,CRIME_PLACE_OF_OCCURRENCE,DISTRICT_WISE_CRIME,"year, state",2
17_Crime_by_place_of_occurrence_2014.csv,42_District_wise_crimes_committed_against_women_2014.csv,CRIME_PLACE_OF_OCCURRENCE,DISTRICT_WISE_CRIME,"year, state",2
17_Crime_by_place_of_occurrence_2014.csv,43_Arrests_under_crime_against_women.csv,CRIME_PLACE_OF_OCCURRENCE,ARREST_DISPOSAL,year,1
18_01_Juveniles_arrested_Education.csv,18_02_Juveniles_arrested_Economic_setup.csv,JUVENILE,JUVENILE,year,1
18_01_Juveniles_arrested_Education.csv,18_03_Juveniles_arrested_Family_background.csv,JUVENILE,JUVENILE,year,1
18_01_Juveniles_arrested_Education.csv,18_04_Juveniles_arrested_Recidivism.csv,JUVENILE,JUVENILE,year,1
18_01_Juveniles_arrested_Education.csv,19_Motive_or_cause_of_murder_and_culpable_homicide_not_amounting_to_murder.csv,JUVENILE,VICTIM_OFFENDER_CHARACTERISTICS,year,1
18_01_Juveniles_arrested_Education.csv,20_Victims_of_rape.csv,JUVENILE,VICTIM_OFFENDER_CHARACTERISTICS,year,1
18_01_Juveniles_arrested_Education.csv,21_Offenders_known_to_the_victim.csv,JUVENILE,VICTIM_OFFENDER_CHARACTERISTICS,year,1
18_01_Juveniles_arrested_Education.csv,22_Persons_arrested_under_recidivism.csv,JUVENILE,ARREST_DISPOSAL,year,1
18_01_Juveniles_arrested_Education.csv,23_Anti_corruprion_cases.csv,JUVENILE,ANTI_CORRUPTION,year,1
18_01_Juveniles_arrested_Education.csv,24_Anti_corruption_arrests.csv,JUVENILE,ANTI_CORRUPTION,year,1
18_01_Juveniles_arrested_Education.csv,25_Complaints_against_police.csv,JUVENILE,POLICE_ADMINISTRATION,year,1
18_01_Juveniles_arrested_Education.csv,27_Nature_of_complaints_received_by_police.csv,JUVENILE,POLICE_ADMINISTRATION,year,1
18_01_Juveniles_arrested_Education.csv,28_Trial_of_violent_crimes_by_courts.csv,JUVENILE,JUSTICE_COURT,year,1
18_01_Juveniles_arrested_Education.csv,29_Period_of_trials_by_courts.csv,JUVENILE,JUSTICE_COURT,year,1
18_01_Juveniles_arrested_Education.csv,30_Auto_theft.csv,JUVENILE,PROPERTY_CRIME,year,1
18_01_Juveniles_arrested_Education.csv,31_Serious_fraud.csv,JUVENILE,PROPERTY_CRIME,year,1
18_01_Juveniles_arrested_Education.csv,32_Murder_victim_age_sex.csv,JUVENILE,VICTIM_OFFENDER_CHARACTERISTICS,year,1
18_01_Juveniles_arrested_Education.csv,33_CH_not_murder_victim_age_sex.csv,JUVENILE,VICTIM_OFFENDER_CHARACTERISTICS,year,1
18_01_Juveniles_arrested_Education.csv,34_Use_of_fire_arms_in_murder_cases.csv,JUVENILE,VICTIM_OFFENDER_CHARACTERISTICS,year,1
18_01_Juveniles_arrested_Education.csv,35_Human_rights_violation_by_police.csv,JUVENILE,POLICE_ADMINISTRATION,year,1
18_01_Juveniles_arrested_Education.csv,36_Police_housing.csv,JUVENILE,POLICE_ADMINISTRATION,year,1
18_01_Juveniles_arrested_Education.csv,37_Home_guards_and_auxilliary_force.csv,JUVENILE,POLICE_ADMINISTRATION,year,1
18_01_Juveniles_arrested_Education.csv,38_Unidentified_dead_bodies_recovered_and_inquest_conducted.csv,JUVENILE,OTHER_SPECIALIZED,year,1
18_01_Juveniles_arrested_Education.csv,39_Specific_purpose_of_kidnapping_and_abduction.csv,JUVENILE,VICTIM_OFFENDER_CHARACTERISTICS,year,1
18_01_Juveniles_arrested_Education.csv,40_01_Custodial_death_person_remanded.csv,JUVENILE,JUSTICE_COURT,year,1
18_01_Juveniles_arrested_Education.csv,40_02_Custodial_death_person_not_remanded.csv,JUVENILE,JUSTICE_COURT,year,1
18_01_Juveniles_arrested_Education.csv,40_03_Custodial_death_during_production.csv,JUVENILE,JUSTICE_COURT,year,1
18_01_Juveniles_arrested_Education.csv,40_04_Custodial_death_during_hospitalization_or_treatment.csv,JUVENILE,JUSTICE_COURT,year,1
18_01_Juveniles_arrested_Education.csv,40_05_Custodial_death_others.csv,JUVENILE,JUSTICE_COURT,year,1
18_01_Juveniles_arrested_Education.csv,41_Escapes_from_police_custody.csv,JUVENILE,POLICE_ADMINISTRATION,year,1
18_01_Juveniles_arrested_Education.csv,42_Cases_under_crime_against_women.csv,JUVENILE,JUSTICE_COURT,year,1
18_01_Juveniles_arrested_Education.csv,42_District_wise_crimes_committed_against_women_2001_2012.csv,JUVENILE,DISTRICT_WISE_CRIME,year,1
18_01_Juveniles_arrested_Education.csv,42_District_wise_crimes_committed_against_women_2013.csv,JUVENILE,DISTRICT_WISE_CRIME,year,1
18_01_Juveniles_arrested_Education.csv,42_District_wise_crimes_committed_against_women_2014.csv,JUVENILE,DISTRICT_WISE_CRIME,year,1
18_01_Juveniles_arrested_Education.csv,43_Arrests_under_crime_against_women.csv,JUVENILE,ARREST_DISPOSAL,year,1
18_02_Juveniles_arrested_Economic_setup.csv,18_03_Juveniles_arrested_Family_background.csv,JUVENILE,JUVENILE,year,1
18_02_Juveniles_arrested_Economic_setup.csv,18_04_Juveniles_arrested_Recidivism.csv,JUVENILE,JUVENILE,year,1
18_02_Juveniles_arrested_Economic_setup.csv,19_Motive_or_cause_of_murder_and_culpable_homicide_not_amounting_to_murder.csv,JUVENILE,VICTIM_OFFENDER_CHARACTERISTICS,year,1
18_02_Juveniles_arrested_Economic_setup.csv,20_Victims_of_rape.csv,JUVENILE,VICTIM_OFFENDER_CHARACTERISTICS,year,1
18_02_Juveniles_arrested_Economic_setup.csv,21_Offenders_known_to_the_victim.csv,JUVENILE,VICTIM_OFFENDER_CHARACTERISTICS,year,1
18_02_Juveniles_arrested_Economic_setup.csv,22_Persons_arrested_under_recidivism.csv,JUVENILE,ARREST_DISPOSAL,year,1
18_02_Juveniles_arrested_Economic_setup.csv,23_Anti_corruprion_cases.csv,JUVENILE,ANTI_CORRUPTION,year,1
18_02_Juveniles_arrested_Economic_setup.csv,24_Anti_corruption_arrests.csv,JUVENILE,ANTI_CORRUPTION,year,1
18_02_Juveniles_arrested_Economic_setup.csv,25_Complaints_against_police.csv,JUVENILE,POLICE_ADMINISTRATION,year,1
18_02_Juveniles_arrested_Economic_setup.csv,27_Nature_of_complaints_received_by_police.csv,JUVENILE,POLICE_ADMINISTRATION,year,1
18_02_Juveniles_arrested_Economic_setup.csv,28_Trial_of_violent_crimes_by_courts.csv,JUVENILE,JUSTICE_COURT,year,1
18_02_Juveniles_arrested_Economic_setup.csv,29_Period_of_trials_by_courts.csv,JUVENILE,JUSTICE_COURT,year,1
18_02_Juveniles_arrested_Economic_setup.csv,30_Auto_theft.csv,JUVENILE,PROPERTY_CRIME,year,1
18_02_Juveniles_arrested_Economic_setup.csv,31_Serious_fraud.csv,JUVENILE,PROPERTY_CRIME,year,1
18_02_Juveniles_arrested_Economic_setup.csv,32_Murder_victim_age_sex.csv,JUVENILE,VICTIM_OFFENDER_CHARACTERISTICS,year,1
18_02_Juveniles_arrested_Economic_setup.csv,33_CH_not_murder_victim_age_sex.csv,JUVENILE,VICTIM_OFFENDER_CHARACTERISTICS,year,1
18_02_Juveniles_arrested_Economic_setup.csv,34_Use_of_fire_arms_in_murder_cases.csv,JUVENILE,VICTIM_OFFENDER_CHARACTERISTICS,year,1
18_02_Juveniles_arrested_Economic_setup.csv,35_Human_rights_violation_by_police.csv,JUVENILE,POLICE_ADMINISTRATION,year,1
18_02_Juveniles_arrested_Economic_setup.csv,36_Police_housing.csv,JUVENILE,POLICE_ADMINISTRATION,year,1
18_02_Juveniles_arrested_Economic_setup.csv,37_Home_guards_and_auxilliary_force.csv,JUVENILE,POLICE_ADMINISTRATION,year,1
18_02_Juveniles_arrested_Economic_setup.csv,38_Unidentified_dead_bodies_recovered_and_inquest_conducted.csv,JUVENILE,OTHER_SPECIALIZED,year,1
18_02_Juveniles_arrested_Economic_setup.csv,39_Specific_purpose_of_kidnapping_and_abduction.csv,JUVENILE,VICTIM_OFFENDER_CHARACTERISTICS,year,1
18_02_Juveniles_arrested_Economic_setup.csv,40_01_Custodial_death_person_remanded.csv,JUVENILE,JUSTICE_COURT,year,1
18_02_Juveniles_arrested_Economic_setup.csv,40_02_Custodial_death_person_not_remanded.csv,JUVENILE,JUSTICE_COURT,year,1
18_02_Juveniles_arrested_Economic_setup.csv,40_03_Custodial_death_during_production.csv,JUVENILE,JUSTICE_COURT,year,1
18_02_Juveniles_arrested_Economic_setup.csv,40_04_Custodial_death_during_hospitalization_or_treatment.csv,JUVENILE,JUSTICE_COURT,year,1
18_02_Juveniles_arrested_Economic_setup.csv,40_05_Custodial_death_others.csv,JUVENILE,JUSTICE_COURT,year,1
18_02_Juveniles_arrested_Economic_setup.csv,41_Escapes_from_police_custody.csv,JUVENILE,POLICE_ADMINISTRATION,year,1
18_02_Juveniles_arrested_Economic_setup.csv,42_Cases_under_crime_against_women.csv,JUVENILE,JUSTICE_COURT,year,1
18_02_Juveniles_arrested_Economic_setup.csv,42_District_wise_crimes_committed_against_women_2001_2012.csv,JUVENILE,DISTRICT_WISE_CRIME,year,1
18_02_Juveniles_arrested_Economic_setup.csv,42_District_wise_crimes_committed_against_women_2013.csv,JUVENILE,DISTRICT_WISE_CRIME,year,1
18_02_Juveniles_arrested_Economic_setup.csv,42_District_wise_crimes_committed_against_women_2014.csv,JUVENILE,DISTRICT_WISE_CRIME,year,1
18_02_Juveniles_arrested_Economic_setup.csv,43_Arrests_under_crime_against_women.csv,JUVENILE,ARREST_DISPOSAL,year,1
18_03_Juveniles_arrested_Family_background.csv,18_04_Juveniles_arrested_Recidivism.csv,JUVENILE,JUVENILE,year,1
18_03_Juveniles_arrested_Family_background.csv,19_Motive_or_cause_of_murder_and_culpable_homicide_not_amounting_to_murder.csv,JUVENILE,VICTIM_OFFENDER_CHARACTERISTICS,year,1
18_03_Juveniles_arrested_Family_background.csv,20_Victims_of_rape.csv,JUVENILE,VICTIM_OFFENDER_CHARACTERISTICS,year,1
18_03_Juveniles_arrested_Family_background.csv,21_Offenders_known_to_the_victim.csv,JUVENILE,VICTIM_OFFENDER_CHARACTERISTICS,year,1
18_03_Juveniles_arrested_Family_background.csv,22_Persons_arrested_under_recidivism.csv,JUVENILE,ARREST_DISPOSAL,year,1
18_03_Juveniles_arrested_Family_background.csv,23_Anti_corruprion_cases.csv,JUVENILE,ANTI_CORRUPTION,year,1
18_03_Juveniles_arrested_Family_background.csv,24_Anti_corruption_arrests.csv,JUVENILE,ANTI_CORRUPTION,year,1
18_03_Juveniles_arrested_Family_background.csv,25_Complaints_against_police.csv,JUVENILE,POLICE_ADMINISTRATION,year,1
18_03_Juveniles_arrested_Family_background.csv,27_Nature_of_complaints_received_by_police.csv,JUVENILE,POLICE_ADMINISTRATION,year,1
18_03_Juveniles_arrested_Family_background.csv,28_Trial_of_violent_crimes_by_courts.csv,JUVENILE,JUSTICE_COURT,year,1
18_03_Juveniles_arrested_Family_background.csv,29_Period_of_trials_by_courts.csv,JUVENILE,JUSTICE_COURT,year,1
18_03_Juveniles_arrested_Family_background.csv,30_Auto_theft.csv,JUVENILE,PROPERTY_CRIME,year,1
18_03_Juveniles_arrested_Family_background.csv,31_Serious_fraud.csv,JUVENILE,PROPERTY_CRIME,year,1
18_03_Juveniles_arrested_Family_background.csv,32_Murder_victim_age_sex.csv,JUVENILE,VICTIM_OFFENDER_CHARACTERISTICS,year,1
18_03_Juveniles_arrested_Family_background.csv,33_CH_not_murder_victim_age_sex.csv,JUVENILE,VICTIM_OFFENDER_CHARACTERISTICS,year,1
18_03_Juveniles_arrested_Family_background.csv,34_Use_of_fire_arms_in_murder_cases.csv,JUVENILE,VICTIM_OFFENDER_CHARACTERISTICS,year,1
18_03_Juveniles_arrested_Family_background.csv,35_Human_rights_violation_by_police.csv,JUVENILE,POLICE_ADMINISTRATION,year,1
18_03_Juveniles_arrested_Family_background.csv,36_Police_housing.csv,JUVENILE,POLICE_ADMINISTRATION,year,1
18_03_Juveniles_arrested_Family_background.csv,37_Home_guards_and_auxilliary_force.csv,JUVENILE,POLICE_ADMINISTRATION,year,1
18_03_Juveniles_arrested_Family_background.csv,38_Unidentified_dead_bodies_recovered_and_inquest_conducted.csv,JUVENILE,OTHER_SPECIALIZED,year,1
18_03_Juveniles_arrested_Family_background.csv,39_Specific_purpose_of_kidnapping_and_abduction.csv,JUVENILE,VICTIM_OFFENDER_CHARACTERISTICS,year,1
18_03_Juveniles_arrested_Family_background.csv,40_01_Custodial_death_person_remanded.csv,JUVENILE,JUSTICE_COURT,year,1
18_03_Juveniles_arrested_Family_background.csv,40_02_Custodial_death_person_not_remanded.csv,JUVENILE,JUSTICE_COURT,year,1
18_03_Juveniles_arrested_Family_background.csv,40_03_Custodial_death_during_production.csv,JUVENILE,JUSTICE_COURT,year,1
18_03_Juveniles_arrested_Family_background.csv,40_04_Custodial_death_during_hospitalization_or_treatment.csv,JUVENILE,JUSTICE_COURT,year,1
18_03_Juveniles_arrested_Family_background.csv,40_05_Custodial_death_others.csv,JUVENILE,JUSTICE_COURT,year,1
18_03_Juveniles_arrested_Family_background.csv,41_Escapes_from_police_custody.csv,JUVENILE,POLICE_ADMINISTRATION,year,1
18_03_Juveniles_arrested_Family_background.csv,42_Cases_under_crime_against_women.csv,JUVENILE,JUSTICE_COURT,year,1
18_03_Juveniles_arrested_Family_background.csv,42_District_wise_crimes_committed_against_women_2001_2012.csv,JUVENILE,DISTRICT_WISE_CRIME,year,1
18_03_Juveniles_arrested_Family_background.csv,42_District_wise_crimes_committed_against_women_2013.csv,JUVENILE,DISTRICT_WISE_CRIME,year,1
18_03_Juveniles_arrested_Family_background.csv,42_District_wise_crimes_committed_against_women_2014.csv,JUVENILE,DISTRICT_WISE_CRIME,year,1
18_03_Juveniles_arrested_Family_background.csv,43_Arrests_under_crime_against_women.csv,JUVENILE,ARREST_DISPOSAL,year,1
18_04_Juveniles_arrested_Recidivism.csv,19_Motive_or_cause_of_murder_and_culpable_homicide_not_amounting_to_murder.csv,JUVENILE,VICTIM_OFFENDER_CHARACTERISTICS,year,1
18_04_Juveniles_arrested_Recidivism.csv,20_Victims_of_rape.csv,JUVENILE,VICTIM_OFFENDER_CHARACTERISTICS,year,1
18_04_Juveniles_arrested_Recidivism.csv,21_Offenders_known_to_the_victim.csv,JUVENILE,VICTIM_OFFENDER_CHARACTERISTICS,year,1
18_04_Juveniles_arrested_Recidivism.csv,22_Persons_arrested_under_recidivism.csv,JUVENILE,ARREST_DISPOSAL,year,1
18_04_Juveniles_arrested_Recidivism.csv,23_Anti_corruprion_cases.csv,JUVENILE,ANTI_CORRUPTION,year,1
18_04_Juveniles_arrested_Recidivism.csv,24_Anti_corruption_arrests.csv,JUVENILE,ANTI_CORRUPTION,year,1
18_04_Juveniles_arrested_Recidivism.csv,25_Complaints_against_police.csv,JUVENILE,POLICE_ADMINISTRATION,year,1
18_04_Juveniles_arrested_Recidivism.csv,27_Nature_of_complaints_received_by_police.csv,JUVENILE,POLICE_ADMINISTRATION,year,1
18_04_Juveniles_arrested_Recidivism.csv,28_Trial_of_violent_crimes_by_courts.csv,JUVENILE,JUSTICE_COURT,year,1
18_04_Juveniles_arrested_Recidivism.csv,29_Period_of_trials_by_courts.csv,JUVENILE,JUSTICE_COURT,year,1
18_04_Juveniles_arrested_Recidivism.csv,30_Auto_theft.csv,JUVENILE,PROPERTY_CRIME,year,1
18_04_Juveniles_arrested_Recidivism.csv,31_Serious_fraud.csv,JUVENILE,PROPERTY_CRIME,year,1
18_04_Juveniles_arrested_Recidivism.csv,32_Murder_victim_age_sex.csv,JUVENILE,VICTIM_OFFENDER_CHARACTERISTICS,year,1
18_04_Juveniles_arrested_Recidivism.csv,33_CH_not_murder_victim_age_sex.csv,JUVENILE,VICTIM_OFFENDER_CHARACTERISTICS,year,1
18_04_Juveniles_arrested_Recidivism.csv,34_Use_of_fire_arms_in_murder_cases.csv,JUVENILE,VICTIM_OFFENDER_CHARACTERISTICS,year,1
18_04_Juveniles_arrested_Recidivism.csv,35_Human_rights_violation_by_police.csv,JUVENILE,POLICE_ADMINISTRATION,year,1
18_04_Juveniles_arrested_Recidivism.csv,36_Police_housing.csv,JUVENILE,POLICE_ADMINISTRATION,year,1
18_04_Juveniles_arrested_Recidivism.csv,37_Home_guards_and_auxilliary_force.csv,JUVENILE,POLICE_ADMINISTRATION,year,1
18_04_Juveniles_arrested_Recidivism.csv,38_Unidentified_dead_bodies_recovered_and_inquest_conducted.csv,JUVENILE,OTHER_SPECIALIZED,year,1
18_04_Juveniles_arrested_Recidivism.csv,39_Specific_purpose_of_kidnapping_and_abduction.csv,JUVENILE,VICTIM_OFFENDER_CHARACTERISTICS,year,1
18_04_Juveniles_arrested_Recidivism.csv,40_01_Custodial_death_person_remanded.csv,JUVENILE,JUSTICE_COURT,year,1
18_04_Juveniles_arrested_Recidivism.csv,40_02_Custodial_death_person_not_remanded.csv,JUVENILE,JUSTICE_COURT,year,1
18_04_Juveniles_arrested_Recidivism.csv,40_03_Custodial_death_during_production.csv,JUVENILE,JUSTICE_COURT,year,1
18_04_Juveniles_arrested_Recidivism.csv,40_04_Custodial_death_during_hospitalization_or_treatment.csv,JUVENILE,JUSTICE_COURT,year,1
18_04_Juveniles_arrested_Recidivism.csv,40_05_Custodial_death_others.csv,JUVENILE,JUSTICE_COURT,year,1
18_04_Juveniles_arrested_Recidivism.csv,41_Escapes_from_police_custody.csv,JUVENILE,POLICE_ADMINISTRATION,year,1
18_04_Juveniles_arrested_Recidivism.csv,42_Cases_under_crime_against_women.csv,JUVENILE,JUSTICE_COURT,year,1
18_04_Juveniles_arrested_Recidivism.csv,42_District_wise_crimes_committed_against_women_2001_2012.csv,JUVENILE,DISTRICT_WISE_CRIME,year,1
18_04_Juveniles_arrested_Recidivism.csv,42_District_wise_crimes_committed_against_women_2013.csv,JUVENILE,DISTRICT_WISE_CRIME,year,1
18_04_Juveniles_arrested_Recidivism.csv,42_District_wise_crimes_committed_against_women_2014.csv,JUVENILE,DISTRICT_WISE_CRIME,year,1
18_04_Juveniles_arrested_Recidivism.csv,43_Arrests_under_crime_against_women.csv,JUVENILE,ARREST_DISPOSAL,year,1
19_Motive_or_cause_of_murder_and_culpable_homicide_not_amounting_to_murder.csv,20_Victims_of_rape.csv,VICTIM_OFFENDER_CHARACTERISTICS,VICTIM_OFFENDER_CHARACTERISTICS,year,1
19_Motive_or_cause_of_murder_and_culpable_homicide_not_amounting_to_murder.csv,21_Offenders_known_to_the_victim.csv,VICTIM_OFFENDER_CHARACTERISTICS,VICTIM_OFFENDER_CHARACTERISTICS,year,1
19_Motive_or_cause_of_murder_and_culpable_homicide_not_amounting_to_murder.csv,22_Persons_arrested_under_recidivism.csv,VICTIM_OFFENDER_CHARACTERISTICS,ARREST_DISPOSAL,year,1
19_Motive_or_cause_of_murder_and_culpable_homicide_not_amounting_to_murder.csv,23_Anti_corruprion_cases.csv,VICTIM_OFFENDER_CHARACTERISTICS,ANTI_CORRUPTION,year,1
19_Motive_or_cause_of_murder_and_culpable_homicide_not_amounting_to_murder.csv,24_Anti_corruption_arrests.csv,VICTIM_OFFENDER_CHARACTERISTICS,ANTI_CORRUPTION,year,1
19_Motive_or_cause_of_murder_and_culpable_homicide_not_amounting_to_murder.csv,25_Complaints_against_police.csv,VICTIM_OFFENDER_CHARACTERISTICS,POLICE_ADMINISTRATION,year,1
19_Motive_or_cause_of_murder_and_culpable_homicide_not_amounting_to_murder.csv,27_Nature_of_complaints_received_by_police.csv,VICTIM_OFFENDER_CHARACTERISTICS,POLICE_ADMINISTRATION,year,1
19_Motive_or_cause_of_murder_and_culpable_homicide_not_amounting_to_murder.csv,28_Trial_of_violent_crimes_by_courts.csv,VICTIM_OFFENDER_CHARACTERISTICS,JUSTICE_COURT,year,1
19_Motive_or_cause_of_murder_and_culpable_homicide_not_amounting_to_murder.csv,29_Period_of_trials_by_courts.csv,VICTIM_OFFENDER_CHARACTERISTICS,JUSTICE_COURT,year,1
19_Motive_or_cause_of_murder_and_culpable_homicide_not_amounting_to_murder.csv,30_Auto_theft.csv,VICTIM_OFFENDER_CHARACTERISTICS,PROPERTY_CRIME,year,1
19_Motive_or_cause_of_murder_and_culpable_homicide_not_amounting_to_murder.csv,31_Serious_fraud.csv,VICTIM_OFFENDER_CHARACTERISTICS,PROPERTY_CRIME,year,1
19_Motive_or_cause_of_murder_and_culpable_homicide_not_amounting_to_murder.csv,32_Murder_victim_age_sex.csv,VICTIM_OFFENDER_CHARACTERISTICS,VICTIM_OFFENDER_CHARACTERISTICS,year,1
19_Motive_or_cause_of_murder_and_culpable_homicide_not_amounting_to_murder.csv,33_CH_not_murder_victim_age_sex.csv,VICTIM_OFFENDER_CHARACTERISTICS,VICTIM_OFFENDER_CHARACTERISTICS,year,1
19_Motive_or_cause_of_murder_and_culpable_homicide_not_amounting_to_murder.csv,34_Use_of_fire_arms_in_murder_cases.csv,VICTIM_OFFENDER_CHARACTERISTICS,VICTIM_OFFENDER_CHARACTERISTICS,year,1
19_Motive_or_cause_of_murder_and_culpable_homicide_not_amounting_to_murder.csv,35_Human_rights_violation_by_police.csv,VICTIM_OFFENDER_CHARACTERISTICS,POLICE_ADMINISTRATION,year,1
19_Motive_or_cause_of_murder_and_culpable_homicide_not_amounting_to_murder.csv,36_Police_housing.csv,VICTIM_OFFENDER_CHARACTERISTICS,POLICE_ADMINISTRATION,year,1
19_Motive_or_cause_of_murder_and_culpable_homicide_not_amounting_to_murder.csv,37_Home_guards_and_auxilliary_force.csv,VICTIM_OFFENDER_CHARACTERISTICS,POLICE_ADMINISTRATION,year,1
19_Motive_or_cause_of_murder_and_culpable_homicide_not_amounting_to_murder.csv,38_Unidentified_dead_bodies_recovered_and_inquest_conducted.csv,VICTIM_OFFENDER_CHARACTERISTICS,OTHER_SPECIALIZED,year,1
19_Motive_or_cause_of_murder_and_culpable_homicide_not_amounting_to_murder.csv,39_Specific_purpose_of_kidnapping_and_abduction.csv,VICTIM_OFFENDER_CHARACTERISTICS,VICTIM_OFFENDER_CHARACTERISTICS,year,1
19_Motive_or_cause_of_murder_and_culpable_homicide_not_amounting_to_murder.csv,40_01_Custodial_death_person_remanded.csv,VICTIM_OFFENDER_CHARACTERISTICS,JUSTICE_COURT,year,1
19_Motive_or_cause_of_murder_and_culpable_homicide_not_amounting_to_murder.csv,40_02_Custodial_death_person_not_remanded.csv,VICTIM_OFFENDER_CHARACTERISTICS,JUSTICE_COURT,year,1
19_Motive_or_cause_of_murder_and_culpable_homicide_not_amounting_to_murder.csv,40_03_Custodial_death_during_production.csv,VICTIM_OFFENDER_CHARACTERISTICS,JUSTICE_COURT,year,1
19_Motive_or_cause_of_murder_and_culpable_homicide_not_amounting_to_murder.csv,40_04_Custodial_death_during_hospitalization_or_treatment.csv,VICTIM_OFFENDER_CHARACTERISTICS,JUSTICE_COURT,year,1
19_Motive_or_cause_of_murder_and_culpable_homicide_not_amounting_to_murder.csv,40_05_Custodial_death_others.csv,VICTIM_OFFENDER_CHARACTERISTICS,JUSTICE_COURT,year,1
19_Motive_or_cause_of_murder_and_culpable_homicide_not_amounting_to_murder.csv,41_Escapes_from_police_custody.csv,VICTIM_OFFENDER_CHARACTERISTICS,POLICE_ADMINISTRATION,year,1
19_Motive_or_cause_of_murder_and_culpable_homicide_not_amounting_to_murder.csv,42_Cases_under_crime_against_women.csv,VICTIM_OFFENDER_CHARACTERISTICS,JUSTICE_COURT,year,1
19_Motive_or_cause_of_murder_and_culpable_homicide_not_amounting_to_murder.csv,42_District_wise_crimes_committed_against_women_2001_2012.csv,VICTIM_OFFENDER_CHARACTERISTICS,DISTRICT_WISE_CRIME,year,1
19_Motive_or_cause_of_murder_and_culpable_homicide_not_amounting_to_murder.csv,42_District_wise_crimes_committed_against_women_2013.csv,VICTIM_OFFENDER_CHARACTERISTICS,DISTRICT_WISE_CRIME,year,1
19_Motive_or_cause_of_murder_and_culpable_homicide_not_amounting_to_murder.csv,42_District_wise_crimes_committed_against_women_2014.csv,VICTIM_OFFENDER_CHARACTERISTICS,DISTRICT_WISE_CRIME,year,1
19_Motive_or_cause_of_murder_and_culpable_homicide_not_amounting_to_murder.csv,43_Arrests_under_crime_against_women.csv,VICTIM_OFFENDER_CHARACTERISTICS,ARREST_DISPOSAL,year,1
20_Victims_of_rape.csv,21_Offenders_known_to_the_victim.csv,VICTIM_OFFENDER_CHARACTERISTICS,VICTIM_OFFENDER_CHARACTERISTICS,year,1
20_Victims_of_rape.csv,22_Persons_arrested_under_recidivism.csv,VICTIM_OFFENDER_CHARACTERISTICS,ARREST_DISPOSAL,year,1
20_Victims_of_rape.csv,23_Anti_corruprion_cases.csv,VICTIM_OFFENDER_CHARACTERISTICS,ANTI_CORRUPTION,year,1
20_Victims_of_rape.csv,24_Anti_corruption_arrests.csv,VICTIM_OFFENDER_CHARACTERISTICS,ANTI_CORRUPTION,year,1
20_Victims_of_rape.csv,25_Complaints_against_police.csv,VICTIM_OFFENDER_CHARACTERISTICS,POLICE_ADMINISTRATION,year,1
20_Victims_of_rape.csv,27_Nature_of_complaints_received_by_police.csv,VICTIM_OFFENDER_CHARACTERISTICS,POLICE_ADMINISTRATION,year,1
20_Victims_of_rape.csv,28_Trial_of_violent_crimes_by_courts.csv,VICTIM_OFFENDER_CHARACTERISTICS,JUSTICE_COURT,year,1
20_Victims_of_rape.csv,29_Period_of_trials_by_courts.csv,VICTIM_OFFENDER_CHARACTERISTICS,JUSTICE_COURT,year,1
20_Victims_of_rape.csv,30_Auto_theft.csv,VICTIM_OFFENDER_CHARACTERISTICS,PROPERTY_CRIME,year,1
20_Victims_of_rape.csv,31_Serious_fraud.csv,VICTIM_OFFENDER_CHARACTERISTICS,PROPERTY_CRIME,year,1
20_Victims_of_rape.csv,32_Murder_victim_age_sex.csv,VICTIM_OFFENDER_CHARACTERISTICS,VICTIM_OFFENDER_CHARACTERISTICS,year,1
20_Victims_of_rape.csv,33_CH_not_murder_victim_age_sex.csv,VICTIM_OFFENDER_CHARACTERISTICS,VICTIM_OFFENDER_CHARACTERISTICS,year,1
20_Victims_of_rape.csv,34_Use_of_fire_arms_in_murder_cases.csv,VICTIM_OFFENDER_CHARACTERISTICS,VICTIM_OFFENDER_CHARACTERISTICS,year,1
20_Victims_of_rape.csv,35_Human_rights_violation_by_police.csv,VICTIM_OFFENDER_CHARACTERISTICS,POLICE_ADMINISTRATION,year,1
20_Victims_of_rape.csv,36_Police_housing.csv,VICTIM_OFFENDER_CHARACTERISTICS,POLICE_ADMINISTRATION,year,1
20_Victims_of_rape.csv,37_Home_guards_and_auxilliary_force.csv,VICTIM_OFFENDER_CHARACTERISTICS,POLICE_ADMINISTRATION,year,1
20_Victims_of_rape.csv,38_Unidentified_dead_bodies_recovered_and_inquest_conducted.csv,VICTIM_OFFENDER_CHARACTERISTICS,OTHER_SPECIALIZED,year,1
20_Victims_of_rape.csv,39_Specific_purpose_of_kidnapping_and_abduction.csv,VICTIM_OFFENDER_CHARACTERISTICS,VICTIM_OFFENDER_CHARACTERISTICS,year,1
20_Victims_of_rape.csv,40_01_Custodial_death_person_remanded.csv,VICTIM_OFFENDER_CHARACTERISTICS,JUSTICE_COURT,year,1
20_Victims_of_rape.csv,40_02_Custodial_death_person_not_remanded.csv,VICTIM_OFFENDER_CHARACTERISTICS,JUSTICE_COURT,year,1
20_Victims_of_rape.csv,40_03_Custodial_death_during_production.csv,VICTIM_OFFENDER_CHARACTERISTICS,JUSTICE_COURT,year,1
20_Victims_of_rape.csv,40_04_Custodial_death_during_hospitalization_or_treatment.csv,VICTIM_OFFENDER_CHARACTERISTICS,JUSTICE_COURT,year,1
20_Victims_of_rape.csv,40_05_Custodial_death_others.csv,VICTIM_OFFENDER_CHARACTERISTICS,JUSTICE_COURT,year,1
20_Victims_of_rape.csv,41_Escapes_from_police_custody.csv,VICTIM_OFFENDER_CHARACTERISTICS,POLICE_ADMINISTRATION,year,1
20_Victims_of_rape.csv,42_Cases_under_crime_against_women.csv,VICTIM_OFFENDER_CHARACTERISTICS,JUSTICE_COURT,year,1
20_Victims_of_rape.csv,42_District_wise_crimes_committed_against_women_2001_2012.csv,VICTIM_OFFENDER_CHARACTERISTICS,DISTRICT_WISE_CRIME,year,1
20_Victims_of_rape.csv,42_District_wise_crimes_committed_against_women_2013.csv,VICTIM_OFFENDER_CHARACTERISTICS,DISTRICT_WISE_CRIME,year,1
20_Victims_of_rape.csv,42_District_wise_crimes_committed_against_women_2014.csv,VICTIM_OFFENDER_CHARACTERISTICS,DISTRICT_WISE_CRIME,year,1
20_Victims_of_rape.csv,43_Arrests_under_crime_against_women.csv,VICTIM_OFFENDER_CHARACTERISTICS,ARREST_DISPOSAL,year,1
21_Offenders_known_to_the_victim.csv,22_Persons_arrested_under_recidivism.csv,VICTIM_OFFENDER_CHARACTERISTICS,ARREST_DISPOSAL,year,1
21_Offenders_known_to_the_victim.csv,23_Anti_corruprion_cases.csv,VICTIM_OFFENDER_CHARACTERISTICS,ANTI_CORRUPTION,year,1
21_Offenders_known_to_the_victim.csv,24_Anti_corruption_arrests.csv,VICTIM_OFFENDER_CHARACTERISTICS,ANTI_CORRUPTION,year,1
21_Offenders_known_to_the_victim.csv,25_Complaints_against_police.csv,VICTIM_OFFENDER_CHARACTERISTICS,POLICE_ADMINISTRATION,year,1
21_Offenders_known_to_the_victim.csv,27_Nature_of_complaints_received_by_police.csv,VICTIM_OFFENDER_CHARACTERISTICS,POLICE_ADMINISTRATION,year,1
21_Offenders_known_to_the_victim.csv,28_Trial_of_violent_crimes_by_courts.csv,VICTIM_OFFENDER_CHARACTERISTICS,JUSTICE_COURT,year,1
21_Offenders_known_to_the_victim.csv,29_Period_of_trials_by_courts.csv,VICTIM_OFFENDER_CHARACTERISTICS,JUSTICE_COURT,year,1
21_Offenders_known_to_the_victim.csv,30_Auto_theft.csv,VICTIM_OFFENDER_CHARACTERISTICS,PROPERTY_CRIME,year,1
21_Offenders_known_to_the_victim.csv,31_Serious_fraud.csv,VICTIM_OFFENDER_CHARACTERISTICS,PROPERTY_CRIME,year,1
21_Offenders_known_to_the_victim.csv,32_Murder_victim_age_sex.csv,VICTIM_OFFENDER_CHARACTERISTICS,VICTIM_OFFENDER_CHARACTERISTICS,year,1
21_Offenders_known_to_the_victim.csv,33_CH_not_murder_victim_age_sex.csv,VICTIM_OFFENDER_CHARACTERISTICS,VICTIM_OFFENDER_CHARACTERISTICS,year,1
21_Offenders_known_to_the_victim.csv,34_Use_of_fire_arms_in_murder_cases.csv,VICTIM_OFFENDER_CHARACTERISTICS,VICTIM_OFFENDER_CHARACTERISTICS,year,1
21_Offenders_known_to_the_victim.csv,35_Human_rights_violation_by_police.csv,VICTIM_OFFENDER_CHARACTERISTICS,POLICE_ADMINISTRATION,year,1
21_Offenders_known_to_the_victim.csv,36_Police_housing.csv,VICTIM_OFFENDER_CHARACTERISTICS,POLICE_ADMINISTRATION,year,1
21_Offenders_known_to_the_victim.csv,37_Home_guards_and_auxilliary_force.csv,VICTIM_OFFENDER_CHARACTERISTICS,POLICE_ADMINISTRATION,year,1
21_Offenders_known_to_the_victim.csv,38_Unidentified_dead_bodies_recovered_and_inquest_conducted.csv,VICTIM_OFFENDER_CHARACTERISTICS,OTHER_SPECIALIZED,year,1
21_Offenders_known_to_the_victim.csv,39_Specific_purpose_of_kidnapping_and_abduction.csv,VICTIM_OFFENDER_CHARACTERISTICS,VICTIM_OFFENDER_CHARACTERISTICS,year,1
21_Offenders_known_to_the_victim.csv,40_01_Custodial_death_person_remanded.csv,VICTIM_OFFENDER_CHARACTERISTICS,JUSTICE_COURT,year,1
21_Offenders_known_to_the_victim.csv,40_02_Custodial_death_person_not_remanded.csv,VICTIM_OFFENDER_CHARACTERISTICS,JUSTICE_COURT,year,1
21_Offenders_known_to_the_victim.csv,40_03_Custodial_death_during_production.csv,VICTIM_OFFENDER_CHARACTERISTICS,JUSTICE_COURT,year,1
21_Offenders_known_to_the_victim.csv,40_04_Custodial_death_during_hospitalization_or_treatment.csv,VICTIM_OFFENDER_CHARACTERISTICS,JUSTICE_COURT,year,1
21_Offenders_known_to_the_victim.csv,40_05_Custodial_death_others.csv,VICTIM_OFFENDER_CHARACTERISTICS,JUSTICE_COURT,year,1
21_Offenders_known_to_the_victim.csv,41_Escapes_from_police_custody.csv,VICTIM_OFFENDER_CHARACTERISTICS,POLICE_ADMINISTRATION,year,1
21_Offenders_known_to_the_victim.csv,42_Cases_under_crime_against_women.csv,VICTIM_OFFENDER_CHARACTERISTICS,JUSTICE_COURT,year,1
21_Offenders_known_to_the_victim.csv,42_District_wise_crimes_committed_against_women_2001_2012.csv,VICTIM_OFFENDER_CHARACTERISTICS,DISTRICT_WISE_CRIME,year,1
21_Offenders_known_to_the_victim.csv,42_District_wise_crimes_committed_against_women_2013.csv,VICTIM_OFFENDER_CHARACTERISTICS,DISTRICT_WISE_CRIME,year,1
21_Offenders_known_to_the_victim.csv,42_District_wise_crimes_committed_against_women_2014.csv,VICTIM_OFFENDER_CHARACTERISTICS,DISTRICT_WISE_CRIME,year,1
21_Offenders_known_to_the_victim.csv,43_Arrests_under_crime_against_women.csv,VICTIM_OFFENDER_CHARACTERISTICS,ARREST_DISPOSAL,year,1
22_Persons_arrested_under_recidivism.csv,23_Anti_corruprion_cases.csv,ARREST_DISPOSAL,ANTI_CORRUPTION,year,1
22_Persons_arrested_under_recidivism.csv,24_Anti_corruption_arrests.csv,ARREST_DISPOSAL,ANTI_CORRUPTION,year,1
22_Persons_arrested_under_recidivism.csv,25_Complaints_against_police.csv,ARREST_DISPOSAL,POLICE_ADMINISTRATION,year,1
22_Persons_arrested_under_recidivism.csv,27_Nature_of_complaints_received_by_police.csv,ARREST_DISPOSAL,POLICE_ADMINISTRATION,year,1
22_Persons_arrested_under_recidivism.csv,28_Trial_of_violent_crimes_by_courts.csv,ARREST_DISPOSAL,JUSTICE_COURT,year,1
22_Persons_arrested_under_recidivism.csv,29_Period_of_trials_by_courts.csv,ARREST_DISPOSAL,JUSTICE_COURT,year,1
22_Persons_arrested_under_recidivism.csv,30_Auto_theft.csv,ARREST_DISPOSAL,PROPERTY_CRIME,year,1
22_Persons_arrested_under_recidivism.csv,31_Serious_fraud.csv,ARREST_DISPOSAL,PROPERTY_CRIME,year,1
22_Persons_arrested_under_recidivism.csv,32_Murder_victim_age_sex.csv,ARREST_DISPOSAL,VICTIM_OFFENDER_CHARACTERISTICS,year,1
22_Persons_arrested_under_recidivism.csv,33_CH_not_murder_victim_age_sex.csv,ARREST_DISPOSAL,VICTIM_OFFENDER_CHARACTERISTICS,year,1
22_Persons_arrested_under_recidivism.csv,34_Use_of_fire_arms_in_murder_cases.csv,ARREST_DISPOSAL,VICTIM_OFFENDER_CHARACTERISTICS,year,1
22_Persons_arrested_under_recidivism.csv,35_Human_rights_violation_by_police.csv,ARREST_DISPOSAL,POLICE_ADMINISTRATION,year,1
22_Persons_arrested_under_recidivism.csv,36_Police_housing.csv,ARREST_DISPOSAL,POLICE_ADMINISTRATION,year,1
22_Persons_arrested_under_recidivism.csv,37_Home_guards_and_auxilliary_force.csv,ARREST_DISPOSAL,POLICE_ADMINISTRATION,year,1
22_Persons_arrested_under_recidivism.csv,38_Unidentified_dead_bodies_recovered_and_inquest_conducted.csv,ARREST_DISPOSAL,OTHER_SPECIALIZED,year,1
22_Persons_arrested_under_recidivism.csv,39_Specific_purpose_of_kidnapping_and_abduction.csv,ARREST_DISPOSAL,VICTIM_OFFENDER_CHARACTERISTICS,year,1
22_Persons_arrested_under_recidivism.csv,40_01_Custodial_death_person_remanded.csv,ARREST_DISPOSAL,JUSTICE_COURT,year,1
22_Persons_arrested_under_recidivism.csv,40_02_Custodial_death_person_not_remanded.csv,ARREST_DISPOSAL,JUSTICE_COURT,year,1
22_Persons_arrested_under_recidivism.csv,40_03_Custodial_death_during_production.csv,ARREST_DISPOSAL,JUSTICE_COURT,year,1
22_Persons_arrested_under_recidivism.csv,40_04_Custodial_death_during_hospitalization_or_treatment.csv,ARREST_DISPOSAL,JUSTICE_COURT,year,1
22_Persons_arrested_under_recidivism.csv,40_05_Custodial_death_others.csv,ARREST_DISPOSAL,JUSTICE_COURT,year,1
22_Persons_arrested_under_recidivism.csv,41_Escapes_from_police_custody.csv,ARREST_DISPOSAL,POLICE_ADMINISTRATION,year,1
22_Persons_arrested_under_recidivism.csv,42_Cases_under_crime_against_women.csv,ARREST_DISPOSAL,JUSTICE_COURT,year,1
22_Persons_arrested_under_recidivism.csv,42_District_wise_crimes_committed_against_women_2001_2012.csv,ARREST_DISPOSAL,DISTRICT_WISE_CRIME,year,1
22_Persons_arrested_under_recidivism.csv,42_District_wise_crimes_committed_against_women_2013.csv,ARREST_DISPOSAL,DISTRICT_WISE_CRIME,year,1
22_Persons_arrested_under_recidivism.csv,42_District_wise_crimes_committed_against_women_2014.csv,ARREST_DISPOSAL,DISTRICT_WISE_CRIME,year,1
22_Persons_arrested_under_recidivism.csv,43_Arrests_under_crime_against_women.csv,ARREST_DISPOSAL,ARREST_DISPOSAL,year,1
23_Anti_corruprion_cases.csv,24_Anti_corruption_arrests.csv,ANTI_CORRUPTION,ANTI_CORRUPTION,year,1
23_Anti_corruprion_cases.csv,25_Complaints_against_police.csv,ANTI_CORRUPTION,POLICE_ADMINISTRATION,year,1
23_Anti_corruprion_cases.csv,27_Nature_of_complaints_received_by_police.csv,ANTI_CORRUPTION,POLICE_ADMINISTRATION,year,1
23_Anti_corruprion_cases.csv,28_Trial_of_violent_crimes_by_courts.csv,ANTI_CORRUPTION,JUSTICE_COURT,year,1
23_Anti_corruprion_cases.csv,29_Period_of_trials_by_courts.csv,ANTI_CORRUPTION,JUSTICE_COURT,year,1
23_Anti_corruprion_cases.csv,30_Auto_theft.csv,ANTI_CORRUPTION,PROPERTY_CRIME,year,1
23_Anti_corruprion_cases.csv,31_Serious_fraud.csv,ANTI_CORRUPTION,PROPERTY_CRIME,year,1
23_Anti_corruprion_cases.csv,32_Murder_victim_age_sex.csv,ANTI_CORRUPTION,VICTIM_OFFENDER_CHARACTERISTICS,year,1
23_Anti_corruprion_cases.csv,33_CH_not_murder_victim_age_sex.csv,ANTI_CORRUPTION,VICTIM_OFFENDER_CHARACTERISTICS,year,1
23_Anti_corruprion_cases.csv,34_Use_of_fire_arms_in_murder_cases.csv,ANTI_CORRUPTION,VICTIM_OFFENDER_CHARACTERISTICS,year,1
23_Anti_corruprion_cases.csv,35_Human_rights_violation_by_police.csv,ANTI_CORRUPTION,POLICE_ADMINISTRATION,year,1
23_Anti_corruprion_cases.csv,36_Police_housing.csv,ANTI_CORRUPTION,POLICE_ADMINISTRATION,year,1
23_Anti_corruprion_cases.csv,37_Home_guards_and_auxilliary_force.csv,ANTI_CORRUPTION,POLICE_ADMINISTRATION,year,1
23_Anti_corruprion_cases.csv,38_Unidentified_dead_bodies_recovered_and_inquest_conducted.csv,ANTI_CORRUPTION,OTHER_SPECIALIZED,year,1
23_Anti_corruprion_cases.csv,39_Specific_purpose_of_kidnapping_and_abduction.csv,ANTI_CORRUPTION,VICTIM_OFFENDER_CHARACTERISTICS,year,1
23_Anti_corruprion_cases.csv,40_01_Custodial_death_person_remanded.csv,ANTI_CORRUPTION,JUSTICE_COURT,year,1
23_Anti_corruprion_cases.csv,40_02_Custodial_death_person_not_remanded.csv,ANTI_CORRUPTION,JUSTICE_COURT,year,1
23_Anti_corruprion_cases.csv,40_03_Custodial_death_during_production.csv,ANTI_CORRUPTION,JUSTICE_COURT,year,1
23_Anti_corruprion_cases.csv,40_04_Custodial_death_during_hospitalization_or_treatment.csv,ANTI_CORRUPTION,JUSTICE_COURT,year,1
23_Anti_corruprion_cases.csv,40_05_Custodial_death_others.csv,ANTI_CORRUPTION,JUSTICE_COURT,year,1
23_Anti_corruprion_cases.csv,41_Escapes_from_police_custody.csv,ANTI_CORRUPTION,POLICE_ADMINISTRATION,year,1
23_Anti_corruprion_cases.csv,42_Cases_under_crime_against_women.csv,ANTI_CORRUPTION,JUSTICE_COURT,year,1
23_Anti_corruprion_cases.csv,42_District_wise_crimes_committed_against_women_2001_2012.csv,ANTI_CORRUPTION,DISTRICT_WISE_CRIME,year,1
23_Anti_corruprion_cases.csv,42_District_wise_crimes_committed_against_women_2013.csv,ANTI_CORRUPTION,DISTRICT_WISE_CRIME,year,1
23_Anti_corruprion_cases.csv,42_District_wise_crimes_committed_against_women_2014.csv,ANTI_CORRUPTION,DISTRICT_WISE_CRIME,year,1
23_Anti_corruprion_cases.csv,43_Arrests_under_crime_against_women.csv,ANTI_CORRUPTION,ARREST_DISPOSAL,year,1
24_Anti_corruption_arrests.csv,25_Complaints_against_police.csv,ANTI_CORRUPTION,POLICE_ADMINISTRATION,year,1
24_Anti_corruption_arrests.csv,27_Nature_of_complaints_received_by_police.csv,ANTI_CORRUPTION,POLICE_ADMINISTRATION,year,1
24_Anti_corruption_arrests.csv,28_Trial_of_violent_crimes_by_courts.csv,ANTI_CORRUPTION,JUSTICE_COURT,year,1
24_Anti_corruption_arrests.csv,29_Period_of_trials_by_courts.csv,ANTI_CORRUPTION,JUSTICE_COURT,year,1
24_Anti_corruption_arrests.csv,30_Auto_theft.csv,ANTI_CORRUPTION,PROPERTY_CRIME,year,1
24_Anti_corruption_arrests.csv,31_Serious_fraud.csv,ANTI_CORRUPTION,PROPERTY_CRIME,year,1
24_Anti_corruption_arrests.csv,32_Murder_victim_age_sex.csv,ANTI_CORRUPTION,VICTIM_OFFENDER_CHARACTERISTICS,year,1
24_Anti_corruption_arrests.csv,33_CH_not_murder_victim_age_sex.csv,ANTI_CORRUPTION,VICTIM_OFFENDER_CHARACTERISTICS,year,1
24_Anti_corruption_arrests.csv,34_Use_of_fire_arms_in_murder_cases.csv,ANTI_CORRUPTION,VICTIM_OFFENDER_CHARACTERISTICS,year,1
24_Anti_corruption_arrests.csv,35_Human_rights_violation_by_police.csv,ANTI_CORRUPTION,POLICE_ADMINISTRATION,year,1
24_Anti_corruption_arrests.csv,36_Police_housing.csv,ANTI_CORRUPTION,POLICE_ADMINISTRATION,year,1
24_Anti_corruption_arrests.csv,37_Home_guards_and_auxilliary_force.csv,ANTI_CORRUPTION,POLICE_ADMINISTRATION,year,1
24_Anti_corruption_arrests.csv,38_Unidentified_dead_bodies_recovered_and_inquest_conducted.csv,ANTI_CORRUPTION,OTHER_SPECIALIZED,year,1
24_Anti_corruption_arrests.csv,39_Specific_purpose_of_kidnapping_and_abduction.csv,ANTI_CORRUPTION,VICTIM_OFFENDER_CHARACTERISTICS,year,1
24_Anti_corruption_arrests.csv,40_01_Custodial_death_person_remanded.csv,ANTI_CORRUPTION,JUSTICE_COURT,year,1
24_Anti_corruption_arrests.csv,40_02_Custodial_death_person_not_remanded.csv,ANTI_CORRUPTION,JUSTICE_COURT,year,1
24_Anti_corruption_arrests.csv,40_03_Custodial_death_during_production.csv,ANTI_CORRUPTION,JUSTICE_COURT,year,1
24_Anti_corruption_arrests.csv,40_04_Custodial_death_during_hospitalization_or_treatment.csv,ANTI_CORRUPTION,JUSTICE_COURT,year,1
24_Anti_corruption_arrests.csv,40_05_Custodial_death_others.csv,ANTI_CORRUPTION,JUSTICE_COURT,year,1
24_Anti_corruption_arrests.csv,41_Escapes_from_police_custody.csv,ANTI_CORRUPTION,POLICE_ADMINISTRATION,year,1
24_Anti_corruption_arrests.csv,42_Cases_under_crime_against_women.csv,ANTI_CORRUPTION,JUSTICE_COURT,year,1
24_Anti_corruption_arrests.csv,42_District_wise_crimes_committed_against_women_2001_2012.csv,ANTI_CORRUPTION,DISTRICT_WISE_CRIME,year,1
24_Anti_corruption_arrests.csv,42_District_wise_crimes_committed_against_women_2013.csv,ANTI_CORRUPTION,DISTRICT_WISE_CRIME,year,1
24_Anti_corruption_arrests.csv,42_District_wise_crimes_committed_against_women_2014.csv,ANTI_CORRUPTION,DISTRICT_WISE_CRIME,year,1
24_Anti_corruption_arrests.csv,43_Arrests_under_crime_against_women.csv,ANTI_CORRUPTION,ARREST_DISPOSAL,year,1
25_Complaints_against_police.csv,27_Nature_of_complaints_received_by_police.csv,POLICE_ADMINISTRATION,POLICE_ADMINISTRATION,year,1
25_Complaints_against_police.csv,28_Trial_of_violent_crimes_by_courts.csv,POLICE_ADMINISTRATION,JUSTICE_COURT,year,1
25_Complaints_against_police.csv,29_Period_of_trials_by_courts.csv,POLICE_ADMINISTRATION,JUSTICE_COURT,year,1
25_Complaints_against_police.csv,30_Auto_theft.csv,POLICE_ADMINISTRATION,PROPERTY_CRIME,year,1
25_Complaints_against_police.csv,31_Serious_fraud.csv,POLICE_ADMINISTRATION,PROPERTY_CRIME,year,1
25_Complaints_against_police.csv,32_Murder_victim_age_sex.csv,POLICE_ADMINISTRATION,VICTIM_OFFENDER_CHARACTERISTICS,year,1
25_Complaints_against_police.csv,33_CH_not_murder_victim_age_sex.csv,POLICE_ADMINISTRATION,VICTIM_OFFENDER_CHARACTERISTICS,year,1
25_Complaints_against_police.csv,34_Use_of_fire_arms_in_murder_cases.csv,POLICE_ADMINISTRATION,VICTIM_OFFENDER_CHARACTERISTICS,year,1
25_Complaints_against_police.csv,35_Human_rights_violation_by_police.csv,POLICE_ADMINISTRATION,POLICE_ADMINISTRATION,year,1
25_Complaints_against_police.csv,36_Police_housing.csv,POLICE_ADMINISTRATION,POLICE_ADMINISTRATION,year,1
25_Complaints_against_police.csv,37_Home_guards_and_auxilliary_force.csv,POLICE_ADMINISTRATION,POLICE_ADMINISTRATION,year,1
25_Complaints_against_police.csv,38_Unidentified_dead_bodies_recovered_and_inquest_conducted.csv,POLICE_ADMINISTRATION,OTHER_SPECIALIZED,year,1
25_Complaints_against_police.csv,39_Specific_purpose_of_kidnapping_and_abduction.csv,POLICE_ADMINISTRATION,VICTIM_OFFENDER_CHARACTERISTICS,year,1
25_Complaints_against_police.csv,40_01_Custodial_death_person_remanded.csv,POLICE_ADMINISTRATION,JUSTICE_COURT,year,1
25_Complaints_against_police.csv,40_02_Custodial_death_person_not_remanded.csv,POLICE_ADMINISTRATION,JUSTICE_COURT,year,1
25_Complaints_against_police.csv,40_03_Custodial_death_during_production.csv,POLICE_ADMINISTRATION,JUSTICE_COURT,year,1
25_Complaints_against_police.csv,40_04_Custodial_death_during_hospitalization_or_treatment.csv,POLICE_ADMINISTRATION,JUSTICE_COURT,year,1
25_Complaints_against_police.csv,40_05_Custodial_death_others.csv,POLICE_ADMINISTRATION,JUSTICE_COURT,year,1
25_Complaints_against_police.csv,41_Escapes_from_police_custody.csv,POLICE_ADMINISTRATION,POLICE_ADMINISTRATION,year,1
25_Complaints_against_police.csv,42_Cases_under_crime_against_women.csv,POLICE_ADMINISTRATION,JUSTICE_COURT,year,1
25_Complaints_against_police.csv,42_District_wise_crimes_committed_against_women_2001_2012.csv,POLICE_ADMINISTRATION,DISTRICT_WISE_CRIME,year,1
25_Complaints_against_police.csv,42_District_wise_crimes_committed_against_women_2013.csv,POLICE_ADMINISTRATION,DISTRICT_WISE_CRIME,year,1
25_Complaints_against_police.csv,42_District_wise_crimes_committed_against_women_2014.csv,POLICE_ADMINISTRATION,DISTRICT_WISE_CRIME,year,1
25_Complaints_against_police.csv,43_Arrests_under_crime_against_women.csv,POLICE_ADMINISTRATION,ARREST_DISPOSAL,year,1
27_Nature_of_complaints_received_by_police.csv,28_Trial_of_violent_crimes_by_courts.csv,POLICE_ADMINISTRATION,JUSTICE_COURT,year,1
27_Nature_of_complaints_received_by_police.csv,29_Period_of_trials_by_courts.csv,POLICE_ADMINISTRATION,JUSTICE_COURT,year,1
27_Nature_of_complaints_received_by_police.csv,30_Auto_theft.csv,POLICE_ADMINISTRATION,PROPERTY_CRIME,year,1
27_Nature_of_complaints_received_by_police.csv,31_Serious_fraud.csv,POLICE_ADMINISTRATION,PROPERTY_CRIME,year,1
27_Nature_of_complaints_received_by_police.csv,32_Murder_victim_age_sex.csv,POLICE_ADMINISTRATION,VICTIM_OFFENDER_CHARACTERISTICS,year,1
27_Nature_of_complaints_received_by_police.csv,33_CH_not_murder_victim_age_sex.csv,POLICE_ADMINISTRATION,VICTIM_OFFENDER_CHARACTERISTICS,year,1
27_Nature_of_complaints_received_by_police.csv,34_Use_of_fire_arms_in_murder_cases.csv,POLICE_ADMINISTRATION,VICTIM_OFFENDER_CHARACTERISTICS,year,1
27_Nature_of_complaints_received_by_police.csv,35_Human_rights_violation_by_police.csv,POLICE_ADMINISTRATION,POLICE_ADMINISTRATION,year,1
27_Nature_of_complaints_received_by_police.csv,36_Police_housing.csv,POLICE_ADMINISTRATION,POLICE_ADMINISTRATION,year,1
27_Nature_of_complaints_received_by_police.csv,37_Home_guards_and_auxilliary_force.csv,POLICE_ADMINISTRATION,POLICE_ADMINISTRATION,year,1
27_Nature_of_complaints_received_by_police.csv,38_Unidentified_dead_bodies_recovered_and_inquest_conducted.csv,POLICE_ADMINISTRATION,OTHER_SPECIALIZED,year,1
27_Nature_of_complaints_received_by_police.csv,39_Specific_purpose_of_kidnapping_and_abduction.csv,POLICE_ADMINISTRATION,VICTIM_OFFENDER_CHARACTERISTICS,year,1
27_Nature_of_complaints_received_by_police.csv,40_01_Custodial_death_person_remanded.csv,POLICE_ADMINISTRATION,JUSTICE_COURT,year,1
27_Nature_of_complaints_received_by_police.csv,40_02_Custodial_death_person_not_remanded.csv,POLICE_ADMINISTRATION,JUSTICE_COURT,year,1
27_Nature_of_complaints_received_by_police.csv,40_03_Custodial_death_during_production.csv,POLICE_ADMINISTRATION,JUSTICE_COURT,year,1
27_Nature_of_complaints_received_by_police.csv,40_04_Custodial_death_during_hospitalization_or_treatment.csv,POLICE_ADMINISTRATION,JUSTICE_COURT,year,1
27_Nature_of_complaints_received_by_police.csv,40_05_Custodial_death_others.csv,POLICE_ADMINISTRATION,JUSTICE_COURT,year,1
27_Nature_of_complaints_received_by_police.csv,41_Escapes_from_police_custody.csv,POLICE_ADMINISTRATION,POLICE_ADMINISTRATION,year,1
27_Nature_of_complaints_received_by_police.csv,42_Cases_under_crime_against_women.csv,POLICE_ADMINISTRATION,JUSTICE_COURT,year,1
27_Nature_of_complaints_received_by_police.csv,42_District_wise_crimes_committed_against_women_2001_2012.csv,POLICE_ADMINISTRATION,DISTRICT_WISE_CRIME,year,1
27_Nature_of_complaints_received_by_police.csv,42_District_wise_crimes_committed_against_women_2013.csv,POLICE_ADMINISTRATION,DISTRICT_WISE_CRIME,year,1
27_Nature_of_complaints_received_by_police.csv,42_District_wise_crimes_committed_against_women_2014.csv,POLICE_ADMINISTRATION,DISTRICT_WISE_CRIME,year,1
27_Nature_of_complaints_received_by_police.csv,43_Arrests_under_crime_against_women.csv,POLICE_ADMINISTRATION,ARREST_DISPOSAL,year,1
28_Trial_of_violent_crimes_by_courts.csv,29_Period_of_trials_by_courts.csv,JUSTICE_COURT,JUSTICE_COURT,year,1
28_Trial_of_violent_crimes_by_courts.csv,30_Auto_theft.csv,JUSTICE_COURT,PROPERTY_CRIME,year,1
28_Trial_of_violent_crimes_by_courts.csv,31_Serious_fraud.csv,JUSTICE_COURT,PROPERTY_CRIME,year,1
28_Trial_of_violent_crimes_by_courts.csv,32_Murder_victim_age_sex.csv,JUSTICE_COURT,VICTIM_OFFENDER_CHARACTERISTICS,year,1
28_Trial_of_violent_crimes_by_courts.csv,33_CH_not_murder_victim_age_sex.csv,JUSTICE_COURT,VICTIM_OFFENDER_CHARACTERISTICS,year,1
28_Trial_of_violent_crimes_by_courts.csv,34_Use_of_fire_arms_in_murder_cases.csv,JUSTICE_COURT,VICTIM_OFFENDER_CHARACTERISTICS,year,1
28_Trial_of_violent_crimes_by_courts.csv,35_Human_rights_violation_by_police.csv,JUSTICE_COURT,POLICE_ADMINISTRATION,year,1
28_Trial_of_violent_crimes_by_courts.csv,36_Police_housing.csv,JUSTICE_COURT,POLICE_ADMINISTRATION,year,1
28_Trial_of_violent_crimes_by_courts.csv,37_Home_guards_and_auxilliary_force.csv,JUSTICE_COURT,POLICE_ADMINISTRATION,year,1
28_Trial_of_violent_crimes_by_courts.csv,38_Unidentified_dead_bodies_recovered_and_inquest_conducted.csv,JUSTICE_COURT,OTHER_SPECIALIZED,year,1
28_Trial_of_violent_crimes_by_courts.csv,39_Specific_purpose_of_kidnapping_and_abduction.csv,JUSTICE_COURT,VICTIM_OFFENDER_CHARACTERISTICS,year,1
28_Trial_of_violent_crimes_by_courts.csv,40_01_Custodial_death_person_remanded.csv,JUSTICE_COURT,JUSTICE_COURT,year,1
28_Trial_of_violent_crimes_by_courts.csv,40_02_Custodial_death_person_not_remanded.csv,JUSTICE_COURT,JUSTICE_COURT,year,1
28_Trial_of_violent_crimes_by_courts.csv,40_03_Custodial_death_during_production.csv,JUSTICE_COURT,JUSTICE_COURT,year,1
28_Trial_of_violent_crimes_by_courts.csv,40_04_Custodial_death_during_hospitalization_or_treatment.csv,JUSTICE_COURT,JUSTICE_COURT,year,1
28_Trial_of_violent_crimes_by_courts.csv,40_05_Custodial_death_others.csv,JUSTICE_COURT,JUSTICE_COURT,year,1
28_Trial_of_violent_crimes_by_courts.csv,41_Escapes_from_police_custody.csv,JUSTICE_COURT,POLICE_ADMINISTRATION,year,1
28_Trial_of_violent_crimes_by_courts.csv,42_Cases_under_crime_against_women.csv,JUSTICE_COURT,JUSTICE_COURT,year,1
28_Trial_of_violent_crimes_by_courts.csv,42_District_wise_crimes_committed_against_women_2001_2012.csv,JUSTICE_COURT,DISTRICT_WISE_CRIME,year,1
28_Trial_of_violent_crimes_by_courts.csv,42_District_wise_crimes_committed_against_women_2013.csv,JUSTICE_COURT,DISTRICT_WISE_CRIME,year,1
28_Trial_of_violent_crimes_by_courts.csv,42_District_wise_crimes_committed_against_women_2014.csv,JUSTICE_COURT,DISTRICT_WISE_CRIME,year,1
28_Trial_of_violent_crimes_by_courts.csv,43_Arrests_under_crime_against_women.csv,JUSTICE_COURT,ARREST_DISPOSAL,year,1
29_Period_of_trials_by_courts.csv,30_Auto_theft.csv,JUSTICE_COURT,PROPERTY_CRIME,year,1
29_Period_of_trials_by_courts.csv,31_Serious_fraud.csv,JUSTICE_COURT,PROPERTY_CRIME,year,1
29_Period_of_trials_by_courts.csv,32_Murder_victim_age_sex.csv,JUSTICE_COURT,VICTIM_OFFENDER_CHARACTERISTICS,year,1
29_Period_of_trials_by_courts.csv,33_CH_not_murder_victim_age_sex.csv,JUSTICE_COURT,VICTIM_OFFENDER_CHARACTERISTICS,year,1
29_Period_of_trials_by_courts.csv,34_Use_of_fire_arms_in_murder_cases.csv,JUSTICE_COURT,VICTIM_OFFENDER_CHARACTERISTICS,year,1
29_Period_of_trials_by_courts.csv,35_Human_rights_violation_by_police.csv,JUSTICE_COURT,POLICE_ADMINISTRATION,year,1
29_Period_of_trials_by_courts.csv,36_Police_housing.csv,JUSTICE_COURT,POLICE_ADMINISTRATION,year,1
29_Period_of_trials_by_courts.csv,37_Home_guards_and_auxilliary_force.csv,JUSTICE_COURT,POLICE_ADMINISTRATION,year,1
29_Period_of_trials_by_courts.csv,38_Unidentified_dead_bodies_recovered_and_inquest_conducted.csv,JUSTICE_COURT,OTHER_SPECIALIZED,year,1
29_Period_of_trials_by_courts.csv,39_Specific_purpose_of_kidnapping_and_abduction.csv,JUSTICE_COURT,VICTIM_OFFENDER_CHARACTERISTICS,year,1
29_Period_of_trials_by_courts.csv,40_01_Custodial_death_person_remanded.csv,JUSTICE_COURT,JUSTICE_COURT,year,1
29_Period_of_trials_by_courts.csv,40_02_Custodial_death_person_not_remanded.csv,JUSTICE_COURT,JUSTICE_COURT,year,1
29_Period_of_trials_by_courts.csv,40_03_Custodial_death_during_production.csv,JUSTICE_COURT,JUSTICE_COURT,year,1
29_Period_of_trials_by_courts.csv,40_04_Custodial_death_during_hospitalization_or_treatment.csv,JUSTICE_COURT,JUSTICE_COURT,year,1
29_Period_of_trials_by_courts.csv,40_05_Custodial_death_others.csv,JUSTICE_COURT,JUSTICE_COURT,year,1
29_Period_of_trials_by_courts.csv,41_Escapes_from_police_custody.csv,JUSTICE_COURT,POLICE_ADMINISTRATION,year,1
29_Period_of_trials_by_courts.csv,42_Cases_under_crime_against_women.csv,JUSTICE_COURT,JUSTICE_COURT,year,1
29_Period_of_trials_by_courts.csv,42_District_wise_crimes_committed_against_women_2001_2012.csv,JUSTICE_COURT,DISTRICT_WISE_CRIME,year,1
29_Period_of_trials_by_courts.csv,42_District_wise_crimes_committed_against_women_2013.csv,JUSTICE_COURT,DISTRICT_WISE_CRIME,year,1
29_Period_of_trials_by_courts.csv,42_District_wise_crimes_committed_against_women_2014.csv,JUSTICE_COURT,DISTRICT_WISE_CRIME,year,1
29_Period_of_trials_by_courts.csv,43_Arrests_under_crime_against_women.csv,JUSTICE_COURT,ARREST_DISPOSAL,year,1
30_Auto_theft.csv,31_Serious_fraud.csv,PROPERTY_CRIME,PROPERTY_CRIME,year,1
30_Auto_theft.csv,32_Murder_victim_age_sex.csv,PROPERTY_CRIME,VICTIM_OFFENDER_CHARACTERISTICS,year,1
30_Auto_theft.csv,33_CH_not_murder_victim_age_sex.csv,PROPERTY_CRIME,VICTIM_OFFENDER_CHARACTERISTICS,year,1
30_Auto_theft.csv,34_Use_of_fire_arms_in_murder_cases.csv,PROPERTY_CRIME,VICTIM_OFFENDER_CHARACTERISTICS,year,1
30_Auto_theft.csv,35_Human_rights_violation_by_police.csv,PROPERTY_CRIME,POLICE_ADMINISTRATION,year,1
30_Auto_theft.csv,36_Police_housing.csv,PROPERTY_CRIME,POLICE_ADMINISTRATION,year,1
30_Auto_theft.csv,37_Home_guards_and_auxilliary_force.csv,PROPERTY_CRIME,POLICE_ADMINISTRATION,year,1
30_Auto_theft.csv,38_Unidentified_dead_bodies_recovered_and_inquest_conducted.csv,PROPERTY_CRIME,OTHER_SPECIALIZED,year,1
30_Auto_theft.csv,39_Specific_purpose_of_kidnapping_and_abduction.csv,PROPERTY_CRIME,VICTIM_OFFENDER_CHARACTERISTICS,year,1
30_Auto_theft.csv,40_01_Custodial_death_person_remanded.csv,PROPERTY_CRIME,JUSTICE_COURT,year,1
30_Auto_theft.csv,40_02_Custodial_death_person_not_remanded.csv,PROPERTY_CRIME,JUSTICE_COURT,year,1
30_Auto_theft.csv,40_03_Custodial_death_during_production.csv,PROPERTY_CRIME,JUSTICE_COURT,year,1
30_Auto_theft.csv,40_04_Custodial_death_during_hospitalization_or_treatment.csv,PROPERTY_CRIME,JUSTICE_COURT,year,1
30_Auto_theft.csv,40_05_Custodial_death_others.csv,PROPERTY_CRIME,JUSTICE_COURT,year,1
30_Auto_theft.csv,41_Escapes_from_police_custody.csv,PROPERTY_CRIME,POLICE_ADMINISTRATION,year,1
30_Auto_theft.csv,42_Cases_under_crime_against_women.csv,PROPERTY_CRIME,JUSTICE_COURT,year,1
30_Auto_theft.csv,42_District_wise_crimes_committed_against_women_2001_2012.csv,PROPERTY_CRIME,DISTRICT_WISE_CRIME,year,1
30_Auto_theft.csv,42_District_wise_crimes_committed_against_women_2013.csv,PROPERTY_CRIME,DISTRICT_WISE_CRIME,year,1
30_Auto_theft.csv,42_District_wise_crimes_committed_against_women_2014.csv,PROPERTY_CRIME,DISTRICT_WISE_CRIME,year,1
30_Auto_theft.csv,43_Arrests_under_crime_against_women.csv,PROPERTY_CRIME,ARREST_DISPOSAL,year,1
31_Serious_fraud.csv,32_Murder_victim_age_sex.csv,PROPERTY_CRIME,VICTIM_OFFENDER_CHARACTERISTICS,year,1
31_Serious_fraud.csv,33_CH_not_murder_victim_age_sex.csv,PROPERTY_CRIME,VICTIM_OFFENDER_CHARACTERISTICS,year,1
31_Serious_fraud.csv,34_Use_of_fire_arms_in_murder_cases.csv,PROPERTY_CRIME,VICTIM_OFFENDER_CHARACTERISTICS,year,1
31_Serious_fraud.csv,35_Human_rights_violation_by_police.csv,PROPERTY_CRIME,POLICE_ADMINISTRATION,year,1
31_Serious_fraud.csv,36_Police_housing.csv,PROPERTY_CRIME,POLICE_ADMINISTRATION,year,1
31_Serious_fraud.csv,37_Home_guards_and_auxilliary_force.csv,PROPERTY_CRIME,POLICE_ADMINISTRATION,year,1
31_Serious_fraud.csv,38_Unidentified_dead_bodies_recovered_and_inquest_conducted.csv,PROPERTY_CRIME,OTHER_SPECIALIZED,year,1
31_Serious_fraud.csv,39_Specific_purpose_of_kidnapping_and_abduction.csv,PROPERTY_CRIME,VICTIM_OFFENDER_CHARACTERISTICS,year,1
31_Serious_fraud.csv,40_01_Custodial_death_person_remanded.csv,PROPERTY_CRIME,JUSTICE_COURT,year,1
31_Serious_fraud.csv,40_02_Custodial_death_person_not_remanded.csv,PROPERTY_CRIME,JUSTICE_COURT,year,1
31_Serious_fraud.csv,40_03_Custodial_death_during_production.csv,PROPERTY_CRIME,JUSTICE_COURT,year,1
31_Serious_fraud.csv,40_04_Custodial_death_during_hospitalization_or_treatment.csv,PROPERTY_CRIME,JUSTICE_COURT,year,1
31_Serious_fraud.csv,40_05_Custodial_death_others.csv,PROPERTY_CRIME,JUSTICE_COURT,year,1
31_Serious_fraud.csv,41_Escapes_from_police_custody.csv,PROPERTY_CRIME,POLICE_ADMINISTRATION,year,1
31_Serious_fraud.csv,42_Cases_under_crime_against_women.csv,PROPERTY_CRIME,JUSTICE_COURT,year,1
31_Serious_fraud.csv,42_District_wise_crimes_committed_against_women_2001_2012.csv,PROPERTY_CRIME,DISTRICT_WISE_CRIME,year,1
31_Serious_fraud.csv,42_District_wise_crimes_committed_against_women_2013.csv,PROPERTY_CRIME,DISTRICT_WISE_CRIME,year,1
31_Serious_fraud.csv,42_District_wise_crimes_committed_against_women_2014.csv,PROPERTY_CRIME,DISTRICT_WISE_CRIME,year,1
31_Serious_fraud.csv,43_Arrests_under_crime_against_women.csv,PROPERTY_CRIME,ARREST_DISPOSAL,year,1
32_Murder_victim_age_sex.csv,33_CH_not_murder_victim_age_sex.csv,VICTIM_OFFENDER_CHARACTERISTICS,VICTIM_OFFENDER_CHARACTERISTICS,year,1
32_Murder_victim_age_sex.csv,34_Use_of_fire_arms_in_murder_cases.csv,VICTIM_OFFENDER_CHARACTERISTICS,VICTIM_OFFENDER_CHARACTERISTICS,year,1
32_Murder_victim_age_sex.csv,35_Human_rights_violation_by_police.csv,VICTIM_OFFENDER_CHARACTERISTICS,POLICE_ADMINISTRATION,year,1
32_Murder_victim_age_sex.csv,36_Police_housing.csv,VICTIM_OFFENDER_CHARACTERISTICS,POLICE_ADMINISTRATION,year,1
32_Murder_victim_age_sex.csv,37_Home_guards_and_auxilliary_force.csv,VICTIM_OFFENDER_CHARACTERISTICS,POLICE_ADMINISTRATION,year,1
32_Murder_victim_age_sex.csv,38_Unidentified_dead_bodies_recovered_and_inquest_conducted.csv,VICTIM_OFFENDER_CHARACTERISTICS,OTHER_SPECIALIZED,year,1
32_Murder_victim_age_sex.csv,39_Specific_purpose_of_kidnapping_and_abduction.csv,VICTIM_OFFENDER_CHARACTERISTICS,VICTIM_OFFENDER_CHARACTERISTICS,year,1
32_Murder_victim_age_sex.csv,40_01_Custodial_death_person_remanded.csv,VICTIM_OFFENDER_CHARACTERISTICS,JUSTICE_COURT,year,1
32_Murder_victim_age_sex.csv,40_02_Custodial_death_person_not_remanded.csv,VICTIM_OFFENDER_CHARACTERISTICS,JUSTICE_COURT,year,1
32_Murder_victim_age_sex.csv,40_03_Custodial_death_during_production.csv,VICTIM_OFFENDER_CHARACTERISTICS,JUSTICE_COURT,year,1
32_Murder_victim_age_sex.csv,40_04_Custodial_death_during_hospitalization_or_treatment.csv,VICTIM_OFFENDER_CHARACTERISTICS,JUSTICE_COURT,year,1
32_Murder_victim_age_sex.csv,40_05_Custodial_death_others.csv,VICTIM_OFFENDER_CHARACTERISTICS,JUSTICE_COURT,year,1
32_Murder_victim_age_sex.csv,41_Escapes_from_police_custody.csv,VICTIM_OFFENDER_CHARACTERISTICS,POLICE_ADMINISTRATION,year,1
32_Murder_victim_age_sex.csv,42_Cases_under_crime_against_women.csv,VICTIM_OFFENDER_CHARACTERISTICS,JUSTICE_COURT,year,1
32_Murder_victim_age_sex.csv,42_District_wise_crimes_committed_against_women_2001_2012.csv,VICTIM_OFFENDER_CHARACTERISTICS,DISTRICT_WISE_CRIME,year,1
32_Murder_victim_age_sex.csv,42_District_wise_crimes_committed_against_women_2013.csv,VICTIM_OFFENDER_CHARACTERISTICS,DISTRICT_WISE_CRIME,year,1
32_Murder_victim_age_sex.csv,42_District_wise_crimes_committed_against_women_2014.csv,VICTIM_OFFENDER_CHARACTERISTICS,DISTRICT_WISE_CRIME,year,1
32_Murder_victim_age_sex.csv,43_Arrests_under_crime_against_women.csv,VICTIM_OFFENDER_CHARACTERISTICS,ARREST_DISPOSAL,year,1
33_CH_not_murder_victim_age_sex.csv,34_Use_of_fire_arms_in_murder_cases.csv,VICTIM_OFFENDER_CHARACTERISTICS,VICTIM_OFFENDER_CHARACTERISTICS,year,1
33_CH_not_murder_victim_age_sex.csv,35_Human_rights_violation_by_police.csv,VICTIM_OFFENDER_CHARACTERISTICS,POLICE_ADMINISTRATION,year,1
33_CH_not_murder_victim_age_sex.csv,36_Police_housing.csv,VICTIM_OFFENDER_CHARACTERISTICS,POLICE_ADMINISTRATION,year,1
33_CH_not_murder_victim_age_sex.csv,37_Home_guards_and_auxilliary_force.csv,VICTIM_OFFENDER_CHARACTERISTICS,POLICE_ADMINISTRATION,year,1
33_CH_not_murder_victim_age_sex.csv,38_Unidentified_dead_bodies_recovered_and_inquest_conducted.csv,VICTIM_OFFENDER_CHARACTERISTICS,OTHER_SPECIALIZED,year,1
33_CH_not_murder_victim_age_sex.csv,39_Specific_purpose_of_kidnapping_and_abduction.csv,VICTIM_OFFENDER_CHARACTERISTICS,VICTIM_OFFENDER_CHARACTERISTICS,year,1
33_CH_not_murder_victim_age_sex.csv,40_01_Custodial_death_person_remanded.csv,VICTIM_OFFENDER_CHARACTERISTICS,JUSTICE_COURT,year,1
33_CH_not_murder_victim_age_sex.csv,40_02_Custodial_death_person_not_remanded.csv,VICTIM_OFFENDER_CHARACTERISTICS,JUSTICE_COURT,year,1
33_CH_not_murder_victim_age_sex.csv,40_03_Custodial_death_during_production.csv,VICTIM_OFFENDER_CHARACTERISTICS,JUSTICE_COURT,year,1
33_CH_not_murder_victim_age_sex.csv,40_04_Custodial_death_during_hospitalization_or_treatment.csv,VICTIM_OFFENDER_CHARACTERISTICS,JUSTICE_COURT,year,1
33_CH_not_murder_victim_age_sex.csv,40_05_Custodial_death_others.csv,VICTIM_OFFENDER_CHARACTERISTICS,JUSTICE_COURT,year,1
33_CH_not_murder_victim_age_sex.csv,41_Escapes_from_police_custody.csv,VICTIM_OFFENDER_CHARACTERISTICS,POLICE_ADMINISTRATION,year,1
33_CH_not_murder_victim_age_sex.csv,42_Cases_under_crime_against_women.csv,VICTIM_OFFENDER_CHARACTERISTICS,JUSTICE_COURT,year,1
33_CH_not_murder_victim_age_sex.csv,42_District_wise_crimes_committed_against_women_2001_2012.csv,VICTIM_OFFENDER_CHARACTERISTICS,DISTRICT_WISE_CRIME,year,1
33_CH_not_murder_victim_age_sex.csv,42_District_wise_crimes_committed_against_women_2013.csv,VICTIM_OFFENDER_CHARACTERISTICS,DISTRICT_WISE_CRIME,year,1
33_CH_not_murder_victim_age_sex.csv,42_District_wise_crimes_committed_against_women_2014.csv,VICTIM_OFFENDER_CHARACTERISTICS,DISTRICT_WISE_CRIME,year,1
33_CH_not_murder_victim_age_sex.csv,43_Arrests_under_crime_against_women.csv,VICTIM_OFFENDER_CHARACTERISTICS,ARREST_DISPOSAL,year,1
34_Use_of_fire_arms_in_murder_cases.csv,35_Human_rights_violation_by_police.csv,VICTIM_OFFENDER_CHARACTERISTICS,POLICE_ADMINISTRATION,year,1
34_Use_of_fire_arms_in_murder_cases.csv,36_Police_housing.csv,VICTIM_OFFENDER_CHARACTERISTICS,POLICE_ADMINISTRATION,year,1
34_Use_of_fire_arms_in_murder_cases.csv,37_Home_guards_and_auxilliary_force.csv,VICTIM_OFFENDER_CHARACTERISTICS,POLICE_ADMINISTRATION,year,1
34_Use_of_fire_arms_in_murder_cases.csv,38_Unidentified_dead_bodies_recovered_and_inquest_conducted.csv,VICTIM_OFFENDER_CHARACTERISTICS,OTHER_SPECIALIZED,year,1
34_Use_of_fire_arms_in_murder_cases.csv,39_Specific_purpose_of_kidnapping_and_abduction.csv,VICTIM_OFFENDER_CHARACTERISTICS,VICTIM_OFFENDER_CHARACTERISTICS,year,1
34_Use_of_fire_arms_in_murder_cases.csv,40_01_Custodial_death_person_remanded.csv,VICTIM_OFFENDER_CHARACTERISTICS,JUSTICE_COURT,year,1
34_Use_of_fire_arms_in_murder_cases.csv,40_02_Custodial_death_person_not_remanded.csv,VICTIM_OFFENDER_CHARACTERISTICS,JUSTICE_COURT,year,1
34_Use_of_fire_arms_in_murder_cases.csv,40_03_Custodial_death_during_production.csv,VICTIM_OFFENDER_CHARACTERISTICS,JUSTICE_COURT,year,1
34_Use_of_fire_arms_in_murder_cases.csv,40_04_Custodial_death_during_hospitalization_or_treatment.csv,VICTIM_OFFENDER_CHARACTERISTICS,JUSTICE_COURT,year,1
34_Use_of_fire_arms_in_murder_cases.csv,40_05_Custodial_death_others.csv,VICTIM_OFFENDER_CHARACTERISTICS,JUSTICE_COURT,year,1
34_Use_of_fire_arms_in_murder_cases.csv,41_Escapes_from_police_custody.csv,VICTIM_OFFENDER_CHARACTERISTICS,POLICE_ADMINISTRATION,year,1
34_Use_of_fire_arms_in_murder_cases.csv,42_Cases_under_crime_against_women.csv,VICTIM_OFFENDER_CHARACTERISTICS,JUSTICE_COURT,year,1
34_Use_of_fire_arms_in_murder_cases.csv,42_District_wise_crimes_committed_against_women_2001_2012.csv,VICTIM_OFFENDER_CHARACTERISTICS,DISTRICT_WISE_CRIME,year,1
34_Use_of_fire_arms_in_murder_cases.csv,42_District_wise_crimes_committed_against_women_2013.csv,VICTIM_OFFENDER_CHARACTERISTICS,DISTRICT_WISE_CRIME,year,1
34_Use_of_fire_arms_in_murder_cases.csv,42_District_wise_crimes_committed_against_women_2014.csv,VICTIM_OFFENDER_CHARACTERISTICS,DISTRICT_WISE_CRIME,year,1
34_Use_of_fire_arms_in_murder_cases.csv,43_Arrests_under_crime_against_women.csv,VICTIM_OFFENDER_CHARACTERISTICS,ARREST_DISPOSAL,year,1
35_Human_rights_violation_by_police.csv,36_Police_housing.csv,POLICE_ADMINISTRATION,POLICE_ADMINISTRATION,year,1
35_Human_rights_violation_by_police.csv,37_Home_guards_and_auxilliary_force.csv,POLICE_ADMINISTRATION,POLICE_ADMINISTRATION,year,1
35_Human_rights_violation_by_police.csv,38_Unidentified_dead_bodies_recovered_and_inquest_conducted.csv,POLICE_ADMINISTRATION,OTHER_SPECIALIZED,year,1
35_Human_rights_violation_by_police.csv,39_Specific_purpose_of_kidnapping_and_abduction.csv,POLICE_ADMINISTRATION,VICTIM_OFFENDER_CHARACTERISTICS,year,1
35_Human_rights_violation_by_police.csv,40_01_Custodial_death_person_remanded.csv,POLICE_ADMINISTRATION,JUSTICE_COURT,year,1
35_Human_rights_violation_by_police.csv,40_02_Custodial_death_person_not_remanded.csv,POLICE_ADMINISTRATION,JUSTICE_COURT,year,1
35_Human_rights_violation_by_police.csv,40_03_Custodial_death_during_production.csv,POLICE_ADMINISTRATION,JUSTICE_COURT,year,1
35_Human_rights_violation_by_police.csv,40_04_Custodial_death_during_hospitalization_or_treatment.csv,POLICE_ADMINISTRATION,JUSTICE_COURT,year,1
35_Human_rights_violation_by_police.csv,40_05_Custodial_death_others.csv,POLICE_ADMINISTRATION,JUSTICE_COURT,year,1
35_Human_rights_violation_by_police.csv,41_Escapes_from_police_custody.csv,POLICE_ADMINISTRATION,POLICE_ADMINISTRATION,year,1
35_Human_rights_violation_by_police.csv,42_Cases_under_crime_against_women.csv,POLICE_ADMINISTRATION,JUSTICE_COURT,year,1
35_Human_rights_violation_by_police.csv,42_District_wise_crimes_committed_against_women_2001_2012.csv,POLICE_ADMINISTRATION,DISTRICT_WISE_CRIME,year,1
35_Human_rights_violation_by_police.csv,42_District_wise_crimes_committed_against_women_2013.csv,POLICE_ADMINISTRATION,DISTRICT_WISE_CRIME,year,1
35_Human_rights_violation_by_police.csv,42_District_wise_crimes_committed_against_women_2014.csv,POLICE_ADMINISTRATION,DISTRICT_WISE_CRIME,year,1
35_Human_rights_violation_by_police.csv,43_Arrests_under_crime_against_women.csv,POLICE_ADMINISTRATION,ARREST_DISPOSAL,year,1
36_Police_housing.csv,37_Home_guards_and_auxilliary_force.csv,POLICE_ADMINISTRATION,POLICE_ADMINISTRATION,year,1
36_Police_housing.csv,38_Unidentified_dead_bodies_recovered_and_inquest_conducted.csv,POLICE_ADMINISTRATION,OTHER_SPECIALIZED,year,1
36_Police_housing.csv,39_Specific_purpose_of_kidnapping_and_abduction.csv,POLICE_ADMINISTRATION,VICTIM_OFFENDER_CHARACTERISTICS,year,1
36_Police_housing.csv,40_01_Custodial_death_person_remanded.csv,POLICE_ADMINISTRATION,JUSTICE_COURT,year,1
36_Police_housing.csv,40_02_Custodial_death_person_not_remanded.csv,POLICE_ADMINISTRATION,JUSTICE_COURT,year,1
36_Police_housing.csv,40_03_Custodial_death_during_production.csv,POLICE_ADMINISTRATION,JUSTICE_COURT,year,1
36_Police_housing.csv,40_04_Custodial_death_during_hospitalization_or_treatment.csv,POLICE_ADMINISTRATION,JUSTICE_COURT,year,1
36_Police_housing.csv,40_05_Custodial_death_others.csv,POLICE_ADMINISTRATION,JUSTICE_COURT,year,1
36_Police_housing.csv,41_Escapes_from_police_custody.csv,POLICE_ADMINISTRATION,POLICE_ADMINISTRATION,year,1
36_Police_housing.csv,42_Cases_under_crime_against_women.csv,POLICE_ADMINISTRATION,JUSTICE_COURT,year,1
36_Police_housing.csv,42_District_wise_crimes_committed_against_women_2001_2012.csv,POLICE_ADMINISTRATION,DISTRICT_WISE_CRIME,year,1
36_Police_housing.csv,42_District_wise_crimes_committed_against_women_2013.csv,POLICE_ADMINISTRATION,DISTRICT_WISE_CRIME,year,1
36_Police_housing.csv,42_District_wise_crimes_committed_against_women_2014.csv,POLICE_ADMINISTRATION,DISTRICT_WISE_CRIME,year,1
36_Police_housing.csv,43_Arrests_under_crime_against_women.csv,POLICE_ADMINISTRATION,ARREST_DISPOSAL,year,1
37_Home_guards_and_auxilliary_force.csv,38_Unidentified_dead_bodies_recovered_and_inquest_conducted.csv,POLICE_ADMINISTRATION,OTHER_SPECIALIZED,year,1
37_Home_guards_and_auxilliary_force.csv,39_Specific_purpose_of_kidnapping_and_abduction.csv,POLICE_ADMINISTRATION,VICTIM_OFFENDER_CHARACTERISTICS,year,1
37_Home_guards_and_auxilliary_force.csv,40_01_Custodial_death_person_remanded.csv,POLICE_ADMINISTRATION,JUSTICE_COURT,year,1
37_Home_guards_and_auxilliary_force.csv,40_02_Custodial_death_person_not_remanded.csv,POLICE_ADMINISTRATION,JUSTICE_COURT,year,1
37_Home_guards_and_auxilliary_force.csv,40_03_Custodial_death_during_production.csv,POLICE_ADMINISTRATION,JUSTICE_COURT,year,1
37_Home_guards_and_auxilliary_force.csv,40_04_Custodial_death_during_hospitalization_or_treatment.csv,POLICE_ADMINISTRATION,JUSTICE_COURT,year,1
37_Home_guards_and_auxilliary_force.csv,40_05_Custodial_death_others.csv,POLICE_ADMINISTRATION,JUSTICE_COURT,year,1
37_Home_guards_and_auxilliary_force.csv,41_Escapes_from_police_custody.csv,POLICE_ADMINISTRATION,POLICE_ADMINISTRATION,year,1
37_Home_guards_and_auxilliary_force.csv,42_Cases_under_crime_against_women.csv,POLICE_ADMINISTRATION,JUSTICE_COURT,year,1
37_Home_guards_and_auxilliary_force.csv,42_District_wise_crimes_committed_against_women_2001_2012.csv,POLICE_ADMINISTRATION,DISTRICT_WISE_CRIME,year,1
37_Home_guards_and_auxilliary_force.csv,42_District_wise_crimes_committed_against_women_2013.csv,POLICE_ADMINISTRATION,DISTRICT_WISE_CRIME,year,1
37_Home_guards_and_auxilliary_force.csv,42_District_wise_crimes_committed_against_women_2014.csv,POLICE_ADMINISTRATION,DISTRICT_WISE_CRIME,year,1
37_Home_guards_and_auxilliary_force.csv,43_Arrests_under_crime_against_women.csv,POLICE_ADMINISTRATION,ARREST_DISPOSAL,year,1
38_Unidentified_dead_bodies_recovered_and_inquest_conducted.csv,39_Specific_purpose_of_kidnapping_and_abduction.csv,OTHER_SPECIALIZED,VICTIM_OFFENDER_CHARACTERISTICS,year,1
38_Unidentified_dead_bodies_recovered_and_inquest_conducted.csv,40_01_Custodial_death_person_remanded.csv,OTHER_SPECIALIZED,JUSTICE_COURT,year,1
38_Unidentified_dead_bodies_recovered_and_inquest_conducted.csv,40_02_Custodial_death_person_not_remanded.csv,OTHER_SPECIALIZED,JUSTICE_COURT,year,1
38_Unidentified_dead_bodies_recovered_and_inquest_conducted.csv,40_03_Custodial_death_during_production.csv,OTHER_SPECIALIZED,JUSTICE_COURT,year,1
38_Unidentified_dead_bodies_recovered_and_inquest_conducted.csv,40_04_Custodial_death_during_hospitalization_or_treatment.csv,OTHER_SPECIALIZED,JUSTICE_COURT,year,1
38_Unidentified_dead_bodies_recovered_and_inquest_conducted.csv,40_05_Custodial_death_others.csv,OTHER_SPECIALIZED,JUSTICE_COURT,year,1
38_Unidentified_dead_bodies_recovered_and_inquest_conducted.csv,41_Escapes_from_police_custody.csv,OTHER_SPECIALIZED,POLICE_ADMINISTRATION,year,1
38_Unidentified_dead_bodies_recovered_and_inquest_conducted.csv,42_Cases_under_crime_against_women.csv,OTHER_SPECIALIZED,JUSTICE_COURT,year,1
38_Unidentified_dead_bodies_recovered_and_inquest_conducted.csv,42_District_wise_crimes_committed_against_women_2001_2012.csv,OTHER_SPECIALIZED,DISTRICT_WISE_CRIME,year,1
38_Unidentified_dead_bodies_recovered_and_inquest_conducted.csv,42_District_wise_crimes_committed_against_women_2013.csv,OTHER_SPECIALIZED,DISTRICT_WISE_CRIME,year,1
38_Unidentified_dead_bodies_recovered_and_inquest_conducted.csv,42_District_wise_crimes_committed_against_women_2014.csv,OTHER_SPECIALIZED,DISTRICT_WISE_CRIME,year,1
38_Unidentified_dead_bodies_recovered_and_inquest_conducted.csv,43_Arrests_under_crime_against_women.csv,OTHER_SPECIALIZED,ARREST_DISPOSAL,year,1
39_Specific_purpose_of_kidnapping_and_abduction.csv,40_01_Custodial_death_person_remanded.csv,VICTIM_OFFENDER_CHARACTERISTICS,JUSTICE_COURT,year,1
39_Specific_purpose_of_kidnapping_and_abduction.csv,40_02_Custodial_death_person_not_remanded.csv,VICTIM_OFFENDER_CHARACTERISTICS,JUSTICE_COURT,year,1
39_Specific_purpose_of_kidnapping_and_abduction.csv,40_03_Custodial_death_during_production.csv,VICTIM_OFFENDER_CHARACTERISTICS,JUSTICE_COURT,year,1
39_Specific_purpose_of_kidnapping_and_abduction.csv,40_04_Custodial_death_during_hospitalization_or_treatment.csv,VICTIM_OFFENDER_CHARACTERISTICS,JUSTICE_COURT,year,1
39_Specific_purpose_of_kidnapping_and_abduction.csv,40_05_Custodial_death_others.csv,VICTIM_OFFENDER_CHARACTERISTICS,JUSTICE_COURT,year,1
39_Specific_purpose_of_kidnapping_and_abduction.csv,41_Escapes_from_police_custody.csv,VICTIM_OFFENDER_CHARACTERISTICS,POLICE_ADMINISTRATION,year,1
39_Specific_purpose_of_kidnapping_and_abduction.csv,42_Cases_under_crime_against_women.csv,VICTIM_OFFENDER_CHARACTERISTICS,JUSTICE_COURT,year,1
39_Specific_purpose_of_kidnapping_and_abduction.csv,42_District_wise_crimes_committed_against_women_2001_2012.csv,VICTIM_OFFENDER_CHARACTERISTICS,DISTRICT_WISE_CRIME,year,1
39_Specific_purpose_of_kidnapping_and_abduction.csv,42_District_wise_crimes_committed_against_women_2013.csv,VICTIM_OFFENDER_CHARACTERISTICS,DISTRICT_WISE_CRIME,year,1
39_Specific_purpose_of_kidnapping_and_abduction.csv,42_District_wise_crimes_committed_against_women_2014.csv,VICTIM_OFFENDER_CHARACTERISTICS,DISTRICT_WISE_CRIME,year,1
39_Specific_purpose_of_kidnapping_and_abduction.csv,43_Arrests_under_crime_against_women.csv,VICTIM_OFFENDER_CHARACTERISTICS,ARREST_DISPOSAL,year,1
40_01_Custodial_death_person_remanded.csv,40_02_Custodial_death_person_not_remanded.csv,JUSTICE_COURT,JUSTICE_COURT,year,1
40_01_Custodial_death_person_remanded.csv,40_03_Custodial_death_during_production.csv,JUSTICE_COURT,JUSTICE_COURT,year,1
40_01_Custodial_death_person_remanded.csv,40_04_Custodial_death_during_hospitalization_or_treatment.csv,JUSTICE_COURT,JUSTICE_COURT,year,1
40_01_Custodial_death_person_remanded.csv,40_05_Custodial_death_others.csv,JUSTICE_COURT,JUSTICE_COURT,year,1
40_01_Custodial_death_person_remanded.csv,41_Escapes_from_police_custody.csv,JUSTICE_COURT,POLICE_ADMINISTRATION,year,1
40_01_Custodial_death_person_remanded.csv,42_Cases_under_crime_against_women.csv,JUSTICE_COURT,JUSTICE_COURT,year,1
40_01_Custodial_death_person_remanded.csv,42_District_wise_crimes_committed_against_women_2001_2012.csv,JUSTICE_COURT,DISTRICT_WISE_CRIME,year,1
40_01_Custodial_death_person_remanded.csv,42_District_wise_crimes_committed_against_women_2013.csv,JUSTICE_COURT,DISTRICT_WISE_CRIME,year,1
40_01_Custodial_death_person_remanded.csv,42_District_wise_crimes_committed_against_women_2014.csv,JUSTICE_COURT,DISTRICT_WISE_CRIME,year,1
40_01_Custodial_death_person_remanded.csv,43_Arrests_under_crime_against_women.csv,JUSTICE_COURT,ARREST_DISPOSAL,year,1
40_02_Custodial_death_person_not_remanded.csv,40_03_Custodial_death_during_production.csv,JUSTICE_COURT,JUSTICE_COURT,year,1
40_02_Custodial_death_person_not_remanded.csv,40_04_Custodial_death_during_hospitalization_or_treatment.csv,JUSTICE_COURT,JUSTICE_COURT,year,1
40_02_Custodial_death_person_not_remanded.csv,40_05_Custodial_death_others.csv,JUSTICE_COURT,JUSTICE_COURT,year,1
40_02_Custodial_death_person_not_remanded.csv,41_Escapes_from_police_custody.csv,JUSTICE_COURT,POLICE_ADMINISTRATION,year,1
40_02_Custodial_death_person_not_remanded.csv,42_Cases_under_crime_against_women.csv,JUSTICE_COURT,JUSTICE_COURT,year,1
40_02_Custodial_death_person_not_remanded.csv,42_District_wise_crimes_committed_against_women_2001_2012.csv,JUSTICE_COURT,DISTRICT_WISE_CRIME,year,1
40_02_Custodial_death_person_not_remanded.csv,42_District_wise_crimes_committed_against_women_2013.csv,JUSTICE_COURT,DISTRICT_WISE_CRIME,year,1
40_02_Custodial_death_person_not_remanded.csv,42_District_wise_crimes_committed_against_women_2014.csv,JUSTICE_COURT,DISTRICT_WISE_CRIME,year,1
40_02_Custodial_death_person_not_remanded.csv,43_Arrests_under_crime_against_women.csv,JUSTICE_COURT,ARREST_DISPOSAL,year,1
40_03_Custodial_death_during_production.csv,40_04_Custodial_death_during_hospitalization_or_treatment.csv,JUSTICE_COURT,JUSTICE_COURT,year,1
40_03_Custodial_death_during_production.csv,40_05_Custodial_death_others.csv,JUSTICE_COURT,JUSTICE_COURT,year,1
40_03_Custodial_death_during_production.csv,41_Escapes_from_police_custody.csv,JUSTICE_COURT,POLICE_ADMINISTRATION,year,1
40_03_Custodial_death_during_production.csv,42_Cases_under_crime_against_women.csv,JUSTICE_COURT,JUSTICE_COURT,year,1
40_03_Custodial_death_during_production.csv,42_District_wise_crimes_committed_against_women_2001_2012.csv,JUSTICE_COURT,DISTRICT_WISE_CRIME,year,1
40_03_Custodial_death_during_production.csv,42_District_wise_crimes_committed_against_women_2013.csv,JUSTICE_COURT,DISTRICT_WISE_CRIME,year,1
40_03_Custodial_death_during_production.csv,42_District_wise_crimes_committed_against_women_2014.csv,JUSTICE_COURT,DISTRICT_WISE_CRIME,year,1
40_03_Custodial_death_during_production.csv,43_Arrests_under_crime_against_women.csv,JUSTICE_COURT,ARREST_DISPOSAL,year,1
40_04_Custodial_death_during_hospitalization_or_treatment.csv,40_05_Custodial_death_others.csv,JUSTICE_COURT,JUSTICE_COURT,year,1
40_04_Custodial_death_during_hospitalization_or_treatment.csv,41_Escapes_from_police_custody.csv,JUSTICE_COURT,POLICE_ADMINISTRATION,year,1
40_04_Custodial_death_during_hospitalization_or_treatment.csv,42_Cases_under_crime_against_women.csv,JUSTICE_COURT,JUSTICE_COURT,year,1
40_04_Custodial_death_during_hospitalization_or_treatment.csv,42_District_wise_crimes_committed_against_women_2001_2012.csv,JUSTICE_COURT,DISTRICT_WISE_CRIME,year,1
40_04_Custodial_death_during_hospitalization_or_treatment.csv,42_District_wise_crimes_committed_against_women_2013.csv,JUSTICE_COURT,DISTRICT_WISE_CRIME,year,1
40_04_Custodial_death_during_hospitalization_or_treatment.csv,42_District_wise_crimes_committed_against_women_2014.csv,JUSTICE_COURT,DISTRICT_WISE_CRIME,year,1
40_04_Custodial_death_during_hospitalization_or_treatment.csv,43_Arrests_under_crime_against_women.csv,JUSTICE_COURT,ARREST_DISPOSAL,year,1
40_05_Custodial_death_others.csv,41_Escapes_from_police_custody.csv,JUSTICE_COURT,POLICE_ADMINISTRATION,year,1
40_05_Custodial_death_others.csv,42_Cases_under_crime_against_women.csv,JUSTICE_COURT,JUSTICE_COURT,year,1
40_05_Custodial_death_others.csv,42_District_wise_crimes_committed_against_women_2001_2012.csv,JUSTICE_COURT,DISTRICT_WISE_CRIME,year,1
40_05_Custodial_death_others.csv,42_District_wise_crimes_committed_against_women_2013.csv,JUSTICE_COURT,DISTRICT_WISE_CRIME,year,1
40_05_Custodial_death_others.csv,42_District_wise_crimes_committed_against_women_2014.csv,JUSTICE_COURT,DISTRICT_WISE_CRIME,year,1
40_05_Custodial_death_others.csv,43_Arrests_under_crime_against_women.csv,JUSTICE_COURT,ARREST_DISPOSAL,year,1
41_Escapes_from_police_custody.csv,42_Cases_under_crime_against_women.csv,POLICE_ADMINISTRATION,JUSTICE_COURT,year,1
41_Escapes_from_police_custody.csv,42_District_wise_crimes_committed_against_women_2001_2012.csv,POLICE_ADMINISTRATION,DISTRICT_WISE_CRIME,year,1
41_Escapes_from_police_custody.csv,42_District_wise_crimes_committed_against_women_2013.csv,POLICE_ADMINISTRATION,DISTRICT_WISE_CRIME,year,1
41_Escapes_from_police_custody.csv,42_District_wise_crimes_committed_against_women_2014.csv,POLICE_ADMINISTRATION,DISTRICT_WISE_CRIME,year,1
41_Escapes_from_police_custody.csv,43_Arrests_under_crime_against_women.csv,POLICE_ADMINISTRATION,ARREST_DISPOSAL,year,1
42_Cases_under_crime_against_women.csv,42_District_wise_crimes_committed_against_women_2001_2012.csv,JUSTICE_COURT,DISTRICT_WISE_CRIME,year,1
42_Cases_under_crime_against_women.csv,42_District_wise_crimes_committed_against_women_2013.csv,JUSTICE_COURT,DISTRICT_WISE_CRIME,year,1
42_Cases_under_crime_against_women.csv,42_District_wise_crimes_committed_against_women_2014.csv,JUSTICE_COURT,DISTRICT_WISE_CRIME,year,1
42_Cases_under_crime_against_women.csv,43_Arrests_under_crime_against_women.csv,JUSTICE_COURT,ARREST_DISPOSAL,year,1
42_District_wise_crimes_committed_against_women_2001_2012.csv,42_District_wise_crimes_committed_against_women_2013.csv,DISTRICT_WISE_CRIME,DISTRICT_WISE_CRIME,"year, state, district",3
42_District_wise_crimes_committed_against_women_2001_2012.csv,42_District_wise_crimes_committed_against_women_2014.csv,DISTRICT_WISE_CRIME,DISTRICT_WISE_CRIME,"year, state, district",3
42_District_wise_crimes_committed_against_women_2001_2012.csv,43_Arrests_under_crime_against_women.csv,DISTRICT_WISE_CRIME,ARREST_DISPOSAL,year,1
42_District_wise_crimes_committed_against_women_2013.csv,42_District_wise_crimes_committed_against_women_2014.csv,DISTRICT_WISE_CRIME,DISTRICT_WISE_CRIME,"year, state, district",3
42_District_wise_crimes_committed_against_women_2013.csv,43_Arrests_under_crime_against_women.csv,DISTRICT_WISE_CRIME,ARREST_DISPOSAL,year,1
42_District_wise_crimes_committed_against_women_2014.csv,43_Arrests_under_crime_against_women.csv,DISTRICT_WISE_CRIME,ARREST_DISPOSAL,year,1
