YEAR,STATE,UNIT_NAME,GROUP_HOMICIDE,GROUP_SEXUAL_VIOLENCE,GROUP_KIDNAPPING_ABDUCTION,GROUP_ROBBERY_DACOITY,GROUP_PUBLIC_VIOLENCE,GROUP_PROPERTY_CRIME,TARGET_VIOLENT_LEVEL
2001,ANDHRA PRADESH,ADILABAD,178.0,199.0,46.0,50.0,108.0,517.0,4.0
2001,ANDHRA PRADESH,ANANTAPUR,277.0,141.0,53.0,24.0,237.0,633.0,5.0
2001,ANDHRA PRADESH,CHITTOOR,160.0,139.0,59.0,18.0,194.0,1202.0,4.0
2001,ANDHRA PRADESH,CUDDAPAH,134.0,146.0,25.0,5.0,187.0,320.0,4.0
2001,ANDHRA PRADESH,EAST GODAVARI,150.0,132.0,49.0,29.0,111.0,1728.0,4.0
2001,ANDHRA PRADESH,GUNTAKAL RLY.,4.0,1.0,0.0,7.0,1.0,162.0,1.0
2001,ANDHRA PRADESH,GUNTUR,272.0,193.0,82.0,75.0,287.0,1827.0,5.0
2001,ANDHRA PRADESH,KARIMNAGAR,253.0,470.0,67.0,77.0,253.0,878.0,5.0
2001,ANDHRA PRADESH,KHAMMAM,154.0,227.0,41.0,14.0,226.0,705.0,5.0
2001,ANDHRA PRADESH,KRISHNA,116.0,245.0,36.0,18.0,132.0,769.0,4.0
2001,ANDHRA PRADESH,KURNOOL,209.0,170.0,47.0,28.0,89.0,584.0,4.0
2001,ANDHRA PRADESH,MAHABOOBNAGAR,250.0,235.0,42.0,35.0,157.0,671.0,5.0
2001,ANDHRA PRADESH,MEDAK,169.0,135.0,26.0,53.0,137.0,609.0,4.0
2001,ANDHRA PRADESH,NALGONDA,183.0,223.0,27.0,34.0,292.0,586.0,5.0
2001,ANDHRA PRADESH,NELLORE,163.0,253.0,90.0,28.0,162.0,1049.0,5.0
2001,ANDHRA PRADESH,NIZAMABAD,169.0,76.0,38.0,29.0,81.0,575.0,4.0
2001,ANDHRA PRADESH,PRAKASHAM,187.0,159.0,31.0,29.0,181.0,529.0,4.0
2001,ANDHRA PRADESH,RANGA REDDY,325.0,185.0,106.0,102.0,132.0,2966.0,5.0
2001,ANDHRA PRADESH,SECUNDERABAD RLY.,6.0,0.0,0.0,10.0,1.0,304.0,1.0
2001,ANDHRA PRADESH,SRIKAKULAM,52.0,46.0,12.0,5.0,104.0,420.0,2.0
2001,ANDHRA PRADESH,VIJAYAWADA,102.0,109.0,70.0,30.0,36.0,3196.0,3.0
2001,ANDHRA PRADESH,VIJAYAWADA RLY.,3.0,2.0,0.0,1.0,1.0,270.0,1.0
2001,ANDHRA PRADESH,VISAKHAPATNAM,33.0,46.0,13.0,6.0,24.0,1182.0,2.0
2001,ANDHRA PRADESH,VIZIANAGARAM,48.0,48.0,8.0,2.0,48.0,295.0,2.0
2001,ANDHRA PRADESH,WARANGAL,242.0,294.0,81.0,25.0,330.0,827.0,5.0
2001,ANDHRA PRADESH,WEST GODAVARI,136.0,307.0,41.0,22.0,128.0,1706.0,4.0
2001,ARUNACHAL PRADESH,CHANGLANG,13.0,4.0,3.0,7.0,1.0,49.0,1.0
2001,ARUNACHAL PRADESH,DIBANG VALLEY,8.0,6.0,4.0,7.0,0.0,40.0,1.0
2001,ARUNACHAL PRADESH,KAMENG EAST,4.0,7.0,7.0,7.0,1.0,36.0,1.0
2001,ARUNACHAL PRADESH,KAMENG WEST,6.0,0.0,2.0,1.0,0.0,37.0,1.0
2001,ARUNACHAL PRADESH,LOHIT,23.0,10.0,6.0,10.0,5.0,58.0,1.0
2001,ARUNACHAL PRADESH,PAPUM PARE,19.0,15.0,15.0,33.0,10.0,188.0,2.0
2001,ARUNACHAL PRADESH,SIANG EAST,7.0,12.0,11.0,12.0,2.0,85.0,1.0
2001,ARUNACHAL PRADESH,SIANG UPPER,2.0,5.0,5.0,0.0,3.0,15.0,1.0
2001,ARUNACHAL PRADESH,SIANG WEST,19.0,29.0,17.0,11.0,5.0,116.0,1.0
2001,ARUNACHAL PRADESH,SUBANSIRI LOWER,19.0,6.0,6.0,8.0,7.0,47.0,1.0
2001,ARUNACHAL PRADESH,SUBANSIRI UPPER,4.0,10.0,1.0,8.0,2.0,39.0,1.0
2001,ARUNACHAL PRADESH,TAWANG,2.0,6.0,0.0,0.0,0.0,17.0,1.0
2001,ARUNACHAL PRADESH,TIRAP,13.0,1.0,6.0,2.0,1.0,35.0,1.0
2001,ASSAM,BARPETA,69.0,57.0,105.0,88.0,234.0,335.0,5.0
2001,ASSAM,BONGAIGAON,67.0,42.0,36.0,38.0,99.0,196.0,3.0
2001,ASSAM,C.I.D.,0.0,0.0,0.0,0.0,0.0,6.0,1.0
2001,ASSAM,CACHAR,83.0,125.0,104.0,71.0,597.0,610.0,5.0
2001,ASSAM,DARRANG,74.0,104.0,64.0,50.0,116.0,342.0,4.0
2001,ASSAM,DHEMAJI,31.0,68.0,31.0,14.0,29.0,127.0,2.0
2001,ASSAM,DHUBRI,88.0,92.0,69.0,72.0,425.0,197.0,5.0
2001,ASSAM,DIBRUGARH,138.0,76.0,57.0,43.0,41.0,464.0,4.0
2001,ASSAM,G.R.P.,14.0,1.0,3.0,24.0,9.0,147.0,1.0
2001,ASSAM,GOALPARA,40.0,89.0,43.0,50.0,133.0,201.0,4.0
2001,ASSAM,GOLAGHAT,55.0,53.0,44.0,40.0,47.0,329.0,3.0
2001,ASSAM,HAILAKANDI,22.0,51.0,36.0,14.0,179.0,205.0,3.0
2001,ASSAM,JORHAT,64.0,86.0,37.0,33.0,43.0,317.0,3.0
2001,ASSAM,KAMRUP,75.0,63.0,95.0,71.0,61.0,547.0,4.0
2001,ASSAM,KARBI ANGLONG,94.0,10.0,38.0,45.0,114.0,106.0,3.0
2001,ASSAM,KARIMGANJ,52.0,42.0,42.0,13.0,288.0,188.0,4.0
2001,ASSAM,KOKRAJHAR,115.0,51.0,41.0,24.0,56.0,144.0,3.0
2001,ASSAM,LAKHIMPUR,48.0,86.0,72.0,62.0,106.0,415.0,4.0
2001,ASSAM,MORIGAON,29.0,29.0,39.0,25.0,84.0,161.0,3.0
2001,ASSAM,N.C.HILLS,26.0,4.0,8.0,9.0,7.0,58.0,1.0
2001,ASSAM,NAGAON,120.0,164.0,119.0,92.0,308.0,846.0,5.0
2001,ASSAM,NALBARI,115.0,46.0,53.0,54.0,25.0,247.0,3.0
2001,ASSAM,R.P.O.,11.0,3.0,2.0,15.0,13.0,31.0,1.0
2001,ASSAM,SIBSAGAR,83.0,75.0,64.0,44.0,71.0,387.0,4.0
2001,ASSAM,SONITPUR,112.0,96.0,87.0,48.0,117.0,574.0,4.0
2001,ASSAM,TINSUKIA,125.0,50.0,62.0,69.0,23.0,472.0,4.0
2001,BIHAR,ARARIA,78.0,96.0,79.0,82.0,378.0,314.0,5.0
2001,BIHAR,ARWAL,102.0,11.0,13.0,13.0,90.0,60.0,2.0
2001,BIHAR,AURANGABAD,120.0,29.0,24.0,47.0,158.0,281.0,4.0
2001,BIHAR,BAGAHA,113.0,29.0,56.0,10.0,73.0,138.0,3.0
2001,BIHAR,BANKA,113.0,34.0,27.0,88.0,200.0,131.0,4.0
2001,BIHAR,BEGUSARAI,206.0,45.0,53.0,85.0,153.0,393.0,5.0
2001,BIHAR,BETTIAH,95.0,43.0,84.0,40.0,361.0,426.0,5.0
2001,BIHAR,BHABHUA,69.0,17.0,43.0,60.0,207.0,311.0,4.0
2001,BIHAR,BHAGALPUR,207.0,50.0,66.0,77.0,184.0,566.0,5.0
2001,BIHAR,BHOJPUR,168.0,22.0,46.0,81.0,240.0,359.0,5.0
2001,BIHAR,BUXAR,94.0,8.0,34.0,83.0,207.0,312.0,4.0
2001,BIHAR,DARBHANGA,121.0,59.0,39.0,66.0,159.0,238.0,4.0
2001,BIHAR,GAYA,377.0,52.0,66.0,214.0,440.0,701.0,5.0
2001,BIHAR,GOPALGANJ,203.0,13.0,59.0,105.0,233.0,354.0,5.0
2001,BIHAR,JAMALPUR RLY.,7.0,2.0,4.0,22.0,0.0,121.0,1.0
2001,BIHAR,JAMUI,144.0,18.0,14.0,36.0,135.0,138.0,4.0
2001,BIHAR,JEHANABAD,155.0,6.0,35.0,37.0,170.0,225.0,4.0
2001,BIHAR,KATIHAR,109.0,57.0,49.0,79.0,194.0,244.0,5.0
2001,BIHAR,KATIHAR RLY.,7.0,2.0,3.0,37.0,9.0,242.0,1.0
2001,BIHAR,KHAGARIA,101.0,11.0,34.0,35.0,168.0,113.0,4.0
2001,BIHAR,KISHANGANJ,41.0,24.0,23.0,29.0,124.0,111.0,3.0
2001,BIHAR,LAKHISARAI,110.0,22.0,30.0,22.0,97.0,115.0,3.0
2001,BIHAR,MADHEPURA,86.0,14.0,49.0,48.0,165.0,110.0,4.0
2001,BIHAR,MADHUBANI,105.0,54.0,36.0,41.0,199.0,204.0,4.0
2001,BIHAR,MOTIHARI,223.0,47.0,100.0,109.0,388.0,525.0,5.0
2001,BIHAR,MUNGER,159.0,11.0,45.0,35.0,230.0,243.0,4.0
2001,BIHAR,MUZAFFARPUR,336.0,154.0,113.0,167.0,283.0,817.0,5.0
2001,BIHAR,MUZAFFARPUR RLY.,16.0,6.0,5.0,19.0,14.0,343.0,1.0
2001,BIHAR,NALANDA,475.0,54.0,126.0,148.0,331.0,557.0,5.0
2001,BIHAR,NAUGACHIA,101.0,7.0,29.0,33.0,57.0,55.0,3.0
2001,BIHAR,NAWADAH,136.0,22.0,42.0,47.0,195.0,142.0,4.0
2001,BIHAR,PATNA,1045.0,74.0,197.0,505.0,560.0,2521.0,5.0
2001,BIHAR,PATNA RLY.,45.0,10.0,3.0,39.0,11.0,827.0,2.0
2001,BIHAR,PURNEA,203.0,44.0,64.0,172.0,276.0,360.0,5.0
2001,BIHAR,ROHTAS,243.0,46.0,72.0,146.0,418.0,550.0,5.0
2001,BIHAR,SAHARSA,190.0,21.0,27.0,18.0,162.0,127.0,4.0
2001,BIHAR,SAMASTIPUR,242.0,36.0,75.0,94.0,357.0,413.0,5.0
2001,BIHAR,SARAN,207.0,42.0,65.0,162.0,352.0,368.0,5.0
2001,BIHAR,SHEIKHPURA,30.0,3.0,16.0,28.0,139.0,118.0,3.0
2001,BIHAR,SHEOHAR,19.0,11.0,13.0,15.0,38.0,22.0,2.0
2001,BIHAR,SITAMARHI,59.0,24.0,34.0,39.0,225.0,230.0,4.0
2001,BIHAR,SIWAN,275.0,10.0,51.0,145.0,255.0,228.0,5.0
2001,BIHAR,SUPAUL,106.0,38.0,26.0,71.0,170.0,195.0,4.0
2001,BIHAR,VAISHALI,271.0,72.0,90.0,65.0,303.0,691.0,5.0
2001,CHHATTISGARH,BALRAMPUR,15.0,35.0,1.0,28.0,17.0,53.0,1.0
2001,CHHATTISGARH,BILASPUR,152.0,249.0,20.0,41.0,183.0,1269.0,4.0
2001,CHHATTISGARH,BIZAPUR,22.0,5.0,0.0,8.0,7.0,12.0,1.0
2001,CHHATTISGARH,DANTEWARA,120.0,37.0,11.0,12.0,19.0,129.0,2.0
2001,CHHATTISGARH,DHAMTARI,20.0,63.0,4.0,2.0,23.0,250.0,1.0
2001,CHHATTISGARH,DURG,142.0,431.0,57.0,59.0,83.0,1592.0,5.0
2001,CHHATTISGARH,GRP RAIPUR,3.0,4.0,0.0,11.0,4.0,207.0,1.0
2001,CHHATTISGARH,JAGDALPUR,119.0,108.0,6.0,25.0,47.0,338.0,3.0
2001,CHHATTISGARH,JANJGIR,77.0,139.0,9.0,27.0,128.0,457.0,3.0
2001,CHHATTISGARH,JASHPUR,59.0,77.0,2.0,22.0,21.0,166.0,2.0
2001,CHHATTISGARH,KANKER,49.0,78.0,4.0,8.0,26.0,131.0,2.0
2001,CHHATTISGARH,KAWARDHA,33.0,80.0,1.0,3.0,14.0,118.0,2.0
2001,CHHATTISGARH,KORBA,47.0,136.0,13.0,8.0,74.0,579.0,3.0
2001,CHHATTISGARH,KORIYA,64.0,136.0,7.0,9.0,28.0,393.0,2.0
2001,CHHATTISGARH,MAHASAMUND,43.0,112.0,7.0,8.0,40.0,289.0,2.0
2001,CHHATTISGARH,RAIGARH,74.0,157.0,6.0,15.0,38.0,441.0,3.0
2001,CHHATTISGARH,RAIPUR,204.0,357.0,38.0,68.0,138.0,1834.0,5.0
2001,CHHATTISGARH,RAJNANDGAON,63.0,150.0,4.0,18.0,61.0,544.0,3.0
2001,CHHATTISGARH,SARGUJA,148.0,368.0,17.0,53.0,135.0,710.0,5.0
2001,GOA,NORTH GOA,42.0,16.0,4.0,15.0,43.0,534.0,2.0
2001,GOA,SOUTH GOA,29.0,13.0,5.0,17.0,37.0,502.0,2.0
2001,GUJARAT,AHMEDABAD COMMR.,208.0,93.0,143.0,210.0,193.0,4628.0,5.0
2001,GUJARAT,AHWA-DANG,6.0,3.0,2.0,1.0,12.0,21.0,1.0
2001,GUJARAT,AMRELI,52.0,23.0,39.0,29.0,69.0,362.0,2.0
2001,GUJARAT,ANAND,44.0,30.0,30.0,24.0,85.0,811.0,2.0
2001,GUJARAT,BHARUCH,51.0,23.0,39.0,30.0,66.0,679.0,2.0
2001,GUJARAT,BHAVNAGAR,92.0,45.0,60.0,53.0,138.0,1021.0,4.0
2001,GUJARAT,DAHOD,44.0,22.0,15.0,66.0,80.0,222.0,2.0
2001,GUJARAT,GANDHINAGAR,36.0,41.0,15.0,36.0,69.0,842.0,2.0
2001,GUJARAT,HIMATNAGAR,67.0,68.0,31.0,52.0,90.0,505.0,3.0
2001,GUJARAT,JAMNAGAR,77.0,38.0,27.0,22.0,47.0,805.0,2.0
2001,GUJARAT,JUNAGADH,93.0,58.0,46.0,56.0,102.0,1018.0,4.0
2001,GUJARAT,KHEDA NORTH,47.0,54.0,30.0,28.0,84.0,634.0,2.0
2001,GUJARAT,KUTCH,81.0,27.0,24.0,19.0,66.0,499.0,2.0
2001,GUJARAT,MEHSANA,45.0,51.0,58.0,68.0,113.0,889.0,3.0
2001,GUJARAT,NARMADA,19.0,15.0,9.0,1.0,20.0,78.0,1.0
2001,GUJARAT,NAVSARI,32.0,8.0,6.0,20.0,28.0,280.0,1.0
2001,GUJARAT,PALANPUR,97.0,68.0,41.0,60.0,115.0,741.0,4.0
2001,GUJARAT,PANCHMAHAL,69.0,6.0,46.0,40.0,107.0,547.0,3.0
2001,GUJARAT,PATAN,42.0,26.0,21.0,27.0,90.0,377.0,2.0
2001,GUJARAT,PORBANDAR,24.0,16.0,5.0,3.0,13.0,213.0,1.0
2001,GUJARAT,RAJKOT COMMR.,63.0,24.0,46.0,36.0,119.0,1678.0,3.0
2001,GUJARAT,SURAT COMMR.,119.0,21.0,57.0,85.0,137.0,2069.0,4.0
2001,GUJARAT,SURENDRANAGAR,55.0,56.0,29.0,20.0,82.0,384.0,2.0
2001,GUJARAT,VADODARA COMMR.,48.0,14.0,35.0,43.0,158.0,1527.0,3.0
2001,GUJARAT,VALSAD,55.0,19.0,16.0,47.0,52.0,765.0,2.0
2001,GUJARAT,W.RLY,23.0,8.0,0.0,94.0,8.0,952.0,2.0
2001,HARYANA,AMBALA,51.0,38.0,38.0,20.0,16.0,770.0,2.0
2001,HARYANA,BHIWANI,68.0,27.0,9.0,19.0,125.0,402.0,3.0
2001,HARYANA,FARIDABAD,113.0,84.0,78.0,51.0,147.0,1082.0,4.0
2001,HARYANA,FATEHABAD,43.0,34.0,20.0,14.0,17.0,290.0,2.0
2001,HARYANA,GRP,27.0,1.0,2.0,5.0,9.0,174.0,1.0
2001,HARYANA,GURGAON,104.0,53.0,50.0,55.0,98.0,1172.0,4.0
2001,HARYANA,HISSAR,105.0,43.0,26.0,29.0,36.0,864.0,3.0
2001,HARYANA,JHAJJAR,78.0,63.0,14.0,27.0,68.0,352.0,3.0
2001,HARYANA,JIND,64.0,43.0,12.0,30.0,73.0,416.0,3.0
2001,HARYANA,KAITHAL,56.0,35.0,9.0,12.0,28.0,323.0,2.0
2001,HARYANA,KARNAL,73.0,72.0,31.0,24.0,58.0,755.0,3.0
2001,HARYANA,KURUKSHETRA,32.0,59.0,14.0,18.0,4.0,625.0,2.0
2001,HARYANA,MAHENDRAGARH,36.0,30.0,13.0,2.0,68.0,218.0,2.0
2001,HARYANA,PANCHKULA,20.0,29.0,18.0,6.0,3.0,385.0,1.0
2001,HARYANA,PANIPAT,72.0,54.0,19.0,67.0,42.0,670.0,3.0
2001,HARYANA,REWARI,38.0,28.0,13.0,7.0,62.0,270.0,2.0
2001,HARYANA,ROHTAK,87.0,54.0,13.0,34.0,47.0,670.0,3.0
2001,HARYANA,SIRSA,75.0,40.0,18.0,7.0,30.0,491.0,2.0
2001,HARYANA,SONIPAT,126.0,37.0,26.0,33.0,14.0,530.0,3.0
2001,HARYANA,YAMUNANAGAR,58.0,52.0,26.0,14.0,8.0,339.0,2.0
2001,HIMACHAL PRADESH,BILASPUR,18.0,40.0,10.0,5.0,96.0,122.0,2.0
2001,HIMACHAL PRADESH,CHAMBA,16.0,35.0,17.0,1.0,14.0,134.0,1.0
2001,HIMACHAL PRADESH,G.R.P.,1.0,0.0,0.0,0.0,1.0,1.0,1.0
2001,HIMACHAL PRADESH,HAMIRPUR,8.0,20.0,3.0,1.0,33.0,62.0,1.0
2001,HIMACHAL PRADESH,KANGRA,43.0,61.0,30.0,5.0,151.0,284.0,3.0
2001,HIMACHAL PRADESH,KINNAUR,5.0,10.0,3.0,0.0,5.0,28.0,1.0
2001,HIMACHAL PRADESH,KULLU,14.0,25.0,7.0,1.0,33.0,77.0,1.0
2001,HIMACHAL PRADESH,LAHAUL-SPITI,1.0,2.0,1.0,1.0,3.0,7.0,1.0
2001,HIMACHAL PRADESH,MANDI,26.0,75.0,11.0,3.0,117.0,199.0,2.0
2001,HIMACHAL PRADESH,SHIMLA,29.0,68.0,13.0,7.0,135.0,402.0,2.0
2001,HIMACHAL PRADESH,SIRMAUR,8.0,43.0,13.0,4.0,60.0,78.0,2.0
2001,HIMACHAL PRADESH,SOLAN,23.0,35.0,13.0,1.0,71.0,160.0,2.0
2001,HIMACHAL PRADESH,UNA,13.0,20.0,5.0,3.0,43.0,105.0,1.0
2001,JAMMU & KASHMIR,ANANTNAG,115.0,59.0,59.0,21.0,118.0,242.0,4.0
2001,JAMMU & KASHMIR,AWANTIPORA,28.0,9.0,14.0,4.0,19.0,41.0,1.0
2001,JAMMU & KASHMIR,BARAMULLA,301.0,121.0,75.0,18.0,186.0,284.0,5.0
2001,JAMMU & KASHMIR,BORDER,48.0,27.0,10.0,0.0,17.0,65.0,2.0
2001,JAMMU & KASHMIR,BUDGAM,187.0,42.0,40.0,2.0,101.0,168.0,4.0
2001,JAMMU & KASHMIR,CRIME JAMMU,0.0,0.0,0.0,0.0,0.0,27.0,1.0
2001,JAMMU & KASHMIR,CRIME SRINAGAR,0.0,0.0,0.0,0.0,0.0,69.0,1.0
2001,JAMMU & KASHMIR,DODA,251.0,13.0,15.0,8.0,57.0,47.0,3.0
2001,JAMMU & KASHMIR,GANDERBAL,34.0,35.0,33.0,1.0,63.0,75.0,2.0
2001,JAMMU & KASHMIR,JAMMU,115.0,53.0,43.0,4.0,116.0,789.0,3.0
2001,JAMMU & KASHMIR,KARGIL,0.0,1.0,2.0,0.0,8.0,8.0,1.0
2001,JAMMU & KASHMIR,KATHUA,45.0,27.0,11.0,3.0,58.0,95.0,2.0
2001,JAMMU & KASHMIR,KULGAM,57.0,13.0,35.0,18.0,111.0,90.0,3.0
2001,JAMMU & KASHMIR,KUPWARA,410.0,68.0,47.0,1.0,96.0,93.0,5.0
2001,JAMMU & KASHMIR,LEH,4.0,1.0,1.0,0.0,5.0,19.0,1.0
2001,JAMMU & KASHMIR,POONCH,289.0,17.0,16.0,1.0,70.0,89.0,4.0
2001,JAMMU & KASHMIR,PULWAMA,136.0,26.0,37.0,28.0,150.0,223.0,4.0
2001,JAMMU & KASHMIR,RAJOURI,174.0,24.0,20.0,6.0,21.0,67.0,3.0
2001,JAMMU & KASHMIR,RAMBAN,102.0,6.0,7.0,2.0,21.0,31.0,2.0
2001,JAMMU & KASHMIR,REASI,114.0,12.0,11.0,1.0,18.0,39.0,2.0
2001,JAMMU & KASHMIR,SRINAGAR,120.0,215.0,115.0,65.0,222.0,981.0,5.0
2001,JAMMU & KASHMIR,UDHAMPUR,50.0,22.0,15.0,2.0,52.0,199.0,2.0
2001,JHARKHAND,BOKARO,147.0,50.0,38.0,104.0,132.0,576.0,4.0
2001,JHARKHAND,CHAIBASA,153.0,38.0,17.0,16.0,27.0,167.0,3.0
2001,JHARKHAND,CHATRA,50.0,6.0,10.0,38.0,91.0,123.0,2.0
2001,JHARKHAND,DEOGHAR,133.0,35.0,7.0,28.0,129.0,217.0,3.0
2001,JHARKHAND,DHANBAD,135.0,79.0,57.0,104.0,219.0,837.0,5.0
2001,JHARKHAND,DHANBAD RLY.,11.0,2.0,4.0,25.0,4.0,226.0,1.0
2001,JHARKHAND,DUMKA,99.0,47.0,24.0,19.0,91.0,136.0,3.0
2001,JHARKHAND,GARHWA,44.0,11.0,5.0,36.0,125.0,103.0,3.0
2001,JHARKHAND,GIRIDIH,134.0,55.0,15.0,83.0,194.0,294.0,4.0
2001,JHARKHAND,GODDA,61.0,37.0,30.0,42.0,90.0,139.0,3.0
2001,JHARKHAND,GUMLA,161.0,31.0,16.0,74.0,40.0,98.0,3.0
2001,JHARKHAND,HAZARIBAGH,115.0,56.0,42.0,153.0,273.0,561.0,5.0
2001,JHARKHAND,JAMSHEDPUR,279.0,108.0,60.0,37.0,139.0,677.0,5.0
2001,JHARKHAND,JAMSHEDPUR RLY.,4.0,2.0,0.0,10.0,2.0,71.0,1.0
2001,JHARKHAND,JAMTARA,52.0,31.0,14.0,15.0,64.0,101.0,2.0
2001,JHARKHAND,KODERMA,40.0,10.0,14.0,28.0,83.0,137.0,2.0
2001,JHARKHAND,LATEHAR,67.0,12.0,4.0,53.0,27.0,63.0,2.0
2001,JHARKHAND,LOHARDAGGA,37.0,16.0,14.0,19.0,32.0,51.0,2.0
2001,JHARKHAND,PAKUR,50.0,23.0,7.0,16.0,46.0,75.0,2.0
2001,JHARKHAND,PALAMU,128.0,23.0,14.0,75.0,183.0,191.0,4.0
2001,JHARKHAND,RANCHI,326.0,97.0,1.0,221.0,76.0,751.0,5.0
2001,JHARKHAND,SAHEBGANJ,84.0,43.0,17.0,20.0,82.0,129.0,3.0
2001,JHARKHAND,SARAIKELA,153.0,35.0,19.0,27.0,29.0,188.0,3.0
2001,JHARKHAND,SIMDEGA,53.0,17.0,12.0,40.0,5.0,19.0,2.0
2001,KARNATAKA,BAGALKOT,103.0,41.0,17.0,5.0,230.0,176.0,3.0
2001,KARNATAKA,BANGALORE COMMR.,553.0,263.0,152.0,315.0,301.0,10367.0,5.0
2001,KARNATAKA,BELGAUM,177.0,70.0,27.0,66.0,414.0,717.0,5.0
2001,KARNATAKA,BELLARY,100.0,98.0,14.0,25.0,273.0,510.0,4.0
2001,KARNATAKA,BIDAR,110.0,97.0,19.0,43.0,184.0,396.0,4.0
2001,KARNATAKA,BIJAPUR,102.0,71.0,24.0,26.0,430.0,334.0,5.0
2001,KARNATAKA,CHAMARAJNAGAR,37.0,47.0,5.0,10.0,132.0,218.0,2.0
2001,KARNATAKA,CHICKMAGALUR,68.0,65.0,12.0,14.0,192.0,402.0,3.0
2001,KARNATAKA,CHITRADURGA,53.0,66.0,4.0,28.0,277.0,289.0,4.0
2001,KARNATAKA,DAKSHIN KANNADA,69.0,27.0,9.0,9.0,139.0,503.0,2.0
2001,KARNATAKA,DAVANAGERE,103.0,106.0,23.0,31.0,298.0,636.0,4.0
2001,KARNATAKA,DHARWAD COMMR.,40.0,7.0,8.0,39.0,175.0,468.0,3.0
2001,KARNATAKA,GADAG,40.0,12.0,4.0,17.0,110.0,137.0,2.0
2001,KARNATAKA,GULBARGA,181.0,163.0,35.0,71.0,448.0,588.0,5.0
2001,KARNATAKA,HASSAN,133.0,95.0,17.0,28.0,210.0,456.0,4.0
2001,KARNATAKA,HAVERI,45.0,45.0,12.0,17.0,260.0,225.0,3.0
2001,KARNATAKA,K.G.F.,45.0,13.0,12.0,10.0,73.0,214.0,2.0
2001,KARNATAKA,KODAGU,61.0,26.0,4.0,4.0,173.0,200.0,3.0
2001,KARNATAKA,KOLAR,145.0,59.0,21.0,28.0,373.0,497.0,5.0
2001,KARNATAKA,KOPPAL,56.0,46.0,12.0,11.0,171.0,214.0,3.0
2001,KARNATAKA,MANDYA,117.0,65.0,9.0,30.0,280.0,560.0,4.0
2001,KARNATAKA,MYSORE COMMR.,66.0,10.0,11.0,32.0,67.0,504.0,2.0
2001,KARNATAKA,RAICHUR,80.0,75.0,11.0,17.0,276.0,389.0,4.0
2001,KARNATAKA,SHIMOGA,105.0,77.0,14.0,16.0,280.0,533.0,4.0
2001,KARNATAKA,TUMKUR,139.0,59.0,21.0,37.0,303.0,665.0,4.0
2001,KARNATAKA,UDUPI,30.0,18.0,2.0,13.0,112.0,224.0,2.0
2001,KARNATAKA,UTTAR KANNADA,31.0,31.0,5.0,6.0,122.0,173.0,2.0
2001,KERALA,ALAPUZHA,56.0,183.0,8.0,20.0,454.0,592.0,5.0
2001,KERALA,CBCID,29.0,2.0,2.0,2.0,7.0,65.0,1.0
2001,KERALA,ERNAKULAM,118.0,200.0,20.0,105.0,651.0,2145.0,5.0
2001,KERALA,IDUKKI,64.0,179.0,0.0,19.0,311.0,627.0,4.0
2001,KERALA,KANNUR,88.0,119.0,12.0,19.0,837.0,690.0,5.0
2001,KERALA,KASARGOD,43.0,28.0,4.0,41.0,683.0,343.0,5.0
2001,KERALA,KOLLAM,127.0,290.0,16.0,75.0,638.0,761.0,5.0
2001,KERALA,KOTTAYAM,63.0,147.0,18.0,56.0,364.0,969.0,4.0
2001,KERALA,KOZHIKODE,77.0,157.0,12.0,43.0,1518.0,1204.0,5.0
2001,KERALA,MALAPPURAM,61.0,163.0,17.0,17.0,693.0,879.0,5.0
2001,KERALA,PALAKKAD,116.0,175.0,14.0,41.0,675.0,882.0,5.0
2001,KERALA,PATHANAMTHITTA,49.0,102.0,0.0,8.0,253.0,348.0,3.0
2001,KERALA,THRISSUR,141.0,265.0,18.0,96.0,581.0,1352.0,5.0
2001,KERALA,TRIVANDRUM,138.0,402.0,41.0,136.0,969.0,1662.0,5.0
2001,KERALA,WAYANADU,28.0,91.0,1.0,13.0,203.0,381.0,3.0
2001,MADHYA PRADESH,BALAGHAT,107.0,244.0,11.0,7.0,60.0,475.0,3.0
2001,MADHYA PRADESH,BARWANI,74.0,115.0,2.0,20.0,45.0,378.0,2.0
2001,MADHYA PRADESH,BETUL,105.0,230.0,19.0,18.0,25.0,466.0,4.0
2001,MADHYA PRADESH,BHIND,162.0,111.0,47.0,31.0,116.0,543.0,4.0
2001,MADHYA PRADESH,BHOPAL,170.0,358.0,55.0,107.0,85.0,2428.0,5.0
2001,MADHYA PRADESH,BHOPAL RLY.,8.0,11.0,2.0,26.0,3.0,723.0,1.0
2001,MADHYA PRADESH,CHHATARPUR,127.0,258.0,28.0,46.0,124.0,439.0,4.0
2001,MADHYA PRADESH,CHHINDWARA,131.0,296.0,18.0,18.0,52.0,487.0,4.0
2001,MADHYA PRADESH,DAMOH,121.0,255.0,18.0,27.0,86.0,323.0,4.0
2001,MADHYA PRADESH,DATIYA,108.0,69.0,25.0,29.0,39.0,199.0,3.0
2001,MADHYA PRADESH,DEWAS,162.0,357.0,20.0,77.0,158.0,1082.0,5.0
2001,MADHYA PRADESH,DHAR,188.0,236.0,22.0,41.0,76.0,994.0,4.0
2001,MADHYA PRADESH,DINDORI,17.0,73.0,2.0,2.0,10.0,107.0,1.0
2001,MADHYA PRADESH,GUNA,147.0,441.0,17.0,59.0,206.0,839.0,5.0
2001,MADHYA PRADESH,GWALIOR,257.0,198.0,46.0,148.0,195.0,1967.0,5.0
2001,MADHYA PRADESH,HARDA,26.0,63.0,2.0,4.0,31.0,126.0,2.0
2001,MADHYA PRADESH,HOSHANGABAD,137.0,174.0,16.0,31.0,46.0,572.0,4.0
2001,MADHYA PRADESH,INDORE,245.0,299.0,50.0,117.0,158.0,3790.0,5.0
2001,MADHYA PRADESH,INDORE RLY.,12.0,7.0,0.0,7.0,2.0,201.0,1.0
2001,MADHYA PRADESH,JABALPUR,298.0,372.0,33.0,126.0,127.0,1537.0,5.0
2001,MADHYA PRADESH,JABALPUR RLY.,3.0,4.0,0.0,15.0,1.0,225.0,1.0
2001,MADHYA PRADESH,JHABUA,246.0,171.0,83.0,25.0,119.0,447.0,5.0
2001,MADHYA PRADESH,KATNI,89.0,131.0,9.0,29.0,41.0,434.0,2.0
2001,MADHYA PRADESH,KHANDWA,87.0,247.0,14.0,16.0,73.0,654.0,3.0
2001,MADHYA PRADESH,KHARGON,93.0,211.0,15.0,26.0,97.0,736.0,3.0
2001,MADHYA PRADESH,MANDLA,48.0,215.0,9.0,13.0,33.0,337.0,3.0
2001,MADHYA PRADESH,MANDSAUR,62.0,143.0,15.0,35.0,83.0,682.0,3.0
2001,MADHYA PRADESH,MORENA,164.0,112.0,35.0,92.0,217.0,962.0,5.0
2001,MADHYA PRADESH,NARSINGHPUR,87.0,226.0,7.0,12.0,56.0,281.0,3.0
2001,MADHYA PRADESH,NEEMUCH,35.0,120.0,16.0,20.0,83.0,635.0,3.0
2001,MADHYA PRADESH,PANNA,50.0,148.0,11.0,11.0,65.0,255.0,3.0
2001,MADHYA PRADESH,RAISEN,127.0,273.0,11.0,32.0,77.0,316.0,4.0
2001,MADHYA PRADESH,RAJGARH,111.0,291.0,12.0,39.0,212.0,373.0,4.0
2001,MADHYA PRADESH,RATLAM,118.0,195.0,21.0,59.0,59.0,751.0,4.0
2001,MADHYA PRADESH,REWA,107.0,136.0,26.0,73.0,180.0,1140.0,4.0
2001,MADHYA PRADESH,SAGAR,206.0,650.0,30.0,57.0,202.0,1036.0,5.0
2001,MADHYA PRADESH,SATNA,97.0,215.0,16.0,55.0,121.0,1099.0,4.0
2001,MADHYA PRADESH,SEONI,68.0,158.0,3.0,7.0,56.0,310.0,3.0
2001,MADHYA PRADESH,SHAHDOL,89.0,279.0,13.0,36.0,70.0,890.0,3.0
2001,MADHYA PRADESH,SHAJAPUR,89.0,243.0,13.0,48.0,127.0,900.0,4.0
2001,MADHYA PRADESH,SHEOPUR,56.0,73.0,18.0,14.0,42.0,163.0,2.0
2001,MADHYA PRADESH,SHIVPURI,153.0,244.0,20.0,53.0,178.0,565.0,5.0
2001,MADHYA PRADESH,SIDHI,59.0,147.0,33.0,24.0,56.0,688.0,3.0
2001,MADHYA PRADESH,SIHORE,90.0,189.0,29.0,20.0,76.0,762.0,3.0
2001,MADHYA PRADESH,TIKAMGARH,102.0,263.0,7.0,52.0,116.0,338.0,4.0
2001,MADHYA PRADESH,UJJAIN,248.0,220.0,44.0,85.0,171.0,2301.0,5.0
2001,MADHYA PRADESH,UMARIYA,31.0,86.0,3.0,21.0,42.0,277.0,2.0
2001,MADHYA PRADESH,VIDISHA,103.0,357.0,10.0,20.0,112.0,473.0,4.0
2001,MAHARASHTRA,AHMEDNAGAR,139.0,118.0,37.0,124.0,310.0,1123.0,5.0
2001,MAHARASHTRA,AKOLA,105.0,124.0,15.0,50.0,147.0,1107.0,3.0
2001,MAHARASHTRA,AMRAVATI COMMR.,76.0,66.0,27.0,58.0,110.0,1122.0,3.0
2001,MAHARASHTRA,AURANGABAD COMMR.,63.0,47.0,19.0,43.0,133.0,876.0,3.0
2001,MAHARASHTRA,BEED,112.0,100.0,25.0,78.0,310.0,818.0,5.0
2001,MAHARASHTRA,BHANDARA,57.0,110.0,4.0,17.0,118.0,628.0,3.0
2001,MAHARASHTRA,BULDHANA,82.0,140.0,22.0,38.0,315.0,1039.0,4.0
2001,MAHARASHTRA,CHANDRAPUR,79.0,145.0,10.0,44.0,149.0,881.0,4.0
2001,MAHARASHTRA,DHULE,74.0,33.0,6.0,20.0,108.0,512.0,3.0
2001,MAHARASHTRA,GADCHIROLI,74.0,82.0,7.0,26.0,79.0,266.0,3.0
2001,MAHARASHTRA,GONDIA,61.0,108.0,17.0,17.0,40.0,612.0,2.0
2001,MAHARASHTRA,HINGOLI,63.0,64.0,9.0,43.0,129.0,386.0,3.0
2001,MAHARASHTRA,JALGAON,127.0,95.0,16.0,46.0,179.0,955.0,4.0
2001,MAHARASHTRA,JALNA,67.0,72.0,12.0,59.0,158.0,605.0,3.0
2001,MAHARASHTRA,KOLHAPUR,90.0,72.0,21.0,43.0,149.0,966.0,4.0
2001,MAHARASHTRA,LATUR,59.0,57.0,22.0,34.0,239.0,503.0,4.0
2001,MAHARASHTRA,MUMBAI,501.0,401.0,148.0,467.0,202.0,16090.0,5.0
2001,MAHARASHTRA,MUMBAI RLY.,22.0,7.0,1.0,29.0,13.0,1819.0,1.0
2001,MAHARASHTRA,NAGPUR COMMR.,184.0,114.0,64.0,185.0,250.0,4391.0,5.0
2001,MAHARASHTRA,NAGPUR RLY.,13.0,6.0,0.0,26.0,20.0,776.0,1.0
2001,MAHARASHTRA,NANDED,150.0,108.0,41.0,114.0,284.0,1133.0,5.0
2001,MAHARASHTRA,NANDURBAR,64.0,43.0,6.0,9.0,84.0,225.0,2.0
2001,MAHARASHTRA,NASIK COMMR.,41.0,28.0,14.0,23.0,158.0,871.0,3.0
2001,MAHARASHTRA,NAVI MUMBAI,52.0,40.0,19.0,77.0,83.0,1504.0,3.0
2001,MAHARASHTRA,OSMANABAD,62.0,68.0,8.0,37.0,127.0,589.0,3.0
2001,MAHARASHTRA,PARBHANI,77.0,82.0,22.0,48.0,179.0,429.0,4.0
2001,MAHARASHTRA,PUNE COMMR.,118.0,110.0,46.0,112.0,919.0,3779.0,5.0
2001,MAHARASHTRA,PUNE RLY.,7.0,3.0,0.0,5.0,3.0,306.0,1.0
2001,MAHARASHTRA,RAIGAD,64.0,49.0,8.0,40.0,114.0,556.0,3.0
2001,MAHARASHTRA,RATNAGIRI,23.0,42.0,8.0,17.0,86.0,391.0,2.0
2001,MAHARASHTRA,SANGLI,110.0,86.0,18.0,35.0,175.0,826.0,4.0
2001,MAHARASHTRA,SATARA,76.0,81.0,12.0,26.0,117.0,864.0,3.0
2001,MAHARASHTRA,SINDHUDURG,19.0,27.0,2.0,5.0,28.0,256.0,1.0
2001,MAHARASHTRA,SOLAPUR COMMR.,45.0,31.0,15.0,39.0,73.0,527.0,2.0
2001,MAHARASHTRA,THANE COMMR.,217.0,108.0,62.0,173.0,227.0,3349.0,5.0
2001,MAHARASHTRA,WARDHA,89.0,133.0,12.0,26.0,201.0,902.0,4.0
2001,MAHARASHTRA,WASHIM,53.0,75.0,13.0,24.0,87.0,540.0,2.0
2001,MAHARASHTRA,YAVATMAL,111.0,181.0,37.0,36.0,131.0,1082.0,4.0
2001,MANIPUR,BISHNUPUR,55.0,1.0,3.0,5.0,18.0,23.0,1.0
2001,MANIPUR,CHANDEL,14.0,0.0,1.0,20.0,1.0,5.0,1.0
2001,MANIPUR,CHURACHANDPUR,56.0,1.0,0.0,0.0,3.0,19.0,1.0
2001,MANIPUR,IMPHAL(EAST),60.0,9.0,13.0,1.0,32.0,62.0,2.0
2001,MANIPUR,IMPHAL(WEST),88.0,24.0,48.0,3.0,110.0,202.0,3.0
2001,MANIPUR,SENAPATI,37.0,0.0,6.0,1.0,4.0,15.0,1.0
2001,MANIPUR,TAMENGLONG,3.0,0.0,0.0,0.0,3.0,5.0,1.0
2001,MANIPUR,THOUBAL,64.0,5.0,22.0,6.0,24.0,47.0,2.0
2001,MANIPUR,UKHRUL,5.0,1.0,1.0,3.0,0.0,13.0,1.0
2001,MEGHALAYA,GARO HILLS EAST,25.0,4.0,5.0,21.0,2.0,26.0,1.0
2001,MEGHALAYA,GARO HILLS SOUTH,9.0,1.0,2.0,7.0,1.0,10.0,1.0
2001,MEGHALAYA,GARO HILLS WEST,22.0,13.0,14.0,13.0,6.0,68.0,1.0
2001,MEGHALAYA,JAINTIA HILLS,38.0,10.0,6.0,24.0,3.0,42.0,1.0
2001,MEGHALAYA,KHASI HILLS EAST,76.0,13.0,20.0,95.0,21.0,284.0,3.0
2001,MEGHALAYA,KHASI HILLS WEST,18.0,6.0,0.0,35.0,0.0,24.0,1.0
2001,MEGHALAYA,RI-BHOI,25.0,4.0,8.0,27.0,1.0,35.0,1.0
2001,MIZORAM,AIZAWL,22.0,39.0,0.0,8.0,17.0,888.0,1.0
2001,MIZORAM,CHAMPHAI,3.0,14.0,1.0,0.0,1.0,98.0,1.0
2001,MIZORAM,KOLASIB,5.0,21.0,0.0,0.0,7.0,111.0,1.0
2001,MIZORAM,LAWNGTLAI,2.0,2.0,0.0,1.0,1.0,37.0,1.0
2001,MIZORAM,LUNGLEI,9.0,14.0,0.0,1.0,0.0,173.0,1.0
2001,MIZORAM,MAMIT,4.0,0.0,0.0,14.0,1.0,13.0,1.0
2001,MIZORAM,SAIHA,4.0,9.0,0.0,1.0,0.0,35.0,1.0
2001,MIZORAM,SERCHHIP,2.0,5.0,1.0,1.0,0.0,34.0,1.0
2001,NAGALAND,DIMAPUR,45.0,4.0,13.0,93.0,0.0,186.0,2.0
2001,NAGALAND,KIPHIRE,1.0,0.0,0.0,0.0,0.0,7.0,1.0
2001,NAGALAND,KOHIMA,41.0,12.0,3.0,21.0,0.0,119.0,1.0
2001,NAGALAND,MOKOKCHUNG,18.0,1.0,1.0,6.0,1.0,29.0,1.0
2001,NAGALAND,MON,7.0,2.0,2.0,6.0,0.0,22.0,1.0
2001,NAGALAND,PEREN,2.0,0.0,0.0,1.0,0.0,14.0,1.0
2001,NAGALAND,PHEK,11.0,1.0,2.0,4.0,0.0,16.0,1.0
2001,NAGALAND,TUENSANG,4.0,0.0,0.0,3.0,0.0,16.0,1.0
2001,NAGALAND,WOKHA,15.0,1.0,2.0,3.0,2.0,40.0,1.0
2001,NAGALAND,ZUNHEBOTO,5.0,2.0,0.0,3.0,0.0,26.0,1.0
2001,ODISHA,ANGUL,71.0,123.0,5.0,22.0,84.0,296.0,3.0
2001,ODISHA,BALASORE,29.0,150.0,37.0,55.0,102.0,376.0,4.0
2001,ODISHA,BARAGARH,68.0,60.0,8.0,25.0,92.0,258.0,2.0
2001,ODISHA,BERHAMPUR,76.0,51.0,13.0,61.0,55.0,288.0,3.0
2001,ODISHA,BHADRAK,37.0,64.0,20.0,18.0,63.0,194.0,3.0
2001,ODISHA,BOLANGIR,46.0,110.0,16.0,23.0,61.0,214.0,2.0
2001,ODISHA,BOUDH,15.0,27.0,5.0,5.0,44.0,69.0,1.0
2001,ODISHA,CUTTACK,178.0,76.0,43.0,142.0,61.0,1176.0,4.0
2001,ODISHA,DEOGARH,19.0,41.0,4.0,10.0,19.0,48.0,1.0
2001,ODISHA,DHENKANAL,56.0,97.0,14.0,28.0,75.0,158.0,2.0
2001,ODISHA,GAJAPATI,27.0,23.0,5.0,3.0,21.0,68.0,1.0
2001,ODISHA,GANJAM,151.0,124.0,14.0,39.0,94.0,243.0,3.0
2001,ODISHA,JAGATSINGHPUR,53.0,25.0,21.0,40.0,31.0,221.0,2.0
2001,ODISHA,JAJPUR,37.0,40.0,14.0,32.0,29.0,243.0,2.0
2001,ODISHA,JHARSUGUDA,45.0,51.0,5.0,16.0,10.0,144.0,2.0
2001,ODISHA,KALAHANDI,63.0,52.0,17.0,35.0,94.0,167.0,3.0
2001,ODISHA,KANDHAMAL,36.0,129.0,25.0,21.0,58.0,208.0,2.0
2001,ODISHA,KENDRAPARA,61.0,77.0,15.0,25.0,28.0,150.0,2.0
2001,ODISHA,KEONJHAR,95.0,165.0,19.0,20.0,79.0,268.0,3.0
2001,ODISHA,KHURDA,132.0,93.0,39.0,175.0,117.0,1587.0,5.0
2001,ODISHA,KORAPUT,76.0,94.0,13.0,20.0,72.0,287.0,3.0
2001,ODISHA,MALKANGIR,65.0,41.0,6.0,18.0,28.0,76.0,2.0
2001,ODISHA,MAYURBHANJ,119.0,218.0,31.0,55.0,63.0,360.0,4.0
2001,ODISHA,NAYAGARH,70.0,28.0,23.0,22.0,52.0,107.0,2.0
2001,ODISHA,NOWRANGPUR,42.0,54.0,11.0,27.0,98.0,136.0,2.0
2001,ODISHA,NUAPADA,15.0,25.0,4.0,11.0,26.0,72.0,1.0
2001,ODISHA,PURI,122.0,54.0,32.0,44.0,57.0,401.0,4.0
2001,ODISHA,RAYAGADA,53.0,42.0,6.0,7.0,73.0,118.0,2.0
2001,ODISHA,ROURKELA,42.0,47.0,6.0,28.0,13.0,365.0,2.0
2001,ODISHA,SAMBALPUR,129.0,100.0,13.0,59.0,63.0,554.0,3.0
2001,ODISHA,SONEPUR,31.0,36.0,4.0,6.0,20.0,78.0,1.0
2001,ODISHA,SRP(CUTTACK),6.0,6.0,5.0,10.0,1.0,302.0,1.0
2001,ODISHA,SRP(ROURKELA),8.0,4.0,3.0,12.0,7.0,146.0,1.0
2001,ODISHA,SUNDARGARH,118.0,118.0,26.0,43.0,59.0,303.0,3.0
2001,PUNJAB,AMRITSAR,85.0,18.0,34.0,6.0,6.0,440.0,2.0
2001,PUNJAB,BARNALA,45.0,25.0,16.0,0.0,5.0,123.0,2.0
2001,PUNJAB,BATALA,46.0,9.0,6.0,3.0,1.0,93.0,1.0
2001,PUNJAB,BHATINDA,66.0,28.0,15.0,3.0,0.0,365.0,2.0
2001,PUNJAB,FARIDKOT,20.0,17.0,11.0,4.0,6.0,139.0,1.0
2001,PUNJAB,FATEHGARH SAHIB,39.0,15.0,12.0,5.0,2.0,162.0,1.0
2001,PUNJAB,FEROZEPUR,108.0,39.0,12.0,5.0,5.0,311.0,2.0
2001,PUNJAB,G.R.P,10.0,1.0,0.0,3.0,0.0,126.0,1.0
2001,PUNJAB,GURDASPUR,42.0,16.0,17.0,5.0,1.0,103.0,2.0
2001,PUNJAB,HOSHIARPUR,77.0,32.0,20.0,17.0,7.0,344.0,2.0
2001,PUNJAB,JAGRAON,61.0,22.0,19.0,6.0,2.0,168.0,2.0
2001,PUNJAB,JALANDHAR,150.0,37.0,70.0,7.0,10.0,802.0,4.0
2001,PUNJAB,KAPURTHALA,45.0,28.0,17.0,7.0,2.0,260.0,2.0
2001,PUNJAB,KHANNA,36.0,6.0,4.0,7.0,3.0,115.0,1.0
2001,PUNJAB,LUDHIANA,148.0,84.0,88.0,29.0,3.0,1352.0,4.0
2001,PUNJAB,MAJITHA,60.0,17.0,10.0,1.0,0.0,86.0,2.0
2001,PUNJAB,MANSA,47.0,9.0,5.0,1.0,2.0,115.0,1.0
2001,PUNJAB,MOGA,61.0,19.0,14.0,13.0,0.0,179.0,2.0
2001,PUNJAB,MUKTSAR,48.0,5.0,3.0,2.0,0.0,139.0,1.0
2001,PUNJAB,NAWAN SHAHR,38.0,19.0,13.0,7.0,0.0,192.0,1.0
2001,PUNJAB,PATIALA,147.0,151.0,60.0,18.0,0.0,1429.0,3.0
2001,PUNJAB,ROPAR,49.0,19.0,24.0,1.0,5.0,319.0,2.0
2001,PUNJAB,SANGRUR,91.0,33.0,28.0,17.0,4.0,397.0,2.0
2001,PUNJAB,TARN TARAN,88.0,21.0,15.0,9.0,0.0,155.0,2.0
2001,RAJASTHAN,AJMER,88.0,111.0,133.0,54.0,139.0,1521.0,5.0
2001,RAJASTHAN,ALWAR,168.0,158.0,119.0,53.0,489.0,1647.0,5.0
2001,RAJASTHAN,BANSWARA,67.0,202.0,61.0,27.0,478.0,276.0,5.0
2001,RAJASTHAN,BARAN,134.0,300.0,96.0,32.0,214.0,688.0,5.0
2001,RAJASTHAN,BARMER,37.0,84.0,21.0,12.0,88.0,362.0,2.0
2001,RAJASTHAN,BHARATPUR,175.0,125.0,126.0,44.0,504.0,1297.0,5.0
2001,RAJASTHAN,BHILWARA,94.0,168.0,223.0,51.0,294.0,1547.0,5.0
2001,RAJASTHAN,BIKANER,122.0,88.0,36.0,5.0,134.0,817.0,4.0
2001,RAJASTHAN,BUNDI,109.0,200.0,120.0,37.0,268.0,743.0,5.0
2001,RAJASTHAN,CHITTORGARH,104.0,179.0,206.0,52.0,566.0,1454.0,5.0
2001,RAJASTHAN,CHURU,67.0,97.0,26.0,11.0,222.0,491.0,4.0
2001,RAJASTHAN,DAUSA,49.0,40.0,40.0,17.0,735.0,647.0,5.0
2001,RAJASTHAN,DHOLPUR,120.0,58.0,43.0,29.0,571.0,398.0,5.0
2001,RAJASTHAN,DUNGARPUR,41.0,73.0,54.0,8.0,232.0,209.0,4.0
2001,RAJASTHAN,G.R.P.,9.0,15.0,7.0,12.0,18.0,606.0,1.0
2001,RAJASTHAN,GANGANAGAR,148.0,173.0,79.0,16.0,47.0,1113.0,4.0
2001,RAJASTHAN,HANUMANGARH,139.0,133.0,49.0,14.0,160.0,863.0,4.0
2001,RAJASTHAN,JAIPUR,187.0,240.0,247.0,86.0,3244.0,5637.0,5.0
2001,RAJASTHAN,JAISALMER,9.0,23.0,8.0,4.0,34.0,229.0,1.0
2001,RAJASTHAN,JALORE,54.0,71.0,32.0,13.0,78.0,335.0,2.0
2001,RAJASTHAN,JHALAWAR,145.0,209.0,89.0,47.0,261.0,717.0,5.0
2001,RAJASTHAN,JHUNJHUNU,56.0,69.0,45.0,9.0,297.0,713.0,4.0
2001,RAJASTHAN,JODHPUR,112.0,148.0,78.0,44.0,209.0,1681.0,4.0
2001,RAJASTHAN,KARAULI,36.0,58.0,72.0,12.0,149.0,443.0,4.0
2001,RAJASTHAN,KOTA,369.0,253.0,146.0,88.0,272.0,2020.0,5.0
2001,RAJASTHAN,NAGAUR,66.0,87.0,59.0,25.0,84.0,863.0,3.0
2001,RAJASTHAN,PALI,98.0,140.0,77.0,14.0,174.0,738.0,4.0
2001,RAJASTHAN,RAJSAMAND,33.0,53.0,63.0,9.0,330.0,407.0,4.0
2001,RAJASTHAN,SAWAI MADHOPUR,43.0,68.0,62.0,32.0,199.0,547.0,4.0
2001,RAJASTHAN,SIKAR,79.0,41.0,48.0,14.0,1005.0,819.0,5.0
2001,RAJASTHAN,SIROHI,66.0,51.0,24.0,16.0,118.0,385.0,3.0
2001,RAJASTHAN,TONK,52.0,101.0,68.0,20.0,207.0,577.0,4.0
2001,RAJASTHAN,UDAIPUR,169.0,111.0,161.0,42.0,486.0,1103.0,5.0
2001,SIKKIM,EAST,25.0,7.0,4.0,2.0,2.0,120.0,1.0
2001,SIKKIM,NORTH,1.0,0.0,0.0,0.0,0.0,8.0,1.0
2001,SIKKIM,SOUTH,9.0,1.0,1.0,0.0,0.0,18.0,1.0
2001,SIKKIM,WEST,2.0,0.0,1.0,1.0,2.0,18.0,1.0
2001,TAMIL NADU,ARIYALUR,66.0,44.0,25.0,3.0,118.0,187.0,3.0
2001,TAMIL NADU,CHENGAI,176.0,78.0,8.0,61.0,119.0,1495.0,4.0
2001,TAMIL NADU,CHENNAI,389.0,98.0,40.0,139.0,105.0,3461.0,5.0
2001,TAMIL NADU,CHENNAI RLY.,6.0,5.0,0.0,9.0,15.0,161.0,1.0
2001,TAMIL NADU,CUDDALORE,239.0,153.0,21.0,37.0,300.0,736.0,5.0
2001,TAMIL NADU,DHARMAPURI,176.0,82.0,35.0,29.0,507.0,680.0,5.0
2001,TAMIL NADU,DINDIGUL,146.0,62.0,49.0,17.0,98.0,678.0,4.0
2001,TAMIL NADU,ERODE,85.0,81.0,45.0,23.0,102.0,1014.0,3.0
2001,TAMIL NADU,KANCHIPURAM,106.0,51.0,13.0,18.0,113.0,731.0,3.0
2001,TAMIL NADU,KANYAKUMARI,98.0,33.0,13.0,5.0,28.0,516.0,2.0
2001,TAMIL NADU,KARUR,40.0,25.0,11.0,13.0,44.0,287.0,2.0
2001,TAMIL NADU,NAGAPATTINAM,110.0,67.0,29.0,3.0,126.0,428.0,3.0
2001,TAMIL NADU,NAMAKKAL,67.0,46.0,16.0,7.0,66.0,226.0,2.0
2001,TAMIL NADU,NILGIRIS,31.0,14.0,5.0,5.0,39.0,221.0,1.0
2001,TAMIL NADU,PERAMBALUR,28.0,21.0,13.0,5.0,66.0,107.0,2.0
2001,TAMIL NADU,PUDUKOTTAI,60.0,37.0,27.0,7.0,221.0,330.0,3.0
2001,TAMIL NADU,RAMNATHAPURAM,85.0,72.0,26.0,7.0,233.0,307.0,4.0
2001,TAMIL NADU,SIVAGANGAI,77.0,22.0,16.0,14.0,122.0,517.0,3.0
2001,TAMIL NADU,THANJAVUR,124.0,53.0,55.0,19.0,176.0,645.0,4.0
2001,TAMIL NADU,THENI,33.0,33.0,18.0,14.0,78.0,385.0,2.0
2001,TAMIL NADU,THIRUVALLUR,93.0,86.0,24.0,13.0,229.0,365.0,4.0
2001,TAMIL NADU,THIRUVANNAMALAI,78.0,58.0,40.0,15.0,232.0,599.0,4.0
2001,TAMIL NADU,THIRUVARUR,87.0,57.0,30.0,6.0,108.0,294.0,3.0
2001,TAMIL NADU,THOOTHUGUDI,167.0,106.0,38.0,38.0,159.0,705.0,4.0
2001,TAMIL NADU,TRICHY RLY.,0.0,0.0,0.0,1.0,4.0,43.0,1.0
2001,TAMIL NADU,VELLORE,136.0,67.0,16.0,35.0,490.0,1123.0,5.0
2001,TAMIL NADU,VILLUPURAM,162.0,115.0,53.0,15.0,557.0,521.0,5.0
2001,TAMIL NADU,VIRUDHUNAGAR,110.0,98.0,22.0,25.0,216.0,709.0,4.0
2001,TRIPURA,DHALAI,35.0,15.0,15.0,5.0,21.0,19.0,2.0
2001,TRIPURA,NORTH,49.0,45.0,19.0,23.0,34.0,93.0,2.0
2001,TRIPURA,SOUTH,46.0,47.0,20.0,11.0,43.0,71.0,2.0
2001,TRIPURA,WEST,135.0,53.0,39.0,50.0,71.0,295.0,4.0
2001,UTTAR PRADESH,AGRA,333.0,176.0,203.0,221.0,391.0,1990.0,5.0
2001,UTTAR PRADESH,ALIGARH,492.0,140.0,123.0,221.0,398.0,1182.0,5.0
2001,UTTAR PRADESH,ALLAHABAD,421.0,127.0,96.0,94.0,298.0,1379.0,5.0
2001,UTTAR PRADESH,AMBEDKAR NAGAR,102.0,34.0,29.0,26.0,77.0,270.0,3.0
2001,UTTAR PRADESH,AURAIYA,117.0,24.0,61.0,33.0,57.0,140.0,3.0
2001,UTTAR PRADESH,AZAMGARH,244.0,25.0,45.0,87.0,129.0,448.0,5.0
2001,UTTAR PRADESH,BADAUN,541.0,98.0,82.0,93.0,102.0,527.0,5.0
2001,UTTAR PRADESH,BAGHPAT,255.0,33.0,31.0,71.0,60.0,332.0,4.0
2001,UTTAR PRADESH,BAHRAICH,115.0,29.0,28.0,25.0,64.0,317.0,3.0
2001,UTTAR PRADESH,BALLIA,159.0,25.0,24.0,23.0,121.0,329.0,4.0
2001,UTTAR PRADESH,BALRAMPUR,63.0,31.0,20.0,7.0,40.0,160.0,2.0
2001,UTTAR PRADESH,BANDA,142.0,78.0,29.0,38.0,85.0,270.0,4.0
2001,UTTAR PRADESH,BARABANKI,197.0,78.0,71.0,72.0,99.0,609.0,5.0
2001,UTTAR PRADESH,BAREILLY,631.0,203.0,144.0,185.0,158.0,1261.0,5.0
2001,UTTAR PRADESH,BASTI,112.0,46.0,28.0,32.0,111.0,378.0,3.0
2001,UTTAR PRADESH,BIJNOR,251.0,105.0,85.0,69.0,91.0,661.0,5.0
2001,UTTAR PRADESH,BULANDSHAHAR,475.0,102.0,94.0,123.0,173.0,743.0,5.0
2001,UTTAR PRADESH,CHANDOLI,74.0,17.0,20.0,18.0,26.0,205.0,2.0
2001,UTTAR PRADESH,CHITRAKOOT DHAM,49.0,24.0,5.0,5.0,15.0,80.0,1.0
2001,UTTAR PRADESH,DEORIA,162.0,22.0,39.0,28.0,204.0,343.0,4.0
2001,UTTAR PRADESH,ETAH,616.0,125.0,118.0,111.0,264.0,707.0,5.0
2001,UTTAR PRADESH,ETAWAH,182.0,45.0,93.0,46.0,101.0,296.0,5.0
2001,UTTAR PRADESH,FAIZABAD,140.0,46.0,28.0,50.0,65.0,450.0,3.0
2001,UTTAR PRADESH,FATEHGARH,220.0,32.0,63.0,22.0,82.0,280.0,4.0
2001,UTTAR PRADESH,FATEHPUR,214.0,53.0,45.0,47.0,29.0,281.0,4.0
2001,UTTAR PRADESH,FIROZABAD,314.0,55.0,120.0,94.0,150.0,508.0,5.0
2001,UTTAR PRADESH,G.R.P.,51.0,20.0,4.0,70.0,13.0,3223.0,2.0
2001,UTTAR PRADESH,GAUTAMBUDH NAGAR,168.0,55.0,42.0,58.0,93.0,963.0,4.0
2001,UTTAR PRADESH,GHAZIABAD,629.0,85.0,112.0,127.0,133.0,1925.0,5.0
2001,UTTAR PRADESH,GHAZIPUR,128.0,24.0,28.0,19.0,78.0,245.0,3.0
2001,UTTAR PRADESH,GONDA,194.0,37.0,34.0,47.0,73.0,407.0,4.0
2001,UTTAR PRADESH,GORAKHPUR,199.0,38.0,60.0,44.0,129.0,494.0,4.0
2001,UTTAR PRADESH,HAMIRPUR,105.0,46.0,24.0,35.0,62.0,202.0,3.0
2001,UTTAR PRADESH,HARDOI,365.0,156.0,75.0,74.0,104.0,455.0,5.0
2001,UTTAR PRADESH,HATHRAS,195.0,79.0,50.0,88.0,159.0,444.0,5.0
2001,UTTAR PRADESH,J.P.NAGAR,190.0,58.0,47.0,49.0,95.0,273.0,4.0
2001,UTTAR PRADESH,JALAUN,166.0,46.0,36.0,50.0,80.0,317.0,4.0
2001,UTTAR PRADESH,JAUNPUR,170.0,32.0,22.0,42.0,119.0,379.0,4.0
2001,UTTAR PRADESH,JHANSI,143.0,50.0,42.0,37.0,72.0,449.0,4.0
2001,UTTAR PRADESH,KANNAUJ,142.0,26.0,40.0,19.0,46.0,214.0,3.0
2001,UTTAR PRADESH,KANPUR DEHAT,164.0,66.0,50.0,44.0,84.0,250.0,4.0
2001,UTTAR PRADESH,KANPUR NAGAR,436.0,153.0,210.0,158.0,267.0,2149.0,5.0
2001,UTTAR PRADESH,KAUSHAMBI,133.0,70.0,31.0,21.0,77.0,305.0,3.0
2001,UTTAR PRADESH,KHIRI,386.0,182.0,112.0,98.0,199.0,794.0,5.0
2001,UTTAR PRADESH,KUSHI NAGAR,135.0,26.0,34.0,13.0,107.0,238.0,3.0
2001,UTTAR PRADESH,LALITPUR,50.0,46.0,5.0,8.0,44.0,139.0,2.0
2001,UTTAR PRADESH,LUCKNOW,383.0,165.0,175.0,151.0,357.0,3567.0,5.0
2001,UTTAR PRADESH,MAHARAJGANJ,72.0,26.0,19.0,8.0,55.0,157.0,2.0
2001,UTTAR PRADESH,MAHOBA,97.0,34.0,13.0,22.0,33.0,122.0,2.0
2001,UTTAR PRADESH,MAINPURI,307.0,45.0,56.0,110.0,149.0,403.0,5.0
2001,UTTAR PRADESH,MATHURA,304.0,73.0,62.0,118.0,189.0,675.0,5.0
2001,UTTAR PRADESH,MAU,107.0,50.0,30.0,31.0,143.0,257.0,4.0
2001,UTTAR PRADESH,MEERUT,524.0,87.0,160.0,245.0,200.0,1761.0,5.0
2001,UTTAR PRADESH,MIRZAPUR,119.0,32.0,14.0,25.0,30.0,284.0,3.0
2001,UTTAR PRADESH,MORADABAD,402.0,123.0,102.0,121.0,118.0,911.0,5.0
2001,UTTAR PRADESH,MUZAFFARNAGAR,591.0,105.0,142.0,173.0,204.0,990.0,5.0
2001,UTTAR PRADESH,PILIBHIT,360.0,114.0,66.0,83.0,89.0,394.0,5.0
2001,UTTAR PRADESH,PRATAPGARH,221.0,39.0,43.0,50.0,123.0,356.0,4.0
2001,UTTAR PRADESH,RAIBAREILLY,176.0,115.0,58.0,44.0,97.0,548.0,4.0
2001,UTTAR PRADESH,RAMPUR,213.0,33.0,44.0,46.0,60.0,416.0,4.0
2001,UTTAR PRADESH,SAHARANPUR,243.0,86.0,75.0,78.0,168.0,729.0,5.0
2001,UTTAR PRADESH,SANT KABIRNAGAR,36.0,20.0,17.0,4.0,34.0,101.0,2.0
2001,UTTAR PRADESH,SHAHJAHANPUR,456.0,116.0,112.0,85.0,68.0,547.0,5.0
2001,UTTAR PRADESH,SHRAWASTI,80.0,29.0,21.0,19.0,41.0,189.0,2.0
2001,UTTAR PRADESH,SIDHARTHNAGAR,39.0,32.0,24.0,12.0,34.0,215.0,2.0
2001,UTTAR PRADESH,SITAPUR,357.0,156.0,99.0,100.0,142.0,1254.0,5.0
2001,UTTAR PRADESH,SONBHADRA,76.0,14.0,9.0,12.0,26.0,174.0,2.0
2001,UTTAR PRADESH,ST.RAVIDASNAGAR,49.0,4.0,8.0,14.0,28.0,172.0,2.0
2001,UTTAR PRADESH,SULTANPUR,282.0,63.0,47.0,50.0,79.0,561.0,5.0
2001,UTTAR PRADESH,UNNAO,303.0,153.0,97.0,83.0,170.0,540.0,5.0
2001,UTTAR PRADESH,VARANASI,184.0,46.0,55.0,104.0,94.0,881.0,4.0
2001,UTTARAKHAND,ALMORA,32.0,9.0,1.0,14.0,6.0,83.0,1.0
2001,UTTARAKHAND,BAGESHWAR,17.0,2.0,4.0,4.0,2.0,19.0,1.0
2001,UTTARAKHAND,CHAMOLI,21.0,13.0,3.0,6.0,24.0,73.0,1.0
2001,UTTARAKHAND,CHAMPAWAT,8.0,7.0,3.0,5.0,2.0,27.0,1.0
2001,UTTARAKHAND,DEHRADUN,101.0,25.0,54.0,36.0,118.0,725.0,4.0
2001,UTTARAKHAND,HARIDWAR,175.0,34.0,52.0,48.0,144.0,547.0,4.0
2001,UTTARAKHAND,NAINITAL,72.0,16.0,14.0,31.0,38.0,270.0,2.0
2001,UTTARAKHAND,PAURI GARHWAL,35.0,11.0,7.0,20.0,24.0,129.0,2.0
2001,UTTARAKHAND,PITHORAGARH,14.0,13.0,1.0,7.0,15.0,81.0,1.0
2001,UTTARAKHAND,RUDRA PRAYAG,7.0,5.0,0.0,1.0,10.0,26.0,1.0
2001,UTTARAKHAND,TEHRI GARHWAL,19.0,5.0,5.0,7.0,13.0,72.0,1.0
2001,UTTARAKHAND,UDHAMSINGH NAGAR,111.0,17.0,36.0,38.0,40.0,315.0,3.0
2001,UTTARAKHAND,UTTARKASHI,21.0,20.0,3.0,6.0,34.0,74.0,1.0
2001,WEST BENGAL,24 PARGANAS NORTH,286.0,116.0,81.0,70.0,286.0,1815.0,5.0
2001,WEST BENGAL,24 PARGANAS SOUTH,187.0,101.0,53.0,48.0,336.0,1164.0,5.0
2001,WEST BENGAL,ASANSOL,17.0,0.0,3.0,1.0,12.0,64.0,1.0
2001,WEST BENGAL,BANKURA,79.0,54.0,7.0,40.0,72.0,264.0,3.0
2001,WEST BENGAL,BIRBHUM,141.0,86.0,43.0,37.0,291.0,392.0,5.0
2001,WEST BENGAL,BURDWAN,180.0,131.0,45.0,66.0,244.0,935.0,5.0
2001,WEST BENGAL,COOCHBEHAR,53.0,80.0,43.0,28.0,50.0,151.0,3.0
2001,WEST BENGAL,DAKSHIN DINAJPUR,44.0,47.0,31.0,10.0,41.0,136.0,2.0
2001,WEST BENGAL,DARJEELING,77.0,46.0,21.0,29.0,50.0,490.0,3.0
2001,WEST BENGAL,HOOGHLY,136.0,68.0,41.0,36.0,363.0,629.0,5.0
2001,WEST BENGAL,HOWRAH,44.0,15.0,11.0,8.0,54.0,199.0,2.0
2001,WEST BENGAL,HOWRAH G.R.P.,18.0,10.0,7.0,15.0,25.0,673.0,1.0
2001,WEST BENGAL,JALPAIGURI,242.0,101.0,33.0,94.0,88.0,531.0,5.0
2001,WEST BENGAL,KOLKATA,225.0,184.0,121.0,175.0,275.0,5322.0,5.0
2001,WEST BENGAL,MALDA,116.0,88.0,38.0,10.0,52.0,374.0,3.0
2001,WEST BENGAL,MIDNAPUR,184.0,138.0,74.0,75.0,386.0,685.0,5.0
2001,WEST BENGAL,MURSHIDABAD,178.0,102.0,52.0,52.0,109.0,408.0,5.0
2001,WEST BENGAL,NADIA,158.0,148.0,91.0,51.0,232.0,688.0,5.0
2001,WEST BENGAL,PURULIA,74.0,71.0,17.0,27.0,73.0,328.0,3.0
2001,WEST BENGAL,SEALDAH G.R.P.,33.0,1.0,3.0,13.0,16.0,283.0,1.0
2001,WEST BENGAL,SILIGURI G.R.P.,4.0,1.0,2.0,4.0,4.0,91.0,1.0
2001,WEST BENGAL,UTTAR DINAJPUR,108.0,62.0,41.0,26.0,53.0,314.0,3.0
2001,A & N ISLANDS,ANDAMAN,13.0,21.0,2.0,4.0,17.0,145.0,1.0
2001,A & N ISLANDS,NICOBAR,0.0,1.0,0.0,0.0,0.0,2.0,1.0
2001,CHANDIGARH,CHANDIGARH,31.0,42.0,56.0,27.0,96.0,2074.0,3.0
2001,D & N HAVELI,D and N HAVELI,5.0,13.0,4.0,2.0,5.0,104.0,1.0
2001,DAMAN & DIU,DAMAN,11.0,0.0,5.0,0.0,17.0,84.0,1.0
2001,DAMAN & DIU,DIU,1.0,0.0,0.0,0.0,9.0,13.0,1.0
2001,DELHI UT,CENTRAL,75.0,58.0,62.0,45.0,10.0,1935.0,3.0
2001,DELHI UT,DELHI UT TOTAL,1120.0,883.0,1627.0,672.0,215.0,24967.0,5.0
2001,DELHI UT,EAST,122.0,80.0,163.0,51.0,24.0,2105.0,5.0
2001,DELHI UT,G.R.P.(RLY),15.0,5.0,7.0,12.0,0.0,1453.0,1.0
2001,DELHI UT,I.G.I. AIRPORT,5.0,0.0,4.0,2.0,2.0,541.0,1.0
2001,DELHI UT,NEW DELHI,25.0,29.0,27.0,23.0,17.0,1644.0,2.0
2001,DELHI UT,NORTH,66.0,54.0,99.0,54.0,14.0,1786.0,4.0
2001,DELHI UT,NORTH EAST,146.0,70.0,157.0,77.0,10.0,1202.0,5.0
2001,DELHI UT,NORTH WEST,254.0,205.0,518.0,136.0,34.0,3663.0,5.0
2001,DELHI UT,S.T.F.,0.0,0.0,0.0,0.0,0.0,0.0,1.0
2001,DELHI UT,SOUTH,165.0,161.0,265.0,129.0,56.0,5496.0,5.0
2001,DELHI UT,SOUTH WEST,114.0,111.0,174.0,83.0,40.0,2388.0,5.0
2001,DELHI UT,WEST,133.0,110.0,151.0,60.0,8.0,2754.0,5.0
2001,LAKSHADWEEP,LAKSHADWEEP,1.0,0.0,0.0,0.0,3.0,12.0,1.0
2001,PUDUCHERRY,PONDICHERRY,58.0,44.0,4.0,5.0,131.0,667.0,2.0
2002,ANDHRA PRADESH,ADILABAD,196.0,211.0,42.0,47.0,118.0,579.0,4.0
2002,ANDHRA PRADESH,ANANTAPUR,286.0,207.0,65.0,34.0,192.0,698.0,5.0
2002,ANDHRA PRADESH,CHITTOOR,176.0,154.0,67.0,18.0,114.0,1269.0,4.0
2002,ANDHRA PRADESH,CUDDAPAH,100.0,116.0,27.0,12.0,112.0,355.0,3.0
2002,ANDHRA PRADESH,EAST GODAVARI,201.0,133.0,55.0,15.0,140.0,2025.0,4.0
2002,ANDHRA PRADESH,GUNTAKAL RLY.,0.0,4.0,0.0,2.0,0.0,148.0,1.0
2002,ANDHRA PRADESH,GUNTUR,221.0,232.0,87.0,65.0,182.0,1950.0,5.0
2002,ANDHRA PRADESH,KARIMNAGAR,254.0,456.0,62.0,78.0,243.0,1021.0,5.0
2002,ANDHRA PRADESH,KHAMMAM,162.0,239.0,70.0,16.0,159.0,890.0,5.0
2002,ANDHRA PRADESH,KRISHNA,161.0,252.0,26.0,5.0,91.0,950.0,4.0
2002,ANDHRA PRADESH,KURNOOL,223.0,211.0,54.0,25.0,92.0,639.0,4.0
2002,ANDHRA PRADESH,MAHABOOBNAGAR,286.0,287.0,57.0,44.0,214.0,795.0,5.0
2002,ANDHRA PRADESH,MEDAK,173.0,171.0,46.0,53.0,121.0,755.0,5.0
2002,ANDHRA PRADESH,NALGONDA,170.0,273.0,46.0,23.0,165.0,698.0,4.0
2002,ANDHRA PRADESH,NELLORE,181.0,252.0,67.0,35.0,104.0,947.0,4.0
2002,ANDHRA PRADESH,NIZAMABAD,147.0,106.0,29.0,43.0,85.0,688.0,4.0
2002,ANDHRA PRADESH,PRAKASHAM,148.0,177.0,32.0,25.0,172.0,504.0,4.0
2002,ANDHRA PRADESH,RANGA REDDY,333.0,192.0,104.0,84.0,142.0,3144.0,5.0
2002,ANDHRA PRADESH,SECUNDERABAD RLY.,13.0,0.0,0.0,3.0,0.0,357.0,1.0
2002,ANDHRA PRADESH,SRIKAKULAM,38.0,74.0,10.0,4.0,56.0,417.0,2.0
2002,ANDHRA PRADESH,VIJAYAWADA,91.0,150.0,78.0,59.0,47.0,4349.0,4.0
2002,ANDHRA PRADESH,VIJAYAWADA RLY.,3.0,3.0,1.0,1.0,0.0,333.0,1.0
2002,ANDHRA PRADESH,VISAKHAPATNAM,36.0,36.0,15.0,8.0,19.0,1090.0,2.0
2002,ANDHRA PRADESH,VIZIANAGARAM,51.0,50.0,9.0,6.0,15.0,340.0,2.0
2002,ANDHRA PRADESH,WARANGAL,214.0,264.0,72.0,27.0,240.0,874.0,5.0
2002,ANDHRA PRADESH,WEST GODAVARI,162.0,277.0,59.0,26.0,115.0,1476.0,4.0
2002,ARUNACHAL PRADESH,CHANGLANG,14.0,3.0,5.0,7.0,2.0,55.0,1.0
2002,ARUNACHAL PRADESH,DIBANG VALLEY,10.0,9.0,6.0,11.0,5.0,39.0,1.0
2002,ARUNACHAL PRADESH,KAMENG EAST,5.0,7.0,4.0,3.0,8.0,34.0,1.0
2002,ARUNACHAL PRADESH,KAMENG WEST,6.0,0.0,4.0,0.0,0.0,27.0,1.0
2002,ARUNACHAL PRADESH,LOHIT,16.0,11.0,5.0,11.0,1.0,39.0,1.0
2002,ARUNACHAL PRADESH,PAPUM PARE,7.0,12.0,10.0,49.0,1.0,167.0,1.0
2002,ARUNACHAL PRADESH,SIANG EAST,3.0,25.0,10.0,8.0,2.0,95.0,1.0
2002,ARUNACHAL PRADESH,SIANG UPPER,1.0,3.0,0.0,1.0,0.0,16.0,1.0
2002,ARUNACHAL PRADESH,SIANG WEST,14.0,22.0,7.0,8.0,9.0,94.0,1.0
2002,ARUNACHAL PRADESH,SUBANSIRI LOWER,11.0,5.0,4.0,10.0,4.0,49.0,1.0
2002,ARUNACHAL PRADESH,SUBANSIRI UPPER,7.0,6.0,1.0,6.0,8.0,32.0,1.0
2002,ARUNACHAL PRADESH,TAWANG,1.0,1.0,0.0,0.0,1.0,18.0,1.0
2002,ARUNACHAL PRADESH,TIRAP,10.0,2.0,1.0,4.0,0.0,31.0,1.0
2002,ASSAM,BARPETA,65.0,73.0,69.0,51.0,303.0,386.0,5.0
2002,ASSAM,BONGAIGAON,47.0,23.0,51.0,46.0,83.0,183.0,3.0
2002,ASSAM,C.I.D.,0.0,0.0,2.0,0.0,0.0,5.0,1.0
2002,ASSAM,CACHAR,101.0,227.0,93.0,47.0,503.0,737.0,5.0
2002,ASSAM,DARRANG,40.0,101.0,54.0,23.0,76.0,183.0,3.0
2002,ASSAM,DHEMAJI,45.0,71.0,31.0,18.0,27.0,140.0,3.0
2002,ASSAM,DHUBRI,77.0,113.0,62.0,64.0,439.0,244.0,5.0
2002,ASSAM,DIBRUGARH,134.0,72.0,75.0,42.0,59.0,430.0,4.0
2002,ASSAM,G.R.P.,6.0,0.0,0.0,8.0,0.0,66.0,1.0
2002,ASSAM,GOALPARA,43.0,107.0,48.0,35.0,140.0,195.0,4.0
2002,ASSAM,GOLAGHAT,70.0,78.0,68.0,47.0,41.0,375.0,4.0
2002,ASSAM,HAILAKANDI,32.0,54.0,42.0,18.0,139.0,190.0,3.0
2002,ASSAM,JORHAT,54.0,75.0,36.0,18.0,85.0,310.0,3.0
2002,ASSAM,KAMRUP,73.0,64.0,118.0,51.0,63.0,277.0,4.0
2002,ASSAM,KARBI ANGLONG,45.0,11.0,37.0,33.0,23.0,144.0,2.0
2002,ASSAM,KARIMGANJ,55.0,34.0,38.0,10.0,195.0,234.0,4.0
2002,ASSAM,KOKRAJHAR,82.0,66.0,48.0,29.0,67.0,142.0,3.0
2002,ASSAM,LAKHIMPUR,61.0,132.0,84.0,46.0,104.0,483.0,4.0
2002,ASSAM,MORIGAON,32.0,79.0,39.0,4.0,98.0,161.0,3.0
2002,ASSAM,N.C.HILLS,41.0,7.0,9.0,10.0,4.0,57.0,1.0
2002,ASSAM,NAGAON,121.0,176.0,132.0,130.0,350.0,755.0,5.0
2002,ASSAM,NALBARI,103.0,38.0,50.0,56.0,10.0,193.0,3.0
2002,ASSAM,R.P.O.,0.0,1.0,1.0,2.0,3.0,5.0,1.0
2002,ASSAM,SIBSAGAR,96.0,85.0,57.0,30.0,72.0,431.0,4.0
2002,ASSAM,SONITPUR,132.0,120.0,114.0,58.0,176.0,590.0,5.0
2002,ASSAM,TINSUKIA,134.0,46.0,53.0,77.0,74.0,495.0,4.0
2002,BIHAR,ARARIA,78.0,103.0,91.0,70.0,379.0,202.0,5.0
2002,BIHAR,ARWAL,110.0,12.0,11.0,16.0,75.0,59.0,2.0
2002,BIHAR,AURANGABAD,134.0,16.0,19.0,46.0,195.0,236.0,4.0
2002,BIHAR,BAGAHA,109.0,29.0,49.0,12.0,95.0,163.0,3.0
2002,BIHAR,BANKA,121.0,31.0,32.0,73.0,257.0,157.0,4.0
2002,BIHAR,BEGUSARAI,282.0,43.0,75.0,104.0,170.0,384.0,5.0
2002,BIHAR,BETTIAH,339.0,121.0,67.0,87.0,454.0,508.0,5.0
2002,BIHAR,BHABHUA,64.0,17.0,41.0,54.0,215.0,259.0,4.0
2002,BIHAR,BHAGALPUR,157.0,50.0,89.0,80.0,220.0,630.0,5.0
2002,BIHAR,BHOJPUR,189.0,21.0,43.0,84.0,163.0,439.0,5.0
2002,BIHAR,BUXAR,156.0,17.0,40.0,82.0,240.0,286.0,5.0
2002,BIHAR,DARBHANGA,168.0,90.0,93.0,71.0,272.0,469.0,5.0
2002,BIHAR,GAYA,375.0,58.0,38.0,230.0,357.0,610.0,5.0
2002,BIHAR,GOPALGANJ,163.0,16.0,42.0,47.0,184.0,258.0,4.0
2002,BIHAR,JAMALPUR RLY.,13.0,2.0,5.0,17.0,3.0,127.0,1.0
2002,BIHAR,JAMUI,262.0,15.0,38.0,42.0,154.0,163.0,4.0
2002,BIHAR,JEHANABAD,129.0,7.0,32.0,48.0,169.0,192.0,4.0
2002,BIHAR,KATIHAR,97.0,82.0,87.0,59.0,238.0,279.0,5.0
2002,BIHAR,KATIHAR RLY.,14.0,4.0,3.0,26.0,9.0,247.0,1.0
2002,BIHAR,KHAGARIA,95.0,23.0,31.0,26.0,177.0,120.0,4.0
2002,BIHAR,KISHANGANJ,33.0,24.0,35.0,25.0,145.0,134.0,3.0
2002,BIHAR,LAKHISARAI,105.0,12.0,34.0,21.0,71.0,119.0,3.0
2002,BIHAR,MADHEPURA,76.0,17.0,32.0,70.0,173.0,111.0,4.0
2002,BIHAR,MADHUBANI,244.0,196.0,50.0,55.0,351.0,362.0,5.0
2002,BIHAR,MOTIHARI,163.0,53.0,139.0,149.0,445.0,631.0,5.0
2002,BIHAR,MUNGER,187.0,11.0,53.0,26.0,60.0,297.0,4.0
2002,BIHAR,MUZAFFARPUR,245.0,86.0,167.0,179.0,429.0,1166.0,5.0
2002,BIHAR,MUZAFFARPUR RLY.,20.0,7.0,5.0,29.0,8.0,345.0,1.0
2002,BIHAR,NALANDA,383.0,55.0,93.0,112.0,231.0,389.0,5.0
2002,BIHAR,NAUGACHIA,48.0,14.0,24.0,27.0,109.0,73.0,3.0
2002,BIHAR,NAWADAH,179.0,37.0,50.0,32.0,193.0,155.0,4.0
2002,BIHAR,PATNA,1184.0,79.0,203.0,584.0,524.0,2805.0,5.0
2002,BIHAR,PATNA RLY.,53.0,11.0,5.0,43.0,11.0,726.0,2.0
2002,BIHAR,PURNEA,175.0,52.0,48.0,212.0,322.0,288.0,5.0
2002,BIHAR,ROHTAS,172.0,19.0,92.0,175.0,411.0,575.0,5.0
2002,BIHAR,SAHARSA,149.0,27.0,20.0,24.0,120.0,122.0,3.0
2002,BIHAR,SAMASTIPUR,258.0,26.0,56.0,105.0,284.0,361.0,5.0
2002,BIHAR,SARAN,163.0,12.0,73.0,85.0,281.0,404.0,5.0
2002,BIHAR,SHEIKHPURA,53.0,14.0,24.0,14.0,83.0,151.0,2.0
2002,BIHAR,SHEOHAR,10.0,15.0,19.0,13.0,53.0,46.0,2.0
2002,BIHAR,SITAMARHI,74.0,57.0,50.0,51.0,279.0,285.0,4.0
2002,BIHAR,SIWAN,289.0,16.0,57.0,145.0,235.0,257.0,5.0
2002,BIHAR,SUPAUL,89.0,27.0,34.0,75.0,201.0,168.0,4.0
2002,BIHAR,VAISHALI,227.0,37.0,72.0,52.0,230.0,601.0,5.0
2002,CHHATTISGARH,BALRAMPUR,51.0,63.0,3.0,53.0,31.0,111.0,2.0
2002,CHHATTISGARH,BILASPUR,108.0,232.0,15.0,49.0,150.0,1146.0,4.0
2002,CHHATTISGARH,BIZAPUR,37.0,8.0,2.0,16.0,28.0,29.0,1.0
2002,CHHATTISGARH,DANTEWARA,88.0,28.0,4.0,8.0,27.0,131.0,2.0
2002,CHHATTISGARH,DHAMTARI,28.0,66.0,4.0,6.0,28.0,230.0,2.0
2002,CHHATTISGARH,DURG,137.0,362.0,29.0,53.0,86.0,1439.0,5.0
2002,CHHATTISGARH,GRP RAIPUR,3.0,6.0,0.0,0.0,0.0,217.0,1.0
2002,CHHATTISGARH,JAGDALPUR,104.0,92.0,19.0,54.0,46.0,313.0,3.0
2002,CHHATTISGARH,JANJGIR,67.0,141.0,6.0,19.0,102.0,380.0,3.0
2002,CHHATTISGARH,JASHPUR,70.0,51.0,0.0,27.0,21.0,146.0,2.0
2002,CHHATTISGARH,KABIRDHAM,25.0,62.0,2.0,4.0,34.0,136.0,2.0
2002,CHHATTISGARH,KANKER,41.0,70.0,6.0,25.0,50.0,133.0,2.0
2002,CHHATTISGARH,KORBA,50.0,120.0,4.0,20.0,61.0,573.0,2.0
2002,CHHATTISGARH,KORIYA,37.0,130.0,7.0,5.0,26.0,349.0,2.0
2002,CHHATTISGARH,MAHASAMUND,35.0,89.0,5.0,12.0,31.0,306.0,2.0
2002,CHHATTISGARH,RAIGARH,80.0,142.0,5.0,24.0,72.0,489.0,3.0
2002,CHHATTISGARH,RAIPUR,152.0,343.0,40.0,41.0,81.0,1290.0,5.0
2002,CHHATTISGARH,RAJNANDGAON,68.0,148.0,8.0,17.0,63.0,405.0,3.0
2002,CHHATTISGARH,SARGUJA,140.0,322.0,19.0,37.0,115.0,699.0,5.0
2002,GOA,NORTH GOA,32.0,18.0,4.0,17.0,60.0,566.0,2.0
2002,GOA,SOUTH GOA,22.0,12.0,5.0,12.0,44.0,411.0,1.0
2002,GUJARAT,AHMEDABAD COMMR.,365.0,48.0,153.0,425.0,639.0,5023.0,5.0
2002,GUJARAT,AHWA-DANG,7.0,4.0,1.0,2.0,10.0,19.0,1.0
2002,GUJARAT,AMRELI,39.0,22.0,27.0,20.0,51.0,248.0,2.0
2002,GUJARAT,ANAND,80.0,30.0,38.0,24.0,241.0,664.0,4.0
2002,GUJARAT,BHARUCH,72.0,33.0,24.0,56.0,175.0,528.0,3.0
2002,GUJARAT,BHAVNAGAR,103.0,66.0,51.0,55.0,478.0,982.0,5.0
2002,GUJARAT,DAHOD,80.0,33.0,9.0,140.0,119.0,204.0,4.0
2002,GUJARAT,GANDHINAGAR,38.0,22.0,21.0,42.0,130.0,682.0,3.0
2002,GUJARAT,HIMATNAGAR,94.0,66.0,40.0,109.0,394.0,591.0,5.0
2002,GUJARAT,JAMNAGAR,63.0,44.0,36.0,25.0,54.0,767.0,3.0
2002,GUJARAT,JUNAGADH,77.0,48.0,50.0,52.0,170.0,953.0,4.0
2002,GUJARAT,KHEDA NORTH,75.0,50.0,29.0,43.0,238.0,578.0,4.0
2002,GUJARAT,KUTCH,61.0,32.0,40.0,36.0,91.0,550.0,3.0
2002,GUJARAT,MEHSANA,92.0,53.0,41.0,101.0,282.0,955.0,4.0
2002,GUJARAT,NARMADA,20.0,13.0,5.0,13.0,59.0,85.0,2.0
2002,GUJARAT,NAVSARI,30.0,7.0,11.0,17.0,33.0,274.0,2.0
2002,GUJARAT,PALANPUR,69.0,74.0,47.0,59.0,160.0,575.0,4.0
2002,GUJARAT,PANCHMAHAL,101.0,15.0,22.0,90.0,180.0,540.0,4.0
2002,GUJARAT,PATAN,37.0,28.0,29.0,32.0,117.0,373.0,3.0
2002,GUJARAT,PORBANDAR,16.0,20.0,9.0,5.0,15.0,183.0,1.0
2002,GUJARAT,RAJKOT COMMR.,68.0,34.0,40.0,42.0,316.0,1585.0,4.0
2002,GUJARAT,SURAT COMMR.,109.0,36.0,63.0,101.0,140.0,2184.0,4.0
2002,GUJARAT,SURENDRANAGAR,70.0,53.0,37.0,37.0,120.0,426.0,3.0
2002,GUJARAT,VADODARA COMMR.,103.0,14.0,35.0,102.0,674.0,1561.0,5.0
2002,GUJARAT,VALSAD,53.0,15.0,21.0,33.0,66.0,735.0,2.0
2002,GUJARAT,W.RLY,28.0,7.0,9.0,87.0,13.0,875.0,2.0
2002,HARYANA,AMBALA,50.0,32.0,21.0,11.0,14.0,664.0,2.0
2002,HARYANA,BHIWANI,64.0,46.0,16.0,20.0,130.0,428.0,3.0
2002,HARYANA,FARIDABAD,102.0,93.0,61.0,28.0,142.0,1104.0,4.0
2002,HARYANA,FATEHABAD,42.0,29.0,22.0,18.0,22.0,310.0,2.0
2002,HARYANA,GRP,28.0,2.0,0.0,4.0,6.0,211.0,1.0
2002,HARYANA,GURGAON,131.0,62.0,50.0,55.0,94.0,1156.0,4.0
2002,HARYANA,HISSAR,103.0,46.0,24.0,31.0,31.0,753.0,3.0
2002,HARYANA,JHAJJAR,69.0,57.0,14.0,20.0,55.0,369.0,2.0
2002,HARYANA,JIND,58.0,29.0,15.0,10.0,82.0,328.0,2.0
2002,HARYANA,KAITHAL,56.0,18.0,7.0,5.0,23.0,298.0,2.0
2002,HARYANA,KARNAL,72.0,62.0,16.0,18.0,48.0,665.0,3.0
2002,HARYANA,KURUKSHETRA,48.0,35.0,18.0,13.0,3.0,646.0,2.0
2002,HARYANA,MAHENDRAGARH,32.0,38.0,19.0,9.0,65.0,211.0,2.0
2002,HARYANA,PANCHKULA,10.0,42.0,19.0,6.0,4.0,399.0,1.0
2002,HARYANA,PANIPAT,75.0,65.0,30.0,31.0,42.0,686.0,3.0
2002,HARYANA,REWARI,31.0,25.0,11.0,13.0,42.0,282.0,2.0
2002,HARYANA,ROHTAK,102.0,31.0,16.0,31.0,49.0,649.0,3.0
2002,HARYANA,SIRSA,84.0,50.0,22.0,18.0,23.0,483.0,2.0
2002,HARYANA,SONIPAT,132.0,29.0,24.0,40.0,15.0,562.0,3.0
2002,HARYANA,YAMUNANAGAR,47.0,24.0,22.0,10.0,9.0,318.0,2.0
2002,HIMACHAL PRADESH,BILASPUR,27.0,45.0,8.0,1.0,151.0,134.0,2.0
2002,HIMACHAL PRADESH,CHAMBA,17.0,37.0,14.0,1.0,21.0,163.0,1.0
2002,HIMACHAL PRADESH,G.R.P.,0.0,0.0,1.0,0.0,2.0,2.0,1.0
2002,HIMACHAL PRADESH,HAMIRPUR,15.0,20.0,14.0,1.0,42.0,64.0,1.0
2002,HIMACHAL PRADESH,KANGRA,51.0,64.0,20.0,2.0,119.0,210.0,2.0
2002,HIMACHAL PRADESH,KINNAUR,2.0,10.0,3.0,0.0,11.0,32.0,1.0
2002,HIMACHAL PRADESH,KULLU,11.0,34.0,11.0,0.0,27.0,74.0,1.0
2002,HIMACHAL PRADESH,LAHAUL-SPITI,2.0,2.0,0.0,1.0,0.0,12.0,1.0
2002,HIMACHAL PRADESH,MANDI,16.0,75.0,9.0,3.0,94.0,174.0,2.0
2002,HIMACHAL PRADESH,SHIMLA,25.0,76.0,22.0,2.0,125.0,278.0,3.0
2002,HIMACHAL PRADESH,SIRMAUR,18.0,45.0,10.0,1.0,84.0,85.0,2.0
2002,HIMACHAL PRADESH,SOLAN,13.0,37.0,18.0,2.0,62.0,140.0,2.0
2002,HIMACHAL PRADESH,UNA,18.0,18.0,8.0,4.0,53.0,118.0,1.0
2002,JAMMU & KASHMIR,ANANTNAG,184.0,83.0,67.0,30.0,94.0,262.0,4.0
2002,JAMMU & KASHMIR,AWANTIPORA,26.0,13.0,16.0,19.0,11.0,33.0,1.0
2002,JAMMU & KASHMIR,BARAMULLA,234.0,108.0,87.0,19.0,147.0,302.0,5.0
2002,JAMMU & KASHMIR,BORDER,34.0,13.0,14.0,3.0,34.0,36.0,2.0
2002,JAMMU & KASHMIR,BUDGAM,71.0,92.0,40.0,5.0,105.0,171.0,3.0
2002,JAMMU & KASHMIR,CRIME JAMMU,1.0,0.0,0.0,0.0,0.0,45.0,1.0
2002,JAMMU & KASHMIR,CRIME SRINAGAR,1.0,0.0,0.0,0.0,0.0,62.0,1.0
2002,JAMMU & KASHMIR,DODA,223.0,21.0,19.0,3.0,46.0,60.0,3.0
2002,JAMMU & KASHMIR,GANDERBAL,28.0,68.0,39.0,2.0,79.0,100.0,2.0
2002,JAMMU & KASHMIR,HANDWARA,124.0,25.0,23.0,1.0,36.0,46.0,2.0
2002,JAMMU & KASHMIR,JAMMU,110.0,27.0,60.0,11.0,83.0,694.0,3.0
2002,JAMMU & KASHMIR,KARGIL,1.0,1.0,2.0,0.0,5.0,8.0,1.0
2002,JAMMU & KASHMIR,KATHUA,41.0,22.0,13.0,1.0,51.0,107.0,2.0
2002,JAMMU & KASHMIR,KULGAM,46.0,17.0,45.0,17.0,74.0,92.0,2.0
2002,JAMMU & KASHMIR,KUPWARA,180.0,43.0,28.0,0.0,91.0,62.0,3.0
2002,JAMMU & KASHMIR,LEH,7.0,4.0,1.0,0.0,3.0,19.0,1.0
2002,JAMMU & KASHMIR,POONCH,224.0,13.0,14.0,0.0,34.0,71.0,3.0
2002,JAMMU & KASHMIR,PULWAMA,166.0,63.0,44.0,41.0,140.0,211.0,4.0
2002,JAMMU & KASHMIR,RAJOURI,201.0,24.0,13.0,4.0,29.0,76.0,3.0
2002,JAMMU & KASHMIR,RAMBAN,131.0,10.0,6.0,0.0,30.0,57.0,2.0
2002,JAMMU & KASHMIR,REASI,109.0,11.0,16.0,6.0,36.0,37.0,2.0
2002,JAMMU & KASHMIR,SRINAGAR,140.0,294.0,117.0,39.0,202.0,1068.0,5.0
2002,JAMMU & KASHMIR,UDHAMPUR,35.0,25.0,10.0,4.0,52.0,188.0,2.0
2002,JHARKHAND,BOKARO,168.0,80.0,40.0,104.0,190.0,629.0,5.0
2002,JHARKHAND,CHAIBASA,214.0,54.0,19.0,21.0,43.0,149.0,4.0
2002,JHARKHAND,CHATRA,35.0,18.0,4.0,50.0,126.0,105.0,3.0
2002,JHARKHAND,DEOGHAR,74.0,44.0,5.0,38.0,152.0,151.0,3.0
2002,JHARKHAND,DHANBAD,143.0,91.0,72.0,133.0,246.0,743.0,5.0
2002,JHARKHAND,DHANBAD RLY.,5.0,4.0,2.0,53.0,11.0,252.0,1.0
2002,JHARKHAND,DUMKA,220.0,81.0,15.0,20.0,106.0,197.0,4.0
2002,JHARKHAND,GARHWA,59.0,34.0,9.0,37.0,116.0,116.0,3.0
2002,JHARKHAND,GIRIDIH,103.0,87.0,23.0,91.0,130.0,252.0,4.0
2002,JHARKHAND,GODDA,67.0,86.0,21.0,19.0,125.0,198.0,4.0
2002,JHARKHAND,GUMLA,148.0,35.0,9.0,64.0,32.0,111.0,3.0
2002,JHARKHAND,HAZARIBAGH,156.0,98.0,33.0,126.0,212.0,729.0,5.0
2002,JHARKHAND,JAMSHEDPUR,270.0,116.0,50.0,37.0,133.0,819.0,5.0
2002,JHARKHAND,JAMSHEDPUR RLY.,2.0,6.0,1.0,11.0,3.0,121.0,1.0
2002,JHARKHAND,JAMTARA,53.0,39.0,13.0,10.0,41.0,104.0,2.0
2002,JHARKHAND,KODERMA,55.0,14.0,13.0,63.0,107.0,86.0,3.0
2002,JHARKHAND,LATEHAR,59.0,16.0,8.0,40.0,25.0,50.0,2.0
2002,JHARKHAND,LOHARDAGGA,54.0,18.0,2.0,25.0,26.0,55.0,2.0
2002,JHARKHAND,PAKUR,48.0,40.0,6.0,18.0,47.0,61.0,2.0
2002,JHARKHAND,PALAMU,120.0,25.0,16.0,71.0,194.0,218.0,4.0
2002,JHARKHAND,RANCHI,431.0,128.0,67.0,266.0,270.0,1066.0,5.0
2002,JHARKHAND,SAHEBGANJ,105.0,48.0,22.0,22.0,69.0,142.0,3.0
2002,JHARKHAND,SARAIKELA,89.0,30.0,16.0,19.0,31.0,184.0,2.0
2002,JHARKHAND,SIMDEGA,68.0,16.0,2.0,22.0,13.0,29.0,2.0
2002,KARNATAKA,BAGALKOT,91.0,57.0,17.0,3.0,215.0,260.0,3.0
2002,KARNATAKA,BANGALORE COMMR.,516.0,269.0,159.0,392.0,285.0,11133.0,5.0
2002,KARNATAKA,BELGAUM,174.0,61.0,26.0,60.0,389.0,630.0,5.0
2002,KARNATAKA,BELLARY,120.0,79.0,13.0,20.0,286.0,489.0,4.0
2002,KARNATAKA,BIDAR,111.0,93.0,23.0,35.0,195.0,465.0,4.0
2002,KARNATAKA,BIJAPUR,117.0,74.0,30.0,34.0,353.0,282.0,4.0
2002,KARNATAKA,CHAMARAJNAGAR,53.0,30.0,6.0,10.0,244.0,149.0,3.0
2002,KARNATAKA,CHICKMAGALUR,102.0,80.0,12.0,12.0,173.0,415.0,3.0
2002,KARNATAKA,CHITRADURGA,56.0,58.0,7.0,18.0,325.0,312.0,4.0
2002,KARNATAKA,DAKSHIN KANNADA,53.0,31.0,6.0,12.0,158.0,441.0,3.0
2002,KARNATAKA,DAVANAGERE,90.0,88.0,18.0,51.0,278.0,507.0,4.0
2002,KARNATAKA,DHARWAD COMMR.,53.0,15.0,16.0,45.0,131.0,448.0,3.0
2002,KARNATAKA,GADAG,37.0,15.0,4.0,7.0,135.0,149.0,2.0
2002,KARNATAKA,GULBARGA,162.0,143.0,43.0,49.0,387.0,484.0,5.0
2002,KARNATAKA,HASSAN,140.0,75.0,26.0,25.0,333.0,514.0,4.0
2002,KARNATAKA,HAVERI,39.0,29.0,10.0,13.0,276.0,209.0,3.0
2002,KARNATAKA,K.G.F.,30.0,12.0,3.0,7.0,79.0,366.0,2.0
2002,KARNATAKA,KODAGU,66.0,31.0,6.0,4.0,77.0,238.0,2.0
2002,KARNATAKA,KOLAR,145.0,52.0,36.0,35.0,367.0,538.0,5.0
2002,KARNATAKA,KOPPAL,56.0,35.0,26.0,17.0,133.0,205.0,3.0
2002,KARNATAKA,MANDYA,117.0,75.0,18.0,34.0,266.0,544.0,4.0
2002,KARNATAKA,MYSORE COMMR.,61.0,24.0,10.0,32.0,48.0,436.0,2.0
2002,KARNATAKA,RAICHUR,133.0,78.0,25.0,18.0,275.0,406.0,4.0
2002,KARNATAKA,SHIMOGA,102.0,70.0,14.0,45.0,268.0,611.0,4.0
2002,KARNATAKA,TUMKUR,111.0,69.0,19.0,42.0,321.0,673.0,4.0
2002,KARNATAKA,UDUPI,37.0,22.0,9.0,13.0,189.0,233.0,3.0
2002,KARNATAKA,UTTAR KANNADA,41.0,43.0,2.0,7.0,127.0,185.0,2.0
2002,KERALA,ALAPUZHA,49.0,162.0,14.0,24.0,586.0,626.0,5.0
2002,KERALA,CBCID,25.0,0.0,1.0,6.0,24.0,53.0,1.0
2002,KERALA,ERNAKULAM,134.0,197.0,12.0,146.0,710.0,2164.0,5.0
2002,KERALA,IDUKKI,52.0,146.0,0.0,15.0,342.0,479.0,4.0
2002,KERALA,KANNUR,98.0,110.0,14.0,21.0,570.0,565.0,5.0
2002,KERALA,KASARGOD,48.0,25.0,13.0,11.0,407.0,365.0,4.0
2002,KERALA,KOLLAM,149.0,367.0,20.0,54.0,844.0,888.0,5.0
2002,KERALA,KOTTAYAM,49.0,184.0,15.0,71.0,458.0,1031.0,5.0
2002,KERALA,KOZHIKODE,78.0,188.0,5.0,30.0,1040.0,1473.0,5.0
2002,KERALA,MALAPPURAM,68.0,160.0,11.0,16.0,624.0,827.0,5.0
2002,KERALA,PALAKKAD,103.0,170.0,10.0,56.0,673.0,854.0,5.0
2002,KERALA,PATHANAMTHITTA,67.0,151.0,0.0,20.0,317.0,453.0,4.0
2002,KERALA,THRISSUR,153.0,225.0,11.0,93.0,664.0,1200.0,5.0
2002,KERALA,TRIVANDRUM,136.0,460.0,36.0,165.0,1031.0,2015.0,5.0
2002,KERALA,WAYANADU,17.0,76.0,0.0,19.0,236.0,349.0,3.0
2002,MADHYA PRADESH,BALAGHAT,113.0,273.0,9.0,27.0,52.0,493.0,4.0
2002,MADHYA PRADESH,BARWANI,71.0,101.0,4.0,8.0,48.0,173.0,2.0
2002,MADHYA PRADESH,BETUL,115.0,267.0,22.0,17.0,26.0,354.0,4.0
2002,MADHYA PRADESH,BHIND,180.0,124.0,29.0,37.0,137.0,568.0,4.0
2002,MADHYA PRADESH,BHOPAL,154.0,342.0,41.0,104.0,89.0,2544.0,5.0
2002,MADHYA PRADESH,BHOPAL RLY.,12.0,19.0,0.0,33.0,9.0,942.0,1.0
2002,MADHYA PRADESH,CHHATARPUR,137.0,264.0,25.0,38.0,95.0,468.0,4.0
2002,MADHYA PRADESH,CHHINDWARA,131.0,271.0,10.0,31.0,92.0,410.0,4.0
2002,MADHYA PRADESH,DAMOH,106.0,193.0,14.0,21.0,34.0,323.0,3.0
2002,MADHYA PRADESH,DATIYA,117.0,75.0,12.0,25.0,34.0,233.0,3.0
2002,MADHYA PRADESH,DEWAS,129.0,288.0,33.0,100.0,188.0,1344.0,5.0
2002,MADHYA PRADESH,DHAR,191.0,294.0,30.0,45.0,101.0,1018.0,5.0
2002,MADHYA PRADESH,DINDORI,33.0,83.0,2.0,0.0,29.0,80.0,2.0
2002,MADHYA PRADESH,GUNA,147.0,487.0,7.0,60.0,205.0,790.0,5.0
2002,MADHYA PRADESH,GWALIOR,231.0,219.0,79.0,143.0,184.0,2001.0,5.0
2002,MADHYA PRADESH,HARDA,31.0,70.0,3.0,6.0,24.0,126.0,2.0
2002,MADHYA PRADESH,HOSHANGABAD,231.0,184.0,21.0,40.0,41.0,693.0,4.0
2002,MADHYA PRADESH,INDORE,245.0,310.0,47.0,148.0,163.0,4052.0,5.0
2002,MADHYA PRADESH,INDORE RLY.,7.0,8.0,1.0,6.0,3.0,165.0,1.0
2002,MADHYA PRADESH,JABALPUR,223.0,330.0,32.0,116.0,94.0,1636.0,5.0
2002,MADHYA PRADESH,JABALPUR RLY.,4.0,3.0,0.0,12.0,2.0,211.0,1.0
2002,MADHYA PRADESH,JHABUA,262.0,148.0,68.0,17.0,110.0,385.0,5.0
2002,MADHYA PRADESH,KATNI,79.0,170.0,3.0,32.0,41.0,414.0,2.0
2002,MADHYA PRADESH,KHANDWA,74.0,285.0,17.0,16.0,76.0,755.0,3.0
2002,MADHYA PRADESH,KHARGON,119.0,212.0,27.0,23.0,92.0,725.0,4.0
2002,MADHYA PRADESH,MANDLA,47.0,150.0,5.0,6.0,31.0,225.0,2.0
2002,MADHYA PRADESH,MANDSAUR,72.0,174.0,17.0,14.0,86.0,644.0,3.0
2002,MADHYA PRADESH,MORENA,181.0,119.0,27.0,89.0,174.0,929.0,5.0
2002,MADHYA PRADESH,NARSINGHPUR,103.0,262.0,7.0,11.0,74.0,307.0,4.0
2002,MADHYA PRADESH,NEEMUCH,44.0,101.0,13.0,29.0,49.0,507.0,2.0
2002,MADHYA PRADESH,PANNA,66.0,109.0,12.0,19.0,22.0,227.0,2.0
2002,MADHYA PRADESH,RAISEN,104.0,394.0,10.0,24.0,67.0,336.0,4.0
2002,MADHYA PRADESH,RAJGARH,93.0,259.0,11.0,29.0,242.0,456.0,4.0
2002,MADHYA PRADESH,RATLAM,84.0,205.0,10.0,39.0,73.0,660.0,3.0
2002,MADHYA PRADESH,REWA,109.0,127.0,36.0,98.0,114.0,1216.0,4.0
2002,MADHYA PRADESH,SAGAR,201.0,561.0,30.0,39.0,226.0,973.0,5.0
2002,MADHYA PRADESH,SATNA,134.0,239.0,29.0,51.0,74.0,821.0,4.0
2002,MADHYA PRADESH,SEONI,57.0,160.0,4.0,7.0,41.0,275.0,2.0
2002,MADHYA PRADESH,SHAHDOL,86.0,331.0,13.0,54.0,58.0,814.0,4.0
2002,MADHYA PRADESH,SHAJAPUR,103.0,228.0,18.0,85.0,165.0,1010.0,4.0
2002,MADHYA PRADESH,SHEOPUR,56.0,96.0,20.0,17.0,44.0,203.0,2.0
2002,MADHYA PRADESH,SHIVPURI,148.0,253.0,18.0,26.0,144.0,420.0,4.0
2002,MADHYA PRADESH,SIDHI,76.0,177.0,17.0,24.0,40.0,659.0,3.0
2002,MADHYA PRADESH,SIHORE,84.0,178.0,51.0,18.0,57.0,777.0,4.0
2002,MADHYA PRADESH,TIKAMGARH,106.0,212.0,13.0,35.0,120.0,380.0,4.0
2002,MADHYA PRADESH,UJJAIN,226.0,224.0,47.0,103.0,214.0,2392.0,5.0
2002,MADHYA PRADESH,UMARIYA,35.0,85.0,1.0,25.0,26.0,178.0,2.0
2002,MADHYA PRADESH,VIDISHA,96.0,345.0,19.0,18.0,121.0,538.0,4.0
2002,MAHARASHTRA,AHMEDNAGAR,133.0,120.0,27.0,116.0,334.0,1318.0,5.0
2002,MAHARASHTRA,AKOLA,93.0,98.0,21.0,49.0,160.0,1099.0,4.0
2002,MAHARASHTRA,AMRAVATI COMMR.,53.0,53.0,12.0,44.0,66.0,1136.0,2.0
2002,MAHARASHTRA,AURANGABAD COMMR.,50.0,38.0,20.0,66.0,136.0,891.0,3.0
2002,MAHARASHTRA,BEED,120.0,76.0,23.0,82.0,351.0,703.0,5.0
2002,MAHARASHTRA,BHANDARA,51.0,89.0,16.0,15.0,109.0,607.0,3.0
2002,MAHARASHTRA,BULDHANA,87.0,137.0,18.0,64.0,256.0,1051.0,4.0
2002,MAHARASHTRA,CHANDRAPUR,77.0,118.0,24.0,33.0,170.0,801.0,4.0
2002,MAHARASHTRA,DHULE,72.0,36.0,8.0,18.0,105.0,512.0,3.0
2002,MAHARASHTRA,GADCHIROLI,88.0,81.0,9.0,23.0,75.0,260.0,3.0
2002,MAHARASHTRA,GONDIA,60.0,99.0,21.0,19.0,31.0,574.0,2.0
2002,MAHARASHTRA,HINGOLI,48.0,53.0,7.0,41.0,92.0,305.0,2.0
2002,MAHARASHTRA,JALGAON,122.0,100.0,21.0,49.0,197.0,1043.0,4.0
2002,MAHARASHTRA,JALNA,77.0,39.0,11.0,48.0,156.0,522.0,3.0
2002,MAHARASHTRA,KOLHAPUR,110.0,63.0,15.0,33.0,156.0,808.0,4.0
2002,MAHARASHTRA,LATUR,68.0,57.0,19.0,53.0,196.0,439.0,3.0
2002,MAHARASHTRA,MUMBAI,393.0,382.0,119.0,324.0,148.0,14260.0,5.0
2002,MAHARASHTRA,MUMBAI RLY.,6.0,6.0,7.0,23.0,8.0,1745.0,1.0
2002,MAHARASHTRA,NAGPUR COMMR.,152.0,112.0,50.0,158.0,277.0,4103.0,5.0
2002,MAHARASHTRA,NAGPUR RLY.,10.0,2.0,0.0,24.0,9.0,806.0,1.0
2002,MAHARASHTRA,NANDED,168.0,112.0,40.0,120.0,263.0,1046.0,5.0
2002,MAHARASHTRA,NANDURBAR,35.0,69.0,5.0,19.0,91.0,291.0,2.0
2002,MAHARASHTRA,NASIK COMMR.,36.0,32.0,17.0,37.0,135.0,1102.0,3.0
2002,MAHARASHTRA,NAVI MUMBAI,70.0,52.0,18.0,64.0,69.0,1488.0,3.0
2002,MAHARASHTRA,OSMANABAD,66.0,81.0,15.0,36.0,205.0,472.0,4.0
2002,MAHARASHTRA,PARBHANI,86.0,74.0,11.0,75.0,167.0,417.0,4.0
2002,MAHARASHTRA,PUNE COMMR.,137.0,110.0,36.0,88.0,715.0,3701.0,5.0
2002,MAHARASHTRA,PUNE RLY.,4.0,2.0,1.0,7.0,1.0,329.0,1.0
2002,MAHARASHTRA,RAIGAD,64.0,69.0,12.0,62.0,161.0,520.0,4.0
2002,MAHARASHTRA,RATNAGIRI,32.0,54.0,5.0,13.0,68.0,352.0,2.0
2002,MAHARASHTRA,SANGLI,126.0,71.0,22.0,35.0,136.0,786.0,4.0
2002,MAHARASHTRA,SATARA,104.0,82.0,14.0,37.0,117.0,773.0,3.0
2002,MAHARASHTRA,SINDHUDURG,25.0,25.0,4.0,14.0,59.0,210.0,2.0
2002,MAHARASHTRA,SOLAPUR COMMR.,68.0,40.0,13.0,49.0,119.0,565.0,3.0
2002,MAHARASHTRA,THANE COMMR.,196.0,133.0,75.0,160.0,261.0,3055.0,5.0
2002,MAHARASHTRA,WARDHA,85.0,147.0,21.0,44.0,153.0,917.0,4.0
2002,MAHARASHTRA,WASHIM,47.0,74.0,9.0,32.0,93.0,495.0,3.0
2002,MAHARASHTRA,YAVATMAL,145.0,169.0,36.0,42.0,151.0,1153.0,4.0
2002,MANIPUR,BISHNUPUR,47.0,11.0,20.0,1.0,7.0,26.0,1.0
2002,MANIPUR,CHANDEL,13.0,0.0,9.0,5.0,1.0,13.0,1.0
2002,MANIPUR,CHURACHANDPUR,41.0,1.0,19.0,0.0,4.0,8.0,1.0
2002,MANIPUR,IMPHAL(EAST),54.0,13.0,25.0,2.0,14.0,59.0,2.0
2002,MANIPUR,IMPHAL(WEST),83.0,34.0,44.0,0.0,54.0,224.0,2.0
2002,MANIPUR,SENAPATI,24.0,0.0,1.0,0.0,2.0,12.0,1.0
2002,MANIPUR,TAMENGLONG,6.0,0.0,4.0,0.0,2.0,6.0,1.0
2002,MANIPUR,THOUBAL,56.0,12.0,34.0,0.0,27.0,44.0,2.0
2002,MANIPUR,UKHRUL,4.0,1.0,1.0,1.0,1.0,7.0,1.0
2002,MEGHALAYA,GARO HILLS EAST,23.0,3.0,5.0,10.0,2.0,38.0,1.0
2002,MEGHALAYA,GARO HILLS SOUTH,13.0,1.0,2.0,3.0,0.0,19.0,1.0
2002,MEGHALAYA,GARO HILLS WEST,23.0,13.0,12.0,4.0,5.0,73.0,1.0
2002,MEGHALAYA,JAINTIA HILLS,43.0,7.0,3.0,16.0,2.0,50.0,1.0
2002,MEGHALAYA,KHASI HILLS EAST,73.0,24.0,22.0,90.0,20.0,346.0,3.0
2002,MEGHALAYA,KHASI HILLS WEST,24.0,10.0,4.0,21.0,0.0,20.0,1.0
2002,MEGHALAYA,RI-BHOI,29.0,3.0,4.0,29.0,3.0,42.0,1.0
2002,MIZORAM,AIZAWL,23.0,64.0,4.0,2.0,10.0,847.0,2.0
2002,MIZORAM,CHAMPHAI,7.0,19.0,0.0,1.0,3.0,97.0,1.0
2002,MIZORAM,KOLASIB,6.0,11.0,1.0,5.0,6.0,125.0,1.0
2002,MIZORAM,LAWNGTLAI,3.0,6.0,0.0,0.0,0.0,36.0,1.0
2002,MIZORAM,LUNGLEI,4.0,22.0,0.0,0.0,5.0,257.0,1.0
2002,MIZORAM,MAMIT,1.0,4.0,0.0,1.0,1.0,37.0,1.0
2002,MIZORAM,SAIHA,9.0,21.0,1.0,2.0,2.0,109.0,1.0
2002,MIZORAM,SERCHHIP,7.0,2.0,1.0,1.0,1.0,48.0,1.0
2002,NAGALAND,DIMAPUR,40.0,4.0,19.0,100.0,3.0,195.0,2.0
2002,NAGALAND,KIPHIRE,1.0,1.0,1.0,1.0,0.0,5.0,1.0
2002,NAGALAND,KOHIMA,27.0,9.0,0.0,4.0,0.0,75.0,1.0
2002,NAGALAND,MOKOKCHUNG,13.0,0.0,1.0,6.0,3.0,15.0,1.0
2002,NAGALAND,MON,2.0,0.0,1.0,5.0,0.0,32.0,1.0
2002,NAGALAND,PEREN,13.0,0.0,0.0,0.0,1.0,8.0,1.0
2002,NAGALAND,PHEK,12.0,1.0,4.0,8.0,0.0,11.0,1.0
2002,NAGALAND,TUENSANG,11.0,1.0,1.0,4.0,3.0,10.0,1.0
2002,NAGALAND,WOKHA,9.0,1.0,0.0,3.0,1.0,48.0,1.0
2002,NAGALAND,ZUNHEBOTO,11.0,1.0,0.0,0.0,0.0,17.0,1.0
2002,ODISHA,ANGUL,85.0,78.0,15.0,34.0,121.0,218.0,3.0
2002,ODISHA,BALASORE,29.0,128.0,35.0,45.0,100.0,363.0,3.0
2002,ODISHA,BARAGARH,60.0,62.0,4.0,35.0,108.0,203.0,2.0
2002,ODISHA,BERHAMPUR,88.0,51.0,7.0,55.0,45.0,223.0,2.0
2002,ODISHA,BHADRAK,67.0,62.0,18.0,20.0,86.0,133.0,3.0
2002,ODISHA,BOLANGIR,99.0,89.0,16.0,24.0,73.0,254.0,3.0
2002,ODISHA,BOUDH,27.0,23.0,3.0,4.0,34.0,49.0,1.0
2002,ODISHA,CUTTACK,187.0,101.0,38.0,158.0,104.0,1102.0,5.0
2002,ODISHA,DEOGARH,21.0,51.0,5.0,8.0,21.0,45.0,1.0
2002,ODISHA,DHENKANAL,64.0,81.0,21.0,29.0,118.0,172.0,3.0
2002,ODISHA,GAJAPATI,16.0,26.0,4.0,4.0,34.0,65.0,1.0
2002,ODISHA,GANJAM,198.0,158.0,14.0,52.0,151.0,329.0,4.0
2002,ODISHA,JAGATSINGHPUR,44.0,36.0,17.0,46.0,10.0,250.0,2.0
2002,ODISHA,JAJPUR,43.0,36.0,23.0,25.0,32.0,262.0,2.0
2002,ODISHA,JHARSUGUDA,35.0,38.0,4.0,12.0,17.0,114.0,1.0
2002,ODISHA,KALAHANDI,54.0,43.0,9.0,41.0,78.0,162.0,2.0
2002,ODISHA,KANDHAMAL,34.0,104.0,32.0,15.0,22.0,160.0,2.0
2002,ODISHA,KENDRAPARA,71.0,22.0,17.0,16.0,39.0,123.0,2.0
2002,ODISHA,KEONJHAR,116.0,199.0,23.0,45.0,125.0,283.0,4.0
2002,ODISHA,KHURDA,155.0,88.0,53.0,166.0,129.0,1582.0,5.0
2002,ODISHA,KORAPUT,82.0,83.0,9.0,23.0,83.0,292.0,3.0
2002,ODISHA,MALKANGIR,62.0,32.0,6.0,23.0,18.0,79.0,2.0
2002,ODISHA,MAYURBHANJ,125.0,193.0,29.0,41.0,59.0,310.0,4.0
2002,ODISHA,NAYAGARH,89.0,11.0,14.0,21.0,48.0,134.0,2.0
2002,ODISHA,NOWRANGPUR,44.0,51.0,18.0,26.0,50.0,171.0,2.0
2002,ODISHA,NUAPADA,24.0,31.0,9.0,9.0,30.0,71.0,1.0
2002,ODISHA,PURI,188.0,56.0,31.0,62.0,52.0,366.0,4.0
2002,ODISHA,RAYAGADA,51.0,71.0,12.0,9.0,67.0,131.0,2.0
2002,ODISHA,ROURKELA,55.0,62.0,10.0,20.0,18.0,329.0,2.0
2002,ODISHA,SAMBALPUR,98.0,99.0,5.0,57.0,51.0,394.0,3.0
2002,ODISHA,SONEPUR,38.0,44.0,2.0,6.0,34.0,80.0,1.0
2002,ODISHA,SRP(CUTTACK),2.0,5.0,4.0,5.0,2.0,293.0,1.0
2002,ODISHA,SRP(ROURKELA),8.0,6.0,1.0,5.0,0.0,171.0,1.0
2002,ODISHA,SUNDARGARH,146.0,76.0,15.0,50.0,44.0,278.0,3.0
2002,PUNJAB,AMRITSAR,79.0,19.0,32.0,9.0,3.0,403.0,2.0
2002,PUNJAB,BARNALA,32.0,19.0,6.0,3.0,0.0,158.0,1.0
2002,PUNJAB,BATALA,68.0,19.0,14.0,2.0,0.0,152.0,2.0
2002,PUNJAB,BHATINDA,66.0,39.0,32.0,4.0,3.0,389.0,2.0
2002,PUNJAB,FARIDKOT,25.0,12.0,11.0,5.0,0.0,159.0,1.0
2002,PUNJAB,FATEHGARH SAHIB,28.0,5.0,11.0,3.0,0.0,126.0,1.0
2002,PUNJAB,FEROZEPUR,106.0,42.0,24.0,2.0,6.0,421.0,2.0
2002,PUNJAB,G.R.P,13.0,2.0,1.0,0.0,0.0,35.0,1.0
2002,PUNJAB,GURDASPUR,54.0,27.0,14.0,7.0,0.0,175.0,2.0
2002,PUNJAB,HOSHIARPUR,71.0,31.0,16.0,39.0,10.0,365.0,2.0
2002,PUNJAB,JAGRAON,48.0,17.0,22.0,8.0,0.0,176.0,2.0
2002,PUNJAB,JALANDHAR,129.0,32.0,50.0,12.0,12.0,813.0,3.0
2002,PUNJAB,KAPURTHALA,54.0,31.0,16.0,7.0,1.0,318.0,2.0
2002,PUNJAB,KHANNA,36.0,14.0,10.0,1.0,0.0,169.0,1.0
2002,PUNJAB,LUDHIANA,159.0,128.0,125.0,15.0,18.0,1525.0,4.0
2002,PUNJAB,MAJITHA,71.0,15.0,14.0,2.0,4.0,134.0,2.0
2002,PUNJAB,MANSA,49.0,17.0,5.0,3.0,3.0,135.0,1.0
2002,PUNJAB,MOGA,66.0,11.0,14.0,5.0,3.0,231.0,2.0
2002,PUNJAB,MUKTSAR,47.0,11.0,8.0,4.0,1.0,149.0,1.0
2002,PUNJAB,NAWAN SHAHR,32.0,13.0,16.0,4.0,0.0,208.0,1.0
2002,PUNJAB,PATIALA,98.0,63.0,41.0,7.0,0.0,825.0,3.0
2002,PUNJAB,ROPAR,43.0,23.0,29.0,1.0,2.0,348.0,2.0
2002,PUNJAB,SANGRUR,79.0,33.0,23.0,13.0,4.0,443.0,2.0
2002,PUNJAB,TARN TARAN,87.0,17.0,17.0,4.0,0.0,123.0,2.0
2002,RAJASTHAN,AJMER,114.0,92.0,124.0,47.0,127.0,1605.0,5.0
2002,RAJASTHAN,ALWAR,178.0,159.0,121.0,43.0,126.0,1611.0,5.0
2002,RAJASTHAN,BANSWARA,67.0,166.0,55.0,25.0,297.0,287.0,5.0
2002,RAJASTHAN,BARAN,119.0,239.0,89.0,13.0,97.0,797.0,4.0
2002,RAJASTHAN,BARMER,46.0,107.0,25.0,13.0,59.0,374.0,2.0
2002,RAJASTHAN,BHARATPUR,172.0,88.0,109.0,48.0,77.0,1207.0,5.0
2002,RAJASTHAN,BHILWARA,80.0,180.0,196.0,48.0,247.0,1495.0,5.0
2002,RAJASTHAN,BIKANER,130.0,58.0,21.0,6.0,29.0,682.0,3.0
2002,RAJASTHAN,BUNDI,125.0,189.0,109.0,26.0,166.0,725.0,5.0
2002,RAJASTHAN,CHITTORGARH,99.0,194.0,171.0,30.0,417.0,1271.0,5.0
2002,RAJASTHAN,CHURU,74.0,72.0,31.0,8.0,178.0,477.0,3.0
2002,RAJASTHAN,DAUSA,48.0,26.0,47.0,6.0,173.0,597.0,3.0
2002,RAJASTHAN,DHOLPUR,131.0,69.0,58.0,22.0,380.0,350.0,5.0
2002,RAJASTHAN,DUNGARPUR,41.0,79.0,43.0,13.0,244.0,207.0,4.0
2002,RAJASTHAN,G.R.P.,8.0,24.0,3.0,10.0,4.0,546.0,1.0
2002,RAJASTHAN,GANGANAGAR,157.0,154.0,60.0,9.0,22.0,1167.0,4.0
2002,RAJASTHAN,HANUMANGARH,163.0,135.0,34.0,10.0,45.0,795.0,4.0
2002,RAJASTHAN,JAIPUR,211.0,244.0,256.0,80.0,2764.0,5638.0,5.0
2002,RAJASTHAN,JAISALMER,7.0,16.0,5.0,6.0,35.0,243.0,1.0
2002,RAJASTHAN,JALORE,44.0,88.0,32.0,8.0,67.0,389.0,2.0
2002,RAJASTHAN,JHALAWAR,120.0,211.0,82.0,14.0,178.0,630.0,5.0
2002,RAJASTHAN,JHUNJHUNU,69.0,77.0,49.0,14.0,297.0,608.0,4.0
2002,RAJASTHAN,JODHPUR,109.0,190.0,104.0,45.0,186.0,1817.0,5.0
2002,RAJASTHAN,KARAULI,37.0,78.0,58.0,15.0,115.0,387.0,3.0
2002,RAJASTHAN,KOTA,434.0,191.0,160.0,66.0,186.0,1762.0,5.0
2002,RAJASTHAN,NAGAUR,77.0,117.0,61.0,27.0,70.0,987.0,4.0
2002,RAJASTHAN,PALI,108.0,141.0,74.0,34.0,132.0,820.0,4.0
2002,RAJASTHAN,RAJSAMAND,40.0,47.0,60.0,9.0,229.0,362.0,4.0
2002,RAJASTHAN,SAWAI MADHOPUR,53.0,80.0,52.0,21.0,71.0,582.0,3.0
2002,RAJASTHAN,SIKAR,75.0,55.0,52.0,4.0,626.0,741.0,5.0
2002,RAJASTHAN,SIROHI,54.0,42.0,44.0,18.0,79.0,443.0,3.0
2002,RAJASTHAN,TONK,49.0,63.0,90.0,13.0,189.0,522.0,4.0
2002,RAJASTHAN,UDAIPUR,148.0,110.0,112.0,30.0,396.0,1074.0,5.0
2002,SIKKIM,EAST,8.0,12.0,5.0,4.0,10.0,125.0,1.0
2002,SIKKIM,NORTH,2.0,2.0,1.0,0.0,1.0,15.0,1.0
2002,SIKKIM,SOUTH,4.0,4.0,1.0,0.0,4.0,22.0,1.0
2002,SIKKIM,WEST,6.0,5.0,2.0,1.0,2.0,19.0,1.0
2002,TAMIL NADU,CHENGAI,224.0,96.0,31.0,65.0,154.0,1982.0,5.0
2002,TAMIL NADU,CHENNAI,389.0,87.0,44.0,111.0,52.0,4018.0,5.0
2002,TAMIL NADU,CHENNAI RLY.,10.0,3.0,0.0,22.0,10.0,323.0,1.0
2002,TAMIL NADU,CUDDALORE,192.0,137.0,42.0,37.0,211.0,784.0,5.0
2002,TAMIL NADU,DHARMAPURI,145.0,82.0,48.0,52.0,386.0,708.0,5.0
2002,TAMIL NADU,DINDIGUL,99.0,47.0,26.0,27.0,78.0,754.0,3.0
2002,TAMIL NADU,ERODE,72.0,81.0,49.0,26.0,106.0,899.0,3.0
2002,TAMIL NADU,KANCHIPURAM,91.0,61.0,18.0,33.0,91.0,805.0,3.0
2002,TAMIL NADU,KANYAKUMARI,100.0,53.0,10.0,6.0,27.0,607.0,2.0
2002,TAMIL NADU,KARUR,41.0,18.0,16.0,19.0,32.0,359.0,2.0
2002,TAMIL NADU,NAGAPATTINAM,113.0,110.0,33.0,4.0,112.0,473.0,3.0
2002,TAMIL NADU,NAMAKKAL,68.0,54.0,25.0,8.0,91.0,271.0,3.0
2002,TAMIL NADU,NILGIRIS,36.0,26.0,3.0,3.0,34.0,223.0,1.0
2002,TAMIL NADU,PERAMBALUR,104.0,104.0,30.0,10.0,130.0,311.0,3.0
2002,TAMIL NADU,PUDUKOTTAI,54.0,59.0,25.0,9.0,191.0,329.0,3.0
2002,TAMIL NADU,RAMNATHAPURAM,87.0,64.0,20.0,12.0,227.0,323.0,4.0
2002,TAMIL NADU,SIVAGANGAI,86.0,28.0,16.0,9.0,104.0,499.0,3.0
2002,TAMIL NADU,THANJAVUR,166.0,40.0,40.0,19.0,146.0,764.0,4.0
2002,TAMIL NADU,THENI,81.0,64.0,26.0,18.0,85.0,379.0,3.0
2002,TAMIL NADU,THIRUVALLUR,84.0,106.0,34.0,17.0,176.0,336.0,3.0
2002,TAMIL NADU,THIRUVANNAMALAI,74.0,64.0,44.0,20.0,334.0,692.0,4.0
2002,TAMIL NADU,THIRUVARUR,63.0,54.0,13.0,5.0,85.0,262.0,2.0
2002,TAMIL NADU,THOOTHUGUDI,176.0,134.0,26.0,29.0,167.0,727.0,4.0
2002,TAMIL NADU,TRICHY RLY.,3.0,2.0,0.0,1.0,2.0,85.0,1.0
2002,TAMIL NADU,VELLORE,137.0,79.0,55.0,17.0,184.0,1324.0,4.0
2002,TAMIL NADU,VILLUPURAM,160.0,143.0,67.0,4.0,398.0,655.0,5.0
2002,TAMIL NADU,VIRUDHUNAGAR,108.0,77.0,23.0,19.0,121.0,636.0,3.0
2002,TRIPURA,DHALAI,36.0,17.0,33.0,5.0,31.0,30.0,2.0
2002,TRIPURA,NORTH,38.0,55.0,16.0,38.0,39.0,87.0,2.0
2002,TRIPURA,SOUTH,41.0,87.0,16.0,14.0,70.0,102.0,2.0
2002,TRIPURA,WEST,125.0,77.0,63.0,28.0,80.0,275.0,4.0
2002,UTTAR PRADESH,AGRA,345.0,127.0,139.0,125.0,279.0,1794.0,5.0
2002,UTTAR PRADESH,ALIGARH,415.0,103.0,112.0,131.0,272.0,974.0,5.0
2002,UTTAR PRADESH,ALLAHABAD,368.0,97.0,80.0,65.0,241.0,1249.0,5.0
2002,UTTAR PRADESH,AMBEDKAR NAGAR,108.0,26.0,35.0,20.0,35.0,213.0,3.0
2002,UTTAR PRADESH,AURAIYA,110.0,30.0,41.0,32.0,40.0,147.0,3.0
2002,UTTAR PRADESH,AZAMGARH,226.0,34.0,41.0,94.0,119.0,395.0,4.0
2002,UTTAR PRADESH,BADAUN,467.0,79.0,88.0,75.0,78.0,449.0,5.0
2002,UTTAR PRADESH,BAGHPAT,208.0,29.0,24.0,38.0,45.0,217.0,4.0
2002,UTTAR PRADESH,BAHRAICH,114.0,24.0,23.0,15.0,52.0,239.0,3.0
2002,UTTAR PRADESH,BALLIA,125.0,19.0,14.0,15.0,83.0,210.0,3.0
2002,UTTAR PRADESH,BALRAMPUR,54.0,22.0,13.0,2.0,9.0,125.0,2.0
2002,UTTAR PRADESH,BANDA,134.0,51.0,23.0,20.0,94.0,244.0,3.0
2002,UTTAR PRADESH,BARABANKI,163.0,61.0,51.0,56.0,71.0,425.0,4.0
2002,UTTAR PRADESH,BAREILLY,532.0,135.0,122.0,143.0,101.0,1098.0,5.0
2002,UTTAR PRADESH,BASTI,122.0,29.0,31.0,17.0,100.0,262.0,3.0
2002,UTTAR PRADESH,BIJNOR,211.0,60.0,65.0,53.0,74.0,461.0,4.0
2002,UTTAR PRADESH,BULANDSHAHAR,410.0,103.0,94.0,93.0,188.0,674.0,5.0
2002,UTTAR PRADESH,CHANDOLI,57.0,17.0,9.0,15.0,20.0,168.0,2.0
2002,UTTAR PRADESH,CHITRAKOOT DHAM,41.0,31.0,10.0,4.0,14.0,71.0,1.0
2002,UTTAR PRADESH,DEORIA,108.0,15.0,20.0,16.0,99.0,213.0,3.0
2002,UTTAR PRADESH,ETAH,503.0,80.0,86.0,111.0,149.0,430.0,5.0
2002,UTTAR PRADESH,ETAWAH,160.0,44.0,47.0,33.0,67.0,239.0,4.0
2002,UTTAR PRADESH,FAIZABAD,120.0,33.0,18.0,24.0,53.0,354.0,3.0
2002,UTTAR PRADESH,FATEHGARH,173.0,9.0,37.0,16.0,57.0,185.0,3.0
2002,UTTAR PRADESH,FATEHPUR,162.0,30.0,29.0,20.0,18.0,229.0,3.0
2002,UTTAR PRADESH,FIROZABAD,281.0,63.0,95.0,65.0,106.0,436.0,5.0
2002,UTTAR PRADESH,G.R.P.,45.0,13.0,7.0,61.0,10.0,2922.0,2.0
2002,UTTAR PRADESH,GAUTAMBUDH NAGAR,152.0,39.0,36.0,35.0,57.0,875.0,3.0
2002,UTTAR PRADESH,GHAZIABAD,624.0,55.0,99.0,96.0,101.0,1758.0,5.0
2002,UTTAR PRADESH,GHAZIPUR,124.0,16.0,16.0,17.0,34.0,170.0,2.0
2002,UTTAR PRADESH,GONDA,112.0,31.0,31.0,25.0,37.0,350.0,3.0
2002,UTTAR PRADESH,GORAKHPUR,217.0,55.0,43.0,51.0,108.0,567.0,4.0
2002,UTTAR PRADESH,HAMIRPUR,107.0,43.0,19.0,24.0,17.0,131.0,2.0
2002,UTTAR PRADESH,HARDOI,265.0,93.0,48.0,21.0,66.0,280.0,4.0
2002,UTTAR PRADESH,HATHRAS,165.0,66.0,49.0,71.0,120.0,344.0,4.0
2002,UTTAR PRADESH,J.P.NAGAR,132.0,37.0,31.0,29.0,54.0,204.0,3.0
2002,UTTAR PRADESH,JALAUN,115.0,23.0,34.0,18.0,28.0,202.0,3.0
2002,UTTAR PRADESH,JAUNPUR,136.0,26.0,16.0,24.0,48.0,283.0,3.0
2002,UTTAR PRADESH,JHANSI,124.0,35.0,28.0,26.0,33.0,307.0,3.0
2002,UTTAR PRADESH,KANNAUJ,130.0,16.0,24.0,20.0,20.0,142.0,3.0
2002,UTTAR PRADESH,KANPUR DEHAT,111.0,39.0,41.0,53.0,68.0,220.0,3.0
2002,UTTAR PRADESH,KANPUR NAGAR,392.0,105.0,163.0,122.0,173.0,1802.0,5.0
2002,UTTAR PRADESH,KAUSHAMBI,104.0,53.0,20.0,15.0,41.0,173.0,3.0
2002,UTTAR PRADESH,KHIRI,310.0,86.0,60.0,39.0,98.0,426.0,5.0
2002,UTTAR PRADESH,KUSHI NAGAR,103.0,29.0,24.0,13.0,71.0,210.0,3.0
2002,UTTAR PRADESH,LALITPUR,37.0,24.0,2.0,10.0,21.0,93.0,1.0
2002,UTTAR PRADESH,LUCKNOW,375.0,135.0,195.0,168.0,235.0,3414.0,5.0
2002,UTTAR PRADESH,MAHARAJGANJ,85.0,28.0,10.0,5.0,44.0,94.0,2.0
2002,UTTAR PRADESH,MAHOBA,57.0,26.0,7.0,22.0,23.0,129.0,2.0
2002,UTTAR PRADESH,MAINPURI,260.0,26.0,55.0,90.0,106.0,288.0,5.0
2002,UTTAR PRADESH,MATHURA,273.0,56.0,49.0,72.0,116.0,631.0,5.0
2002,UTTAR PRADESH,MAU,101.0,44.0,26.0,33.0,97.0,185.0,3.0
2002,UTTAR PRADESH,MEERUT,420.0,82.0,127.0,135.0,117.0,1265.0,5.0
2002,UTTAR PRADESH,MIRZAPUR,94.0,22.0,17.0,17.0,31.0,186.0,2.0
2002,UTTAR PRADESH,MORADABAD,369.0,89.0,77.0,74.0,91.0,796.0,5.0
2002,UTTAR PRADESH,MUZAFFARNAGAR,491.0,64.0,121.0,136.0,116.0,732.0,5.0
2002,UTTAR PRADESH,PILIBHIT,205.0,60.0,51.0,58.0,53.0,347.0,4.0
2002,UTTAR PRADESH,PRATAPGARH,168.0,36.0,25.0,29.0,75.0,245.0,4.0
2002,UTTAR PRADESH,RAIBAREILLY,154.0,81.0,40.0,26.0,83.0,431.0,4.0
2002,UTTAR PRADESH,RAMPUR,179.0,56.0,40.0,37.0,42.0,414.0,4.0
2002,UTTAR PRADESH,SAHARANPUR,212.0,34.0,64.0,48.0,70.0,578.0,4.0
2002,UTTAR PRADESH,SANT KABIRNAGAR,44.0,10.0,12.0,6.0,14.0,83.0,1.0
2002,UTTAR PRADESH,SHAHJAHANPUR,449.0,92.0,89.0,77.0,60.0,538.0,5.0
2002,UTTAR PRADESH,SHRAWASTI,52.0,19.0,6.0,9.0,18.0,120.0,1.0
2002,UTTAR PRADESH,SIDHARTHNAGAR,34.0,25.0,21.0,9.0,18.0,133.0,2.0
2002,UTTAR PRADESH,SITAPUR,354.0,138.0,99.0,90.0,134.0,865.0,5.0
2002,UTTAR PRADESH,SONBHADRA,75.0,13.0,7.0,10.0,17.0,130.0,2.0
2002,UTTAR PRADESH,ST.RAVIDASNAGAR,51.0,1.0,5.0,11.0,19.0,118.0,1.0
2002,UTTAR PRADESH,SULTANPUR,216.0,45.0,34.0,50.0,71.0,438.0,4.0
2002,UTTAR PRADESH,UNNAO,235.0,104.0,63.0,56.0,106.0,377.0,5.0
2002,UTTAR PRADESH,VARANASI,176.0,39.0,52.0,56.0,96.0,812.0,4.0
2002,UTTARAKHAND,ALMORA,34.0,10.0,2.0,16.0,20.0,89.0,1.0
2002,UTTARAKHAND,BAGESHWAR,5.0,5.0,3.0,9.0,0.0,33.0,1.0
2002,UTTARAKHAND,CHAMOLI,23.0,16.0,6.0,8.0,23.0,48.0,1.0
2002,UTTARAKHAND,CHAMPAWAT,10.0,5.0,4.0,1.0,2.0,23.0,1.0
2002,UTTARAKHAND,DEHRADUN,91.0,23.0,62.0,26.0,74.0,589.0,3.0
2002,UTTARAKHAND,HARIDWAR,151.0,64.0,63.0,54.0,122.0,646.0,4.0
2002,UTTARAKHAND,NAINITAL,70.0,16.0,13.0,20.0,37.0,276.0,2.0
2002,UTTARAKHAND,PAURI GARHWAL,38.0,13.0,11.0,15.0,16.0,141.0,2.0
2002,UTTARAKHAND,PITHORAGARH,14.0,10.0,0.0,4.0,12.0,34.0,1.0
2002,UTTARAKHAND,RUDRA PRAYAG,14.0,7.0,1.0,7.0,20.0,29.0,1.0
2002,UTTARAKHAND,TEHRI GARHWAL,18.0,13.0,5.0,3.0,8.0,73.0,1.0
2002,UTTARAKHAND,UDHAMSINGH NAGAR,105.0,38.0,22.0,42.0,31.0,343.0,3.0
2002,UTTARAKHAND,UTTARKASHI,15.0,14.0,6.0,4.0,17.0,52.0,1.0
2002,WEST BENGAL,24 PARGANAS NORTH,306.0,172.0,91.0,70.0,249.0,1980.0,5.0
2002,WEST BENGAL,24 PARGANAS SOUTH,204.0,132.0,67.0,45.0,224.0,1104.0,5.0
2002,WEST BENGAL,ASANSOL,15.0,2.0,3.0,5.0,9.0,56.0,1.0
2002,WEST BENGAL,BANKURA,80.0,41.0,12.0,21.0,66.0,243.0,3.0
2002,WEST BENGAL,BIRBHUM,101.0,86.0,28.0,14.0,162.0,214.0,4.0
2002,WEST BENGAL,BURDWAN,141.0,112.0,48.0,40.0,154.0,582.0,5.0
2002,WEST BENGAL,COOCHBEHAR,38.0,82.0,42.0,14.0,40.0,146.0,3.0
2002,WEST BENGAL,DAKSHIN DINAJPUR,39.0,51.0,26.0,3.0,36.0,96.0,2.0
2002,WEST BENGAL,DARJEELING,85.0,43.0,23.0,34.0,27.0,489.0,3.0
2002,WEST BENGAL,HOOGHLY,108.0,58.0,36.0,18.0,309.0,517.0,5.0
2002,WEST BENGAL,HOWRAH,31.0,15.0,8.0,16.0,72.0,196.0,2.0
2002,WEST BENGAL,HOWRAH G.R.P.,16.0,8.0,1.0,11.0,9.0,318.0,1.0
2002,WEST BENGAL,JALPAIGURI,167.0,92.0,22.0,40.0,59.0,455.0,4.0
2002,WEST BENGAL,KHARAGPUR G.R.P.,6.0,0.0,1.0,9.0,5.0,124.0,1.0
2002,WEST BENGAL,KOLKATA,221.0,193.0,107.0,184.0,242.0,5021.0,5.0
2002,WEST BENGAL,MALDA,117.0,93.0,39.0,11.0,28.0,310.0,3.0
2002,WEST BENGAL,MURSHIDABAD,181.0,120.0,37.0,39.0,133.0,324.0,5.0
2002,WEST BENGAL,NADIA,137.0,169.0,82.0,41.0,232.0,619.0,5.0
2002,WEST BENGAL,PASCHIM MIDNAPUR,148.0,88.0,47.0,40.0,211.0,384.0,5.0
2002,WEST BENGAL,PURAB MIDNAPUR,57.0,35.0,42.0,18.0,138.0,171.0,4.0
2002,WEST BENGAL,PURULIA,49.0,66.0,14.0,21.0,56.0,266.0,2.0
2002,WEST BENGAL,SEALDAH G.R.P.,29.0,1.0,4.0,16.0,10.0,250.0,1.0
2002,WEST BENGAL,SILIGURI G.R.P.,4.0,1.0,1.0,3.0,0.0,90.0,1.0
2002,WEST BENGAL,UTTAR DINAJPUR,81.0,46.0,26.0,15.0,56.0,262.0,3.0
2002,A & N ISLANDS,ANDAMAN,17.0,17.0,2.0,8.0,13.0,108.0,1.0
2002,A & N ISLANDS,NICOBAR,4.0,2.0,0.0,0.0,0.0,5.0,1.0
2002,CHANDIGARH,CHANDIGARH,73.0,54.0,54.0,27.0,83.0,2199.0,3.0
2002,D & N HAVELI,D and N HAVELI,13.0,7.0,9.0,4.0,7.0,135.0,1.0
2002,DAMAN & DIU,DAMAN,8.0,0.0,2.0,1.0,16.0,112.0,1.0
2002,DAMAN & DIU,DIU,3.0,0.0,1.0,2.0,2.0,15.0,1.0
2002,DELHI UT,CENTRAL,68.0,63.0,71.0,40.0,9.0,1688.0,3.0
2002,DELHI UT,DELHI UT TOTAL,1039.0,849.0,1323.0,549.0,196.0,21527.0,5.0
2002,DELHI UT,EAST,94.0,65.0,141.0,44.0,20.0,1787.0,4.0
2002,DELHI UT,G.R.P.(RLY),6.0,3.0,3.0,13.0,0.0,1306.0,1.0
2002,DELHI UT,I.G.I. AIRPORT,5.0,2.0,1.0,2.0,1.0,633.0,1.0
2002,DELHI UT,NEW DELHI,15.0,19.0,20.0,20.0,12.0,1493.0,1.0
2002,DELHI UT,NORTH,74.0,58.0,84.0,50.0,22.0,1516.0,4.0
2002,DELHI UT,NORTH EAST,133.0,66.0,156.0,67.0,15.0,1112.0,5.0
2002,DELHI UT,NORTH WEST,234.0,221.0,430.0,132.0,26.0,2988.0,5.0
2002,DELHI UT,S.T.F.,0.0,0.0,0.0,0.0,0.0,0.0,1.0
2002,DELHI UT,SOUTH,146.0,141.0,163.0,78.0,47.0,4454.0,5.0
2002,DELHI UT,SOUTH WEST,102.0,130.0,126.0,52.0,32.0,2097.0,5.0
2002,DELHI UT,SPL CELL,1.0,0.0,0.0,0.0,0.0,28.0,1.0
2002,DELHI UT,WEST,161.0,81.0,128.0,51.0,12.0,2425.0,5.0
2002,LAKSHADWEEP,LAKSHADWEEP,0.0,2.0,0.0,0.0,20.0,21.0,1.0
2002,PUDUCHERRY,PONDICHERRY,74.0,65.0,10.0,8.0,215.0,697.0,3.0
2003,ANDHRA PRADESH,ADILABAD,183.0,176.0,46.0,32.0,140.0,656.0,4.0
2003,ANDHRA PRADESH,ANANTAPUR,297.0,243.0,60.0,21.0,184.0,665.0,5.0
2003,ANDHRA PRADESH,CHITTOOR,190.0,157.0,90.0,23.0,93.0,1544.0,4.0
2003,ANDHRA PRADESH,CUDDAPAH,106.0,114.0,37.0,13.0,109.0,390.0,3.0
2003,ANDHRA PRADESH,CYBERABAD,260.0,127.0,102.0,70.0,94.0,3288.0,5.0
2003,ANDHRA PRADESH,EAST GODAVARI,153.0,168.0,59.0,21.0,150.0,2066.0,4.0
2003,ANDHRA PRADESH,GUNTAKAL RLY.,4.0,3.0,1.0,5.0,0.0,209.0,1.0
2003,ANDHRA PRADESH,GUNTUR,296.0,274.0,95.0,44.0,193.0,1939.0,5.0
2003,ANDHRA PRADESH,KARIMNAGAR,269.0,450.0,89.0,55.0,228.0,1143.0,5.0
2003,ANDHRA PRADESH,KHAMMAM,139.0,207.0,41.0,14.0,165.0,751.0,4.0
2003,ANDHRA PRADESH,KRISHNA,134.0,231.0,55.0,14.0,98.0,1032.0,4.0
2003,ANDHRA PRADESH,KURNOOL,230.0,259.0,35.0,32.0,122.0,622.0,4.0
2003,ANDHRA PRADESH,MAHABOOBNAGAR,321.0,248.0,46.0,38.0,186.0,858.0,5.0
2003,ANDHRA PRADESH,MEDAK,176.0,158.0,52.0,60.0,144.0,922.0,5.0
2003,ANDHRA PRADESH,NALGONDA,215.0,311.0,49.0,33.0,223.0,704.0,5.0
2003,ANDHRA PRADESH,NELLORE,151.0,231.0,63.0,14.0,134.0,998.0,4.0
2003,ANDHRA PRADESH,NIZAMABAD,159.0,90.0,35.0,39.0,88.0,777.0,4.0
2003,ANDHRA PRADESH,PRAKASHAM,135.0,155.0,42.0,28.0,64.0,612.0,3.0
2003,ANDHRA PRADESH,RANGA REDDY,98.0,85.0,23.0,10.0,67.0,321.0,3.0
2003,ANDHRA PRADESH,SECUNDERABAD RLY.,10.0,0.0,0.0,9.0,6.0,415.0,1.0
2003,ANDHRA PRADESH,SRIKAKULAM,75.0,67.0,8.0,11.0,67.0,365.0,2.0
2003,ANDHRA PRADESH,VIJAYAWADA,92.0,197.0,63.0,66.0,38.0,5163.0,4.0
2003,ANDHRA PRADESH,VIJAYAWADA RLY.,0.0,0.0,0.0,2.0,1.0,366.0,1.0
2003,ANDHRA PRADESH,VISAKHAPATNAM,40.0,20.0,30.0,9.0,4.0,1184.0,2.0
2003,ANDHRA PRADESH,VIZIANAGARAM,47.0,40.0,3.0,9.0,13.0,298.0,1.0
2003,ANDHRA PRADESH,WARANGAL,211.0,283.0,103.0,29.0,276.0,1012.0,5.0
2003,ANDHRA PRADESH,WEST GODAVARI,173.0,489.0,88.0,20.0,126.0,1756.0,5.0
2003,ARUNACHAL PRADESH,CHANGLANG,11.0,4.0,7.0,4.0,4.0,37.0,1.0
2003,ARUNACHAL PRADESH,DIBANG VALLEY,2.0,3.0,1.0,8.0,1.0,31.0,1.0
2003,ARUNACHAL PRADESH,K/KUMEY,5.0,0.0,2.0,2.0,0.0,1.0,1.0
2003,ARUNACHAL PRADESH,KAMENG EAST,4.0,10.0,2.0,5.0,1.0,26.0,1.0
2003,ARUNACHAL PRADESH,KAMENG WEST,8.0,1.0,0.0,3.0,0.0,22.0,1.0
2003,ARUNACHAL PRADESH,LOHIT,16.0,6.0,15.0,6.0,0.0,55.0,1.0
2003,ARUNACHAL PRADESH,PAPUM PARE,11.0,10.0,10.0,22.0,1.0,178.0,1.0
2003,ARUNACHAL PRADESH,SIANG EAST,8.0,13.0,10.0,17.0,1.0,76.0,1.0
2003,ARUNACHAL PRADESH,SIANG UPPER,7.0,1.0,1.0,0.0,0.0,25.0,1.0
2003,ARUNACHAL PRADESH,SIANG WEST,7.0,11.0,5.0,4.0,2.0,83.0,1.0
2003,ARUNACHAL PRADESH,SUBANSIRI LOWER,7.0,3.0,4.0,9.0,2.0,40.0,1.0
2003,ARUNACHAL PRADESH,SUBANSIRI UPPER,5.0,1.0,2.0,9.0,3.0,26.0,1.0
2003,ARUNACHAL PRADESH,TAWANG,0.0,1.0,0.0,1.0,0.0,26.0,1.0
2003,ARUNACHAL PRADESH,TIRAP,6.0,10.0,8.0,7.0,2.0,43.0,1.0
2003,ARUNACHAL PRADESH,UPPER DIBANG VALLEY,3.0,0.0,1.0,0.0,0.0,3.0,1.0
2003,ASSAM,BARPETA,58.0,76.0,76.0,55.0,223.0,266.0,5.0
2003,ASSAM,BONGAIGAON,38.0,37.0,46.0,37.0,76.0,189.0,3.0
2003,ASSAM,C.I.D.,0.0,0.0,1.0,0.0,0.0,5.0,1.0
2003,ASSAM,CACHAR,103.0,188.0,120.0,39.0,477.0,770.0,5.0
2003,ASSAM,DARRANG,94.0,146.0,83.0,48.0,120.0,379.0,4.0
2003,ASSAM,DHEMAJI,38.0,57.0,25.0,16.0,62.0,149.0,3.0
2003,ASSAM,DHUBRI,85.0,155.0,62.0,44.0,484.0,285.0,5.0
2003,ASSAM,DIBRUGARH,151.0,66.0,54.0,80.0,217.0,462.0,5.0
2003,ASSAM,G.R.P.,4.0,1.0,1.0,9.0,7.0,56.0,1.0
2003,ASSAM,GOALPARA,56.0,96.0,51.0,42.0,129.0,200.0,4.0
2003,ASSAM,GOLAGHAT,78.0,93.0,73.0,31.0,43.0,447.0,4.0
2003,ASSAM,HAILAKANDI,43.0,56.0,43.0,11.0,138.0,172.0,3.0
2003,ASSAM,JORHAT,53.0,66.0,28.0,20.0,94.0,295.0,3.0
2003,ASSAM,KAMRUP,42.0,54.0,51.0,34.0,79.0,320.0,3.0
2003,ASSAM,KARBI ANGLONG,79.0,30.0,37.0,22.0,53.0,144.0,3.0
2003,ASSAM,KARIMGANJ,50.0,33.0,47.0,14.0,243.0,213.0,4.0
2003,ASSAM,KOKRAJHAR,70.0,50.0,40.0,12.0,54.0,156.0,3.0
2003,ASSAM,LAKHIMPUR,54.0,120.0,80.0,37.0,109.0,364.0,4.0
2003,ASSAM,MORIGAON,24.0,69.0,49.0,17.0,80.0,173.0,3.0
2003,ASSAM,N.C.HILLS,29.0,2.0,13.0,15.0,29.0,43.0,1.0
2003,ASSAM,NAGAON,131.0,212.0,169.0,104.0,340.0,813.0,5.0
2003,ASSAM,NALBARI,68.0,51.0,64.0,51.0,29.0,231.0,3.0
2003,ASSAM,R.P.O.,2.0,6.0,0.0,4.0,5.0,2.0,1.0
2003,ASSAM,SIBSAGAR,83.0,53.0,76.0,31.0,102.0,424.0,4.0
2003,ASSAM,SONITPUR,127.0,120.0,90.0,48.0,201.0,618.0,5.0
2003,ASSAM,TINSUKIA,82.0,46.0,33.0,47.0,201.0,316.0,4.0
2003,BIHAR,ARARIA,77.0,41.0,56.0,89.0,400.0,289.0,5.0
2003,BIHAR,ARWAL,61.0,3.0,9.0,16.0,74.0,49.0,2.0
2003,BIHAR,AURANGABAD,136.0,24.0,26.0,57.0,158.0,212.0,4.0
2003,BIHAR,BAGAHA,62.0,24.0,40.0,17.0,108.0,160.0,3.0
2003,BIHAR,BANKA,112.0,24.0,25.0,68.0,189.0,159.0,4.0
2003,BIHAR,BEGUSARAI,201.0,19.0,96.0,89.0,216.0,396.0,5.0
2003,BIHAR,BETTIAH,166.0,83.0,89.0,48.0,457.0,290.0,5.0
2003,BIHAR,BHABHUA,154.0,17.0,40.0,58.0,176.0,286.0,4.0
2003,BIHAR,BHAGALPUR,291.0,78.0,98.0,87.0,194.0,622.0,5.0
2003,BIHAR,BHOJPUR,175.0,26.0,48.0,72.0,202.0,441.0,5.0
2003,BIHAR,BUXAR,243.0,18.0,26.0,52.0,124.0,297.0,4.0
2003,BIHAR,DARBHANGA,130.0,87.0,61.0,56.0,279.0,444.0,5.0
2003,BIHAR,GAYA,297.0,67.0,69.0,264.0,356.0,624.0,5.0
2003,BIHAR,GOPALGANJ,149.0,12.0,34.0,36.0,168.0,195.0,4.0
2003,BIHAR,JAMALPUR RLY.,10.0,1.0,4.0,16.0,14.0,144.0,1.0
2003,BIHAR,JAMUI,89.0,36.0,34.0,57.0,125.0,140.0,4.0
2003,BIHAR,JEHANABAD,166.0,9.0,40.0,68.0,97.0,239.0,4.0
2003,BIHAR,KATIHAR,118.0,101.0,68.0,76.0,235.0,357.0,5.0
2003,BIHAR,KATIHAR RLY.,9.0,2.0,10.0,27.0,17.0,275.0,1.0
2003,BIHAR,KHAGARIA,134.0,25.0,77.0,29.0,143.0,127.0,4.0
2003,BIHAR,KISHANGANJ,37.0,19.0,39.0,23.0,128.0,158.0,3.0
2003,BIHAR,LAKHISARAI,84.0,7.0,39.0,33.0,52.0,71.0,3.0
2003,BIHAR,MADHEPURA,82.0,10.0,24.0,49.0,112.0,100.0,3.0
2003,BIHAR,MADHUBANI,318.0,150.0,62.0,61.0,322.0,365.0,5.0
2003,BIHAR,MOTIHARI,190.0,88.0,114.0,89.0,417.0,611.0,5.0
2003,BIHAR,MUNGER,109.0,23.0,47.0,28.0,239.0,236.0,4.0
2003,BIHAR,MUZAFFARPUR,166.0,86.0,160.0,148.0,487.0,1056.0,5.0
2003,BIHAR,MUZAFFARPUR RLY.,28.0,7.0,6.0,26.0,11.0,349.0,1.0
2003,BIHAR,NALANDA,327.0,60.0,58.0,83.0,187.0,339.0,5.0
2003,BIHAR,NAUGACHIA,70.0,13.0,29.0,14.0,87.0,69.0,3.0
2003,BIHAR,NAWADAH,158.0,23.0,53.0,45.0,167.0,138.0,4.0
2003,BIHAR,PATNA,1173.0,83.0,220.0,818.0,553.0,2691.0,5.0
2003,BIHAR,PATNA RLY.,41.0,9.0,5.0,75.0,7.0,780.0,2.0
2003,BIHAR,PURNEA,185.0,61.0,52.0,211.0,195.0,316.0,5.0
2003,BIHAR,ROHTAS,389.0,45.0,87.0,121.0,291.0,498.0,5.0
2003,BIHAR,SAHARSA,118.0,25.0,25.0,38.0,152.0,152.0,4.0
2003,BIHAR,SAMASTIPUR,274.0,31.0,80.0,98.0,331.0,528.0,5.0
2003,BIHAR,SARAN,275.0,49.0,95.0,88.0,269.0,436.0,5.0
2003,BIHAR,SHEIKHPURA,49.0,5.0,21.0,14.0,71.0,99.0,2.0
2003,BIHAR,SHEOHAR,34.0,11.0,11.0,10.0,32.0,41.0,2.0
2003,BIHAR,SITAMARHI,70.0,43.0,82.0,56.0,275.0,316.0,5.0
2003,BIHAR,SIWAN,250.0,49.0,62.0,163.0,201.0,275.0,5.0
2003,BIHAR,SUPAUL,70.0,28.0,21.0,71.0,188.0,136.0,4.0
2003,BIHAR,VAISHALI,332.0,51.0,85.0,40.0,192.0,656.0,5.0
2003,CHHATTISGARH,BALRAMPUR,41.0,53.0,4.0,24.0,23.0,86.0,2.0
2003,CHHATTISGARH,BILASPUR,177.0,214.0,12.0,35.0,133.0,1259.0,4.0
2003,CHHATTISGARH,BIZAPUR,61.0,13.0,2.0,35.0,21.0,20.0,2.0
2003,CHHATTISGARH,DANTEWARA,79.0,26.0,6.0,13.0,18.0,92.0,2.0
2003,CHHATTISGARH,DHAMTARI,21.0,103.0,8.0,4.0,28.0,242.0,2.0
2003,CHHATTISGARH,DURG,108.0,346.0,21.0,46.0,55.0,1388.0,4.0
2003,CHHATTISGARH,GRP RAIPUR,4.0,2.0,2.0,2.0,1.0,204.0,1.0
2003,CHHATTISGARH,JAGDALPUR,88.0,143.0,12.0,23.0,48.0,298.0,3.0
2003,CHHATTISGARH,JANJGIR,53.0,131.0,8.0,20.0,65.0,377.0,3.0
2003,CHHATTISGARH,JASHPUR,56.0,72.0,3.0,23.0,13.0,105.0,2.0
2003,CHHATTISGARH,KABIRDHAM,23.0,83.0,3.0,3.0,31.0,135.0,2.0
2003,CHHATTISGARH,KANKER,69.0,59.0,5.0,30.0,25.0,94.0,2.0
2003,CHHATTISGARH,KORBA,49.0,134.0,7.0,9.0,79.0,577.0,2.0
2003,CHHATTISGARH,KORIYA,54.0,106.0,4.0,11.0,31.0,284.0,2.0
2003,CHHATTISGARH,MAHASAMUND,37.0,69.0,3.0,7.0,24.0,262.0,2.0
2003,CHHATTISGARH,NARAYANPUR,24.0,3.0,1.0,8.0,5.0,21.0,1.0
2003,CHHATTISGARH,RAIGARH,73.0,130.0,15.0,35.0,67.0,494.0,3.0
2003,CHHATTISGARH,RAIPUR,134.0,311.0,41.0,42.0,56.0,1437.0,4.0
2003,CHHATTISGARH,RAJNANDGAON,68.0,127.0,8.0,23.0,45.0,394.0,3.0
2003,CHHATTISGARH,SARGUJA,121.0,254.0,12.0,78.0,86.0,510.0,4.0
2003,GOA,NORTH GOA,33.0,33.0,8.0,17.0,48.0,555.0,2.0
2003,GOA,SOUTH GOA,32.0,17.0,6.0,9.0,17.0,332.0,1.0
2003,GUJARAT,AHMEDABAD COMMR.,161.0,68.0,157.0,396.0,222.0,7024.0,5.0
2003,GUJARAT,AHWA-DANG,7.0,2.0,0.0,3.0,5.0,9.0,1.0
2003,GUJARAT,AMRELI,30.0,30.0,28.0,26.0,35.0,298.0,2.0
2003,GUJARAT,ANAND,51.0,29.0,36.0,29.0,53.0,727.0,2.0
2003,GUJARAT,BHARUCH,52.0,24.0,28.0,42.0,53.0,728.0,2.0
2003,GUJARAT,BHAVNAGAR,93.0,41.0,70.0,54.0,151.0,1128.0,4.0
2003,GUJARAT,DAHOD,50.0,22.0,19.0,95.0,76.0,230.0,3.0
2003,GUJARAT,GANDHINAGAR,35.0,25.0,34.0,69.0,79.0,833.0,3.0
2003,GUJARAT,HIMATNAGAR,55.0,53.0,44.0,44.0,81.0,665.0,3.0
2003,GUJARAT,JAMNAGAR,54.0,30.0,27.0,21.0,69.0,687.0,2.0
2003,GUJARAT,JUNAGADH,72.0,53.0,47.0,51.0,134.0,1039.0,4.0
2003,GUJARAT,KHEDA NORTH,61.0,38.0,49.0,29.0,58.0,672.0,3.0
2003,GUJARAT,KUTCH,54.0,33.0,25.0,41.0,73.0,590.0,2.0
2003,GUJARAT,MEHSANA,68.0,41.0,57.0,66.0,109.0,1094.0,3.0
2003,GUJARAT,NARMADA,14.0,8.0,3.0,4.0,13.0,71.0,1.0
2003,GUJARAT,NAVSARI,33.0,8.0,10.0,11.0,17.0,298.0,1.0
2003,GUJARAT,PALANPUR,59.0,67.0,42.0,50.0,95.0,702.0,3.0
2003,GUJARAT,PANCHMAHAL,54.0,45.0,31.0,60.0,88.0,508.0,3.0
2003,GUJARAT,PATAN,29.0,23.0,15.0,12.0,73.0,419.0,2.0
2003,GUJARAT,PORBANDAR,15.0,8.0,7.0,2.0,16.0,195.0,1.0
2003,GUJARAT,RAJKOT COMMR.,50.0,13.0,34.0,58.0,114.0,1990.0,3.0
2003,GUJARAT,SURAT COMMR.,96.0,42.0,62.0,73.0,71.0,2430.0,4.0
2003,GUJARAT,SURENDRANAGAR,39.0,58.0,32.0,28.0,73.0,553.0,3.0
2003,GUJARAT,VADODARA COMMR.,67.0,25.0,36.0,50.0,215.0,2113.0,4.0
2003,GUJARAT,VALSAD,42.0,12.0,13.0,49.0,46.0,704.0,2.0
2003,GUJARAT,W.RLY,13.0,11.0,4.0,99.0,5.0,1227.0,2.0
2003,HARYANA,AMBALA,45.0,27.0,26.0,15.0,11.0,530.0,2.0
2003,HARYANA,BHIWANI,72.0,32.0,17.0,33.0,105.0,427.0,3.0
2003,HARYANA,FARIDABAD,89.0,70.0,70.0,25.0,144.0,1136.0,4.0
2003,HARYANA,FATEHABAD,38.0,18.0,15.0,6.0,21.0,197.0,2.0
2003,HARYANA,GRP,25.0,1.0,0.0,3.0,9.0,156.0,1.0
2003,HARYANA,GURGAON,101.0,49.0,44.0,46.0,73.0,1251.0,4.0
2003,HARYANA,HISSAR,80.0,51.0,27.0,20.0,34.0,730.0,3.0
2003,HARYANA,JHAJJAR,70.0,41.0,8.0,16.0,53.0,267.0,2.0
2003,HARYANA,JIND,66.0,24.0,11.0,3.0,57.0,258.0,2.0
2003,HARYANA,KAITHAL,36.0,29.0,4.0,15.0,6.0,350.0,2.0
2003,HARYANA,KARNAL,78.0,45.0,22.0,26.0,52.0,648.0,3.0
2003,HARYANA,KURUKSHETRA,48.0,46.0,11.0,18.0,6.0,651.0,2.0
2003,HARYANA,MAHENDRAGARH,29.0,22.0,11.0,6.0,52.0,234.0,2.0
2003,HARYANA,PANCHKULA,19.0,22.0,15.0,8.0,2.0,400.0,1.0
2003,HARYANA,PANIPAT,78.0,55.0,16.0,31.0,27.0,632.0,3.0
2003,HARYANA,REWARI,26.0,33.0,11.0,9.0,43.0,313.0,2.0
2003,HARYANA,ROHTAK,104.0,37.0,21.0,24.0,24.0,644.0,3.0
2003,HARYANA,SIRSA,76.0,32.0,18.0,13.0,25.0,440.0,2.0
2003,HARYANA,SONIPAT,104.0,36.0,26.0,16.0,10.0,473.0,3.0
2003,HARYANA,YAMUNANAGAR,40.0,27.0,15.0,11.0,7.0,321.0,2.0
2003,HIMACHAL PRADESH,BILASPUR,13.0,33.0,12.0,4.0,84.0,115.0,2.0
2003,HIMACHAL PRADESH,CHAMBA,9.0,23.0,14.0,0.0,29.0,155.0,1.0
2003,HIMACHAL PRADESH,G.R.P.,0.0,0.0,0.0,0.0,0.0,0.0,1.0
2003,HIMACHAL PRADESH,HAMIRPUR,9.0,19.0,8.0,0.0,39.0,66.0,1.0
2003,HIMACHAL PRADESH,KANGRA,54.0,36.0,7.0,3.0,139.0,166.0,2.0
2003,HIMACHAL PRADESH,KINNAUR,5.0,8.0,4.0,0.0,9.0,55.0,1.0
2003,HIMACHAL PRADESH,KULLU,17.0,40.0,8.0,4.0,36.0,82.0,2.0
2003,HIMACHAL PRADESH,LAHAUL-SPITI,0.0,2.0,0.0,0.0,1.0,4.0,1.0
2003,HIMACHAL PRADESH,MANDI,19.0,75.0,7.0,0.0,91.0,174.0,2.0
2003,HIMACHAL PRADESH,SHIMLA,33.0,61.0,21.0,4.0,115.0,331.0,2.0
2003,HIMACHAL PRADESH,SIRMAUR,11.0,32.0,15.0,2.0,69.0,80.0,2.0
2003,HIMACHAL PRADESH,SOLAN,22.0,35.0,10.0,2.0,70.0,163.0,2.0
2003,HIMACHAL PRADESH,UNA,12.0,12.0,7.0,8.0,49.0,136.0,1.0
2003,JAMMU & KASHMIR,ANANTNAG,153.0,72.0,81.0,22.0,137.0,259.0,4.0
2003,JAMMU & KASHMIR,AWANTIPORA,12.0,23.0,13.0,7.0,13.0,73.0,1.0
2003,JAMMU & KASHMIR,BARAMULLA,189.0,177.0,90.0,10.0,190.0,396.0,5.0
2003,JAMMU & KASHMIR,BORDER,34.0,17.0,8.0,3.0,31.0,66.0,1.0
2003,JAMMU & KASHMIR,BUDGAM,77.0,80.0,46.0,1.0,95.0,215.0,3.0
2003,JAMMU & KASHMIR,CRIME JAMMU,1.0,0.0,0.0,0.0,0.0,34.0,1.0
2003,JAMMU & KASHMIR,CRIME SRINAGAR,1.0,0.0,0.0,0.0,0.0,80.0,1.0
2003,JAMMU & KASHMIR,DODA,182.0,14.0,19.0,7.0,54.0,88.0,3.0
2003,JAMMU & KASHMIR,GANDERBAL,26.0,90.0,45.0,2.0,107.0,97.0,2.0
2003,JAMMU & KASHMIR,HANDWARA,101.0,26.0,22.0,9.0,62.0,61.0,2.0
2003,JAMMU & KASHMIR,JAMMU,103.0,32.0,57.0,10.0,70.0,694.0,3.0
2003,JAMMU & KASHMIR,KARGIL,0.0,1.0,6.0,0.0,8.0,11.0,1.0
2003,JAMMU & KASHMIR,KATHUA,44.0,21.0,20.0,4.0,63.0,113.0,2.0
2003,JAMMU & KASHMIR,KULGAM,51.0,28.0,50.0,11.0,54.0,81.0,2.0
2003,JAMMU & KASHMIR,KUPWARA,189.0,73.0,35.0,1.0,51.0,96.0,3.0
2003,JAMMU & KASHMIR,LEH,1.0,5.0,1.0,0.0,6.0,6.0,1.0
2003,JAMMU & KASHMIR,POONCH,224.0,23.0,12.0,0.0,46.0,91.0,3.0
2003,JAMMU & KASHMIR,PULWAMA,153.0,48.0,48.0,29.0,152.0,210.0,4.0
2003,JAMMU & KASHMIR,RAJOURI,221.0,36.0,19.0,3.0,71.0,113.0,4.0
2003,JAMMU & KASHMIR,RAMBAN,148.0,18.0,10.0,0.0,43.0,43.0,2.0
2003,JAMMU & KASHMIR,REASI,85.0,10.0,6.0,3.0,7.0,24.0,2.0
2003,JAMMU & KASHMIR,SRINAGAR,153.0,272.0,114.0,53.0,172.0,956.0,5.0
2003,JAMMU & KASHMIR,UDHAMPUR,26.0,18.0,10.0,2.0,63.0,177.0,2.0
2003,JHARKHAND,BOKARO,168.0,80.0,40.0,104.0,190.0,599.0,5.0
2003,JHARKHAND,CHAIBASA,205.0,55.0,21.0,24.0,48.0,149.0,4.0
2003,JHARKHAND,CHATRA,40.0,16.0,7.0,52.0,135.0,108.0,3.0
2003,JHARKHAND,DEOGHAR,100.0,67.0,8.0,44.0,191.0,228.0,4.0
2003,JHARKHAND,DHANBAD,130.0,90.0,55.0,103.0,233.0,850.0,5.0
2003,JHARKHAND,DHANBAD RLY.,10.0,1.0,4.0,74.0,20.0,134.0,2.0
2003,JHARKHAND,DUMKA,202.0,72.0,19.0,18.0,35.0,150.0,4.0
2003,JHARKHAND,GARHWA,56.0,28.0,18.0,51.0,168.0,115.0,3.0
2003,JHARKHAND,GIRIDIH,99.0,87.0,31.0,113.0,152.0,390.0,4.0
2003,JHARKHAND,GODDA,67.0,76.0,25.0,24.0,124.0,202.0,4.0
2003,JHARKHAND,GUMLA,167.0,45.0,14.0,65.0,46.0,113.0,3.0
2003,JHARKHAND,HAZARIBAGH,134.0,97.0,36.0,205.0,299.0,603.0,5.0
2003,JHARKHAND,JAMSHEDPUR,166.0,51.0,37.0,48.0,125.0,650.0,4.0
2003,JHARKHAND,JAMSHEDPUR RLY.,6.0,2.0,2.0,20.0,23.0,93.0,1.0
2003,JHARKHAND,JAMTARA,26.0,41.0,12.0,9.0,36.0,64.0,2.0
2003,JHARKHAND,KODERMA,55.0,8.0,0.0,63.0,107.0,71.0,2.0
2003,JHARKHAND,LATEHAR,60.0,15.0,1.0,68.0,28.0,113.0,2.0
2003,JHARKHAND,LOHARDAGGA,54.0,19.0,7.0,26.0,31.0,55.0,2.0
2003,JHARKHAND,PAKUR,60.0,34.0,12.0,20.0,66.0,88.0,2.0
2003,JHARKHAND,PALAMU,95.0,17.0,14.0,82.0,201.0,154.0,4.0
2003,JHARKHAND,RANCHI,386.0,128.0,70.0,272.0,271.0,1070.0,5.0
2003,JHARKHAND,SAHEBGANJ,107.0,40.0,16.0,17.0,33.0,109.0,3.0
2003,JHARKHAND,SARAIKELA,102.0,45.0,26.0,37.0,33.0,211.0,3.0
2003,JHARKHAND,SIMDEGA,53.0,22.0,12.0,27.0,33.0,48.0,2.0
2003,KARNATAKA,BAGALKOT,84.0,56.0,16.0,8.0,197.0,220.0,3.0
2003,KARNATAKA,BANGALORE COMMR.,497.0,247.0,132.0,357.0,273.0,10857.0,5.0
2003,KARNATAKA,BELGAUM,149.0,56.0,28.0,54.0,261.0,640.0,4.0
2003,KARNATAKA,BELLARY,89.0,72.0,12.0,19.0,232.0,433.0,4.0
2003,KARNATAKA,BIDAR,97.0,51.0,22.0,51.0,171.0,480.0,4.0
2003,KARNATAKA,BIJAPUR,90.0,77.0,18.0,20.0,239.0,246.0,4.0
2003,KARNATAKA,CHAMARAJNAGAR,41.0,43.0,2.0,8.0,95.0,218.0,2.0
2003,KARNATAKA,CHICKMAGALUR,59.0,61.0,14.0,20.0,160.0,536.0,3.0
2003,KARNATAKA,CHITRADURGA,62.0,62.0,15.0,15.0,331.0,357.0,4.0
2003,KARNATAKA,DAKSHIN KANNADA,66.0,26.0,10.0,14.0,216.0,427.0,3.0
2003,KARNATAKA,DAVANAGERE,51.0,72.0,14.0,44.0,277.0,579.0,4.0
2003,KARNATAKA,DHARWAD COMMR.,41.0,6.0,11.0,20.0,80.0,501.0,2.0
2003,KARNATAKA,GADAG,28.0,13.0,4.0,6.0,105.0,137.0,2.0
2003,KARNATAKA,GULBARGA,163.0,164.0,29.0,38.0,396.0,460.0,5.0
2003,KARNATAKA,HASSAN,120.0,94.0,20.0,48.0,225.0,650.0,4.0
2003,KARNATAKA,HAVERI,33.0,36.0,8.0,12.0,239.0,207.0,3.0
2003,KARNATAKA,K.G.F.,33.0,26.0,4.0,14.0,66.0,227.0,2.0
2003,KARNATAKA,KODAGU,56.0,38.0,6.0,11.0,92.0,215.0,2.0
2003,KARNATAKA,KOLAR,122.0,46.0,32.0,23.0,298.0,555.0,4.0
2003,KARNATAKA,KOPPAL,47.0,30.0,5.0,21.0,98.0,143.0,2.0
2003,KARNATAKA,MANDYA,116.0,78.0,8.0,27.0,299.0,518.0,4.0
2003,KARNATAKA,MYSORE COMMR.,48.0,22.0,9.0,52.0,47.0,516.0,2.0
2003,KARNATAKA,RAICHUR,71.0,73.0,16.0,13.0,226.0,334.0,3.0
2003,KARNATAKA,SHIMOGA,91.0,88.0,21.0,26.0,256.0,462.0,4.0
2003,KARNATAKA,TUMKUR,127.0,91.0,24.0,25.0,227.0,705.0,4.0
2003,KARNATAKA,UDUPI,27.0,26.0,9.0,12.0,148.0,251.0,2.0
2003,KARNATAKA,UTTAR KANNADA,45.0,37.0,1.0,9.0,95.0,165.0,2.0
2003,KERALA,ALAPUZHA,60.0,134.0,12.0,43.0,412.0,508.0,4.0
2003,KERALA,CBCID,23.0,1.0,4.0,3.0,11.0,67.0,1.0
2003,KERALA,ERNAKULAM COMMR.,56.0,88.0,11.0,92.0,236.0,1099.0,4.0
2003,KERALA,IDUKKI,42.0,107.0,0.0,17.0,250.0,405.0,3.0
2003,KERALA,KANNUR,57.0,78.0,4.0,21.0,505.0,478.0,5.0
2003,KERALA,KASARGOD,52.0,86.0,9.0,22.0,408.0,383.0,4.0
2003,KERALA,KOLLAM,155.0,370.0,24.0,36.0,770.0,756.0,5.0
2003,KERALA,KOTTAYAM,51.0,166.0,15.0,49.0,330.0,991.0,4.0
2003,KERALA,KOZHIKODE COMMR.,46.0,60.0,7.0,27.0,414.0,1079.0,4.0
2003,KERALA,MALAPPURAM,60.0,99.0,11.0,16.0,455.0,874.0,5.0
2003,KERALA,PALAKKAD,118.0,187.0,12.0,46.0,504.0,739.0,5.0
2003,KERALA,PATHANAMTHITTA,68.0,107.0,0.0,26.0,243.0,346.0,3.0
2003,KERALA,THRISSUR,107.0,186.0,20.0,112.0,660.0,1238.0,5.0
2003,KERALA,TRIVANDRUM COMMR.,79.0,131.0,14.0,127.0,324.0,1072.0,5.0
2003,KERALA,WAYANADU,38.0,70.0,0.0,17.0,267.0,412.0,3.0
2003,MADHYA PRADESH,ANUPPUR,14.0,24.0,1.0,4.0,3.0,105.0,1.0
2003,MADHYA PRADESH,ASHOK NAGAR,51.0,173.0,5.0,11.0,76.0,234.0,2.0
2003,MADHYA PRADESH,BALAGHAT,82.0,195.0,7.0,14.0,49.0,351.0,3.0
2003,MADHYA PRADESH,BARWANI,69.0,126.0,9.0,18.0,45.0,227.0,2.0
2003,MADHYA PRADESH,BETUL,120.0,308.0,24.0,12.0,33.0,446.0,4.0
2003,MADHYA PRADESH,BHIND,165.0,119.0,28.0,43.0,128.0,485.0,4.0
2003,MADHYA PRADESH,BHOPAL,165.0,345.0,55.0,98.0,112.0,2759.0,5.0
2003,MADHYA PRADESH,BHOPAL RLY.,8.0,17.0,1.0,27.0,6.0,1126.0,1.0
2003,MADHYA PRADESH,BURHANPUR,8.0,29.0,0.0,2.0,5.0,62.0,1.0
2003,MADHYA PRADESH,CHHATARPUR,125.0,220.0,11.0,34.0,71.0,377.0,4.0
2003,MADHYA PRADESH,CHHINDWARA,84.0,269.0,14.0,10.0,46.0,374.0,3.0
2003,MADHYA PRADESH,DAMOH,97.0,228.0,18.0,19.0,25.0,270.0,3.0
2003,MADHYA PRADESH,DATIYA,94.0,96.0,13.0,32.0,29.0,250.0,3.0
2003,MADHYA PRADESH,DEWAS,144.0,301.0,34.0,94.0,143.0,1434.0,5.0
2003,MADHYA PRADESH,DHAR,173.0,282.0,27.0,51.0,184.0,814.0,5.0
2003,MADHYA PRADESH,DINDORI,17.0,101.0,2.0,5.0,11.0,116.0,2.0
2003,MADHYA PRADESH,GUNA,77.0,258.0,8.0,21.0,92.0,539.0,4.0
2003,MADHYA PRADESH,GWALIOR,236.0,233.0,81.0,122.0,160.0,2109.0,5.0
2003,MADHYA PRADESH,HARDA,23.0,77.0,1.0,18.0,10.0,128.0,2.0
2003,MADHYA PRADESH,HOSHANGABAD,170.0,197.0,10.0,49.0,41.0,719.0,4.0
2003,MADHYA PRADESH,INDORE,225.0,317.0,61.0,168.0,176.0,4009.0,5.0
2003,MADHYA PRADESH,INDORE RLY.,7.0,3.0,0.0,4.0,3.0,119.0,1.0
2003,MADHYA PRADESH,JABALPUR,223.0,400.0,45.0,99.0,113.0,1896.0,5.0
2003,MADHYA PRADESH,JABALPUR RLY.,4.0,4.0,3.0,16.0,1.0,232.0,1.0
2003,MADHYA PRADESH,JHABUA,235.0,148.0,37.0,23.0,93.0,377.0,4.0
2003,MADHYA PRADESH,KATNI,72.0,174.0,6.0,28.0,36.0,436.0,2.0
2003,MADHYA PRADESH,KHANDWA,61.0,210.0,20.0,11.0,43.0,479.0,3.0
2003,MADHYA PRADESH,KHARGON,80.0,234.0,13.0,23.0,83.0,963.0,3.0
2003,MADHYA PRADESH,MANDLA,53.0,182.0,2.0,5.0,24.0,226.0,2.0
2003,MADHYA PRADESH,MANDSAUR,57.0,171.0,12.0,36.0,73.0,701.0,3.0
2003,MADHYA PRADESH,MORENA,126.0,133.0,32.0,48.0,181.0,735.0,4.0
2003,MADHYA PRADESH,NARSINGHPUR,85.0,174.0,3.0,19.0,43.0,242.0,3.0
2003,MADHYA PRADESH,NEEMUCH,30.0,96.0,9.0,22.0,47.0,589.0,2.0
2003,MADHYA PRADESH,PANNA,53.0,124.0,7.0,15.0,23.0,232.0,2.0
2003,MADHYA PRADESH,RAISEN,85.0,251.0,8.0,17.0,40.0,375.0,3.0
2003,MADHYA PRADESH,RAJGARH,80.0,251.0,9.0,36.0,156.0,561.0,4.0
2003,MADHYA PRADESH,RATLAM,94.0,194.0,14.0,20.0,43.0,671.0,3.0
2003,MADHYA PRADESH,REWA,103.0,151.0,36.0,67.0,75.0,1139.0,4.0
2003,MADHYA PRADESH,SAGAR,168.0,509.0,30.0,32.0,138.0,972.0,5.0
2003,MADHYA PRADESH,SATNA,120.0,246.0,18.0,39.0,55.0,714.0,4.0
2003,MADHYA PRADESH,SEONI,53.0,140.0,1.0,13.0,33.0,215.0,2.0
2003,MADHYA PRADESH,SHAHDOL,89.0,289.0,12.0,31.0,57.0,663.0,3.0
2003,MADHYA PRADESH,SHAJAPUR,85.0,237.0,13.0,46.0,134.0,844.0,4.0
2003,MADHYA PRADESH,SHEOPUR,43.0,70.0,4.0,10.0,39.0,168.0,2.0
2003,MADHYA PRADESH,SHIVPURI,126.0,199.0,47.0,21.0,121.0,432.0,4.0
2003,MADHYA PRADESH,SIDHI,68.0,159.0,26.0,18.0,50.0,676.0,3.0
2003,MADHYA PRADESH,SIHORE,66.0,173.0,6.0,24.0,36.0,524.0,3.0
2003,MADHYA PRADESH,TIKAMGARH,71.0,148.0,15.0,15.0,70.0,338.0,3.0
2003,MADHYA PRADESH,UJJAIN,205.0,231.0,40.0,81.0,135.0,1854.0,5.0
2003,MADHYA PRADESH,UMARIYA,65.0,79.0,0.0,17.0,25.0,188.0,2.0
2003,MADHYA PRADESH,VIDISHA,89.0,291.0,9.0,43.0,182.0,582.0,4.0
2003,MAHARASHTRA,AHMEDNAGAR,141.0,95.0,27.0,119.0,298.0,1194.0,5.0
2003,MAHARASHTRA,AKOLA,86.0,109.0,29.0,55.0,117.0,1110.0,4.0
2003,MAHARASHTRA,AMRAVATI COMMR.,58.0,71.0,15.0,41.0,105.0,1323.0,3.0
2003,MAHARASHTRA,AURANGABAD COMMR.,55.0,33.0,19.0,66.0,137.0,867.0,3.0
2003,MAHARASHTRA,BEED,128.0,83.0,17.0,96.0,371.0,952.0,5.0
2003,MAHARASHTRA,BHANDARA,38.0,95.0,7.0,15.0,103.0,617.0,3.0
2003,MAHARASHTRA,BULDHANA,90.0,145.0,17.0,57.0,253.0,1050.0,4.0
2003,MAHARASHTRA,CHANDRAPUR,70.0,121.0,13.0,37.0,143.0,937.0,3.0
2003,MAHARASHTRA,DHULE,47.0,25.0,5.0,5.0,64.0,356.0,2.0
2003,MAHARASHTRA,GADCHIROLI,90.0,87.0,17.0,16.0,72.0,273.0,3.0
2003,MAHARASHTRA,GONDIA,55.0,118.0,12.0,16.0,42.0,537.0,2.0
2003,MAHARASHTRA,HINGOLI,58.0,50.0,7.0,48.0,132.0,277.0,3.0
2003,MAHARASHTRA,JALGAON,124.0,117.0,20.0,41.0,154.0,915.0,4.0
2003,MAHARASHTRA,JALNA,79.0,61.0,15.0,50.0,174.0,534.0,3.0
2003,MAHARASHTRA,KOLHAPUR,113.0,62.0,18.0,29.0,164.0,1134.0,4.0
2003,MAHARASHTRA,LATUR,90.0,70.0,15.0,38.0,212.0,474.0,4.0
2003,MAHARASHTRA,MUMBAI,365.0,415.0,150.0,269.0,138.0,13913.0,5.0
2003,MAHARASHTRA,MUMBAI RLY.,17.0,20.0,2.0,33.0,9.0,1638.0,1.0
2003,MAHARASHTRA,NAGPUR COMMR.,144.0,62.0,36.0,188.0,179.0,3298.0,5.0
2003,MAHARASHTRA,NAGPUR RLY.,10.0,6.0,2.0,13.0,4.0,948.0,1.0
2003,MAHARASHTRA,NANDED,162.0,111.0,24.0,99.0,292.0,1030.0,5.0
2003,MAHARASHTRA,NANDURBAR,56.0,44.0,10.0,21.0,96.0,255.0,2.0
2003,MAHARASHTRA,NASIK COMMR.,48.0,29.0,14.0,44.0,90.0,1206.0,2.0
2003,MAHARASHTRA,NAVI MUMBAI,69.0,44.0,17.0,59.0,68.0,1297.0,3.0
2003,MAHARASHTRA,OSMANABAD,56.0,49.0,7.0,23.0,168.0,565.0,3.0
2003,MAHARASHTRA,PARBHANI,83.0,62.0,12.0,82.0,156.0,423.0,3.0
2003,MAHARASHTRA,PUNE COMMR.,168.0,101.0,46.0,108.0,538.0,4133.0,5.0
2003,MAHARASHTRA,PUNE RLY.,0.0,4.0,0.0,4.0,3.0,195.0,1.0
2003,MAHARASHTRA,RAIGAD,73.0,67.0,19.0,43.0,143.0,492.0,3.0
2003,MAHARASHTRA,RATNAGIRI,37.0,43.0,5.0,7.0,65.0,393.0,2.0
2003,MAHARASHTRA,SANGLI,107.0,86.0,24.0,28.0,126.0,870.0,4.0
2003,MAHARASHTRA,SATARA,81.0,59.0,14.0,54.0,104.0,829.0,3.0
2003,MAHARASHTRA,SINDHUDURG,19.0,24.0,8.0,12.0,48.0,216.0,2.0
2003,MAHARASHTRA,SOLAPUR COMMR.,39.0,34.0,15.0,54.0,76.0,646.0,2.0
2003,MAHARASHTRA,THANE COMMR.,178.0,117.0,58.0,171.0,248.0,3447.0,5.0
2003,MAHARASHTRA,WARDHA,77.0,106.0,15.0,33.0,101.0,1015.0,3.0
2003,MAHARASHTRA,WASHIM,52.0,75.0,13.0,32.0,108.0,451.0,3.0
2003,MAHARASHTRA,YAVATMAL,157.0,185.0,38.0,29.0,108.0,1044.0,4.0
2003,MANIPUR,BISHNUPUR,65.0,18.0,10.0,0.0,9.0,23.0,1.0
2003,MANIPUR,CHANDEL,23.0,0.0,3.0,1.0,9.0,6.0,1.0
2003,MANIPUR,CHURACHANDPUR,35.0,2.0,4.0,0.0,0.0,20.0,1.0
2003,MANIPUR,IMPHAL(EAST),58.0,5.0,18.0,1.0,23.0,63.0,2.0
2003,MANIPUR,IMPHAL(WEST),64.0,27.0,41.0,3.0,57.0,201.0,2.0
2003,MANIPUR,SENAPATI,32.0,0.0,7.0,2.0,9.0,9.0,1.0
2003,MANIPUR,TAMENGLONG,6.0,0.0,0.0,0.0,1.0,5.0,1.0
2003,MANIPUR,THOUBAL,65.0,9.0,34.0,1.0,9.0,79.0,2.0
2003,MANIPUR,UKHRUL,7.0,1.0,3.0,1.0,3.0,6.0,1.0
2003,MEGHALAYA,GARO HILLS EAST,31.0,1.0,7.0,10.0,8.0,42.0,1.0
2003,MEGHALAYA,GARO HILLS SOUTH,11.0,4.0,3.0,3.0,0.0,10.0,1.0
2003,MEGHALAYA,GARO HILLS WEST,44.0,11.0,18.0,30.0,3.0,49.0,2.0
2003,MEGHALAYA,JAINTIA HILLS,54.0,11.0,0.0,12.0,1.0,58.0,1.0
2003,MEGHALAYA,KHASI HILLS EAST,67.0,17.0,14.0,117.0,5.0,341.0,2.0
2003,MEGHALAYA,KHASI HILLS WEST,26.0,6.0,2.0,17.0,0.0,19.0,1.0
2003,MEGHALAYA,RI-BHOI,19.0,3.0,5.0,27.0,4.0,47.0,1.0
2003,MIZORAM,AIZAWL,39.0,49.0,4.0,15.0,14.0,1027.0,2.0
2003,MIZORAM,CHAMPHAI,8.0,21.0,1.0,2.0,1.0,111.0,1.0
2003,MIZORAM,KOLASIB,8.0,16.0,2.0,6.0,3.0,112.0,1.0
2003,MIZORAM,LAWNGTLAI,9.0,7.0,0.0,1.0,1.0,58.0,1.0
2003,MIZORAM,LUNGLEI,8.0,21.0,0.0,2.0,4.0,275.0,1.0
2003,MIZORAM,MAMIT,4.0,1.0,0.0,0.0,1.0,53.0,1.0
2003,MIZORAM,SAIHA,7.0,15.0,1.0,0.0,2.0,138.0,1.0
2003,MIZORAM,SERCHHIP,2.0,12.0,0.0,0.0,0.0,95.0,1.0
2003,NAGALAND,DIMAPUR,20.0,2.0,12.0,56.0,0.0,96.0,1.0
2003,NAGALAND,KIPHIRE,1.0,1.0,1.0,1.0,0.0,4.0,1.0
2003,NAGALAND,KOHIMA,38.0,9.0,2.0,20.0,0.0,77.0,1.0
2003,NAGALAND,MOKOKCHUNG,12.0,1.0,10.0,6.0,8.0,17.0,1.0
2003,NAGALAND,MON,14.0,2.0,1.0,10.0,0.0,32.0,1.0
2003,NAGALAND,PEREN,6.0,1.0,4.0,2.0,0.0,8.0,1.0
2003,NAGALAND,PHEK,14.0,2.0,6.0,8.0,1.0,13.0,1.0
2003,NAGALAND,TUENSANG,10.0,0.0,0.0,3.0,4.0,22.0,1.0
2003,NAGALAND,WOKHA,11.0,0.0,2.0,3.0,0.0,46.0,1.0
2003,NAGALAND,ZUNHEBOTO,7.0,0.0,0.0,2.0,0.0,15.0,1.0
2003,ODISHA,ANGUL,93.0,131.0,9.0,33.0,102.0,277.0,3.0
2003,ODISHA,BALASORE,72.0,110.0,40.0,57.0,72.0,367.0,4.0
2003,ODISHA,BARAGARH,72.0,100.0,4.0,26.0,96.0,226.0,3.0
2003,ODISHA,BERHAMPUR,46.0,59.0,6.0,54.0,33.0,245.0,2.0
2003,ODISHA,BHADRAK,62.0,74.0,21.0,26.0,67.0,160.0,3.0
2003,ODISHA,BOLANGIR,72.0,120.0,4.0,26.0,110.0,253.0,3.0
2003,ODISHA,BOUDH,20.0,43.0,6.0,9.0,24.0,69.0,1.0
2003,ODISHA,CUTTACK,328.0,59.0,32.0,130.0,79.0,999.0,5.0
2003,ODISHA,DEOGARH,23.0,57.0,11.0,8.0,25.0,64.0,1.0
2003,ODISHA,DHENKANAL,80.0,76.0,9.0,19.0,86.0,153.0,2.0
2003,ODISHA,GAJAPATI,18.0,25.0,5.0,3.0,21.0,47.0,1.0
2003,ODISHA,GANJAM,146.0,202.0,9.0,44.0,110.0,300.0,3.0
2003,ODISHA,JAGATSINGHPUR,56.0,22.0,23.0,32.0,25.0,243.0,2.0
2003,ODISHA,JAJPUR,46.0,35.0,22.0,29.0,53.0,308.0,2.0
2003,ODISHA,JHARSUGUDA,33.0,53.0,8.0,17.0,38.0,160.0,2.0
2003,ODISHA,KALAHANDI,34.0,40.0,9.0,27.0,51.0,206.0,2.0
2003,ODISHA,KANDHAMAL,30.0,119.0,24.0,8.0,24.0,155.0,2.0
2003,ODISHA,KENDRAPARA,67.0,24.0,16.0,10.0,13.0,177.0,2.0
2003,ODISHA,KEONJHAR,113.0,121.0,25.0,37.0,94.0,242.0,4.0
2003,ODISHA,KHURDA,174.0,96.0,47.0,179.0,135.0,1757.0,5.0
2003,ODISHA,KORAPUT,68.0,120.0,23.0,28.0,68.0,296.0,3.0
2003,ODISHA,MALKANGIR,56.0,33.0,5.0,5.0,8.0,72.0,2.0
2003,ODISHA,MAYURBHANJ,126.0,190.0,28.0,40.0,53.0,330.0,4.0
2003,ODISHA,NAYAGARH,64.0,25.0,18.0,21.0,31.0,160.0,2.0
2003,ODISHA,NOWRANGPUR,44.0,70.0,16.0,12.0,61.0,126.0,2.0
2003,ODISHA,NUAPADA,16.0,27.0,4.0,8.0,24.0,77.0,1.0
2003,ODISHA,PURI,174.0,46.0,19.0,46.0,75.0,391.0,4.0
2003,ODISHA,RAYAGADA,45.0,58.0,5.0,13.0,62.0,134.0,2.0
2003,ODISHA,ROURKELA,35.0,41.0,4.0,18.0,9.0,329.0,1.0
2003,ODISHA,SAMBALPUR,78.0,83.0,10.0,48.0,37.0,411.0,2.0
2003,ODISHA,SONEPUR,14.0,48.0,2.0,2.0,21.0,83.0,1.0
2003,ODISHA,SRP(CUTTACK),9.0,10.0,3.0,10.0,1.0,347.0,1.0
2003,ODISHA,SRP(ROURKELA),6.0,4.0,1.0,7.0,1.0,96.0,1.0
2003,ODISHA,SUNDARGARH,126.0,73.0,9.0,21.0,36.0,251.0,3.0
2003,PUNJAB,AMRITSAR,83.0,20.0,38.0,16.0,2.0,490.0,2.0
2003,PUNJAB,BARNALA,42.0,27.0,12.0,3.0,0.0,173.0,1.0
2003,PUNJAB,BATALA,61.0,19.0,12.0,1.0,4.0,189.0,2.0
2003,PUNJAB,BHATINDA,77.0,35.0,16.0,0.0,4.0,519.0,2.0
2003,PUNJAB,FARIDKOT,22.0,18.0,7.0,2.0,3.0,205.0,1.0
2003,PUNJAB,FATEHGARH SAHIB,18.0,11.0,8.0,3.0,0.0,146.0,1.0
2003,PUNJAB,FEROZEPUR,121.0,62.0,20.0,7.0,6.0,580.0,2.0
2003,PUNJAB,G.R.P,14.0,4.0,1.0,2.0,1.0,31.0,1.0
2003,PUNJAB,GURDASPUR,46.0,19.0,5.0,3.0,1.0,118.0,1.0
2003,PUNJAB,HOSHIARPUR,62.0,43.0,27.0,14.0,10.0,322.0,2.0
2003,PUNJAB,JAGRAON,53.0,21.0,10.0,4.0,4.0,165.0,2.0
2003,PUNJAB,JALANDHAR,149.0,60.0,64.0,12.0,4.0,1153.0,4.0
2003,PUNJAB,KAPURTHALA,39.0,14.0,11.0,4.0,1.0,355.0,1.0
2003,PUNJAB,KHANNA,33.0,14.0,10.0,4.0,1.0,151.0,1.0
2003,PUNJAB,LUDHIANA,135.0,110.0,85.0,14.0,9.0,1506.0,4.0
2003,PUNJAB,MAJITHA,65.0,27.0,12.0,0.0,3.0,158.0,2.0
2003,PUNJAB,MANSA,41.0,19.0,7.0,4.0,1.0,144.0,1.0
2003,PUNJAB,MOGA,58.0,25.0,14.0,9.0,1.0,284.0,2.0
2003,PUNJAB,MUKTSAR,43.0,21.0,6.0,6.0,0.0,144.0,1.0
2003,PUNJAB,NAWAN SHAHR,40.0,19.0,15.0,4.0,9.0,230.0,2.0
2003,PUNJAB,PATIALA,88.0,61.0,36.0,9.0,0.0,818.0,3.0
2003,PUNJAB,ROPAR,40.0,24.0,19.0,4.0,3.0,355.0,2.0
2003,PUNJAB,SANGRUR,77.0,33.0,18.0,11.0,4.0,405.0,2.0
2003,PUNJAB,TARN TARAN,57.0,20.0,11.0,2.0,0.0,117.0,2.0
2003,RAJASTHAN,AJMER,111.0,111.0,100.0,49.0,72.0,1455.0,4.0
2003,RAJASTHAN,ALWAR,214.0,164.0,81.0,42.0,51.0,1691.0,5.0
2003,RAJASTHAN,BANSWARA,61.0,142.0,54.0,16.0,290.0,272.0,4.0
2003,RAJASTHAN,BARAN,117.0,225.0,66.0,18.0,68.0,708.0,4.0
2003,RAJASTHAN,BARMER,34.0,88.0,26.0,12.0,44.0,409.0,2.0
2003,RAJASTHAN,BHARATPUR,186.0,96.0,105.0,41.0,44.0,1287.0,5.0
2003,RAJASTHAN,BHILWARA,80.0,153.0,148.0,49.0,182.0,1371.0,5.0
2003,RAJASTHAN,BIKANER,138.0,77.0,41.0,12.0,18.0,708.0,3.0
2003,RAJASTHAN,BUNDI,131.0,194.0,69.0,22.0,88.0,637.0,4.0
2003,RAJASTHAN,CHITTORGARH,104.0,177.0,191.0,41.0,287.0,1269.0,5.0
2003,RAJASTHAN,CHURU,64.0,98.0,29.0,3.0,86.0,585.0,3.0
2003,RAJASTHAN,DAUSA,50.0,37.0,40.0,7.0,99.0,629.0,3.0
2003,RAJASTHAN,DHOLPUR,108.0,56.0,32.0,18.0,86.0,355.0,3.0
2003,RAJASTHAN,DUNGARPUR,52.0,65.0,29.0,9.0,129.0,160.0,3.0
2003,RAJASTHAN,G.R.P.,14.0,12.0,3.0,14.0,2.0,546.0,1.0
2003,RAJASTHAN,GANGANAGAR,202.0,144.0,51.0,11.0,19.0,1196.0,4.0
2003,RAJASTHAN,HANUMANGARH,152.0,149.0,32.0,16.0,51.0,802.0,4.0
2003,RAJASTHAN,JAIPUR,213.0,245.0,226.0,55.0,1513.0,5714.0,5.0
2003,RAJASTHAN,JAISALMER,3.0,19.0,10.0,3.0,21.0,178.0,1.0
2003,RAJASTHAN,JALORE,44.0,78.0,36.0,8.0,38.0,310.0,2.0
2003,RAJASTHAN,JHALAWAR,120.0,191.0,69.0,32.0,184.0,558.0,4.0
2003,RAJASTHAN,JHUNJHUNU,51.0,77.0,47.0,6.0,107.0,536.0,3.0
2003,RAJASTHAN,JODHPUR,112.0,130.0,96.0,25.0,147.0,1972.0,4.0
2003,RAJASTHAN,KARAULI,55.0,114.0,76.0,11.0,49.0,403.0,3.0
2003,RAJASTHAN,KOTA,327.0,181.0,134.0,41.0,78.0,1714.0,5.0
2003,RAJASTHAN,NAGAUR,75.0,147.0,40.0,12.0,38.0,854.0,3.0
2003,RAJASTHAN,PALI,96.0,211.0,80.0,30.0,114.0,771.0,4.0
2003,RAJASTHAN,RAJSAMAND,24.0,44.0,58.0,8.0,139.0,362.0,3.0
2003,RAJASTHAN,SAWAI MADHOPUR,57.0,77.0,42.0,13.0,32.0,581.0,2.0
2003,RAJASTHAN,SIKAR,54.0,59.0,41.0,4.0,188.0,655.0,3.0
2003,RAJASTHAN,SIROHI,56.0,48.0,35.0,10.0,44.0,334.0,2.0
2003,RAJASTHAN,TONK,52.0,56.0,60.0,13.0,192.0,595.0,4.0
2003,RAJASTHAN,UDAIPUR,143.0,100.0,91.0,40.0,336.0,1038.0,5.0
2003,SIKKIM,EAST,12.0,16.0,0.0,3.0,6.0,91.0,1.0
2003,SIKKIM,NORTH,1.0,2.0,0.0,0.0,0.0,5.0,1.0
2003,SIKKIM,SOUTH,5.0,7.0,0.0,1.0,2.0,28.0,1.0
2003,SIKKIM,WEST,6.0,10.0,0.0,1.0,4.0,8.0,1.0
2003,TAMIL NADU,CHENGAI,159.0,117.0,39.0,29.0,99.0,1758.0,4.0
2003,TAMIL NADU,CHENNAI,354.0,128.0,34.0,80.0,44.0,5074.0,5.0
2003,TAMIL NADU,CHENNAI RLY.,1.0,4.0,0.0,17.0,3.0,203.0,1.0
2003,TAMIL NADU,CUDDALORE,151.0,92.0,21.0,24.0,172.0,631.0,4.0
2003,TAMIL NADU,DHARMAPURI,150.0,114.0,41.0,26.0,428.0,539.0,5.0
2003,TAMIL NADU,DINDIGUL,97.0,69.0,23.0,26.0,83.0,647.0,3.0
2003,TAMIL NADU,ERODE,73.0,71.0,46.0,25.0,66.0,915.0,3.0
2003,TAMIL NADU,KANCHIPURAM,110.0,88.0,16.0,6.0,79.0,633.0,3.0
2003,TAMIL NADU,KANYAKUMARI,77.0,33.0,9.0,11.0,48.0,475.0,2.0
2003,TAMIL NADU,KARUR,40.0,8.0,13.0,6.0,25.0,372.0,1.0
2003,TAMIL NADU,NAGAPATTINAM,98.0,55.0,24.0,7.0,67.0,358.0,2.0
2003,TAMIL NADU,NAMAKKAL,55.0,61.0,22.0,9.0,81.0,333.0,2.0
2003,TAMIL NADU,NILGIRIS,35.0,48.0,3.0,3.0,26.0,250.0,1.0
2003,TAMIL NADU,PERAMBALUR,88.0,78.0,36.0,1.0,74.0,283.0,3.0
2003,TAMIL NADU,PUDUKOTTAI,53.0,60.0,21.0,8.0,185.0,280.0,3.0
2003,TAMIL NADU,RAMNATHAPURAM,49.0,59.0,15.0,5.0,183.0,304.0,3.0
2003,TAMIL NADU,SIVAGANGAI,58.0,21.0,25.0,3.0,55.0,337.0,2.0
2003,TAMIL NADU,THANJAVUR,138.0,114.0,53.0,10.0,120.0,624.0,4.0
2003,TAMIL NADU,THENI,82.0,59.0,7.0,16.0,123.0,372.0,3.0
2003,TAMIL NADU,THIRUVALLUR,72.0,84.0,23.0,11.0,164.0,385.0,3.0
2003,TAMIL NADU,THIRUVANNAMALAI,56.0,62.0,26.0,10.0,179.0,533.0,3.0
2003,TAMIL NADU,THIRUVARUR,54.0,80.0,11.0,5.0,100.0,329.0,2.0
2003,TAMIL NADU,THOOTHUGUDI,181.0,97.0,35.0,23.0,245.0,780.0,4.0
2003,TAMIL NADU,TRICHY RLY.,1.0,0.0,0.0,0.0,4.0,52.0,1.0
2003,TAMIL NADU,VELLORE,117.0,63.0,42.0,5.0,108.0,822.0,3.0
2003,TAMIL NADU,VILLUPURAM,134.0,139.0,52.0,16.0,356.0,611.0,5.0
2003,TAMIL NADU,VIRUDHUNAGAR,90.0,104.0,21.0,15.0,88.0,704.0,3.0
2003,TRIPURA,DHALAI,62.0,13.0,36.0,18.0,47.0,33.0,2.0
2003,TRIPURA,NORTH,55.0,74.0,35.0,35.0,40.0,87.0,3.0
2003,TRIPURA,SOUTH,58.0,91.0,18.0,18.0,107.0,108.0,3.0
2003,TRIPURA,WEST,166.0,63.0,57.0,34.0,163.0,243.0,4.0
2003,UTTAR PRADESH,AGRA,276.0,86.0,99.0,82.0,152.0,1132.0,5.0
2003,UTTAR PRADESH,ALIGARH,365.0,51.0,92.0,94.0,176.0,675.0,5.0
2003,UTTAR PRADESH,ALLAHABAD,255.0,33.0,57.0,57.0,98.0,679.0,5.0
2003,UTTAR PRADESH,AMBEDKAR NAGAR,48.0,13.0,15.0,10.0,11.0,112.0,2.0
2003,UTTAR PRADESH,AURAIYA,65.0,15.0,24.0,8.0,8.0,117.0,2.0
2003,UTTAR PRADESH,AZAMGARH,172.0,24.0,26.0,79.0,54.0,283.0,4.0
2003,UTTAR PRADESH,BADAUN,353.0,60.0,73.0,56.0,48.0,307.0,5.0
2003,UTTAR PRADESH,BAGHPAT,118.0,21.0,17.0,35.0,16.0,127.0,2.0
2003,UTTAR PRADESH,BAHRAICH,86.0,13.0,12.0,15.0,19.0,124.0,2.0
2003,UTTAR PRADESH,BALLIA,100.0,10.0,5.0,9.0,44.0,136.0,2.0
2003,UTTAR PRADESH,BALRAMPUR,26.0,4.0,7.0,2.0,6.0,60.0,1.0
2003,UTTAR PRADESH,BANDA,84.0,25.0,10.0,9.0,25.0,142.0,2.0
2003,UTTAR PRADESH,BARABANKI,103.0,23.0,26.0,37.0,17.0,243.0,3.0
2003,UTTAR PRADESH,BAREILLY,356.0,59.0,70.0,60.0,50.0,571.0,5.0
2003,UTTAR PRADESH,BASTI,95.0,14.0,11.0,21.0,38.0,152.0,2.0
2003,UTTAR PRADESH,BIJNOR,133.0,43.0,33.0,32.0,33.0,261.0,3.0
2003,UTTAR PRADESH,BULANDSHAHAR,271.0,39.0,36.0,44.0,34.0,453.0,4.0
2003,UTTAR PRADESH,CHANDOLI,51.0,8.0,5.0,7.0,5.0,98.0,1.0
2003,UTTAR PRADESH,CHITRAKOOT DHAM,44.0,17.0,13.0,3.0,8.0,34.0,2.0
2003,UTTAR PRADESH,DEORIA,103.0,10.0,14.0,17.0,68.0,141.0,3.0
2003,UTTAR PRADESH,ETAH,304.0,37.0,55.0,49.0,33.0,244.0,4.0
2003,UTTAR PRADESH,ETAWAH,97.0,14.0,30.0,21.0,21.0,195.0,2.0
2003,UTTAR PRADESH,FAIZABAD,72.0,16.0,11.0,9.0,15.0,135.0,2.0
2003,UTTAR PRADESH,FATEHGARH,132.0,16.0,17.0,13.0,4.0,136.0,2.0
2003,UTTAR PRADESH,FATEHPUR,139.0,7.0,20.0,15.0,13.0,139.0,2.0
2003,UTTAR PRADESH,FIROZABAD,209.0,45.0,63.0,52.0,52.0,288.0,4.0
2003,UTTAR PRADESH,G.R.P.,35.0,9.0,3.0,61.0,8.0,2549.0,2.0
2003,UTTAR PRADESH,GAUTAMBUDH NAGAR,119.0,23.0,27.0,30.0,29.0,527.0,3.0
2003,UTTAR PRADESH,GHAZIABAD,326.0,33.0,73.0,55.0,30.0,1225.0,5.0
2003,UTTAR PRADESH,GHAZIPUR,103.0,5.0,8.0,12.0,27.0,130.0,2.0
2003,UTTAR PRADESH,GONDA,64.0,8.0,10.0,15.0,27.0,125.0,2.0
2003,UTTAR PRADESH,GORAKHPUR,185.0,35.0,37.0,43.0,78.0,467.0,4.0
2003,UTTAR PRADESH,HAMIRPUR,75.0,25.0,7.0,4.0,7.0,68.0,2.0
2003,UTTAR PRADESH,HARDOI,200.0,54.0,38.0,36.0,36.0,247.0,4.0
2003,UTTAR PRADESH,HATHRAS,137.0,40.0,38.0,71.0,75.0,264.0,4.0
2003,UTTAR PRADESH,J.P.NAGAR,101.0,10.0,20.0,25.0,22.0,169.0,2.0
2003,UTTAR PRADESH,JALAUN,104.0,17.0,23.0,14.0,10.0,116.0,2.0
2003,UTTAR PRADESH,JAUNPUR,96.0,10.0,16.0,24.0,24.0,221.0,2.0
2003,UTTAR PRADESH,JHANSI,91.0,8.0,20.0,22.0,35.0,221.0,2.0
2003,UTTAR PRADESH,KANNAUJ,118.0,18.0,29.0,13.0,12.0,116.0,2.0
2003,UTTAR PRADESH,KANPUR DEHAT,86.0,21.0,26.0,21.0,25.0,151.0,2.0
2003,UTTAR PRADESH,KANPUR NAGAR,332.0,64.0,84.0,74.0,68.0,1185.0,5.0
2003,UTTAR PRADESH,KAUSHAMBI,86.0,24.0,8.0,11.0,15.0,96.0,2.0
2003,UTTAR PRADESH,KHIRI,219.0,58.0,48.0,36.0,37.0,298.0,4.0
2003,UTTAR PRADESH,KUSHI NAGAR,72.0,16.0,18.0,9.0,44.0,150.0,2.0
2003,UTTAR PRADESH,LALITPUR,25.0,9.0,5.0,2.0,11.0,43.0,1.0
2003,UTTAR PRADESH,LUCKNOW,310.0,101.0,118.0,124.0,116.0,2641.0,5.0
2003,UTTAR PRADESH,MAHARAJGANJ,68.0,11.0,13.0,13.0,34.0,95.0,2.0
2003,UTTAR PRADESH,MAHOBA,61.0,15.0,7.0,10.0,13.0,73.0,2.0
2003,UTTAR PRADESH,MAINPURI,224.0,17.0,30.0,40.0,29.0,172.0,4.0
2003,UTTAR PRADESH,MATHURA,216.0,37.0,36.0,50.0,62.0,440.0,4.0
2003,UTTAR PRADESH,MAU,106.0,15.0,11.0,31.0,35.0,180.0,2.0
2003,UTTAR PRADESH,MEERUT,353.0,71.0,85.0,96.0,96.0,975.0,5.0
2003,UTTAR PRADESH,MIRZAPUR,69.0,12.0,11.0,17.0,8.0,138.0,2.0
2003,UTTAR PRADESH,MORADABAD,276.0,68.0,63.0,63.0,41.0,536.0,5.0
2003,UTTAR PRADESH,MUZAFFARNAGAR,339.0,55.0,74.0,107.0,66.0,469.0,5.0
2003,UTTAR PRADESH,PILIBHIT,139.0,30.0,36.0,24.0,22.0,200.0,3.0
2003,UTTAR PRADESH,PRATAPGARH,102.0,16.0,22.0,14.0,34.0,212.0,2.0
2003,UTTAR PRADESH,RAIBAREILLY,145.0,56.0,27.0,23.0,39.0,247.0,3.0
2003,UTTAR PRADESH,RAMPUR,129.0,25.0,24.0,23.0,21.0,225.0,3.0
2003,UTTAR PRADESH,SAHARANPUR,217.0,34.0,63.0,39.0,58.0,450.0,4.0
2003,UTTAR PRADESH,SANT KABIRNAGAR,35.0,5.0,5.0,6.0,21.0,59.0,1.0
2003,UTTAR PRADESH,SHAHJAHANPUR,316.0,34.0,65.0,43.0,12.0,248.0,4.0
2003,UTTAR PRADESH,SHRAWASTI,33.0,5.0,4.0,3.0,3.0,46.0,1.0
2003,UTTAR PRADESH,SIDHARTHNAGAR,33.0,6.0,7.0,5.0,10.0,64.0,1.0
2003,UTTAR PRADESH,SITAPUR,239.0,100.0,58.0,33.0,52.0,406.0,4.0
2003,UTTAR PRADESH,SONBHADRA,46.0,12.0,6.0,7.0,10.0,70.0,1.0
2003,UTTAR PRADESH,ST.RAVIDASNAGAR,33.0,4.0,2.0,8.0,6.0,84.0,1.0
2003,UTTAR PRADESH,SULTANPUR,139.0,28.0,22.0,35.0,16.0,299.0,3.0
2003,UTTAR PRADESH,UNNAO,194.0,51.0,22.0,45.0,33.0,203.0,4.0
2003,UTTAR PRADESH,VARANASI,149.0,11.0,18.0,32.0,43.0,540.0,3.0
2003,UTTARAKHAND,ALMORA,22.0,7.0,1.0,10.0,7.0,91.0,1.0
2003,UTTARAKHAND,BAGESHWAR,15.0,7.0,0.0,8.0,2.0,19.0,1.0
2003,UTTARAKHAND,CHAMOLI,18.0,12.0,3.0,1.0,35.0,52.0,1.0
2003,UTTARAKHAND,CHAMPAWAT,15.0,6.0,3.0,4.0,3.0,27.0,1.0
2003,UTTARAKHAND,DEHRADUN,79.0,29.0,30.0,32.0,62.0,618.0,3.0
2003,UTTARAKHAND,HARIDWAR,129.0,52.0,48.0,41.0,93.0,593.0,4.0
2003,UTTARAKHAND,NAINITAL,62.0,24.0,16.0,20.0,36.0,308.0,2.0
2003,UTTARAKHAND,PAURI GARHWAL,30.0,16.0,14.0,14.0,29.0,131.0,2.0
2003,UTTARAKHAND,PITHORAGARH,17.0,10.0,2.0,6.0,16.0,63.0,1.0
2003,UTTARAKHAND,RUDRA PRAYAG,12.0,4.0,3.0,2.0,19.0,34.0,1.0
2003,UTTARAKHAND,TEHRI GARHWAL,33.0,16.0,4.0,0.0,32.0,78.0,1.0
2003,UTTARAKHAND,UDHAMSINGH NAGAR,93.0,43.0,40.0,45.0,58.0,365.0,3.0
2003,UTTARAKHAND,UTTARKASHI,10.0,17.0,7.0,3.0,33.0,63.0,1.0
2003,WEST BENGAL,24 PARGANAS NORTH,273.0,197.0,119.0,102.0,243.0,2133.0,5.0
2003,WEST BENGAL,24 PARGANAS SOUTH,190.0,194.0,81.0,38.0,257.0,1107.0,5.0
2003,WEST BENGAL,ASANSOL,38.0,27.0,11.0,11.0,37.0,104.0,2.0
2003,WEST BENGAL,BANKURA,65.0,74.0,11.0,20.0,56.0,272.0,3.0
2003,WEST BENGAL,BIRBHUM,89.0,99.0,35.0,20.0,191.0,260.0,4.0
2003,WEST BENGAL,BURDWAN,132.0,112.0,33.0,33.0,179.0,438.0,5.0
2003,WEST BENGAL,COOCHBEHAR,49.0,113.0,40.0,8.0,35.0,160.0,3.0
2003,WEST BENGAL,DAKSHIN DINAJPUR,46.0,71.0,32.0,8.0,20.0,91.0,3.0
2003,WEST BENGAL,DARJEELING,70.0,44.0,26.0,15.0,19.0,487.0,3.0
2003,WEST BENGAL,HOOGHLY,122.0,64.0,34.0,47.0,324.0,677.0,5.0
2003,WEST BENGAL,HOWRAH,46.0,16.0,11.0,13.0,47.0,148.0,2.0
2003,WEST BENGAL,HOWRAH G.R.P.,14.0,5.0,3.0,10.0,13.0,296.0,1.0
2003,WEST BENGAL,JALPAIGURI,196.0,135.0,29.0,29.0,61.0,507.0,4.0
2003,WEST BENGAL,KHARAGPUR G.R.P.,3.0,0.0,0.0,12.0,3.0,110.0,1.0
2003,WEST BENGAL,KOLKATA,188.0,221.0,108.0,206.0,200.0,5040.0,5.0
2003,WEST BENGAL,MALDA,117.0,124.0,24.0,23.0,46.0,276.0,3.0
2003,WEST BENGAL,MURSHIDABAD,174.0,237.0,91.0,27.0,180.0,416.0,5.0
2003,WEST BENGAL,NADIA,100.0,204.0,59.0,30.0,205.0,674.0,5.0
2003,WEST BENGAL,PASCHIM MIDNAPUR,162.0,81.0,45.0,66.0,256.0,441.0,5.0
2003,WEST BENGAL,PURAB MIDNAPUR,55.0,44.0,52.0,17.0,192.0,148.0,4.0
2003,WEST BENGAL,PURULIA,56.0,59.0,16.0,27.0,36.0,186.0,2.0
2003,WEST BENGAL,SEALDAH G.R.P.,28.0,2.0,3.0,12.0,2.0,213.0,1.0
2003,WEST BENGAL,SILIGURI G.R.P.,6.0,1.0,2.0,4.0,7.0,90.0,1.0
2003,WEST BENGAL,UTTAR DINAJPUR,55.0,47.0,25.0,11.0,44.0,235.0,2.0
2003,A & N ISLANDS,ANDAMAN,21.0,11.0,2.0,8.0,26.0,128.0,1.0
2003,A & N ISLANDS,NICOBAR,5.0,0.0,0.0,1.0,1.0,4.0,1.0
2003,CHANDIGARH,CHANDIGARH,38.0,29.0,32.0,15.0,50.0,1683.0,2.0
2003,D & N HAVELI,D and N HAVELI,16.0,5.0,7.0,10.0,21.0,123.0,1.0
2003,DAMAN & DIU,DAMAN,9.0,7.0,1.0,5.0,30.0,96.0,1.0
2003,DAMAN & DIU,DIU,0.0,1.0,0.0,0.0,2.0,7.0,1.0
2003,DELHI UT,CENTRAL,55.0,49.0,63.0,16.0,4.0,1478.0,3.0
2003,DELHI UT,DELHI UT TOTAL,957.0,979.0,1156.0,469.0,140.0,19952.0,5.0
2003,DELHI UT,EAST,88.0,110.0,158.0,43.0,12.0,2098.0,4.0
2003,DELHI UT,G.R.P.(RLY),14.0,4.0,6.0,14.0,6.0,1041.0,1.0
2003,DELHI UT,I.G.I. AIRPORT,4.0,5.0,2.0,4.0,3.0,566.0,1.0
2003,DELHI UT,NEW DELHI,13.0,28.0,24.0,17.0,7.0,1184.0,1.0
2003,DELHI UT,NORTH,67.0,50.0,63.0,36.0,16.0,1196.0,3.0
2003,DELHI UT,NORTH EAST,123.0,94.0,182.0,60.0,4.0,1048.0,5.0
2003,DELHI UT,NORTH WEST,219.0,230.0,301.0,99.0,17.0,2795.0,5.0
2003,DELHI UT,S.T.F.,2.0,0.0,0.0,0.0,0.0,43.0,1.0
2003,DELHI UT,SOUTH,148.0,172.0,134.0,61.0,27.0,4111.0,5.0
2003,DELHI UT,SOUTH WEST,95.0,109.0,118.0,63.0,33.0,1968.0,4.0
2003,DELHI UT,WEST,129.0,128.0,105.0,56.0,11.0,2424.0,4.0
2003,LAKSHADWEEP,LAKSHADWEEP,0.0,3.0,0.0,0.0,6.0,14.0,1.0
2003,PUDUCHERRY,PONDICHERRY,61.0,58.0,18.0,13.0,177.0,737.0,3.0
2004,ANDHRA PRADESH,ADILABAD,207.0,185.0,48.0,13.0,118.0,619.0,4.0
2004,ANDHRA PRADESH,ANANTAPUR,236.0,216.0,51.0,43.0,194.0,793.0,5.0
2004,ANDHRA PRADESH,CHITTOOR,158.0,144.0,69.0,25.0,112.0,1685.0,4.0
2004,ANDHRA PRADESH,CUDDAPAH,154.0,132.0,39.0,8.0,111.0,522.0,4.0
2004,ANDHRA PRADESH,CYBERABAD,227.0,146.0,69.0,55.0,53.0,3314.0,5.0
2004,ANDHRA PRADESH,EAST GODAVARI,198.0,143.0,47.0,20.0,128.0,1835.0,4.0
2004,ANDHRA PRADESH,GUNTAKAL RLY.,9.0,1.0,0.0,2.0,0.0,179.0,1.0
2004,ANDHRA PRADESH,GUNTUR,259.0,232.0,88.0,41.0,191.0,2277.0,5.0
2004,ANDHRA PRADESH,KARIMNAGAR,225.0,455.0,124.0,32.0,248.0,1275.0,5.0
2004,ANDHRA PRADESH,KHAMMAM,164.0,219.0,70.0,29.0,167.0,927.0,5.0
2004,ANDHRA PRADESH,KRISHNA,118.0,215.0,28.0,17.0,84.0,1107.0,3.0
2004,ANDHRA PRADESH,KURNOOL,211.0,271.0,46.0,20.0,173.0,750.0,4.0
2004,ANDHRA PRADESH,MAHABOOBNAGAR,293.0,220.0,63.0,51.0,211.0,916.0,5.0
2004,ANDHRA PRADESH,MEDAK,173.0,138.0,49.0,29.0,108.0,934.0,4.0
2004,ANDHRA PRADESH,NALGONDA,182.0,246.0,72.0,30.0,184.0,788.0,5.0
2004,ANDHRA PRADESH,NELLORE,355.0,280.0,72.0,89.0,325.0,1625.0,5.0
2004,ANDHRA PRADESH,NIZAMABAD,177.0,98.0,56.0,43.0,121.0,903.0,4.0
2004,ANDHRA PRADESH,PRAKASHAM,200.0,149.0,44.0,30.0,72.0,596.0,4.0
2004,ANDHRA PRADESH,RANGA REDDY,118.0,74.0,26.0,11.0,102.0,421.0,3.0
2004,ANDHRA PRADESH,SECUNDERABAD RLY.,12.0,1.0,0.0,0.0,2.0,370.0,1.0
2004,ANDHRA PRADESH,SRIKAKULAM,70.0,73.0,15.0,5.0,31.0,407.0,2.0
2004,ANDHRA PRADESH,VIJAYAWADA,90.0,151.0,76.0,33.0,29.0,3385.0,3.0
2004,ANDHRA PRADESH,VIJAYAWADA RLY.,2.0,6.0,0.0,1.0,7.0,294.0,1.0
2004,ANDHRA PRADESH,VISAKHAPATNAM,57.0,36.0,27.0,13.0,11.0,1408.0,2.0
2004,ANDHRA PRADESH,VIZIANAGARAM,61.0,67.0,8.0,12.0,15.0,380.0,2.0
2004,ANDHRA PRADESH,WARANGAL,185.0,281.0,125.0,40.0,304.0,1431.0,5.0
2004,ANDHRA PRADESH,WEST GODAVARI,183.0,382.0,66.0,13.0,97.0,2019.0,5.0
2004,ARUNACHAL PRADESH,CHANGLANG,12.0,10.0,7.0,8.0,7.0,44.0,1.0
2004,ARUNACHAL PRADESH,DIBANG VALLEY,11.0,3.0,3.0,4.0,13.0,30.0,1.0
2004,ARUNACHAL PRADESH,K/KUMEY,5.0,0.0,1.0,2.0,1.0,8.0,1.0
2004,ARUNACHAL PRADESH,KAMENG EAST,5.0,4.0,2.0,0.0,4.0,31.0,1.0
2004,ARUNACHAL PRADESH,KAMENG WEST,3.0,3.0,4.0,5.0,1.0,32.0,1.0
2004,ARUNACHAL PRADESH,LOHIT,12.0,13.0,7.0,9.0,2.0,42.0,1.0
2004,ARUNACHAL PRADESH,PAPUM PARE,11.0,12.0,8.0,13.0,2.0,202.0,1.0
2004,ARUNACHAL PRADESH,SIANG EAST,3.0,22.0,14.0,9.0,18.0,70.0,1.0
2004,ARUNACHAL PRADESH,SIANG UPPER,5.0,3.0,0.0,0.0,1.0,20.0,1.0
2004,ARUNACHAL PRADESH,SIANG WEST,11.0,14.0,10.0,9.0,29.0,76.0,1.0
2004,ARUNACHAL PRADESH,SUBANSIRI LOWER,10.0,1.0,1.0,5.0,1.0,21.0,1.0
2004,ARUNACHAL PRADESH,SUBANSIRI UPPER,16.0,3.0,4.0,8.0,3.0,29.0,1.0
2004,ARUNACHAL PRADESH,TAWANG,2.0,13.0,0.0,0.0,2.0,17.0,1.0
2004,ARUNACHAL PRADESH,TIRAP,4.0,2.0,4.0,3.0,0.0,36.0,1.0
2004,ARUNACHAL PRADESH,UPPER DIBANG VALLEY,3.0,0.0,0.0,0.0,0.0,5.0,1.0
2004,ASSAM,BARPETA,55.0,75.0,74.0,49.0,253.0,377.0,5.0
2004,ASSAM,BONGAIGAON,38.0,53.0,52.0,20.0,94.0,213.0,3.0
2004,ASSAM,C.I.D.,0.0,0.0,0.0,0.0,0.0,5.0,1.0
2004,ASSAM,CACHAR,79.0,160.0,112.0,36.0,430.0,787.0,5.0
2004,ASSAM,DARRANG,86.0,110.0,59.0,64.0,122.0,428.0,4.0
2004,ASSAM,DHEMAJI,34.0,86.0,53.0,7.0,32.0,184.0,3.0
2004,ASSAM,DHUBRI,69.0,189.0,75.0,32.0,569.0,320.0,5.0
2004,ASSAM,DIBRUGARH,147.0,108.0,88.0,21.0,84.0,503.0,4.0
2004,ASSAM,G.R.P.,17.0,4.0,3.0,20.0,7.0,182.0,1.0
2004,ASSAM,GOALPARA,35.0,58.0,53.0,25.0,33.0,201.0,3.0
2004,ASSAM,GOLAGHAT,91.0,93.0,91.0,48.0,27.0,458.0,4.0
2004,ASSAM,HAILAKANDI,44.0,22.0,32.0,7.0,131.0,123.0,3.0
2004,ASSAM,JORHAT,46.0,64.0,34.0,14.0,65.0,241.0,3.0
2004,ASSAM,KAMRUP,34.0,85.0,193.0,74.0,425.0,595.0,5.0
2004,ASSAM,KARBI ANGLONG,62.0,22.0,20.0,35.0,48.0,127.0,2.0
2004,ASSAM,KARIMGANJ,69.0,36.0,36.0,8.0,213.0,185.0,4.0
2004,ASSAM,KOKRAJHAR,87.0,74.0,31.0,20.0,67.0,185.0,3.0
2004,ASSAM,LAKHIMPUR,53.0,102.0,97.0,23.0,98.0,346.0,4.0
2004,ASSAM,MORIGAON,19.0,48.0,43.0,7.0,78.0,135.0,3.0
2004,ASSAM,N.C.HILLS,17.0,4.0,9.0,8.0,5.0,71.0,1.0
2004,ASSAM,NAGAON,124.0,160.0,139.0,93.0,377.0,773.0,5.0
2004,ASSAM,NALBARI,63.0,77.0,61.0,27.0,25.0,240.0,3.0
2004,ASSAM,R.P.O.,6.0,7.0,0.0,8.0,20.0,23.0,1.0
2004,ASSAM,SIBSAGAR,68.0,61.0,81.0,11.0,80.0,375.0,4.0
2004,ASSAM,SONITPUR,119.0,147.0,108.0,56.0,164.0,660.0,5.0
2004,ASSAM,TINSUKIA,150.0,76.0,67.0,54.0,30.0,466.0,4.0
2004,BIHAR,ARARIA,137.0,47.0,84.0,94.0,353.0,353.0,5.0
2004,BIHAR,ARWAL,44.0,2.0,9.0,32.0,31.0,66.0,2.0
2004,BIHAR,AURANGABAD,77.0,18.0,31.0,87.0,235.0,317.0,4.0
2004,BIHAR,BAGAHA,144.0,35.0,88.0,22.0,163.0,134.0,4.0
2004,BIHAR,BANKA,87.0,49.0,40.0,70.0,186.0,197.0,4.0
2004,BIHAR,BEGUSARAI,216.0,28.0,123.0,102.0,216.0,543.0,5.0
2004,BIHAR,BETTIAH,179.0,137.0,226.0,75.0,700.0,821.0,5.0
2004,BIHAR,BHABHUA,76.0,28.0,47.0,41.0,200.0,318.0,4.0
2004,BIHAR,BHAGALPUR,227.0,76.0,95.0,86.0,259.0,710.0,5.0
2004,BIHAR,BHOJPUR,322.0,51.0,30.0,100.0,280.0,443.0,5.0
2004,BIHAR,BUXAR,137.0,26.0,51.0,77.0,243.0,446.0,5.0
2004,BIHAR,DARBHANGA,86.0,59.0,60.0,81.0,436.0,337.0,5.0
2004,BIHAR,GAYA,356.0,61.0,70.0,272.0,427.0,633.0,5.0
2004,BIHAR,GOPALGANJ,217.0,44.0,78.0,90.0,193.0,377.0,5.0
2004,BIHAR,JAMALPUR RLY.,16.0,1.0,1.0,29.0,5.0,183.0,1.0
2004,BIHAR,JAMUI,153.0,60.0,71.0,57.0,165.0,169.0,5.0
2004,BIHAR,JEHANABAD,120.0,25.0,38.0,66.0,110.0,230.0,4.0
2004,BIHAR,KATIHAR,100.0,88.0,71.0,53.0,190.0,296.0,5.0
2004,BIHAR,KATIHAR RLY.,10.0,3.0,5.0,30.0,7.0,246.0,1.0
2004,BIHAR,KHAGARIA,143.0,28.0,43.0,59.0,216.0,154.0,4.0
2004,BIHAR,KISHANGANJ,46.0,57.0,80.0,23.0,112.0,206.0,4.0
2004,BIHAR,LAKHISARAI,154.0,17.0,50.0,47.0,93.0,122.0,4.0
2004,BIHAR,MADHEPURA,85.0,15.0,23.0,59.0,147.0,111.0,3.0
2004,BIHAR,MADHUBANI,151.0,182.0,69.0,100.0,340.0,318.0,5.0
2004,BIHAR,MOTIHARI,197.0,44.0,129.0,101.0,391.0,720.0,5.0
2004,BIHAR,MUNGER,95.0,23.0,43.0,37.0,239.0,253.0,4.0
2004,BIHAR,MUZAFFARPUR,215.0,177.0,300.0,198.0,865.0,1405.0,5.0
2004,BIHAR,MUZAFFARPUR RLY.,24.0,3.0,10.0,26.0,18.0,436.0,1.0
2004,BIHAR,NALANDA,374.0,86.0,144.0,95.0,223.0,561.0,5.0
2004,BIHAR,NAUGACHIA,88.0,8.0,27.0,49.0,120.0,89.0,3.0
2004,BIHAR,NAWADAH,186.0,42.0,67.0,68.0,258.0,173.0,5.0
2004,BIHAR,PATNA,776.0,74.0,270.0,874.0,614.0,2639.0,5.0
2004,BIHAR,PATNA RLY.,39.0,15.0,5.0,59.0,13.0,774.0,2.0
2004,BIHAR,PURNEA,175.0,65.0,76.0,216.0,215.0,338.0,5.0
2004,BIHAR,ROHTAS,355.0,50.0,44.0,70.0,204.0,450.0,5.0
2004,BIHAR,SAHARSA,151.0,60.0,47.0,58.0,227.0,214.0,4.0
2004,BIHAR,SAMASTIPUR,284.0,37.0,123.0,75.0,331.0,482.0,5.0
2004,BIHAR,SARAN,210.0,29.0,159.0,159.0,361.0,575.0,5.0
2004,BIHAR,SHEIKHPURA,84.0,17.0,20.0,15.0,101.0,103.0,3.0
2004,BIHAR,SHEOHAR,41.0,22.0,8.0,20.0,50.0,50.0,2.0
2004,BIHAR,SITAMARHI,108.0,79.0,112.0,50.0,225.0,434.0,5.0
2004,BIHAR,SIWAN,191.0,13.0,104.0,200.0,244.0,314.0,5.0
2004,BIHAR,SUPAUL,88.0,45.0,25.0,102.0,255.0,197.0,4.0
2004,BIHAR,VAISHALI,259.0,68.0,217.0,81.0,239.0,816.0,5.0
2004,CHHATTISGARH,BALRAMPUR,61.0,59.0,6.0,32.0,27.0,63.0,2.0
2004,CHHATTISGARH,BILASPUR,139.0,240.0,21.0,38.0,198.0,1345.0,4.0
2004,CHHATTISGARH,BIZAPUR,83.0,13.0,1.0,14.0,23.0,21.0,2.0
2004,CHHATTISGARH,DANTEWARA,121.0,19.0,8.0,4.0,18.0,120.0,2.0
2004,CHHATTISGARH,DHAMTARI,26.0,101.0,5.0,3.0,17.0,202.0,2.0
2004,CHHATTISGARH,DURG,113.0,377.0,41.0,52.0,84.0,1481.0,5.0
2004,CHHATTISGARH,GRP RAIPUR,9.0,4.0,2.0,5.0,3.0,235.0,1.0
2004,CHHATTISGARH,JAGDALPUR,96.0,151.0,20.0,26.0,51.0,392.0,3.0
2004,CHHATTISGARH,JANJGIR,95.0,134.0,8.0,29.0,88.0,514.0,3.0
2004,CHHATTISGARH,JASHPUR,60.0,116.0,4.0,23.0,22.0,160.0,2.0
2004,CHHATTISGARH,KABIRDHAM,27.0,92.0,7.0,1.0,24.0,199.0,2.0
2004,CHHATTISGARH,KANKER,93.0,65.0,12.0,37.0,39.0,133.0,2.0
2004,CHHATTISGARH,KORBA,65.0,83.0,6.0,13.0,42.0,519.0,2.0
2004,CHHATTISGARH,KORIYA,51.0,159.0,4.0,18.0,31.0,318.0,2.0
2004,CHHATTISGARH,MAHASAMUND,34.0,89.0,3.0,11.0,29.0,308.0,2.0
2004,CHHATTISGARH,NARAYANPUR,47.0,3.0,1.0,12.0,8.0,31.0,1.0
2004,CHHATTISGARH,RAIGARH,80.0,123.0,17.0,37.0,58.0,562.0,3.0
2004,CHHATTISGARH,RAIPUR,147.0,396.0,31.0,48.0,101.0,1581.0,5.0
2004,CHHATTISGARH,RAJNANDGAON,65.0,135.0,4.0,14.0,29.0,430.0,3.0
2004,CHHATTISGARH,SARGUJA,159.0,271.0,13.0,52.0,140.0,645.0,5.0
2004,GOA,NORTH GOA,29.0,29.0,3.0,15.0,23.0,503.0,1.0
2004,GOA,SOUTH GOA,22.0,31.0,10.0,8.0,17.0,371.0,2.0
2004,GUJARAT,AHMEDABAD COMMR.,159.0,103.0,215.0,304.0,172.0,7250.0,5.0
2004,GUJARAT,AHWA-DANG,4.0,5.0,0.0,1.0,5.0,13.0,1.0
2004,GUJARAT,AMRELI,43.0,31.0,26.0,15.0,56.0,320.0,2.0
2004,GUJARAT,ANAND,35.0,36.0,41.0,29.0,39.0,600.0,2.0
2004,GUJARAT,BHARUCH,46.0,41.0,21.0,18.0,71.0,621.0,2.0
2004,GUJARAT,BHAVNAGAR,74.0,63.0,71.0,107.0,173.0,1248.0,4.0
2004,GUJARAT,DAHOD,55.0,35.0,28.0,94.0,66.0,274.0,3.0
2004,GUJARAT,GANDHINAGAR,39.0,24.0,15.0,33.0,39.0,611.0,2.0
2004,GUJARAT,HIMATNAGAR,55.0,71.0,47.0,40.0,75.0,562.0,3.0
2004,GUJARAT,JAMNAGAR,58.0,34.0,32.0,28.0,55.0,613.0,2.0
2004,GUJARAT,JUNAGADH,71.0,58.0,57.0,56.0,114.0,869.0,4.0
2004,GUJARAT,KHEDA NORTH,65.0,35.0,24.0,32.0,55.0,626.0,2.0
2004,GUJARAT,KUTCH,48.0,39.0,37.0,42.0,59.0,755.0,3.0
2004,GUJARAT,MEHSANA,67.0,29.0,54.0,63.0,108.0,988.0,3.0
2004,GUJARAT,NARMADA,18.0,8.0,8.0,6.0,16.0,63.0,1.0
2004,GUJARAT,NAVSARI,28.0,10.0,7.0,11.0,12.0,269.0,1.0
2004,GUJARAT,PALANPUR,59.0,54.0,37.0,38.0,94.0,600.0,3.0
2004,GUJARAT,PANCHMAHAL,64.0,40.0,28.0,54.0,67.0,597.0,3.0
2004,GUJARAT,PATAN,35.0,25.0,29.0,9.0,47.0,380.0,2.0
2004,GUJARAT,PORBANDAR,20.0,6.0,7.0,7.0,19.0,190.0,1.0
2004,GUJARAT,RAJKOT COMMR.,53.0,19.0,39.0,30.0,80.0,1646.0,3.0
2004,GUJARAT,SURAT COMMR.,87.0,45.0,72.0,92.0,71.0,2046.0,4.0
2004,GUJARAT,SURENDRANAGAR,50.0,48.0,27.0,21.0,57.0,514.0,2.0
2004,GUJARAT,VADODARA COMMR.,61.0,16.0,44.0,54.0,180.0,2258.0,4.0
2004,GUJARAT,VALSAD,49.0,21.0,22.0,47.0,45.0,655.0,2.0
2004,GUJARAT,W.RLY,17.0,12.0,3.0,115.0,12.0,1320.0,2.0
2004,HARYANA,AMBALA,43.0,35.0,22.0,10.0,7.0,577.0,2.0
2004,HARYANA,BHIWANI,78.0,47.0,19.0,18.0,135.0,618.0,3.0
2004,HARYANA,FARIDABAD,104.0,87.0,66.0,27.0,160.0,1167.0,4.0
2004,HARYANA,FATEHABAD,41.0,26.0,17.0,2.0,20.0,274.0,2.0
2004,HARYANA,GRP,31.0,5.0,3.0,3.0,3.0,184.0,1.0
2004,HARYANA,GURGAON,112.0,57.0,55.0,49.0,74.0,1417.0,4.0
2004,HARYANA,HISSAR,102.0,34.0,43.0,22.0,35.0,760.0,3.0
2004,HARYANA,JHAJJAR,69.0,28.0,11.0,13.0,53.0,318.0,2.0
2004,HARYANA,JIND,61.0,9.0,9.0,4.0,51.0,265.0,2.0
2004,HARYANA,KAITHAL,43.0,31.0,13.0,9.0,8.0,366.0,2.0
2004,HARYANA,KARNAL,71.0,54.0,15.0,23.0,38.0,665.0,3.0
2004,HARYANA,KURUKSHETRA,42.0,49.0,11.0,14.0,5.0,788.0,2.0
2004,HARYANA,MAHENDRAGARH,26.0,38.0,13.0,4.0,57.0,208.0,2.0
2004,HARYANA,PANCHKULA,12.0,59.0,6.0,2.0,1.0,370.0,1.0
2004,HARYANA,PANIPAT,65.0,52.0,19.0,19.0,28.0,623.0,2.0
2004,HARYANA,REWARI,31.0,40.0,24.0,12.0,39.0,354.0,2.0
2004,HARYANA,ROHTAK,106.0,43.0,19.0,16.0,40.0,657.0,3.0
2004,HARYANA,SIRSA,56.0,34.0,16.0,13.0,20.0,462.0,2.0
2004,HARYANA,SONIPAT,105.0,35.0,25.0,23.0,13.0,589.0,3.0
2004,HARYANA,YAMUNANAGAR,41.0,26.0,17.0,13.0,7.0,305.0,2.0
2004,HIMACHAL PRADESH,BILASPUR,20.0,38.0,8.0,4.0,63.0,114.0,2.0
2004,HIMACHAL PRADESH,CHAMBA,14.0,36.0,22.0,0.0,12.0,172.0,1.0
2004,HIMACHAL PRADESH,G.R.P.,0.0,0.0,0.0,0.0,0.0,2.0,1.0
2004,HIMACHAL PRADESH,HAMIRPUR,18.0,29.0,10.0,0.0,37.0,97.0,1.0
2004,HIMACHAL PRADESH,KANGRA,36.0,49.0,15.0,1.0,137.0,211.0,2.0
2004,HIMACHAL PRADESH,KINNAUR,4.0,12.0,3.0,0.0,6.0,52.0,1.0
2004,HIMACHAL PRADESH,KULLU,13.0,24.0,13.0,7.0,46.0,103.0,2.0
2004,HIMACHAL PRADESH,LAHAUL-SPITI,2.0,0.0,0.0,0.0,2.0,5.0,1.0
2004,HIMACHAL PRADESH,MANDI,27.0,71.0,7.0,2.0,74.0,196.0,2.0
2004,HIMACHAL PRADESH,SHIMLA,22.0,77.0,16.0,6.0,124.0,367.0,3.0
2004,HIMACHAL PRADESH,SIRMAUR,13.0,32.0,13.0,3.0,65.0,82.0,2.0
2004,HIMACHAL PRADESH,SOLAN,14.0,47.0,9.0,2.0,70.0,163.0,2.0
2004,HIMACHAL PRADESH,UNA,16.0,22.0,7.0,1.0,38.0,116.0,1.0
2004,JAMMU & KASHMIR,ANANTNAG,180.0,105.0,60.0,37.0,94.0,274.0,4.0
2004,JAMMU & KASHMIR,AWANTIPORA,21.0,31.0,12.0,1.0,10.0,85.0,1.0
2004,JAMMU & KASHMIR,BARAMULLA,171.0,182.0,87.0,6.0,148.0,359.0,4.0
2004,JAMMU & KASHMIR,BORDER,19.0,14.0,11.0,0.0,14.0,42.0,1.0
2004,JAMMU & KASHMIR,BUDGAM,101.0,93.0,61.0,7.0,100.0,215.0,3.0
2004,JAMMU & KASHMIR,CRIME JAMMU,0.0,0.0,0.0,0.0,0.0,52.0,1.0
2004,JAMMU & KASHMIR,CRIME SRINAGAR,0.0,0.0,0.0,0.0,0.0,108.0,1.0
2004,JAMMU & KASHMIR,DODA,166.0,17.0,20.0,12.0,47.0,77.0,3.0
2004,JAMMU & KASHMIR,GANDERBAL,24.0,92.0,34.0,1.0,68.0,135.0,2.0
2004,JAMMU & KASHMIR,HANDWARA,63.0,50.0,34.0,3.0,56.0,66.0,2.0
2004,JAMMU & KASHMIR,JAMMU,97.0,43.0,54.0,6.0,102.0,743.0,3.0
2004,JAMMU & KASHMIR,KARGIL,3.0,2.0,1.0,0.0,9.0,8.0,1.0
2004,JAMMU & KASHMIR,KATHUA,47.0,21.0,24.0,2.0,35.0,100.0,2.0
2004,JAMMU & KASHMIR,KULGAM,54.0,34.0,42.0,5.0,73.0,79.0,2.0
2004,JAMMU & KASHMIR,KUPWARA,116.0,81.0,46.0,0.0,84.0,113.0,3.0
2004,JAMMU & KASHMIR,LEH,2.0,6.0,4.0,0.0,5.0,21.0,1.0
2004,JAMMU & KASHMIR,POONCH,201.0,18.0,18.0,0.0,33.0,56.0,3.0
2004,JAMMU & KASHMIR,PULWAMA,151.0,35.0,47.0,24.0,169.0,159.0,4.0
2004,JAMMU & KASHMIR,RAJOURI,153.0,45.0,34.0,0.0,104.0,163.0,3.0
2004,JAMMU & KASHMIR,RAMBAN,106.0,15.0,12.0,0.0,43.0,67.0,2.0
2004,JAMMU & KASHMIR,REASI,74.0,10.0,11.0,1.0,9.0,33.0,2.0
2004,JAMMU & KASHMIR,SRINAGAR,177.0,285.0,115.0,51.0,186.0,726.0,5.0
2004,JAMMU & KASHMIR,UDHAMPUR,30.0,28.0,8.0,1.0,47.0,188.0,2.0
2004,JHARKHAND,BOKARO,168.0,80.0,40.0,104.0,190.0,629.0,5.0
2004,JHARKHAND,CHAIBASA,214.0,54.0,19.0,21.0,43.0,149.0,4.0
2004,JHARKHAND,CHATRA,35.0,18.0,4.0,50.0,126.0,105.0,3.0
2004,JHARKHAND,DEOGHAR,74.0,44.0,5.0,38.0,152.0,151.0,3.0
2004,JHARKHAND,DHANBAD,143.0,91.0,72.0,133.0,246.0,743.0,5.0
2004,JHARKHAND,DHANBAD RLY.,5.0,4.0,2.0,53.0,11.0,252.0,1.0
2004,JHARKHAND,DUMKA,220.0,81.0,15.0,20.0,106.0,197.0,4.0
2004,JHARKHAND,GARHWA,59.0,34.0,9.0,37.0,116.0,116.0,3.0
2004,JHARKHAND,GIRIDIH,103.0,87.0,23.0,91.0,130.0,252.0,4.0
2004,JHARKHAND,GODDA,67.0,86.0,21.0,19.0,125.0,198.0,4.0
2004,JHARKHAND,GUMLA,148.0,35.0,9.0,64.0,32.0,111.0,3.0
2004,JHARKHAND,HAZARIBAGH,156.0,98.0,33.0,126.0,212.0,729.0,5.0
2004,JHARKHAND,JAMSHEDPUR,270.0,116.0,50.0,37.0,133.0,819.0,5.0
2004,JHARKHAND,JAMSHEDPUR RLY.,2.0,6.0,1.0,11.0,3.0,121.0,1.0
2004,JHARKHAND,JAMTARA,53.0,39.0,13.0,10.0,41.0,104.0,2.0
2004,JHARKHAND,KODERMA,55.0,14.0,13.0,63.0,107.0,86.0,3.0
2004,JHARKHAND,LATEHAR,59.0,16.0,8.0,40.0,25.0,50.0,2.0
2004,JHARKHAND,LOHARDAGGA,54.0,18.0,2.0,25.0,26.0,55.0,2.0
2004,JHARKHAND,PAKUR,48.0,40.0,6.0,18.0,47.0,61.0,2.0
2004,JHARKHAND,PALAMU,120.0,25.0,16.0,71.0,194.0,218.0,4.0
2004,JHARKHAND,RANCHI,431.0,128.0,67.0,266.0,270.0,1066.0,5.0
2004,JHARKHAND,SAHEBGANJ,105.0,48.0,22.0,22.0,69.0,142.0,3.0
2004,JHARKHAND,SARAIKELA,89.0,30.0,16.0,19.0,31.0,184.0,2.0
2004,JHARKHAND,SIMDEGA,68.0,16.0,2.0,22.0,13.0,29.0,2.0
2004,KARNATAKA,BAGALKOT,78.0,43.0,24.0,18.0,204.0,258.0,3.0
2004,KARNATAKA,BANGALORE COMMR.,501.0,183.0,175.0,492.0,326.0,11794.0,5.0
2004,KARNATAKA,BELGAUM,189.0,61.0,26.0,44.0,274.0,637.0,4.0
2004,KARNATAKA,BELLARY,74.0,43.0,17.0,16.0,227.0,462.0,3.0
2004,KARNATAKA,BIDAR,135.0,35.0,25.0,29.0,201.0,445.0,4.0
2004,KARNATAKA,BIJAPUR,119.0,104.0,21.0,22.0,261.0,278.0,4.0
2004,KARNATAKA,CHAMARAJNAGAR,42.0,49.0,9.0,8.0,106.0,277.0,2.0
2004,KARNATAKA,CHICKMAGALUR,69.0,62.0,13.0,18.0,170.0,417.0,3.0
2004,KARNATAKA,CHITRADURGA,68.0,79.0,7.0,15.0,321.0,403.0,4.0
2004,KARNATAKA,DAKSHIN KANNADA,51.0,37.0,13.0,58.0,301.0,554.0,4.0
2004,KARNATAKA,DAVANAGERE,56.0,69.0,10.0,24.0,270.0,486.0,4.0
2004,KARNATAKA,DHARWAD COMMR.,34.0,9.0,10.0,8.0,70.0,506.0,2.0
2004,KARNATAKA,GADAG,35.0,22.0,5.0,8.0,103.0,144.0,2.0
2004,KARNATAKA,GULBARGA,239.0,145.0,40.0,34.0,558.0,529.0,5.0
2004,KARNATAKA,HASSAN,118.0,65.0,19.0,53.0,200.0,708.0,4.0
2004,KARNATAKA,HAVERI,36.0,37.0,7.0,5.0,252.0,207.0,3.0
2004,KARNATAKA,K.G.F.,28.0,11.0,8.0,7.0,67.0,169.0,2.0
2004,KARNATAKA,KODAGU,43.0,26.0,3.0,10.0,57.0,270.0,2.0
2004,KARNATAKA,KOLAR,100.0,48.0,28.0,26.0,412.0,566.0,5.0
2004,KARNATAKA,KOPPAL,35.0,24.0,4.0,7.0,87.0,153.0,2.0
2004,KARNATAKA,MANDYA,108.0,61.0,8.0,20.0,270.0,497.0,4.0
2004,KARNATAKA,MYSORE COMMR.,54.0,10.0,7.0,64.0,31.0,672.0,2.0
2004,KARNATAKA,RAICHUR,88.0,63.0,11.0,16.0,200.0,263.0,3.0
2004,KARNATAKA,SHIMOGA,89.0,71.0,22.0,34.0,250.0,545.0,4.0
2004,KARNATAKA,TUMKUR,122.0,76.0,8.0,38.0,228.0,797.0,4.0
2004,KARNATAKA,UDUPI,40.0,21.0,8.0,21.0,140.0,243.0,2.0
2004,KARNATAKA,UTTAR KANNADA,40.0,30.0,4.0,22.0,100.0,165.0,2.0
2004,KERALA,ALAPUZHA,35.0,144.0,11.0,36.0,328.0,552.0,4.0
2004,KERALA,CBCID,29.0,0.0,0.0,5.0,9.0,119.0,1.0
2004,KERALA,ERNAKULAM COMMR.,45.0,71.0,18.0,64.0,193.0,1185.0,3.0
2004,KERALA,IDUKKI,52.0,116.0,10.0,22.0,229.0,441.0,3.0
2004,KERALA,KANNUR,56.0,125.0,4.0,18.0,539.0,492.0,5.0
2004,KERALA,KASARGOD,44.0,102.0,4.0,17.0,345.0,427.0,4.0
2004,KERALA,KOLLAM,220.0,342.0,20.0,65.0,625.0,904.0,5.0
2004,KERALA,KOTTAYAM,31.0,187.0,13.0,41.0,286.0,1060.0,4.0
2004,KERALA,KOZHIKODE COMMR.,52.0,78.0,15.0,37.0,413.0,907.0,4.0
2004,KERALA,MALAPPURAM,79.0,190.0,10.0,35.0,607.0,1012.0,5.0
2004,KERALA,PALAKKAD,122.0,138.0,13.0,40.0,495.0,859.0,5.0
2004,KERALA,PATHANAMTHITTA,46.0,157.0,19.0,31.0,204.0,482.0,3.0
2004,KERALA,THRISSUR,149.0,216.0,22.0,90.0,687.0,1431.0,5.0
2004,KERALA,TRIVANDRUM COMMR.,50.0,190.0,21.0,106.0,302.0,1175.0,4.0
2004,KERALA,WAYANADU,24.0,83.0,3.0,22.0,269.0,400.0,3.0
2004,MADHYA PRADESH,ANUPPUR,28.0,102.0,4.0,10.0,12.0,240.0,2.0
2004,MADHYA PRADESH,ASHOK NAGAR,55.0,124.0,3.0,12.0,40.0,270.0,2.0
2004,MADHYA PRADESH,BALAGHAT,98.0,261.0,10.0,22.0,52.0,388.0,3.0
2004,MADHYA PRADESH,BARWANI,63.0,113.0,1.0,5.0,38.0,321.0,2.0
2004,MADHYA PRADESH,BETUL,104.0,235.0,17.0,12.0,31.0,359.0,4.0
2004,MADHYA PRADESH,BHIND,186.0,104.0,33.0,45.0,115.0,520.0,4.0
2004,MADHYA PRADESH,BHOPAL,162.0,335.0,43.0,108.0,151.0,3202.0,5.0
2004,MADHYA PRADESH,BHOPAL RLY.,11.0,10.0,1.0,24.0,3.0,1317.0,1.0
2004,MADHYA PRADESH,BURHANPUR,43.0,82.0,2.0,12.0,19.0,207.0,2.0
2004,MADHYA PRADESH,CHHATARPUR,102.0,222.0,19.0,39.0,67.0,475.0,4.0
2004,MADHYA PRADESH,CHHINDWARA,96.0,336.0,15.0,17.0,59.0,513.0,4.0
2004,MADHYA PRADESH,DAMOH,107.0,204.0,9.0,26.0,31.0,330.0,3.0
2004,MADHYA PRADESH,DATIYA,114.0,96.0,18.0,30.0,47.0,280.0,3.0
2004,MADHYA PRADESH,DEWAS,141.0,275.0,30.0,80.0,147.0,1229.0,5.0
2004,MADHYA PRADESH,DHAR,178.0,263.0,30.0,43.0,97.0,826.0,5.0
2004,MADHYA PRADESH,DINDORI,28.0,95.0,3.0,4.0,8.0,97.0,2.0
2004,MADHYA PRADESH,GUNA,85.0,239.0,6.0,22.0,85.0,523.0,4.0
2004,MADHYA PRADESH,GWALIOR,244.0,238.0,52.0,117.0,159.0,2337.0,5.0
2004,MADHYA PRADESH,HARDA,32.0,61.0,3.0,15.0,20.0,191.0,2.0
2004,MADHYA PRADESH,HOSHANGABAD,189.0,183.0,20.0,31.0,48.0,689.0,4.0
2004,MADHYA PRADESH,INDORE,249.0,366.0,47.0,131.0,147.0,3694.0,5.0
2004,MADHYA PRADESH,INDORE RLY.,5.0,6.0,0.0,5.0,0.0,154.0,1.0
2004,MADHYA PRADESH,JABALPUR,262.0,329.0,39.0,83.0,128.0,1790.0,5.0
2004,MADHYA PRADESH,JABALPUR RLY.,7.0,12.0,0.0,15.0,1.0,296.0,1.0
2004,MADHYA PRADESH,JHABUA,228.0,95.0,43.0,14.0,69.0,277.0,4.0
2004,MADHYA PRADESH,KATNI,53.0,160.0,4.0,14.0,37.0,387.0,2.0
2004,MADHYA PRADESH,KHANDWA,74.0,245.0,14.0,32.0,48.0,610.0,3.0
2004,MADHYA PRADESH,KHARGON,75.0,257.0,18.0,26.0,92.0,1064.0,3.0
2004,MADHYA PRADESH,MANDLA,33.0,154.0,4.0,10.0,21.0,165.0,2.0
2004,MADHYA PRADESH,MANDSAUR,62.0,168.0,17.0,35.0,51.0,738.0,3.0
2004,MADHYA PRADESH,MORENA,213.0,144.0,15.0,49.0,183.0,620.0,5.0
2004,MADHYA PRADESH,NARSINGHPUR,82.0,172.0,4.0,7.0,36.0,263.0,2.0
2004,MADHYA PRADESH,NEEMUCH,42.0,85.0,6.0,17.0,59.0,580.0,2.0
2004,MADHYA PRADESH,PANNA,79.0,99.0,10.0,17.0,20.0,199.0,2.0
2004,MADHYA PRADESH,RAISEN,99.0,265.0,11.0,12.0,39.0,346.0,3.0
2004,MADHYA PRADESH,RAJGARH,77.0,291.0,19.0,54.0,204.0,754.0,4.0
2004,MADHYA PRADESH,RATLAM,79.0,180.0,19.0,12.0,60.0,595.0,3.0
2004,MADHYA PRADESH,REWA,93.0,175.0,36.0,77.0,107.0,1220.0,4.0
2004,MADHYA PRADESH,SAGAR,158.0,479.0,30.0,40.0,115.0,829.0,5.0
2004,MADHYA PRADESH,SATNA,127.0,244.0,17.0,47.0,62.0,864.0,4.0
2004,MADHYA PRADESH,SEONI,48.0,191.0,10.0,8.0,32.0,257.0,3.0
2004,MADHYA PRADESH,SHAHDOL,54.0,182.0,10.0,19.0,23.0,466.0,2.0
2004,MADHYA PRADESH,SHAJAPUR,94.0,254.0,15.0,69.0,149.0,951.0,4.0
2004,MADHYA PRADESH,SHEOPUR,26.0,72.0,5.0,4.0,31.0,149.0,2.0
2004,MADHYA PRADESH,SHIVPURI,127.0,174.0,28.0,39.0,75.0,515.0,4.0
2004,MADHYA PRADESH,SIDHI,82.0,212.0,27.0,30.0,44.0,655.0,3.0
2004,MADHYA PRADESH,SIHORE,62.0,152.0,5.0,17.0,35.0,534.0,3.0
2004,MADHYA PRADESH,TIKAMGARH,101.0,176.0,11.0,22.0,49.0,424.0,3.0
2004,MADHYA PRADESH,UJJAIN,198.0,252.0,36.0,68.0,129.0,2277.0,5.0
2004,MADHYA PRADESH,UMARIYA,69.0,93.0,2.0,12.0,19.0,228.0,2.0
2004,MADHYA PRADESH,VIDISHA,106.0,303.0,11.0,14.0,78.0,514.0,4.0
2004,MAHARASHTRA,AHMEDNAGAR,155.0,114.0,25.0,138.0,210.0,1417.0,5.0
2004,MAHARASHTRA,AKOLA,100.0,132.0,23.0,72.0,138.0,1382.0,4.0
2004,MAHARASHTRA,AMRAVATI COMMR.,43.0,57.0,21.0,45.0,115.0,1136.0,3.0
2004,MAHARASHTRA,AURANGABAD COMMR.,48.0,33.0,15.0,49.0,117.0,911.0,3.0
2004,MAHARASHTRA,BEED,100.0,106.0,19.0,100.0,430.0,1087.0,5.0
2004,MAHARASHTRA,BHANDARA,39.0,102.0,16.0,13.0,126.0,718.0,3.0
2004,MAHARASHTRA,BULDHANA,85.0,145.0,20.0,61.0,202.0,1008.0,4.0
2004,MAHARASHTRA,CHANDRAPUR,83.0,124.0,18.0,35.0,165.0,1076.0,4.0
2004,MAHARASHTRA,DHULE,51.0,35.0,3.0,18.0,89.0,431.0,2.0
2004,MAHARASHTRA,GADCHIROLI,97.0,75.0,8.0,16.0,75.0,314.0,3.0
2004,MAHARASHTRA,GONDIA,39.0,115.0,21.0,28.0,67.0,520.0,2.0
2004,MAHARASHTRA,HINGOLI,62.0,42.0,15.0,44.0,112.0,352.0,3.0
2004,MAHARASHTRA,JALGAON,124.0,119.0,12.0,53.0,189.0,1138.0,4.0
2004,MAHARASHTRA,JALNA,83.0,59.0,10.0,54.0,187.0,599.0,4.0
2004,MAHARASHTRA,KOLHAPUR,112.0,49.0,20.0,34.0,146.0,959.0,4.0
2004,MAHARASHTRA,LATUR,96.0,58.0,19.0,38.0,218.0,661.0,4.0
2004,MAHARASHTRA,MUMBAI,384.0,508.0,178.0,344.0,223.0,16425.0,5.0
2004,MAHARASHTRA,MUMBAI RLY.,13.0,10.0,2.0,31.0,8.0,1821.0,1.0
2004,MAHARASHTRA,NAGPUR COMMR.,170.0,82.0,49.0,199.0,221.0,3785.0,5.0
2004,MAHARASHTRA,NAGPUR RLY.,6.0,7.0,2.0,15.0,10.0,1033.0,1.0
2004,MAHARASHTRA,NANDED,176.0,109.0,23.0,92.0,307.0,1116.0,5.0
2004,MAHARASHTRA,NANDURBAR,52.0,50.0,9.0,10.0,73.0,316.0,2.0
2004,MAHARASHTRA,NASIK COMMR.,36.0,41.0,17.0,23.0,86.0,1321.0,2.0
2004,MAHARASHTRA,NAVI MUMBAI,93.0,50.0,19.0,129.0,101.0,1624.0,4.0
2004,MAHARASHTRA,OSMANABAD,62.0,61.0,12.0,31.0,142.0,566.0,3.0
2004,MAHARASHTRA,PARBHANI,74.0,58.0,12.0,63.0,133.0,521.0,3.0
2004,MAHARASHTRA,PUNE COMMR.,179.0,130.0,70.0,154.0,533.0,5248.0,5.0
2004,MAHARASHTRA,PUNE RLY.,4.0,0.0,0.0,5.0,3.0,133.0,1.0
2004,MAHARASHTRA,RAIGAD,75.0,69.0,13.0,43.0,158.0,484.0,3.0
2004,MAHARASHTRA,RATNAGIRI,25.0,63.0,6.0,14.0,99.0,404.0,2.0
2004,MAHARASHTRA,SANGLI,95.0,61.0,14.0,36.0,140.0,996.0,3.0
2004,MAHARASHTRA,SATARA,88.0,60.0,20.0,51.0,134.0,905.0,3.0
2004,MAHARASHTRA,SINDHUDURG,16.0,23.0,5.0,11.0,56.0,195.0,1.0
2004,MAHARASHTRA,SOLAPUR COMMR.,33.0,32.0,10.0,45.0,58.0,696.0,2.0
2004,MAHARASHTRA,THANE COMMR.,188.0,144.0,67.0,192.0,256.0,3802.0,5.0
2004,MAHARASHTRA,WARDHA,70.0,135.0,25.0,47.0,128.0,921.0,3.0
2004,MAHARASHTRA,WASHIM,51.0,90.0,17.0,23.0,157.0,567.0,3.0
2004,MAHARASHTRA,YAVATMAL,154.0,191.0,42.0,40.0,149.0,1357.0,4.0
2004,MANIPUR,BISHNUPUR,67.0,10.0,14.0,0.0,43.0,34.0,2.0
2004,MANIPUR,CHANDEL,19.0,1.0,1.0,0.0,0.0,9.0,1.0
2004,MANIPUR,CHURACHANDPUR,46.0,0.0,7.0,0.0,0.0,12.0,1.0
2004,MANIPUR,IMPHAL(EAST),54.0,9.0,23.0,1.0,49.0,120.0,2.0
2004,MANIPUR,IMPHAL(WEST),87.0,28.0,38.0,2.0,80.0,237.0,3.0
2004,MANIPUR,SENAPATI,18.0,0.0,7.0,1.0,5.0,17.0,1.0
2004,MANIPUR,TAMENGLONG,2.0,0.0,5.0,0.0,0.0,9.0,1.0
2004,MANIPUR,THOUBAL,84.0,13.0,32.0,0.0,20.0,27.0,2.0
2004,MANIPUR,UKHRUL,12.0,0.0,1.0,1.0,3.0,12.0,1.0
2004,MEGHALAYA,GARO HILLS EAST,17.0,1.0,3.0,15.0,2.0,38.0,1.0
2004,MEGHALAYA,GARO HILLS SOUTH,7.0,1.0,2.0,5.0,0.0,9.0,1.0
2004,MEGHALAYA,GARO HILLS WEST,32.0,22.0,10.0,17.0,2.0,54.0,1.0
2004,MEGHALAYA,JAINTIA HILLS,37.0,16.0,6.0,19.0,8.0,85.0,1.0
2004,MEGHALAYA,KHASI HILLS EAST,46.0,30.0,29.0,74.0,2.0,353.0,2.0
2004,MEGHALAYA,KHASI HILLS WEST,15.0,12.0,2.0,12.0,0.0,40.0,1.0
2004,MEGHALAYA,RI-BHOI,19.0,6.0,2.0,30.0,3.0,50.0,1.0
2004,MIZORAM,AIZAWL,18.0,36.0,6.0,5.0,7.0,431.0,1.0
2004,MIZORAM,CHAMPHAI,10.0,8.0,2.0,2.0,3.0,106.0,1.0
2004,MIZORAM,KOLASIB,6.0,4.0,1.0,2.0,1.0,13.0,1.0
2004,MIZORAM,LAWNGTLAI,4.0,6.0,1.0,2.0,3.0,57.0,1.0
2004,MIZORAM,LUNGLEI,8.0,12.0,2.0,3.0,5.0,139.0,1.0
2004,MIZORAM,MAMIT,4.0,4.0,1.0,1.0,1.0,12.0,1.0
2004,MIZORAM,SAIHA,5.0,11.0,1.0,1.0,3.0,75.0,1.0
2004,MIZORAM,SERCHHIP,3.0,5.0,1.0,0.0,1.0,77.0,1.0
2004,NAGALAND,DIMAPUR,27.0,2.0,9.0,97.0,0.0,117.0,2.0
2004,NAGALAND,KIPHIRE,1.0,0.0,0.0,3.0,0.0,10.0,1.0
2004,NAGALAND,KOHIMA,17.0,12.0,9.0,17.0,1.0,64.0,1.0
2004,NAGALAND,MOKOKCHUNG,9.0,1.0,1.0,1.0,2.0,19.0,1.0
2004,NAGALAND,MON,12.0,0.0,2.0,7.0,0.0,42.0,1.0
2004,NAGALAND,PEREN,5.0,2.0,0.0,0.0,0.0,5.0,1.0
2004,NAGALAND,PHEK,10.0,2.0,0.0,0.0,1.0,12.0,1.0
2004,NAGALAND,TUENSANG,13.0,1.0,0.0,2.0,5.0,15.0,1.0
2004,NAGALAND,WOKHA,9.0,0.0,2.0,0.0,2.0,46.0,1.0
2004,NAGALAND,ZUNHEBOTO,5.0,1.0,0.0,4.0,0.0,34.0,1.0
2004,ODISHA,ANGUL,91.0,108.0,10.0,31.0,107.0,364.0,3.0
2004,ODISHA,BALASORE,50.0,173.0,35.0,39.0,69.0,366.0,3.0
2004,ODISHA,BARAGARH,75.0,85.0,14.0,25.0,93.0,249.0,3.0
2004,ODISHA,BERHAMPUR,68.0,70.0,13.0,47.0,39.0,259.0,2.0
2004,ODISHA,BHADRAK,62.0,94.0,17.0,18.0,53.0,181.0,2.0
2004,ODISHA,BOLANGIR,90.0,127.0,6.0,31.0,99.0,252.0,3.0
2004,ODISHA,BOUDH,14.0,48.0,4.0,5.0,31.0,72.0,1.0
2004,ODISHA,CUTTACK,161.0,109.0,51.0,158.0,94.0,1129.0,5.0
2004,ODISHA,DEOGARH,25.0,50.0,3.0,12.0,23.0,64.0,1.0
2004,ODISHA,DHENKANAL,85.0,116.0,20.0,33.0,118.0,206.0,3.0
2004,ODISHA,GAJAPATI,24.0,28.0,7.0,2.0,25.0,65.0,1.0
2004,ODISHA,GANJAM,142.0,170.0,18.0,50.0,119.0,326.0,4.0
2004,ODISHA,JAGATSINGHPUR,62.0,29.0,29.0,35.0,37.0,219.0,3.0
2004,ODISHA,JAJPUR,52.0,40.0,21.0,52.0,85.0,288.0,3.0
2004,ODISHA,JHARSUGUDA,29.0,53.0,9.0,8.0,29.0,144.0,2.0
2004,ODISHA,KALAHANDI,42.0,55.0,11.0,31.0,65.0,199.0,2.0
2004,ODISHA,KANDHAMAL,37.0,93.0,17.0,14.0,34.0,137.0,2.0
2004,ODISHA,KENDRAPARA,55.0,28.0,8.0,26.0,29.0,141.0,2.0
2004,ODISHA,KEONJHAR,99.0,126.0,14.0,25.0,81.0,253.0,3.0
2004,ODISHA,KHURDA,124.0,93.0,57.0,213.0,89.0,1922.0,5.0
2004,ODISHA,KORAPUT,85.0,122.0,20.0,48.0,79.0,254.0,3.0
2004,ODISHA,MALKANGIR,79.0,47.0,2.0,6.0,15.0,72.0,2.0
2004,ODISHA,MAYURBHANJ,144.0,186.0,26.0,34.0,37.0,385.0,4.0
2004,ODISHA,NAYAGARH,50.0,28.0,20.0,25.0,19.0,179.0,2.0
2004,ODISHA,NOWRANGPUR,34.0,49.0,13.0,22.0,46.0,120.0,2.0
2004,ODISHA,NUAPADA,12.0,32.0,7.0,8.0,37.0,97.0,1.0
2004,ODISHA,PURI,156.0,58.0,30.0,55.0,60.0,448.0,4.0
2004,ODISHA,RAYAGADA,46.0,78.0,4.0,10.0,52.0,126.0,2.0
2004,ODISHA,ROURKELA,45.0,66.0,9.0,21.0,13.0,366.0,2.0
2004,ODISHA,SAMBALPUR,92.0,79.0,16.0,47.0,42.0,410.0,3.0
2004,ODISHA,SONEPUR,23.0,34.0,1.0,9.0,11.0,67.0,1.0
2004,ODISHA,SRP(CUTTACK),4.0,3.0,3.0,9.0,1.0,275.0,1.0
2004,ODISHA,SRP(ROURKELA),10.0,4.0,0.0,6.0,3.0,104.0,1.0
2004,ODISHA,SUNDARGARH,121.0,100.0,11.0,35.0,42.0,296.0,3.0
2004,PUNJAB,AMRITSAR,102.0,34.0,31.0,7.0,4.0,513.0,2.0
2004,PUNJAB,BARNALA,41.0,18.0,8.0,6.0,0.0,160.0,1.0
2004,PUNJAB,BATALA,61.0,13.0,8.0,0.0,0.0,156.0,1.0
2004,PUNJAB,BHATINDA,86.0,45.0,26.0,0.0,1.0,440.0,2.0
2004,PUNJAB,FARIDKOT,37.0,22.0,15.0,2.0,0.0,172.0,1.0
2004,PUNJAB,FATEHGARH SAHIB,36.0,14.0,10.0,1.0,0.0,153.0,1.0
2004,PUNJAB,FEROZEPUR,95.0,46.0,19.0,3.0,5.0,400.0,2.0
2004,PUNJAB,G.R.P,12.0,6.0,0.0,1.0,16.0,52.0,1.0
2004,PUNJAB,GURDASPUR,44.0,22.0,8.0,2.0,2.0,153.0,1.0
2004,PUNJAB,HOSHIARPUR,70.0,34.0,21.0,6.0,5.0,270.0,2.0
2004,PUNJAB,JAGRAON,64.0,31.0,28.0,4.0,2.0,267.0,2.0
2004,PUNJAB,JALANDHAR,172.0,57.0,53.0,7.0,9.0,843.0,4.0
2004,PUNJAB,KAPURTHALA,51.0,14.0,12.0,1.0,3.0,270.0,2.0
2004,PUNJAB,KHANNA,44.0,13.0,14.0,3.0,0.0,143.0,1.0
2004,PUNJAB,LUDHIANA,120.0,81.0,70.0,8.0,2.0,878.0,4.0
2004,PUNJAB,MAJITHA,65.0,20.0,16.0,5.0,2.0,156.0,2.0
2004,PUNJAB,MANSA,70.0,9.0,5.0,2.0,0.0,146.0,1.0
2004,PUNJAB,MOGA,59.0,16.0,14.0,1.0,2.0,204.0,2.0
2004,PUNJAB,MUKTSAR,45.0,13.0,10.0,2.0,2.0,190.0,1.0
2004,PUNJAB,NAWAN SHAHR,44.0,21.0,16.0,12.0,3.0,207.0,2.0
2004,PUNJAB,PATIALA,103.0,44.0,45.0,10.0,2.0,800.0,3.0
2004,PUNJAB,ROPAR,42.0,20.0,12.0,4.0,3.0,308.0,1.0
2004,PUNJAB,SANGRUR,103.0,34.0,16.0,10.0,5.0,381.0,2.0
2004,PUNJAB,TARN TARAN,73.0,24.0,6.0,6.0,0.0,133.0,2.0
2004,RAJASTHAN,AJMER,125.0,126.0,101.0,53.0,78.0,1561.0,4.0
2004,RAJASTHAN,ALWAR,158.0,141.0,86.0,31.0,114.0,1691.0,5.0
2004,RAJASTHAN,BANSWARA,49.0,112.0,54.0,10.0,170.0,230.0,4.0
2004,RAJASTHAN,BARAN,134.0,214.0,63.0,11.0,43.0,531.0,4.0
2004,RAJASTHAN,BARMER,40.0,109.0,21.0,7.0,61.0,457.0,2.0
2004,RAJASTHAN,BHARATPUR,227.0,96.0,128.0,33.0,47.0,1282.0,5.0
2004,RAJASTHAN,BHILWARA,84.0,165.0,157.0,57.0,209.0,1536.0,5.0
2004,RAJASTHAN,BIKANER,150.0,89.0,31.0,10.0,22.0,977.0,3.0
2004,RAJASTHAN,BUNDI,119.0,188.0,99.0,17.0,111.0,635.0,4.0
2004,RAJASTHAN,CHITTORGARH,98.0,232.0,184.0,42.0,178.0,1299.0,5.0
2004,RAJASTHAN,CHURU,67.0,59.0,31.0,3.0,50.0,557.0,2.0
2004,RAJASTHAN,DAUSA,45.0,44.0,50.0,5.0,104.0,756.0,3.0
2004,RAJASTHAN,DHOLPUR,82.0,81.0,44.0,26.0,79.0,469.0,3.0
2004,RAJASTHAN,DUNGARPUR,34.0,61.0,40.0,14.0,153.0,177.0,3.0
2004,RAJASTHAN,G.R.P.,7.0,14.0,3.0,3.0,8.0,564.0,1.0
2004,RAJASTHAN,GANGANAGAR,166.0,96.0,69.0,12.0,36.0,1303.0,4.0
2004,RAJASTHAN,HANUMANGARH,148.0,129.0,35.0,18.0,22.0,774.0,3.0
2004,RAJASTHAN,JAIPUR,209.0,321.0,227.0,73.0,856.0,6817.0,5.0
2004,RAJASTHAN,JAISALMER,5.0,16.0,10.0,0.0,27.0,232.0,1.0
2004,RAJASTHAN,JALORE,50.0,50.0,27.0,8.0,28.0,289.0,2.0
2004,RAJASTHAN,JHALAWAR,148.0,207.0,88.0,38.0,139.0,703.0,5.0
2004,RAJASTHAN,JHUNJHUNU,44.0,81.0,40.0,9.0,117.0,620.0,3.0
2004,RAJASTHAN,JODHPUR,163.0,120.0,66.0,26.0,129.0,2176.0,4.0
2004,RAJASTHAN,KARAULI,52.0,115.0,75.0,14.0,28.0,515.0,3.0
2004,RAJASTHAN,KOTA,351.0,228.0,137.0,51.0,98.0,1978.0,5.0
2004,RAJASTHAN,NAGAUR,89.0,185.0,40.0,9.0,48.0,823.0,3.0
2004,RAJASTHAN,PALI,110.0,158.0,90.0,19.0,74.0,928.0,4.0
2004,RAJASTHAN,RAJSAMAND,33.0,36.0,38.0,7.0,68.0,360.0,2.0
2004,RAJASTHAN,SAWAI MADHOPUR,44.0,73.0,50.0,6.0,24.0,621.0,3.0
2004,RAJASTHAN,SIKAR,67.0,56.0,66.0,7.0,269.0,710.0,4.0
2004,RAJASTHAN,SIROHI,73.0,58.0,33.0,24.0,57.0,407.0,3.0
2004,RAJASTHAN,TONK,59.0,44.0,67.0,10.0,143.0,596.0,4.0
2004,RAJASTHAN,UDAIPUR,138.0,159.0,134.0,78.0,346.0,1397.0,5.0
2004,SIKKIM,EAST,9.0,16.0,1.0,4.0,25.0,119.0,1.0
2004,SIKKIM,NORTH,3.0,1.0,0.0,0.0,3.0,3.0,1.0
2004,SIKKIM,SOUTH,9.0,14.0,4.0,0.0,15.0,30.0,1.0
2004,SIKKIM,WEST,6.0,12.0,0.0,1.0,40.0,11.0,1.0
2004,TAMIL NADU,CHENGAI,135.0,135.0,36.0,28.0,96.0,1458.0,4.0
2004,TAMIL NADU,CHENNAI,281.0,85.0,37.0,51.0,33.0,4077.0,4.0
2004,TAMIL NADU,CHENNAI RLY.,5.0,0.0,1.0,5.0,7.0,239.0,1.0
2004,TAMIL NADU,CUDDALORE,161.0,71.0,41.0,19.0,268.0,593.0,4.0
2004,TAMIL NADU,DHARMAPURI,55.0,79.0,23.0,14.0,196.0,268.0,3.0
2004,TAMIL NADU,DINDIGUL,101.0,48.0,26.0,20.0,64.0,691.0,3.0
2004,TAMIL NADU,ERODE,82.0,48.0,22.0,21.0,49.0,972.0,2.0
2004,TAMIL NADU,KANCHIPURAM,100.0,82.0,12.0,12.0,76.0,490.0,3.0
2004,TAMIL NADU,KANYAKUMARI,75.0,25.0,12.0,7.0,23.0,507.0,2.0
2004,TAMIL NADU,KARUR,38.0,16.0,6.0,7.0,32.0,260.0,1.0
2004,TAMIL NADU,KRISHNAGIRI,74.0,47.0,27.0,13.0,199.0,447.0,3.0
2004,TAMIL NADU,NAGAPATTINAM,76.0,37.0,21.0,3.0,78.0,363.0,2.0
2004,TAMIL NADU,NAMAKKAL,51.0,42.0,18.0,7.0,99.0,268.0,2.0
2004,TAMIL NADU,NILGIRIS,40.0,59.0,3.0,6.0,26.0,253.0,2.0
2004,TAMIL NADU,PERAMBALUR,66.0,59.0,31.0,9.0,83.0,263.0,3.0
2004,TAMIL NADU,PUDUKOTTAI,60.0,71.0,22.0,5.0,179.0,334.0,3.0
2004,TAMIL NADU,RAMNATHAPURAM,79.0,58.0,19.0,9.0,151.0,330.0,3.0
2004,TAMIL NADU,SIVAGANGAI,59.0,29.0,21.0,7.0,36.0,432.0,2.0
2004,TAMIL NADU,THANJAVUR,116.0,87.0,29.0,11.0,130.0,649.0,3.0
2004,TAMIL NADU,THENI,95.0,69.0,10.0,8.0,103.0,423.0,2.0
2004,TAMIL NADU,THIRUVALLUR,32.0,62.0,14.0,7.0,108.0,279.0,2.0
2004,TAMIL NADU,THIRUVANNAMALAI,50.0,54.0,25.0,11.0,193.0,534.0,3.0
2004,TAMIL NADU,THIRUVARUR,49.0,75.0,10.0,2.0,79.0,281.0,2.0
2004,TAMIL NADU,THOOTHUGUDI,153.0,51.0,31.0,18.0,41.0,760.0,3.0
2004,TAMIL NADU,TRICHY RLY.,1.0,2.0,0.0,4.0,3.0,70.0,1.0
2004,TAMIL NADU,VELLORE,99.0,63.0,30.0,6.0,275.0,823.0,4.0
2004,TAMIL NADU,VILLUPURAM,150.0,142.0,56.0,26.0,306.0,540.0,5.0
2004,TAMIL NADU,VIRUDHUNAGAR,88.0,58.0,27.0,14.0,92.0,732.0,3.0
2004,TRIPURA,DHALAI,28.0,20.0,16.0,10.0,39.0,53.0,2.0
2004,TRIPURA,NORTH,44.0,83.0,30.0,20.0,32.0,95.0,3.0
2004,TRIPURA,SOUTH,43.0,117.0,28.0,18.0,40.0,145.0,3.0
2004,TRIPURA,WEST,110.0,74.0,25.0,25.0,61.0,184.0,3.0
2004,UTTAR PRADESH,AGRA,299.0,119.0,156.0,71.0,227.0,1557.0,5.0
2004,UTTAR PRADESH,ALIGARH,437.0,103.0,128.0,129.0,264.0,1153.0,5.0
2004,UTTAR PRADESH,ALLAHABAD,332.0,47.0,79.0,61.0,200.0,1055.0,5.0
2004,UTTAR PRADESH,AMBEDKAR NAGAR,90.0,16.0,28.0,28.0,30.0,178.0,2.0
2004,UTTAR PRADESH,AURAIYA,100.0,15.0,45.0,12.0,33.0,104.0,3.0
2004,UTTAR PRADESH,AZAMGARH,197.0,39.0,47.0,98.0,112.0,332.0,4.0
2004,UTTAR PRADESH,BADAUN,466.0,82.0,96.0,73.0,61.0,398.0,5.0
2004,UTTAR PRADESH,BAGHPAT,200.0,23.0,29.0,39.0,36.0,191.0,3.0
2004,UTTAR PRADESH,BAHRAICH,108.0,28.0,30.0,16.0,37.0,260.0,3.0
2004,UTTAR PRADESH,BALLIA,137.0,21.0,19.0,15.0,81.0,253.0,3.0
2004,UTTAR PRADESH,BALRAMPUR,46.0,13.0,7.0,2.0,9.0,80.0,1.0
2004,UTTAR PRADESH,BANDA,117.0,58.0,19.0,18.0,29.0,201.0,3.0
2004,UTTAR PRADESH,BARABANKI,143.0,52.0,41.0,22.0,42.0,372.0,3.0
2004,UTTAR PRADESH,BAREILLY,437.0,117.0,117.0,124.0,115.0,1017.0,5.0
2004,UTTAR PRADESH,BASTI,75.0,19.0,21.0,12.0,38.0,222.0,2.0
2004,UTTAR PRADESH,BIJNOR,176.0,48.0,34.0,29.0,56.0,366.0,4.0
2004,UTTAR PRADESH,BULANDSHAHAR,370.0,91.0,90.0,81.0,80.0,581.0,5.0
2004,UTTAR PRADESH,CHANDOLI,49.0,7.0,7.0,16.0,13.0,106.0,2.0
2004,UTTAR PRADESH,CHITRAKOOT DHAM,47.0,19.0,9.0,2.0,9.0,54.0,1.0
2004,UTTAR PRADESH,DEORIA,124.0,22.0,29.0,18.0,86.0,199.0,3.0
2004,UTTAR PRADESH,ETAH,393.0,70.0,63.0,50.0,86.0,380.0,5.0
2004,UTTAR PRADESH,ETAWAH,160.0,24.0,63.0,28.0,32.0,198.0,3.0
2004,UTTAR PRADESH,FAIZABAD,93.0,30.0,19.0,15.0,33.0,260.0,2.0
2004,UTTAR PRADESH,FATEHGARH,186.0,23.0,40.0,37.0,22.0,160.0,3.0
2004,UTTAR PRADESH,FATEHPUR,155.0,29.0,20.0,14.0,7.0,161.0,3.0
2004,UTTAR PRADESH,FIROZABAD,271.0,43.0,89.0,81.0,74.0,557.0,5.0
2004,UTTAR PRADESH,G.R.P.,29.0,17.0,5.0,54.0,9.0,2057.0,2.0
2004,UTTAR PRADESH,GAUTAMBUDH NAGAR,137.0,44.0,32.0,49.0,45.0,985.0,3.0
2004,UTTAR PRADESH,GHAZIABAD,386.0,56.0,118.0,68.0,68.0,1927.0,5.0
2004,UTTAR PRADESH,GHAZIPUR,139.0,23.0,9.0,29.0,57.0,187.0,3.0
2004,UTTAR PRADESH,GONDA,134.0,26.0,23.0,13.0,31.0,238.0,3.0
2004,UTTAR PRADESH,GORAKHPUR,220.0,50.0,51.0,55.0,115.0,691.0,4.0
2004,UTTAR PRADESH,HAMIRPUR,99.0,35.0,13.0,13.0,13.0,115.0,2.0
2004,UTTAR PRADESH,HARDOI,216.0,105.0,58.0,36.0,19.0,365.0,4.0
2004,UTTAR PRADESH,HATHRAS,170.0,55.0,40.0,73.0,99.0,375.0,4.0
2004,UTTAR PRADESH,J.P.NAGAR,147.0,53.0,24.0,52.0,45.0,220.0,3.0
2004,UTTAR PRADESH,JALAUN,154.0,24.0,49.0,25.0,28.0,204.0,3.0
2004,UTTAR PRADESH,JAUNPUR,152.0,28.0,22.0,42.0,55.0,330.0,3.0
2004,UTTAR PRADESH,JHANSI,127.0,37.0,39.0,23.0,46.0,280.0,3.0
2004,UTTAR PRADESH,KANNAUJ,115.0,27.0,17.0,20.0,26.0,155.0,2.0
2004,UTTAR PRADESH,KANPUR DEHAT,102.0,58.0,49.0,16.0,56.0,236.0,3.0
2004,UTTAR PRADESH,KANPUR NAGAR,311.0,60.0,109.0,67.0,102.0,1408.0,5.0
2004,UTTAR PRADESH,KAUSHAMBI,111.0,23.0,12.0,20.0,9.0,128.0,2.0
2004,UTTAR PRADESH,KHIRI,255.0,95.0,76.0,37.0,61.0,550.0,5.0
2004,UTTAR PRADESH,KUSHI NAGAR,115.0,27.0,28.0,24.0,85.0,234.0,3.0
2004,UTTAR PRADESH,LALITPUR,44.0,15.0,4.0,2.0,20.0,88.0,1.0
2004,UTTAR PRADESH,LUCKNOW,335.0,110.0,164.0,121.0,157.0,3282.0,5.0
2004,UTTAR PRADESH,MAHARAJGANJ,58.0,19.0,11.0,8.0,28.0,94.0,2.0
2004,UTTAR PRADESH,MAHOBA,63.0,20.0,9.0,4.0,12.0,67.0,2.0
2004,UTTAR PRADESH,MAINPURI,258.0,21.0,49.0,55.0,64.0,272.0,4.0
2004,UTTAR PRADESH,MATHURA,207.0,59.0,34.0,58.0,90.0,582.0,4.0
2004,UTTAR PRADESH,MAU,115.0,14.0,19.0,28.0,70.0,171.0,3.0
2004,UTTAR PRADESH,MEERUT,423.0,85.0,137.0,167.0,134.0,1549.0,5.0
2004,UTTAR PRADESH,MIRZAPUR,83.0,30.0,13.0,28.0,23.0,172.0,2.0
2004,UTTAR PRADESH,MORADABAD,373.0,123.0,98.0,107.0,94.0,870.0,5.0
2004,UTTAR PRADESH,MUZAFFARNAGAR,437.0,78.0,90.0,101.0,91.0,796.0,5.0
2004,UTTAR PRADESH,PILIBHIT,151.0,65.0,54.0,38.0,38.0,302.0,4.0
2004,UTTAR PRADESH,PRATAPGARH,155.0,37.0,31.0,19.0,86.0,335.0,4.0
2004,UTTAR PRADESH,RAIBAREILLY,168.0,96.0,52.0,30.0,52.0,368.0,4.0
2004,UTTAR PRADESH,RAMPUR,176.0,45.0,39.0,25.0,40.0,407.0,3.0
2004,UTTAR PRADESH,SAHARANPUR,234.0,50.0,52.0,51.0,84.0,766.0,4.0
2004,UTTAR PRADESH,SANT KABIRNAGAR,46.0,7.0,10.0,7.0,40.0,87.0,2.0
2004,UTTAR PRADESH,SHAHJAHANPUR,337.0,80.0,89.0,58.0,43.0,391.0,5.0
2004,UTTAR PRADESH,SHRAWASTI,36.0,11.0,9.0,6.0,14.0,67.0,1.0
2004,UTTAR PRADESH,SIDHARTHNAGAR,46.0,23.0,17.0,17.0,25.0,201.0,2.0
2004,UTTAR PRADESH,SITAPUR,318.0,145.0,104.0,75.0,120.0,738.0,5.0
2004,UTTAR PRADESH,SONBHADRA,71.0,15.0,15.0,12.0,23.0,125.0,2.0
2004,UTTAR PRADESH,ST.RAVIDASNAGAR,68.0,5.0,5.0,30.0,35.0,132.0,2.0
2004,UTTAR PRADESH,SULTANPUR,178.0,39.0,36.0,33.0,18.0,394.0,3.0
2004,UTTAR PRADESH,UNNAO,253.0,82.0,62.0,39.0,61.0,249.0,5.0
2004,UTTAR PRADESH,VARANASI,182.0,22.0,35.0,58.0,53.0,799.0,4.0
2004,UTTARAKHAND,ALMORA,21.0,8.0,5.0,6.0,11.0,54.0,1.0
2004,UTTARAKHAND,BAGESHWAR,5.0,5.0,4.0,4.0,2.0,21.0,1.0
2004,UTTARAKHAND,CHAMOLI,20.0,16.0,7.0,1.0,20.0,46.0,1.0
2004,UTTARAKHAND,CHAMPAWAT,10.0,7.0,2.0,2.0,2.0,23.0,1.0
2004,UTTARAKHAND,DEHRADUN,79.0,37.0,37.0,26.0,82.0,758.0,3.0
2004,UTTARAKHAND,HARIDWAR,125.0,61.0,54.0,54.0,90.0,644.0,4.0
2004,UTTARAKHAND,NAINITAL,77.0,24.0,28.0,27.0,30.0,297.0,2.0
2004,UTTARAKHAND,PAURI GARHWAL,34.0,17.0,10.0,9.0,33.0,128.0,2.0
2004,UTTARAKHAND,PITHORAGARH,19.0,13.0,3.0,9.0,16.0,53.0,1.0
2004,UTTARAKHAND,RUDRA PRAYAG,5.0,9.0,3.0,4.0,24.0,34.0,1.0
2004,UTTARAKHAND,TEHRI GARHWAL,29.0,6.0,14.0,0.0,14.0,67.0,1.0
2004,UTTARAKHAND,UDHAMSINGH NAGAR,102.0,47.0,41.0,60.0,129.0,511.0,4.0
2004,UTTARAKHAND,UTTARKASHI,12.0,8.0,5.0,0.0,19.0,56.0,1.0
2004,WEST BENGAL,24 PARGANAS NORTH,270.0,330.0,180.0,104.0,208.0,2423.0,5.0
2004,WEST BENGAL,24 PARGANAS SOUTH,187.0,223.0,103.0,46.0,247.0,1724.0,5.0
2004,WEST BENGAL,ASANSOL,42.0,46.0,10.0,10.0,63.0,151.0,2.0
2004,WEST BENGAL,BANKURA,43.0,89.0,24.0,31.0,65.0,398.0,3.0
2004,WEST BENGAL,BIRBHUM,92.0,95.0,31.0,22.0,198.0,284.0,4.0
2004,WEST BENGAL,BURDWAN,146.0,148.0,56.0,32.0,215.0,501.0,5.0
2004,WEST BENGAL,COOCHBEHAR,32.0,161.0,41.0,3.0,16.0,181.0,3.0
2004,WEST BENGAL,DAKSHIN DINAJPUR,28.0,69.0,27.0,4.0,24.0,92.0,2.0
2004,WEST BENGAL,DARJEELING,75.0,45.0,17.0,12.0,21.0,410.0,3.0
2004,WEST BENGAL,HOOGHLY,117.0,93.0,38.0,51.0,407.0,779.0,5.0
2004,WEST BENGAL,HOWRAH,48.0,53.0,19.0,25.0,110.0,285.0,3.0
2004,WEST BENGAL,HOWRAH G.R.P.,17.0,5.0,8.0,6.0,12.0,291.0,1.0
2004,WEST BENGAL,JALPAIGURI,194.0,195.0,59.0,20.0,46.0,712.0,4.0
2004,WEST BENGAL,KHARAGPUR G.R.P.,10.0,2.0,2.0,11.0,3.0,119.0,1.0
2004,WEST BENGAL,KOLKATA,131.0,201.0,119.0,136.0,227.0,4982.0,5.0
2004,WEST BENGAL,MALDA,145.0,209.0,65.0,25.0,43.0,380.0,4.0
2004,WEST BENGAL,MURSHIDABAD,162.0,398.0,126.0,31.0,173.0,469.0,5.0
2004,WEST BENGAL,NADIA,120.0,236.0,80.0,21.0,175.0,780.0,5.0
2004,WEST BENGAL,PASCHIM MIDNAPUR,159.0,141.0,65.0,56.0,226.0,560.0,5.0
2004,WEST BENGAL,PURAB MIDNAPUR,74.0,87.0,54.0,19.0,201.0,259.0,4.0
2004,WEST BENGAL,PURULIA,49.0,82.0,11.0,17.0,46.0,190.0,3.0
2004,WEST BENGAL,SEALDAH G.R.P.,17.0,11.0,6.0,15.0,8.0,284.0,1.0
2004,WEST BENGAL,SILIGURI G.R.P.,3.0,4.0,2.0,4.0,1.0,82.0,1.0
2004,WEST BENGAL,UTTAR DINAJPUR,80.0,87.0,40.0,14.0,21.0,263.0,3.0
2004,A & N ISLANDS,ANDAMAN,16.0,15.0,3.0,3.0,17.0,178.0,1.0
2004,A & N ISLANDS,NICOBAR,2.0,1.0,0.0,0.0,1.0,6.0,1.0
2004,CHANDIGARH,CHANDIGARH,51.0,39.0,54.0,6.0,43.0,1803.0,3.0
2004,D & N HAVELI,D and N HAVELI,15.0,12.0,12.0,5.0,19.0,107.0,1.0
2004,DAMAN & DIU,DAMAN,3.0,2.0,2.0,1.0,21.0,69.0,1.0
2004,DAMAN & DIU,DIU,1.0,0.0,0.0,0.0,0.0,2.0,1.0
2004,DELHI UT,CENTRAL,39.0,71.0,57.0,19.0,11.0,1597.0,3.0
2004,DELHI UT,DELHI UT TOTAL,1080.0,1152.0,1209.0,491.0,105.0,23636.0,5.0
2004,DELHI UT,EAST,104.0,144.0,172.0,58.0,11.0,2595.0,5.0
2004,DELHI UT,G.R.P.(RLY),13.0,7.0,5.0,7.0,3.0,1105.0,1.0
2004,DELHI UT,I.G.I. AIRPORT,4.0,8.0,5.0,6.0,2.0,556.0,1.0
2004,DELHI UT,NEW DELHI,26.0,42.0,20.0,9.0,3.0,1602.0,1.0
2004,DELHI UT,NORTH,56.0,44.0,85.0,35.0,15.0,1425.0,3.0
2004,DELHI UT,NORTH EAST,126.0,113.0,157.0,69.0,5.0,1310.0,5.0
2004,DELHI UT,NORTH WEST,285.0,253.0,285.0,124.0,15.0,3286.0,5.0
2004,DELHI UT,S.T.F.,16.0,2.0,0.0,0.0,0.0,40.0,1.0
2004,DELHI UT,SOUTH,167.0,226.0,216.0,59.0,12.0,4779.0,5.0
2004,DELHI UT,SOUTH WEST,99.0,138.0,97.0,54.0,18.0,2405.0,4.0
2004,DELHI UT,WEST,145.0,104.0,110.0,51.0,10.0,2936.0,4.0
2004,LAKSHADWEEP,LAKSHADWEEP,0.0,0.0,0.0,0.0,37.0,7.0,1.0
2004,PUDUCHERRY,PONDICHERRY,57.0,54.0,10.0,1.0,156.0,762.0,3.0
2005,ANDHRA PRADESH,ADILABAD,169.0,197.0,65.0,29.0,98.0,706.0,4.0
2005,ANDHRA PRADESH,ANANTAPUR,300.0,189.0,60.0,38.0,161.0,728.0,5.0
2005,ANDHRA PRADESH,CHITTOOR,145.0,126.0,72.0,33.0,117.0,1804.0,4.0
2005,ANDHRA PRADESH,CUDDAPAH,96.0,137.0,36.0,20.0,100.0,584.0,3.0
2005,ANDHRA PRADESH,CYBERABAD,248.0,163.0,151.0,121.0,81.0,4459.0,5.0
2005,ANDHRA PRADESH,EAST GODAVARI,240.0,129.0,69.0,31.0,133.0,2073.0,5.0
2005,ANDHRA PRADESH,GUNTAKAL RLY.,12.0,1.0,1.0,5.0,1.0,134.0,1.0
2005,ANDHRA PRADESH,GUNTUR,254.0,221.0,87.0,49.0,171.0,2018.0,5.0
2005,ANDHRA PRADESH,KARIMNAGAR,261.0,412.0,131.0,47.0,239.0,1741.0,5.0
2005,ANDHRA PRADESH,KHAMMAM,182.0,171.0,66.0,34.0,199.0,971.0,5.0
2005,ANDHRA PRADESH,KRISHNA,143.0,236.0,45.0,20.0,89.0,1027.0,4.0
2005,ANDHRA PRADESH,KURNOOL,241.0,250.0,42.0,32.0,153.0,807.0,4.0
2005,ANDHRA PRADESH,MAHABOOBNAGAR,330.0,202.0,59.0,64.0,169.0,979.0,5.0
2005,ANDHRA PRADESH,MEDAK,188.0,124.0,38.0,39.0,67.0,767.0,4.0
2005,ANDHRA PRADESH,NALGONDA,190.0,272.0,51.0,50.0,164.0,1011.0,5.0
2005,ANDHRA PRADESH,NELLORE,162.0,238.0,74.0,32.0,105.0,1161.0,4.0
2005,ANDHRA PRADESH,NIZAMABAD,142.0,114.0,57.0,56.0,85.0,990.0,4.0
2005,ANDHRA PRADESH,PRAKASHAM,194.0,196.0,52.0,29.0,84.0,797.0,4.0
2005,ANDHRA PRADESH,RANGA REDDY,92.0,60.0,16.0,16.0,65.0,362.0,3.0
2005,ANDHRA PRADESH,SECUNDERABAD RLY.,12.0,1.0,4.0,4.0,0.0,413.0,1.0
2005,ANDHRA PRADESH,SRIKAKULAM,38.0,66.0,17.0,12.0,46.0,388.0,2.0
2005,ANDHRA PRADESH,VIJAYAWADA,85.0,96.0,87.0,34.0,31.0,2646.0,4.0
2005,ANDHRA PRADESH,VIJAYAWADA RLY.,7.0,2.0,1.0,0.0,0.0,264.0,1.0
2005,ANDHRA PRADESH,VISAKHAPATNAM,75.0,73.0,37.0,25.0,39.0,1717.0,3.0
2005,ANDHRA PRADESH,VIZIANAGARAM,53.0,53.0,9.0,12.0,15.0,372.0,2.0
2005,ANDHRA PRADESH,WARANGAL,212.0,260.0,82.0,36.0,294.0,1283.0,5.0
2005,ANDHRA PRADESH,WEST GODAVARI,200.0,301.0,58.0,29.0,87.0,1912.0,5.0
2005,ARUNACHAL PRADESH,CHANGLANG,19.0,3.0,8.0,4.0,2.0,42.0,1.0
2005,ARUNACHAL PRADESH,DIBANG VALLEY,8.0,5.0,5.0,4.0,1.0,50.0,1.0
2005,ARUNACHAL PRADESH,K/KUMEY,11.0,1.0,2.0,0.0,0.0,23.0,1.0
2005,ARUNACHAL PRADESH,KAMENG EAST,6.0,7.0,4.0,6.0,0.0,33.0,1.0
2005,ARUNACHAL PRADESH,KAMENG WEST,6.0,2.0,1.0,5.0,0.0,40.0,1.0
2005,ARUNACHAL PRADESH,LOHIT,19.0,10.0,7.0,6.0,1.0,47.0,1.0
2005,ARUNACHAL PRADESH,PAPUM PARE,14.0,10.0,10.0,19.0,13.0,249.0,1.0
2005,ARUNACHAL PRADESH,SIANG EAST,6.0,28.0,6.0,22.0,2.0,106.0,1.0
2005,ARUNACHAL PRADESH,SIANG UPPER,5.0,10.0,1.0,0.0,2.0,28.0,1.0
2005,ARUNACHAL PRADESH,SIANG WEST,6.0,8.0,5.0,8.0,5.0,87.0,1.0
2005,ARUNACHAL PRADESH,SUBANSIRI LOWER,5.0,4.0,3.0,4.0,1.0,32.0,1.0
2005,ARUNACHAL PRADESH,SUBANSIRI UPPER,7.0,7.0,3.0,13.0,8.0,48.0,1.0
2005,ARUNACHAL PRADESH,TAWANG,2.0,2.0,0.0,1.0,0.0,27.0,1.0
2005,ARUNACHAL PRADESH,TIRAP,5.0,5.0,2.0,7.0,1.0,36.0,1.0
2005,ARUNACHAL PRADESH,UPPER DIBANG VALLEY,4.0,0.0,1.0,1.0,0.0,10.0,1.0
2005,ASSAM,BARPETA,42.0,81.0,69.0,44.0,182.0,311.0,4.0
2005,ASSAM,BASKA,32.0,17.0,24.0,13.0,14.0,49.0,2.0
2005,ASSAM,BONGAIGAON,22.0,53.0,31.0,13.0,33.0,142.0,2.0
2005,ASSAM,C.I.D.,0.0,0.0,0.0,0.0,0.0,7.0,1.0
2005,ASSAM,CACHAR,97.0,216.0,110.0,39.0,434.0,709.0,5.0
2005,ASSAM,CHIRANG,17.0,23.0,16.0,7.0,6.0,39.0,1.0
2005,ASSAM,DARRANG,42.0,112.0,33.0,28.0,31.0,204.0,3.0
2005,ASSAM,DHEMAJI,37.0,83.0,45.0,12.0,32.0,161.0,3.0
2005,ASSAM,DHUBRI,63.0,157.0,84.0,24.0,593.0,299.0,5.0
2005,ASSAM,DIBRUGARH,144.0,98.0,75.0,29.0,59.0,564.0,4.0
2005,ASSAM,G.R.P.,5.0,6.0,5.0,9.0,9.0,114.0,1.0
2005,ASSAM,GOALPARA,36.0,42.0,73.0,26.0,100.0,200.0,4.0
2005,ASSAM,GOLAGHAT,82.0,81.0,87.0,38.0,19.0,400.0,4.0
2005,ASSAM,HAILAKANDI,27.0,24.0,35.0,18.0,148.0,145.0,3.0
2005,ASSAM,JORHAT,64.0,69.0,44.0,10.0,29.0,287.0,3.0
2005,ASSAM,KAMRUP,65.0,99.0,86.0,33.0,85.0,373.0,4.0
2005,ASSAM,KARBI ANGLONG,91.0,12.0,39.0,23.0,85.0,129.0,3.0
2005,ASSAM,KARIMGANJ,55.0,36.0,31.0,9.0,228.0,254.0,4.0
2005,ASSAM,KOKRAJHAR,48.0,53.0,44.0,22.0,91.0,146.0,3.0
2005,ASSAM,LAKHIMPUR,45.0,103.0,112.0,10.0,82.0,347.0,4.0
2005,ASSAM,MORIGAON,29.0,119.0,47.0,7.0,77.0,184.0,3.0
2005,ASSAM,N.C.HILLS,18.0,3.0,10.0,12.0,6.0,74.0,1.0
2005,ASSAM,NAGAON,152.0,176.0,185.0,98.0,327.0,735.0,5.0
2005,ASSAM,NALBARI,26.0,66.0,38.0,13.0,22.0,155.0,2.0
2005,ASSAM,R.P.O.,14.0,8.0,5.0,7.0,18.0,14.0,1.0
2005,ASSAM,SIBSAGAR,82.0,106.0,73.0,21.0,76.0,416.0,4.0
2005,ASSAM,SONITPUR,94.0,79.0,108.0,53.0,266.0,757.0,5.0
2005,ASSAM,TINSUKIA,102.0,62.0,75.0,42.0,24.0,494.0,4.0
2005,ASSAM,UDALGURI,44.0,78.0,20.0,23.0,32.0,162.0,2.0
2005,BIHAR,ARARIA,83.0,35.0,43.0,79.0,304.0,233.0,5.0
2005,BIHAR,ARWAL,28.0,1.0,9.0,24.0,30.0,66.0,2.0
2005,BIHAR,AURANGABAD,228.0,17.0,33.0,46.0,201.0,356.0,5.0
2005,BIHAR,BAGAHA,143.0,19.0,85.0,5.0,150.0,162.0,4.0
2005,BIHAR,BANKA,95.0,44.0,44.0,47.0,204.0,200.0,4.0
2005,BIHAR,BEGUSARAI,184.0,33.0,65.0,67.0,169.0,412.0,5.0
2005,BIHAR,BETTIAH,189.0,57.0,114.0,66.0,324.0,512.0,5.0
2005,BIHAR,BHABHUA,127.0,15.0,41.0,42.0,115.0,259.0,4.0
2005,BIHAR,BHAGALPUR,153.0,90.0,101.0,72.0,279.0,646.0,5.0
2005,BIHAR,BHOJPUR,346.0,48.0,38.0,78.0,240.0,477.0,5.0
2005,BIHAR,BUXAR,178.0,20.0,30.0,70.0,176.0,469.0,4.0
2005,BIHAR,DARBHANGA,128.0,96.0,54.0,47.0,238.0,510.0,5.0
2005,BIHAR,GAYA,339.0,50.0,77.0,241.0,437.0,598.0,5.0
2005,BIHAR,GOPALGANJ,289.0,26.0,65.0,63.0,197.0,427.0,5.0
2005,BIHAR,JAMALPUR RLY.,8.0,1.0,3.0,20.0,3.0,115.0,1.0
2005,BIHAR,JAMUI,147.0,53.0,46.0,83.0,168.0,186.0,4.0
2005,BIHAR,JEHANABAD,106.0,30.0,19.0,70.0,108.0,227.0,3.0
2005,BIHAR,KATIHAR,120.0,98.0,61.0,53.0,140.0,231.0,5.0
2005,BIHAR,KATIHAR RLY.,11.0,9.0,7.0,15.0,8.0,238.0,1.0
2005,BIHAR,KHAGARIA,89.0,19.0,35.0,51.0,150.0,43.0,4.0
2005,BIHAR,KISHANGANJ,42.0,63.0,84.0,20.0,102.0,209.0,4.0
2005,BIHAR,LAKHISARAI,84.0,9.0,38.0,41.0,66.0,124.0,3.0
2005,BIHAR,MADHEPURA,78.0,21.0,13.0,55.0,105.0,96.0,3.0
2005,BIHAR,MADHUBANI,184.0,77.0,66.0,76.0,336.0,368.0,5.0
2005,BIHAR,MOTIHARI,285.0,37.0,134.0,119.0,396.0,703.0,5.0
2005,BIHAR,MUNGER,125.0,28.0,54.0,83.0,162.0,298.0,4.0
2005,BIHAR,MUZAFFARPUR,164.0,97.0,225.0,143.0,454.0,1244.0,5.0
2005,BIHAR,MUZAFFARPUR RLY.,26.0,1.0,11.0,25.0,19.0,298.0,1.0
2005,BIHAR,NALANDA,269.0,35.0,94.0,128.0,190.0,494.0,5.0
2005,BIHAR,NAUGACHIA,73.0,6.0,36.0,52.0,109.0,103.0,3.0
2005,BIHAR,NAWADAH,175.0,36.0,41.0,46.0,276.0,228.0,5.0
2005,BIHAR,PATNA,548.0,62.0,275.0,760.0,530.0,2123.0,5.0
2005,BIHAR,PATNA RLY.,23.0,6.0,2.0,42.0,6.0,626.0,1.0
2005,BIHAR,PURNEA,154.0,45.0,60.0,133.0,161.0,318.0,5.0
2005,BIHAR,ROHTAS,338.0,30.0,29.0,49.0,160.0,442.0,5.0
2005,BIHAR,SAHARSA,108.0,30.0,40.0,34.0,195.0,218.0,4.0
2005,BIHAR,SAMASTIPUR,335.0,38.0,97.0,80.0,361.0,482.0,5.0
2005,BIHAR,SARAN,491.0,36.0,85.0,76.0,196.0,568.0,5.0
2005,BIHAR,SHEIKHPURA,33.0,1.0,23.0,18.0,58.0,71.0,2.0
2005,BIHAR,SHEOHAR,19.0,11.0,26.0,21.0,81.0,51.0,2.0
2005,BIHAR,SITAMARHI,92.0,44.0,74.0,39.0,257.0,350.0,5.0
2005,BIHAR,SIWAN,139.0,35.0,59.0,169.0,205.0,368.0,5.0
2005,BIHAR,SUPAUL,74.0,40.0,24.0,74.0,228.0,138.0,4.0
2005,BIHAR,VAISHALI,187.0,49.0,133.0,64.0,137.0,652.0,5.0
2005,CHHATTISGARH,BALRAMPUR,50.0,56.0,5.0,30.0,30.0,65.0,2.0
2005,CHHATTISGARH,BILASPUR,159.0,231.0,36.0,54.0,171.0,1373.0,5.0
2005,CHHATTISGARH,BIZAPUR,198.0,8.0,1.0,65.0,23.0,20.0,3.0
2005,CHHATTISGARH,DANTEWARA,109.0,27.0,6.0,16.0,16.0,120.0,2.0
2005,CHHATTISGARH,DHAMTARI,18.0,106.0,9.0,3.0,26.0,272.0,2.0
2005,CHHATTISGARH,DURG,155.0,344.0,28.0,72.0,86.0,1546.0,5.0
2005,CHHATTISGARH,GRP RAIPUR,10.0,8.0,1.0,6.0,6.0,250.0,1.0
2005,CHHATTISGARH,JAGDALPUR,107.0,124.0,9.0,20.0,61.0,382.0,3.0
2005,CHHATTISGARH,JANJGIR,72.0,120.0,10.0,11.0,108.0,557.0,3.0
2005,CHHATTISGARH,JASHPUR,87.0,113.0,19.0,41.0,21.0,175.0,3.0
2005,CHHATTISGARH,KABIRDHAM,26.0,79.0,4.0,1.0,29.0,219.0,2.0
2005,CHHATTISGARH,KANKER,68.0,58.0,11.0,42.0,54.0,128.0,3.0
2005,CHHATTISGARH,KORBA,50.0,75.0,3.0,17.0,43.0,479.0,2.0
2005,CHHATTISGARH,KORIYA,55.0,115.0,5.0,19.0,31.0,286.0,2.0
2005,CHHATTISGARH,MAHASAMUND,30.0,106.0,7.0,12.0,22.0,366.0,2.0
2005,CHHATTISGARH,NARAYANPUR,54.0,7.0,0.0,31.0,7.0,17.0,1.0
2005,CHHATTISGARH,RAIGARH,93.0,99.0,11.0,38.0,75.0,637.0,3.0
2005,CHHATTISGARH,RAIPUR,153.0,360.0,46.0,46.0,120.0,1764.0,5.0
2005,CHHATTISGARH,RAJNANDGAON,66.0,150.0,8.0,23.0,46.0,409.0,3.0
2005,CHHATTISGARH,SARGUJA,79.0,151.0,19.0,38.0,82.0,430.0,4.0
2005,CHHATTISGARH,SURAJPUR,75.0,103.0,8.0,20.0,50.0,267.0,3.0
2005,GOA,NORTH GOA,36.0,26.0,7.0,16.0,39.0,522.0,2.0
2005,GOA,SOUTH GOA,29.0,24.0,10.0,14.0,18.0,346.0,1.0
2005,GUJARAT,AHMEDABAD COMMR.,129.0,89.0,219.0,182.0,156.0,6795.0,5.0
2005,GUJARAT,AHWA-DANG,6.0,10.0,0.0,1.0,3.0,11.0,1.0
2005,GUJARAT,AMRELI,39.0,29.0,49.0,21.0,43.0,354.0,2.0
2005,GUJARAT,ANAND,28.0,35.0,24.0,25.0,29.0,526.0,2.0
2005,GUJARAT,BHARUCH,46.0,24.0,23.0,22.0,41.0,527.0,2.0
2005,GUJARAT,BHAVNAGAR,97.0,93.0,85.0,194.0,231.0,1760.0,5.0
2005,GUJARAT,DAHOD,62.0,37.0,29.0,46.0,68.0,218.0,3.0
2005,GUJARAT,GANDHINAGAR,26.0,17.0,29.0,28.0,35.0,568.0,2.0
2005,GUJARAT,HIMATNAGAR,40.0,54.0,32.0,35.0,76.0,439.0,2.0
2005,GUJARAT,JAMNAGAR,61.0,29.0,20.0,15.0,56.0,628.0,2.0
2005,GUJARAT,JUNAGADH,60.0,67.0,38.0,49.0,84.0,799.0,3.0
2005,GUJARAT,KHEDA NORTH,39.0,53.0,30.0,25.0,50.0,502.0,2.0
2005,GUJARAT,KUTCH,58.0,51.0,45.0,42.0,70.0,750.0,3.0
2005,GUJARAT,MEHSANA,52.0,31.0,55.0,74.0,81.0,975.0,3.0
2005,GUJARAT,NARMADA,17.0,8.0,1.0,6.0,22.0,62.0,1.0
2005,GUJARAT,NAVSARI,17.0,9.0,6.0,11.0,6.0,178.0,1.0
2005,GUJARAT,PALANPUR,65.0,37.0,23.0,31.0,48.0,549.0,2.0
2005,GUJARAT,PANCHMAHAL,56.0,87.0,32.0,28.0,44.0,439.0,2.0
2005,GUJARAT,PATAN,38.0,30.0,22.0,19.0,61.0,419.0,2.0
2005,GUJARAT,PORBANDAR,18.0,6.0,9.0,13.0,13.0,127.0,1.0
2005,GUJARAT,RAJKOT COMMR.,36.0,14.0,37.0,38.0,69.0,1340.0,2.0
2005,GUJARAT,SURAT COMMR.,112.0,73.0,114.0,78.0,126.0,2493.0,5.0
2005,GUJARAT,SURENDRANAGAR,51.0,49.0,38.0,31.0,84.0,479.0,3.0
2005,GUJARAT,VADODARA COMMR.,51.0,18.0,39.0,26.0,180.0,1959.0,3.0
2005,GUJARAT,VALSAD,47.0,28.0,25.0,34.0,31.0,534.0,2.0
2005,GUJARAT,W.RLY,13.0,10.0,4.0,49.0,5.0,1038.0,1.0
2005,HARYANA,AMBALA,42.0,38.0,24.0,16.0,10.0,568.0,2.0
2005,HARYANA,BHIWANI,68.0,38.0,24.0,22.0,140.0,661.0,3.0
2005,HARYANA,FARIDABAD,124.0,81.0,91.0,32.0,198.0,1584.0,5.0
2005,HARYANA,FATEHABAD,36.0,26.0,20.0,6.0,15.0,392.0,2.0
2005,HARYANA,GRP,22.0,4.0,2.0,6.0,11.0,207.0,1.0
2005,HARYANA,GURGAON,109.0,37.0,38.0,48.0,72.0,2044.0,3.0
2005,HARYANA,HISSAR,103.0,56.0,22.0,31.0,55.0,937.0,3.0
2005,HARYANA,JHAJJAR,96.0,29.0,14.0,29.0,58.0,364.0,3.0
2005,HARYANA,JIND,66.0,16.0,12.0,11.0,76.0,330.0,2.0
2005,HARYANA,KAITHAL,44.0,28.0,11.0,7.0,2.0,386.0,2.0
2005,HARYANA,KARNAL,85.0,89.0,31.0,32.0,48.0,1003.0,3.0
2005,HARYANA,KURUKSHETRA,42.0,48.0,15.0,34.0,6.0,675.0,2.0
2005,HARYANA,MAHENDRAGARH,21.0,28.0,13.0,8.0,54.0,226.0,2.0
2005,HARYANA,MEWAT,54.0,46.0,9.0,24.0,99.0,303.0,3.0
2005,HARYANA,PANCHKULA,11.0,15.0,15.0,3.0,4.0,446.0,1.0
2005,HARYANA,PANIPAT,68.0,67.0,35.0,43.0,36.0,809.0,3.0
2005,HARYANA,REWARI,45.0,34.0,20.0,26.0,47.0,426.0,2.0
2005,HARYANA,ROHTAK,97.0,46.0,16.0,34.0,46.0,730.0,3.0
2005,HARYANA,SIRSA,56.0,32.0,16.0,14.0,22.0,501.0,2.0
2005,HARYANA,SONIPAT,116.0,49.0,39.0,37.0,14.0,736.0,3.0
2005,HARYANA,YAMUNANAGAR,49.0,34.0,25.0,15.0,5.0,569.0,2.0
2005,HIMACHAL PRADESH,BILASPUR,23.0,38.0,9.0,2.0,48.0,123.0,2.0
2005,HIMACHAL PRADESH,CHAMBA,18.0,32.0,8.0,1.0,23.0,148.0,1.0
2005,HIMACHAL PRADESH,G.R.P.,0.0,0.0,0.0,0.0,0.0,7.0,1.0
2005,HIMACHAL PRADESH,HAMIRPUR,9.0,15.0,4.0,0.0,42.0,125.0,1.0
2005,HIMACHAL PRADESH,KANGRA,40.0,50.0,22.0,6.0,112.0,228.0,3.0
2005,HIMACHAL PRADESH,KINNAUR,4.0,10.0,3.0,2.0,10.0,46.0,1.0
2005,HIMACHAL PRADESH,KULLU,24.0,42.0,24.0,9.0,51.0,165.0,2.0
2005,HIMACHAL PRADESH,LAHAUL-SPITI,0.0,0.0,1.0,0.0,0.0,3.0,1.0
2005,HIMACHAL PRADESH,MANDI,20.0,78.0,10.0,2.0,62.0,148.0,2.0
2005,HIMACHAL PRADESH,SHIMLA,22.0,83.0,14.0,3.0,130.0,309.0,3.0
2005,HIMACHAL PRADESH,SIRMAUR,17.0,31.0,9.0,0.0,62.0,79.0,2.0
2005,HIMACHAL PRADESH,SOLAN,20.0,37.0,9.0,2.0,70.0,125.0,2.0
2005,HIMACHAL PRADESH,UNA,14.0,11.0,5.0,1.0,45.0,131.0,1.0
2005,JAMMU & KASHMIR,ANANTNAG,91.0,72.0,83.0,26.0,76.0,299.0,3.0
2005,JAMMU & KASHMIR,AWANTIPORA,36.0,32.0,11.0,1.0,17.0,96.0,1.0
2005,JAMMU & KASHMIR,BARAMULLA,175.0,182.0,109.0,11.0,158.0,345.0,5.0
2005,JAMMU & KASHMIR,BORDER,22.0,12.0,9.0,0.0,21.0,50.0,1.0
2005,JAMMU & KASHMIR,BUDGAM,59.0,81.0,63.0,3.0,131.0,235.0,3.0
2005,JAMMU & KASHMIR,CRIME JAMMU,2.0,0.0,0.0,0.0,0.0,43.0,1.0
2005,JAMMU & KASHMIR,CRIME SRINAGAR,0.0,0.0,0.0,0.0,0.0,92.0,1.0
2005,JAMMU & KASHMIR,DODA,149.0,13.0,14.0,0.0,39.0,100.0,2.0
2005,JAMMU & KASHMIR,GANDERBAL,17.0,47.0,39.0,7.0,68.0,106.0,2.0
2005,JAMMU & KASHMIR,HANDWARA,58.0,54.0,30.0,6.0,46.0,84.0,2.0
2005,JAMMU & KASHMIR,JAMMU,89.0,42.0,42.0,2.0,78.0,643.0,3.0
2005,JAMMU & KASHMIR,KARGIL,0.0,4.0,2.0,0.0,3.0,15.0,1.0
2005,JAMMU & KASHMIR,KATHUA,42.0,19.0,16.0,2.0,21.0,75.0,2.0
2005,JAMMU & KASHMIR,KULGAM,47.0,34.0,43.0,11.0,69.0,115.0,2.0
2005,JAMMU & KASHMIR,KUPWARA,83.0,51.0,40.0,0.0,112.0,119.0,3.0
2005,JAMMU & KASHMIR,LEH,3.0,9.0,3.0,0.0,13.0,24.0,1.0
2005,JAMMU & KASHMIR,POONCH,121.0,18.0,16.0,0.0,60.0,95.0,2.0
2005,JAMMU & KASHMIR,PULWAMA,113.0,47.0,37.0,15.0,201.0,179.0,4.0
2005,JAMMU & KASHMIR,RAJOURI,114.0,36.0,23.0,2.0,120.0,123.0,3.0
2005,JAMMU & KASHMIR,RAMBAN,93.0,10.0,12.0,2.0,23.0,78.0,2.0
2005,JAMMU & KASHMIR,REASI,66.0,3.0,12.0,0.0,6.0,49.0,1.0
2005,JAMMU & KASHMIR,SRINAGAR,173.0,237.0,132.0,40.0,176.0,718.0,5.0
2005,JAMMU & KASHMIR,UDHAMPUR,35.0,28.0,11.0,1.0,23.0,126.0,2.0
2005,JHARKHAND,BOKARO,62.0,36.0,43.0,79.0,153.0,817.0,4.0
2005,JHARKHAND,CHAIBASA,171.0,55.0,2.0,32.0,32.0,178.0,3.0
2005,JHARKHAND,CHATRA,27.0,12.0,9.0,35.0,83.0,106.0,2.0
2005,JHARKHAND,DEOGHAR,108.0,61.0,10.0,25.0,171.0,328.0,4.0
2005,JHARKHAND,DHANBAD,174.0,48.0,68.0,123.0,304.0,1004.0,5.0
2005,JHARKHAND,DHANBAD RLY.,5.0,2.0,2.0,44.0,4.0,27.0,1.0
2005,JHARKHAND,DUMKA,77.0,49.0,23.0,15.0,158.0,267.0,4.0
2005,JHARKHAND,GARHWA,52.0,17.0,20.0,25.0,132.0,143.0,3.0
2005,JHARKHAND,GIRIDIH,166.0,82.0,41.0,89.0,226.0,445.0,5.0
2005,JHARKHAND,GODDA,133.0,74.0,29.0,17.0,172.0,207.0,4.0
2005,JHARKHAND,GUMLA,181.0,55.0,17.0,53.0,38.0,105.0,4.0
2005,JHARKHAND,HAZARIBAGH,149.0,89.0,55.0,181.0,296.0,963.0,5.0
2005,JHARKHAND,JAMSHEDPUR,198.0,71.0,43.0,66.0,95.0,1164.0,4.0
2005,JHARKHAND,JAMSHEDPUR RLY.,8.0,3.0,2.0,14.0,1.0,139.0,1.0
2005,JHARKHAND,JAMTARA,49.0,17.0,6.0,17.0,70.0,120.0,2.0
2005,JHARKHAND,KODERMA,35.0,16.0,14.0,40.0,44.0,147.0,2.0
2005,JHARKHAND,LATEHAR,36.0,14.0,6.0,39.0,14.0,78.0,2.0
2005,JHARKHAND,LOHARDAGGA,95.0,36.0,18.0,38.0,62.0,140.0,3.0
2005,JHARKHAND,PAKUR,123.0,42.0,9.0,12.0,97.0,95.0,3.0
2005,JHARKHAND,PALAMU,130.0,40.0,44.0,43.0,238.0,304.0,4.0
2005,JHARKHAND,RANCHI,426.0,116.0,105.0,272.0,185.0,1452.0,5.0
2005,JHARKHAND,SAHEBGANJ,94.0,50.0,26.0,17.0,80.0,155.0,3.0
2005,JHARKHAND,SARAIKELA,110.0,39.0,19.0,25.0,52.0,221.0,3.0
2005,JHARKHAND,SIMDEGA,85.0,22.0,10.0,23.0,19.0,86.0,2.0
2005,KARNATAKA,BAGALKOT,73.0,47.0,15.0,26.0,213.0,265.0,3.0
2005,KARNATAKA,BANGALORE COMMR.,529.0,205.0,131.0,629.0,382.0,13193.0,5.0
2005,KARNATAKA,BELGAUM,196.0,87.0,41.0,47.0,334.0,752.0,5.0
2005,KARNATAKA,BELLARY,93.0,70.0,21.0,35.0,280.0,575.0,4.0
2005,KARNATAKA,BIDAR,83.0,49.0,12.0,24.0,174.0,372.0,3.0
2005,KARNATAKA,BIJAPUR,112.0,111.0,22.0,24.0,338.0,354.0,4.0
2005,KARNATAKA,CHAMARAJNAGAR,54.0,50.0,8.0,6.0,89.0,227.0,2.0
2005,KARNATAKA,CHICKMAGALUR,60.0,49.0,9.0,17.0,143.0,374.0,3.0
2005,KARNATAKA,CHITRADURGA,38.0,77.0,6.0,14.0,236.0,388.0,3.0
2005,KARNATAKA,DAKSHIN KANNADA,65.0,54.0,14.0,49.0,250.0,581.0,4.0
2005,KARNATAKA,DAVANAGERE,61.0,80.0,14.0,26.0,187.0,501.0,3.0
2005,KARNATAKA,DHARWAD COMMR.,28.0,2.0,7.0,23.0,76.0,497.0,2.0
2005,KARNATAKA,GADAG,44.0,17.0,7.0,15.0,124.0,144.0,2.0
2005,KARNATAKA,GULBARGA,226.0,135.0,33.0,34.0,529.0,564.0,5.0
2005,KARNATAKA,HASSAN,126.0,59.0,21.0,37.0,161.0,527.0,4.0
2005,KARNATAKA,HAVERI,35.0,31.0,6.0,5.0,233.0,207.0,3.0
2005,KARNATAKA,K.G.F.,36.0,23.0,8.0,5.0,52.0,167.0,2.0
2005,KARNATAKA,KODAGU,65.0,28.0,10.0,9.0,47.0,220.0,2.0
2005,KARNATAKA,KOLAR,127.0,61.0,30.0,34.0,359.0,532.0,5.0
2005,KARNATAKA,KOPPAL,62.0,32.0,8.0,18.0,136.0,195.0,3.0
2005,KARNATAKA,MANDYA,100.0,73.0,12.0,16.0,197.0,470.0,4.0
2005,KARNATAKA,MYSORE COMMR.,81.0,25.0,16.0,89.0,43.0,820.0,3.0
2005,KARNATAKA,RAICHUR,90.0,74.0,10.0,14.0,220.0,258.0,3.0
2005,KARNATAKA,SHIMOGA,88.0,105.0,27.0,31.0,234.0,549.0,4.0
2005,KARNATAKA,TUMKUR,123.0,73.0,24.0,34.0,234.0,765.0,4.0
2005,KARNATAKA,UDUPI,45.0,34.0,9.0,21.0,150.0,248.0,3.0
2005,KARNATAKA,UTTAR KANNADA,47.0,45.0,7.0,14.0,89.0,175.0,2.0
2005,KERALA,ALAPUZHA,47.0,187.0,18.0,34.0,309.0,656.0,4.0
2005,KERALA,CBCID,13.0,1.0,0.0,4.0,35.0,40.0,1.0
2005,KERALA,ERNAKULAM COMMR.,38.0,40.0,6.0,50.0,174.0,921.0,3.0
2005,KERALA,IDUKKI,58.0,153.0,7.0,24.0,228.0,487.0,4.0
2005,KERALA,KANNUR,43.0,146.0,7.0,20.0,697.0,515.0,5.0
2005,KERALA,KASARGOD,27.0,97.0,9.0,26.0,456.0,407.0,4.0
2005,KERALA,KOLLAM,82.0,367.0,21.0,67.0,579.0,1001.0,5.0
2005,KERALA,KOTTAYAM,41.0,192.0,17.0,37.0,371.0,1137.0,4.0
2005,KERALA,KOZHIKODE COMMR.,31.0,63.0,12.0,35.0,259.0,697.0,4.0
2005,KERALA,MALAPPURAM,62.0,180.0,13.0,32.0,665.0,977.0,5.0
2005,KERALA,PALAKKAD,68.0,119.0,10.0,23.0,391.0,748.0,5.0
2005,KERALA,PATHANAMTHITTA,39.0,153.0,9.0,15.0,191.0,458.0,3.0
2005,KERALA,THRISSUR,82.0,199.0,23.0,92.0,608.0,1115.0,5.0
2005,KERALA,TRIVANDRUM COMMR.,28.0,170.0,21.0,107.0,338.0,1044.0,5.0
2005,KERALA,WAYANADU,13.0,93.0,6.0,13.0,188.0,337.0,3.0
2005,MADHYA PRADESH,ANUPPUR,35.0,103.0,7.0,19.0,12.0,244.0,2.0
2005,MADHYA PRADESH,ASHOK NAGAR,84.0,160.0,7.0,13.0,42.0,219.0,3.0
2005,MADHYA PRADESH,BALAGHAT,102.0,213.0,10.0,9.0,72.0,355.0,3.0
2005,MADHYA PRADESH,BARWANI,65.0,133.0,5.0,7.0,40.0,343.0,2.0
2005,MADHYA PRADESH,BETUL,97.0,266.0,14.0,15.0,23.0,392.0,4.0
2005,MADHYA PRADESH,BHIND,218.0,102.0,21.0,70.0,131.0,467.0,4.0
2005,MADHYA PRADESH,BHOPAL,143.0,256.0,31.0,113.0,81.0,2332.0,4.0
2005,MADHYA PRADESH,BHOPAL RLY.,5.0,12.0,1.0,12.0,8.0,1204.0,1.0
2005,MADHYA PRADESH,BURHANPUR,25.0,65.0,1.0,12.0,21.0,197.0,1.0
2005,MADHYA PRADESH,CHHATARPUR,140.0,208.0,12.0,34.0,80.0,379.0,4.0
2005,MADHYA PRADESH,CHHINDWARA,106.0,287.0,19.0,16.0,67.0,475.0,4.0
2005,MADHYA PRADESH,DAMOH,108.0,156.0,12.0,18.0,16.0,263.0,3.0
2005,MADHYA PRADESH,DATIYA,98.0,96.0,20.0,32.0,36.0,249.0,3.0
2005,MADHYA PRADESH,DEWAS,134.0,272.0,32.0,37.0,144.0,1084.0,4.0
2005,MADHYA PRADESH,DHAR,169.0,314.0,40.0,54.0,137.0,926.0,5.0
2005,MADHYA PRADESH,DINDORI,28.0,89.0,1.0,1.0,10.0,64.0,2.0
2005,MADHYA PRADESH,GUNA,77.0,253.0,5.0,38.0,101.0,472.0,4.0
2005,MADHYA PRADESH,GWALIOR,254.0,225.0,44.0,147.0,151.0,2441.0,5.0
2005,MADHYA PRADESH,HARDA,33.0,73.0,7.0,10.0,13.0,161.0,2.0
2005,MADHYA PRADESH,HOSHANGABAD,116.0,188.0,16.0,38.0,70.0,625.0,4.0
2005,MADHYA PRADESH,INDORE,248.0,323.0,59.0,102.0,154.0,3863.0,5.0
2005,MADHYA PRADESH,INDORE RLY.,2.0,9.0,0.0,5.0,0.0,138.0,1.0
2005,MADHYA PRADESH,JABALPUR,208.0,402.0,36.0,74.0,86.0,1379.0,5.0
2005,MADHYA PRADESH,JABALPUR RLY.,5.0,10.0,0.0,18.0,2.0,376.0,1.0
2005,MADHYA PRADESH,JHABUA,198.0,99.0,48.0,14.0,72.0,260.0,4.0
2005,MADHYA PRADESH,KATNI,58.0,150.0,3.0,20.0,34.0,382.0,2.0
2005,MADHYA PRADESH,KHANDWA,91.0,253.0,36.0,31.0,74.0,863.0,4.0
2005,MADHYA PRADESH,KHARGON,83.0,212.0,9.0,26.0,83.0,842.0,3.0
2005,MADHYA PRADESH,MANDLA,59.0,136.0,8.0,9.0,10.0,143.0,2.0
2005,MADHYA PRADESH,MANDSAUR,66.0,160.0,18.0,36.0,70.0,593.0,3.0
2005,MADHYA PRADESH,MORENA,170.0,121.0,30.0,79.0,195.0,718.0,5.0
2005,MADHYA PRADESH,NARSINGHPUR,90.0,221.0,2.0,17.0,36.0,219.0,3.0
2005,MADHYA PRADESH,NEEMUCH,33.0,95.0,9.0,16.0,34.0,518.0,2.0
2005,MADHYA PRADESH,PANNA,60.0,118.0,12.0,14.0,27.0,218.0,2.0
2005,MADHYA PRADESH,RAISEN,101.0,251.0,14.0,21.0,81.0,355.0,4.0
2005,MADHYA PRADESH,RAJGARH,73.0,233.0,19.0,25.0,194.0,586.0,4.0
2005,MADHYA PRADESH,RATLAM,87.0,201.0,13.0,28.0,43.0,655.0,3.0
2005,MADHYA PRADESH,REWA,100.0,171.0,26.0,46.0,104.0,910.0,4.0
2005,MADHYA PRADESH,SAGAR,181.0,472.0,31.0,51.0,115.0,973.0,5.0
2005,MADHYA PRADESH,SATNA,134.0,270.0,18.0,47.0,70.0,847.0,4.0
2005,MADHYA PRADESH,SEONI,41.0,199.0,10.0,10.0,32.0,225.0,2.0
2005,MADHYA PRADESH,SHAHDOL,64.0,199.0,6.0,21.0,41.0,490.0,2.0
2005,MADHYA PRADESH,SHAJAPUR,77.0,246.0,15.0,61.0,99.0,809.0,4.0
2005,MADHYA PRADESH,SHEOPUR,30.0,63.0,4.0,8.0,29.0,151.0,2.0
2005,MADHYA PRADESH,SHIVPURI,159.0,157.0,22.0,33.0,77.0,489.0,4.0
2005,MADHYA PRADESH,SIDHI,66.0,179.0,22.0,16.0,42.0,606.0,3.0
2005,MADHYA PRADESH,SIHORE,97.0,149.0,11.0,19.0,49.0,565.0,3.0
2005,MADHYA PRADESH,TIKAMGARH,91.0,146.0,15.0,24.0,63.0,392.0,3.0
2005,MADHYA PRADESH,UJJAIN,189.0,246.0,28.0,98.0,101.0,1599.0,5.0
2005,MADHYA PRADESH,UMARIYA,59.0,89.0,3.0,9.0,19.0,197.0,2.0
2005,MADHYA PRADESH,VIDISHA,94.0,296.0,15.0,31.0,99.0,529.0,4.0
2005,MAHARASHTRA,AHMEDNAGAR,149.0,147.0,33.0,113.0,232.0,1595.0,5.0
2005,MAHARASHTRA,AKOLA,88.0,103.0,24.0,66.0,163.0,1632.0,4.0
2005,MAHARASHTRA,AMRAVATI COMMR.,57.0,54.0,11.0,15.0,97.0,1026.0,2.0
2005,MAHARASHTRA,AURANGABAD COMMR.,49.0,57.0,12.0,65.0,133.0,947.0,3.0
2005,MAHARASHTRA,BEED,115.0,124.0,26.0,88.0,472.0,1162.0,5.0
2005,MAHARASHTRA,BHANDARA,41.0,79.0,17.0,13.0,95.0,704.0,2.0
2005,MAHARASHTRA,BULDHANA,113.0,152.0,23.0,41.0,235.0,1255.0,4.0
2005,MAHARASHTRA,CHANDRAPUR,79.0,134.0,17.0,38.0,154.0,1101.0,4.0
2005,MAHARASHTRA,DHULE,77.0,42.0,9.0,20.0,116.0,490.0,3.0
2005,MAHARASHTRA,GADCHIROLI,108.0,84.0,5.0,38.0,84.0,256.0,3.0
2005,MAHARASHTRA,GONDIA,50.0,128.0,18.0,20.0,64.0,616.0,2.0
2005,MAHARASHTRA,HINGOLI,46.0,60.0,15.0,50.0,191.0,384.0,3.0
2005,MAHARASHTRA,JALGAON,131.0,144.0,26.0,45.0,212.0,1346.0,4.0
2005,MAHARASHTRA,JALNA,79.0,73.0,13.0,77.0,218.0,618.0,4.0
2005,MAHARASHTRA,KOLHAPUR,129.0,73.0,25.0,34.0,177.0,1230.0,4.0
2005,MAHARASHTRA,LATUR,90.0,85.0,22.0,47.0,210.0,694.0,4.0
2005,MAHARASHTRA,MUMBAI,356.0,586.0,198.0,409.0,271.0,17278.0,5.0
2005,MAHARASHTRA,MUMBAI RLY.,6.0,14.0,7.0,29.0,16.0,1624.0,1.0
2005,MAHARASHTRA,NAGPUR COMMR.,177.0,128.0,57.0,200.0,272.0,4300.0,5.0
2005,MAHARASHTRA,NAGPUR RLY.,12.0,8.0,3.0,25.0,4.0,916.0,1.0
2005,MAHARASHTRA,NANDED,185.0,126.0,42.0,116.0,337.0,1086.0,5.0
2005,MAHARASHTRA,NANDURBAR,49.0,40.0,3.0,11.0,67.0,281.0,2.0
2005,MAHARASHTRA,NASIK COMMR.,47.0,56.0,16.0,23.0,102.0,1406.0,3.0
2005,MAHARASHTRA,NAVI MUMBAI,74.0,61.0,15.0,92.0,118.0,1745.0,4.0
2005,MAHARASHTRA,OSMANABAD,60.0,64.0,7.0,38.0,134.0,706.0,3.0
2005,MAHARASHTRA,PARBHANI,74.0,54.0,13.0,46.0,197.0,585.0,4.0
2005,MAHARASHTRA,PUNE COMMR.,198.0,186.0,102.0,217.0,490.0,6204.0,5.0
2005,MAHARASHTRA,PUNE RLY.,2.0,2.0,0.0,7.0,3.0,162.0,1.0
2005,MAHARASHTRA,RAIGAD,63.0,72.0,8.0,49.0,145.0,631.0,3.0
2005,MAHARASHTRA,RATNAGIRI,24.0,67.0,7.0,19.0,98.0,514.0,2.0
2005,MAHARASHTRA,SANGLI,90.0,89.0,32.0,50.0,151.0,1160.0,4.0
2005,MAHARASHTRA,SATARA,98.0,92.0,26.0,60.0,174.0,1219.0,4.0
2005,MAHARASHTRA,SINDHUDURG,25.0,24.0,4.0,11.0,59.0,250.0,2.0
2005,MAHARASHTRA,SOLAPUR COMMR.,39.0,37.0,10.0,49.0,93.0,671.0,3.0
2005,MAHARASHTRA,THANE COMMR.,161.0,170.0,85.0,175.0,305.0,3817.0,5.0
2005,MAHARASHTRA,WARDHA,79.0,145.0,31.0,35.0,127.0,859.0,4.0
2005,MAHARASHTRA,WASHIM,49.0,75.0,15.0,24.0,127.0,570.0,3.0
2005,MAHARASHTRA,YAVATMAL,154.0,192.0,43.0,74.0,201.0,1669.0,5.0
2005,MANIPUR,BISHNUPUR,68.0,6.0,7.0,0.0,10.0,32.0,1.0
2005,MANIPUR,CHANDEL,30.0,2.0,1.0,6.0,11.0,10.0,1.0
2005,MANIPUR,CHURACHANDPUR,75.0,2.0,4.0,0.0,2.0,21.0,1.0
2005,MANIPUR,IMPHAL(EAST),88.0,7.0,28.0,1.0,25.0,89.0,2.0
2005,MANIPUR,IMPHAL(WEST),118.0,22.0,41.0,4.0,70.0,234.0,3.0
2005,MANIPUR,SENAPATI,22.0,0.0,3.0,1.0,19.0,12.0,1.0
2005,MANIPUR,TAMENGLONG,9.0,1.0,1.0,0.0,10.0,5.0,1.0
2005,MANIPUR,THOUBAL,85.0,10.0,20.0,0.0,18.0,53.0,2.0
2005,MANIPUR,UKHRUL,17.0,0.0,1.0,0.0,25.0,23.0,1.0
2005,MEGHALAYA,GARO HILLS EAST,17.0,4.0,7.0,18.0,16.0,52.0,1.0
2005,MEGHALAYA,GARO HILLS SOUTH,7.0,2.0,2.0,5.0,1.0,18.0,1.0
2005,MEGHALAYA,GARO HILLS WEST,15.0,12.0,11.0,19.0,40.0,70.0,1.0
2005,MEGHALAYA,JAINTIA HILLS,46.0,20.0,7.0,19.0,9.0,84.0,2.0
2005,MEGHALAYA,KHASI HILLS EAST,52.0,35.0,19.0,67.0,37.0,349.0,3.0
2005,MEGHALAYA,KHASI HILLS WEST,15.0,19.0,0.0,28.0,0.0,47.0,1.0
2005,MEGHALAYA,RI-BHOI,19.0,15.0,2.0,20.0,9.0,61.0,1.0
2005,MIZORAM,AIZAWL,10.0,20.0,5.0,4.0,16.0,342.0,1.0
2005,MIZORAM,CHAMPHAI,8.0,12.0,1.0,0.0,4.0,134.0,1.0
2005,MIZORAM,KOLASIB,3.0,2.0,0.0,0.0,1.0,102.0,1.0
2005,MIZORAM,LAWNGTLAI,6.0,8.0,2.0,1.0,7.0,141.0,1.0
2005,MIZORAM,LUNGLEI,9.0,14.0,2.0,3.0,11.0,292.0,1.0
2005,MIZORAM,MAMIT,7.0,9.0,2.0,0.0,1.0,42.0,1.0
2005,MIZORAM,SAIHA,5.0,11.0,1.0,1.0,12.0,177.0,1.0
2005,MIZORAM,SERCHHIP,5.0,10.0,0.0,0.0,3.0,58.0,1.0
2005,NAGALAND,DIMAPUR,28.0,7.0,5.0,60.0,0.0,169.0,2.0
2005,NAGALAND,KIPHIRE,1.0,0.0,0.0,0.0,0.0,4.0,1.0
2005,NAGALAND,KOHIMA,26.0,5.0,12.0,17.0,0.0,104.0,1.0
2005,NAGALAND,MOKOKCHUNG,6.0,1.0,0.0,1.0,1.0,21.0,1.0
2005,NAGALAND,MON,18.0,2.0,1.0,5.0,1.0,32.0,1.0
2005,NAGALAND,PEREN,8.0,5.0,0.0,0.0,0.0,12.0,1.0
2005,NAGALAND,PHEK,4.0,2.0,2.0,6.0,1.0,17.0,1.0
2005,NAGALAND,TUENSANG,12.0,1.0,2.0,0.0,8.0,17.0,1.0
2005,NAGALAND,WOKHA,15.0,0.0,4.0,2.0,1.0,42.0,1.0
2005,NAGALAND,ZUNHEBOTO,3.0,1.0,0.0,1.0,0.0,27.0,1.0
2005,ODISHA,ANGUL,88.0,163.0,15.0,52.0,124.0,449.0,3.0
2005,ODISHA,BALASORE,48.0,175.0,41.0,37.0,76.0,460.0,3.0
2005,ODISHA,BARAGARH,87.0,133.0,12.0,26.0,96.0,356.0,3.0
2005,ODISHA,BERHAMPUR,77.0,117.0,7.0,79.0,50.0,362.0,2.0
2005,ODISHA,BHADRAK,49.0,127.0,18.0,17.0,50.0,202.0,2.0
2005,ODISHA,BOLANGIR,122.0,163.0,40.0,35.0,79.0,275.0,4.0
2005,ODISHA,BOUDH,20.0,42.0,2.0,4.0,20.0,52.0,1.0
2005,ODISHA,CUTTACK,153.0,53.0,71.0,148.0,93.0,1215.0,5.0
2005,ODISHA,DEOGARH,31.0,76.0,8.0,25.0,25.0,70.0,2.0
2005,ODISHA,DHENKANAL,92.0,147.0,12.0,28.0,107.0,249.0,3.0
2005,ODISHA,GAJAPATI,32.0,44.0,6.0,3.0,25.0,90.0,1.0
2005,ODISHA,GANJAM,128.0,205.0,25.0,49.0,87.0,297.0,4.0
2005,ODISHA,JAGATSINGHPUR,66.0,21.0,11.0,29.0,31.0,221.0,2.0
2005,ODISHA,JAJPUR,50.0,57.0,39.0,49.0,58.0,257.0,3.0
2005,ODISHA,JHARSUGUDA,26.0,71.0,6.0,21.0,62.0,243.0,2.0
2005,ODISHA,KALAHANDI,56.0,70.0,11.0,34.0,103.0,188.0,3.0
2005,ODISHA,KANDHAMAL,39.0,131.0,20.0,13.0,28.0,129.0,2.0
2005,ODISHA,KENDRAPARA,72.0,36.0,20.0,30.0,29.0,193.0,2.0
2005,ODISHA,KEONJHAR,137.0,125.0,21.0,45.0,83.0,396.0,4.0
2005,ODISHA,KHURDA,117.0,99.0,65.0,144.0,108.0,2003.0,5.0
2005,ODISHA,KORAPUT,67.0,161.0,27.0,24.0,80.0,294.0,3.0
2005,ODISHA,MALKANGIR,76.0,30.0,7.0,11.0,34.0,70.0,2.0
2005,ODISHA,MAYURBHANJ,112.0,238.0,40.0,32.0,41.0,366.0,4.0
2005,ODISHA,NAYAGARH,35.0,27.0,25.0,19.0,49.0,220.0,2.0
2005,ODISHA,NOWRANGPUR,42.0,67.0,8.0,13.0,60.0,111.0,2.0
2005,ODISHA,NUAPADA,14.0,44.0,7.0,17.0,32.0,119.0,1.0
2005,ODISHA,PURI,188.0,55.0,24.0,54.0,53.0,497.0,4.0
2005,ODISHA,RAYAGADA,47.0,61.0,3.0,23.0,58.0,134.0,2.0
2005,ODISHA,ROURKELA,43.0,68.0,12.0,18.0,16.0,388.0,2.0
2005,ODISHA,SAMBALPUR,128.0,91.0,25.0,55.0,66.0,466.0,3.0
2005,ODISHA,SONEPUR,24.0,47.0,1.0,2.0,36.0,59.0,1.0
2005,ODISHA,SRP(CUTTACK),5.0,5.0,1.0,10.0,2.0,291.0,1.0
2005,ODISHA,SRP(ROURKELA),4.0,7.0,3.0,3.0,3.0,112.0,1.0
2005,ODISHA,SUNDARGARH,131.0,81.0,8.0,33.0,37.0,279.0,3.0
2005,PUNJAB,AMRITSAR,79.0,11.0,20.0,4.0,0.0,387.0,2.0
2005,PUNJAB,BARNALA,25.0,22.0,2.0,1.0,2.0,154.0,1.0
2005,PUNJAB,BATALA,53.0,31.0,18.0,1.0,0.0,263.0,2.0
2005,PUNJAB,BHATINDA,170.0,53.0,37.0,4.0,5.0,566.0,3.0
2005,PUNJAB,FARIDKOT,54.0,16.0,10.0,2.0,0.0,188.0,1.0
2005,PUNJAB,FATEHGARH SAHIB,23.0,7.0,6.0,4.0,0.0,182.0,1.0
2005,PUNJAB,FEROZPUR,88.0,34.0,14.0,2.0,4.0,395.0,2.0
2005,PUNJAB,G.R.P,8.0,5.0,1.0,1.0,1.0,46.0,1.0
2005,PUNJAB,GURDASPUR,54.0,27.0,17.0,2.0,5.0,173.0,2.0
2005,PUNJAB,HOSHIARPUR,74.0,34.0,19.0,8.0,5.0,266.0,2.0
2005,PUNJAB,JAGRAON,41.0,21.0,16.0,5.0,0.0,198.0,1.0
2005,PUNJAB,JALANDHAR,157.0,64.0,80.0,13.0,8.0,1031.0,4.0
2005,PUNJAB,KAPURTHALA,53.0,39.0,24.0,4.0,3.0,323.0,2.0
2005,PUNJAB,KHANNA,46.0,23.0,12.0,8.0,1.0,214.0,2.0
2005,PUNJAB,LUDHIANA,130.0,68.0,52.0,7.0,5.0,925.0,3.0
2005,PUNJAB,MAJITHA,58.0,11.0,18.0,4.0,5.0,185.0,2.0
2005,PUNJAB,MANSA,72.0,20.0,11.0,3.0,1.0,159.0,2.0
2005,PUNJAB,MOGA,66.0,15.0,18.0,3.0,0.0,274.0,2.0
2005,PUNJAB,MUKTSAR,60.0,36.0,23.0,2.0,5.0,257.0,2.0
2005,PUNJAB,NAWAN SHAHR,38.0,22.0,12.0,18.0,2.0,286.0,2.0
2005,PUNJAB,PATIALA,101.0,49.0,24.0,12.0,0.0,765.0,2.0
2005,PUNJAB,ROPAR,37.0,34.0,12.0,1.0,1.0,343.0,2.0
2005,PUNJAB,SANGRUR,86.0,25.0,21.0,3.0,3.0,352.0,2.0
2005,PUNJAB,TARN TARAN,79.0,39.0,11.0,0.0,0.0,165.0,2.0
2005,RAJASTHAN,AJMER,99.0,87.0,89.0,33.0,64.0,1542.0,4.0
2005,RAJASTHAN,ALWAR,176.0,162.0,86.0,43.0,184.0,1733.0,5.0
2005,RAJASTHAN,BANSWARA,41.0,112.0,33.0,9.0,138.0,237.0,3.0
2005,RAJASTHAN,BARAN,114.0,166.0,47.0,9.0,43.0,476.0,3.0
2005,RAJASTHAN,BARMER,56.0,105.0,26.0,3.0,35.0,385.0,2.0
2005,RAJASTHAN,BHARATPUR,203.0,90.0,88.0,27.0,34.0,1163.0,4.0
2005,RAJASTHAN,BHILWARA,91.0,126.0,136.0,46.0,157.0,1441.0,5.0
2005,RAJASTHAN,BIKANER,125.0,97.0,20.0,16.0,14.0,706.0,3.0
2005,RAJASTHAN,BUNDI,95.0,146.0,70.0,8.0,48.0,420.0,3.0
2005,RAJASTHAN,CHITTORGARH,110.0,179.0,133.0,31.0,171.0,1119.0,5.0
2005,RAJASTHAN,CHURU,53.0,78.0,28.0,9.0,30.0,392.0,2.0
2005,RAJASTHAN,DAUSA,48.0,24.0,30.0,9.0,68.0,781.0,2.0
2005,RAJASTHAN,DHOLPUR,119.0,55.0,53.0,22.0,52.0,443.0,3.0
2005,RAJASTHAN,DUNGARPUR,33.0,48.0,31.0,10.0,97.0,127.0,2.0
2005,RAJASTHAN,G.R.P.,7.0,17.0,2.0,10.0,4.0,474.0,1.0
2005,RAJASTHAN,GANGANAGAR,173.0,103.0,53.0,17.0,22.0,1163.0,4.0
2005,RAJASTHAN,HANUMANGARH,127.0,94.0,28.0,11.0,8.0,662.0,3.0
2005,RAJASTHAN,JAIPUR,189.0,294.0,211.0,52.0,536.0,6919.0,5.0
2005,RAJASTHAN,JAISALMER,8.0,18.0,9.0,4.0,16.0,209.0,1.0
2005,RAJASTHAN,JALORE,37.0,47.0,22.0,3.0,25.0,326.0,2.0
2005,RAJASTHAN,JHALAWAR,128.0,200.0,68.0,25.0,159.0,620.0,4.0
2005,RAJASTHAN,JHUNJHUNU,40.0,76.0,29.0,7.0,114.0,554.0,3.0
2005,RAJASTHAN,JODHPUR,150.0,127.0,75.0,53.0,83.0,2203.0,4.0
2005,RAJASTHAN,KARAULI,48.0,62.0,62.0,6.0,18.0,568.0,3.0
2005,RAJASTHAN,KOTA,352.0,194.0,109.0,45.0,48.0,1866.0,5.0
2005,RAJASTHAN,NAGAUR,69.0,202.0,43.0,12.0,33.0,771.0,3.0
2005,RAJASTHAN,PALI,71.0,181.0,68.0,16.0,49.0,755.0,3.0
2005,RAJASTHAN,RAJSAMAND,37.0,37.0,47.0,7.0,48.0,362.0,2.0
2005,RAJASTHAN,SAWAI MADHOPUR,52.0,51.0,36.0,13.0,13.0,588.0,2.0
2005,RAJASTHAN,SIKAR,97.0,43.0,68.0,7.0,139.0,728.0,4.0
2005,RAJASTHAN,SIROHI,56.0,74.0,24.0,17.0,96.0,390.0,3.0
2005,RAJASTHAN,TONK,51.0,55.0,64.0,8.0,116.0,646.0,3.0
2005,RAJASTHAN,UDAIPUR,145.0,146.0,105.0,43.0,276.0,1310.0,5.0
2005,SIKKIM,EAST,16.0,16.0,2.0,1.0,8.0,121.0,1.0
2005,SIKKIM,NORTH,2.0,2.0,0.0,0.0,2.0,11.0,1.0
2005,SIKKIM,SOUTH,4.0,28.0,1.0,5.0,9.0,59.0,1.0
2005,SIKKIM,WEST,4.0,10.0,0.0,0.0,3.0,23.0,1.0
2005,TAMIL NADU,CHENNAI,302.0,125.0,55.0,64.0,78.0,4198.0,5.0
2005,TAMIL NADU,CHENNAI RLY.,2.0,3.0,0.0,3.0,9.0,104.0,1.0
2005,TAMIL NADU,CUDDALORE,150.0,77.0,32.0,15.0,147.0,543.0,4.0
2005,TAMIL NADU,DHARMAPURI,65.0,49.0,31.0,9.0,158.0,284.0,3.0
2005,TAMIL NADU,DINDIGUL,124.0,50.0,36.0,14.0,34.0,578.0,3.0
2005,TAMIL NADU,ERODE,83.0,94.0,22.0,17.0,50.0,827.0,3.0
2005,TAMIL NADU,KANCHIPURAM,104.0,61.0,29.0,23.0,47.0,520.0,3.0
2005,TAMIL NADU,KANYAKUMARI,74.0,28.0,16.0,5.0,18.0,499.0,2.0
2005,TAMIL NADU,KARUR,49.0,14.0,15.0,11.0,35.0,335.0,2.0
2005,TAMIL NADU,KRISHNAGIRI,64.0,57.0,30.0,21.0,209.0,514.0,4.0
2005,TAMIL NADU,NAGAPATTINAM,75.0,57.0,20.0,8.0,59.0,323.0,2.0
2005,TAMIL NADU,NAMAKKAL,55.0,39.0,35.0,7.0,83.0,269.0,2.0
2005,TAMIL NADU,NILGIRIS,32.0,45.0,9.0,3.0,16.0,208.0,1.0
2005,TAMIL NADU,PERAMBALUR,68.0,70.0,19.0,13.0,72.0,291.0,2.0
2005,TAMIL NADU,PUDUKOTTAI,62.0,69.0,34.0,10.0,217.0,377.0,4.0
2005,TAMIL NADU,RAMNATHAPURAM,58.0,33.0,17.0,4.0,58.0,238.0,2.0
2005,TAMIL NADU,SIVAGANGAI,57.0,10.0,9.0,8.0,24.0,360.0,2.0
2005,TAMIL NADU,THANJAVUR,118.0,111.0,45.0,8.0,115.0,791.0,3.0
2005,TAMIL NADU,THENI,80.0,53.0,17.0,2.0,50.0,381.0,2.0
2005,TAMIL NADU,THIRUVALLUR,47.0,73.0,21.0,11.0,63.0,281.0,2.0
2005,TAMIL NADU,THIRUVANNAMALAI,51.0,43.0,35.0,5.0,138.0,488.0,3.0
2005,TAMIL NADU,THIRUVARUR,36.0,76.0,11.0,3.0,44.0,335.0,2.0
2005,TAMIL NADU,THOOTHUGUDI,136.0,27.0,25.0,5.0,25.0,710.0,3.0
2005,TAMIL NADU,TRICHY RLY.,1.0,1.0,0.0,1.0,2.0,84.0,1.0
2005,TAMIL NADU,VELLORE,83.0,77.0,37.0,13.0,52.0,869.0,3.0
2005,TAMIL NADU,VILUPPURAM,154.0,99.0,49.0,14.0,286.0,431.0,5.0
2005,TAMIL NADU,VIRUDHUNAGAR,74.0,64.0,58.0,18.0,85.0,832.0,3.0
2005,TRIPURA,DHALAI,17.0,28.0,21.0,14.0,32.0,47.0,2.0
2005,TRIPURA,NORTH,45.0,91.0,19.0,25.0,41.0,132.0,3.0
2005,TRIPURA,SOUTH,35.0,107.0,21.0,12.0,36.0,181.0,2.0
2005,TRIPURA,WEST,81.0,97.0,24.0,32.0,74.0,226.0,3.0
2005,UTTAR PRADESH,AGRA,275.0,109.0,120.0,81.0,209.0,1511.0,5.0
2005,UTTAR PRADESH,ALIGARH,396.0,99.0,112.0,85.0,288.0,1295.0,5.0
2005,UTTAR PRADESH,ALLAHABAD,310.0,47.0,67.0,52.0,145.0,905.0,5.0
2005,UTTAR PRADESH,AMBEDKAR NAGAR,101.0,25.0,32.0,26.0,26.0,229.0,3.0
2005,UTTAR PRADESH,AURAIYA,104.0,24.0,36.0,35.0,43.0,140.0,3.0
2005,UTTAR PRADESH,AZAMGARH,196.0,36.0,34.0,75.0,114.0,366.0,4.0
2005,UTTAR PRADESH,BADAUN,393.0,61.0,77.0,32.0,50.0,293.0,5.0
2005,UTTAR PRADESH,BAGHPAT,159.0,28.0,33.0,37.0,55.0,194.0,3.0
2005,UTTAR PRADESH,BAHRAICH,112.0,45.0,41.0,16.0,54.0,254.0,3.0
2005,UTTAR PRADESH,BALLIA,109.0,9.0,8.0,16.0,72.0,186.0,2.0
2005,UTTAR PRADESH,BALRAMPUR,35.0,15.0,5.0,4.0,7.0,80.0,1.0
2005,UTTAR PRADESH,BANDA,115.0,48.0,16.0,14.0,36.0,200.0,3.0
2005,UTTAR PRADESH,BARABANKI,127.0,59.0,35.0,29.0,47.0,329.0,3.0
2005,UTTAR PRADESH,BAREILLY,465.0,137.0,107.0,80.0,119.0,913.0,5.0
2005,UTTAR PRADESH,BASTI,56.0,21.0,13.0,12.0,19.0,184.0,2.0
2005,UTTAR PRADESH,BIJNOR,128.0,48.0,35.0,23.0,33.0,336.0,3.0
2005,UTTAR PRADESH,BULANDSHAHAR,342.0,95.0,81.0,59.0,75.0,493.0,5.0
2005,UTTAR PRADESH,CHANDOLI,65.0,11.0,6.0,9.0,9.0,90.0,2.0
2005,UTTAR PRADESH,CHITRAKOOT DHAM,41.0,22.0,9.0,2.0,13.0,51.0,2.0
2005,UTTAR PRADESH,DEORIA,96.0,14.0,19.0,16.0,65.0,196.0,3.0
2005,UTTAR PRADESH,ETAH,375.0,50.0,59.0,24.0,92.0,346.0,5.0
2005,UTTAR PRADESH,ETAWAH,133.0,32.0,71.0,28.0,24.0,201.0,4.0
2005,UTTAR PRADESH,FAIZABAD,111.0,24.0,35.0,22.0,41.0,294.0,3.0
2005,UTTAR PRADESH,FATEHGARH,146.0,17.0,31.0,17.0,16.0,123.0,3.0
2005,UTTAR PRADESH,FATEHPUR,169.0,18.0,28.0,18.0,7.0,138.0,3.0
2005,UTTAR PRADESH,FIROZABAD,273.0,33.0,71.0,59.0,58.0,477.0,5.0
2005,UTTAR PRADESH,G.R.P.,33.0,18.0,4.0,42.0,13.0,1208.0,1.0
2005,UTTAR PRADESH,GAUTAMBUDH NAGAR,142.0,46.0,51.0,47.0,65.0,1272.0,4.0
2005,UTTAR PRADESH,GHAZIABAD,353.0,50.0,103.0,44.0,54.0,1842.0,5.0
2005,UTTAR PRADESH,GHAZIPUR,109.0,9.0,8.0,28.0,74.0,202.0,3.0
2005,UTTAR PRADESH,GONDA,122.0,26.0,18.0,17.0,37.0,265.0,3.0
2005,UTTAR PRADESH,GORAKHPUR,202.0,46.0,29.0,44.0,104.0,608.0,4.0
2005,UTTAR PRADESH,HAMIRPUR,97.0,26.0,14.0,3.0,19.0,107.0,2.0
2005,UTTAR PRADESH,HARDOI,189.0,82.0,45.0,25.0,22.0,341.0,4.0
2005,UTTAR PRADESH,HATHRAS,164.0,46.0,29.0,48.0,94.0,403.0,4.0
2005,UTTAR PRADESH,J.P.NAGAR,117.0,52.0,17.0,19.0,39.0,209.0,3.0
2005,UTTAR PRADESH,JALAUN,104.0,16.0,14.0,11.0,21.0,140.0,2.0
2005,UTTAR PRADESH,JAUNPUR,137.0,28.0,24.0,33.0,37.0,262.0,3.0
2005,UTTAR PRADESH,JHANSI,96.0,17.0,11.0,15.0,22.0,210.0,2.0
2005,UTTAR PRADESH,KANNAUJ,132.0,25.0,38.0,13.0,26.0,169.0,3.0
2005,UTTAR PRADESH,KANPUR DEHAT,105.0,40.0,61.0,14.0,78.0,233.0,3.0
2005,UTTAR PRADESH,KANPUR NAGAR,281.0,61.0,107.0,56.0,99.0,1299.0,5.0
2005,UTTAR PRADESH,KAUSHAMBI,113.0,20.0,11.0,25.0,35.0,103.0,2.0
2005,UTTAR PRADESH,KHIRI,305.0,100.0,69.0,27.0,54.0,374.0,5.0
2005,UTTAR PRADESH,KUSHI NAGAR,109.0,17.0,22.0,5.0,82.0,198.0,3.0
2005,UTTAR PRADESH,LALITPUR,37.0,5.0,2.0,0.0,8.0,48.0,1.0
2005,UTTAR PRADESH,LUCKNOW,388.0,122.0,150.0,110.0,245.0,3481.0,5.0
2005,UTTAR PRADESH,MAHARAJGANJ,60.0,23.0,15.0,10.0,30.0,114.0,2.0
2005,UTTAR PRADESH,MAHOBA,64.0,7.0,1.0,0.0,15.0,53.0,1.0
2005,UTTAR PRADESH,MAINPURI,250.0,13.0,41.0,31.0,61.0,226.0,4.0
2005,UTTAR PRADESH,MATHURA,244.0,49.0,54.0,51.0,110.0,737.0,4.0
2005,UTTAR PRADESH,MAU,92.0,15.0,8.0,20.0,84.0,178.0,2.0
2005,UTTAR PRADESH,MEERUT,423.0,103.0,139.0,126.0,137.0,1482.0,5.0
2005,UTTAR PRADESH,MIRZAPUR,85.0,17.0,10.0,29.0,18.0,217.0,2.0
2005,UTTAR PRADESH,MORADABAD,366.0,147.0,98.0,75.0,107.0,851.0,5.0
2005,UTTAR PRADESH,MUZAFFARNAGAR,418.0,90.0,80.0,125.0,131.0,888.0,5.0
2005,UTTAR PRADESH,PILIBHIT,134.0,47.0,37.0,23.0,14.0,196.0,3.0
2005,UTTAR PRADESH,PRATAPGARH,158.0,32.0,37.0,20.0,87.0,330.0,4.0
2005,UTTAR PRADESH,RAIBAREILLY,174.0,73.0,41.0,30.0,67.0,362.0,4.0
2005,UTTAR PRADESH,RAMPUR,140.0,39.0,33.0,18.0,47.0,334.0,3.0
2005,UTTAR PRADESH,SAHARANPUR,221.0,50.0,31.0,36.0,87.0,692.0,4.0
2005,UTTAR PRADESH,SANT KABIRNAGAR,30.0,5.0,16.0,11.0,26.0,88.0,2.0
2005,UTTAR PRADESH,SHAHJAHANPUR,273.0,66.0,55.0,41.0,40.0,310.0,4.0
2005,UTTAR PRADESH,SHRAWASTI,44.0,11.0,13.0,9.0,10.0,76.0,2.0
2005,UTTAR PRADESH,SIDHARTHNAGAR,42.0,17.0,19.0,10.0,22.0,162.0,2.0
2005,UTTAR PRADESH,SITAPUR,812.0,123.0,89.0,62.0,106.0,752.0,5.0
2005,UTTAR PRADESH,SONBHADRA,60.0,14.0,7.0,6.0,16.0,134.0,2.0
2005,UTTAR PRADESH,ST.RAVIDASNAGAR,45.0,4.0,2.0,18.0,28.0,142.0,1.0
2005,UTTAR PRADESH,SULTANPUR,181.0,30.0,33.0,22.0,20.0,321.0,3.0
2005,UTTAR PRADESH,UNNAO,220.0,82.0,54.0,27.0,52.0,314.0,4.0
2005,UTTAR PRADESH,VARANASI,165.0,16.0,34.0,38.0,64.0,574.0,3.0
2005,UTTARAKHAND,ALMORA,29.0,10.0,6.0,17.0,8.0,72.0,1.0
2005,UTTARAKHAND,BAGESHWAR,15.0,8.0,2.0,5.0,2.0,22.0,1.0
2005,UTTARAKHAND,CHAMOLI,15.0,7.0,5.0,1.0,15.0,65.0,1.0
2005,UTTARAKHAND,CHAMPAWAT,7.0,3.0,3.0,7.0,8.0,18.0,1.0
2005,UTTARAKHAND,DEHRADUN,86.0,36.0,45.0,27.0,114.0,779.0,3.0
2005,UTTARAKHAND,HARIDWAR,126.0,52.0,54.0,59.0,72.0,662.0,4.0
2005,UTTARAKHAND,NAINITAL,65.0,13.0,16.0,30.0,45.0,252.0,2.0
2005,UTTARAKHAND,PAURI GARHWAL,26.0,15.0,4.0,4.0,13.0,125.0,1.0
2005,UTTARAKHAND,PITHORAGARH,14.0,13.0,4.0,8.0,11.0,70.0,1.0
2005,UTTARAKHAND,RUDRA PRAYAG,17.0,7.0,4.0,5.0,10.0,37.0,1.0
2005,UTTARAKHAND,TEHRI GARHWAL,21.0,10.0,8.0,2.0,15.0,57.0,1.0
2005,UTTARAKHAND,UDHAMSINGH NAGAR,78.0,44.0,47.0,42.0,130.0,468.0,4.0
2005,UTTARAKHAND,UTTARKASHI,12.0,15.0,5.0,0.0,14.0,64.0,1.0
2005,WEST BENGAL,24 PARGANAS NORTH,276.0,368.0,211.0,57.0,203.0,1844.0,5.0
2005,WEST BENGAL,24 PARGANAS SOUTH,178.0,259.0,118.0,38.0,252.0,1401.0,5.0
2005,WEST BENGAL,ASANSOL,31.0,19.0,14.0,10.0,70.0,200.0,2.0
2005,WEST BENGAL,BANKURA,69.0,97.0,27.0,53.0,79.0,323.0,3.0
2005,WEST BENGAL,BIRBHUM,82.0,120.0,41.0,42.0,199.0,267.0,5.0
2005,WEST BENGAL,BURDWAN,146.0,169.0,53.0,39.0,215.0,635.0,5.0
2005,WEST BENGAL,COOCHBEHAR,46.0,158.0,30.0,4.0,25.0,155.0,3.0
2005,WEST BENGAL,DAKSHIN DINAJPUR,47.0,73.0,33.0,11.0,25.0,122.0,2.0
2005,WEST BENGAL,DARJEELING,72.0,78.0,17.0,10.0,29.0,365.0,3.0
2005,WEST BENGAL,HOOGHLY,87.0,73.0,32.0,30.0,346.0,597.0,5.0
2005,WEST BENGAL,HOWRAH,59.0,79.0,34.0,10.0,81.0,199.0,3.0
2005,WEST BENGAL,HOWRAH G.R.P.,15.0,4.0,8.0,2.0,12.0,303.0,2.0
2005,WEST BENGAL,JALPAIGURI,151.0,211.0,61.0,29.0,56.0,813.0,5.0
2005,WEST BENGAL,KHARAGPUR G.R.P.,4.0,4.0,1.0,4.0,3.0,111.0,1.0
2005,WEST BENGAL,KOLKATA,132.0,161.0,82.0,72.0,183.0,3919.0,5.0
2005,WEST BENGAL,MALDA,137.0,233.0,44.0,25.0,64.0,363.0,4.0
2005,WEST BENGAL,MURSHIDABAD,184.0,459.0,121.0,25.0,145.0,632.0,5.0
2005,WEST BENGAL,NADIA,112.0,243.0,102.0,26.0,237.0,818.0,5.0
2005,WEST BENGAL,PASCHIM MIDNAPUR,131.0,149.0,45.0,52.0,191.0,441.0,5.0
2005,WEST BENGAL,PURAB MIDNAPUR,78.0,82.0,54.0,15.0,159.0,318.0,4.0
2005,WEST BENGAL,PURULIA,70.0,71.0,8.0,17.0,43.0,175.0,3.0
2005,WEST BENGAL,SEALDAH G.R.P.,26.0,8.0,9.0,4.0,3.0,200.0,1.0
2005,WEST BENGAL,SILIGURI G.R.P.,3.0,2.0,2.0,2.0,0.0,99.0,1.0
2005,WEST BENGAL,UTTAR DINAJPUR,113.0,100.0,39.0,27.0,42.0,283.0,4.0
2005,A & N ISLANDS,ANDAMAN,20.0,14.0,2.0,4.0,10.0,176.0,1.0
2005,A & N ISLANDS,NICOBAR,0.0,1.0,0.0,0.0,0.0,5.0,1.0
2005,CHANDIGARH,CHANDIGARH,37.0,64.0,54.0,12.0,44.0,1798.0,3.0
2005,D & N HAVELI,D and N HAVELI,12.0,10.0,13.0,5.0,19.0,121.0,1.0
2005,DAMAN & DIU,DAMAN,6.0,3.0,4.0,3.0,17.0,78.0,1.0
2005,DAMAN & DIU,DIU,1.0,0.0,0.0,1.0,3.0,18.0,1.0
2005,DELHI UT,CENTRAL,54.0,60.0,52.0,21.0,6.0,1452.0,2.0
2005,DELHI UT,DELHI UT TOTAL,986.0,1420.0,1590.0,537.0,108.0,22820.0,5.0
2005,DELHI UT,EAST,71.0,164.0,153.0,59.0,9.0,2389.0,5.0
2005,DELHI UT,G.R.P.(RLY),21.0,7.0,4.0,6.0,3.0,1073.0,1.0
2005,DELHI UT,IGI AIRPORT,1.0,2.0,4.0,2.0,0.0,692.0,1.0
2005,DELHI UT,NEW DELHI,24.0,32.0,19.0,13.0,10.0,1113.0,1.0
2005,DELHI UT,NORTH,48.0,67.0,78.0,37.0,8.0,1176.0,3.0
2005,DELHI UT,NORTH-EAST,122.0,185.0,212.0,64.0,10.0,1604.0,5.0
2005,DELHI UT,NORTH-WEST,267.0,328.0,572.0,133.0,19.0,3394.0,5.0
2005,DELHI UT,SOUTH,136.0,238.0,231.0,97.0,12.0,4833.0,5.0
2005,DELHI UT,SOUTH-WEST,108.0,157.0,114.0,53.0,20.0,2135.0,4.0
2005,DELHI UT,SPL CELL,10.0,0.0,0.0,0.0,0.0,48.0,1.0
2005,DELHI UT,WEST,124.0,180.0,151.0,52.0,11.0,2911.0,5.0
2005,LAKSHADWEEP,LAKSHADWEEP,1.0,0.0,0.0,0.0,6.0,9.0,1.0
2005,PUDUCHERRY,PONDICHERRY,51.0,66.0,6.0,6.0,168.0,582.0,3.0
2006,ANDHRA PRADESH,ADILABAD,201.0,249.0,96.0,27.0,136.0,831.0,5.0
2006,ANDHRA PRADESH,ANANTAPUR,300.0,203.0,67.0,41.0,217.0,833.0,5.0
2006,ANDHRA PRADESH,CHITTOOR,186.0,154.0,65.0,32.0,117.0,1485.0,4.0
2006,ANDHRA PRADESH,CUDDAPAH,101.0,155.0,68.0,19.0,180.0,737.0,4.0
2006,ANDHRA PRADESH,CYBERABAD,296.0,192.0,166.0,99.0,92.0,5091.0,5.0
2006,ANDHRA PRADESH,EAST GODAVARI,203.0,214.0,81.0,34.0,128.0,2338.0,5.0
2006,ANDHRA PRADESH,GUNTAKAL RLY.,7.0,2.0,1.0,9.0,0.0,141.0,1.0
2006,ANDHRA PRADESH,GUNTUR,278.0,328.0,99.0,22.0,212.0,2232.0,5.0
2006,ANDHRA PRADESH,KARIMNAGAR,258.0,444.0,151.0,25.0,162.0,1437.0,5.0
2006,ANDHRA PRADESH,KHAMMAM,195.0,215.0,91.0,30.0,202.0,981.0,5.0
2006,ANDHRA PRADESH,KRISHNA,134.0,204.0,54.0,3.0,92.0,864.0,4.0
2006,ANDHRA PRADESH,KURNOOL,234.0,376.0,85.0,12.0,191.0,747.0,5.0
2006,ANDHRA PRADESH,MAHABOOBNAGAR,283.0,268.0,73.0,37.0,178.0,1129.0,5.0
2006,ANDHRA PRADESH,MEDAK,212.0,164.0,63.0,33.0,144.0,1088.0,5.0
2006,ANDHRA PRADESH,NALGONDA,183.0,307.0,86.0,45.0,281.0,997.0,5.0
2006,ANDHRA PRADESH,NELLORE,157.0,227.0,69.0,29.0,165.0,1033.0,4.0
2006,ANDHRA PRADESH,NIZAMABAD,204.0,151.0,71.0,60.0,167.0,1146.0,5.0
2006,ANDHRA PRADESH,PRAKASHAM,206.0,223.0,83.0,35.0,129.0,1134.0,5.0
2006,ANDHRA PRADESH,RANGA REDDY,88.0,59.0,29.0,7.0,70.0,266.0,3.0
2006,ANDHRA PRADESH,SECUNDERABAD RLY.,11.0,2.0,3.0,10.0,0.0,229.0,1.0
2006,ANDHRA PRADESH,SRIKAKULAM,52.0,97.0,21.0,2.0,97.0,416.0,3.0
2006,ANDHRA PRADESH,VIJAYAWADA RLY.,3.0,5.0,0.0,3.0,2.0,262.0,1.0
2006,ANDHRA PRADESH,VISAKHAPATNAM,68.0,83.0,49.0,30.0,36.0,1865.0,3.0
2006,ANDHRA PRADESH,VIZIANAGARAM,52.0,85.0,20.0,14.0,58.0,327.0,2.0
2006,ANDHRA PRADESH,WARANGAL,207.0,280.0,103.0,20.0,534.0,1342.0,5.0
2006,ANDHRA PRADESH,WEST GODAVARI,189.0,407.0,96.0,20.0,87.0,2050.0,5.0
2006,ARUNACHAL PRADESH,CHANGLANG,7.0,4.0,4.0,7.0,1.0,61.0,1.0
2006,ARUNACHAL PRADESH,DIBANG VALLEY,7.0,3.0,2.0,10.0,2.0,35.0,1.0
2006,ARUNACHAL PRADESH,K/KUMEY,6.0,2.0,3.0,0.0,0.0,10.0,1.0
2006,ARUNACHAL PRADESH,KAMENG EAST,3.0,3.0,3.0,2.0,0.0,36.0,1.0
2006,ARUNACHAL PRADESH,KAMENG WEST,5.0,5.0,2.0,6.0,3.0,36.0,1.0
2006,ARUNACHAL PRADESH,LOHIT,9.0,6.0,10.0,16.0,3.0,54.0,1.0
2006,ARUNACHAL PRADESH,PAPUM PARE,22.0,19.0,20.0,25.0,2.0,248.0,1.0
2006,ARUNACHAL PRADESH,SIANG EAST,10.0,18.0,6.0,17.0,1.0,87.0,1.0
2006,ARUNACHAL PRADESH,SIANG UPPER,1.0,8.0,2.0,0.0,4.0,33.0,1.0
2006,ARUNACHAL PRADESH,SIANG WEST,8.0,13.0,7.0,4.0,5.0,83.0,1.0
2006,ARUNACHAL PRADESH,SUBANSIRI LOWER,5.0,6.0,5.0,7.0,3.0,30.0,1.0
2006,ARUNACHAL PRADESH,SUBANSIRI UPPER,4.0,8.0,4.0,3.0,2.0,43.0,1.0
2006,ARUNACHAL PRADESH,TAWANG,0.0,1.0,0.0,1.0,0.0,21.0,1.0
2006,ARUNACHAL PRADESH,TIRAP,9.0,4.0,7.0,4.0,0.0,25.0,1.0
2006,ARUNACHAL PRADESH,UPPER DIBANG VALLEY,0.0,0.0,0.0,0.0,0.0,5.0,1.0
2006,ASSAM,BARPETA,60.0,76.0,75.0,41.0,163.0,365.0,4.0
2006,ASSAM,BASKA,30.0,40.0,24.0,10.0,9.0,42.0,2.0
2006,ASSAM,BONGAIGAON,16.0,33.0,19.0,17.0,39.0,101.0,2.0
2006,ASSAM,C.I.D.,0.0,0.0,1.0,0.0,0.0,7.0,1.0
2006,ASSAM,CACHAR,76.0,241.0,129.0,63.0,298.0,698.0,5.0
2006,ASSAM,CHIRANG,47.0,64.0,26.0,7.0,88.0,144.0,3.0
2006,ASSAM,DARRANG,39.0,179.0,53.0,23.0,58.0,286.0,3.0
2006,ASSAM,DHEMAJI,57.0,86.0,45.0,12.0,51.0,226.0,3.0
2006,ASSAM,DHUBRI,77.0,247.0,118.0,40.0,588.0,419.0,5.0
2006,ASSAM,DIBRUGARH,133.0,101.0,65.0,45.0,92.0,587.0,4.0
2006,ASSAM,G.R.P.,6.0,1.0,1.0,13.0,19.0,190.0,1.0
2006,ASSAM,GOALPARA,36.0,100.0,40.0,26.0,50.0,176.0,3.0
2006,ASSAM,GOLAGHAT,100.0,107.0,91.0,28.0,26.0,402.0,4.0
2006,ASSAM,HAILAKANDI,20.0,32.0,56.0,8.0,164.0,171.0,3.0
2006,ASSAM,JORHAT,43.0,70.0,54.0,26.0,45.0,368.0,3.0
2006,ASSAM,KAMRUP,46.0,95.0,80.0,49.0,72.0,296.0,4.0
2006,ASSAM,KARBI ANGLONG,57.0,23.0,40.0,21.0,46.0,188.0,2.0
2006,ASSAM,KARIMGANJ,62.0,47.0,46.0,18.0,231.0,300.0,4.0
2006,ASSAM,KOKRAJHAR,52.0,55.0,47.0,15.0,56.0,173.0,3.0
2006,ASSAM,LAKHIMPUR,47.0,117.0,96.0,4.0,140.0,351.0,4.0
2006,ASSAM,MORIGAON,31.0,130.0,56.0,13.0,92.0,183.0,3.0
2006,ASSAM,N.C.HILLS,29.0,7.0,14.0,7.0,13.0,39.0,1.0
2006,ASSAM,NAGAON,118.0,143.0,179.0,112.0,322.0,749.0,5.0
2006,ASSAM,NALBARI,45.0,49.0,33.0,18.0,30.0,146.0,2.0
2006,ASSAM,R.P.O.,5.0,3.0,5.0,5.0,10.0,9.0,1.0
2006,ASSAM,SIBSAGAR,110.0,119.0,79.0,26.0,93.0,526.0,4.0
2006,ASSAM,SONITPUR,105.0,63.0,108.0,33.0,111.0,599.0,4.0
2006,ASSAM,TINSUKIA,61.0,43.0,57.0,24.0,30.0,1673.0,3.0
2006,ASSAM,UDALGURI,38.0,50.0,37.0,19.0,30.0,125.0,2.0
2006,BIHAR,ARARIA,105.0,52.0,104.0,94.0,414.0,367.0,5.0
2006,BIHAR,ARWAL,75.0,20.0,9.0,9.0,54.0,79.0,2.0
2006,BIHAR,AURANGABAD,257.0,23.0,42.0,57.0,224.0,382.0,5.0
2006,BIHAR,BAGAHA,61.0,34.0,44.0,17.0,83.0,209.0,3.0
2006,BIHAR,BANKA,95.0,72.0,41.0,40.0,271.0,218.0,5.0
2006,BIHAR,BEGUSARAI,341.0,39.0,69.0,75.0,265.0,551.0,5.0
2006,BIHAR,BETTIAH,184.0,73.0,110.0,57.0,277.0,560.0,5.0
2006,BIHAR,BHABHUA,71.0,27.0,35.0,50.0,161.0,299.0,4.0
2006,BIHAR,BHAGALPUR,220.0,62.0,83.0,64.0,285.0,716.0,5.0
2006,BIHAR,BHOJPUR,362.0,35.0,57.0,89.0,311.0,450.0,5.0
2006,BIHAR,BUXAR,113.0,22.0,48.0,66.0,282.0,416.0,5.0
2006,BIHAR,DARBHANGA,150.0,128.0,68.0,51.0,228.0,524.0,5.0
2006,BIHAR,GAYA,364.0,25.0,68.0,172.0,418.0,669.0,5.0
2006,BIHAR,GOPALGANJ,128.0,39.0,55.0,65.0,191.0,347.0,4.0
2006,BIHAR,JAMALPUR RLY.,4.0,0.0,0.0,12.0,4.0,101.0,1.0
2006,BIHAR,JAMUI,163.0,36.0,28.0,86.0,185.0,185.0,4.0
2006,BIHAR,JEHANABAD,54.0,15.0,20.0,31.0,77.0,141.0,2.0
2006,BIHAR,KATIHAR,108.0,115.0,57.0,18.0,128.0,264.0,4.0
2006,BIHAR,KATIHAR RLY.,10.0,4.0,6.0,17.0,10.0,303.0,1.0
2006,BIHAR,KHAGARIA,202.0,28.0,47.0,46.0,229.0,154.0,5.0
2006,BIHAR,KISHANGANJ,24.0,81.0,84.0,17.0,110.0,162.0,4.0
2006,BIHAR,LAKHISARAI,165.0,22.0,30.0,20.0,75.0,113.0,3.0
2006,BIHAR,MADHEPURA,86.0,14.0,16.0,56.0,138.0,147.0,3.0
2006,BIHAR,MADHUBANI,161.0,72.0,76.0,81.0,358.0,232.0,5.0
2006,BIHAR,MOTIHARI,274.0,33.0,100.0,98.0,393.0,739.0,5.0
2006,BIHAR,MUNGER,109.0,23.0,53.0,66.0,218.0,313.0,4.0
2006,BIHAR,MUZAFFARPUR,164.0,55.0,148.0,152.0,446.0,1425.0,5.0
2006,BIHAR,MUZAFFARPUR RLY.,24.0,4.0,14.0,39.0,12.0,388.0,2.0
2006,BIHAR,NALANDA,241.0,76.0,76.0,87.0,198.0,537.0,5.0
2006,BIHAR,NAUGACHIA,49.0,8.0,12.0,19.0,118.0,71.0,2.0
2006,BIHAR,NAWADAH,214.0,29.0,36.0,35.0,185.0,231.0,4.0
2006,BIHAR,PATNA,509.0,67.0,309.0,622.0,448.0,2492.0,5.0
2006,BIHAR,PATNA RLY.,34.0,8.0,7.0,47.0,7.0,645.0,2.0
2006,BIHAR,PURNEA,85.0,46.0,44.0,91.0,143.0,313.0,4.0
2006,BIHAR,ROHTAS,195.0,26.0,45.0,53.0,166.0,456.0,4.0
2006,BIHAR,SAHARSA,143.0,54.0,41.0,36.0,255.0,288.0,5.0
2006,BIHAR,SAMASTIPUR,334.0,64.0,109.0,72.0,334.0,532.0,5.0
2006,BIHAR,SARAN,442.0,97.0,104.0,121.0,260.0,606.0,5.0
2006,BIHAR,SHEIKHPURA,36.0,9.0,9.0,23.0,78.0,104.0,2.0
2006,BIHAR,SHEOHAR,45.0,4.0,19.0,6.0,82.0,67.0,2.0
2006,BIHAR,SITAMARHI,79.0,46.0,61.0,67.0,213.0,404.0,4.0
2006,BIHAR,SIWAN,173.0,30.0,103.0,135.0,193.0,409.0,5.0
2006,BIHAR,SUPAUL,78.0,24.0,31.0,31.0,179.0,158.0,4.0
2006,BIHAR,VAISHALI,147.0,21.0,101.0,80.0,338.0,741.0,5.0
2006,CHHATTISGARH,BALRAMPUR,61.0,85.0,1.0,26.0,22.0,69.0,2.0
2006,CHHATTISGARH,BILASPUR,158.0,260.0,27.0,60.0,172.0,1256.0,5.0
2006,CHHATTISGARH,BIZAPUR,321.0,9.0,7.0,45.0,30.0,18.0,4.0
2006,CHHATTISGARH,DANTEWARA,173.0,25.0,16.0,18.0,46.0,131.0,3.0
2006,CHHATTISGARH,DHAMTARI,32.0,89.0,4.0,5.0,38.0,264.0,2.0
2006,CHHATTISGARH,DURG,131.0,349.0,33.0,68.0,80.0,1501.0,4.0
2006,CHHATTISGARH,GRP RAIPUR,5.0,4.0,0.0,7.0,1.0,240.0,1.0
2006,CHHATTISGARH,JAGDALPUR,100.0,126.0,14.0,24.0,69.0,360.0,3.0
2006,CHHATTISGARH,JANJGIR,90.0,149.0,12.0,23.0,112.0,523.0,3.0
2006,CHHATTISGARH,JASHPUR,58.0,108.0,8.0,38.0,32.0,141.0,3.0
2006,CHHATTISGARH,KABIRDHAM,24.0,103.0,1.0,3.0,21.0,167.0,2.0
2006,CHHATTISGARH,KANKER,77.0,43.0,9.0,22.0,44.0,154.0,2.0
2006,CHHATTISGARH,KORBA,60.0,126.0,5.0,33.0,49.0,472.0,2.0
2006,CHHATTISGARH,KORIYA,62.0,115.0,7.0,23.0,29.0,243.0,2.0
2006,CHHATTISGARH,MAHASAMUND,37.0,96.0,3.0,15.0,28.0,346.0,2.0
2006,CHHATTISGARH,NARAYANPUR,66.0,5.0,5.0,2.0,6.0,8.0,1.0
2006,CHHATTISGARH,RAIGARH,75.0,130.0,7.0,37.0,85.0,603.0,3.0
2006,CHHATTISGARH,RAIPUR,174.0,358.0,54.0,54.0,165.0,1958.0,5.0
2006,CHHATTISGARH,RAJNANDGAON,82.0,152.0,10.0,21.0,37.0,434.0,3.0
2006,CHHATTISGARH,SARGUJA,84.0,147.0,11.0,43.0,44.0,295.0,3.0
2006,CHHATTISGARH,SURAJPUR,68.0,114.0,5.0,32.0,57.0,230.0,3.0
2006,GOA,NORTH GOA,33.0,16.0,9.0,13.0,36.0,489.0,2.0
2006,GOA,SOUTH GOA,24.0,23.0,7.0,11.0,65.0,347.0,2.0
2006,GUJARAT,AHMEDABAD COMMR.,166.0,118.0,182.0,195.0,133.0,6753.0,5.0
2006,GUJARAT,AHWA-DANG,8.0,9.0,0.0,3.0,13.0,19.0,1.0
2006,GUJARAT,AMRELI,34.0,35.0,31.0,16.0,37.0,312.0,2.0
2006,GUJARAT,ANAND,33.0,44.0,33.0,18.0,27.0,555.0,2.0
2006,GUJARAT,BHARUCH,47.0,15.0,7.0,18.0,33.0,495.0,2.0
2006,GUJARAT,BHAVNAGAR,100.0,127.0,128.0,217.0,185.0,2093.0,5.0
2006,GUJARAT,DAHOD,48.0,11.0,21.0,38.0,41.0,146.0,2.0
2006,GUJARAT,GANDHINAGAR,36.0,31.0,24.0,23.0,45.0,546.0,2.0
2006,GUJARAT,HIMATNAGAR,41.0,36.0,32.0,19.0,53.0,381.0,2.0
2006,GUJARAT,JAMNAGAR,40.0,27.0,21.0,27.0,48.0,586.0,2.0
2006,GUJARAT,JUNAGADH,73.0,44.0,52.0,49.0,92.0,748.0,3.0
2006,GUJARAT,KHEDA NORTH,46.0,39.0,36.0,21.0,59.0,560.0,2.0
2006,GUJARAT,KUTCH,62.0,56.0,52.0,73.0,81.0,951.0,3.0
2006,GUJARAT,MEHSANA,46.0,34.0,41.0,66.0,88.0,997.0,3.0
2006,GUJARAT,NARMADA,19.0,8.0,6.0,3.0,14.0,62.0,1.0
2006,GUJARAT,NAVSARI,22.0,6.0,8.0,7.0,19.0,226.0,1.0
2006,GUJARAT,PALANPUR,60.0,65.0,37.0,28.0,65.0,612.0,3.0
2006,GUJARAT,PANCHMAHAL,75.0,30.0,44.0,24.0,57.0,371.0,3.0
2006,GUJARAT,PATAN,24.0,35.0,13.0,15.0,60.0,536.0,2.0
2006,GUJARAT,PORBANDAR,14.0,3.0,7.0,6.0,8.0,130.0,1.0
2006,GUJARAT,RAJKOT COMMR.,44.0,9.0,26.0,27.0,49.0,1029.0,2.0
2006,GUJARAT,SURAT COMMR.,134.0,77.0,130.0,87.0,155.0,3019.0,5.0
2006,GUJARAT,SURENDRANAGAR,45.0,51.0,23.0,26.0,61.0,432.0,2.0
2006,GUJARAT,VADODARA COMMR.,68.0,23.0,54.0,43.0,178.0,2030.0,4.0
2006,GUJARAT,VALSAD,60.0,11.0,18.0,27.0,45.0,485.0,2.0
2006,GUJARAT,W.RLY,19.0,8.0,6.0,62.0,20.0,937.0,2.0
2006,HARYANA,AMBALA,53.0,45.0,22.0,25.0,11.0,942.0,2.0
2006,HARYANA,BHIWANI,74.0,73.0,34.0,30.0,176.0,702.0,4.0
2006,HARYANA,FARIDABAD,110.0,75.0,86.0,43.0,149.0,1761.0,5.0
2006,HARYANA,FATEHABAD,42.0,35.0,20.0,7.0,28.0,402.0,2.0
2006,HARYANA,GRP,25.0,7.0,1.0,9.0,7.0,281.0,1.0
2006,HARYANA,GURGAON,160.0,62.0,70.0,91.0,110.0,2877.0,5.0
2006,HARYANA,HISSAR,119.0,42.0,31.0,22.0,58.0,869.0,3.0
2006,HARYANA,JHAJJAR,85.0,29.0,10.0,19.0,50.0,339.0,2.0
2006,HARYANA,JIND,75.0,49.0,15.0,8.0,110.0,440.0,3.0
2006,HARYANA,KAITHAL,36.0,39.0,14.0,22.0,5.0,474.0,2.0
2006,HARYANA,KARNAL,67.0,86.0,40.0,27.0,75.0,1096.0,3.0
2006,HARYANA,KURUKSHETRA,47.0,44.0,24.0,19.0,13.0,892.0,2.0
2006,HARYANA,MAHENDRAGARH,42.0,49.0,26.0,14.0,99.0,310.0,3.0
2006,HARYANA,MEWAT,45.0,59.0,14.0,10.0,98.0,270.0,3.0
2006,HARYANA,PALWAL,58.0,47.0,23.0,31.0,71.0,378.0,3.0
2006,HARYANA,PANCHKULA,20.0,23.0,15.0,9.0,2.0,370.0,1.0
2006,HARYANA,PANIPAT,77.0,83.0,46.0,21.0,70.0,981.0,4.0
2006,HARYANA,REWARI,60.0,44.0,15.0,29.0,60.0,500.0,2.0
2006,HARYANA,ROHTAK,98.0,47.0,23.0,22.0,45.0,853.0,3.0
2006,HARYANA,SIRSA,67.0,32.0,11.0,17.0,29.0,499.0,2.0
2006,HARYANA,SONIPAT,111.0,77.0,67.0,34.0,26.0,850.0,4.0
2006,HARYANA,YAMUNANAGAR,46.0,47.0,28.0,5.0,6.0,607.0,2.0
2006,HIMACHAL PRADESH,BILASPUR,16.0,38.0,4.0,4.0,54.0,121.0,1.0
2006,HIMACHAL PRADESH,CHAMBA,18.0,22.0,12.0,0.0,15.0,151.0,1.0
2006,HIMACHAL PRADESH,G.R.P.,0.0,0.0,0.0,1.0,0.0,1.0,1.0
2006,HIMACHAL PRADESH,HAMIRPUR,15.0,19.0,4.0,0.0,43.0,126.0,1.0
2006,HIMACHAL PRADESH,KANGRA,41.0,46.0,25.0,3.0,137.0,246.0,3.0
2006,HIMACHAL PRADESH,KINNAUR,2.0,4.0,5.0,0.0,23.0,40.0,1.0
2006,HIMACHAL PRADESH,KULLU,12.0,34.0,9.0,7.0,63.0,129.0,2.0
2006,HIMACHAL PRADESH,LAHAUL-SPITI,1.0,0.0,1.0,1.0,3.0,6.0,1.0
2006,HIMACHAL PRADESH,MANDI,18.0,69.0,12.0,3.0,50.0,200.0,2.0
2006,HIMACHAL PRADESH,SHIMLA,29.0,73.0,28.0,13.0,103.0,350.0,3.0
2006,HIMACHAL PRADESH,SIRMAUR,20.0,26.0,6.0,1.0,78.0,115.0,2.0
2006,HIMACHAL PRADESH,SOLAN,17.0,37.0,18.0,3.0,80.0,196.0,2.0
2006,HIMACHAL PRADESH,UNA,20.0,20.0,6.0,0.0,32.0,151.0,1.0
2006,JAMMU & KASHMIR,ANANTNAG,55.0,56.0,88.0,13.0,111.0,324.0,4.0
2006,JAMMU & KASHMIR,AWANTIPORA,24.0,34.0,12.0,9.0,12.0,56.0,1.0
2006,JAMMU & KASHMIR,BARAMULLA,181.0,168.0,111.0,11.0,134.0,286.0,4.0
2006,JAMMU & KASHMIR,BORDER DISTRICT,24.0,9.0,12.0,0.0,23.0,56.0,1.0
2006,JAMMU & KASHMIR,BUDGAM,46.0,126.0,54.0,8.0,134.0,279.0,3.0
2006,JAMMU & KASHMIR,CRIME JAMMU,3.0,0.0,0.0,0.0,0.0,22.0,1.0
2006,JAMMU & KASHMIR,CRIME SRINAGAR,0.0,0.0,0.0,0.0,0.0,55.0,1.0
2006,JAMMU & KASHMIR,DODA,162.0,26.0,36.0,6.0,33.0,111.0,3.0
2006,JAMMU & KASHMIR,GANDERBAL,27.0,40.0,35.0,0.0,75.0,109.0,2.0
2006,JAMMU & KASHMIR,HANDWARA,56.0,81.0,27.0,4.0,55.0,70.0,2.0
2006,JAMMU & KASHMIR,JAMMU,86.0,49.0,58.0,1.0,76.0,658.0,3.0
2006,JAMMU & KASHMIR,KARGIL,1.0,2.0,4.0,0.0,4.0,18.0,1.0
2006,JAMMU & KASHMIR,KATHUA,29.0,29.0,27.0,4.0,38.0,141.0,2.0
2006,JAMMU & KASHMIR,KULGAM,49.0,58.0,47.0,11.0,66.0,139.0,3.0
2006,JAMMU & KASHMIR,KUPWARA,73.0,88.0,31.0,1.0,64.0,88.0,2.0
2006,JAMMU & KASHMIR,LEH,8.0,8.0,5.0,0.0,4.0,25.0,1.0
2006,JAMMU & KASHMIR,POONCH,95.0,34.0,21.0,0.0,88.0,79.0,3.0
2006,JAMMU & KASHMIR,PULWAMA,85.0,46.0,57.0,25.0,205.0,221.0,4.0
2006,JAMMU & KASHMIR,RAJOURI,61.0,60.0,37.0,1.0,71.0,148.0,3.0
2006,JAMMU & KASHMIR,RAMBAN,54.0,20.0,5.0,0.0,11.0,78.0,1.0
2006,JAMMU & KASHMIR,REASI,58.0,16.0,10.0,2.0,3.0,34.0,1.0
2006,JAMMU & KASHMIR,SRINAGAR,172.0,230.0,102.0,24.0,163.0,741.0,5.0
2006,JAMMU & KASHMIR,UDHAMPUR,32.0,30.0,10.0,2.0,29.0,126.0,1.0
2006,JHARKHAND,BOKARO,45.0,31.0,49.0,72.0,147.0,656.0,4.0
2006,JHARKHAND,CHAIBASA,165.0,60.0,12.0,49.0,40.0,206.0,4.0
2006,JHARKHAND,CHATRA,30.0,16.0,11.0,40.0,84.0,94.0,2.0
2006,JHARKHAND,DEOGHAR,43.0,37.0,8.0,28.0,165.0,335.0,3.0
2006,JHARKHAND,DHANBAD,166.0,65.0,65.0,111.0,275.0,1021.0,5.0
2006,JHARKHAND,DHANBAD RLY.,11.0,3.0,0.0,50.0,7.0,135.0,1.0
2006,JHARKHAND,DUMKA,72.0,101.0,28.0,18.0,116.0,277.0,4.0
2006,JHARKHAND,GARHWA,58.0,26.0,14.0,33.0,176.0,152.0,3.0
2006,JHARKHAND,GIRIDIH,202.0,121.0,35.0,93.0,292.0,484.0,5.0
2006,JHARKHAND,GODDA,124.0,49.0,25.0,21.0,152.0,220.0,4.0
2006,JHARKHAND,GUMLA,187.0,67.0,26.0,43.0,46.0,121.0,4.0
2006,JHARKHAND,HAZARIBAGH,212.0,115.0,77.0,161.0,337.0,897.0,5.0
2006,JHARKHAND,JAMSHEDPUR,191.0,97.0,43.0,56.0,137.0,1010.0,5.0
2006,JHARKHAND,JAMSHEDPUR RLY.,5.0,3.0,0.0,13.0,1.0,197.0,1.0
2006,JHARKHAND,JAMTARA,54.0,25.0,15.0,7.0,87.0,133.0,2.0
2006,JHARKHAND,KODERMA,59.0,23.0,19.0,28.0,69.0,186.0,3.0
2006,JHARKHAND,LATEHAR,39.0,13.0,9.0,53.0,48.0,98.0,2.0
2006,JHARKHAND,LOHARDAGGA,52.0,41.0,13.0,35.0,32.0,124.0,2.0
2006,JHARKHAND,PAKUR,166.0,41.0,19.0,11.0,102.0,125.0,3.0
2006,JHARKHAND,PALAMU,140.0,32.0,28.0,47.0,153.0,254.0,4.0
2006,JHARKHAND,RANCHI,329.0,115.0,94.0,263.0,259.0,1631.0,5.0
2006,JHARKHAND,SAHEBGANJ,79.0,72.0,22.0,15.0,62.0,174.0,3.0
2006,JHARKHAND,SARAIKELA,131.0,21.0,14.0,40.0,32.0,155.0,3.0
2006,JHARKHAND,SIMDEGA,107.0,39.0,9.0,28.0,9.0,68.0,2.0
2006,KARNATAKA,BAGALKOT,61.0,57.0,20.0,25.0,154.0,261.0,3.0
2006,KARNATAKA,BANGALORE COMMR.,549.0,176.0,99.0,684.0,715.0,10766.0,5.0
2006,KARNATAKA,BELGAUM,189.0,129.0,35.0,63.0,375.0,943.0,5.0
2006,KARNATAKA,BELLARY,101.0,74.0,23.0,36.0,229.0,487.0,4.0
2006,KARNATAKA,BIDAR,97.0,90.0,20.0,26.0,227.0,430.0,4.0
2006,KARNATAKA,BIJAPUR,122.0,107.0,26.0,24.0,336.0,356.0,5.0
2006,KARNATAKA,CHAMARAJNAGAR,36.0,51.0,7.0,1.0,70.0,163.0,2.0
2006,KARNATAKA,CHICKMAGALUR,84.0,88.0,11.0,19.0,146.0,543.0,3.0
2006,KARNATAKA,CHITRADURGA,62.0,68.0,19.0,11.0,195.0,436.0,3.0
2006,KARNATAKA,DAKSHIN KANNADA,72.0,64.0,12.0,27.0,447.0,506.0,5.0
2006,KARNATAKA,DAVANAGERE,40.0,77.0,14.0,35.0,147.0,516.0,3.0
2006,KARNATAKA,DHARWAD COMMR.,41.0,16.0,15.0,64.0,70.0,589.0,2.0
2006,KARNATAKA,GADAG,33.0,21.0,5.0,9.0,116.0,176.0,2.0
2006,KARNATAKA,GULBARGA,226.0,96.0,45.0,42.0,552.0,562.0,5.0
2006,KARNATAKA,HASSAN,100.0,75.0,11.0,31.0,139.0,552.0,3.0
2006,KARNATAKA,HAVERI,39.0,42.0,13.0,19.0,173.0,208.0,3.0
2006,KARNATAKA,K.G.F.,40.0,21.0,8.0,5.0,37.0,175.0,2.0
2006,KARNATAKA,KODAGU,61.0,27.0,6.0,2.0,39.0,168.0,2.0
2006,KARNATAKA,KOLAR,156.0,63.0,27.0,32.0,279.0,593.0,4.0
2006,KARNATAKA,KOPPAL,45.0,34.0,7.0,13.0,119.0,185.0,2.0
2006,KARNATAKA,MANDYA,107.0,98.0,14.0,17.0,192.0,508.0,4.0
2006,KARNATAKA,MYSORE COMMR.,78.0,29.0,8.0,111.0,71.0,736.0,3.0
2006,KARNATAKA,RAICHUR,83.0,89.0,18.0,15.0,212.0,357.0,4.0
2006,KARNATAKA,SHIMOGA,102.0,84.0,21.0,73.0,177.0,644.0,4.0
2006,KARNATAKA,TUMKUR,107.0,100.0,15.0,33.0,173.0,646.0,4.0
2006,KARNATAKA,UDUPI,32.0,28.0,7.0,21.0,142.0,250.0,2.0
2006,KARNATAKA,UTTAR KANNADA,60.0,56.0,5.0,9.0,76.0,212.0,2.0
2006,KERALA,ALAPUZHA,66.0,192.0,18.0,43.0,414.0,709.0,5.0
2006,KERALA,CBCID,18.0,1.0,1.0,2.0,0.0,29.0,1.0
2006,KERALA,ERNAKULAM COMMR.,33.0,79.0,11.0,50.0,185.0,860.0,3.0
2006,KERALA,IDUKKI,39.0,163.0,14.0,22.0,203.0,545.0,3.0
2006,KERALA,KANNUR,49.0,153.0,16.0,42.0,820.0,588.0,5.0
2006,KERALA,KASARGOD,27.0,108.0,8.0,24.0,356.0,435.0,4.0
2006,KERALA,KOLLAM,87.0,426.0,35.0,83.0,675.0,1185.0,5.0
2006,KERALA,KOTTAYAM,44.0,226.0,22.0,54.0,309.0,1198.0,4.0
2006,KERALA,KOZHIKODE COMMR.,20.0,70.0,12.0,33.0,225.0,779.0,3.0
2006,KERALA,MALAPPURAM,37.0,190.0,10.0,35.0,535.0,1002.0,5.0
2006,KERALA,PALAKKAD,81.0,111.0,8.0,38.0,344.0,750.0,5.0
2006,KERALA,PATHANAMTHITTA,27.0,169.0,15.0,29.0,189.0,492.0,3.0
2006,KERALA,THRISSUR,101.0,275.0,18.0,92.0,665.0,1100.0,5.0
2006,KERALA,TRIVANDRUM COMMR.,45.0,161.0,28.0,74.0,347.0,823.0,5.0
2006,KERALA,WAYANADU,18.0,106.0,4.0,15.0,165.0,322.0,3.0
2006,MADHYA PRADESH,ANUPPUR,43.0,119.0,9.0,13.0,22.0,233.0,2.0
2006,MADHYA PRADESH,ASHOK NAGAR,72.0,174.0,8.0,11.0,49.0,293.0,3.0
2006,MADHYA PRADESH,BALAGHAT,83.0,178.0,5.0,11.0,41.0,253.0,3.0
2006,MADHYA PRADESH,BARWANI,75.0,151.0,2.0,16.0,45.0,397.0,2.0
2006,MADHYA PRADESH,BETUL,90.0,276.0,27.0,24.0,33.0,440.0,4.0
2006,MADHYA PRADESH,BHIND,183.0,105.0,13.0,95.0,90.0,422.0,4.0
2006,MADHYA PRADESH,BHOPAL,151.0,263.0,49.0,156.0,82.0,2592.0,5.0
2006,MADHYA PRADESH,BHOPAL RLY.,6.0,11.0,4.0,13.0,2.0,1061.0,1.0
2006,MADHYA PRADESH,BURHANPUR,19.0,66.0,4.0,5.0,22.0,189.0,1.0
2006,MADHYA PRADESH,CHHATARPUR,148.0,229.0,23.0,53.0,72.0,513.0,4.0
2006,MADHYA PRADESH,CHHINDWARA,122.0,313.0,16.0,17.0,49.0,459.0,4.0
2006,MADHYA PRADESH,DAMOH,96.0,156.0,4.0,31.0,23.0,247.0,3.0
2006,MADHYA PRADESH,DATIYA,108.0,96.0,18.0,49.0,38.0,323.0,3.0
2006,MADHYA PRADESH,DEWAS,116.0,253.0,21.0,31.0,105.0,1068.0,4.0
2006,MADHYA PRADESH,DHAR,126.0,286.0,35.0,53.0,105.0,783.0,5.0
2006,MADHYA PRADESH,DINDORI,35.0,77.0,0.0,1.0,3.0,54.0,1.0
2006,MADHYA PRADESH,GUNA,88.0,231.0,13.0,31.0,86.0,442.0,4.0
2006,MADHYA PRADESH,GWALIOR,272.0,263.0,41.0,230.0,158.0,2414.0,5.0
2006,MADHYA PRADESH,HARDA,42.0,62.0,7.0,14.0,13.0,254.0,2.0
2006,MADHYA PRADESH,HOSHANGABAD,96.0,169.0,12.0,34.0,29.0,672.0,3.0
2006,MADHYA PRADESH,INDORE,209.0,343.0,39.0,121.0,187.0,4430.0,5.0
2006,MADHYA PRADESH,INDORE RLY.,3.0,7.0,0.0,8.0,0.0,138.0,1.0
2006,MADHYA PRADESH,JABALPUR,206.0,331.0,39.0,101.0,137.0,1574.0,5.0
2006,MADHYA PRADESH,JABALPUR RLY.,9.0,8.0,1.0,13.0,0.0,235.0,1.0
2006,MADHYA PRADESH,JHABUA,183.0,78.0,20.0,8.0,58.0,251.0,3.0
2006,MADHYA PRADESH,KATNI,85.0,174.0,7.0,12.0,34.0,378.0,2.0
2006,MADHYA PRADESH,KHANDWA,85.0,239.0,21.0,21.0,64.0,897.0,3.0
2006,MADHYA PRADESH,KHARGON,70.0,186.0,8.0,19.0,50.0,882.0,3.0
2006,MADHYA PRADESH,MANDLA,47.0,143.0,7.0,5.0,19.0,149.0,2.0
2006,MADHYA PRADESH,MANDSAUR,43.0,167.0,18.0,33.0,68.0,564.0,3.0
2006,MADHYA PRADESH,MORENA,153.0,111.0,30.0,53.0,164.0,598.0,4.0
2006,MADHYA PRADESH,NARSINGHPUR,76.0,187.0,4.0,13.0,31.0,178.0,3.0
2006,MADHYA PRADESH,NEEMUCH,31.0,56.0,8.0,8.0,26.0,421.0,2.0
2006,MADHYA PRADESH,PANNA,62.0,109.0,8.0,15.0,22.0,182.0,2.0
2006,MADHYA PRADESH,RAISEN,97.0,246.0,14.0,24.0,30.0,396.0,3.0
2006,MADHYA PRADESH,RAJGARH,57.0,229.0,12.0,31.0,150.0,544.0,4.0
2006,MADHYA PRADESH,RATLAM,95.0,187.0,20.0,37.0,52.0,623.0,3.0
2006,MADHYA PRADESH,REWA,73.0,172.0,23.0,52.0,88.0,940.0,4.0
2006,MADHYA PRADESH,SAGAR,171.0,400.0,31.0,52.0,105.0,912.0,5.0
2006,MADHYA PRADESH,SATNA,126.0,270.0,18.0,38.0,67.0,943.0,4.0
2006,MADHYA PRADESH,SEONI,59.0,162.0,6.0,12.0,47.0,253.0,3.0
2006,MADHYA PRADESH,SHAHDOL,56.0,207.0,4.0,22.0,36.0,405.0,3.0
2006,MADHYA PRADESH,SHAJAPUR,72.0,208.0,19.0,67.0,84.0,869.0,4.0
2006,MADHYA PRADESH,SHEOPUR,25.0,53.0,8.0,5.0,27.0,158.0,2.0
2006,MADHYA PRADESH,SHIVPURI,139.0,253.0,22.0,44.0,107.0,596.0,4.0
2006,MADHYA PRADESH,SIDHI,98.0,195.0,31.0,29.0,46.0,681.0,4.0
2006,MADHYA PRADESH,SIHORE,79.0,165.0,14.0,26.0,56.0,583.0,3.0
2006,MADHYA PRADESH,TIKAMGARH,68.0,183.0,9.0,32.0,92.0,339.0,3.0
2006,MADHYA PRADESH,UJJAIN,193.0,254.0,39.0,94.0,122.0,1666.0,5.0
2006,MADHYA PRADESH,UMARIYA,68.0,77.0,0.0,6.0,20.0,220.0,2.0
2006,MADHYA PRADESH,VIDISHA,108.0,265.0,17.0,32.0,67.0,620.0,4.0
2006,MAHARASHTRA,AHMEDNAGAR,138.0,197.0,36.0,136.0,323.0,1881.0,5.0
2006,MAHARASHTRA,AKOLA,99.0,120.0,28.0,43.0,170.0,1403.0,4.0
2006,MAHARASHTRA,AMRAVATI COMMR.,41.0,57.0,17.0,31.0,90.0,1004.0,3.0
2006,MAHARASHTRA,AURANGABAD COMMR.,55.0,72.0,22.0,84.0,159.0,1081.0,4.0
2006,MAHARASHTRA,BEED,110.0,122.0,34.0,122.0,479.0,1206.0,5.0
2006,MAHARASHTRA,BHANDARA,55.0,94.0,15.0,16.0,147.0,674.0,3.0
2006,MAHARASHTRA,BULDHANA,119.0,151.0,10.0,39.0,245.0,1032.0,4.0
2006,MAHARASHTRA,CHANDRAPUR,63.0,111.0,17.0,34.0,171.0,1225.0,3.0
2006,MAHARASHTRA,DHULE,75.0,45.0,8.0,29.0,115.0,590.0,3.0
2006,MAHARASHTRA,GADCHIROLI,115.0,66.0,10.0,20.0,73.0,251.0,3.0
2006,MAHARASHTRA,GONDIA,46.0,129.0,22.0,37.0,104.0,662.0,3.0
2006,MAHARASHTRA,HINGOLI,68.0,56.0,12.0,46.0,140.0,358.0,3.0
2006,MAHARASHTRA,JALGAON,132.0,163.0,21.0,62.0,218.0,1139.0,4.0
2006,MAHARASHTRA,JALNA,77.0,77.0,13.0,61.0,194.0,704.0,4.0
2006,MAHARASHTRA,KOLHAPUR,113.0,104.0,29.0,45.0,197.0,1324.0,4.0
2006,MAHARASHTRA,LATUR,94.0,68.0,22.0,52.0,227.0,745.0,4.0
2006,MAHARASHTRA,MUMBAI COMMR.,379.0,522.0,190.0,321.0,293.0,17007.0,5.0
2006,MAHARASHTRA,MUMBAI RLY.,18.0,22.0,5.0,28.0,9.0,1705.0,1.0
2006,MAHARASHTRA,NAGPUR COMMR.,140.0,123.0,58.0,191.0,261.0,4260.0,5.0
2006,MAHARASHTRA,NAGPUR RLY.,10.0,5.0,2.0,33.0,19.0,881.0,1.0
2006,MAHARASHTRA,NANDED,151.0,115.0,35.0,91.0,404.0,995.0,5.0
2006,MAHARASHTRA,NANDURBAR,41.0,43.0,9.0,15.0,98.0,267.0,2.0
2006,MAHARASHTRA,NASIK COMMR.,53.0,50.0,32.0,53.0,140.0,1510.0,3.0
2006,MAHARASHTRA,NAVI MUMBAI,79.0,57.0,19.0,123.0,130.0,1869.0,4.0
2006,MAHARASHTRA,OSMANABAD,85.0,94.0,10.0,65.0,200.0,888.0,4.0
2006,MAHARASHTRA,PARBHANI,116.0,91.0,18.0,66.0,138.0,556.0,4.0
2006,MAHARASHTRA,PUNE COMMR.,207.0,181.0,108.0,250.0,510.0,5729.0,5.0
2006,MAHARASHTRA,PUNE RLY.,3.0,2.0,1.0,14.0,2.0,231.0,1.0
2006,MAHARASHTRA,RAIGAD,84.0,68.0,15.0,55.0,168.0,765.0,4.0
2006,MAHARASHTRA,RATNAGIRI,25.0,57.0,9.0,14.0,125.0,548.0,2.0
2006,MAHARASHTRA,SANGLI,96.0,75.0,21.0,32.0,147.0,944.0,3.0
2006,MAHARASHTRA,SATARA,110.0,122.0,41.0,94.0,203.0,1543.0,4.0
2006,MAHARASHTRA,SINDHUDURG,23.0,22.0,4.0,4.0,50.0,262.0,2.0
2006,MAHARASHTRA,SOLAPUR COMMR.,43.0,34.0,16.0,58.0,99.0,698.0,3.0
2006,MAHARASHTRA,THANE COMMR.,198.0,212.0,90.0,187.0,313.0,4008.0,5.0
2006,MAHARASHTRA,WARDHA,80.0,127.0,22.0,34.0,209.0,949.0,4.0
2006,MAHARASHTRA,WASHIM,47.0,76.0,11.0,28.0,100.0,468.0,2.0
2006,MAHARASHTRA,YAVATMAL,158.0,208.0,37.0,74.0,232.0,1365.0,5.0
2006,MANIPUR,BISHNUPUR,42.0,7.0,9.0,0.0,8.0,33.0,1.0
2006,MANIPUR,CHANDEL,26.0,3.0,2.0,2.0,6.0,9.0,1.0
2006,MANIPUR,CHURACHANDPUR,74.0,25.0,1.0,0.0,6.0,29.0,2.0
2006,MANIPUR,IMPHAL EAST,88.0,17.0,26.0,0.0,48.0,65.0,2.0
2006,MANIPUR,IMPHAL WEST,115.0,24.0,51.0,6.0,61.0,237.0,3.0
2006,MANIPUR,SENAPATI,21.0,0.0,6.0,2.0,2.0,21.0,1.0
2006,MANIPUR,TAMENGLONG,14.0,0.0,0.0,0.0,7.0,6.0,1.0
2006,MANIPUR,THOUBAL,89.0,6.0,35.0,0.0,24.0,61.0,2.0
2006,MANIPUR,UKHRUL,5.0,0.0,0.0,0.0,7.0,6.0,1.0
2006,MEGHALAYA,GARO HILLS EAST,28.0,10.0,6.0,18.0,1.0,37.0,1.0
2006,MEGHALAYA,GARO HILLS SOUTH,5.0,1.0,4.0,8.0,0.0,23.0,1.0
2006,MEGHALAYA,GARO HILLS WEST,22.0,24.0,13.0,9.0,14.0,58.0,1.0
2006,MEGHALAYA,JAINTIA HILLS,56.0,23.0,3.0,12.0,5.0,59.0,2.0
2006,MEGHALAYA,KHASI HILLS EAST,65.0,53.0,28.0,43.0,14.0,445.0,3.0
2006,MEGHALAYA,KHASI HILLS WEST,17.0,6.0,1.0,19.0,0.0,32.0,1.0
2006,MEGHALAYA,RI-BHOI,14.0,14.0,2.0,13.0,1.0,55.0,1.0
2006,MIZORAM,AIZAWL,21.0,55.0,2.0,3.0,12.0,671.0,1.0
2006,MIZORAM,CHAMPHAI,3.0,18.0,0.0,1.0,4.0,125.0,1.0
2006,MIZORAM,KOLASIB,5.0,14.0,2.0,6.0,4.0,114.0,1.0
2006,MIZORAM,LAWNGTLAI,3.0,3.0,0.0,1.0,0.0,36.0,1.0
2006,MIZORAM,LUNGLEI,3.0,16.0,0.0,1.0,1.0,177.0,1.0
2006,MIZORAM,MAMIT,10.0,3.0,1.0,3.0,0.0,34.0,1.0
2006,MIZORAM,SAIHA,1.0,8.0,1.0,1.0,3.0,78.0,1.0
2006,MIZORAM,SERCHHIP,5.0,6.0,0.0,1.0,1.0,53.0,1.0
2006,NAGALAND,DIMAPUR,32.0,7.0,15.0,69.0,10.0,196.0,2.0
2006,NAGALAND,KIPHIRE,1.0,0.0,0.0,0.0,0.0,1.0,1.0
2006,NAGALAND,KOHIMA,50.0,8.0,10.0,16.0,1.0,104.0,1.0
2006,NAGALAND,MOKOKCHUNG,11.0,0.0,3.0,1.0,1.0,16.0,1.0
2006,NAGALAND,MON,23.0,2.0,2.0,6.0,3.0,25.0,1.0
2006,NAGALAND,PEREN,20.0,1.0,0.0,3.0,0.0,10.0,1.0
2006,NAGALAND,PHEK,12.0,5.0,0.0,3.0,0.0,18.0,1.0
2006,NAGALAND,TUENSANG,5.0,1.0,0.0,1.0,6.0,14.0,1.0
2006,NAGALAND,WOKHA,6.0,0.0,1.0,1.0,2.0,34.0,1.0
2006,NAGALAND,ZUNHEBOTO,17.0,2.0,0.0,0.0,0.0,34.0,1.0
2006,ODISHA,ANGUL,83.0,138.0,16.0,62.0,156.0,473.0,4.0
2006,ODISHA,BALASORE,78.0,204.0,50.0,32.0,76.0,531.0,4.0
2006,ODISHA,BARAGARH,68.0,86.0,13.0,36.0,92.0,225.0,3.0
2006,ODISHA,BERHAMPUR,57.0,99.0,15.0,52.0,59.0,320.0,2.0
2006,ODISHA,BHADRAK,71.0,103.0,20.0,20.0,46.0,211.0,3.0
2006,ODISHA,BOLANGIR,65.0,180.0,37.0,34.0,69.0,272.0,3.0
2006,ODISHA,BOUDH,12.0,53.0,3.0,5.0,22.0,71.0,1.0
2006,ODISHA,CUTTACK,44.0,94.0,56.0,98.0,81.0,1086.0,4.0
2006,ODISHA,DEOGARH,19.0,87.0,7.0,21.0,32.0,105.0,2.0
2006,ODISHA,DHENKANAL,48.0,162.0,13.0,61.0,117.0,259.0,3.0
2006,ODISHA,GAJAPATI,14.0,37.0,8.0,10.0,39.0,73.0,1.0
2006,ODISHA,GANJAM,116.0,209.0,25.0,56.0,95.0,317.0,4.0
2006,ODISHA,JAGATSINGHPUR,32.0,19.0,21.0,38.0,32.0,244.0,2.0
2006,ODISHA,JAJPUR,63.0,104.0,39.0,53.0,85.0,386.0,4.0
2006,ODISHA,JHARSUGUDA,35.0,76.0,5.0,24.0,51.0,290.0,2.0
2006,ODISHA,KALAHANDI,44.0,91.0,15.0,33.0,97.0,211.0,3.0
2006,ODISHA,KANDHAMAL,32.0,116.0,16.0,14.0,34.0,125.0,2.0
2006,ODISHA,KENDRAPARA,59.0,40.0,12.0,43.0,23.0,183.0,3.0
2006,ODISHA,KEONJHAR,143.0,205.0,35.0,73.0,77.0,323.0,4.0
2006,ODISHA,KHURDA,93.0,120.0,62.0,239.0,111.0,2097.0,5.0
2006,ODISHA,KORAPUT,84.0,187.0,37.0,34.0,48.0,281.0,3.0
2006,ODISHA,MALKANGIR,82.0,48.0,8.0,4.0,17.0,67.0,2.0
2006,ODISHA,MAYURBHANJ,134.0,247.0,38.0,50.0,35.0,409.0,4.0
2006,ODISHA,NAYAGARH,47.0,33.0,21.0,17.0,40.0,234.0,2.0
2006,ODISHA,NOWRANGPUR,21.0,77.0,17.0,8.0,31.0,105.0,2.0
2006,ODISHA,NUAPADA,20.0,47.0,6.0,12.0,30.0,119.0,1.0
2006,ODISHA,PURI,38.0,36.0,33.0,79.0,70.0,534.0,3.0
2006,ODISHA,RAYAGADA,53.0,75.0,13.0,21.0,57.0,124.0,2.0
2006,ODISHA,ROURKELA,34.0,101.0,18.0,24.0,14.0,382.0,2.0
2006,ODISHA,SAMBALPUR,102.0,131.0,13.0,88.0,87.0,486.0,3.0
2006,ODISHA,SONEPUR,31.0,71.0,6.0,12.0,26.0,85.0,2.0
2006,ODISHA,SRP(CUTTACK),5.0,8.0,5.0,18.0,1.0,319.0,1.0
2006,ODISHA,SRP(ROURKELA),8.0,7.0,3.0,5.0,6.0,109.0,1.0
2006,ODISHA,SUNDARGARH,112.0,109.0,18.0,47.0,50.0,308.0,3.0
2006,PUNJAB,AMRITSAR,93.0,19.0,25.0,21.0,0.0,678.0,2.0
2006,PUNJAB,BARNALA,27.0,12.0,6.0,3.0,0.0,136.0,1.0
2006,PUNJAB,BATALA,56.0,46.0,16.0,0.0,0.0,375.0,2.0
2006,PUNJAB,BHATINDA,124.0,41.0,27.0,4.0,5.0,469.0,2.0
2006,PUNJAB,FARIDKOT,49.0,34.0,13.0,3.0,1.0,280.0,1.0
2006,PUNJAB,FATEHGARH SAHIB,32.0,15.0,4.0,4.0,0.0,169.0,1.0
2006,PUNJAB,FEROZPUR,119.0,18.0,26.0,1.0,7.0,541.0,2.0
2006,PUNJAB,G.R.P,16.0,3.0,0.0,1.0,1.0,67.0,1.0
2006,PUNJAB,GURDASPUR,62.0,37.0,16.0,2.0,2.0,193.0,2.0
2006,PUNJAB,HOSHIARPUR,88.0,39.0,25.0,11.0,5.0,386.0,2.0
2006,PUNJAB,JAGRAON,56.0,29.0,12.0,1.0,0.0,242.0,2.0
2006,PUNJAB,JALANDHAR,221.0,82.0,125.0,29.0,20.0,1392.0,5.0
2006,PUNJAB,KAPURTHALA,58.0,25.0,21.0,17.0,5.0,409.0,2.0
2006,PUNJAB,KHANNA,48.0,5.0,13.0,6.0,3.0,239.0,1.0
2006,PUNJAB,LUDHIANA,150.0,66.0,100.0,16.0,6.0,1091.0,4.0
2006,PUNJAB,MAJITHA,89.0,26.0,21.0,7.0,0.0,214.0,2.0
2006,PUNJAB,MANSA,76.0,26.0,9.0,1.0,0.0,151.0,2.0
2006,PUNJAB,MOGA,83.0,35.0,28.0,12.0,2.0,473.0,2.0
2006,PUNJAB,MUKTSAR,51.0,19.0,17.0,7.0,3.0,221.0,2.0
2006,PUNJAB,NAWAN SHAHR,50.0,13.0,7.0,12.0,0.0,212.0,1.0
2006,PUNJAB,PATIALA,110.0,56.0,26.0,2.0,8.0,633.0,2.0
2006,PUNJAB,ROPAR,14.0,17.0,10.0,1.0,1.0,140.0,1.0
2006,PUNJAB,SANGRUR,67.0,42.0,14.0,2.0,2.0,326.0,2.0
2006,PUNJAB,SAS NGR,68.0,10.0,15.0,0.0,0.0,633.0,2.0
2006,PUNJAB,TARN TARAN,73.0,41.0,15.0,14.0,0.0,227.0,2.0
2006,RAJASTHAN,AJMER,112.0,167.0,90.0,28.0,78.0,1664.0,4.0
2006,RAJASTHAN,ALWAR,162.0,192.0,102.0,38.0,91.0,1919.0,5.0
2006,RAJASTHAN,BANSWARA,52.0,106.0,38.0,14.0,102.0,226.0,3.0
2006,RAJASTHAN,BARAN,112.0,151.0,44.0,8.0,35.0,477.0,3.0
2006,RAJASTHAN,BARMER,49.0,97.0,26.0,3.0,28.0,454.0,2.0
2006,RAJASTHAN,BHARATPUR,139.0,75.0,82.0,18.0,22.0,1275.0,4.0
2006,RAJASTHAN,BHILWARA,98.0,121.0,97.0,57.0,53.0,1319.0,4.0
2006,RAJASTHAN,BIKANER,137.0,92.0,28.0,10.0,16.0,897.0,3.0
2006,RAJASTHAN,BUNDI,75.0,142.0,64.0,17.0,55.0,467.0,3.0
2006,RAJASTHAN,CHITTORGARH,104.0,216.0,154.0,41.0,137.0,1165.0,5.0
2006,RAJASTHAN,CHURU,45.0,33.0,19.0,4.0,30.0,405.0,2.0
2006,RAJASTHAN,DAUSA,42.0,50.0,35.0,10.0,79.0,840.0,3.0
2006,RAJASTHAN,DHOLPUR,101.0,61.0,41.0,10.0,45.0,474.0,3.0
2006,RAJASTHAN,DUNGARPUR,38.0,82.0,25.0,7.0,105.0,122.0,2.0
2006,RAJASTHAN,G.R.P.,12.0,19.0,10.0,13.0,4.0,555.0,1.0
2006,RAJASTHAN,GANGANAGAR,168.0,103.0,38.0,16.0,19.0,1150.0,3.0
2006,RAJASTHAN,HANUMANGARH,106.0,96.0,24.0,13.0,14.0,743.0,3.0
2006,RAJASTHAN,JAIPUR EAST,40.0,59.0,55.0,21.0,180.0,2401.0,4.0
2006,RAJASTHAN,JAIPUR NORTH,47.0,60.0,48.0,13.0,66.0,1419.0,3.0
2006,RAJASTHAN,JAIPUR SOUTH,37.0,49.0,57.0,17.0,65.0,2106.0,3.0
2006,RAJASTHAN,JAISALMER,10.0,15.0,7.0,4.0,22.0,227.0,1.0
2006,RAJASTHAN,JALORE,45.0,51.0,23.0,5.0,26.0,362.0,2.0
2006,RAJASTHAN,JHALAWAR,111.0,193.0,66.0,19.0,71.0,565.0,4.0
2006,RAJASTHAN,JHUNJHUNU,52.0,82.0,20.0,6.0,53.0,649.0,3.0
2006,RAJASTHAN,KARAULI,52.0,68.0,59.0,10.0,28.0,544.0,3.0
2006,RAJASTHAN,NAGAUR,91.0,228.0,49.0,22.0,38.0,845.0,3.0
2006,RAJASTHAN,PALI,84.0,161.0,68.0,25.0,35.0,858.0,3.0
2006,RAJASTHAN,RAJSAMAND,23.0,43.0,36.0,17.0,51.0,457.0,2.0
2006,RAJASTHAN,SAWAI MADHOPUR,49.0,64.0,47.0,19.0,15.0,765.0,2.0
2006,RAJASTHAN,SIKAR,80.0,60.0,60.0,11.0,84.0,829.0,3.0
2006,RAJASTHAN,SIROHI,38.0,70.0,26.0,8.0,40.0,364.0,2.0
2006,RAJASTHAN,TONK,49.0,30.0,56.0,11.0,63.0,664.0,3.0
2006,RAJASTHAN,UDAIPUR,137.0,173.0,121.0,42.0,252.0,1288.0,5.0
2006,SIKKIM,EAST,21.0,16.0,5.0,3.0,6.0,135.0,1.0
2006,SIKKIM,NORTH,2.0,3.0,0.0,0.0,0.0,9.0,1.0
2006,SIKKIM,SOUTH,8.0,10.0,2.0,5.0,6.0,62.0,1.0
2006,SIKKIM,WEST,8.0,5.0,1.0,1.0,1.0,38.0,1.0
2006,TAMIL NADU,CHENNAI,329.0,116.0,59.0,63.0,131.0,3472.0,5.0
2006,TAMIL NADU,CHENNAI RLY.,0.0,3.0,0.0,2.0,4.0,78.0,1.0
2006,TAMIL NADU,CUDDALORE,132.0,49.0,33.0,14.0,159.0,439.0,4.0
2006,TAMIL NADU,DHARMAPURI,71.0,42.0,16.0,9.0,182.0,190.0,3.0
2006,TAMIL NADU,DINDIGUL,80.0,40.0,40.0,16.0,37.0,526.0,2.0
2006,TAMIL NADU,ERODE,63.0,48.0,20.0,14.0,57.0,660.0,2.0
2006,TAMIL NADU,KANCHIPURAM,99.0,37.0,16.0,27.0,71.0,491.0,3.0
2006,TAMIL NADU,KANYAKUMARI,58.0,24.0,18.0,5.0,18.0,530.0,2.0
2006,TAMIL NADU,KARUR,32.0,12.0,14.0,14.0,26.0,314.0,2.0
2006,TAMIL NADU,KRISHNAGIRI,88.0,38.0,29.0,20.0,133.0,526.0,3.0
2006,TAMIL NADU,NAGAPATTINAM,72.0,82.0,18.0,10.0,57.0,362.0,2.0
2006,TAMIL NADU,NAMAKKAL,45.0,31.0,18.0,9.0,49.0,254.0,2.0
2006,TAMIL NADU,NILGIRIS,39.0,18.0,2.0,4.0,16.0,208.0,1.0
2006,TAMIL NADU,PERAMBALUR,69.0,48.0,16.0,8.0,47.0,262.0,2.0
2006,TAMIL NADU,PUDUKOTTAI,111.0,55.0,32.0,7.0,64.0,376.0,3.0
2006,TAMIL NADU,RAMNATHAPURAM,59.0,34.0,24.0,9.0,78.0,312.0,2.0
2006,TAMIL NADU,SIVAGANGAI,61.0,13.0,23.0,8.0,28.0,280.0,2.0
2006,TAMIL NADU,THANJAVUR,92.0,88.0,55.0,17.0,93.0,743.0,3.0
2006,TAMIL NADU,THENI,54.0,26.0,30.0,9.0,57.0,375.0,2.0
2006,TAMIL NADU,THIRUVALLUR,54.0,40.0,13.0,8.0,60.0,270.0,2.0
2006,TAMIL NADU,THIRUVANNAMALAI,65.0,18.0,16.0,2.0,51.0,284.0,2.0
2006,TAMIL NADU,THIRUVARUR,48.0,73.0,17.0,12.0,56.0,296.0,2.0
2006,TAMIL NADU,THOOTHUGUDI,140.0,18.0,13.0,10.0,20.0,619.0,2.0
2006,TAMIL NADU,TRICHY RLY.,3.0,1.0,0.0,2.0,3.0,24.0,1.0
2006,TAMIL NADU,VELLORE,132.0,76.0,47.0,22.0,33.0,677.0,3.0
2006,TAMIL NADU,VILLUPURAM,122.0,91.0,26.0,9.0,217.0,405.0,4.0
2006,TAMIL NADU,VIRUDHUNAGAR,87.0,37.0,28.0,15.0,52.0,507.0,2.0
2006,TRIPURA,DHALAI,29.0,35.0,14.0,6.0,24.0,53.0,2.0
2006,TRIPURA,NORTH,54.0,92.0,26.0,24.0,36.0,167.0,3.0
2006,TRIPURA,SOUTH,38.0,132.0,19.0,16.0,43.0,196.0,3.0
2006,TRIPURA,WEST,86.0,137.0,46.0,43.0,86.0,265.0,4.0
2006,UTTAR PRADESH,AGRA,356.0,159.0,175.0,85.0,230.0,2174.0,5.0
2006,UTTAR PRADESH,ALIGARH,431.0,92.0,122.0,70.0,219.0,1140.0,5.0
2006,UTTAR PRADESH,ALLAHABAD,264.0,62.0,75.0,43.0,94.0,929.0,5.0
2006,UTTAR PRADESH,AMBEDKAR NAGAR,79.0,30.0,48.0,21.0,42.0,217.0,3.0
2006,UTTAR PRADESH,AURAIYA,119.0,23.0,42.0,32.0,34.0,142.0,3.0
2006,UTTAR PRADESH,AZAMGARH,152.0,26.0,21.0,58.0,58.0,289.0,3.0
2006,UTTAR PRADESH,BADAUN,378.0,67.0,64.0,16.0,37.0,241.0,5.0
2006,UTTAR PRADESH,BAGHPAT,165.0,23.0,43.0,36.0,39.0,254.0,3.0
2006,UTTAR PRADESH,BAHRAICH,112.0,46.0,44.0,15.0,46.0,245.0,3.0
2006,UTTAR PRADESH,BALLIA,110.0,18.0,11.0,10.0,55.0,193.0,2.0
2006,UTTAR PRADESH,BALRAMPUR,38.0,19.0,15.0,7.0,9.0,81.0,2.0
2006,UTTAR PRADESH,BANDA,87.0,35.0,14.0,12.0,32.0,180.0,2.0
2006,UTTAR PRADESH,BARABANKI,145.0,62.0,52.0,27.0,44.0,303.0,4.0
2006,UTTAR PRADESH,BAREILLY,404.0,115.0,93.0,61.0,107.0,810.0,5.0
2006,UTTAR PRADESH,BASTI,68.0,18.0,15.0,11.0,26.0,184.0,2.0
2006,UTTAR PRADESH,BIJNOR,170.0,50.0,51.0,26.0,46.0,316.0,4.0
2006,UTTAR PRADESH,BULANDSHAHAR,314.0,90.0,69.0,29.0,68.0,508.0,5.0
2006,UTTAR PRADESH,CHANDOLI,65.0,8.0,15.0,7.0,8.0,131.0,2.0
2006,UTTAR PRADESH,CHITRAKOOT DHAM,51.0,22.0,7.0,4.0,14.0,79.0,2.0
2006,UTTAR PRADESH,DEORIA,83.0,13.0,19.0,14.0,65.0,192.0,2.0
2006,UTTAR PRADESH,ETAH,310.0,54.0,64.0,24.0,68.0,376.0,5.0
2006,UTTAR PRADESH,ETAWAH,153.0,28.0,66.0,35.0,11.0,195.0,4.0
2006,UTTAR PRADESH,FAIZABAD,94.0,32.0,34.0,32.0,45.0,386.0,3.0
2006,UTTAR PRADESH,FATEHGARH,200.0,19.0,38.0,19.0,27.0,163.0,4.0
2006,UTTAR PRADESH,FATEHPUR,156.0,23.0,22.0,12.0,12.0,178.0,3.0
2006,UTTAR PRADESH,FIROZABAD,303.0,45.0,92.0,105.0,97.0,543.0,5.0
2006,UTTAR PRADESH,G.R.P.,46.0,19.0,7.0,27.0,13.0,824.0,1.0
2006,UTTAR PRADESH,GAUTAMBUDH NAGAR,170.0,61.0,52.0,43.0,61.0,1273.0,4.0
2006,UTTAR PRADESH,GHAZIABAD,340.0,55.0,109.0,44.0,75.0,1552.0,5.0
2006,UTTAR PRADESH,GHAZIPUR,106.0,16.0,14.0,21.0,51.0,182.0,3.0
2006,UTTAR PRADESH,GONDA,137.0,49.0,44.0,35.0,40.0,355.0,3.0
2006,UTTAR PRADESH,GORAKHPUR,182.0,47.0,44.0,39.0,99.0,526.0,4.0
2006,UTTAR PRADESH,HAMIRPUR,74.0,24.0,6.0,4.0,11.0,65.0,2.0
2006,UTTAR PRADESH,HARDOI,183.0,85.0,42.0,17.0,16.0,264.0,4.0
2006,UTTAR PRADESH,HATHRAS,173.0,73.0,45.0,45.0,63.0,339.0,4.0
2006,UTTAR PRADESH,J.P.NAGAR,137.0,43.0,28.0,23.0,39.0,224.0,3.0
2006,UTTAR PRADESH,JALAUN,99.0,35.0,29.0,8.0,19.0,157.0,2.0
2006,UTTAR PRADESH,JAUNPUR,133.0,44.0,25.0,32.0,45.0,322.0,3.0
2006,UTTAR PRADESH,JHANSI,95.0,27.0,12.0,7.0,10.0,206.0,2.0
2006,UTTAR PRADESH,KANNAUJ,117.0,37.0,41.0,11.0,18.0,153.0,3.0
2006,UTTAR PRADESH,KANPUR DEHAT,90.0,56.0,31.0,21.0,48.0,198.0,3.0
2006,UTTAR PRADESH,KANPUR NAGAR,275.0,91.0,117.0,75.0,132.0,1388.0,5.0
2006,UTTAR PRADESH,KAUSHAMBI,90.0,27.0,19.0,11.0,12.0,96.0,2.0
2006,UTTAR PRADESH,KHIRI,242.0,86.0,68.0,27.0,48.0,298.0,5.0
2006,UTTAR PRADESH,KUSHI NAGAR,69.0,24.0,20.0,6.0,73.0,213.0,2.0
2006,UTTAR PRADESH,LALITPUR,38.0,23.0,12.0,6.0,17.0,96.0,2.0
2006,UTTAR PRADESH,LUCKNOW,392.0,151.0,205.0,248.0,269.0,3432.0,5.0
2006,UTTAR PRADESH,MAHARAJGANJ,42.0,38.0,22.0,10.0,29.0,124.0,2.0
2006,UTTAR PRADESH,MAHOBA,71.0,6.0,9.0,12.0,19.0,63.0,2.0
2006,UTTAR PRADESH,MAINPURI,256.0,28.0,42.0,30.0,39.0,315.0,4.0
2006,UTTAR PRADESH,MATHURA,244.0,96.0,57.0,54.0,107.0,975.0,5.0
2006,UTTAR PRADESH,MAU,90.0,15.0,24.0,14.0,83.0,249.0,3.0
2006,UTTAR PRADESH,MEERUT,422.0,111.0,108.0,92.0,142.0,1425.0,5.0
2006,UTTAR PRADESH,MIRZAPUR,94.0,25.0,18.0,13.0,22.0,186.0,2.0
2006,UTTAR PRADESH,MORADABAD,321.0,113.0,94.0,42.0,75.0,827.0,5.0
2006,UTTAR PRADESH,MUZAFFARNAGAR,426.0,77.0,120.0,96.0,144.0,875.0,5.0
2006,UTTAR PRADESH,PILIBHIT,78.0,52.0,27.0,10.0,9.0,177.0,2.0
2006,UTTAR PRADESH,PRATAPGARH,161.0,60.0,61.0,27.0,123.0,405.0,4.0
2006,UTTAR PRADESH,RAIBAREILLY,150.0,61.0,40.0,15.0,45.0,305.0,3.0
2006,UTTAR PRADESH,RAMPUR,139.0,43.0,43.0,24.0,45.0,387.0,3.0
2006,UTTAR PRADESH,SAHARANPUR,213.0,57.0,41.0,39.0,85.0,766.0,4.0
2006,UTTAR PRADESH,SANT KABIRNAGAR,44.0,11.0,18.0,11.0,18.0,104.0,2.0
2006,UTTAR PRADESH,SHAHJAHANPUR,244.0,42.0,57.0,25.0,30.0,252.0,4.0
2006,UTTAR PRADESH,SHRAWASTI,28.0,18.0,21.0,5.0,20.0,80.0,2.0
2006,UTTAR PRADESH,SIDHARTHNAGAR,35.0,16.0,28.0,14.0,18.0,197.0,2.0
2006,UTTAR PRADESH,SITAPUR,287.0,115.0,78.0,35.0,90.0,565.0,5.0
2006,UTTAR PRADESH,SONBHADRA,69.0,22.0,4.0,5.0,14.0,102.0,2.0
2006,UTTAR PRADESH,ST.RAVIDASNAGAR,51.0,8.0,5.0,11.0,19.0,101.0,1.0
2006,UTTAR PRADESH,SULTANPUR,202.0,46.0,31.0,35.0,42.0,331.0,4.0
2006,UTTAR PRADESH,UNNAO,201.0,72.0,44.0,22.0,37.0,244.0,4.0
2006,UTTAR PRADESH,VARANASI,157.0,26.0,45.0,40.0,126.0,1008.0,4.0
2006,UTTARAKHAND,ALMORA,28.0,14.0,5.0,11.0,14.0,89.0,1.0
2006,UTTARAKHAND,BAGESHWAR,14.0,10.0,4.0,7.0,1.0,25.0,1.0
2006,UTTARAKHAND,CHAMOLI,11.0,9.0,4.0,3.0,26.0,42.0,1.0
2006,UTTARAKHAND,CHAMPAWAT,12.0,7.0,1.0,4.0,3.0,21.0,1.0
2006,UTTARAKHAND,DEHRADUN,82.0,51.0,43.0,29.0,100.0,656.0,3.0
2006,UTTARAKHAND,HARIDWAR,115.0,77.0,64.0,64.0,115.0,980.0,4.0
2006,UTTARAKHAND,NAINITAL,50.0,16.0,17.0,9.0,30.0,225.0,2.0
2006,UTTARAKHAND,PAURI GARHWAL,27.0,7.0,8.0,7.0,19.0,116.0,1.0
2006,UTTARAKHAND,PITHORAGARH,19.0,21.0,3.0,7.0,11.0,50.0,1.0
2006,UTTARAKHAND,RUDRA PRAYAG,7.0,6.0,2.0,4.0,15.0,33.0,1.0
2006,UTTARAKHAND,TEHRI GARHWAL,17.0,9.0,9.0,2.0,18.0,50.0,1.0
2006,UTTARAKHAND,UDHAMSINGH NAGAR,141.0,57.0,46.0,38.0,156.0,443.0,4.0
2006,UTTARAKHAND,UTTARKASHI,6.0,16.0,6.0,3.0,20.0,45.0,1.0
2006,WEST BENGAL,24 PARGANAS NORTH,275.0,349.0,186.0,44.0,185.0,1638.0,5.0
2006,WEST BENGAL,24 PARGANAS SOUTH,176.0,347.0,155.0,31.0,295.0,1295.0,5.0
2006,WEST BENGAL,ASANSOL,76.0,30.0,16.0,20.0,54.0,181.0,3.0
2006,WEST BENGAL,BANKURA,98.0,94.0,26.0,25.0,67.0,253.0,4.0
2006,WEST BENGAL,BIRBHUM,95.0,91.0,39.0,41.0,129.0,325.0,4.0
2006,WEST BENGAL,BURDWAN,128.0,155.0,41.0,55.0,214.0,725.0,5.0
2006,WEST BENGAL,COOCHBEHAR,44.0,240.0,48.0,8.0,45.0,198.0,4.0
2006,WEST BENGAL,DAKSHIN DINAJPUR,83.0,92.0,49.0,5.0,40.0,128.0,3.0
2006,WEST BENGAL,DARJEELING,64.0,74.0,43.0,9.0,14.0,494.0,3.0
2006,WEST BENGAL,HOOGHLY,155.0,80.0,28.0,36.0,265.0,587.0,5.0
2006,WEST BENGAL,HOWRAH,72.0,135.0,66.0,14.0,162.0,794.0,5.0
2006,WEST BENGAL,HOWRAH G.R.P.,15.0,5.0,3.0,7.0,2.0,718.0,1.0
2006,WEST BENGAL,JALPAIGURI,170.0,220.0,56.0,23.0,33.0,583.0,5.0
2006,WEST BENGAL,KHARAGPUR G.R.P.,3.0,3.0,0.0,5.0,1.0,88.0,1.0
2006,WEST BENGAL,KOLKATA,108.0,211.0,94.0,62.0,167.0,3854.0,5.0
2006,WEST BENGAL,MALDA,151.0,184.0,48.0,36.0,53.0,438.0,4.0
2006,WEST BENGAL,MURSHIDABAD,180.0,441.0,118.0,28.0,190.0,793.0,5.0
2006,WEST BENGAL,NADIA,137.0,333.0,152.0,30.0,173.0,1005.0,5.0
2006,WEST BENGAL,PASCHIM MIDNAPUR,176.0,152.0,50.0,45.0,166.0,414.0,5.0
2006,WEST BENGAL,PURAB MIDNAPUR,108.0,108.0,59.0,17.0,131.0,357.0,4.0
2006,WEST BENGAL,PURULIA,50.0,89.0,13.0,23.0,55.0,169.0,3.0
2006,WEST BENGAL,SEALDAH G.R.P.,15.0,5.0,5.0,12.0,2.0,181.0,1.0
2006,WEST BENGAL,SILIGURI G.R.P.,3.0,1.0,4.0,0.0,6.0,63.0,1.0
2006,WEST BENGAL,UTTAR DINAJPUR,116.0,129.0,56.0,27.0,47.0,318.0,4.0
2006,A & N ISLANDS,ANDAMAN,8.0,18.0,5.0,5.0,19.0,199.0,1.0
2006,A & N ISLANDS,NICOBAR,1.0,2.0,0.0,0.0,0.0,2.0,1.0
2006,CHANDIGARH,CHANDIGARH,41.0,39.0,65.0,35.0,49.0,1714.0,3.0
2006,D & N HAVELI,D and N HAVELI,10.0,11.0,18.0,10.0,13.0,142.0,1.0
2006,DAMAN & DIU,DAMAN,8.0,3.0,3.0,9.0,23.0,120.0,1.0
2006,DAMAN & DIU,DIU,1.0,2.0,0.0,0.0,6.0,15.0,1.0
2006,DELHI UT,CENTRAL,60.0,38.0,73.0,22.0,5.0,1280.0,3.0
2006,DELHI UT,DELHI UT TOTAL,1061.0,1341.0,1442.0,555.0,120.0,22203.0,5.0
2006,DELHI UT,EAST,89.0,147.0,118.0,69.0,22.0,2441.0,4.0
2006,DELHI UT,GRP(RLY),7.0,1.0,11.0,3.0,1.0,965.0,1.0
2006,DELHI UT,IGI AIRPORT,4.0,2.0,8.0,8.0,0.0,783.0,1.0
2006,DELHI UT,NEW DELHI,15.0,37.0,26.0,20.0,16.0,1063.0,2.0
2006,DELHI UT,NORTH,54.0,49.0,41.0,29.0,7.0,942.0,2.0
2006,DELHI UT,NORTH-EAST,136.0,185.0,197.0,85.0,13.0,1546.0,5.0
2006,DELHI UT,NORTH-WEST,291.0,306.0,437.0,109.0,16.0,3380.0,5.0
2006,DELHI UT,SOUTH,148.0,228.0,215.0,119.0,17.0,4641.0,5.0
2006,DELHI UT,SOUTH-WEST,108.0,163.0,161.0,48.0,16.0,2332.0,5.0
2006,DELHI UT,STF,10.0,0.0,0.0,2.0,0.0,9.0,1.0
2006,DELHI UT,WEST,139.0,185.0,155.0,41.0,7.0,2821.0,5.0
2006,LAKSHADWEEP,LAKSHADWEEP,2.0,0.0,0.0,0.0,16.0,19.0,1.0
2006,PUDUCHERRY,KARAIKAL,5.0,8.0,5.0,1.0,51.0,121.0,1.0
2006,PUDUCHERRY,PONDICHERRY,52.0,57.0,13.0,4.0,165.0,565.0,3.0
2007,ANDHRA PRADESH,ADILABAD,185.0,202.0,83.0,13.0,112.0,886.0,5.0
2007,ANDHRA PRADESH,ANANTAPUR,237.0,207.0,87.0,30.0,93.0,944.0,5.0
2007,ANDHRA PRADESH,CHITTOOR,203.0,149.0,102.0,52.0,122.0,1625.0,5.0
2007,ANDHRA PRADESH,CUDDAPAH,146.0,171.0,76.0,12.0,114.0,834.0,4.0
2007,ANDHRA PRADESH,CYBERABAD,278.0,163.0,147.0,111.0,162.0,5388.0,5.0
2007,ANDHRA PRADESH,EAST GODAVARI,215.0,189.0,84.0,20.0,78.0,2184.0,4.0
2007,ANDHRA PRADESH,GUNTAKAL RLY.,3.0,0.0,2.0,4.0,0.0,120.0,1.0
2007,ANDHRA PRADESH,GUNTUR,348.0,335.0,93.0,23.0,137.0,1797.0,5.0
2007,ANDHRA PRADESH,KARIMNAGAR,223.0,388.0,152.0,19.0,213.0,1588.0,5.0
2007,ANDHRA PRADESH,KHAMMAM,188.0,257.0,104.0,31.0,187.0,986.0,5.0
2007,ANDHRA PRADESH,KRISHNA,117.0,188.0,57.0,10.0,73.0,848.0,4.0
2007,ANDHRA PRADESH,KURNOOL,245.0,363.0,85.0,23.0,129.0,916.0,5.0
2007,ANDHRA PRADESH,MAHABOOBNAGAR,267.0,219.0,86.0,44.0,164.0,1237.0,5.0
2007,ANDHRA PRADESH,MEDAK,236.0,166.0,65.0,27.0,128.0,1134.0,5.0
2007,ANDHRA PRADESH,NALGONDA,194.0,302.0,87.0,53.0,199.0,956.0,5.0
2007,ANDHRA PRADESH,NELLORE,152.0,247.0,67.0,13.0,122.0,1155.0,4.0
2007,ANDHRA PRADESH,NIZAMABAD,237.0,111.0,60.0,39.0,124.0,958.0,5.0
2007,ANDHRA PRADESH,PRAKASHAM,142.0,211.0,74.0,24.0,149.0,944.0,4.0
2007,ANDHRA PRADESH,RANGA REDDY,99.0,61.0,27.0,5.0,45.0,335.0,3.0
2007,ANDHRA PRADESH,SECUNDERABAD RLY.,12.0,2.0,0.0,6.0,0.0,347.0,1.0
2007,ANDHRA PRADESH,SRIKAKULAM,36.0,129.0,19.0,10.0,75.0,458.0,2.0
2007,ANDHRA PRADESH,VIJAYAWADA RLY.,4.0,4.0,0.0,5.0,2.0,298.0,1.0
2007,ANDHRA PRADESH,VISAKHAPATNAM,45.0,124.0,39.0,33.0,33.0,1935.0,3.0
2007,ANDHRA PRADESH,VIZIANAGARAM,64.0,100.0,23.0,8.0,28.0,424.0,2.0
2007,ANDHRA PRADESH,WARANGAL,172.0,336.0,138.0,16.0,280.0,1276.0,5.0
2007,ANDHRA PRADESH,WEST GODAVARI,168.0,361.0,117.0,11.0,57.0,1883.0,5.0
2007,ARUNACHAL PRADESH,CHANGLANG,9.0,12.0,2.0,8.0,1.0,57.0,1.0
2007,ARUNACHAL PRADESH,DIBANG VALLEY,8.0,7.0,4.0,3.0,1.0,38.0,1.0
2007,ARUNACHAL PRADESH,K/KUMEY,9.0,1.0,4.0,1.0,0.0,33.0,1.0
2007,ARUNACHAL PRADESH,KAMENG EAST,6.0,11.0,4.0,2.0,1.0,44.0,1.0
2007,ARUNACHAL PRADESH,KAMENG WEST,2.0,3.0,1.0,7.0,1.0,36.0,1.0
2007,ARUNACHAL PRADESH,LOHIT,18.0,9.0,12.0,5.0,4.0,63.0,1.0
2007,ARUNACHAL PRADESH,PAPUM PARE,11.0,23.0,20.0,24.0,18.0,216.0,2.0
2007,ARUNACHAL PRADESH,SIANG EAST,7.0,20.0,4.0,18.0,3.0,98.0,1.0
2007,ARUNACHAL PRADESH,SIANG UPPER,3.0,7.0,0.0,1.0,0.0,35.0,1.0
2007,ARUNACHAL PRADESH,SIANG WEST,7.0,8.0,6.0,10.0,3.0,78.0,1.0
2007,ARUNACHAL PRADESH,SUBANSIRI LOWER,3.0,6.0,4.0,6.0,4.0,38.0,1.0
2007,ARUNACHAL PRADESH,SUBANSIRI UPPER,4.0,8.0,4.0,1.0,2.0,38.0,1.0
2007,ARUNACHAL PRADESH,TAWANG,3.0,3.0,0.0,1.0,0.0,19.0,1.0
2007,ARUNACHAL PRADESH,TIRAP,8.0,2.0,3.0,3.0,0.0,34.0,1.0
2007,ARUNACHAL PRADESH,UPPER DIBANG VALLEY,1.0,0.0,0.0,1.0,0.0,0.0,1.0
2007,ASSAM,BARPETA,50.0,99.0,87.0,38.0,225.0,425.0,5.0
2007,ASSAM,BASKA,40.0,14.0,19.0,5.0,18.0,53.0,2.0
2007,ASSAM,BONGAIGAON,19.0,53.0,45.0,16.0,61.0,220.0,3.0
2007,ASSAM,C.I.D.,0.0,0.0,0.0,0.0,0.0,3.0,1.0
2007,ASSAM,CACHAR,81.0,88.0,117.0,41.0,290.0,765.0,5.0
2007,ASSAM,CHIRANG,12.0,23.0,20.0,27.0,57.0,58.0,2.0
2007,ASSAM,DARRANG,32.0,172.0,45.0,20.0,87.0,262.0,3.0
2007,ASSAM,DHEMAJI,46.0,110.0,42.0,11.0,34.0,208.0,3.0
2007,ASSAM,DHUBRI,87.0,276.0,138.0,24.0,696.0,479.0,5.0
2007,ASSAM,DIBRUGARH,131.0,84.0,93.0,32.0,38.0,564.0,4.0
2007,ASSAM,G.R.P.,2.0,3.0,3.0,7.0,4.0,75.0,1.0
2007,ASSAM,GOALPARA,36.0,96.0,51.0,21.0,47.0,281.0,3.0
2007,ASSAM,GOLAGHAT,109.0,114.0,78.0,31.0,18.0,432.0,4.0
2007,ASSAM,HAILAKANDI,29.0,41.0,42.0,9.0,146.0,144.0,3.0
2007,ASSAM,JORHAT,66.0,66.0,70.0,18.0,103.0,435.0,4.0
2007,ASSAM,KAMRUP,111.0,81.0,63.0,51.0,97.0,598.0,4.0
2007,ASSAM,KARBI ANGLONG,113.0,26.0,43.0,19.0,50.0,196.0,3.0
2007,ASSAM,KARIMGANJ,49.0,54.0,40.0,24.0,207.0,283.0,4.0
2007,ASSAM,KOKRAJHAR,49.0,77.0,47.0,17.0,58.0,256.0,3.0
2007,ASSAM,LAKHIMPUR,64.0,109.0,84.0,14.0,103.0,326.0,4.0
2007,ASSAM,MORIGAON,37.0,128.0,57.0,9.0,56.0,265.0,3.0
2007,ASSAM,N.C.HILLS,53.0,9.0,12.0,12.0,16.0,61.0,2.0
2007,ASSAM,NAGAON,146.0,119.0,208.0,109.0,277.0,757.0,5.0
2007,ASSAM,NALBARI,36.0,30.0,32.0,16.0,19.0,169.0,2.0
2007,ASSAM,R.P.O.,5.0,1.0,0.0,5.0,1.0,7.0,1.0
2007,ASSAM,SIBSAGAR,122.0,77.0,54.0,36.0,45.0,468.0,4.0
2007,ASSAM,SONITPUR,120.0,90.0,80.0,32.0,107.0,657.0,4.0
2007,ASSAM,TINSUKIA,149.0,66.0,91.0,29.0,20.0,693.0,4.0
2007,ASSAM,UDALGURI,42.0,25.0,26.0,27.0,16.0,167.0,2.0
2007,BIHAR,ARARIA,238.0,98.0,27.0,92.0,153.0,370.0,5.0
2007,BIHAR,ARWAL,33.0,8.0,4.0,9.0,36.0,96.0,2.0
2007,BIHAR,AURANGABAD,82.0,55.0,35.0,56.0,249.0,481.0,4.0
2007,BIHAR,BAGAHA,47.0,48.0,58.0,13.0,104.0,250.0,3.0
2007,BIHAR,BANKA,74.0,78.0,34.0,52.0,277.0,270.0,5.0
2007,BIHAR,BEGUSARAI,247.0,40.0,85.0,81.0,293.0,481.0,5.0
2007,BIHAR,BETTIAH,74.0,35.0,17.0,27.0,211.0,295.0,4.0
2007,BIHAR,BHABHUA,89.0,17.0,25.0,26.0,209.0,318.0,4.0
2007,BIHAR,BHAGALPUR,188.0,58.0,76.0,46.0,223.0,634.0,5.0
2007,BIHAR,BHOJPUR,250.0,101.0,57.0,58.0,267.0,603.0,5.0
2007,BIHAR,BUXAR,117.0,50.0,32.0,40.0,192.0,295.0,4.0
2007,BIHAR,DARBHANGA,186.0,88.0,91.0,29.0,95.0,606.0,5.0
2007,BIHAR,GAYA,338.0,43.0,59.0,138.0,377.0,625.0,5.0
2007,BIHAR,GOPALGANJ,133.0,24.0,21.0,43.0,205.0,314.0,4.0
2007,BIHAR,JAMALPUR RLY.,9.0,3.0,2.0,21.0,4.0,60.0,1.0
2007,BIHAR,JAMUI,82.0,58.0,31.0,46.0,182.0,207.0,4.0
2007,BIHAR,JEHANABAD,59.0,14.0,27.0,27.0,95.0,139.0,3.0
2007,BIHAR,KATIHAR,122.0,174.0,135.0,34.0,213.0,446.0,5.0
2007,BIHAR,KATIHAR RLY.,6.0,2.0,7.0,19.0,13.0,264.0,1.0
2007,BIHAR,KHAGARIA,118.0,36.0,44.0,34.0,257.0,134.0,4.0
2007,BIHAR,KISHANGANJ,35.0,78.0,65.0,18.0,91.0,180.0,4.0
2007,BIHAR,LAKHISARAI,53.0,45.0,36.0,27.0,95.0,177.0,3.0
2007,BIHAR,MADHEPURA,84.0,35.0,36.0,46.0,151.0,174.0,4.0
2007,BIHAR,MADHUBANI,263.0,83.0,71.0,33.0,342.0,370.0,5.0
2007,BIHAR,MOTIHARI,208.0,45.0,104.0,66.0,382.0,645.0,5.0
2007,BIHAR,MUNGER,139.0,25.0,52.0,42.0,252.0,318.0,5.0
2007,BIHAR,MUZAFFARPUR,188.0,89.0,169.0,105.0,438.0,1280.0,5.0
2007,BIHAR,MUZAFFARPUR RLY.,12.0,2.0,4.0,19.0,2.0,354.0,1.0
2007,BIHAR,NALANDA,179.0,47.0,105.0,59.0,177.0,654.0,5.0
2007,BIHAR,NAUGACHIA,40.0,13.0,14.0,13.0,124.0,130.0,2.0
2007,BIHAR,NAWADAH,180.0,44.0,29.0,25.0,210.0,250.0,4.0
2007,BIHAR,PATNA,444.0,93.0,313.0,437.0,499.0,2519.0,5.0
2007,BIHAR,PATNA RLY.,28.0,14.0,8.0,21.0,6.0,572.0,1.0
2007,BIHAR,PURNEA,191.0,280.0,143.0,85.0,197.0,434.0,5.0
2007,BIHAR,ROHTAS,296.0,44.0,29.0,47.0,149.0,450.0,5.0
2007,BIHAR,SAHARSA,177.0,48.0,35.0,66.0,226.0,294.0,5.0
2007,BIHAR,SAMASTIPUR,316.0,65.0,98.0,56.0,359.0,472.0,5.0
2007,BIHAR,SARAN,470.0,61.0,41.0,132.0,384.0,729.0,5.0
2007,BIHAR,SHEIKHPURA,39.0,9.0,11.0,15.0,76.0,101.0,2.0
2007,BIHAR,SHEOHAR,55.0,26.0,8.0,3.0,99.0,59.0,2.0
2007,BIHAR,SITAMARHI,72.0,25.0,52.0,63.0,203.0,414.0,4.0
2007,BIHAR,SIWAN,156.0,26.0,75.0,94.0,155.0,377.0,5.0
2007,BIHAR,SUPAUL,120.0,112.0,34.0,50.0,252.0,273.0,5.0
2007,BIHAR,VAISHALI,167.0,69.0,131.0,60.0,303.0,624.0,5.0
2007,CHHATTISGARH,BALRAMPUR,51.0,91.0,2.0,9.0,30.0,62.0,2.0
2007,CHHATTISGARH,BILASPUR,141.0,240.0,22.0,65.0,177.0,1355.0,4.0
2007,CHHATTISGARH,BIZAPUR,261.0,8.0,9.0,30.0,25.0,21.0,3.0
2007,CHHATTISGARH,DANTEWARA,186.0,16.0,6.0,14.0,17.0,122.0,3.0
2007,CHHATTISGARH,DHAMTARI,24.0,89.0,8.0,7.0,32.0,321.0,2.0
2007,CHHATTISGARH,DURG,125.0,319.0,35.0,58.0,75.0,1348.0,4.0
2007,CHHATTISGARH,GRP RAIPUR,2.0,5.0,1.0,3.0,4.0,193.0,1.0
2007,CHHATTISGARH,JAGDALPUR,102.0,105.0,14.0,15.0,60.0,237.0,3.0
2007,CHHATTISGARH,JANJGIR,91.0,151.0,7.0,30.0,91.0,538.0,3.0
2007,CHHATTISGARH,JASHPUR,73.0,104.0,22.0,45.0,37.0,192.0,3.0
2007,CHHATTISGARH,KABIRDHAM,28.0,86.0,3.0,3.0,24.0,197.0,2.0
2007,CHHATTISGARH,KANKER,65.0,46.0,6.0,25.0,45.0,181.0,2.0
2007,CHHATTISGARH,KORBA,59.0,100.0,5.0,18.0,42.0,462.0,2.0
2007,CHHATTISGARH,KORIYA,73.0,143.0,8.0,18.0,31.0,376.0,3.0
2007,CHHATTISGARH,MAHASAMUND,25.0,81.0,4.0,12.0,23.0,352.0,2.0
2007,CHHATTISGARH,NARAYANPUR,56.0,5.0,3.0,6.0,9.0,15.0,1.0
2007,CHHATTISGARH,RAIGARH,92.0,141.0,7.0,24.0,100.0,593.0,3.0
2007,CHHATTISGARH,RAIPUR,190.0,373.0,53.0,69.0,175.0,2047.0,5.0
2007,CHHATTISGARH,RAJNANDGAON,69.0,132.0,16.0,21.0,44.0,501.0,3.0
2007,CHHATTISGARH,SARGUJA,91.0,150.0,9.0,38.0,40.0,284.0,3.0
2007,CHHATTISGARH,SURAJPUR,66.0,146.0,4.0,32.0,53.0,233.0,3.0
2007,GOA,NORTH GOA,34.0,13.0,3.0,9.0,63.0,496.0,2.0
2007,GOA,SOUTH GOA,29.0,27.0,9.0,20.0,31.0,381.0,2.0
2007,GUJARAT,AHMEDABAD COMMR.,146.0,141.0,213.0,430.0,133.0,5371.0,5.0
2007,GUJARAT,AHWA-DANG,10.0,10.0,0.0,2.0,6.0,20.0,1.0
2007,GUJARAT,AMRELI,43.0,27.0,49.0,14.0,68.0,310.0,2.0
2007,GUJARAT,ANAND,36.0,32.0,59.0,30.0,48.0,839.0,3.0
2007,GUJARAT,BHARUCH,48.0,26.0,15.0,17.0,37.0,439.0,2.0
2007,GUJARAT,BHAVNAGAR,80.0,112.0,104.0,88.0,186.0,1339.0,5.0
2007,GUJARAT,DAHOD,55.0,33.0,35.0,82.0,84.0,235.0,3.0
2007,GUJARAT,GANDHINAGAR,31.0,29.0,24.0,26.0,42.0,615.0,2.0
2007,GUJARAT,HIMATNAGAR,59.0,38.0,35.0,15.0,53.0,437.0,2.0
2007,GUJARAT,JAMNAGAR,77.0,26.0,22.0,28.0,91.0,646.0,3.0
2007,GUJARAT,JUNAGADH,61.0,55.0,56.0,48.0,85.0,796.0,3.0
2007,GUJARAT,KHEDA NORTH,51.0,41.0,35.0,14.0,66.0,603.0,2.0
2007,GUJARAT,KUTCH,72.0,30.0,36.0,47.0,68.0,966.0,3.0
2007,GUJARAT,MEHSANA,56.0,29.0,50.0,37.0,106.0,1011.0,3.0
2007,GUJARAT,NARMADA,17.0,14.0,4.0,1.0,12.0,51.0,1.0
2007,GUJARAT,NAVSARI,31.0,5.0,14.0,15.0,11.0,162.0,1.0
2007,GUJARAT,PALANPUR,75.0,84.0,55.0,35.0,103.0,695.0,3.0
2007,GUJARAT,PANCHMAHAL,70.0,49.0,44.0,42.0,44.0,376.0,3.0
2007,GUJARAT,PATAN,33.0,39.0,43.0,20.0,73.0,588.0,2.0
2007,GUJARAT,PORBANDAR,11.0,5.0,8.0,4.0,15.0,119.0,1.0
2007,GUJARAT,RAJKOT COMMR.,53.0,21.0,46.0,34.0,76.0,1116.0,3.0
2007,GUJARAT,SURAT COMMR.,142.0,68.0,117.0,57.0,117.0,3109.0,5.0
2007,GUJARAT,SURENDRANAGAR,38.0,65.0,29.0,27.0,72.0,442.0,2.0
2007,GUJARAT,VADODARA COMMR.,46.0,19.0,47.0,34.0,125.0,1948.0,3.0
2007,GUJARAT,VALSAD,50.0,14.0,5.0,19.0,26.0,381.0,2.0
2007,GUJARAT,W.RLY,22.0,7.0,4.0,43.0,6.0,878.0,1.0
2007,HARYANA,AMBALA,57.0,34.0,15.0,16.0,4.0,785.0,2.0
2007,HARYANA,BHIWANI,86.0,40.0,32.0,32.0,139.0,734.0,3.0
2007,HARYANA,FARIDABAD,103.0,60.0,154.0,43.0,163.0,1742.0,5.0
2007,HARYANA,FATEHABAD,46.0,23.0,25.0,8.0,26.0,457.0,2.0
2007,HARYANA,GRP,21.0,8.0,7.0,21.0,6.0,443.0,1.0
2007,HARYANA,GURGAON,155.0,76.0,111.0,155.0,103.0,3197.0,5.0
2007,HARYANA,HISSAR,107.0,40.0,47.0,11.0,33.0,798.0,3.0
2007,HARYANA,JHAJJAR,102.0,24.0,30.0,19.0,60.0,420.0,3.0
2007,HARYANA,JIND,80.0,33.0,24.0,17.0,94.0,524.0,3.0
2007,HARYANA,KAITHAL,49.0,40.0,16.0,16.0,4.0,461.0,2.0
2007,HARYANA,KARNAL,85.0,75.0,26.0,30.0,68.0,1098.0,3.0
2007,HARYANA,KURUKSHETRA,46.0,32.0,18.0,16.0,7.0,1022.0,2.0
2007,HARYANA,MAHENDRAGARH,42.0,27.0,25.0,10.0,84.0,348.0,2.0
2007,HARYANA,MEWAT,81.0,62.0,28.0,37.0,171.0,304.0,4.0
2007,HARYANA,PALWAL,52.0,36.0,22.0,31.0,88.0,409.0,3.0
2007,HARYANA,PANCHKULA,24.0,20.0,25.0,10.0,2.0,370.0,2.0
2007,HARYANA,PANIPAT,60.0,47.0,33.0,27.0,42.0,930.0,3.0
2007,HARYANA,REWARI,38.0,52.0,35.0,42.0,71.0,571.0,3.0
2007,HARYANA,ROHTAK,107.0,36.0,30.0,27.0,62.0,779.0,3.0
2007,HARYANA,SIRSA,53.0,44.0,21.0,17.0,52.0,579.0,2.0
2007,HARYANA,SONIPAT,124.0,54.0,42.0,34.0,28.0,684.0,3.0
2007,HARYANA,YAMUNANAGAR,57.0,42.0,35.0,22.0,8.0,581.0,2.0
2007,HIMACHAL PRADESH,BILASPUR,6.0,39.0,11.0,6.0,46.0,164.0,1.0
2007,HIMACHAL PRADESH,CHAMBA,12.0,35.0,11.0,0.0,31.0,196.0,1.0
2007,HIMACHAL PRADESH,G.R.P.,0.0,0.0,0.0,0.0,1.0,3.0,1.0
2007,HIMACHAL PRADESH,HAMIRPUR,9.0,34.0,16.0,1.0,47.0,152.0,1.0
2007,HIMACHAL PRADESH,KANGRA,34.0,58.0,25.0,1.0,149.0,262.0,3.0
2007,HIMACHAL PRADESH,KINNAUR,7.0,10.0,1.0,0.0,14.0,54.0,1.0
2007,HIMACHAL PRADESH,KULLU,14.0,44.0,12.0,3.0,69.0,160.0,2.0
2007,HIMACHAL PRADESH,LAHAUL-SPITI,1.0,2.0,1.0,0.0,3.0,5.0,1.0
2007,HIMACHAL PRADESH,MANDI,22.0,100.0,25.0,3.0,100.0,246.0,2.0
2007,HIMACHAL PRADESH,SHIMLA,31.0,73.0,28.0,9.0,148.0,441.0,3.0
2007,HIMACHAL PRADESH,SIRMAUR,20.0,33.0,12.0,0.0,65.0,136.0,2.0
2007,HIMACHAL PRADESH,SOLAN,21.0,34.0,17.0,2.0,80.0,302.0,2.0
2007,HIMACHAL PRADESH,UNA,16.0,19.0,12.0,3.0,37.0,192.0,1.0
2007,JAMMU & KASHMIR,ANANTNAG,41.0,73.0,65.0,5.0,109.0,317.0,3.0
2007,JAMMU & KASHMIR,AWANTIPORA,15.0,34.0,13.0,4.0,23.0,64.0,1.0
2007,JAMMU & KASHMIR,BARAMULLA,129.0,124.0,102.0,7.0,106.0,353.0,4.0
2007,JAMMU & KASHMIR,BORDER DISTRICT,26.0,17.0,10.0,0.0,32.0,99.0,1.0
2007,JAMMU & KASHMIR,BUDGAM,24.0,135.0,72.0,9.0,119.0,291.0,3.0
2007,JAMMU & KASHMIR,CRIME JAMMU,0.0,0.0,0.0,0.0,0.0,43.0,1.0
2007,JAMMU & KASHMIR,CRIME SRINAGAR,0.0,0.0,0.0,0.0,0.0,79.0,1.0
2007,JAMMU & KASHMIR,DODA,103.0,54.0,30.0,9.0,29.0,121.0,3.0
2007,JAMMU & KASHMIR,GANDERBAL,17.0,78.0,45.0,4.0,103.0,115.0,2.0
2007,JAMMU & KASHMIR,HANDWARA,43.0,77.0,22.0,4.0,35.0,88.0,2.0
2007,JAMMU & KASHMIR,JAMMU,99.0,48.0,52.0,4.0,96.0,685.0,3.0
2007,JAMMU & KASHMIR,KARGIL,2.0,2.0,1.0,0.0,4.0,11.0,1.0
2007,JAMMU & KASHMIR,KATHUA,40.0,30.0,18.0,3.0,61.0,164.0,2.0
2007,JAMMU & KASHMIR,KULGAM,30.0,62.0,46.0,15.0,70.0,152.0,2.0
2007,JAMMU & KASHMIR,KUPWARA,83.0,81.0,38.0,4.0,97.0,112.0,3.0
2007,JAMMU & KASHMIR,LEH,7.0,6.0,3.0,1.0,4.0,48.0,1.0
2007,JAMMU & KASHMIR,POONCH,49.0,41.0,17.0,0.0,106.0,90.0,2.0
2007,JAMMU & KASHMIR,PULWAMA,77.0,47.0,51.0,19.0,152.0,188.0,3.0
2007,JAMMU & KASHMIR,RAJOURI,50.0,55.0,51.0,5.0,58.0,170.0,3.0
2007,JAMMU & KASHMIR,RAMBAN,45.0,21.0,10.0,0.0,19.0,100.0,2.0
2007,JAMMU & KASHMIR,REASI,22.0,17.0,11.0,0.0,6.0,40.0,1.0
2007,JAMMU & KASHMIR,SRINAGAR,79.0,246.0,92.0,31.0,145.0,696.0,4.0
2007,JAMMU & KASHMIR,UDHAMPUR,26.0,26.0,9.0,5.0,21.0,116.0,1.0
2007,JHARKHAND,BOKARO,81.0,64.0,43.0,63.0,125.0,834.0,4.0
2007,JHARKHAND,CHAIBASA,161.0,53.0,19.0,31.0,42.0,187.0,3.0
2007,JHARKHAND,CHATRA,99.0,28.0,12.0,67.0,115.0,118.0,3.0
2007,JHARKHAND,DEOGHAR,80.0,26.0,26.0,33.0,141.0,444.0,3.0
2007,JHARKHAND,DHANBAD,143.0,73.0,87.0,98.0,305.0,1150.0,5.0
2007,JHARKHAND,DHANBAD RLY.,7.0,2.0,0.0,29.0,7.0,129.0,1.0
2007,JHARKHAND,DUMKA,92.0,87.0,29.0,17.0,107.0,292.0,4.0
2007,JHARKHAND,GARHWA,101.0,17.0,20.0,30.0,150.0,128.0,3.0
2007,JHARKHAND,GIRIDIH,173.0,107.0,35.0,83.0,317.0,453.0,5.0
2007,JHARKHAND,GODDA,143.0,33.0,39.0,17.0,138.0,244.0,4.0
2007,JHARKHAND,GUMLA,199.0,71.0,34.0,69.0,39.0,113.0,4.0
2007,JHARKHAND,HAZARIBAGH,156.0,81.0,28.0,110.0,181.0,998.0,5.0
2007,JHARKHAND,JAMSHEDPUR,166.0,95.0,39.0,79.0,130.0,1277.0,5.0
2007,JHARKHAND,JAMSHEDPUR RLY.,4.0,2.0,4.0,6.0,5.0,165.0,1.0
2007,JHARKHAND,JAMTARA,28.0,33.0,21.0,6.0,79.0,145.0,2.0
2007,JHARKHAND,KHUNTI,104.0,16.0,15.0,38.0,13.0,48.0,2.0
2007,JHARKHAND,KODERMA,58.0,17.0,18.0,31.0,103.0,182.0,3.0
2007,JHARKHAND,LATEHAR,57.0,12.0,14.0,44.0,41.0,89.0,2.0
2007,JHARKHAND,LOHARDAGGA,54.0,44.0,21.0,35.0,33.0,139.0,2.0
2007,JHARKHAND,PAKUR,133.0,58.0,22.0,8.0,72.0,135.0,3.0
2007,JHARKHAND,PALAMU,99.0,35.0,36.0,61.0,135.0,269.0,4.0
2007,JHARKHAND,RAMGARH,54.0,39.0,37.0,53.0,134.0,441.0,4.0
2007,JHARKHAND,RANCHI,305.0,80.0,88.0,215.0,227.0,1476.0,5.0
2007,JHARKHAND,SAHEBGANJ,107.0,82.0,32.0,10.0,39.0,132.0,3.0
2007,JHARKHAND,SARAIKELA,83.0,20.0,23.0,30.0,31.0,181.0,2.0
2007,JHARKHAND,SIMDEGA,98.0,22.0,20.0,32.0,16.0,79.0,2.0
2007,KARNATAKA,BAGALKOT,65.0,55.0,27.0,19.0,138.0,233.0,3.0
2007,KARNATAKA,BANGALORE COMMR.,517.0,249.0,119.0,586.0,427.0,11097.0,5.0
2007,KARNATAKA,BELGAUM,197.0,151.0,42.0,58.0,411.0,957.0,5.0
2007,KARNATAKA,BELLARY,113.0,85.0,17.0,27.0,233.0,441.0,4.0
2007,KARNATAKA,BIDAR,99.0,114.0,26.0,32.0,191.0,386.0,4.0
2007,KARNATAKA,BIJAPUR,78.0,97.0,30.0,33.0,321.0,362.0,4.0
2007,KARNATAKA,CHAMARAJNAGAR,31.0,29.0,7.0,3.0,77.0,160.0,2.0
2007,KARNATAKA,CHICKMAGALUR,63.0,66.0,11.0,28.0,128.0,318.0,3.0
2007,KARNATAKA,CHITRADURGA,52.0,75.0,21.0,24.0,246.0,330.0,4.0
2007,KARNATAKA,DAKSHIN KANNADA,64.0,47.0,11.0,22.0,215.0,583.0,3.0
2007,KARNATAKA,DAVANAGERE,42.0,59.0,16.0,22.0,220.0,393.0,3.0
2007,KARNATAKA,DHARWAD COMMR.,36.0,15.0,16.0,61.0,104.0,570.0,3.0
2007,KARNATAKA,GADAG,34.0,35.0,5.0,10.0,114.0,151.0,2.0
2007,KARNATAKA,GULBARGA,182.0,126.0,54.0,73.0,544.0,541.0,5.0
2007,KARNATAKA,HASSAN,90.0,90.0,15.0,32.0,130.0,573.0,3.0
2007,KARNATAKA,HAVERI,41.0,43.0,21.0,9.0,197.0,232.0,3.0
2007,KARNATAKA,K.G.F.,35.0,36.0,7.0,12.0,39.0,154.0,2.0
2007,KARNATAKA,KODAGU,55.0,24.0,11.0,10.0,52.0,253.0,2.0
2007,KARNATAKA,KOLAR,129.0,63.0,35.0,26.0,291.0,560.0,4.0
2007,KARNATAKA,KOPPAL,36.0,38.0,5.0,11.0,123.0,178.0,2.0
2007,KARNATAKA,MANDYA,91.0,83.0,15.0,12.0,180.0,431.0,3.0
2007,KARNATAKA,MYSORE COMMR.,64.0,38.0,19.0,107.0,84.0,829.0,3.0
2007,KARNATAKA,RAICHUR,77.0,80.0,23.0,13.0,230.0,333.0,4.0
2007,KARNATAKA,SHIMOGA,85.0,104.0,26.0,53.0,165.0,569.0,4.0
2007,KARNATAKA,TUMKUR,117.0,122.0,25.0,50.0,200.0,683.0,4.0
2007,KARNATAKA,UDUPI,25.0,33.0,7.0,16.0,150.0,263.0,2.0
2007,KARNATAKA,UTTAR KANNADA,38.0,67.0,7.0,20.0,71.0,174.0,2.0
2007,KERALA,ALAPUZHA,58.0,233.0,16.0,47.0,472.0,859.0,5.0
2007,KERALA,CBCID,9.0,2.0,0.0,0.0,2.0,16.0,1.0
2007,KERALA,ERNAKULAM COMMR.,44.0,98.0,10.0,47.0,182.0,844.0,3.0
2007,KERALA,IDUKKI,47.0,183.0,9.0,33.0,227.0,511.0,4.0
2007,KERALA,KANNUR,61.0,157.0,16.0,106.0,915.0,664.0,5.0
2007,KERALA,KASARGOD,27.0,112.0,2.0,27.0,553.0,1155.0,5.0
2007,KERALA,KOLLAM,82.0,328.0,22.0,40.0,590.0,947.0,5.0
2007,KERALA,KOTTAYAM,37.0,249.0,20.0,67.0,441.0,1119.0,5.0
2007,KERALA,KOZHIKODE COMMR.,22.0,85.0,11.0,84.0,347.0,660.0,4.0
2007,KERALA,MALAPPURAM,58.0,180.0,13.0,48.0,535.0,1204.0,5.0
2007,KERALA,PALAKKAD,68.0,121.0,9.0,52.0,408.0,759.0,5.0
2007,KERALA,PATHANAMTHITTA,37.0,172.0,19.0,37.0,323.0,516.0,4.0
2007,KERALA,THRISSUR,97.0,250.0,27.0,81.0,641.0,1007.0,5.0
2007,KERALA,TRIVANDRUM COMMR.,37.0,161.0,23.0,101.0,468.0,1166.0,5.0
2007,KERALA,WAYANADU,27.0,93.0,9.0,16.0,210.0,335.0,3.0
2007,MADHYA PRADESH,ANUPPUR,27.0,136.0,6.0,13.0,24.0,246.0,2.0
2007,MADHYA PRADESH,ASHOK NAGAR,68.0,254.0,11.0,23.0,61.0,360.0,3.0
2007,MADHYA PRADESH,BALAGHAT,70.0,142.0,7.0,19.0,28.0,255.0,3.0
2007,MADHYA PRADESH,BARWANI,78.0,187.0,10.0,25.0,67.0,392.0,3.0
2007,MADHYA PRADESH,BETUL,99.0,330.0,18.0,22.0,28.0,373.0,4.0
2007,MADHYA PRADESH,BHIND,179.0,82.0,15.0,89.0,54.0,380.0,4.0
2007,MADHYA PRADESH,BHOPAL,151.0,294.0,48.0,199.0,98.0,3415.0,5.0
2007,MADHYA PRADESH,BHOPAL RLY.,10.0,15.0,0.0,11.0,5.0,972.0,1.0
2007,MADHYA PRADESH,BURHANPUR,27.0,66.0,1.0,11.0,18.0,199.0,1.0
2007,MADHYA PRADESH,CHHATARPUR,133.0,281.0,32.0,39.0,64.0,733.0,4.0
2007,MADHYA PRADESH,CHHINDWARA,97.0,301.0,14.0,15.0,60.0,493.0,4.0
2007,MADHYA PRADESH,DAMOH,90.0,178.0,14.0,14.0,24.0,302.0,2.0
2007,MADHYA PRADESH,DATIYA,98.0,93.0,21.0,42.0,44.0,303.0,3.0
2007,MADHYA PRADESH,DEWAS,106.0,249.0,27.0,29.0,110.0,980.0,4.0
2007,MADHYA PRADESH,DHAR,141.0,239.0,22.0,21.0,105.0,761.0,4.0
2007,MADHYA PRADESH,DINDORI,21.0,50.0,0.0,2.0,8.0,55.0,1.0
2007,MADHYA PRADESH,GUNA,74.0,246.0,3.0,24.0,73.0,529.0,3.0
2007,MADHYA PRADESH,GWALIOR,228.0,244.0,68.0,202.0,208.0,2801.0,5.0
2007,MADHYA PRADESH,HARDA,40.0,79.0,12.0,20.0,22.0,236.0,2.0
2007,MADHYA PRADESH,HOSHANGABAD,89.0,162.0,23.0,33.0,25.0,567.0,3.0
2007,MADHYA PRADESH,INDORE,266.0,378.0,49.0,181.0,259.0,4456.0,5.0
2007,MADHYA PRADESH,INDORE RLY.,4.0,11.0,0.0,5.0,0.0,152.0,1.0
2007,MADHYA PRADESH,JABALPUR,237.0,367.0,40.0,105.0,169.0,1740.0,5.0
2007,MADHYA PRADESH,JABALPUR RLY.,6.0,6.0,0.0,7.0,3.0,231.0,1.0
2007,MADHYA PRADESH,JHABUA,163.0,101.0,14.0,16.0,55.0,224.0,3.0
2007,MADHYA PRADESH,KATNI,61.0,173.0,15.0,15.0,25.0,332.0,2.0
2007,MADHYA PRADESH,KHANDWA,66.0,216.0,14.0,16.0,71.0,711.0,3.0
2007,MADHYA PRADESH,KHARGON,94.0,217.0,12.0,14.0,91.0,812.0,3.0
2007,MADHYA PRADESH,MANDLA,35.0,134.0,6.0,6.0,13.0,182.0,2.0
2007,MADHYA PRADESH,MANDSAUR,67.0,172.0,21.0,40.0,89.0,476.0,3.0
2007,MADHYA PRADESH,MORENA,142.0,143.0,38.0,82.0,152.0,667.0,4.0
2007,MADHYA PRADESH,NARSINGHPUR,65.0,183.0,5.0,11.0,36.0,225.0,2.0
2007,MADHYA PRADESH,NEEMUCH,27.0,90.0,11.0,11.0,51.0,512.0,2.0
2007,MADHYA PRADESH,PANNA,72.0,103.0,12.0,24.0,31.0,218.0,2.0
2007,MADHYA PRADESH,RAISEN,115.0,223.0,12.0,25.0,43.0,377.0,3.0
2007,MADHYA PRADESH,RAJGARH,83.0,327.0,22.0,72.0,178.0,596.0,5.0
2007,MADHYA PRADESH,RATLAM,76.0,250.0,14.0,39.0,57.0,559.0,4.0
2007,MADHYA PRADESH,REWA,70.0,185.0,25.0,58.0,87.0,927.0,4.0
2007,MADHYA PRADESH,SAGAR,181.0,460.0,32.0,50.0,136.0,1044.0,5.0
2007,MADHYA PRADESH,SATNA,138.0,275.0,27.0,65.0,88.0,948.0,4.0
2007,MADHYA PRADESH,SEONI,71.0,147.0,7.0,5.0,44.0,282.0,3.0
2007,MADHYA PRADESH,SHAHDOL,48.0,178.0,8.0,30.0,25.0,387.0,2.0
2007,MADHYA PRADESH,SHAJAPUR,85.0,230.0,15.0,71.0,82.0,709.0,4.0
2007,MADHYA PRADESH,SHEOPUR,42.0,51.0,6.0,11.0,41.0,136.0,2.0
2007,MADHYA PRADESH,SHIVPURI,139.0,243.0,29.0,57.0,104.0,577.0,4.0
2007,MADHYA PRADESH,SIDHI,89.0,266.0,44.0,35.0,72.0,692.0,4.0
2007,MADHYA PRADESH,SIHORE,80.0,150.0,17.0,17.0,68.0,505.0,3.0
2007,MADHYA PRADESH,TIKAMGARH,92.0,211.0,18.0,39.0,101.0,405.0,4.0
2007,MADHYA PRADESH,UJJAIN,205.0,247.0,33.0,130.0,126.0,1465.0,5.0
2007,MADHYA PRADESH,UMARIYA,64.0,105.0,2.0,6.0,37.0,186.0,2.0
2007,MADHYA PRADESH,VIDISHA,113.0,312.0,22.0,22.0,97.0,733.0,4.0
2007,MAHARASHTRA,AHMEDNAGAR,174.0,187.0,37.0,156.0,451.0,1981.0,5.0
2007,MAHARASHTRA,AKOLA,82.0,108.0,17.0,69.0,145.0,1234.0,4.0
2007,MAHARASHTRA,AMRAVATI COMMR.,52.0,42.0,18.0,51.0,110.0,993.0,3.0
2007,MAHARASHTRA,AURANGABAD COMMR.,64.0,75.0,29.0,78.0,167.0,1178.0,4.0
2007,MAHARASHTRA,BEED,119.0,114.0,48.0,122.0,566.0,1015.0,5.0
2007,MAHARASHTRA,BHANDARA,43.0,74.0,7.0,21.0,131.0,763.0,3.0
2007,MAHARASHTRA,BULDHANA,100.0,163.0,22.0,45.0,267.0,906.0,4.0
2007,MAHARASHTRA,CHANDRAPUR,86.0,150.0,25.0,41.0,199.0,1299.0,4.0
2007,MAHARASHTRA,DHULE,73.0,52.0,5.0,37.0,178.0,626.0,3.0
2007,MAHARASHTRA,GADCHIROLI,105.0,42.0,8.0,13.0,66.0,277.0,2.0
2007,MAHARASHTRA,GONDIA,49.0,103.0,13.0,31.0,88.0,539.0,3.0
2007,MAHARASHTRA,HINGOLI,45.0,54.0,8.0,30.0,139.0,284.0,3.0
2007,MAHARASHTRA,JALGAON,133.0,127.0,27.0,69.0,280.0,1193.0,5.0
2007,MAHARASHTRA,JALNA,75.0,60.0,17.0,43.0,210.0,606.0,4.0
2007,MAHARASHTRA,KOLHAPUR,113.0,81.0,16.0,42.0,242.0,1343.0,4.0
2007,MAHARASHTRA,LATUR,110.0,90.0,26.0,63.0,235.0,781.0,4.0
2007,MAHARASHTRA,MUMBAI COMMR.,348.0,539.0,179.0,296.0,273.0,16761.0,5.0
2007,MAHARASHTRA,MUMBAI RLY.,10.0,6.0,1.0,42.0,6.0,1751.0,1.0
2007,MAHARASHTRA,NAGPUR COMMR.,138.0,146.0,66.0,384.0,262.0,3877.0,5.0
2007,MAHARASHTRA,NAGPUR RLY.,5.0,8.0,2.0,27.0,5.0,883.0,1.0
2007,MAHARASHTRA,NANDED,171.0,116.0,40.0,72.0,361.0,978.0,5.0
2007,MAHARASHTRA,NANDURBAR,52.0,38.0,3.0,21.0,97.0,321.0,2.0
2007,MAHARASHTRA,NASIK COMMR.,60.0,41.0,21.0,55.0,165.0,1626.0,3.0
2007,MAHARASHTRA,NAVI MUMBAI,68.0,49.0,16.0,153.0,199.0,2391.0,4.0
2007,MAHARASHTRA,OSMANABAD,70.0,113.0,23.0,70.0,224.0,802.0,4.0
2007,MAHARASHTRA,PARBHANI,89.0,76.0,14.0,79.0,144.0,542.0,4.0
2007,MAHARASHTRA,PUNE COMMR.,260.0,145.0,122.0,269.0,475.0,6613.0,5.0
2007,MAHARASHTRA,PUNE RLY.,6.0,0.0,1.0,11.0,5.0,320.0,1.0
2007,MAHARASHTRA,RAIGAD,66.0,68.0,13.0,47.0,178.0,715.0,4.0
2007,MAHARASHTRA,RATNAGIRI,28.0,50.0,9.0,18.0,132.0,489.0,2.0
2007,MAHARASHTRA,SANGLI,98.0,100.0,18.0,34.0,178.0,851.0,4.0
2007,MAHARASHTRA,SATARA,106.0,102.0,38.0,92.0,203.0,1492.0,4.0
2007,MAHARASHTRA,SINDHUDURG,21.0,22.0,4.0,6.0,59.0,262.0,2.0
2007,MAHARASHTRA,SOLAPUR COMMR.,46.0,27.0,16.0,38.0,76.0,539.0,2.0
2007,MAHARASHTRA,THANE COMMR.,198.0,226.0,110.0,178.0,347.0,4189.0,5.0
2007,MAHARASHTRA,WARDHA,84.0,138.0,26.0,41.0,160.0,966.0,4.0
2007,MAHARASHTRA,WASHIM,44.0,76.0,19.0,28.0,120.0,560.0,3.0
2007,MAHARASHTRA,YAVATMAL,127.0,178.0,32.0,75.0,164.0,1340.0,4.0
2007,MANIPUR,BISHNUPUR,63.0,25.0,9.0,0.0,14.0,55.0,2.0
2007,MANIPUR,CHANDEL,33.0,0.0,2.0,0.0,5.0,12.0,1.0
2007,MANIPUR,CHURACHANDPUR,33.0,1.0,6.0,0.0,2.0,62.0,1.0
2007,MANIPUR,IMPHAL EAST,130.0,5.0,28.0,1.0,28.0,84.0,3.0
2007,MANIPUR,IMPHAL WEST,191.0,35.0,64.0,4.0,34.0,309.0,4.0
2007,MANIPUR,SENAPATI,32.0,1.0,8.0,5.0,20.0,14.0,1.0
2007,MANIPUR,TAMENGLONG,7.0,0.0,2.0,0.0,3.0,5.0,1.0
2007,MANIPUR,THOUBAL,114.0,23.0,27.0,2.0,24.0,79.0,2.0
2007,MANIPUR,UKHRUL,16.0,0.0,4.0,2.0,3.0,16.0,1.0
2007,MEGHALAYA,GARO HILLS EAST,20.0,7.0,6.0,8.0,28.0,53.0,1.0
2007,MEGHALAYA,GARO HILLS SOUTH,7.0,1.0,2.0,6.0,2.0,18.0,1.0
2007,MEGHALAYA,GARO HILLS WEST,22.0,16.0,16.0,16.0,3.0,99.0,1.0
2007,MEGHALAYA,JAINTIA HILLS,45.0,32.0,3.0,17.0,5.0,85.0,2.0
2007,MEGHALAYA,KHASI HILLS EAST,43.0,43.0,22.0,39.0,24.0,523.0,2.0
2007,MEGHALAYA,KHASI HILLS WEST,21.0,10.0,2.0,16.0,2.0,40.0,1.0
2007,MEGHALAYA,RI-BHOI,13.0,18.0,1.0,9.0,5.0,66.0,1.0
2007,MIZORAM,AIZAWL,32.0,73.0,3.0,3.0,23.0,730.0,2.0
2007,MIZORAM,CHAMPHAI,7.0,15.0,0.0,0.0,3.0,106.0,1.0
2007,MIZORAM,KOLASIB,10.0,18.0,1.0,1.0,7.0,135.0,1.0
2007,MIZORAM,LAWNGTLAI,7.0,8.0,0.0,0.0,0.0,51.0,1.0
2007,MIZORAM,LUNGLEI,3.0,16.0,0.0,1.0,1.0,177.0,1.0
2007,MIZORAM,MAMIT,4.0,4.0,0.0,0.0,3.0,54.0,1.0
2007,MIZORAM,SAIHA,2.0,6.0,0.0,0.0,0.0,50.0,1.0
2007,MIZORAM,SERCHHIP,3.0,9.0,0.0,0.0,2.0,48.0,1.0
2007,NAGALAND,DIMAPUR,38.0,10.0,7.0,51.0,3.0,292.0,2.0
2007,NAGALAND,KIPHIRE,4.0,0.0,0.0,0.0,0.0,4.0,1.0
2007,NAGALAND,KOHIMA,40.0,5.0,4.0,22.0,0.0,92.0,1.0
2007,NAGALAND,LONGLENG,4.0,0.0,1.0,0.0,0.0,1.0,1.0
2007,NAGALAND,MOKOKCHUNG,20.0,1.0,3.0,3.0,3.0,24.0,1.0
2007,NAGALAND,MON,12.0,1.0,0.0,2.0,0.0,22.0,1.0
2007,NAGALAND,PEREN,3.0,0.0,1.0,1.0,1.0,13.0,1.0
2007,NAGALAND,PHEK,12.0,1.0,0.0,2.0,2.0,14.0,1.0
2007,NAGALAND,TUENSANG,11.0,0.0,1.0,0.0,7.0,17.0,1.0
2007,NAGALAND,WOKHA,15.0,3.0,0.0,1.0,3.0,25.0,1.0
2007,NAGALAND,ZUNHEBOTO,10.0,0.0,0.0,0.0,1.0,21.0,1.0
2007,ODISHA,ANGUL,126.0,237.0,37.0,72.0,172.0,512.0,4.0
2007,ODISHA,BALASORE,70.0,168.0,51.0,57.0,70.0,519.0,4.0
2007,ODISHA,BARAGARH,90.0,81.0,14.0,36.0,123.0,254.0,3.0
2007,ODISHA,BERHAMPUR,52.0,102.0,8.0,30.0,47.0,288.0,2.0
2007,ODISHA,BHADRAK,50.0,118.0,21.0,30.0,52.0,187.0,3.0
2007,ODISHA,BOLANGIR,99.0,197.0,26.0,44.0,116.0,272.0,4.0
2007,ODISHA,BOUDH,14.0,68.0,5.0,6.0,48.0,49.0,1.0
2007,ODISHA,CUTTACK,82.0,88.0,68.0,149.0,127.0,1101.0,5.0
2007,ODISHA,DEOGARH,49.0,92.0,8.0,19.0,21.0,98.0,2.0
2007,ODISHA,DHENKANAL,112.0,232.0,26.0,63.0,139.0,311.0,4.0
2007,ODISHA,GAJAPATI,18.0,38.0,10.0,1.0,28.0,70.0,1.0
2007,ODISHA,GANJAM,196.0,266.0,27.0,47.0,201.0,346.0,5.0
2007,ODISHA,JAGATSINGHPUR,27.0,26.0,13.0,53.0,49.0,232.0,2.0
2007,ODISHA,JAJPUR,52.0,126.0,32.0,59.0,123.0,365.0,4.0
2007,ODISHA,JHARSUGUDA,48.0,78.0,16.0,46.0,62.0,379.0,2.0
2007,ODISHA,KALAHANDI,45.0,98.0,23.0,30.0,73.0,250.0,3.0
2007,ODISHA,KANDHAMAL,44.0,146.0,14.0,24.0,105.0,94.0,3.0
2007,ODISHA,KENDRAPARA,53.0,41.0,31.0,51.0,47.0,206.0,3.0
2007,ODISHA,KEONJHAR,166.0,252.0,35.0,60.0,112.0,375.0,4.0
2007,ODISHA,KHURDA,119.0,105.0,79.0,198.0,116.0,2156.0,5.0
2007,ODISHA,KORAPUT,77.0,167.0,32.0,23.0,47.0,266.0,3.0
2007,ODISHA,MALKANGIR,49.0,32.0,9.0,8.0,32.0,46.0,2.0
2007,ODISHA,MAYURBHANJ,152.0,250.0,32.0,53.0,42.0,447.0,4.0
2007,ODISHA,NAYAGARH,57.0,34.0,35.0,16.0,43.0,217.0,2.0
2007,ODISHA,NOWRANGPUR,51.0,90.0,22.0,9.0,46.0,86.0,2.0
2007,ODISHA,NUAPADA,30.0,48.0,14.0,5.0,27.0,115.0,2.0
2007,ODISHA,PURI,53.0,62.0,17.0,99.0,90.0,562.0,4.0
2007,ODISHA,RAYAGADA,60.0,94.0,14.0,8.0,40.0,138.0,2.0
2007,ODISHA,ROURKELA,39.0,75.0,9.0,34.0,24.0,336.0,2.0
2007,ODISHA,SAMBALPUR,76.0,97.0,15.0,99.0,96.0,466.0,3.0
2007,ODISHA,SONEPUR,28.0,80.0,12.0,8.0,30.0,78.0,2.0
2007,ODISHA,SRP(CUTTACK),2.0,1.0,2.0,13.0,0.0,217.0,1.0
2007,ODISHA,SRP(ROURKELA),6.0,5.0,2.0,12.0,3.0,116.0,1.0
2007,ODISHA,SUNDARGARH,145.0,120.0,42.0,58.0,43.0,331.0,4.0
2007,PUNJAB,AMRITSAR,100.0,41.0,48.0,23.0,2.0,877.0,3.0
2007,PUNJAB,BARNALA,36.0,15.0,6.0,1.0,2.0,170.0,1.0
2007,PUNJAB,BATALA,63.0,33.0,19.0,2.0,0.0,385.0,2.0
2007,PUNJAB,BHATINDA,106.0,52.0,34.0,8.0,11.0,663.0,3.0
2007,PUNJAB,FARIDKOT,53.0,32.0,17.0,2.0,4.0,368.0,2.0
2007,PUNJAB,FATEHGARH SAHIB,30.0,32.0,47.0,4.0,0.0,532.0,2.0
2007,PUNJAB,FEROZPUR,103.0,54.0,33.0,0.0,6.0,502.0,3.0
2007,PUNJAB,G.R.P,16.0,4.0,1.0,0.0,0.0,43.0,1.0
2007,PUNJAB,GURDASPUR,47.0,45.0,26.0,3.0,1.0,284.0,2.0
2007,PUNJAB,HOSHIARPUR,87.0,45.0,25.0,3.0,8.0,494.0,2.0
2007,PUNJAB,JAGRAON,39.0,23.0,10.0,0.0,0.0,210.0,1.0
2007,PUNJAB,JALANDHAR,213.0,102.0,113.0,16.0,14.0,1511.0,5.0
2007,PUNJAB,KAPURTHALA,66.0,47.0,22.0,15.0,7.0,508.0,2.0
2007,PUNJAB,KHANNA,49.0,17.0,18.0,10.0,0.0,294.0,2.0
2007,PUNJAB,LUDHIANA,147.0,83.0,120.0,22.0,6.0,1278.0,4.0
2007,PUNJAB,MANSA,65.0,25.0,8.0,2.0,4.0,171.0,2.0
2007,PUNJAB,MOGA,79.0,27.0,22.0,4.0,6.0,376.0,2.0
2007,PUNJAB,MUKTSAR,63.0,22.0,22.0,2.0,1.0,210.0,2.0
2007,PUNJAB,NAWAN SHAHR,43.0,28.0,10.0,16.0,0.0,240.0,2.0
2007,PUNJAB,PATIALA,114.0,44.0,25.0,4.0,6.0,653.0,3.0
2007,PUNJAB,ROPAR,24.0,18.0,9.0,5.0,4.0,272.0,1.0
2007,PUNJAB,SANGRUR,103.0,62.0,26.0,11.0,8.0,466.0,3.0
2007,PUNJAB,SAS NGR,45.0,16.0,33.0,4.0,0.0,636.0,2.0
2007,PUNJAB,TARN TARAN,75.0,60.0,35.0,15.0,0.0,372.0,2.0
2007,RAJASTHAN,AJMER,125.0,136.0,89.0,26.0,68.0,1776.0,4.0
2007,RAJASTHAN,ALWAR,155.0,214.0,109.0,38.0,67.0,2221.0,5.0
2007,RAJASTHAN,BANSWARA,53.0,94.0,46.0,9.0,118.0,241.0,3.0
2007,RAJASTHAN,BARAN,135.0,155.0,28.0,14.0,25.0,509.0,3.0
2007,RAJASTHAN,BARMER,54.0,97.0,29.0,1.0,26.0,496.0,2.0
2007,RAJASTHAN,BHARATPUR,122.0,103.0,112.0,54.0,72.0,1409.0,5.0
2007,RAJASTHAN,BHILWARA,84.0,128.0,66.0,48.0,38.0,1211.0,4.0
2007,RAJASTHAN,BIKANER,124.0,108.0,36.0,8.0,7.0,900.0,3.0
2007,RAJASTHAN,BUNDI,83.0,115.0,57.0,15.0,32.0,517.0,3.0
2007,RAJASTHAN,CHITTORGARH,99.0,247.0,147.0,42.0,178.0,1187.0,5.0
2007,RAJASTHAN,CHURU,51.0,65.0,27.0,6.0,16.0,505.0,2.0
2007,RAJASTHAN,DAUSA,53.0,55.0,67.0,9.0,55.0,1110.0,3.0
2007,RAJASTHAN,DHOLPUR,112.0,42.0,57.0,17.0,43.0,577.0,3.0
2007,RAJASTHAN,DUNGARPUR,40.0,68.0,42.0,11.0,86.0,198.0,3.0
2007,RAJASTHAN,G.R.P.,9.0,12.0,6.0,3.0,15.0,495.0,1.0
2007,RAJASTHAN,GANGANAGAR,135.0,130.0,56.0,19.0,6.0,1301.0,4.0
2007,RAJASTHAN,HANUMANGARH,170.0,92.0,24.0,6.0,7.0,676.0,3.0
2007,RAJASTHAN,JAIPUR EAST,45.0,63.0,65.0,106.0,126.0,3167.0,4.0
2007,RAJASTHAN,JAIPUR NORTH,44.0,60.0,76.0,26.0,56.0,1474.0,3.0
2007,RAJASTHAN,JAIPUR SOUTH,41.0,40.0,65.0,28.0,119.0,2479.0,3.0
2007,RAJASTHAN,JAISALMER,8.0,13.0,13.0,3.0,29.0,250.0,1.0
2007,RAJASTHAN,JALORE,43.0,69.0,30.0,5.0,47.0,358.0,2.0
2007,RAJASTHAN,JHALAWAR,150.0,167.0,49.0,21.0,93.0,586.0,4.0
2007,RAJASTHAN,JHUNJHUNU,61.0,70.0,34.0,2.0,66.0,761.0,3.0
2007,RAJASTHAN,KARAULI,90.0,63.0,69.0,26.0,49.0,604.0,4.0
2007,RAJASTHAN,NAGAUR,89.0,157.0,49.0,21.0,17.0,932.0,3.0
2007,RAJASTHAN,PALI,71.0,147.0,71.0,13.0,38.0,889.0,3.0
2007,RAJASTHAN,RAJSAMAND,29.0,33.0,43.0,10.0,48.0,417.0,2.0
2007,RAJASTHAN,SAWAI MADHOPUR,43.0,54.0,48.0,12.0,32.0,759.0,2.0
2007,RAJASTHAN,SIKAR,73.0,66.0,59.0,9.0,46.0,886.0,3.0
2007,RAJASTHAN,SIROHI,44.0,74.0,37.0,9.0,33.0,376.0,2.0
2007,RAJASTHAN,TONK,60.0,39.0,60.0,9.0,60.0,582.0,3.0
2007,RAJASTHAN,UDAIPUR,176.0,283.0,135.0,79.0,317.0,1418.0,5.0
2007,SIKKIM,EAST,14.0,11.0,5.0,4.0,10.0,148.0,1.0
2007,SIKKIM,NORTH,1.0,0.0,0.0,1.0,0.0,8.0,1.0
2007,SIKKIM,SOUTH,3.0,15.0,1.0,0.0,5.0,54.0,1.0
2007,SIKKIM,WEST,8.0,11.0,3.0,1.0,1.0,32.0,1.0
2007,TAMIL NADU,CHENNAI,396.0,154.0,83.0,82.0,126.0,3218.0,5.0
2007,TAMIL NADU,CHENNAI RLY.,9.0,2.0,3.0,4.0,17.0,118.0,1.0
2007,TAMIL NADU,CUDDALORE,175.0,56.0,57.0,32.0,193.0,639.0,4.0
2007,TAMIL NADU,DHARMAPURI,88.0,83.0,44.0,7.0,149.0,207.0,3.0
2007,TAMIL NADU,DINDIGUL,119.0,40.0,50.0,11.0,72.0,445.0,3.0
2007,TAMIL NADU,ERODE,85.0,84.0,66.0,15.0,94.0,844.0,3.0
2007,TAMIL NADU,KANCHIPURAM,154.0,52.0,18.0,20.0,103.0,557.0,3.0
2007,TAMIL NADU,KANYAKUMARI,79.0,22.0,22.0,9.0,18.0,510.0,2.0
2007,TAMIL NADU,KARUR,35.0,19.0,14.0,16.0,31.0,226.0,2.0
2007,TAMIL NADU,KRISHNAGIRI,116.0,54.0,38.0,29.0,180.0,390.0,4.0
2007,TAMIL NADU,NAGAPATTINAM,104.0,67.0,28.0,4.0,68.0,318.0,3.0
2007,TAMIL NADU,NAMAKKAL,45.0,45.0,31.0,11.0,66.0,311.0,2.0
2007,TAMIL NADU,NILGIRIS,21.0,19.0,5.0,4.0,15.0,186.0,1.0
2007,TAMIL NADU,PERAMBALUR,68.0,91.0,22.0,6.0,64.0,248.0,2.0
2007,TAMIL NADU,PUDUKOTTAI,66.0,69.0,25.0,9.0,54.0,356.0,2.0
2007,TAMIL NADU,RAMNATHAPURAM,92.0,37.0,25.0,6.0,62.0,308.0,2.0
2007,TAMIL NADU,SIVAGANGAI,93.0,7.0,40.0,9.0,57.0,377.0,3.0
2007,TAMIL NADU,THANJAVUR,134.0,101.0,50.0,22.0,106.0,762.0,4.0
2007,TAMIL NADU,THENI,92.0,46.0,22.0,9.0,103.0,425.0,3.0
2007,TAMIL NADU,THIRUVALLUR,58.0,95.0,14.0,4.0,55.0,223.0,2.0
2007,TAMIL NADU,THIRUVANNAMALAI,72.0,39.0,25.0,3.0,96.0,317.0,3.0
2007,TAMIL NADU,THIRUVARUR,84.0,32.0,30.0,18.0,91.0,333.0,3.0
2007,TAMIL NADU,THOOTHUGUDI,162.0,24.0,33.0,11.0,20.0,699.0,3.0
2007,TAMIL NADU,TRICHY RLY.,0.0,1.0,0.0,0.0,2.0,32.0,1.0
2007,TAMIL NADU,VELLORE,104.0,51.0,55.0,11.0,17.0,638.0,3.0
2007,TAMIL NADU,VILLUPURAM,151.0,130.0,64.0,28.0,317.0,510.0,5.0
2007,TAMIL NADU,VIRUDHUNAGAR,104.0,47.0,44.0,19.0,99.0,591.0,3.0
2007,TRIPURA,DHALAI,22.0,32.0,27.0,9.0,20.0,60.0,2.0
2007,TRIPURA,NORTH,27.0,53.0,21.0,7.0,28.0,130.0,2.0
2007,TRIPURA,SOUTH,69.0,147.0,21.0,27.0,38.0,220.0,3.0
2007,TRIPURA,WEST,80.0,169.0,44.0,35.0,79.0,321.0,4.0
2007,UTTAR PRADESH,AGRA,319.0,112.0,209.0,68.0,222.0,2171.0,5.0
2007,UTTAR PRADESH,ALIGARH,353.0,124.0,147.0,70.0,184.0,1064.0,5.0
2007,UTTAR PRADESH,ALLAHABAD,271.0,66.0,100.0,50.0,112.0,1107.0,5.0
2007,UTTAR PRADESH,AMBEDKAR NAGAR,58.0,25.0,33.0,20.0,26.0,236.0,2.0
2007,UTTAR PRADESH,AURAIYA,78.0,26.0,34.0,27.0,55.0,150.0,3.0
2007,UTTAR PRADESH,AZAMGARH,108.0,26.0,34.0,26.0,29.0,238.0,3.0
2007,UTTAR PRADESH,BADAUN,256.0,40.0,53.0,21.0,29.0,240.0,4.0
2007,UTTAR PRADESH,BAGHPAT,146.0,27.0,35.0,29.0,42.0,241.0,3.0
2007,UTTAR PRADESH,BAHRAICH,102.0,54.0,53.0,33.0,37.0,292.0,4.0
2007,UTTAR PRADESH,BALLIA,77.0,20.0,26.0,7.0,39.0,218.0,2.0
2007,UTTAR PRADESH,BALRAMPUR,41.0,22.0,17.0,6.0,14.0,117.0,2.0
2007,UTTAR PRADESH,BANDA,83.0,64.0,18.0,10.0,39.0,193.0,2.0
2007,UTTAR PRADESH,BARABANKI,119.0,53.0,70.0,37.0,39.0,352.0,4.0
2007,UTTAR PRADESH,BAREILLY,346.0,159.0,126.0,67.0,97.0,950.0,5.0
2007,UTTAR PRADESH,BASTI,63.0,18.0,22.0,11.0,34.0,259.0,2.0
2007,UTTAR PRADESH,BIJNOR,175.0,60.0,68.0,42.0,70.0,409.0,4.0
2007,UTTAR PRADESH,BULANDSHAHAR,330.0,119.0,120.0,34.0,107.0,741.0,5.0
2007,UTTAR PRADESH,CHANDOLI,43.0,14.0,12.0,7.0,8.0,213.0,2.0
2007,UTTAR PRADESH,CHITRAKOOT DHAM,47.0,37.0,8.0,4.0,5.0,97.0,2.0
2007,UTTAR PRADESH,DEORIA,74.0,10.0,21.0,6.0,40.0,177.0,2.0
2007,UTTAR PRADESH,ETAH,363.0,87.0,107.0,28.0,133.0,534.0,5.0
2007,UTTAR PRADESH,ETAWAH,142.0,45.0,84.0,34.0,21.0,389.0,4.0
2007,UTTAR PRADESH,FAIZABAD,99.0,46.0,46.0,16.0,33.0,393.0,3.0
2007,UTTAR PRADESH,FATEHGARH,165.0,53.0,71.0,30.0,33.0,211.0,4.0
2007,UTTAR PRADESH,FATEHPUR,118.0,51.0,45.0,24.0,14.0,228.0,3.0
2007,UTTAR PRADESH,FIROZABAD,281.0,86.0,109.0,104.0,159.0,548.0,5.0
2007,UTTAR PRADESH,G.R.P.,44.0,14.0,8.0,38.0,23.0,1338.0,2.0
2007,UTTAR PRADESH,GAUTAMBUDH NAGAR,162.0,58.0,83.0,50.0,83.0,1792.0,4.0
2007,UTTAR PRADESH,GHAZIABAD,331.0,63.0,158.0,49.0,76.0,1662.0,5.0
2007,UTTAR PRADESH,GHAZIPUR,97.0,21.0,14.0,30.0,126.0,229.0,3.0
2007,UTTAR PRADESH,GONDA,114.0,31.0,47.0,30.0,40.0,334.0,3.0
2007,UTTAR PRADESH,GORAKHPUR,170.0,41.0,58.0,15.0,79.0,584.0,4.0
2007,UTTAR PRADESH,HAMIRPUR,50.0,24.0,12.0,1.0,3.0,57.0,1.0
2007,UTTAR PRADESH,HARDOI,162.0,78.0,47.0,18.0,25.0,317.0,4.0
2007,UTTAR PRADESH,HATHRAS,128.0,64.0,71.0,89.0,88.0,390.0,4.0
2007,UTTAR PRADESH,J.P.NAGAR,129.0,62.0,34.0,16.0,95.0,316.0,4.0
2007,UTTAR PRADESH,JALAUN,74.0,50.0,27.0,18.0,19.0,172.0,2.0
2007,UTTAR PRADESH,JAUNPUR,132.0,52.0,47.0,47.0,87.0,423.0,4.0
2007,UTTAR PRADESH,JHANSI,118.0,48.0,25.0,23.0,21.0,318.0,3.0
2007,UTTAR PRADESH,KANNAUJ,114.0,38.0,32.0,17.0,21.0,158.0,2.0
2007,UTTAR PRADESH,KANPUR DEHAT,102.0,64.0,62.0,19.0,105.0,280.0,4.0
2007,UTTAR PRADESH,KANPUR NAGAR,326.0,148.0,291.0,156.0,291.0,2302.0,5.0
2007,UTTAR PRADESH,KAUSHAMBI,97.0,57.0,48.0,29.0,37.0,179.0,3.0
2007,UTTAR PRADESH,KHIRI,207.0,95.0,75.0,27.0,46.0,472.0,4.0
2007,UTTAR PRADESH,KUSHI NAGAR,69.0,26.0,29.0,7.0,54.0,210.0,2.0
2007,UTTAR PRADESH,LALITPUR,39.0,26.0,13.0,6.0,29.0,87.0,2.0
2007,UTTAR PRADESH,LUCKNOW,332.0,180.0,260.0,253.0,302.0,4391.0,5.0
2007,UTTAR PRADESH,MAHARAJGANJ,50.0,41.0,25.0,13.0,33.0,184.0,2.0
2007,UTTAR PRADESH,MAHOBA,63.0,31.0,11.0,8.0,16.0,100.0,2.0
2007,UTTAR PRADESH,MAINPURI,269.0,43.0,72.0,123.0,73.0,476.0,5.0
2007,UTTAR PRADESH,MATHURA,212.0,98.0,74.0,53.0,152.0,1186.0,5.0
2007,UTTAR PRADESH,MAU,82.0,29.0,37.0,14.0,89.0,238.0,3.0
2007,UTTAR PRADESH,MEERUT,405.0,102.0,150.0,93.0,154.0,1467.0,5.0
2007,UTTAR PRADESH,MIRZAPUR,73.0,23.0,8.0,9.0,7.0,207.0,2.0
2007,UTTAR PRADESH,MORADABAD,327.0,141.0,129.0,48.0,97.0,964.0,5.0
2007,UTTAR PRADESH,MUZAFFARNAGAR,409.0,93.0,154.0,87.0,142.0,881.0,5.0
2007,UTTAR PRADESH,PILIBHIT,75.0,61.0,47.0,4.0,11.0,282.0,3.0
2007,UTTAR PRADESH,PRATAPGARH,123.0,48.0,53.0,22.0,108.0,352.0,4.0
2007,UTTAR PRADESH,RAIBAREILLY,129.0,84.0,47.0,19.0,55.0,391.0,4.0
2007,UTTAR PRADESH,RAMPUR,147.0,90.0,61.0,52.0,56.0,548.0,4.0
2007,UTTAR PRADESH,SAHARANPUR,210.0,50.0,41.0,23.0,80.0,736.0,4.0
2007,UTTAR PRADESH,SANT KABIRNAGAR,39.0,22.0,20.0,12.0,18.0,94.0,2.0
2007,UTTAR PRADESH,SHAHJAHANPUR,286.0,136.0,102.0,67.0,70.0,517.0,5.0
2007,UTTAR PRADESH,SHRAWASTI,39.0,22.0,18.0,7.0,11.0,112.0,2.0
2007,UTTAR PRADESH,SIDHARTHNAGAR,27.0,18.0,25.0,7.0,13.0,197.0,2.0
2007,UTTAR PRADESH,SITAPUR,232.0,136.0,102.0,50.0,72.0,745.0,5.0
2007,UTTAR PRADESH,SONBHADRA,65.0,37.0,12.0,9.0,16.0,160.0,2.0
2007,UTTAR PRADESH,ST.RAVIDASNAGAR,40.0,10.0,13.0,15.0,12.0,131.0,2.0
2007,UTTAR PRADESH,SULTANPUR,144.0,64.0,50.0,38.0,41.0,401.0,4.0
2007,UTTAR PRADESH,UNNAO,192.0,67.0,68.0,38.0,45.0,293.0,4.0
2007,UTTAR PRADESH,VARANASI,148.0,40.0,50.0,46.0,121.0,1470.0,4.0
2007,UTTARAKHAND,ALMORA,30.0,10.0,0.0,12.0,15.0,84.0,1.0
2007,UTTARAKHAND,BAGESHWAR,11.0,9.0,0.0,2.0,5.0,22.0,1.0
2007,UTTARAKHAND,CHAMOLI,24.0,15.0,7.0,1.0,22.0,70.0,1.0
2007,UTTARAKHAND,CHAMPAWAT,7.0,3.0,2.0,3.0,5.0,22.0,1.0
2007,UTTARAKHAND,DEHRADUN,93.0,74.0,60.0,32.0,100.0,828.0,4.0
2007,UTTARAKHAND,HARIDWAR,127.0,59.0,72.0,89.0,108.0,876.0,4.0
2007,UTTARAKHAND,NAINITAL,51.0,10.0,25.0,20.0,28.0,255.0,2.0
2007,UTTARAKHAND,PAURI GARHWAL,27.0,11.0,11.0,3.0,16.0,95.0,1.0
2007,UTTARAKHAND,PITHORAGARH,15.0,20.0,9.0,9.0,15.0,76.0,1.0
2007,UTTARAKHAND,RUDRA PRAYAG,14.0,7.0,5.0,3.0,8.0,44.0,1.0
2007,UTTARAKHAND,TEHRI GARHWAL,23.0,4.0,4.0,9.0,19.0,73.0,1.0
2007,UTTARAKHAND,UDHAMSINGH NAGAR,118.0,33.0,49.0,33.0,133.0,501.0,4.0
2007,UTTARAKHAND,UTTARKASHI,6.0,8.0,9.0,3.0,22.0,55.0,1.0
2007,WEST BENGAL,24 PARGANAS NORTH,246.0,418.0,236.0,31.0,555.0,1412.0,5.0
2007,WEST BENGAL,24 PARGANAS SOUTH,329.0,410.0,241.0,53.0,332.0,1677.0,5.0
2007,WEST BENGAL,ASANSOL,36.0,35.0,18.0,12.0,19.0,204.0,2.0
2007,WEST BENGAL,BANKURA,87.0,87.0,14.0,25.0,94.0,204.0,3.0
2007,WEST BENGAL,BIRBHUM,102.0,97.0,31.0,24.0,213.0,320.0,4.0
2007,WEST BENGAL,BURDWAN,166.0,204.0,54.0,41.0,216.0,642.0,5.0
2007,WEST BENGAL,COOCHBEHAR,51.0,261.0,68.0,9.0,51.0,213.0,4.0
2007,WEST BENGAL,DAKSHIN DINAJPUR,119.0,139.0,47.0,4.0,33.0,118.0,3.0
2007,WEST BENGAL,DARJEELING,52.0,85.0,36.0,12.0,32.0,521.0,3.0
2007,WEST BENGAL,HOOGHLY,219.0,105.0,46.0,36.0,292.0,729.0,5.0
2007,WEST BENGAL,HOWRAH,95.0,132.0,83.0,21.0,187.0,818.0,5.0
2007,WEST BENGAL,HOWRAH G.R.P.,14.0,5.0,3.0,5.0,4.0,405.0,1.0
2007,WEST BENGAL,JALPAIGURI,218.0,446.0,202.0,40.0,74.0,1725.0,5.0
2007,WEST BENGAL,KHARAGPUR G.R.P.,3.0,2.0,2.0,1.0,2.0,127.0,1.0
2007,WEST BENGAL,KOLKATA,119.0,233.0,114.0,76.0,220.0,4386.0,5.0
2007,WEST BENGAL,MALDA,174.0,206.0,73.0,19.0,35.0,315.0,5.0
2007,WEST BENGAL,MURSHIDABAD,223.0,619.0,140.0,27.0,223.0,763.0,5.0
2007,WEST BENGAL,NADIA,177.0,432.0,175.0,32.0,202.0,1084.0,5.0
2007,WEST BENGAL,PASCHIM MIDNAPUR,158.0,143.0,61.0,41.0,213.0,446.0,5.0
2007,WEST BENGAL,PURAB MIDNAPUR,129.0,77.0,75.0,18.0,744.0,333.0,5.0
2007,WEST BENGAL,PURULIA,52.0,108.0,14.0,12.0,59.0,215.0,3.0
2007,WEST BENGAL,SEALDAH G.R.P.,13.0,7.0,4.0,10.0,8.0,173.0,1.0
2007,WEST BENGAL,SILIGURI G.R.P.,5.0,2.0,1.0,2.0,2.0,58.0,1.0
2007,WEST BENGAL,UTTAR DINAJPUR,136.0,134.0,62.0,22.0,38.0,336.0,4.0
2007,A & N ISLANDS,A and N ISLANDS,35.0,24.0,12.0,14.0,28.0,232.0,2.0
2007,CHANDIGARH,CHANDIGARH,53.0,54.0,52.0,39.0,88.0,2139.0,3.0
2007,D & N HAVELI,D and N HAVELI,12.0,7.0,9.0,4.0,49.0,142.0,1.0
2007,DAMAN & DIU,DAMAN,18.0,1.0,0.0,4.0,28.0,89.0,1.0
2007,DAMAN & DIU,DIU,1.0,0.0,1.0,1.0,6.0,11.0,1.0
2007,DELHI UT,CENTRAL,62.0,60.0,70.0,29.0,5.0,1322.0,3.0
2007,DELHI UT,DELHI UT TOTAL,1119.0,1466.0,1688.0,591.0,118.0,21879.0,5.0
2007,DELHI UT,EAST,103.0,185.0,145.0,109.0,20.0,2671.0,5.0
2007,DELHI UT,GRP(RLY),3.0,8.0,12.0,2.0,0.0,810.0,1.0
2007,DELHI UT,IGI AIRPORT,1.0,8.0,3.0,6.0,1.0,560.0,1.0
2007,DELHI UT,NEW DELHI,12.0,30.0,12.0,24.0,10.0,1064.0,1.0
2007,DELHI UT,NORTH,72.0,76.0,64.0,38.0,10.0,1064.0,3.0
2007,DELHI UT,NORTH-EAST,149.0,209.0,241.0,57.0,2.0,1616.0,5.0
2007,DELHI UT,NORTH-WEST,120.0,115.0,208.0,67.0,7.0,2343.0,5.0
2007,DELHI UT,OUTER,215.0,221.0,360.0,89.0,16.0,1565.0,5.0
2007,DELHI UT,SOUTH,163.0,252.0,256.0,77.0,24.0,4041.0,5.0
2007,DELHI UT,SOUTH-WEST,102.0,136.0,148.0,54.0,17.0,2301.0,5.0
2007,DELHI UT,STF,6.0,0.0,0.0,1.0,1.0,7.0,1.0
2007,DELHI UT,WEST,111.0,166.0,169.0,38.0,5.0,2515.0,5.0
2007,LAKSHADWEEP,LAKSHADWEEP,2.0,3.0,0.0,0.0,1.0,22.0,1.0
2007,PUDUCHERRY,KARAIKAL,13.0,36.0,5.0,0.0,36.0,109.0,1.0
2007,PUDUCHERRY,PONDICHERRY,65.0,62.0,15.0,9.0,127.0,815.0,3.0
2008,ANDHRA PRADESH,ADILABAD,169.0,224.0,41.0,23.0,145.0,827.0,4.0
2008,ANDHRA PRADESH,ANANTAPUR,238.0,170.0,90.0,30.0,51.0,850.0,5.0
2008,ANDHRA PRADESH,CHITTOOR,195.0,134.0,84.0,26.0,97.0,1905.0,4.0
2008,ANDHRA PRADESH,CUDDAPAH,213.0,239.0,76.0,14.0,154.0,962.0,5.0
2008,ANDHRA PRADESH,CYBERABAD,266.0,210.0,141.0,88.0,116.0,5686.0,5.0
2008,ANDHRA PRADESH,EAST GODAVARI,195.0,242.0,91.0,19.0,95.0,2051.0,5.0
2008,ANDHRA PRADESH,GUNTAKAL RLY.,7.0,3.0,0.0,1.0,0.0,127.0,1.0
2008,ANDHRA PRADESH,GUNTUR,358.0,354.0,83.0,29.0,138.0,2002.0,5.0
2008,ANDHRA PRADESH,KARIMNAGAR,260.0,394.0,159.0,16.0,209.0,1552.0,5.0
2008,ANDHRA PRADESH,KHAMMAM,175.0,283.0,103.0,12.0,125.0,984.0,5.0
2008,ANDHRA PRADESH,KRISHNA,120.0,292.0,69.0,11.0,51.0,876.0,4.0
2008,ANDHRA PRADESH,KURNOOL,264.0,466.0,89.0,42.0,167.0,1086.0,5.0
2008,ANDHRA PRADESH,MAHABOOBNAGAR,284.0,234.0,104.0,45.0,121.0,1368.0,5.0
2008,ANDHRA PRADESH,MEDAK,207.0,164.0,62.0,27.0,94.0,1203.0,5.0
2008,ANDHRA PRADESH,NALGONDA,200.0,333.0,91.0,38.0,212.0,1072.0,5.0
2008,ANDHRA PRADESH,NELLORE,149.0,223.0,83.0,27.0,95.0,1201.0,4.0
2008,ANDHRA PRADESH,NIZAMABAD,231.0,101.0,51.0,38.0,114.0,1293.0,4.0
2008,ANDHRA PRADESH,PRAKASHAM,138.0,222.0,66.0,17.0,152.0,837.0,4.0
2008,ANDHRA PRADESH,RANGA REDDY,134.0,76.0,23.0,10.0,49.0,406.0,3.0
2008,ANDHRA PRADESH,SECUNDERABAD RLY.,10.0,3.0,0.0,2.0,0.0,375.0,1.0
2008,ANDHRA PRADESH,SRIKAKULAM,27.0,124.0,18.0,6.0,34.0,433.0,2.0
2008,ANDHRA PRADESH,VIJAYAWADA RLY.,2.0,1.0,1.0,3.0,1.0,310.0,1.0
2008,ANDHRA PRADESH,VISAKHAPATNAM,69.0,116.0,34.0,31.0,24.0,1606.0,3.0
2008,ANDHRA PRADESH,VIZIANAGARAM,53.0,94.0,16.0,1.0,33.0,458.0,2.0
2008,ANDHRA PRADESH,WARANGAL,199.0,282.0,82.0,4.0,217.0,1037.0,5.0
2008,ANDHRA PRADESH,WEST GODAVARI,179.0,485.0,112.0,20.0,60.0,2144.0,5.0
2008,ARUNACHAL PRADESH,CHANGLANG,10.0,7.0,4.0,7.0,3.0,72.0,1.0
2008,ARUNACHAL PRADESH,DIBANG VALLEY,3.0,12.0,6.0,2.0,2.0,51.0,1.0
2008,ARUNACHAL PRADESH,K/KUMEY,7.0,4.0,3.0,1.0,2.0,11.0,1.0
2008,ARUNACHAL PRADESH,KAMENG EAST,4.0,5.0,6.0,6.0,1.0,30.0,1.0
2008,ARUNACHAL PRADESH,KAMENG WEST,1.0,4.0,3.0,3.0,2.0,32.0,1.0
2008,ARUNACHAL PRADESH,LOHIT,12.0,4.0,1.0,6.0,1.0,56.0,1.0
2008,ARUNACHAL PRADESH,PAPUM PARE,18.0,19.0,18.0,38.0,5.0,203.0,2.0
2008,ARUNACHAL PRADESH,SIANG EAST,12.0,11.0,8.0,9.0,0.0,74.0,1.0
2008,ARUNACHAL PRADESH,SIANG UPPER,4.0,1.0,1.0,2.0,0.0,25.0,1.0
2008,ARUNACHAL PRADESH,SIANG WEST,11.0,19.0,10.0,1.0,3.0,80.0,1.0
2008,ARUNACHAL PRADESH,SUBANSIRI LOWER,5.0,10.0,4.0,6.0,1.0,31.0,1.0
2008,ARUNACHAL PRADESH,SUBANSIRI UPPER,10.0,8.0,2.0,4.0,7.0,22.0,1.0
2008,ARUNACHAL PRADESH,TAWANG,2.0,5.0,0.0,1.0,0.0,13.0,1.0
2008,ARUNACHAL PRADESH,TIRAP,10.0,5.0,13.0,7.0,1.0,55.0,1.0
2008,ARUNACHAL PRADESH,UPPER DIBANG VALLEY,2.0,0.0,0.0,0.0,0.0,6.0,1.0
2008,ASSAM,BARPETA,74.0,131.0,128.0,30.0,280.0,367.0,5.0
2008,ASSAM,BASKA,86.0,39.0,35.0,10.0,6.0,56.0,2.0
2008,ASSAM,BONGAIGAON,25.0,64.0,60.0,14.0,87.0,291.0,3.0
2008,ASSAM,C.I.D.,0.0,0.0,0.0,0.0,0.0,11.0,1.0
2008,ASSAM,CACHAR,62.0,91.0,128.0,66.0,294.0,1020.0,5.0
2008,ASSAM,CHIRANG,24.0,40.0,33.0,6.0,8.0,92.0,2.0
2008,ASSAM,DARRANG,43.0,219.0,59.0,22.0,88.0,275.0,4.0
2008,ASSAM,DHEMAJI,56.0,128.0,66.0,24.0,36.0,220.0,4.0
2008,ASSAM,DHUBRI,67.0,204.0,139.0,31.0,324.0,497.0,5.0
2008,ASSAM,DIBRUGARH,120.0,106.0,89.0,35.0,21.0,740.0,4.0
2008,ASSAM,G.R.P.,6.0,7.0,8.0,10.0,1.0,165.0,1.0
2008,ASSAM,GOALPARA,41.0,98.0,76.0,23.0,166.0,235.0,4.0
2008,ASSAM,GOLAGHAT,81.0,88.0,61.0,40.0,83.0,381.0,4.0
2008,ASSAM,HAILAKANDI,27.0,47.0,61.0,21.0,357.0,230.0,5.0
2008,ASSAM,JORHAT,92.0,103.0,54.0,20.0,26.0,433.0,3.0
2008,ASSAM,KAMRUP,88.0,111.0,113.0,66.0,69.0,1061.0,4.0
2008,ASSAM,KARBI ANGLONG,71.0,23.0,25.0,20.0,43.0,195.0,2.0
2008,ASSAM,KARIMGANJ,40.0,29.0,49.0,14.0,236.0,181.0,4.0
2008,ASSAM,KOKRAJHAR,85.0,71.0,51.0,13.0,50.0,246.0,3.0
2008,ASSAM,LAKHIMPUR,50.0,76.0,91.0,13.0,33.0,306.0,4.0
2008,ASSAM,MORIGAON,32.0,132.0,68.0,21.0,70.0,285.0,4.0
2008,ASSAM,N.C.HILLS,56.0,5.0,14.0,2.0,4.0,61.0,1.0
2008,ASSAM,NAGAON,126.0,312.0,215.0,118.0,322.0,732.0,5.0
2008,ASSAM,NALBARI,61.0,72.0,55.0,39.0,19.0,245.0,3.0
2008,ASSAM,R.P.O.,3.0,6.0,3.0,5.0,5.0,15.0,1.0
2008,ASSAM,SIBSAGAR,115.0,73.0,111.0,25.0,68.0,757.0,4.0
2008,ASSAM,SONITPUR,126.0,90.0,136.0,27.0,89.0,691.0,5.0
2008,ASSAM,TINSUKIA,114.0,68.0,87.0,38.0,28.0,887.0,4.0
2008,ASSAM,UDALGURI,59.0,49.0,57.0,30.0,141.0,195.0,4.0
2008,BIHAR,ARARIA,97.0,72.0,40.0,100.0,275.0,363.0,5.0
2008,BIHAR,ARWAL,28.0,2.0,12.0,5.0,26.0,100.0,1.0
2008,BIHAR,AURANGABAD,127.0,43.0,56.0,52.0,470.0,606.0,5.0
2008,BIHAR,BAGAHA,36.0,29.0,49.0,23.0,140.0,341.0,3.0
2008,BIHAR,BANKA,132.0,65.0,46.0,38.0,192.0,266.0,4.0
2008,BIHAR,BEGUSARAI,280.0,28.0,110.0,85.0,244.0,492.0,5.0
2008,BIHAR,BETTIAH,105.0,28.0,51.0,25.0,287.0,401.0,5.0
2008,BIHAR,BHABHUA,78.0,18.0,37.0,20.0,154.0,339.0,3.0
2008,BIHAR,BHAGALPUR,184.0,70.0,133.0,44.0,280.0,969.0,5.0
2008,BIHAR,BHOJPUR,307.0,49.0,72.0,65.0,239.0,678.0,5.0
2008,BIHAR,BUXAR,119.0,31.0,26.0,33.0,166.0,386.0,4.0
2008,BIHAR,DARBHANGA,236.0,120.0,123.0,34.0,84.0,667.0,5.0
2008,BIHAR,GAYA,208.0,60.0,90.0,98.0,570.0,801.0,5.0
2008,BIHAR,GOPALGANJ,173.0,50.0,80.0,57.0,218.0,263.0,5.0
2008,BIHAR,JAMALPUR RLY.,10.0,1.0,4.0,11.0,7.0,124.0,1.0
2008,BIHAR,JAMUI,186.0,42.0,38.0,37.0,184.0,228.0,4.0
2008,BIHAR,JEHANABAD,50.0,6.0,38.0,33.0,127.0,170.0,3.0
2008,BIHAR,KATIHAR,78.0,132.0,103.0,39.0,163.0,317.0,5.0
2008,BIHAR,KATIHAR RLY.,19.0,7.0,9.0,13.0,21.0,251.0,1.0
2008,BIHAR,KHAGARIA,118.0,18.0,48.0,24.0,212.0,145.0,4.0
2008,BIHAR,KISHANGANJ,74.0,30.0,33.0,24.0,129.0,224.0,3.0
2008,BIHAR,LAKHISARAI,108.0,58.0,34.0,30.0,76.0,218.0,3.0
2008,BIHAR,MADHEPURA,47.0,26.0,45.0,40.0,166.0,218.0,4.0
2008,BIHAR,MADHUBANI,140.0,206.0,51.0,50.0,301.0,481.0,5.0
2008,BIHAR,MOTIHARI,505.0,48.0,121.0,77.0,344.0,609.0,5.0
2008,BIHAR,MUNGER,177.0,22.0,61.0,49.0,192.0,390.0,5.0
2008,BIHAR,MUZAFFARPUR,167.0,43.0,136.0,85.0,349.0,1276.0,5.0
2008,BIHAR,MUZAFFARPUR RLY.,16.0,2.0,4.0,16.0,9.0,329.0,1.0
2008,BIHAR,NALANDA,190.0,59.0,100.0,33.0,215.0,628.0,5.0
2008,BIHAR,NAUGACHIA,50.0,43.0,29.0,6.0,111.0,189.0,3.0
2008,BIHAR,NAWADAH,84.0,38.0,48.0,34.0,131.0,254.0,4.0
2008,BIHAR,PATNA,558.0,88.0,341.0,375.0,434.0,2466.0,5.0
2008,BIHAR,PATNA RLY.,40.0,7.0,11.0,21.0,18.0,626.0,1.0
2008,BIHAR,PURNEA,140.0,258.0,139.0,59.0,225.0,592.0,5.0
2008,BIHAR,ROHTAS,131.0,36.0,63.0,71.0,183.0,694.0,5.0
2008,BIHAR,SAHARSA,173.0,97.0,41.0,83.0,282.0,277.0,5.0
2008,BIHAR,SAMASTIPUR,404.0,47.0,74.0,36.0,294.0,515.0,5.0
2008,BIHAR,SARAN,270.0,44.0,98.0,89.0,305.0,706.0,5.0
2008,BIHAR,SHEIKHPURA,54.0,10.0,25.0,9.0,107.0,126.0,3.0
2008,BIHAR,SHEOHAR,26.0,11.0,19.0,14.0,71.0,79.0,2.0
2008,BIHAR,SITAMARHI,115.0,30.0,70.0,62.0,86.0,418.0,4.0
2008,BIHAR,SIWAN,149.0,33.0,67.0,94.0,157.0,419.0,5.0
2008,BIHAR,SUPAUL,139.0,124.0,54.0,37.0,326.0,374.0,5.0
2008,BIHAR,VAISHALI,151.0,70.0,218.0,48.0,301.0,698.0,5.0
2008,CHHATTISGARH,BALRAMPUR,62.0,84.0,7.0,24.0,38.0,83.0,2.0
2008,CHHATTISGARH,BILASPUR,160.0,242.0,33.0,61.0,242.0,1564.0,5.0
2008,CHHATTISGARH,BIZAPUR,178.0,10.0,8.0,17.0,30.0,13.0,3.0
2008,CHHATTISGARH,DANTEWARA,153.0,27.0,8.0,26.0,48.0,99.0,3.0
2008,CHHATTISGARH,DHAMTARI,39.0,73.0,4.0,16.0,42.0,323.0,2.0
2008,CHHATTISGARH,DURG,126.0,327.0,18.0,66.0,79.0,1499.0,4.0
2008,CHHATTISGARH,GRP RAIPUR,6.0,6.0,0.0,4.0,1.0,204.0,1.0
2008,CHHATTISGARH,JAGDALPUR,120.0,117.0,13.0,24.0,64.0,261.0,3.0
2008,CHHATTISGARH,JANJGIR,68.0,182.0,8.0,37.0,117.0,617.0,3.0
2008,CHHATTISGARH,JASHPUR,81.0,127.0,46.0,30.0,33.0,229.0,4.0
2008,CHHATTISGARH,KABIRDHAM,29.0,108.0,5.0,16.0,61.0,288.0,2.0
2008,CHHATTISGARH,KANKER,108.0,41.0,10.0,27.0,45.0,162.0,2.0
2008,CHHATTISGARH,KORBA,50.0,99.0,12.0,40.0,44.0,470.0,2.0
2008,CHHATTISGARH,KORIYA,70.0,147.0,5.0,17.0,43.0,389.0,3.0
2008,CHHATTISGARH,MAHASAMUND,33.0,81.0,8.0,6.0,29.0,305.0,2.0
2008,CHHATTISGARH,NARAYANPUR,67.0,1.0,1.0,7.0,8.0,12.0,1.0
2008,CHHATTISGARH,RAIGARH,113.0,104.0,10.0,30.0,127.0,733.0,3.0
2008,CHHATTISGARH,RAIPUR,204.0,375.0,46.0,90.0,234.0,2546.0,5.0
2008,CHHATTISGARH,RAJNANDGAON,84.0,132.0,12.0,25.0,56.0,582.0,3.0
2008,CHHATTISGARH,SARGUJA,93.0,167.0,9.0,32.0,57.0,281.0,3.0
2008,CHHATTISGARH,SURAJPUR,79.0,149.0,10.0,29.0,48.0,262.0,3.0
2008,GOA,NORTH GOA,48.0,30.0,19.0,10.0,49.0,597.0,2.0
2008,GOA,SOUTH GOA,37.0,32.0,17.0,16.0,80.0,458.0,2.0
2008,GUJARAT,AHMEDABAD COMMR.,145.0,122.0,172.0,552.0,169.0,6686.0,5.0
2008,GUJARAT,AHWA-DANG,9.0,5.0,2.0,0.0,2.0,19.0,1.0
2008,GUJARAT,AMRELI,29.0,39.0,60.0,6.0,44.0,403.0,2.0
2008,GUJARAT,ANAND,52.0,36.0,51.0,28.0,53.0,703.0,3.0
2008,GUJARAT,BHARUCH,52.0,26.0,34.0,35.0,92.0,618.0,3.0
2008,GUJARAT,BHAVNAGAR,71.0,78.0,90.0,63.0,147.0,1194.0,4.0
2008,GUJARAT,DAHOD,68.0,46.0,43.0,88.0,92.0,277.0,3.0
2008,GUJARAT,GANDHINAGAR,44.0,26.0,44.0,40.0,48.0,815.0,2.0
2008,GUJARAT,HIMATNAGAR,52.0,38.0,37.0,30.0,81.0,353.0,3.0
2008,GUJARAT,JAMNAGAR,49.0,31.0,30.0,36.0,94.0,609.0,3.0
2008,GUJARAT,JUNAGADH,53.0,71.0,48.0,62.0,104.0,1070.0,3.0
2008,GUJARAT,KHEDA NORTH,47.0,48.0,41.0,18.0,62.0,567.0,2.0
2008,GUJARAT,KUTCH,49.0,42.0,44.0,38.0,87.0,1040.0,3.0
2008,GUJARAT,MEHSANA,48.0,42.0,54.0,43.0,93.0,946.0,3.0
2008,GUJARAT,NARMADA,19.0,15.0,7.0,1.0,11.0,61.0,1.0
2008,GUJARAT,NAVSARI,29.0,3.0,9.0,5.0,13.0,129.0,1.0
2008,GUJARAT,PALANPUR,59.0,71.0,43.0,40.0,90.0,672.0,3.0
2008,GUJARAT,PANCHMAHAL,54.0,37.0,55.0,16.0,56.0,366.0,3.0
2008,GUJARAT,PATAN,29.0,48.0,29.0,22.0,59.0,510.0,2.0
2008,GUJARAT,PORBANDAR,13.0,8.0,12.0,6.0,16.0,142.0,1.0
2008,GUJARAT,RAJKOT COMMR.,71.0,42.0,54.0,77.0,152.0,1870.0,4.0
2008,GUJARAT,SURAT COMMR.,142.0,82.0,131.0,170.0,175.0,3810.0,5.0
2008,GUJARAT,SURENDRANAGAR,50.0,71.0,44.0,15.0,50.0,330.0,3.0
2008,GUJARAT,TAPI,26.0,5.0,3.0,6.0,8.0,66.0,1.0
2008,GUJARAT,VADODARA COMMR.,55.0,23.0,34.0,32.0,128.0,1920.0,3.0
2008,GUJARAT,VALSAD,38.0,10.0,15.0,12.0,38.0,419.0,2.0
2008,GUJARAT,W.RLY,11.0,7.0,4.0,17.0,3.0,859.0,1.0
2008,HARYANA,AMBALA,62.0,62.0,55.0,17.0,8.0,805.0,3.0
2008,HARYANA,BHIWANI,94.0,57.0,47.0,37.0,177.0,912.0,4.0
2008,HARYANA,FARIDABAD,88.0,69.0,109.0,36.0,152.0,1391.0,5.0
2008,HARYANA,FATEHABAD,37.0,28.0,25.0,6.0,28.0,497.0,2.0
2008,HARYANA,GRP,32.0,8.0,7.0,23.0,11.0,509.0,1.0
2008,HARYANA,GURGAON,144.0,62.0,89.0,147.0,126.0,3832.0,5.0
2008,HARYANA,HISSAR,103.0,48.0,43.0,24.0,60.0,898.0,3.0
2008,HARYANA,JHAJJAR,96.0,35.0,26.0,23.0,60.0,474.0,3.0
2008,HARYANA,JIND,77.0,59.0,29.0,19.0,107.0,553.0,3.0
2008,HARYANA,KAITHAL,48.0,28.0,16.0,11.0,3.0,393.0,2.0
2008,HARYANA,KARNAL,92.0,81.0,35.0,29.0,36.0,1033.0,3.0
2008,HARYANA,KURUKSHETRA,41.0,52.0,30.0,25.0,4.0,921.0,2.0
2008,HARYANA,MAHENDRAGARH,39.0,38.0,26.0,5.0,56.0,335.0,2.0
2008,HARYANA,MEWAT,40.0,35.0,21.0,15.0,98.0,290.0,3.0
2008,HARYANA,PALWAL,74.0,54.0,32.0,27.0,117.0,465.0,3.0
2008,HARYANA,PANCHKULA,25.0,21.0,26.0,20.0,3.0,653.0,2.0
2008,HARYANA,PANIPAT,74.0,46.0,52.0,30.0,65.0,1080.0,3.0
2008,HARYANA,REWARI,55.0,54.0,27.0,33.0,56.0,661.0,3.0
2008,HARYANA,ROHTAK,123.0,64.0,32.0,34.0,81.0,905.0,4.0
2008,HARYANA,SIRSA,83.0,45.0,25.0,11.0,39.0,530.0,3.0
2008,HARYANA,SONIPAT,136.0,67.0,59.0,80.0,24.0,995.0,4.0
2008,HARYANA,YAMUNANAGAR,66.0,53.0,43.0,23.0,12.0,739.0,3.0
2008,HIMACHAL PRADESH,BILASPUR,8.0,38.0,7.0,2.0,44.0,134.0,1.0
2008,HIMACHAL PRADESH,CHAMBA,14.0,36.0,16.0,1.0,25.0,169.0,1.0
2008,HIMACHAL PRADESH,G.R.P.,0.0,0.0,0.0,0.0,0.0,3.0,1.0
2008,HIMACHAL PRADESH,HAMIRPUR,6.0,23.0,12.0,0.0,39.0,166.0,1.0
2008,HIMACHAL PRADESH,KANGRA,40.0,56.0,20.0,4.0,138.0,449.0,3.0
2008,HIMACHAL PRADESH,KINNAUR,1.0,7.0,2.0,1.0,11.0,39.0,1.0
2008,HIMACHAL PRADESH,KULLU,18.0,47.0,19.0,2.0,62.0,160.0,2.0
2008,HIMACHAL PRADESH,LAHAUL-SPITI,1.0,1.0,0.0,0.0,1.0,7.0,1.0
2008,HIMACHAL PRADESH,MANDI,26.0,107.0,14.0,3.0,96.0,235.0,2.0
2008,HIMACHAL PRADESH,SHIMLA,25.0,53.0,20.0,4.0,135.0,431.0,3.0
2008,HIMACHAL PRADESH,SIRMAUR,9.0,29.0,14.0,1.0,72.0,186.0,2.0
2008,HIMACHAL PRADESH,SOLAN,21.0,27.0,15.0,7.0,76.0,259.0,2.0
2008,HIMACHAL PRADESH,UNA,24.0,28.0,12.0,1.0,55.0,184.0,2.0
2008,JAMMU & KASHMIR,ANANTNAG,16.0,76.0,74.0,8.0,164.0,301.0,3.0
2008,JAMMU & KASHMIR,AWANTIPORA,5.0,44.0,13.0,1.0,31.0,61.0,1.0
2008,JAMMU & KASHMIR,BANDIPORA,6.0,75.0,45.0,3.0,63.0,102.0,2.0
2008,JAMMU & KASHMIR,BARAMULLA,58.0,93.0,63.0,4.0,155.0,286.0,3.0
2008,JAMMU & KASHMIR,BUDGAM,34.0,96.0,66.0,4.0,239.0,304.0,4.0
2008,JAMMU & KASHMIR,CRIME JAMMU,2.0,0.0,0.0,0.0,0.0,23.0,1.0
2008,JAMMU & KASHMIR,CRIME SRINAGAR,2.0,0.0,0.0,0.0,0.0,50.0,1.0
2008,JAMMU & KASHMIR,DODA,61.0,34.0,24.0,0.0,33.0,78.0,2.0
2008,JAMMU & KASHMIR,GANDERBAL,7.0,38.0,23.0,2.0,37.0,78.0,1.0
2008,JAMMU & KASHMIR,HANDWARA,28.0,57.0,17.0,0.0,22.0,52.0,1.0
2008,JAMMU & KASHMIR,JAMMU,125.0,57.0,51.0,4.0,252.0,904.0,4.0
2008,JAMMU & KASHMIR,KARGIL,2.0,6.0,1.0,0.0,9.0,12.0,1.0
2008,JAMMU & KASHMIR,KATHUA,33.0,32.0,19.0,0.0,99.0,128.0,2.0
2008,JAMMU & KASHMIR,KISHTWAR,32.0,14.0,12.0,0.0,11.0,53.0,1.0
2008,JAMMU & KASHMIR,KULGAM,15.0,68.0,45.0,7.0,73.0,121.0,2.0
2008,JAMMU & KASHMIR,KUPWARA,55.0,36.0,22.0,1.0,60.0,52.0,2.0
2008,JAMMU & KASHMIR,LEH,3.0,13.0,3.0,1.0,1.0,49.0,1.0
2008,JAMMU & KASHMIR,POONCH,41.0,51.0,25.0,3.0,112.0,94.0,2.0
2008,JAMMU & KASHMIR,PULWAMA,23.0,15.0,30.0,11.0,87.0,94.0,2.0
2008,JAMMU & KASHMIR,RAJOURI,39.0,55.0,28.0,3.0,73.0,129.0,2.0
2008,JAMMU & KASHMIR,RAMBAN,23.0,13.0,14.0,1.0,38.0,76.0,2.0
2008,JAMMU & KASHMIR,REASI,51.0,16.0,10.0,1.0,12.0,60.0,1.0
2008,JAMMU & KASHMIR,SAMBA,32.0,9.0,9.0,1.0,43.0,76.0,1.0
2008,JAMMU & KASHMIR,SHOPIAN,30.0,55.0,16.0,5.0,39.0,77.0,2.0
2008,JAMMU & KASHMIR,SRINAGAR,94.0,178.0,79.0,9.0,321.0,653.0,5.0
2008,JAMMU & KASHMIR,UDHAMPUR,20.0,23.0,14.0,1.0,38.0,100.0,2.0
2008,JHARKHAND,BOKARO,84.0,40.0,41.0,48.0,142.0,830.0,4.0
2008,JHARKHAND,CHAIBASA,208.0,58.0,7.0,23.0,33.0,184.0,3.0
2008,JHARKHAND,CHATRA,88.0,12.0,17.0,41.0,126.0,125.0,3.0
2008,JHARKHAND,DEOGHAR,51.0,38.0,11.0,40.0,151.0,284.0,3.0
2008,JHARKHAND,DHANBAD,125.0,82.0,88.0,97.0,212.0,1058.0,5.0
2008,JHARKHAND,DHANBAD RLY.,13.0,4.0,1.0,28.0,5.0,118.0,1.0
2008,JHARKHAND,DUMKA,94.0,67.0,26.0,23.0,113.0,315.0,4.0
2008,JHARKHAND,GARHWA,128.0,36.0,27.0,48.0,158.0,151.0,4.0
2008,JHARKHAND,GIRIDIH,93.0,70.0,52.0,86.0,387.0,477.0,5.0
2008,JHARKHAND,GODDA,105.0,42.0,41.0,21.0,153.0,215.0,4.0
2008,JHARKHAND,GUMLA,241.0,49.0,37.0,82.0,18.0,144.0,4.0
2008,JHARKHAND,HAZARIBAGH,134.0,88.0,65.0,87.0,342.0,748.0,5.0
2008,JHARKHAND,JAMSHEDPUR,200.0,59.0,36.0,79.0,55.0,1164.0,4.0
2008,JHARKHAND,JAMSHEDPUR RLY.,8.0,1.0,0.0,9.0,2.0,127.0,1.0
2008,JHARKHAND,JAMTARA,29.0,29.0,9.0,4.0,72.0,128.0,2.0
2008,JHARKHAND,KHUNTI,79.0,9.0,13.0,22.0,18.0,45.0,2.0
2008,JHARKHAND,KODERMA,54.0,22.0,16.0,11.0,106.0,204.0,3.0
2008,JHARKHAND,LATEHAR,49.0,21.0,14.0,41.0,20.0,99.0,2.0
2008,JHARKHAND,LOHARDAGGA,27.0,18.0,18.0,33.0,57.0,131.0,2.0
2008,JHARKHAND,PAKUR,127.0,62.0,18.0,9.0,60.0,124.0,3.0
2008,JHARKHAND,PALAMU,282.0,31.0,57.0,61.0,143.0,318.0,5.0
2008,JHARKHAND,RAMGARH,59.0,17.0,20.0,47.0,95.0,364.0,3.0
2008,JHARKHAND,RANCHI,291.0,85.0,117.0,161.0,152.0,1955.0,5.0
2008,JHARKHAND,SAHEBGANJ,93.0,75.0,35.0,13.0,43.0,175.0,3.0
2008,JHARKHAND,SARAIKELA,118.0,21.0,14.0,37.0,56.0,253.0,3.0
2008,JHARKHAND,SIMDEGA,90.0,26.0,12.0,26.0,21.0,77.0,2.0
2008,KARNATAKA,BAGALKOT,69.0,64.0,22.0,9.0,178.0,250.0,3.0
2008,KARNATAKA,BANGALORE COMMR.,558.0,233.0,159.0,790.0,358.0,13683.0,5.0
2008,KARNATAKA,BELGAUM,219.0,210.0,59.0,56.0,487.0,1152.0,5.0
2008,KARNATAKA,BELLARY,94.0,52.0,19.0,29.0,196.0,475.0,4.0
2008,KARNATAKA,BIDAR,65.0,112.0,23.0,27.0,150.0,399.0,3.0
2008,KARNATAKA,BIJAPUR,156.0,102.0,23.0,25.0,333.0,367.0,5.0
2008,KARNATAKA,CBPURA,84.0,44.0,17.0,15.0,172.0,370.0,3.0
2008,KARNATAKA,CHAMARAJNAGAR,57.0,33.0,7.0,14.0,85.0,226.0,2.0
2008,KARNATAKA,CHICKMAGALUR,73.0,77.0,23.0,30.0,159.0,377.0,3.0
2008,KARNATAKA,CHITRADURGA,58.0,100.0,20.0,34.0,275.0,443.0,4.0
2008,KARNATAKA,DAKSHIN KANNADA,76.0,63.0,10.0,43.0,285.0,537.0,4.0
2008,KARNATAKA,DAVANAGERE,45.0,70.0,35.0,19.0,213.0,473.0,4.0
2008,KARNATAKA,DHARWAD COMMR.,47.0,19.0,15.0,86.0,98.0,717.0,3.0
2008,KARNATAKA,GADAG,46.0,59.0,10.0,8.0,113.0,164.0,2.0
2008,KARNATAKA,GULBARGA,211.0,100.0,47.0,84.0,488.0,618.0,5.0
2008,KARNATAKA,HASSAN,132.0,93.0,28.0,44.0,152.0,670.0,4.0
2008,KARNATAKA,HAVERI,56.0,53.0,12.0,14.0,218.0,253.0,3.0
2008,KARNATAKA,K.G.F.,24.0,19.0,5.0,11.0,50.0,146.0,2.0
2008,KARNATAKA,KODAGU,57.0,47.0,6.0,11.0,43.0,236.0,2.0
2008,KARNATAKA,KOLAR,82.0,36.0,15.0,20.0,172.0,306.0,3.0
2008,KARNATAKA,KOPPAL,32.0,32.0,12.0,13.0,123.0,229.0,2.0
2008,KARNATAKA,MANDYA,92.0,77.0,14.0,26.0,270.0,608.0,4.0
2008,KARNATAKA,MYSORE COMMR.,58.0,51.0,30.0,93.0,88.0,926.0,3.0
2008,KARNATAKA,RAICHUR,89.0,105.0,21.0,23.0,215.0,283.0,4.0
2008,KARNATAKA,RAMANAGAR,159.0,79.0,19.0,52.0,238.0,645.0,4.0
2008,KARNATAKA,SHIMOGA,93.0,115.0,27.0,70.0,223.0,656.0,4.0
2008,KARNATAKA,TUMKUR,125.0,102.0,18.0,58.0,270.0,775.0,4.0
2008,KARNATAKA,UDUPI,33.0,28.0,7.0,23.0,89.0,287.0,2.0
2008,KARNATAKA,UTTAR KANNADA,36.0,56.0,11.0,17.0,65.0,227.0,2.0
2008,KERALA,ALAPUZHA,53.0,240.0,20.0,70.0,484.0,856.0,5.0
2008,KERALA,ERNAKULAM COMMR.,23.0,71.0,12.0,32.0,144.0,667.0,3.0
2008,KERALA,IDUKKI,44.0,159.0,15.0,22.0,209.0,580.0,3.0
2008,KERALA,KANNUR,69.0,144.0,13.0,76.0,928.0,665.0,5.0
2008,KERALA,KASARGOD,44.0,120.0,15.0,25.0,530.0,515.0,5.0
2008,KERALA,KOLLAM,55.0,334.0,23.0,54.0,496.0,937.0,5.0
2008,KERALA,KOTTAYAM,47.0,252.0,16.0,77.0,367.0,1109.0,5.0
2008,KERALA,KOZHIKODE COMMR.,23.0,87.0,12.0,109.0,420.0,698.0,5.0
2008,KERALA,MALAPPURAM,65.0,200.0,13.0,50.0,637.0,1220.0,5.0
2008,KERALA,PALAKKAD,53.0,175.0,15.0,44.0,555.0,721.0,5.0
2008,KERALA,PATHANAMTHITTA,39.0,200.0,10.0,26.0,381.0,493.0,4.0
2008,KERALA,THRISSUR,114.0,260.0,17.0,71.0,749.0,1202.0,5.0
2008,KERALA,TRIVANDRUM COMMR.,34.0,148.0,18.0,58.0,438.0,1109.0,5.0
2008,KERALA,WAYANADU,25.0,109.0,9.0,16.0,245.0,357.0,3.0
2008,MADHYA PRADESH,ALIRAJPUR,101.0,78.0,14.0,4.0,33.0,133.0,3.0
2008,MADHYA PRADESH,ANUPPUR,45.0,95.0,4.0,16.0,21.0,176.0,2.0
2008,MADHYA PRADESH,ASHOK NAGAR,47.0,154.0,3.0,9.0,37.0,279.0,2.0
2008,MADHYA PRADESH,BALAGHAT,81.0,192.0,8.0,19.0,56.0,312.0,3.0
2008,MADHYA PRADESH,BARWANI,54.0,120.0,6.0,11.0,35.0,307.0,2.0
2008,MADHYA PRADESH,BETUL,92.0,319.0,26.0,29.0,38.0,431.0,4.0
2008,MADHYA PRADESH,BHIND,134.0,87.0,13.0,99.0,80.0,415.0,4.0
2008,MADHYA PRADESH,BHOPAL,161.0,320.0,42.0,230.0,168.0,3715.0,5.0
2008,MADHYA PRADESH,BHOPAL RLY.,7.0,9.0,3.0,8.0,8.0,949.0,1.0
2008,MADHYA PRADESH,BURHANPUR,34.0,69.0,2.0,40.0,70.0,176.0,2.0
2008,MADHYA PRADESH,CHHATARPUR,118.0,251.0,26.0,61.0,66.0,814.0,4.0
2008,MADHYA PRADESH,CHHINDWARA,104.0,305.0,13.0,10.0,72.0,491.0,4.0
2008,MADHYA PRADESH,DAMOH,105.0,172.0,13.0,25.0,32.0,304.0,3.0
2008,MADHYA PRADESH,DATIYA,95.0,88.0,17.0,53.0,38.0,278.0,3.0
2008,MADHYA PRADESH,DEWAS,119.0,264.0,18.0,30.0,117.0,907.0,4.0
2008,MADHYA PRADESH,DHAR,180.0,285.0,29.0,41.0,137.0,762.0,5.0
2008,MADHYA PRADESH,DINDORI,27.0,53.0,1.0,5.0,9.0,64.0,1.0
2008,MADHYA PRADESH,GUNA,95.0,206.0,14.0,19.0,78.0,425.0,4.0
2008,MADHYA PRADESH,GWALIOR,241.0,168.0,62.0,171.0,152.0,2961.0,5.0
2008,MADHYA PRADESH,HARDA,44.0,60.0,9.0,13.0,16.0,223.0,2.0
2008,MADHYA PRADESH,HOSHANGABAD,93.0,194.0,19.0,34.0,35.0,623.0,3.0
2008,MADHYA PRADESH,INDORE,324.0,465.0,61.0,361.0,278.0,6032.0,5.0
2008,MADHYA PRADESH,INDORE RLY.,5.0,8.0,0.0,8.0,2.0,193.0,1.0
2008,MADHYA PRADESH,JABALPUR,186.0,415.0,52.0,149.0,139.0,1634.0,5.0
2008,MADHYA PRADESH,JABALPUR RLY.,9.0,8.0,1.0,8.0,2.0,228.0,1.0
2008,MADHYA PRADESH,JHABUA,43.0,63.0,18.0,21.0,37.0,171.0,2.0
2008,MADHYA PRADESH,KATNI,63.0,145.0,7.0,14.0,37.0,373.0,2.0
2008,MADHYA PRADESH,KHANDWA,71.0,206.0,12.0,22.0,61.0,566.0,3.0
2008,MADHYA PRADESH,KHARGON,96.0,219.0,8.0,25.0,113.0,790.0,4.0
2008,MADHYA PRADESH,MANDLA,50.0,134.0,3.0,5.0,6.0,147.0,2.0
2008,MADHYA PRADESH,MANDSAUR,77.0,168.0,19.0,42.0,75.0,498.0,3.0
2008,MADHYA PRADESH,MORENA,136.0,99.0,35.0,79.0,120.0,697.0,4.0
2008,MADHYA PRADESH,NARSINGHPUR,94.0,161.0,5.0,26.0,40.0,324.0,3.0
2008,MADHYA PRADESH,NEEMUCH,40.0,64.0,12.0,9.0,80.0,480.0,2.0
2008,MADHYA PRADESH,PANNA,51.0,105.0,7.0,14.0,12.0,241.0,2.0
2008,MADHYA PRADESH,RAISEN,84.0,217.0,24.0,17.0,40.0,318.0,3.0
2008,MADHYA PRADESH,RAJGARH,102.0,249.0,28.0,21.0,148.0,467.0,4.0
2008,MADHYA PRADESH,RATLAM,87.0,168.0,16.0,31.0,66.0,491.0,3.0
2008,MADHYA PRADESH,REWA,94.0,206.0,27.0,56.0,89.0,1188.0,4.0
2008,MADHYA PRADESH,SAGAR,173.0,468.0,31.0,63.0,148.0,1004.0,5.0
2008,MADHYA PRADESH,SATNA,114.0,309.0,20.0,69.0,63.0,1026.0,4.0
2008,MADHYA PRADESH,SEONI,65.0,164.0,16.0,7.0,37.0,241.0,3.0
2008,MADHYA PRADESH,SHAHDOL,47.0,186.0,13.0,38.0,28.0,446.0,3.0
2008,MADHYA PRADESH,SHAJAPUR,75.0,218.0,16.0,48.0,93.0,671.0,4.0
2008,MADHYA PRADESH,SHEOPUR,28.0,45.0,10.0,17.0,44.0,113.0,2.0
2008,MADHYA PRADESH,SHIVPURI,123.0,192.0,31.0,50.0,95.0,490.0,4.0
2008,MADHYA PRADESH,SIDHI,42.0,120.0,17.0,20.0,56.0,356.0,3.0
2008,MADHYA PRADESH,SIHORE,76.0,146.0,20.0,25.0,62.0,498.0,3.0
2008,MADHYA PRADESH,SINGRAULI,45.0,127.0,13.0,7.0,30.0,315.0,2.0
2008,MADHYA PRADESH,TIKAMGARH,77.0,142.0,13.0,34.0,83.0,326.0,3.0
2008,MADHYA PRADESH,UJJAIN,185.0,293.0,32.0,156.0,192.0,1667.0,5.0
2008,MADHYA PRADESH,UMARIYA,82.0,85.0,6.0,4.0,23.0,180.0,2.0
2008,MADHYA PRADESH,VIDISHA,87.0,298.0,14.0,21.0,69.0,677.0,4.0
2008,MAHARASHTRA,AHMEDNAGAR,242.0,174.0,51.0,172.0,602.0,2297.0,5.0
2008,MAHARASHTRA,AKOLA,128.0,137.0,35.0,62.0,195.0,1377.0,4.0
2008,MAHARASHTRA,AMRAVATI COMMR.,49.0,63.0,10.0,39.0,93.0,937.0,3.0
2008,MAHARASHTRA,AURANGABAD COMMR.,77.0,72.0,38.0,73.0,252.0,1373.0,4.0
2008,MAHARASHTRA,BEED,99.0,118.0,39.0,130.0,537.0,1053.0,5.0
2008,MAHARASHTRA,BHANDARA,45.0,95.0,14.0,26.0,136.0,954.0,3.0
2008,MAHARASHTRA,BULDHANA,102.0,189.0,28.0,67.0,330.0,1220.0,5.0
2008,MAHARASHTRA,CHANDRAPUR,104.0,149.0,34.0,42.0,209.0,1262.0,4.0
2008,MAHARASHTRA,DHULE,93.0,42.0,8.0,83.0,240.0,683.0,4.0
2008,MAHARASHTRA,GADCHIROLI,90.0,52.0,13.0,15.0,79.0,240.0,3.0
2008,MAHARASHTRA,GONDIA,49.0,122.0,14.0,21.0,96.0,594.0,3.0
2008,MAHARASHTRA,HINGOLI,75.0,71.0,10.0,47.0,164.0,285.0,3.0
2008,MAHARASHTRA,JALGAON,140.0,149.0,29.0,66.0,331.0,1291.0,5.0
2008,MAHARASHTRA,JALNA,91.0,69.0,13.0,71.0,222.0,642.0,4.0
2008,MAHARASHTRA,KOLHAPUR,87.0,110.0,30.0,80.0,323.0,1563.0,5.0
2008,MAHARASHTRA,LATUR,102.0,96.0,29.0,62.0,308.0,828.0,5.0
2008,MAHARASHTRA,MUMBAI COMMR.,342.0,654.0,189.0,363.0,399.0,18324.0,5.0
2008,MAHARASHTRA,MUMBAI RLY.,9.0,16.0,8.0,41.0,24.0,1974.0,1.0
2008,MAHARASHTRA,NAGPUR COMMR.,161.0,144.0,43.0,335.0,274.0,3416.0,5.0
2008,MAHARASHTRA,NAGPUR RLY.,12.0,9.0,3.0,27.0,19.0,1020.0,1.0
2008,MAHARASHTRA,NANDED,150.0,100.0,29.0,96.0,352.0,956.0,5.0
2008,MAHARASHTRA,NANDURBAR,45.0,32.0,10.0,24.0,116.0,319.0,2.0
2008,MAHARASHTRA,NASIK COMMR.,74.0,56.0,34.0,100.0,196.0,2070.0,4.0
2008,MAHARASHTRA,NAVI MUMBAI,100.0,43.0,26.0,138.0,199.0,2409.0,4.0
2008,MAHARASHTRA,OSMANABAD,79.0,102.0,22.0,65.0,204.0,728.0,4.0
2008,MAHARASHTRA,PARBHANI,90.0,68.0,17.0,93.0,232.0,652.0,4.0
2008,MAHARASHTRA,PUNE COMMR.,283.0,205.0,110.0,416.0,551.0,7586.0,5.0
2008,MAHARASHTRA,PUNE RLY.,4.0,4.0,1.0,14.0,7.0,384.0,1.0
2008,MAHARASHTRA,RAIGAD,77.0,50.0,6.0,29.0,145.0,518.0,3.0
2008,MAHARASHTRA,RATNAGIRI,34.0,59.0,15.0,14.0,118.0,442.0,3.0
2008,MAHARASHTRA,SANGLI,79.0,109.0,21.0,30.0,204.0,1017.0,4.0
2008,MAHARASHTRA,SATARA,93.0,96.0,21.0,97.0,284.0,1699.0,4.0
2008,MAHARASHTRA,SINDHUDURG,14.0,42.0,2.0,4.0,51.0,238.0,1.0
2008,MAHARASHTRA,SOLAPUR COMMR.,33.0,41.0,12.0,35.0,59.0,691.0,2.0
2008,MAHARASHTRA,THANE COMMR.,177.0,223.0,103.0,152.0,401.0,4437.0,5.0
2008,MAHARASHTRA,WARDHA,66.0,154.0,26.0,48.0,232.0,1184.0,4.0
2008,MAHARASHTRA,WASHIM,59.0,79.0,22.0,44.0,142.0,639.0,3.0
2008,MAHARASHTRA,YAVATMAL,134.0,157.0,34.0,59.0,203.0,1297.0,4.0
2008,MANIPUR,BISHNUPUR,59.0,19.0,14.0,0.0,8.0,57.0,2.0
2008,MANIPUR,CHANDEL,23.0,0.0,2.0,0.0,4.0,6.0,1.0
2008,MANIPUR,CHURACHANDPUR,24.0,2.0,5.0,0.0,2.0,29.0,1.0
2008,MANIPUR,CID,0.0,0.0,0.0,0.0,0.0,2.0,1.0
2008,MANIPUR,IMPHAL EAST,134.0,23.0,43.0,1.0,8.0,137.0,3.0
2008,MANIPUR,IMPHAL WEST,236.0,34.0,60.0,0.0,33.0,301.0,4.0
2008,MANIPUR,SENAPATI,20.0,2.0,6.0,3.0,7.0,27.0,1.0
2008,MANIPUR,TAMENGLONG,6.0,0.0,2.0,0.0,1.0,4.0,1.0
2008,MANIPUR,THOUBAL,172.0,14.0,44.0,4.0,21.0,117.0,3.0
2008,MANIPUR,UKHRUL,15.0,1.0,0.0,0.0,5.0,27.0,1.0
2008,MEGHALAYA,GARO HILLS EAST,18.0,2.0,10.0,11.0,2.0,38.0,1.0
2008,MEGHALAYA,GARO HILLS SOUTH,5.0,2.0,2.0,6.0,0.0,14.0,1.0
2008,MEGHALAYA,GARO HILLS WEST,37.0,31.0,9.0,25.0,18.0,187.0,2.0
2008,MEGHALAYA,JAINTIA HILLS,43.0,25.0,7.0,16.0,5.0,128.0,2.0
2008,MEGHALAYA,KHASI HILLS EAST,48.0,48.0,19.0,38.0,8.0,490.0,2.0
2008,MEGHALAYA,KHASI HILLS WEST,20.0,18.0,5.0,24.0,1.0,38.0,1.0
2008,MEGHALAYA,RI-BHOI,16.0,16.0,4.0,8.0,2.0,78.0,1.0
2008,MIZORAM,AIZAWL,23.0,75.0,1.0,3.0,5.0,609.0,2.0
2008,MIZORAM,CHAMPHAI,5.0,12.0,1.0,0.0,1.0,106.0,1.0
2008,MIZORAM,KOLASIB,4.0,20.0,4.0,4.0,1.0,122.0,1.0
2008,MIZORAM,LAWNGTLAI,4.0,10.0,0.0,0.0,1.0,56.0,1.0
2008,MIZORAM,LUNGLEI,8.0,21.0,2.0,2.0,8.0,164.0,1.0
2008,MIZORAM,MAMIT,2.0,5.0,1.0,1.0,2.0,36.0,1.0
2008,MIZORAM,SAIHA,2.0,1.0,0.0,0.0,1.0,32.0,1.0
2008,MIZORAM,SERCHHIP,3.0,11.0,0.0,0.0,0.0,51.0,1.0
2008,NAGALAND,DIMAPUR,78.0,17.0,31.0,68.0,6.0,275.0,2.0
2008,NAGALAND,KIPHIRE,4.0,0.0,0.0,0.0,0.0,6.0,1.0
2008,NAGALAND,KOHIMA,35.0,7.0,5.0,13.0,0.0,75.0,1.0
2008,NAGALAND,LONGLENG,2.0,0.0,0.0,1.0,0.0,3.0,1.0
2008,NAGALAND,MOKOKCHUNG,26.0,1.0,3.0,2.0,3.0,30.0,1.0
2008,NAGALAND,MON,19.0,2.0,0.0,2.0,0.0,29.0,1.0
2008,NAGALAND,PEREN,6.0,1.0,0.0,1.0,0.0,7.0,1.0
2008,NAGALAND,PHEK,18.0,3.0,1.0,1.0,0.0,11.0,1.0
2008,NAGALAND,TUENSANG,3.0,1.0,0.0,2.0,1.0,7.0,1.0
2008,NAGALAND,WOKHA,10.0,1.0,4.0,2.0,8.0,45.0,1.0
2008,NAGALAND,ZUNHEBOTO,2.0,1.0,0.0,1.0,0.0,31.0,1.0
2008,ODISHA,ANGUL,117.0,233.0,49.0,79.0,176.0,542.0,4.0
2008,ODISHA,BALASORE,76.0,126.0,47.0,49.0,63.0,622.0,4.0
2008,ODISHA,BARAGARH,112.0,93.0,8.0,33.0,117.0,271.0,3.0
2008,ODISHA,BERHAMPUR,63.0,113.0,22.0,33.0,65.0,249.0,3.0
2008,ODISHA,BHADRAK,67.0,131.0,46.0,31.0,54.0,231.0,3.0
2008,ODISHA,BOLANGIR,71.0,166.0,24.0,40.0,114.0,318.0,3.0
2008,ODISHA,BOUDH,18.0,66.0,2.0,3.0,60.0,48.0,1.0
2008,ODISHA,CUTTACK,64.0,51.0,35.0,51.0,59.0,367.0,3.0
2008,ODISHA,DCP BBSR,111.0,97.0,45.0,120.0,80.0,1806.0,4.0
2008,ODISHA,DCP CTC,86.0,36.0,21.0,81.0,31.0,777.0,3.0
2008,ODISHA,DEOGARH,63.0,109.0,8.0,14.0,35.0,69.0,2.0
2008,ODISHA,DHENKANAL,105.0,213.0,24.0,58.0,112.0,281.0,4.0
2008,ODISHA,GAJAPATI,29.0,60.0,4.0,8.0,121.0,47.0,2.0
2008,ODISHA,GANJAM,212.0,307.0,45.0,75.0,167.0,356.0,5.0
2008,ODISHA,JAGATSINGHPUR,33.0,47.0,29.0,33.0,42.0,283.0,2.0
2008,ODISHA,JAJPUR,140.0,134.0,64.0,58.0,63.0,395.0,4.0
2008,ODISHA,JHARSUGUDA,63.0,79.0,12.0,58.0,74.0,417.0,3.0
2008,ODISHA,KALAHANDI,39.0,120.0,29.0,35.0,108.0,173.0,3.0
2008,ODISHA,KANDHAMAL,57.0,116.0,15.0,20.0,1133.0,191.0,5.0
2008,ODISHA,KENDRAPARA,61.0,38.0,31.0,56.0,50.0,199.0,3.0
2008,ODISHA,KEONJHAR,243.0,269.0,58.0,101.0,110.0,421.0,5.0
2008,ODISHA,KHURDA,30.0,39.0,33.0,46.0,32.0,232.0,2.0
2008,ODISHA,KORAPUT,106.0,160.0,28.0,49.0,106.0,236.0,4.0
2008,ODISHA,MALKANGIR,81.0,45.0,8.0,9.0,27.0,65.0,2.0
2008,ODISHA,MAYURBHANJ,148.0,290.0,51.0,42.0,38.0,409.0,4.0
2008,ODISHA,NAYAGARH,41.0,41.0,25.0,39.0,48.0,183.0,3.0
2008,ODISHA,NOWRANGPUR,55.0,105.0,21.0,15.0,59.0,130.0,2.0
2008,ODISHA,NUAPADA,19.0,73.0,17.0,9.0,37.0,127.0,2.0
2008,ODISHA,PURI,58.0,61.0,31.0,136.0,98.0,627.0,4.0
2008,ODISHA,RAYAGADA,37.0,73.0,14.0,19.0,80.0,139.0,2.0
2008,ODISHA,ROURKELA,93.0,136.0,23.0,67.0,41.0,501.0,3.0
2008,ODISHA,SAMBALPUR,104.0,115.0,13.0,92.0,109.0,546.0,4.0
2008,ODISHA,SONEPUR,35.0,39.0,3.0,6.0,26.0,111.0,1.0
2008,ODISHA,SRP(CUTTACK),5.0,7.0,4.0,15.0,0.0,333.0,1.0
2008,ODISHA,SRP(ROURKELA),10.0,4.0,2.0,9.0,3.0,152.0,1.0
2008,ODISHA,SUNDARGARH,97.0,103.0,17.0,61.0,52.0,251.0,3.0
2008,PUNJAB,AMRITSAR,126.0,40.0,54.0,22.0,5.0,949.0,3.0
2008,PUNJAB,BARNALA,59.0,23.0,7.0,5.0,1.0,159.0,1.0
2008,PUNJAB,BATALA,30.0,29.0,19.0,4.0,0.0,273.0,2.0
2008,PUNJAB,BHATINDA,113.0,49.0,44.0,16.0,15.0,830.0,3.0
2008,PUNJAB,FARIDKOT,39.0,24.0,13.0,4.0,3.0,282.0,1.0
2008,PUNJAB,FATEHGARH SAHIB,31.0,18.0,16.0,2.0,0.0,325.0,1.0
2008,PUNJAB,FEROZPUR,127.0,59.0,30.0,6.0,8.0,631.0,3.0
2008,PUNJAB,G.R.P,15.0,3.0,0.0,2.0,0.0,60.0,1.0
2008,PUNJAB,GURDASPUR,78.0,39.0,25.0,0.0,0.0,245.0,2.0
2008,PUNJAB,HOSHIARPUR,86.0,56.0,22.0,9.0,6.0,402.0,2.0
2008,PUNJAB,JALANDHAR,184.0,103.0,110.0,17.0,10.0,1470.0,4.0
2008,PUNJAB,KAPURTHALA,98.0,43.0,23.0,22.0,1.0,578.0,2.0
2008,PUNJAB,KHANNA,41.0,17.0,19.0,12.0,0.0,354.0,2.0
2008,PUNJAB,LUDHIANA,152.0,82.0,115.0,22.0,2.0,1095.0,4.0
2008,PUNJAB,MANSA,79.0,19.0,11.0,4.0,1.0,190.0,2.0
2008,PUNJAB,MOGA,65.0,38.0,24.0,8.0,4.0,334.0,2.0
2008,PUNJAB,MUKTSAR,68.0,18.0,12.0,2.0,3.0,240.0,2.0
2008,PUNJAB,PATIALA,96.0,52.0,44.0,2.0,3.0,774.0,3.0
2008,PUNJAB,ROPAR,24.0,28.0,11.0,7.0,6.0,277.0,1.0
2008,PUNJAB,SANGRUR,101.0,49.0,23.0,19.0,2.0,484.0,3.0
2008,PUNJAB,SAS NGR,40.0,20.0,28.0,4.0,0.0,728.0,2.0
2008,PUNJAB,SBS NAGAR,36.0,23.0,7.0,9.0,0.0,238.0,1.0
2008,PUNJAB,TARN TARAN,73.0,40.0,17.0,4.0,0.0,260.0,2.0
2008,RAJASTHAN,AJMER,83.0,153.0,102.0,33.0,43.0,1620.0,4.0
2008,RAJASTHAN,ALWAR,168.0,222.0,142.0,38.0,54.0,2182.0,5.0
2008,RAJASTHAN,BANSWARA,53.0,108.0,50.0,10.0,142.0,232.0,4.0
2008,RAJASTHAN,BARAN,148.0,221.0,45.0,17.0,23.0,573.0,4.0
2008,RAJASTHAN,BARMER,41.0,102.0,24.0,6.0,29.0,495.0,2.0
2008,RAJASTHAN,BHARATPUR,116.0,113.0,100.0,39.0,25.0,1484.0,4.0
2008,RAJASTHAN,BHILWARA,72.0,119.0,68.0,46.0,50.0,1347.0,4.0
2008,RAJASTHAN,BIKANER,108.0,122.0,29.0,18.0,16.0,884.0,3.0
2008,RAJASTHAN,BUNDI,88.0,131.0,70.0,8.0,38.0,476.0,3.0
2008,RAJASTHAN,CHITTORGARH,56.0,113.0,104.0,22.0,114.0,921.0,4.0
2008,RAJASTHAN,CHURU,55.0,53.0,43.0,5.0,12.0,568.0,3.0
2008,RAJASTHAN,DAUSA,67.0,55.0,61.0,18.0,64.0,1207.0,3.0
2008,RAJASTHAN,DHOLPUR,131.0,30.0,64.0,23.0,21.0,608.0,3.0
2008,RAJASTHAN,DUNGARPUR,38.0,92.0,50.0,16.0,123.0,184.0,3.0
2008,RAJASTHAN,G.R.P.,8.0,19.0,4.0,7.0,4.0,380.0,1.0
2008,RAJASTHAN,GANGANAGAR,112.0,129.0,66.0,7.0,31.0,1117.0,4.0
2008,RAJASTHAN,HANUMANGARH,138.0,101.0,35.0,6.0,11.0,703.0,3.0
2008,RAJASTHAN,JAIPUR EAST,44.0,74.0,64.0,112.0,136.0,3428.0,4.0
2008,RAJASTHAN,JAIPUR NORTH,52.0,51.0,69.0,28.0,62.0,1372.0,3.0
2008,RAJASTHAN,JAIPUR SOUTH,42.0,41.0,52.0,48.0,68.0,2935.0,3.0
2008,RAJASTHAN,JAISALMER,7.0,23.0,11.0,4.0,24.0,238.0,1.0
2008,RAJASTHAN,JALORE,44.0,63.0,27.0,9.0,46.0,360.0,2.0
2008,RAJASTHAN,JHALAWAR,157.0,188.0,66.0,20.0,104.0,657.0,4.0
2008,RAJASTHAN,JHUNJHUNU,54.0,72.0,44.0,3.0,54.0,877.0,3.0
2008,RAJASTHAN,KARAULI,73.0,60.0,64.0,25.0,23.0,765.0,3.0
2008,RAJASTHAN,NAGAUR,79.0,175.0,64.0,14.0,17.0,847.0,3.0
2008,RAJASTHAN,PALI,58.0,159.0,96.0,9.0,20.0,825.0,4.0
2008,RAJASTHAN,PRATAPGARH,45.0,100.0,54.0,5.0,47.0,237.0,3.0
2008,RAJASTHAN,RAJSAMAND,24.0,47.0,48.0,13.0,35.0,352.0,2.0
2008,RAJASTHAN,SAWAI MADHOPUR,56.0,45.0,50.0,17.0,8.0,767.0,2.0
2008,RAJASTHAN,SIKAR,73.0,58.0,48.0,14.0,51.0,983.0,3.0
2008,RAJASTHAN,SIROHI,50.0,83.0,40.0,13.0,52.0,377.0,2.0
2008,RAJASTHAN,TONK,44.0,63.0,50.0,8.0,95.0,612.0,3.0
2008,RAJASTHAN,UDAIPUR,145.0,250.0,174.0,58.0,183.0,1392.0,5.0
2008,SIKKIM,EAST,11.0,10.0,2.0,2.0,13.0,154.0,1.0
2008,SIKKIM,NORTH,3.0,2.0,0.0,0.0,1.0,11.0,1.0
2008,SIKKIM,SOUTH,3.0,19.0,1.0,6.0,14.0,56.0,1.0
2008,SIKKIM,WEST,2.0,8.0,1.0,0.0,12.0,39.0,1.0
2008,TAMIL NADU,CHENNAI,230.0,81.0,43.0,46.0,55.0,2165.0,4.0
2008,TAMIL NADU,CHENNAI RLY.,5.0,5.0,1.0,17.0,9.0,252.0,1.0
2008,TAMIL NADU,CUDDALORE,134.0,45.0,56.0,19.0,193.0,561.0,4.0
2008,TAMIL NADU,DHARMAPURI,114.0,148.0,49.0,45.0,244.0,287.0,4.0
2008,TAMIL NADU,DINDIGUL,127.0,60.0,53.0,10.0,106.0,592.0,4.0
2008,TAMIL NADU,ERODE,103.0,99.0,57.0,33.0,64.0,899.0,3.0
2008,TAMIL NADU,KANCHIPURAM,151.0,44.0,18.0,9.0,93.0,500.0,3.0
2008,TAMIL NADU,KANYAKUMARI,88.0,35.0,42.0,23.0,38.0,729.0,3.0
2008,TAMIL NADU,KARUR,37.0,14.0,13.0,13.0,26.0,373.0,2.0
2008,TAMIL NADU,KRISHNAGIRI,119.0,60.0,44.0,44.0,208.0,434.0,4.0
2008,TAMIL NADU,NAGAPATTINAM,112.0,69.0,28.0,3.0,56.0,300.0,3.0
2008,TAMIL NADU,NAMAKKAL,80.0,68.0,49.0,36.0,99.0,456.0,3.0
2008,TAMIL NADU,NILGIRIS,16.0,24.0,4.0,6.0,25.0,202.0,1.0
2008,TAMIL NADU,PERAMBALUR,79.0,96.0,31.0,3.0,58.0,410.0,3.0
2008,TAMIL NADU,PUDUKOTTAI,81.0,49.0,34.0,3.0,51.0,276.0,2.0
2008,TAMIL NADU,RAMNATHAPURAM,140.0,40.0,28.0,24.0,75.0,350.0,3.0
2008,TAMIL NADU,SIVAGANGAI,83.0,8.0,43.0,20.0,58.0,467.0,3.0
2008,TAMIL NADU,THANJAVUR,159.0,115.0,29.0,21.0,98.0,719.0,4.0
2008,TAMIL NADU,THENI,84.0,37.0,35.0,21.0,77.0,428.0,3.0
2008,TAMIL NADU,THIRUVALLUR,78.0,35.0,22.0,34.0,84.0,351.0,3.0
2008,TAMIL NADU,THIRUVANNAMALAI,97.0,40.0,34.0,9.0,149.0,437.0,3.0
2008,TAMIL NADU,THIRUVARUR,62.0,57.0,14.0,13.0,52.0,205.0,2.0
2008,TAMIL NADU,THOOTHUGUDI,199.0,14.0,48.0,33.0,12.0,884.0,3.0
2008,TAMIL NADU,TRICHY RLY.,2.0,0.0,0.0,1.0,0.0,40.0,1.0
2008,TAMIL NADU,VELLORE,111.0,46.0,53.0,10.0,40.0,625.0,3.0
2008,TAMIL NADU,VILLUPURAM,162.0,128.0,64.0,26.0,279.0,457.0,5.0
2008,TAMIL NADU,VIRUDHUNAGAR,114.0,36.0,52.0,25.0,80.0,677.0,3.0
2008,TRIPURA,DHALAI,23.0,54.0,18.0,17.0,24.0,68.0,2.0
2008,TRIPURA,NORTH,44.0,108.0,27.0,8.0,25.0,151.0,2.0
2008,TRIPURA,SOUTH,56.0,180.0,34.0,43.0,67.0,243.0,3.0
2008,TRIPURA,WEST,87.0,208.0,67.0,40.0,128.0,389.0,4.0
2008,UTTAR PRADESH,AGRA,282.0,165.0,229.0,78.0,245.0,2526.0,5.0
2008,UTTAR PRADESH,ALIGARH,312.0,99.0,162.0,79.0,194.0,1183.0,5.0
2008,UTTAR PRADESH,ALLAHABAD,265.0,140.0,144.0,65.0,180.0,1347.0,5.0
2008,UTTAR PRADESH,AMBEDKAR NAGAR,64.0,38.0,51.0,14.0,24.0,256.0,3.0
2008,UTTAR PRADESH,AURAIYA,57.0,18.0,29.0,14.0,24.0,135.0,2.0
2008,UTTAR PRADESH,AZAMGARH,132.0,41.0,60.0,33.0,57.0,346.0,4.0
2008,UTTAR PRADESH,BADAUN,217.0,38.0,53.0,14.0,19.0,264.0,4.0
2008,UTTAR PRADESH,BAGHPAT,145.0,35.0,51.0,56.0,69.0,308.0,4.0
2008,UTTAR PRADESH,BAHRAICH,103.0,48.0,64.0,22.0,42.0,246.0,3.0
2008,UTTAR PRADESH,BALLIA,90.0,27.0,33.0,16.0,54.0,286.0,3.0
2008,UTTAR PRADESH,BALRAMPUR,32.0,24.0,21.0,3.0,10.0,84.0,2.0
2008,UTTAR PRADESH,BANDA,82.0,105.0,40.0,20.0,77.0,366.0,3.0
2008,UTTAR PRADESH,BARABANKI,139.0,57.0,83.0,22.0,16.0,437.0,4.0
2008,UTTAR PRADESH,BAREILLY,337.0,156.0,155.0,63.0,120.0,1113.0,5.0
2008,UTTAR PRADESH,BASTI,61.0,12.0,18.0,7.0,26.0,252.0,2.0
2008,UTTAR PRADESH,BIJNOR,180.0,82.0,92.0,37.0,54.0,513.0,4.0
2008,UTTAR PRADESH,BULANDSHAHAR,221.0,79.0,77.0,12.0,52.0,524.0,4.0
2008,UTTAR PRADESH,CHANDOLI,56.0,14.0,11.0,8.0,8.0,274.0,2.0
2008,UTTAR PRADESH,CHITRAKOOT DHAM,51.0,43.0,20.0,15.0,13.0,128.0,2.0
2008,UTTAR PRADESH,DEORIA,65.0,21.0,20.0,4.0,43.0,143.0,2.0
2008,UTTAR PRADESH,ETAH,166.0,61.0,80.0,26.0,55.0,432.0,4.0
2008,UTTAR PRADESH,ETAWAH,154.0,62.0,89.0,39.0,15.0,570.0,4.0
2008,UTTAR PRADESH,FAIZABAD,69.0,49.0,58.0,16.0,36.0,444.0,3.0
2008,UTTAR PRADESH,FATEHGARH,144.0,58.0,61.0,17.0,22.0,249.0,3.0
2008,UTTAR PRADESH,FATEHPUR,148.0,48.0,53.0,34.0,8.0,353.0,3.0
2008,UTTAR PRADESH,FIROZABAD,280.0,70.0,114.0,55.0,119.0,711.0,5.0
2008,UTTAR PRADESH,G.R.P.,38.0,20.0,11.0,58.0,27.0,1581.0,2.0
2008,UTTAR PRADESH,GAUTAMBUDH NAGAR,144.0,41.0,70.0,42.0,70.0,2140.0,4.0
2008,UTTAR PRADESH,GHAZIABAD,325.0,60.0,199.0,70.0,70.0,1680.0,5.0
2008,UTTAR PRADESH,GHAZIPUR,105.0,23.0,25.0,69.0,125.0,232.0,4.0
2008,UTTAR PRADESH,GONDA,122.0,66.0,54.0,27.0,46.0,351.0,4.0
2008,UTTAR PRADESH,GORAKHPUR,153.0,76.0,150.0,50.0,116.0,894.0,5.0
2008,UTTAR PRADESH,HAMIRPUR,52.0,22.0,21.0,0.0,9.0,79.0,2.0
2008,UTTAR PRADESH,HARDOI,142.0,109.0,64.0,21.0,33.0,292.0,4.0
2008,UTTAR PRADESH,HATHRAS,122.0,60.0,62.0,51.0,37.0,345.0,4.0
2008,UTTAR PRADESH,J.P.NAGAR,82.0,46.0,38.0,12.0,28.0,317.0,3.0
2008,UTTAR PRADESH,JALAUN,69.0,40.0,34.0,17.0,12.0,157.0,2.0
2008,UTTAR PRADESH,JAUNPUR,119.0,57.0,47.0,36.0,80.0,461.0,4.0
2008,UTTAR PRADESH,JHANSI,77.0,31.0,25.0,10.0,11.0,266.0,2.0
2008,UTTAR PRADESH,KANNAUJ,95.0,38.0,42.0,22.0,26.0,170.0,3.0
2008,UTTAR PRADESH,KANPUR DEHAT,100.0,90.0,67.0,13.0,97.0,304.0,4.0
2008,UTTAR PRADESH,KANPUR NAGAR,321.0,208.0,296.0,168.0,227.0,2545.0,5.0
2008,UTTAR PRADESH,KANSHIRAM NAGAR,122.0,50.0,40.0,9.0,31.0,140.0,3.0
2008,UTTAR PRADESH,KAUSHAMBI,99.0,85.0,46.0,34.0,49.0,302.0,3.0
2008,UTTAR PRADESH,KHIRI,191.0,132.0,95.0,24.0,59.0,520.0,5.0
2008,UTTAR PRADESH,KUSHI NAGAR,45.0,14.0,15.0,2.0,22.0,114.0,2.0
2008,UTTAR PRADESH,LALITPUR,36.0,27.0,12.0,3.0,21.0,116.0,2.0
2008,UTTAR PRADESH,LUCKNOW,322.0,308.0,389.0,164.0,444.0,5633.0,5.0
2008,UTTAR PRADESH,MAHARAJGANJ,37.0,29.0,26.0,11.0,23.0,119.0,2.0
2008,UTTAR PRADESH,MAHOBA,40.0,36.0,26.0,18.0,26.0,137.0,2.0
2008,UTTAR PRADESH,MAINPURI,214.0,29.0,88.0,57.0,58.0,488.0,4.0
2008,UTTAR PRADESH,MATHURA,243.0,88.0,76.0,46.0,102.0,1069.0,5.0
2008,UTTAR PRADESH,MAU,77.0,48.0,50.0,14.0,89.0,296.0,3.0
2008,UTTAR PRADESH,MEERUT,351.0,123.0,178.0,114.0,145.0,1510.0,5.0
2008,UTTAR PRADESH,MIRZAPUR,82.0,35.0,23.0,23.0,12.0,347.0,2.0
2008,UTTAR PRADESH,MORADABAD,286.0,192.0,179.0,66.0,77.0,1272.0,5.0
2008,UTTAR PRADESH,MUZAFFARNAGAR,393.0,79.0,135.0,88.0,131.0,981.0,5.0
2008,UTTAR PRADESH,PILIBHIT,121.0,131.0,108.0,8.0,36.0,420.0,4.0
2008,UTTAR PRADESH,PRATAPGARH,139.0,85.0,92.0,39.0,153.0,527.0,5.0
2008,UTTAR PRADESH,RAIBAREILLY,125.0,81.0,60.0,18.0,56.0,444.0,4.0
2008,UTTAR PRADESH,RAMPUR,167.0,92.0,107.0,46.0,60.0,656.0,5.0
2008,UTTAR PRADESH,SAHARANPUR,149.0,31.0,31.0,24.0,71.0,693.0,3.0
2008,UTTAR PRADESH,SANT KABIRNAGAR,35.0,14.0,40.0,10.0,13.0,166.0,2.0
2008,UTTAR PRADESH,SHAHJAHANPUR,288.0,148.0,121.0,31.0,35.0,461.0,5.0
2008,UTTAR PRADESH,SHRAWASTI,42.0,19.0,16.0,5.0,8.0,97.0,1.0
2008,UTTAR PRADESH,SIDHARTHNAGAR,49.0,42.0,32.0,7.0,21.0,170.0,2.0
2008,UTTAR PRADESH,SITAPUR,190.0,100.0,138.0,39.0,49.0,609.0,5.0
2008,UTTAR PRADESH,SONBHADRA,66.0,64.0,30.0,7.0,13.0,226.0,2.0
2008,UTTAR PRADESH,ST.RAVIDASNAGAR,46.0,4.0,11.0,7.0,11.0,103.0,1.0
2008,UTTAR PRADESH,SULTANPUR,151.0,51.0,54.0,14.0,70.0,409.0,4.0
2008,UTTAR PRADESH,UNNAO,153.0,86.0,78.0,20.0,30.0,334.0,4.0
2008,UTTAR PRADESH,VARANASI,113.0,26.0,59.0,27.0,98.0,1324.0,4.0
2008,UTTARAKHAND,ALMORA,20.0,7.0,7.0,6.0,13.0,60.0,1.0
2008,UTTARAKHAND,BAGESHWAR,7.0,5.0,3.0,0.0,3.0,18.0,1.0
2008,UTTARAKHAND,CHAMOLI,4.0,5.0,6.0,1.0,4.0,31.0,1.0
2008,UTTARAKHAND,CHAMPAWAT,5.0,2.0,4.0,1.0,1.0,20.0,1.0
2008,UTTARAKHAND,DEHRADUN,98.0,44.0,65.0,38.0,172.0,887.0,4.0
2008,UTTARAKHAND,HARIDWAR,149.0,53.0,61.0,59.0,145.0,779.0,4.0
2008,UTTARAKHAND,NAINITAL,53.0,14.0,22.0,13.0,20.0,247.0,2.0
2008,UTTARAKHAND,PAURI GARHWAL,11.0,3.0,4.0,4.0,8.0,63.0,1.0
2008,UTTARAKHAND,PITHORAGARH,12.0,6.0,0.0,4.0,2.0,34.0,1.0
2008,UTTARAKHAND,RUDRA PRAYAG,0.0,0.0,0.0,0.0,3.0,14.0,1.0
2008,UTTARAKHAND,TEHRI GARHWAL,14.0,7.0,3.0,5.0,16.0,58.0,1.0
2008,UTTARAKHAND,UDHAMSINGH NAGAR,100.0,56.0,67.0,29.0,124.0,432.0,4.0
2008,UTTARAKHAND,UTTARKASHI,7.0,5.0,5.0,0.0,13.0,36.0,1.0
2008,WEST BENGAL,24 PARGANAS NORTH,407.0,401.0,317.0,58.0,592.0,1894.0,5.0
2008,WEST BENGAL,24 PARGANAS SOUTH,317.0,500.0,280.0,51.0,1121.0,2031.0,5.0
2008,WEST BENGAL,ASANSOL,63.0,40.0,18.0,4.0,34.0,278.0,2.0
2008,WEST BENGAL,BANKURA,97.0,91.0,21.0,30.0,135.0,235.0,4.0
2008,WEST BENGAL,BIRBHUM,151.0,125.0,46.0,32.0,383.0,421.0,5.0
2008,WEST BENGAL,BURDWAN,186.0,168.0,87.0,40.0,338.0,684.0,5.0
2008,WEST BENGAL,COOCHBEHAR,112.0,289.0,108.0,5.0,141.0,249.0,5.0
2008,WEST BENGAL,DAKSHIN DINAJPUR,157.0,125.0,50.0,10.0,25.0,158.0,4.0
2008,WEST BENGAL,DARJEELING,65.0,107.0,46.0,19.0,84.0,618.0,4.0
2008,WEST BENGAL,HOOGHLY,208.0,73.0,50.0,67.0,386.0,713.0,5.0
2008,WEST BENGAL,HOWRAH,122.0,109.0,105.0,36.0,238.0,1166.0,5.0
2008,WEST BENGAL,HOWRAH G.R.P.,47.0,5.0,3.0,6.0,3.0,531.0,1.0
2008,WEST BENGAL,JALPAIGURI,304.0,710.0,299.0,87.0,129.0,3250.0,5.0
2008,WEST BENGAL,KHARAGPUR G.R.P.,8.0,1.0,0.0,1.0,3.0,102.0,1.0
2008,WEST BENGAL,KOLKATA,151.0,246.0,116.0,100.0,211.0,5022.0,5.0
2008,WEST BENGAL,MALDA,231.0,213.0,92.0,19.0,36.0,377.0,5.0
2008,WEST BENGAL,MURSHIDABAD,405.0,492.0,194.0,38.0,300.0,660.0,5.0
2008,WEST BENGAL,NADIA,475.0,474.0,216.0,49.0,343.0,1451.0,5.0
2008,WEST BENGAL,PASCHIM MIDNAPUR,179.0,114.0,57.0,40.0,236.0,376.0,5.0
2008,WEST BENGAL,PURAB MIDNAPUR,99.0,105.0,118.0,31.0,600.0,485.0,5.0
2008,WEST BENGAL,PURULIA,51.0,124.0,23.0,30.0,123.0,299.0,4.0
2008,WEST BENGAL,SEALDAH G.R.P.,13.0,3.0,6.0,7.0,14.0,155.0,1.0
2008,WEST BENGAL,SILIGURI G.R.P.,4.0,3.0,6.0,2.0,3.0,98.0,1.0
2008,WEST BENGAL,UTTAR DINAJPUR,179.0,141.0,74.0,35.0,97.0,357.0,5.0
2008,A & N ISLANDS,ANDAMAN,20.0,36.0,16.0,14.0,31.0,228.0,2.0
2008,A & N ISLANDS,NICOBAR,1.0,0.0,1.0,0.0,0.0,9.0,1.0
2008,CHANDIGARH,CHANDIGARH,51.0,39.0,50.0,24.0,87.0,2498.0,3.0
2008,D & N HAVELI,D and N HAVELI,11.0,10.0,17.0,1.0,30.0,137.0,1.0
2008,DAMAN & DIU,DAMAN,3.0,2.0,2.0,5.0,31.0,82.0,1.0
2008,DAMAN & DIU,DIU,1.0,0.0,2.0,1.0,7.0,18.0,1.0
2008,DELHI UT,CAW,0.0,1.0,0.0,0.0,0.0,0.0,1.0
2008,DELHI UT,CENTRAL,71.0,68.0,84.0,33.0,2.0,1660.0,3.0
2008,DELHI UT,CRIME BRANCH,2.0,0.0,0.0,0.0,0.0,15.0,1.0
2008,DELHI UT,DELHI UT TOTAL,1009.0,1077.0,1567.0,565.0,112.0,22641.0,5.0
2008,DELHI UT,EAST,101.0,166.0,191.0,79.0,18.0,2822.0,5.0
2008,DELHI UT,EOW,0.0,0.0,0.0,0.0,0.0,145.0,1.0
2008,DELHI UT,GRP(RLY),6.0,1.0,6.0,3.0,1.0,835.0,1.0
2008,DELHI UT,IGI AIRPORT,2.0,2.0,1.0,3.0,1.0,94.0,1.0
2008,DELHI UT,NEW DELHI,13.0,21.0,19.0,14.0,13.0,900.0,1.0
2008,DELHI UT,NORTH,50.0,55.0,80.0,58.0,6.0,1184.0,3.0
2008,DELHI UT,NORTH-EAST,154.0,109.0,210.0,47.0,13.0,1802.0,5.0
2008,DELHI UT,NORTH-WEST,104.0,107.0,137.0,88.0,7.0,2104.0,5.0
2008,DELHI UT,OUTER,144.0,107.0,355.0,50.0,5.0,2270.0,5.0
2008,DELHI UT,SOUTH,60.0,89.0,70.0,43.0,11.0,2415.0,3.0
2008,DELHI UT,SOUTH-EAST,109.0,143.0,182.0,67.0,14.0,2573.0,5.0
2008,DELHI UT,SOUTH-WEST,99.0,77.0,87.0,39.0,11.0,1330.0,4.0
2008,DELHI UT,STF,10.0,0.0,0.0,0.0,0.0,10.0,1.0
2008,DELHI UT,WEST,84.0,131.0,145.0,41.0,10.0,2482.0,4.0
2008,LAKSHADWEEP,LAKSHADWEEP,1.0,2.0,1.0,0.0,14.0,11.0,1.0
2008,PUDUCHERRY,KARAIKAL,11.0,26.0,2.0,0.0,37.0,90.0,1.0
2008,PUDUCHERRY,PUDUCHERRY,62.0,47.0,15.0,20.0,137.0,754.0,3.0
2009,ANDHRA PRADESH,ADILABAD,135.0,259.0,73.0,26.0,136.0,723.0,5.0
2009,ANDHRA PRADESH,ANANTAPUR,222.0,179.0,68.0,33.0,120.0,851.0,4.0
2009,ANDHRA PRADESH,CHITTOOR,155.0,153.0,74.0,21.0,149.0,1760.0,4.0
2009,ANDHRA PRADESH,CUDDAPAH,137.0,192.0,57.0,11.0,206.0,799.0,4.0
2009,ANDHRA PRADESH,CYBERABAD,285.0,255.0,168.0,83.0,154.0,6004.0,5.0
2009,ANDHRA PRADESH,EAST GODAVARI,194.0,243.0,80.0,30.0,97.0,1978.0,5.0
2009,ANDHRA PRADESH,GUNTAKAL RLY.,7.0,3.0,0.0,0.0,0.0,172.0,1.0
2009,ANDHRA PRADESH,GUNTUR,290.0,380.0,79.0,48.0,143.0,1941.0,5.0
2009,ANDHRA PRADESH,KARIMNAGAR,204.0,340.0,128.0,17.0,260.0,1199.0,5.0
2009,ANDHRA PRADESH,KHAMMAM,190.0,303.0,108.0,29.0,149.0,960.0,5.0
2009,ANDHRA PRADESH,KRISHNA,179.0,340.0,49.0,13.0,79.0,848.0,4.0
2009,ANDHRA PRADESH,KURNOOL,275.0,429.0,83.0,28.0,213.0,1070.0,5.0
2009,ANDHRA PRADESH,MAHABOOBNAGAR,244.0,289.0,103.0,17.0,193.0,1454.0,5.0
2009,ANDHRA PRADESH,MEDAK,189.0,164.0,61.0,29.0,123.0,1145.0,4.0
2009,ANDHRA PRADESH,NALGONDA,194.0,331.0,109.0,41.0,204.0,1084.0,5.0
2009,ANDHRA PRADESH,NELLORE,151.0,319.0,50.0,21.0,79.0,1025.0,4.0
2009,ANDHRA PRADESH,NIZAMABAD,164.0,106.0,46.0,20.0,86.0,877.0,4.0
2009,ANDHRA PRADESH,PRAKASHAM,175.0,224.0,66.0,4.0,73.0,828.0,4.0
2009,ANDHRA PRADESH,RANGA REDDY,94.0,70.0,29.0,7.0,38.0,287.0,3.0
2009,ANDHRA PRADESH,SECUNDERABAD RLY.,10.0,3.0,0.0,0.0,0.0,466.0,1.0
2009,ANDHRA PRADESH,SRIKAKULAM,34.0,88.0,20.0,6.0,26.0,372.0,2.0
2009,ANDHRA PRADESH,VIJAYAWADA RLY.,7.0,0.0,0.0,3.0,0.0,520.0,1.0
2009,ANDHRA PRADESH,VISAKHAPATNAM,57.0,134.0,48.0,22.0,25.0,1683.0,3.0
2009,ANDHRA PRADESH,VIZIANAGARAM,56.0,116.0,15.0,5.0,23.0,500.0,2.0
2009,ANDHRA PRADESH,WARANGAL,150.0,304.0,140.0,17.0,329.0,1167.0,5.0
2009,ANDHRA PRADESH,WEST GODAVARI,202.0,498.0,115.0,25.0,105.0,2053.0,5.0
2009,ARUNACHAL PRADESH,ANJAW,0.0,0.0,0.0,0.0,0.0,2.0,1.0
2009,ARUNACHAL PRADESH,CHANGLANG,5.0,11.0,7.0,12.0,4.0,73.0,1.0
2009,ARUNACHAL PRADESH,DIBANG VALLEY,3.0,5.0,6.0,3.0,1.0,33.0,1.0
2009,ARUNACHAL PRADESH,K/KUMEY,10.0,5.0,0.0,1.0,5.0,18.0,1.0
2009,ARUNACHAL PRADESH,KAMENG EAST,5.0,4.0,5.0,9.0,5.0,31.0,1.0
2009,ARUNACHAL PRADESH,KAMENG WEST,10.0,6.0,0.0,5.0,4.0,17.0,1.0
2009,ARUNACHAL PRADESH,LOHIT,10.0,13.0,6.0,6.0,6.0,51.0,1.0
2009,ARUNACHAL PRADESH,PAPUM PARE,11.0,21.0,13.0,13.0,10.0,134.0,1.0
2009,ARUNACHAL PRADESH,SIANG EAST,6.0,15.0,10.0,0.0,10.0,89.0,1.0
2009,ARUNACHAL PRADESH,SIANG UPPER,0.0,3.0,1.0,0.0,1.0,23.0,1.0
2009,ARUNACHAL PRADESH,SIANG WEST,14.0,11.0,5.0,8.0,25.0,51.0,1.0
2009,ARUNACHAL PRADESH,SUBANSIRI LOWER,5.0,10.0,4.0,2.0,4.0,33.0,1.0
2009,ARUNACHAL PRADESH,SUBANSIRI UPPER,7.0,6.0,1.0,5.0,0.0,21.0,1.0
2009,ARUNACHAL PRADESH,TAWANG,1.0,0.0,0.0,0.0,0.0,21.0,1.0
2009,ARUNACHAL PRADESH,TIRAP,8.0,7.0,4.0,11.0,2.0,41.0,1.0
2009,ARUNACHAL PRADESH,UPPER DIBANG VALLEY,2.0,0.0,0.0,0.0,3.0,11.0,1.0
2009,ASSAM,BARPETA,66.0,253.0,113.0,36.0,187.0,410.0,5.0
2009,ASSAM,BASKA,44.0,26.0,38.0,5.0,10.0,65.0,2.0
2009,ASSAM,BONGAIGAON,22.0,59.0,58.0,23.0,85.0,281.0,3.0
2009,ASSAM,C.I.D.,1.0,0.0,0.0,0.0,0.0,13.0,1.0
2009,ASSAM,CACHAR,66.0,99.0,152.0,54.0,232.0,941.0,5.0
2009,ASSAM,CHIRANG,35.0,36.0,58.0,6.0,15.0,95.0,3.0
2009,ASSAM,DARRANG,37.0,219.0,99.0,24.0,47.0,451.0,4.0
2009,ASSAM,DHEMAJI,47.0,104.0,71.0,15.0,19.0,197.0,3.0
2009,ASSAM,DHUBRI,71.0,304.0,185.0,35.0,385.0,527.0,5.0
2009,ASSAM,DIBRUGARH,81.0,90.0,110.0,28.0,7.0,653.0,4.0
2009,ASSAM,G.R.P.,8.0,0.0,2.0,19.0,8.0,153.0,1.0
2009,ASSAM,GOALPARA,55.0,92.0,89.0,13.0,125.0,300.0,4.0
2009,ASSAM,GOLAGHAT,78.0,81.0,101.0,27.0,16.0,380.0,4.0
2009,ASSAM,HAILAKANDI,13.0,57.0,59.0,8.0,161.0,191.0,4.0
2009,ASSAM,JORHAT,32.0,89.0,54.0,31.0,32.0,383.0,3.0
2009,ASSAM,KAMRUP,64.0,92.0,121.0,29.0,71.0,396.0,4.0
2009,ASSAM,KARBI ANGLONG,53.0,26.0,21.0,18.0,28.0,159.0,2.0
2009,ASSAM,KARIMGANJ,44.0,35.0,39.0,15.0,66.0,160.0,3.0
2009,ASSAM,KOKRAJHAR,94.0,70.0,71.0,16.0,102.0,213.0,4.0
2009,ASSAM,LAKHIMPUR,59.0,96.0,123.0,13.0,33.0,301.0,4.0
2009,ASSAM,MORIGAON,38.0,148.0,77.0,17.0,82.0,172.0,4.0
2009,ASSAM,N.C.HILLS,95.0,7.0,16.0,1.0,14.0,29.0,2.0
2009,ASSAM,NAGAON,144.0,296.0,233.0,112.0,278.0,929.0,5.0
2009,ASSAM,NALBARI,45.0,107.0,58.0,33.0,18.0,263.0,3.0
2009,ASSAM,R.P.O.,4.0,7.0,1.0,7.0,8.0,8.0,1.0
2009,ASSAM,SIBSAGAR,93.0,123.0,120.0,42.0,48.0,642.0,4.0
2009,ASSAM,SONITPUR,130.0,127.0,174.0,32.0,53.0,628.0,5.0
2009,ASSAM,TINSUKIA,85.0,66.0,106.0,57.0,46.0,834.0,4.0
2009,ASSAM,UDALGURI,47.0,48.0,76.0,26.0,14.0,185.0,3.0
2009,BIHAR,ARARIA,76.0,32.0,56.0,79.0,211.0,357.0,4.0
2009,BIHAR,ARWAL,41.0,11.0,16.0,7.0,56.0,78.0,2.0
2009,BIHAR,AURANGABAD,81.0,35.0,54.0,50.0,397.0,540.0,5.0
2009,BIHAR,BAGAHA,82.0,52.0,46.0,19.0,74.0,220.0,3.0
2009,BIHAR,BANKA,144.0,35.0,54.0,57.0,130.0,270.0,4.0
2009,BIHAR,BEGUSARAI,347.0,22.0,79.0,79.0,289.0,532.0,5.0
2009,BIHAR,BETTIAH,83.0,25.0,82.0,34.0,208.0,446.0,4.0
2009,BIHAR,BHABHUA,83.0,4.0,38.0,34.0,127.0,303.0,3.0
2009,BIHAR,BHAGALPUR,87.0,30.0,57.0,29.0,231.0,733.0,4.0
2009,BIHAR,BHOJPUR,128.0,11.0,50.0,59.0,188.0,621.0,4.0
2009,BIHAR,BUXAR,90.0,31.0,64.0,40.0,209.0,342.0,4.0
2009,BIHAR,DARBHANGA,176.0,37.0,83.0,48.0,507.0,631.0,5.0
2009,BIHAR,GAYA,205.0,32.0,108.0,137.0,412.0,984.0,5.0
2009,BIHAR,GOPALGANJ,223.0,76.0,112.0,34.0,237.0,391.0,5.0
2009,BIHAR,JAMALPUR RLY.,8.0,3.0,3.0,18.0,4.0,129.0,1.0
2009,BIHAR,JAMUI,223.0,22.0,35.0,44.0,186.0,275.0,4.0
2009,BIHAR,JEHANABAD,60.0,19.0,40.0,22.0,133.0,213.0,3.0
2009,BIHAR,KATIHAR,109.0,125.0,130.0,40.0,241.0,295.0,5.0
2009,BIHAR,KATIHAR RLY.,9.0,3.0,2.0,10.0,3.0,202.0,1.0
2009,BIHAR,KHAGARIA,168.0,45.0,49.0,25.0,166.0,204.0,4.0
2009,BIHAR,KISHANGANJ,33.0,33.0,41.0,15.0,137.0,251.0,3.0
2009,BIHAR,LAKHISARAI,121.0,40.0,39.0,30.0,124.0,191.0,4.0
2009,BIHAR,MADHEPURA,60.0,15.0,50.0,42.0,160.0,272.0,4.0
2009,BIHAR,MADHUBANI,73.0,39.0,81.0,36.0,325.0,526.0,5.0
2009,BIHAR,MOTIHARI,383.0,37.0,156.0,69.0,520.0,880.0,5.0
2009,BIHAR,MUNGER,213.0,12.0,68.0,69.0,194.0,406.0,5.0
2009,BIHAR,MUZAFFARPUR,186.0,68.0,151.0,94.0,385.0,1235.0,5.0
2009,BIHAR,MUZAFFARPUR RLY.,40.0,8.0,5.0,22.0,5.0,350.0,1.0
2009,BIHAR,NALANDA,423.0,121.0,99.0,73.0,212.0,619.0,5.0
2009,BIHAR,NAUGACHIA,98.0,62.0,36.0,9.0,155.0,169.0,3.0
2009,BIHAR,NAWADAH,89.0,20.0,64.0,20.0,134.0,264.0,4.0
2009,BIHAR,PATNA,430.0,67.0,351.0,281.0,481.0,3985.0,5.0
2009,BIHAR,PATNA RLY.,34.0,17.0,17.0,27.0,17.0,698.0,2.0
2009,BIHAR,PURNEA,218.0,84.0,69.0,43.0,191.0,436.0,5.0
2009,BIHAR,ROHTAS,173.0,56.0,83.0,98.0,220.0,759.0,5.0
2009,BIHAR,SAHARSA,180.0,64.0,55.0,89.0,293.0,306.0,5.0
2009,BIHAR,SAMASTIPUR,337.0,47.0,130.0,54.0,282.0,540.0,5.0
2009,BIHAR,SARAN,296.0,31.0,91.0,93.0,336.0,841.0,5.0
2009,BIHAR,SHEIKHPURA,16.0,6.0,10.0,11.0,85.0,153.0,2.0
2009,BIHAR,SHEOHAR,37.0,10.0,25.0,4.0,46.0,90.0,2.0
2009,BIHAR,SITAMARHI,93.0,28.0,104.0,75.0,138.0,531.0,4.0
2009,BIHAR,SIWAN,138.0,20.0,89.0,43.0,182.0,355.0,5.0
2009,BIHAR,SUPAUL,198.0,47.0,42.0,44.0,190.0,206.0,4.0
2009,BIHAR,VAISHALI,171.0,73.0,208.0,67.0,418.0,820.0,5.0
2009,CHHATTISGARH,BALRAMPUR,60.0,83.0,10.0,20.0,29.0,105.0,2.0
2009,CHHATTISGARH,BILASPUR,149.0,234.0,45.0,73.0,229.0,1497.0,5.0
2009,CHHATTISGARH,BIZAPUR,164.0,11.0,4.0,11.0,24.0,17.0,2.0
2009,CHHATTISGARH,DANTEWARA,136.0,28.0,10.0,36.0,40.0,104.0,3.0
2009,CHHATTISGARH,DHAMTARI,31.0,88.0,7.0,15.0,33.0,282.0,2.0
2009,CHHATTISGARH,DURG,132.0,332.0,19.0,71.0,116.0,1413.0,5.0
2009,CHHATTISGARH,GRP RAIPUR,9.0,1.0,1.0,5.0,2.0,278.0,1.0
2009,CHHATTISGARH,JAGDALPUR,117.0,96.0,19.0,28.0,41.0,337.0,3.0
2009,CHHATTISGARH,JANJGIR,81.0,122.0,13.0,23.0,125.0,534.0,3.0
2009,CHHATTISGARH,JASHPUR,77.0,121.0,26.0,33.0,27.0,232.0,3.0
2009,CHHATTISGARH,KABIRDHAM,39.0,75.0,2.0,8.0,50.0,191.0,2.0
2009,CHHATTISGARH,KANKER,72.0,50.0,11.0,21.0,37.0,113.0,2.0
2009,CHHATTISGARH,KORBA,71.0,117.0,6.0,41.0,60.0,467.0,3.0
2009,CHHATTISGARH,KORIYA,44.0,153.0,8.0,10.0,28.0,315.0,2.0
2009,CHHATTISGARH,MAHASAMUND,28.0,88.0,6.0,7.0,34.0,341.0,2.0
2009,CHHATTISGARH,NARAYANPUR,68.0,5.0,0.0,6.0,8.0,7.0,1.0
2009,CHHATTISGARH,RAIGARH,106.0,116.0,18.0,61.0,81.0,698.0,4.0
2009,CHHATTISGARH,RAIPUR,196.0,405.0,42.0,128.0,207.0,2673.0,5.0
2009,CHHATTISGARH,RAJNANDGAON,92.0,125.0,13.0,35.0,54.0,480.0,3.0
2009,CHHATTISGARH,SARGUJA,87.0,167.0,15.0,28.0,41.0,291.0,3.0
2009,CHHATTISGARH,SURAJPUR,75.0,157.0,11.0,28.0,26.0,240.0,3.0
2009,GOA,NORTH GOA,50.0,48.0,17.0,22.0,41.0,707.0,2.0
2009,GOA,SOUTH GOA,38.0,36.0,16.0,12.0,33.0,629.0,2.0
2009,GUJARAT,AHMEDABAD COMMR.,140.0,137.0,181.0,860.0,184.0,7463.0,5.0
2009,GUJARAT,AHWA-DANG,6.0,5.0,0.0,0.0,4.0,9.0,1.0
2009,GUJARAT,AMRELI,37.0,29.0,52.0,14.0,70.0,395.0,3.0
2009,GUJARAT,ANAND,41.0,42.0,43.0,16.0,33.0,578.0,2.0
2009,GUJARAT,BHARUCH,45.0,40.0,28.0,29.0,71.0,641.0,2.0
2009,GUJARAT,BHAVNAGAR,67.0,50.0,71.0,33.0,110.0,1011.0,3.0
2009,GUJARAT,DAHOD,71.0,32.0,40.0,64.0,57.0,274.0,3.0
2009,GUJARAT,GANDHINAGAR,36.0,17.0,30.0,33.0,36.0,796.0,2.0
2009,GUJARAT,HIMATNAGAR,50.0,38.0,36.0,22.0,62.0,383.0,2.0
2009,GUJARAT,JAMNAGAR,51.0,35.0,24.0,12.0,74.0,557.0,2.0
2009,GUJARAT,JUNAGADH,76.0,62.0,69.0,51.0,111.0,996.0,4.0
2009,GUJARAT,KHEDA NORTH,35.0,42.0,34.0,25.0,56.0,446.0,2.0
2009,GUJARAT,KUTCH,55.0,37.0,39.0,17.0,62.0,647.0,2.0
2009,GUJARAT,MEHSANA,50.0,33.0,55.0,30.0,61.0,827.0,3.0
2009,GUJARAT,NARMADA,17.0,12.0,3.0,3.0,10.0,59.0,1.0
2009,GUJARAT,NAVSARI,23.0,4.0,1.0,9.0,10.0,140.0,1.0
2009,GUJARAT,PALANPUR,54.0,81.0,89.0,52.0,87.0,745.0,4.0
2009,GUJARAT,PANCHMAHAL,51.0,42.0,52.0,32.0,65.0,454.0,3.0
2009,GUJARAT,PATAN,33.0,62.0,21.0,27.0,46.0,440.0,2.0
2009,GUJARAT,PORBANDAR,18.0,5.0,18.0,4.0,13.0,145.0,1.0
2009,GUJARAT,RAJKOT COMMR.,62.0,27.0,47.0,50.0,78.0,1479.0,3.0
2009,GUJARAT,SURAT COMMR.,118.0,62.0,119.0,100.0,88.0,2860.0,5.0
2009,GUJARAT,SURENDRANAGAR,51.0,57.0,58.0,17.0,50.0,372.0,3.0
2009,GUJARAT,TAPI,15.0,7.0,4.0,5.0,6.0,83.0,1.0
2009,GUJARAT,VADODARA COMMR.,49.0,23.0,33.0,26.0,136.0,1826.0,3.0
2009,GUJARAT,VALSAD,24.0,15.0,12.0,12.0,14.0,439.0,1.0
2009,GUJARAT,W.RLY,17.0,6.0,1.0,13.0,7.0,610.0,1.0
2009,HARYANA,AMBALA,54.0,46.0,20.0,26.0,10.0,793.0,2.0
2009,HARYANA,BHIWANI,94.0,74.0,74.0,28.0,188.0,742.0,4.0
2009,HARYANA,FARIDABAD,115.0,61.0,86.0,28.0,133.0,1570.0,4.0
2009,HARYANA,FATEHABAD,50.0,19.0,47.0,8.0,21.0,418.0,2.0
2009,HARYANA,GRP,33.0,5.0,3.0,23.0,10.0,479.0,1.0
2009,HARYANA,GURGAON,125.0,50.0,59.0,143.0,103.0,3357.0,5.0
2009,HARYANA,HISSAR,120.0,60.0,42.0,50.0,52.0,933.0,4.0
2009,HARYANA,JHAJJAR,110.0,40.0,27.0,37.0,67.0,558.0,3.0
2009,HARYANA,JIND,87.0,68.0,46.0,36.0,125.0,827.0,4.0
2009,HARYANA,KAITHAL,43.0,44.0,19.0,26.0,2.0,505.0,2.0
2009,HARYANA,KARNAL,75.0,80.0,51.0,33.0,62.0,1074.0,4.0
2009,HARYANA,KURUKSHETRA,50.0,63.0,57.0,47.0,7.0,918.0,3.0
2009,HARYANA,MAHENDRAGARH,38.0,23.0,21.0,18.0,82.0,327.0,2.0
2009,HARYANA,MEWAT,43.0,27.0,24.0,27.0,92.0,378.0,3.0
2009,HARYANA,PALWAL,83.0,56.0,35.0,31.0,142.0,690.0,4.0
2009,HARYANA,PANCHKULA,21.0,30.0,17.0,31.0,2.0,649.0,2.0
2009,HARYANA,PANIPAT,103.0,71.0,51.0,34.0,42.0,1016.0,4.0
2009,HARYANA,REWARI,60.0,38.0,36.0,31.0,43.0,573.0,3.0
2009,HARYANA,ROHTAK,132.0,66.0,43.0,54.0,72.0,1022.0,4.0
2009,HARYANA,SIRSA,56.0,34.0,43.0,15.0,34.0,495.0,3.0
2009,HARYANA,SONIPAT,156.0,53.0,57.0,81.0,22.0,1158.0,4.0
2009,HARYANA,YAMUNANAGAR,68.0,46.0,58.0,25.0,8.0,745.0,3.0
2009,HIMACHAL PRADESH,BADDIPOLICEDIST,11.0,7.0,3.0,3.0,29.0,64.0,1.0
2009,HIMACHAL PRADESH,BILASPUR,16.0,42.0,6.0,2.0,48.0,112.0,2.0
2009,HIMACHAL PRADESH,CHAMBA,14.0,49.0,16.0,1.0,34.0,124.0,2.0
2009,HIMACHAL PRADESH,CID,0.0,0.0,0.0,0.0,0.0,1.0,1.0
2009,HIMACHAL PRADESH,G.R.P.,2.0,0.0,0.0,0.0,2.0,3.0,1.0
2009,HIMACHAL PRADESH,HAMIRPUR,11.0,31.0,16.0,1.0,43.0,111.0,1.0
2009,HIMACHAL PRADESH,KANGRA,48.0,72.0,24.0,1.0,119.0,358.0,3.0
2009,HIMACHAL PRADESH,KINNAUR,3.0,9.0,2.0,0.0,9.0,23.0,1.0
2009,HIMACHAL PRADESH,KULLU,14.0,47.0,12.0,3.0,34.0,129.0,2.0
2009,HIMACHAL PRADESH,LAHAUL-SPITI,1.0,1.0,0.0,0.0,2.0,4.0,1.0
2009,HIMACHAL PRADESH,MANDI,17.0,81.0,14.0,3.0,98.0,178.0,2.0
2009,HIMACHAL PRADESH,SHIMLA,32.0,60.0,28.0,0.0,127.0,373.0,3.0
2009,HIMACHAL PRADESH,SIRMAUR,12.0,49.0,10.0,5.0,72.0,171.0,2.0
2009,HIMACHAL PRADESH,SOLAN,11.0,21.0,9.0,2.0,51.0,172.0,1.0
2009,HIMACHAL PRADESH,UNA,19.0,32.0,10.0,4.0,47.0,165.0,2.0
2009,JAMMU & KASHMIR,ANANTNAG,25.0,92.0,81.0,7.0,149.0,355.0,3.0
2009,JAMMU & KASHMIR,AWANTIPORA,8.0,22.0,11.0,4.0,21.0,77.0,1.0
2009,JAMMU & KASHMIR,BANDIPORA,9.0,70.0,54.0,3.0,57.0,101.0,2.0
2009,JAMMU & KASHMIR,BARAMULLA,74.0,141.0,86.0,7.0,176.0,428.0,4.0
2009,JAMMU & KASHMIR,BUDGAM,33.0,115.0,76.0,11.0,191.0,380.0,4.0
2009,JAMMU & KASHMIR,CRIME JAMMU,1.0,0.0,0.0,0.0,0.0,16.0,1.0
2009,JAMMU & KASHMIR,CRIME SRINAGAR,0.0,0.0,0.0,0.0,0.0,31.0,1.0
2009,JAMMU & KASHMIR,DODA,62.0,39.0,39.0,1.0,21.0,92.0,2.0
2009,JAMMU & KASHMIR,GANDERBAL,5.0,52.0,26.0,1.0,55.0,102.0,2.0
2009,JAMMU & KASHMIR,HANDWARA,28.0,51.0,17.0,0.0,23.0,75.0,1.0
2009,JAMMU & KASHMIR,JAMMU,98.0,58.0,69.0,6.0,107.0,1010.0,4.0
2009,JAMMU & KASHMIR,KARGIL,0.0,2.0,1.0,0.0,4.0,15.0,1.0
2009,JAMMU & KASHMIR,KATHUA,29.0,25.0,25.0,0.0,49.0,113.0,2.0
2009,JAMMU & KASHMIR,KISHTWAR,37.0,6.0,23.0,0.0,4.0,58.0,1.0
2009,JAMMU & KASHMIR,KULGAM,18.0,82.0,52.0,5.0,93.0,155.0,2.0
2009,JAMMU & KASHMIR,KUPWARA,47.0,26.0,24.0,1.0,55.0,95.0,2.0
2009,JAMMU & KASHMIR,LEH,5.0,5.0,1.0,1.0,2.0,28.0,1.0
2009,JAMMU & KASHMIR,POONCH,51.0,41.0,21.0,0.0,107.0,80.0,2.0
2009,JAMMU & KASHMIR,PULWAMA,12.0,23.0,32.0,2.0,87.0,122.0,2.0
2009,JAMMU & KASHMIR,RAJOURI,37.0,47.0,35.0,0.0,42.0,131.0,2.0
2009,JAMMU & KASHMIR,RAMBAN,17.0,20.0,15.0,0.0,27.0,46.0,1.0
2009,JAMMU & KASHMIR,REASI,40.0,19.0,14.0,0.0,14.0,76.0,1.0
2009,JAMMU & KASHMIR,SAMBA,15.0,10.0,8.0,0.0,20.0,88.0,1.0
2009,JAMMU & KASHMIR,SHOPIAN,30.0,53.0,41.0,6.0,81.0,140.0,2.0
2009,JAMMU & KASHMIR,SRINAGAR,95.0,186.0,113.0,14.0,287.0,879.0,5.0
2009,JAMMU & KASHMIR,UDHAMPUR,29.0,22.0,9.0,1.0,17.0,95.0,1.0
2009,JHARKHAND,BOKARO,77.0,20.0,37.0,49.0,100.0,794.0,3.0
2009,JHARKHAND,CHAIBASA,162.0,57.0,13.0,34.0,24.0,181.0,3.0
2009,JHARKHAND,CHATRA,82.0,16.0,21.0,22.0,86.0,115.0,3.0
2009,JHARKHAND,DEOGHAR,109.0,49.0,29.0,56.0,130.0,444.0,4.0
2009,JHARKHAND,DHANBAD,113.0,60.0,81.0,122.0,209.0,1394.0,5.0
2009,JHARKHAND,DHANBAD RLY.,7.0,3.0,3.0,25.0,6.0,165.0,1.0
2009,JHARKHAND,DUMKA,87.0,63.0,34.0,32.0,92.0,284.0,4.0
2009,JHARKHAND,GARHWA,80.0,38.0,37.0,37.0,209.0,188.0,4.0
2009,JHARKHAND,GIRIDIH,119.0,65.0,36.0,62.0,274.0,431.0,5.0
2009,JHARKHAND,GODDA,107.0,44.0,36.0,25.0,126.0,222.0,4.0
2009,JHARKHAND,GUMLA,215.0,46.0,36.0,49.0,69.0,151.0,4.0
2009,JHARKHAND,HAZARIBAGH,158.0,42.0,53.0,45.0,205.0,547.0,5.0
2009,JHARKHAND,JAMSHEDPUR,340.0,79.0,64.0,97.0,102.0,1636.0,5.0
2009,JHARKHAND,JAMSHEDPUR RLY.,7.0,2.0,3.0,15.0,0.0,185.0,1.0
2009,JHARKHAND,JAMTARA,48.0,35.0,12.0,13.0,34.0,105.0,2.0
2009,JHARKHAND,KHUNTI,79.0,6.0,15.0,17.0,30.0,50.0,2.0
2009,JHARKHAND,KODERMA,34.0,14.0,14.0,18.0,103.0,240.0,2.0
2009,JHARKHAND,LATEHAR,66.0,17.0,22.0,38.0,41.0,83.0,2.0
2009,JHARKHAND,LOHARDAGGA,45.0,25.0,10.0,30.0,18.0,97.0,2.0
2009,JHARKHAND,PAKUR,83.0,58.0,18.0,3.0,82.0,90.0,3.0
2009,JHARKHAND,PALAMU,229.0,55.0,61.0,80.0,238.0,307.0,5.0
2009,JHARKHAND,RAMGARH,34.0,21.0,19.0,36.0,53.0,319.0,2.0
2009,JHARKHAND,RANCHI,429.0,75.0,113.0,221.0,189.0,1985.0,5.0
2009,JHARKHAND,SAHEBGANJ,125.0,61.0,35.0,16.0,57.0,175.0,3.0
2009,JHARKHAND,SARAIKELA,98.0,24.0,15.0,33.0,25.0,264.0,2.0
2009,JHARKHAND,SIMDEGA,81.0,20.0,10.0,17.0,13.0,39.0,2.0
2009,KARNATAKA,BAGALKOT,78.0,67.0,18.0,9.0,150.0,293.0,3.0
2009,KARNATAKA,BANGALORE COMMR.,595.0,316.0,270.0,784.0,345.0,16543.0,5.0
2009,KARNATAKA,BELGAUM,200.0,259.0,60.0,92.0,508.0,1143.0,5.0
2009,KARNATAKA,BELLARY,90.0,77.0,25.0,26.0,174.0,552.0,3.0
2009,KARNATAKA,BIDAR,65.0,50.0,14.0,25.0,124.0,338.0,3.0
2009,KARNATAKA,BIJAPUR,130.0,92.0,28.0,21.0,302.0,386.0,4.0
2009,KARNATAKA,CBPURA,94.0,54.0,24.0,18.0,158.0,387.0,3.0
2009,KARNATAKA,CHAMARAJNAGAR,42.0,63.0,8.0,8.0,95.0,250.0,2.0
2009,KARNATAKA,CHICKMAGALUR,70.0,77.0,16.0,18.0,143.0,389.0,3.0
2009,KARNATAKA,CHITRADURGA,73.0,128.0,24.0,28.0,252.0,392.0,4.0
2009,KARNATAKA,DAKSHIN KANNADA,125.0,75.0,15.0,40.0,253.0,716.0,4.0
2009,KARNATAKA,DAVANAGERE,54.0,106.0,17.0,34.0,278.0,578.0,4.0
2009,KARNATAKA,DHARWAD COMMR.,42.0,18.0,14.0,57.0,110.0,667.0,3.0
2009,KARNATAKA,GADAG,33.0,48.0,9.0,8.0,103.0,151.0,2.0
2009,KARNATAKA,GULBARGA,250.0,100.0,49.0,86.0,605.0,666.0,5.0
2009,KARNATAKA,HASSAN,109.0,97.0,22.0,77.0,161.0,695.0,4.0
2009,KARNATAKA,HAVERI,50.0,55.0,14.0,24.0,212.0,260.0,3.0
2009,KARNATAKA,K.G.F.,23.0,19.0,14.0,5.0,62.0,161.0,2.0
2009,KARNATAKA,KODAGU,57.0,38.0,13.0,11.0,44.0,232.0,2.0
2009,KARNATAKA,KOLAR,58.0,27.0,15.0,20.0,166.0,324.0,3.0
2009,KARNATAKA,KOPPAL,52.0,46.0,13.0,13.0,111.0,238.0,2.0
2009,KARNATAKA,MANDYA,149.0,101.0,27.0,57.0,326.0,853.0,5.0
2009,KARNATAKA,MYSORE COMMR.,77.0,36.0,21.0,136.0,150.0,1011.0,4.0
2009,KARNATAKA,RAICHUR,81.0,106.0,18.0,9.0,231.0,277.0,4.0
2009,KARNATAKA,RAMANAGAR,131.0,82.0,21.0,56.0,260.0,797.0,4.0
2009,KARNATAKA,SHIMOGA,113.0,152.0,38.0,83.0,361.0,771.0,5.0
2009,KARNATAKA,TUMKUR,146.0,104.0,23.0,76.0,195.0,910.0,4.0
2009,KARNATAKA,UDUPI,41.0,31.0,3.0,48.0,110.0,278.0,2.0
2009,KARNATAKA,UTTAR KANNADA,45.0,63.0,10.0,35.0,100.0,181.0,2.0
2009,KERALA,ALAPUZHA,61.0,200.0,14.0,43.0,423.0,769.0,5.0
2009,KERALA,ERNAKULAM COMMR.,25.0,69.0,11.0,33.0,98.0,673.0,2.0
2009,KERALA,IDUKKI,36.0,153.0,3.0,17.0,223.0,538.0,3.0
2009,KERALA,KANNUR,52.0,168.0,10.0,113.0,1129.0,482.0,5.0
2009,KERALA,KASARGOD,59.0,124.0,8.0,32.0,688.0,486.0,5.0
2009,KERALA,KOLLAM,78.0,350.0,21.0,43.0,715.0,876.0,5.0
2009,KERALA,KOTTAYAM,39.0,190.0,14.0,55.0,389.0,1052.0,4.0
2009,KERALA,KOZHIKODE COMMR.,16.0,84.0,8.0,117.0,350.0,671.0,4.0
2009,KERALA,MALAPPURAM,61.0,176.0,17.0,61.0,542.0,855.0,5.0
2009,KERALA,PALAKKAD,67.0,154.0,13.0,40.0,481.0,741.0,5.0
2009,KERALA,PATHANAMTHITTA,33.0,180.0,11.0,29.0,348.0,488.0,4.0
2009,KERALA,THRISSUR,85.0,185.0,19.0,82.0,736.0,1036.0,5.0
2009,KERALA,TRIVANDRUM COMMR.,45.0,215.0,18.0,99.0,552.0,1247.0,5.0
2009,KERALA,WAYANADU,17.0,84.0,7.0,6.0,170.0,276.0,3.0
2009,MADHYA PRADESH,ALIRAJPUR,110.0,53.0,10.0,14.0,41.0,103.0,3.0
2009,MADHYA PRADESH,ANUPPUR,35.0,100.0,7.0,22.0,30.0,189.0,2.0
2009,MADHYA PRADESH,ASHOK NAGAR,56.0,117.0,6.0,8.0,24.0,228.0,2.0
2009,MADHYA PRADESH,BALAGHAT,83.0,158.0,8.0,16.0,27.0,277.0,3.0
2009,MADHYA PRADESH,BARWANI,48.0,84.0,5.0,17.0,16.0,232.0,2.0
2009,MADHYA PRADESH,BETUL,99.0,285.0,30.0,29.0,41.0,395.0,4.0
2009,MADHYA PRADESH,BHIND,160.0,80.0,32.0,83.0,76.0,392.0,4.0
2009,MADHYA PRADESH,BHOPAL,160.0,396.0,77.0,190.0,153.0,4262.0,5.0
2009,MADHYA PRADESH,BHOPAL RLY.,8.0,15.0,3.0,32.0,4.0,1035.0,1.0
2009,MADHYA PRADESH,BURHANPUR,27.0,61.0,3.0,5.0,9.0,169.0,1.0
2009,MADHYA PRADESH,CHHATARPUR,145.0,242.0,20.0,80.0,95.0,688.0,4.0
2009,MADHYA PRADESH,CHHINDWARA,97.0,390.0,32.0,21.0,96.0,597.0,4.0
2009,MADHYA PRADESH,DAMOH,106.0,186.0,18.0,47.0,35.0,405.0,3.0
2009,MADHYA PRADESH,DATIYA,87.0,89.0,24.0,41.0,39.0,304.0,3.0
2009,MADHYA PRADESH,DEWAS,86.0,213.0,11.0,29.0,69.0,704.0,3.0
2009,MADHYA PRADESH,DHAR,156.0,266.0,34.0,49.0,127.0,781.0,5.0
2009,MADHYA PRADESH,DINDORI,26.0,83.0,2.0,1.0,7.0,59.0,2.0
2009,MADHYA PRADESH,GUNA,66.0,178.0,9.0,25.0,67.0,358.0,3.0
2009,MADHYA PRADESH,GWALIOR,255.0,256.0,85.0,253.0,170.0,2955.0,5.0
2009,MADHYA PRADESH,HARDA,23.0,55.0,7.0,6.0,9.0,229.0,1.0
2009,MADHYA PRADESH,HOSHANGABAD,93.0,173.0,23.0,45.0,41.0,582.0,3.0
2009,MADHYA PRADESH,INDORE,343.0,501.0,36.0,325.0,149.0,5134.0,5.0
2009,MADHYA PRADESH,INDORE RLY.,5.0,1.0,1.0,3.0,0.0,218.0,1.0
2009,MADHYA PRADESH,JABALPUR,184.0,350.0,44.0,97.0,101.0,1664.0,5.0
2009,MADHYA PRADESH,JABALPUR RLY.,2.0,7.0,1.0,8.0,2.0,411.0,1.0
2009,MADHYA PRADESH,JHABUA,37.0,72.0,18.0,25.0,22.0,183.0,2.0
2009,MADHYA PRADESH,KATNI,59.0,165.0,13.0,19.0,20.0,357.0,3.0
2009,MADHYA PRADESH,KHANDWA,69.0,219.0,13.0,28.0,48.0,517.0,3.0
2009,MADHYA PRADESH,KHARGON,99.0,187.0,5.0,26.0,57.0,706.0,3.0
2009,MADHYA PRADESH,MANDLA,37.0,101.0,9.0,7.0,10.0,150.0,2.0
2009,MADHYA PRADESH,MANDSAUR,67.0,170.0,30.0,33.0,70.0,528.0,3.0
2009,MADHYA PRADESH,MORENA,144.0,114.0,40.0,57.0,120.0,543.0,4.0
2009,MADHYA PRADESH,NARSINGHPUR,79.0,153.0,5.0,11.0,45.0,311.0,3.0
2009,MADHYA PRADESH,NEEMUCH,30.0,86.0,16.0,20.0,58.0,495.0,2.0
2009,MADHYA PRADESH,PANNA,53.0,107.0,6.0,29.0,22.0,267.0,2.0
2009,MADHYA PRADESH,RAISEN,103.0,258.0,10.0,26.0,48.0,400.0,4.0
2009,MADHYA PRADESH,RAJGARH,80.0,221.0,33.0,36.0,136.0,513.0,4.0
2009,MADHYA PRADESH,RATLAM,76.0,178.0,19.0,47.0,66.0,535.0,3.0
2009,MADHYA PRADESH,REWA,107.0,192.0,30.0,47.0,69.0,942.0,4.0
2009,MADHYA PRADESH,SAGAR,198.0,488.0,44.0,57.0,129.0,971.0,5.0
2009,MADHYA PRADESH,SATNA,111.0,339.0,23.0,75.0,61.0,904.0,5.0
2009,MADHYA PRADESH,SEONI,67.0,146.0,12.0,22.0,66.0,303.0,3.0
2009,MADHYA PRADESH,SHAHDOL,40.0,155.0,11.0,24.0,27.0,458.0,2.0
2009,MADHYA PRADESH,SHAJAPUR,75.0,217.0,18.0,34.0,64.0,633.0,3.0
2009,MADHYA PRADESH,SHEOPUR,34.0,32.0,7.0,17.0,44.0,114.0,2.0
2009,MADHYA PRADESH,SHIVPURI,106.0,179.0,32.0,64.0,83.0,443.0,4.0
2009,MADHYA PRADESH,SIDHI,31.0,104.0,14.0,12.0,11.0,278.0,2.0
2009,MADHYA PRADESH,SIHORE,89.0,151.0,25.0,21.0,45.0,510.0,3.0
2009,MADHYA PRADESH,SINGRAULI,55.0,137.0,16.0,23.0,55.0,279.0,3.0
2009,MADHYA PRADESH,TIKAMGARH,88.0,203.0,13.0,30.0,59.0,316.0,3.0
2009,MADHYA PRADESH,UJJAIN,201.0,213.0,27.0,109.0,199.0,1519.0,5.0
2009,MADHYA PRADESH,UMARIYA,24.0,83.0,4.0,9.0,15.0,149.0,2.0
2009,MADHYA PRADESH,VIDISHA,96.0,296.0,15.0,33.0,73.0,631.0,4.0
2009,MAHARASHTRA,AHMEDNAGAR,159.0,161.0,42.0,198.0,531.0,2137.0,5.0
2009,MAHARASHTRA,AKOLA,118.0,118.0,33.0,87.0,191.0,1359.0,4.0
2009,MAHARASHTRA,AMRAVATI COMMR.,42.0,45.0,23.0,44.0,101.0,1003.0,3.0
2009,MAHARASHTRA,AURANGABAD COMMR.,85.0,83.0,28.0,108.0,167.0,1599.0,4.0
2009,MAHARASHTRA,BEED,134.0,105.0,36.0,141.0,537.0,946.0,5.0
2009,MAHARASHTRA,BHANDARA,34.0,48.0,12.0,17.0,60.0,770.0,2.0
2009,MAHARASHTRA,BULDHANA,112.0,155.0,29.0,55.0,255.0,1171.0,4.0
2009,MAHARASHTRA,CHANDRAPUR,85.0,176.0,19.0,27.0,167.0,1088.0,4.0
2009,MAHARASHTRA,DHULE,82.0,46.0,13.0,38.0,186.0,647.0,3.0
2009,MAHARASHTRA,GADCHIROLI,115.0,35.0,14.0,24.0,95.0,259.0,3.0
2009,MAHARASHTRA,GONDIA,67.0,100.0,20.0,13.0,62.0,524.0,3.0
2009,MAHARASHTRA,HINGOLI,85.0,37.0,16.0,50.0,136.0,341.0,3.0
2009,MAHARASHTRA,JALGAON,128.0,139.0,25.0,84.0,304.0,1278.0,5.0
2009,MAHARASHTRA,JALNA,94.0,76.0,20.0,81.0,209.0,702.0,4.0
2009,MAHARASHTRA,KOLHAPUR,83.0,96.0,22.0,66.0,237.0,1424.0,4.0
2009,MAHARASHTRA,LATUR,107.0,82.0,28.0,47.0,219.0,731.0,4.0
2009,MAHARASHTRA,MUMBAI COMMR.,383.0,582.0,149.0,355.0,319.0,17421.0,5.0
2009,MAHARASHTRA,MUMBAI RLY.,10.0,16.0,3.0,41.0,6.0,2127.0,1.0
2009,MAHARASHTRA,NAGPUR COMMR.,169.0,105.0,73.0,335.0,225.0,2827.0,5.0
2009,MAHARASHTRA,NAGPUR RLY.,7.0,8.0,1.0,31.0,6.0,953.0,1.0
2009,MAHARASHTRA,NANDED,179.0,96.0,40.0,122.0,340.0,942.0,5.0
2009,MAHARASHTRA,NANDURBAR,57.0,56.0,13.0,12.0,111.0,306.0,3.0
2009,MAHARASHTRA,NASIK COMMR.,71.0,73.0,24.0,101.0,159.0,2520.0,4.0
2009,MAHARASHTRA,NAVI MUMBAI,90.0,55.0,20.0,139.0,142.0,2619.0,4.0
2009,MAHARASHTRA,OSMANABAD,56.0,84.0,19.0,62.0,181.0,539.0,4.0
2009,MAHARASHTRA,PARBHANI,83.0,79.0,24.0,43.0,158.0,678.0,4.0
2009,MAHARASHTRA,PUNE COMMR.,248.0,167.0,105.0,549.0,487.0,7175.0,5.0
2009,MAHARASHTRA,PUNE RLY.,6.0,1.0,2.0,32.0,4.0,451.0,1.0
2009,MAHARASHTRA,RAIGAD,62.0,47.0,4.0,17.0,111.0,571.0,3.0
2009,MAHARASHTRA,RATNAGIRI,28.0,50.0,12.0,17.0,118.0,393.0,2.0
2009,MAHARASHTRA,SANGLI,99.0,82.0,22.0,32.0,212.0,941.0,4.0
2009,MAHARASHTRA,SATARA,92.0,83.0,22.0,147.0,234.0,1643.0,4.0
2009,MAHARASHTRA,SINDHUDURG,17.0,20.0,4.0,9.0,61.0,297.0,2.0
2009,MAHARASHTRA,SOLAPUR COMMR.,37.0,32.0,7.0,33.0,50.0,592.0,2.0
2009,MAHARASHTRA,THANE COMMR.,198.0,214.0,87.0,186.0,328.0,4938.0,5.0
2009,MAHARASHTRA,WARDHA,61.0,125.0,18.0,44.0,170.0,1117.0,4.0
2009,MAHARASHTRA,WASHIM,44.0,86.0,13.0,51.0,108.0,569.0,3.0
2009,MAHARASHTRA,YAVATMAL,135.0,168.0,28.0,60.0,140.0,1246.0,4.0
2009,MANIPUR,BISHNUPUR,51.0,12.0,7.0,0.0,15.0,34.0,1.0
2009,MANIPUR,CHANDEL,37.0,0.0,0.0,0.0,4.0,8.0,1.0
2009,MANIPUR,CHURACHANDPUR,25.0,4.0,4.0,0.0,2.0,17.0,1.0
2009,MANIPUR,CID,0.0,0.0,0.0,0.0,0.0,1.0,1.0
2009,MANIPUR,IMPHAL EAST,136.0,19.0,56.0,1.0,36.0,97.0,3.0
2009,MANIPUR,IMPHAL WEST,188.0,17.0,52.0,2.0,33.0,316.0,4.0
2009,MANIPUR,SENAPATI,34.0,2.0,6.0,0.0,3.0,24.0,1.0
2009,MANIPUR,TAMENGLONG,10.0,0.0,0.0,0.0,3.0,4.0,1.0
2009,MANIPUR,THOUBAL,105.0,15.0,32.0,1.0,26.0,67.0,2.0
2009,MANIPUR,UKHRUL,25.0,1.0,2.0,0.0,7.0,10.0,1.0
2009,MEGHALAYA,GARO HILLS EAST,16.0,9.0,3.0,27.0,6.0,47.0,1.0
2009,MEGHALAYA,GARO HILLS SOUTH,5.0,2.0,3.0,5.0,0.0,16.0,1.0
2009,MEGHALAYA,GARO HILLS WEST,30.0,30.0,16.0,25.0,23.0,189.0,2.0
2009,MEGHALAYA,JAINTIA HILLS,46.0,32.0,8.0,5.0,11.0,103.0,2.0
2009,MEGHALAYA,KHASI HILLS EAST,39.0,60.0,17.0,44.0,14.0,367.0,2.0
2009,MEGHALAYA,KHASI HILLS WEST,24.0,24.0,2.0,15.0,11.0,52.0,1.0
2009,MEGHALAYA,RI-BHOI,19.0,27.0,7.0,10.0,7.0,57.0,1.0
2009,MIZORAM,AIZAWL,27.0,56.0,7.0,2.0,4.0,671.0,1.0
2009,MIZORAM,CHAMPHAI,8.0,19.0,0.0,0.0,0.0,113.0,1.0
2009,MIZORAM,KOLASIB,4.0,16.0,0.0,0.0,5.0,113.0,1.0
2009,MIZORAM,LAWNGTLAI,6.0,5.0,0.0,0.0,0.0,69.0,1.0
2009,MIZORAM,LUNGLEI,1.0,20.0,1.0,1.0,2.0,131.0,1.0
2009,MIZORAM,MAMIT,1.0,13.0,1.0,3.0,11.0,54.0,1.0
2009,MIZORAM,SAIHA,4.0,3.0,0.0,0.0,1.0,42.0,1.0
2009,MIZORAM,SERCHHIP,2.0,12.0,0.0,0.0,2.0,40.0,1.0
2009,NAGALAND,DIMAPUR,26.0,14.0,33.0,75.0,3.0,253.0,2.0
2009,NAGALAND,KIPHIRE,0.0,0.0,2.0,0.0,0.0,4.0,1.0
2009,NAGALAND,KOHIMA,13.0,6.0,12.0,11.0,0.0,83.0,1.0
2009,NAGALAND,LONGLENG,1.0,0.0,0.0,0.0,1.0,3.0,1.0
2009,NAGALAND,MOKOKCHUNG,9.0,0.0,1.0,2.0,1.0,33.0,1.0
2009,NAGALAND,MON,7.0,0.0,0.0,4.0,0.0,20.0,1.0
2009,NAGALAND,PEREN,10.0,3.0,1.0,0.0,0.0,15.0,1.0
2009,NAGALAND,PHEK,10.0,1.0,0.0,1.0,0.0,13.0,1.0
2009,NAGALAND,TUENSANG,1.0,2.0,1.0,3.0,0.0,2.0,1.0
2009,NAGALAND,WOKHA,9.0,4.0,0.0,3.0,3.0,22.0,1.0
2009,NAGALAND,ZUNHEBOTO,2.0,3.0,2.0,1.0,0.0,20.0,1.0
2009,ODISHA,ANGUL,128.0,283.0,36.0,80.0,133.0,576.0,4.0
2009,ODISHA,BALASORE,78.0,170.0,62.0,64.0,72.0,645.0,4.0
2009,ODISHA,BARAGARH,101.0,111.0,10.0,57.0,96.0,267.0,3.0
2009,ODISHA,BERHAMPUR,64.0,148.0,20.0,62.0,44.0,268.0,3.0
2009,ODISHA,BHADRAK,69.0,154.0,42.0,14.0,53.0,275.0,3.0
2009,ODISHA,BOLANGIR,97.0,193.0,33.0,44.0,109.0,258.0,4.0
2009,ODISHA,BOUDH,25.0,34.0,1.0,6.0,24.0,49.0,1.0
2009,ODISHA,CUTTACK,34.0,49.0,48.0,68.0,66.0,305.0,3.0
2009,ODISHA,DCP BBSR,71.0,82.0,27.0,108.0,66.0,1381.0,4.0
2009,ODISHA,DCP CTC,46.0,45.0,22.0,74.0,39.0,775.0,3.0
2009,ODISHA,DEOGARH,21.0,67.0,8.0,15.0,13.0,61.0,1.0
2009,ODISHA,DHENKANAL,79.0,182.0,24.0,60.0,107.0,309.0,3.0
2009,ODISHA,GAJAPATI,35.0,58.0,8.0,7.0,96.0,68.0,2.0
2009,ODISHA,GANJAM,207.0,283.0,28.0,77.0,113.0,324.0,4.0
2009,ODISHA,JAGATSINGHPUR,41.0,42.0,26.0,45.0,32.0,269.0,3.0
2009,ODISHA,JAJPUR,86.0,118.0,54.0,55.0,59.0,416.0,4.0
2009,ODISHA,JHARSUGUDA,52.0,48.0,6.0,58.0,70.0,358.0,2.0
2009,ODISHA,KALAHANDI,45.0,105.0,24.0,34.0,60.0,181.0,3.0
2009,ODISHA,KANDHAMAL,44.0,90.0,17.0,12.0,66.0,203.0,2.0
2009,ODISHA,KENDRAPARA,30.0,33.0,36.0,45.0,31.0,197.0,3.0
2009,ODISHA,KEONJHAR,228.0,248.0,49.0,148.0,98.0,451.0,5.0
2009,ODISHA,KHURDA,61.0,40.0,38.0,55.0,22.0,249.0,3.0
2009,ODISHA,KORAPUT,75.0,123.0,31.0,54.0,88.0,176.0,3.0
2009,ODISHA,MALKANGIR,53.0,36.0,12.0,25.0,51.0,45.0,2.0
2009,ODISHA,MAYURBHANJ,162.0,294.0,64.0,60.0,26.0,350.0,4.0
2009,ODISHA,NAYAGARH,41.0,41.0,28.0,42.0,40.0,199.0,3.0
2009,ODISHA,NOWRANGPUR,56.0,95.0,22.0,12.0,39.0,126.0,2.0
2009,ODISHA,NUAPADA,23.0,70.0,12.0,21.0,17.0,87.0,2.0
2009,ODISHA,PURI,112.0,51.0,48.0,133.0,128.0,600.0,4.0
2009,ODISHA,RAYAGADA,40.0,91.0,16.0,27.0,45.0,128.0,2.0
2009,ODISHA,ROURKELA,112.0,121.0,23.0,101.0,50.0,445.0,4.0
2009,ODISHA,SAMBALPUR,91.0,73.0,16.0,108.0,97.0,488.0,4.0
2009,ODISHA,SONEPUR,32.0,63.0,17.0,13.0,39.0,70.0,2.0
2009,ODISHA,SRP(CUTTACK),3.0,9.0,3.0,11.0,3.0,420.0,1.0
2009,ODISHA,SRP(ROURKELA),9.0,9.0,4.0,17.0,3.0,232.0,1.0
2009,ODISHA,SUNDARGARH,78.0,61.0,15.0,56.0,36.0,217.0,3.0
2009,PUNJAB,AMRITSAR,121.0,30.0,46.0,13.0,3.0,817.0,3.0
2009,PUNJAB,BARNALA,50.0,19.0,7.0,1.0,1.0,181.0,1.0
2009,PUNJAB,BATALA,51.0,32.0,12.0,4.0,3.0,312.0,2.0
2009,PUNJAB,BHATINDA,135.0,48.0,36.0,10.0,9.0,885.0,3.0
2009,PUNJAB,FARIDKOT,52.0,26.0,7.0,2.0,3.0,225.0,2.0
2009,PUNJAB,FATEHGARH SAHIB,34.0,15.0,11.0,3.0,0.0,342.0,1.0
2009,PUNJAB,FEROZPUR,127.0,56.0,39.0,6.0,12.0,550.0,3.0
2009,PUNJAB,G.R.P,14.0,1.0,0.0,2.0,0.0,73.0,1.0
2009,PUNJAB,GURDASPUR,93.0,26.0,32.0,0.0,3.0,237.0,2.0
2009,PUNJAB,HOSHIARPUR,105.0,49.0,31.0,11.0,14.0,447.0,3.0
2009,PUNJAB,JALANDHAR,200.0,96.0,96.0,38.0,21.0,1403.0,4.0
2009,PUNJAB,KAPURTHALA,78.0,26.0,20.0,6.0,7.0,374.0,2.0
2009,PUNJAB,KHANNA,49.0,17.0,13.0,10.0,0.0,213.0,2.0
2009,PUNJAB,LUDHIANA,182.0,70.0,95.0,19.0,6.0,1144.0,4.0
2009,PUNJAB,MANSA,68.0,26.0,14.0,2.0,3.0,169.0,2.0
2009,PUNJAB,MOGA,73.0,37.0,19.0,5.0,0.0,358.0,2.0
2009,PUNJAB,MUKTSAR,62.0,22.0,11.0,2.0,0.0,281.0,2.0
2009,PUNJAB,PATIALA,111.0,48.0,56.0,9.0,12.0,895.0,3.0
2009,PUNJAB,ROPAR,40.0,22.0,16.0,3.0,3.0,264.0,2.0
2009,PUNJAB,SANGRUR,83.0,31.0,26.0,12.0,2.0,525.0,2.0
2009,PUNJAB,SAS NGR,53.0,38.0,37.0,11.0,0.0,808.0,2.0
2009,PUNJAB,SBS NAGAR,38.0,16.0,6.0,24.0,4.0,256.0,2.0
2009,PUNJAB,TARN TARAN,73.0,43.0,18.0,7.0,0.0,230.0,2.0
2009,RAJASTHAN,AJMER,98.0,111.0,93.0,25.0,30.0,1585.0,4.0
2009,RAJASTHAN,ALWAR,180.0,240.0,184.0,52.0,38.0,2771.0,5.0
2009,RAJASTHAN,BANSWARA,45.0,83.0,53.0,11.0,81.0,269.0,3.0
2009,RAJASTHAN,BARAN,123.0,185.0,85.0,10.0,25.0,606.0,4.0
2009,RAJASTHAN,BARMER,50.0,127.0,29.0,6.0,36.0,609.0,2.0
2009,RAJASTHAN,BHARATPUR,151.0,121.0,188.0,17.0,25.0,1864.0,5.0
2009,RAJASTHAN,BHILWARA,84.0,149.0,109.0,40.0,72.0,1519.0,4.0
2009,RAJASTHAN,BIKANER,119.0,120.0,38.0,4.0,21.0,773.0,3.0
2009,RAJASTHAN,BUNDI,117.0,175.0,115.0,19.0,44.0,578.0,4.0
2009,RAJASTHAN,CHITTORGARH,73.0,126.0,96.0,25.0,73.0,979.0,4.0
2009,RAJASTHAN,CHURU,59.0,52.0,45.0,3.0,16.0,728.0,3.0
2009,RAJASTHAN,DAUSA,59.0,32.0,92.0,26.0,27.0,1235.0,3.0
2009,RAJASTHAN,DHOLPUR,136.0,49.0,67.0,25.0,16.0,780.0,4.0
2009,RAJASTHAN,DUNGARPUR,45.0,76.0,43.0,10.0,71.0,175.0,3.0
2009,RAJASTHAN,G.R.P.,14.0,10.0,2.0,4.0,2.0,548.0,1.0
2009,RAJASTHAN,GANGANAGAR,136.0,150.0,63.0,17.0,4.0,1312.0,4.0
2009,RAJASTHAN,HANUMANGARH,121.0,114.0,49.0,6.0,5.0,878.0,3.0
2009,RAJASTHAN,JAIPUR EAST,54.0,82.0,66.0,108.0,93.0,3833.0,4.0
2009,RAJASTHAN,JAIPUR NORTH,52.0,54.0,76.0,45.0,29.0,1661.0,3.0
2009,RAJASTHAN,JAIPUR SOUTH,42.0,35.0,73.0,86.0,60.0,3552.0,3.0
2009,RAJASTHAN,JAISALMER,12.0,23.0,13.0,5.0,12.0,236.0,1.0
2009,RAJASTHAN,JALORE,36.0,58.0,34.0,9.0,38.0,479.0,2.0
2009,RAJASTHAN,JHALAWAR,104.0,270.0,58.0,26.0,93.0,817.0,4.0
2009,RAJASTHAN,JHUNJHUNU,61.0,80.0,60.0,16.0,62.0,969.0,3.0
2009,RAJASTHAN,KARAULI,71.0,71.0,84.0,16.0,26.0,776.0,4.0
2009,RAJASTHAN,NAGAUR,90.0,170.0,89.0,14.0,13.0,907.0,4.0
2009,RAJASTHAN,PALI,88.0,125.0,101.0,11.0,12.0,919.0,4.0
2009,RAJASTHAN,PRATAPGARH,51.0,104.0,63.0,2.0,57.0,221.0,3.0
2009,RAJASTHAN,RAJSAMAND,26.0,57.0,47.0,12.0,72.0,415.0,2.0
2009,RAJASTHAN,SAWAI MADHOPUR,43.0,35.0,83.0,4.0,17.0,806.0,3.0
2009,RAJASTHAN,SIKAR,86.0,54.0,84.0,13.0,57.0,1186.0,4.0
2009,RAJASTHAN,SIROHI,58.0,82.0,28.0,10.0,42.0,423.0,2.0
2009,RAJASTHAN,TONK,45.0,46.0,47.0,10.0,61.0,721.0,3.0
2009,RAJASTHAN,UDAIPUR,149.0,268.0,180.0,77.0,212.0,1697.0,5.0
2009,SIKKIM,EAST,13.0,9.0,2.0,2.0,21.0,85.0,1.0
2009,SIKKIM,NORTH,2.0,0.0,0.0,0.0,7.0,3.0,1.0
2009,SIKKIM,SOUTH,9.0,13.0,2.0,2.0,15.0,66.0,1.0
2009,SIKKIM,WEST,5.0,6.0,2.0,0.0,5.0,17.0,1.0
2009,TAMIL NADU,ARIYALUR,62.0,60.0,19.0,11.0,42.0,133.0,2.0
2009,TAMIL NADU,CHENNAI,271.0,81.0,42.0,91.0,72.0,2510.0,5.0
2009,TAMIL NADU,CHENNAI RLY.,3.0,5.0,0.0,29.0,11.0,203.0,1.0
2009,TAMIL NADU,CUDDALORE,138.0,52.0,34.0,13.0,111.0,570.0,4.0
2009,TAMIL NADU,DHARMAPURI,77.0,63.0,36.0,7.0,153.0,244.0,3.0
2009,TAMIL NADU,DINDIGUL,146.0,44.0,61.0,41.0,106.0,526.0,4.0
2009,TAMIL NADU,ERODE,82.0,47.0,44.0,32.0,44.0,680.0,3.0
2009,TAMIL NADU,KANCHIPURAM,126.0,40.0,11.0,8.0,110.0,471.0,3.0
2009,TAMIL NADU,KANYAKUMARI,115.0,34.0,31.0,115.0,29.0,728.0,3.0
2009,TAMIL NADU,KARUR,42.0,20.0,13.0,8.0,18.0,272.0,2.0
2009,TAMIL NADU,KRISHNAGIRI,95.0,46.0,36.0,20.0,130.0,349.0,3.0
2009,TAMIL NADU,NAGAPATTINAM,110.0,38.0,39.0,27.0,45.0,348.0,3.0
2009,TAMIL NADU,NAMAKKAL,65.0,53.0,44.0,21.0,72.0,444.0,3.0
2009,TAMIL NADU,NILGIRIS,23.0,14.0,7.0,5.0,16.0,125.0,1.0
2009,TAMIL NADU,PERAMBALUR,27.0,25.0,13.0,3.0,26.0,122.0,2.0
2009,TAMIL NADU,PUDUKOTTAI,78.0,26.0,27.0,5.0,55.0,240.0,2.0
2009,TAMIL NADU,RAMNATHAPURAM,130.0,32.0,56.0,22.0,78.0,368.0,3.0
2009,TAMIL NADU,SIVAGANGAI,66.0,16.0,30.0,13.0,32.0,349.0,2.0
2009,TAMIL NADU,THANJAVUR,150.0,65.0,36.0,68.0,100.0,1112.0,4.0
2009,TAMIL NADU,THENI,103.0,59.0,49.0,29.0,94.0,432.0,3.0
2009,TAMIL NADU,THIRUVALLUR,83.0,27.0,20.0,9.0,65.0,268.0,2.0
2009,TAMIL NADU,THIRUVANNAMALAI,128.0,30.0,21.0,5.0,172.0,323.0,3.0
2009,TAMIL NADU,THIRUVARUR,68.0,22.0,16.0,9.0,57.0,215.0,2.0
2009,TAMIL NADU,THOOTHUGUDI,220.0,23.0,35.0,33.0,30.0,819.0,4.0
2009,TAMIL NADU,TIRUPPUR,87.0,58.0,61.0,74.0,83.0,1232.0,4.0
2009,TAMIL NADU,TRICHY RLY.,0.0,2.0,0.0,9.0,4.0,88.0,1.0
2009,TAMIL NADU,VELLORE,127.0,39.0,46.0,17.0,24.0,587.0,3.0
2009,TAMIL NADU,VILLUPURAM,170.0,140.0,80.0,28.0,245.0,555.0,5.0
2009,TAMIL NADU,VIRUDHUNAGAR,105.0,46.0,50.0,28.0,61.0,625.0,3.0
2009,TRIPURA,DHALAI,24.0,34.0,9.0,2.0,16.0,71.0,1.0
2009,TRIPURA,NORTH,50.0,126.0,32.0,15.0,30.0,162.0,3.0
2009,TRIPURA,SOUTH,39.0,201.0,27.0,29.0,78.0,212.0,3.0
2009,TRIPURA,WEST,81.0,213.0,53.0,38.0,116.0,363.0,4.0
2009,UTTAR PRADESH,AGRA,330.0,137.0,243.0,97.0,228.0,2415.0,5.0
2009,UTTAR PRADESH,ALIGARH,393.0,167.0,244.0,143.0,308.0,1799.0,5.0
2009,UTTAR PRADESH,ALLAHABAD,243.0,97.0,148.0,57.0,150.0,1391.0,5.0
2009,UTTAR PRADESH,AMBEDKAR NAGAR,79.0,28.0,56.0,14.0,24.0,245.0,3.0
2009,UTTAR PRADESH,AURAIYA,84.0,31.0,44.0,15.0,15.0,145.0,3.0
2009,UTTAR PRADESH,AZAMGARH,135.0,43.0,71.0,24.0,68.0,347.0,4.0
2009,UTTAR PRADESH,BADAUN,278.0,57.0,96.0,39.0,40.0,327.0,5.0
2009,UTTAR PRADESH,BAGHPAT,146.0,21.0,53.0,39.0,60.0,275.0,4.0
2009,UTTAR PRADESH,BAHRAICH,94.0,71.0,89.0,63.0,72.0,457.0,4.0
2009,UTTAR PRADESH,BALLIA,77.0,28.0,28.0,7.0,42.0,276.0,2.0
2009,UTTAR PRADESH,BALRAMPUR,34.0,19.0,23.0,4.0,10.0,103.0,2.0
2009,UTTAR PRADESH,BANDA,61.0,65.0,41.0,8.0,35.0,260.0,3.0
2009,UTTAR PRADESH,BARABANKI,113.0,53.0,107.0,27.0,14.0,494.0,4.0
2009,UTTAR PRADESH,BAREILLY,334.0,202.0,168.0,65.0,115.0,1065.0,5.0
2009,UTTAR PRADESH,BASTI,35.0,15.0,22.0,9.0,26.0,166.0,2.0
2009,UTTAR PRADESH,BIJNOR,130.0,76.0,87.0,22.0,53.0,511.0,4.0
2009,UTTAR PRADESH,BULANDSHAHAR,277.0,74.0,102.0,53.0,53.0,534.0,5.0
2009,UTTAR PRADESH,CHANDOLI,52.0,7.0,23.0,10.0,1.0,198.0,2.0
2009,UTTAR PRADESH,CHITRAKOOT DHAM,31.0,42.0,14.0,11.0,3.0,97.0,2.0
2009,UTTAR PRADESH,DEORIA,56.0,24.0,44.0,7.0,52.0,187.0,3.0
2009,UTTAR PRADESH,ETAH,178.0,55.0,54.0,28.0,68.0,489.0,4.0
2009,UTTAR PRADESH,ETAWAH,109.0,47.0,75.0,27.0,10.0,441.0,3.0
2009,UTTAR PRADESH,FAIZABAD,60.0,49.0,74.0,18.0,45.0,449.0,3.0
2009,UTTAR PRADESH,FATEHGARH,147.0,47.0,69.0,8.0,30.0,230.0,4.0
2009,UTTAR PRADESH,FATEHPUR,121.0,67.0,53.0,34.0,13.0,259.0,3.0
2009,UTTAR PRADESH,FIROZABAD,237.0,85.0,142.0,63.0,98.0,662.0,5.0
2009,UTTAR PRADESH,G.R.P.,35.0,11.0,3.0,38.0,13.0,1307.0,1.0
2009,UTTAR PRADESH,GAUTAMBUDH NAGAR,192.0,64.0,83.0,98.0,85.0,2727.0,5.0
2009,UTTAR PRADESH,GHAZIABAD,562.0,141.0,491.0,248.0,356.0,5562.0,5.0
2009,UTTAR PRADESH,GHAZIPUR,94.0,15.0,21.0,58.0,104.0,222.0,3.0
2009,UTTAR PRADESH,GONDA,126.0,57.0,88.0,46.0,48.0,430.0,4.0
2009,UTTAR PRADESH,GORAKHPUR,172.0,87.0,107.0,42.0,160.0,1356.0,5.0
2009,UTTAR PRADESH,HAMIRPUR,53.0,37.0,18.0,3.0,10.0,118.0,2.0
2009,UTTAR PRADESH,HARDOI,167.0,90.0,91.0,21.0,39.0,404.0,4.0
2009,UTTAR PRADESH,HATHRAS,112.0,55.0,73.0,74.0,39.0,317.0,4.0
2009,UTTAR PRADESH,J.P.NAGAR,100.0,47.0,43.0,22.0,35.0,285.0,3.0
2009,UTTAR PRADESH,JALAUN,62.0,52.0,33.0,8.0,16.0,186.0,2.0
2009,UTTAR PRADESH,JAUNPUR,139.0,48.0,90.0,30.0,69.0,436.0,4.0
2009,UTTAR PRADESH,JHANSI,76.0,47.0,43.0,14.0,17.0,333.0,3.0
2009,UTTAR PRADESH,KANNAUJ,79.0,36.0,56.0,11.0,22.0,168.0,3.0
2009,UTTAR PRADESH,KANPUR DEHAT,87.0,51.0,88.0,12.0,93.0,238.0,4.0
2009,UTTAR PRADESH,KANPUR NAGAR,272.0,149.0,282.0,130.0,190.0,1949.0,5.0
2009,UTTAR PRADESH,KANSHIRAM NAGAR,102.0,37.0,42.0,8.0,35.0,139.0,3.0
2009,UTTAR PRADESH,KAUSHAMBI,84.0,64.0,41.0,21.0,34.0,195.0,3.0
2009,UTTAR PRADESH,KHIRI,155.0,96.0,88.0,20.0,23.0,412.0,4.0
2009,UTTAR PRADESH,KUSHI NAGAR,52.0,16.0,20.0,2.0,23.0,144.0,2.0
2009,UTTAR PRADESH,LALITPUR,38.0,32.0,12.0,6.0,31.0,116.0,2.0
2009,UTTAR PRADESH,LUCKNOW,226.0,234.0,323.0,116.0,246.0,4604.0,5.0
2009,UTTAR PRADESH,MAHARAJGANJ,43.0,29.0,28.0,13.0,15.0,161.0,2.0
2009,UTTAR PRADESH,MAHOBA,30.0,37.0,24.0,11.0,16.0,133.0,2.0
2009,UTTAR PRADESH,MAINPURI,163.0,54.0,83.0,27.0,37.0,332.0,4.0
2009,UTTAR PRADESH,MATHURA,199.0,62.0,76.0,40.0,102.0,1059.0,4.0
2009,UTTAR PRADESH,MAU,92.0,37.0,50.0,15.0,60.0,250.0,3.0
2009,UTTAR PRADESH,MEERUT,365.0,93.0,193.0,95.0,136.0,1713.0,5.0
2009,UTTAR PRADESH,MIRZAPUR,52.0,20.0,14.0,12.0,8.0,263.0,2.0
2009,UTTAR PRADESH,MORADABAD,272.0,132.0,197.0,58.0,56.0,1031.0,5.0
2009,UTTAR PRADESH,MUZAFFARNAGAR,430.0,122.0,162.0,106.0,150.0,895.0,5.0
2009,UTTAR PRADESH,PILIBHIT,61.0,52.0,61.0,9.0,6.0,217.0,3.0
2009,UTTAR PRADESH,PRATAPGARH,121.0,57.0,84.0,18.0,103.0,363.0,4.0
2009,UTTAR PRADESH,RAIBAREILLY,125.0,76.0,67.0,13.0,44.0,344.0,4.0
2009,UTTAR PRADESH,RAMPUR,189.0,99.0,105.0,96.0,87.0,725.0,5.0
2009,UTTAR PRADESH,SAHARANPUR,158.0,43.0,41.0,24.0,42.0,599.0,4.0
2009,UTTAR PRADESH,SANT KABIRNAGAR,25.0,22.0,29.0,15.0,10.0,168.0,2.0
2009,UTTAR PRADESH,SHAHJAHANPUR,265.0,96.0,107.0,31.0,37.0,419.0,5.0
2009,UTTAR PRADESH,SHRAWASTI,22.0,35.0,23.0,9.0,30.0,124.0,2.0
2009,UTTAR PRADESH,SIDHARTHNAGAR,29.0,32.0,30.0,14.0,17.0,161.0,2.0
2009,UTTAR PRADESH,SITAPUR,199.0,135.0,156.0,37.0,39.0,561.0,5.0
2009,UTTAR PRADESH,SONBHADRA,72.0,41.0,30.0,8.0,17.0,217.0,2.0
2009,UTTAR PRADESH,ST.RAVIDASNAGAR,26.0,12.0,9.0,4.0,9.0,115.0,1.0
2009,UTTAR PRADESH,SULTANPUR,136.0,51.0,71.0,22.0,74.0,463.0,4.0
2009,UTTAR PRADESH,UNNAO,135.0,109.0,96.0,36.0,39.0,350.0,4.0
2009,UTTAR PRADESH,VARANASI,86.0,22.0,41.0,17.0,62.0,1115.0,3.0
2009,UTTARAKHAND,ALMORA,15.0,8.0,5.0,13.0,16.0,73.0,1.0
2009,UTTARAKHAND,BAGESHWAR,4.0,4.0,1.0,1.0,2.0,14.0,1.0
2009,UTTARAKHAND,CHAMOLI,5.0,3.0,0.0,0.0,9.0,42.0,1.0
2009,UTTARAKHAND,CHAMPAWAT,11.0,6.0,2.0,1.0,7.0,18.0,1.0
2009,UTTARAKHAND,DEHRADUN,76.0,60.0,76.0,67.0,149.0,847.0,4.0
2009,UTTARAKHAND,HARIDWAR,136.0,56.0,68.0,56.0,129.0,665.0,4.0
2009,UTTARAKHAND,NAINITAL,47.0,28.0,37.0,24.0,42.0,256.0,2.0
2009,UTTARAKHAND,PAURI GARHWAL,13.0,7.0,13.0,10.0,2.0,70.0,1.0
2009,UTTARAKHAND,PITHORAGARH,7.0,3.0,1.0,2.0,14.0,26.0,1.0
2009,UTTARAKHAND,RUDRA PRAYAG,0.0,2.0,2.0,0.0,4.0,13.0,1.0
2009,UTTARAKHAND,TEHRI GARHWAL,4.0,4.0,3.0,0.0,1.0,36.0,1.0
2009,UTTARAKHAND,UDHAMSINGH NAGAR,111.0,42.0,60.0,40.0,106.0,581.0,4.0
2009,UTTARAKHAND,UTTARKASHI,2.0,7.0,7.0,0.0,2.0,23.0,1.0
2009,WEST BENGAL,24 PARGANAS NORTH,708.0,369.0,368.0,109.0,803.0,2462.0,5.0
2009,WEST BENGAL,24 PARGANAS SOUTH,250.0,400.0,128.0,69.0,1243.0,2121.0,5.0
2009,WEST BENGAL,ASANSOL,49.0,27.0,27.0,16.0,66.0,352.0,3.0
2009,WEST BENGAL,BANKURA,107.0,79.0,36.0,37.0,171.0,250.0,4.0
2009,WEST BENGAL,BIRBHUM,134.0,112.0,52.0,36.0,366.0,534.0,5.0
2009,WEST BENGAL,BURDWAN,247.0,80.0,135.0,48.0,560.0,942.0,5.0
2009,WEST BENGAL,COOCHBEHAR,199.0,215.0,151.0,17.0,130.0,420.0,5.0
2009,WEST BENGAL,DAKSHIN DINAJPUR,134.0,125.0,56.0,5.0,21.0,163.0,4.0
2009,WEST BENGAL,DARJEELING,63.0,109.0,50.0,14.0,75.0,716.0,4.0
2009,WEST BENGAL,HOOGHLY,206.0,72.0,94.0,46.0,655.0,792.0,5.0
2009,WEST BENGAL,HOWRAH,133.0,115.0,130.0,33.0,267.0,1125.0,5.0
2009,WEST BENGAL,HOWRAH G.R.P.,31.0,3.0,2.0,7.0,0.0,326.0,1.0
2009,WEST BENGAL,JALPAIGURI,243.0,329.0,206.0,76.0,128.0,1490.0,5.0
2009,WEST BENGAL,KHARAGPUR G.R.P.,7.0,0.0,0.0,2.0,1.0,122.0,1.0
2009,WEST BENGAL,KOLKATA,154.0,243.0,129.0,42.0,253.0,4881.0,5.0
2009,WEST BENGAL,MALDA,268.0,328.0,178.0,30.0,70.0,409.0,5.0
2009,WEST BENGAL,MURSHIDABAD,844.0,916.0,408.0,95.0,794.0,1127.0,5.0
2009,WEST BENGAL,NADIA,588.0,293.0,297.0,97.0,215.0,1522.0,5.0
2009,WEST BENGAL,PASCHIM MIDNAPUR,389.0,140.0,79.0,44.0,475.0,467.0,5.0
2009,WEST BENGAL,PURAB MIDNAPUR,115.0,74.0,90.0,28.0,512.0,506.0,5.0
2009,WEST BENGAL,PURULIA,76.0,83.0,27.0,51.0,108.0,231.0,4.0
2009,WEST BENGAL,SEALDAH G.R.P.,18.0,8.0,6.0,16.0,21.0,237.0,1.0
2009,WEST BENGAL,SILIGURI G.R.P.,3.0,3.0,1.0,4.0,0.0,74.0,1.0
2009,WEST BENGAL,UTTAR DINAJPUR,152.0,155.0,100.0,43.0,110.0,409.0,5.0
2009,A & N ISLANDS,ANDAMAN,22.0,47.0,16.0,11.0,23.0,242.0,2.0
2009,A & N ISLANDS,NICOBAR,1.0,1.0,0.0,0.0,0.0,5.0,1.0
2009,CHANDIGARH,CHANDIGARH,48.0,55.0,40.0,31.0,70.0,2203.0,3.0
2009,D & N HAVELI,D and N HAVELI,16.0,6.0,12.0,11.0,58.0,143.0,2.0
2009,DAMAN & DIU,DAMAN,10.0,5.0,0.0,4.0,22.0,71.0,1.0
2009,DAMAN & DIU,DIU,0.0,0.0,0.0,0.0,10.0,15.0,1.0
2009,DELHI UT,CAW,0.0,1.0,0.0,0.0,0.0,0.0,1.0
2009,DELHI UT,CENTRAL,61.0,62.0,93.0,33.0,5.0,1636.0,3.0
2009,DELHI UT,CRIME BRANCH,9.0,2.0,0.0,1.0,0.0,43.0,1.0
2009,DELHI UT,DELHI UT TOTAL,1005.0,1021.0,2536.0,551.0,91.0,25797.0,5.0
2009,DELHI UT,EAST,111.0,133.0,299.0,61.0,17.0,3398.0,5.0
2009,DELHI UT,EOW,0.0,1.0,0.0,0.0,0.0,188.0,1.0
2009,DELHI UT,GRP(RLY),14.0,4.0,11.0,12.0,0.0,741.0,1.0
2009,DELHI UT,IGI AIRPORT,2.0,2.0,2.0,2.0,0.0,503.0,1.0
2009,DELHI UT,NEW DELHI,10.0,23.0,46.0,16.0,4.0,779.0,2.0
2009,DELHI UT,NORTH,69.0,54.0,140.0,25.0,6.0,1322.0,4.0
2009,DELHI UT,NORTH-EAST,135.0,114.0,375.0,58.0,10.0,2325.0,5.0
2009,DELHI UT,NORTH-WEST,108.0,93.0,218.0,124.0,10.0,2514.0,5.0
2009,DELHI UT,OUTER,128.0,102.0,332.0,24.0,14.0,2319.0,5.0
2009,DELHI UT,SOUTH,62.0,87.0,133.0,36.0,8.0,2943.0,4.0
2009,DELHI UT,SOUTH-EAST,82.0,137.0,318.0,63.0,4.0,3007.0,5.0
2009,DELHI UT,SOUTH-WEST,107.0,105.0,241.0,48.0,5.0,1569.0,5.0
2009,DELHI UT,STF,4.0,0.0,0.0,0.0,0.0,8.0,1.0
2009,DELHI UT,WEST,103.0,101.0,328.0,48.0,8.0,2502.0,5.0
2009,LAKSHADWEEP,LAKSHADWEEP,1.0,1.0,0.0,3.0,46.0,11.0,1.0
2009,PUDUCHERRY,KARAIKAL,8.0,16.0,1.0,0.0,26.0,77.0,1.0
2009,PUDUCHERRY,PUDUCHERRY,59.0,38.0,17.0,16.0,126.0,759.0,3.0
2010,ANDHRA PRADESH,ADILABAD,197.0,181.0,55.0,20.0,91.0,696.0,4.0
2010,ANDHRA PRADESH,ANANTAPUR,245.0,152.0,81.0,39.0,100.0,1270.0,5.0
2010,ANDHRA PRADESH,CHITTOOR,151.0,180.0,85.0,20.0,77.0,801.0,4.0
2010,ANDHRA PRADESH,CUDDAPAH,144.0,176.0,63.0,11.0,136.0,821.0,4.0
2010,ANDHRA PRADESH,CYBERABAD,281.0,252.0,150.0,77.0,121.0,6805.0,5.0
2010,ANDHRA PRADESH,EAST GODAVARI,185.0,259.0,51.0,14.0,53.0,1505.0,4.0
2010,ANDHRA PRADESH,GUNTAKAL RLY.,9.0,2.0,4.0,2.0,1.0,224.0,1.0
2010,ANDHRA PRADESH,GUNTUR,215.0,320.0,55.0,24.0,102.0,1138.0,4.0
2010,ANDHRA PRADESH,KARIMNAGAR,233.0,302.0,158.0,18.0,214.0,1485.0,5.0
2010,ANDHRA PRADESH,KHAMMAM,167.0,209.0,71.0,13.0,168.0,979.0,5.0
2010,ANDHRA PRADESH,KRISHNA,160.0,354.0,75.0,11.0,64.0,942.0,4.0
2010,ANDHRA PRADESH,KURNOOL,307.0,396.0,85.0,25.0,125.0,1031.0,5.0
2010,ANDHRA PRADESH,MAHABOOBNAGAR,249.0,263.0,87.0,25.0,83.0,1690.0,5.0
2010,ANDHRA PRADESH,MEDAK,166.0,152.0,83.0,28.0,104.0,1113.0,5.0
2010,ANDHRA PRADESH,NALGONDA,191.0,263.0,81.0,40.0,156.0,1189.0,5.0
2010,ANDHRA PRADESH,NELLORE,160.0,204.0,77.0,17.0,77.0,1299.0,4.0
2010,ANDHRA PRADESH,NIZAMABAD,151.0,176.0,65.0,27.0,92.0,1251.0,4.0
2010,ANDHRA PRADESH,PRAKASHAM,199.0,282.0,84.0,22.0,55.0,878.0,4.0
2010,ANDHRA PRADESH,RAJAHMUNDRY,42.0,57.0,30.0,13.0,9.0,628.0,2.0
2010,ANDHRA PRADESH,RANGA REDDY,64.0,58.0,21.0,4.0,37.0,249.0,2.0
2010,ANDHRA PRADESH,SECUNDERABAD RLY.,2.0,3.0,1.0,8.0,1.0,360.0,1.0
2010,ANDHRA PRADESH,SRIKAKULAM,74.0,128.0,31.0,9.0,74.0,556.0,3.0
2010,ANDHRA PRADESH,VIJAYAWADA RLY.,4.0,7.0,0.0,11.0,1.0,365.0,1.0
2010,ANDHRA PRADESH,VISAKHAPATNAM,53.0,112.0,34.0,48.0,30.0,1938.0,3.0
2010,ANDHRA PRADESH,VIZIANAGARAM,68.0,133.0,19.0,7.0,15.0,519.0,2.0
2010,ANDHRA PRADESH,WARANGAL,73.0,126.0,49.0,9.0,156.0,404.0,4.0
2010,ANDHRA PRADESH,WEST GODAVARI,207.0,527.0,142.0,23.0,228.0,2108.0,5.0
2010,ARUNACHAL PRADESH,ANJAW,1.0,1.0,0.0,0.0,1.0,11.0,1.0
2010,ARUNACHAL PRADESH,CHANGLANG,6.0,14.0,7.0,4.0,6.0,86.0,1.0
2010,ARUNACHAL PRADESH,DIBANG VALLEY,4.0,5.0,3.0,3.0,7.0,43.0,1.0
2010,ARUNACHAL PRADESH,K/KUMEY,9.0,0.0,1.0,1.0,1.0,22.0,1.0
2010,ARUNACHAL PRADESH,KAMENG EAST,6.0,3.0,5.0,13.0,1.0,40.0,1.0
2010,ARUNACHAL PRADESH,KAMENG WEST,11.0,5.0,4.0,5.0,0.0,23.0,1.0
2010,ARUNACHAL PRADESH,LOHIT,11.0,16.0,5.0,2.0,9.0,53.0,1.0
2010,ARUNACHAL PRADESH,PAPUM PARE,12.0,17.0,15.0,16.0,1.0,200.0,1.0
2010,ARUNACHAL PRADESH,SIANG EAST,9.0,16.0,7.0,8.0,7.0,106.0,1.0
2010,ARUNACHAL PRADESH,SIANG UPPER,3.0,3.0,1.0,1.0,1.0,23.0,1.0
2010,ARUNACHAL PRADESH,SIANG WEST,10.0,22.0,6.0,4.0,5.0,50.0,1.0
2010,ARUNACHAL PRADESH,SUBANSIRI LOWER,6.0,4.0,3.0,5.0,12.0,34.0,1.0
2010,ARUNACHAL PRADESH,SUBANSIRI UPPER,8.0,12.0,4.0,8.0,1.0,41.0,1.0
2010,ARUNACHAL PRADESH,TAWANG,1.0,2.0,0.0,0.0,0.0,15.0,1.0
2010,ARUNACHAL PRADESH,TIRAP,9.0,3.0,4.0,11.0,1.0,33.0,1.0
2010,ARUNACHAL PRADESH,UPPER DIBANG VALLEY,1.0,0.0,0.0,0.0,1.0,5.0,1.0
2010,ASSAM,BARPETA,67.0,174.0,177.0,32.0,207.0,561.0,5.0
2010,ASSAM,BASKA,73.0,37.0,48.0,8.0,10.0,112.0,2.0
2010,ASSAM,BONGAIGAON,47.0,97.0,74.0,20.0,68.0,276.0,4.0
2010,ASSAM,C.I.D.,0.0,0.0,1.0,2.0,0.0,30.0,1.0
2010,ASSAM,CACHAR,60.0,83.0,173.0,38.0,248.0,941.0,5.0
2010,ASSAM,CHIRANG,23.0,31.0,45.0,15.0,27.0,94.0,2.0
2010,ASSAM,DARRANG,36.0,322.0,139.0,17.0,23.0,411.0,4.0
2010,ASSAM,DHEMAJI,34.0,115.0,78.0,16.0,20.0,161.0,4.0
2010,ASSAM,DHUBRI,66.0,431.0,241.0,52.0,441.0,652.0,5.0
2010,ASSAM,DIBRUGARH,90.0,105.0,136.0,19.0,27.0,670.0,4.0
2010,ASSAM,G.R.P.,3.0,0.0,7.0,13.0,7.0,158.0,1.0
2010,ASSAM,GOALPARA,31.0,129.0,121.0,15.0,225.0,304.0,5.0
2010,ASSAM,GOLAGHAT,73.0,73.0,86.0,35.0,20.0,343.0,4.0
2010,ASSAM,HAILAKANDI,25.0,88.0,74.0,13.0,147.0,250.0,4.0
2010,ASSAM,JORHAT,57.0,111.0,68.0,21.0,31.0,488.0,3.0
2010,ASSAM,KAMRUP,59.0,120.0,120.0,27.0,101.0,426.0,4.0
2010,ASSAM,KARBI ANGLONG,50.0,26.0,45.0,11.0,33.0,157.0,2.0
2010,ASSAM,KARIMGANJ,44.0,43.0,54.0,26.0,55.0,217.0,3.0
2010,ASSAM,KOKRAJHAR,71.0,33.0,78.0,16.0,143.0,240.0,4.0
2010,ASSAM,LAKHIMPUR,65.0,99.0,128.0,15.0,24.0,321.0,4.0
2010,ASSAM,MORIGAON,31.0,137.0,93.0,7.0,96.0,216.0,4.0
2010,ASSAM,N.C.HILLS,30.0,3.0,19.0,3.0,15.0,62.0,1.0
2010,ASSAM,NAGAON,155.0,166.0,302.0,147.0,321.0,915.0,5.0
2010,ASSAM,NALBARI,41.0,99.0,56.0,35.0,28.0,303.0,3.0
2010,ASSAM,R.P.O.,6.0,7.0,2.0,2.0,13.0,18.0,1.0
2010,ASSAM,SIBSAGAR,88.0,160.0,142.0,18.0,51.0,655.0,5.0
2010,ASSAM,SONITPUR,91.0,110.0,191.0,29.0,55.0,638.0,5.0
2010,ASSAM,TINSUKIA,114.0,80.0,112.0,52.0,31.0,781.0,4.0
2010,ASSAM,UDALGURI,76.0,53.0,54.0,19.0,38.0,131.0,3.0
2010,BIHAR,ARARIA,110.0,44.0,84.0,79.0,220.0,400.0,5.0
2010,BIHAR,ARWAL,68.0,7.0,13.0,10.0,31.0,115.0,2.0
2010,BIHAR,AURANGABAD,109.0,15.0,58.0,41.0,298.0,524.0,5.0
2010,BIHAR,BAGAHA,106.0,39.0,66.0,8.0,111.0,221.0,4.0
2010,BIHAR,BANKA,121.0,16.0,53.0,30.0,151.0,221.0,4.0
2010,BIHAR,BEGUSARAI,284.0,30.0,92.0,60.0,340.0,506.0,5.0
2010,BIHAR,BETTIAH,70.0,24.0,111.0,24.0,315.0,622.0,5.0
2010,BIHAR,BHABHUA,119.0,6.0,39.0,40.0,163.0,307.0,4.0
2010,BIHAR,BHAGALPUR,212.0,34.0,86.0,30.0,231.0,781.0,5.0
2010,BIHAR,BHOJPUR,147.0,18.0,72.0,87.0,248.0,660.0,5.0
2010,BIHAR,BUXAR,156.0,27.0,55.0,65.0,206.0,413.0,4.0
2010,BIHAR,DARBHANGA,249.0,86.0,97.0,32.0,343.0,819.0,5.0
2010,BIHAR,GAYA,186.0,25.0,109.0,151.0,340.0,977.0,5.0
2010,BIHAR,GOPALGANJ,132.0,18.0,109.0,28.0,202.0,410.0,5.0
2010,BIHAR,JAMALPUR RLY.,5.0,3.0,7.0,18.0,6.0,153.0,1.0
2010,BIHAR,JAMUI,243.0,53.0,57.0,62.0,160.0,236.0,5.0
2010,BIHAR,JEHANABAD,59.0,18.0,42.0,26.0,159.0,383.0,4.0
2010,BIHAR,KATIHAR,139.0,61.0,119.0,26.0,217.0,352.0,5.0
2010,BIHAR,KATIHAR RLY.,15.0,5.0,8.0,8.0,10.0,237.0,1.0
2010,BIHAR,KHAGARIA,174.0,19.0,36.0,24.0,175.0,171.0,4.0
2010,BIHAR,KISHANGANJ,84.0,24.0,50.0,14.0,124.0,225.0,3.0
2010,BIHAR,LAKHISARAI,88.0,14.0,40.0,36.0,133.0,213.0,3.0
2010,BIHAR,MADHEPURA,136.0,20.0,61.0,52.0,198.0,206.0,4.0
2010,BIHAR,MADHUBANI,83.0,36.0,141.0,51.0,340.0,549.0,5.0
2010,BIHAR,MOTIHARI,652.0,25.0,173.0,99.0,486.0,803.0,5.0
2010,BIHAR,MUNGER,181.0,14.0,80.0,65.0,179.0,352.0,5.0
2010,BIHAR,MUZAFFARPUR,171.0,59.0,229.0,107.0,450.0,1317.0,5.0
2010,BIHAR,MUZAFFARPUR RLY.,34.0,1.0,7.0,13.0,6.0,322.0,1.0
2010,BIHAR,NALANDA,211.0,56.0,93.0,42.0,192.0,551.0,5.0
2010,BIHAR,NAUGACHIA,75.0,31.0,36.0,13.0,130.0,122.0,3.0
2010,BIHAR,NAWADAH,92.0,14.0,65.0,24.0,123.0,277.0,4.0
2010,BIHAR,PATNA,329.0,62.0,283.0,226.0,518.0,3823.0,5.0
2010,BIHAR,PATNA RLY.,20.0,18.0,10.0,21.0,24.0,757.0,1.0
2010,BIHAR,PURNEA,221.0,62.0,106.0,34.0,180.0,430.0,5.0
2010,BIHAR,ROHTAS,259.0,76.0,115.0,116.0,231.0,773.0,5.0
2010,BIHAR,SAHARSA,141.0,46.0,51.0,41.0,265.0,247.0,4.0
2010,BIHAR,SAMASTIPUR,346.0,43.0,189.0,64.0,353.0,554.0,5.0
2010,BIHAR,SARAN,218.0,47.0,136.0,75.0,384.0,736.0,5.0
2010,BIHAR,SHEIKHPURA,24.0,2.0,22.0,15.0,79.0,138.0,2.0
2010,BIHAR,SHEOHAR,24.0,5.0,17.0,22.0,45.0,94.0,2.0
2010,BIHAR,SITAMARHI,101.0,27.0,60.0,57.0,211.0,586.0,4.0
2010,BIHAR,SIWAN,147.0,29.0,133.0,57.0,292.0,471.0,5.0
2010,BIHAR,SUPAUL,93.0,25.0,67.0,23.0,227.0,252.0,4.0
2010,BIHAR,VAISHALI,187.0,45.0,197.0,66.0,373.0,771.0,5.0
2010,CHHATTISGARH,BALRAMPUR,51.0,132.0,12.0,17.0,34.0,72.0,3.0
2010,CHHATTISGARH,BILASPUR,156.0,236.0,38.0,66.0,277.0,1421.0,5.0
2010,CHHATTISGARH,BIZAPUR,176.0,3.0,10.0,23.0,21.0,18.0,3.0
2010,CHHATTISGARH,DANTEWARA,146.0,17.0,8.0,21.0,58.0,74.0,3.0
2010,CHHATTISGARH,DHAMTARI,23.0,95.0,10.0,12.0,28.0,281.0,2.0
2010,CHHATTISGARH,DURG,146.0,375.0,39.0,84.0,132.0,1804.0,5.0
2010,CHHATTISGARH,GRP RAIPUR,4.0,4.0,2.0,7.0,1.0,334.0,1.0
2010,CHHATTISGARH,JAGDALPUR,114.0,81.0,17.0,31.0,36.0,262.0,3.0
2010,CHHATTISGARH,JANJGIR,71.0,129.0,9.0,33.0,145.0,538.0,3.0
2010,CHHATTISGARH,JASHPUR,78.0,122.0,24.0,24.0,32.0,156.0,3.0
2010,CHHATTISGARH,KABIRDHAM,33.0,104.0,8.0,5.0,38.0,156.0,2.0
2010,CHHATTISGARH,KANKER,93.0,45.0,11.0,27.0,36.0,114.0,2.0
2010,CHHATTISGARH,KORBA,55.0,112.0,7.0,34.0,58.0,417.0,2.0
2010,CHHATTISGARH,KORIYA,46.0,156.0,21.0,14.0,31.0,319.0,3.0
2010,CHHATTISGARH,MAHASAMUND,49.0,91.0,7.0,16.0,21.0,309.0,2.0
2010,CHHATTISGARH,NARAYANPUR,59.0,8.0,9.0,9.0,3.0,16.0,1.0
2010,CHHATTISGARH,RAIGARH,108.0,141.0,19.0,65.0,116.0,685.0,4.0
2010,CHHATTISGARH,RAIPUR,192.0,404.0,49.0,115.0,223.0,2557.0,5.0
2010,CHHATTISGARH,RAJNANDGAON,87.0,115.0,18.0,17.0,44.0,409.0,3.0
2010,CHHATTISGARH,SARGUJA,92.0,202.0,25.0,40.0,43.0,386.0,4.0
2010,CHHATTISGARH,SURAJPUR,72.0,146.0,16.0,14.0,34.0,197.0,3.0
2010,GOA,NORTH GOA,39.0,36.0,10.0,28.0,53.0,917.0,2.0
2010,GOA,SOUTH GOA,26.0,36.0,15.0,13.0,34.0,659.0,2.0
2010,GUJARAT,AHMEDABAD COMMR.,152.0,122.0,207.0,831.0,175.0,5933.0,5.0
2010,GUJARAT,AHWA-DANG,12.0,1.0,0.0,0.0,1.0,9.0,1.0
2010,GUJARAT,AMRELI,27.0,35.0,65.0,19.0,52.0,350.0,3.0
2010,GUJARAT,ANAND,35.0,42.0,45.0,20.0,58.0,622.0,2.0
2010,GUJARAT,BHARUCH,52.0,27.0,27.0,21.0,64.0,515.0,2.0
2010,GUJARAT,BHAVNAGAR,81.0,40.0,62.0,23.0,107.0,762.0,3.0
2010,GUJARAT,CID CRIME,3.0,1.0,0.0,0.0,0.0,22.0,1.0
2010,GUJARAT,DAHOD,63.0,18.0,54.0,61.0,66.0,251.0,3.0
2010,GUJARAT,GANDHINAGAR,26.0,24.0,29.0,18.0,43.0,689.0,2.0
2010,GUJARAT,HIMATNAGAR,47.0,44.0,52.0,15.0,43.0,378.0,3.0
2010,GUJARAT,JAMNAGAR,70.0,41.0,32.0,25.0,95.0,581.0,3.0
2010,GUJARAT,JUNAGADH,67.0,56.0,68.0,39.0,114.0,824.0,4.0
2010,GUJARAT,KHEDA NORTH,45.0,44.0,63.0,22.0,66.0,379.0,3.0
2010,GUJARAT,KUTCH,54.0,26.0,36.0,27.0,73.0,602.0,3.0
2010,GUJARAT,MEHSANA,40.0,35.0,66.0,34.0,73.0,852.0,3.0
2010,GUJARAT,NARMADA,20.0,15.0,4.0,3.0,14.0,67.0,1.0
2010,GUJARAT,NAVSARI,24.0,11.0,19.0,7.0,26.0,161.0,2.0
2010,GUJARAT,PALANPUR,64.0,97.0,110.0,69.0,95.0,843.0,4.0
2010,GUJARAT,PANCHMAHAL,59.0,44.0,58.0,18.0,65.0,340.0,3.0
2010,GUJARAT,PATAN,20.0,43.0,38.0,21.0,32.0,389.0,2.0
2010,GUJARAT,PORBANDAR,16.0,6.0,12.0,2.0,12.0,100.0,1.0
2010,GUJARAT,RAJKOT COMMR.,61.0,26.0,39.0,43.0,81.0,1360.0,3.0
2010,GUJARAT,SURAT COMMR.,107.0,47.0,82.0,92.0,94.0,2145.0,4.0
2010,GUJARAT,SURENDRANAGAR,38.0,65.0,29.0,18.0,62.0,327.0,2.0
2010,GUJARAT,TAPI,22.0,10.0,1.0,3.0,4.0,81.0,1.0
2010,GUJARAT,VADODARA COMMR.,49.0,25.0,36.0,28.0,93.0,1998.0,3.0
2010,GUJARAT,VALSAD,39.0,15.0,14.0,15.0,50.0,419.0,2.0
2010,GUJARAT,W.RLY,10.0,4.0,6.0,16.0,17.0,558.0,1.0
2010,HARYANA,AMBALA,66.0,50.0,33.0,22.0,13.0,1098.0,3.0
2010,HARYANA,BHIWANI,100.0,75.0,52.0,50.0,188.0,908.0,4.0
2010,HARYANA,FARIDABAD,124.0,78.0,102.0,29.0,183.0,2277.0,5.0
2010,HARYANA,FATEHABAD,62.0,34.0,33.0,10.0,19.0,404.0,2.0
2010,HARYANA,GRP,26.0,9.0,3.0,20.0,23.0,486.0,1.0
2010,HARYANA,GURGAON,146.0,75.0,58.0,124.0,98.0,3969.0,5.0
2010,HARYANA,HISSAR,166.0,49.0,84.0,56.0,121.0,1344.0,4.0
2010,HARYANA,JHAJJAR,106.0,63.0,42.0,44.0,79.0,784.0,4.0
2010,HARYANA,JIND,97.0,56.0,35.0,43.0,130.0,922.0,4.0
2010,HARYANA,KAITHAL,56.0,43.0,27.0,25.0,9.0,542.0,2.0
2010,HARYANA,KARNAL,101.0,81.0,33.0,29.0,60.0,1265.0,4.0
2010,HARYANA,KURUKSHETRA,57.0,45.0,34.0,24.0,14.0,1073.0,3.0
2010,HARYANA,MAHENDRAGARH,53.0,53.0,40.0,36.0,128.0,507.0,3.0
2010,HARYANA,MEWAT,65.0,40.0,36.0,30.0,131.0,547.0,4.0
2010,HARYANA,PALWAL,84.0,71.0,41.0,37.0,157.0,756.0,4.0
2010,HARYANA,PANCHKULA,27.0,20.0,16.0,11.0,4.0,669.0,1.0
2010,HARYANA,PANIPAT,73.0,77.0,65.0,48.0,93.0,1102.0,4.0
2010,HARYANA,REWARI,58.0,41.0,33.0,88.0,46.0,756.0,3.0
2010,HARYANA,ROHTAK,131.0,77.0,32.0,41.0,67.0,1235.0,4.0
2010,HARYANA,SIRSA,79.0,48.0,47.0,17.0,47.0,618.0,3.0
2010,HARYANA,SONIPAT,150.0,59.0,75.0,71.0,17.0,1323.0,4.0
2010,HARYANA,YAMUNANAGAR,77.0,52.0,42.0,26.0,8.0,707.0,3.0
2010,HIMACHAL PRADESH,BADDIPOLICEDIST,15.0,11.0,9.0,1.0,18.0,78.0,1.0
2010,HIMACHAL PRADESH,BILASPUR,21.0,52.0,8.0,1.0,40.0,115.0,2.0
2010,HIMACHAL PRADESH,CHAMBA,10.0,42.0,22.0,0.0,32.0,131.0,2.0
2010,HIMACHAL PRADESH,CID,0.0,0.0,0.0,0.0,0.0,0.0,1.0
2010,HIMACHAL PRADESH,G.R.P.,1.0,0.0,0.0,0.0,0.0,4.0,1.0
2010,HIMACHAL PRADESH,HAMIRPUR,18.0,38.0,19.0,0.0,46.0,118.0,2.0
2010,HIMACHAL PRADESH,KANGRA,41.0,82.0,38.0,2.0,127.0,379.0,3.0
2010,HIMACHAL PRADESH,KINNAUR,4.0,4.0,2.0,0.0,34.0,26.0,1.0
2010,HIMACHAL PRADESH,KULLU,16.0,40.0,9.0,0.0,41.0,97.0,2.0
2010,HIMACHAL PRADESH,LAHAUL-SPITI,1.0,1.0,0.0,0.0,1.0,6.0,1.0
2010,HIMACHAL PRADESH,MANDI,22.0,90.0,19.0,2.0,110.0,230.0,2.0
2010,HIMACHAL PRADESH,SHIMLA,27.0,48.0,23.0,1.0,122.0,339.0,2.0
2010,HIMACHAL PRADESH,SIRMAUR,16.0,51.0,14.0,2.0,74.0,142.0,2.0
2010,HIMACHAL PRADESH,SOLAN,12.0,23.0,13.0,0.0,46.0,174.0,2.0
2010,HIMACHAL PRADESH,UNA,14.0,28.0,18.0,4.0,51.0,170.0,2.0
2010,JAMMU & KASHMIR,ANANTNAG,22.0,119.0,75.0,4.0,241.0,268.0,4.0
2010,JAMMU & KASHMIR,AWANTIPORA,4.0,21.0,17.0,5.0,81.0,58.0,2.0
2010,JAMMU & KASHMIR,BANDIPORA,27.0,70.0,45.0,3.0,111.0,91.0,2.0
2010,JAMMU & KASHMIR,BARAMULLA,22.0,75.0,57.0,1.0,203.0,175.0,3.0
2010,JAMMU & KASHMIR,BUDGAM,31.0,100.0,67.0,10.0,218.0,392.0,4.0
2010,JAMMU & KASHMIR,CRIME JAMMU,0.0,0.0,0.0,0.0,0.0,19.0,1.0
2010,JAMMU & KASHMIR,CRIME KASHMIR,0.0,0.0,0.0,0.0,0.0,32.0,1.0
2010,JAMMU & KASHMIR,DODA,37.0,48.0,59.0,1.0,28.0,110.0,2.0
2010,JAMMU & KASHMIR,GANDERBAL,7.0,45.0,15.0,0.0,69.0,61.0,2.0
2010,JAMMU & KASHMIR,HANDWARA,46.0,48.0,36.0,1.0,27.0,80.0,2.0
2010,JAMMU & KASHMIR,JAMMU,114.0,72.0,81.0,1.0,85.0,857.0,4.0
2010,JAMMU & KASHMIR,KARGIL,1.0,0.0,1.0,0.0,10.0,25.0,1.0
2010,JAMMU & KASHMIR,KATHUA,33.0,43.0,19.0,1.0,53.0,139.0,2.0
2010,JAMMU & KASHMIR,KISHTWAR,33.0,8.0,26.0,1.0,0.0,49.0,1.0
2010,JAMMU & KASHMIR,KULGAM,21.0,64.0,45.0,10.0,126.0,138.0,3.0
2010,JAMMU & KASHMIR,KUPWARA,33.0,24.0,33.0,0.0,111.0,117.0,2.0
2010,JAMMU & KASHMIR,LEH,2.0,5.0,4.0,0.0,8.0,19.0,1.0
2010,JAMMU & KASHMIR,POONCH,50.0,50.0,39.0,0.0,132.0,66.0,3.0
2010,JAMMU & KASHMIR,PULWAMA,16.0,19.0,33.0,5.0,180.0,127.0,3.0
2010,JAMMU & KASHMIR,RAJOURI,57.0,62.0,47.0,2.0,55.0,121.0,3.0
2010,JAMMU & KASHMIR,RAMBAN,12.0,17.0,17.0,0.0,18.0,74.0,1.0
2010,JAMMU & KASHMIR,REASI,21.0,21.0,12.0,1.0,5.0,80.0,1.0
2010,JAMMU & KASHMIR,SAMBA,23.0,12.0,4.0,0.0,29.0,79.0,1.0
2010,JAMMU & KASHMIR,SHOPIAN,26.0,105.0,47.0,3.0,85.0,166.0,2.0
2010,JAMMU & KASHMIR,SOPORE,97.0,68.0,38.0,3.0,140.0,211.0,3.0
2010,JAMMU & KASHMIR,SRINAGAR,201.0,143.0,68.0,13.0,333.0,821.0,5.0
2010,JAMMU & KASHMIR,UDHAMPUR,16.0,43.0,10.0,2.0,29.0,91.0,1.0
2010,JHARKHAND,BOKARO,77.0,30.0,64.0,43.0,128.0,889.0,4.0
2010,JHARKHAND,CHAIBASA,166.0,55.0,24.0,45.0,15.0,187.0,3.0
2010,JHARKHAND,CHATRA,68.0,14.0,26.0,31.0,88.0,117.0,3.0
2010,JHARKHAND,DEOGHAR,78.0,40.0,28.0,36.0,164.0,464.0,4.0
2010,JHARKHAND,DHANBAD,99.0,62.0,95.0,99.0,215.0,1189.0,5.0
2010,JHARKHAND,DHANBAD RLY.,5.0,12.0,4.0,15.0,8.0,193.0,1.0
2010,JHARKHAND,DUMKA,77.0,60.0,38.0,12.0,69.0,339.0,3.0
2010,JHARKHAND,GARHWA,152.0,32.0,27.0,48.0,181.0,152.0,4.0
2010,JHARKHAND,GIRIDIH,114.0,46.0,58.0,63.0,328.0,416.0,5.0
2010,JHARKHAND,GODDA,164.0,51.0,42.0,20.0,142.0,238.0,4.0
2010,JHARKHAND,GUMLA,230.0,65.0,44.0,37.0,42.0,126.0,4.0
2010,JHARKHAND,HAZARIBAGH,124.0,48.0,53.0,58.0,241.0,360.0,5.0
2010,JHARKHAND,JAMSHEDPUR,164.0,47.0,89.0,50.0,178.0,1270.0,5.0
2010,JHARKHAND,JAMSHEDPUR RLY.,9.0,1.0,4.0,9.0,0.0,169.0,1.0
2010,JHARKHAND,JAMTARA,80.0,18.0,9.0,18.0,52.0,90.0,2.0
2010,JHARKHAND,KHUNTI,80.0,4.0,7.0,19.0,4.0,77.0,2.0
2010,JHARKHAND,KODERMA,74.0,21.0,23.0,15.0,63.0,177.0,2.0
2010,JHARKHAND,LATEHAR,75.0,16.0,25.0,23.0,36.0,105.0,2.0
2010,JHARKHAND,LOHARDAGGA,36.0,39.0,24.0,19.0,23.0,115.0,2.0
2010,JHARKHAND,PAKUR,42.0,56.0,17.0,10.0,83.0,110.0,3.0
2010,JHARKHAND,PALAMU,240.0,48.0,63.0,74.0,222.0,340.0,5.0
2010,JHARKHAND,RAMGARH,53.0,23.0,23.0,24.0,59.0,194.0,2.0
2010,JHARKHAND,RANCHI,246.0,106.0,128.0,194.0,208.0,2090.0,5.0
2010,JHARKHAND,SAHEBGANJ,125.0,63.0,33.0,15.0,58.0,169.0,3.0
2010,JHARKHAND,SARAIKELA,118.0,40.0,16.0,39.0,15.0,306.0,3.0
2010,JHARKHAND,SIMDEGA,103.0,21.0,14.0,28.0,10.0,58.0,2.0
2010,KARNATAKA,BAGALKOT,79.0,76.0,11.0,24.0,168.0,295.0,3.0
2010,KARNATAKA,BANGALORE COMMR.,716.0,373.0,513.0,707.0,356.0,15115.0,5.0
2010,KARNATAKA,BELGAUM,232.0,264.0,62.0,75.0,584.0,1075.0,5.0
2010,KARNATAKA,BELLARY,98.0,92.0,20.0,36.0,244.0,506.0,4.0
2010,KARNATAKA,BIDAR,81.0,34.0,26.0,22.0,180.0,327.0,3.0
2010,KARNATAKA,BIJAPUR,109.0,71.0,43.0,27.0,297.0,377.0,4.0
2010,KARNATAKA,CBPURA,91.0,43.0,30.0,32.0,248.0,436.0,4.0
2010,KARNATAKA,CHAMARAJNAGAR,49.0,65.0,6.0,8.0,124.0,227.0,2.0
2010,KARNATAKA,CHICKMAGALUR,60.0,82.0,28.0,33.0,158.0,353.0,3.0
2010,KARNATAKA,CHITRADURGA,77.0,184.0,39.0,44.0,405.0,446.0,5.0
2010,KARNATAKA,DAKSHIN KANNADA,91.0,83.0,16.0,48.0,209.0,769.0,4.0
2010,KARNATAKA,DAVANAGERE,60.0,107.0,20.0,32.0,270.0,469.0,4.0
2010,KARNATAKA,DHARWAD COMMR.,33.0,17.0,20.0,66.0,95.0,645.0,2.0
2010,KARNATAKA,GADAG,38.0,41.0,8.0,7.0,97.0,130.0,2.0
2010,KARNATAKA,GULBARGA,195.0,90.0,75.0,113.0,487.0,665.0,5.0
2010,KARNATAKA,HASSAN,148.0,157.0,34.0,94.0,322.0,774.0,5.0
2010,KARNATAKA,HAVERI,55.0,71.0,23.0,13.0,220.0,246.0,3.0
2010,KARNATAKA,K.G.F.,28.0,27.0,16.0,10.0,55.0,162.0,2.0
2010,KARNATAKA,KODAGU,67.0,77.0,15.0,23.0,47.0,264.0,2.0
2010,KARNATAKA,KOLAR,96.0,41.0,18.0,20.0,196.0,322.0,4.0
2010,KARNATAKA,KOPPAL,69.0,39.0,21.0,15.0,153.0,252.0,3.0
2010,KARNATAKA,MANDYA,146.0,147.0,47.0,65.0,428.0,994.0,5.0
2010,KARNATAKA,MYSORE COMMR.,81.0,29.0,24.0,205.0,95.0,1344.0,4.0
2010,KARNATAKA,RAICHUR,99.0,136.0,38.0,13.0,294.0,346.0,4.0
2010,KARNATAKA,RAMANAGAR,161.0,67.0,38.0,80.0,303.0,821.0,5.0
2010,KARNATAKA,SHIMOGA,94.0,130.0,31.0,59.0,516.0,784.0,5.0
2010,KARNATAKA,TUMKUR,149.0,132.0,29.0,102.0,312.0,1003.0,5.0
2010,KARNATAKA,UDUPI,33.0,43.0,7.0,45.0,136.0,340.0,3.0
2010,KARNATAKA,UTTAR KANNADA,61.0,89.0,13.0,19.0,111.0,226.0,2.0
2010,KARNATAKA,YADGIRI,74.0,70.0,20.0,6.0,207.0,150.0,3.0
2010,KERALA,ALAPUZHA,64.0,216.0,21.0,49.0,461.0,701.0,5.0
2010,KERALA,ERNAKULAM COMMR.,18.0,87.0,8.0,36.0,246.0,640.0,3.0
2010,KERALA,IDUKKI,54.0,210.0,7.0,12.0,318.0,441.0,4.0
2010,KERALA,KANNUR,51.0,154.0,11.0,73.0,993.0,441.0,5.0
2010,KERALA,KASARGOD,18.0,116.0,9.0,23.0,462.0,362.0,4.0
2010,KERALA,KOLLAM,78.0,419.0,36.0,43.0,917.0,903.0,5.0
2010,KERALA,KOTTAYAM,48.0,282.0,11.0,34.0,433.0,744.0,5.0
2010,KERALA,KOZHIKODE COMMR.,10.0,86.0,11.0,75.0,281.0,700.0,4.0
2010,KERALA,MALAPPURAM,53.0,205.0,21.0,49.0,719.0,833.0,5.0
2010,KERALA,PALAKKAD,70.0,145.0,11.0,15.0,547.0,609.0,5.0
2010,KERALA,PATHANAMTHITTA,32.0,161.0,11.0,25.0,338.0,398.0,4.0
2010,KERALA,THRISSUR,80.0,254.0,16.0,49.0,825.0,752.0,5.0
2010,KERALA,TRIVANDRUM COMMR.,34.0,221.0,22.0,80.0,486.0,1082.0,5.0
2010,KERALA,WAYANADU,19.0,89.0,3.0,4.0,191.0,236.0,3.0
2010,MADHYA PRADESH,ALIRAJPUR,110.0,50.0,7.0,9.0,27.0,104.0,2.0
2010,MADHYA PRADESH,ANUPPUR,43.0,109.0,6.0,15.0,28.0,188.0,2.0
2010,MADHYA PRADESH,ASHOK NAGAR,62.0,148.0,9.0,17.0,27.0,236.0,2.0
2010,MADHYA PRADESH,BALAGHAT,59.0,149.0,7.0,20.0,66.0,220.0,3.0
2010,MADHYA PRADESH,BARWANI,75.0,88.0,4.0,9.0,26.0,233.0,2.0
2010,MADHYA PRADESH,BETUL,85.0,296.0,25.0,16.0,14.0,311.0,4.0
2010,MADHYA PRADESH,BHIND,160.0,90.0,11.0,55.0,64.0,299.0,4.0
2010,MADHYA PRADESH,BHOPAL,149.0,134.0,66.0,215.0,118.0,3566.0,5.0
2010,MADHYA PRADESH,BHOPAL RLY.,3.0,12.0,1.0,11.0,6.0,890.0,1.0
2010,MADHYA PRADESH,BURHANPUR,21.0,79.0,2.0,6.0,30.0,163.0,2.0
2010,MADHYA PRADESH,CHHATARPUR,144.0,239.0,26.0,65.0,102.0,596.0,4.0
2010,MADHYA PRADESH,CHHINDWARA,116.0,337.0,17.0,23.0,91.0,530.0,4.0
2010,MADHYA PRADESH,DAMOH,114.0,244.0,22.0,32.0,34.0,341.0,3.0
2010,MADHYA PRADESH,DATIYA,120.0,102.0,11.0,53.0,48.0,239.0,3.0
2010,MADHYA PRADESH,DEWAS,114.0,281.0,28.0,36.0,99.0,905.0,4.0
2010,MADHYA PRADESH,DHAR,139.0,265.0,42.0,40.0,126.0,718.0,5.0
2010,MADHYA PRADESH,DINDORI,25.0,120.0,2.0,4.0,10.0,77.0,2.0
2010,MADHYA PRADESH,GUNA,71.0,206.0,12.0,37.0,99.0,379.0,3.0
2010,MADHYA PRADESH,GWALIOR,301.0,251.0,102.0,200.0,196.0,3340.0,5.0
2010,MADHYA PRADESH,HARDA,42.0,94.0,9.0,3.0,21.0,210.0,2.0
2010,MADHYA PRADESH,HOSHANGABAD,94.0,213.0,38.0,50.0,65.0,643.0,4.0
2010,MADHYA PRADESH,INDORE,261.0,442.0,56.0,244.0,149.0,4904.0,5.0
2010,MADHYA PRADESH,INDORE RLY.,3.0,2.0,1.0,5.0,1.0,168.0,1.0
2010,MADHYA PRADESH,JABALPUR,176.0,319.0,34.0,75.0,91.0,1209.0,5.0
2010,MADHYA PRADESH,JABALPUR RLY.,2.0,6.0,1.0,4.0,2.0,400.0,1.0
2010,MADHYA PRADESH,JHABUA,52.0,80.0,14.0,26.0,42.0,207.0,2.0
2010,MADHYA PRADESH,KATNI,75.0,213.0,16.0,14.0,37.0,357.0,3.0
2010,MADHYA PRADESH,KHANDWA,72.0,200.0,15.0,11.0,53.0,416.0,3.0
2010,MADHYA PRADESH,KHARGON,94.0,233.0,14.0,11.0,38.0,546.0,3.0
2010,MADHYA PRADESH,MANDLA,51.0,124.0,7.0,3.0,25.0,133.0,2.0
2010,MADHYA PRADESH,MANDSAUR,56.0,166.0,24.0,35.0,43.0,446.0,3.0
2010,MADHYA PRADESH,MORENA,153.0,120.0,20.0,36.0,135.0,517.0,4.0
2010,MADHYA PRADESH,NARSINGHPUR,87.0,200.0,6.0,19.0,74.0,277.0,3.0
2010,MADHYA PRADESH,NEEMUCH,38.0,60.0,14.0,22.0,58.0,437.0,2.0
2010,MADHYA PRADESH,PANNA,49.0,134.0,11.0,29.0,9.0,295.0,2.0
2010,MADHYA PRADESH,RAISEN,98.0,296.0,34.0,17.0,61.0,362.0,4.0
2010,MADHYA PRADESH,RAJGARH,66.0,252.0,34.0,39.0,119.0,450.0,4.0
2010,MADHYA PRADESH,RATLAM,103.0,233.0,24.0,31.0,90.0,556.0,4.0
2010,MADHYA PRADESH,REWA,95.0,221.0,45.0,53.0,83.0,858.0,4.0
2010,MADHYA PRADESH,SAGAR,214.0,505.0,67.0,56.0,136.0,972.0,5.0
2010,MADHYA PRADESH,SATNA,126.0,288.0,27.0,49.0,59.0,784.0,4.0
2010,MADHYA PRADESH,SEONI,63.0,163.0,21.0,15.0,42.0,341.0,3.0
2010,MADHYA PRADESH,SHAHDOL,51.0,184.0,16.0,22.0,32.0,365.0,3.0
2010,MADHYA PRADESH,SHAJAPUR,73.0,173.0,19.0,34.0,64.0,572.0,3.0
2010,MADHYA PRADESH,SHEOPUR,30.0,46.0,10.0,9.0,58.0,98.0,2.0
2010,MADHYA PRADESH,SHIVPURI,94.0,204.0,28.0,47.0,89.0,355.0,4.0
2010,MADHYA PRADESH,SIDHI,52.0,148.0,29.0,18.0,39.0,323.0,3.0
2010,MADHYA PRADESH,SIHORE,94.0,205.0,32.0,17.0,63.0,455.0,4.0
2010,MADHYA PRADESH,SINGRAULI,56.0,165.0,24.0,12.0,31.0,284.0,3.0
2010,MADHYA PRADESH,TIKAMGARH,61.0,221.0,19.0,26.0,57.0,333.0,3.0
2010,MADHYA PRADESH,UJJAIN,198.0,256.0,54.0,93.0,162.0,1459.0,5.0
2010,MADHYA PRADESH,UMARIYA,18.0,95.0,2.0,8.0,22.0,98.0,1.0
2010,MADHYA PRADESH,VIDISHA,115.0,320.0,22.0,33.0,93.0,595.0,4.0
2010,MAHARASHTRA,AHMEDNAGAR,198.0,172.0,58.0,213.0,616.0,2397.0,5.0
2010,MAHARASHTRA,AKOLA,115.0,125.0,25.0,94.0,217.0,1474.0,4.0
2010,MAHARASHTRA,AMRAVATI COMMR.,45.0,72.0,31.0,57.0,71.0,1314.0,3.0
2010,MAHARASHTRA,AURANGABAD COMMR.,125.0,75.0,40.0,144.0,153.0,1592.0,4.0
2010,MAHARASHTRA,BEED,166.0,115.0,44.0,108.0,336.0,935.0,5.0
2010,MAHARASHTRA,BHANDARA,35.0,66.0,15.0,17.0,67.0,704.0,2.0
2010,MAHARASHTRA,BULDHANA,111.0,160.0,21.0,44.0,325.0,919.0,5.0
2010,MAHARASHTRA,CHANDRAPUR,88.0,160.0,21.0,27.0,149.0,1023.0,4.0
2010,MAHARASHTRA,DHULE,103.0,46.0,12.0,66.0,214.0,697.0,4.0
2010,MAHARASHTRA,GADCHIROLI,89.0,44.0,11.0,17.0,67.0,236.0,2.0
2010,MAHARASHTRA,GONDIA,48.0,108.0,18.0,23.0,70.0,565.0,2.0
2010,MAHARASHTRA,HINGOLI,74.0,47.0,6.0,49.0,172.0,336.0,3.0
2010,MAHARASHTRA,JALGAON,169.0,192.0,41.0,103.0,360.0,1459.0,5.0
2010,MAHARASHTRA,JALNA,97.0,92.0,13.0,87.0,239.0,744.0,4.0
2010,MAHARASHTRA,KOLHAPUR,83.0,98.0,22.0,58.0,234.0,1263.0,4.0
2010,MAHARASHTRA,LATUR,106.0,113.0,31.0,77.0,275.0,771.0,4.0
2010,MAHARASHTRA,MUMBAI COMMR.,405.0,669.0,194.0,445.0,413.0,18947.0,5.0
2010,MAHARASHTRA,MUMBAI RLY.,15.0,17.0,4.0,59.0,8.0,2088.0,1.0
2010,MAHARASHTRA,NAGPUR COMMR.,162.0,145.0,57.0,272.0,203.0,2667.0,5.0
2010,MAHARASHTRA,NAGPUR RLY.,13.0,9.0,3.0,50.0,11.0,953.0,1.0
2010,MAHARASHTRA,NANDED,152.0,121.0,52.0,124.0,359.0,1132.0,5.0
2010,MAHARASHTRA,NANDURBAR,60.0,52.0,14.0,19.0,132.0,291.0,3.0
2010,MAHARASHTRA,NASIK COMMR.,70.0,76.0,27.0,141.0,163.0,2649.0,4.0
2010,MAHARASHTRA,NAVI MUMBAI,87.0,63.0,23.0,145.0,141.0,3264.0,4.0
2010,MAHARASHTRA,OSMANABAD,76.0,102.0,29.0,53.0,192.0,722.0,4.0
2010,MAHARASHTRA,PARBHANI,94.0,74.0,36.0,71.0,217.0,833.0,4.0
2010,MAHARASHTRA,PUNE COMMR.,229.0,169.0,129.0,482.0,410.0,6659.0,5.0
2010,MAHARASHTRA,PUNE RLY.,1.0,1.0,2.0,14.0,2.0,381.0,1.0
2010,MAHARASHTRA,RAIGAD,71.0,54.0,11.0,28.0,97.0,545.0,3.0
2010,MAHARASHTRA,RATNAGIRI,34.0,65.0,9.0,21.0,136.0,475.0,3.0
2010,MAHARASHTRA,SANGLI,99.0,116.0,26.0,43.0,184.0,939.0,4.0
2010,MAHARASHTRA,SATARA,104.0,109.0,42.0,104.0,268.0,1560.0,5.0
2010,MAHARASHTRA,SINDHUDURG,22.0,19.0,5.0,6.0,53.0,293.0,2.0
2010,MAHARASHTRA,SOLAPUR COMMR.,40.0,34.0,14.0,58.0,69.0,614.0,2.0
2010,MAHARASHTRA,THANE COMMR.,182.0,245.0,93.0,204.0,307.0,5180.0,5.0
2010,MAHARASHTRA,WARDHA,75.0,163.0,26.0,55.0,177.0,1080.0,4.0
2010,MAHARASHTRA,WASHIM,63.0,68.0,17.0,34.0,131.0,540.0,3.0
2010,MAHARASHTRA,YAVATMAL,116.0,154.0,52.0,82.0,179.0,1245.0,4.0
2010,MANIPUR,BISHNUPUR,42.0,13.0,20.0,1.0,16.0,47.0,2.0
2010,MANIPUR,CHANDEL,8.0,0.0,1.0,0.0,11.0,2.0,1.0
2010,MANIPUR,CHURACHANDPUR,15.0,1.0,4.0,0.0,7.0,17.0,1.0
2010,MANIPUR,CID,0.0,0.0,0.0,0.0,0.0,2.0,1.0
2010,MANIPUR,IMPHAL EAST,70.0,10.0,43.0,0.0,18.0,80.0,3.0
2010,MANIPUR,IMPHAL WEST,132.0,22.0,71.0,0.0,32.0,301.0,3.0
2010,MANIPUR,SENAPATI,13.0,1.0,22.0,0.0,23.0,36.0,1.0
2010,MANIPUR,TAMENGLONG,1.0,0.0,1.0,0.0,12.0,6.0,1.0
2010,MANIPUR,THOUBAL,62.0,17.0,37.0,0.0,14.0,72.0,2.0
2010,MANIPUR,UKHRUL,8.0,1.0,0.0,1.0,18.0,3.0,1.0
2010,MEGHALAYA,GARO HILLS EAST,19.0,8.0,5.0,19.0,8.0,49.0,1.0
2010,MEGHALAYA,GARO HILLS SOUTH,11.0,4.0,5.0,3.0,2.0,13.0,1.0
2010,MEGHALAYA,GARO HILLS WEST,33.0,33.0,24.0,11.0,10.0,240.0,2.0
2010,MEGHALAYA,JAINTIA HILLS,53.0,34.0,8.0,12.0,4.0,110.0,2.0
2010,MEGHALAYA,KHASI HILLS EAST,43.0,51.0,16.0,36.0,16.0,429.0,2.0
2010,MEGHALAYA,KHASI HILLS WEST,28.0,38.0,6.0,15.0,8.0,61.0,2.0
2010,MEGHALAYA,RI-BHOI,15.0,29.0,7.0,13.0,11.0,63.0,1.0
2010,MIZORAM,AIZAWL,37.0,76.0,3.0,8.0,3.0,739.0,2.0
2010,MIZORAM,CHAMPHAI,10.0,25.0,0.0,0.0,1.0,138.0,1.0
2010,MIZORAM,KOLASIB,7.0,11.0,2.0,0.0,3.0,105.0,1.0
2010,MIZORAM,LAWNGTLAI,8.0,8.0,1.0,3.0,0.0,84.0,1.0
2010,MIZORAM,LUNGLEI,9.0,19.0,0.0,4.0,2.0,172.0,1.0
2010,MIZORAM,MAMIT,7.0,12.0,1.0,4.0,4.0,42.0,1.0
2010,MIZORAM,SAIHA,3.0,4.0,2.0,0.0,0.0,43.0,1.0
2010,MIZORAM,SERCHHIP,1.0,12.0,0.0,0.0,2.0,29.0,1.0
2010,NAGALAND,DIMAPUR,29.0,12.0,41.0,17.0,1.0,265.0,2.0
2010,NAGALAND,KIPHIRE,4.0,0.0,0.0,5.0,0.0,6.0,1.0
2010,NAGALAND,KOHIMA,19.0,4.0,6.0,10.0,0.0,100.0,1.0
2010,NAGALAND,LONGLENG,2.0,0.0,0.0,0.0,0.0,1.0,1.0
2010,NAGALAND,MOKOKCHUNG,7.0,3.0,1.0,10.0,0.0,27.0,1.0
2010,NAGALAND,MON,0.0,0.0,0.0,3.0,0.0,10.0,1.0
2010,NAGALAND,PEREN,2.0,0.0,0.0,1.0,0.0,11.0,1.0
2010,NAGALAND,PHEK,6.0,2.0,1.0,3.0,1.0,16.0,1.0
2010,NAGALAND,TUENSANG,4.0,3.0,0.0,1.0,0.0,15.0,1.0
2010,NAGALAND,WOKHA,10.0,2.0,1.0,6.0,1.0,21.0,1.0
2010,NAGALAND,ZUNHEBOTO,10.0,3.0,0.0,10.0,0.0,39.0,1.0
2010,ODISHA,ANGUL,120.0,292.0,42.0,95.0,117.0,516.0,4.0
2010,ODISHA,BALASORE,93.0,236.0,75.0,59.0,68.0,618.0,4.0
2010,ODISHA,BARAGARH,127.0,105.0,27.0,63.0,136.0,293.0,4.0
2010,ODISHA,BERHAMPUR,103.0,136.0,16.0,69.0,56.0,299.0,3.0
2010,ODISHA,BHADRAK,69.0,132.0,52.0,21.0,52.0,230.0,3.0
2010,ODISHA,BOLANGIR,153.0,236.0,19.0,44.0,112.0,336.0,4.0
2010,ODISHA,BOUDH,25.0,42.0,7.0,9.0,27.0,42.0,1.0
2010,ODISHA,CUTTACK,44.0,52.0,26.0,59.0,46.0,308.0,3.0
2010,ODISHA,DCP BBSR,102.0,88.0,41.0,62.0,66.0,1515.0,4.0
2010,ODISHA,DCP CTC,37.0,35.0,31.0,67.0,31.0,679.0,3.0
2010,ODISHA,DEOGARH,30.0,68.0,4.0,11.0,9.0,50.0,1.0
2010,ODISHA,DHENKANAL,106.0,271.0,36.0,67.0,137.0,369.0,4.0
2010,ODISHA,GAJAPATI,24.0,43.0,17.0,3.0,73.0,47.0,2.0
2010,ODISHA,GANJAM,285.0,344.0,47.0,88.0,125.0,315.0,5.0
2010,ODISHA,JAGATSINGHPUR,43.0,34.0,39.0,54.0,40.0,312.0,3.0
2010,ODISHA,JAJPUR,77.0,94.0,38.0,63.0,56.0,458.0,3.0
2010,ODISHA,JHARSUGUDA,54.0,57.0,4.0,58.0,64.0,428.0,2.0
2010,ODISHA,KALAHANDI,54.0,178.0,35.0,45.0,78.0,226.0,4.0
2010,ODISHA,KANDHAMAL,42.0,111.0,30.0,19.0,22.0,133.0,2.0
2010,ODISHA,KENDRAPARA,91.0,46.0,36.0,56.0,47.0,254.0,4.0
2010,ODISHA,KEONJHAR,160.0,152.0,37.0,117.0,93.0,466.0,4.0
2010,ODISHA,KHURDA,34.0,60.0,39.0,60.0,26.0,225.0,3.0
2010,ODISHA,KORAPUT,74.0,163.0,23.0,46.0,96.0,145.0,3.0
2010,ODISHA,MALKANGIR,71.0,36.0,10.0,13.0,78.0,58.0,2.0
2010,ODISHA,MAYURBHANJ,150.0,265.0,73.0,35.0,44.0,429.0,4.0
2010,ODISHA,NAYAGARH,47.0,32.0,24.0,37.0,51.0,311.0,2.0
2010,ODISHA,NOWRANGPUR,40.0,141.0,33.0,14.0,43.0,143.0,3.0
2010,ODISHA,NUAPADA,21.0,57.0,11.0,13.0,33.0,116.0,2.0
2010,ODISHA,PURI,137.0,38.0,47.0,154.0,109.0,525.0,4.0
2010,ODISHA,RAYAGADA,48.0,107.0,33.0,30.0,43.0,141.0,3.0
2010,ODISHA,ROURKELA,109.0,97.0,19.0,80.0,54.0,355.0,3.0
2010,ODISHA,SAMBALPUR,85.0,61.0,17.0,116.0,90.0,517.0,4.0
2010,ODISHA,SONEPUR,29.0,60.0,5.0,19.0,40.0,92.0,2.0
2010,ODISHA,SRP(CUTTACK),4.0,8.0,2.0,11.0,1.0,407.0,1.0
2010,ODISHA,SRP(ROURKELA),8.0,10.0,2.0,18.0,1.0,291.0,1.0
2010,ODISHA,SUNDARGARH,79.0,43.0,19.0,62.0,45.0,208.0,3.0
2010,PUNJAB,BARNALA,58.0,19.0,9.0,3.0,3.0,179.0,2.0
2010,PUNJAB,BATALA,45.0,42.0,26.0,4.0,6.0,277.0,2.0
2010,PUNJAB,BHATINDA,126.0,65.0,40.0,8.0,7.0,749.0,3.0
2010,PUNJAB,CP AMRITSAR,131.0,34.0,51.0,12.0,4.0,631.0,3.0
2010,PUNJAB,CP JALANDHAR,88.0,49.0,57.0,24.0,6.0,952.0,3.0
2010,PUNJAB,CP LUDHIANA,196.0,84.0,152.0,39.0,6.0,1573.0,5.0
2010,PUNJAB,FARIDKOT,48.0,12.0,7.0,1.0,2.0,257.0,1.0
2010,PUNJAB,FATEHGARH SAHIB,25.0,17.0,16.0,7.0,0.0,271.0,1.0
2010,PUNJAB,FEROZPUR,116.0,48.0,35.0,8.0,7.0,567.0,3.0
2010,PUNJAB,G.R.P,14.0,0.0,2.0,1.0,0.0,51.0,1.0
2010,PUNJAB,GURDASPUR,65.0,49.0,41.0,3.0,1.0,242.0,2.0
2010,PUNJAB,HOSHIARPUR,106.0,43.0,38.0,21.0,8.0,506.0,3.0
2010,PUNJAB,KAPURTHALA,84.0,26.0,25.0,22.0,7.0,340.0,2.0
2010,PUNJAB,KHANNA,38.0,12.0,15.0,11.0,0.0,319.0,1.0
2010,PUNJAB,MANSA,76.0,24.0,13.0,2.0,1.0,229.0,2.0
2010,PUNJAB,MOGA,86.0,28.0,22.0,9.0,5.0,460.0,2.0
2010,PUNJAB,MUKTSAR,56.0,17.0,15.0,5.0,2.0,313.0,2.0
2010,PUNJAB,PATIALA,100.0,61.0,37.0,18.0,4.0,821.0,3.0
2010,PUNJAB,ROPAR,46.0,28.0,18.0,2.0,3.0,320.0,2.0
2010,PUNJAB,SANGRUR,100.0,49.0,19.0,7.0,8.0,561.0,2.0
2010,PUNJAB,SAS NGR,44.0,35.0,35.0,7.0,0.0,660.0,2.0
2010,PUNJAB,SBS NAGAR,43.0,22.0,16.0,28.0,2.0,224.0,2.0
2010,PUNJAB,TARN TARAN,68.0,24.0,27.0,7.0,0.0,260.0,2.0
2010,RAJASTHAN,AJMER,104.0,128.0,105.0,16.0,36.0,1706.0,4.0
2010,RAJASTHAN,ALWAR,119.0,227.0,164.0,41.0,37.0,3294.0,5.0
2010,RAJASTHAN,BANSWARA,49.0,108.0,57.0,9.0,80.0,270.0,4.0
2010,RAJASTHAN,BARAN,90.0,177.0,72.0,7.0,11.0,535.0,3.0
2010,RAJASTHAN,BARMER,54.0,105.0,33.0,4.0,16.0,673.0,2.0
2010,RAJASTHAN,BHARATPUR,170.0,121.0,203.0,34.0,16.0,2148.0,5.0
2010,RAJASTHAN,BHILWARA,63.0,122.0,143.0,34.0,79.0,1564.0,4.0
2010,RAJASTHAN,BIKANER,111.0,99.0,43.0,5.0,13.0,902.0,3.0
2010,RAJASTHAN,BUNDI,79.0,144.0,93.0,15.0,15.0,538.0,3.0
2010,RAJASTHAN,CHITTORGARH,74.0,118.0,111.0,42.0,61.0,1073.0,4.0
2010,RAJASTHAN,CHURU,74.0,59.0,39.0,4.0,8.0,750.0,3.0
2010,RAJASTHAN,DAUSA,75.0,42.0,97.0,15.0,41.0,1256.0,4.0
2010,RAJASTHAN,DHOLPUR,120.0,40.0,77.0,35.0,14.0,812.0,4.0
2010,RAJASTHAN,DUNGARPUR,34.0,82.0,52.0,18.0,97.0,209.0,3.0
2010,RAJASTHAN,G.R.P. AJMER,9.0,1.0,1.0,6.0,2.0,391.0,1.0
2010,RAJASTHAN,G.R.P. JODHPUR,3.0,3.0,0.0,2.0,3.0,91.0,1.0
2010,RAJASTHAN,GANGANAGAR,121.0,146.0,102.0,10.0,8.0,1385.0,4.0
2010,RAJASTHAN,HANUMANGARH,120.0,154.0,50.0,10.0,10.0,887.0,3.0
2010,RAJASTHAN,JAIPUR EAST,50.0,70.0,79.0,116.0,87.0,3726.0,4.0
2010,RAJASTHAN,JAIPUR NORTH,47.0,65.0,67.0,34.0,25.0,1751.0,3.0
2010,RAJASTHAN,JAIPUR SOUTH,43.0,51.0,61.0,107.0,31.0,3538.0,3.0
2010,RAJASTHAN,JAISALMER,9.0,28.0,11.0,3.0,21.0,294.0,1.0
2010,RAJASTHAN,JALORE,31.0,49.0,38.0,4.0,18.0,410.0,2.0
2010,RAJASTHAN,JHALAWAR,116.0,249.0,62.0,25.0,70.0,707.0,4.0
2010,RAJASTHAN,JHUNJHUNU,89.0,94.0,63.0,10.0,28.0,872.0,3.0
2010,RAJASTHAN,KARAULI,86.0,66.0,91.0,30.0,22.0,983.0,4.0
2010,RAJASTHAN,NAGAUR,86.0,146.0,69.0,12.0,14.0,1074.0,4.0
2010,RAJASTHAN,PALI,78.0,128.0,102.0,14.0,11.0,923.0,4.0
2010,RAJASTHAN,PRATAPGARH,62.0,125.0,67.0,14.0,66.0,228.0,4.0
2010,RAJASTHAN,RAJSAMAND,29.0,55.0,31.0,16.0,27.0,482.0,2.0
2010,RAJASTHAN,SAWAI MADHOPUR,53.0,42.0,86.0,14.0,15.0,757.0,3.0
2010,RAJASTHAN,SIKAR,93.0,63.0,114.0,12.0,53.0,1327.0,4.0
2010,RAJASTHAN,SIROHI,72.0,83.0,34.0,5.0,29.0,404.0,2.0
2010,RAJASTHAN,TONK,43.0,37.0,50.0,2.0,37.0,629.0,2.0
2010,RAJASTHAN,UDAIPUR,189.0,303.0,186.0,83.0,267.0,1954.0,5.0
2010,SIKKIM,EAST,10.0,6.0,4.0,5.0,3.0,85.0,1.0
2010,SIKKIM,NORTH,2.0,0.0,0.0,0.0,1.0,5.0,1.0
2010,SIKKIM,SOUTH,11.0,14.0,1.0,2.0,5.0,44.0,1.0
2010,SIKKIM,WEST,2.0,9.0,1.0,1.0,2.0,12.0,1.0
2010,TAMIL NADU,ARIYALUR,65.0,84.0,26.0,9.0,20.0,128.0,2.0
2010,TAMIL NADU,CHENNAI,263.0,92.0,47.0,76.0,61.0,2468.0,5.0
2010,TAMIL NADU,CHENNAI RLY.,7.0,2.0,0.0,59.0,14.0,244.0,1.0
2010,TAMIL NADU,CUDDALORE,173.0,35.0,39.0,17.0,170.0,352.0,4.0
2010,TAMIL NADU,DHARMAPURI,90.0,57.0,47.0,27.0,139.0,254.0,4.0
2010,TAMIL NADU,DINDIGUL,148.0,52.0,43.0,33.0,104.0,622.0,4.0
2010,TAMIL NADU,ERODE,90.0,58.0,64.0,76.0,44.0,686.0,3.0
2010,TAMIL NADU,KANCHIPURAM,110.0,40.0,9.0,23.0,108.0,426.0,3.0
2010,TAMIL NADU,KANYAKUMARI,143.0,22.0,57.0,93.0,25.0,661.0,4.0
2010,TAMIL NADU,KARUR,70.0,38.0,54.0,35.0,26.0,323.0,3.0
2010,TAMIL NADU,KRISHNAGIRI,82.0,47.0,64.0,14.0,140.0,409.0,4.0
2010,TAMIL NADU,NAGAPATTINAM,105.0,66.0,38.0,18.0,69.0,260.0,3.0
2010,TAMIL NADU,NAMAKKAL,71.0,62.0,48.0,20.0,90.0,409.0,3.0
2010,TAMIL NADU,NILGIRIS,27.0,17.0,8.0,9.0,24.0,165.0,1.0
2010,TAMIL NADU,PERAMBALUR,44.0,21.0,10.0,27.0,8.0,170.0,2.0
2010,TAMIL NADU,PUDUKOTTAI,148.0,49.0,54.0,58.0,69.0,412.0,4.0
2010,TAMIL NADU,RAMNATHAPURAM,84.0,30.0,61.0,27.0,116.0,321.0,4.0
2010,TAMIL NADU,SIVAGANGAI,66.0,17.0,32.0,24.0,36.0,338.0,2.0
2010,TAMIL NADU,THANJAVUR,207.0,82.0,42.0,145.0,122.0,1213.0,4.0
2010,TAMIL NADU,THENI,164.0,79.0,93.0,53.0,96.0,696.0,4.0
2010,TAMIL NADU,THIRUVALLUR,95.0,28.0,17.0,8.0,70.0,273.0,3.0
2010,TAMIL NADU,THIRUVANNAMALAI,132.0,23.0,55.0,10.0,215.0,384.0,4.0
2010,TAMIL NADU,THIRUVARUR,61.0,32.0,22.0,21.0,80.0,308.0,2.0
2010,TAMIL NADU,THOOTHUGUDI,253.0,36.0,32.0,64.0,35.0,628.0,4.0
2010,TAMIL NADU,TIRUPPUR,102.0,34.0,52.0,133.0,45.0,1058.0,4.0
2010,TAMIL NADU,TRICHY RLY.,1.0,0.0,0.0,16.0,0.0,74.0,1.0
2010,TAMIL NADU,VELLORE,140.0,58.0,68.0,34.0,17.0,914.0,4.0
2010,TAMIL NADU,VILLUPURAM,147.0,130.0,82.0,19.0,336.0,461.0,5.0
2010,TAMIL NADU,VIRUDHUNAGAR,130.0,45.0,58.0,76.0,95.0,493.0,4.0
2010,TRIPURA,DHALAI,24.0,59.0,14.0,7.0,21.0,92.0,2.0
2010,TRIPURA,G.R.P.,0.0,1.0,0.0,0.0,0.0,4.0,1.0
2010,TRIPURA,NORTH,33.0,121.0,25.0,17.0,28.0,143.0,2.0
2010,TRIPURA,SOUTH,50.0,201.0,27.0,21.0,80.0,207.0,3.0
2010,TRIPURA,WEST,114.0,232.0,48.0,36.0,85.0,407.0,4.0
2010,UTTAR PRADESH,AGRA,295.0,117.0,252.0,61.0,241.0,2514.0,5.0
2010,UTTAR PRADESH,ALIGARH,334.0,227.0,274.0,112.0,302.0,1829.0,5.0
2010,UTTAR PRADESH,ALLAHABAD,255.0,88.0,136.0,61.0,159.0,1458.0,5.0
2010,UTTAR PRADESH,AMBEDKAR NAGAR,75.0,34.0,57.0,15.0,18.0,280.0,3.0
2010,UTTAR PRADESH,AURAIYA,57.0,30.0,50.0,11.0,18.0,147.0,2.0
2010,UTTAR PRADESH,AZAMGARH,136.0,40.0,78.0,49.0,64.0,375.0,4.0
2010,UTTAR PRADESH,BADAUN,225.0,71.0,81.0,32.0,18.0,286.0,4.0
2010,UTTAR PRADESH,BAGHPAT,112.0,27.0,46.0,33.0,60.0,261.0,3.0
2010,UTTAR PRADESH,BAHRAICH,128.0,65.0,132.0,37.0,77.0,505.0,5.0
2010,UTTAR PRADESH,BALLIA,74.0,18.0,32.0,11.0,24.0,219.0,2.0
2010,UTTAR PRADESH,BALRAMPUR,36.0,18.0,29.0,4.0,9.0,122.0,2.0
2010,UTTAR PRADESH,BANDA,76.0,61.0,42.0,5.0,30.0,210.0,3.0
2010,UTTAR PRADESH,BARABANKI,90.0,56.0,90.0,15.0,7.0,414.0,3.0
2010,UTTAR PRADESH,BAREILLY,279.0,141.0,182.0,44.0,118.0,971.0,5.0
2010,UTTAR PRADESH,BASTI,43.0,15.0,30.0,15.0,18.0,95.0,2.0
2010,UTTAR PRADESH,BIJNOR,159.0,96.0,117.0,54.0,54.0,646.0,5.0
2010,UTTAR PRADESH,BULANDSHAHAR,283.0,84.0,148.0,70.0,84.0,654.0,5.0
2010,UTTAR PRADESH,CHANDOLI,51.0,9.0,20.0,8.0,1.0,163.0,2.0
2010,UTTAR PRADESH,CHITRAKOOT DHAM,30.0,38.0,17.0,5.0,5.0,116.0,2.0
2010,UTTAR PRADESH,CSM NAGAR,73.0,47.0,79.0,11.0,48.0,182.0,3.0
2010,UTTAR PRADESH,DEORIA,52.0,8.0,23.0,6.0,28.0,113.0,2.0
2010,UTTAR PRADESH,ETAH,164.0,56.0,63.0,23.0,83.0,373.0,4.0
2010,UTTAR PRADESH,ETAWAH,81.0,23.0,52.0,17.0,11.0,328.0,3.0
2010,UTTAR PRADESH,FAIZABAD,67.0,43.0,71.0,10.0,46.0,425.0,3.0
2010,UTTAR PRADESH,FATEHGARH,112.0,37.0,56.0,8.0,16.0,188.0,3.0
2010,UTTAR PRADESH,FATEHPUR,142.0,86.0,71.0,45.0,27.0,333.0,4.0
2010,UTTAR PRADESH,FIROZABAD,204.0,51.0,99.0,37.0,60.0,462.0,5.0
2010,UTTAR PRADESH,G.R.P.,55.0,21.0,15.0,118.0,33.0,2483.0,3.0
2010,UTTAR PRADESH,GAUTAMBUDH NAGAR,224.0,80.0,107.0,255.0,114.0,3474.0,5.0
2010,UTTAR PRADESH,GHAZIABAD,471.0,121.0,366.0,206.0,201.0,5018.0,5.0
2010,UTTAR PRADESH,GHAZIPUR,105.0,17.0,19.0,44.0,48.0,190.0,3.0
2010,UTTAR PRADESH,GONDA,111.0,39.0,77.0,30.0,46.0,576.0,4.0
2010,UTTAR PRADESH,GORAKHPUR,209.0,114.0,229.0,87.0,240.0,1852.0,5.0
2010,UTTAR PRADESH,HAMIRPUR,53.0,31.0,15.0,3.0,5.0,132.0,2.0
2010,UTTAR PRADESH,HARDOI,119.0,70.0,74.0,6.0,18.0,256.0,3.0
2010,UTTAR PRADESH,HATHRAS,126.0,69.0,79.0,75.0,61.0,330.0,4.0
2010,UTTAR PRADESH,J.P.NAGAR,113.0,49.0,57.0,47.0,43.0,263.0,4.0
2010,UTTAR PRADESH,JALAUN,66.0,33.0,31.0,7.0,5.0,144.0,2.0
2010,UTTAR PRADESH,JAUNPUR,111.0,44.0,65.0,24.0,59.0,276.0,4.0
2010,UTTAR PRADESH,JHANSI,96.0,52.0,38.0,9.0,26.0,250.0,3.0
2010,UTTAR PRADESH,KANNAUJ,82.0,30.0,46.0,8.0,10.0,106.0,2.0
2010,UTTAR PRADESH,KANPUR NAGAR,300.0,160.0,316.0,91.0,176.0,2124.0,5.0
2010,UTTAR PRADESH,KANSHIRAM NAGAR,98.0,33.0,46.0,6.0,32.0,150.0,3.0
2010,UTTAR PRADESH,KAUSHAMBI,68.0,45.0,40.0,13.0,26.0,165.0,2.0
2010,UTTAR PRADESH,KHIRI,175.0,63.0,89.0,24.0,31.0,348.0,4.0
2010,UTTAR PRADESH,KUSHI NAGAR,67.0,24.0,27.0,3.0,35.0,175.0,2.0
2010,UTTAR PRADESH,LALITPUR,25.0,24.0,12.0,12.0,17.0,96.0,1.0
2010,UTTAR PRADESH,LUCKNOW,235.0,230.0,328.0,120.0,214.0,4632.0,5.0
2010,UTTAR PRADESH,MAHARAJGANJ,44.0,27.0,45.0,10.0,15.0,144.0,2.0
2010,UTTAR PRADESH,MAHOBA,48.0,37.0,22.0,8.0,19.0,102.0,2.0
2010,UTTAR PRADESH,MAINPURI,165.0,52.0,79.0,14.0,50.0,237.0,4.0
2010,UTTAR PRADESH,MATHURA,196.0,73.0,87.0,40.0,109.0,1054.0,5.0
2010,UTTAR PRADESH,MAU,93.0,40.0,48.0,15.0,72.0,224.0,3.0
2010,UTTAR PRADESH,MEERUT,389.0,155.0,195.0,263.0,211.0,2602.0,5.0
2010,UTTAR PRADESH,MIRZAPUR,35.0,6.0,4.0,5.0,2.0,222.0,1.0
2010,UTTAR PRADESH,MORADABAD,351.0,142.0,204.0,111.0,52.0,1250.0,5.0
2010,UTTAR PRADESH,MUZAFFARNAGAR,426.0,86.0,233.0,108.0,186.0,1107.0,5.0
2010,UTTAR PRADESH,PILIBHIT,58.0,41.0,57.0,8.0,5.0,287.0,3.0
2010,UTTAR PRADESH,PRATAPGARH,100.0,48.0,69.0,14.0,89.0,290.0,4.0
2010,UTTAR PRADESH,RAIBAREILLY,89.0,66.0,52.0,10.0,24.0,253.0,3.0
2010,UTTAR PRADESH,RAMABAI NAGAR,79.0,50.0,83.0,13.0,37.0,222.0,3.0
2010,UTTAR PRADESH,RAMPUR,164.0,109.0,114.0,107.0,77.0,686.0,5.0
2010,UTTAR PRADESH,SAHARANPUR,145.0,31.0,40.0,23.0,70.0,717.0,3.0
2010,UTTAR PRADESH,SANT KABIRNAGAR,50.0,41.0,45.0,20.0,43.0,179.0,3.0
2010,UTTAR PRADESH,SHAHJAHANPUR,213.0,89.0,102.0,23.0,36.0,433.0,5.0
2010,UTTAR PRADESH,SHRAWASTI,32.0,33.0,25.0,8.0,18.0,117.0,2.0
2010,UTTAR PRADESH,SIDHARTHNAGAR,34.0,25.0,40.0,8.0,11.0,129.0,2.0
2010,UTTAR PRADESH,SITAPUR,142.0,65.0,114.0,41.0,24.0,466.0,4.0
2010,UTTAR PRADESH,SONBHADRA,44.0,34.0,23.0,8.0,7.0,236.0,2.0
2010,UTTAR PRADESH,ST.RAVIDASNAGAR,32.0,4.0,9.0,2.0,4.0,62.0,1.0
2010,UTTAR PRADESH,SULTANPUR,93.0,55.0,59.0,18.0,31.0,338.0,3.0
2010,UTTAR PRADESH,UNNAO,128.0,89.0,81.0,26.0,37.0,309.0,4.0
2010,UTTAR PRADESH,VARANASI,114.0,23.0,88.0,24.0,61.0,1063.0,4.0
2010,UTTARAKHAND,ALMORA,7.0,6.0,5.0,1.0,7.0,35.0,1.0
2010,UTTARAKHAND,BAGESHWAR,3.0,5.0,2.0,0.0,1.0,15.0,1.0
2010,UTTARAKHAND,CHAMOLI,3.0,4.0,2.0,0.0,8.0,33.0,1.0
2010,UTTARAKHAND,CHAMPAWAT,5.0,2.0,3.0,0.0,3.0,18.0,1.0
2010,UTTARAKHAND,DEHRADUN,97.0,63.0,71.0,54.0,138.0,847.0,4.0
2010,UTTARAKHAND,HARIDWAR,113.0,59.0,86.0,54.0,161.0,784.0,4.0
2010,UTTARAKHAND,NAINITAL,54.0,28.0,29.0,7.0,29.0,253.0,2.0
2010,UTTARAKHAND,PAURI GARHWAL,12.0,9.0,5.0,8.0,9.0,67.0,1.0
2010,UTTARAKHAND,PITHORAGARH,8.0,8.0,5.0,0.0,11.0,34.0,1.0
2010,UTTARAKHAND,RUDRA PRAYAG,9.0,8.0,3.0,2.0,11.0,25.0,1.0
2010,UTTARAKHAND,TEHRI GARHWAL,6.0,7.0,2.0,1.0,1.0,47.0,1.0
2010,UTTARAKHAND,UDHAMSINGH NAGAR,133.0,45.0,70.0,46.0,91.0,1011.0,4.0
2010,UTTARAKHAND,UTTARKASHI,5.0,2.0,3.0,1.0,5.0,13.0,1.0
2010,WEST BENGAL,24 PARGANAS NORTH,647.0,347.0,438.0,98.0,840.0,2892.0,5.0
2010,WEST BENGAL,24 PARGANAS SOUTH,290.0,371.0,215.0,51.0,1253.0,2866.0,5.0
2010,WEST BENGAL,ASANSOL,56.0,31.0,21.0,9.0,52.0,380.0,3.0
2010,WEST BENGAL,BANKURA,169.0,95.0,47.0,62.0,278.0,302.0,5.0
2010,WEST BENGAL,BIRBHUM,136.0,92.0,52.0,33.0,304.0,457.0,5.0
2010,WEST BENGAL,BURDWAN,186.0,165.0,112.0,66.0,413.0,830.0,5.0
2010,WEST BENGAL,COOCHBEHAR,208.0,205.0,186.0,7.0,122.0,341.0,5.0
2010,WEST BENGAL,DAKSHIN DINAJPUR,145.0,133.0,96.0,13.0,40.0,211.0,4.0
2010,WEST BENGAL,DARJEELING,82.0,93.0,77.0,17.0,93.0,705.0,4.0
2010,WEST BENGAL,HOOGHLY,195.0,99.0,87.0,53.0,780.0,878.0,5.0
2010,WEST BENGAL,HOWRAH,133.0,180.0,185.0,108.0,297.0,1845.0,5.0
2010,WEST BENGAL,HOWRAH G.R.P.,18.0,8.0,5.0,8.0,2.0,581.0,1.0
2010,WEST BENGAL,JALPAIGURI,248.0,449.0,259.0,84.0,88.0,1513.0,5.0
2010,WEST BENGAL,KHARAGPUR G.R.P.,1.0,0.0,3.0,4.0,0.0,117.0,1.0
2010,WEST BENGAL,KOLKATA,147.0,258.0,125.0,18.0,282.0,4784.0,5.0
2010,WEST BENGAL,MALDA,249.0,306.0,189.0,31.0,80.0,404.0,5.0
2010,WEST BENGAL,MURSHIDABAD,841.0,1135.0,511.0,62.0,607.0,1214.0,5.0
2010,WEST BENGAL,NADIA,477.0,269.0,345.0,116.0,215.0,1415.0,5.0
2010,WEST BENGAL,PASCHIM MIDNAPUR,430.0,137.0,101.0,95.0,481.0,656.0,5.0
2010,WEST BENGAL,PURAB MIDNAPUR,148.0,67.0,127.0,39.0,594.0,533.0,5.0
2010,WEST BENGAL,PURULIA,122.0,102.0,37.0,47.0,104.0,319.0,4.0
2010,WEST BENGAL,SEALDAH G.R.P.,24.0,7.0,6.0,15.0,17.0,292.0,1.0
2010,WEST BENGAL,SILIGURI G.R.P.,8.0,3.0,3.0,1.0,0.0,102.0,1.0
2010,WEST BENGAL,UTTAR DINAJPUR,179.0,224.0,118.0,49.0,198.0,411.0,5.0
2010,A & N ISLANDS,ANDAMAN,19.0,54.0,10.0,8.0,22.0,259.0,2.0
2010,A & N ISLANDS,NICOBAR,1.0,1.0,0.0,0.0,1.0,8.0,1.0
2010,CHANDIGARH,CHANDIGARH,60.0,60.0,38.0,72.0,74.0,1903.0,3.0
2010,D & N HAVELI,D and N HAVELI,7.0,14.0,18.0,5.0,46.0,118.0,1.0
2010,DAMAN & DIU,DAMAN,8.0,3.0,2.0,6.0,8.0,70.0,1.0
2010,DAMAN & DIU,DIU,0.0,0.0,0.0,0.0,3.0,13.0,1.0
2010,DELHI UT,CAW,0.0,0.0,0.0,0.0,0.0,0.0,1.0
2010,DELHI UT,CENTRAL,39.0,45.0,126.0,35.0,6.0,1787.0,3.0
2010,DELHI UT,CRIME BRANCH,5.0,0.0,1.0,0.0,0.0,35.0,1.0
2010,DELHI UT,DELHI UT TOTAL,947.0,1108.0,3208.0,631.0,105.0,26708.0,5.0
2010,DELHI UT,EAST,119.0,130.0,357.0,88.0,21.0,3847.0,5.0
2010,DELHI UT,EOW,0.0,0.0,0.0,0.0,0.0,85.0,1.0
2010,DELHI UT,GRP(RLY),17.0,5.0,23.0,11.0,2.0,662.0,1.0
2010,DELHI UT,IGI AIRPORT,0.0,7.0,13.0,0.0,0.0,101.0,1.0
2010,DELHI UT,NEW DELHI,12.0,36.0,29.0,20.0,4.0,727.0,2.0
2010,DELHI UT,NORTH,53.0,30.0,161.0,24.0,8.0,1375.0,4.0
2010,DELHI UT,NORTH-EAST,102.0,119.0,458.0,62.0,11.0,2727.0,5.0
2010,DELHI UT,NORTH-WEST,113.0,112.0,260.0,186.0,7.0,2768.0,5.0
2010,DELHI UT,OUTER,147.0,113.0,457.0,43.0,8.0,2527.0,5.0
2010,DELHI UT,SOUTH,61.0,125.0,240.0,51.0,4.0,2887.0,5.0
2010,DELHI UT,SOUTH-EAST,84.0,172.0,369.0,32.0,13.0,2710.0,5.0
2010,DELHI UT,SOUTH-WEST,86.0,82.0,363.0,31.0,9.0,1529.0,5.0
2010,DELHI UT,STF,3.0,0.0,1.0,0.0,0.0,7.0,1.0
2010,DELHI UT,WEST,106.0,132.0,350.0,48.0,12.0,2934.0,5.0
2010,LAKSHADWEEP,LAKSHADWEEP,0.0,0.0,0.0,0.0,5.0,10.0,1.0
2010,PUDUCHERRY,KARAIKAL,7.0,16.0,2.0,0.0,32.0,83.0,1.0
2010,PUDUCHERRY,PUDUCHERRY,61.0,33.0,15.0,7.0,109.0,612.0,2.0
2011,ANDHRA PRADESH,ADILABAD,211.0,196.0,77.0,13.0,118.0,775.0,5.0
2011,ANDHRA PRADESH,ANANTAPUR,284.0,172.0,83.0,28.0,123.0,1063.0,5.0
2011,ANDHRA PRADESH,CHITTOOR,151.0,141.0,84.0,22.0,141.0,955.0,4.0
2011,ANDHRA PRADESH,CUDDAPAH,193.0,185.0,73.0,7.0,134.0,928.0,4.0
2011,ANDHRA PRADESH,CYBERABAD,358.0,247.0,146.0,102.0,101.0,6681.0,5.0
2011,ANDHRA PRADESH,EAST GODAVARI,196.0,248.0,60.0,25.0,65.0,1676.0,4.0
2011,ANDHRA PRADESH,GUNTAKAL RLY.,9.0,0.0,0.0,5.0,1.0,229.0,1.0
2011,ANDHRA PRADESH,GUNTUR,163.0,263.0,58.0,12.0,76.0,1249.0,4.0
2011,ANDHRA PRADESH,KARIMNAGAR,280.0,311.0,172.0,22.0,252.0,1778.0,5.0
2011,ANDHRA PRADESH,KHAMMAM,212.0,327.0,81.0,17.0,176.0,1019.0,5.0
2011,ANDHRA PRADESH,KRISHNA,149.0,428.0,89.0,15.0,82.0,1092.0,5.0
2011,ANDHRA PRADESH,KURNOOL,334.0,379.0,76.0,28.0,161.0,1190.0,5.0
2011,ANDHRA PRADESH,MAHABOOBNAGAR,301.0,250.0,74.0,18.0,143.0,1623.0,5.0
2011,ANDHRA PRADESH,MEDAK,212.0,159.0,40.0,25.0,134.0,1158.0,4.0
2011,ANDHRA PRADESH,NALGONDA,201.0,277.0,84.0,21.0,192.0,1201.0,5.0
2011,ANDHRA PRADESH,NELLORE,146.0,194.0,85.0,20.0,87.0,1467.0,4.0
2011,ANDHRA PRADESH,NIZAMABAD,199.0,161.0,84.0,39.0,108.0,1449.0,5.0
2011,ANDHRA PRADESH,PRAKASHAM,204.0,267.0,100.0,22.0,87.0,1059.0,4.0
2011,ANDHRA PRADESH,RAJAHMUNDRY,77.0,59.0,36.0,11.0,10.0,576.0,2.0
2011,ANDHRA PRADESH,RANGA REDDY,99.0,74.0,24.0,7.0,49.0,288.0,3.0
2011,ANDHRA PRADESH,SECUNDERABAD RLY.,11.0,5.0,1.0,7.0,8.0,454.0,1.0
2011,ANDHRA PRADESH,SRIKAKULAM,108.0,120.0,28.0,10.0,124.0,475.0,3.0
2011,ANDHRA PRADESH,VIJAYAWADA RLY.,2.0,4.0,3.0,4.0,0.0,406.0,1.0
2011,ANDHRA PRADESH,VISAKHAPATNAM,78.0,88.0,50.0,41.0,14.0,1868.0,3.0
2011,ANDHRA PRADESH,VIZIANAGARAM,73.0,129.0,26.0,11.0,16.0,589.0,3.0
2011,ANDHRA PRADESH,WARANGAL,112.0,205.0,68.0,13.0,235.0,759.0,5.0
2011,ANDHRA PRADESH,WEST GODAVARI,168.0,461.0,144.0,22.0,78.0,2145.0,5.0
2011,ARUNACHAL PRADESH,ANJAW,3.0,0.0,0.0,0.0,0.0,6.0,1.0
2011,ARUNACHAL PRADESH,CHANGLANG,13.0,6.0,12.0,4.0,1.0,60.0,1.0
2011,ARUNACHAL PRADESH,DIBANG VALLEY,4.0,4.0,3.0,9.0,6.0,22.0,1.0
2011,ARUNACHAL PRADESH,K/KUMEY,3.0,4.0,0.0,1.0,0.0,9.0,1.0
2011,ARUNACHAL PRADESH,KAMENG EAST,3.0,6.0,2.0,5.0,1.0,24.0,1.0
2011,ARUNACHAL PRADESH,KAMENG WEST,8.0,4.0,2.0,1.0,3.0,28.0,1.0
2011,ARUNACHAL PRADESH,LOHIT,15.0,7.0,10.0,6.0,2.0,54.0,1.0
2011,ARUNACHAL PRADESH,PAPUM PARE,13.0,11.0,23.0,16.0,49.0,193.0,2.0
2011,ARUNACHAL PRADESH,SIANG EAST,5.0,15.0,4.0,6.0,4.0,113.0,1.0
2011,ARUNACHAL PRADESH,SIANG UPPER,2.0,4.0,3.0,3.0,0.0,19.0,1.0
2011,ARUNACHAL PRADESH,SIANG WEST,5.0,10.0,8.0,8.0,7.0,57.0,1.0
2011,ARUNACHAL PRADESH,SUBANSIRI LOWER,5.0,2.0,3.0,5.0,2.0,22.0,1.0
2011,ARUNACHAL PRADESH,SUBANSIRI UPPER,2.0,7.0,8.0,3.0,3.0,29.0,1.0
2011,ARUNACHAL PRADESH,TAWANG,0.0,1.0,1.0,0.0,0.0,13.0,1.0
2011,ARUNACHAL PRADESH,TIRAP,12.0,6.0,9.0,6.0,1.0,47.0,1.0
2011,ARUNACHAL PRADESH,UPPER DIBANG VALLEY,0.0,0.0,0.0,0.0,1.0,4.0,1.0
2011,ASSAM,BARPETA,71.0,117.0,168.0,39.0,199.0,494.0,5.0
2011,ASSAM,BASKA,47.0,33.0,68.0,16.0,17.0,142.0,3.0
2011,ASSAM,BONGAIGAON,30.0,74.0,74.0,15.0,108.0,310.0,4.0
2011,ASSAM,C.I.D.,0.0,0.0,1.0,0.0,0.0,30.0,1.0
2011,ASSAM,CACHAR,71.0,81.0,178.0,45.0,280.0,800.0,5.0
2011,ASSAM,CHIRANG,27.0,38.0,43.0,27.0,13.0,148.0,2.0
2011,ASSAM,DARRANG,37.0,204.0,200.0,9.0,35.0,492.0,5.0
2011,ASSAM,DHEMAJI,37.0,102.0,63.0,18.0,32.0,163.0,3.0
2011,ASSAM,DHUBRI,87.0,367.0,307.0,56.0,547.0,509.0,5.0
2011,ASSAM,DIBRUGARH,99.0,61.0,135.0,24.0,22.0,698.0,4.0
2011,ASSAM,G.R.P.,7.0,1.0,8.0,14.0,8.0,175.0,1.0
2011,ASSAM,GOALPARA,44.0,101.0,100.0,23.0,149.0,305.0,5.0
2011,ASSAM,GOLAGHAT,112.0,120.0,159.0,35.0,21.0,363.0,5.0
2011,ASSAM,HAILAKANDI,22.0,88.0,78.0,10.0,182.0,232.0,4.0
2011,ASSAM,JORHAT,62.0,98.0,85.0,35.0,25.0,597.0,4.0
2011,ASSAM,KAMRUP,49.0,124.0,156.0,55.0,54.0,574.0,5.0
2011,ASSAM,KARBI ANGLONG,79.0,35.0,47.0,13.0,36.0,202.0,3.0
2011,ASSAM,KARIMGANJ,71.0,61.0,79.0,27.0,116.0,300.0,4.0
2011,ASSAM,KOKRAJHAR,78.0,83.0,105.0,25.0,96.0,249.0,4.0
2011,ASSAM,LAKHIMPUR,54.0,109.0,143.0,21.0,55.0,251.0,4.0
2011,ASSAM,MORIGAON,39.0,66.0,96.0,8.0,106.0,182.0,4.0
2011,ASSAM,N.C.HILLS,24.0,3.0,19.0,2.0,9.0,69.0,1.0
2011,ASSAM,NAGAON,165.0,247.0,374.0,191.0,363.0,967.0,5.0
2011,ASSAM,NALBARI,31.0,123.0,95.0,40.0,27.0,389.0,3.0
2011,ASSAM,R.P.O.,6.0,6.0,3.0,1.0,10.0,9.0,1.0
2011,ASSAM,SIBSAGAR,91.0,127.0,132.0,32.0,54.0,609.0,4.0
2011,ASSAM,SONITPUR,100.0,130.0,262.0,30.0,77.0,685.0,5.0
2011,ASSAM,TINSUKIA,148.0,88.0,153.0,40.0,58.0,627.0,5.0
2011,ASSAM,UDALGURI,48.0,38.0,67.0,17.0,21.0,165.0,3.0
2011,BIHAR,ARARIA,127.0,83.0,115.0,64.0,280.0,369.0,5.0
2011,BIHAR,ARWAL,100.0,13.0,17.0,8.0,57.0,136.0,2.0
2011,BIHAR,AURANGABAD,194.0,50.0,62.0,69.0,347.0,661.0,5.0
2011,BIHAR,BAGAHA,89.0,24.0,62.0,15.0,148.0,315.0,4.0
2011,BIHAR,BANKA,113.0,34.0,66.0,24.0,143.0,238.0,4.0
2011,BIHAR,BEGUSARAI,142.0,29.0,119.0,52.0,277.0,539.0,5.0
2011,BIHAR,BETTIAH,88.0,28.0,118.0,14.0,261.0,688.0,5.0
2011,BIHAR,BHABHUA,121.0,41.0,57.0,33.0,187.0,328.0,4.0
2011,BIHAR,BHAGALPUR,146.0,33.0,106.0,43.0,257.0,611.0,5.0
2011,BIHAR,BHOJPUR,141.0,18.0,64.0,48.0,153.0,595.0,4.0
2011,BIHAR,BUXAR,100.0,19.0,76.0,55.0,220.0,488.0,5.0
2011,BIHAR,DARBHANGA,206.0,236.0,128.0,32.0,516.0,973.0,5.0
2011,BIHAR,GAYA,186.0,30.0,155.0,115.0,279.0,1090.0,5.0
2011,BIHAR,GOPALGANJ,246.0,47.0,139.0,16.0,302.0,473.0,5.0
2011,BIHAR,JAMALPUR RLY.,8.0,2.0,3.0,7.0,6.0,193.0,1.0
2011,BIHAR,JAMUI,224.0,57.0,71.0,47.0,206.0,297.0,5.0
2011,BIHAR,JEHANABAD,68.0,18.0,31.0,20.0,139.0,281.0,3.0
2011,BIHAR,KATIHAR,168.0,113.0,126.0,46.0,245.0,500.0,5.0
2011,BIHAR,KATIHAR RLY.,18.0,6.0,8.0,7.0,7.0,205.0,1.0
2011,BIHAR,KHAGARIA,100.0,14.0,53.0,22.0,219.0,150.0,4.0
2011,BIHAR,KISHANGANJ,39.0,50.0,63.0,21.0,122.0,259.0,4.0
2011,BIHAR,LAKHISARAI,49.0,17.0,51.0,25.0,109.0,218.0,3.0
2011,BIHAR,MADHEPURA,57.0,8.0,78.0,36.0,238.0,290.0,4.0
2011,BIHAR,MADHUBANI,89.0,44.0,182.0,53.0,388.0,538.0,5.0
2011,BIHAR,MOTIHARI,915.0,45.0,209.0,71.0,674.0,978.0,5.0
2011,BIHAR,MUNGER,122.0,9.0,72.0,56.0,166.0,351.0,4.0
2011,BIHAR,MUZAFFARPUR,192.0,60.0,255.0,116.0,481.0,1616.0,5.0
2011,BIHAR,MUZAFFARPUR RLY.,14.0,11.0,6.0,14.0,10.0,285.0,1.0
2011,BIHAR,NALANDA,169.0,44.0,81.0,29.0,173.0,528.0,5.0
2011,BIHAR,NAUGACHIA,100.0,13.0,38.0,14.0,125.0,168.0,3.0
2011,BIHAR,NAWADAH,108.0,47.0,63.0,37.0,202.0,330.0,4.0
2011,BIHAR,PATNA,277.0,42.0,364.0,213.0,537.0,4131.0,5.0
2011,BIHAR,PATNA RLY.,28.0,12.0,6.0,24.0,20.0,789.0,1.0
2011,BIHAR,PURNEA,141.0,86.0,131.0,31.0,229.0,535.0,5.0
2011,BIHAR,ROHTAS,225.0,66.0,106.0,68.0,308.0,905.0,5.0
2011,BIHAR,SAHARSA,148.0,43.0,63.0,41.0,303.0,296.0,5.0
2011,BIHAR,SAMASTIPUR,339.0,49.0,166.0,68.0,373.0,563.0,5.0
2011,BIHAR,SARAN,558.0,56.0,146.0,53.0,456.0,776.0,5.0
2011,BIHAR,SHEIKHPURA,41.0,3.0,22.0,8.0,52.0,181.0,2.0
2011,BIHAR,SHEOHAR,37.0,7.0,25.0,33.0,60.0,83.0,2.0
2011,BIHAR,SITAMARHI,108.0,22.0,58.0,57.0,249.0,600.0,4.0
2011,BIHAR,SIWAN,265.0,20.0,196.0,29.0,310.0,482.0,5.0
2011,BIHAR,SUPAUL,65.0,31.0,78.0,18.0,263.0,381.0,4.0
2011,BIHAR,VAISHALI,202.0,44.0,233.0,85.0,376.0,1025.0,5.0
2011,CHHATTISGARH,BALRAMPUR,68.0,107.0,2.0,12.0,34.0,59.0,2.0
2011,CHHATTISGARH,BILASPUR,157.0,216.0,24.0,58.0,179.0,1084.0,5.0
2011,CHHATTISGARH,BIZAPUR,152.0,9.0,4.0,7.0,9.0,34.0,2.0
2011,CHHATTISGARH,DANTEWARA,123.0,18.0,9.0,14.0,44.0,85.0,2.0
2011,CHHATTISGARH,DHAMTARI,20.0,71.0,18.0,7.0,16.0,228.0,2.0
2011,CHHATTISGARH,DURG,192.0,406.0,115.0,87.0,111.0,1749.0,5.0
2011,CHHATTISGARH,GARIYABAND,42.0,51.0,4.0,5.0,15.0,78.0,2.0
2011,CHHATTISGARH,GRP RAIPUR,4.0,3.0,0.0,2.0,3.0,200.0,1.0
2011,CHHATTISGARH,JAGDALPUR,89.0,97.0,9.0,14.0,40.0,237.0,3.0
2011,CHHATTISGARH,JANJGIR,70.0,147.0,13.0,45.0,144.0,570.0,3.0
2011,CHHATTISGARH,JASHPUR,92.0,147.0,49.0,16.0,23.0,183.0,4.0
2011,CHHATTISGARH,KABIRDHAM,36.0,66.0,16.0,5.0,40.0,207.0,2.0
2011,CHHATTISGARH,KANKER,78.0,43.0,8.0,16.0,45.0,76.0,2.0
2011,CHHATTISGARH,KORBA,47.0,125.0,5.0,38.0,80.0,402.0,3.0
2011,CHHATTISGARH,KORIYA,65.0,167.0,16.0,11.0,23.0,276.0,3.0
2011,CHHATTISGARH,MAHASAMUND,36.0,95.0,37.0,15.0,49.0,372.0,2.0
2011,CHHATTISGARH,NARAYANPUR,63.0,7.0,2.0,9.0,5.0,11.0,1.0
2011,CHHATTISGARH,RAIGARH,143.0,146.0,15.0,34.0,79.0,694.0,4.0
2011,CHHATTISGARH,RAIPUR,181.0,365.0,55.0,81.0,187.0,2516.0,5.0
2011,CHHATTISGARH,RAJNANDGAON,78.0,108.0,22.0,23.0,36.0,372.0,3.0
2011,CHHATTISGARH,SARGUJA,88.0,179.0,32.0,27.0,37.0,369.0,3.0
2011,CHHATTISGARH,SURAJPUR,61.0,134.0,17.0,12.0,24.0,221.0,3.0
2011,GOA,NORTH GOA,43.0,33.0,14.0,16.0,63.0,964.0,2.0
2011,GOA,SOUTH GOA,33.0,25.0,14.0,12.0,35.0,656.0,2.0
2011,GUJARAT,AHMEDABAD COMMR.,166.0,143.0,230.0,751.0,162.0,5305.0,5.0
2011,GUJARAT,AHWA-DANG,9.0,2.0,0.0,0.0,1.0,23.0,1.0
2011,GUJARAT,AMRELI,31.0,38.0,79.0,13.0,50.0,290.0,3.0
2011,GUJARAT,ANAND,26.0,30.0,45.0,12.0,48.0,530.0,2.0
2011,GUJARAT,BHARUCH,44.0,22.0,28.0,23.0,55.0,564.0,2.0
2011,GUJARAT,BHAVNAGAR,83.0,43.0,88.0,26.0,96.0,664.0,4.0
2011,GUJARAT,CID CRIME,1.0,0.0,0.0,0.0,0.0,10.0,1.0
2011,GUJARAT,DAHOD,55.0,17.0,53.0,44.0,70.0,338.0,3.0
2011,GUJARAT,GANDHINAGAR,37.0,30.0,21.0,26.0,42.0,626.0,2.0
2011,GUJARAT,HIMATNAGAR,42.0,39.0,48.0,14.0,55.0,416.0,2.0
2011,GUJARAT,JAMNAGAR,66.0,55.0,65.0,30.0,129.0,752.0,4.0
2011,GUJARAT,JUNAGADH,44.0,37.0,69.0,17.0,111.0,593.0,3.0
2011,GUJARAT,KHEDA NORTH,54.0,26.0,53.0,20.0,36.0,354.0,2.0
2011,GUJARAT,KUTCH (EAST(G)),46.0,21.0,24.0,25.0,38.0,394.0,2.0
2011,GUJARAT,KUTCH (WEST-BHUJ),37.0,29.0,15.0,8.0,52.0,362.0,2.0
2011,GUJARAT,MEHSANA,44.0,29.0,71.0,38.0,82.0,871.0,3.0
2011,GUJARAT,NARMADA,18.0,10.0,4.0,1.0,7.0,33.0,1.0
2011,GUJARAT,NAVSARI,31.0,8.0,10.0,11.0,21.0,241.0,1.0
2011,GUJARAT,PALANPUR,74.0,102.0,92.0,69.0,91.0,697.0,4.0
2011,GUJARAT,PANCHMAHAL,67.0,43.0,60.0,30.0,56.0,353.0,3.0
2011,GUJARAT,PATAN,31.0,59.0,47.0,31.0,64.0,424.0,3.0
2011,GUJARAT,PORBANDAR,20.0,7.0,12.0,3.0,15.0,142.0,1.0
2011,GUJARAT,RAJKOT COMMR.,66.0,27.0,40.0,39.0,79.0,1219.0,3.0
2011,GUJARAT,SURAT COMMR.,140.0,70.0,112.0,90.0,68.0,2411.0,5.0
2011,GUJARAT,SURENDRANAGAR,48.0,47.0,44.0,18.0,65.0,367.0,3.0
2011,GUJARAT,TAPI,19.0,5.0,2.0,2.0,12.0,118.0,1.0
2011,GUJARAT,VADODARA COMMR.,50.0,24.0,50.0,96.0,83.0,2002.0,3.0
2011,GUJARAT,VALSAD,46.0,15.0,19.0,9.0,35.0,547.0,2.0
2011,GUJARAT,W.RLY AHMEDABAD,7.0,6.0,2.0,5.0,6.0,232.0,1.0
2011,GUJARAT,W.RLY VADODARA,6.0,2.0,1.0,8.0,0.0,592.0,1.0
2011,HARYANA,AMBALA,79.0,65.0,34.0,37.0,4.0,1227.0,3.0
2011,HARYANA,BHIWANI,118.0,67.0,43.0,37.0,190.0,1086.0,4.0
2011,HARYANA,FARIDABAD,124.0,85.0,105.0,47.0,182.0,2475.0,5.0
2011,HARYANA,FATEHABAD,49.0,21.0,25.0,10.0,32.0,446.0,2.0
2011,HARYANA,GRP,34.0,2.0,2.0,24.0,27.0,534.0,1.0
2011,HARYANA,GURGAON,150.0,67.0,49.0,91.0,119.0,4185.0,5.0
2011,HARYANA,HISSAR,152.0,73.0,83.0,53.0,119.0,1826.0,4.0
2011,HARYANA,JHAJJAR,105.0,52.0,31.0,41.0,90.0,703.0,3.0
2011,HARYANA,JIND,88.0,52.0,32.0,34.0,114.0,977.0,4.0
2011,HARYANA,KAITHAL,63.0,38.0,23.0,21.0,7.0,658.0,2.0
2011,HARYANA,KARNAL,99.0,87.0,22.0,32.0,57.0,1174.0,4.0
2011,HARYANA,KURUKSHETRA,52.0,51.0,34.0,25.0,3.0,877.0,2.0
2011,HARYANA,MAHENDRAGARH,56.0,48.0,46.0,34.0,86.0,715.0,3.0
2011,HARYANA,MEWAT,61.0,37.0,32.0,22.0,84.0,452.0,3.0
2011,HARYANA,PALWAL,100.0,86.0,54.0,26.0,161.0,758.0,4.0
2011,HARYANA,PANCHKULA,31.0,26.0,17.0,18.0,0.0,623.0,2.0
2011,HARYANA,PANIPAT,83.0,76.0,90.0,50.0,130.0,1277.0,4.0
2011,HARYANA,REWARI,69.0,36.0,26.0,50.0,55.0,881.0,3.0
2011,HARYANA,ROHTAK,128.0,95.0,47.0,64.0,117.0,1356.0,4.0
2011,HARYANA,SIRSA,76.0,47.0,60.0,18.0,41.0,919.0,3.0
2011,HARYANA,SONIPAT,149.0,46.0,54.0,46.0,5.0,1039.0,4.0
2011,HARYANA,YAMUNANAGAR,107.0,50.0,50.0,25.0,9.0,821.0,3.0
2011,HIMACHAL PRADESH,BADDIPOLICEDIST,11.0,15.0,17.0,0.0,27.0,167.0,1.0
2011,HIMACHAL PRADESH,BILASPUR,10.0,26.0,3.0,0.0,57.0,142.0,1.0
2011,HIMACHAL PRADESH,CHAMBA,18.0,35.0,19.0,1.0,34.0,141.0,1.0
2011,HIMACHAL PRADESH,CID,0.0,0.0,0.0,0.0,0.0,0.0,1.0
2011,HIMACHAL PRADESH,G.R.P.,0.0,0.0,0.0,0.0,0.0,8.0,1.0
2011,HIMACHAL PRADESH,HAMIRPUR,8.0,22.0,8.0,0.0,26.0,86.0,1.0
2011,HIMACHAL PRADESH,KANGRA,30.0,92.0,68.0,4.0,105.0,482.0,3.0
2011,HIMACHAL PRADESH,KINNAUR,3.0,10.0,1.0,0.0,10.0,35.0,1.0
2011,HIMACHAL PRADESH,KULLU,15.0,58.0,13.0,0.0,26.0,171.0,2.0
2011,HIMACHAL PRADESH,LAHAUL-SPITI,0.0,1.0,0.0,0.0,1.0,2.0,1.0
2011,HIMACHAL PRADESH,MANDI,18.0,81.0,17.0,0.0,99.0,243.0,2.0
2011,HIMACHAL PRADESH,SHIMLA,32.0,67.0,24.0,2.0,107.0,495.0,2.0
2011,HIMACHAL PRADESH,SIRMAUR,13.0,45.0,17.0,1.0,65.0,154.0,2.0
2011,HIMACHAL PRADESH,SOLAN,17.0,19.0,13.0,2.0,42.0,248.0,2.0
2011,HIMACHAL PRADESH,UNA,11.0,28.0,12.0,1.0,41.0,165.0,1.0
2011,JAMMU & KASHMIR,ANANTNAG,14.0,152.0,112.0,10.0,152.0,314.0,4.0
2011,JAMMU & KASHMIR,AWANTIPORA,12.0,17.0,26.0,4.0,23.0,74.0,1.0
2011,JAMMU & KASHMIR,BANDIPORA,13.0,62.0,59.0,2.0,90.0,122.0,2.0
2011,JAMMU & KASHMIR,BARAMULLA,20.0,106.0,77.0,4.0,79.0,203.0,3.0
2011,JAMMU & KASHMIR,BUDGAM,18.0,102.0,101.0,4.0,178.0,342.0,4.0
2011,JAMMU & KASHMIR,CRIME JAMMU,0.0,0.0,0.0,0.0,0.0,16.0,1.0
2011,JAMMU & KASHMIR,CRIME SRINAGAR,0.0,0.0,0.0,0.0,0.0,23.0,1.0
2011,JAMMU & KASHMIR,DODA,22.0,41.0,47.0,0.0,37.0,104.0,2.0
2011,JAMMU & KASHMIR,GANDERBAL,10.0,66.0,32.0,4.0,73.0,90.0,2.0
2011,JAMMU & KASHMIR,HANDWARA,22.0,82.0,33.0,2.0,63.0,95.0,2.0
2011,JAMMU & KASHMIR,JAMMU,103.0,73.0,68.0,2.0,73.0,1027.0,4.0
2011,JAMMU & KASHMIR,KARGIL,3.0,3.0,1.0,0.0,11.0,11.0,1.0
2011,JAMMU & KASHMIR,KATHUA,32.0,49.0,38.0,1.0,41.0,159.0,2.0
2011,JAMMU & KASHMIR,KISHTWAR,19.0,16.0,25.0,1.0,7.0,49.0,1.0
2011,JAMMU & KASHMIR,KULGAM,17.0,78.0,46.0,8.0,59.0,139.0,2.0
2011,JAMMU & KASHMIR,KUPWARA,35.0,56.0,46.0,1.0,162.0,152.0,3.0
2011,JAMMU & KASHMIR,LEH,1.0,10.0,1.0,0.0,4.0,27.0,1.0
2011,JAMMU & KASHMIR,POONCH,28.0,49.0,32.0,0.0,117.0,90.0,3.0
2011,JAMMU & KASHMIR,PULWAMA,17.0,16.0,39.0,3.0,74.0,97.0,2.0
2011,JAMMU & KASHMIR,RAJOURI,53.0,62.0,43.0,1.0,47.0,161.0,3.0
2011,JAMMU & KASHMIR,RAMBAN,11.0,25.0,16.0,0.0,7.0,70.0,1.0
2011,JAMMU & KASHMIR,REASI,21.0,22.0,17.0,1.0,8.0,71.0,1.0
2011,JAMMU & KASHMIR,SAMBA,26.0,9.0,11.0,0.0,20.0,82.0,1.0
2011,JAMMU & KASHMIR,SHOPIAN,36.0,85.0,29.0,11.0,47.0,203.0,2.0
2011,JAMMU & KASHMIR,SOPORE,57.0,62.0,42.0,6.0,22.0,205.0,2.0
2011,JAMMU & KASHMIR,SRINAGAR,76.0,185.0,118.0,35.0,170.0,913.0,4.0
2011,JAMMU & KASHMIR,UDHAMPUR,25.0,43.0,18.0,2.0,43.0,120.0,2.0
2011,JHARKHAND,BOKARO,81.0,50.0,57.0,53.0,114.0,960.0,4.0
2011,JHARKHAND,CHAIBASA,158.0,37.0,14.0,32.0,18.0,164.0,3.0
2011,JHARKHAND,CHATRA,65.0,13.0,22.0,46.0,91.0,140.0,3.0
2011,JHARKHAND,DEOGHAR,117.0,50.0,24.0,37.0,131.0,420.0,4.0
2011,JHARKHAND,DHANBAD,109.0,66.0,99.0,97.0,219.0,1153.0,5.0
2011,JHARKHAND,DHANBAD RLY.,4.0,8.0,3.0,9.0,3.0,212.0,1.0
2011,JHARKHAND,DUMKA,93.0,53.0,28.0,19.0,94.0,388.0,3.0
2011,JHARKHAND,GARHWA,135.0,73.0,33.0,35.0,223.0,221.0,4.0
2011,JHARKHAND,GIRIDIH,69.0,87.0,63.0,51.0,268.0,574.0,5.0
2011,JHARKHAND,GODDA,64.0,50.0,38.0,17.0,32.0,162.0,3.0
2011,JHARKHAND,GUMLA,260.0,56.0,52.0,49.0,56.0,165.0,4.0
2011,JHARKHAND,HAZARIBAGH,119.0,47.0,58.0,46.0,141.0,460.0,4.0
2011,JHARKHAND,JAMSHEDPUR,126.0,71.0,73.0,47.0,135.0,1125.0,4.0
2011,JHARKHAND,JAMSHEDPUR RLY.,8.0,6.0,8.0,11.0,0.0,157.0,1.0
2011,JHARKHAND,JAMTARA,34.0,25.0,11.0,9.0,56.0,147.0,2.0
2011,JHARKHAND,KHUNTI,147.0,17.0,13.0,29.0,15.0,62.0,3.0
2011,JHARKHAND,KODERMA,66.0,14.0,24.0,17.0,88.0,255.0,3.0
2011,JHARKHAND,LATEHAR,67.0,31.0,27.0,16.0,70.0,97.0,3.0
2011,JHARKHAND,LOHARDAGGA,43.0,32.0,26.0,17.0,31.0,168.0,2.0
2011,JHARKHAND,PAKUR,36.0,45.0,19.0,8.0,79.0,135.0,2.0
2011,JHARKHAND,PALAMU,165.0,34.0,63.0,78.0,185.0,382.0,5.0
2011,JHARKHAND,RAMGARH,55.0,32.0,31.0,46.0,36.0,308.0,3.0
2011,JHARKHAND,RANCHI,195.0,59.0,66.0,83.0,94.0,582.0,5.0
2011,JHARKHAND,SAHEBGANJ,123.0,75.0,54.0,23.0,61.0,178.0,4.0
2011,JHARKHAND,SARAIKELA,113.0,39.0,16.0,35.0,27.0,273.0,3.0
2011,JHARKHAND,SIMDEGA,96.0,31.0,19.0,13.0,4.0,79.0,2.0
2011,KARNATAKA,BAGALKOT,78.0,53.0,15.0,21.0,194.0,316.0,3.0
2011,KARNATAKA,BANGALORE COMMR.,695.0,347.0,573.0,826.0,394.0,15163.0,5.0
2011,KARNATAKA,BELGAUM,259.0,266.0,53.0,90.0,575.0,1096.0,5.0
2011,KARNATAKA,BELLARY,116.0,71.0,21.0,36.0,198.0,637.0,4.0
2011,KARNATAKA,BIDAR,85.0,41.0,13.0,11.0,161.0,318.0,3.0
2011,KARNATAKA,BIJAPUR,124.0,73.0,43.0,28.0,294.0,365.0,4.0
2011,KARNATAKA,CBPURA,104.0,71.0,23.0,36.0,229.0,584.0,4.0
2011,KARNATAKA,CHAMARAJNAGAR,68.0,82.0,7.0,11.0,148.0,220.0,3.0
2011,KARNATAKA,CHICKMAGALUR,65.0,63.0,17.0,25.0,137.0,356.0,3.0
2011,KARNATAKA,CHITRADURGA,62.0,120.0,30.0,45.0,296.0,534.0,4.0
2011,KARNATAKA,DAKSHIN KANNADA,43.0,52.0,6.0,14.0,100.0,254.0,2.0
2011,KARNATAKA,DAVANAGERE,60.0,76.0,17.0,32.0,218.0,394.0,3.0
2011,KARNATAKA,DHARWAD COMMR.,49.0,29.0,23.0,53.0,97.0,556.0,3.0
2011,KARNATAKA,GADAG,42.0,53.0,10.0,7.0,100.0,148.0,2.0
2011,KARNATAKA,GULBARGA,209.0,147.0,85.0,91.0,466.0,758.0,5.0
2011,KARNATAKA,HASSAN,147.0,133.0,27.0,109.0,194.0,820.0,5.0
2011,KARNATAKA,HAVERI,51.0,89.0,22.0,13.0,256.0,239.0,4.0
2011,KARNATAKA,K.G.F.,34.0,18.0,12.0,15.0,63.0,172.0,2.0
2011,KARNATAKA,KODAGU,58.0,41.0,11.0,12.0,41.0,266.0,2.0
2011,KARNATAKA,KOLAR,82.0,38.0,18.0,23.0,190.0,322.0,3.0
2011,KARNATAKA,KOPPAL,55.0,36.0,21.0,13.0,116.0,257.0,3.0
2011,KARNATAKA,MANDYA,129.0,129.0,34.0,82.0,417.0,1000.0,5.0
2011,KARNATAKA,MYSORE COMMR.,66.0,34.0,25.0,205.0,76.0,1125.0,4.0
2011,KARNATAKA,RAICHUR,86.0,178.0,37.0,23.0,320.0,365.0,4.0
2011,KARNATAKA,RAMANAGAR,129.0,120.0,52.0,91.0,324.0,770.0,5.0
2011,KARNATAKA,SHIMOGA,132.0,146.0,25.0,68.0,318.0,653.0,5.0
2011,KARNATAKA,TUMKUR,202.0,166.0,40.0,102.0,373.0,934.0,5.0
2011,KARNATAKA,UDUPI,31.0,50.0,9.0,28.0,100.0,421.0,2.0
2011,KARNATAKA,UTTAR KANNADA,63.0,84.0,7.0,3.0,106.0,205.0,2.0
2011,KARNATAKA,YADGIRI,46.0,78.0,26.0,9.0,192.0,164.0,3.0
2011,KERALA,ALAPUZHA,44.0,301.0,15.0,36.0,485.0,774.0,5.0
2011,KERALA,ERNAKULAM COMMR.,62.0,211.0,11.0,37.0,510.0,625.0,5.0
2011,KERALA,IDUKKI,52.0,223.0,10.0,26.0,304.0,451.0,4.0
2011,KERALA,KANNUR,68.0,216.0,14.0,100.0,1126.0,678.0,5.0
2011,KERALA,KASARGOD,43.0,261.0,15.0,40.0,660.0,441.0,5.0
2011,KERALA,KOLLAM COMMR.,58.0,243.0,21.0,20.0,620.0,434.0,5.0
2011,KERALA,KOTTAYAM,77.0,309.0,24.0,33.0,513.0,663.0,5.0
2011,KERALA,KOZHIKODE COMMR.,20.0,138.0,11.0,48.0,456.0,598.0,5.0
2011,KERALA,MALAPPURAM,38.0,315.0,24.0,67.0,832.0,1054.0,5.0
2011,KERALA,PALAKKAD,96.0,241.0,13.0,41.0,708.0,679.0,5.0
2011,KERALA,PATHANAMTHITTA,43.0,190.0,17.0,20.0,425.0,480.0,5.0
2011,KERALA,THRISSUR COMMR.,32.0,128.0,12.0,35.0,372.0,904.0,4.0
2011,KERALA,TRIVANDRUM COMMR.,40.0,280.0,25.0,81.0,540.0,1022.0,5.0
2011,KERALA,WAYANADU,22.0,127.0,8.0,14.0,212.0,351.0,4.0
2011,MADHYA PRADESH,ALIRAJPUR,115.0,47.0,19.0,6.0,21.0,89.0,2.0
2011,MADHYA PRADESH,ANUPPUR,63.0,117.0,7.0,19.0,26.0,185.0,3.0
2011,MADHYA PRADESH,ASHOK NAGAR,49.0,141.0,7.0,18.0,33.0,198.0,2.0
2011,MADHYA PRADESH,BALAGHAT,76.0,159.0,7.0,12.0,40.0,211.0,3.0
2011,MADHYA PRADESH,BARWANI,70.0,97.0,8.0,8.0,33.0,227.0,2.0
2011,MADHYA PRADESH,BETUL,84.0,308.0,19.0,19.0,17.0,320.0,4.0
2011,MADHYA PRADESH,BHIND,169.0,122.0,22.0,82.0,72.0,386.0,4.0
2011,MADHYA PRADESH,BHOPAL,211.0,290.0,40.0,165.0,127.0,3812.0,5.0
2011,MADHYA PRADESH,BHOPAL RLY.,10.0,8.0,0.0,28.0,5.0,1162.0,1.0
2011,MADHYA PRADESH,BURHANPUR,23.0,70.0,2.0,11.0,9.0,134.0,2.0
2011,MADHYA PRADESH,CHHATARPUR,141.0,262.0,44.0,76.0,112.0,643.0,5.0
2011,MADHYA PRADESH,CHHINDWARA,99.0,300.0,24.0,13.0,89.0,529.0,4.0
2011,MADHYA PRADESH,DAMOH,101.0,245.0,21.0,22.0,41.0,321.0,3.0
2011,MADHYA PRADESH,DATIYA,96.0,90.0,19.0,39.0,40.0,275.0,3.0
2011,MADHYA PRADESH,DEWAS,112.0,264.0,26.0,29.0,81.0,926.0,4.0
2011,MADHYA PRADESH,DHAR,147.0,292.0,43.0,29.0,64.0,763.0,5.0
2011,MADHYA PRADESH,DINDORI,31.0,113.0,6.0,2.0,9.0,69.0,2.0
2011,MADHYA PRADESH,GUNA,90.0,197.0,26.0,27.0,82.0,494.0,4.0
2011,MADHYA PRADESH,GWALIOR,285.0,245.0,90.0,215.0,159.0,3231.0,5.0
2011,MADHYA PRADESH,HARDA,41.0,112.0,15.0,8.0,19.0,169.0,2.0
2011,MADHYA PRADESH,HOSHANGABAD,114.0,208.0,28.0,70.0,51.0,524.0,4.0
2011,MADHYA PRADESH,INDORE,276.0,468.0,66.0,222.0,157.0,4903.0,5.0
2011,MADHYA PRADESH,INDORE RLY.,8.0,6.0,1.0,6.0,1.0,262.0,1.0
2011,MADHYA PRADESH,JABALPUR,226.0,376.0,39.0,69.0,109.0,1365.0,5.0
2011,MADHYA PRADESH,JABALPUR RLY.,6.0,6.0,2.0,27.0,4.0,450.0,1.0
2011,MADHYA PRADESH,JHABUA,32.0,104.0,35.0,30.0,42.0,183.0,3.0
2011,MADHYA PRADESH,KATNI,71.0,202.0,8.0,8.0,27.0,337.0,3.0
2011,MADHYA PRADESH,KHANDWA,66.0,200.0,13.0,21.0,32.0,424.0,3.0
2011,MADHYA PRADESH,KHARGON,69.0,157.0,13.0,24.0,40.0,536.0,3.0
2011,MADHYA PRADESH,MANDLA,52.0,164.0,9.0,8.0,11.0,158.0,2.0
2011,MADHYA PRADESH,MANDSAUR,89.0,149.0,26.0,42.0,31.0,562.0,3.0
2011,MADHYA PRADESH,MORENA,159.0,125.0,28.0,71.0,120.0,642.0,4.0
2011,MADHYA PRADESH,NARSINGHPUR,79.0,173.0,18.0,16.0,50.0,300.0,3.0
2011,MADHYA PRADESH,NEEMUCH,33.0,74.0,17.0,27.0,44.0,422.0,2.0
2011,MADHYA PRADESH,PANNA,53.0,135.0,10.0,19.0,15.0,224.0,2.0
2011,MADHYA PRADESH,RAISEN,120.0,297.0,36.0,19.0,58.0,427.0,4.0
2011,MADHYA PRADESH,RAJGARH,77.0,265.0,26.0,27.0,142.0,519.0,4.0
2011,MADHYA PRADESH,RATLAM,85.0,228.0,48.0,43.0,75.0,532.0,4.0
2011,MADHYA PRADESH,REWA,93.0,213.0,26.0,59.0,15.0,885.0,4.0
2011,MADHYA PRADESH,SAGAR,191.0,547.0,106.0,57.0,113.0,951.0,5.0
2011,MADHYA PRADESH,SATNA,105.0,260.0,20.0,45.0,51.0,823.0,4.0
2011,MADHYA PRADESH,SEONI,59.0,172.0,12.0,9.0,31.0,278.0,3.0
2011,MADHYA PRADESH,SHAHDOL,66.0,223.0,22.0,18.0,26.0,391.0,3.0
2011,MADHYA PRADESH,SHAJAPUR,85.0,185.0,13.0,27.0,43.0,561.0,3.0
2011,MADHYA PRADESH,SHEOPUR,25.0,46.0,11.0,10.0,30.0,104.0,2.0
2011,MADHYA PRADESH,SHIVPURI,111.0,261.0,27.0,52.0,68.0,443.0,4.0
2011,MADHYA PRADESH,SIDHI,38.0,125.0,32.0,9.0,18.0,292.0,2.0
2011,MADHYA PRADESH,SIHORE,103.0,201.0,26.0,32.0,73.0,565.0,4.0
2011,MADHYA PRADESH,SINGRAULI,63.0,132.0,25.0,12.0,37.0,197.0,3.0
2011,MADHYA PRADESH,TIKAMGARH,71.0,229.0,23.0,49.0,60.0,293.0,4.0
2011,MADHYA PRADESH,UJJAIN,217.0,277.0,43.0,74.0,129.0,1584.0,5.0
2011,MADHYA PRADESH,UMARIYA,32.0,100.0,4.0,9.0,13.0,153.0,2.0
2011,MADHYA PRADESH,VIDISHA,103.0,284.0,30.0,31.0,69.0,627.0,4.0
2011,MAHARASHTRA,AHMEDNAGAR,218.0,238.0,82.0,225.0,722.0,2553.0,5.0
2011,MAHARASHTRA,AKOLA,92.0,123.0,40.0,72.0,151.0,1210.0,4.0
2011,MAHARASHTRA,AMRAVATI COMMR.,59.0,71.0,20.0,70.0,76.0,1329.0,3.0
2011,MAHARASHTRA,AURANGABAD COMMR.,160.0,81.0,35.0,175.0,180.0,1447.0,5.0
2011,MAHARASHTRA,BEED,141.0,131.0,58.0,136.0,378.0,1031.0,5.0
2011,MAHARASHTRA,BHANDARA,52.0,53.0,12.0,22.0,45.0,665.0,2.0
2011,MAHARASHTRA,BULDHANA,102.0,150.0,28.0,46.0,278.0,925.0,4.0
2011,MAHARASHTRA,CHANDRAPUR,95.0,164.0,30.0,51.0,118.0,983.0,4.0
2011,MAHARASHTRA,DHULE,81.0,68.0,27.0,98.0,227.0,734.0,4.0
2011,MAHARASHTRA,GADCHIROLI,110.0,44.0,5.0,12.0,61.0,169.0,2.0
2011,MAHARASHTRA,GONDIA,61.0,98.0,24.0,24.0,56.0,590.0,3.0
2011,MAHARASHTRA,HINGOLI,72.0,60.0,12.0,18.0,163.0,312.0,3.0
2011,MAHARASHTRA,JALGAON,157.0,194.0,57.0,101.0,387.0,1671.0,5.0
2011,MAHARASHTRA,JALNA,89.0,88.0,20.0,68.0,221.0,822.0,4.0
2011,MAHARASHTRA,KOLHAPUR,108.0,101.0,38.0,74.0,254.0,1558.0,5.0
2011,MAHARASHTRA,LATUR,119.0,74.0,37.0,66.0,306.0,794.0,5.0
2011,MAHARASHTRA,MUMBAI COMMR.,387.0,774.0,221.0,495.0,425.0,18227.0,5.0
2011,MAHARASHTRA,MUMBAI RLY.,15.0,11.0,9.0,65.0,6.0,2193.0,2.0
2011,MAHARASHTRA,NAGPUR COMMR.,201.0,113.0,40.0,210.0,170.0,3383.0,5.0
2011,MAHARASHTRA,NAGPUR RLY.,6.0,10.0,0.0,35.0,11.0,1069.0,1.0
2011,MAHARASHTRA,NANDED,169.0,125.0,52.0,74.0,382.0,1130.0,5.0
2011,MAHARASHTRA,NANDURBAR,60.0,60.0,18.0,22.0,93.0,298.0,3.0
2011,MAHARASHTRA,NASIK COMMR.,73.0,62.0,16.0,182.0,132.0,2839.0,4.0
2011,MAHARASHTRA,NAVI MUMBAI,96.0,95.0,32.0,331.0,135.0,3114.0,5.0
2011,MAHARASHTRA,OSMANABAD,77.0,118.0,28.0,41.0,248.0,727.0,4.0
2011,MAHARASHTRA,PARBHANI,123.0,106.0,36.0,77.0,208.0,761.0,4.0
2011,MAHARASHTRA,PUNE COMMR.,233.0,197.0,104.0,565.0,505.0,6764.0,5.0
2011,MAHARASHTRA,PUNE RLY.,3.0,4.0,3.0,13.0,1.0,399.0,1.0
2011,MAHARASHTRA,RAIGAD,55.0,49.0,7.0,25.0,126.0,603.0,2.0
2011,MAHARASHTRA,RATNAGIRI,29.0,65.0,12.0,20.0,103.0,459.0,2.0
2011,MAHARASHTRA,SANGLI,86.0,91.0,22.0,32.0,190.0,954.0,4.0
2011,MAHARASHTRA,SATARA,98.0,114.0,41.0,156.0,254.0,1545.0,5.0
2011,MAHARASHTRA,SINDHUDURG,21.0,19.0,10.0,20.0,57.0,248.0,2.0
2011,MAHARASHTRA,SOLAPUR COMMR.,55.0,53.0,29.0,99.0,119.0,847.0,4.0
2011,MAHARASHTRA,THANE COMMR.,196.0,240.0,92.0,299.0,302.0,5065.0,5.0
2011,MAHARASHTRA,WARDHA,72.0,122.0,26.0,44.0,142.0,991.0,4.0
2011,MAHARASHTRA,WASHIM,70.0,93.0,27.0,30.0,156.0,595.0,3.0
2011,MAHARASHTRA,YAVATMAL,132.0,162.0,54.0,77.0,170.0,1295.0,4.0
2011,MANIPUR,BISHNUPUR,30.0,13.0,18.0,0.0,17.0,60.0,1.0
2011,MANIPUR,CHANDEL,10.0,1.0,0.0,0.0,3.0,6.0,1.0
2011,MANIPUR,CHURACHANDPUR,8.0,0.0,7.0,0.0,1.0,19.0,1.0
2011,MANIPUR,CID,0.0,0.0,0.0,0.0,0.0,1.0,1.0
2011,MANIPUR,IMPHAL EAST,54.0,18.0,36.0,1.0,22.0,116.0,2.0
2011,MANIPUR,IMPHAL WEST,144.0,28.0,61.0,2.0,35.0,586.0,3.0
2011,MANIPUR,SENAPATI,14.0,0.0,5.0,2.0,39.0,28.0,1.0
2011,MANIPUR,TAMENGLONG,4.0,1.0,0.0,2.0,13.0,4.0,1.0
2011,MANIPUR,THOUBAL,48.0,29.0,39.0,1.0,31.0,108.0,2.0
2011,MANIPUR,UKHRUL,15.0,1.0,3.0,0.0,8.0,11.0,1.0
2011,MEGHALAYA,GARO HILLS EAST,30.0,3.0,12.0,17.0,0.0,78.0,1.0
2011,MEGHALAYA,GARO HILLS SOUTH,16.0,4.0,6.0,3.0,0.0,43.0,1.0
2011,MEGHALAYA,GARO HILLS WEST,29.0,30.0,25.0,19.0,14.0,215.0,2.0
2011,MEGHALAYA,JAINTIA HILLS,56.0,49.0,12.0,12.0,5.0,128.0,2.0
2011,MEGHALAYA,KHASI HILLS EAST,43.0,74.0,20.0,34.0,14.0,458.0,2.0
2011,MEGHALAYA,KHASI HILLS WEST,24.0,23.0,8.0,10.0,2.0,74.0,1.0
2011,MEGHALAYA,RI-BHOI,26.0,21.0,4.0,17.0,7.0,63.0,1.0
2011,MIZORAM,AIZAWL,26.0,78.0,1.0,4.0,12.0,640.0,2.0
2011,MIZORAM,CHAMPHAI,8.0,20.0,0.0,0.0,0.0,137.0,1.0
2011,MIZORAM,KOLASIB,7.0,10.0,2.0,0.0,3.0,79.0,1.0
2011,MIZORAM,LAWNGTLAI,2.0,2.0,1.0,0.0,0.0,39.0,1.0
2011,MIZORAM,LUNGLEI,6.0,16.0,2.0,1.0,1.0,141.0,1.0
2011,MIZORAM,MAMIT,5.0,8.0,0.0,2.0,1.0,42.0,1.0
2011,MIZORAM,SAIHA,3.0,7.0,0.0,0.0,0.0,42.0,1.0
2011,MIZORAM,SERCHHIP,1.0,8.0,0.0,0.0,2.0,37.0,1.0
2011,NAGALAND,DIMAPUR,25.0,16.0,24.0,50.0,1.0,221.0,2.0
2011,NAGALAND,KIPHIRE,0.0,0.0,0.0,0.0,0.0,0.0,1.0
2011,NAGALAND,KOHIMA,21.0,0.0,0.0,5.0,0.0,108.0,1.0
2011,NAGALAND,LONGLENG,3.0,1.0,1.0,0.0,0.0,12.0,1.0
2011,NAGALAND,MOKOKCHUNG,4.0,2.0,2.0,3.0,0.0,23.0,1.0
2011,NAGALAND,MON,9.0,2.0,0.0,1.0,1.0,11.0,1.0
2011,NAGALAND,PEREN,5.0,0.0,0.0,0.0,0.0,7.0,1.0
2011,NAGALAND,PHEK,12.0,5.0,0.0,1.0,1.0,14.0,1.0
2011,NAGALAND,TUENSANG,4.0,2.0,4.0,2.0,0.0,21.0,1.0
2011,NAGALAND,WOKHA,9.0,1.0,2.0,3.0,0.0,27.0,1.0
2011,NAGALAND,ZUNHEBOTO,8.0,3.0,1.0,1.0,0.0,36.0,1.0
2011,ODISHA,ANGUL,118.0,362.0,44.0,101.0,154.0,691.0,5.0
2011,ODISHA,BALASORE,129.0,292.0,111.0,77.0,65.0,720.0,5.0
2011,ODISHA,BARAGARH,133.0,112.0,16.0,52.0,105.0,331.0,4.0
2011,ODISHA,BERHAMPUR,128.0,167.0,20.0,74.0,47.0,439.0,3.0
2011,ODISHA,BHADRAK,70.0,119.0,55.0,25.0,56.0,321.0,3.0
2011,ODISHA,BOLANGIR,143.0,218.0,24.0,59.0,100.0,357.0,4.0
2011,ODISHA,BOUDH,24.0,70.0,19.0,11.0,20.0,92.0,2.0
2011,ODISHA,CUTTACK,77.0,60.0,46.0,70.0,52.0,355.0,4.0
2011,ODISHA,DCP BBSR,97.0,78.0,40.0,84.0,51.0,1536.0,4.0
2011,ODISHA,DCP CTC,61.0,36.0,31.0,58.0,30.0,668.0,3.0
2011,ODISHA,DEOGARH,37.0,83.0,9.0,13.0,10.0,54.0,2.0
2011,ODISHA,DHENKANAL,117.0,202.0,32.0,85.0,80.0,438.0,4.0
2011,ODISHA,GAJAPATI,20.0,67.0,6.0,4.0,37.0,56.0,1.0
2011,ODISHA,GANJAM,287.0,408.0,51.0,121.0,129.0,375.0,5.0
2011,ODISHA,JAGATSINGHPUR,59.0,43.0,47.0,65.0,61.0,317.0,3.0
2011,ODISHA,JAJPUR,81.0,125.0,49.0,83.0,48.0,513.0,4.0
2011,ODISHA,JHARSUGUDA,57.0,72.0,14.0,59.0,54.0,433.0,3.0
2011,ODISHA,KALAHANDI,73.0,143.0,23.0,40.0,79.0,228.0,3.0
2011,ODISHA,KANDHAMAL,46.0,102.0,25.0,25.0,24.0,156.0,2.0
2011,ODISHA,KENDRAPARA,71.0,55.0,44.0,63.0,46.0,254.0,4.0
2011,ODISHA,KEONJHAR,205.0,209.0,48.0,111.0,67.0,421.0,5.0
2011,ODISHA,KHURDA,51.0,43.0,30.0,78.0,52.0,260.0,3.0
2011,ODISHA,KORAPUT,90.0,179.0,40.0,51.0,79.0,253.0,4.0
2011,ODISHA,MALKANGIR,67.0,54.0,10.0,27.0,60.0,110.0,2.0
2011,ODISHA,MAYURBHANJ,176.0,303.0,89.0,27.0,35.0,431.0,5.0
2011,ODISHA,NAYAGARH,77.0,29.0,30.0,42.0,43.0,218.0,3.0
2011,ODISHA,NOWRANGPUR,64.0,124.0,44.0,14.0,38.0,132.0,3.0
2011,ODISHA,NUAPADA,19.0,55.0,12.0,16.0,20.0,114.0,1.0
2011,ODISHA,PURI,114.0,37.0,37.0,119.0,85.0,579.0,4.0
2011,ODISHA,RAYAGADA,88.0,138.0,36.0,31.0,42.0,192.0,3.0
2011,ODISHA,ROURKELA,111.0,89.0,22.0,81.0,42.0,537.0,3.0
2011,ODISHA,SAMBALPUR,91.0,78.0,13.0,141.0,83.0,630.0,4.0
2011,ODISHA,SONEPUR,41.0,58.0,4.0,16.0,33.0,129.0,2.0
2011,ODISHA,SRP(CUTTACK),8.0,8.0,3.0,16.0,2.0,509.0,1.0
2011,ODISHA,SRP(ROURKELA),13.0,10.0,0.0,10.0,0.0,318.0,1.0
2011,ODISHA,SUNDARGARH,106.0,91.0,15.0,51.0,50.0,229.0,3.0
2011,PUNJAB,AMRITSAR,94.0,32.0,21.0,8.0,8.0,321.0,2.0
2011,PUNJAB,BARNALA,36.0,11.0,7.0,0.0,2.0,200.0,1.0
2011,PUNJAB,BATALA,59.0,21.0,16.0,3.0,10.0,256.0,2.0
2011,PUNJAB,BHATINDA,103.0,48.0,31.0,9.0,2.0,583.0,3.0
2011,PUNJAB,CP AMRITSAR,107.0,27.0,43.0,12.0,4.0,784.0,3.0
2011,PUNJAB,CP JALANDHAR,76.0,34.0,45.0,24.0,10.0,885.0,2.0
2011,PUNJAB,CP LUDHIANA,171.0,73.0,94.0,15.0,7.0,1118.0,4.0
2011,PUNJAB,FARIDKOT,37.0,18.0,7.0,2.0,2.0,169.0,1.0
2011,PUNJAB,FATEHGARH SAHIB,27.0,8.0,9.0,7.0,0.0,211.0,1.0
2011,PUNJAB,FAZILKA,46.0,26.0,25.0,0.0,0.0,249.0,2.0
2011,PUNJAB,FEROZPUR,80.0,29.0,32.0,5.0,7.0,387.0,2.0
2011,PUNJAB,G.R.P,11.0,0.0,1.0,0.0,0.0,55.0,1.0
2011,PUNJAB,GURDASPUR,57.0,29.0,26.0,4.0,0.0,196.0,2.0
2011,PUNJAB,HOSHIARPUR,99.0,41.0,31.0,44.0,5.0,489.0,3.0
2011,PUNJAB,JALANDHAR,96.0,53.0,32.0,34.0,6.0,493.0,3.0
2011,PUNJAB,KAPURTHALA,75.0,26.0,20.0,32.0,0.0,394.0,2.0
2011,PUNJAB,KHANNA,49.0,13.0,12.0,3.0,0.0,259.0,1.0
2011,PUNJAB,LUDHIANA,48.0,12.0,15.0,5.0,4.0,241.0,2.0
2011,PUNJAB,MANSA,55.0,19.0,9.0,3.0,1.0,154.0,2.0
2011,PUNJAB,MOGA,95.0,15.0,26.0,11.0,5.0,539.0,2.0
2011,PUNJAB,MUKTSAR,53.0,25.0,16.0,4.0,2.0,214.0,2.0
2011,PUNJAB,PATHANKOT,25.0,12.0,15.0,1.0,1.0,113.0,1.0
2011,PUNJAB,PATIALA,102.0,47.0,31.0,4.0,2.0,721.0,3.0
2011,PUNJAB,ROPAR,40.0,23.0,25.0,4.0,0.0,274.0,2.0
2011,PUNJAB,SANGRUR,99.0,40.0,25.0,7.0,3.0,487.0,2.0
2011,PUNJAB,SAS NGR,73.0,37.0,39.0,4.0,0.0,819.0,2.0
2011,PUNJAB,SBS NAGAR,42.0,14.0,9.0,19.0,2.0,218.0,1.0
2011,PUNJAB,TARN TARAN,96.0,28.0,19.0,0.0,0.0,295.0,2.0
2011,RAJASTHAN,AJMER,100.0,175.0,123.0,18.0,25.0,1827.0,4.0
2011,RAJASTHAN,ALWAR,159.0,235.0,161.0,30.0,24.0,3014.0,5.0
2011,RAJASTHAN,BANSWARA,48.0,114.0,102.0,9.0,83.0,328.0,4.0
2011,RAJASTHAN,BARAN,66.0,218.0,91.0,7.0,14.0,665.0,4.0
2011,RAJASTHAN,BARMER,56.0,57.0,34.0,1.0,21.0,631.0,2.0
2011,RAJASTHAN,BHARATPUR,180.0,154.0,193.0,41.0,29.0,2300.0,5.0
2011,RAJASTHAN,BHILWARA,69.0,142.0,85.0,29.0,31.0,1281.0,4.0
2011,RAJASTHAN,BIKANER,101.0,109.0,31.0,5.0,9.0,950.0,3.0
2011,RAJASTHAN,BUNDI,71.0,154.0,110.0,5.0,18.0,584.0,4.0
2011,RAJASTHAN,CHITTORGARH,66.0,98.0,116.0,22.0,57.0,966.0,4.0
2011,RAJASTHAN,CHURU,86.0,48.0,33.0,3.0,8.0,693.0,3.0
2011,RAJASTHAN,DAUSA,48.0,30.0,98.0,22.0,34.0,1302.0,3.0
2011,RAJASTHAN,DHOLPUR,123.0,44.0,76.0,16.0,9.0,649.0,4.0
2011,RAJASTHAN,DUNGARPUR,36.0,96.0,89.0,11.0,35.0,208.0,3.0
2011,RAJASTHAN,G.R.P.AJMER,12.0,11.0,6.0,6.0,1.0,506.0,1.0
2011,RAJASTHAN,G.R.P.JODHPUR,5.0,7.0,2.0,1.0,2.0,86.0,1.0
2011,RAJASTHAN,GANGANAGAR,133.0,172.0,76.0,10.0,5.0,1517.0,4.0
2011,RAJASTHAN,HANUMANGARH,102.0,148.0,46.0,6.0,2.0,971.0,4.0
2011,RAJASTHAN,JAIPUR EAST,59.0,90.0,78.0,70.0,84.0,3181.0,4.0
2011,RAJASTHAN,JAIPUR NORTH,37.0,43.0,43.0,34.0,36.0,1527.0,3.0
2011,RAJASTHAN,JAIPUR SOUTH,29.0,36.0,53.0,35.0,24.0,1915.0,2.0
2011,RAJASTHAN,JAIPUR WEST,46.0,48.0,88.0,48.0,17.0,2188.0,3.0
2011,RAJASTHAN,JAISALMER,19.0,21.0,7.0,3.0,23.0,260.0,1.0
2011,RAJASTHAN,JALORE,49.0,46.0,50.0,3.0,24.0,439.0,2.0
2011,RAJASTHAN,JHALAWAR,98.0,268.0,70.0,21.0,78.0,614.0,4.0
2011,RAJASTHAN,JHUNJHUNU,78.0,119.0,79.0,11.0,22.0,937.0,4.0
2011,RAJASTHAN,KARAULI,76.0,56.0,108.0,22.0,21.0,838.0,4.0
2011,RAJASTHAN,NAGAUR,107.0,136.0,68.0,12.0,11.0,996.0,4.0
2011,RAJASTHAN,PALI,119.0,148.0,106.0,34.0,4.0,948.0,4.0
2011,RAJASTHAN,PRATAPGARH,70.0,168.0,79.0,5.0,39.0,332.0,4.0
2011,RAJASTHAN,RAJSAMAND,43.0,75.0,52.0,13.0,25.0,472.0,2.0
2011,RAJASTHAN,SAWAI MADHOPUR,62.0,67.0,89.0,11.0,9.0,866.0,3.0
2011,RAJASTHAN,SIKAR,81.0,61.0,91.0,9.0,36.0,1528.0,4.0
2011,RAJASTHAN,SIROHI,47.0,103.0,60.0,8.0,31.0,417.0,3.0
2011,RAJASTHAN,TONK,45.0,48.0,79.0,8.0,54.0,634.0,3.0
2011,RAJASTHAN,UDAIPUR,174.0,260.0,198.0,91.0,215.0,1955.0,5.0
2011,SIKKIM,EAST,14.0,13.0,5.0,2.0,12.0,91.0,1.0
2011,SIKKIM,NORTH,1.0,1.0,0.0,0.0,2.0,13.0,1.0
2011,SIKKIM,SOUTH,9.0,15.0,4.0,3.0,10.0,51.0,1.0
2011,SIKKIM,WEST,5.0,11.0,1.0,0.0,5.0,12.0,1.0
2011,TAMIL NADU,ARIYALUR,51.0,63.0,19.0,9.0,52.0,148.0,2.0
2011,TAMIL NADU,CHENNAI,501.0,149.0,56.0,222.0,167.0,4421.0,5.0
2011,TAMIL NADU,CHENNAI RLY.,11.0,6.0,1.0,27.0,4.0,223.0,1.0
2011,TAMIL NADU,CUDDALORE,269.0,42.0,102.0,42.0,294.0,502.0,5.0
2011,TAMIL NADU,DHARMAPURI,90.0,58.0,70.0,40.0,116.0,259.0,4.0
2011,TAMIL NADU,DINDIGUL,146.0,63.0,50.0,53.0,110.0,468.0,4.0
2011,TAMIL NADU,ERODE,78.0,45.0,42.0,65.0,30.0,605.0,3.0
2011,TAMIL NADU,KANCHIPURAM,172.0,44.0,22.0,23.0,147.0,436.0,4.0
2011,TAMIL NADU,KANYAKUMARI,114.0,17.0,50.0,116.0,22.0,578.0,3.0
2011,TAMIL NADU,KARUR,59.0,29.0,60.0,39.0,20.0,280.0,3.0
2011,TAMIL NADU,KRISHNAGIRI,115.0,44.0,64.0,51.0,166.0,503.0,4.0
2011,TAMIL NADU,NAGAPATTINAM,85.0,53.0,34.0,25.0,81.0,240.0,3.0
2011,TAMIL NADU,NAMAKKAL,69.0,66.0,63.0,32.0,65.0,343.0,3.0
2011,TAMIL NADU,NILGIRIS,32.0,14.0,7.0,14.0,11.0,130.0,1.0
2011,TAMIL NADU,PERAMBALUR,34.0,25.0,25.0,32.0,15.0,144.0,2.0
2011,TAMIL NADU,PUDUKOTTAI,106.0,31.0,43.0,38.0,77.0,310.0,3.0
2011,TAMIL NADU,RAMNATHAPURAM,102.0,20.0,53.0,22.0,126.0,342.0,3.0
2011,TAMIL NADU,SIVAGANGAI,71.0,38.0,35.0,21.0,55.0,365.0,2.0
2011,TAMIL NADU,THANJAVUR,158.0,86.0,46.0,104.0,179.0,869.0,4.0
2011,TAMIL NADU,THENI,149.0,62.0,88.0,35.0,89.0,576.0,4.0
2011,TAMIL NADU,THIRUVALLUR,71.0,8.0,10.0,29.0,82.0,253.0,2.0
2011,TAMIL NADU,THIRUVANNAMALAI,94.0,35.0,75.0,5.0,167.0,333.0,4.0
2011,TAMIL NADU,THIRUVARUR,63.0,12.0,21.0,12.0,56.0,242.0,2.0
2011,TAMIL NADU,THOOTHUGUDI,289.0,31.0,42.0,96.0,40.0,765.0,4.0
2011,TAMIL NADU,TIRUPPUR,71.0,51.0,61.0,106.0,59.0,1372.0,4.0
2011,TAMIL NADU,TRICHY RLY.,6.0,3.0,0.0,3.0,1.0,105.0,1.0
2011,TAMIL NADU,VELLORE,154.0,54.0,84.0,26.0,19.0,833.0,4.0
2011,TAMIL NADU,VILLUPURAM,414.0,360.0,206.0,70.0,575.0,895.0,5.0
2011,TAMIL NADU,VIRUDHUNAGAR,114.0,44.0,55.0,48.0,103.0,465.0,4.0
2011,TRIPURA,DHALAI,37.0,59.0,16.0,10.0,8.0,62.0,2.0
2011,TRIPURA,GRP,1.0,0.0,0.0,0.0,1.0,4.0,1.0
2011,TRIPURA,NORTH,40.0,90.0,31.0,3.0,16.0,144.0,2.0
2011,TRIPURA,SOUTH,67.0,142.0,34.0,12.0,83.0,240.0,3.0
2011,TRIPURA,WEST,93.0,208.0,73.0,36.0,125.0,424.0,5.0
2011,UTTAR PRADESH,AGRA,401.0,272.0,395.0,205.0,493.0,4622.0,5.0
2011,UTTAR PRADESH,ALIGARH,375.0,260.0,320.0,100.0,341.0,1905.0,5.0
2011,UTTAR PRADESH,ALLAHABAD,316.0,160.0,220.0,96.0,228.0,2016.0,5.0
2011,UTTAR PRADESH,AMBEDKAR NAGAR,91.0,49.0,80.0,17.0,58.0,247.0,3.0
2011,UTTAR PRADESH,AURAIYA,58.0,29.0,76.0,22.0,12.0,205.0,3.0
2011,UTTAR PRADESH,AZAMGARH,126.0,55.0,120.0,63.0,145.0,433.0,5.0
2011,UTTAR PRADESH,BADAUN,261.0,80.0,137.0,38.0,13.0,323.0,5.0
2011,UTTAR PRADESH,BAGHPAT,170.0,47.0,88.0,51.0,75.0,454.0,4.0
2011,UTTAR PRADESH,BAHRAICH,127.0,106.0,133.0,40.0,110.0,522.0,5.0
2011,UTTAR PRADESH,BALLIA,101.0,28.0,66.0,8.0,65.0,273.0,3.0
2011,UTTAR PRADESH,BALRAMPUR,37.0,23.0,50.0,18.0,27.0,162.0,2.0
2011,UTTAR PRADESH,BANDA,86.0,82.0,48.0,4.0,43.0,251.0,3.0
2011,UTTAR PRADESH,BARABANKI,144.0,87.0,142.0,13.0,13.0,420.0,4.0
2011,UTTAR PRADESH,BAREILLY,306.0,126.0,205.0,59.0,107.0,1139.0,5.0
2011,UTTAR PRADESH,BASTI,42.0,12.0,29.0,15.0,18.0,86.0,2.0
2011,UTTAR PRADESH,BHIM NAGAR,176.0,77.0,114.0,67.0,38.0,305.0,5.0
2011,UTTAR PRADESH,BIJNOR,142.0,53.0,128.0,37.0,39.0,514.0,4.0
2011,UTTAR PRADESH,BULANDSHAHAR,364.0,141.0,218.0,79.0,100.0,869.0,5.0
2011,UTTAR PRADESH,CHANDOLI,41.0,15.0,20.0,7.0,5.0,164.0,2.0
2011,UTTAR PRADESH,CHITRAKOOT DHAM,39.0,44.0,25.0,7.0,11.0,153.0,2.0
2011,UTTAR PRADESH,CSM NAGAR,75.0,60.0,99.0,8.0,54.0,201.0,4.0
2011,UTTAR PRADESH,DEORIA,63.0,20.0,58.0,14.0,41.0,225.0,3.0
2011,UTTAR PRADESH,ETAH,155.0,44.0,69.0,24.0,38.0,293.0,4.0
2011,UTTAR PRADESH,ETAWAH,118.0,41.0,81.0,19.0,8.0,368.0,3.0
2011,UTTAR PRADESH,FAIZABAD,98.0,83.0,119.0,25.0,61.0,436.0,4.0
2011,UTTAR PRADESH,FATEHGARH,120.0,51.0,91.0,13.0,26.0,283.0,4.0
2011,UTTAR PRADESH,FATEHPUR,108.0,95.0,106.0,38.0,33.0,360.0,4.0
2011,UTTAR PRADESH,FIROZABAD,223.0,89.0,174.0,61.0,105.0,620.0,5.0
2011,UTTAR PRADESH,G.R.P.,53.0,40.0,13.0,246.0,62.0,3097.0,4.0
2011,UTTAR PRADESH,GAUTAMBUDH NAGAR,209.0,67.0,141.0,251.0,108.0,3546.0,5.0
2011,UTTAR PRADESH,GHAZIABAD,333.0,81.0,257.0,142.0,113.0,3908.0,5.0
2011,UTTAR PRADESH,GHAZIPUR,94.0,27.0,21.0,40.0,55.0,189.0,3.0
2011,UTTAR PRADESH,GONDA,119.0,63.0,129.0,48.0,85.0,670.0,5.0
2011,UTTAR PRADESH,GORAKHPUR,236.0,121.0,232.0,53.0,214.0,1863.0,5.0
2011,UTTAR PRADESH,HAMIRPUR,71.0,45.0,38.0,5.0,14.0,128.0,2.0
2011,UTTAR PRADESH,HARDOI,147.0,79.0,130.0,11.0,28.0,359.0,4.0
2011,UTTAR PRADESH,HATHRAS,120.0,77.0,93.0,51.0,66.0,350.0,4.0
2011,UTTAR PRADESH,J.P.NAGAR,120.0,65.0,61.0,52.0,26.0,344.0,4.0
2011,UTTAR PRADESH,JALAUN,79.0,25.0,49.0,12.0,13.0,188.0,3.0
2011,UTTAR PRADESH,JAUNPUR,114.0,36.0,93.0,20.0,56.0,264.0,4.0
2011,UTTAR PRADESH,JHANSI,106.0,64.0,97.0,43.0,79.0,608.0,4.0
2011,UTTAR PRADESH,KANNAUJ,95.0,63.0,107.0,11.0,54.0,249.0,4.0
2011,UTTAR PRADESH,KANPUR NAGAR,340.0,211.0,343.0,144.0,180.0,2775.0,5.0
2011,UTTAR PRADESH,KANSHIRAM NAGAR,107.0,55.0,62.0,13.0,49.0,165.0,3.0
2011,UTTAR PRADESH,KAUSHAMBI,82.0,59.0,53.0,27.0,19.0,285.0,3.0
2011,UTTAR PRADESH,KHIRI,214.0,111.0,140.0,27.0,38.0,443.0,5.0
2011,UTTAR PRADESH,KUSHI NAGAR,100.0,24.0,76.0,5.0,70.0,259.0,4.0
2011,UTTAR PRADESH,LALITPUR,43.0,67.0,37.0,10.0,24.0,126.0,2.0
2011,UTTAR PRADESH,LUCKNOW,262.0,197.0,292.0,72.0,193.0,3803.0,5.0
2011,UTTAR PRADESH,MAHARAJGANJ,45.0,33.0,43.0,7.0,11.0,114.0,2.0
2011,UTTAR PRADESH,MAHOBA,48.0,57.0,33.0,16.0,10.0,156.0,2.0
2011,UTTAR PRADESH,MAINPURI,180.0,85.0,111.0,67.0,70.0,429.0,5.0
2011,UTTAR PRADESH,MATHURA,251.0,115.0,145.0,76.0,132.0,1173.0,5.0
2011,UTTAR PRADESH,MAU,113.0,50.0,66.0,23.0,79.0,310.0,4.0
2011,UTTAR PRADESH,MEERUT,449.0,178.0,323.0,244.0,245.0,3232.0,5.0
2011,UTTAR PRADESH,MIRZAPUR,41.0,6.0,5.0,2.0,3.0,170.0,1.0
2011,UTTAR PRADESH,MORADABAD,211.0,103.0,183.0,139.0,92.0,1198.0,5.0
2011,UTTAR PRADESH,MUZAFFARNAGAR,305.0,56.0,238.0,66.0,167.0,913.0,5.0
2011,UTTAR PRADESH,PANCHSHIL NAGAR,143.0,43.0,100.0,59.0,61.0,579.0,4.0
2011,UTTAR PRADESH,PILIBHIT,85.0,43.0,69.0,10.0,9.0,323.0,3.0
2011,UTTAR PRADESH,PRABUDDH NAGAR,134.0,24.0,66.0,57.0,56.0,308.0,4.0
2011,UTTAR PRADESH,PRATAPGARH,131.0,59.0,90.0,21.0,93.0,326.0,4.0
2011,UTTAR PRADESH,RAIBAREILLY,81.0,65.0,60.0,12.0,36.0,240.0,3.0
2011,UTTAR PRADESH,RAMABAI NAGAR,97.0,56.0,90.0,19.0,41.0,216.0,4.0
2011,UTTAR PRADESH,RAMPUR,178.0,70.0,121.0,87.0,84.0,744.0,5.0
2011,UTTAR PRADESH,SAHARANPUR,177.0,37.0,90.0,35.0,58.0,726.0,4.0
2011,UTTAR PRADESH,SANT KABIRNAGAR,47.0,29.0,48.0,9.0,30.0,114.0,2.0
2011,UTTAR PRADESH,SHAHJAHANPUR,219.0,94.0,141.0,26.0,78.0,445.0,5.0
2011,UTTAR PRADESH,SHRAWASTI,40.0,42.0,40.0,5.0,17.0,120.0,2.0
2011,UTTAR PRADESH,SIDHARTHNAGAR,30.0,30.0,42.0,5.0,10.0,112.0,2.0
2011,UTTAR PRADESH,SITAPUR,196.0,197.0,232.0,45.0,73.0,587.0,5.0
2011,UTTAR PRADESH,SONBHADRA,47.0,40.0,26.0,4.0,9.0,227.0,2.0
2011,UTTAR PRADESH,ST.RAVIDASNAGAR,25.0,5.0,7.0,2.0,7.0,103.0,1.0
2011,UTTAR PRADESH,SULTANPUR,117.0,44.0,52.0,18.0,62.0,336.0,3.0
2011,UTTAR PRADESH,UNNAO,142.0,102.0,112.0,7.0,49.0,402.0,4.0
2011,UTTAR PRADESH,VARANASI,119.0,28.0,92.0,35.0,64.0,1039.0,4.0
2011,UTTARAKHAND,ALMORA,3.0,7.0,2.0,3.0,3.0,40.0,1.0
2011,UTTARAKHAND,BAGESHWAR,2.0,4.0,2.0,0.0,0.0,8.0,1.0
2011,UTTARAKHAND,CHAMOLI,6.0,4.0,1.0,1.0,3.0,30.0,1.0
2011,UTTARAKHAND,CHAMPAWAT,8.0,6.0,3.0,1.0,0.0,22.0,1.0
2011,UTTARAKHAND,DEHRADUN,76.0,47.0,55.0,23.0,67.0,780.0,3.0
2011,UTTARAKHAND,HARIDWAR,127.0,56.0,95.0,98.0,166.0,897.0,5.0
2011,UTTARAKHAND,NAINITAL,39.0,14.0,24.0,16.0,27.0,219.0,2.0
2011,UTTARAKHAND,PAURI GARHWAL,11.0,7.0,5.0,0.0,22.0,81.0,1.0
2011,UTTARAKHAND,PITHORAGARH,9.0,17.0,4.0,3.0,9.0,28.0,1.0
2011,UTTARAKHAND,RUDRA PRAYAG,10.0,9.0,4.0,1.0,4.0,24.0,1.0
2011,UTTARAKHAND,TEHRI GARHWAL,5.0,4.0,1.0,4.0,6.0,23.0,1.0
2011,UTTARAKHAND,UDHAMSINGH NAGAR,121.0,64.0,116.0,42.0,106.0,901.0,4.0
2011,UTTARAKHAND,UTTARKASHI,4.0,6.0,2.0,0.0,5.0,16.0,1.0
2011,WEST BENGAL,24 PARGANAS NORTH,573.0,421.0,587.0,149.0,761.0,3644.0,5.0
2011,WEST BENGAL,24 PARGANAS SOUTH,283.0,395.0,349.0,47.0,1471.0,2466.0,5.0
2011,WEST BENGAL,ASANSOL,72.0,61.0,64.0,31.0,99.0,736.0,4.0
2011,WEST BENGAL,BANKURA,115.0,127.0,42.0,44.0,194.0,350.0,4.0
2011,WEST BENGAL,BIRBHUM,210.0,107.0,58.0,38.0,168.0,415.0,5.0
2011,WEST BENGAL,BURDWAN,125.0,73.0,101.0,42.0,288.0,596.0,5.0
2011,WEST BENGAL,COOCHBEHAR,178.0,209.0,194.0,17.0,68.0,372.0,5.0
2011,WEST BENGAL,DAKSHIN DINAJPUR,148.0,132.0,121.0,12.0,37.0,260.0,4.0
2011,WEST BENGAL,DARJEELING,65.0,100.0,88.0,26.0,65.0,744.0,4.0
2011,WEST BENGAL,HOOGHLY,164.0,92.0,130.0,31.0,649.0,1091.0,5.0
2011,WEST BENGAL,HOWRAH,86.0,110.0,129.0,66.0,158.0,817.0,5.0
2011,WEST BENGAL,HOWRAH G.R.P.,16.0,6.0,8.0,7.0,1.0,536.0,1.0
2011,WEST BENGAL,JALPAIGURI,214.0,434.0,293.0,46.0,87.0,1763.0,5.0
2011,WEST BENGAL,KHARAGPUR G.R.P.,5.0,5.0,2.0,9.0,3.0,170.0,1.0
2011,WEST BENGAL,KOLKATA,167.0,300.0,148.0,35.0,336.0,5553.0,5.0
2011,WEST BENGAL,MALDA,221.0,217.0,243.0,19.0,110.0,477.0,5.0
2011,WEST BENGAL,MURSHIDABAD,810.0,1054.0,566.0,68.0,297.0,1407.0,5.0
2011,WEST BENGAL,NADIA,537.0,313.0,500.0,68.0,220.0,1783.0,5.0
2011,WEST BENGAL,PASCHIM MIDNAPUR,305.0,142.0,141.0,92.0,674.0,844.0,5.0
2011,WEST BENGAL,PURAB MIDNAPUR,116.0,83.0,175.0,36.0,461.0,573.0,5.0
2011,WEST BENGAL,PURULIA,97.0,129.0,52.0,35.0,139.0,332.0,4.0
2011,WEST BENGAL,SEALDAH G.R.P.,21.0,8.0,8.0,3.0,14.0,387.0,1.0
2011,WEST BENGAL,SILIGURI G.R.P.,3.0,4.0,4.0,0.0,1.0,150.0,1.0
2011,WEST BENGAL,UTTAR DINAJPUR,256.0,178.0,172.0,33.0,49.0,464.0,5.0
2011,A & N ISLANDS,ANDAMAN,21.0,27.0,15.0,2.0,17.0,216.0,1.0
2011,A & N ISLANDS,NICOBAR,1.0,1.0,0.0,0.0,0.0,6.0,1.0
2011,CHANDIGARH,CHANDIGARH,70.0,48.0,58.0,74.0,75.0,2067.0,4.0
2011,D & N HAVELI,D and N HAVELI,16.0,6.0,9.0,9.0,25.0,119.0,1.0
2011,DAMAN & DIU,DAMAN,7.0,1.0,2.0,8.0,15.0,70.0,1.0
2011,DAMAN & DIU,DIU,0.0,0.0,1.0,2.0,4.0,21.0,1.0
2011,DELHI UT,CAW,0.0,2.0,0.0,0.0,0.0,0.0,1.0
2011,DELHI UT,CENTRAL,50.0,48.0,154.0,26.0,2.0,1511.0,4.0
2011,DELHI UT,CRIME BRANCH,5.0,1.0,0.0,0.0,0.0,80.0,1.0
2011,DELHI UT,DELHI UT TOTAL,1000.0,1229.0,3767.0,595.0,92.0,27245.0,5.0
2011,DELHI UT,EAST,113.0,133.0,393.0,74.0,15.0,3858.0,5.0
2011,DELHI UT,EOW,0.0,0.0,0.0,0.0,0.0,149.0,1.0
2011,DELHI UT,GRP(RLY),13.0,11.0,25.0,24.0,0.0,774.0,1.0
2011,DELHI UT,IGI AIRPORT,1.0,8.0,3.0,0.0,1.0,506.0,1.0
2011,DELHI UT,NEW DELHI,13.0,19.0,33.0,13.0,3.0,604.0,1.0
2011,DELHI UT,NORTH,60.0,26.0,177.0,39.0,3.0,1420.0,4.0
2011,DELHI UT,NORTH-EAST,118.0,157.0,530.0,60.0,4.0,2896.0,5.0
2011,DELHI UT,NORTH-WEST,89.0,106.0,331.0,93.0,4.0,2631.0,5.0
2011,DELHI UT,OUTER,154.0,138.0,577.0,78.0,12.0,2683.0,5.0
2011,DELHI UT,SOUTH,60.0,115.0,222.0,32.0,6.0,2702.0,5.0
2011,DELHI UT,SOUTH-EAST,100.0,202.0,478.0,58.0,14.0,2905.0,5.0
2011,DELHI UT,SOUTH-WEST,100.0,125.0,391.0,52.0,16.0,1580.0,5.0
2011,DELHI UT,STF,3.0,0.0,0.0,0.0,0.0,4.0,1.0
2011,DELHI UT,WEST,121.0,138.0,453.0,46.0,12.0,2942.0,5.0
2011,LAKSHADWEEP,LAKSHADWEEP,1.0,0.0,0.0,0.0,8.0,5.0,1.0
2011,PUDUCHERRY,KARAIKAL,4.0,10.0,1.0,2.0,34.0,57.0,1.0
2011,PUDUCHERRY,PUDUCHERRY,62.0,32.0,11.0,14.0,101.0,778.0,2.0
2012,ANDHRA PRADESH,ADILABAD,175.0,178.0,82.0,16.0,91.0,854.0,5.0
2012,ANDHRA PRADESH,ANANTAPUR,299.0,213.0,74.0,20.0,65.0,972.0,5.0
2012,ANDHRA PRADESH,CHITTOOR,171.0,118.0,56.0,13.0,59.0,863.0,4.0
2012,ANDHRA PRADESH,CUDDAPAH,216.0,243.0,76.0,13.0,120.0,1057.0,4.0
2012,ANDHRA PRADESH,CYBERABAD,321.0,258.0,158.0,100.0,76.0,7492.0,5.0
2012,ANDHRA PRADESH,EAST GODAVARI,167.0,319.0,54.0,17.0,69.0,1492.0,4.0
2012,ANDHRA PRADESH,GUNTAKAL RLY.,7.0,2.0,1.0,4.0,2.0,269.0,1.0
2012,ANDHRA PRADESH,GUNTUR,165.0,275.0,63.0,6.0,64.0,1140.0,4.0
2012,ANDHRA PRADESH,KARIMNAGAR,251.0,264.0,141.0,29.0,175.0,1929.0,5.0
2012,ANDHRA PRADESH,KHAMMAM,247.0,311.0,73.0,19.0,183.0,1085.0,5.0
2012,ANDHRA PRADESH,KRISHNA,132.0,408.0,67.0,11.0,78.0,1208.0,4.0
2012,ANDHRA PRADESH,KURNOOL,258.0,353.0,58.0,21.0,105.0,1106.0,4.0
2012,ANDHRA PRADESH,MAHABOOBNAGAR,287.0,210.0,76.0,19.0,96.0,1409.0,5.0
2012,ANDHRA PRADESH,MEDAK,161.0,138.0,54.0,23.0,182.0,1447.0,4.0
2012,ANDHRA PRADESH,NALGONDA,180.0,298.0,89.0,29.0,185.0,1569.0,5.0
2012,ANDHRA PRADESH,NELLORE,181.0,233.0,90.0,47.0,67.0,1395.0,4.0
2012,ANDHRA PRADESH,NIZAMABAD,173.0,135.0,38.0,19.0,113.0,1288.0,4.0
2012,ANDHRA PRADESH,PRAKASHAM,230.0,250.0,84.0,29.0,60.0,1362.0,4.0
2012,ANDHRA PRADESH,RAJAHMUNDRY,51.0,62.0,9.0,7.0,5.0,584.0,2.0
2012,ANDHRA PRADESH,RANGA REDDY,104.0,85.0,22.0,16.0,48.0,407.0,3.0
2012,ANDHRA PRADESH,SECUNDERABAD RLY.,4.0,7.0,0.0,3.0,0.0,791.0,1.0
2012,ANDHRA PRADESH,SRIKAKULAM,76.0,155.0,18.0,10.0,30.0,412.0,2.0
2012,ANDHRA PRADESH,VIJAYAWADA RLY.,8.0,5.0,3.0,7.0,0.0,597.0,1.0
2012,ANDHRA PRADESH,VISAKHAPATNAM,72.0,73.0,27.0,41.0,22.0,1748.0,3.0
2012,ANDHRA PRADESH,VIZIANAGARAM,87.0,140.0,21.0,6.0,16.0,554.0,3.0
2012,ANDHRA PRADESH,WARANGAL,132.0,173.0,66.0,25.0,198.0,852.0,5.0
2012,ANDHRA PRADESH,WEST GODAVARI,186.0,426.0,86.0,56.0,48.0,1912.0,5.0
2012,ARUNACHAL PRADESH,ANJAW,0.0,0.0,1.0,0.0,0.0,6.0,1.0
2012,ARUNACHAL PRADESH,CHANGLANG,13.0,11.0,12.0,6.0,4.0,63.0,1.0
2012,ARUNACHAL PRADESH,DIBANG VALLEY,4.0,4.0,5.0,4.0,1.0,25.0,1.0
2012,ARUNACHAL PRADESH,K/KUMEY,1.0,3.0,1.0,1.0,0.0,8.0,1.0
2012,ARUNACHAL PRADESH,KAMENG EAST,11.0,7.0,2.0,6.0,0.0,27.0,1.0
2012,ARUNACHAL PRADESH,KAMENG WEST,7.0,1.0,3.0,2.0,0.0,28.0,1.0
2012,ARUNACHAL PRADESH,LOHIT,15.0,14.0,12.0,8.0,0.0,77.0,1.0
2012,ARUNACHAL PRADESH,PAPUM PARE,9.0,15.0,20.0,19.0,27.0,185.0,2.0
2012,ARUNACHAL PRADESH,SIANG EAST,5.0,10.0,1.0,8.0,1.0,65.0,1.0
2012,ARUNACHAL PRADESH,SIANG UPPER,2.0,1.0,3.0,1.0,6.0,22.0,1.0
2012,ARUNACHAL PRADESH,SIANG WEST,5.0,8.0,4.0,8.0,8.0,65.0,1.0
2012,ARUNACHAL PRADESH,SUBANSIRI LOWER,5.0,5.0,4.0,8.0,3.0,33.0,1.0
2012,ARUNACHAL PRADESH,SUBANSIRI UPPER,3.0,15.0,4.0,4.0,3.0,27.0,1.0
2012,ARUNACHAL PRADESH,TAWANG,2.0,1.0,0.0,1.0,1.0,26.0,1.0
2012,ARUNACHAL PRADESH,TIRAP,13.0,3.0,6.0,8.0,3.0,63.0,1.0
2012,ARUNACHAL PRADESH,UPPER DIBANG VALLEY,1.0,1.0,0.0,0.0,0.0,6.0,1.0
2012,ASSAM,BAKSA,45.0,37.0,62.0,19.0,7.0,146.0,3.0
2012,ASSAM,BARPETA,56.0,165.0,225.0,60.0,353.0,626.0,5.0
2012,ASSAM,BIEO,0.0,0.0,0.0,0.0,0.0,16.0,1.0
2012,ASSAM,BONGAIGAON,26.0,65.0,73.0,14.0,61.0,256.0,3.0
2012,ASSAM,C.I.D.,1.0,4.0,2.0,0.0,0.0,8.0,1.0
2012,ASSAM,CACHAR,72.0,105.0,175.0,26.0,244.0,963.0,5.0
2012,ASSAM,CHIRANG,44.0,35.0,40.0,11.0,52.0,140.0,2.0
2012,ASSAM,DARRANG,39.0,334.0,191.0,25.0,58.0,500.0,5.0
2012,ASSAM,DHEMAJI,34.0,91.0,87.0,20.0,18.0,186.0,4.0
2012,ASSAM,DHUBRI,112.0,377.0,315.0,32.0,628.0,708.0,5.0
2012,ASSAM,DIBRUGARH,116.0,188.0,134.0,33.0,47.0,778.0,4.0
2012,ASSAM,G.R.P.,15.0,6.0,4.0,20.0,43.0,218.0,1.0
2012,ASSAM,GOALPARA,102.0,162.0,84.0,52.0,140.0,483.0,5.0
2012,ASSAM,GOLAGHAT,92.0,132.0,181.0,62.0,41.0,398.0,5.0
2012,ASSAM,HAILAKANDI,37.0,108.0,96.0,17.0,191.0,236.0,4.0
2012,ASSAM,HAMREN,9.0,5.0,16.0,3.0,6.0,65.0,1.0
2012,ASSAM,JORHAT,72.0,95.0,106.0,44.0,25.0,721.0,4.0
2012,ASSAM,KAMRUP,61.0,124.0,121.0,36.0,67.0,596.0,4.0
2012,ASSAM,KARBI ANGLONG,60.0,32.0,58.0,9.0,23.0,236.0,3.0
2012,ASSAM,KARIMGANJ,58.0,36.0,85.0,24.0,80.0,379.0,4.0
2012,ASSAM,KOKRAJHAR,152.0,58.0,90.0,10.0,5168.0,354.0,5.0
2012,ASSAM,LAKHIMPUR,60.0,87.0,128.0,21.0,18.0,311.0,4.0
2012,ASSAM,MORIGAON,53.0,83.0,88.0,18.0,112.0,224.0,4.0
2012,ASSAM,N.C.HILLS,39.0,5.0,23.0,0.0,11.0,63.0,2.0
2012,ASSAM,NAGAON,169.0,418.0,351.0,132.0,247.0,1080.0,5.0
2012,ASSAM,NALBARI,26.0,117.0,101.0,32.0,32.0,368.0,3.0
2012,ASSAM,R.P.O.,2.0,0.0,8.0,2.0,0.0,8.0,1.0
2012,ASSAM,SIBSAGAR,131.0,212.0,168.0,37.0,41.0,696.0,5.0
2012,ASSAM,SONITPUR,133.0,136.0,241.0,48.0,101.0,795.0,5.0
2012,ASSAM,TINSUKIA,124.0,107.0,160.0,66.0,18.0,725.0,5.0
2012,ASSAM,UDALGURI,60.0,64.0,58.0,11.0,24.0,174.0,3.0
2012,BIHAR,ARARIA,203.0,61.0,122.0,23.0,228.0,309.0,5.0
2012,BIHAR,ARWAL,97.0,5.0,26.0,7.0,36.0,116.0,2.0
2012,BIHAR,AURANGABAD,283.0,24.0,71.0,77.0,342.0,540.0,5.0
2012,BIHAR,BAGAHA,43.0,11.0,76.0,10.0,193.0,239.0,4.0
2012,BIHAR,BANKA,114.0,17.0,52.0,39.0,213.0,241.0,4.0
2012,BIHAR,BEGUSARAI,381.0,11.0,143.0,67.0,324.0,599.0,5.0
2012,BIHAR,BETTIAH,238.0,35.0,166.0,30.0,503.0,972.0,5.0
2012,BIHAR,BHABHUA,114.0,10.0,45.0,19.0,157.0,339.0,4.0
2012,BIHAR,BHAGALPUR,182.0,31.0,132.0,60.0,285.0,651.0,5.0
2012,BIHAR,BHOJPUR,198.0,9.0,74.0,34.0,155.0,550.0,5.0
2012,BIHAR,BUXAR,173.0,50.0,89.0,49.0,256.0,559.0,5.0
2012,BIHAR,DARBHANGA,509.0,44.0,207.0,55.0,837.0,868.0,5.0
2012,BIHAR,GAYA,196.0,35.0,154.0,85.0,404.0,1027.0,5.0
2012,BIHAR,GOPALGANJ,143.0,20.0,135.0,30.0,360.0,526.0,5.0
2012,BIHAR,JAMALPUR RLY.,17.0,1.0,2.0,11.0,4.0,186.0,1.0
2012,BIHAR,JAMUI,232.0,29.0,56.0,49.0,197.0,277.0,5.0
2012,BIHAR,JEHANABAD,60.0,8.0,47.0,18.0,106.0,213.0,3.0
2012,BIHAR,KATIHAR,187.0,74.0,137.0,45.0,261.0,654.0,5.0
2012,BIHAR,KATIHAR RLY.,15.0,1.0,8.0,7.0,2.0,176.0,1.0
2012,BIHAR,KHAGARIA,139.0,18.0,53.0,26.0,165.0,180.0,4.0
2012,BIHAR,KISHANGANJ,40.0,32.0,72.0,14.0,176.0,250.0,4.0
2012,BIHAR,LAKHISARAI,128.0,16.0,39.0,20.0,147.0,191.0,4.0
2012,BIHAR,MADHEPURA,190.0,31.0,77.0,47.0,326.0,333.0,5.0
2012,BIHAR,MADHUBANI,148.0,31.0,191.0,39.0,459.0,579.0,5.0
2012,BIHAR,MOTIHARI,865.0,22.0,233.0,73.0,749.0,1052.0,5.0
2012,BIHAR,MUNGER,103.0,10.0,65.0,36.0,141.0,331.0,4.0
2012,BIHAR,MUZAFFARPUR,821.0,34.0,279.0,121.0,435.0,2073.0,5.0
2012,BIHAR,MUZAFFARPUR RLY.,13.0,2.0,1.0,13.0,12.0,315.0,1.0
2012,BIHAR,NALANDA,223.0,18.0,113.0,22.0,188.0,597.0,5.0
2012,BIHAR,NAUGACHIA,154.0,2.0,21.0,10.0,123.0,129.0,3.0
2012,BIHAR,NAWADAH,116.0,18.0,89.0,23.0,273.0,402.0,5.0
2012,BIHAR,PATNA,459.0,68.0,376.0,157.0,534.0,4423.0,5.0
2012,BIHAR,PATNA RLY.,20.0,18.0,8.0,15.0,11.0,792.0,1.0
2012,BIHAR,PURNEA,327.0,47.0,142.0,33.0,312.0,491.0,5.0
2012,BIHAR,ROHTAS,350.0,41.0,130.0,57.0,234.0,857.0,5.0
2012,BIHAR,SAHARSA,257.0,16.0,95.0,36.0,265.0,366.0,5.0
2012,BIHAR,SAMASTIPUR,355.0,24.0,131.0,45.0,377.0,537.0,5.0
2012,BIHAR,SARAN,430.0,23.0,178.0,54.0,402.0,924.0,5.0
2012,BIHAR,SHEIKHPURA,120.0,10.0,39.0,14.0,66.0,172.0,3.0
2012,BIHAR,SHEOHAR,26.0,5.0,32.0,11.0,58.0,96.0,2.0
2012,BIHAR,SITAMARHI,139.0,20.0,167.0,68.0,198.0,635.0,5.0
2012,BIHAR,SIWAN,167.0,22.0,193.0,41.0,383.0,706.0,5.0
2012,BIHAR,SUPAUL,40.0,20.0,118.0,22.0,325.0,407.0,5.0
2012,BIHAR,VAISHALI,288.0,21.0,223.0,94.0,448.0,1128.0,5.0
2012,CHHATTISGARH,BALOD,19.0,72.0,7.0,8.0,18.0,173.0,2.0
2012,CHHATTISGARH,BALODA BAZAR,44.0,143.0,18.0,29.0,59.0,387.0,3.0
2012,CHHATTISGARH,BALRAMPUR,57.0,116.0,5.0,11.0,17.0,98.0,2.0
2012,CHHATTISGARH,BEMETARA,27.0,85.0,19.0,8.0,25.0,178.0,2.0
2012,CHHATTISGARH,BILASPUR,117.0,216.0,33.0,72.0,165.0,1005.0,4.0
2012,CHHATTISGARH,BIZAPUR,104.0,9.0,3.0,14.0,6.0,28.0,2.0
2012,CHHATTISGARH,DANTEWARA,53.0,11.0,1.0,3.0,14.0,38.0,1.0
2012,CHHATTISGARH,DHAMTARI,25.0,57.0,2.0,7.0,17.0,220.0,1.0
2012,CHHATTISGARH,DURG,97.0,269.0,55.0,33.0,52.0,1312.0,4.0
2012,CHHATTISGARH,GARIYABAND,28.0,47.0,6.0,7.0,24.0,142.0,2.0
2012,CHHATTISGARH,GRP RAIPUR,5.0,7.0,7.0,2.0,0.0,201.0,1.0
2012,CHHATTISGARH,JAGDALPUR,66.0,56.0,11.0,9.0,48.0,178.0,2.0
2012,CHHATTISGARH,JANJGIR,68.0,137.0,21.0,34.0,146.0,679.0,3.0
2012,CHHATTISGARH,JASHPUR,82.0,109.0,60.0,11.0,24.0,179.0,4.0
2012,CHHATTISGARH,KABIRDHAM,37.0,80.0,14.0,11.0,28.0,154.0,2.0
2012,CHHATTISGARH,KANKER,54.0,41.0,9.0,10.0,25.0,84.0,2.0
2012,CHHATTISGARH,KONDAGAON,29.0,15.0,7.0,0.0,5.0,46.0,1.0
2012,CHHATTISGARH,KORBA,54.0,102.0,16.0,9.0,44.0,344.0,2.0
2012,CHHATTISGARH,KORIYA,55.0,128.0,13.0,8.0,40.0,203.0,2.0
2012,CHHATTISGARH,MAHASAMUND,42.0,91.0,38.0,16.0,60.0,363.0,3.0
2012,CHHATTISGARH,MUNGELI,22.0,30.0,13.0,9.0,52.0,195.0,2.0
2012,CHHATTISGARH,NARAYANPUR,32.0,9.0,6.0,12.0,7.0,20.0,1.0
2012,CHHATTISGARH,RAIGARH,108.0,150.0,15.0,53.0,73.0,719.0,4.0
2012,CHHATTISGARH,RAIPUR,104.0,259.0,22.0,49.0,149.0,2023.0,4.0
2012,CHHATTISGARH,RAJNANDGAON,75.0,83.0,9.0,18.0,48.0,374.0,2.0
2012,CHHATTISGARH,SARGUJA,84.0,162.0,18.0,15.0,51.0,223.0,3.0
2012,CHHATTISGARH,SUKMA,54.0,3.0,7.0,9.0,13.0,17.0,1.0
2012,CHHATTISGARH,SURAJPUR,75.0,148.0,15.0,9.0,30.0,187.0,3.0
2012,GOA,NORTH GOA,51.0,55.0,15.0,14.0,91.0,917.0,2.0
2012,GOA,SOUTH GOA,32.0,49.0,9.0,17.0,65.0,623.0,2.0
2012,GUJARAT,AHMEDABAD COMMR.,146.0,142.0,229.0,627.0,175.0,4867.0,5.0
2012,GUJARAT,AHWA-DANG,7.0,2.0,1.0,1.0,7.0,24.0,1.0
2012,GUJARAT,AMRELI,39.0,30.0,80.0,15.0,60.0,299.0,3.0
2012,GUJARAT,ANAND,51.0,31.0,56.0,9.0,33.0,474.0,2.0
2012,GUJARAT,BHARUCH,54.0,31.0,28.0,37.0,49.0,497.0,2.0
2012,GUJARAT,BHAVNAGAR,70.0,43.0,105.0,32.0,90.0,629.0,4.0
2012,GUJARAT,CID CRIME,1.0,1.0,0.0,0.0,0.0,12.0,1.0
2012,GUJARAT,DAHOD,47.0,27.0,72.0,89.0,75.0,368.0,4.0
2012,GUJARAT,GANDHINAGAR,28.0,30.0,29.0,32.0,58.0,580.0,2.0
2012,GUJARAT,HIMATNAGAR,37.0,32.0,57.0,14.0,56.0,400.0,3.0
2012,GUJARAT,JAMNAGAR,85.0,62.0,41.0,58.0,100.0,901.0,3.0
2012,GUJARAT,JUNAGADH,57.0,52.0,63.0,25.0,136.0,457.0,3.0
2012,GUJARAT,KHEDA NORTH,32.0,40.0,62.0,21.0,49.0,327.0,3.0
2012,GUJARAT,KUTCH (EAST(G)),34.0,29.0,25.0,21.0,32.0,404.0,2.0
2012,GUJARAT,KUTCH (WEST-BHUJ),30.0,26.0,18.0,8.0,52.0,270.0,2.0
2012,GUJARAT,MEHSANA,61.0,38.0,59.0,45.0,104.0,808.0,3.0
2012,GUJARAT,NARMADA,20.0,10.0,6.0,3.0,17.0,52.0,1.0
2012,GUJARAT,NAVSARI,28.0,8.0,15.0,10.0,20.0,382.0,1.0
2012,GUJARAT,PALANPUR,77.0,113.0,118.0,71.0,100.0,795.0,4.0
2012,GUJARAT,PANCHMAHAL,71.0,41.0,74.0,45.0,72.0,383.0,3.0
2012,GUJARAT,PATAN,34.0,39.0,31.0,32.0,61.0,404.0,2.0
2012,GUJARAT,PORBANDAR,26.0,18.0,8.0,9.0,11.0,140.0,1.0
2012,GUJARAT,RAJKOT COMMR.,72.0,21.0,66.0,57.0,82.0,1338.0,3.0
2012,GUJARAT,SURAT COMMR.,125.0,68.0,91.0,74.0,68.0,2420.0,4.0
2012,GUJARAT,SURENDRANAGAR,66.0,70.0,51.0,22.0,92.0,373.0,3.0
2012,GUJARAT,TAPI,17.0,14.0,3.0,5.0,19.0,141.0,1.0
2012,GUJARAT,VADODARA COMMR.,63.0,26.0,67.0,121.0,97.0,1865.0,4.0
2012,GUJARAT,VALSAD,35.0,21.0,25.0,24.0,32.0,798.0,2.0
2012,GUJARAT,W.RLY AHMEDABAD,6.0,3.0,2.0,8.0,7.0,227.0,1.0
2012,GUJARAT,W.RLY VADODARA,6.0,1.0,3.0,9.0,1.0,417.0,1.0
2012,HARYANA,BHIWANI,132.0,73.0,109.0,60.0,146.0,1146.0,5.0
2012,HARYANA,FARIDABAD,128.0,78.0,103.0,44.0,197.0,2330.0,5.0
2012,HARYANA,FATEHABAD,43.0,22.0,49.0,14.0,35.0,544.0,2.0
2012,HARYANA,GRP,27.0,10.0,10.0,18.0,13.0,441.0,1.0
2012,HARYANA,GURGAON,151.0,62.0,56.0,118.0,126.0,4311.0,5.0
2012,HARYANA,HISSAR,147.0,83.0,114.0,48.0,85.0,1745.0,5.0
2012,HARYANA,JHAJJAR,117.0,39.0,38.0,45.0,62.0,736.0,3.0
2012,HARYANA,JIND,91.0,61.0,58.0,46.0,120.0,926.0,4.0
2012,HARYANA,KAITHAL,58.0,33.0,38.0,13.0,7.0,620.0,2.0
2012,HARYANA,KARNAL,121.0,113.0,103.0,51.0,54.0,1567.0,4.0
2012,HARYANA,KURUKSHETRA,67.0,45.0,37.0,7.0,6.0,953.0,2.0
2012,HARYANA,MAHENDRAGARH,67.0,40.0,25.0,34.0,123.0,491.0,3.0
2012,HARYANA,MEWAT,64.0,65.0,29.0,52.0,155.0,625.0,4.0
2012,HARYANA,PALWAL,116.0,59.0,54.0,36.0,206.0,722.0,4.0
2012,HARYANA,PANCHKULA,26.0,31.0,40.0,23.0,2.0,606.0,2.0
2012,HARYANA,PANIPAT,81.0,58.0,87.0,44.0,76.0,1259.0,4.0
2012,HARYANA,REWARI,76.0,40.0,26.0,69.0,54.0,944.0,3.0
2012,HARYANA,ROHTAK,124.0,61.0,35.0,55.0,73.0,1182.0,4.0
2012,HARYANA,SIRSA,54.0,55.0,90.0,20.0,51.0,701.0,3.0
2012,HARYANA,SONIPAT,157.0,58.0,62.0,59.0,12.0,1222.0,4.0
2012,HARYANA,YAMUNANAGAR,59.0,40.0,83.0,31.0,3.0,696.0,3.0
2012,HIMACHAL PRADESH,BADDIPOLICEDIST,11.0,19.0,10.0,1.0,34.0,107.0,1.0
2012,HIMACHAL PRADESH,BILASPUR,16.0,33.0,7.0,1.0,42.0,138.0,1.0
2012,HIMACHAL PRADESH,CHAMBA,8.0,19.0,14.0,0.0,32.0,105.0,1.0
2012,HIMACHAL PRADESH,CID,0.0,0.0,0.0,0.0,0.0,1.0,1.0
2012,HIMACHAL PRADESH,G.R.P.,1.0,0.0,0.0,0.0,0.0,3.0,1.0
2012,HIMACHAL PRADESH,HAMIRPUR,13.0,28.0,6.0,0.0,21.0,106.0,1.0
2012,HIMACHAL PRADESH,KANGRA,34.0,71.0,52.0,2.0,104.0,475.0,3.0
2012,HIMACHAL PRADESH,KINNAUR,3.0,7.0,2.0,0.0,13.0,37.0,1.0
2012,HIMACHAL PRADESH,KULLU,13.0,44.0,7.0,0.0,32.0,112.0,1.0
2012,HIMACHAL PRADESH,LAHAUL-SPITI,0.0,3.0,0.0,0.0,2.0,3.0,1.0
2012,HIMACHAL PRADESH,MANDI,22.0,77.0,19.0,0.0,91.0,271.0,2.0
2012,HIMACHAL PRADESH,SHIMLA,25.0,51.0,29.0,3.0,108.0,364.0,2.0
2012,HIMACHAL PRADESH,SIRMAUR,13.0,41.0,11.0,1.0,68.0,116.0,2.0
2012,HIMACHAL PRADESH,SOLAN,8.0,22.0,8.0,1.0,39.0,181.0,1.0
2012,HIMACHAL PRADESH,UNA,8.0,18.0,7.0,2.0,39.0,188.0,1.0
2012,JAMMU & KASHMIR,ANANTNAG,23.0,144.0,96.0,9.0,178.0,228.0,4.0
2012,JAMMU & KASHMIR,AWANTIPORA,3.0,15.0,29.0,0.0,18.0,40.0,1.0
2012,JAMMU & KASHMIR,BANDIPORA,13.0,87.0,46.0,3.0,100.0,65.0,2.0
2012,JAMMU & KASHMIR,BARAMULLA,33.0,121.0,83.0,8.0,113.0,186.0,3.0
2012,JAMMU & KASHMIR,BUDGAM,16.0,121.0,77.0,8.0,188.0,293.0,4.0
2012,JAMMU & KASHMIR,CRIME JAMMU,0.0,0.0,0.0,0.0,0.0,12.0,1.0
2012,JAMMU & KASHMIR,CRIME SRINAGAR,0.0,0.0,0.0,0.0,0.0,31.0,1.0
2012,JAMMU & KASHMIR,DODA,18.0,39.0,33.0,1.0,28.0,98.0,2.0
2012,JAMMU & KASHMIR,GANDERBAL,11.0,106.0,33.0,3.0,39.0,66.0,2.0
2012,JAMMU & KASHMIR,HANDWARA,26.0,94.0,35.0,2.0,56.0,64.0,2.0
2012,JAMMU & KASHMIR,JAMMU,94.0,83.0,100.0,6.0,102.0,896.0,4.0
2012,JAMMU & KASHMIR,KARGIL,3.0,2.0,0.0,0.0,13.0,12.0,1.0
2012,JAMMU & KASHMIR,KATHUA,32.0,50.0,40.0,2.0,30.0,169.0,2.0
2012,JAMMU & KASHMIR,KISHTWAR,15.0,18.0,23.0,1.0,5.0,52.0,1.0
2012,JAMMU & KASHMIR,KULGAM,17.0,111.0,70.0,4.0,80.0,96.0,3.0
2012,JAMMU & KASHMIR,KUPWARA,24.0,68.0,50.0,3.0,141.0,154.0,3.0
2012,JAMMU & KASHMIR,LEH,4.0,8.0,1.0,0.0,1.0,22.0,1.0
2012,JAMMU & KASHMIR,POONCH,39.0,40.0,41.0,0.0,99.0,70.0,2.0
2012,JAMMU & KASHMIR,PULWAMA,9.0,11.0,25.0,1.0,67.0,68.0,2.0
2012,JAMMU & KASHMIR,RAJOURI,47.0,83.0,58.0,1.0,68.0,179.0,3.0
2012,JAMMU & KASHMIR,RAMBAN,12.0,16.0,22.0,1.0,1.0,68.0,1.0
2012,JAMMU & KASHMIR,REASI,27.0,26.0,18.0,1.0,13.0,77.0,1.0
2012,JAMMU & KASHMIR,SAMBA,25.0,18.0,9.0,0.0,14.0,81.0,1.0
2012,JAMMU & KASHMIR,SHOPIAN,24.0,32.0,47.0,6.0,56.0,133.0,2.0
2012,JAMMU & KASHMIR,SOPORE,49.0,62.0,34.0,9.0,29.0,254.0,2.0
2012,JAMMU & KASHMIR,SRINAGAR,60.0,220.0,100.0,18.0,128.0,669.0,4.0
2012,JAMMU & KASHMIR,UDHAMPUR,25.0,50.0,22.0,0.0,22.0,96.0,2.0
2012,JHARKHAND,BOKARO,73.0,50.0,63.0,36.0,162.0,1121.0,4.0
2012,JHARKHAND,CHAIBASA,193.0,42.0,15.0,31.0,13.0,179.0,3.0
2012,JHARKHAND,CHATRA,75.0,21.0,24.0,29.0,104.0,200.0,3.0
2012,JHARKHAND,DEOGHAR,167.0,73.0,48.0,41.0,196.0,451.0,5.0
2012,JHARKHAND,DHANBAD,101.0,45.0,121.0,90.0,191.0,1325.0,5.0
2012,JHARKHAND,DHANBAD RLY.,5.0,10.0,3.0,12.0,3.0,208.0,1.0
2012,JHARKHAND,DUMKA,107.0,41.0,34.0,12.0,87.0,303.0,3.0
2012,JHARKHAND,GARHWA,135.0,57.0,24.0,42.0,184.0,246.0,4.0
2012,JHARKHAND,GIRIDIH,164.0,83.0,53.0,54.0,259.0,671.0,5.0
2012,JHARKHAND,GODDA,49.0,24.0,63.0,12.0,31.0,193.0,3.0
2012,JHARKHAND,GUMLA,241.0,45.0,55.0,30.0,32.0,163.0,4.0
2012,JHARKHAND,HAZARIBAGH,104.0,51.0,53.0,33.0,156.0,403.0,4.0
2012,JHARKHAND,JAMSHEDPUR,115.0,78.0,98.0,49.0,118.0,1456.0,5.0
2012,JHARKHAND,JAMSHEDPUR RLY.,8.0,1.0,1.0,5.0,0.0,163.0,1.0
2012,JHARKHAND,JAMTARA,31.0,28.0,17.0,5.0,140.0,207.0,3.0
2012,JHARKHAND,KHUNTI,127.0,10.0,13.0,8.0,35.0,43.0,2.0
2012,JHARKHAND,KODERMA,74.0,20.0,30.0,19.0,74.0,211.0,3.0
2012,JHARKHAND,LATEHAR,68.0,21.0,28.0,18.0,41.0,120.0,2.0
2012,JHARKHAND,LOHARDAGGA,62.0,29.0,22.0,10.0,15.0,86.0,2.0
2012,JHARKHAND,PAKUR,53.0,63.0,23.0,11.0,112.0,200.0,3.0
2012,JHARKHAND,PALAMU,131.0,36.0,57.0,64.0,144.0,410.0,4.0
2012,JHARKHAND,RAMGARH,37.0,36.0,28.0,28.0,93.0,346.0,3.0
2012,JHARKHAND,RANCHI,235.0,74.0,76.0,94.0,171.0,779.0,5.0
2012,JHARKHAND,SAHEBGANJ,102.0,76.0,71.0,7.0,58.0,221.0,4.0
2012,JHARKHAND,SARAIKELA,75.0,45.0,16.0,21.0,38.0,298.0,3.0
2012,JHARKHAND,SIMDEGA,96.0,37.0,20.0,17.0,10.0,98.0,2.0
2012,KARNATAKA,BAGALKOT,95.0,74.0,17.0,25.0,225.0,299.0,4.0
2012,KARNATAKA,BANGALORE COMMR.,726.0,411.0,532.0,707.0,551.0,14303.0,5.0
2012,KARNATAKA,BELGAUM,265.0,242.0,54.0,87.0,486.0,1008.0,5.0
2012,KARNATAKA,BELLARY,102.0,66.0,31.0,50.0,239.0,610.0,4.0
2012,KARNATAKA,BIDAR,77.0,51.0,30.0,33.0,185.0,356.0,4.0
2012,KARNATAKA,BIJAPUR,134.0,59.0,30.0,38.0,256.0,353.0,4.0
2012,KARNATAKA,CBPURA,102.0,68.0,25.0,35.0,280.0,518.0,4.0
2012,KARNATAKA,CHAMARAJNAGAR,52.0,73.0,10.0,14.0,120.0,195.0,2.0
2012,KARNATAKA,CHICKMAGALUR,70.0,81.0,12.0,30.0,114.0,285.0,3.0
2012,KARNATAKA,CHITRADURGA,88.0,166.0,34.0,28.0,331.0,418.0,4.0
2012,KARNATAKA,DAKSHIN KANNADA,48.0,47.0,10.0,20.0,130.0,245.0,3.0
2012,KARNATAKA,DAVANAGERE,85.0,134.0,23.0,53.0,298.0,511.0,4.0
2012,KARNATAKA,DHARWAD COMMR.,39.0,22.0,54.0,79.0,114.0,540.0,3.0
2012,KARNATAKA,GADAG,36.0,65.0,12.0,5.0,120.0,144.0,2.0
2012,KARNATAKA,GULBARGA,169.0,161.0,53.0,75.0,416.0,618.0,5.0
2012,KARNATAKA,HASSAN,162.0,141.0,26.0,83.0,244.0,684.0,5.0
2012,KARNATAKA,HAVERI,43.0,84.0,18.0,11.0,251.0,274.0,3.0
2012,KARNATAKA,K.G.F.,38.0,20.0,7.0,15.0,87.0,166.0,2.0
2012,KARNATAKA,KODAGU,68.0,37.0,5.0,6.0,36.0,218.0,2.0
2012,KARNATAKA,KOLAR,104.0,55.0,20.0,24.0,239.0,328.0,4.0
2012,KARNATAKA,KOPPAL,35.0,24.0,27.0,16.0,134.0,249.0,3.0
2012,KARNATAKA,MANDYA,182.0,184.0,46.0,93.0,422.0,880.0,5.0
2012,KARNATAKA,MYSORE COMMR.,66.0,34.0,13.0,208.0,88.0,913.0,4.0
2012,KARNATAKA,RAICHUR,74.0,160.0,34.0,12.0,243.0,364.0,4.0
2012,KARNATAKA,RAMANAGAR,142.0,128.0,60.0,143.0,337.0,889.0,5.0
2012,KARNATAKA,SHIMOGA,130.0,172.0,32.0,63.0,285.0,642.0,4.0
2012,KARNATAKA,TUMKUR,176.0,204.0,38.0,102.0,375.0,940.0,5.0
2012,KARNATAKA,UDUPI,35.0,46.0,12.0,41.0,127.0,295.0,2.0
2012,KARNATAKA,UTTAR KANNADA,58.0,104.0,11.0,21.0,130.0,228.0,3.0
2012,KARNATAKA,YADGIRI,63.0,106.0,22.0,6.0,206.0,146.0,3.0
2012,KERALA,ALAPUZHA,44.0,294.0,18.0,18.0,573.0,572.0,5.0
2012,KERALA,ERNAKULAM COMMR.,19.0,136.0,6.0,30.0,396.0,1036.0,4.0
2012,KERALA,IDUKKI,54.0,242.0,10.0,18.0,306.0,454.0,4.0
2012,KERALA,KANNUR,69.0,249.0,23.0,78.0,1388.0,668.0,5.0
2012,KERALA,KASARGOD,39.0,245.0,17.0,42.0,641.0,431.0,5.0
2012,KERALA,KOLLAM COMMR.,68.0,217.0,21.0,65.0,307.0,440.0,5.0
2012,KERALA,KOTTAYAM,51.0,320.0,19.0,28.0,500.0,787.0,5.0
2012,KERALA,KOZHIKODE COMMR.,14.0,139.0,5.0,67.0,365.0,417.0,4.0
2012,KERALA,MALAPPURAM,46.0,318.0,10.0,37.0,834.0,950.0,5.0
2012,KERALA,PALAKKAD,89.0,214.0,13.0,36.0,738.0,678.0,5.0
2012,KERALA,PATHANAMTHITTA,55.0,169.0,17.0,19.0,427.0,395.0,5.0
2012,KERALA,THRISSUR COMMR.,34.0,146.0,13.0,29.0,450.0,598.0,5.0
2012,KERALA,TRIVANDRUM COMMR.,27.0,267.0,23.0,105.0,639.0,754.0,5.0
2012,KERALA,WAYANADU,20.0,115.0,12.0,13.0,268.0,276.0,4.0
2012,MADHYA PRADESH,ALIRAJPUR,93.0,53.0,13.0,17.0,22.0,144.0,2.0
2012,MADHYA PRADESH,ANUPPUR,51.0,142.0,8.0,16.0,28.0,287.0,3.0
2012,MADHYA PRADESH,ASHOK NAGAR,52.0,112.0,6.0,13.0,26.0,191.0,2.0
2012,MADHYA PRADESH,BALAGHAT,71.0,191.0,9.0,13.0,62.0,291.0,3.0
2012,MADHYA PRADESH,BARWANI,61.0,122.0,8.0,14.0,26.0,248.0,2.0
2012,MADHYA PRADESH,BETUL,102.0,269.0,12.0,7.0,22.0,357.0,4.0
2012,MADHYA PRADESH,BHIND,147.0,132.0,27.0,93.0,87.0,470.0,4.0
2012,MADHYA PRADESH,BHOPAL,174.0,387.0,63.0,202.0,133.0,3837.0,5.0
2012,MADHYA PRADESH,BHOPAL RLY.,13.0,18.0,1.0,26.0,1.0,1126.0,1.0
2012,MADHYA PRADESH,BURHANPUR,23.0,65.0,6.0,7.0,9.0,165.0,1.0
2012,MADHYA PRADESH,CHHATARPUR,113.0,234.0,39.0,42.0,80.0,530.0,4.0
2012,MADHYA PRADESH,CHHINDWARA,96.0,324.0,21.0,32.0,94.0,490.0,4.0
2012,MADHYA PRADESH,DAMOH,98.0,215.0,32.0,18.0,35.0,266.0,3.0
2012,MADHYA PRADESH,DATIYA,85.0,84.0,28.0,40.0,46.0,225.0,3.0
2012,MADHYA PRADESH,DEWAS,118.0,216.0,31.0,29.0,51.0,720.0,4.0
2012,MADHYA PRADESH,DHAR,118.0,254.0,49.0,18.0,50.0,720.0,4.0
2012,MADHYA PRADESH,DINDORI,45.0,120.0,6.0,2.0,15.0,85.0,2.0
2012,MADHYA PRADESH,GUNA,91.0,191.0,28.0,30.0,62.0,470.0,3.0
2012,MADHYA PRADESH,GWALIOR,292.0,243.0,83.0,207.0,129.0,3127.0,5.0
2012,MADHYA PRADESH,HARDA,34.0,77.0,12.0,14.0,17.0,192.0,2.0
2012,MADHYA PRADESH,HOSHANGABAD,77.0,198.0,34.0,17.0,30.0,421.0,3.0
2012,MADHYA PRADESH,INDORE,298.0,578.0,54.0,279.0,146.0,5804.0,5.0
2012,MADHYA PRADESH,INDORE RLY.,5.0,6.0,3.0,10.0,1.0,330.0,1.0
2012,MADHYA PRADESH,JABALPUR,234.0,380.0,51.0,99.0,83.0,1475.0,5.0
2012,MADHYA PRADESH,JABALPUR RLY.,7.0,16.0,1.0,34.0,1.0,645.0,1.0
2012,MADHYA PRADESH,JHABUA,44.0,154.0,25.0,32.0,51.0,286.0,3.0
2012,MADHYA PRADESH,KATNI,60.0,204.0,18.0,25.0,30.0,388.0,3.0
2012,MADHYA PRADESH,KHANDWA,47.0,202.0,8.0,10.0,35.0,397.0,3.0
2012,MADHYA PRADESH,KHARGON,90.0,200.0,20.0,15.0,55.0,549.0,3.0
2012,MADHYA PRADESH,MANDLA,44.0,169.0,8.0,6.0,9.0,163.0,2.0
2012,MADHYA PRADESH,MANDSAUR,86.0,149.0,34.0,22.0,38.0,558.0,3.0
2012,MADHYA PRADESH,MORENA,167.0,139.0,35.0,69.0,129.0,622.0,4.0
2012,MADHYA PRADESH,NARSINGHPUR,93.0,229.0,16.0,16.0,36.0,361.0,3.0
2012,MADHYA PRADESH,NEEMUCH,35.0,68.0,12.0,22.0,50.0,387.0,2.0
2012,MADHYA PRADESH,PANNA,51.0,106.0,8.0,11.0,8.0,149.0,2.0
2012,MADHYA PRADESH,RAISEN,96.0,250.0,21.0,21.0,29.0,351.0,4.0
2012,MADHYA PRADESH,RAJGARH,78.0,271.0,52.0,28.0,119.0,545.0,4.0
2012,MADHYA PRADESH,RATLAM,93.0,200.0,28.0,27.0,44.0,522.0,4.0
2012,MADHYA PRADESH,REWA,105.0,207.0,44.0,52.0,65.0,1072.0,4.0
2012,MADHYA PRADESH,SAGAR,175.0,566.0,63.0,65.0,115.0,899.0,5.0
2012,MADHYA PRADESH,SATNA,110.0,227.0,29.0,45.0,50.0,828.0,4.0
2012,MADHYA PRADESH,SEONI,57.0,165.0,10.0,7.0,29.0,240.0,3.0
2012,MADHYA PRADESH,SHAHDOL,57.0,214.0,27.0,35.0,40.0,373.0,3.0
2012,MADHYA PRADESH,SHAJAPUR,85.0,169.0,18.0,22.0,64.0,499.0,3.0
2012,MADHYA PRADESH,SHEOPUR,23.0,57.0,4.0,18.0,28.0,160.0,2.0
2012,MADHYA PRADESH,SHIVPURI,116.0,252.0,29.0,46.0,114.0,421.0,4.0
2012,MADHYA PRADESH,SIDHI,42.0,132.0,40.0,7.0,19.0,316.0,3.0
2012,MADHYA PRADESH,SIHORE,59.0,169.0,14.0,21.0,52.0,533.0,3.0
2012,MADHYA PRADESH,SINGRAULI,46.0,119.0,36.0,11.0,35.0,194.0,3.0
2012,MADHYA PRADESH,TIKAMGARH,76.0,185.0,13.0,24.0,53.0,211.0,3.0
2012,MADHYA PRADESH,UJJAIN,249.0,253.0,36.0,77.0,118.0,1461.0,5.0
2012,MADHYA PRADESH,UMARIYA,15.0,90.0,4.0,8.0,16.0,137.0,1.0
2012,MADHYA PRADESH,VIDISHA,122.0,307.0,25.0,26.0,78.0,560.0,4.0
2012,MAHARASHTRA,AHMEDNAGAR,207.0,208.0,59.0,310.0,618.0,2272.0,5.0
2012,MAHARASHTRA,AKOLA,79.0,111.0,22.0,52.0,140.0,994.0,3.0
2012,MAHARASHTRA,AMRAVATI COMMR.,63.0,73.0,20.0,59.0,90.0,1104.0,3.0
2012,MAHARASHTRA,AURANGABAD COMMR.,106.0,102.0,25.0,203.0,192.0,1378.0,5.0
2012,MAHARASHTRA,BEED,164.0,123.0,50.0,102.0,383.0,1022.0,5.0
2012,MAHARASHTRA,BHANDARA,34.0,62.0,11.0,34.0,57.0,628.0,2.0
2012,MAHARASHTRA,BULDHANA,92.0,136.0,31.0,28.0,266.0,789.0,4.0
2012,MAHARASHTRA,CHANDRAPUR,77.0,163.0,34.0,50.0,128.0,1092.0,4.0
2012,MAHARASHTRA,DHULE,90.0,69.0,18.0,105.0,179.0,620.0,4.0
2012,MAHARASHTRA,GADCHIROLI,128.0,48.0,9.0,7.0,50.0,229.0,2.0
2012,MAHARASHTRA,GONDIA,71.0,85.0,10.0,25.0,66.0,466.0,3.0
2012,MAHARASHTRA,HINGOLI,42.0,46.0,10.0,8.0,113.0,199.0,2.0
2012,MAHARASHTRA,JALGAON,183.0,179.0,43.0,119.0,265.0,1474.0,5.0
2012,MAHARASHTRA,JALNA,120.0,114.0,25.0,90.0,247.0,739.0,5.0
2012,MAHARASHTRA,KOLHAPUR,102.0,114.0,45.0,73.0,450.0,1615.0,5.0
2012,MAHARASHTRA,LATUR,134.0,82.0,32.0,60.0,274.0,809.0,4.0
2012,MAHARASHTRA,MUMBAI COMMR.,394.0,846.0,212.0,1160.0,460.0,15742.0,5.0
2012,MAHARASHTRA,MUMBAI RLY.,13.0,22.0,7.0,424.0,11.0,1682.0,4.0
2012,MAHARASHTRA,NAGPUR COMMR.,188.0,141.0,53.0,504.0,201.0,3536.0,5.0
2012,MAHARASHTRA,NAGPUR RLY.,10.0,5.0,2.0,71.0,13.0,1079.0,1.0
2012,MAHARASHTRA,NANDED,139.0,119.0,37.0,65.0,328.0,987.0,5.0
2012,MAHARASHTRA,NANDURBAR,52.0,41.0,10.0,31.0,96.0,291.0,2.0
2012,MAHARASHTRA,NASIK COMMR.,58.0,56.0,18.0,177.0,110.0,1593.0,4.0
2012,MAHARASHTRA,NAVI MUMBAI,79.0,100.0,19.0,423.0,128.0,2644.0,5.0
2012,MAHARASHTRA,OSMANABAD,89.0,124.0,31.0,39.0,266.0,622.0,4.0
2012,MAHARASHTRA,PARBHANI,97.0,96.0,31.0,90.0,191.0,783.0,4.0
2012,MAHARASHTRA,PUNE COMMR.,237.0,205.0,109.0,766.0,580.0,6048.0,5.0
2012,MAHARASHTRA,PUNE RLY.,6.0,5.0,1.0,30.0,5.0,364.0,1.0
2012,MAHARASHTRA,RAIGAD,53.0,58.0,8.0,59.0,151.0,654.0,3.0
2012,MAHARASHTRA,RATNAGIRI,23.0,42.0,4.0,44.0,98.0,425.0,2.0
2012,MAHARASHTRA,SANGLI,93.0,90.0,35.0,46.0,225.0,928.0,4.0
2012,MAHARASHTRA,SATARA,118.0,121.0,36.0,259.0,329.0,1864.0,5.0
2012,MAHARASHTRA,SINDHUDURG,16.0,29.0,8.0,16.0,60.0,268.0,2.0
2012,MAHARASHTRA,SOLAPUR COMMR.,45.0,56.0,24.0,121.0,137.0,856.0,4.0
2012,MAHARASHTRA,THANE COMMR.,209.0,310.0,124.0,780.0,309.0,4583.0,5.0
2012,MAHARASHTRA,WARDHA,66.0,133.0,26.0,70.0,104.0,993.0,3.0
2012,MAHARASHTRA,WASHIM,75.0,115.0,29.0,39.0,145.0,482.0,4.0
2012,MAHARASHTRA,YAVATMAL,149.0,207.0,65.0,104.0,215.0,1429.0,5.0
2012,MANIPUR,BISHNUPUR,46.0,14.0,12.0,0.0,8.0,55.0,2.0
2012,MANIPUR,CHANDEL,19.0,1.0,5.0,0.0,6.0,6.0,1.0
2012,MANIPUR,CHURACHANDPUR,14.0,2.0,6.0,0.0,2.0,31.0,1.0
2012,MANIPUR,CID,0.0,0.0,0.0,0.0,0.0,2.0,1.0
2012,MANIPUR,IMPHAL EAST,102.0,20.0,46.0,1.0,30.0,247.0,3.0
2012,MANIPUR,IMPHAL WEST,166.0,39.0,72.0,1.0,33.0,607.0,4.0
2012,MANIPUR,SENAPATI,21.0,3.0,22.0,9.0,10.0,24.0,2.0
2012,MANIPUR,TAMENGLONG,16.0,1.0,7.0,0.0,7.0,5.0,1.0
2012,MANIPUR,THOUBAL,89.0,32.0,44.0,0.0,43.0,147.0,3.0
2012,MANIPUR,UKHRUL,23.0,0.0,9.0,0.0,7.0,35.0,1.0
2012,MEGHALAYA,GARO HILLS EAST,20.0,5.0,9.0,18.0,0.0,49.0,1.0
2012,MEGHALAYA,GARO HILLS SOUTH,18.0,8.0,15.0,3.0,3.0,57.0,1.0
2012,MEGHALAYA,GARO HILLS WEST,25.0,8.0,19.0,14.0,0.0,112.0,1.0
2012,MEGHALAYA,JAINTIA HILLS,55.0,35.0,18.0,15.0,14.0,102.0,2.0
2012,MEGHALAYA,KHASI HILLS EAST,45.0,79.0,18.0,32.0,32.0,379.0,3.0
2012,MEGHALAYA,KHASI HILLS WEST,30.0,36.0,6.0,12.0,2.0,59.0,2.0
2012,MEGHALAYA,RI-BHOI,15.0,36.0,7.0,4.0,10.0,82.0,2.0
2012,MIZORAM,AIZAWL,25.0,86.0,2.0,3.0,2.0,519.0,2.0
2012,MIZORAM,CHAMPHAI,11.0,27.0,1.0,0.0,0.0,153.0,1.0
2012,MIZORAM,KOLASIB,5.0,18.0,1.0,1.0,5.0,88.0,1.0
2012,MIZORAM,LAWNGTLAI,4.0,7.0,1.0,1.0,1.0,45.0,1.0
2012,MIZORAM,LUNGLEI,6.0,20.0,1.0,0.0,0.0,87.0,1.0
2012,MIZORAM,MAMIT,3.0,13.0,1.0,1.0,0.0,40.0,1.0
2012,MIZORAM,SAIHA,1.0,1.0,1.0,0.0,4.0,37.0,1.0
2012,MIZORAM,SERCHHIP,3.0,16.0,0.0,0.0,1.0,37.0,1.0
2012,NAGALAND,DIMAPUR,34.0,18.0,16.0,37.0,5.0,252.0,2.0
2012,NAGALAND,KIPHIRE,7.0,0.0,0.0,0.0,0.0,3.0,1.0
2012,NAGALAND,KOHIMA,22.0,3.0,3.0,9.0,0.0,102.0,1.0
2012,NAGALAND,LONGLENG,2.0,0.0,0.0,0.0,0.0,1.0,1.0
2012,NAGALAND,MOKOKCHUNG,11.0,6.0,0.0,0.0,1.0,21.0,1.0
2012,NAGALAND,MON,9.0,3.0,4.0,4.0,2.0,22.0,1.0
2012,NAGALAND,PEREN,6.0,0.0,1.0,1.0,0.0,15.0,1.0
2012,NAGALAND,PHEK,7.0,3.0,0.0,1.0,2.0,16.0,1.0
2012,NAGALAND,TUENSANG,7.0,1.0,0.0,0.0,0.0,21.0,1.0
2012,NAGALAND,WOKHA,5.0,2.0,0.0,1.0,0.0,28.0,1.0
2012,NAGALAND,ZUNHEBOTO,13.0,1.0,3.0,2.0,0.0,26.0,1.0
2012,ODISHA,ANGUL,128.0,384.0,59.0,120.0,202.0,762.0,5.0
2012,ODISHA,BALASORE,130.0,329.0,140.0,88.0,84.0,798.0,5.0
2012,ODISHA,BARAGARH,123.0,189.0,36.0,82.0,172.0,318.0,4.0
2012,ODISHA,BERHAMPUR,153.0,176.0,24.0,77.0,40.0,494.0,4.0
2012,ODISHA,BHADRAK,94.0,147.0,72.0,27.0,35.0,360.0,4.0
2012,ODISHA,BOLANGIR,115.0,289.0,42.0,65.0,141.0,387.0,4.0
2012,ODISHA,BOUDH,35.0,89.0,10.0,3.0,47.0,102.0,2.0
2012,ODISHA,CUTTACK,70.0,81.0,63.0,72.0,96.0,396.0,4.0
2012,ODISHA,DCP BBSR,118.0,131.0,91.0,100.0,76.0,1853.0,5.0
2012,ODISHA,DCP CTC,58.0,58.0,44.0,72.0,35.0,805.0,3.0
2012,ODISHA,DEOGARH,39.0,58.0,7.0,37.0,12.0,45.0,2.0
2012,ODISHA,DHENKANAL,156.0,296.0,41.0,87.0,143.0,388.0,4.0
2012,ODISHA,GAJAPATI,32.0,79.0,14.0,2.0,80.0,41.0,2.0
2012,ODISHA,GANJAM,345.0,409.0,67.0,93.0,217.0,393.0,5.0
2012,ODISHA,JAGATSINGHPUR,64.0,86.0,57.0,111.0,53.0,525.0,4.0
2012,ODISHA,JAJPUR,105.0,132.0,63.0,75.0,92.0,625.0,4.0
2012,ODISHA,JHARSUGUDA,34.0,62.0,13.0,47.0,32.0,418.0,2.0
2012,ODISHA,KALAHANDI,83.0,185.0,47.0,44.0,82.0,239.0,4.0
2012,ODISHA,KANDHAMAL,29.0,133.0,30.0,17.0,21.0,162.0,2.0
2012,ODISHA,KENDRAPARA,71.0,45.0,69.0,43.0,50.0,338.0,4.0
2012,ODISHA,KEONJHAR,203.0,333.0,74.0,46.0,99.0,514.0,5.0
2012,ODISHA,KHURDA,107.0,365.0,53.0,53.0,62.0,274.0,4.0
2012,ODISHA,KORAPUT,105.0,187.0,36.0,66.0,107.0,257.0,4.0
2012,ODISHA,MALKANGIR,84.0,68.0,22.0,16.0,51.0,106.0,2.0
2012,ODISHA,MAYURBHANJ,140.0,381.0,67.0,62.0,66.0,422.0,5.0
2012,ODISHA,NAYAGARH,137.0,36.0,43.0,52.0,52.0,244.0,4.0
2012,ODISHA,NOWRANGPUR,61.0,125.0,45.0,24.0,54.0,124.0,3.0
2012,ODISHA,NUAPADA,50.0,80.0,19.0,20.0,46.0,122.0,2.0
2012,ODISHA,PURI,128.0,75.0,55.0,126.0,177.0,758.0,5.0
2012,ODISHA,RAYAGADA,75.0,152.0,43.0,27.0,49.0,191.0,3.0
2012,ODISHA,ROURKELA,128.0,167.0,23.0,43.0,25.0,620.0,4.0
2012,ODISHA,SAMBALPUR,108.0,119.0,34.0,113.0,83.0,670.0,4.0
2012,ODISHA,SONEPUR,42.0,65.0,9.0,16.0,36.0,116.0,2.0
2012,ODISHA,SRP(CUTTACK),11.0,11.0,2.0,17.0,0.0,557.0,1.0
2012,ODISHA,SRP(ROURKELA),12.0,10.0,3.0,20.0,0.0,304.0,1.0
2012,ODISHA,SUNDARGARH,108.0,113.0,25.0,52.0,57.0,256.0,3.0
2012,PUNJAB,BARNALA,41.0,29.0,9.0,1.0,0.0,210.0,2.0
2012,PUNJAB,BATALA,70.0,35.0,23.0,11.0,4.0,270.0,2.0
2012,PUNJAB,BHATINDA,116.0,63.0,46.0,5.0,4.0,643.0,3.0
2012,PUNJAB,CP AMRITSAR,124.0,41.0,52.0,27.0,6.0,853.0,3.0
2012,PUNJAB,CP JALANDHAR,65.0,50.0,39.0,19.0,5.0,817.0,3.0
2012,PUNJAB,CP LUDHIANA,168.0,99.0,123.0,21.0,5.0,1026.0,5.0
2012,PUNJAB,FARIDKOT,48.0,28.0,24.0,3.0,0.0,254.0,2.0
2012,PUNJAB,FATEHGARH SAHIB,30.0,18.0,10.0,1.0,0.0,236.0,1.0
2012,PUNJAB,FAZILKA,70.0,33.0,40.0,2.0,0.0,291.0,2.0
2012,PUNJAB,FEROZPUR,82.0,19.0,20.0,4.0,8.0,441.0,2.0
2012,PUNJAB,G.R.P,11.0,0.0,0.0,0.0,0.0,59.0,1.0
2012,PUNJAB,GURDASPUR,51.0,25.0,37.0,2.0,0.0,249.0,2.0
2012,PUNJAB,HOSHIARPUR,80.0,47.0,41.0,38.0,3.0,517.0,3.0
2012,PUNJAB,KAPURTHALA,73.0,24.0,43.0,22.0,1.0,477.0,2.0
2012,PUNJAB,KHANNA,45.0,17.0,15.0,1.0,0.0,273.0,2.0
2012,PUNJAB,MANSA,46.0,31.0,17.0,0.0,5.0,175.0,2.0
2012,PUNJAB,MOGA,83.0,37.0,20.0,8.0,6.0,384.0,2.0
2012,PUNJAB,MUKTSAR,58.0,28.0,35.0,4.0,1.0,235.0,2.0
2012,PUNJAB,PATHANKOT,17.0,15.0,13.0,4.0,0.0,118.0,1.0
2012,PUNJAB,PATIALA,119.0,68.0,45.0,2.0,4.0,766.0,3.0
2012,PUNJAB,ROPAR,29.0,35.0,21.0,0.0,4.0,380.0,2.0
2012,PUNJAB,SANGRUR,92.0,58.0,39.0,6.0,3.0,445.0,3.0
2012,PUNJAB,SAS NGR,75.0,54.0,52.0,9.0,0.0,998.0,3.0
2012,PUNJAB,SBS NAGAR,35.0,24.0,17.0,14.0,0.0,236.0,2.0
2012,PUNJAB,TARN TARAN,105.0,33.0,23.0,8.0,0.0,349.0,2.0
2012,RAJASTHAN,AJMER,81.0,142.0,107.0,18.0,19.0,1978.0,4.0
2012,RAJASTHAN,ALWAR,195.0,264.0,243.0,71.0,30.0,4687.0,5.0
2012,RAJASTHAN,BANSWARA,53.0,105.0,96.0,13.0,71.0,353.0,4.0
2012,RAJASTHAN,BARAN,88.0,254.0,84.0,4.0,16.0,733.0,4.0
2012,RAJASTHAN,BARMER,62.0,80.0,35.0,3.0,19.0,865.0,2.0
2012,RAJASTHAN,BHARATPUR,170.0,187.0,212.0,42.0,18.0,2345.0,5.0
2012,RAJASTHAN,BHILWARA,72.0,157.0,78.0,21.0,31.0,1378.0,4.0
2012,RAJASTHAN,BIKANER,127.0,98.0,41.0,12.0,15.0,1156.0,4.0
2012,RAJASTHAN,BUNDI,55.0,133.0,81.0,3.0,15.0,599.0,3.0
2012,RAJASTHAN,CHITTORGARH,65.0,123.0,96.0,18.0,35.0,958.0,4.0
2012,RAJASTHAN,CHURU,82.0,64.0,37.0,4.0,13.0,804.0,3.0
2012,RAJASTHAN,DAUSA,53.0,23.0,101.0,18.0,21.0,1462.0,3.0
2012,RAJASTHAN,DHOLPUR,124.0,51.0,79.0,14.0,5.0,607.0,4.0
2012,RAJASTHAN,DUNGARPUR,39.0,80.0,67.0,16.0,22.0,195.0,3.0
2012,RAJASTHAN,G.R.P.AJMER,6.0,17.0,8.0,2.0,5.0,623.0,1.0
2012,RAJASTHAN,G.R.P.JODHPUR,2.0,3.0,1.0,0.0,1.0,84.0,1.0
2012,RAJASTHAN,GANGANAGAR,117.0,135.0,79.0,3.0,5.0,1475.0,4.0
2012,RAJASTHAN,HANUMANGARH,107.0,135.0,63.0,6.0,9.0,919.0,4.0
2012,RAJASTHAN,JAIPUR EAST,48.0,65.0,61.0,128.0,56.0,3507.0,4.0
2012,RAJASTHAN,JAIPUR NORTH,32.0,66.0,64.0,38.0,14.0,1210.0,3.0
2012,RAJASTHAN,JAIPUR SOUTH,35.0,37.0,26.0,54.0,6.0,1931.0,2.0
2012,RAJASTHAN,JAIPUR WEST,48.0,56.0,69.0,41.0,11.0,2531.0,3.0
2012,RAJASTHAN,JAISALMER,17.0,32.0,9.0,3.0,15.0,311.0,1.0
2012,RAJASTHAN,JALORE,41.0,53.0,47.0,6.0,25.0,483.0,2.0
2012,RAJASTHAN,JHALAWAR,95.0,286.0,91.0,10.0,51.0,611.0,4.0
2012,RAJASTHAN,JHUNJHUNU,54.0,89.0,63.0,9.0,23.0,944.0,3.0
2012,RAJASTHAN,JODHPUR EAST,42.0,36.0,15.0,16.0,1.0,895.0,2.0
2012,RAJASTHAN,JODHPUR WEST,60.0,47.0,29.0,23.0,12.0,1051.0,2.0
2012,RAJASTHAN,KARAULI,81.0,51.0,104.0,19.0,25.0,936.0,4.0
2012,RAJASTHAN,NAGAUR,109.0,119.0,129.0,8.0,7.0,1074.0,4.0
2012,RAJASTHAN,PALI,120.0,136.0,107.0,30.0,11.0,970.0,4.0
2012,RAJASTHAN,PRATAPGARH,59.0,216.0,80.0,7.0,33.0,351.0,4.0
2012,RAJASTHAN,RAJSAMAND,46.0,54.0,62.0,19.0,24.0,592.0,3.0
2012,RAJASTHAN,SAWAI MADHOPUR,53.0,58.0,95.0,5.0,7.0,1009.0,3.0
2012,RAJASTHAN,SIKAR,85.0,77.0,96.0,4.0,34.0,1684.0,4.0
2012,RAJASTHAN,SIROHI,46.0,103.0,69.0,10.0,40.0,405.0,3.0
2012,RAJASTHAN,TONK,45.0,43.0,69.0,3.0,40.0,623.0,3.0
2012,RAJASTHAN,UDAIPUR,157.0,323.0,190.0,60.0,201.0,2110.0,5.0
2012,SIKKIM,EAST,7.0,20.0,6.0,2.0,19.0,89.0,1.0
2012,SIKKIM,NORTH,2.0,0.0,0.0,0.0,0.0,12.0,1.0
2012,SIKKIM,SOUTH,3.0,18.0,3.0,2.0,12.0,66.0,1.0
2012,SIKKIM,WEST,2.0,15.0,1.0,2.0,11.0,49.0,1.0
2012,TAMIL NADU,ARIYALUR,54.0,64.0,47.0,9.0,54.0,183.0,2.0
2012,TAMIL NADU,CHENNAI,403.0,184.0,87.0,87.0,105.0,3534.0,5.0
2012,TAMIL NADU,CHENNAI RLY.,6.0,5.0,2.0,20.0,2.0,215.0,1.0
2012,TAMIL NADU,CUDDALORE,193.0,104.0,152.0,51.0,379.0,748.0,5.0
2012,TAMIL NADU,DHARMAPURI,92.0,73.0,98.0,22.0,134.0,267.0,4.0
2012,TAMIL NADU,DINDIGUL,163.0,50.0,97.0,61.0,94.0,429.0,4.0
2012,TAMIL NADU,ERODE,71.0,50.0,30.0,45.0,44.0,559.0,2.0
2012,TAMIL NADU,KANCHIPURAM,189.0,36.0,17.0,23.0,165.0,867.0,4.0
2012,TAMIL NADU,KANYAKUMARI,165.0,23.0,33.0,92.0,50.0,578.0,4.0
2012,TAMIL NADU,KARUR,44.0,29.0,49.0,31.0,30.0,196.0,2.0
2012,TAMIL NADU,KRISHNAGIRI,104.0,65.0,45.0,59.0,175.0,356.0,4.0
2012,TAMIL NADU,NAGAPATTINAM,100.0,44.0,42.0,20.0,87.0,286.0,3.0
2012,TAMIL NADU,NAMAKKAL,63.0,51.0,48.0,48.0,40.0,254.0,3.0
2012,TAMIL NADU,NILGIRIS,31.0,24.0,8.0,5.0,10.0,134.0,1.0
2012,TAMIL NADU,PERAMBALUR,26.0,25.0,31.0,14.0,36.0,141.0,2.0
2012,TAMIL NADU,PUDUKOTTAI,68.0,32.0,33.0,19.0,67.0,230.0,2.0
2012,TAMIL NADU,RAMNATHAPURAM,136.0,24.0,40.0,49.0,123.0,317.0,4.0
2012,TAMIL NADU,SIVAGANGAI,105.0,48.0,43.0,38.0,88.0,381.0,3.0
2012,TAMIL NADU,THANJAVUR,159.0,90.0,57.0,104.0,212.0,693.0,5.0
2012,TAMIL NADU,THENI,109.0,72.0,45.0,51.0,103.0,457.0,4.0
2012,TAMIL NADU,THIRUVALLUR,91.0,26.0,14.0,25.0,110.0,363.0,3.0
2012,TAMIL NADU,THIRUVANNAMALAI,108.0,29.0,62.0,21.0,168.0,395.0,4.0
2012,TAMIL NADU,THIRUVARUR,78.0,17.0,34.0,21.0,45.0,263.0,2.0
2012,TAMIL NADU,THOOTHUGUDI,293.0,27.0,41.0,81.0,32.0,529.0,4.0
2012,TAMIL NADU,TIRUPPUR,146.0,60.0,51.0,137.0,75.0,1013.0,4.0
2012,TAMIL NADU,TRICHY RLY.,5.0,2.0,1.0,3.0,2.0,85.0,1.0
2012,TAMIL NADU,VELLORE,169.0,62.0,76.0,46.0,26.0,766.0,4.0
2012,TAMIL NADU,VILLUPURAM,315.0,317.0,202.0,58.0,545.0,890.0,5.0
2012,TAMIL NADU,VIRUDHUNAGAR,159.0,46.0,39.0,54.0,104.0,597.0,4.0
2012,TRIPURA,DHALAI,29.0,65.0,11.0,15.0,9.0,62.0,2.0
2012,TRIPURA,GOMATI,26.0,60.0,16.0,7.0,36.0,177.0,2.0
2012,TRIPURA,GRP,1.0,0.0,0.0,0.0,0.0,6.0,1.0
2012,TRIPURA,KHOWAI,16.0,32.0,5.0,1.0,20.0,63.0,1.0
2012,TRIPURA,NORTH,21.0,77.0,16.0,6.0,14.0,82.0,2.0
2012,TRIPURA,SIPAHIJALA,21.0,65.0,29.0,10.0,33.0,136.0,2.0
2012,TRIPURA,SOUTH,35.0,76.0,17.0,9.0,25.0,101.0,2.0
2012,TRIPURA,UNAKOTI,18.0,52.0,10.0,9.0,9.0,74.0,2.0
2012,TRIPURA,WEST,38.0,116.0,35.0,10.0,41.0,255.0,3.0
2012,UTTAR PRADESH,AGRA,363.0,192.0,321.0,247.0,483.0,4377.0,5.0
2012,UTTAR PRADESH,ALIGARH,357.0,165.0,298.0,143.0,270.0,2034.0,5.0
2012,UTTAR PRADESH,ALLAHABAD,264.0,131.0,223.0,59.0,131.0,1987.0,5.0
2012,UTTAR PRADESH,AMBEDKAR NAGAR,76.0,22.0,69.0,24.0,66.0,248.0,3.0
2012,UTTAR PRADESH,AURAIYA,62.0,40.0,102.0,20.0,9.0,271.0,3.0
2012,UTTAR PRADESH,AZAMGARH,195.0,47.0,121.0,60.0,183.0,463.0,5.0
2012,UTTAR PRADESH,BADAUN,275.0,72.0,107.0,43.0,7.0,330.0,5.0
2012,UTTAR PRADESH,BAGHPAT,189.0,44.0,80.0,49.0,63.0,411.0,4.0
2012,UTTAR PRADESH,BAHRAICH,106.0,55.0,116.0,16.0,72.0,465.0,4.0
2012,UTTAR PRADESH,BALLIA,87.0,34.0,84.0,46.0,105.0,415.0,4.0
2012,UTTAR PRADESH,BALRAMPUR,35.0,29.0,53.0,8.0,23.0,172.0,2.0
2012,UTTAR PRADESH,BANDA,84.0,80.0,48.0,9.0,49.0,229.0,3.0
2012,UTTAR PRADESH,BARABANKI,153.0,70.0,130.0,16.0,16.0,434.0,4.0
2012,UTTAR PRADESH,BAREILLY,301.0,198.0,265.0,71.0,149.0,1403.0,5.0
2012,UTTAR PRADESH,BASTI,66.0,24.0,61.0,12.0,14.0,285.0,3.0
2012,UTTAR PRADESH,BHIM NAGAR,196.0,53.0,93.0,50.0,99.0,473.0,5.0
2012,UTTAR PRADESH,BIJNOR,172.0,86.0,160.0,60.0,67.0,712.0,5.0
2012,UTTAR PRADESH,BULANDSHAHAR,328.0,109.0,188.0,67.0,102.0,865.0,5.0
2012,UTTAR PRADESH,CHANDOLI,49.0,34.0,34.0,15.0,13.0,211.0,2.0
2012,UTTAR PRADESH,CHITRAKOOT DHAM,53.0,66.0,43.0,9.0,23.0,208.0,3.0
2012,UTTAR PRADESH,CSM NAGAR,105.0,78.0,105.0,18.0,53.0,255.0,4.0
2012,UTTAR PRADESH,DEORIA,78.0,34.0,67.0,14.0,48.0,367.0,3.0
2012,UTTAR PRADESH,ETAH,209.0,84.0,110.0,46.0,122.0,597.0,5.0
2012,UTTAR PRADESH,ETAWAH,123.0,35.0,71.0,36.0,21.0,439.0,3.0
2012,UTTAR PRADESH,FAIZABAD,97.0,61.0,143.0,33.0,66.0,495.0,4.0
2012,UTTAR PRADESH,FATEHGARH,144.0,53.0,106.0,19.0,30.0,458.0,4.0
2012,UTTAR PRADESH,FATEHPUR,132.0,100.0,118.0,23.0,51.0,340.0,4.0
2012,UTTAR PRADESH,FIROZABAD,238.0,81.0,193.0,88.0,139.0,904.0,5.0
2012,UTTAR PRADESH,G.R.P.,40.0,39.0,14.0,48.0,23.0,1883.0,2.0
2012,UTTAR PRADESH,GAUTAMBUDH NAGAR,208.0,69.0,158.0,209.0,151.0,3524.0,5.0
2012,UTTAR PRADESH,GHAZIABAD,296.0,91.0,255.0,112.0,76.0,3349.0,5.0
2012,UTTAR PRADESH,GHAZIPUR,126.0,25.0,61.0,31.0,67.0,370.0,4.0
2012,UTTAR PRADESH,GONDA,99.0,63.0,125.0,31.0,111.0,656.0,4.0
2012,UTTAR PRADESH,GORAKHPUR,279.0,108.0,232.0,83.0,242.0,1683.0,5.0
2012,UTTAR PRADESH,HAMIRPUR,84.0,62.0,46.0,22.0,23.0,141.0,3.0
2012,UTTAR PRADESH,HARDOI,164.0,84.0,135.0,12.0,46.0,422.0,5.0
2012,UTTAR PRADESH,HATHRAS,118.0,56.0,84.0,57.0,74.0,463.0,4.0
2012,UTTAR PRADESH,J.P.NAGAR,111.0,65.0,69.0,56.0,57.0,412.0,4.0
2012,UTTAR PRADESH,JALAUN,88.0,47.0,68.0,19.0,33.0,272.0,3.0
2012,UTTAR PRADESH,JAUNPUR,141.0,33.0,115.0,54.0,58.0,338.0,4.0
2012,UTTAR PRADESH,JHANSI,129.0,53.0,74.0,31.0,80.0,522.0,4.0
2012,UTTAR PRADESH,KANNAUJ,97.0,48.0,86.0,8.0,31.0,269.0,3.0
2012,UTTAR PRADESH,KANPUR NAGAR,305.0,165.0,318.0,155.0,139.0,2427.0,5.0
2012,UTTAR PRADESH,KANSHIRAM NAGAR,110.0,54.0,65.0,12.0,44.0,229.0,3.0
2012,UTTAR PRADESH,KAUSHAMBI,70.0,42.0,54.0,14.0,24.0,216.0,3.0
2012,UTTAR PRADESH,KHIRI,208.0,93.0,182.0,25.0,43.0,555.0,5.0
2012,UTTAR PRADESH,KUSHI NAGAR,86.0,52.0,98.0,11.0,111.0,300.0,4.0
2012,UTTAR PRADESH,LALITPUR,44.0,41.0,25.0,11.0,16.0,145.0,2.0
2012,UTTAR PRADESH,LUCKNOW,267.0,158.0,315.0,71.0,198.0,4304.0,5.0
2012,UTTAR PRADESH,MAHARAJGANJ,67.0,48.0,95.0,19.0,93.0,323.0,4.0
2012,UTTAR PRADESH,MAHOBA,52.0,64.0,48.0,12.0,25.0,183.0,2.0
2012,UTTAR PRADESH,MAINPURI,183.0,66.0,139.0,63.0,88.0,574.0,5.0
2012,UTTAR PRADESH,MATHURA,241.0,116.0,155.0,85.0,151.0,1208.0,5.0
2012,UTTAR PRADESH,MAU,99.0,40.0,82.0,28.0,116.0,448.0,4.0
2012,UTTAR PRADESH,MEERUT,476.0,183.0,287.0,280.0,285.0,3222.0,5.0
2012,UTTAR PRADESH,MIRZAPUR,38.0,7.0,7.0,4.0,3.0,132.0,1.0
2012,UTTAR PRADESH,MORADABAD,188.0,108.0,162.0,109.0,97.0,1146.0,5.0
2012,UTTAR PRADESH,MUZAFFARNAGAR,281.0,65.0,217.0,67.0,95.0,914.0,5.0
2012,UTTAR PRADESH,PANCHSHIL NAGAR,138.0,37.0,65.0,39.0,49.0,513.0,4.0
2012,UTTAR PRADESH,PILIBHIT,74.0,25.0,65.0,14.0,6.0,267.0,3.0
2012,UTTAR PRADESH,PRABUDDH NAGAR,125.0,21.0,64.0,42.0,56.0,250.0,4.0
2012,UTTAR PRADESH,PRATAPGARH,159.0,89.0,116.0,45.0,171.0,506.0,5.0
2012,UTTAR PRADESH,RAIBAREILLY,85.0,82.0,96.0,15.0,46.0,356.0,4.0
2012,UTTAR PRADESH,RAMABAI NAGAR,66.0,50.0,83.0,12.0,31.0,237.0,3.0
2012,UTTAR PRADESH,RAMPUR,130.0,58.0,100.0,53.0,60.0,611.0,4.0
2012,UTTAR PRADESH,SAHARANPUR,185.0,35.0,101.0,35.0,69.0,750.0,4.0
2012,UTTAR PRADESH,SANT KABIRNAGAR,41.0,23.0,50.0,9.0,23.0,144.0,2.0
2012,UTTAR PRADESH,SHAHJAHANPUR,178.0,75.0,130.0,20.0,49.0,422.0,5.0
2012,UTTAR PRADESH,SHRAWASTI,41.0,42.0,42.0,23.0,7.0,100.0,2.0
2012,UTTAR PRADESH,SIDHARTHNAGAR,36.0,35.0,48.0,5.0,15.0,141.0,2.0
2012,UTTAR PRADESH,SITAPUR,200.0,143.0,241.0,35.0,91.0,666.0,5.0
2012,UTTAR PRADESH,SONBHADRA,57.0,39.0,31.0,9.0,2.0,189.0,2.0
2012,UTTAR PRADESH,ST.RAVIDASNAGAR,37.0,10.0,18.0,2.0,6.0,116.0,1.0
2012,UTTAR PRADESH,SULTANPUR,137.0,55.0,67.0,40.0,103.0,452.0,4.0
2012,UTTAR PRADESH,UNNAO,132.0,122.0,182.0,15.0,48.0,449.0,5.0
2012,UTTAR PRADESH,VARANASI,134.0,47.0,99.0,28.0,97.0,1267.0,4.0
2012,UTTARAKHAND,ALMORA,11.0,10.0,0.0,4.0,6.0,40.0,1.0
2012,UTTARAKHAND,BAGESHWAR,5.0,13.0,1.0,0.0,5.0,15.0,1.0
2012,UTTARAKHAND,CHAMOLI,5.0,6.0,2.0,0.0,3.0,25.0,1.0
2012,UTTARAKHAND,CHAMPAWAT,3.0,7.0,0.0,1.0,2.0,21.0,1.0
2012,UTTARAKHAND,DEHRADUN,73.0,54.0,43.0,23.0,90.0,910.0,3.0
2012,UTTARAKHAND,HARIDWAR,137.0,85.0,106.0,78.0,118.0,880.0,5.0
2012,UTTARAKHAND,NAINITAL,39.0,27.0,29.0,14.0,33.0,171.0,2.0
2012,UTTARAKHAND,PAURI GARHWAL,14.0,3.0,10.0,3.0,19.0,104.0,1.0
2012,UTTARAKHAND,PITHORAGARH,11.0,3.0,1.0,0.0,7.0,31.0,1.0
2012,UTTARAKHAND,RUDRA PRAYAG,6.0,7.0,3.0,4.0,5.0,34.0,1.0
2012,UTTARAKHAND,TEHRI GARHWAL,7.0,2.0,3.0,3.0,6.0,30.0,1.0
2012,UTTARAKHAND,UDHAMSINGH NAGAR,110.0,68.0,95.0,43.0,87.0,693.0,4.0
2012,UTTARAKHAND,UTTARKASHI,1.0,2.0,4.0,0.0,5.0,16.0,1.0
2012,WEST BENGAL,24 PARGANAS NORTH,328.0,314.0,497.0,95.0,699.0,1694.0,5.0
2012,WEST BENGAL,24 PARGANAS SOUTH,260.0,327.0,419.0,69.0,1991.0,1584.0,5.0
2012,WEST BENGAL,ASANSOL,94.0,67.0,77.0,90.0,213.0,1003.0,5.0
2012,WEST BENGAL,BANKURA,104.0,125.0,84.0,37.0,241.0,335.0,5.0
2012,WEST BENGAL,BDN CP,54.0,71.0,53.0,20.0,32.0,1058.0,3.0
2012,WEST BENGAL,BIRBHUM,362.0,136.0,76.0,52.0,268.0,491.0,5.0
2012,WEST BENGAL,BKP CP,156.0,124.0,214.0,64.0,125.0,1639.0,5.0
2012,WEST BENGAL,BURDWAN,281.0,203.0,99.0,47.0,372.0,710.0,5.0
2012,WEST BENGAL,COOCHBEHAR,167.0,209.0,179.0,12.0,95.0,405.0,5.0
2012,WEST BENGAL,DAKSHIN DINAJPUR,299.0,149.0,142.0,4.0,25.0,355.0,5.0
2012,WEST BENGAL,DARJEELING,59.0,62.0,47.0,12.0,10.0,355.0,2.0
2012,WEST BENGAL,HOOGHLY,185.0,154.0,177.0,36.0,562.0,1131.0,5.0
2012,WEST BENGAL,HOWRAH,112.0,155.0,132.0,50.0,207.0,698.0,5.0
2012,WEST BENGAL,HOWRAH G.R.P.,31.0,6.0,4.0,5.0,3.0,340.0,1.0
2012,WEST BENGAL,JALPAIGURI,300.0,342.0,334.0,41.0,63.0,1644.0,5.0
2012,WEST BENGAL,JHARGRAM,58.0,49.0,21.0,29.0,53.0,120.0,2.0
2012,WEST BENGAL,KHARAGPUR G.R.P.,6.0,5.0,4.0,3.0,0.0,150.0,1.0
2012,WEST BENGAL,KOLKATA,268.0,554.0,271.0,52.0,397.0,7584.0,5.0
2012,WEST BENGAL,MALDA,461.0,335.0,290.0,17.0,84.0,556.0,5.0
2012,WEST BENGAL,MURSHIDABAD,599.0,866.0,579.0,51.0,240.0,1214.0,5.0
2012,WEST BENGAL,NADIA,524.0,230.0,433.0,63.0,150.0,1742.0,5.0
2012,WEST BENGAL,PASCHIM MIDNAPUR,201.0,163.0,115.0,50.0,457.0,718.0,5.0
2012,WEST BENGAL,PURAB MIDNAPUR,102.0,84.0,196.0,38.0,418.0,623.0,5.0
2012,WEST BENGAL,PURULIA,84.0,114.0,44.0,34.0,102.0,305.0,4.0
2012,WEST BENGAL,SEALDAH G.R.P.,30.0,14.0,7.0,10.0,13.0,437.0,2.0
2012,WEST BENGAL,SILIGURI G.R.P.,5.0,8.0,3.0,2.0,2.0,167.0,1.0
2012,WEST BENGAL,SILIGURI_PC,44.0,56.0,123.0,32.0,12.0,1100.0,4.0
2012,WEST BENGAL,UTTAR DINAJPUR,403.0,242.0,306.0,42.0,84.0,524.0,5.0
2012,A & N ISLANDS,CAR,2.0,1.0,1.0,1.0,0.0,6.0,1.0
2012,A & N ISLANDS,NORTH,5.0,6.0,0.0,1.0,0.0,22.0,1.0
2012,A & N ISLANDS,SOUTH,11.0,22.0,7.0,5.0,12.0,150.0,1.0
2012,CHANDIGARH,CHANDIGARH,70.0,72.0,87.0,66.0,58.0,2052.0,4.0
2012,D & N HAVELI,D and N HAVELI,9.0,5.0,13.0,4.0,23.0,104.0,1.0
2012,DAMAN & DIU,DAMAN,7.0,5.0,2.0,4.0,16.0,89.0,1.0
2012,DAMAN & DIU,DIU,1.0,0.0,1.0,0.0,4.0,6.0,1.0
2012,DELHI UT,CAW,0.0,0.0,0.0,0.0,0.0,0.0,1.0
2012,DELHI UT,CENTRAL,70.0,78.0,180.0,49.0,13.0,1732.0,4.0
2012,DELHI UT,CRIME BRANCH,3.0,1.0,3.0,0.0,0.0,62.0,1.0
2012,DELHI UT,DELHI UT TOTAL,1042.0,1433.0,3970.0,636.0,158.0,26579.0,5.0
2012,DELHI UT,EAST,110.0,186.0,503.0,61.0,31.0,3674.0,5.0
2012,DELHI UT,EOW,0.0,0.0,0.0,0.0,0.0,122.0,1.0
2012,DELHI UT,GRP(RLY),14.0,16.0,27.0,12.0,5.0,651.0,1.0
2012,DELHI UT,IGI AIRPORT,1.0,6.0,1.0,1.0,0.0,317.0,1.0
2012,DELHI UT,NEW DELHI,16.0,34.0,28.0,9.0,13.0,545.0,1.0
2012,DELHI UT,NORTH,44.0,43.0,153.0,45.0,8.0,1286.0,4.0
2012,DELHI UT,NORTH-EAST,125.0,147.0,510.0,62.0,7.0,2821.0,5.0
2012,DELHI UT,NORTH-WEST,105.0,83.0,357.0,71.0,3.0,2254.0,5.0
2012,DELHI UT,OUTER,171.0,146.0,572.0,97.0,13.0,2744.0,5.0
2012,DELHI UT,SOUTH,61.0,129.0,245.0,54.0,7.0,2650.0,5.0
2012,DELHI UT,SOUTH-EAST,121.0,276.0,538.0,74.0,23.0,3345.0,5.0
2012,DELHI UT,SOUTH-WEST,101.0,156.0,399.0,47.0,12.0,1598.0,5.0
2012,DELHI UT,STF,1.0,0.0,0.0,0.0,0.0,2.0,1.0
2012,DELHI UT,WEST,99.0,132.0,454.0,54.0,23.0,2776.0,5.0
2012,LAKSHADWEEP,LAKSHADWEEP,0.0,1.0,0.0,0.0,13.0,10.0,1.0
2012,PUDUCHERRY,KARAIKAL,13.0,8.0,2.0,3.0,18.0,118.0,1.0
2012,PUDUCHERRY,PUDUCHERRY,55.0,14.0,17.0,18.0,129.0,716.0,3.0
2013,Andhra Pradesh,ADILABAD,181.0,258.0,65.0,16.0,88.0,998.0,4.0
2013,Andhra Pradesh,ANANTAPUR,308.0,365.0,110.0,28.0,85.0,1041.0,5.0
2013,Andhra Pradesh,CHITTOOR,135.0,150.0,52.0,14.0,75.0,924.0,4.0
2013,Andhra Pradesh,CUDDAPAH,207.0,337.0,84.0,11.0,190.0,1320.0,5.0
2013,Andhra Pradesh,CYBERABAD,301.0,488.0,192.0,104.0,74.0,8387.0,5.0
2013,Andhra Pradesh,EAST GODAVARI,145.0,426.0,63.0,18.0,71.0,1422.0,4.0
2013,Andhra Pradesh,GUNTAKAL RLY.,2.0,3.0,0.0,0.0,1.0,254.0,1.0
2013,Andhra Pradesh,GUNTUR,198.0,334.0,61.0,25.0,62.0,1213.0,4.0
2013,Andhra Pradesh,KARIMNAGAR,200.0,411.0,118.0,23.0,141.0,1946.0,5.0
2013,Andhra Pradesh,KHAMMAM,212.0,354.0,114.0,22.0,177.0,2030.0,5.0
2013,Andhra Pradesh,KRISHNA,102.0,445.0,54.0,18.0,60.0,1129.0,4.0
2013,Andhra Pradesh,KURNOOL,302.0,400.0,72.0,39.0,163.0,1339.0,5.0
2013,Andhra Pradesh,MAHABOOBNAGAR,291.0,336.0,90.0,26.0,186.0,1922.0,5.0
2013,Andhra Pradesh,MEDAK,211.0,233.0,44.0,17.0,103.0,1572.0,4.0
2013,Andhra Pradesh,NALGONDA,203.0,444.0,118.0,40.0,280.0,1775.0,5.0
2013,Andhra Pradesh,NELLORE,211.0,289.0,95.0,45.0,58.0,1793.0,4.0
2013,Andhra Pradesh,NIZAMABAD,185.0,191.0,54.0,23.0,144.0,1929.0,4.0
2013,Andhra Pradesh,PRAKASHAM,184.0,337.0,65.0,37.0,120.0,1307.0,4.0
2013,Andhra Pradesh,RAJAHMUNDRY,31.0,81.0,15.0,19.0,23.0,544.0,2.0
2013,Andhra Pradesh,RANGA REDDY,135.0,106.0,25.0,14.0,43.0,372.0,3.0
2013,Andhra Pradesh,SECUNDERABAD RLY.,9.0,11.0,2.0,1.0,0.0,749.0,1.0
2013,Andhra Pradesh,SRIKAKULAM,85.0,249.0,26.0,12.0,53.0,665.0,3.0
2013,Andhra Pradesh,VIJAYAWADA RLY.,8.0,7.0,1.0,12.0,1.0,629.0,1.0
2013,Andhra Pradesh,VISAKHAPATNAM,81.0,216.0,58.0,31.0,30.0,1958.0,4.0
2013,Andhra Pradesh,VIZIANAGARAM,70.0,207.0,25.0,8.0,43.0,552.0,3.0
2013,Andhra Pradesh,WARANGAL,110.0,258.0,63.0,18.0,140.0,823.0,4.0
2013,Andhra Pradesh,WEST GODAVARI,154.0,465.0,96.0,24.0,60.0,2083.0,5.0
2013,Andhra Pradesh,ZZ TOTAL,4903.0,8565.0,2119.0,834.0,2876.0,55422.0,5.0
2013,Arunachal Pradesh,ANJAW,2.0,0.0,0.0,1.0,0.0,9.0,1.0
2013,Arunachal Pradesh,CHANGLANG,6.0,7.0,11.0,12.0,5.0,55.0,1.0
2013,Arunachal Pradesh,DIBANG VALLEY,6.0,2.0,2.0,5.0,2.0,29.0,1.0
2013,Arunachal Pradesh,K/KUMEY,4.0,1.0,1.0,0.0,2.0,10.0,1.0
2013,Arunachal Pradesh,KAMENG EAST,9.0,8.0,16.0,3.0,2.0,37.0,1.0
2013,Arunachal Pradesh,KAMENG WEST,8.0,2.0,3.0,4.0,1.0,52.0,1.0
2013,Arunachal Pradesh,LOHIT,16.0,20.0,29.0,12.0,9.0,78.0,2.0
2013,Arunachal Pradesh,LONGDING,3.0,3.0,3.0,0.0,0.0,18.0,1.0
2013,Arunachal Pradesh,PAPUM PARE,10.0,42.0,44.0,17.0,10.0,238.0,2.0
2013,Arunachal Pradesh,SIANG EAST,6.0,16.0,6.0,8.0,2.0,83.0,1.0
2013,Arunachal Pradesh,SIANG UPPER,4.0,4.0,2.0,2.0,1.0,20.0,1.0
2013,Arunachal Pradesh,SIANG WEST,9.0,16.0,6.0,13.0,10.0,58.0,1.0
2013,Arunachal Pradesh,SUBANSIRI LOWER,5.0,8.0,0.0,4.0,3.0,30.0,1.0
2013,Arunachal Pradesh,SUBANSIRI UPPER,6.0,18.0,5.0,5.0,7.0,18.0,1.0
2013,Arunachal Pradesh,TAWANG,0.0,8.0,1.0,0.0,0.0,15.0,1.0
2013,Arunachal Pradesh,TIRAP,7.0,5.0,3.0,8.0,2.0,25.0,1.0
2013,Arunachal Pradesh,UPPER DIBANG VALLEY,2.0,0.0,1.0,0.0,0.0,2.0,1.0
2013,Arunachal Pradesh,ZZ TOTAL,108.0,168.0,142.0,99.0,59.0,807.0,5.0
2013,Assam,BAKSA,46.0,29.0,53.0,14.0,4.0,195.0,2.0
2013,Assam,BARPETA,64.0,489.0,349.0,51.0,255.0,1166.0,5.0
2013,Assam,BIEO,0.0,0.0,0.0,0.0,0.0,7.0,1.0
2013,Assam,BONGAIGAON,22.0,72.0,120.0,15.0,30.0,244.0,4.0
2013,Assam,C.I.D.,1.0,0.0,0.0,0.0,0.0,41.0,1.0
2013,Assam,CACHAR,62.0,104.0,227.0,29.0,278.0,1178.0,5.0
2013,Assam,CHIRANG,33.0,51.0,70.0,12.0,47.0,139.0,3.0
2013,Assam,DARRANG,35.0,331.0,147.0,19.0,71.0,532.0,5.0
2013,Assam,DHEMAJI,39.0,119.0,99.0,36.0,32.0,266.0,4.0
2013,Assam,DHUBRI,114.0,642.0,443.0,73.0,788.0,1162.0,5.0
2013,Assam,DIBRUGARH,94.0,216.0,149.0,45.0,36.0,936.0,5.0
2013,Assam,G.R.P.,13.0,0.0,8.0,6.0,9.0,161.0,1.0
2013,Assam,GOALPARA,139.0,162.0,136.0,41.0,257.0,513.0,5.0
2013,Assam,GOLAGHAT,105.0,161.0,226.0,59.0,41.0,461.0,5.0
2013,Assam,HAILAKANDI,14.0,67.0,90.0,9.0,128.0,263.0,4.0
2013,Assam,HAMREN,11.0,14.0,15.0,1.0,2.0,37.0,1.0
2013,Assam,JORHAT,88.0,196.0,197.0,35.0,43.0,915.0,5.0
2013,Assam,KAMRUP,60.0,152.0,172.0,27.0,100.0,808.0,5.0
2013,Assam,KARBI ANGLONG,38.0,24.0,58.0,16.0,96.0,175.0,3.0
2013,Assam,KARIMGANJ,50.0,53.0,115.0,22.0,90.0,383.0,4.0
2013,Assam,KOKRAJHAR,68.0,64.0,103.0,12.0,198.0,408.0,4.0
2013,Assam,LAKHIMPUR,57.0,114.0,134.0,7.0,32.0,332.0,4.0
2013,Assam,MORIGAON,45.0,121.0,123.0,13.0,91.0,292.0,4.0
2013,Assam,N.C.HILLS,33.0,5.0,33.0,1.0,6.0,77.0,2.0
2013,Assam,NAGAON,189.0,293.0,442.0,194.0,313.0,1275.0,5.0
2013,Assam,NALBARI,34.0,128.0,102.0,30.0,31.0,425.0,4.0
2013,Assam,R.P.O.,4.0,9.0,5.0,2.0,4.0,14.0,1.0
2013,Assam,SIBSAGAR,128.0,113.0,200.0,41.0,64.0,765.0,5.0
2013,Assam,SONITPUR,124.0,133.0,251.0,34.0,70.0,901.0,5.0
2013,Assam,STF,0.0,0.0,0.0,0.0,0.0,0.0,1.0
2013,Assam,TINSUKIA,118.0,111.0,201.0,52.0,13.0,755.0,5.0
2013,Assam,UDALGURI,66.0,63.0,82.0,19.0,33.0,235.0,3.0
2013,Assam,ZZ TOTAL,1987.0,4346.0,4801.0,1169.0,3222.0,18836.0,5.0
2013,Bihar,ARARIA,91.0,62.0,114.0,35.0,250.0,371.0,5.0
2013,Bihar,ARWAL,17.0,9.0,34.0,6.0,51.0,134.0,2.0
2013,Bihar,AURANGABAD,382.0,56.0,59.0,61.0,356.0,612.0,5.0
2013,Bihar,BAGAHA,45.0,32.0,68.0,12.0,98.0,275.0,3.0
2013,Bihar,BANKA,113.0,34.0,87.0,25.0,214.0,307.0,5.0
2013,Bihar,BEGUSARAI,328.0,79.0,175.0,76.0,488.0,855.0,5.0
2013,Bihar,BETTIAH,278.0,39.0,173.0,28.0,577.0,983.0,5.0
2013,Bihar,BHABHUA,90.0,16.0,59.0,25.0,151.0,295.0,4.0
2013,Bihar,BHAGALPUR,187.0,91.0,147.0,40.0,281.0,701.0,5.0
2013,Bihar,BHOJPUR,262.0,26.0,124.0,41.0,151.0,828.0,5.0
2013,Bihar,BUXAR,121.0,45.0,77.0,59.0,250.0,634.0,5.0
2013,Bihar,DARBHANGA,201.0,42.0,227.0,50.0,620.0,835.0,5.0
2013,Bihar,GAYA,263.0,45.0,208.0,112.0,507.0,1621.0,5.0
2013,Bihar,GOPALGANJ,94.0,11.0,125.0,41.0,435.0,519.0,5.0
2013,Bihar,JAMALPUR RLY.,8.0,1.0,3.0,10.0,3.0,224.0,1.0
2013,Bihar,JAMUI,239.0,26.0,62.0,34.0,225.0,199.0,5.0
2013,Bihar,JEHANABAD,36.0,19.0,37.0,35.0,152.0,318.0,3.0
2013,Bihar,KATIHAR,120.0,87.0,164.0,36.0,209.0,549.0,5.0
2013,Bihar,KATIHAR RLY.,16.0,2.0,5.0,9.0,2.0,158.0,1.0
2013,Bihar,KHAGARIA,145.0,13.0,73.0,29.0,151.0,229.0,4.0
2013,Bihar,KISHANGANJ,71.0,52.0,107.0,21.0,187.0,305.0,5.0
2013,Bihar,LAKHISARAI,138.0,9.0,40.0,22.0,163.0,197.0,4.0
2013,Bihar,MADHEPURA,118.0,17.0,87.0,24.0,341.0,377.0,5.0
2013,Bihar,MADHUBANI,80.0,38.0,158.0,43.0,270.0,553.0,5.0
2013,Bihar,MOTIHARI,894.0,30.0,260.0,88.0,944.0,1065.0,5.0
2013,Bihar,MUNGER,92.0,12.0,75.0,29.0,129.0,471.0,4.0
2013,Bihar,MUZAFFARPUR,262.0,48.0,382.0,174.0,551.0,2328.0,5.0
2013,Bihar,MUZAFFARPUR RLY.,15.0,4.0,6.0,15.0,8.0,348.0,1.0
2013,Bihar,NALANDA,235.0,29.0,136.0,43.0,185.0,656.0,5.0
2013,Bihar,NAUGACHIA,69.0,29.0,36.0,18.0,88.0,155.0,3.0
2013,Bihar,NAWADAH,136.0,23.0,75.0,44.0,341.0,394.0,5.0
2013,Bihar,PATNA,412.0,93.0,544.0,223.0,622.0,5929.0,5.0
2013,Bihar,PATNA RLY.,37.0,14.0,26.0,9.0,15.0,791.0,2.0
2013,Bihar,PURNEA,296.0,56.0,111.0,41.0,340.0,568.0,5.0
2013,Bihar,ROHTAS,209.0,65.0,168.0,67.0,276.0,1032.0,5.0
2013,Bihar,SAHARSA,127.0,14.0,100.0,30.0,257.0,327.0,5.0
2013,Bihar,SAMASTIPUR,215.0,43.0,152.0,61.0,420.0,570.0,5.0
2013,Bihar,SARAN,390.0,16.0,199.0,61.0,395.0,969.0,5.0
2013,Bihar,SHEIKHPURA,107.0,10.0,40.0,10.0,87.0,186.0,3.0
2013,Bihar,SHEOHAR,49.0,3.0,49.0,17.0,88.0,96.0,3.0
2013,Bihar,SITAMARHI,134.0,29.0,220.0,121.0,281.0,894.0,5.0
2013,Bihar,SIWAN,125.0,20.0,234.0,66.0,409.0,880.0,5.0
2013,Bihar,SUPAUL,70.0,39.0,144.0,23.0,508.0,522.0,5.0
2013,Bihar,VAISHALI,272.0,31.0,200.0,86.0,515.0,1514.0,5.0
2013,Bihar,ZZ TOTAL,7589.0,1459.0,5570.0,2100.0,12591.0,31774.0,5.0
2013,Chhattisgarh,BALOD,29.0,87.0,30.0,2.0,24.0,132.0,2.0
2013,Chhattisgarh,BALODA BAZAR,37.0,165.0,144.0,14.0,41.0,379.0,4.0
2013,Chhattisgarh,BALRAMPUR,51.0,134.0,17.0,13.0,24.0,80.0,3.0
2013,Chhattisgarh,BEMETARA,26.0,85.0,38.0,6.0,26.0,208.0,2.0
2013,Chhattisgarh,BILASPUR,114.0,404.0,305.0,61.0,130.0,1077.0,5.0
2013,Chhattisgarh,BIZAPUR,92.0,12.0,17.0,3.0,13.0,22.0,2.0
2013,Chhattisgarh,DANTEWARA,43.0,18.0,6.0,2.0,15.0,37.0,1.0
2013,Chhattisgarh,DHAMTARI,30.0,89.0,33.0,5.0,18.0,214.0,2.0
2013,Chhattisgarh,DURG,100.0,342.0,108.0,45.0,71.0,1289.0,5.0
2013,Chhattisgarh,GARIYABAND,26.0,56.0,26.0,5.0,17.0,116.0,2.0
2013,Chhattisgarh,GRP RAIPUR,4.0,5.0,2.0,3.0,3.0,197.0,1.0
2013,Chhattisgarh,JAGDALPUR,54.0,83.0,51.0,11.0,22.0,169.0,3.0
2013,Chhattisgarh,JANJGIR,74.0,217.0,200.0,18.0,154.0,502.0,5.0
2013,Chhattisgarh,JASHPUR,70.0,140.0,68.0,10.0,19.0,164.0,4.0
2013,Chhattisgarh,KABIRDHAM,30.0,102.0,33.0,4.0,13.0,151.0,2.0
2013,Chhattisgarh,KANKER,79.0,78.0,48.0,3.0,26.0,93.0,3.0
2013,Chhattisgarh,KONDAGAON,41.0,32.0,29.0,4.0,17.0,34.0,2.0
2013,Chhattisgarh,KORBA,59.0,128.0,78.0,10.0,42.0,353.0,4.0
2013,Chhattisgarh,KORIYA,44.0,151.0,68.0,10.0,19.0,244.0,3.0
2013,Chhattisgarh,MAHASAMUND,33.0,153.0,116.0,13.0,44.0,400.0,4.0
2013,Chhattisgarh,MUNGELI,34.0,67.0,61.0,6.0,47.0,172.0,3.0
2013,Chhattisgarh,NARAYANPUR,33.0,13.0,5.0,4.0,1.0,24.0,1.0
2013,Chhattisgarh,RAIGARH,138.0,216.0,163.0,46.0,87.0,673.0,5.0
2013,Chhattisgarh,RAIPUR,152.0,402.0,428.0,58.0,127.0,2244.0,5.0
2013,Chhattisgarh,RAJNANDGAON,64.0,120.0,81.0,7.0,36.0,406.0,3.0
2013,Chhattisgarh,SARGUJA,55.0,189.0,19.0,16.0,34.0,229.0,3.0
2013,Chhattisgarh,SUKMA,56.0,10.0,5.0,5.0,5.0,23.0,1.0
2013,Chhattisgarh,SURAJPUR,48.0,143.0,56.0,14.0,39.0,196.0,3.0
2013,Chhattisgarh,ZZ TOTAL,1616.0,3641.0,2235.0,398.0,1114.0,9828.0,5.0
2013,Goa,NORTH GOA,59.0,151.0,50.0,23.0,95.0,1082.0,3.0
2013,Goa,SOUTH GOA,27.0,97.0,58.0,25.0,71.0,732.0,3.0
2013,Goa,ZZ TOTAL,86.0,248.0,108.0,48.0,166.0,1814.0,5.0
2013,Gujarat,AHMEDABAD COMMR.,166.0,296.0,458.0,598.0,175.0,4605.0,5.0
2013,Gujarat,AHWA-DANG,7.0,11.0,6.0,0.0,3.0,25.0,1.0
2013,Gujarat,AMRELI,42.0,27.0,64.0,12.0,42.0,200.0,3.0
2013,Gujarat,ANAND,46.0,32.0,76.0,18.0,49.0,401.0,3.0
2013,Gujarat,BHARUCH,47.0,53.0,44.0,27.0,42.0,648.0,3.0
2013,Gujarat,BHAVNAGAR,84.0,67.0,109.0,46.0,107.0,617.0,4.0
2013,Gujarat,CID CRIME,0.0,0.0,1.0,0.0,0.0,3.0,1.0
2013,Gujarat,DAHOD,39.0,29.0,81.0,83.0,53.0,434.0,3.0
2013,Gujarat,GANDHINAGAR,31.0,53.0,71.0,27.0,36.0,551.0,3.0
2013,Gujarat,HIMATNAGAR,54.0,47.0,76.0,19.0,53.0,424.0,3.0
2013,Gujarat,JAMNAGAR,81.0,53.0,64.0,33.0,100.0,597.0,4.0
2013,Gujarat,JUNAGADH,56.0,81.0,84.0,27.0,146.0,470.0,4.0
2013,Gujarat,KHEDA NORTH,62.0,35.0,72.0,10.0,41.0,268.0,3.0
2013,Gujarat,KUTCH (EAST(G)),47.0,59.0,51.0,24.0,50.0,590.0,3.0
2013,Gujarat,KUTCH (WEST-BHUJ),40.0,57.0,35.0,19.0,71.0,397.0,3.0
2013,Gujarat,MEHSANA,41.0,48.0,139.0,71.0,91.0,818.0,4.0
2013,Gujarat,NARMADA,16.0,22.0,24.0,1.0,15.0,89.0,1.0
2013,Gujarat,NAVSARI,25.0,22.0,39.0,16.0,18.0,454.0,2.0
2013,Gujarat,PALANPUR,84.0,158.0,104.0,82.0,94.0,797.0,5.0
2013,Gujarat,PANCHMAHAL,76.0,62.0,96.0,26.0,71.0,433.0,4.0
2013,Gujarat,PATAN,23.0,66.0,74.0,50.0,74.0,426.0,3.0
2013,Gujarat,PORBANDAR,18.0,12.0,16.0,6.0,26.0,111.0,1.0
2013,Gujarat,RAJKOT COMMR.,65.0,32.0,63.0,45.0,90.0,1222.0,3.0
2013,Gujarat,SURAT COMMR.,138.0,167.0,309.0,67.0,65.0,2146.0,5.0
2013,Gujarat,SURENDRANAGAR,64.0,69.0,71.0,27.0,83.0,472.0,3.0
2013,Gujarat,TAPI,21.0,21.0,17.0,3.0,12.0,148.0,1.0
2013,Gujarat,VADODARA COMMR.,56.0,126.0,82.0,161.0,101.0,1857.0,4.0
2013,Gujarat,VALSAD,34.0,52.0,73.0,39.0,39.0,775.0,3.0
2013,Gujarat,W.RLY AHMEDABAD,13.0,2.0,7.0,8.0,2.0,277.0,1.0
2013,Gujarat,W.RLY VADODARA,7.0,7.0,2.0,8.0,3.0,422.0,1.0
2013,Gujarat,ZZ TOTAL,1770.0,1975.0,2666.0,1717.0,2019.0,22789.0,5.0
2013,Haryana,BHIWANI,111.0,149.0,169.0,42.0,198.0,1334.0,5.0
2013,Haryana,FARIDABAD,122.0,155.0,155.0,40.0,187.0,2378.0,5.0
2013,Haryana,FATEHABAD,47.0,76.0,47.0,15.0,25.0,523.0,3.0
2013,Haryana,GRP,20.0,20.0,9.0,21.0,11.0,427.0,1.0
2013,Haryana,GURGAON,164.0,179.0,263.0,168.0,169.0,5352.0,5.0
2013,Haryana,HISSAR,119.0,179.0,114.0,71.0,132.0,1850.0,5.0
2013,Haryana,I&P HARYANA,0.0,0.0,0.0,0.0,0.0,0.0,1.0
2013,Haryana,JHAJJAR,84.0,61.0,50.0,30.0,35.0,692.0,3.0
2013,Haryana,JIND,99.0,107.0,100.0,35.0,179.0,1123.0,5.0
2013,Haryana,KAITHAL,46.0,65.0,106.0,22.0,2.0,573.0,3.0
2013,Haryana,KARNAL,92.0,253.0,362.0,60.0,52.0,1665.0,5.0
2013,Haryana,KURUKSHETRA,44.0,95.0,56.0,25.0,5.0,1047.0,3.0
2013,Haryana,MAHENDRAGARH,60.0,109.0,69.0,31.0,101.0,583.0,4.0
2013,Haryana,MEWAT,92.0,114.0,44.0,28.0,176.0,705.0,4.0
2013,Haryana,PALWAL,99.0,128.0,66.0,32.0,166.0,887.0,4.0
2013,Haryana,PANCHKULA,15.0,56.0,163.0,28.0,15.0,825.0,4.0
2013,Haryana,PANIPAT,87.0,112.0,144.0,40.0,39.0,1250.0,4.0
2013,Haryana,REWARI,72.0,105.0,67.0,67.0,70.0,1024.0,4.0
2013,Haryana,ROHTAK,113.0,106.0,80.0,41.0,97.0,1238.0,4.0
2013,Haryana,SIRSA,64.0,122.0,140.0,16.0,55.0,801.0,4.0
2013,Haryana,SONIPAT,143.0,121.0,69.0,54.0,20.0,1193.0,4.0
2013,Haryana,YAMUNANAGAR,68.0,98.0,273.0,17.0,2.0,696.0,5.0
2013,Haryana,ZZ TOTAL,1818.0,2531.0,2772.0,917.0,1749.0,27481.0,5.0
2013,Himachal Pradesh,BADDIPOLICEDIST,15.0,23.0,24.0,1.0,32.0,112.0,2.0
2013,Himachal Pradesh,BILASPUR,16.0,45.0,51.0,1.0,39.0,163.0,2.0
2013,Himachal Pradesh,CHAMBA,8.0,50.0,14.0,0.0,44.0,133.0,2.0
2013,Himachal Pradesh,CID,0.0,1.0,0.0,0.0,0.0,0.0,1.0
2013,Himachal Pradesh,G.R.P.,1.0,1.0,0.0,1.0,0.0,5.0,1.0
2013,Himachal Pradesh,HAMIRPUR,8.0,43.0,16.0,0.0,19.0,160.0,1.0
2013,Himachal Pradesh,KANGRA,44.0,133.0,61.0,6.0,94.0,337.0,3.0
2013,Himachal Pradesh,KINNAUR,0.0,14.0,4.0,1.0,9.0,41.0,1.0
2013,Himachal Pradesh,KULLU,14.0,73.0,29.0,4.0,70.0,173.0,2.0
2013,Himachal Pradesh,LAHAUL-SPITI,1.0,1.0,0.0,0.0,0.0,3.0,1.0
2013,Himachal Pradesh,MANDI,15.0,104.0,48.0,2.0,71.0,271.0,3.0
2013,Himachal Pradesh,SHIMLA,26.0,95.0,49.0,3.0,121.0,389.0,3.0
2013,Himachal Pradesh,SIRMAUR,9.0,65.0,17.0,2.0,43.0,136.0,2.0
2013,Himachal Pradesh,SOLAN,6.0,36.0,16.0,4.0,29.0,217.0,2.0
2013,Himachal Pradesh,UNA,17.0,59.0,23.0,3.0,54.0,217.0,2.0
2013,Himachal Pradesh,ZZ TOTAL,180.0,743.0,352.0,28.0,625.0,2357.0,5.0
2013,Jammu & Kashmir,ANANTNAG,22.0,148.0,93.0,6.0,178.0,189.0,4.0
2013,Jammu & Kashmir,AWANTIPORA,12.0,23.0,14.0,3.0,24.0,39.0,1.0
2013,Jammu & Kashmir,BANDIPORA,15.0,55.0,51.0,0.0,113.0,83.0,3.0
2013,Jammu & Kashmir,BARAMULLA,25.0,154.0,95.0,12.0,234.0,202.0,4.0
2013,Jammu & Kashmir,BUDGAM,39.0,37.0,63.0,2.0,218.0,218.0,4.0
2013,Jammu & Kashmir,CRIME JAMMU,0.0,0.0,0.0,0.0,0.0,18.0,1.0
2013,Jammu & Kashmir,CRIME SRINAGAR,0.0,0.0,0.0,0.0,0.0,30.0,1.0
2013,Jammu & Kashmir,DODA,24.0,70.0,37.0,1.0,34.0,121.0,2.0
2013,Jammu & Kashmir,GANDERBAL,13.0,69.0,29.0,2.0,97.0,92.0,2.0
2013,Jammu & Kashmir,HANDWARA,14.0,87.0,30.0,0.0,47.0,78.0,2.0
2013,Jammu & Kashmir,JAMMU,104.0,122.0,96.0,2.0,115.0,882.0,4.0
2013,Jammu & Kashmir,KARGIL,2.0,1.0,1.0,0.0,14.0,10.0,1.0
2013,Jammu & Kashmir,KATHUA,19.0,57.0,27.0,0.0,24.0,166.0,2.0
2013,Jammu & Kashmir,KISHTWAR,18.0,26.0,15.0,3.0,9.0,25.0,1.0
2013,Jammu & Kashmir,KULGAM,52.0,149.0,61.0,18.0,111.0,94.0,3.0
2013,Jammu & Kashmir,KUPWARA,30.0,66.0,54.0,2.0,155.0,127.0,3.0
2013,Jammu & Kashmir,LEH,1.0,4.0,0.0,0.0,0.0,20.0,1.0
2013,Jammu & Kashmir,POONCH,30.0,65.0,27.0,1.0,78.0,74.0,2.0
2013,Jammu & Kashmir,PULWAMA,16.0,29.0,28.0,4.0,87.0,46.0,2.0
2013,Jammu & Kashmir,RAJOURI,44.0,76.0,59.0,2.0,51.0,175.0,3.0
2013,Jammu & Kashmir,RAMBAN,21.0,34.0,21.0,0.0,7.0,65.0,1.0
2013,Jammu & Kashmir,REASI,17.0,18.0,19.0,0.0,27.0,63.0,2.0
2013,Jammu & Kashmir,SAMBA,29.0,28.0,8.0,0.0,49.0,73.0,2.0
2013,Jammu & Kashmir,SHOPIAN,23.0,32.0,17.0,3.0,52.0,103.0,2.0
2013,Jammu & Kashmir,SOPORE,38.0,78.0,34.0,0.0,48.0,200.0,2.0
2013,Jammu & Kashmir,SRINAGAR,58.0,288.0,90.0,32.0,140.0,681.0,4.0
2013,Jammu & Kashmir,UDHAMPUR,20.0,50.0,14.0,0.0,12.0,116.0,2.0
2013,Jammu & Kashmir,ZZ TOTAL,688.0,1767.0,983.0,93.0,1935.0,3994.0,5.0
2013,Jharkhand,BOKARO,54.0,66.0,78.0,41.0,139.0,1239.0,4.0
2013,Jharkhand,CHAIBASA,179.0,113.0,27.0,23.0,26.0,257.0,4.0
2013,Jharkhand,CHATRA,44.0,41.0,29.0,25.0,59.0,179.0,3.0
2013,Jharkhand,DEOGHAR,100.0,126.0,67.0,29.0,262.0,657.0,5.0
2013,Jharkhand,DHANBAD,118.0,71.0,157.0,98.0,261.0,1451.0,5.0
2013,Jharkhand,DHANBAD RLY.,10.0,11.0,7.0,14.0,1.0,267.0,1.0
2013,Jharkhand,DUMKA,126.0,56.0,38.0,22.0,130.0,347.0,4.0
2013,Jharkhand,GARHWA,78.0,86.0,31.0,46.0,224.0,260.0,4.0
2013,Jharkhand,GIRIDIH,157.0,77.0,84.0,51.0,331.0,712.0,5.0
2013,Jharkhand,GODDA,65.0,44.0,58.0,14.0,42.0,203.0,3.0
2013,Jharkhand,GUMLA,218.0,74.0,39.0,24.0,29.0,117.0,4.0
2013,Jharkhand,HAZARIBAGH,112.0,98.0,72.0,45.0,177.0,521.0,5.0
2013,Jharkhand,JAMSHEDPUR,141.0,171.0,86.0,64.0,112.0,1732.0,5.0
2013,Jharkhand,JAMSHEDPUR RLY.,8.0,7.0,1.0,9.0,0.0,156.0,1.0
2013,Jharkhand,JAMTARA,33.0,41.0,24.0,12.0,89.0,260.0,3.0
2013,Jharkhand,KHUNTI,104.0,17.0,16.0,13.0,40.0,52.0,2.0
2013,Jharkhand,KODERMA,89.0,40.0,32.0,10.0,125.0,327.0,3.0
2013,Jharkhand,LATEHAR,73.0,46.0,25.0,16.0,45.0,143.0,3.0
2013,Jharkhand,LOHARDAGGA,32.0,36.0,29.0,9.0,11.0,109.0,2.0
2013,Jharkhand,PAKUR,46.0,58.0,34.0,14.0,117.0,189.0,3.0
2013,Jharkhand,PALAMU,152.0,49.0,53.0,62.0,146.0,435.0,4.0
2013,Jharkhand,RAMGARH,74.0,54.0,40.0,23.0,47.0,370.0,3.0
2013,Jharkhand,RANCHI,227.0,93.0,68.0,75.0,124.0,969.0,5.0
2013,Jharkhand,SAHEBGANJ,72.0,158.0,120.0,6.0,77.0,293.0,5.0
2013,Jharkhand,SARAIKELA,98.0,57.0,33.0,27.0,25.0,295.0,3.0
2013,Jharkhand,SIMDEGA,101.0,38.0,23.0,28.0,11.0,99.0,3.0
2013,Jharkhand,ZZ TOTAL,2511.0,1728.0,1271.0,800.0,2650.0,11639.0,5.0
2013,Karnataka,BAGALKOT,86.0,116.0,18.0,31.0,299.0,432.0,4.0
2013,Karnataka,BANGALORE COMMR.,685.0,458.0,642.0,659.0,378.0,15167.0,5.0
2013,Karnataka,BELGAUM,216.0,307.0,40.0,75.0,489.0,1098.0,5.0
2013,Karnataka,BELLARY,98.0,135.0,58.0,60.0,209.0,767.0,4.0
2013,Karnataka,BIDAR,94.0,100.0,34.0,33.0,222.0,335.0,4.0
2013,Karnataka,BIJAPUR,114.0,122.0,37.0,33.0,216.0,321.0,4.0
2013,Karnataka,CBPURA,87.0,90.0,26.0,27.0,228.0,366.0,4.0
2013,Karnataka,CHAMARAJNAGAR,94.0,111.0,17.0,16.0,144.0,235.0,3.0
2013,Karnataka,CHICKMAGALUR,81.0,162.0,36.0,27.0,154.0,352.0,4.0
2013,Karnataka,CHITRADURGA,74.0,209.0,28.0,29.0,210.0,412.0,4.0
2013,Karnataka,DAKSHIN KANNADA,41.0,86.0,17.0,35.0,175.0,262.0,3.0
2013,Karnataka,DAVANAGERE,58.0,200.0,31.0,65.0,355.0,700.0,5.0
2013,Karnataka,DHARWAD COMMR.,69.0,53.0,99.0,72.0,166.0,771.0,4.0
2013,Karnataka,GADAG,49.0,58.0,13.0,13.0,109.0,143.0,2.0
2013,Karnataka,GULBARGA,213.0,179.0,60.0,75.0,489.0,552.0,5.0
2013,Karnataka,HASSAN,153.0,243.0,57.0,55.0,189.0,765.0,5.0
2013,Karnataka,HAVERI,47.0,98.0,14.0,25.0,254.0,282.0,4.0
2013,Karnataka,K.G.F.,43.0,36.0,12.0,18.0,50.0,158.0,2.0
2013,Karnataka,KODAGU,64.0,66.0,23.0,20.0,50.0,292.0,2.0
2013,Karnataka,KOLAR,88.0,45.0,10.0,55.0,259.0,363.0,4.0
2013,Karnataka,KOPPAL,36.0,61.0,14.0,10.0,138.0,190.0,3.0
2013,Karnataka,MANDYA,129.0,252.0,74.0,76.0,330.0,912.0,5.0
2013,Karnataka,MYSORE COMMR.,60.0,30.0,22.0,162.0,71.0,958.0,4.0
2013,Karnataka,RAICHUR,93.0,199.0,24.0,21.0,298.0,339.0,4.0
2013,Karnataka,RAMANAGAR,123.0,162.0,43.0,111.0,303.0,858.0,5.0
2013,Karnataka,SHIMOGA,111.0,310.0,67.0,76.0,345.0,762.0,5.0
2013,Karnataka,TUMKUR,109.0,243.0,41.0,100.0,219.0,814.0,5.0
2013,Karnataka,UDUPI,46.0,89.0,23.0,48.0,135.0,382.0,3.0
2013,Karnataka,UTTAR KANNADA,42.0,172.0,51.0,39.0,139.0,311.0,3.0
2013,Karnataka,YADGIRI,65.0,139.0,29.0,9.0,206.0,130.0,3.0
2013,Karnataka,ZZ TOTAL,3677.0,4943.0,1836.0,2430.0,7569.0,32834.0,5.0
2013,Kerala,ALAPUZHA,56.0,338.0,14.0,42.0,508.0,652.0,5.0
2013,Kerala,ERNAKULAM COMMR.,31.0,209.0,10.0,44.0,338.0,954.0,4.0
2013,Kerala,IDUKKI,62.0,285.0,4.0,22.0,292.0,501.0,4.0
2013,Kerala,KANNUR,57.0,251.0,22.0,67.0,864.0,581.0,5.0
2013,Kerala,KASARGOD,38.0,244.0,21.0,33.0,553.0,443.0,5.0
2013,Kerala,KOLLAM COMMR.,60.0,262.0,18.0,69.0,329.0,437.0,5.0
2013,Kerala,KOTTAYAM,64.0,298.0,12.0,35.0,495.0,692.0,5.0
2013,Kerala,KOZHIKODE COMMR.,28.0,140.0,11.0,47.0,350.0,469.0,4.0
2013,Kerala,MALAPPURAM,67.0,371.0,11.0,36.0,975.0,1047.0,5.0
2013,Kerala,PALAKKAD,71.0,254.0,18.0,45.0,783.0,693.0,5.0
2013,Kerala,PATHANAMTHITTA,59.0,232.0,4.0,37.0,443.0,561.0,5.0
2013,Kerala,THRISSUR COMMR.,33.0,114.0,2.0,23.0,392.0,599.0,4.0
2013,Kerala,TRIVANDRUM COMMR.,38.0,353.0,7.0,76.0,571.0,653.0,5.0
2013,Kerala,WAYANADU,38.0,164.0,7.0,17.0,255.0,277.0,4.0
2013,Kerala,ZZ TOTAL,1079.0,5583.0,252.0,851.0,10521.0,12188.0,5.0
2013,Madhya Pradesh,AGAR,36.0,65.0,18.0,8.0,29.0,125.0,2.0
2013,Madhya Pradesh,ALIRAJPUR,80.0,43.0,18.0,11.0,24.0,103.0,2.0
2013,Madhya Pradesh,ANUPPUR,51.0,199.0,34.0,25.0,17.0,311.0,3.0
2013,Madhya Pradesh,ASHOK NAGAR,52.0,205.0,28.0,24.0,23.0,174.0,3.0
2013,Madhya Pradesh,BALAGHAT,69.0,239.0,5.0,12.0,58.0,242.0,3.0
2013,Madhya Pradesh,BARWANI,54.0,127.0,43.0,14.0,23.0,265.0,3.0
2013,Madhya Pradesh,BETUL,99.0,341.0,83.0,20.0,12.0,346.0,4.0
2013,Madhya Pradesh,BHIND,164.0,174.0,55.0,79.0,73.0,548.0,4.0
2013,Madhya Pradesh,BHOPAL,170.0,530.0,107.0,209.0,96.0,3554.0,5.0
2013,Madhya Pradesh,BHOPAL RLY.,10.0,20.0,5.0,31.0,4.0,1651.0,1.0
2013,Madhya Pradesh,BURHANPUR,22.0,126.0,22.0,8.0,11.0,164.0,2.0
2013,Madhya Pradesh,CHHATARPUR,102.0,297.0,38.0,39.0,42.0,525.0,4.0
2013,Madhya Pradesh,CHHINDWARA,115.0,345.0,192.0,18.0,76.0,433.0,5.0
2013,Madhya Pradesh,DAMOH,72.0,197.0,21.0,15.0,15.0,212.0,3.0
2013,Madhya Pradesh,DATIYA,91.0,91.0,24.0,31.0,25.0,200.0,3.0
2013,Madhya Pradesh,DEWAS,93.0,205.0,19.0,15.0,48.0,627.0,3.0
2013,Madhya Pradesh,DHAR,96.0,319.0,175.0,40.0,77.0,859.0,5.0
2013,Madhya Pradesh,DINDORI,44.0,196.0,20.0,1.0,13.0,129.0,3.0
2013,Madhya Pradesh,GUNA,78.0,262.0,26.0,40.0,44.0,503.0,4.0
2013,Madhya Pradesh,GWALIOR,261.0,527.0,67.0,153.0,127.0,2654.0,5.0
2013,Madhya Pradesh,HARDA,25.0,81.0,9.0,9.0,18.0,116.0,2.0
2013,Madhya Pradesh,HOSHANGABAD,85.0,231.0,106.0,26.0,33.0,471.0,4.0
2013,Madhya Pradesh,INDORE,331.0,559.0,398.0,228.0,137.0,7529.0,5.0
2013,Madhya Pradesh,INDORE RLY.,3.0,12.0,6.0,6.0,2.0,369.0,1.0
2013,Madhya Pradesh,JABALPUR,206.0,448.0,174.0,120.0,84.0,1620.0,5.0
2013,Madhya Pradesh,JABALPUR RLY.,6.0,14.0,2.0,18.0,2.0,770.0,1.0
2013,Madhya Pradesh,JHABUA,28.0,109.0,96.0,26.0,41.0,245.0,4.0
2013,Madhya Pradesh,KATNI,79.0,271.0,72.0,13.0,24.0,353.0,4.0
2013,Madhya Pradesh,KHANDWA,74.0,276.0,105.0,16.0,43.0,506.0,4.0
2013,Madhya Pradesh,KHARGON,80.0,308.0,177.0,30.0,42.0,646.0,5.0
2013,Madhya Pradesh,MANDLA,46.0,192.0,14.0,2.0,6.0,130.0,3.0
2013,Madhya Pradesh,MANDSAUR,79.0,217.0,31.0,9.0,29.0,499.0,3.0
2013,Madhya Pradesh,MORENA,188.0,176.0,48.0,59.0,105.0,734.0,5.0
2013,Madhya Pradesh,NARSINGHPUR,71.0,290.0,69.0,12.0,31.0,404.0,4.0
2013,Madhya Pradesh,NEEMUCH,19.0,133.0,48.0,27.0,36.0,379.0,3.0
2013,Madhya Pradesh,PANNA,46.0,130.0,14.0,5.0,7.0,127.0,2.0
2013,Madhya Pradesh,RAISEN,107.0,319.0,36.0,8.0,32.0,352.0,4.0
2013,Madhya Pradesh,RAJGARH,61.0,323.0,82.0,24.0,95.0,497.0,5.0
2013,Madhya Pradesh,RATLAM,91.0,177.0,61.0,41.0,34.0,474.0,4.0
2013,Madhya Pradesh,REWA,101.0,291.0,32.0,68.0,70.0,1155.0,4.0
2013,Madhya Pradesh,SAGAR,128.0,557.0,55.0,47.0,145.0,809.0,5.0
2013,Madhya Pradesh,SATNA,123.0,328.0,41.0,54.0,69.0,976.0,5.0
2013,Madhya Pradesh,SEONI,49.0,205.0,47.0,13.0,17.0,206.0,3.0
2013,Madhya Pradesh,SHAHDOL,76.0,331.0,130.0,22.0,34.0,550.0,5.0
2013,Madhya Pradesh,SHAJAPUR,52.0,157.0,20.0,15.0,56.0,449.0,3.0
2013,Madhya Pradesh,SHEOPUR,27.0,77.0,7.0,10.0,36.0,142.0,2.0
2013,Madhya Pradesh,SHIVPURI,108.0,317.0,32.0,54.0,81.0,433.0,4.0
2013,Madhya Pradesh,SIDHI,48.0,162.0,76.0,11.0,14.0,273.0,3.0
2013,Madhya Pradesh,SIHORE,82.0,211.0,38.0,30.0,36.0,509.0,4.0
2013,Madhya Pradesh,SINGRAULI,58.0,149.0,86.0,17.0,41.0,367.0,4.0
2013,Madhya Pradesh,TIKAMGARH,45.0,207.0,36.0,21.0,43.0,222.0,3.0
2013,Madhya Pradesh,UJJAIN,187.0,345.0,41.0,69.0,83.0,1394.0,5.0
2013,Madhya Pradesh,UMARIYA,23.0,111.0,38.0,9.0,18.0,182.0,2.0
2013,Madhya Pradesh,VIDISHA,98.0,365.0,127.0,18.0,69.0,664.0,5.0
2013,Madhya Pradesh,ZZ TOTAL,4589.0,12587.0,3354.0,1930.0,2450.0,38177.0,5.0
2013,Maharashtra,AHMEDNAGAR,189.0,348.0,81.0,395.0,636.0,2458.0,5.0
2013,Maharashtra,AKOLA,84.0,246.0,31.0,96.0,183.0,1055.0,4.0
2013,Maharashtra,AMRAVATI COMMR.,62.0,122.0,27.0,77.0,111.0,948.0,3.0
2013,Maharashtra,AURANGABAD COMMR.,82.0,195.0,49.0,187.0,210.0,1736.0,5.0
2013,Maharashtra,BEED,173.0,322.0,71.0,124.0,446.0,1251.0,5.0
2013,Maharashtra,BHANDARA,40.0,114.0,20.0,31.0,77.0,732.0,3.0
2013,Maharashtra,BULDHANA,100.0,241.0,21.0,49.0,275.0,830.0,5.0
2013,Maharashtra,CHANDRAPUR,66.0,267.0,38.0,58.0,148.0,1196.0,4.0
2013,Maharashtra,DHULE,100.0,98.0,27.0,131.0,220.0,680.0,5.0
2013,Maharashtra,GADCHIROLI,104.0,86.0,6.0,9.0,38.0,255.0,2.0
2013,Maharashtra,GONDIA,45.0,146.0,24.0,14.0,43.0,482.0,3.0
2013,Maharashtra,HINGOLI,50.0,70.0,15.0,9.0,96.0,254.0,2.0
2013,Maharashtra,JALGAON,168.0,296.0,59.0,149.0,350.0,1673.0,5.0
2013,Maharashtra,JALNA,153.0,167.0,31.0,80.0,244.0,838.0,5.0
2013,Maharashtra,KOLHAPUR,125.0,201.0,53.0,183.0,370.0,1645.0,5.0
2013,Maharashtra,LATUR,119.0,153.0,38.0,74.0,291.0,805.0,5.0
2013,Maharashtra,MUMBAI COMMR.,368.0,1554.0,381.0,2798.0,432.0,16328.0,5.0
2013,Maharashtra,MUMBAI RLY.,11.0,47.0,7.0,516.0,5.0,1924.0,4.0
2013,Maharashtra,NAGPUR COMMR.,195.0,300.0,118.0,507.0,233.0,4260.0,5.0
2013,Maharashtra,NAGPUR RLY.,9.0,17.0,4.0,74.0,9.0,1338.0,2.0
2013,Maharashtra,NANDED,141.0,199.0,61.0,81.0,339.0,1228.0,5.0
2013,Maharashtra,NANDURBAR,41.0,67.0,20.0,27.0,103.0,328.0,3.0
2013,Maharashtra,NASIK COMMR.,57.0,116.0,31.0,158.0,100.0,1370.0,4.0
2013,Maharashtra,NAVI MUMBAI,83.0,207.0,84.0,365.0,90.0,2495.0,5.0
2013,Maharashtra,OSMANABAD,91.0,175.0,37.0,48.0,229.0,702.0,4.0
2013,Maharashtra,PARBHANI,141.0,172.0,66.0,103.0,234.0,1029.0,5.0
2013,Maharashtra,PUNE COMMR.,276.0,475.0,177.0,886.0,530.0,6296.0,5.0
2013,Maharashtra,PUNE RLY.,12.0,9.0,2.0,25.0,2.0,404.0,1.0
2013,Maharashtra,RAIGAD,64.0,134.0,17.0,77.0,190.0,823.0,4.0
2013,Maharashtra,RATNAGIRI,32.0,109.0,15.0,46.0,91.0,518.0,3.0
2013,Maharashtra,SANGLI,106.0,218.0,45.0,48.0,254.0,1003.0,5.0
2013,Maharashtra,SATARA,141.0,385.0,59.0,328.0,439.0,2333.0,5.0
2013,Maharashtra,SINDHUDURG,19.0,61.0,7.0,17.0,61.0,268.0,2.0
2013,Maharashtra,SOLAPUR COMMR.,48.0,90.0,39.0,170.0,139.0,948.0,4.0
2013,Maharashtra,THANE COMMR.,209.0,649.0,302.0,1103.0,429.0,5642.0,5.0
2013,Maharashtra,WARDHA,101.0,300.0,51.0,75.0,143.0,1124.0,4.0
2013,Maharashtra,WASHIM,72.0,179.0,24.0,33.0,165.0,560.0,4.0
2013,Maharashtra,YAVATMAL,192.0,492.0,124.0,168.0,317.0,2180.0,5.0
2013,Maharashtra,ZZ TOTAL,5143.0,11195.0,2640.0,10579.0,10807.0,83419.0,5.0
2013,Manipur,BISHNUPUR,20.0,10.0,7.0,0.0,7.0,64.0,1.0
2013,Manipur,CHANDEL,14.0,1.0,3.0,0.0,2.0,7.0,1.0
2013,Manipur,CHURACHANDPUR,16.0,2.0,5.0,0.0,5.0,34.0,1.0
2013,Manipur,CID,0.0,0.0,0.0,0.0,0.0,0.0,1.0
2013,Manipur,IMPHAL EAST,48.0,21.0,48.0,0.0,33.0,224.0,2.0
2013,Manipur,IMPHAL WEST,93.0,60.0,55.0,3.0,20.0,575.0,3.0
2013,Manipur,SENAPATI,19.0,0.0,12.0,0.0,4.0,28.0,1.0
2013,Manipur,TAMENGLONG,15.0,1.0,6.0,0.0,5.0,11.0,1.0
2013,Manipur,THOUBAL,57.0,33.0,41.0,0.0,20.0,147.0,2.0
2013,Manipur,UKHRUL,26.0,3.0,4.0,0.0,9.0,46.0,1.0
2013,Manipur,ZZ TOTAL,308.0,131.0,181.0,3.0,105.0,1136.0,5.0
2013,Meghalaya,GARO HILLS EAST,35.0,11.0,7.0,13.0,0.0,44.0,1.0
2013,Meghalaya,GARO HILLS NORTH,12.0,1.0,18.0,10.0,6.0,29.0,1.0
2013,Meghalaya,GARO HILLS SOUTH,38.0,9.0,10.0,8.0,0.0,27.0,1.0
2013,Meghalaya,GARO HILLS SOUTH W.,14.0,15.0,3.0,7.0,0.0,24.0,1.0
2013,Meghalaya,GARO HILLS WEST,28.0,31.0,18.0,9.0,15.0,151.0,2.0
2013,Meghalaya,JAINTIA HILLS EAST,31.0,17.0,20.0,7.0,7.0,85.0,2.0
2013,Meghalaya,JAINTIA HILLS WEST,22.0,34.0,2.0,11.0,15.0,74.0,1.0
2013,Meghalaya,KHASI HILLS EAST,51.0,87.0,40.0,33.0,72.0,422.0,3.0
2013,Meghalaya,KHASI HILLS SOUTH W.,12.0,13.0,2.0,7.0,1.0,15.0,1.0
2013,Meghalaya,KHASI HILLS WEST,19.0,26.0,6.0,10.0,3.0,42.0,1.0
2013,Meghalaya,RI-BHOI,34.0,37.0,13.0,4.0,21.0,111.0,2.0
2013,Meghalaya,ZZ TOTAL,296.0,281.0,139.0,119.0,140.0,1024.0,5.0
2013,Mizoram,AIZAWL,17.0,74.0,2.0,1.0,24.0,575.0,2.0
2013,Mizoram,CHAMPHAI,6.0,17.0,1.0,0.0,1.0,131.0,1.0
2013,Mizoram,KOLASIB,8.0,16.0,1.0,3.0,2.0,110.0,1.0
2013,Mizoram,LAWNGTLAI,2.0,9.0,0.0,1.0,0.0,45.0,1.0
2013,Mizoram,LUNGLEI,8.0,28.0,0.0,0.0,0.0,87.0,1.0
2013,Mizoram,MAMIT,4.0,10.0,3.0,2.0,1.0,40.0,1.0
2013,Mizoram,SAIHA,1.0,5.0,0.0,0.0,0.0,46.0,1.0
2013,Mizoram,SERCHHIP,2.0,11.0,0.0,0.0,0.0,55.0,1.0
2013,Mizoram,SPL NARCOTIC,0.0,0.0,0.0,0.0,0.0,0.0,1.0
2013,Mizoram,TRAFFIC PS,0.0,0.0,0.0,0.0,0.0,0.0,1.0
2013,Mizoram,ZZ TOTAL,48.0,170.0,7.0,7.0,28.0,1089.0,3.0
2013,Nagaland,DIMAPUR,60.0,32.0,22.0,32.0,9.0,302.0,2.0
2013,Nagaland,KIPHIRE,10.0,2.0,2.0,0.0,4.0,5.0,1.0
2013,Nagaland,KOHIMA,27.0,5.0,7.0,11.0,0.0,62.0,1.0
2013,Nagaland,LONGLENG,2.0,0.0,0.0,0.0,0.0,5.0,1.0
2013,Nagaland,MOKOKCHUNG,10.0,3.0,6.0,4.0,5.0,26.0,1.0
2013,Nagaland,MON,9.0,1.0,2.0,1.0,1.0,15.0,1.0
2013,Nagaland,PEREN,2.0,1.0,0.0,0.0,0.0,9.0,1.0
2013,Nagaland,PHEK,14.0,4.0,0.0,2.0,0.0,20.0,1.0
2013,Nagaland,TUENSANG,4.0,1.0,0.0,0.0,1.0,13.0,1.0
2013,Nagaland,WOKHA,11.0,0.0,1.0,0.0,0.0,34.0,1.0
2013,Nagaland,ZUNHEBOTO,10.0,0.0,0.0,2.0,0.0,23.0,1.0
2013,Nagaland,ZZ TOTAL,159.0,49.0,40.0,52.0,20.0,514.0,3.0
2013,Odisha,ANGUL,192.0,352.0,127.0,110.0,178.0,969.0,5.0
2013,Odisha,BALASORE,158.0,345.0,176.0,96.0,70.0,856.0,5.0
2013,Odisha,BARAGARH,115.0,198.0,45.0,55.0,113.0,266.0,4.0
2013,Odisha,BERHAMPUR,127.0,216.0,71.0,83.0,48.0,501.0,4.0
2013,Odisha,BHADRAK,99.0,205.0,111.0,35.0,39.0,326.0,4.0
2013,Odisha,BOLANGIR,92.0,145.0,50.0,72.0,99.0,378.0,4.0
2013,Odisha,BOUDH,39.0,156.0,39.0,14.0,28.0,87.0,3.0
2013,Odisha,CUTTACK,58.0,56.0,61.0,74.0,52.0,394.0,4.0
2013,Odisha,DCP BBSR,123.0,143.0,119.0,99.0,92.0,2181.0,5.0
2013,Odisha,DCP CTC,59.0,57.0,84.0,64.0,29.0,1097.0,4.0
2013,Odisha,DEOGARH,35.0,59.0,10.0,10.0,9.0,71.0,2.0
2013,Odisha,DHENKANAL,195.0,413.0,56.0,83.0,139.0,346.0,5.0
2013,Odisha,GAJAPATI,32.0,99.0,8.0,4.0,42.0,80.0,2.0
2013,Odisha,GANJAM,329.0,487.0,65.0,111.0,142.0,422.0,5.0
2013,Odisha,JAGATSINGHPUR,91.0,217.0,81.0,129.0,111.0,616.0,5.0
2013,Odisha,JAJPUR,81.0,247.0,108.0,67.0,83.0,657.0,5.0
2013,Odisha,JHARSUGUDA,25.0,109.0,25.0,46.0,45.0,316.0,2.0
2013,Odisha,KALAHANDI,92.0,212.0,58.0,37.0,95.0,240.0,4.0
2013,Odisha,KANDHAMAL,35.0,144.0,53.0,20.0,13.0,176.0,3.0
2013,Odisha,KENDRAPARA,143.0,79.0,109.0,56.0,61.0,340.0,5.0
2013,Odisha,KEONJHAR,212.0,359.0,88.0,64.0,92.0,480.0,5.0
2013,Odisha,KHURDA,115.0,138.0,76.0,90.0,79.0,362.0,4.0
2013,Odisha,KORAPUT,96.0,189.0,58.0,63.0,83.0,274.0,4.0
2013,Odisha,MALKANGIR,73.0,54.0,27.0,11.0,33.0,139.0,2.0
2013,Odisha,MAYURBHANJ,175.0,485.0,126.0,44.0,41.0,502.0,5.0
2013,Odisha,NAYAGARH,180.0,43.0,55.0,77.0,58.0,249.0,4.0
2013,Odisha,NOWRANGPUR,45.0,178.0,71.0,24.0,71.0,141.0,4.0
2013,Odisha,NUAPADA,63.0,144.0,49.0,33.0,32.0,171.0,3.0
2013,Odisha,PURI,129.0,114.0,93.0,123.0,152.0,748.0,5.0
2013,Odisha,RAYAGADA,76.0,214.0,92.0,28.0,39.0,202.0,4.0
2013,Odisha,ROURKELA,80.0,205.0,61.0,91.0,36.0,772.0,4.0
2013,Odisha,SAMBALPUR,143.0,144.0,56.0,133.0,87.0,843.0,5.0
2013,Odisha,SONEPUR,31.0,84.0,13.0,13.0,15.0,163.0,2.0
2013,Odisha,SRP(CUTTACK),5.0,3.0,0.0,14.0,0.0,391.0,1.0
2013,Odisha,SRP(ROURKELA),8.0,16.0,5.0,13.0,0.0,308.0,1.0
2013,Odisha,SUNDARGARH,115.0,141.0,44.0,28.0,47.0,313.0,4.0
2013,Odisha,ZZ TOTAL,3666.0,6450.0,2370.0,2114.0,2353.0,16377.0,5.0
2013,Punjab,BARNALA,38.0,28.0,44.0,2.0,4.0,222.0,2.0
2013,Punjab,BATALA,52.0,57.0,31.0,10.0,1.0,192.0,2.0
2013,Punjab,BHATINDA,93.0,109.0,62.0,2.0,9.0,725.0,3.0
2013,Punjab,CP AMRITSAR,77.0,82.0,62.0,8.0,3.0,633.0,3.0
2013,Punjab,CP JALANDHAR,60.0,119.0,67.0,11.0,2.0,805.0,3.0
2013,Punjab,CP LUDHIANA,149.0,190.0,145.0,13.0,2.0,1044.0,5.0
2013,Punjab,FARIDKOT,44.0,49.0,21.0,1.0,2.0,175.0,2.0
2013,Punjab,FATEHGARH SAHIB,28.0,30.0,22.0,2.0,0.0,249.0,2.0
2013,Punjab,FAZILKA,45.0,48.0,32.0,3.0,0.0,246.0,2.0
2013,Punjab,FEROZPUR,80.0,25.0,33.0,2.0,5.0,387.0,2.0
2013,Punjab,G.R.P,14.0,7.0,2.0,3.0,0.0,87.0,1.0
2013,Punjab,GURDASPUR,37.0,64.0,42.0,3.0,1.0,216.0,2.0
2013,Punjab,HOSHIARPUR,94.0,90.0,39.0,25.0,7.0,468.0,3.0
2013,Punjab,KAPURTHALA,56.0,70.0,42.0,8.0,2.0,435.0,2.0
2013,Punjab,KHANNA,52.0,45.0,31.0,4.0,0.0,335.0,2.0
2013,Punjab,MANSA,40.0,34.0,13.0,0.0,1.0,164.0,2.0
2013,Punjab,MOGA,70.0,51.0,41.0,5.0,4.0,350.0,2.0
2013,Punjab,MUKTSAR,46.0,38.0,55.0,2.0,0.0,250.0,2.0
2013,Punjab,PATHANKOT,15.0,21.0,20.0,1.0,1.0,127.0,1.0
2013,Punjab,PATIALA,107.0,140.0,70.0,1.0,5.0,892.0,4.0
2013,Punjab,ROPAR,33.0,59.0,60.0,3.0,4.0,257.0,2.0
2013,Punjab,SANGRUR,94.0,104.0,60.0,3.0,4.0,473.0,3.0
2013,Punjab,SAS NGR,65.0,143.0,91.0,8.0,0.0,1105.0,3.0
2013,Punjab,SBS NAGAR,31.0,34.0,13.0,10.0,0.0,249.0,2.0
2013,Punjab,TARN TARAN,82.0,77.0,34.0,4.0,0.0,313.0,2.0
2013,Punjab,ZZ TOTAL,1738.0,1933.0,1274.0,159.0,65.0,11687.0,5.0
2013,Rajasthan,AJMER,108.0,266.0,207.0,26.0,16.0,2672.0,5.0
2013,Rajasthan,ALWAR,206.0,604.0,363.0,70.0,27.0,5657.0,5.0
2013,Rajasthan,BANSWARA,47.0,225.0,110.0,20.0,52.0,352.0,5.0
2013,Rajasthan,BARAN,81.0,274.0,102.0,4.0,12.0,616.0,4.0
2013,Rajasthan,BARMER,59.0,245.0,27.0,12.0,26.0,896.0,3.0
2013,Rajasthan,BHARATPUR,182.0,320.0,293.0,39.0,25.0,2989.0,5.0
2013,Rajasthan,BHILWARA,75.0,236.0,128.0,35.0,13.0,1516.0,5.0
2013,Rajasthan,BIKANER,117.0,163.0,81.0,11.0,16.0,1233.0,4.0
2013,Rajasthan,BUNDI,48.0,180.0,104.0,7.0,9.0,594.0,4.0
2013,Rajasthan,CHITTORGARH,91.0,235.0,165.0,17.0,38.0,1030.0,5.0
2013,Rajasthan,CHURU,77.0,88.0,88.0,4.0,17.0,915.0,4.0
2013,Rajasthan,DAUSA,70.0,204.0,128.0,11.0,75.0,1703.0,4.0
2013,Rajasthan,DHOLPUR,93.0,84.0,91.0,12.0,11.0,664.0,4.0
2013,Rajasthan,DISCOM,0.0,0.0,0.0,0.0,0.0,0.0,1.0
2013,Rajasthan,DUNGARPUR,42.0,185.0,109.0,9.0,23.0,240.0,4.0
2013,Rajasthan,G.R.P.AJMER,6.0,11.0,9.0,9.0,3.0,678.0,1.0
2013,Rajasthan,G.R.P.JODHPUR,4.0,3.0,1.0,1.0,0.0,111.0,1.0
2013,Rajasthan,GANGANAGAR,104.0,278.0,156.0,3.0,3.0,1575.0,5.0
2013,Rajasthan,HANUMANGARH,117.0,226.0,104.0,6.0,6.0,1128.0,4.0
2013,Rajasthan,JAIPUR EAST,75.0,156.0,125.0,119.0,81.0,4481.0,5.0
2013,Rajasthan,JAIPUR NORTH,40.0,105.0,121.0,75.0,15.0,1869.0,4.0
2013,Rajasthan,JAIPUR SOUTH,42.0,81.0,95.0,99.0,26.0,2923.0,4.0
2013,Rajasthan,JAIPUR WEST,52.0,133.0,181.0,99.0,10.0,3324.0,5.0
2013,Rajasthan,JAISALMER,9.0,105.0,19.0,7.0,10.0,350.0,1.0
2013,Rajasthan,JALORE,54.0,116.0,50.0,13.0,20.0,572.0,3.0
2013,Rajasthan,JHALAWAR,118.0,424.0,141.0,26.0,70.0,702.0,5.0
2013,Rajasthan,JHUNJHUNU,100.0,112.0,81.0,11.0,19.0,1226.0,4.0
2013,Rajasthan,JODHPUR EAST,76.0,71.0,65.0,20.0,10.0,1141.0,3.0
2013,Rajasthan,JODHPUR WEST,82.0,140.0,65.0,71.0,17.0,1260.0,4.0
2013,Rajasthan,KARAULI,67.0,127.0,119.0,17.0,14.0,1117.0,4.0
2013,Rajasthan,NAGAUR,114.0,207.0,116.0,6.0,7.0,1212.0,4.0
2013,Rajasthan,PALI,111.0,314.0,140.0,38.0,8.0,1241.0,5.0
2013,Rajasthan,PRATAPGARH,56.0,371.0,152.0,7.0,35.0,391.0,5.0
2013,Rajasthan,RAJSAMAND,31.0,112.0,75.0,26.0,35.0,576.0,3.0
2013,Rajasthan,SAWAI MADHOPUR,63.0,99.0,89.0,9.0,9.0,995.0,3.0
2013,Rajasthan,SIKAR,112.0,123.0,186.0,15.0,48.0,2195.0,5.0
2013,Rajasthan,SIROHI,66.0,156.0,63.0,6.0,10.0,426.0,3.0
2013,Rajasthan,TONK,32.0,108.0,81.0,2.0,41.0,758.0,3.0
2013,Rajasthan,UDAIPUR,170.0,503.0,298.0,86.0,91.0,2153.0,5.0
2013,Rajasthan,ZZ TOTAL,3321.0,8114.0,4986.0,1124.0,1026.0,58157.0,5.0
2013,Sikkim,EAST,14.0,38.0,9.0,5.0,8.0,162.0,1.0
2013,Sikkim,NORTH,0.0,1.0,0.0,0.0,1.0,7.0,1.0
2013,Sikkim,SOUTH,10.0,23.0,5.0,1.0,26.0,54.0,1.0
2013,Sikkim,WEST,3.0,10.0,2.0,0.0,16.0,15.0,1.0
2013,Sikkim,ZZ TOTAL,27.0,72.0,16.0,6.0,51.0,238.0,2.0
2013,Tamil Nadu,ARIYALUR,60.0,33.0,19.0,17.0,46.0,146.0,2.0
2013,Tamil Nadu,CHENNAI,404.0,138.0,60.0,86.0,119.0,2636.0,5.0
2013,Tamil Nadu,CHENNAI RLY.,6.0,5.0,0.0,19.0,16.0,275.0,1.0
2013,Tamil Nadu,CUDDALORE,176.0,44.0,60.0,44.0,238.0,718.0,5.0
2013,Tamil Nadu,DHARMAPURI,136.0,71.0,157.0,35.0,135.0,443.0,5.0
2013,Tamil Nadu,DINDIGUL,153.0,59.0,95.0,45.0,78.0,491.0,4.0
2013,Tamil Nadu,ERODE,82.0,39.0,32.0,58.0,32.0,528.0,3.0
2013,Tamil Nadu,KANCHIPURAM,180.0,39.0,9.0,32.0,181.0,912.0,4.0
2013,Tamil Nadu,KANYAKUMARI,158.0,17.0,35.0,106.0,27.0,565.0,4.0
2013,Tamil Nadu,KARUR,37.0,16.0,17.0,22.0,22.0,190.0,2.0
2013,Tamil Nadu,KRISHNAGIRI,127.0,56.0,70.0,58.0,188.0,380.0,4.0
2013,Tamil Nadu,NAGAPATTINAM,121.0,39.0,24.0,33.0,38.0,357.0,3.0
2013,Tamil Nadu,NAMAKKAL,79.0,80.0,44.0,51.0,67.0,336.0,3.0
2013,Tamil Nadu,NILGIRIS,24.0,33.0,10.0,7.0,20.0,117.0,1.0
2013,Tamil Nadu,PERAMBALUR,26.0,21.0,4.0,11.0,26.0,131.0,1.0
2013,Tamil Nadu,PUDUKOTTAI,81.0,39.0,54.0,24.0,73.0,234.0,3.0
2013,Tamil Nadu,RAMNATHAPURAM,141.0,33.0,25.0,67.0,91.0,320.0,3.0
2013,Tamil Nadu,SIVAGANGAI,147.0,51.0,34.0,90.0,65.0,420.0,4.0
2013,Tamil Nadu,THANJAVUR,180.0,99.0,61.0,145.0,182.0,679.0,5.0
2013,Tamil Nadu,THENI,117.0,66.0,38.0,39.0,77.0,496.0,3.0
2013,Tamil Nadu,THIRUVALLUR,70.0,32.0,23.0,21.0,184.0,478.0,3.0
2013,Tamil Nadu,THIRUVANNAMALAI,97.0,81.0,56.0,17.0,103.0,452.0,4.0
2013,Tamil Nadu,THIRUVARUR,100.0,20.0,23.0,36.0,42.0,292.0,3.0
2013,Tamil Nadu,THOOTHUGUDI,280.0,87.0,30.0,87.0,34.0,658.0,4.0
2013,Tamil Nadu,TIRUPPUR,118.0,60.0,53.0,146.0,72.0,824.0,4.0
2013,Tamil Nadu,TRICHY RLY.,0.0,3.0,0.0,25.0,0.0,99.0,1.0
2013,Tamil Nadu,VELLORE,160.0,84.0,97.0,37.0,78.0,1086.0,4.0
2013,Tamil Nadu,VILLUPURAM,213.0,194.0,166.0,31.0,330.0,783.0,5.0
2013,Tamil Nadu,VIRUDHUNAGAR,119.0,49.0,31.0,45.0,75.0,535.0,3.0
2013,Tamil Nadu,ZZ TOTAL,4976.0,2194.0,1779.0,2269.0,3346.0,21960.0,5.0
2013,Tripura,DHALAI,22.0,55.0,14.0,4.0,12.0,76.0,1.0
2013,Tripura,GOMATI,29.0,76.0,30.0,8.0,35.0,152.0,2.0
2013,Tripura,GRP,0.0,0.0,0.0,1.0,0.0,5.0,1.0
2013,Tripura,KHOWAI,12.0,66.0,3.0,5.0,19.0,67.0,1.0
2013,Tripura,NORTH,22.0,71.0,11.0,11.0,9.0,105.0,2.0
2013,Tripura,SIPAHIJALA,17.0,100.0,19.0,8.0,36.0,141.0,2.0
2013,Tripura,SOUTH,38.0,70.0,15.0,4.0,24.0,86.0,2.0
2013,Tripura,UNAKOTI,16.0,55.0,18.0,3.0,9.0,69.0,2.0
2013,Tripura,WEST,46.0,147.0,34.0,9.0,62.0,308.0,3.0
2013,Tripura,ZZ TOTAL,202.0,640.0,144.0,53.0,206.0,1009.0,5.0
2013,Uttar Pradesh,AGRA,362.0,317.0,424.0,215.0,440.0,3960.0,5.0
2013,Uttar Pradesh,ALIGARH,468.0,399.0,399.0,217.0,395.0,2907.0,5.0
2013,Uttar Pradesh,ALLAHABAD,262.0,317.0,306.0,63.0,122.0,2544.0,5.0
2013,Uttar Pradesh,AMBEDKAR NAGAR,66.0,31.0,60.0,11.0,39.0,184.0,3.0
2013,Uttar Pradesh,AMETHI,104.0,121.0,116.0,40.0,64.0,249.0,4.0
2013,Uttar Pradesh,AMROHA,154.0,80.0,113.0,41.0,34.0,486.0,4.0
2013,Uttar Pradesh,AURAIYA,69.0,54.0,78.0,15.0,12.0,266.0,3.0
2013,Uttar Pradesh,AZAMGARH,181.0,59.0,154.0,63.0,191.0,564.0,5.0
2013,Uttar Pradesh,BADAUN,279.0,156.0,139.0,55.0,5.0,421.0,5.0
2013,Uttar Pradesh,BAGHPAT,202.0,81.0,98.0,86.0,51.0,468.0,5.0
2013,Uttar Pradesh,BAHRAICH,126.0,79.0,151.0,19.0,73.0,569.0,5.0
2013,Uttar Pradesh,BALLIA,86.0,125.0,143.0,15.0,105.0,478.0,4.0
2013,Uttar Pradesh,BALRAMPUR,51.0,47.0,71.0,6.0,18.0,151.0,3.0
2013,Uttar Pradesh,BANDA,109.0,198.0,145.0,23.0,82.0,451.0,5.0
2013,Uttar Pradesh,BARABANKI,127.0,78.0,81.0,18.0,17.0,485.0,4.0
2013,Uttar Pradesh,BAREILLY,310.0,282.0,329.0,83.0,164.0,1484.0,5.0
2013,Uttar Pradesh,BASTI,42.0,77.0,82.0,18.0,26.0,238.0,3.0
2013,Uttar Pradesh,BIJNOR,181.0,249.0,168.0,61.0,73.0,810.0,5.0
2013,Uttar Pradesh,BULANDSHAHAR,403.0,294.0,335.0,129.0,142.0,1230.0,5.0
2013,Uttar Pradesh,CHANDOLI,65.0,88.0,53.0,15.0,36.0,238.0,3.0
2013,Uttar Pradesh,CHITRAKOOT DHAM,38.0,58.0,27.0,4.0,19.0,188.0,2.0
2013,Uttar Pradesh,DEORIA,98.0,131.0,180.0,31.0,90.0,438.0,5.0
2013,Uttar Pradesh,ETAH,210.0,156.0,120.0,47.0,113.0,515.0,5.0
2013,Uttar Pradesh,ETAWAH,143.0,53.0,88.0,41.0,16.0,538.0,4.0
2013,Uttar Pradesh,FAIZABAD,82.0,114.0,138.0,29.0,40.0,505.0,4.0
2013,Uttar Pradesh,FATEHGARH,141.0,55.0,105.0,14.0,25.0,370.0,4.0
2013,Uttar Pradesh,FATEHPUR,130.0,129.0,123.0,16.0,50.0,345.0,4.0
2013,Uttar Pradesh,FIROZABAD,261.0,151.0,233.0,97.0,177.0,1092.0,5.0
2013,Uttar Pradesh,G.R.P.,48.0,87.0,55.0,60.0,28.0,3084.0,3.0
2013,Uttar Pradesh,GAUTAMBUDH NAGAR,220.0,175.0,204.0,210.0,199.0,3913.0,5.0
2013,Uttar Pradesh,GHAZIABAD,302.0,317.0,346.0,133.0,73.0,3783.0,5.0
2013,Uttar Pradesh,GHAZIPUR,125.0,81.0,108.0,37.0,92.0,341.0,4.0
2013,Uttar Pradesh,GONDA,82.0,86.0,166.0,29.0,59.0,558.0,4.0
2013,Uttar Pradesh,GORAKHPUR,281.0,198.0,337.0,91.0,186.0,1528.0,5.0
2013,Uttar Pradesh,HAMIRPUR,81.0,167.0,80.0,24.0,56.0,168.0,4.0
2013,Uttar Pradesh,HAPUR,145.0,110.0,100.0,43.0,47.0,567.0,4.0
2013,Uttar Pradesh,HARDOI,148.0,159.0,145.0,19.0,35.0,412.0,4.0
2013,Uttar Pradesh,HATHRAS,139.0,110.0,104.0,46.0,80.0,566.0,4.0
2013,Uttar Pradesh,JALAUN,58.0,59.0,63.0,13.0,9.0,232.0,3.0
2013,Uttar Pradesh,JAUNPUR,123.0,128.0,132.0,52.0,78.0,494.0,5.0
2013,Uttar Pradesh,JHANSI,104.0,112.0,85.0,25.0,86.0,453.0,4.0
2013,Uttar Pradesh,KANNAUJ,75.0,56.0,86.0,6.0,21.0,241.0,3.0
2013,Uttar Pradesh,KANPUR DEHAT,79.0,74.0,78.0,14.0,34.0,228.0,3.0
2013,Uttar Pradesh,KANPUR NAGAR,240.0,151.0,261.0,72.0,109.0,1914.0,5.0
2013,Uttar Pradesh,KASGANJ,113.0,60.0,101.0,8.0,52.0,280.0,4.0
2013,Uttar Pradesh,KAUSHAMBI,69.0,135.0,69.0,12.0,21.0,244.0,3.0
2013,Uttar Pradesh,KHIRI,254.0,134.0,204.0,33.0,63.0,791.0,5.0
2013,Uttar Pradesh,KUSHI NAGAR,101.0,99.0,145.0,18.0,167.0,350.0,5.0
2013,Uttar Pradesh,LALITPUR,41.0,60.0,30.0,11.0,21.0,106.0,2.0
2013,Uttar Pradesh,LUCKNOW,271.0,436.0,381.0,80.0,169.0,4781.0,5.0
2013,Uttar Pradesh,MAHARAJGANJ,62.0,68.0,117.0,14.0,55.0,234.0,4.0
2013,Uttar Pradesh,MAHOBA,58.0,91.0,49.0,11.0,26.0,168.0,3.0
2013,Uttar Pradesh,MAINPURI,168.0,112.0,165.0,36.0,103.0,633.0,5.0
2013,Uttar Pradesh,MATHURA,253.0,158.0,174.0,76.0,166.0,1448.0,5.0
2013,Uttar Pradesh,MAU,82.0,79.0,102.0,18.0,97.0,448.0,4.0
2013,Uttar Pradesh,MEERUT,520.0,386.0,357.0,342.0,282.0,3495.0,5.0
2013,Uttar Pradesh,MIRZAPUR,34.0,10.0,9.0,4.0,0.0,174.0,1.0
2013,Uttar Pradesh,MORADABAD,176.0,225.0,187.0,66.0,68.0,1088.0,5.0
2013,Uttar Pradesh,MUZAFFARNAGAR,364.0,174.0,270.0,451.0,205.0,1045.0,5.0
2013,Uttar Pradesh,PILIBHIT,68.0,97.0,97.0,12.0,7.0,330.0,3.0
2013,Uttar Pradesh,PRATAPGARH,206.0,217.0,184.0,72.0,272.0,651.0,5.0
2013,Uttar Pradesh,RAIBAREILLY,118.0,109.0,106.0,20.0,59.0,386.0,4.0
2013,Uttar Pradesh,RAMPUR,134.0,72.0,100.0,33.0,42.0,508.0,4.0
2013,Uttar Pradesh,SAHARANPUR,199.0,124.0,153.0,123.0,105.0,968.0,5.0
2013,Uttar Pradesh,SAMBHAL,169.0,136.0,131.0,62.0,68.0,523.0,5.0
2013,Uttar Pradesh,SANT KABIRNAGAR,41.0,40.0,64.0,16.0,38.0,115.0,3.0
2013,Uttar Pradesh,SHAHJAHANPUR,205.0,140.0,136.0,26.0,29.0,472.0,5.0
2013,Uttar Pradesh,SHAMLI,146.0,100.0,91.0,50.0,108.0,350.0,4.0
2013,Uttar Pradesh,SHRAWASTI,44.0,74.0,55.0,10.0,19.0,178.0,3.0
2013,Uttar Pradesh,SIDHARTHNAGAR,26.0,43.0,60.0,14.0,24.0,149.0,2.0
2013,Uttar Pradesh,SITAPUR,155.0,306.0,267.0,47.0,69.0,662.0,5.0
2013,Uttar Pradesh,SONBHADRA,53.0,54.0,20.0,1.0,1.0,162.0,2.0
2013,Uttar Pradesh,ST.RAVIDASNAGAR,37.0,25.0,18.0,7.0,4.0,133.0,2.0
2013,Uttar Pradesh,SULTANPUR,116.0,116.0,115.0,41.0,87.0,506.0,4.0
2013,Uttar Pradesh,UNNAO,150.0,160.0,189.0,38.0,32.0,504.0,5.0
2013,Uttar Pradesh,VARANASI,141.0,264.0,228.0,89.0,110.0,1873.0,5.0
2013,Uttar Pradesh,ZZ TOTAL,11574.0,10353.0,11183.0,4187.0,6380.0,64411.0,5.0
2013,Uttarakhand,ALMORA,4.0,15.0,32.0,1.0,2.0,36.0,1.0
2013,Uttarakhand,BAGESHWAR,3.0,5.0,16.0,1.0,3.0,22.0,1.0
2013,Uttarakhand,CHAMOLI,8.0,15.0,35.0,2.0,3.0,17.0,1.0
2013,Uttarakhand,CHAMPAWAT,7.0,5.0,15.0,1.0,8.0,9.0,1.0
2013,Uttarakhand,DEHRADUN,76.0,103.0,279.0,31.0,95.0,721.0,5.0
2013,Uttarakhand,HARIDWAR,113.0,151.0,312.0,55.0,96.0,760.0,5.0
2013,Uttarakhand,NAINITAL,27.0,53.0,117.0,11.0,34.0,176.0,3.0
2013,Uttarakhand,PAURI GARHWAL,14.0,14.0,43.0,4.0,19.0,86.0,2.0
2013,Uttarakhand,PITHORAGARH,4.0,11.0,28.0,1.0,4.0,22.0,1.0
2013,Uttarakhand,RUDRA PRAYAG,9.0,6.0,19.0,0.0,4.0,28.0,1.0
2013,Uttarakhand,TEHRI GARHWAL,9.0,7.0,23.0,0.0,3.0,18.0,1.0
2013,Uttarakhand,UDHAMSINGH NAGAR,139.0,130.0,94.0,48.0,77.0,628.0,4.0
2013,Uttarakhand,UTTARKASHI,7.0,8.0,19.0,0.0,3.0,19.0,1.0
2013,Uttarakhand,ZZ TOTAL,420.0,523.0,1032.0,155.0,351.0,2542.0,5.0
2013,West Bengal,24 PARGANAS NORTH,468.0,422.0,428.0,66.0,540.0,1695.0,5.0
2013,West Bengal,24 PARGANAS SOUTH,258.0,401.0,397.0,59.0,1935.0,1837.0,5.0
2013,West Bengal,ASANSOL,112.0,104.0,125.0,51.0,265.0,991.0,5.0
2013,West Bengal,BANKURA,121.0,100.0,44.0,32.0,240.0,284.0,4.0
2013,West Bengal,BDN CP,29.0,94.0,60.0,15.0,15.0,1046.0,3.0
2013,West Bengal,BIRBHUM,188.0,140.0,58.0,21.0,245.0,417.0,5.0
2013,West Bengal,BKP CP,174.0,238.0,169.0,41.0,90.0,1845.0,5.0
2013,West Bengal,BURDWAN,394.0,164.0,122.0,41.0,313.0,856.0,5.0
2013,West Bengal,COOCHBEHAR,181.0,350.0,165.0,16.0,152.0,450.0,5.0
2013,West Bengal,DAKSHIN DINAJPUR,199.0,104.0,116.0,7.0,26.0,552.0,4.0
2013,West Bengal,DARJEELING,70.0,84.0,44.0,9.0,47.0,393.0,3.0
2013,West Bengal,HOOGHLY,168.0,197.0,183.0,24.0,437.0,1253.0,5.0
2013,West Bengal,HOWRAH,149.0,154.0,106.0,29.0,200.0,532.0,5.0
2013,West Bengal,HOWRAH G.R.P.,15.0,10.0,7.0,2.0,3.0,299.0,1.0
2013,West Bengal,JALPAIGURI,312.0,426.0,287.0,38.0,38.0,1420.0,5.0
2013,West Bengal,JHARGRAM,52.0,52.0,23.0,11.0,45.0,122.0,2.0
2013,West Bengal,KHARAGPUR G.R.P.,5.0,12.0,1.0,3.0,2.0,143.0,1.0
2013,West Bengal,KOLKATA,229.0,782.0,210.0,46.0,362.0,7381.0,5.0
2013,West Bengal,MALDA,530.0,317.0,197.0,27.0,75.0,616.0,5.0
2013,West Bengal,MURSHIDABAD,824.0,622.0,396.0,28.0,363.0,1119.0,5.0
2013,West Bengal,NADIA,737.0,300.0,389.0,50.0,185.0,1766.0,5.0
2013,West Bengal,PASCHIM MIDNAPUR,288.0,373.0,170.0,46.0,339.0,843.0,5.0
2013,West Bengal,PURAB MIDNAPUR,161.0,179.0,221.0,30.0,374.0,748.0,5.0
2013,West Bengal,PURULIA,88.0,132.0,54.0,27.0,98.0,292.0,4.0
2013,West Bengal,SEALDAH G.R.P.,29.0,47.0,14.0,4.0,7.0,375.0,2.0
2013,West Bengal,SILIGURI G.R.P.,5.0,11.0,3.0,1.0,0.0,174.0,1.0
2013,West Bengal,SILIGURI_PC,67.0,241.0,122.0,28.0,7.0,1480.0,4.0
2013,West Bengal,UTTAR DINAJPUR,286.0,305.0,261.0,59.0,159.0,640.0,5.0
2013,West Bengal,ZZ TOTAL,6202.0,6598.0,4573.0,853.0,6637.0,31103.0,5.0
2013,A&N Islands,CAR,0.0,3.0,0.0,0.0,0.0,4.0,1.0
2013,A&N Islands,NORTH,2.0,15.0,6.0,0.0,1.0,15.0,1.0
2013,A&N Islands,SOUTH,9.0,54.0,8.0,2.0,1.0,90.0,1.0
2013,A&N Islands,ZZ TOTAL,11.0,72.0,14.0,2.0,2.0,109.0,1.0
2013,Chandigarh,CHANDIGARH,75.0,188.0,261.0,73.0,62.0,2086.0,5.0
2013,Chandigarh,ZZ TOTAL,75.0,188.0,261.0,73.0,62.0,2086.0,5.0
2013,D&N Haveli,D&N HAVELI,6.0,6.0,13.0,1.0,25.0,90.0,1.0
2013,D&N Haveli,ZZ TOTAL,6.0,6.0,13.0,1.0,25.0,90.0,1.0
2013,Daman & Diu,DAMAN,11.0,9.0,11.0,7.0,19.0,73.0,1.0
2013,Daman & Diu,DIU,3.0,1.0,2.0,0.0,0.0,6.0,1.0
2013,Daman & Diu,ZZ TOTAL,14.0,10.0,13.0,7.0,19.0,79.0,1.0
2013,Delhi UT,CAW,0.0,1.0,0.0,0.0,0.0,0.0,1.0
2013,Delhi UT,CENTRAL,60.0,245.0,220.0,56.0,9.0,2417.0,5.0
2013,Delhi UT,CRIME BRANCH,8.0,4.0,1.0,0.0,0.0,50.0,1.0
2013,Delhi UT,EAST,121.0,574.0,737.0,139.0,18.0,4762.0,5.0
2013,Delhi UT,EOW,0.0,0.0,0.0,0.0,0.0,79.0,1.0
2013,Delhi UT,GRP(RLY),15.0,15.0,19.0,20.0,2.0,568.0,1.0
2013,Delhi UT,IGI AIRPORT,0.0,9.0,1.0,2.0,0.0,96.0,1.0
2013,Delhi UT,METRO RAIL,2.0,16.0,8.0,2.0,2.0,894.0,1.0
2013,Delhi UT,NEW DELHI,15.0,85.0,74.0,14.0,20.0,581.0,2.0
2013,Delhi UT,NORTH,56.0,217.0,266.0,89.0,23.0,1912.0,5.0
2013,Delhi UT,NORTH-EAST,165.0,516.0,923.0,228.0,25.0,4066.0,5.0
2013,Delhi UT,NORTH-WEST,106.0,444.0,597.0,204.0,9.0,3125.0,5.0
2013,Delhi UT,OUTER,180.0,510.0,923.0,140.0,16.0,4240.0,5.0
2013,Delhi UT,SOUTH,66.0,702.0,539.0,68.0,14.0,4271.0,5.0
2013,Delhi UT,SOUTH-EAST,135.0,616.0,719.0,134.0,21.0,3727.0,5.0
2013,Delhi UT,SOUTH-WEST,118.0,613.0,556.0,117.0,16.0,1663.0,5.0
2013,Delhi UT,STF,5.0,0.0,0.0,0.0,0.0,1.0,1.0
2013,Delhi UT,WEST,115.0,584.0,711.0,65.0,35.0,3793.0,5.0
2013,Delhi UT,ZZ TOTAL,1167.0,5151.0,6294.0,1278.0,210.0,36245.0,5.0
2013,Lakshadweep,LAKSHADWEEP,0.0,3.0,0.0,0.0,3.0,11.0,1.0
2013,Lakshadweep,ZZ TOTAL,0.0,3.0,0.0,0.0,3.0,11.0,1.0
2013,Puducherry,KARAIKAL,9.0,7.0,3.0,3.0,13.0,82.0,1.0
2013,Puducherry,PUDUCHERRY,35.0,22.0,38.0,8.0,88.0,672.0,2.0
2013,Puducherry,ZZ TOTAL,44.0,29.0,41.0,11.0,101.0,754.0,3.0
2014,Andhra Pradesh,Anantapur,142.0,637.0,0.0,36.0,226.0,1072.0,4.0
2014,Andhra Pradesh,Chittoor,86.0,167.0,4.0,34.0,157.0,747.0,3.0
2014,Andhra Pradesh,Cuddapah,81.0,455.0,0.0,19.0,104.0,892.0,4.0
2014,Andhra Pradesh,East Godavari,66.0,829.0,0.0,27.0,77.0,1235.0,3.0
2014,Andhra Pradesh,Guntur,109.0,322.0,12.0,29.0,130.0,1066.0,4.0
2014,Andhra Pradesh,Krishna,52.0,621.0,20.0,15.0,32.0,798.0,3.0
2014,Andhra Pradesh,Kurnool,123.0,558.0,4.0,31.0,141.0,1226.0,4.0
2014,Andhra Pradesh,Nellore,82.0,472.0,71.0,52.0,129.0,1554.0,4.0
2014,Andhra Pradesh,Prakasham,82.0,291.0,17.0,28.0,183.0,977.0,4.0
2014,Andhra Pradesh,Rajahmundry,19.0,210.0,5.0,17.0,29.0,525.0,2.0
2014,Andhra Pradesh,Srikakulam,34.0,302.0,26.0,8.0,35.0,402.0,2.0
2014,Andhra Pradesh,Visakhapatnam,38.0,308.0,130.0,50.0,17.0,1849.0,4.0
2014,Andhra Pradesh,Vizianagaram,44.0,272.0,0.0,6.0,26.0,552.0,2.0
2014,Andhra Pradesh,West Godavari,94.0,721.0,29.0,36.0,65.0,1572.0,4.0
2014,Arunachal Pradesh,Anjaw,0.0,2.0,0.0,0.0,1.0,4.0,1.0
2014,Arunachal Pradesh,Changlang,9.0,6.0,0.0,6.0,2.0,51.0,1.0
2014,Arunachal Pradesh,Crime Branch,0.0,0.0,0.0,0.0,0.0,4.0,1.0
2014,Arunachal Pradesh,Dibang Valley,0.0,1.0,0.0,0.0,0.0,0.0,1.0
2014,Arunachal Pradesh,Kameng East,4.0,13.0,0.0,6.0,2.0,21.0,1.0
2014,Arunachal Pradesh,Kameng West,7.0,18.0,0.0,4.0,13.0,27.0,1.0
2014,Arunachal Pradesh,Kukung Kumey,4.0,4.0,0.0,0.0,2.0,6.0,1.0
2014,Arunachal Pradesh,Lohit,10.0,20.0,0.0,9.0,5.0,47.0,1.0
2014,Arunachal Pradesh,Longding,5.0,7.0,5.0,2.0,1.0,5.0,1.0
2014,Arunachal Pradesh,Lower Dibang Valley,2.0,3.0,4.0,2.0,0.0,23.0,1.0
2014,Arunachal Pradesh,Siang East,6.0,40.0,1.0,3.0,14.0,56.0,1.0
2014,Arunachal Pradesh,Siang Upper,1.0,2.0,0.0,1.0,1.0,10.0,1.0
2014,Arunachal Pradesh,Siang West,10.0,17.0,0.0,4.0,6.0,49.0,1.0
2014,Arunachal Pradesh,Subansiri Lower,5.0,7.0,0.0,11.0,9.0,24.0,1.0
2014,Arunachal Pradesh,Subansiri Upper,3.0,21.0,0.0,6.0,11.0,41.0,1.0
2014,Arunachal Pradesh,Tawang,1.0,1.0,0.0,0.0,0.0,14.0,1.0
2014,Arunachal Pradesh,Tirap,2.0,7.0,3.0,3.0,0.0,18.0,1.0
2014,Assam,Barpeta,46.0,897.0,0.0,14.0,477.0,880.0,5.0
2014,Assam,Baska,31.0,53.0,0.0,21.0,29.0,152.0,2.0
2014,Assam,Bongaigaon,17.0,39.0,0.0,15.0,26.0,253.0,2.0
2014,Assam,Cachar,58.0,131.0,0.0,33.0,257.0,929.0,4.0
2014,Assam,Chirang,38.0,62.0,0.0,9.0,36.0,141.0,2.0
2014,Assam,Darrang,33.0,597.0,0.0,23.0,120.0,609.0,4.0
2014,Assam,Dhemaji,20.0,99.0,0.0,18.0,5.0,172.0,2.0
2014,Assam,Dhubri,59.0,386.0,0.0,44.0,878.0,894.0,5.0
2014,Assam,Dibrugarh,79.0,172.0,0.0,49.0,37.0,949.0,3.0
2014,Assam,G. R. P.,9.0,1.0,0.0,5.0,5.0,189.0,1.0
2014,Assam,Goalpara,44.0,229.0,0.0,44.0,80.0,420.0,4.0
2014,Assam,Golaghat,88.0,148.0,0.0,52.0,95.0,424.0,3.0
2014,Assam,Hailakandi,24.0,100.0,0.0,6.0,296.0,250.0,4.0
2014,Assam,Jorhat,32.0,193.0,0.0,84.0,29.0,762.0,2.0
2014,Assam,Kamrup,66.0,92.0,0.0,77.0,13.0,883.0,3.0
2014,Assam,Karbi Anglong,49.0,49.0,0.0,13.0,12.0,222.0,2.0
2014,Assam,Karimganj,33.0,85.0,0.0,22.0,323.0,308.0,3.0
2014,Assam,Kokrajhar,60.0,92.0,0.0,12.0,45.0,271.0,2.0
2014,Assam,Lakhimpur,40.0,122.0,0.0,8.0,43.0,390.0,2.0
2014,Assam,Morigaon,28.0,409.0,0.0,20.0,235.0,376.0,3.0
2014,Assam,N. C. Hills,91.0,6.0,0.0,5.0,6.0,50.0,2.0
2014,Assam,Nagaon,114.0,711.0,0.0,182.0,597.0,1136.0,5.0
2014,Assam,Nalbari,27.0,41.0,0.0,132.0,31.0,286.0,3.0
2014,Assam,Sibsagar,83.0,197.0,0.0,45.0,79.0,838.0,3.0
2014,Assam,Sonitpur,118.0,132.0,0.0,31.0,121.0,750.0,4.0
2014,Assam,Tinsukia,90.0,132.0,0.0,51.0,80.0,864.0,3.0
2014,Assam,Udalguri,46.0,69.0,0.0,23.0,39.0,180.0,2.0
2014,Bihar,Araria,58.0,36.0,0.0,44.0,323.0,442.0,4.0
2014,Bihar,Arwal,27.0,11.0,0.0,13.0,88.0,129.0,2.0
2014,Bihar,Aurangabad,77.0,67.0,3.0,60.0,270.0,529.0,4.0
2014,Bihar,Bagaha,29.0,78.0,20.0,10.0,125.0,229.0,2.0
2014,Bihar,Banka,59.0,25.0,2.0,30.0,212.0,184.0,4.0
2014,Bihar,Begusarai,126.0,72.0,48.0,86.0,494.0,736.0,5.0
2014,Bihar,Bettiah,75.0,33.0,0.0,18.0,527.0,701.0,5.0
2014,Bihar,Bhabhua,56.0,12.0,26.0,29.0,110.0,416.0,3.0
2014,Bihar,Bhagalpur,107.0,101.0,35.0,55.0,358.0,809.0,5.0
2014,Bihar,Bhojpur,123.0,41.0,13.0,35.0,256.0,972.0,5.0
2014,Bihar,Buxar,62.0,42.0,14.0,38.0,368.0,486.0,4.0
2014,Bihar,Darbhanga,77.0,66.0,0.0,48.0,649.0,761.0,5.0
2014,Bihar,Gaya,154.0,48.0,0.0,127.0,548.0,1474.0,5.0
2014,Bihar,Gopalganj,89.0,14.0,0.0,46.0,416.0,452.0,5.0
2014,Bihar,Jamui,64.0,33.0,4.0,41.0,136.0,174.0,3.0
2014,Bihar,Jehanabad,41.0,10.0,23.0,38.0,213.0,255.0,3.0
2014,Bihar,Katihar,70.0,65.0,0.0,49.0,242.0,529.0,4.0
2014,Bihar,Khagaria,56.0,18.0,13.0,29.0,191.0,240.0,3.0
2014,Bihar,Kishanganj,47.0,87.0,14.0,19.0,184.0,340.0,4.0
2014,Bihar,Lakhisarai,52.0,116.0,10.0,26.0,214.0,267.0,3.0
2014,Bihar,Madhepura,45.0,26.0,8.0,40.0,256.0,235.0,3.0
2014,Bihar,Madhubani,77.0,59.0,21.0,56.0,410.0,457.0,5.0
2014,Bihar,Motihari,146.0,31.0,0.0,47.0,969.0,894.0,5.0
2014,Bihar,Munger,48.0,19.0,9.0,32.0,211.0,278.0,3.0
2014,Bihar,Muzaffarpur,229.0,293.0,0.0,162.0,683.0,2797.0,5.0
2014,Bihar,Nalanda,138.0,37.0,51.0,67.0,343.0,630.0,5.0
2014,Bihar,Naugachia,37.0,16.0,0.0,20.0,87.0,110.0,2.0
2014,Bihar,Nawadah,84.0,42.0,14.0,68.0,344.0,393.0,5.0
2014,Bihar,Patna,322.0,86.0,0.0,222.0,638.0,5275.0,5.0
2014,Bihar,Purnea,78.0,96.0,0.0,46.0,615.0,692.0,5.0
2014,Bihar,Rohtas,121.0,22.0,12.0,42.0,305.0,886.0,5.0
2014,Bihar,Saharsa,41.0,14.0,0.0,28.0,554.0,441.0,5.0
2014,Bihar,Samastipur,137.0,38.0,79.0,79.0,395.0,736.0,5.0
2014,Bihar,Saran,144.0,37.0,0.0,69.0,478.0,841.0,5.0
2014,Bihar,Sheikhpura,26.0,24.0,6.0,15.0,148.0,210.0,2.0
2014,Bihar,Sheohar,13.0,34.0,0.0,14.0,63.0,117.0,2.0
2014,Bihar,Sitamarhi,95.0,11.0,19.0,83.0,382.0,622.0,5.0
2014,Bihar,Siwan,103.0,24.0,0.0,69.0,428.0,670.0,5.0
2014,Bihar,Supaul,75.0,32.0,68.0,29.0,584.0,379.0,5.0
2014,Bihar,Vaishali,135.0,28.0,0.0,75.0,608.0,1280.0,5.0
2014,Bihar,Economic Offences Unit,0.0,0.0,0.0,0.0,0.0,11.0,1.0
2014,Bihar,Anti Terrorist Squad,0.0,0.0,0.0,0.0,0.0,0.0,1.0
2014,Chhattisgarh,Balod,17.0,121.0,0.0,4.0,37.0,139.0,2.0
2014,Chhattisgarh,Balodbazar,34.0,219.0,119.0,20.0,76.0,253.0,4.0
2014,Chhattisgarh,Balrampur,55.0,173.0,0.0,6.0,43.0,71.0,3.0
2014,Chhattisgarh,Bemetra,21.0,97.0,0.0,7.0,29.0,138.0,2.0
2014,Chhattisgarh,Bilaspur,76.0,372.0,188.0,49.0,118.0,554.0,5.0
2014,Chhattisgarh,Bizapur,38.0,10.0,9.0,3.0,4.0,13.0,1.0
2014,Chhattisgarh,Dantewara,22.0,24.0,8.0,3.0,16.0,32.0,1.0
2014,Chhattisgarh,Dhamtari,22.0,92.0,17.0,4.0,10.0,111.0,2.0
2014,Chhattisgarh,Durg,50.0,338.0,126.0,60.0,85.0,945.0,4.0
2014,Chhattisgarh,Gariyaband,15.0,89.0,12.0,6.0,14.0,54.0,2.0
2014,Chhattisgarh,G. R. P. Raipur,2.0,15.0,5.0,9.0,2.0,293.0,1.0
2014,Chhattisgarh,Jagdalpur,45.0,116.0,0.0,14.0,23.0,114.0,2.0
2014,Chhattisgarh,Janjgir,51.0,261.0,112.0,22.0,119.0,297.0,4.0
2014,Chhattisgarh,Jashpur,56.0,182.0,35.0,19.0,14.0,99.0,3.0
2014,Chhattisgarh,Kabirdham,25.0,125.0,77.0,4.0,19.0,122.0,2.0
2014,Chhattisgarh,Kanker,47.0,77.0,47.0,6.0,31.0,121.0,2.0
2014,Chhattisgarh,Kondagaon,34.0,39.0,0.0,4.0,24.0,38.0,2.0
2014,Chhattisgarh,Korba,40.0,161.0,0.0,26.0,44.0,289.0,3.0
2014,Chhattisgarh,Koriya,41.0,206.0,73.0,7.0,33.0,114.0,3.0
2014,Chhattisgarh,Mahasamund,23.0,144.0,72.0,10.0,41.0,270.0,3.0
2014,Chhattisgarh,Mungali,21.0,48.0,36.0,5.0,38.0,95.0,2.0
2014,Chhattisgarh,Narayanpur,5.0,13.0,5.0,4.0,2.0,11.0,1.0
2014,Chhattisgarh,Raigarh,79.0,401.0,0.0,26.0,96.0,382.0,4.0
2014,Chhattisgarh,Raipur,51.0,431.0,226.0,80.0,113.0,1870.0,5.0
2014,Chhattisgarh,Rajnandgaon,34.0,195.0,50.0,22.0,46.0,344.0,3.0
2014,Chhattisgarh,Sarguja,63.0,188.0,30.0,16.0,43.0,155.0,3.0
2014,Chhattisgarh,Sukma,20.0,15.0,5.0,12.0,13.0,11.0,1.0
2014,Chhattisgarh,Surajpur,40.0,136.0,22.0,15.0,38.0,284.0,2.0
2014,Goa,North Goa,23.0,261.0,84.0,21.0,148.0,950.0,3.0
2014,Goa,South Goa,17.0,113.0,50.0,24.0,58.0,481.0,2.0
2014,Goa,C. I. D.,0.0,9.0,0.0,0.0,0.0,80.0,1.0
2014,Gujarat,Amreli,28.0,28.0,6.0,17.0,31.0,127.0,1.0
2014,Gujarat,Anand,37.0,35.0,1.0,38.0,51.0,434.0,2.0
2014,Gujarat,Arvalli,31.0,43.0,8.0,9.0,10.0,100.0,1.0
2014,Gujarat,Banaskantha,52.0,151.0,0.0,97.0,101.0,496.0,3.0
2014,Gujarat,Bharuch,47.0,115.0,12.0,39.0,62.0,496.0,3.0
2014,Gujarat,Bhavnagar,45.0,66.0,0.0,52.0,73.0,411.0,2.0
2014,Gujarat,Botad,15.0,22.0,24.0,6.0,13.0,64.0,1.0
2014,Gujarat,Chhotaudepur,22.0,26.0,1.0,10.0,18.0,123.0,1.0
2014,Gujarat,C. I. D. Crime,2.0,0.0,0.0,0.0,0.0,6.0,1.0
2014,Gujarat,Dahod,49.0,55.0,76.0,58.0,57.0,235.0,3.0
2014,Gujarat,Dang,10.0,10.0,1.0,0.0,4.0,19.0,1.0
2014,Gujarat,Devbhumi Dwarka,9.0,17.0,1.0,7.0,27.0,64.0,1.0
2014,Gujarat,Gandhinagar,21.0,46.0,4.0,63.0,60.0,469.0,2.0
2014,Gujarat,Gir Somnath,17.0,51.0,22.0,25.0,43.0,111.0,2.0
2014,Gujarat,Jamnagar,24.0,60.0,0.0,33.0,54.0,336.0,2.0
2014,Gujarat,Junagadh,13.0,64.0,33.0,30.0,60.0,191.0,2.0
2014,Gujarat,Kachchh East(G),36.0,75.0,0.0,26.0,52.0,395.0,2.0
2014,Gujarat,Kachchh West(B),16.0,71.0,11.0,17.0,67.0,335.0,2.0
2014,Gujarat,Kheda,22.0,45.0,68.0,14.0,43.0,228.0,2.0
2014,Gujarat,Mahisagar,20.0,33.0,8.0,7.0,19.0,46.0,1.0
2014,Gujarat,Mehsana,26.0,52.0,47.0,82.0,102.0,639.0,3.0
2014,Gujarat,Morbi,36.0,26.0,8.0,12.0,28.0,219.0,2.0
2014,Gujarat,Narmada,13.0,50.0,0.0,0.0,12.0,46.0,1.0
2014,Gujarat,Navsari,19.0,45.0,7.0,16.0,25.0,294.0,1.0
2014,Gujarat,Panchmahal,34.0,74.0,66.0,14.0,35.0,180.0,2.0
2014,Gujarat,Patan,17.0,76.0,36.0,39.0,35.0,314.0,2.0
2014,Gujarat,Porbandar,8.0,29.0,17.0,12.0,27.0,82.0,1.0
2014,Gujarat,Sabarkantha,23.0,76.0,26.0,24.0,30.0,249.0,2.0
2014,Gujarat,Surendranagar,34.0,65.0,10.0,23.0,75.0,270.0,2.0
2014,Gujarat,Tapi,13.0,24.0,0.0,5.0,17.0,130.0,1.0
2014,Gujarat,Valsad,43.0,67.0,55.0,47.0,54.0,690.0,3.0
2014,Gujarat,W.Rly  Ahmedabad,9.0,8.0,0.0,11.0,1.0,366.0,1.0
2014,Gujarat,W.Rly Vadodara,5.0,2.0,3.0,8.0,0.0,564.0,1.0
2014,Haryana,Bhiwani,64.0,185.0,0.0,61.0,245.0,926.0,4.0
2014,Haryana,Faridabad,67.0,248.0,3.0,47.0,214.0,2333.0,5.0
2014,Haryana,Fatehabad,20.0,113.0,0.0,20.0,101.0,376.0,2.0
2014,Haryana,G. R. P.,26.0,27.0,0.0,32.0,4.0,386.0,1.0
2014,Haryana,Gurgaon,101.0,362.0,72.0,147.0,180.0,5396.0,5.0
2014,Haryana,Hissar,69.0,217.0,1.0,51.0,184.0,1365.0,4.0
2014,Haryana,Jhajjar,69.0,121.0,0.0,31.0,37.0,498.0,3.0
2014,Haryana,Jind,53.0,119.0,0.0,43.0,169.0,617.0,3.0
2014,Haryana,Kaithal,52.0,123.0,1.0,13.0,4.0,411.0,2.0
2014,Haryana,Karnal,56.0,230.0,0.0,30.0,31.0,1160.0,3.0
2014,Haryana,Kurukshetra,33.0,116.0,0.0,25.0,2.0,757.0,2.0
2014,Haryana,Mahendergarh,43.0,130.0,0.0,34.0,102.0,507.0,3.0
2014,Haryana,Mewat,35.0,202.0,4.0,40.0,229.0,503.0,4.0
2014,Haryana,Palwal,55.0,199.0,0.0,62.0,249.0,934.0,4.0
2014,Haryana,Panchkula,16.0,85.0,0.0,80.0,6.0,428.0,2.0
2014,Haryana,Panipat,54.0,220.0,2.0,60.0,121.0,1321.0,4.0
2014,Haryana,Rewari,32.0,161.0,0.0,63.0,74.0,786.0,3.0
2014,Haryana,Rohtak,83.0,224.0,2.0,52.0,119.0,1053.0,4.0
2014,Haryana,Sirsa,39.0,204.0,63.0,33.0,29.0,621.0,3.0
2014,Haryana,Sonipat,114.0,194.0,0.0,63.0,26.0,1082.0,3.0
2014,Haryana,Yamunanagar,47.0,167.0,1.0,37.0,10.0,851.0,2.0
2014,Haryana,Irrigation & Power,0.0,0.0,0.0,0.0,0.0,0.0,1.0
2014,Himachal Pradesh,Baddi,13.0,29.0,5.0,3.0,44.0,80.0,1.0
2014,Himachal Pradesh,Bilaspur,4.0,105.0,3.0,0.0,46.0,61.0,1.0
2014,Himachal Pradesh,Chamba,9.0,62.0,0.0,1.0,48.0,48.0,2.0
2014,Himachal Pradesh,C. I. D.,0.0,1.0,0.0,0.0,0.0,2.0,1.0
2014,Himachal Pradesh,G. R. P.,1.0,0.0,0.0,0.0,0.0,1.0,1.0
2014,Himachal Pradesh,Hamirpur,12.0,45.0,18.0,0.0,28.0,69.0,1.0
2014,Himachal Pradesh,Kangra,28.0,149.0,0.0,3.0,88.0,186.0,2.0
2014,Himachal Pradesh,Kinnaur,2.0,15.0,4.0,1.0,7.0,17.0,1.0
2014,Himachal Pradesh,Kullu,9.0,58.0,0.0,0.0,31.0,80.0,1.0
2014,Himachal Pradesh,Lahaul & Spiti,2.0,0.0,1.0,0.0,0.0,1.0,1.0
2014,Himachal Pradesh,Mandi,15.0,182.0,13.0,1.0,80.0,125.0,2.0
2014,Himachal Pradesh,Shimla,21.0,147.0,13.0,6.0,88.0,181.0,2.0
2014,Himachal Pradesh,Sirmaur,7.0,120.0,0.0,2.0,45.0,91.0,2.0
2014,Himachal Pradesh,Solan,5.0,58.0,10.0,1.0,41.0,114.0,1.0
2014,Himachal Pradesh,Una,11.0,74.0,2.0,2.0,50.0,116.0,2.0
2014,Jammu & Kashmir,Anantnag,9.0,142.0,35.0,0.0,194.0,115.0,3.0
2014,Jammu & Kashmir,Awantipora,9.0,44.0,0.0,3.0,15.0,37.0,1.0
2014,Jammu & Kashmir,Bandipora,2.0,57.0,0.0,1.0,70.0,43.0,1.0
2014,Jammu & Kashmir,Baramulla,6.0,93.0,33.0,11.0,160.0,100.0,2.0
2014,Jammu & Kashmir,Budgam,14.0,39.0,0.0,2.0,149.0,91.0,2.0
2014,Jammu & Kashmir,Crime Jammu,0.0,0.0,0.0,0.0,0.0,14.0,1.0
2014,Jammu & Kashmir,Crime Srinagar,1.0,1.0,0.0,0.0,0.0,41.0,1.0
2014,Jammu & Kashmir,Doda,3.0,83.0,16.0,0.0,8.0,64.0,1.0
2014,Jammu & Kashmir,Ganderbal,2.0,108.0,0.0,1.0,59.0,33.0,2.0
2014,Jammu & Kashmir,Handwara,3.0,83.0,0.0,2.0,57.0,47.0,1.0
2014,Jammu & Kashmir,Jammu,21.0,149.0,0.0,7.0,85.0,577.0,3.0
2014,Jammu & Kashmir,Kargil,1.0,2.0,0.0,0.0,11.0,3.0,1.0
2014,Jammu & Kashmir,Kathua,14.0,61.0,33.0,0.0,50.0,95.0,2.0
2014,Jammu & Kashmir,Kishtwar,0.0,29.0,18.0,0.0,6.0,28.0,1.0
2014,Jammu & Kashmir,Kulgam,4.0,178.0,39.0,12.0,85.0,64.0,2.0
2014,Jammu & Kashmir,Kupwara,7.0,130.0,0.0,0.0,163.0,45.0,2.0
2014,Jammu & Kashmir,Leh,1.0,9.0,0.0,0.0,4.0,18.0,1.0
2014,Jammu & Kashmir,Poonch,9.0,97.0,10.0,0.0,97.0,43.0,2.0
2014,Jammu & Kashmir,Pulwama,5.0,27.0,20.0,5.0,65.0,28.0,2.0
2014,Jammu & Kashmir,Rajouri,21.0,169.0,0.0,4.0,40.0,94.0,2.0
2014,Jammu & Kashmir,Ramban,3.0,33.0,8.0,0.0,4.0,50.0,1.0
2014,Jammu & Kashmir,Reasi,1.0,35.0,14.0,0.0,30.0,45.0,1.0
2014,Jammu & Kashmir,Samba,4.0,17.0,6.0,1.0,38.0,46.0,1.0
2014,Jammu & Kashmir,Shopian,5.0,31.0,9.0,6.0,77.0,53.0,1.0
2014,Jammu & Kashmir,Sopore,10.0,91.0,0.0,3.0,51.0,65.0,1.0
2014,Jammu & Kashmir,Srinagar,9.0,231.0,37.0,37.0,157.0,466.0,3.0
2014,Jammu & Kashmir,Udhampur,9.0,53.0,9.0,0.0,8.0,64.0,1.0
2014,Jharkhand,Bokaro,43.0,63.0,0.0,47.0,152.0,959.0,3.0
2014,Jharkhand,Chaibasa,122.0,87.0,0.0,27.0,21.0,207.0,3.0
2014,Jharkhand,Chatra,60.0,37.0,0.0,14.0,91.0,178.0,3.0
2014,Jharkhand,Deoghar,49.0,52.0,0.0,27.0,95.0,487.0,3.0
2014,Jharkhand,Dhanbad,88.0,108.0,0.0,82.0,229.0,1314.0,4.0
2014,Jharkhand,Dumka,60.0,50.0,9.0,15.0,74.0,280.0,3.0
2014,Jharkhand,Garhwa,71.0,88.0,0.0,33.0,149.0,312.0,4.0
2014,Jharkhand,Giridih,73.0,136.0,0.0,55.0,205.0,452.0,5.0
2014,Jharkhand,Godda,50.0,34.0,0.0,9.0,74.0,210.0,2.0
2014,Jharkhand,Gumla,190.0,82.0,2.0,40.0,20.0,178.0,4.0
2014,Jharkhand,Hazaribagh,61.0,102.0,12.0,50.0,109.0,596.0,4.0
2014,Jharkhand,Jamshedpur,103.0,113.0,8.0,54.0,106.0,1440.0,4.0
2014,Jharkhand,Jamtara,18.0,57.0,7.0,8.0,122.0,206.0,3.0
2014,Jharkhand,Khunti,85.0,10.0,2.0,20.0,43.0,44.0,2.0
2014,Jharkhand,Koderma,25.0,15.0,6.0,22.0,78.0,185.0,2.0
2014,Jharkhand,Latehar,41.0,25.0,37.0,15.0,46.0,139.0,2.0
2014,Jharkhand,Lohardagga,40.0,48.0,0.0,16.0,9.0,107.0,2.0
2014,Jharkhand,Pakur,30.0,72.0,3.0,6.0,63.0,128.0,2.0
2014,Jharkhand,Palamu,99.0,74.0,5.0,65.0,131.0,323.0,4.0
2014,Jharkhand,Ramgarh,43.0,78.0,4.0,31.0,124.0,400.0,3.0
2014,Jharkhand,Ranchi,134.0,76.0,0.0,61.0,93.0,665.0,4.0
2014,Jharkhand,Sahebganj,72.0,107.0,0.0,12.0,71.0,205.0,3.0
2014,Jharkhand,Saraikela,58.0,58.0,0.0,14.0,22.0,273.0,2.0
2014,Jharkhand,Simdega,78.0,29.0,0.0,18.0,15.0,57.0,2.0
2014,Karnataka,Bagalkot,41.0,118.0,0.0,18.0,220.0,258.0,3.0
2014,Karnataka,Bengaluru District,80.0,195.0,14.0,170.0,261.0,1017.0,5.0
2014,Karnataka,Belagavi District,77.0,317.0,6.0,59.0,468.0,460.0,5.0
2014,Karnataka,Ballari,61.0,169.0,8.0,55.0,238.0,615.0,4.0
2014,Karnataka,Bidar,47.0,115.0,6.0,41.0,241.0,332.0,4.0
2014,Karnataka,Vijayapura,65.0,198.0,26.0,52.0,313.0,224.0,4.0
2014,Karnataka,Chikkaballapura,38.0,142.0,0.0,27.0,190.0,338.0,3.0
2014,Karnataka,Chamarajnagar,32.0,106.0,9.0,8.0,93.0,171.0,2.0
2014,Karnataka,Chikkamagaluru,41.0,202.0,34.0,44.0,106.0,312.0,3.0
2014,Karnataka,Chitradurga,54.0,265.0,0.0,28.0,260.0,348.0,4.0
2014,Karnataka,Dakshina Kannada,27.0,120.0,3.0,23.0,160.0,187.0,3.0
2014,Karnataka,Davanagere,48.0,280.0,30.0,52.0,298.0,568.0,4.0
2014,Karnataka,Dharwad,25.0,61.0,8.0,13.0,132.0,107.0,3.0
2014,Karnataka,Gadag,13.0,46.0,0.0,16.0,95.0,141.0,2.0
2014,Karnataka,Kalaburgi,81.0,198.0,29.0,71.0,411.0,423.0,3.0
2014,Karnataka,Hassan,65.0,314.0,0.0,44.0,184.0,462.0,4.0
2014,Karnataka,Haveri,34.0,134.0,0.0,22.0,250.0,296.0,4.0
2014,Karnataka,K.G.F.,13.0,47.0,6.0,21.0,45.0,134.0,2.0
2014,Karnataka,Kodagu,34.0,85.0,0.0,10.0,40.0,213.0,2.0
2014,Karnataka,Kolar,38.0,115.0,0.0,44.0,229.0,268.0,4.0
2014,Karnataka,Koppal,26.0,62.0,0.0,17.0,179.0,304.0,3.0
2014,Karnataka,Mandya,46.0,314.0,50.0,78.0,250.0,515.0,4.0
2014,Karnataka,Mysuru District,56.0,242.0,0.0,33.0,284.0,591.0,4.0
2014,Karnataka,Raichur,55.0,253.0,12.0,13.0,315.0,353.0,4.0
2014,Karnataka,Ramanagar,76.0,185.0,37.0,94.0,233.0,566.0,4.0
2014,Karnataka,Shimoga,52.0,473.0,38.0,72.0,376.0,569.0,5.0
2014,Karnataka,Tumakuru,58.0,290.0,0.0,57.0,210.0,484.0,4.0
2014,Karnataka,Udupi,22.0,196.0,11.0,44.0,90.0,273.0,2.0
2014,Karnataka,Uttara Kannada,21.0,190.0,29.0,33.0,116.0,228.0,3.0
2014,Karnataka,Yadgiri,32.0,193.0,0.0,15.0,126.0,95.0,3.0
2014,Kerala,Alapuzha,22.0,347.0,0.0,67.0,328.0,672.0,4.0
2014,Kerala,Ernakulam Commr.,15.0,380.0,0.0,19.0,200.0,1098.0,2.0
2014,Kerala,Idukki,20.0,283.0,0.0,26.0,225.0,367.0,4.0
2014,Kerala,Kannur,28.0,308.0,0.0,84.0,831.0,353.0,5.0
2014,Kerala,Kasargod,18.0,201.0,2.0,38.0,466.0,396.0,5.0
2014,Kerala,Kollam Commr.,14.0,652.0,0.0,65.0,314.0,341.0,4.0
2014,Kerala,Kottayam,28.0,320.0,0.0,44.0,203.0,487.0,4.0
2014,Kerala,Kozhikode Commr.,10.0,149.0,1.0,52.0,229.0,584.0,4.0
2014,Kerala,Malappuram,24.0,464.0,0.0,35.0,691.0,702.0,5.0
2014,Kerala,Palakkad,29.0,324.0,8.0,57.0,504.0,785.0,5.0
2014,Kerala,Pathanamthitta,13.0,244.0,0.0,47.0,234.0,514.0,3.0
2014,Kerala,Thrissur Commr.,19.0,179.0,0.0,39.0,194.0,544.0,3.0
2014,Kerala,Trivandrum Commr.,15.0,367.0,10.0,60.0,238.0,652.0,4.0
2014,Kerala,Wayanadu,12.0,248.0,13.0,23.0,160.0,243.0,3.0
2014,Kerala,Crime Branch,26.0,6.0,0.0,2.0,6.0,98.0,1.0
2014,Madhya Pradesh,Agar,5.0,132.0,12.0,5.0,32.0,150.0,2.0
2014,Madhya Pradesh,Alirajpur,49.0,32.0,0.0,14.0,19.0,99.0,2.0
2014,Madhya Pradesh,Anuppur,35.0,245.0,76.0,24.0,31.0,216.0,3.0
2014,Madhya Pradesh,Ashok Nagar,30.0,285.0,66.0,16.0,39.0,146.0,3.0
2014,Madhya Pradesh,Balaghat,62.0,421.0,179.0,17.0,59.0,190.0,5.0
2014,Madhya Pradesh,Barwani,44.0,189.0,14.0,8.0,35.0,233.0,3.0
2014,Madhya Pradesh,Betul,68.0,734.0,0.0,19.0,18.0,395.0,4.0
2014,Madhya Pradesh,Bhind,63.0,220.0,59.0,98.0,84.0,487.0,4.0
2014,Madhya Pradesh,Bhopal,85.0,909.0,0.0,122.0,84.0,3228.0,5.0
2014,Madhya Pradesh,Burhanpur,21.0,183.0,0.0,8.0,10.0,147.0,2.0
2014,Madhya Pradesh,Chhatarpur,51.0,542.0,181.0,35.0,44.0,259.0,4.0
2014,Madhya Pradesh,Chhindwara,73.0,687.0,230.0,14.0,64.0,358.0,5.0
2014,Madhya Pradesh,Damoh,33.0,183.0,109.0,11.0,17.0,131.0,3.0
2014,Madhya Pradesh,Datia,42.0,122.0,66.0,51.0,30.0,177.0,3.0
2014,Madhya Pradesh,Dewas,65.0,435.0,13.0,14.0,61.0,563.0,4.0
2014,Madhya Pradesh,Dhar,52.0,626.0,0.0,81.0,99.0,919.0,4.0
2014,Madhya Pradesh,Dindori,35.0,253.0,45.0,5.0,22.0,97.0,3.0
2014,Madhya Pradesh,Guna,46.0,293.0,172.0,38.0,75.0,454.0,5.0
2014,Madhya Pradesh,Gwalior,103.0,606.0,83.0,106.0,126.0,2020.0,5.0
2014,Madhya Pradesh,Harda,13.0,175.0,79.0,8.0,13.0,87.0,2.0
2014,Madhya Pradesh,Hoshangabad,59.0,321.0,80.0,45.0,57.0,455.0,4.0
2014,Madhya Pradesh,Indore,118.0,839.0,420.0,320.0,138.0,6748.0,5.0
2014,Madhya Pradesh,Jabalpur,94.0,568.0,172.0,139.0,76.0,1153.0,5.0
2014,Madhya Pradesh,Jhabua,33.0,150.0,0.0,47.0,48.0,229.0,2.0
2014,Madhya Pradesh,Katni,41.0,327.0,118.0,16.0,21.0,205.0,4.0
2014,Madhya Pradesh,Khandwa,31.0,624.0,0.0,20.0,65.0,421.0,3.0
2014,Madhya Pradesh,Khargone,46.0,365.0,0.0,18.0,35.0,458.0,4.0
2014,Madhya Pradesh,Mandla,39.0,163.0,0.0,5.0,10.0,80.0,2.0
2014,Madhya Pradesh,Mandsaur,30.0,273.0,0.0,13.0,50.0,430.0,3.0
2014,Madhya Pradesh,Morena,46.0,177.0,0.0,75.0,108.0,529.0,3.0
2014,Madhya Pradesh,Narsinghpur,44.0,278.0,0.0,7.0,41.0,178.0,3.0
2014,Madhya Pradesh,Neemuch,8.0,175.0,27.0,9.0,22.0,311.0,2.0
2014,Madhya Pradesh,Panna,33.0,125.0,145.0,14.0,12.0,93.0,3.0
2014,Madhya Pradesh,Raisen,48.0,473.0,28.0,24.0,60.0,365.0,4.0
2014,Madhya Pradesh,Rajgarh,29.0,329.0,0.0,26.0,113.0,397.0,3.0
2014,Madhya Pradesh,Ratlam,38.0,220.0,39.0,36.0,52.0,394.0,3.0
2014,Madhya Pradesh,Rewa,77.0,298.0,228.0,101.0,73.0,597.0,5.0
2014,Madhya Pradesh,Sagar,77.0,675.0,44.0,23.0,111.0,479.0,4.0
2014,Madhya Pradesh,Satna,69.0,695.0,0.0,71.0,93.0,550.0,5.0
2014,Madhya Pradesh,Seoni,33.0,302.0,0.0,5.0,30.0,224.0,3.0
2014,Madhya Pradesh,Shahdol,38.0,551.0,122.0,33.0,42.0,378.0,4.0
2014,Madhya Pradesh,Shajapur,20.0,329.0,16.0,15.0,46.0,347.0,3.0
2014,Madhya Pradesh,Sheopur,19.0,96.0,13.0,9.0,31.0,106.0,2.0
2014,Madhya Pradesh,Shivpuri,61.0,447.0,0.0,55.0,106.0,455.0,4.0
2014,Madhya Pradesh,Sidhi,35.0,170.0,28.0,21.0,20.0,135.0,2.0
2014,Madhya Pradesh,Sehore,40.0,307.0,71.0,21.0,56.0,515.0,4.0
2014,Madhya Pradesh,Singrauli,47.0,237.0,0.0,15.0,59.0,247.0,3.0
2014,Madhya Pradesh,Tikamgarh,39.0,250.0,79.0,26.0,47.0,148.0,4.0
2014,Madhya Pradesh,Ujjain,69.0,408.0,68.0,57.0,73.0,1178.0,4.0
2014,Madhya Pradesh,Umaria,17.0,259.0,49.0,13.0,16.0,98.0,2.0
2014,Madhya Pradesh,Vidisha,54.0,546.0,93.0,36.0,50.0,494.0,4.0
2014,Madhya Pradesh,Cyber Cell,0.0,0.0,0.0,0.0,0.0,0.0,1.0
2014,Maharashtra,Ahmednagar,115.0,442.0,30.0,318.0,568.0,1719.0,5.0
2014,Maharashtra,Akola,55.0,406.0,17.0,122.0,167.0,866.0,4.0
2014,Maharashtra,Amravati Commr.,29.0,199.0,20.0,58.0,90.0,926.0,2.0
2014,Maharashtra,Aurangabad Commr.,35.0,431.0,32.0,229.0,205.0,1633.0,4.0
2014,Maharashtra,Beed,77.0,531.0,19.0,115.0,337.0,829.0,5.0
2014,Maharashtra,Bhandara,23.0,157.0,15.0,26.0,45.0,542.0,2.0
2014,Maharashtra,Buldhana,64.0,418.0,9.0,56.0,266.0,783.0,4.0
2014,Maharashtra,Chandrapur,54.0,323.0,0.0,50.0,102.0,912.0,4.0
2014,Maharashtra,Dhule,39.0,133.0,0.0,88.0,179.0,498.0,4.0
2014,Maharashtra,Gadchiroli,56.0,64.0,0.0,12.0,29.0,141.0,2.0
2014,Maharashtra,Gondia,36.0,284.0,0.0,21.0,43.0,365.0,2.0
2014,Maharashtra,Hingoli,28.0,163.0,12.0,21.0,87.0,179.0,2.0
2014,Maharashtra,Jalgaon,82.0,643.0,0.0,172.0,368.0,1292.0,5.0
2014,Maharashtra,Jalna,68.0,373.0,7.0,87.0,194.0,711.0,4.0
2014,Maharashtra,Kolhapur,67.0,341.0,7.0,254.0,312.0,1276.0,5.0
2014,Maharashtra,Latur,75.0,231.0,0.0,110.0,338.0,690.0,5.0
2014,Maharashtra,Mumbai Commr.,187.0,3026.0,451.0,2128.0,469.0,13406.0,5.0
2014,Maharashtra,Nagpur Commr.,108.0,646.0,97.0,521.0,216.0,3411.0,5.0
2014,Maharashtra,Nanded,77.0,337.0,0.0,70.0,260.0,551.0,4.0
2014,Maharashtra,Nandurbar,41.0,73.0,4.0,19.0,99.0,210.0,2.0
2014,Maharashtra,Nasik Commr.,26.0,183.0,50.0,137.0,72.0,1221.0,3.0
2014,Maharashtra,Navi Mumbai,53.0,303.0,134.0,428.0,99.0,2137.0,5.0
2014,Maharashtra,Osmanabad,41.0,226.0,14.0,59.0,181.0,517.0,4.0
2014,Maharashtra,Palghar,93.0,321.0,52.0,232.0,234.0,1378.0,5.0
2014,Maharashtra,Parbhani,47.0,254.0,15.0,74.0,207.0,643.0,4.0
2014,Maharashtra,Pune Commr.,147.0,793.0,106.0,965.0,307.0,5721.0,5.0
2014,Maharashtra,Raigad,31.0,198.0,41.0,78.0,226.0,593.0,4.0
2014,Maharashtra,Ratnagiri,14.0,128.0,18.0,40.0,86.0,342.0,2.0
2014,Maharashtra,Sangli,51.0,271.0,19.0,74.0,253.0,830.0,4.0
2014,Maharashtra,Satara,76.0,464.0,40.0,280.0,370.0,1443.0,5.0
2014,Maharashtra,Sindhudurg,8.0,94.0,1.0,21.0,48.0,152.0,1.0
2014,Maharashtra,Solapur Commr.,21.0,116.0,18.0,133.0,123.0,693.0,4.0
2014,Maharashtra,Thane Commr.,119.0,1148.0,317.0,1350.0,388.0,4264.0,5.0
2014,Maharashtra,Wardha,43.0,292.0,0.0,64.0,74.0,925.0,3.0
2014,Maharashtra,Washim,36.0,389.0,16.0,57.0,150.0,527.0,3.0
2014,Maharashtra,Yavatmal,80.0,646.0,42.0,165.0,320.0,2034.0,5.0
2014,Manipur,Bishnupur,13.0,15.0,0.0,0.0,8.0,54.0,1.0
2014,Manipur,Chandel,4.0,1.0,0.0,0.0,6.0,12.0,1.0
2014,Manipur,Churachandpur,13.0,10.0,0.0,0.0,3.0,35.0,1.0
2014,Manipur,C. I. D.,0.0,0.0,0.0,0.0,0.0,0.0,1.0
2014,Manipur,Imphal East,13.0,27.0,0.0,0.0,21.0,271.0,1.0
2014,Manipur,Imphal West,21.0,69.0,7.0,4.0,50.0,545.0,2.0
2014,Manipur,Senapati,7.0,3.0,0.0,3.0,5.0,15.0,1.0
2014,Manipur,Tamenglong,4.0,0.0,0.0,0.0,10.0,14.0,1.0
2014,Manipur,Thoubal,16.0,54.0,0.0,0.0,35.0,206.0,1.0
2014,Manipur,Ukhrul,10.0,1.0,0.0,0.0,6.0,7.0,1.0
2014,Meghalaya,Garo Hills East,8.0,6.0,0.0,9.0,0.0,62.0,1.0
2014,Meghalaya,Garo Hills North,16.0,11.0,0.0,7.0,0.0,30.0,1.0
2014,Meghalaya,Garo Hills South,21.0,6.0,0.0,6.0,4.0,30.0,1.0
2014,Meghalaya,Garo Hills South West,5.0,12.0,4.0,7.0,0.0,8.0,1.0
2014,Meghalaya,Garo Hills West,29.0,22.0,0.0,22.0,6.0,91.0,1.0
2014,Meghalaya,Jaintia Hills West,20.0,15.0,0.0,3.0,4.0,68.0,1.0
2014,Meghalaya,Jaintia Hills East,19.0,18.0,0.0,7.0,9.0,88.0,1.0
2014,Meghalaya,Khasi Hills East,27.0,64.0,21.0,60.0,12.0,545.0,2.0
2014,Meghalaya,Khasi Hills South West,4.0,12.0,0.0,4.0,0.0,17.0,1.0
2014,Meghalaya,Khasi Hills West,11.0,23.0,0.0,7.0,0.0,59.0,1.0
2014,Meghalaya,Ri-Bhoi,11.0,39.0,3.0,21.0,11.0,102.0,2.0
2014,Mizoram,Aizawl,13.0,126.0,2.0,6.0,14.0,511.0,2.0
2014,Mizoram,Champhai,10.0,22.0,0.0,0.0,1.0,90.0,1.0
2014,Mizoram,Kolasib,1.0,30.0,2.0,5.0,1.0,143.0,1.0
2014,Mizoram,Lawngtlai,6.0,14.0,0.0,0.0,0.0,30.0,1.0
2014,Mizoram,Lunglei,10.0,40.0,0.0,1.0,0.0,58.0,1.0
2014,Mizoram,Mamit,1.0,22.0,0.0,1.0,2.0,35.0,1.0
2014,Mizoram,Saiha,4.0,6.0,0.0,0.0,1.0,30.0,1.0
2014,Mizoram,Serchhip,3.0,18.0,0.0,1.0,3.0,41.0,1.0
2014,Mizoram,Spl Traffic,0.0,0.0,0.0,0.0,0.0,0.0,1.0
2014,Nagaland,Dimapur,22.0,24.0,8.0,34.0,9.0,251.0,2.0
2014,Nagaland,Kiphire,1.0,1.0,0.0,0.0,0.0,5.0,1.0
2014,Nagaland,Kohima,3.0,9.0,0.0,6.0,0.0,86.0,1.0
2014,Nagaland,Longleng,1.0,1.0,0.0,0.0,0.0,2.0,1.0
2014,Nagaland,Mokokchung,5.0,3.0,0.0,2.0,0.0,18.0,1.0
2014,Nagaland,Mon,7.0,1.0,0.0,0.0,1.0,11.0,1.0
2014,Nagaland,Peren,1.0,2.0,0.0,0.0,0.0,7.0,1.0
2014,Nagaland,Phek,10.0,7.0,0.0,3.0,0.0,30.0,1.0
2014,Nagaland,Tuensang,0.0,1.0,2.0,0.0,2.0,21.0,1.0
2014,Nagaland,Wokha,10.0,0.0,0.0,0.0,6.0,29.0,1.0
2014,Nagaland,Zunheboto,1.0,3.0,1.0,1.0,0.0,27.0,1.0
2014,Odisha,Angul,58.0,244.0,0.0,146.0,89.0,636.0,4.0
2014,Odisha,Balasore,71.0,737.0,97.0,105.0,106.0,517.0,5.0
2014,Odisha,Baragarh,27.0,223.0,23.0,85.0,108.0,244.0,4.0
2014,Odisha,Berhampur,31.0,208.0,23.0,101.0,40.0,363.0,3.0
2014,Odisha,Bhadrak,39.0,270.0,0.0,28.0,74.0,322.0,3.0
2014,Odisha,Bolangir,26.0,295.0,24.0,72.0,84.0,255.0,3.0
2014,Odisha,Boudh,22.0,128.0,0.0,32.0,18.0,53.0,2.0
2014,Odisha,Cuttack,40.0,97.0,29.0,73.0,55.0,222.0,3.0
2014,Odisha,DCP BBSR,42.0,146.0,7.0,153.0,107.0,1865.0,4.0
2014,Odisha,DCP CTC,57.0,163.0,83.0,53.0,32.0,789.0,4.0
2014,Odisha,Deogarh,12.0,120.0,14.0,23.0,18.0,84.0,2.0
2014,Odisha,Dhenkanal,52.0,480.0,23.0,83.0,85.0,306.0,4.0
2014,Odisha,Gajapati,17.0,116.0,7.0,1.0,35.0,54.0,2.0
2014,Odisha,Ganjam,75.0,550.0,17.0,98.0,95.0,224.0,4.0
2014,Odisha,Jagatsinghpur,43.0,270.0,35.0,74.0,88.0,422.0,3.0
2014,Odisha,Jajpur,76.0,337.0,0.0,86.0,110.0,458.0,4.0
2014,Odisha,Jharsuguda,33.0,160.0,22.0,72.0,37.0,256.0,3.0
2014,Odisha,Kalahandi,38.0,334.0,0.0,48.0,83.0,184.0,4.0
2014,Odisha,Kandhamal,28.0,198.0,15.0,19.0,26.0,140.0,2.0
2014,Odisha,Kendrapara,34.0,266.0,7.0,43.0,83.0,169.0,3.0
2014,Odisha,Keonjhar,75.0,423.0,0.0,65.0,69.0,330.0,4.0
2014,Odisha,Khurda,40.0,161.0,57.0,80.0,65.0,295.0,3.0
2014,Odisha,Koraput,71.0,256.0,38.0,52.0,67.0,134.0,4.0
2014,Odisha,Malkangiri,33.0,51.0,14.0,30.0,25.0,74.0,2.0
2014,Odisha,Mayurbhanj,111.0,514.0,75.0,52.0,78.0,350.0,5.0
2014,Odisha,Nayagarh,33.0,73.0,28.0,71.0,59.0,173.0,3.0
2014,Odisha,Nabarangpur,23.0,303.0,15.0,15.0,101.0,94.0,3.0
2014,Odisha,Nuapada,14.0,173.0,0.0,24.0,37.0,111.0,2.0
2014,Odisha,Puri,54.0,262.0,146.0,119.0,162.0,591.0,5.0
2014,Odisha,Rayagada,32.0,169.0,44.0,30.0,61.0,164.0,3.0
2014,Odisha,Rourkela,55.0,274.0,45.0,130.0,60.0,576.0,4.0
2014,Odisha,Sambalpur,49.0,229.0,63.0,141.0,101.0,631.0,4.0
2014,Odisha,Sonepur,16.0,68.0,27.0,23.0,24.0,95.0,2.0
2014,Odisha,SRP (Cuttack),0.0,12.0,2.0,20.0,3.0,442.0,1.0
2014,Odisha,SRP (Rourkela),4.0,12.0,0.0,22.0,0.0,323.0,1.0
2014,Odisha,Sundargarh,51.0,163.0,42.0,43.0,36.0,216.0,3.0
2014,Punjab,Barnala,19.0,53.0,3.0,1.0,2.0,160.0,1.0
2014,Punjab,Batala,23.0,102.0,13.0,3.0,0.0,194.0,1.0
2014,Punjab,Bathinda,60.0,164.0,8.0,3.0,8.0,432.0,2.0
2014,Punjab,CP Amritsar,31.0,124.0,3.0,14.0,2.0,657.0,2.0
2014,Punjab,CP Jalandhar,25.0,152.0,18.0,11.0,4.0,725.0,2.0
2014,Punjab,CP Ludhiana,81.0,222.0,0.0,25.0,5.0,982.0,3.0
2014,Punjab,Faridkot,23.0,48.0,0.0,12.0,3.0,115.0,1.0
2014,Punjab,Fatehgarh Sahib,20.0,48.0,0.0,3.0,0.0,217.0,1.0
2014,Punjab,Fazilka,27.0,70.0,5.0,0.0,1.0,172.0,2.0
2014,Punjab,Ferozepur,31.0,95.0,0.0,0.0,0.0,302.0,2.0
2014,Punjab,G. R. P.,12.0,7.0,4.0,0.0,0.0,97.0,1.0
2014,Punjab,Gurdaspur,16.0,69.0,0.0,3.0,6.0,148.0,1.0
2014,Punjab,Hoshiarpur,37.0,125.0,52.0,11.0,0.0,385.0,2.0
2014,Punjab,Kapurthala,27.0,69.0,5.0,12.0,2.0,238.0,2.0
2014,Punjab,Khanna,25.0,90.0,0.0,10.0,4.0,351.0,1.0
2014,Punjab,Mansa,32.0,52.0,0.0,1.0,1.0,173.0,1.0
2014,Punjab,Moga,25.0,82.0,9.0,5.0,5.0,252.0,1.0
2014,Punjab,Muktsar,31.0,60.0,4.0,0.0,2.0,166.0,1.0
2014,Punjab,Pathankot,10.0,24.0,0.0,1.0,1.0,187.0,1.0
2014,Punjab,Patiala,52.0,129.0,1.0,6.0,2.0,669.0,2.0
2014,Punjab,Ropar,23.0,73.0,14.0,4.0,3.0,240.0,1.0
2014,Punjab,Sangrur,46.0,128.0,0.0,4.0,3.0,355.0,2.0
2014,Punjab,SAS Nagar,29.0,173.0,0.0,13.0,0.0,737.0,2.0
2014,Punjab,SBS Nagar,18.0,48.0,0.0,8.0,1.0,166.0,1.0
2014,Punjab,Tarn Taran,38.0,91.0,1.0,3.0,0.0,241.0,2.0
2014,Rajasthan,Ajmer,53.0,372.0,38.0,51.0,87.0,2662.0,4.0
2014,Rajasthan,Alwar,108.0,555.0,247.0,70.0,396.0,4658.0,5.0
2014,Rajasthan,Banswara,25.0,249.0,0.0,27.0,150.0,293.0,4.0
2014,Rajasthan,Baran,37.0,279.0,0.0,24.0,95.0,806.0,2.0
2014,Rajasthan,Barmer,38.0,422.0,0.0,22.0,186.0,518.0,3.0
2014,Rajasthan,Bharatpur,102.0,370.0,72.0,29.0,25.0,1679.0,5.0
2014,Rajasthan,Bhilwara,37.0,227.0,0.0,22.0,319.0,1560.0,2.0
2014,Rajasthan,Bikaner,55.0,164.0,0.0,6.0,15.0,1222.0,3.0
2014,Rajasthan,Bundi,30.0,259.0,0.0,15.0,148.0,626.0,2.0
2014,Rajasthan,Chittorgarh,35.0,277.0,90.0,44.0,142.0,691.0,4.0
2014,Rajasthan,Churu,36.0,117.0,58.0,12.0,184.0,289.0,3.0
2014,Rajasthan,Dausa,42.0,187.0,0.0,13.0,1060.0,1600.0,2.0
2014,Rajasthan,Dholpur,46.0,131.0,32.0,11.0,9.0,695.0,3.0
2014,Rajasthan,Dungarpur,31.0,264.0,0.0,23.0,13.0,264.0,3.0
2014,Rajasthan,G.R.P.Ajmer,5.0,10.0,10.0,10.0,2.0,1128.0,1.0
2014,Rajasthan,G.R.P.Jodhpur,6.0,10.0,1.0,0.0,0.0,144.0,1.0
2014,Rajasthan,Ganganagar,44.0,361.0,31.0,13.0,1.0,1000.0,4.0
2014,Rajasthan,Hanumangarh,69.0,259.0,72.0,13.0,8.0,914.0,4.0
2014,Rajasthan,Jaipur East,38.0,304.0,66.0,120.0,222.0,4355.0,4.0
2014,Rajasthan,Jaipur North,16.0,117.0,104.0,37.0,53.0,1781.0,3.0
2014,Rajasthan,Jaipur South,23.0,166.0,18.0,117.0,132.0,2905.0,3.0
2014,Rajasthan,Jaipur West,37.0,218.0,50.0,85.0,41.0,2990.0,4.0
2014,Rajasthan,Jaisalmer,12.0,104.0,0.0,15.0,28.0,188.0,1.0
2014,Rajasthan,Jalore,45.0,147.0,21.0,12.0,22.0,529.0,2.0
2014,Rajasthan,Jhalawar,51.0,464.0,10.0,25.0,370.0,715.0,4.0
2014,Rajasthan,Jhunjhunu,38.0,132.0,0.0,17.0,25.0,1161.0,3.0
2014,Rajasthan,Jodhpur East,23.0,135.0,0.0,47.0,9.0,770.0,2.0
2014,Rajasthan,Jodhpur West,29.0,163.0,0.0,20.0,18.0,410.0,2.0
2014,Rajasthan,Karauli,35.0,153.0,0.0,17.0,341.0,946.0,2.0
2014,Rajasthan,Nagaur,70.0,198.0,0.0,16.0,22.0,641.0,3.0
2014,Rajasthan,Pali,57.0,738.0,0.0,47.0,18.0,1065.0,3.0
2014,Rajasthan,Praapgarh,40.0,572.0,0.0,12.0,122.0,348.0,4.0
2014,Rajasthan,Rajsamand,20.0,135.0,10.0,25.0,122.0,524.0,2.0
2014,Rajasthan,Sawai Madhopur,23.0,166.0,19.0,20.0,8.0,965.0,2.0
2014,Rajasthan,Sikar,65.0,139.0,149.0,17.0,56.0,2126.0,4.0
2014,Rajasthan,Sirohi,41.0,131.0,20.0,13.0,29.0,413.0,2.0
2014,Rajasthan,Tonk,32.0,181.0,0.0,7.0,235.0,755.0,2.0
2014,Rajasthan,Udaipur,92.0,730.0,82.0,131.0,378.0,1944.0,5.0
2014,Sikkim,East,8.0,36.0,11.0,13.0,46.0,99.0,2.0
2014,Sikkim,North,0.0,4.0,0.0,0.0,3.0,14.0,1.0
2014,Sikkim,South,3.0,34.0,2.0,1.0,57.0,46.0,2.0
2014,Sikkim,West,3.0,23.0,0.0,0.0,16.0,12.0,1.0
2014,Sikkim,CID,0.0,0.0,0.0,0.0,0.0,5.0,1.0
2014,Tamil Nadu,Ariyalur,19.0,29.0,0.0,8.0,42.0,86.0,1.0
2014,Tamil Nadu,Chennai,161.0,124.0,12.0,80.0,259.0,2153.0,4.0
2014,Tamil Nadu,Coimbatore,44.0,28.0,0.0,109.0,54.0,477.0,2.0
2014,Tamil Nadu,Cuddalore,50.0,17.0,68.0,16.0,314.0,521.0,4.0
2014,Tamil Nadu,Dharmapuri,47.0,37.0,0.0,35.0,141.0,350.0,3.0
2014,Tamil Nadu,Dindigul,61.0,44.0,0.0,72.0,89.0,460.0,3.0
2014,Tamil Nadu,Erode,55.0,19.0,0.0,44.0,37.0,395.0,2.0
2014,Tamil Nadu,Kanchipuram,66.0,24.0,0.0,28.0,129.0,603.0,4.0
2014,Tamil Nadu,Kanyakumari,42.0,11.0,0.0,75.0,40.0,415.0,2.0
2014,Tamil Nadu,Karur,20.0,21.0,0.0,16.0,47.0,174.0,1.0
2014,Tamil Nadu,Krishnagiri,63.0,47.0,0.0,60.0,154.0,376.0,3.0
2014,Tamil Nadu,Madurai,71.0,131.0,0.0,172.0,241.0,1187.0,5.0
2014,Tamil Nadu,Nagapattinam,36.0,30.0,0.0,48.0,92.0,177.0,2.0
2014,Tamil Nadu,Namakkal,36.0,48.0,11.0,31.0,54.0,175.0,2.0
2014,Tamil Nadu,Nilgiris,7.0,18.0,5.0,3.0,18.0,68.0,1.0
2014,Tamil Nadu,Perambalur,15.0,33.0,0.0,15.0,23.0,75.0,1.0
2014,Tamil Nadu,Pudukottai,34.0,32.0,0.0,18.0,65.0,157.0,2.0
2014,Tamil Nadu,Ramnathapuram,45.0,23.0,10.0,30.0,92.0,232.0,2.0
2014,Tamil Nadu,Salem,62.0,52.0,10.0,25.0,121.0,212.0,2.0
2014,Tamil Nadu,Sivagangai,30.0,28.0,35.0,92.0,127.0,318.0,3.0
2014,Tamil Nadu,Thanjavur,70.0,70.0,24.0,71.0,197.0,361.0,4.0
2014,Tamil Nadu,Theni,48.0,38.0,0.0,40.0,85.0,342.0,2.0
2014,Tamil Nadu,Thirunelveli,108.0,83.0,1.0,109.0,75.0,575.0,3.0
2014,Tamil Nadu,Thiruvallur,39.0,10.0,0.0,28.0,153.0,245.0,3.0
2014,Tamil Nadu,Thiruvannamalai,51.0,30.0,36.0,8.0,131.0,345.0,4.0
2014,Tamil Nadu,Thiruvarur,26.0,4.0,0.0,41.0,60.0,211.0,2.0
2014,Tamil Nadu,Thoothugudi,90.0,62.0,0.0,70.0,35.0,472.0,2.0
2014,Tamil Nadu,Tiruppur,36.0,21.0,4.0,64.0,40.0,322.0,2.0
2014,Tamil Nadu,Trichy,39.0,59.0,0.0,35.0,66.0,198.0,2.0
2014,Tamil Nadu,Vellore,99.0,56.0,0.0,38.0,31.0,853.0,2.0
2014,Tamil Nadu,Villupuram,74.0,214.0,29.0,31.0,442.0,624.0,5.0
2014,Tamil Nadu,Virudhunagar,50.0,38.0,11.0,60.0,88.0,446.0,2.0
2014,Tamil Nadu,Cyber Cell,0.0,0.0,0.0,0.0,0.0,3.0,1.0
2014,Tamil Nadu,Other Units,0.0,0.0,0.0,0.0,0.0,0.0,1.0
2014,Telangana,Adilabad,118.0,376.0,18.0,8.0,75.0,774.0,3.0
2014,Telangana,Cyberabad,156.0,714.0,55.0,77.0,109.0,6728.0,5.0
2014,Telangana,Karimnagar,123.0,446.0,37.0,41.0,125.0,1662.0,4.0
2014,Telangana,Khammam,83.0,596.0,0.0,16.0,110.0,1632.0,4.0
2014,Telangana,Mahaboob Nagar,267.0,485.0,0.0,29.0,170.0,1403.0,5.0
2014,Telangana,Medak,137.0,324.0,11.0,25.0,84.0,1121.0,4.0
2014,Telangana,Nalgonda,123.0,752.0,24.0,36.0,208.0,1131.0,5.0
2014,Telangana,Nizamabad,134.0,232.0,14.0,26.0,119.0,1046.0,4.0
2014,Telangana,Ranga Reddy,82.0,161.0,20.0,13.0,38.0,266.0,3.0
2014,Telangana,Warangal,54.0,289.0,8.0,19.0,105.0,486.0,3.0
2014,Tripura,Dhalai,20.0,101.0,2.0,2.0,9.0,21.0,2.0
2014,Tripura,Gomati,15.0,87.0,0.0,4.0,23.0,80.0,2.0
2014,Tripura,G. R. P.,0.0,3.0,0.0,0.0,0.0,2.0,1.0
2014,Tripura,Kowai,10.0,53.0,1.0,0.0,5.0,43.0,1.0
2014,Tripura,North,12.0,67.0,0.0,7.0,11.0,59.0,1.0
2014,Tripura,Sipahijala,20.0,95.0,1.0,3.0,28.0,69.0,1.0
2014,Tripura,South,17.0,69.0,0.0,5.0,17.0,42.0,1.0
2014,Tripura,Unakoti,8.0,73.0,0.0,4.0,22.0,35.0,1.0
2014,Tripura,West,41.0,274.0,0.0,19.0,37.0,210.0,2.0
2014,Uttar Pradesh,Agra,219.0,620.0,298.0,228.0,423.0,3999.0,5.0
2014,Uttar Pradesh,Aligarh,208.0,524.0,404.0,259.0,461.0,2782.0,5.0
2014,Uttar Pradesh,Allahabad,172.0,683.0,82.0,134.0,130.0,2886.0,5.0
2014,Uttar Pradesh,Ambedkar Nagar,34.0,52.0,0.0,14.0,37.0,148.0,2.0
2014,Uttar Pradesh,Amethi,50.0,105.0,42.0,20.0,43.0,174.0,2.0
2014,Uttar Pradesh,Amroha,69.0,166.0,0.0,49.0,44.0,566.0,3.0
2014,Uttar Pradesh,Auraiya,48.0,156.0,9.0,17.0,21.0,271.0,2.0
2014,Uttar Pradesh,Azamgarh,96.0,227.0,144.0,74.0,203.0,575.0,5.0
2014,Uttar Pradesh,Badaun,153.0,364.0,0.0,56.0,11.0,427.0,4.0
2014,Uttar Pradesh,Baghpat,100.0,186.0,0.0,48.0,56.0,418.0,3.0
2014,Uttar Pradesh,Bahraich,82.0,113.0,0.0,14.0,76.0,391.0,3.0
2014,Uttar Pradesh,Ballia,43.0,161.0,27.0,28.0,114.0,401.0,3.0
2014,Uttar Pradesh,Balrampur,37.0,64.0,1.0,5.0,22.0,108.0,2.0
2014,Uttar Pradesh,Banda,63.0,300.0,9.0,25.0,87.0,337.0,3.0
2014,Uttar Pradesh,Barabanki,68.0,112.0,0.0,19.0,3.0,326.0,2.0
2014,Uttar Pradesh,Bareilly,153.0,580.0,144.0,84.0,157.0,1500.0,5.0
2014,Uttar Pradesh,Basti,45.0,64.0,0.0,13.0,30.0,125.0,2.0
2014,Uttar Pradesh,Bijnor,115.0,399.0,0.0,63.0,83.0,681.0,4.0
2014,Uttar Pradesh,Bulandshahar,191.0,403.0,27.0,133.0,165.0,924.0,5.0
2014,Uttar Pradesh,Chandoli,24.0,184.0,0.0,27.0,43.0,348.0,2.0
2014,Uttar Pradesh,Chitrakoot,41.0,114.0,3.0,9.0,15.0,151.0,2.0
2014,Uttar Pradesh,Deoria,61.0,110.0,0.0,13.0,86.0,240.0,3.0
2014,Uttar Pradesh,Etah,75.0,194.0,137.0,69.0,111.0,465.0,4.0
2014,Uttar Pradesh,Etawah,60.0,172.0,90.0,118.0,35.0,681.0,4.0
2014,Uttar Pradesh,Faizabad,42.0,173.0,0.0,25.0,28.0,481.0,2.0
2014,Uttar Pradesh,Fatehgarh,76.0,95.0,0.0,25.0,34.0,293.0,2.0
2014,Uttar Pradesh,Fatehpur,81.0,237.0,91.0,24.0,47.0,380.0,4.0
2014,Uttar Pradesh,Firozabad,171.0,219.0,0.0,100.0,220.0,924.0,5.0
2014,Uttar Pradesh,G. R. P.,37.0,132.0,16.0,42.0,17.0,4100.0,2.0
2014,Uttar Pradesh,Gautambudh Nagar,131.0,362.0,135.0,233.0,191.0,4171.0,5.0
2014,Uttar Pradesh,Ghaziabad,206.0,625.0,127.0,122.0,73.0,4062.0,5.0
2014,Uttar Pradesh,Ghazipur,82.0,120.0,0.0,39.0,114.0,390.0,3.0
2014,Uttar Pradesh,Gonda,56.0,113.0,0.0,18.0,50.0,351.0,2.0
2014,Uttar Pradesh,Gorakhpur,142.0,343.0,0.0,93.0,193.0,1160.0,5.0
2014,Uttar Pradesh,Hamirpur,51.0,205.0,0.0,20.0,42.0,135.0,2.0
2014,Uttar Pradesh,Hapur,46.0,133.0,69.0,39.0,44.0,604.0,3.0
2014,Uttar Pradesh,Hardoi,98.0,135.0,0.0,15.0,37.0,416.0,3.0
2014,Uttar Pradesh,Hathras,89.0,245.0,32.0,65.0,119.0,478.0,4.0
2014,Uttar Pradesh,Jalaun,43.0,72.0,9.0,13.0,11.0,179.0,2.0
2014,Uttar Pradesh,Jaunpur,84.0,139.0,0.0,62.0,107.0,405.0,4.0
2014,Uttar Pradesh,Jhansi,96.0,159.0,84.0,27.0,70.0,365.0,4.0
2014,Uttar Pradesh,Kannauj,62.0,132.0,0.0,9.0,15.0,252.0,2.0
2014,Uttar Pradesh,Kanpur Dehat,66.0,115.0,2.0,25.0,52.0,213.0,2.0
2014,Uttar Pradesh,Kanpur Nagar,170.0,540.0,0.0,142.0,236.0,2277.0,5.0
2014,Uttar Pradesh,Kasganj,36.0,123.0,96.0,7.0,41.0,212.0,3.0
2014,Uttar Pradesh,Kaushambi,53.0,249.0,0.0,13.0,28.0,262.0,2.0
2014,Uttar Pradesh,Khiri,99.0,156.0,50.0,38.0,88.0,767.0,4.0
2014,Uttar Pradesh,Kushi Nagar,65.0,123.0,5.0,7.0,125.0,238.0,3.0
2014,Uttar Pradesh,Lalitpur,36.0,93.0,0.0,15.0,26.0,114.0,2.0
2014,Uttar Pradesh,Lucknow,160.0,812.0,280.0,67.0,217.0,4633.0,5.0
2014,Uttar Pradesh,Maharajganj,42.0,75.0,0.0,15.0,50.0,129.0,2.0
2014,Uttar Pradesh,Mahoba,34.0,111.0,0.0,19.0,26.0,105.0,2.0
2014,Uttar Pradesh,Mainpuri,79.0,92.0,0.0,38.0,85.0,591.0,3.0
2014,Uttar Pradesh,Mathura,105.0,208.0,158.0,99.0,194.0,1503.0,5.0
2014,Uttar Pradesh,Mau,46.0,91.0,0.0,23.0,101.0,355.0,3.0
2014,Uttar Pradesh,Meerut,250.0,740.0,0.0,359.0,294.0,4096.0,5.0
2014,Uttar Pradesh,Mirzapur,34.0,39.0,0.0,5.0,5.0,69.0,2.0
2014,Uttar Pradesh,Moradabad,114.0,408.0,29.0,79.0,78.0,1069.0,4.0
2014,Uttar Pradesh,Muzaffarnagar,166.0,254.0,0.0,98.0,144.0,1012.0,4.0
2014,Uttar Pradesh,Pilibhit,69.0,193.0,12.0,33.0,13.0,366.0,3.0
2014,Uttar Pradesh,Pratapgarh,98.0,366.0,0.0,59.0,211.0,689.0,4.0
2014,Uttar Pradesh,Raibareilly,67.0,119.0,0.0,18.0,61.0,287.0,3.0
2014,Uttar Pradesh,Rampur,60.0,142.0,94.0,30.0,34.0,527.0,3.0
2014,Uttar Pradesh,Saharanpur,114.0,331.0,0.0,118.0,207.0,1058.0,5.0
2014,Uttar Pradesh,Sambhal,92.0,187.0,9.0,54.0,68.0,409.0,3.0
2014,Uttar Pradesh,Sant Kabirnagar,41.0,70.0,2.0,11.0,22.0,103.0,2.0
2014,Uttar Pradesh,Shahjahanpur,123.0,440.0,0.0,66.0,46.0,448.0,4.0
2014,Uttar Pradesh,Shamli,78.0,140.0,78.0,59.0,103.0,420.0,4.0
2014,Uttar Pradesh,Shrawasti,24.0,42.0,0.0,5.0,16.0,119.0,1.0
2014,Uttar Pradesh,Sidharthnagar,25.0,73.0,0.0,18.0,25.0,92.0,2.0
2014,Uttar Pradesh,Sitapur,110.0,392.0,0.0,42.0,68.0,512.0,4.0
2014,Uttar Pradesh,Sonbhadra,46.0,72.0,0.0,2.0,4.0,108.0,2.0
2014,Uttar Pradesh,St.Ravidasnagar,22.0,42.0,0.0,8.0,1.0,116.0,1.0
2014,Uttar Pradesh,Sultanpur,65.0,174.0,0.0,60.0,75.0,452.0,3.0
2014,Uttar Pradesh,Unnao,101.0,341.0,0.0,46.0,46.0,522.0,3.0
2014,Uttar Pradesh,Varanasi,72.0,372.0,0.0,46.0,82.0,1258.0,3.0
2014,Uttarakhand,Almora,5.0,10.0,0.0,1.0,4.0,12.0,1.0
2014,Uttarakhand,Bageshwar,5.0,7.0,0.0,0.0,0.0,10.0,1.0
2014,Uttarakhand,Chamoli,3.0,13.0,0.0,1.0,3.0,13.0,1.0
2014,Uttarakhand,Champawat,3.0,13.0,0.0,0.0,4.0,11.0,1.0
2014,Uttarakhand,Dehradun,36.0,153.0,9.0,42.0,101.0,610.0,3.0
2014,Uttarakhand,Haridwar,86.0,172.0,129.0,81.0,160.0,781.0,5.0
2014,Uttarakhand,Nainital,31.0,86.0,1.0,6.0,49.0,207.0,2.0
2014,Uttarakhand,Pauri Garhwal,7.0,20.0,2.0,3.0,11.0,55.0,1.0
2014,Uttarakhand,Pithoragarh,4.0,17.0,0.0,2.0,12.0,13.0,1.0
2014,Uttarakhand,Rudra Prayag,5.0,13.0,0.0,1.0,5.0,15.0,1.0
2014,Uttarakhand,Tehri Garhwal,9.0,7.0,0.0,1.0,8.0,29.0,1.0
2014,Uttarakhand,Udhamsingh Nagar,59.0,116.0,0.0,35.0,109.0,506.0,3.0
2014,Uttarakhand,Uttarkashi,3.0,16.0,0.0,1.0,8.0,11.0,1.0
2014,West Bengal,North 24 Parganas,179.0,546.0,0.0,50.0,374.0,1895.0,5.0
2014,West Bengal,South 24 Parganas,279.0,828.0,349.0,76.0,2220.0,2132.0,5.0
2014,West Bengal,Alipurduar,55.0,229.0,116.0,6.0,24.0,771.0,4.0
2014,West Bengal,Asansol-Durgapur PC,65.0,261.0,28.0,17.0,195.0,898.0,4.0
2014,West Bengal,Bankura,81.0,219.0,7.0,37.0,184.0,364.0,4.0
2014,West Bengal,Barrackpur PC,102.0,342.0,70.0,16.0,74.0,1836.0,4.0
2014,West Bengal,Bidhannagar PC,20.0,175.0,30.0,9.0,65.0,887.0,2.0
2014,West Bengal,Birbhum,119.0,206.0,57.0,54.0,422.0,544.0,5.0
2014,West Bengal,Burdwan,161.0,485.0,98.0,35.0,309.0,1174.0,5.0
2014,West Bengal,Coochbehar,90.0,309.0,126.0,8.0,261.0,516.0,5.0
2014,West Bengal,Dakshin Dinajpur,49.0,117.0,187.0,5.0,33.0,259.0,4.0
2014,West Bengal,Darjeeling,36.0,163.0,36.0,9.0,31.0,491.0,2.0
2014,West Bengal,Hooghly,145.0,380.0,277.0,24.0,442.0,1744.0,5.0
2014,West Bengal,Howrah G. R. P.,90.0,315.0,135.0,11.0,267.0,511.0,4.0
2014,West Bengal,Howrah PC,50.0,503.0,0.0,31.0,54.0,1637.0,2.0
2014,West Bengal,Jalpaiguri,72.0,399.0,15.0,9.0,16.0,826.0,4.0
2014,West Bengal,Jhargram Police District,29.0,108.0,1.0,5.0,33.0,138.0,2.0
2014,West Bengal,Kharagpur G. R. P.,7.0,7.0,1.0,2.0,3.0,159.0,1.0
2014,West Bengal,Kolkata,110.0,1017.0,127.0,37.0,430.0,7058.0,5.0
2014,West Bengal,Malda,125.0,605.0,15.0,35.0,151.0,625.0,5.0
2014,West Bengal,Murshidabad,180.0,1075.0,275.0,21.0,119.0,1280.0,5.0
2014,West Bengal,Nadia,184.0,396.0,0.0,54.0,146.0,1532.0,5.0
2014,West Bengal,Paschim Medinipur,115.0,649.0,0.0,50.0,344.0,924.0,5.0
2014,West Bengal,Purab Medinipur,109.0,313.0,52.0,31.0,470.0,857.0,5.0
2014,West Bengal,Purulia,82.0,214.0,17.0,22.0,80.0,241.0,3.0
2014,West Bengal,Sealdah G. R. P.,23.0,53.0,0.0,0.0,52.0,358.0,1.0
2014,West Bengal,Siliguri G. R. P.,8.0,15.0,4.0,2.0,0.0,149.0,1.0
2014,West Bengal,Siliguri PC,53.0,352.0,123.0,15.0,44.0,1499.0,3.0
2014,West Bengal,Uttar Dinajpur,100.0,358.0,284.0,72.0,148.0,935.0,5.0
2014,A&N Islands,South Andaman,7.0,59.0,10.0,2.0,14.0,106.0,1.0
2014,A&N Islands,North & Middle Andaman,4.0,35.0,4.0,0.0,1.0,16.0,1.0
2014,A&N Islands,Nicobar,1.0,2.0,0.0,0.0,1.0,1.0,1.0
2014,Chandigarh,Chandigarh,30.0,189.0,115.0,71.0,46.0,1530.0,4.0
2014,D&N Haveli,D&N Haveli,6.0,7.0,14.0,2.0,11.0,62.0,1.0
2014,Daman & Diu,Daman,6.0,6.0,6.0,5.0,4.0,66.0,1.0
2014,Daman & Diu,Diu,1.0,2.0,0.0,0.0,0.0,4.0,1.0
2014,Delhi UT,Central,41.0,383.0,286.0,292.0,6.0,4457.0,5.0
2014,Delhi UT,Crime Branch,0.0,3.0,1.0,0.0,0.0,39.0,1.0
2014,Delhi UT,East,66.0,943.0,603.0,791.0,43.0,10043.0,5.0
2014,Delhi UT,EOW,0.0,4.0,0.0,0.0,0.0,46.0,1.0
2014,Delhi UT,IGI Airport,1.0,17.0,3.0,3.0,0.0,175.0,1.0
2014,Delhi UT,Metro,0.0,36.0,5.0,4.0,2.0,2225.0,1.0
2014,Delhi UT,New Delhi,8.0,116.0,44.0,63.0,30.0,1433.0,2.0
2014,Delhi UT,North,39.0,299.0,264.0,362.0,25.0,4677.0,5.0
2014,Delhi UT,North-East,89.0,951.0,928.0,1300.0,44.0,8591.0,5.0
2014,Delhi UT,North-West,49.0,742.0,661.0,747.0,18.0,7789.0,5.0
2014,Delhi UT,Outer,90.0,876.0,1192.0,1020.0,44.0,10560.0,5.0
2014,Delhi UT,South,45.0,1025.0,626.0,498.0,48.0,9304.0,5.0
2014,Delhi UT,South-East,74.0,896.0,626.0,405.0,40.0,8064.0,5.0
2014,Delhi UT,South-West,71.0,917.0,619.0,413.0,26.0,5194.0,5.0
2014,Delhi UT,Spl Cell,0.0,0.0,0.0,0.0,0.0,9.0,1.0
2014,Delhi UT,SPUWAC,0.0,0.0,0.0,0.0,0.0,1.0,1.0
2014,Delhi UT,Vigilance,0.0,0.0,0.0,0.0,0.0,0.0,1.0
2014,Delhi UT,West,61.0,932.0,762.0,585.0,21.0,10031.0,5.0
2014,Lakshadweep,Lakshadweep,0.0,2.0,0.0,0.0,16.0,17.0,1.0
2014,Puducherry,Karaikal,6.0,19.0,1.0,2.0,6.0,38.0,1.0
2014,Puducherry,Puducherry,22.0,37.0,7.0,7.0,52.0,452.0,2.0
2001,ASSAM,N.C. HILLS,,,,,,,
2001,HARYANA,HISAR,,,,,,,
2001,HARYANA,MAHENDERGARH,,,,,,,
2001,JHARKHAND,GUMALA,,,,,,,
2001,DELHI,CENTRAL,,,,,,,
2001,DELHI,EAST,,,,,,,
2001,DELHI,G.R.P.(RLY),,,,,,,
2001,DELHI,I.G.I.AIRPORT,,,,,,,
2001,DELHI,NEW DELHI,,,,,,,
2001,DELHI,NORTH,,,,,,,
2001,DELHI,NORTH EAST,,,,,,,
2001,DELHI,NORTH WEST,,,,,,,
2001,DELHI,S.T.F.,,,,,,,
2001,DELHI,SOUTH,,,,,,,
2001,DELHI,SOUTH WEST,,,,,,,
2001,DELHI,WEST,,,,,,,
2002,DELHI,CENTRAL,,,,,,,
2002,DELHI,DRP,,,,,,,
2002,DELHI,EAST,,,,,,,
2002,DELHI,IGI AIRPORT,,,,,,,
2002,DELHI,NEW DELHI,,,,,,,
2002,DELHI,NORTH,,,,,,,
2002,DELHI,NORTH-EAST,,,,,,,
2002,DELHI,NORTH-WEST,,,,,,,
2002,DELHI,SOUTH,,,,,,,
2002,DELHI,SOUTH-WEST,,,,,,,
2002,DELHI,SPL CELL,,,,,,,
2002,DELHI,STF,,,,,,,
2002,DELHI,WEST,,,,,,,
2003,DELHI,CENTRAL,,,,,,,
2003,DELHI,EAST,,,,,,,
2003,DELHI,GRP(RLY),,,,,,,
2003,DELHI,IGI AIRPORT,,,,,,,
2003,DELHI,NEW DELHI,,,,,,,
2003,DELHI,NORTH,,,,,,,
2003,DELHI,NORTH-EAST,,,,,,,
2003,DELHI,NORTH-WEST,,,,,,,
2003,DELHI,SOUTH,,,,,,,
2003,DELHI,SOUTH-WEST,,,,,,,
2003,DELHI,STF,,,,,,,
2003,DELHI,WEST,,,,,,,
2004,PUNJAB,FEROZPUR,,,,,,,
2004,DELHI,CENTRAL,,,,,,,
2004,DELHI,EAST,,,,,,,
2004,DELHI,GRP(RLY),,,,,,,
2004,DELHI,IGI AIRPORT,,,,,,,
2004,DELHI,NEW DELHI,,,,,,,
2004,DELHI,NORTH,,,,,,,
2004,DELHI,NORTH-EAST,,,,,,,
2004,DELHI,NORTH-WEST,,,,,,,
2004,DELHI,SOUTH,,,,,,,
2004,DELHI,SOUTH-WEST,,,,,,,
2004,DELHI,STF,,,,,,,
2004,DELHI,WEST,,,,,,,
2005,DELHI,CENTRAL,,,,,,,
2005,DELHI,DRP,,,,,,,
2005,DELHI,EAST,,,,,,,
2005,DELHI,IGI AIRPORT,,,,,,,
2005,DELHI,NEW DELHI,,,,,,,
2005,DELHI,NORTH,,,,,,,
2005,DELHI,NORTH-EAST,,,,,,,
2005,DELHI,NORTH-WEST,,,,,,,
2005,DELHI,SOUTH,,,,,,,
2005,DELHI,SOUTH-WEST,,,,,,,
2005,DELHI,SPL CELL,,,,,,,
2005,DELHI,WEST,,,,,,,
2006,DELHI,CENTRAL,,,,,,,
2006,DELHI,EAST,,,,,,,
2006,DELHI,GRP(RLY),,,,,,,
2006,DELHI,IGI AIRPORT,,,,,,,
2006,DELHI,NEW DELHI,,,,,,,
2006,DELHI,NORTH,,,,,,,
2006,DELHI,NORTH-EAST,,,,,,,
2006,DELHI,NORTH-WEST,,,,,,,
2006,DELHI,SOUTH,,,,,,,
2006,DELHI,SOUTH-WEST,,,,,,,
2006,DELHI,STF,,,,,,,
2006,DELHI,WEST,,,,,,,
2007,DELHI,CENTRAL,,,,,,,
2007,DELHI,EAST,,,,,,,
2007,DELHI,GRP(RLY),,,,,,,
2007,DELHI,IGI AIRPORT,,,,,,,
2007,DELHI,NEW DELHI,,,,,,,
2007,DELHI,NORTH,,,,,,,
2007,DELHI,NORTH-EAST,,,,,,,
2007,DELHI,NORTH-WEST,,,,,,,
2007,DELHI,OUTER,,,,,,,
2007,DELHI,SOUTH,,,,,,,
2007,DELHI,SOUTH-WEST,,,,,,,
2007,DELHI,STF,,,,,,,
2007,DELHI,WEST,,,,,,,
2008,CHHATTISGARH,DANTEWADA,,,,,,,
2008,DELHI,CAW,,,,,,,
2008,DELHI,CENTRAL,,,,,,,
2008,DELHI,CRIME BRANCH,,,,,,,
2008,DELHI,EAST,,,,,,,
2008,DELHI,EOW,,,,,,,
2008,DELHI,GRP(RLY),,,,,,,
2008,DELHI,IGI AIRPORT,,,,,,,
2008,DELHI,NEW DELHI,,,,,,,
2008,DELHI,NORTH,,,,,,,
2008,DELHI,NORTH-EAST,,,,,,,
2008,DELHI,NORTH-WEST,,,,,,,
2008,DELHI,OUTER,,,,,,,
2008,DELHI,SOUTH,,,,,,,
2008,DELHI,SOUTH-EAST,,,,,,,
2008,DELHI,SOUTH-WEST,,,,,,,
2008,DELHI,STF,,,,,,,
2008,DELHI,WEST,,,,,,,
2009,CHHATTISGARH,DANTEWADA,,,,,,,
2009,DELHI,CAW,,,,,,,
2009,DELHI,CENTRAL,,,,,,,
2009,DELHI,CRIME BRANCH,,,,,,,
2009,DELHI,EAST,,,,,,,
2009,DELHI,EOW,,,,,,,
2009,DELHI,GRP(RLY),,,,,,,
2009,DELHI,IGI AIRPORT,,,,,,,
2009,DELHI,NEW DELHI,,,,,,,
2009,DELHI,NORTH,,,,,,,
2009,DELHI,NORTH-EAST,,,,,,,
2009,DELHI,NORTH-WEST,,,,,,,
2009,DELHI,OUTER,,,,,,,
2009,DELHI,SOUTH,,,,,,,
2009,DELHI,SOUTH-EAST,,,,,,,
2009,DELHI,SOUTH-WEST,,,,,,,
2009,DELHI,STF,,,,,,,
2009,DELHI,WEST,,,,,,,
2010,CHHATTISGARH,DANTEWADA,,,,,,,
2010,JAMMU & KASHMIR,C.B.KASHMIR,,,,,,,
2010,DELHI,CAW,,,,,,,
2010,DELHI,CENTRAL,,,,,,,
2010,DELHI,CRIME BRANCH,,,,,,,
2010,DELHI,EAST,,,,,,,
2010,DELHI,EOW,,,,,,,
2010,DELHI,GRP(RLY),,,,,,,
2010,DELHI,IGI AIRPORT,,,,,,,
2010,DELHI,NEW DELHI,,,,,,,
2010,DELHI,NORTH,,,,,,,
2010,DELHI,NORTH-EAST,,,,,,,
2010,DELHI,NORTH-WEST,,,,,,,
2010,DELHI,OUTER,,,,,,,
2010,DELHI,SOUTH,,,,,,,
2010,DELHI,SOUTH-EAST,,,,,,,
2010,DELHI,SOUTH-WEST,,,,,,,
2010,DELHI,STF,,,,,,,
2010,DELHI,WEST,,,,,,,
2011,DELHI,CAW,,,,,,,
2011,DELHI,CENTRAL,,,,,,,
2011,DELHI,CRIME BRANCH,,,,,,,
2011,DELHI,EAST,,,,,,,
2011,DELHI,EOW,,,,,,,
2011,DELHI,GRP(RLY),,,,,,,
2011,DELHI,IGI AIRPORT,,,,,,,
2011,DELHI,NEW DELHI,,,,,,,
2011,DELHI,NORTH,,,,,,,
2011,DELHI,NORTH-EAST,,,,,,,
2011,DELHI,NORTH-WEST,,,,,,,
2011,DELHI,OUTER,,,,,,,
2011,DELHI,SOUTH,,,,,,,
2011,DELHI,SOUTH-EAST,,,,,,,
2011,DELHI,SOUTH-WEST,,,,,,,
2011,DELHI,STF,,,,,,,
2011,DELHI,WEST,,,,,,,
2012,DELHI,CAW,,,,,,,
2012,DELHI,CENTRAL,,,,,,,
2012,DELHI,CRIME BRANCH,,,,,,,
2012,DELHI,EAST,,,,,,,
2012,DELHI,EOW,,,,,,,
2012,DELHI,GRP(RLY),,,,,,,
2012,DELHI,IGI AIRPORT,,,,,,,
2012,DELHI,NEW DELHI,,,,,,,
2012,DELHI,NORTH,,,,,,,
2012,DELHI,NORTH-EAST,,,,,,,
2012,DELHI,NORTH-WEST,,,,,,,
2012,DELHI,OUTER,,,,,,,
2012,DELHI,SOUTH,,,,,,,
2012,DELHI,SOUTH-EAST,,,,,,,
2012,DELHI,SOUTH-WEST,,,,,,,
2012,DELHI,STF,,,,,,,
2012,DELHI,WEST,,,,,,,
2001,DELHI,DELHI UT TOTAL,,,,,,,
2002,DELHI,DELHI UT TOTAL,,,,,,,
2003,KERALA,ERNAKULAM,,,,,,,
2003,KERALA,KOZHIKODE,,,,,,,
2003,KERALA,TRIVANDRUM,,,,,,,
2003,MADHYA PRADESH,BADWANI,,,,,,,
2003,MEGHALAYA,GARI HILLS EAST,,,,,,,
2003,TAMIL NADU,KANCHEEPURAM,,,,,,,
2003,UTTAR PRADESH,AMBEDKARNAGAR,,,,,,,
2003,DELHI,DELHI UT TOTAL,,,,,,,
2004,DELHI,DELHI UT TOTAL,,,,,,,
2005,DELHI,DELHI UT TOTAL,,,,,,,
2006,DELHI,ZDELHI UT TOTAL,,,,,,,
2007,DELHI,ZDELHI UT TOTAL,,,,,,,
2008,CHHATTISGARH,BIJAPUR,,,,,,,
2008,CHHATTISGARH,SURGUJA,,,,,,,
2009,CHHATTISGARH,BIJAPUR,,,,,,,
2009,CHHATTISGARH,SURGUJA,,,,,,,
2001,DELHI,I.G.I. AIRPORT,,,,,,,
2002,DELHI,G.R.P.(RLY),,,,,,,
2002,DELHI,I.G.I. AIRPORT,,,,,,,
2002,DELHI,NORTH EAST,,,,,,,
2002,DELHI,NORTH WEST,,,,,,,
2002,DELHI,S.T.F.,,,,,,,
2002,DELHI,SOUTH WEST,,,,,,,
2003,DELHI,G.R.P.(RLY),,,,,,,
2003,DELHI,I.G.I. AIRPORT,,,,,,,
2003,DELHI,NORTH EAST,,,,,,,
2003,DELHI,NORTH WEST,,,,,,,
2003,DELHI,S.T.F.,,,,,,,
2003,DELHI,SOUTH WEST,,,,,,,
2004,DELHI,G.R.P.(RLY),,,,,,,
2004,DELHI,I.G.I. AIRPORT,,,,,,,
2004,DELHI,NORTH EAST,,,,,,,
2004,DELHI,NORTH WEST,,,,,,,
2004,DELHI,S.T.F.,,,,,,,
2004,DELHI,SOUTH WEST,,,,,,,
2005,DELHI,G.R.P.(RLY),,,,,,,
2006,DELHI,DELHI UT TOTAL,,,,,,,
2007,DELHI,DELHI UT TOTAL,,,,,,,
2008,DELHI,DELHI UT TOTAL,,,,,,,
2009,DELHI,DELHI UT TOTAL,,,,,,,
2010,DELHI,DELHI UT TOTAL,,,,,,,
2011,DELHI,DELHI UT TOTAL,,,,,,,
2012,DELHI,DELHI UT TOTAL,,,,,,,
