YEAR,STATE,UNIT_NAME,GROUP_HOMICIDE,GROUP_SEXUAL_VIOLENCE,GROUP_KIDNAPPING_ABDUCTION,GROUP_ROBBERY_DACOITY,GROUP_PUBLIC_VIOLENCE,GROUP_PROPERTY_CRIME,TOTAL_GROUPED_CRIME,ACTIVE_CRIME_GROUPS,CRIME_DIVERSITY_INDEX,PREV_YEAR_TOTAL_CRIME,YOY_TOTAL_CRIME_CHANGE,TARGET_VIOLENT_LEVEL
2001,ANDHRA PRADESH,ADILABAD,178.0,199.0,46.0,50.0,108.0,517.0,1098.0,6.0,1.4608520653915664,,,4.0
2001,ANDHRA PRADESH,ANANTAPUR,277.0,141.0,53.0,24.0,237.0,633.0,1365.0,6.0,1.4156827568717216,,,5.0
2001,ANDHRA PRADESH,CHITTOOR,160.0,139.0,59.0,18.0,194.0,1202.0,1772.0,6.0,1.0821442704552036,,,4.0
2001,ANDHRA PRADESH,CUDDAPAH,134.0,146.0,25.0,5.0,187.0,320.0,817.0,6.0,1.4467453186635162,,,4.0
2001,ANDHRA PRADESH,EAST GODAVARI,150.0,132.0,49.0,29.0,111.0,1728.0,2199.0,6.0,0.8340072645795313,,,4.0
2001,ANDHRA PRADESH,GUNTAKAL RLY.,4.0,1.0,0.0,7.0,1.0,162.0,175.0,5.0,0.34560223223486847,,,1.0
2001,ANDHRA PRADESH,GUNTUR,272.0,193.0,82.0,75.0,287.0,1827.0,2736.0,6.0,1.1264350354282322,,,5.0
2001,ANDHRA PRADESH,KARIMNAGAR,253.0,470.0,67.0,77.0,253.0,878.0,1998.0,6.0,1.4644462134624452,,,5.0
2001,ANDHRA PRADESH,KHAMMAM,154.0,227.0,41.0,14.0,226.0,705.0,1367.0,6.0,1.3352765631996968,,,5.0
2001,ANDHRA PRADESH,KRISHNA,116.0,245.0,36.0,18.0,132.0,769.0,1316.0,6.0,1.2288088698567,,,4.0
2001,ANDHRA PRADESH,KURNOOL,209.0,170.0,47.0,28.0,89.0,584.0,1127.0,6.0,1.3632479058744582,,,4.0
2001,ANDHRA PRADESH,MAHABOOBNAGAR,250.0,235.0,42.0,35.0,157.0,671.0,1390.0,6.0,1.4054030450044834,,,5.0
2001,ANDHRA PRADESH,MEDAK,169.0,135.0,26.0,53.0,137.0,609.0,1129.0,6.0,1.357576783643206,,,4.0
2001,ANDHRA PRADESH,NALGONDA,183.0,223.0,27.0,34.0,292.0,586.0,1345.0,6.0,1.4343376703414261,,,5.0
2001,ANDHRA PRADESH,NELLORE,163.0,253.0,90.0,28.0,162.0,1049.0,1745.0,6.0,1.247248704258558,,,5.0
2001,ANDHRA PRADESH,NIZAMABAD,169.0,76.0,38.0,29.0,81.0,575.0,968.0,6.0,1.2536601608200533,,,4.0
2001,ANDHRA PRADESH,PRAKASHAM,187.0,159.0,31.0,29.0,181.0,529.0,1116.0,6.0,1.420230959226537,,,4.0
2001,ANDHRA PRADESH,RANGA REDDY,325.0,185.0,106.0,102.0,132.0,2966.0,3816.0,6.0,0.8650947618839961,,,5.0
2001,ANDHRA PRADESH,SECUNDERABAD RLY.,6.0,0.0,0.0,10.0,1.0,304.0,321.0,4.0,0.2519619051462147,,,1.0
2001,ANDHRA PRADESH,SRIKAKULAM,52.0,46.0,12.0,5.0,104.0,420.0,639.0,6.0,1.0774758484126277,,,2.0
2001,ANDHRA PRADESH,VIJAYAWADA,102.0,109.0,70.0,30.0,36.0,3196.0,3543.0,6.0,0.4667850526205111,,,3.0
2001,ANDHRA PRADESH,VIJAYAWADA RLY.,3.0,2.0,0.0,1.0,1.0,270.0,277.0,5.0,0.15016891356392553,,,1.0
2001,ANDHRA PRADESH,VISAKHAPATNAM,33.0,46.0,13.0,6.0,24.0,1182.0,1304.0,6.0,0.4442983804057128,,,2.0
2001,ANDHRA PRADESH,VIZIANAGARAM,48.0,48.0,8.0,2.0,48.0,295.0,449.0,6.0,1.0889104102688874,,,2.0
2001,ANDHRA PRADESH,WARANGAL,242.0,294.0,81.0,25.0,330.0,827.0,1799.0,6.0,1.4332615439926513,,,5.0
2001,ANDHRA PRADESH,WEST GODAVARI,136.0,307.0,41.0,22.0,128.0,1706.0,2340.0,6.0,0.9359081470201598,,,4.0
2001,ARUNACHAL PRADESH,CHANGLANG,13.0,4.0,3.0,7.0,1.0,49.0,77.0,6.0,1.1424298165511935,,,1.0
2001,ARUNACHAL PRADESH,DIBANG VALLEY,8.0,6.0,4.0,7.0,0.0,40.0,65.0,5.0,1.188113180645926,,,1.0
2001,ARUNACHAL PRADESH,KAMENG EAST,4.0,7.0,7.0,7.0,1.0,36.0,62.0,6.0,1.2978445082860415,,,1.0
2001,ARUNACHAL PRADESH,KAMENG WEST,6.0,0.0,2.0,1.0,0.0,37.0,46.0,4.0,0.6603628324820401,,,1.0
2001,ARUNACHAL PRADESH,LOHIT,23.0,10.0,6.0,10.0,5.0,58.0,112.0,6.0,1.3928603907997148,,,1.0
2001,ARUNACHAL PRADESH,PAPUM PARE,19.0,15.0,15.0,33.0,10.0,188.0,280.0,6.0,1.134619831356416,,,2.0
2001,ARUNACHAL PRADESH,SIANG EAST,7.0,12.0,11.0,12.0,2.0,85.0,129.0,6.0,1.1493656617114545,,,1.0
2001,ARUNACHAL PRADESH,SIANG UPPER,2.0,5.0,5.0,0.0,3.0,15.0,30.0,5.0,1.3546219360622096,,,1.0
2001,ARUNACHAL PRADESH,SIANG WEST,19.0,29.0,17.0,11.0,5.0,116.0,197.0,6.0,1.2852288746566856,,,1.0
2001,ARUNACHAL PRADESH,SUBANSIRI LOWER,19.0,6.0,6.0,8.0,7.0,47.0,93.0,6.0,1.428736107216722,,,1.0
2001,ARUNACHAL PRADESH,SUBANSIRI UPPER,4.0,10.0,1.0,8.0,2.0,39.0,64.0,6.0,1.198386844796628,,,1.0
2001,ARUNACHAL PRADESH,TAWANG,2.0,6.0,0.0,0.0,0.0,17.0,25.0,3.0,0.806816703850445,,,1.0
2001,ARUNACHAL PRADESH,TIRAP,13.0,1.0,6.0,2.0,1.0,35.0,58.0,6.0,1.1308158557943904,,,1.0
2001,ASSAM,BARPETA,69.0,57.0,105.0,88.0,234.0,335.0,888.0,6.0,1.5755059584431816,,,5.0
2001,ASSAM,BONGAIGAON,67.0,42.0,36.0,38.0,99.0,196.0,478.0,6.0,1.57680984610312,,,3.0
2001,ASSAM,C.I.D.,0.0,0.0,0.0,0.0,0.0,6.0,6.0,1.0,-0.0,,,1.0
2001,ASSAM,CACHAR,83.0,125.0,104.0,71.0,597.0,610.0,1590.0,6.0,1.4066123185111246,,,5.0
2001,ASSAM,DARRANG,74.0,104.0,64.0,50.0,116.0,342.0,750.0,6.0,1.5397947101863736,,,4.0
2001,ASSAM,DHEMAJI,31.0,68.0,31.0,14.0,29.0,127.0,300.0,6.0,1.538302900341145,,,2.0
2001,ASSAM,DHUBRI,88.0,92.0,69.0,72.0,425.0,197.0,943.0,6.0,1.5224358165642935,,,5.0
2001,ASSAM,DIBRUGARH,138.0,76.0,57.0,43.0,41.0,464.0,819.0,6.0,1.3326931722258326,,,4.0
2001,ASSAM,G.R.P.,14.0,1.0,3.0,24.0,9.0,147.0,198.0,6.0,0.8949107536164097,,,1.0
2001,ASSAM,GOALPARA,40.0,89.0,43.0,50.0,133.0,201.0,556.0,6.0,1.6071760444478562,,,4.0
2001,ASSAM,GOLAGHAT,55.0,53.0,44.0,40.0,47.0,329.0,568.0,6.0,1.3548885737472265,,,3.0
2001,ASSAM,HAILAKANDI,22.0,51.0,36.0,14.0,179.0,205.0,507.0,6.0,1.3878036453846232,,,3.0
2001,ASSAM,JORHAT,64.0,86.0,37.0,33.0,43.0,317.0,580.0,6.0,1.3879685097422376,,,3.0
2001,ASSAM,KAMRUP,75.0,63.0,95.0,71.0,61.0,547.0,912.0,6.0,1.3119179803273244,,,4.0
2001,ASSAM,KARBI ANGLONG,94.0,10.0,38.0,45.0,114.0,106.0,407.0,6.0,1.6012583607117856,,,3.0
2001,ASSAM,KARIMGANJ,52.0,42.0,42.0,13.0,288.0,188.0,625.0,6.0,1.3687004973520496,,,4.0
2001,ASSAM,KOKRAJHAR,115.0,51.0,41.0,24.0,56.0,144.0,431.0,6.0,1.6211130587486335,,,3.0
2001,ASSAM,LAKHIMPUR,48.0,86.0,72.0,62.0,106.0,415.0,789.0,6.0,1.4378715954783825,,,4.0
2001,ASSAM,MORIGAON,29.0,29.0,39.0,25.0,84.0,161.0,367.0,6.0,1.5213055215550781,,,3.0
2001,ASSAM,N.C.HILLS,26.0,4.0,8.0,9.0,7.0,58.0,112.0,6.0,1.363201490780967,,,1.0
2001,ASSAM,NAGAON,120.0,164.0,119.0,92.0,308.0,846.0,1649.0,6.0,1.4267554569146483,,,5.0
2001,ASSAM,NALBARI,115.0,46.0,53.0,54.0,25.0,247.0,540.0,6.0,1.497298540110504,,,3.0
2001,ASSAM,R.P.O.,11.0,3.0,2.0,15.0,13.0,31.0,75.0,6.0,1.4977857504632575,,,1.0
2001,ASSAM,SIBSAGAR,83.0,75.0,64.0,44.0,71.0,387.0,724.0,6.0,1.4303592547307131,,,4.0
2001,ASSAM,SONITPUR,112.0,96.0,87.0,48.0,117.0,574.0,1034.0,6.0,1.3854989731812766,,,4.0
2001,ASSAM,TINSUKIA,125.0,50.0,62.0,69.0,23.0,472.0,801.0,6.0,1.2858778056364564,,,4.0
2001,BIHAR,ARARIA,78.0,96.0,79.0,82.0,378.0,314.0,1027.0,6.0,1.5466294621168157,,,5.0
2001,BIHAR,ARWAL,102.0,11.0,13.0,13.0,90.0,60.0,289.0,6.0,1.4606955382410565,,,2.0
2001,BIHAR,AURANGABAD,120.0,29.0,24.0,47.0,158.0,281.0,659.0,6.0,1.4624253634657545,,,4.0
2001,BIHAR,BAGAHA,113.0,29.0,56.0,10.0,73.0,138.0,419.0,6.0,1.5666143663404244,,,3.0
2001,BIHAR,BANKA,113.0,34.0,27.0,88.0,200.0,131.0,593.0,6.0,1.6037464410607924,,,4.0
2001,BIHAR,BEGUSARAI,206.0,45.0,53.0,85.0,153.0,393.0,935.0,6.0,1.5204852346705913,,,5.0
2001,BIHAR,BETTIAH,95.0,43.0,84.0,40.0,361.0,426.0,1049.0,6.0,1.4082429387936353,,,5.0
2001,BIHAR,BHABHUA,69.0,17.0,43.0,60.0,207.0,311.0,707.0,6.0,1.4172419243576915,,,4.0
2001,BIHAR,BHAGALPUR,207.0,50.0,66.0,77.0,184.0,566.0,1150.0,6.0,1.4321636573600165,,,5.0
2001,BIHAR,BHOJPUR,168.0,22.0,46.0,81.0,240.0,359.0,916.0,6.0,1.4833757016283153,,,5.0
2001,BIHAR,BUXAR,94.0,8.0,34.0,83.0,207.0,312.0,738.0,6.0,1.4195873815742175,,,4.0
2001,BIHAR,DARBHANGA,121.0,59.0,39.0,66.0,159.0,238.0,682.0,6.0,1.615033072994091,,,4.0
2001,BIHAR,GAYA,377.0,52.0,66.0,214.0,440.0,701.0,1850.0,6.0,1.502267351653334,,,5.0
2001,BIHAR,GOPALGANJ,203.0,13.0,59.0,105.0,233.0,354.0,967.0,6.0,1.5081294486284498,,,5.0
2001,BIHAR,JAMALPUR RLY.,7.0,2.0,4.0,22.0,0.0,121.0,156.0,5.0,0.762378873659311,,,1.0
2001,BIHAR,JAMUI,144.0,18.0,14.0,36.0,135.0,138.0,485.0,6.0,1.4917645717189454,,,4.0
2001,BIHAR,JEHANABAD,155.0,6.0,35.0,37.0,170.0,225.0,628.0,6.0,1.4389877466396057,,,4.0
2001,BIHAR,KATIHAR,109.0,57.0,49.0,79.0,194.0,244.0,732.0,6.0,1.6217778552021747,,,5.0
2001,BIHAR,KATIHAR RLY.,7.0,2.0,3.0,37.0,9.0,242.0,300.0,6.0,0.703764421441895,,,1.0
2001,BIHAR,KHAGARIA,101.0,11.0,34.0,35.0,168.0,113.0,462.0,6.0,1.5211531329755263,,,4.0
2001,BIHAR,KISHANGANJ,41.0,24.0,23.0,29.0,124.0,111.0,352.0,6.0,1.548942371109747,,,3.0
2001,BIHAR,LAKHISARAI,110.0,22.0,30.0,22.0,97.0,115.0,396.0,6.0,1.5760889857206468,,,3.0
2001,BIHAR,MADHEPURA,86.0,14.0,49.0,48.0,165.0,110.0,472.0,6.0,1.5890311960639953,,,4.0
2001,BIHAR,MADHUBANI,105.0,54.0,36.0,41.0,199.0,204.0,639.0,6.0,1.5716442811933384,,,4.0
2001,BIHAR,MOTIHARI,223.0,47.0,100.0,109.0,388.0,525.0,1392.0,6.0,1.5202609646643381,,,5.0
2001,BIHAR,MUNGER,159.0,11.0,45.0,35.0,230.0,243.0,723.0,6.0,1.4469752219793994,,,4.0
2001,BIHAR,MUZAFFARPUR,336.0,154.0,113.0,167.0,283.0,817.0,1870.0,6.0,1.546897745548586,,,5.0
2001,BIHAR,MUZAFFARPUR RLY.,16.0,6.0,5.0,19.0,14.0,343.0,403.0,6.0,0.6431255134849739,,,1.0
2001,BIHAR,NALANDA,475.0,54.0,126.0,148.0,331.0,557.0,1691.0,6.0,1.5583807137044905,,,5.0
2001,BIHAR,NAUGACHIA,101.0,7.0,29.0,33.0,57.0,55.0,282.0,6.0,1.5864385627937476,,,3.0
2001,BIHAR,NAWADAH,136.0,22.0,42.0,47.0,195.0,142.0,584.0,6.0,1.5650629421063609,,,4.0
2001,BIHAR,PATNA,1045.0,74.0,197.0,505.0,560.0,2521.0,4902.0,6.0,1.3459402988150049,,,5.0
2001,BIHAR,PATNA RLY.,45.0,10.0,3.0,39.0,11.0,827.0,935.0,6.0,0.5063200749357029,,,2.0
2001,BIHAR,PURNEA,203.0,44.0,64.0,172.0,276.0,360.0,1119.0,6.0,1.5985188448223733,,,5.0
2001,BIHAR,ROHTAS,243.0,46.0,72.0,146.0,418.0,550.0,1475.0,6.0,1.5067561473306952,,,5.0
2001,BIHAR,SAHARSA,190.0,21.0,27.0,18.0,162.0,127.0,545.0,6.0,1.4543891006910983,,,4.0
2001,BIHAR,SAMASTIPUR,242.0,36.0,75.0,94.0,357.0,413.0,1217.0,6.0,1.5213614639397215,,,5.0
2001,BIHAR,SARAN,207.0,42.0,65.0,162.0,352.0,368.0,1196.0,6.0,1.5728973090244631,,,5.0
2001,BIHAR,SHEIKHPURA,30.0,3.0,16.0,28.0,139.0,118.0,334.0,6.0,1.3445913925314135,,,3.0
2001,BIHAR,SHEOHAR,19.0,11.0,13.0,15.0,38.0,22.0,118.0,6.0,1.698502494703265,,,2.0
2001,BIHAR,SITAMARHI,59.0,24.0,34.0,39.0,225.0,230.0,611.0,6.0,1.4249103884627192,,,4.0
2001,BIHAR,SIWAN,275.0,10.0,51.0,145.0,255.0,228.0,964.0,6.0,1.538414520621767,,,5.0
2001,BIHAR,SUPAUL,106.0,38.0,26.0,71.0,170.0,195.0,606.0,6.0,1.5863614258012473,,,4.0
2001,BIHAR,VAISHALI,271.0,72.0,90.0,65.0,303.0,691.0,1492.0,6.0,1.4422374843875037,,,5.0
2001,CHHATTISGARH,BALRAMPUR,15.0,35.0,1.0,28.0,17.0,53.0,149.0,6.0,1.5344848313093085,,,1.0
2001,CHHATTISGARH,BILASPUR,152.0,249.0,20.0,41.0,183.0,1269.0,1914.0,6.0,1.093399388055825,,,4.0
2001,CHHATTISGARH,BIZAPUR,22.0,5.0,0.0,8.0,7.0,12.0,54.0,5.0,1.4681339222988052,,,1.0
2001,CHHATTISGARH,DANTEWARA,120.0,37.0,11.0,12.0,19.0,129.0,328.0,6.0,1.3809439728148207,,,2.0
2001,CHHATTISGARH,DHAMTARI,20.0,63.0,4.0,2.0,23.0,250.0,362.0,6.0,0.9735635447780421,,,1.0
2001,CHHATTISGARH,DURG,142.0,431.0,57.0,59.0,83.0,1592.0,2364.0,6.0,1.0450035061766192,,,5.0
2001,CHHATTISGARH,GRP RAIPUR,3.0,4.0,0.0,11.0,4.0,207.0,229.0,5.0,0.43531226573032294,,,1.0
2001,CHHATTISGARH,JAGDALPUR,119.0,108.0,6.0,25.0,47.0,338.0,643.0,6.0,1.3110051121063688,,,3.0
2001,CHHATTISGARH,JANJGIR,77.0,139.0,9.0,27.0,128.0,457.0,837.0,6.0,1.2947372196096603,,,3.0
2001,CHHATTISGARH,JASHPUR,59.0,77.0,2.0,22.0,21.0,166.0,347.0,6.0,1.3624028806167383,,,2.0
2001,CHHATTISGARH,KANKER,49.0,78.0,4.0,8.0,26.0,131.0,296.0,6.0,1.3793305617732616,,,2.0
2001,CHHATTISGARH,KAWARDHA,33.0,80.0,1.0,3.0,14.0,118.0,249.0,6.0,1.223756890561612,,,2.0
2001,CHHATTISGARH,KORBA,47.0,136.0,13.0,8.0,74.0,579.0,857.0,6.0,1.0349398706015287,,,3.0
2001,CHHATTISGARH,KORIYA,64.0,136.0,7.0,9.0,28.0,393.0,637.0,6.0,1.1056003026929473,,,2.0
2001,CHHATTISGARH,MAHASAMUND,43.0,112.0,7.0,8.0,40.0,289.0,499.0,6.0,1.1913378132550256,,,2.0
2001,CHHATTISGARH,RAIGARH,74.0,157.0,6.0,15.0,38.0,441.0,731.0,6.0,1.1399677931145444,,,3.0
2001,CHHATTISGARH,RAIPUR,204.0,357.0,38.0,68.0,138.0,1834.0,2639.0,6.0,1.031051512070539,,,5.0
2001,CHHATTISGARH,RAJNANDGAON,63.0,150.0,4.0,18.0,61.0,544.0,840.0,6.0,1.081525288304121,,,3.0
2001,CHHATTISGARH,SARGUJA,148.0,368.0,17.0,53.0,135.0,710.0,1431.0,6.0,1.3290901633127277,,,5.0
2001,GOA,NORTH GOA,42.0,16.0,4.0,15.0,43.0,534.0,654.0,6.0,0.7293268362212386,,,2.0
2001,GOA,SOUTH GOA,29.0,13.0,5.0,17.0,37.0,502.0,603.0,6.0,0.6928807788485482,,,2.0
2001,GUJARAT,AHMEDABAD COMMR.,208.0,93.0,143.0,210.0,193.0,4628.0,5475.0,6.0,0.6737405606768854,,,5.0
2001,GUJARAT,AHWA-DANG,6.0,3.0,2.0,1.0,12.0,21.0,45.0,6.0,1.3802949557227544,,,1.0
2001,GUJARAT,AMRELI,52.0,23.0,39.0,29.0,69.0,362.0,574.0,6.0,1.2253818752404575,,,2.0
2001,GUJARAT,ANAND,44.0,30.0,30.0,24.0,85.0,811.0,1024.0,6.0,0.8213446303946091,,,2.0
2001,GUJARAT,BHARUCH,51.0,23.0,39.0,30.0,66.0,679.0,888.0,6.0,0.9088216771472033,,,2.0
2001,GUJARAT,BHAVNAGAR,92.0,45.0,60.0,53.0,138.0,1021.0,1409.0,6.0,1.0069246338450375,,,4.0
2001,GUJARAT,DAHOD,44.0,22.0,15.0,66.0,80.0,222.0,449.0,6.0,1.4263953745883118,,,2.0
2001,GUJARAT,GANDHINAGAR,36.0,41.0,15.0,36.0,69.0,842.0,1039.0,6.0,0.7722212171536069,,,2.0
2001,GUJARAT,HIMATNAGAR,67.0,68.0,31.0,52.0,90.0,505.0,813.0,6.0,1.253075410568445,,,3.0
2001,GUJARAT,JAMNAGAR,77.0,38.0,27.0,22.0,47.0,805.0,1016.0,6.0,0.8244388727145567,,,2.0
2001,GUJARAT,JUNAGADH,93.0,58.0,46.0,56.0,102.0,1018.0,1373.0,6.0,0.9752430022661036,,,4.0
2001,GUJARAT,KHEDA NORTH,47.0,54.0,30.0,28.0,84.0,634.0,877.0,6.0,1.0131234442015404,,,2.0
2001,GUJARAT,KUTCH,81.0,27.0,24.0,19.0,66.0,499.0,716.0,6.0,1.0516644348421407,,,2.0
2001,GUJARAT,MEHSANA,45.0,51.0,58.0,68.0,113.0,889.0,1224.0,6.0,1.0111487410472484,,,3.0
2001,GUJARAT,NARMADA,19.0,15.0,9.0,1.0,20.0,78.0,142.0,6.0,1.3214746014773913,,,1.0
2001,GUJARAT,NAVSARI,32.0,8.0,6.0,20.0,28.0,280.0,374.0,6.0,0.9262689025434793,,,1.0
2001,GUJARAT,PALANPUR,97.0,68.0,41.0,60.0,115.0,741.0,1122.0,6.0,1.1665523325700033,,,4.0
2001,GUJARAT,PANCHMAHAL,69.0,6.0,46.0,40.0,107.0,547.0,815.0,6.0,1.0895650847158531,,,3.0
2001,GUJARAT,PATAN,42.0,26.0,21.0,27.0,90.0,377.0,583.0,6.0,1.1605465233515342,,,2.0
2001,GUJARAT,PORBANDAR,24.0,16.0,5.0,3.0,13.0,213.0,274.0,6.0,0.842043030273218,,,1.0
2001,GUJARAT,RAJKOT COMMR.,63.0,24.0,46.0,36.0,119.0,1678.0,1966.0,6.0,0.6301036070012279,,,3.0
2001,GUJARAT,SURAT COMMR.,119.0,21.0,57.0,85.0,137.0,2069.0,2488.0,6.0,0.700580388330657,,,4.0
2001,GUJARAT,SURENDRANAGAR,55.0,56.0,29.0,20.0,82.0,384.0,626.0,6.0,1.2479973952550543,,,2.0
2001,GUJARAT,VADODARA COMMR.,48.0,14.0,35.0,43.0,158.0,1527.0,1825.0,6.0,0.6581832991386425,,,3.0
2001,GUJARAT,VALSAD,55.0,19.0,16.0,47.0,52.0,765.0,954.0,6.0,0.7950077921278549,,,2.0
2001,GUJARAT,W.RLY,23.0,8.0,0.0,94.0,8.0,952.0,1085.0,5.0,0.48075364911925306,,,2.0
2001,HARYANA,AMBALA,51.0,38.0,38.0,20.0,16.0,770.0,933.0,6.0,0.7301775300351102,,,2.0
2001,HARYANA,BHIWANI,68.0,27.0,9.0,19.0,125.0,402.0,650.0,6.0,1.1450547660867372,,,3.0
2001,HARYANA,FARIDABAD,113.0,84.0,78.0,51.0,147.0,1082.0,1555.0,6.0,1.085701352135978,,,4.0
2001,HARYANA,FATEHABAD,43.0,34.0,20.0,14.0,17.0,290.0,418.0,6.0,1.0811287880013771,,,2.0
2001,HARYANA,GRP,27.0,1.0,2.0,5.0,9.0,174.0,218.0,6.0,0.7245330326755051,,,1.0
2001,HARYANA,GURGAON,104.0,53.0,50.0,55.0,98.0,1172.0,1532.0,6.0,0.9109137482780894,,,4.0
2001,HARYANA,HISSAR,105.0,43.0,26.0,29.0,36.0,864.0,1103.0,6.0,0.8373709913018674,,,3.0
2001,HARYANA,JHAJJAR,78.0,63.0,14.0,27.0,68.0,352.0,602.0,6.0,1.2877991861664777,,,3.0
2001,HARYANA,JIND,64.0,43.0,12.0,30.0,73.0,416.0,638.0,6.0,1.1578311814173905,,,3.0
2001,HARYANA,KAITHAL,56.0,35.0,9.0,12.0,28.0,323.0,463.0,6.0,1.0428367635622522,,,2.0
2001,HARYANA,KARNAL,73.0,72.0,31.0,24.0,58.0,755.0,1013.0,6.0,0.9556882956256976,,,3.0
2001,HARYANA,KURUKSHETRA,32.0,59.0,14.0,18.0,4.0,625.0,752.0,6.0,0.6791303254571487,,,2.0
2001,HARYANA,MAHENDRAGARH,36.0,30.0,13.0,2.0,68.0,218.0,367.0,6.0,1.2009485322987088,,,2.0
2001,HARYANA,PANCHKULA,20.0,29.0,18.0,6.0,3.0,385.0,461.0,6.0,0.6764826556539412,,,1.0
2001,HARYANA,PANIPAT,72.0,54.0,19.0,67.0,42.0,670.0,924.0,6.0,1.0085367075152305,,,3.0
2001,HARYANA,REWARI,38.0,28.0,13.0,7.0,62.0,270.0,418.0,6.0,1.1408594855217602,,,2.0
2001,HARYANA,ROHTAK,87.0,54.0,13.0,34.0,47.0,670.0,905.0,6.0,0.9537772101090977,,,3.0
2001,HARYANA,SIRSA,75.0,40.0,18.0,7.0,30.0,491.0,661.0,6.0,0.924154993312695,,,2.0
2001,HARYANA,SONIPAT,126.0,37.0,26.0,33.0,14.0,530.0,766.0,6.0,1.0215446258179317,,,3.0
2001,HARYANA,YAMUNANAGAR,58.0,52.0,26.0,14.0,8.0,339.0,497.0,6.0,1.0691991824014375,,,2.0
2001,HIMACHAL PRADESH,BILASPUR,18.0,40.0,10.0,5.0,96.0,122.0,291.0,6.0,1.360873424775723,,,2.0
2001,HIMACHAL PRADESH,CHAMBA,16.0,35.0,17.0,1.0,14.0,134.0,217.0,6.0,1.1853325407987203,,,1.0
2001,HIMACHAL PRADESH,G.R.P.,1.0,0.0,0.0,0.0,1.0,1.0,3.0,3.0,1.0986122886681096,,,1.0
2001,HIMACHAL PRADESH,HAMIRPUR,8.0,20.0,3.0,1.0,33.0,62.0,127.0,6.0,1.292115463846683,,,1.0
2001,HIMACHAL PRADESH,KANGRA,43.0,61.0,30.0,5.0,151.0,284.0,574.0,6.0,1.3273751093887887,,,3.0
2001,HIMACHAL PRADESH,KINNAUR,5.0,10.0,3.0,0.0,5.0,28.0,51.0,5.0,1.2706924326225315,,,1.0
2001,HIMACHAL PRADESH,KULLU,14.0,25.0,7.0,1.0,33.0,77.0,157.0,6.0,1.3562595869353569,,,1.0
2001,HIMACHAL PRADESH,LAHAUL-SPITI,1.0,2.0,1.0,1.0,3.0,7.0,15.0,6.0,1.4878167164014493,,,1.0
2001,HIMACHAL PRADESH,MANDI,26.0,75.0,11.0,3.0,117.0,199.0,431.0,6.0,1.312658405968992,,,2.0
2001,HIMACHAL PRADESH,SHIMLA,29.0,68.0,13.0,7.0,135.0,402.0,654.0,6.0,1.1248051336804332,,,2.0
2001,HIMACHAL PRADESH,SIRMAUR,8.0,43.0,13.0,4.0,60.0,78.0,206.0,6.0,1.4310770492999907,,,2.0
2001,HIMACHAL PRADESH,SOLAN,23.0,35.0,13.0,1.0,71.0,160.0,303.0,6.0,1.276188341902618,,,2.0
2001,HIMACHAL PRADESH,UNA,13.0,20.0,5.0,3.0,43.0,105.0,189.0,6.0,1.2470409024267441,,,1.0
2001,JAMMU & KASHMIR,ANANTNAG,115.0,59.0,59.0,21.0,118.0,242.0,614.0,6.0,1.5632924855547856,,,4.0
2001,JAMMU & KASHMIR,AWANTIPORA,28.0,9.0,14.0,4.0,19.0,41.0,115.0,6.0,1.581718885936608,,,1.0
2001,JAMMU & KASHMIR,BARAMULLA,301.0,121.0,75.0,18.0,186.0,284.0,985.0,6.0,1.5624216301950236,,,5.0
2001,JAMMU & KASHMIR,BORDER,48.0,27.0,10.0,0.0,17.0,65.0,167.0,5.0,1.4214016314119156,,,2.0
2001,JAMMU & KASHMIR,BUDGAM,187.0,42.0,40.0,2.0,101.0,168.0,540.0,6.0,1.4562098273618365,,,4.0
2001,JAMMU & KASHMIR,CRIME JAMMU,0.0,0.0,0.0,0.0,0.0,27.0,27.0,1.0,-0.0,,,1.0
2001,JAMMU & KASHMIR,CRIME SRINAGAR,0.0,0.0,0.0,0.0,0.0,69.0,69.0,1.0,-0.0,,,1.0
2001,JAMMU & KASHMIR,DODA,251.0,13.0,15.0,8.0,57.0,47.0,391.0,6.0,1.13776082273219,,,3.0
2001,JAMMU & KASHMIR,GANDERBAL,34.0,35.0,33.0,1.0,63.0,75.0,241.0,6.0,1.5655135899414323,,,2.0
2001,JAMMU & KASHMIR,JAMMU,115.0,53.0,43.0,4.0,116.0,789.0,1120.0,6.0,1.0049941982935402,,,3.0
2001,JAMMU & KASHMIR,KARGIL,0.0,1.0,2.0,0.0,8.0,8.0,19.0,4.0,1.1203674513771107,,,1.0
2001,JAMMU & KASHMIR,KATHUA,45.0,27.0,11.0,3.0,58.0,95.0,239.0,6.0,1.4677435033862747,,,2.0
2001,JAMMU & KASHMIR,KULGAM,57.0,13.0,35.0,18.0,111.0,90.0,324.0,6.0,1.5585124652268272,,,3.0
2001,JAMMU & KASHMIR,KUPWARA,410.0,68.0,47.0,1.0,96.0,93.0,715.0,6.0,1.2656852336690594,,,5.0
2001,JAMMU & KASHMIR,LEH,4.0,1.0,1.0,0.0,5.0,19.0,30.0,5.0,1.0833071279684074,,,1.0
2001,JAMMU & KASHMIR,POONCH,289.0,17.0,16.0,1.0,70.0,89.0,482.0,6.0,1.1426605806088979,,,4.0
2001,JAMMU & KASHMIR,PULWAMA,136.0,26.0,37.0,28.0,150.0,223.0,600.0,6.0,1.501709884130399,,,4.0
2001,JAMMU & KASHMIR,RAJOURI,174.0,24.0,20.0,6.0,21.0,67.0,312.0,6.0,1.2870304539328365,,,3.0
2001,JAMMU & KASHMIR,RAMBAN,102.0,6.0,7.0,2.0,21.0,31.0,169.0,6.0,1.1778630716916978,,,2.0
2001,JAMMU & KASHMIR,REASI,114.0,12.0,11.0,1.0,18.0,39.0,195.0,6.0,1.2164459854540148,,,2.0
2001,JAMMU & KASHMIR,SRINAGAR,120.0,215.0,115.0,65.0,222.0,981.0,1718.0,6.0,1.3352534051661153,,,5.0
2001,JAMMU & KASHMIR,UDHAMPUR,50.0,22.0,15.0,2.0,52.0,199.0,340.0,6.0,1.2276413084650557,,,2.0
2001,JHARKHAND,BOKARO,147.0,50.0,38.0,104.0,132.0,576.0,1047.0,6.0,1.3604773966867532,,,4.0
2001,JHARKHAND,CHAIBASA,153.0,38.0,17.0,16.0,27.0,167.0,418.0,6.0,1.3845152016559708,,,3.0
2001,JHARKHAND,CHATRA,50.0,6.0,10.0,38.0,91.0,123.0,318.0,6.0,1.4538981661444552,,,2.0
2001,JHARKHAND,DEOGHAR,133.0,35.0,7.0,28.0,129.0,217.0,549.0,6.0,1.4335442713549749,,,3.0
2001,JHARKHAND,DHANBAD,135.0,79.0,57.0,104.0,219.0,837.0,1431.0,6.0,1.3025099765928876,,,5.0
2001,JHARKHAND,DHANBAD RLY.,11.0,2.0,4.0,25.0,4.0,226.0,272.0,6.0,0.6632788945750314,,,1.0
2001,JHARKHAND,DUMKA,99.0,47.0,24.0,19.0,91.0,136.0,416.0,6.0,1.591500850334949,,,3.0
2001,JHARKHAND,GARHWA,44.0,11.0,5.0,36.0,125.0,103.0,324.0,6.0,1.4262639905138845,,,3.0
2001,JHARKHAND,GIRIDIH,134.0,55.0,15.0,83.0,194.0,294.0,775.0,6.0,1.5212045567072607,,,4.0
2001,JHARKHAND,GODDA,61.0,37.0,30.0,42.0,90.0,139.0,399.0,6.0,1.6424449734435866,,,3.0
2001,JHARKHAND,GUMLA,161.0,31.0,16.0,74.0,40.0,98.0,420.0,6.0,1.5538167740660884,,,3.0
2001,JHARKHAND,HAZARIBAGH,115.0,56.0,42.0,153.0,273.0,561.0,1200.0,6.0,1.4400057995530808,,,5.0
2001,JHARKHAND,JAMSHEDPUR,279.0,108.0,60.0,37.0,139.0,677.0,1300.0,6.0,1.3590439860453856,,,5.0
2001,JHARKHAND,JAMSHEDPUR RLY.,4.0,2.0,0.0,10.0,2.0,71.0,89.0,5.0,0.7358960510063736,,,1.0
2001,JHARKHAND,JAMTARA,52.0,31.0,14.0,15.0,64.0,101.0,277.0,6.0,1.574264719644354,,,2.0
2001,JHARKHAND,KODERMA,40.0,10.0,14.0,28.0,83.0,137.0,312.0,6.0,1.4429047414005463,,,2.0
2001,JHARKHAND,LATEHAR,67.0,12.0,4.0,53.0,27.0,63.0,226.0,6.0,1.5377517368644265,,,2.0
2001,JHARKHAND,LOHARDAGGA,37.0,16.0,14.0,19.0,32.0,51.0,169.0,6.0,1.6844361013078033,,,2.0
2001,JHARKHAND,PAKUR,50.0,23.0,7.0,16.0,46.0,75.0,217.0,6.0,1.5751534798504914,,,2.0
2001,JHARKHAND,PALAMU,128.0,23.0,14.0,75.0,183.0,191.0,614.0,6.0,1.5169740118526724,,,4.0
2001,JHARKHAND,RANCHI,326.0,97.0,1.0,221.0,76.0,751.0,1472.0,6.0,1.299077811101033,,,5.0
2001,JHARKHAND,SAHEBGANJ,84.0,43.0,17.0,20.0,82.0,129.0,375.0,6.0,1.5795493144076869,,,3.0
2001,JHARKHAND,SARAIKELA,153.0,35.0,19.0,27.0,29.0,188.0,451.0,6.0,1.408299294728644,,,3.0
2001,JHARKHAND,SIMDEGA,53.0,17.0,12.0,40.0,5.0,19.0,146.0,6.0,1.5592526053003606,,,2.0
2001,KARNATAKA,BAGALKOT,103.0,41.0,17.0,5.0,230.0,176.0,572.0,6.0,1.3725502132107334,,,3.0
2001,KARNATAKA,BANGALORE COMMR.,553.0,263.0,152.0,315.0,301.0,10367.0,11951.0,6.0,0.5936031137713721,,,5.0
2001,KARNATAKA,BELGAUM,177.0,70.0,27.0,66.0,414.0,717.0,1471.0,6.0,1.3194517186718033,,,5.0
2001,KARNATAKA,BELLARY,100.0,98.0,14.0,25.0,273.0,510.0,1020.0,6.0,1.3018737886835057,,,4.0
2001,KARNATAKA,BIDAR,110.0,97.0,19.0,43.0,184.0,396.0,849.0,6.0,1.4358566447473813,,,4.0
2001,KARNATAKA,BIJAPUR,102.0,71.0,24.0,26.0,430.0,334.0,987.0,6.0,1.3387125606779318,,,5.0
2001,KARNATAKA,CHAMARAJNAGAR,37.0,47.0,5.0,10.0,132.0,218.0,449.0,6.0,1.2874600413953894,,,2.0
2001,KARNATAKA,CHICKMAGALUR,68.0,65.0,12.0,14.0,192.0,402.0,753.0,6.0,1.2521658520210863,,,3.0
2001,KARNATAKA,CHITRADURGA,53.0,66.0,4.0,28.0,277.0,289.0,717.0,6.0,1.3013802336264302,,,4.0
2001,KARNATAKA,DAKSHIN KANNADA,69.0,27.0,9.0,9.0,139.0,503.0,756.0,6.0,1.0254756104960479,,,2.0
2001,KARNATAKA,DAVANAGERE,103.0,106.0,23.0,31.0,298.0,636.0,1197.0,6.0,1.2784577946708637,,,4.0
2001,KARNATAKA,DHARWAD COMMR.,40.0,7.0,8.0,39.0,175.0,468.0,737.0,6.0,1.036764698611978,,,3.0
2001,KARNATAKA,GADAG,40.0,12.0,4.0,17.0,110.0,137.0,320.0,6.0,1.324026966634186,,,2.0
2001,KARNATAKA,GULBARGA,181.0,163.0,35.0,71.0,448.0,588.0,1486.0,6.0,1.460801830729262,,,5.0
2001,KARNATAKA,HASSAN,133.0,95.0,17.0,28.0,210.0,456.0,939.0,6.0,1.3717053679424114,,,4.0
2001,KARNATAKA,HAVERI,45.0,45.0,12.0,17.0,260.0,225.0,604.0,6.0,1.295986540176914,,,3.0
2001,KARNATAKA,K.G.F.,45.0,13.0,12.0,10.0,73.0,214.0,367.0,6.0,1.2214073771211382,,,2.0
2001,KARNATAKA,KODAGU,61.0,26.0,4.0,4.0,173.0,200.0,468.0,6.0,1.2387522921787306,,,3.0
2001,KARNATAKA,KOLAR,145.0,59.0,21.0,28.0,373.0,497.0,1123.0,6.0,1.3124002790343594,,,5.0
2001,KARNATAKA,KOPPAL,56.0,46.0,12.0,11.0,171.0,214.0,510.0,6.0,1.3613200157290855,,,3.0
2001,KARNATAKA,MANDYA,117.0,65.0,9.0,30.0,280.0,560.0,1061.0,6.0,1.2443411693998612,,,4.0
2001,KARNATAKA,MYSORE COMMR.,66.0,10.0,11.0,32.0,67.0,504.0,690.0,6.0,0.950146227444606,,,2.0
2001,KARNATAKA,RAICHUR,80.0,75.0,11.0,17.0,276.0,389.0,848.0,6.0,1.294793114866926,,,4.0
2001,KARNATAKA,SHIMOGA,105.0,77.0,14.0,16.0,280.0,533.0,1025.0,6.0,1.245969760462744,,,4.0
2001,KARNATAKA,TUMKUR,139.0,59.0,21.0,37.0,303.0,665.0,1224.0,6.0,1.2458067980713616,,,4.0
2001,KARNATAKA,UDUPI,30.0,18.0,2.0,13.0,112.0,224.0,399.0,6.0,1.1531873860610538,,,2.0
2001,KARNATAKA,UTTAR KANNADA,31.0,31.0,5.0,6.0,122.0,173.0,368.0,6.0,1.2632053121874338,,,2.0
2001,KERALA,ALAPUZHA,56.0,183.0,8.0,20.0,454.0,592.0,1313.0,6.0,1.2303685078003055,,,5.0
2001,KERALA,CBCID,29.0,2.0,2.0,2.0,7.0,65.0,107.0,6.0,1.0581839210079713,,,1.0
2001,KERALA,ERNAKULAM,118.0,200.0,20.0,105.0,651.0,2145.0,3239.0,6.0,1.0306074673085026,,,5.0
2001,KERALA,IDUKKI,64.0,179.0,0.0,19.0,311.0,627.0,1200.0,5.0,1.1949068409017085,,,4.0
2001,KERALA,KANNUR,88.0,119.0,12.0,19.0,837.0,690.0,1765.0,6.0,1.1350195642151797,,,5.0
2001,KERALA,KASARGOD,43.0,28.0,4.0,41.0,683.0,343.0,1142.0,6.0,1.0223468141180114,,,5.0
2001,KERALA,KOLLAM,127.0,290.0,16.0,75.0,638.0,761.0,1907.0,6.0,1.3671166707171627,,,5.0
2001,KERALA,KOTTAYAM,63.0,147.0,18.0,56.0,364.0,969.0,1617.0,6.0,1.153496764286837,,,4.0
2001,KERALA,KOZHIKODE,77.0,157.0,12.0,43.0,1518.0,1204.0,3011.0,6.0,1.0422794775294737,,,5.0
2001,KERALA,MALAPPURAM,61.0,163.0,17.0,17.0,693.0,879.0,1830.0,6.0,1.1356452585961994,,,5.0
2001,KERALA,PALAKKAD,116.0,175.0,14.0,41.0,675.0,882.0,1903.0,6.0,1.232857006712129,,,5.0
2001,KERALA,PATHANAMTHITTA,49.0,102.0,0.0,8.0,253.0,348.0,760.0,5.0,1.2180605944574365,,,3.0
2001,KERALA,THRISSUR,141.0,265.0,18.0,96.0,581.0,1352.0,2453.0,6.0,1.2369643605606466,,,5.0
2001,KERALA,TRIVANDRUM,138.0,402.0,41.0,136.0,969.0,1662.0,3348.0,6.0,1.2765025387079152,,,5.0
2001,KERALA,WAYANADU,28.0,91.0,1.0,13.0,203.0,381.0,717.0,6.0,1.1637485620867962,,,3.0
2001,MADHYA PRADESH,BALAGHAT,107.0,244.0,11.0,7.0,60.0,475.0,904.0,6.0,1.2155294080106334,,,3.0
2001,MADHYA PRADESH,BARWANI,74.0,115.0,2.0,20.0,45.0,378.0,634.0,6.0,1.1836597281360421,,,2.0
2001,MADHYA PRADESH,BETUL,105.0,230.0,19.0,18.0,25.0,466.0,863.0,6.0,1.208783739531372,,,4.0
2001,MADHYA PRADESH,BHIND,162.0,111.0,47.0,31.0,116.0,543.0,1010.0,6.0,1.3680958849192726,,,4.0
2001,MADHYA PRADESH,BHOPAL,170.0,358.0,55.0,107.0,85.0,2428.0,3203.0,6.0,0.8903980905400234,,,5.0
2001,MADHYA PRADESH,BHOPAL RLY.,8.0,11.0,2.0,26.0,3.0,723.0,773.0,6.0,0.32141761369649,,,1.0
2001,MADHYA PRADESH,CHHATARPUR,127.0,258.0,28.0,46.0,124.0,439.0,1022.0,6.0,1.463660880461842,,,4.0
2001,MADHYA PRADESH,CHHINDWARA,131.0,296.0,18.0,18.0,52.0,487.0,1002.0,6.0,1.274823209378353,,,4.0
2001,MADHYA PRADESH,DAMOH,121.0,255.0,18.0,27.0,86.0,323.0,830.0,6.0,1.4400007430369421,,,4.0
2001,MADHYA PRADESH,DATIYA,108.0,69.0,25.0,29.0,39.0,199.0,469.0,6.0,1.5190599958297129,,,3.0
2001,MADHYA PRADESH,DEWAS,162.0,357.0,20.0,77.0,158.0,1082.0,1856.0,6.0,1.2350771527573496,,,5.0
2001,MADHYA PRADESH,DHAR,188.0,236.0,22.0,41.0,76.0,994.0,1557.0,6.0,1.131095939987351,,,4.0
2001,MADHYA PRADESH,DINDORI,17.0,73.0,2.0,2.0,10.0,107.0,211.0,6.0,1.1473117306685194,,,1.0
2001,MADHYA PRADESH,GUNA,147.0,441.0,17.0,59.0,206.0,839.0,1709.0,6.0,1.3269468955997534,,,5.0
2001,MADHYA PRADESH,GWALIOR,257.0,198.0,46.0,148.0,195.0,1967.0,2811.0,6.0,1.0628259307989592,,,5.0
2001,MADHYA PRADESH,HARDA,26.0,63.0,2.0,4.0,31.0,126.0,252.0,6.0,1.2894108606393984,,,2.0
2001,MADHYA PRADESH,HOSHANGABAD,137.0,174.0,16.0,31.0,46.0,572.0,976.0,6.0,1.2171172594618629,,,4.0
2001,MADHYA PRADESH,INDORE,245.0,299.0,50.0,117.0,158.0,3790.0,4659.0,6.0,0.7549986691041743,,,5.0
2001,MADHYA PRADESH,INDORE RLY.,12.0,7.0,0.0,7.0,2.0,201.0,229.0,5.0,0.5236250482475824,,,1.0
2001,MADHYA PRADESH,JABALPUR,298.0,372.0,33.0,126.0,127.0,1537.0,2493.0,6.0,1.1957295426605157,,,5.0
2001,MADHYA PRADESH,JABALPUR RLY.,3.0,4.0,0.0,15.0,1.0,225.0,248.0,5.0,0.40018536784638714,,,1.0
2001,MADHYA PRADESH,JHABUA,246.0,171.0,83.0,25.0,119.0,447.0,1091.0,6.0,1.5160863932183357,,,5.0
2001,MADHYA PRADESH,KATNI,89.0,131.0,9.0,29.0,41.0,434.0,733.0,6.0,1.2171677086457273,,,2.0
2001,MADHYA PRADESH,KHANDWA,87.0,247.0,14.0,16.0,73.0,654.0,1091.0,6.0,1.1435054444056192,,,3.0
2001,MADHYA PRADESH,KHARGON,93.0,211.0,15.0,26.0,97.0,736.0,1178.0,6.0,1.1476706355773423,,,3.0
2001,MADHYA PRADESH,MANDLA,48.0,215.0,9.0,13.0,33.0,337.0,655.0,6.0,1.1863499158319053,,,3.0
2001,MADHYA PRADESH,MANDSAUR,62.0,143.0,15.0,35.0,83.0,682.0,1020.0,6.0,1.0967137432734306,,,3.0
2001,MADHYA PRADESH,MORENA,164.0,112.0,35.0,92.0,217.0,962.0,1582.0,6.0,1.2471522745933705,,,5.0
2001,MADHYA PRADESH,NARSINGHPUR,87.0,226.0,7.0,12.0,56.0,281.0,669.0,6.0,1.3237025597346865,,,3.0
2001,MADHYA PRADESH,NEEMUCH,35.0,120.0,16.0,20.0,83.0,635.0,909.0,6.0,1.0169348619917051,,,3.0
2001,MADHYA PRADESH,PANNA,50.0,148.0,11.0,11.0,65.0,255.0,540.0,6.0,1.3428661037274394,,,3.0
2001,MADHYA PRADESH,RAISEN,127.0,273.0,11.0,32.0,77.0,316.0,836.0,6.0,1.4210143619695028,,,4.0
2001,MADHYA PRADESH,RAJGARH,111.0,291.0,12.0,39.0,212.0,373.0,1038.0,6.0,1.4626447555883626,,,4.0
2001,MADHYA PRADESH,RATLAM,118.0,195.0,21.0,59.0,59.0,751.0,1203.0,6.0,1.183233954000605,,,4.0
2001,MADHYA PRADESH,REWA,107.0,136.0,26.0,73.0,180.0,1140.0,1662.0,6.0,1.0830614102631113,,,4.0
2001,MADHYA PRADESH,SAGAR,206.0,650.0,30.0,57.0,202.0,1036.0,2181.0,6.0,1.3118352928951857,,,5.0
2001,MADHYA PRADESH,SATNA,97.0,215.0,16.0,55.0,121.0,1099.0,1603.0,6.0,1.0547045570932188,,,4.0
2001,MADHYA PRADESH,SEONI,68.0,158.0,3.0,7.0,56.0,310.0,602.0,6.0,1.2383125051437953,,,3.0
2001,MADHYA PRADESH,SHAHDOL,89.0,279.0,13.0,36.0,70.0,890.0,1377.0,6.0,1.0733200758996777,,,3.0
2001,MADHYA PRADESH,SHAJAPUR,89.0,243.0,13.0,48.0,127.0,900.0,1420.0,6.0,1.1381082035667056,,,4.0
2001,MADHYA PRADESH,SHEOPUR,56.0,73.0,18.0,14.0,42.0,163.0,366.0,6.0,1.490447172633199,,,2.0
2001,MADHYA PRADESH,SHIVPURI,153.0,244.0,20.0,53.0,178.0,565.0,1213.0,6.0,1.425691005495034,,,5.0
2001,MADHYA PRADESH,SIDHI,59.0,147.0,33.0,24.0,56.0,688.0,1007.0,6.0,1.0691571528149229,,,3.0
2001,MADHYA PRADESH,SIHORE,90.0,189.0,29.0,20.0,76.0,762.0,1166.0,6.0,1.1102483548935684,,,3.0
2001,MADHYA PRADESH,TIKAMGARH,102.0,263.0,7.0,52.0,116.0,338.0,878.0,6.0,1.452002223852693,,,4.0
2001,MADHYA PRADESH,UJJAIN,248.0,220.0,44.0,85.0,171.0,2301.0,3069.0,6.0,0.9292205885806851,,,5.0
2001,MADHYA PRADESH,UMARIYA,31.0,86.0,3.0,21.0,42.0,277.0,460.0,6.0,1.1929802893595935,,,2.0
2001,MADHYA PRADESH,VIDISHA,103.0,357.0,10.0,20.0,112.0,473.0,1075.0,6.0,1.3052915232354945,,,4.0
2001,MAHARASHTRA,AHMEDNAGAR,139.0,118.0,37.0,124.0,310.0,1123.0,1851.0,6.0,1.2316551333812789,,,5.0
2001,MAHARASHTRA,AKOLA,105.0,124.0,15.0,50.0,147.0,1107.0,1548.0,6.0,1.0038844721377602,,,3.0
2001,MAHARASHTRA,AMRAVATI COMMR.,76.0,66.0,27.0,58.0,110.0,1122.0,1459.0,6.0,0.892869763292351,,,3.0
2001,MAHARASHTRA,AURANGABAD COMMR.,63.0,47.0,19.0,43.0,133.0,876.0,1181.0,6.0,0.9392417100705232,,,3.0
2001,MAHARASHTRA,BEED,112.0,100.0,25.0,78.0,310.0,818.0,1443.0,6.0,1.263505976066352,,,5.0
2001,MAHARASHTRA,BHANDARA,57.0,110.0,4.0,17.0,118.0,628.0,934.0,6.0,1.0471075120766504,,,3.0
2001,MAHARASHTRA,BULDHANA,82.0,140.0,22.0,38.0,315.0,1039.0,1636.0,6.0,1.1112680480510613,,,4.0
2001,MAHARASHTRA,CHANDRAPUR,79.0,145.0,10.0,44.0,149.0,881.0,1308.0,6.0,1.0783625321288646,,,4.0
2001,MAHARASHTRA,DHULE,74.0,33.0,6.0,20.0,108.0,512.0,753.0,6.0,1.04074099239273,,,3.0
2001,MAHARASHTRA,GADCHIROLI,74.0,82.0,7.0,26.0,79.0,266.0,534.0,6.0,1.3954144256913752,,,3.0
2001,MAHARASHTRA,GONDIA,61.0,108.0,17.0,17.0,40.0,612.0,855.0,6.0,0.9881095777040116,,,2.0
2001,MAHARASHTRA,HINGOLI,63.0,64.0,9.0,43.0,129.0,386.0,694.0,6.0,1.305351418655774,,,3.0
2001,MAHARASHTRA,JALGAON,127.0,95.0,16.0,46.0,179.0,955.0,1418.0,6.0,1.0864911571053169,,,4.0
2001,MAHARASHTRA,JALNA,67.0,72.0,12.0,59.0,158.0,605.0,973.0,6.0,1.1917086583595262,,,3.0
2001,MAHARASHTRA,KOLHAPUR,90.0,72.0,21.0,43.0,149.0,966.0,1341.0,6.0,0.9941360805217525,,,4.0
2001,MAHARASHTRA,LATUR,59.0,57.0,22.0,34.0,239.0,503.0,914.0,6.0,1.2415073025924004,,,4.0
2001,MAHARASHTRA,MUMBAI,501.0,401.0,148.0,467.0,202.0,16090.0,17809.0,6.0,0.46367467512002836,,,5.0
2001,MAHARASHTRA,MUMBAI RLY.,22.0,7.0,1.0,29.0,13.0,1819.0,1891.0,6.0,0.21217415778677995,,,1.0
2001,MAHARASHTRA,NAGPUR COMMR.,184.0,114.0,64.0,185.0,250.0,4391.0,5188.0,6.0,0.6627267996781236,,,5.0
2001,MAHARASHTRA,NAGPUR RLY.,13.0,6.0,0.0,26.0,20.0,776.0,841.0,5.0,0.3703319577325385,,,1.0
2001,MAHARASHTRA,NANDED,150.0,108.0,41.0,114.0,284.0,1133.0,1830.0,6.0,1.2160491060113043,,,5.0
2001,MAHARASHTRA,NANDURBAR,64.0,43.0,6.0,9.0,84.0,225.0,431.0,6.0,1.3114981088506865,,,2.0
2001,MAHARASHTRA,NASIK COMMR.,41.0,28.0,14.0,23.0,158.0,871.0,1135.0,6.0,0.8221680817590651,,,3.0
2001,MAHARASHTRA,NAVI MUMBAI,52.0,40.0,19.0,77.0,83.0,1504.0,1775.0,6.0,0.6571670986151374,,,3.0
2001,MAHARASHTRA,OSMANABAD,62.0,68.0,8.0,37.0,127.0,589.0,891.0,6.0,1.1075485429847582,,,3.0
2001,MAHARASHTRA,PARBHANI,77.0,82.0,22.0,48.0,179.0,429.0,837.0,6.0,1.3791052464494769,,,4.0
2001,MAHARASHTRA,PUNE COMMR.,118.0,110.0,46.0,112.0,919.0,3779.0,5084.0,6.0,0.8266118317290421,,,5.0
2001,MAHARASHTRA,PUNE RLY.,7.0,3.0,0.0,5.0,3.0,306.0,324.0,5.0,0.2879124184620983,,,1.0
2001,MAHARASHTRA,RAIGAD,64.0,49.0,8.0,40.0,114.0,556.0,831.0,6.0,1.0964779089821244,,,3.0
2001,MAHARASHTRA,RATNAGIRI,23.0,42.0,8.0,17.0,86.0,391.0,567.0,6.0,1.0304171987035087,,,2.0
2001,MAHARASHTRA,SANGLI,110.0,86.0,18.0,35.0,175.0,826.0,1250.0,6.0,1.10823050239701,,,4.0
2001,MAHARASHTRA,SATARA,76.0,81.0,12.0,26.0,117.0,864.0,1176.0,6.0,0.9484551422389422,,,3.0
2001,MAHARASHTRA,SINDHUDURG,19.0,27.0,2.0,5.0,28.0,256.0,337.0,6.0,0.8728052686869512,,,1.0
2001,MAHARASHTRA,SOLAPUR COMMR.,45.0,31.0,15.0,39.0,73.0,527.0,730.0,6.0,1.0077413822528154,,,2.0
2001,MAHARASHTRA,THANE COMMR.,217.0,108.0,62.0,173.0,227.0,3349.0,4136.0,6.0,0.7757788778118926,,,5.0
2001,MAHARASHTRA,WARDHA,89.0,133.0,12.0,26.0,201.0,902.0,1363.0,6.0,1.0779268914455942,,,4.0
2001,MAHARASHTRA,WASHIM,53.0,75.0,13.0,24.0,87.0,540.0,792.0,6.0,1.081334049398671,,,2.0
2001,MAHARASHTRA,YAVATMAL,111.0,181.0,37.0,36.0,131.0,1082.0,1578.0,6.0,1.0746788892549042,,,4.0
2001,MANIPUR,BISHNUPUR,55.0,1.0,3.0,5.0,18.0,23.0,105.0,6.0,1.2645373956388364,,,1.0
2001,MANIPUR,CHANDEL,14.0,0.0,1.0,20.0,1.0,5.0,41.0,5.0,1.154824807000309,,,1.0
2001,MANIPUR,CHURACHANDPUR,56.0,1.0,0.0,0.0,3.0,19.0,79.0,4.0,0.7661583315640461,,,1.0
2001,MANIPUR,IMPHAL(EAST),60.0,9.0,13.0,1.0,32.0,62.0,177.0,6.0,1.4158903125809539,,,2.0
2001,MANIPUR,IMPHAL(WEST),88.0,24.0,48.0,3.0,110.0,202.0,475.0,6.0,1.4291772627625883,,,3.0
2001,MANIPUR,SENAPATI,37.0,0.0,6.0,1.0,4.0,15.0,63.0,5.0,1.1190005987055431,,,1.0
2001,MANIPUR,TAMENGLONG,3.0,0.0,0.0,0.0,3.0,5.0,11.0,3.0,1.0670895187820832,,,1.0
2001,MANIPUR,THOUBAL,64.0,5.0,22.0,6.0,24.0,47.0,168.0,6.0,1.49182453359871,,,2.0
2001,MANIPUR,UKHRUL,5.0,1.0,1.0,3.0,0.0,13.0,23.0,5.0,1.1925651691824188,,,1.0
2001,MEGHALAYA,GARO HILLS EAST,25.0,4.0,5.0,21.0,2.0,26.0,83.0,6.0,1.477924485263762,,,1.0
2001,MEGHALAYA,GARO HILLS SOUTH,9.0,1.0,2.0,7.0,1.0,10.0,30.0,6.0,1.4742461306463714,,,1.0
2001,MEGHALAYA,GARO HILLS WEST,22.0,13.0,14.0,13.0,6.0,68.0,136.0,6.0,1.4618056162519337,,,1.0
2001,MEGHALAYA,JAINTIA HILLS,38.0,10.0,6.0,24.0,3.0,42.0,123.0,6.0,1.490591391330402,,,1.0
2001,MEGHALAYA,KHASI HILLS EAST,76.0,13.0,20.0,95.0,21.0,284.0,509.0,6.0,1.2751657365665017,,,3.0
2001,MEGHALAYA,KHASI HILLS WEST,18.0,6.0,0.0,35.0,0.0,24.0,83.0,4.0,1.244289733845038,,,1.0
2001,MEGHALAYA,RI-BHOI,25.0,4.0,8.0,27.0,1.0,35.0,100.0,6.0,1.4443963566493951,,,1.0
2001,MIZORAM,AIZAWL,22.0,39.0,0.0,8.0,17.0,888.0,974.0,5.0,0.4088354256832122,,,1.0
2001,MIZORAM,CHAMPHAI,3.0,14.0,1.0,0.0,1.0,98.0,117.0,5.0,0.5778196408632774,,,1.0
2001,MIZORAM,KOLASIB,5.0,21.0,0.0,0.0,7.0,111.0,144.0,4.0,0.7450814652467044,,,1.0
2001,MIZORAM,LAWNGTLAI,2.0,2.0,0.0,1.0,1.0,37.0,43.0,5.0,0.5896524066220254,,,1.0
2001,MIZORAM,LUNGLEI,9.0,14.0,0.0,1.0,0.0,173.0,197.0,4.0,0.4697962685412609,,,1.0
2001,MIZORAM,MAMIT,4.0,0.0,0.0,14.0,1.0,13.0,32.0,4.0,1.0958508494843153,,,1.0
2001,MIZORAM,SAIHA,4.0,9.0,0.0,1.0,0.0,35.0,49.0,4.0,0.8355472207099119,,,1.0
2001,MIZORAM,SERCHHIP,2.0,5.0,1.0,1.0,0.0,34.0,43.0,5.0,0.753531702664728,,,1.0
2001,NAGALAND,DIMAPUR,45.0,4.0,13.0,93.0,0.0,186.0,341.0,5.0,1.128920702195387,,,2.0
2001,NAGALAND,KIPHIRE,1.0,0.0,0.0,0.0,0.0,7.0,8.0,2.0,0.37677016125643675,,,1.0
2001,NAGALAND,KOHIMA,41.0,12.0,3.0,21.0,0.0,119.0,196.0,5.0,1.1045338517264314,,,1.0
2001,NAGALAND,MOKOKCHUNG,18.0,1.0,1.0,6.0,1.0,29.0,56.0,6.0,1.1605511991796662,,,1.0
2001,NAGALAND,MON,7.0,2.0,2.0,6.0,0.0,22.0,39.0,5.0,1.223883426773794,,,1.0
2001,NAGALAND,PEREN,2.0,0.0,0.0,1.0,0.0,14.0,17.0,3.0,0.5783252866601273,,,1.0
2001,NAGALAND,PHEK,11.0,1.0,2.0,4.0,0.0,16.0,34.0,5.0,1.2419564257273958,,,1.0
2001,NAGALAND,TUENSANG,4.0,0.0,0.0,3.0,0.0,16.0,23.0,3.0,0.8223449173934805,,,1.0
2001,NAGALAND,WOKHA,15.0,1.0,2.0,3.0,2.0,40.0,63.0,6.0,1.0598909681481246,,,1.0
2001,NAGALAND,ZUNHEBOTO,5.0,2.0,0.0,3.0,0.0,26.0,36.0,4.0,0.8768569724046308,,,1.0
2001,ODISHA,ANGUL,71.0,123.0,5.0,22.0,84.0,296.0,601.0,6.0,1.361766182289693,,,3.0
2001,ODISHA,BALASORE,29.0,150.0,37.0,55.0,102.0,376.0,749.0,6.0,1.4057524601403646,,,4.0
2001,ODISHA,BARAGARH,68.0,60.0,8.0,25.0,92.0,258.0,511.0,6.0,1.3863446437482563,,,2.0
2001,ODISHA,BERHAMPUR,76.0,51.0,13.0,61.0,55.0,288.0,544.0,6.0,1.3998638939897439,,,3.0
2001,ODISHA,BHADRAK,37.0,64.0,20.0,18.0,63.0,194.0,396.0,6.0,1.4493541409589799,,,3.0
2001,ODISHA,BOLANGIR,46.0,110.0,16.0,23.0,61.0,214.0,470.0,6.0,1.4533065161357652,,,2.0
2001,ODISHA,BOUDH,15.0,27.0,5.0,5.0,44.0,69.0,165.0,6.0,1.4431550482484266,,,1.0
2001,ODISHA,CUTTACK,178.0,76.0,43.0,142.0,61.0,1176.0,1676.0,6.0,1.0507240317879665,,,4.0
2001,ODISHA,DEOGARH,19.0,41.0,4.0,10.0,19.0,48.0,141.0,6.0,1.5549030617171744,,,1.0
2001,ODISHA,DHENKANAL,56.0,97.0,14.0,28.0,75.0,158.0,428.0,6.0,1.565859615607498,,,2.0
2001,ODISHA,GAJAPATI,27.0,23.0,5.0,3.0,21.0,68.0,147.0,6.0,1.430510927453367,,,1.0
2001,ODISHA,GANJAM,151.0,124.0,14.0,39.0,94.0,243.0,665.0,6.0,1.5418419029522727,,,3.0
2001,ODISHA,JAGATSINGHPUR,53.0,25.0,21.0,40.0,31.0,221.0,391.0,6.0,1.3604337063506353,,,2.0
2001,ODISHA,JAJPUR,37.0,40.0,14.0,32.0,29.0,243.0,395.0,6.0,1.2662908225265403,,,2.0
2001,ODISHA,JHARSUGUDA,45.0,51.0,5.0,16.0,10.0,144.0,271.0,6.0,1.3109361843649534,,,2.0
2001,ODISHA,KALAHANDI,63.0,52.0,17.0,35.0,94.0,167.0,428.0,6.0,1.5711357041402911,,,3.0
2001,ODISHA,KANDHAMAL,36.0,129.0,25.0,21.0,58.0,208.0,477.0,6.0,1.4588310318725362,,,2.0
2001,ODISHA,KENDRAPARA,61.0,77.0,15.0,25.0,28.0,150.0,356.0,6.0,1.517554348169761,,,2.0
2001,ODISHA,KEONJHAR,95.0,165.0,19.0,20.0,79.0,268.0,646.0,6.0,1.4637883813480916,,,3.0
2001,ODISHA,KHURDA,132.0,93.0,39.0,175.0,117.0,1587.0,2143.0,6.0,0.9665048092266924,,,5.0
2001,ODISHA,KORAPUT,76.0,94.0,13.0,20.0,72.0,287.0,562.0,6.0,1.3819363925887291,,,3.0
2001,ODISHA,MALKANGIR,65.0,41.0,6.0,18.0,28.0,76.0,234.0,6.0,1.5715333551771067,,,2.0
2001,ODISHA,MAYURBHANJ,119.0,218.0,31.0,55.0,63.0,360.0,846.0,6.0,1.4811724482825335,,,4.0
2001,ODISHA,NAYAGARH,70.0,28.0,23.0,22.0,52.0,107.0,302.0,6.0,1.6168076371686695,,,2.0
2001,ODISHA,NOWRANGPUR,42.0,54.0,11.0,27.0,98.0,136.0,368.0,6.0,1.546127548943142,,,2.0
2001,ODISHA,NUAPADA,15.0,25.0,4.0,11.0,26.0,72.0,153.0,6.0,1.464129786482538,,,1.0
2001,ODISHA,PURI,122.0,54.0,32.0,44.0,57.0,401.0,710.0,6.0,1.3357775709220845,,,4.0
2001,ODISHA,RAYAGADA,53.0,42.0,6.0,7.0,73.0,118.0,299.0,6.0,1.4598955863147653,,,2.0
2001,ODISHA,ROURKELA,42.0,47.0,6.0,28.0,13.0,365.0,501.0,6.0,0.9695038654498196,,,2.0
2001,ODISHA,SAMBALPUR,129.0,100.0,13.0,59.0,63.0,554.0,918.0,6.0,1.2425910792702028,,,3.0
2001,ODISHA,SONEPUR,31.0,36.0,4.0,6.0,20.0,78.0,175.0,6.0,1.4419633834310832,,,1.0
2001,ODISHA,SRP(CUTTACK),6.0,6.0,5.0,10.0,1.0,302.0,330.0,6.0,0.4138710987936827,,,1.0
2001,ODISHA,SRP(ROURKELA),8.0,4.0,3.0,12.0,7.0,146.0,180.0,6.0,0.7678270494780832,,,1.0
2001,ODISHA,SUNDARGARH,118.0,118.0,26.0,43.0,59.0,303.0,667.0,6.0,1.4890577586636673,,,3.0
2001,PUNJAB,AMRITSAR,85.0,18.0,34.0,6.0,6.0,440.0,589.0,6.0,0.8619061501152385,,,2.0
2001,PUNJAB,BARNALA,45.0,25.0,16.0,0.0,5.0,123.0,214.0,5.0,1.1786910033854787,,,2.0
2001,PUNJAB,BATALA,46.0,9.0,6.0,3.0,1.0,93.0,158.0,6.0,1.06594521037412,,,1.0
2001,PUNJAB,BHATINDA,66.0,28.0,15.0,3.0,0.0,365.0,477.0,5.0,0.7855499013730443,,,2.0
2001,PUNJAB,FARIDKOT,20.0,17.0,11.0,4.0,6.0,139.0,197.0,6.0,1.0362812349012798,,,1.0
2001,PUNJAB,FATEHGARH SAHIB,39.0,15.0,12.0,5.0,2.0,162.0,235.0,6.0,1.0045105045952993,,,1.0
2001,PUNJAB,FEROZEPUR,108.0,39.0,12.0,5.0,5.0,311.0,480.0,6.0,1.0080820802810808,,,2.0
2001,PUNJAB,G.R.P,10.0,1.0,0.0,3.0,0.0,126.0,140.0,4.0,0.4009766506676542,,,1.0
2001,PUNJAB,GURDASPUR,42.0,16.0,17.0,5.0,1.0,103.0,184.0,6.0,1.220737683030091,,,2.0
2001,PUNJAB,HOSHIARPUR,77.0,32.0,20.0,17.0,7.0,344.0,497.0,6.0,1.0249724408407,,,2.0
2001,PUNJAB,JAGRAON,61.0,22.0,19.0,6.0,2.0,168.0,278.0,6.0,1.1395873726515975,,,2.0
2001,PUNJAB,JALANDHAR,150.0,37.0,70.0,7.0,10.0,802.0,1076.0,6.0,0.8636244681306497,,,4.0
2001,PUNJAB,KAPURTHALA,45.0,28.0,17.0,7.0,2.0,260.0,359.0,6.0,0.9430687543878051,,,2.0
2001,PUNJAB,KHANNA,36.0,6.0,4.0,7.0,3.0,115.0,171.0,6.0,1.0019745581667934,,,1.0
2001,PUNJAB,LUDHIANA,148.0,84.0,88.0,29.0,3.0,1352.0,1704.0,6.0,0.7777307084709776,,,4.0
2001,PUNJAB,MAJITHA,60.0,17.0,10.0,1.0,0.0,86.0,174.0,5.0,1.1364977188120933,,,2.0
2001,PUNJAB,MANSA,47.0,9.0,5.0,1.0,2.0,115.0,179.0,6.0,0.9648571066147054,,,1.0
2001,PUNJAB,MOGA,61.0,19.0,14.0,13.0,0.0,179.0,286.0,5.0,1.091163664575646,,,2.0
2001,PUNJAB,MUKTSAR,48.0,5.0,3.0,2.0,0.0,139.0,197.0,5.0,0.7936664393063153,,,1.0
2001,PUNJAB,NAWAN SHAHR,38.0,19.0,13.0,7.0,0.0,192.0,269.0,5.0,0.9457246182877639,,,1.0
2001,PUNJAB,PATIALA,147.0,151.0,60.0,18.0,0.0,1429.0,1805.0,5.0,0.7558285382169728,,,3.0
2001,PUNJAB,ROPAR,49.0,19.0,24.0,1.0,5.0,319.0,417.0,6.0,0.8291054580326869,,,2.0
2001,PUNJAB,SANGRUR,91.0,33.0,28.0,17.0,4.0,397.0,570.0,6.0,0.9973781176135383,,,2.0
2001,PUNJAB,TARN TARAN,88.0,21.0,15.0,9.0,0.0,155.0,288.0,5.0,1.1488379863813751,,,2.0
2001,RAJASTHAN,AJMER,88.0,111.0,133.0,54.0,139.0,1521.0,2046.0,6.0,0.9701563801287438,,,5.0
2001,RAJASTHAN,ALWAR,168.0,158.0,119.0,53.0,489.0,1647.0,2634.0,6.0,1.1690550247434965,,,5.0
2001,RAJASTHAN,BANSWARA,67.0,202.0,61.0,27.0,478.0,276.0,1111.0,6.0,1.4378223148063478,,,5.0
2001,RAJASTHAN,BARAN,134.0,300.0,96.0,32.0,214.0,688.0,1464.0,6.0,1.441870427736009,,,5.0
2001,RAJASTHAN,BARMER,37.0,84.0,21.0,12.0,88.0,362.0,604.0,6.0,1.2275356727438649,,,2.0
2001,RAJASTHAN,BHARATPUR,175.0,125.0,126.0,44.0,504.0,1297.0,2271.0,6.0,1.2479757279558052,,,5.0
2001,RAJASTHAN,BHILWARA,94.0,168.0,223.0,51.0,294.0,1547.0,2377.0,6.0,1.1574938271364745,,,5.0
2001,RAJASTHAN,BIKANER,122.0,88.0,36.0,5.0,134.0,817.0,1202.0,6.0,1.0584910733545752,,,4.0
2001,RAJASTHAN,BUNDI,109.0,200.0,120.0,37.0,268.0,743.0,1477.0,6.0,1.4147249268262545,,,5.0
2001,RAJASTHAN,CHITTORGARH,104.0,179.0,206.0,52.0,566.0,1454.0,2561.0,6.0,1.2529382388648962,,,5.0
2001,RAJASTHAN,CHURU,67.0,97.0,26.0,11.0,222.0,491.0,914.0,6.0,1.2615973395874989,,,4.0
2001,RAJASTHAN,DAUSA,49.0,40.0,40.0,17.0,735.0,647.0,1528.0,6.0,1.0669983157676903,,,5.0
2001,RAJASTHAN,DHOLPUR,120.0,58.0,43.0,29.0,571.0,398.0,1219.0,6.0,1.3007368886225703,,,5.0
2001,RAJASTHAN,DUNGARPUR,41.0,73.0,54.0,8.0,232.0,209.0,617.0,6.0,1.4367140908845646,,,4.0
2001,RAJASTHAN,G.R.P.,9.0,15.0,7.0,12.0,18.0,606.0,667.0,6.0,0.4481693738713391,,,1.0
2001,RAJASTHAN,GANGANAGAR,148.0,173.0,79.0,16.0,47.0,1113.0,1576.0,6.0,1.0116935112071708,,,4.0
2001,RAJASTHAN,HANUMANGARH,139.0,133.0,49.0,14.0,160.0,863.0,1358.0,6.0,1.1679509319602437,,,4.0
2001,RAJASTHAN,JAIPUR,187.0,240.0,247.0,86.0,3244.0,5637.0,9641.0,6.0,0.9846754908456934,,,5.0
2001,RAJASTHAN,JAISALMER,9.0,23.0,8.0,4.0,34.0,229.0,307.0,6.0,0.9115686121110244,,,1.0
2001,RAJASTHAN,JALORE,54.0,71.0,32.0,13.0,78.0,335.0,583.0,6.0,1.3083924745765971,,,2.0
2001,RAJASTHAN,JHALAWAR,145.0,209.0,89.0,47.0,261.0,717.0,1468.0,6.0,1.4433666795291527,,,5.0
2001,RAJASTHAN,JHUNJHUNU,56.0,69.0,45.0,9.0,297.0,713.0,1189.0,6.0,1.1231500037438815,,,4.0
2001,RAJASTHAN,JODHPUR,112.0,148.0,78.0,44.0,209.0,1681.0,2272.0,6.0,0.9608259605642552,,,4.0
2001,RAJASTHAN,KARAULI,36.0,58.0,72.0,12.0,149.0,443.0,770.0,6.0,1.260298794745661,,,4.0
2001,RAJASTHAN,KOTA,369.0,253.0,146.0,88.0,272.0,2020.0,3148.0,6.0,1.1925961459497993,,,5.0
2001,RAJASTHAN,NAGAUR,66.0,87.0,59.0,25.0,84.0,863.0,1184.0,6.0,1.0018866586731132,,,3.0
2001,RAJASTHAN,PALI,98.0,140.0,77.0,14.0,174.0,738.0,1241.0,6.0,1.254242699152357,,,4.0
2001,RAJASTHAN,RAJSAMAND,33.0,53.0,63.0,9.0,330.0,407.0,895.0,6.0,1.2483429670430581,,,4.0
2001,RAJASTHAN,SAWAI MADHOPUR,43.0,68.0,62.0,32.0,199.0,547.0,951.0,6.0,1.2661942258112335,,,4.0
2001,RAJASTHAN,SIKAR,79.0,41.0,48.0,14.0,1005.0,819.0,2006.0,6.0,1.0428637284973197,,,5.0
2001,RAJASTHAN,SIROHI,66.0,51.0,24.0,16.0,118.0,385.0,660.0,6.0,1.2610057424225662,,,3.0
2001,RAJASTHAN,TONK,52.0,101.0,68.0,20.0,207.0,577.0,1025.0,6.0,1.2829056545272781,,,4.0
2001,RAJASTHAN,UDAIPUR,169.0,111.0,161.0,42.0,486.0,1103.0,2072.0,6.0,1.3145120544651259,,,5.0
2001,SIKKIM,EAST,25.0,7.0,4.0,2.0,2.0,120.0,160.0,6.0,0.8444860529484702,,,1.0
2001,SIKKIM,NORTH,1.0,0.0,0.0,0.0,0.0,8.0,9.0,2.0,0.34883209584303193,,,1.0
2001,SIKKIM,SOUTH,9.0,1.0,1.0,0.0,0.0,18.0,29.0,4.0,0.8913746976362348,,,1.0
2001,SIKKIM,WEST,2.0,0.0,1.0,1.0,2.0,18.0,24.0,5.0,0.894750481832498,,,1.0
2001,TAMIL NADU,ARIYALUR,66.0,44.0,25.0,3.0,118.0,187.0,443.0,6.0,1.425516979091156,,,3.0
2001,TAMIL NADU,CHENGAI,176.0,78.0,8.0,61.0,119.0,1495.0,1937.0,6.0,0.8501471726249402,,,4.0
2001,TAMIL NADU,CHENNAI,389.0,98.0,40.0,139.0,105.0,3461.0,4232.0,6.0,0.7190396566582956,,,5.0
2001,TAMIL NADU,CHENNAI RLY.,6.0,5.0,0.0,9.0,15.0,161.0,196.0,5.0,0.7000553564111475,,,1.0
2001,TAMIL NADU,CUDDALORE,239.0,153.0,21.0,37.0,300.0,736.0,1486.0,6.0,1.351144144102728,,,5.0
2001,TAMIL NADU,DHARMAPURI,176.0,82.0,35.0,29.0,507.0,680.0,1509.0,6.0,1.297782243923214,,,5.0
2001,TAMIL NADU,DINDIGUL,146.0,62.0,49.0,17.0,98.0,678.0,1050.0,6.0,1.1549631629307182,,,4.0
2001,TAMIL NADU,ERODE,85.0,81.0,45.0,23.0,102.0,1014.0,1350.0,6.0,0.9357853951210535,,,3.0
2001,TAMIL NADU,KANCHIPURAM,106.0,51.0,13.0,18.0,113.0,731.0,1032.0,6.0,0.9945545786718053,,,3.0
2001,TAMIL NADU,KANYAKUMARI,98.0,33.0,13.0,5.0,28.0,516.0,693.0,6.0,0.8810070397084134,,,2.0
2001,TAMIL NADU,KARUR,40.0,25.0,11.0,13.0,44.0,287.0,420.0,6.0,1.0913880368739395,,,2.0
2001,TAMIL NADU,NAGAPATTINAM,110.0,67.0,29.0,3.0,126.0,428.0,763.0,6.0,1.2605989098468844,,,3.0
2001,TAMIL NADU,NAMAKKAL,67.0,46.0,16.0,7.0,66.0,226.0,428.0,6.0,1.3456352910346063,,,2.0
2001,TAMIL NADU,NILGIRIS,31.0,14.0,5.0,5.0,39.0,221.0,315.0,6.0,1.0053737616431768,,,1.0
2001,TAMIL NADU,PERAMBALUR,28.0,21.0,13.0,5.0,66.0,107.0,240.0,6.0,1.4175633943943406,,,2.0
2001,TAMIL NADU,PUDUKOTTAI,60.0,37.0,27.0,7.0,221.0,330.0,682.0,6.0,1.263199546503193,,,3.0
2001,TAMIL NADU,RAMNATHAPURAM,85.0,72.0,26.0,7.0,233.0,307.0,730.0,6.0,1.3709741004535925,,,4.0
2001,TAMIL NADU,SIVAGANGAI,77.0,22.0,16.0,14.0,122.0,517.0,768.0,6.0,1.0446843852239978,,,3.0
2001,TAMIL NADU,THANJAVUR,124.0,53.0,55.0,19.0,176.0,645.0,1072.0,6.0,1.2243338707303524,,,4.0
2001,TAMIL NADU,THENI,33.0,33.0,18.0,14.0,78.0,385.0,561.0,6.0,1.0684642825349648,,,2.0
2001,TAMIL NADU,THIRUVALLUR,93.0,86.0,24.0,13.0,229.0,365.0,810.0,6.0,1.3735674244715026,,,4.0
2001,TAMIL NADU,THIRUVANNAMALAI,78.0,58.0,40.0,15.0,232.0,599.0,1022.0,6.0,1.1977069060157934,,,4.0
2001,TAMIL NADU,THIRUVARUR,87.0,57.0,30.0,6.0,108.0,294.0,582.0,6.0,1.3691903257696865,,,3.0
2001,TAMIL NADU,THOOTHUGUDI,167.0,106.0,38.0,38.0,159.0,705.0,1213.0,6.0,1.2847173022463183,,,4.0
2001,TAMIL NADU,TRICHY RLY.,0.0,0.0,0.0,1.0,4.0,43.0,48.0,3.0,0.38626804383908364,,,1.0
2001,TAMIL NADU,VELLORE,136.0,67.0,16.0,35.0,490.0,1123.0,1867.0,6.0,1.0823966494443338,,,5.0
2001,TAMIL NADU,VILLUPURAM,162.0,115.0,53.0,15.0,557.0,521.0,1423.0,6.0,1.3562227836856242,,,5.0
2001,TAMIL NADU,VIRUDHUNAGAR,110.0,98.0,22.0,25.0,216.0,709.0,1180.0,6.0,1.2006526097363817,,,4.0
2001,TRIPURA,DHALAI,35.0,15.0,15.0,5.0,21.0,19.0,110.0,6.0,1.6677059153949572,,,2.0
2001,TRIPURA,NORTH,49.0,45.0,19.0,23.0,34.0,93.0,263.0,6.0,1.6501474735548742,,,2.0
2001,TRIPURA,SOUTH,46.0,47.0,20.0,11.0,43.0,71.0,238.0,6.0,1.6582042399089132,,,2.0
2001,TRIPURA,WEST,135.0,53.0,39.0,50.0,71.0,295.0,643.0,6.0,1.5028078309746424,,,4.0
2001,UTTAR PRADESH,AGRA,333.0,176.0,203.0,221.0,391.0,1990.0,3314.0,6.0,1.2968354601213068,,,5.0
2001,UTTAR PRADESH,ALIGARH,492.0,140.0,123.0,221.0,398.0,1182.0,2556.0,6.0,1.4801626267161976,,,5.0
2001,UTTAR PRADESH,ALLAHABAD,421.0,127.0,96.0,94.0,298.0,1379.0,2415.0,6.0,1.2921091353080438,,,5.0
2001,UTTAR PRADESH,AMBEDKAR NAGAR,102.0,34.0,29.0,26.0,77.0,270.0,538.0,6.0,1.4178724630197652,,,3.0
2001,UTTAR PRADESH,AURAIYA,117.0,24.0,61.0,33.0,57.0,140.0,432.0,6.0,1.619630312840115,,,3.0
2001,UTTAR PRADESH,AZAMGARH,244.0,25.0,45.0,87.0,129.0,448.0,978.0,6.0,1.4218308057808005,,,5.0
2001,UTTAR PRADESH,BADAUN,541.0,98.0,82.0,93.0,102.0,527.0,1443.0,6.0,1.4452964056616895,,,5.0
2001,UTTAR PRADESH,BAGHPAT,255.0,33.0,31.0,71.0,60.0,332.0,782.0,6.0,1.40549117076735,,,4.0
2001,UTTAR PRADESH,BAHRAICH,115.0,29.0,28.0,25.0,64.0,317.0,578.0,6.0,1.3269912122846452,,,3.0
2001,UTTAR PRADESH,BALLIA,159.0,25.0,24.0,23.0,121.0,329.0,681.0,6.0,1.3517400173265226,,,4.0
2001,UTTAR PRADESH,BALRAMPUR,63.0,31.0,20.0,7.0,40.0,160.0,321.0,6.0,1.4082321006435894,,,2.0
2001,UTTAR PRADESH,BANDA,142.0,78.0,29.0,38.0,85.0,270.0,642.0,6.0,1.5290277592481922,,,4.0
2001,UTTAR PRADESH,BARABANKI,197.0,78.0,71.0,72.0,99.0,609.0,1126.0,6.0,1.386196928521205,,,5.0
2001,UTTAR PRADESH,BAREILLY,631.0,203.0,144.0,185.0,158.0,1261.0,2582.0,6.0,1.4150912775810855,,,5.0
2001,UTTAR PRADESH,BASTI,112.0,46.0,28.0,32.0,111.0,378.0,707.0,6.0,1.3630921775119629,,,3.0
2001,UTTAR PRADESH,BIJNOR,251.0,105.0,85.0,69.0,91.0,661.0,1262.0,6.0,1.3970356632735013,,,5.0
2001,UTTAR PRADESH,BULANDSHAHAR,475.0,102.0,94.0,123.0,173.0,743.0,1710.0,6.0,1.4667300815498931,,,5.0
2001,UTTAR PRADESH,CHANDOLI,74.0,17.0,20.0,18.0,26.0,205.0,360.0,6.0,1.2901753187523577,,,2.0
2001,UTTAR PRADESH,CHITRAKOOT DHAM,49.0,24.0,5.0,5.0,15.0,80.0,178.0,6.0,1.393863609558624,,,1.0
2001,UTTAR PRADESH,DEORIA,162.0,22.0,39.0,28.0,204.0,343.0,798.0,6.0,1.3993865512247101,,,4.0
2001,UTTAR PRADESH,ETAH,616.0,125.0,118.0,111.0,264.0,707.0,1941.0,6.0,1.5139481613495578,,,5.0
2001,UTTAR PRADESH,ETAWAH,182.0,45.0,93.0,46.0,101.0,296.0,763.0,6.0,1.5696933433810738,,,5.0
2001,UTTAR PRADESH,FAIZABAD,140.0,46.0,28.0,50.0,65.0,450.0,779.0,6.0,1.2955631578767883,,,3.0
2001,UTTAR PRADESH,FATEHGARH,220.0,32.0,63.0,22.0,82.0,280.0,699.0,6.0,1.4486291428250564,,,4.0
2001,UTTAR PRADESH,FATEHPUR,214.0,53.0,45.0,47.0,29.0,281.0,669.0,6.0,1.433989846218862,,,4.0
2001,UTTAR PRADESH,FIROZABAD,314.0,55.0,120.0,94.0,150.0,508.0,1241.0,6.0,1.528216450865759,,,5.0
2001,UTTAR PRADESH,G.R.P.,51.0,20.0,4.0,70.0,13.0,3223.0,3381.0,6.0,0.24886832241622342,,,2.0
2001,UTTAR PRADESH,GAUTAMBUDH NAGAR,168.0,55.0,42.0,58.0,93.0,963.0,1379.0,6.0,1.0571702369434288,,,4.0
2001,UTTAR PRADESH,GHAZIABAD,629.0,85.0,112.0,127.0,133.0,1925.0,3011.0,6.0,1.1075880117681283,,,5.0
2001,UTTAR PRADESH,GHAZIPUR,128.0,24.0,28.0,19.0,78.0,245.0,522.0,6.0,1.4028576594068225,,,3.0
2001,UTTAR PRADESH,GONDA,194.0,37.0,34.0,47.0,73.0,407.0,792.0,6.0,1.352323833200268,,,4.0
2001,UTTAR PRADESH,GORAKHPUR,199.0,38.0,60.0,44.0,129.0,494.0,964.0,6.0,1.3786335171530812,,,4.0
2001,UTTAR PRADESH,HAMIRPUR,105.0,46.0,24.0,35.0,62.0,202.0,474.0,6.0,1.5332617060128877,,,3.0
2001,UTTAR PRADESH,HARDOI,365.0,156.0,75.0,74.0,104.0,455.0,1229.0,6.0,1.539257593915706,,,5.0
2001,UTTAR PRADESH,HATHRAS,195.0,79.0,50.0,88.0,159.0,444.0,1015.0,6.0,1.5280330953347652,,,5.0
2001,UTTAR PRADESH,J.P.NAGAR,190.0,58.0,47.0,49.0,95.0,273.0,712.0,6.0,1.5567007976514091,,,4.0
2001,UTTAR PRADESH,JALAUN,166.0,46.0,36.0,50.0,80.0,317.0,695.0,6.0,1.4713229214575685,,,4.0
2001,UTTAR PRADESH,JAUNPUR,170.0,32.0,22.0,42.0,119.0,379.0,764.0,6.0,1.366295199459149,,,4.0
2001,UTTAR PRADESH,JHANSI,143.0,50.0,42.0,37.0,72.0,449.0,793.0,6.0,1.3216652691761595,,,4.0
2001,UTTAR PRADESH,KANNAUJ,142.0,26.0,40.0,19.0,46.0,214.0,487.0,6.0,1.4318496623231813,,,3.0
2001,UTTAR PRADESH,KANPUR DEHAT,164.0,66.0,50.0,44.0,84.0,250.0,658.0,6.0,1.5841066914026372,,,4.0
2001,UTTAR PRADESH,KANPUR NAGAR,436.0,153.0,210.0,158.0,267.0,2149.0,3373.0,6.0,1.2089880964254889,,,5.0
2001,UTTAR PRADESH,KAUSHAMBI,133.0,70.0,31.0,21.0,77.0,305.0,637.0,6.0,1.4373539807273061,,,3.0
2001,UTTAR PRADESH,KHIRI,386.0,182.0,112.0,98.0,199.0,794.0,1771.0,6.0,1.5059212885414062,,,5.0
2001,UTTAR PRADESH,KUSHI NAGAR,135.0,26.0,34.0,13.0,107.0,238.0,553.0,6.0,1.428276066290995,,,3.0
2001,UTTAR PRADESH,LALITPUR,50.0,46.0,5.0,8.0,44.0,139.0,292.0,6.0,1.40004970294265,,,2.0
2001,UTTAR PRADESH,LUCKNOW,383.0,165.0,175.0,151.0,357.0,3567.0,4798.0,6.0,0.9610351645092795,,,5.0
2001,UTTAR PRADESH,MAHARAJGANJ,72.0,26.0,19.0,8.0,55.0,157.0,337.0,6.0,1.4300406154479526,,,2.0
2001,UTTAR PRADESH,MAHOBA,97.0,34.0,13.0,22.0,33.0,122.0,321.0,6.0,1.5145382715458673,,,2.0
2001,UTTAR PRADESH,MAINPURI,307.0,45.0,56.0,110.0,149.0,403.0,1070.0,6.0,1.5220737036076764,,,5.0
2001,UTTAR PRADESH,MATHURA,304.0,73.0,62.0,118.0,189.0,675.0,1421.0,6.0,1.447628211013147,,,5.0
2001,UTTAR PRADESH,MAU,107.0,50.0,30.0,31.0,143.0,257.0,618.0,6.0,1.5075844181486717,,,4.0
2001,UTTAR PRADESH,MEERUT,524.0,87.0,160.0,245.0,200.0,1761.0,2977.0,6.0,1.2636595564140056,,,5.0
2001,UTTAR PRADESH,MIRZAPUR,119.0,32.0,14.0,25.0,30.0,284.0,504.0,6.0,1.2555474032026601,,,3.0
2001,UTTAR PRADESH,MORADABAD,402.0,123.0,102.0,121.0,118.0,911.0,1777.0,6.0,1.3906730136365726,,,5.0
2001,UTTAR PRADESH,MUZAFFARNAGAR,591.0,105.0,142.0,173.0,204.0,990.0,2205.0,6.0,1.4539520107731874,,,5.0
2001,UTTAR PRADESH,PILIBHIT,360.0,114.0,66.0,83.0,89.0,394.0,1106.0,6.0,1.5325775572817042,,,5.0
2001,UTTAR PRADESH,PRATAPGARH,221.0,39.0,43.0,50.0,123.0,356.0,832.0,6.0,1.4635203826783716,,,4.0
2001,UTTAR PRADESH,RAIBAREILLY,176.0,115.0,58.0,44.0,97.0,548.0,1038.0,6.0,1.3985498705129968,,,4.0
2001,UTTAR PRADESH,RAMPUR,213.0,33.0,44.0,46.0,60.0,416.0,812.0,6.0,1.3369540705096892,,,4.0
2001,UTTAR PRADESH,SAHARANPUR,243.0,86.0,75.0,78.0,168.0,729.0,1379.0,6.0,1.3932336788225799,,,5.0
2001,UTTAR PRADESH,SANT KABIRNAGAR,36.0,20.0,17.0,4.0,34.0,101.0,212.0,6.0,1.447838342658561,,,2.0
2001,UTTAR PRADESH,SHAHJAHANPUR,456.0,116.0,112.0,85.0,68.0,547.0,1384.0,6.0,1.463346985476441,,,5.0
2001,UTTAR PRADESH,SHRAWASTI,80.0,29.0,21.0,19.0,41.0,189.0,379.0,6.0,1.4229196820718155,,,2.0
2001,UTTAR PRADESH,SIDHARTHNAGAR,39.0,32.0,24.0,12.0,34.0,215.0,356.0,6.0,1.2837564086642463,,,2.0
2001,UTTAR PRADESH,SITAPUR,357.0,156.0,99.0,100.0,142.0,1254.0,2108.0,6.0,1.2723544620599125,,,5.0
2001,UTTAR PRADESH,SONBHADRA,76.0,14.0,9.0,12.0,26.0,174.0,311.0,6.0,1.244414875131828,,,2.0
2001,UTTAR PRADESH,ST.RAVIDASNAGAR,49.0,4.0,8.0,14.0,28.0,172.0,275.0,6.0,1.149507522041945,,,2.0
2001,UTTAR PRADESH,SULTANPUR,282.0,63.0,47.0,50.0,79.0,561.0,1082.0,6.0,1.3259812674820997,,,5.0
2001,UTTAR PRADESH,UNNAO,303.0,153.0,97.0,83.0,170.0,540.0,1346.0,6.0,1.5719342285818168,,,5.0
2001,UTTAR PRADESH,VARANASI,184.0,46.0,55.0,104.0,94.0,881.0,1364.0,6.0,1.1769252692537044,,,4.0
2001,UTTARAKHAND,ALMORA,32.0,9.0,1.0,14.0,6.0,83.0,145.0,6.0,1.2171496047466654,,,1.0
2001,UTTARAKHAND,BAGESHWAR,17.0,2.0,4.0,4.0,2.0,19.0,48.0,6.0,1.413452863734621,,,1.0
2001,UTTARAKHAND,CHAMOLI,21.0,13.0,3.0,6.0,24.0,73.0,140.0,6.0,1.3644814393753917,,,1.0
2001,UTTARAKHAND,CHAMPAWAT,8.0,7.0,3.0,5.0,2.0,27.0,52.0,6.0,1.4132856503460909,,,1.0
2001,UTTARAKHAND,DEHRADUN,101.0,25.0,54.0,36.0,118.0,725.0,1059.0,6.0,1.0831859890592432,,,4.0
2001,UTTARAKHAND,HARIDWAR,175.0,34.0,52.0,48.0,144.0,547.0,1000.0,6.0,1.3285525437549919,,,4.0
2001,UTTARAKHAND,NAINITAL,72.0,16.0,14.0,31.0,38.0,270.0,441.0,6.0,1.2240018163134911,,,2.0
2001,UTTARAKHAND,PAURI GARHWAL,35.0,11.0,7.0,20.0,24.0,129.0,226.0,6.0,1.316379518040494,,,2.0
2001,UTTARAKHAND,PITHORAGARH,14.0,13.0,1.0,7.0,15.0,81.0,131.0,6.0,1.2073832022087738,,,1.0
2001,UTTARAKHAND,RUDRA PRAYAG,7.0,5.0,0.0,1.0,10.0,26.0,49.0,5.0,1.2509035323135516,,,1.0
2001,UTTARAKHAND,TEHRI GARHWAL,19.0,5.0,5.0,7.0,13.0,72.0,121.0,6.0,1.267489777100489,,,1.0
2001,UTTARAKHAND,UDHAMSINGH NAGAR,111.0,17.0,36.0,38.0,40.0,315.0,557.0,6.0,1.2996334725246281,,,3.0
2001,UTTARAKHAND,UTTARKASHI,21.0,20.0,3.0,6.0,34.0,74.0,158.0,6.0,1.4151704439212553,,,1.0
2001,WEST BENGAL,24 PARGANAS NORTH,286.0,116.0,81.0,70.0,286.0,1815.0,2654.0,6.0,1.0792038547987794,,,5.0
2001,WEST BENGAL,24 PARGANAS SOUTH,187.0,101.0,53.0,48.0,336.0,1164.0,1889.0,6.0,1.1846012409406717,,,5.0
2001,WEST BENGAL,ASANSOL,17.0,0.0,3.0,1.0,12.0,64.0,97.0,5.0,0.9927742687360117,,,1.0
2001,WEST BENGAL,BANKURA,79.0,54.0,7.0,40.0,72.0,264.0,516.0,6.0,1.3977761610879706,,,3.0
2001,WEST BENGAL,BIRBHUM,141.0,86.0,43.0,37.0,291.0,392.0,990.0,6.0,1.4756278807967687,,,5.0
2001,WEST BENGAL,BURDWAN,180.0,131.0,45.0,66.0,244.0,935.0,1601.0,6.0,1.2831806153268452,,,5.0
2001,WEST BENGAL,COOCHBEHAR,53.0,80.0,43.0,28.0,50.0,151.0,405.0,6.0,1.6354146249278656,,,3.0
2001,WEST BENGAL,DAKSHIN DINAJPUR,44.0,47.0,31.0,10.0,41.0,136.0,309.0,6.0,1.5349003233808007,,,2.0
2001,WEST BENGAL,DARJEELING,77.0,46.0,21.0,29.0,50.0,490.0,713.0,6.0,1.095376421963064,,,3.0
2001,WEST BENGAL,HOOGHLY,136.0,68.0,41.0,36.0,363.0,629.0,1273.0,6.0,1.3130455700938615,,,5.0
2001,WEST BENGAL,HOWRAH,44.0,15.0,11.0,8.0,54.0,199.0,331.0,6.0,1.213265578163159,,,2.0
2001,WEST BENGAL,HOWRAH G.R.P.,18.0,10.0,7.0,15.0,25.0,673.0,748.0,6.0,0.47813670911806205,,,1.0
2001,WEST BENGAL,JALPAIGURI,242.0,101.0,33.0,94.0,88.0,531.0,1089.0,6.0,1.4256975527344193,,,5.0
2001,WEST BENGAL,KOLKATA,225.0,184.0,121.0,175.0,275.0,5322.0,6302.0,6.0,0.6769679404874093,,,5.0
2001,WEST BENGAL,MALDA,116.0,88.0,38.0,10.0,52.0,374.0,678.0,6.0,1.3158839126583413,,,3.0
2001,WEST BENGAL,MIDNAPUR,184.0,138.0,74.0,75.0,386.0,685.0,1542.0,6.0,1.4696119859085353,,,5.0
2001,WEST BENGAL,MURSHIDABAD,178.0,102.0,52.0,52.0,109.0,408.0,901.0,6.0,1.5105108381196255,,,5.0
2001,WEST BENGAL,NADIA,158.0,148.0,91.0,51.0,232.0,688.0,1368.0,6.0,1.4393956355932793,,,5.0
2001,WEST BENGAL,PURULIA,74.0,71.0,17.0,27.0,73.0,328.0,590.0,6.0,1.3434864129134154,,,3.0
2001,WEST BENGAL,SEALDAH G.R.P.,33.0,1.0,3.0,13.0,16.0,283.0,349.0,6.0,0.714533757072711,,,1.0
2001,WEST BENGAL,SILIGURI G.R.P.,4.0,1.0,2.0,4.0,4.0,91.0,106.0,6.0,0.6208915300781809,,,1.0
2001,WEST BENGAL,UTTAR DINAJPUR,108.0,62.0,41.0,26.0,53.0,314.0,604.0,6.0,1.4130868831680923,,,3.0
2001,A & N ISLANDS,ANDAMAN,13.0,21.0,2.0,4.0,17.0,145.0,202.0,6.0,0.9815260927243221,,,1.0
2001,A & N ISLANDS,NICOBAR,0.0,1.0,0.0,0.0,0.0,2.0,3.0,2.0,0.6365141682948128,,,1.0
2001,CHANDIGARH,CHANDIGARH,31.0,42.0,56.0,27.0,96.0,2074.0,2326.0,6.0,0.5052825617542311,,,3.0
2001,D & N HAVELI,D and N HAVELI,5.0,13.0,4.0,2.0,5.0,104.0,133.0,6.0,0.8348089320740606,,,1.0
2001,DAMAN & DIU,DAMAN,11.0,0.0,5.0,0.0,17.0,84.0,117.0,4.0,0.8751886739879562,,,1.0
2001,DAMAN & DIU,DIU,1.0,0.0,0.0,0.0,9.0,13.0,23.0,3.0,0.8259567010149779,,,1.0
2001,DELHI UT,CENTRAL,75.0,58.0,62.0,45.0,10.0,1935.0,2185.0,6.0,0.5253713640322406,,,3.0
2001,DELHI UT,DELHI UT TOTAL,1120.0,883.0,1627.0,672.0,215.0,24967.0,29484.0,6.0,0.6520584619414401,,,5.0
2001,DELHI UT,EAST,122.0,80.0,163.0,51.0,24.0,2105.0,2545.0,6.0,0.7097290328214185,,,5.0
2001,DELHI UT,G.R.P.(RLY),15.0,5.0,7.0,12.0,0.0,1453.0,1492.0,5.0,0.15508352969992067,,,1.0
2001,DELHI UT,I.G.I. AIRPORT,5.0,0.0,4.0,2.0,2.0,541.0,554.0,5.0,0.14188529038476333,,,1.0
2001,DELHI UT,NEW DELHI,25.0,29.0,27.0,23.0,17.0,1644.0,1765.0,6.0,0.35917665593869136,,,2.0
2001,DELHI UT,NORTH,66.0,54.0,99.0,54.0,14.0,1786.0,2073.0,6.0,0.6071893262775001,,,4.0
2001,DELHI UT,NORTH EAST,146.0,70.0,157.0,77.0,10.0,1202.0,1662.0,6.0,0.9773866529667746,,,5.0
2001,DELHI UT,NORTH WEST,254.0,205.0,518.0,136.0,34.0,3663.0,4810.0,6.0,0.8730634291305046,,,5.0
2001,DELHI UT,S.T.F.,0.0,0.0,0.0,0.0,0.0,0.0,0.0,0.0,0.0,,,1.0
2001,DELHI UT,SOUTH,165.0,161.0,265.0,129.0,56.0,5496.0,6272.0,6.0,0.5611542948407224,,,5.0
2001,DELHI UT,SOUTH WEST,114.0,111.0,174.0,83.0,40.0,2388.0,2910.0,6.0,0.742558515741663,,,5.0
2001,DELHI UT,WEST,133.0,110.0,151.0,60.0,8.0,2754.0,3216.0,6.0,0.612807625175324,,,5.0
2001,LAKSHADWEEP,LAKSHADWEEP,1.0,0.0,0.0,0.0,3.0,12.0,16.0,3.0,0.7029189307735104,,,1.0
2001,PUDUCHERRY,PONDICHERRY,58.0,44.0,4.0,5.0,131.0,667.0,909.0,6.0,0.8809763202766893,,,2.0
2002,ANDHRA PRADESH,ADILABAD,196.0,211.0,42.0,47.0,118.0,579.0,1193.0,6.0,1.428043252925562,1098.0,95.0,4.0
2002,ANDHRA PRADESH,ANANTAPUR,286.0,207.0,65.0,34.0,192.0,698.0,1482.0,6.0,1.4355513661542472,1365.0,117.0,5.0
2002,ANDHRA PRADESH,CHITTOOR,176.0,154.0,67.0,18.0,114.0,1269.0,1798.0,6.0,1.0274569704897025,1772.0,26.0,4.0
2002,ANDHRA PRADESH,CUDDAPAH,100.0,116.0,27.0,12.0,112.0,355.0,722.0,6.0,1.3966876807272532,817.0,-95.0,3.0
2002,ANDHRA PRADESH,EAST GODAVARI,201.0,133.0,55.0,15.0,140.0,2025.0,2569.0,6.0,0.8110937871010147,2199.0,370.0,4.0
2002,ANDHRA PRADESH,GUNTAKAL RLY.,0.0,4.0,0.0,2.0,0.0,148.0,154.0,3.0,0.18942735356500268,175.0,-21.0,1.0
2002,ANDHRA PRADESH,GUNTUR,221.0,232.0,87.0,65.0,182.0,1950.0,2737.0,6.0,1.032620816927473,2736.0,1.0,5.0
2002,ANDHRA PRADESH,KARIMNAGAR,254.0,456.0,62.0,78.0,243.0,1021.0,2114.0,6.0,1.4108800763669243,1998.0,116.0,5.0
2002,ANDHRA PRADESH,KHAMMAM,162.0,239.0,70.0,16.0,159.0,890.0,1536.0,6.0,1.2659965805709699,1367.0,169.0,5.0
2002,ANDHRA PRADESH,KRISHNA,161.0,252.0,26.0,5.0,91.0,950.0,1485.0,6.0,1.0887545409176103,1316.0,169.0,4.0
2002,ANDHRA PRADESH,KURNOOL,223.0,211.0,54.0,25.0,92.0,639.0,1244.0,6.0,1.358561629592542,1127.0,117.0,4.0
2002,ANDHRA PRADESH,MAHABOOBNAGAR,286.0,287.0,57.0,44.0,214.0,795.0,1683.0,6.0,1.4292576336790224,1390.0,293.0,5.0
2002,ANDHRA PRADESH,MEDAK,173.0,171.0,46.0,53.0,121.0,755.0,1319.0,6.0,1.315979079656624,1129.0,190.0,5.0
2002,ANDHRA PRADESH,NALGONDA,170.0,273.0,46.0,23.0,165.0,698.0,1375.0,6.0,1.3601411246383888,1345.0,30.0,4.0
2002,ANDHRA PRADESH,NELLORE,181.0,252.0,67.0,35.0,104.0,947.0,1586.0,6.0,1.2443887028749723,1745.0,-159.0,4.0
2002,ANDHRA PRADESH,NIZAMABAD,147.0,106.0,29.0,43.0,85.0,688.0,1098.0,6.0,1.208737975824848,968.0,130.0,4.0
2002,ANDHRA PRADESH,PRAKASHAM,148.0,177.0,32.0,25.0,172.0,504.0,1058.0,6.0,1.417170723180214,1116.0,-58.0,4.0
2002,ANDHRA PRADESH,RANGA REDDY,333.0,192.0,104.0,84.0,142.0,3144.0,3999.0,6.0,0.8364590501711235,3816.0,183.0,5.0
2002,ANDHRA PRADESH,SECUNDERABAD RLY.,13.0,0.0,0.0,3.0,0.0,357.0,373.0,3.0,0.19773967270457843,321.0,52.0,1.0
2002,ANDHRA PRADESH,SRIKAKULAM,38.0,74.0,10.0,4.0,56.0,417.0,599.0,6.0,1.0087561415004247,639.0,-40.0,2.0
2002,ANDHRA PRADESH,VIJAYAWADA,91.0,150.0,78.0,59.0,47.0,4349.0,4774.0,6.0,0.43615534570330006,3543.0,1231.0,4.0
2002,ANDHRA PRADESH,VIJAYAWADA RLY.,3.0,3.0,1.0,1.0,0.0,333.0,341.0,5.0,0.14067097319115182,277.0,64.0,1.0
2002,ANDHRA PRADESH,VISAKHAPATNAM,36.0,36.0,15.0,8.0,19.0,1090.0,1204.0,6.0,0.453370628762246,1304.0,-100.0,2.0
2002,ANDHRA PRADESH,VIZIANAGARAM,51.0,50.0,9.0,6.0,15.0,340.0,471.0,6.0,0.9550447212865967,449.0,22.0,2.0
2002,ANDHRA PRADESH,WARANGAL,214.0,264.0,72.0,27.0,240.0,874.0,1691.0,6.0,1.3702116136403943,1799.0,-108.0,5.0
2002,ANDHRA PRADESH,WEST GODAVARI,162.0,277.0,59.0,26.0,115.0,1476.0,2115.0,6.0,1.0263126006628438,2340.0,-225.0,4.0
2002,ARUNACHAL PRADESH,CHANGLANG,14.0,3.0,5.0,7.0,2.0,55.0,86.0,6.0,1.1555005563107004,77.0,9.0,1.0
2002,ARUNACHAL PRADESH,DIBANG VALLEY,10.0,9.0,6.0,11.0,5.0,39.0,80.0,6.0,1.4963470008820874,65.0,15.0,1.0
2002,ARUNACHAL PRADESH,KAMENG EAST,5.0,7.0,4.0,3.0,8.0,34.0,61.0,6.0,1.3724908299695446,62.0,-1.0,1.0
2002,ARUNACHAL PRADESH,KAMENG WEST,6.0,0.0,4.0,0.0,0.0,27.0,37.0,3.0,0.7654225169154467,46.0,-9.0,1.0
2002,ARUNACHAL PRADESH,LOHIT,16.0,11.0,5.0,11.0,1.0,39.0,83.0,6.0,1.4303923027528946,112.0,-29.0,1.0
2002,ARUNACHAL PRADESH,PAPUM PARE,7.0,12.0,10.0,49.0,1.0,167.0,246.0,6.0,0.985533718648613,280.0,-34.0,1.0
2002,ARUNACHAL PRADESH,SIANG EAST,3.0,25.0,10.0,8.0,2.0,95.0,143.0,6.0,1.064706764425923,129.0,14.0,1.0
2002,ARUNACHAL PRADESH,SIANG UPPER,1.0,3.0,0.0,1.0,0.0,16.0,21.0,4.0,0.7751292747786216,30.0,-9.0,1.0
2002,ARUNACHAL PRADESH,SIANG WEST,14.0,22.0,7.0,8.0,9.0,94.0,154.0,6.0,1.2573982472530525,197.0,-43.0,1.0
2002,ARUNACHAL PRADESH,SUBANSIRI LOWER,11.0,5.0,4.0,10.0,4.0,49.0,83.0,6.0,1.2954738850342742,93.0,-10.0,1.0
2002,ARUNACHAL PRADESH,SUBANSIRI UPPER,7.0,6.0,1.0,6.0,8.0,32.0,60.0,6.0,1.3833184639362044,64.0,-4.0,1.0
2002,ARUNACHAL PRADESH,TAWANG,1.0,1.0,0.0,0.0,1.0,18.0,21.0,4.0,0.5670609309552819,25.0,-4.0,1.0
2002,ARUNACHAL PRADESH,TIRAP,10.0,2.0,1.0,4.0,0.0,31.0,48.0,5.0,1.029306717687486,58.0,-10.0,1.0
2002,ASSAM,BARPETA,65.0,73.0,69.0,51.0,303.0,386.0,947.0,6.0,1.4600261971818924,888.0,59.0,5.0
2002,ASSAM,BONGAIGAON,47.0,23.0,51.0,46.0,83.0,183.0,433.0,6.0,1.567703889269742,478.0,-45.0,3.0
2002,ASSAM,C.I.D.,0.0,0.0,2.0,0.0,0.0,5.0,7.0,2.0,0.5982695885852573,6.0,1.0,1.0
2002,ASSAM,CACHAR,101.0,227.0,93.0,47.0,503.0,737.0,1708.0,6.0,1.4154767066573084,1590.0,118.0,5.0
2002,ASSAM,DARRANG,40.0,101.0,54.0,23.0,76.0,183.0,477.0,6.0,1.5895803154625403,750.0,-273.0,3.0
2002,ASSAM,DHEMAJI,45.0,71.0,31.0,18.0,27.0,140.0,332.0,6.0,1.548364147114718,300.0,32.0,3.0
2002,ASSAM,DHUBRI,77.0,113.0,62.0,64.0,439.0,244.0,999.0,6.0,1.4982232676209417,943.0,56.0,5.0
2002,ASSAM,DIBRUGARH,134.0,72.0,75.0,42.0,59.0,430.0,812.0,6.0,1.412521799309693,819.0,-7.0,4.0
2002,ASSAM,G.R.P.,6.0,0.0,0.0,8.0,0.0,66.0,80.0,3.0,0.5832353581419929,198.0,-118.0,1.0
2002,ASSAM,GOALPARA,43.0,107.0,48.0,35.0,140.0,195.0,568.0,6.0,1.602607379947932,556.0,12.0,4.0
2002,ASSAM,GOLAGHAT,70.0,78.0,68.0,47.0,41.0,375.0,679.0,6.0,1.395503114110431,568.0,111.0,4.0
2002,ASSAM,HAILAKANDI,32.0,54.0,42.0,18.0,139.0,190.0,475.0,6.0,1.4935380599720034,507.0,-32.0,3.0
2002,ASSAM,JORHAT,54.0,75.0,36.0,18.0,85.0,310.0,578.0,6.0,1.3834270010660257,580.0,-2.0,3.0
2002,ASSAM,KAMRUP,73.0,64.0,118.0,51.0,63.0,277.0,646.0,6.0,1.5765173265824473,912.0,-266.0,4.0
2002,ASSAM,KARBI ANGLONG,45.0,11.0,37.0,33.0,23.0,144.0,293.0,6.0,1.4670843686007153,407.0,-114.0,2.0
2002,ASSAM,KARIMGANJ,55.0,34.0,38.0,10.0,195.0,234.0,566.0,6.0,1.3804072178888522,625.0,-59.0,4.0
2002,ASSAM,KOKRAJHAR,82.0,66.0,48.0,29.0,67.0,142.0,434.0,6.0,1.6795439199963191,431.0,3.0,3.0
2002,ASSAM,LAKHIMPUR,61.0,132.0,84.0,46.0,104.0,483.0,910.0,6.0,1.4161215532886926,789.0,121.0,4.0
2002,ASSAM,MORIGAON,32.0,79.0,39.0,4.0,98.0,161.0,413.0,6.0,1.4908884487715985,367.0,46.0,3.0
2002,ASSAM,N.C.HILLS,41.0,7.0,9.0,10.0,4.0,57.0,128.0,6.0,1.3779849700502487,112.0,16.0,1.0
2002,ASSAM,NAGAON,121.0,176.0,132.0,130.0,350.0,755.0,1664.0,6.0,1.5149040947965557,1649.0,15.0,5.0
2002,ASSAM,NALBARI,103.0,38.0,50.0,56.0,10.0,193.0,450.0,6.0,1.4973558889901115,540.0,-90.0,3.0
2002,ASSAM,R.P.O.,0.0,1.0,1.0,2.0,3.0,5.0,12.0,5.0,1.4241299173467734,75.0,-63.0,1.0
2002,ASSAM,SIBSAGAR,96.0,85.0,57.0,30.0,72.0,431.0,771.0,6.0,1.3679151254402497,724.0,47.0,4.0
2002,ASSAM,SONITPUR,132.0,120.0,114.0,58.0,176.0,590.0,1190.0,6.0,1.477726518423653,1034.0,156.0,5.0
2002,ASSAM,TINSUKIA,134.0,46.0,53.0,77.0,74.0,495.0,879.0,6.0,1.3554817853967505,801.0,78.0,4.0
2002,BIHAR,ARARIA,78.0,103.0,91.0,70.0,379.0,202.0,923.0,6.0,1.5755387113097727,1027.0,-104.0,5.0
2002,BIHAR,ARWAL,110.0,12.0,11.0,16.0,75.0,59.0,283.0,6.0,1.4687815079015376,289.0,-6.0,2.0
2002,BIHAR,AURANGABAD,134.0,16.0,19.0,46.0,195.0,236.0,646.0,6.0,1.4391694457363264,659.0,-13.0,4.0
2002,BIHAR,BAGAHA,109.0,29.0,49.0,12.0,95.0,163.0,457.0,6.0,1.546070349163319,419.0,38.0,3.0
2002,BIHAR,BANKA,121.0,31.0,32.0,73.0,257.0,157.0,671.0,6.0,1.5448429183317043,593.0,78.0,4.0
2002,BIHAR,BEGUSARAI,282.0,43.0,75.0,104.0,170.0,384.0,1058.0,6.0,1.5598727244243609,935.0,123.0,5.0
2002,BIHAR,BETTIAH,339.0,121.0,67.0,87.0,454.0,508.0,1576.0,6.0,1.5452253417871376,1049.0,527.0,5.0
2002,BIHAR,BHABHUA,64.0,17.0,41.0,54.0,215.0,259.0,650.0,6.0,1.4371256221805293,707.0,-57.0,4.0
2002,BIHAR,BHAGALPUR,157.0,50.0,89.0,80.0,220.0,630.0,1226.0,6.0,1.4125854804426523,1150.0,76.0,5.0
2002,BIHAR,BHOJPUR,189.0,21.0,43.0,84.0,163.0,439.0,939.0,6.0,1.424238377836987,916.0,23.0,5.0
2002,BIHAR,BUXAR,156.0,17.0,40.0,82.0,240.0,286.0,821.0,6.0,1.5000294189327386,738.0,83.0,5.0
2002,BIHAR,DARBHANGA,168.0,90.0,93.0,71.0,272.0,469.0,1163.0,6.0,1.5562631366661503,682.0,481.0,5.0
2002,BIHAR,GAYA,375.0,58.0,38.0,230.0,357.0,610.0,1668.0,6.0,1.5095178086741161,1850.0,-182.0,5.0
2002,BIHAR,GOPALGANJ,163.0,16.0,42.0,47.0,184.0,258.0,710.0,6.0,1.4880910040558628,967.0,-257.0,4.0
2002,BIHAR,JAMALPUR RLY.,13.0,2.0,5.0,17.0,3.0,127.0,167.0,6.0,0.8697899245994409,156.0,11.0,1.0
2002,BIHAR,JAMUI,262.0,15.0,38.0,42.0,154.0,163.0,674.0,6.0,1.4676672109974023,485.0,189.0,4.0
2002,BIHAR,JEHANABAD,129.0,7.0,32.0,48.0,169.0,192.0,577.0,6.0,1.4814984833702374,628.0,-51.0,4.0
2002,BIHAR,KATIHAR,97.0,82.0,87.0,59.0,238.0,279.0,842.0,6.0,1.619728748012095,732.0,110.0,5.0
2002,BIHAR,KATIHAR RLY.,14.0,4.0,3.0,26.0,9.0,247.0,303.0,6.0,0.7266296132427277,300.0,3.0,1.0
2002,BIHAR,KHAGARIA,95.0,23.0,31.0,26.0,177.0,120.0,472.0,6.0,1.524402085595231,462.0,10.0,4.0
2002,BIHAR,KISHANGANJ,33.0,24.0,35.0,25.0,145.0,134.0,396.0,6.0,1.500343390358055,352.0,44.0,3.0
2002,BIHAR,LAKHISARAI,105.0,12.0,34.0,21.0,71.0,119.0,362.0,6.0,1.5444566081148796,396.0,-34.0,3.0
2002,BIHAR,MADHEPURA,76.0,17.0,32.0,70.0,173.0,111.0,479.0,6.0,1.5790578526561174,472.0,7.0,4.0
2002,BIHAR,MADHUBANI,244.0,196.0,50.0,55.0,351.0,362.0,1258.0,6.0,1.5874094668650252,639.0,619.0,5.0
2002,BIHAR,MOTIHARI,163.0,53.0,139.0,149.0,445.0,631.0,1580.0,6.0,1.5081676669904511,1392.0,188.0,5.0
2002,BIHAR,MUNGER,187.0,11.0,53.0,26.0,60.0,297.0,634.0,6.0,1.3472709422650833,723.0,-89.0,4.0
2002,BIHAR,MUZAFFARPUR,245.0,86.0,167.0,179.0,429.0,1166.0,2272.0,6.0,1.4132705135478896,1870.0,402.0,5.0
2002,BIHAR,MUZAFFARPUR RLY.,20.0,7.0,5.0,29.0,8.0,345.0,414.0,6.0,0.6831289174110557,403.0,11.0,1.0
2002,BIHAR,NALANDA,383.0,55.0,93.0,112.0,231.0,389.0,1263.0,6.0,1.578667760283677,1691.0,-428.0,5.0
2002,BIHAR,NAUGACHIA,48.0,14.0,24.0,27.0,109.0,73.0,295.0,6.0,1.5765150281517888,282.0,13.0,3.0
2002,BIHAR,NAWADAH,179.0,37.0,50.0,32.0,193.0,155.0,646.0,6.0,1.5697456016843725,584.0,62.0,4.0
2002,BIHAR,PATNA,1184.0,79.0,203.0,584.0,524.0,2805.0,5379.0,6.0,1.326284976904077,4902.0,477.0,5.0
2002,BIHAR,PATNA RLY.,53.0,11.0,5.0,43.0,11.0,726.0,849.0,6.0,0.6009269451810503,935.0,-86.0,2.0
2002,BIHAR,PURNEA,175.0,52.0,48.0,212.0,322.0,288.0,1097.0,6.0,1.6028373103195817,1119.0,-22.0,5.0
2002,BIHAR,ROHTAS,172.0,19.0,92.0,175.0,411.0,575.0,1444.0,6.0,1.4659201935818353,1475.0,-31.0,5.0
2002,BIHAR,SAHARSA,149.0,27.0,20.0,24.0,120.0,122.0,462.0,6.0,1.5222464734221637,545.0,-83.0,3.0
2002,BIHAR,SAMASTIPUR,258.0,26.0,56.0,105.0,284.0,361.0,1090.0,6.0,1.5245263321571372,1217.0,-127.0,5.0
2002,BIHAR,SARAN,163.0,12.0,73.0,85.0,281.0,404.0,1018.0,6.0,1.4640251270578601,1196.0,-178.0,5.0
2002,BIHAR,SHEIKHPURA,53.0,14.0,24.0,14.0,83.0,151.0,339.0,6.0,1.445571215398115,334.0,5.0,2.0
2002,BIHAR,SHEOHAR,10.0,15.0,19.0,13.0,53.0,46.0,156.0,6.0,1.5916620210034038,118.0,38.0,2.0
2002,BIHAR,SITAMARHI,74.0,57.0,50.0,51.0,279.0,285.0,796.0,6.0,1.4947417735218302,611.0,185.0,4.0
2002,BIHAR,SIWAN,289.0,16.0,57.0,145.0,235.0,257.0,999.0,6.0,1.5582520789690428,964.0,35.0,5.0
2002,BIHAR,SUPAUL,89.0,27.0,34.0,75.0,201.0,168.0,594.0,6.0,1.57379121549047,606.0,-12.0,4.0
2002,BIHAR,VAISHALI,227.0,37.0,72.0,52.0,230.0,601.0,1219.0,6.0,1.3840748518934949,1492.0,-273.0,5.0
2002,CHHATTISGARH,BALRAMPUR,51.0,63.0,3.0,53.0,31.0,111.0,312.0,6.0,1.5619988320383842,149.0,163.0,2.0
2002,CHHATTISGARH,BILASPUR,108.0,232.0,15.0,49.0,150.0,1146.0,1700.0,6.0,1.0709187154730246,1914.0,-214.0,4.0
2002,CHHATTISGARH,BIZAPUR,37.0,8.0,2.0,16.0,28.0,29.0,120.0,6.0,1.5629874563425057,54.0,66.0,1.0
2002,CHHATTISGARH,DANTEWARA,88.0,28.0,4.0,8.0,27.0,131.0,286.0,6.0,1.3303746064199442,328.0,-42.0,2.0
2002,CHHATTISGARH,DHAMTARI,28.0,66.0,4.0,6.0,28.0,230.0,362.0,6.0,1.112156253660748,362.0,0.0,2.0
2002,CHHATTISGARH,DURG,137.0,362.0,29.0,53.0,86.0,1439.0,2106.0,6.0,1.0229421106920327,2364.0,-258.0,5.0
2002,CHHATTISGARH,GRP RAIPUR,3.0,6.0,0.0,0.0,0.0,217.0,226.0,3.0,0.1927291612207266,229.0,-3.0,1.0
2002,CHHATTISGARH,JAGDALPUR,104.0,92.0,19.0,54.0,46.0,313.0,628.0,6.0,1.4344991081952467,643.0,-15.0,3.0
2002,CHHATTISGARH,JANJGIR,67.0,141.0,6.0,19.0,102.0,380.0,715.0,6.0,1.292287087518054,837.0,-122.0,3.0
2002,CHHATTISGARH,JASHPUR,70.0,51.0,0.0,27.0,21.0,146.0,315.0,5.0,1.3765507100760406,347.0,-32.0,2.0
2002,CHHATTISGARH,KABIRDHAM,25.0,62.0,2.0,4.0,34.0,136.0,263.0,6.0,1.2706216306676783,,,2.0
2002,CHHATTISGARH,KANKER,41.0,70.0,6.0,25.0,50.0,133.0,325.0,6.0,1.5164677717441815,296.0,29.0,2.0
2002,CHHATTISGARH,KORBA,50.0,120.0,4.0,20.0,61.0,573.0,828.0,6.0,1.0120315073889674,857.0,-29.0,2.0
2002,CHHATTISGARH,KORIYA,37.0,130.0,7.0,5.0,26.0,349.0,554.0,6.0,1.0532971546717869,637.0,-83.0,2.0
2002,CHHATTISGARH,MAHASAMUND,35.0,89.0,5.0,12.0,31.0,306.0,478.0,6.0,1.1075552242186852,499.0,-21.0,2.0
2002,CHHATTISGARH,RAIGARH,80.0,142.0,5.0,24.0,72.0,489.0,812.0,6.0,1.1889150293658908,731.0,81.0,3.0
2002,CHHATTISGARH,RAIPUR,152.0,343.0,40.0,41.0,81.0,1290.0,1947.0,6.0,1.0711039840248298,2639.0,-692.0,5.0
2002,CHHATTISGARH,RAJNANDGAON,68.0,148.0,8.0,17.0,63.0,405.0,709.0,6.0,1.226893820478145,840.0,-131.0,3.0
2002,CHHATTISGARH,SARGUJA,140.0,322.0,19.0,37.0,115.0,699.0,1332.0,6.0,1.2900397761860642,1431.0,-99.0,5.0
2002,GOA,NORTH GOA,32.0,18.0,4.0,17.0,60.0,566.0,697.0,6.0,0.7362474382763273,654.0,43.0,2.0
2002,GOA,SOUTH GOA,22.0,12.0,5.0,12.0,44.0,411.0,506.0,6.0,0.7406986491662771,603.0,-97.0,1.0
2002,GUJARAT,AHMEDABAD COMMR.,365.0,48.0,153.0,425.0,639.0,5023.0,6653.0,6.0,0.8945309235701113,5475.0,1178.0,5.0
2002,GUJARAT,AHWA-DANG,7.0,4.0,1.0,2.0,10.0,19.0,43.0,6.0,1.4467109439938073,45.0,-2.0,1.0
2002,GUJARAT,AMRELI,39.0,22.0,27.0,20.0,51.0,248.0,407.0,6.0,1.272603074032295,574.0,-167.0,2.0
2002,GUJARAT,ANAND,80.0,30.0,38.0,24.0,241.0,664.0,1077.0,6.0,1.1288288030195934,1024.0,53.0,4.0
2002,GUJARAT,BHARUCH,72.0,33.0,24.0,56.0,175.0,528.0,888.0,6.0,1.2271270583743887,888.0,0.0,3.0
2002,GUJARAT,BHAVNAGAR,103.0,66.0,51.0,55.0,478.0,982.0,1735.0,6.0,1.1824091902754121,1409.0,326.0,5.0
2002,GUJARAT,DAHOD,80.0,33.0,9.0,140.0,119.0,204.0,585.0,6.0,1.5320152402436085,449.0,136.0,4.0
2002,GUJARAT,GANDHINAGAR,38.0,22.0,21.0,42.0,130.0,682.0,935.0,6.0,0.9475005309870337,1039.0,-104.0,3.0
2002,GUJARAT,HIMATNAGAR,94.0,66.0,40.0,109.0,394.0,591.0,1294.0,6.0,1.378140658689093,813.0,481.0,5.0
2002,GUJARAT,JAMNAGAR,63.0,44.0,36.0,25.0,54.0,767.0,989.0,6.0,0.8833546711329737,1016.0,-27.0,3.0
2002,GUJARAT,JUNAGADH,77.0,48.0,50.0,52.0,170.0,953.0,1350.0,6.0,1.0362634068954728,1373.0,-23.0,4.0
2002,GUJARAT,KHEDA NORTH,75.0,50.0,29.0,43.0,238.0,578.0,1013.0,6.0,1.237522383560128,877.0,136.0,4.0
2002,GUJARAT,KUTCH,61.0,32.0,40.0,36.0,91.0,550.0,810.0,6.0,1.1178095777025856,716.0,94.0,3.0
2002,GUJARAT,MEHSANA,92.0,53.0,41.0,101.0,282.0,955.0,1524.0,6.0,1.1684862745626918,1224.0,300.0,4.0
2002,GUJARAT,NARMADA,20.0,13.0,5.0,13.0,59.0,85.0,195.0,6.0,1.412227331284954,142.0,53.0,2.0
2002,GUJARAT,NAVSARI,30.0,7.0,11.0,17.0,33.0,274.0,372.0,6.0,0.9630319778706877,374.0,-2.0,2.0
2002,GUJARAT,PALANPUR,69.0,74.0,47.0,59.0,160.0,575.0,984.0,6.0,1.3042515107910557,1122.0,-138.0,4.0
2002,GUJARAT,PANCHMAHAL,101.0,15.0,22.0,90.0,180.0,540.0,948.0,6.0,1.251070432589581,815.0,133.0,4.0
2002,GUJARAT,PATAN,37.0,28.0,29.0,32.0,117.0,373.0,616.0,6.0,1.2261951487438743,583.0,33.0,3.0
2002,GUJARAT,PORBANDAR,16.0,20.0,9.0,5.0,15.0,183.0,248.0,6.0,0.9728844124084257,274.0,-26.0,1.0
2002,GUJARAT,RAJKOT COMMR.,68.0,34.0,40.0,42.0,316.0,1585.0,2085.0,6.0,0.827659373456697,1966.0,119.0,4.0
2002,GUJARAT,SURAT COMMR.,109.0,36.0,63.0,101.0,140.0,2184.0,2633.0,6.0,0.7160140141149776,2488.0,145.0,4.0
2002,GUJARAT,SURENDRANAGAR,70.0,53.0,37.0,37.0,120.0,426.0,743.0,6.0,1.3230537371242364,626.0,117.0,3.0
2002,GUJARAT,VADODARA COMMR.,103.0,14.0,35.0,102.0,674.0,1561.0,2489.0,6.0,0.9981874192061313,1825.0,664.0,5.0
2002,GUJARAT,VALSAD,53.0,15.0,21.0,33.0,66.0,735.0,923.0,6.0,0.8061904749681171,954.0,-31.0,2.0
2002,GUJARAT,W.RLY,28.0,7.0,9.0,87.0,13.0,875.0,1019.0,6.0,0.5713048378771113,1085.0,-66.0,2.0
2002,HARYANA,AMBALA,50.0,32.0,21.0,11.0,14.0,664.0,792.0,6.0,0.6788256996162716,933.0,-141.0,2.0
2002,HARYANA,BHIWANI,64.0,46.0,16.0,20.0,130.0,428.0,704.0,6.0,1.197905781060502,650.0,54.0,3.0
2002,HARYANA,FARIDABAD,102.0,93.0,61.0,28.0,142.0,1104.0,1530.0,6.0,1.0085374036510577,1555.0,-25.0,4.0
2002,HARYANA,FATEHABAD,42.0,29.0,22.0,18.0,22.0,310.0,443.0,6.0,1.080017456623114,418.0,25.0,2.0
2002,HARYANA,GRP,28.0,2.0,0.0,4.0,6.0,211.0,251.0,5.0,0.5843142097719292,218.0,33.0,1.0
2002,HARYANA,GURGAON,131.0,62.0,50.0,55.0,94.0,1156.0,1548.0,6.0,0.955472995288377,1532.0,16.0,4.0
2002,HARYANA,HISSAR,103.0,46.0,24.0,31.0,31.0,753.0,988.0,6.0,0.8930549597257013,1103.0,-115.0,3.0
2002,HARYANA,JHAJJAR,69.0,57.0,14.0,20.0,55.0,369.0,584.0,6.0,1.1970311095264905,602.0,-18.0,2.0
2002,HARYANA,JIND,58.0,29.0,15.0,10.0,82.0,328.0,522.0,6.0,1.1652091214967353,638.0,-116.0,2.0
2002,HARYANA,KAITHAL,56.0,18.0,7.0,5.0,23.0,298.0,407.0,6.0,0.9253606722390618,463.0,-56.0,2.0
2002,HARYANA,KARNAL,72.0,62.0,16.0,18.0,48.0,665.0,881.0,6.0,0.9145804021000378,1013.0,-132.0,3.0
2002,HARYANA,KURUKSHETRA,48.0,35.0,18.0,13.0,3.0,646.0,763.0,6.0,0.6358711632970332,752.0,11.0,2.0
2002,HARYANA,MAHENDRAGARH,32.0,38.0,19.0,9.0,65.0,211.0,374.0,6.0,1.31081081488499,367.0,7.0,2.0
2002,HARYANA,PANCHKULA,10.0,42.0,19.0,6.0,4.0,399.0,480.0,6.0,0.6699451557750454,461.0,19.0,1.0
2002,HARYANA,PANIPAT,75.0,65.0,30.0,31.0,42.0,686.0,929.0,6.0,0.97748819797939,924.0,5.0,3.0
2002,HARYANA,REWARI,31.0,25.0,11.0,13.0,42.0,282.0,404.0,6.0,1.0641708022656646,418.0,-14.0,2.0
2002,HARYANA,ROHTAK,102.0,31.0,16.0,31.0,49.0,649.0,878.0,6.0,0.943625089150736,905.0,-27.0,3.0
2002,HARYANA,SIRSA,84.0,50.0,22.0,18.0,23.0,483.0,680.0,6.0,1.0149107427718838,661.0,19.0,2.0
2002,HARYANA,SONIPAT,132.0,29.0,24.0,40.0,15.0,562.0,802.0,6.0,0.9951700846736163,766.0,36.0,3.0
2002,HARYANA,YAMUNANAGAR,47.0,24.0,22.0,10.0,9.0,318.0,430.0,6.0,0.9466541039604708,497.0,-67.0,2.0
2002,HIMACHAL PRADESH,BILASPUR,27.0,45.0,8.0,1.0,151.0,134.0,366.0,6.0,1.282844458243728,291.0,75.0,2.0
2002,HIMACHAL PRADESH,CHAMBA,17.0,37.0,14.0,1.0,21.0,163.0,253.0,6.0,1.1344501758615133,217.0,36.0,1.0
2002,HIMACHAL PRADESH,G.R.P.,0.0,0.0,1.0,0.0,2.0,2.0,5.0,3.0,1.0549201679861442,3.0,2.0,1.0
2002,HIMACHAL PRADESH,HAMIRPUR,15.0,20.0,14.0,1.0,42.0,64.0,156.0,6.0,1.4560557354216714,127.0,29.0,1.0
2002,HIMACHAL PRADESH,KANGRA,51.0,64.0,20.0,2.0,119.0,210.0,466.0,6.0,1.3810936994322989,574.0,-108.0,2.0
2002,HIMACHAL PRADESH,KINNAUR,2.0,10.0,3.0,0.0,11.0,32.0,58.0,5.0,1.2158157855905918,51.0,7.0,1.0
2002,HIMACHAL PRADESH,KULLU,11.0,34.0,11.0,0.0,27.0,74.0,157.0,5.0,1.3610969765728997,157.0,0.0,1.0
2002,HIMACHAL PRADESH,LAHAUL-SPITI,2.0,2.0,0.0,1.0,0.0,12.0,17.0,4.0,0.9160681370152876,15.0,2.0,1.0
2002,HIMACHAL PRADESH,MANDI,16.0,75.0,9.0,3.0,94.0,174.0,371.0,6.0,1.2908941981066304,431.0,-60.0,2.0
2002,HIMACHAL PRADESH,SHIMLA,25.0,76.0,22.0,2.0,125.0,278.0,528.0,6.0,1.2558107825940383,654.0,-126.0,3.0
2002,HIMACHAL PRADESH,SIRMAUR,18.0,45.0,10.0,1.0,84.0,85.0,243.0,6.0,1.393611556442396,206.0,37.0,2.0
2002,HIMACHAL PRADESH,SOLAN,13.0,37.0,18.0,2.0,62.0,140.0,272.0,6.0,1.3114139727070804,303.0,-31.0,2.0
2002,HIMACHAL PRADESH,UNA,18.0,18.0,8.0,4.0,53.0,118.0,219.0,6.0,1.2813075738010165,189.0,30.0,1.0
2002,JAMMU & KASHMIR,ANANTNAG,184.0,83.0,67.0,30.0,94.0,262.0,720.0,6.0,1.584753647683687,614.0,106.0,4.0
2002,JAMMU & KASHMIR,AWANTIPORA,26.0,13.0,16.0,19.0,11.0,33.0,118.0,6.0,1.7188014945950436,115.0,3.0,1.0
2002,JAMMU & KASHMIR,BARAMULLA,234.0,108.0,87.0,19.0,147.0,302.0,897.0,6.0,1.5762730193008099,985.0,-88.0,5.0
2002,JAMMU & KASHMIR,BORDER,34.0,13.0,14.0,3.0,34.0,36.0,134.0,6.0,1.5964504075185468,167.0,-33.0,2.0
2002,JAMMU & KASHMIR,BUDGAM,71.0,92.0,40.0,5.0,105.0,171.0,484.0,6.0,1.549548764126409,540.0,-56.0,3.0
2002,JAMMU & KASHMIR,CRIME JAMMU,1.0,0.0,0.0,0.0,0.0,45.0,46.0,2.0,0.10473243910508653,27.0,19.0,1.0
2002,JAMMU & KASHMIR,CRIME SRINAGAR,1.0,0.0,0.0,0.0,0.0,62.0,63.0,2.0,0.08151041095033153,69.0,-6.0,1.0
2002,JAMMU & KASHMIR,DODA,223.0,21.0,19.0,3.0,46.0,60.0,372.0,6.0,1.2125695755909167,391.0,-19.0,3.0
2002,JAMMU & KASHMIR,GANDERBAL,28.0,68.0,39.0,2.0,79.0,100.0,316.0,6.0,1.5462585182047575,241.0,75.0,2.0
2002,JAMMU & KASHMIR,HANDWARA,124.0,25.0,23.0,1.0,36.0,46.0,255.0,6.0,1.402332710860315,,,2.0
2002,JAMMU & KASHMIR,JAMMU,110.0,27.0,60.0,11.0,83.0,694.0,985.0,6.0,1.0192230945809917,1120.0,-135.0,3.0
2002,JAMMU & KASHMIR,KARGIL,1.0,1.0,2.0,0.0,5.0,8.0,17.0,5.0,1.299741799542741,19.0,-2.0,1.0
2002,JAMMU & KASHMIR,KATHUA,41.0,22.0,13.0,1.0,51.0,107.0,235.0,6.0,1.399502437922354,239.0,-4.0,2.0
2002,JAMMU & KASHMIR,KULGAM,46.0,17.0,45.0,17.0,74.0,92.0,291.0,6.0,1.6243475422172162,324.0,-33.0,2.0
2002,JAMMU & KASHMIR,KUPWARA,180.0,43.0,28.0,0.0,91.0,62.0,404.0,5.0,1.4070185626497744,715.0,-311.0,3.0
2002,JAMMU & KASHMIR,LEH,7.0,4.0,1.0,0.0,3.0,19.0,34.0,5.0,1.2202803493798833,30.0,4.0,1.0
2002,JAMMU & KASHMIR,POONCH,224.0,13.0,14.0,0.0,34.0,71.0,356.0,5.0,1.0854745820204985,482.0,-126.0,3.0
2002,JAMMU & KASHMIR,PULWAMA,166.0,63.0,44.0,41.0,140.0,211.0,665.0,6.0,1.613410702932718,600.0,65.0,4.0
2002,JAMMU & KASHMIR,RAJOURI,201.0,24.0,13.0,4.0,29.0,76.0,347.0,6.0,1.215565671961057,312.0,35.0,3.0
2002,JAMMU & KASHMIR,RAMBAN,131.0,10.0,6.0,0.0,30.0,57.0,234.0,5.0,1.160803590566703,169.0,65.0,2.0
2002,JAMMU & KASHMIR,REASI,109.0,11.0,16.0,6.0,36.0,37.0,215.0,6.0,1.3917711067917564,195.0,20.0,2.0
2002,JAMMU & KASHMIR,SRINAGAR,140.0,294.0,117.0,39.0,202.0,1068.0,1860.0,6.0,1.3009824844191706,1718.0,142.0,5.0
2002,JAMMU & KASHMIR,UDHAMPUR,35.0,25.0,10.0,4.0,52.0,188.0,314.0,6.0,1.2162851243588293,340.0,-26.0,2.0
2002,JHARKHAND,BOKARO,168.0,80.0,40.0,104.0,190.0,629.0,1211.0,6.0,1.4078284610064467,1047.0,164.0,5.0
2002,JHARKHAND,CHAIBASA,214.0,54.0,19.0,21.0,43.0,149.0,500.0,6.0,1.432762254249796,418.0,82.0,4.0
2002,JHARKHAND,CHATRA,35.0,18.0,4.0,50.0,126.0,105.0,338.0,6.0,1.4572247163333931,318.0,20.0,3.0
2002,JHARKHAND,DEOGHAR,74.0,44.0,5.0,38.0,152.0,151.0,464.0,6.0,1.5008334338017448,549.0,-85.0,3.0
2002,JHARKHAND,DHANBAD,143.0,91.0,72.0,133.0,246.0,743.0,1428.0,6.0,1.420493650667383,1431.0,-3.0,5.0
2002,JHARKHAND,DHANBAD RLY.,5.0,4.0,2.0,53.0,11.0,252.0,327.0,6.0,0.758776345699415,272.0,55.0,1.0
2002,JHARKHAND,DUMKA,220.0,81.0,15.0,20.0,106.0,197.0,639.0,6.0,1.4861962873182815,416.0,223.0,4.0
2002,JHARKHAND,GARHWA,59.0,34.0,9.0,37.0,116.0,116.0,371.0,6.0,1.558566280052379,324.0,47.0,3.0
2002,JHARKHAND,GIRIDIH,103.0,87.0,23.0,91.0,130.0,252.0,686.0,6.0,1.6114734254196033,775.0,-89.0,4.0
2002,JHARKHAND,GODDA,67.0,86.0,21.0,19.0,125.0,198.0,516.0,6.0,1.5265647615791282,399.0,117.0,4.0
2002,JHARKHAND,GUMLA,148.0,35.0,9.0,64.0,32.0,111.0,399.0,6.0,1.518711947126646,420.0,-21.0,3.0
2002,JHARKHAND,HAZARIBAGH,156.0,98.0,33.0,126.0,212.0,729.0,1354.0,6.0,1.3741958089303428,1200.0,154.0,5.0
2002,JHARKHAND,JAMSHEDPUR,270.0,116.0,50.0,37.0,133.0,819.0,1425.0,6.0,1.2713777573579788,1300.0,125.0,5.0
2002,JHARKHAND,JAMSHEDPUR RLY.,2.0,6.0,1.0,11.0,3.0,121.0,144.0,6.0,0.6496730769337763,89.0,55.0,1.0
2002,JHARKHAND,JAMTARA,53.0,39.0,13.0,10.0,41.0,104.0,260.0,6.0,1.541652106246918,277.0,-17.0,2.0
2002,JHARKHAND,KODERMA,55.0,14.0,13.0,63.0,107.0,86.0,338.0,6.0,1.5781390612306767,312.0,26.0,3.0
2002,JHARKHAND,LATEHAR,59.0,16.0,8.0,40.0,25.0,50.0,198.0,6.0,1.625641348182503,226.0,-28.0,2.0
2002,JHARKHAND,LOHARDAGGA,54.0,18.0,2.0,25.0,26.0,55.0,180.0,6.0,1.557379876913704,169.0,11.0,2.0
2002,JHARKHAND,PAKUR,48.0,40.0,6.0,18.0,47.0,61.0,220.0,6.0,1.6305806457133605,217.0,3.0,2.0
2002,JHARKHAND,PALAMU,120.0,25.0,16.0,71.0,194.0,218.0,644.0,6.0,1.50222201472605,614.0,30.0,4.0
2002,JHARKHAND,RANCHI,431.0,128.0,67.0,266.0,270.0,1066.0,2228.0,6.0,1.4495016361374768,1472.0,756.0,5.0
2002,JHARKHAND,SAHEBGANJ,105.0,48.0,22.0,22.0,69.0,142.0,408.0,6.0,1.5838893699079004,375.0,33.0,3.0
2002,JHARKHAND,SARAIKELA,89.0,30.0,16.0,19.0,31.0,184.0,369.0,6.0,1.3909264509372294,451.0,-82.0,2.0
2002,JHARKHAND,SIMDEGA,68.0,16.0,2.0,22.0,13.0,29.0,150.0,6.0,1.4661480103667734,146.0,4.0,2.0
2002,KARNATAKA,BAGALKOT,91.0,57.0,17.0,3.0,215.0,260.0,643.0,6.0,1.3450451889560529,572.0,71.0,3.0
2002,KARNATAKA,BANGALORE COMMR.,516.0,269.0,159.0,392.0,285.0,11133.0,12754.0,6.0,0.5764458678381679,11951.0,803.0,5.0
2002,KARNATAKA,BELGAUM,174.0,61.0,26.0,60.0,389.0,630.0,1340.0,6.0,1.3351667120641553,1471.0,-131.0,5.0
2002,KARNATAKA,BELLARY,120.0,79.0,13.0,20.0,286.0,489.0,1007.0,6.0,1.295442618791541,1020.0,-13.0,4.0
2002,KARNATAKA,BIDAR,111.0,93.0,23.0,35.0,195.0,465.0,922.0,6.0,1.3763006879324364,849.0,73.0,4.0
2002,KARNATAKA,BIJAPUR,117.0,74.0,30.0,34.0,353.0,282.0,890.0,6.0,1.4434817271562284,987.0,-97.0,4.0
2002,KARNATAKA,CHAMARAJNAGAR,53.0,30.0,6.0,10.0,244.0,149.0,492.0,6.0,1.253082685657246,449.0,43.0,3.0
2002,KARNATAKA,CHICKMAGALUR,102.0,80.0,12.0,12.0,173.0,415.0,794.0,6.0,1.292697883076262,753.0,41.0,3.0
2002,KARNATAKA,CHITRADURGA,56.0,58.0,7.0,18.0,325.0,312.0,776.0,6.0,1.244186501069685,717.0,59.0,4.0
2002,KARNATAKA,DAKSHIN KANNADA,53.0,31.0,6.0,12.0,158.0,441.0,701.0,6.0,1.0708997320268208,756.0,-55.0,3.0
2002,KARNATAKA,DAVANAGERE,90.0,88.0,18.0,51.0,278.0,507.0,1032.0,6.0,1.3444166811756122,1197.0,-165.0,4.0
2002,KARNATAKA,DHARWAD COMMR.,53.0,15.0,16.0,45.0,131.0,448.0,708.0,6.0,1.1382835379146792,737.0,-29.0,3.0
2002,KARNATAKA,GADAG,37.0,15.0,4.0,7.0,135.0,149.0,347.0,6.0,1.234940460214013,320.0,27.0,2.0
2002,KARNATAKA,GULBARGA,162.0,143.0,43.0,49.0,387.0,484.0,1268.0,6.0,1.479306829736578,1486.0,-218.0,5.0
2002,KARNATAKA,HASSAN,140.0,75.0,26.0,25.0,333.0,514.0,1113.0,6.0,1.3333784475035482,939.0,174.0,4.0
2002,KARNATAKA,HAVERI,39.0,29.0,10.0,13.0,276.0,209.0,576.0,6.0,1.2090952067997396,604.0,-28.0,3.0
2002,KARNATAKA,K.G.F.,30.0,12.0,3.0,7.0,79.0,366.0,497.0,6.0,0.8679015159829326,367.0,130.0,2.0
2002,KARNATAKA,KODAGU,66.0,31.0,6.0,4.0,77.0,238.0,422.0,6.0,1.2200290382322767,468.0,-46.0,2.0
2002,KARNATAKA,KOLAR,145.0,52.0,36.0,35.0,367.0,538.0,1173.0,6.0,1.3293227185964984,1123.0,50.0,5.0
2002,KARNATAKA,KOPPAL,56.0,35.0,26.0,17.0,133.0,205.0,472.0,6.0,1.4443402282811508,510.0,-38.0,3.0
2002,KARNATAKA,MANDYA,117.0,75.0,18.0,34.0,266.0,544.0,1054.0,6.0,1.3011946771172413,1061.0,-7.0,4.0
2002,KARNATAKA,MYSORE COMMR.,61.0,24.0,10.0,32.0,48.0,436.0,611.0,6.0,1.0196212405362237,690.0,-79.0,2.0
2002,KARNATAKA,RAICHUR,133.0,78.0,25.0,18.0,275.0,406.0,935.0,6.0,1.3796591020633096,848.0,87.0,4.0
2002,KARNATAKA,SHIMOGA,102.0,70.0,14.0,45.0,268.0,611.0,1110.0,6.0,1.2504961399068453,1025.0,85.0,4.0
2002,KARNATAKA,TUMKUR,111.0,69.0,19.0,42.0,321.0,673.0,1235.0,6.0,1.237955906462417,1224.0,11.0,4.0
2002,KARNATAKA,UDUPI,37.0,22.0,9.0,13.0,189.0,233.0,503.0,6.0,1.2195794243505826,399.0,104.0,3.0
2002,KARNATAKA,UTTAR KANNADA,41.0,43.0,2.0,7.0,127.0,185.0,405.0,6.0,1.2879035788745932,368.0,37.0,2.0
2002,KERALA,ALAPUZHA,49.0,162.0,14.0,24.0,586.0,626.0,1461.0,6.0,1.1993277297118068,1313.0,148.0,5.0
2002,KERALA,CBCID,25.0,0.0,1.0,6.0,24.0,53.0,109.0,5.0,1.224180764947616,107.0,2.0,1.0
2002,KERALA,ERNAKULAM,134.0,197.0,12.0,146.0,710.0,2164.0,3363.0,6.0,1.0629718339722012,3239.0,124.0,5.0
2002,KERALA,IDUKKI,52.0,146.0,0.0,15.0,342.0,479.0,1034.0,5.0,1.2105886514054887,1200.0,-166.0,4.0
2002,KERALA,KANNUR,98.0,110.0,14.0,21.0,570.0,565.0,1378.0,6.0,1.2308698080875908,1765.0,-387.0,5.0
2002,KERALA,KASARGOD,48.0,25.0,13.0,11.0,407.0,365.0,869.0,6.0,1.099839978745471,1142.0,-273.0,4.0
2002,KERALA,KOLLAM,149.0,367.0,20.0,54.0,844.0,888.0,2322.0,6.0,1.3316728810246385,1907.0,415.0,5.0
2002,KERALA,KOTTAYAM,49.0,184.0,15.0,71.0,458.0,1031.0,1808.0,6.0,1.165354976992098,1617.0,191.0,5.0
2002,KERALA,KOZHIKODE,78.0,188.0,5.0,30.0,1040.0,1473.0,2814.0,6.0,1.0465446748540987,3011.0,-197.0,5.0
2002,KERALA,MALAPPURAM,68.0,160.0,11.0,16.0,624.0,827.0,1706.0,6.0,1.145614281045105,1830.0,-124.0,5.0
2002,KERALA,PALAKKAD,103.0,170.0,10.0,56.0,673.0,854.0,1866.0,6.0,1.2369359762392043,1903.0,-37.0,5.0
2002,KERALA,PATHANAMTHITTA,67.0,151.0,0.0,20.0,317.0,453.0,1008.0,5.0,1.2656150146112342,760.0,248.0,4.0
2002,KERALA,THRISSUR,153.0,225.0,11.0,93.0,664.0,1200.0,2346.0,6.0,1.25614488790194,2453.0,-107.0,5.0
2002,KERALA,TRIVANDRUM,136.0,460.0,36.0,165.0,1031.0,2015.0,3843.0,6.0,1.24276247984428,3348.0,495.0,5.0
2002,KERALA,WAYANADU,17.0,76.0,0.0,19.0,236.0,349.0,697.0,5.0,1.1434437921815135,717.0,-20.0,3.0
2002,MADHYA PRADESH,BALAGHAT,113.0,273.0,9.0,27.0,52.0,493.0,967.0,6.0,1.2520072479378737,904.0,63.0,4.0
2002,MADHYA PRADESH,BARWANI,71.0,101.0,4.0,8.0,48.0,173.0,405.0,6.0,1.3908123816237903,634.0,-229.0,2.0
2002,MADHYA PRADESH,BETUL,115.0,267.0,22.0,17.0,26.0,354.0,801.0,6.0,1.297506684127793,863.0,-62.0,4.0
2002,MADHYA PRADESH,BHIND,180.0,124.0,29.0,37.0,137.0,568.0,1075.0,6.0,1.3614107853945319,1010.0,65.0,4.0
2002,MADHYA PRADESH,BHOPAL,154.0,342.0,41.0,104.0,89.0,2544.0,3274.0,6.0,0.838204007831776,3203.0,71.0,5.0
2002,MADHYA PRADESH,BHOPAL RLY.,12.0,19.0,0.0,33.0,9.0,942.0,1015.0,5.0,0.3494971330749299,773.0,242.0,1.0
2002,MADHYA PRADESH,CHHATARPUR,137.0,264.0,25.0,38.0,95.0,468.0,1027.0,6.0,1.4087014095859114,1022.0,5.0,4.0
2002,MADHYA PRADESH,CHHINDWARA,131.0,271.0,10.0,31.0,92.0,410.0,945.0,6.0,1.3814140400529318,1002.0,-57.0,4.0
2002,MADHYA PRADESH,DAMOH,106.0,193.0,14.0,21.0,34.0,323.0,691.0,6.0,1.3326644511494425,830.0,-139.0,3.0
2002,MADHYA PRADESH,DATIYA,117.0,75.0,12.0,25.0,34.0,233.0,496.0,6.0,1.405638523855009,469.0,27.0,3.0
2002,MADHYA PRADESH,DEWAS,129.0,288.0,33.0,100.0,188.0,1344.0,2082.0,6.0,1.157136940857565,1856.0,226.0,5.0
2002,MADHYA PRADESH,DHAR,191.0,294.0,30.0,45.0,101.0,1018.0,1679.0,6.0,1.1937466929897318,1557.0,122.0,5.0
2002,MADHYA PRADESH,DINDORI,33.0,83.0,2.0,0.0,29.0,80.0,227.0,5.0,1.320330968229642,211.0,16.0,2.0
2002,MADHYA PRADESH,GUNA,147.0,487.0,7.0,60.0,205.0,790.0,1696.0,6.0,1.3224173590334372,1709.0,-13.0,5.0
2002,MADHYA PRADESH,GWALIOR,231.0,219.0,79.0,143.0,184.0,2001.0,2857.0,6.0,1.0754018812876462,2811.0,46.0,5.0
2002,MADHYA PRADESH,HARDA,31.0,70.0,3.0,6.0,24.0,126.0,260.0,6.0,1.316299030368973,252.0,8.0,2.0
2002,MADHYA PRADESH,HOSHANGABAD,231.0,184.0,21.0,40.0,41.0,693.0,1210.0,6.0,1.2195102963917648,976.0,234.0,4.0
2002,MADHYA PRADESH,INDORE,245.0,310.0,47.0,148.0,163.0,4052.0,4965.0,6.0,0.7484773384521969,4659.0,306.0,5.0
2002,MADHYA PRADESH,INDORE RLY.,7.0,8.0,1.0,6.0,3.0,165.0,190.0,6.0,0.5797382813615685,229.0,-39.0,1.0
2002,MADHYA PRADESH,JABALPUR,223.0,330.0,32.0,116.0,94.0,1636.0,2431.0,6.0,1.0847024943996058,2493.0,-62.0,5.0
2002,MADHYA PRADESH,JABALPUR RLY.,4.0,3.0,0.0,12.0,2.0,211.0,232.0,5.0,0.40670179135376766,248.0,-16.0,1.0
2002,MADHYA PRADESH,JHABUA,262.0,148.0,68.0,17.0,110.0,385.0,990.0,6.0,1.5011025681373327,1091.0,-101.0,5.0
2002,MADHYA PRADESH,KATNI,79.0,170.0,3.0,32.0,41.0,414.0,739.0,6.0,1.2204041884751413,733.0,6.0,2.0
2002,MADHYA PRADESH,KHANDWA,74.0,285.0,17.0,16.0,76.0,755.0,1223.0,6.0,1.095739229535708,1091.0,132.0,3.0
2002,MADHYA PRADESH,KHARGON,119.0,212.0,27.0,23.0,92.0,725.0,1198.0,6.0,1.19826274602316,1178.0,20.0,4.0
2002,MADHYA PRADESH,MANDLA,47.0,150.0,5.0,6.0,31.0,225.0,464.0,6.0,1.233793665141376,655.0,-191.0,2.0
2002,MADHYA PRADESH,MANDSAUR,72.0,174.0,17.0,14.0,86.0,644.0,1007.0,6.0,1.1163407644315129,1020.0,-13.0,3.0
2002,MADHYA PRADESH,MORENA,181.0,119.0,27.0,89.0,174.0,929.0,1519.0,6.0,1.2397755532547274,1582.0,-63.0,5.0
2002,MADHYA PRADESH,NARSINGHPUR,103.0,262.0,7.0,11.0,74.0,307.0,764.0,6.0,1.3336926056277674,669.0,95.0,4.0
2002,MADHYA PRADESH,NEEMUCH,44.0,101.0,13.0,29.0,49.0,507.0,743.0,6.0,1.0761311587983393,909.0,-166.0,2.0
2002,MADHYA PRADESH,PANNA,66.0,109.0,12.0,19.0,22.0,227.0,455.0,6.0,1.34424480251029,540.0,-85.0,2.0
2002,MADHYA PRADESH,RAISEN,104.0,394.0,10.0,24.0,67.0,336.0,935.0,6.0,1.3076461978670708,836.0,99.0,4.0
2002,MADHYA PRADESH,RAJGARH,93.0,259.0,11.0,29.0,242.0,456.0,1090.0,6.0,1.3930538020284178,1038.0,52.0,4.0
2002,MADHYA PRADESH,RATLAM,84.0,205.0,10.0,39.0,73.0,660.0,1071.0,6.0,1.1617894875602117,1203.0,-132.0,3.0
2002,MADHYA PRADESH,REWA,109.0,127.0,36.0,98.0,114.0,1216.0,1700.0,6.0,1.0369315153466139,1662.0,38.0,4.0
2002,MADHYA PRADESH,SAGAR,201.0,561.0,30.0,39.0,226.0,973.0,2030.0,6.0,1.3194821252528048,2181.0,-151.0,5.0
2002,MADHYA PRADESH,SATNA,134.0,239.0,29.0,51.0,74.0,821.0,1348.0,6.0,1.2040031830144233,1603.0,-255.0,4.0
2002,MADHYA PRADESH,SEONI,57.0,160.0,4.0,7.0,41.0,275.0,544.0,6.0,1.228146328133457,602.0,-58.0,2.0
2002,MADHYA PRADESH,SHAHDOL,86.0,331.0,13.0,54.0,58.0,814.0,1356.0,6.0,1.1332192749702226,1377.0,-21.0,4.0
2002,MADHYA PRADESH,SHAJAPUR,103.0,228.0,18.0,85.0,165.0,1010.0,1609.0,6.0,1.1843105915167293,1420.0,189.0,4.0
2002,MADHYA PRADESH,SHEOPUR,56.0,96.0,20.0,17.0,44.0,203.0,436.0,6.0,1.4520423556884783,366.0,70.0,2.0
2002,MADHYA PRADESH,SHIVPURI,148.0,253.0,18.0,26.0,144.0,420.0,1009.0,6.0,1.4371984171114887,1213.0,-204.0,4.0
2002,MADHYA PRADESH,SIDHI,76.0,177.0,17.0,24.0,40.0,659.0,993.0,6.0,1.0651877207356608,1007.0,-14.0,3.0
2002,MADHYA PRADESH,SIHORE,84.0,178.0,51.0,18.0,57.0,777.0,1165.0,6.0,1.0958180342674981,1166.0,-1.0,4.0
2002,MADHYA PRADESH,TIKAMGARH,106.0,212.0,13.0,35.0,120.0,380.0,866.0,6.0,1.4296280457759631,878.0,-12.0,4.0
2002,MADHYA PRADESH,UJJAIN,226.0,224.0,47.0,103.0,214.0,2392.0,3206.0,6.0,0.9444612698561932,3069.0,137.0,5.0
2002,MADHYA PRADESH,UMARIYA,35.0,85.0,1.0,25.0,26.0,178.0,350.0,6.0,1.3162119644375705,460.0,-110.0,2.0
2002,MADHYA PRADESH,VIDISHA,96.0,345.0,19.0,18.0,121.0,538.0,1137.0,6.0,1.297072113902453,1075.0,62.0,4.0
2002,MAHARASHTRA,AHMEDNAGAR,133.0,120.0,27.0,116.0,334.0,1318.0,2048.0,6.0,1.1428893988330682,1851.0,197.0,5.0
2002,MAHARASHTRA,AKOLA,93.0,98.0,21.0,49.0,160.0,1099.0,1520.0,6.0,0.9890380244327077,1548.0,-28.0,4.0
2002,MAHARASHTRA,AMRAVATI COMMR.,53.0,53.0,12.0,44.0,66.0,1136.0,1364.0,6.0,0.7036925947938368,1459.0,-95.0,2.0
2002,MAHARASHTRA,AURANGABAD COMMR.,50.0,38.0,20.0,66.0,136.0,891.0,1201.0,6.0,0.9374033840096855,1181.0,20.0,3.0
2002,MAHARASHTRA,BEED,120.0,76.0,23.0,82.0,351.0,703.0,1355.0,6.0,1.3055390597956742,1443.0,-88.0,5.0
2002,MAHARASHTRA,BHANDARA,51.0,89.0,16.0,15.0,109.0,607.0,887.0,6.0,1.0535407973224737,934.0,-47.0,3.0
2002,MAHARASHTRA,BULDHANA,87.0,137.0,18.0,64.0,256.0,1051.0,1613.0,6.0,1.1163769524482123,1636.0,-23.0,4.0
2002,MAHARASHTRA,CHANDRAPUR,77.0,118.0,24.0,33.0,170.0,801.0,1223.0,6.0,1.1257978695165045,1308.0,-85.0,4.0
2002,MAHARASHTRA,DHULE,72.0,36.0,8.0,18.0,105.0,512.0,751.0,6.0,1.0444723480145828,753.0,-2.0,3.0
2002,MAHARASHTRA,GADCHIROLI,88.0,81.0,9.0,23.0,75.0,260.0,536.0,6.0,1.4120516201301179,534.0,2.0,3.0
2002,MAHARASHTRA,GONDIA,60.0,99.0,21.0,19.0,31.0,574.0,804.0,6.0,1.0013906528612107,855.0,-51.0,2.0
2002,MAHARASHTRA,HINGOLI,48.0,53.0,7.0,41.0,92.0,305.0,546.0,6.0,1.3157680844008075,694.0,-148.0,2.0
2002,MAHARASHTRA,JALGAON,122.0,100.0,21.0,49.0,197.0,1043.0,1532.0,6.0,1.0740596577528416,1418.0,114.0,4.0
2002,MAHARASHTRA,JALNA,77.0,39.0,11.0,48.0,156.0,522.0,853.0,6.0,1.1874155425540285,973.0,-120.0,3.0
2002,MAHARASHTRA,KOLHAPUR,110.0,63.0,15.0,33.0,156.0,808.0,1185.0,6.0,1.0597263143618627,1341.0,-156.0,4.0
2002,MAHARASHTRA,LATUR,68.0,57.0,19.0,53.0,196.0,439.0,832.0,6.0,1.327971895400354,914.0,-82.0,3.0
2002,MAHARASHTRA,MUMBAI,393.0,382.0,119.0,324.0,148.0,14260.0,15626.0,6.0,0.4284776534568445,17809.0,-2183.0,5.0
2002,MAHARASHTRA,MUMBAI RLY.,6.0,6.0,7.0,23.0,8.0,1745.0,1795.0,6.0,0.16716473244623803,1891.0,-96.0,1.0
2002,MAHARASHTRA,NAGPUR COMMR.,152.0,112.0,50.0,158.0,277.0,4103.0,4852.0,6.0,0.6593955924984966,5188.0,-336.0,5.0
2002,MAHARASHTRA,NAGPUR RLY.,10.0,2.0,0.0,24.0,9.0,806.0,851.0,5.0,0.2666471992246322,841.0,10.0,1.0
2002,MAHARASHTRA,NANDED,168.0,112.0,40.0,120.0,263.0,1046.0,1749.0,6.0,1.263607546966249,1830.0,-81.0,5.0
2002,MAHARASHTRA,NANDURBAR,35.0,69.0,5.0,19.0,91.0,291.0,510.0,6.0,1.2500825943936442,431.0,79.0,2.0
2002,MAHARASHTRA,NASIK COMMR.,36.0,32.0,17.0,37.0,135.0,1102.0,1359.0,6.0,0.7367480726915685,1135.0,224.0,3.0
2002,MAHARASHTRA,NAVI MUMBAI,70.0,52.0,18.0,64.0,69.0,1488.0,1761.0,6.0,0.6687944267194375,1775.0,-14.0,3.0
2002,MAHARASHTRA,OSMANABAD,66.0,81.0,15.0,36.0,205.0,472.0,875.0,6.0,1.2891882792457052,891.0,-16.0,4.0
2002,MAHARASHTRA,PARBHANI,86.0,74.0,11.0,75.0,167.0,417.0,830.0,6.0,1.3933955055441207,837.0,-7.0,4.0
2002,MAHARASHTRA,PUNE COMMR.,137.0,110.0,36.0,88.0,715.0,3701.0,4787.0,6.0,0.7815708763109339,5084.0,-297.0,5.0
2002,MAHARASHTRA,PUNE RLY.,4.0,2.0,1.0,7.0,1.0,329.0,344.0,6.0,0.2375723467606251,324.0,20.0,1.0
2002,MAHARASHTRA,RAIGAD,64.0,69.0,12.0,62.0,161.0,520.0,888.0,6.0,1.255052640960384,831.0,57.0,4.0
2002,MAHARASHTRA,RATNAGIRI,32.0,54.0,5.0,13.0,68.0,352.0,524.0,6.0,1.0732761950543668,567.0,-43.0,2.0
2002,MAHARASHTRA,SANGLI,126.0,71.0,22.0,35.0,136.0,786.0,1176.0,6.0,1.1065994592567936,1250.0,-74.0,4.0
2002,MAHARASHTRA,SATARA,104.0,82.0,14.0,37.0,117.0,773.0,1127.0,6.0,1.0710071031274107,1176.0,-49.0,3.0
2002,MAHARASHTRA,SINDHUDURG,25.0,25.0,4.0,14.0,59.0,210.0,337.0,6.0,1.170518948323848,337.0,0.0,2.0
2002,MAHARASHTRA,SOLAPUR COMMR.,68.0,40.0,13.0,49.0,119.0,565.0,854.0,6.0,1.1204845050895482,730.0,124.0,3.0
2002,MAHARASHTRA,THANE COMMR.,196.0,133.0,75.0,160.0,261.0,3055.0,3880.0,6.0,0.8439872920807383,4136.0,-256.0,5.0
2002,MAHARASHTRA,WARDHA,85.0,147.0,21.0,44.0,153.0,917.0,1367.0,6.0,1.1002049880224372,1363.0,4.0,4.0
2002,MAHARASHTRA,WASHIM,47.0,74.0,9.0,32.0,93.0,495.0,750.0,6.0,1.1228409803998853,792.0,-42.0,3.0
2002,MAHARASHTRA,YAVATMAL,145.0,169.0,36.0,42.0,151.0,1153.0,1696.0,6.0,1.0911170837724953,1578.0,118.0,4.0
2002,MANIPUR,BISHNUPUR,47.0,11.0,20.0,1.0,7.0,26.0,112.0,6.0,1.4543889446506268,105.0,7.0,1.0
2002,MANIPUR,CHANDEL,13.0,0.0,9.0,5.0,1.0,13.0,41.0,5.0,1.4084283093336634,41.0,0.0,1.0
2002,MANIPUR,CHURACHANDPUR,41.0,1.0,19.0,0.0,4.0,8.0,73.0,5.0,1.134548412148977,79.0,-6.0,1.0
2002,MANIPUR,IMPHAL(EAST),54.0,13.0,25.0,2.0,14.0,59.0,167.0,6.0,1.4765017049356368,177.0,-10.0,2.0
2002,MANIPUR,IMPHAL(WEST),83.0,34.0,44.0,0.0,54.0,224.0,439.0,5.0,1.3446856857255804,475.0,-36.0,2.0
2002,MANIPUR,SENAPATI,24.0,0.0,1.0,0.0,2.0,12.0,39.0,4.0,0.907703541336657,63.0,-24.0,1.0
2002,MANIPUR,TAMENGLONG,6.0,0.0,4.0,0.0,2.0,6.0,18.0,4.0,1.310783678099714,11.0,7.0,1.0
2002,MANIPUR,THOUBAL,56.0,12.0,34.0,0.0,27.0,44.0,173.0,5.0,1.5080501402197777,168.0,5.0,2.0
2002,MANIPUR,UKHRUL,4.0,1.0,1.0,1.0,1.0,7.0,15.0,6.0,1.430280301911093,23.0,-8.0,1.0
2002,MEGHALAYA,GARO HILLS EAST,23.0,3.0,5.0,10.0,2.0,38.0,81.0,6.0,1.3561798613982625,83.0,-2.0,1.0
2002,MEGHALAYA,GARO HILLS SOUTH,13.0,1.0,2.0,3.0,0.0,19.0,38.0,5.0,1.1646700155609497,30.0,8.0,1.0
2002,MEGHALAYA,GARO HILLS WEST,23.0,13.0,12.0,4.0,5.0,73.0,130.0,6.0,1.313107568753205,136.0,-6.0,1.0
2002,MEGHALAYA,JAINTIA HILLS,43.0,7.0,3.0,16.0,2.0,50.0,121.0,6.0,1.3247353631787377,123.0,-2.0,1.0
2002,MEGHALAYA,KHASI HILLS EAST,73.0,24.0,22.0,90.0,20.0,346.0,575.0,6.0,1.2322046545767549,509.0,66.0,3.0
2002,MEGHALAYA,KHASI HILLS WEST,24.0,10.0,4.0,21.0,0.0,20.0,79.0,5.0,1.4745878908715477,83.0,-4.0,1.0
2002,MEGHALAYA,RI-BHOI,29.0,3.0,4.0,29.0,3.0,42.0,110.0,6.0,1.3875518813960053,100.0,10.0,1.0
2002,MIZORAM,AIZAWL,23.0,64.0,4.0,2.0,10.0,847.0,950.0,6.0,0.4580801999554082,974.0,-24.0,2.0
2002,MIZORAM,CHAMPHAI,7.0,19.0,0.0,1.0,3.0,97.0,127.0,5.0,0.7764035161563706,117.0,10.0,1.0
2002,MIZORAM,KOLASIB,6.0,11.0,1.0,5.0,6.0,125.0,154.0,6.0,0.7547164442546883,144.0,10.0,1.0
2002,MIZORAM,LAWNGTLAI,3.0,6.0,0.0,0.0,0.0,36.0,45.0,3.0,0.6277052571971504,43.0,2.0,1.0
2002,MIZORAM,LUNGLEI,4.0,22.0,0.0,0.0,5.0,257.0,288.0,4.0,0.4278637620852358,197.0,91.0,1.0
2002,MIZORAM,MAMIT,1.0,4.0,0.0,1.0,1.0,37.0,44.0,5.0,0.621709174547446,32.0,12.0,1.0
2002,MIZORAM,SAIHA,9.0,21.0,1.0,2.0,2.0,109.0,144.0,6.0,0.8181501032327069,49.0,95.0,1.0
2002,MIZORAM,SERCHHIP,7.0,2.0,1.0,1.0,1.0,48.0,60.0,6.0,0.7472559967540031,43.0,17.0,1.0
2002,NAGALAND,DIMAPUR,40.0,4.0,19.0,100.0,3.0,195.0,361.0,6.0,1.1767104636017356,341.0,20.0,2.0
2002,NAGALAND,KIPHIRE,1.0,1.0,1.0,1.0,0.0,5.0,9.0,5.0,1.303092403761719,8.0,1.0,1.0
2002,NAGALAND,KOHIMA,27.0,9.0,0.0,4.0,0.0,75.0,115.0,4.0,0.9351981932515483,196.0,-81.0,1.0
2002,NAGALAND,MOKOKCHUNG,13.0,0.0,1.0,6.0,3.0,15.0,38.0,5.0,1.3214943611762335,56.0,-18.0,1.0
2002,NAGALAND,MON,2.0,0.0,1.0,5.0,0.0,32.0,40.0,4.0,0.6804536337918952,39.0,1.0,1.0
2002,NAGALAND,PEREN,13.0,0.0,0.0,0.0,1.0,8.0,22.0,3.0,0.8192299997020129,17.0,5.0,1.0
2002,NAGALAND,PHEK,12.0,1.0,4.0,8.0,0.0,11.0,36.0,5.0,1.4063956724517674,34.0,2.0,1.0
2002,NAGALAND,TUENSANG,11.0,1.0,1.0,4.0,3.0,10.0,30.0,6.0,1.4597402736219411,23.0,7.0,1.0
2002,NAGALAND,WOKHA,9.0,1.0,0.0,3.0,1.0,48.0,62.0,5.0,0.7579649239868808,63.0,-1.0,1.0
2002,NAGALAND,ZUNHEBOTO,11.0,1.0,0.0,0.0,0.0,17.0,29.0,3.0,0.7969001455127586,36.0,-7.0,1.0
2002,ODISHA,ANGUL,85.0,78.0,15.0,34.0,121.0,218.0,551.0,6.0,1.5348269401108552,601.0,-50.0,3.0
2002,ODISHA,BALASORE,29.0,128.0,35.0,45.0,100.0,363.0,700.0,6.0,1.3873179143576009,749.0,-49.0,3.0
2002,ODISHA,BARAGARH,60.0,62.0,4.0,35.0,108.0,203.0,472.0,6.0,1.4625375629634594,511.0,-39.0,2.0
2002,ODISHA,BERHAMPUR,88.0,51.0,7.0,55.0,45.0,223.0,469.0,6.0,1.4477188446734293,544.0,-75.0,2.0
2002,ODISHA,BHADRAK,67.0,62.0,18.0,20.0,86.0,133.0,386.0,6.0,1.5956602295257216,396.0,-10.0,3.0
2002,ODISHA,BOLANGIR,99.0,89.0,16.0,24.0,73.0,254.0,555.0,6.0,1.4636047685568618,470.0,85.0,3.0
2002,ODISHA,BOUDH,27.0,23.0,3.0,4.0,34.0,49.0,140.0,6.0,1.5092107861568658,165.0,-25.0,1.0
2002,ODISHA,CUTTACK,187.0,101.0,38.0,158.0,104.0,1102.0,1690.0,6.0,1.1692534061331472,1676.0,14.0,5.0
2002,ODISHA,DEOGARH,21.0,51.0,5.0,8.0,21.0,45.0,151.0,6.0,1.5445938527844743,141.0,10.0,1.0
2002,ODISHA,DHENKANAL,64.0,81.0,21.0,29.0,118.0,172.0,485.0,6.0,1.5820555201660431,428.0,57.0,3.0
2002,ODISHA,GAJAPATI,16.0,26.0,4.0,4.0,34.0,65.0,149.0,6.0,1.4375455353849218,147.0,2.0,1.0
2002,ODISHA,GANJAM,198.0,158.0,14.0,52.0,151.0,329.0,902.0,6.0,1.5342258076042117,665.0,237.0,4.0
2002,ODISHA,JAGATSINGHPUR,44.0,36.0,17.0,46.0,10.0,250.0,403.0,6.0,1.2267672389695625,391.0,12.0,2.0
2002,ODISHA,JAJPUR,43.0,36.0,23.0,25.0,32.0,262.0,421.0,6.0,1.2608362583324593,395.0,26.0,2.0
2002,ODISHA,JHARSUGUDA,35.0,38.0,4.0,12.0,17.0,114.0,220.0,6.0,1.365805894399653,271.0,-51.0,1.0
2002,ODISHA,KALAHANDI,54.0,43.0,9.0,41.0,78.0,162.0,387.0,6.0,1.531597524529443,428.0,-41.0,2.0
2002,ODISHA,KANDHAMAL,34.0,104.0,32.0,15.0,22.0,160.0,367.0,6.0,1.4517706827546468,477.0,-110.0,2.0
2002,ODISHA,KENDRAPARA,71.0,22.0,17.0,16.0,39.0,123.0,288.0,6.0,1.503388148335696,356.0,-68.0,2.0
2002,ODISHA,KEONJHAR,116.0,199.0,23.0,45.0,125.0,283.0,791.0,6.0,1.5539541112690811,646.0,145.0,4.0
2002,ODISHA,KHURDA,155.0,88.0,53.0,166.0,129.0,1582.0,2173.0,6.0,1.0039817888625355,2143.0,30.0,5.0
2002,ODISHA,KORAPUT,82.0,83.0,9.0,23.0,83.0,292.0,572.0,6.0,1.3764431564241357,562.0,10.0,3.0
2002,ODISHA,MALKANGIR,62.0,32.0,6.0,23.0,18.0,79.0,220.0,6.0,1.5442371984834915,234.0,-14.0,2.0
2002,ODISHA,MAYURBHANJ,125.0,193.0,29.0,41.0,59.0,310.0,757.0,6.0,1.4932224623741703,846.0,-89.0,4.0
2002,ODISHA,NAYAGARH,89.0,11.0,14.0,21.0,48.0,134.0,317.0,6.0,1.440682718890691,302.0,15.0,2.0
2002,ODISHA,NOWRANGPUR,44.0,51.0,18.0,26.0,50.0,171.0,360.0,6.0,1.5011310558240565,368.0,-8.0,2.0
2002,ODISHA,NUAPADA,24.0,31.0,9.0,9.0,30.0,71.0,174.0,6.0,1.5558189177246426,153.0,21.0,1.0
2002,ODISHA,PURI,188.0,56.0,31.0,62.0,52.0,366.0,755.0,6.0,1.4107770972011198,710.0,45.0,4.0
2002,ODISHA,RAYAGADA,51.0,71.0,12.0,9.0,67.0,131.0,341.0,6.0,1.5118457195975883,299.0,42.0,2.0
2002,ODISHA,ROURKELA,55.0,62.0,10.0,20.0,18.0,329.0,494.0,6.0,1.1050540493629424,501.0,-7.0,2.0
2002,ODISHA,SAMBALPUR,98.0,99.0,5.0,57.0,51.0,394.0,704.0,6.0,1.3040082490073224,918.0,-214.0,3.0
2002,ODISHA,SONEPUR,38.0,44.0,2.0,6.0,34.0,80.0,204.0,6.0,1.4586697107591458,175.0,29.0,1.0
2002,ODISHA,SRP(CUTTACK),2.0,5.0,4.0,5.0,2.0,293.0,311.0,6.0,0.30988063007935934,330.0,-19.0,1.0
2002,ODISHA,SRP(ROURKELA),8.0,6.0,1.0,5.0,0.0,171.0,191.0,5.0,0.4634894130050992,180.0,11.0,1.0
2002,ODISHA,SUNDARGARH,146.0,76.0,15.0,50.0,44.0,278.0,609.0,6.0,1.4463876972377798,667.0,-58.0,3.0
2002,PUNJAB,AMRITSAR,79.0,19.0,32.0,9.0,3.0,403.0,545.0,6.0,0.8830306343601398,589.0,-44.0,2.0
2002,PUNJAB,BARNALA,32.0,19.0,6.0,3.0,0.0,158.0,218.0,5.0,0.8854845197001576,214.0,4.0,1.0
2002,PUNJAB,BATALA,68.0,19.0,14.0,2.0,0.0,152.0,255.0,5.0,1.0517192286858568,158.0,97.0,2.0
2002,PUNJAB,BHATINDA,66.0,39.0,32.0,4.0,3.0,389.0,533.0,6.0,0.9145945103938915,477.0,56.0,2.0
2002,PUNJAB,FARIDKOT,25.0,12.0,11.0,5.0,0.0,159.0,212.0,5.0,0.8722910806383785,197.0,15.0,1.0
2002,PUNJAB,FATEHGARH SAHIB,28.0,5.0,11.0,3.0,0.0,126.0,173.0,5.0,0.873562571435647,235.0,-62.0,1.0
2002,PUNJAB,FEROZEPUR,106.0,42.0,24.0,2.0,6.0,421.0,601.0,6.0,0.9349256599446882,480.0,121.0,2.0
2002,PUNJAB,G.R.P,13.0,2.0,1.0,0.0,0.0,35.0,51.0,4.0,0.8108880217390445,140.0,-89.0,1.0
2002,PUNJAB,GURDASPUR,54.0,27.0,14.0,7.0,0.0,175.0,277.0,5.0,1.0796187589266761,184.0,93.0,2.0
2002,PUNJAB,HOSHIARPUR,71.0,31.0,16.0,39.0,10.0,365.0,532.0,6.0,1.0645521672525176,497.0,35.0,2.0
2002,PUNJAB,JAGRAON,48.0,17.0,22.0,8.0,0.0,176.0,271.0,5.0,1.068443821593462,278.0,-7.0,2.0
2002,PUNJAB,JALANDHAR,129.0,32.0,50.0,12.0,12.0,813.0,1048.0,6.0,0.8088825185251323,1076.0,-28.0,3.0
2002,PUNJAB,KAPURTHALA,54.0,31.0,16.0,7.0,1.0,318.0,427.0,6.0,0.8760489495826521,359.0,68.0,2.0
2002,PUNJAB,KHANNA,36.0,14.0,10.0,1.0,0.0,169.0,230.0,5.0,0.8470696647885282,171.0,59.0,1.0
2002,PUNJAB,LUDHIANA,159.0,128.0,125.0,15.0,18.0,1525.0,1970.0,6.0,0.8339763448058994,1704.0,266.0,4.0
2002,PUNJAB,MAJITHA,71.0,15.0,14.0,2.0,4.0,134.0,240.0,6.0,1.132889623758234,174.0,66.0,2.0
2002,PUNJAB,MANSA,49.0,17.0,5.0,3.0,3.0,135.0,212.0,6.0,1.0371769358052978,179.0,33.0,1.0
2002,PUNJAB,MOGA,66.0,11.0,14.0,5.0,3.0,231.0,330.0,6.0,0.9252066509821958,286.0,44.0,2.0
2002,PUNJAB,MUKTSAR,47.0,11.0,8.0,4.0,1.0,149.0,220.0,6.0,0.9613434797844229,197.0,23.0,1.0
2002,PUNJAB,NAWAN SHAHR,32.0,13.0,16.0,4.0,0.0,208.0,273.0,5.0,0.8315875163762365,269.0,4.0,1.0
2002,PUNJAB,PATIALA,98.0,63.0,41.0,7.0,0.0,825.0,1034.0,5.0,0.7357612154390145,1805.0,-771.0,3.0
2002,PUNJAB,ROPAR,43.0,23.0,29.0,1.0,2.0,348.0,446.0,6.0,0.7876456149495744,417.0,29.0,2.0
2002,PUNJAB,SANGRUR,79.0,33.0,23.0,13.0,4.0,443.0,595.0,6.0,0.8910346424176739,570.0,25.0,2.0
2002,PUNJAB,TARN TARAN,87.0,17.0,17.0,4.0,0.0,123.0,248.0,5.0,1.1492871607772925,288.0,-40.0,2.0
2002,RAJASTHAN,AJMER,114.0,92.0,124.0,47.0,127.0,1605.0,2109.0,6.0,0.9227574044325304,2046.0,63.0,5.0
2002,RAJASTHAN,ALWAR,178.0,159.0,121.0,43.0,126.0,1611.0,2238.0,6.0,1.0215084211904457,2634.0,-396.0,5.0
2002,RAJASTHAN,BANSWARA,67.0,166.0,55.0,25.0,297.0,287.0,897.0,6.0,1.5075403210071965,1111.0,-214.0,5.0
2002,RAJASTHAN,BARAN,119.0,239.0,89.0,13.0,97.0,797.0,1354.0,6.0,1.2441924512154308,1464.0,-110.0,4.0
2002,RAJASTHAN,BARMER,46.0,107.0,25.0,13.0,59.0,374.0,624.0,6.0,1.2339503616096525,604.0,20.0,2.0
2002,RAJASTHAN,BHARATPUR,172.0,88.0,109.0,48.0,77.0,1207.0,1701.0,6.0,1.045223566105441,2271.0,-570.0,5.0
2002,RAJASTHAN,BHILWARA,80.0,180.0,196.0,48.0,247.0,1495.0,2246.0,6.0,1.129767120996485,2377.0,-131.0,5.0
2002,RAJASTHAN,BIKANER,130.0,58.0,21.0,6.0,29.0,682.0,926.0,6.0,0.9014006850810312,1202.0,-276.0,3.0
2002,RAJASTHAN,BUNDI,125.0,189.0,109.0,26.0,166.0,725.0,1340.0,6.0,1.3691851505588224,1477.0,-137.0,5.0
2002,RAJASTHAN,CHITTORGARH,99.0,194.0,171.0,30.0,417.0,1271.0,2182.0,6.0,1.2450610867388798,2561.0,-379.0,5.0
2002,RAJASTHAN,CHURU,74.0,72.0,31.0,8.0,178.0,477.0,840.0,6.0,1.2408152832129868,914.0,-74.0,3.0
2002,RAJASTHAN,DAUSA,48.0,26.0,47.0,6.0,173.0,597.0,897.0,6.0,1.03570066122114,1528.0,-631.0,3.0
2002,RAJASTHAN,DHOLPUR,131.0,69.0,58.0,22.0,380.0,350.0,1010.0,6.0,1.43072094959262,1219.0,-209.0,5.0
2002,RAJASTHAN,DUNGARPUR,41.0,79.0,43.0,13.0,244.0,207.0,627.0,6.0,1.4366393334892729,617.0,10.0,4.0
2002,RAJASTHAN,G.R.P.,8.0,24.0,3.0,10.0,4.0,546.0,595.0,6.0,0.39527459838776113,667.0,-72.0,1.0
2002,RAJASTHAN,GANGANAGAR,157.0,154.0,60.0,9.0,22.0,1167.0,1569.0,6.0,0.8925866424761626,1576.0,-7.0,4.0
2002,RAJASTHAN,HANUMANGARH,163.0,135.0,34.0,10.0,45.0,795.0,1182.0,6.0,1.0546609308108503,1358.0,-176.0,4.0
2002,RAJASTHAN,JAIPUR,211.0,244.0,256.0,80.0,2764.0,5638.0,9193.0,6.0,0.9851309514517863,9641.0,-448.0,5.0
2002,RAJASTHAN,JAISALMER,7.0,16.0,5.0,6.0,35.0,243.0,312.0,6.0,0.8198248228715168,307.0,5.0,1.0
2002,RAJASTHAN,JALORE,44.0,88.0,32.0,8.0,67.0,389.0,628.0,6.0,1.204330238193858,583.0,45.0,2.0
2002,RAJASTHAN,JHALAWAR,120.0,211.0,82.0,14.0,178.0,630.0,1235.0,6.0,1.3818223508009575,1468.0,-233.0,5.0
2002,RAJASTHAN,JHUNJHUNU,69.0,77.0,49.0,14.0,297.0,608.0,1114.0,6.0,1.2323218127836295,1189.0,-75.0,4.0
2002,RAJASTHAN,JODHPUR,109.0,190.0,104.0,45.0,186.0,1817.0,2451.0,6.0,0.9617068800559239,2272.0,179.0,5.0
2002,RAJASTHAN,KARAULI,37.0,78.0,58.0,15.0,115.0,387.0,690.0,6.0,1.317660800718625,770.0,-80.0,3.0
2002,RAJASTHAN,KOTA,434.0,191.0,160.0,66.0,186.0,1762.0,2799.0,6.0,1.1956926140869197,3148.0,-349.0,5.0
2002,RAJASTHAN,NAGAUR,77.0,117.0,61.0,27.0,70.0,987.0,1339.0,6.0,0.9757558178233148,1184.0,155.0,4.0
2002,RAJASTHAN,PALI,108.0,141.0,74.0,34.0,132.0,820.0,1309.0,6.0,1.2274375553675,1241.0,68.0,4.0
2002,RAJASTHAN,RAJSAMAND,40.0,47.0,60.0,9.0,229.0,362.0,747.0,6.0,1.3000740822290258,895.0,-148.0,4.0
2002,RAJASTHAN,SAWAI MADHOPUR,53.0,80.0,52.0,21.0,71.0,582.0,859.0,6.0,1.1232621482936507,951.0,-92.0,3.0
2002,RAJASTHAN,SIKAR,75.0,55.0,52.0,4.0,626.0,741.0,1553.0,6.0,1.1130522712061337,2006.0,-453.0,5.0
2002,RAJASTHAN,SIROHI,54.0,42.0,44.0,18.0,79.0,443.0,680.0,6.0,1.1756867886233928,660.0,20.0,3.0
2002,RAJASTHAN,TONK,49.0,63.0,90.0,13.0,189.0,522.0,926.0,6.0,1.272303434356956,1025.0,-99.0,4.0
2002,RAJASTHAN,UDAIPUR,148.0,110.0,112.0,30.0,396.0,1074.0,1870.0,6.0,1.249527878367431,2072.0,-202.0,5.0
2002,SIKKIM,EAST,8.0,12.0,5.0,4.0,10.0,125.0,164.0,6.0,0.913208822761559,160.0,4.0,1.0
2002,SIKKIM,NORTH,2.0,2.0,1.0,0.0,1.0,15.0,21.0,5.0,0.978172831115188,9.0,12.0,1.0
2002,SIKKIM,SOUTH,4.0,4.0,1.0,0.0,4.0,22.0,35.0,5.0,1.1371061669945097,29.0,6.0,1.0
2002,SIKKIM,WEST,6.0,5.0,2.0,1.0,2.0,19.0,35.0,6.0,1.3406430413768142,24.0,11.0,1.0
2002,TAMIL NADU,CHENGAI,224.0,96.0,31.0,65.0,154.0,1982.0,2552.0,6.0,0.8497519479277511,1937.0,615.0,5.0
2002,TAMIL NADU,CHENNAI,389.0,87.0,44.0,111.0,52.0,4018.0,4701.0,6.0,0.5962186539956051,4232.0,469.0,5.0
2002,TAMIL NADU,CHENNAI RLY.,10.0,3.0,0.0,22.0,10.0,323.0,368.0,5.0,0.5180498590909792,196.0,172.0,1.0
2002,TAMIL NADU,CUDDALORE,192.0,137.0,42.0,37.0,211.0,784.0,1403.0,6.0,1.3103728391033913,1486.0,-83.0,5.0
2002,TAMIL NADU,DHARMAPURI,145.0,82.0,48.0,52.0,386.0,708.0,1421.0,6.0,1.3341172992687802,1509.0,-88.0,5.0
2002,TAMIL NADU,DINDIGUL,99.0,47.0,26.0,27.0,78.0,754.0,1031.0,6.0,0.9781088857879012,1050.0,-19.0,3.0
2002,TAMIL NADU,ERODE,72.0,81.0,49.0,26.0,106.0,899.0,1233.0,6.0,0.995585033854151,1350.0,-117.0,3.0
2002,TAMIL NADU,KANCHIPURAM,91.0,61.0,18.0,33.0,91.0,805.0,1099.0,6.0,0.9736944344826869,1032.0,67.0,3.0
2002,TAMIL NADU,KANYAKUMARI,100.0,53.0,10.0,6.0,27.0,607.0,803.0,6.0,0.8556231207741429,693.0,110.0,2.0
2002,TAMIL NADU,KARUR,41.0,18.0,16.0,19.0,32.0,359.0,485.0,6.0,0.9725917921871949,420.0,65.0,2.0
2002,TAMIL NADU,NAGAPATTINAM,113.0,110.0,33.0,4.0,112.0,473.0,845.0,6.0,1.2790980675154358,763.0,82.0,3.0
2002,TAMIL NADU,NAMAKKAL,68.0,54.0,25.0,8.0,91.0,271.0,517.0,6.0,1.3580979886805336,428.0,89.0,3.0
2002,TAMIL NADU,NILGIRIS,36.0,26.0,3.0,3.0,34.0,223.0,325.0,6.0,1.026888479629605,315.0,10.0,1.0
2002,TAMIL NADU,PERAMBALUR,104.0,104.0,30.0,10.0,130.0,311.0,689.0,6.0,1.442425373120802,240.0,449.0,3.0
2002,TAMIL NADU,PUDUKOTTAI,54.0,59.0,25.0,9.0,191.0,329.0,667.0,6.0,1.3059174982674184,682.0,-15.0,3.0
2002,TAMIL NADU,RAMNATHAPURAM,87.0,64.0,20.0,12.0,227.0,323.0,733.0,6.0,1.355561249914346,730.0,3.0,4.0
2002,TAMIL NADU,SIVAGANGAI,86.0,28.0,16.0,9.0,104.0,499.0,742.0,6.0,1.0519110628368138,768.0,-26.0,3.0
2002,TAMIL NADU,THANJAVUR,166.0,40.0,40.0,19.0,146.0,764.0,1175.0,6.0,1.1123280840309384,1072.0,103.0,4.0
2002,TAMIL NADU,THENI,81.0,64.0,26.0,18.0,85.0,379.0,653.0,6.0,1.2950416330710826,561.0,92.0,3.0
2002,TAMIL NADU,THIRUVALLUR,84.0,106.0,34.0,17.0,176.0,336.0,753.0,6.0,1.4459396333258245,810.0,-57.0,3.0
2002,TAMIL NADU,THIRUVANNAMALAI,74.0,64.0,44.0,20.0,334.0,692.0,1228.0,6.0,1.1869182515920582,1022.0,206.0,4.0
2002,TAMIL NADU,THIRUVARUR,63.0,54.0,13.0,5.0,85.0,262.0,482.0,6.0,1.293409312653521,582.0,-100.0,2.0
2002,TAMIL NADU,THOOTHUGUDI,176.0,134.0,26.0,29.0,167.0,727.0,1259.0,6.0,1.2655294905822583,1213.0,46.0,4.0
2002,TAMIL NADU,TRICHY RLY.,3.0,2.0,0.0,1.0,2.0,85.0,93.0,5.0,0.4068598975627075,48.0,45.0,1.0
2002,TAMIL NADU,VELLORE,137.0,79.0,55.0,17.0,184.0,1324.0,1796.0,6.0,0.9427613681594116,1867.0,-71.0,4.0
2002,TAMIL NADU,VILLUPURAM,160.0,143.0,67.0,4.0,398.0,655.0,1427.0,6.0,1.3495117107126111,1423.0,4.0,5.0
2002,TAMIL NADU,VIRUDHUNAGAR,108.0,77.0,23.0,19.0,121.0,636.0,984.0,6.0,1.1456900841618005,1180.0,-196.0,3.0
2002,TRIPURA,DHALAI,36.0,17.0,33.0,5.0,31.0,30.0,152.0,6.0,1.6745859648407226,110.0,42.0,2.0
2002,TRIPURA,NORTH,38.0,55.0,16.0,38.0,39.0,87.0,273.0,6.0,1.6804087790500413,263.0,10.0,2.0
2002,TRIPURA,SOUTH,41.0,87.0,16.0,14.0,70.0,102.0,330.0,6.0,1.5832121177128706,238.0,92.0,2.0
2002,TRIPURA,WEST,125.0,77.0,63.0,28.0,80.0,275.0,648.0,6.0,1.5549005245539549,643.0,5.0,4.0
2002,UTTAR PRADESH,AGRA,345.0,127.0,139.0,125.0,279.0,1794.0,2809.0,6.0,1.20053896298527,3314.0,-505.0,5.0
2002,UTTAR PRADESH,ALIGARH,415.0,103.0,112.0,131.0,272.0,974.0,2007.0,6.0,1.4392203814878508,2556.0,-549.0,5.0
2002,UTTAR PRADESH,ALLAHABAD,368.0,97.0,80.0,65.0,241.0,1249.0,2100.0,6.0,1.2367650572371258,2415.0,-315.0,5.0
2002,UTTAR PRADESH,AMBEDKAR NAGAR,108.0,26.0,35.0,20.0,35.0,213.0,437.0,6.0,1.4091667795591585,538.0,-101.0,3.0
2002,UTTAR PRADESH,AURAIYA,110.0,30.0,41.0,32.0,40.0,147.0,400.0,6.0,1.582970712776657,432.0,-32.0,3.0
2002,UTTAR PRADESH,AZAMGARH,226.0,34.0,41.0,94.0,119.0,395.0,909.0,6.0,1.4717082352589328,978.0,-69.0,4.0
2002,UTTAR PRADESH,BADAUN,467.0,79.0,88.0,75.0,78.0,449.0,1236.0,6.0,1.443894572529258,1443.0,-207.0,5.0
2002,UTTAR PRADESH,BAGHPAT,208.0,29.0,24.0,38.0,45.0,217.0,561.0,6.0,1.4079765144293286,782.0,-221.0,4.0
2002,UTTAR PRADESH,BAHRAICH,114.0,24.0,23.0,15.0,52.0,239.0,467.0,6.0,1.3427393276772654,578.0,-111.0,3.0
2002,UTTAR PRADESH,BALLIA,125.0,19.0,14.0,15.0,83.0,210.0,466.0,6.0,1.3658434339198888,681.0,-215.0,3.0
2002,UTTAR PRADESH,BALRAMPUR,54.0,22.0,13.0,2.0,9.0,125.0,225.0,6.0,1.2318650828475879,321.0,-96.0,2.0
2002,UTTAR PRADESH,BANDA,134.0,51.0,23.0,20.0,94.0,244.0,566.0,6.0,1.4671392912690226,642.0,-76.0,3.0
2002,UTTAR PRADESH,BARABANKI,163.0,61.0,51.0,56.0,71.0,425.0,827.0,6.0,1.4194061962824656,1126.0,-299.0,4.0
2002,UTTAR PRADESH,BAREILLY,532.0,135.0,122.0,143.0,101.0,1098.0,2131.0,6.0,1.352446751180354,2582.0,-451.0,5.0
2002,UTTAR PRADESH,BASTI,122.0,29.0,31.0,17.0,100.0,262.0,561.0,6.0,1.4138855128323635,707.0,-146.0,3.0
2002,UTTAR PRADESH,BIJNOR,211.0,60.0,65.0,53.0,74.0,461.0,924.0,6.0,1.4145771164719672,1262.0,-338.0,4.0
2002,UTTAR PRADESH,BULANDSHAHAR,410.0,103.0,94.0,93.0,188.0,674.0,1562.0,6.0,1.4849827865919898,1710.0,-148.0,5.0
2002,UTTAR PRADESH,CHANDOLI,57.0,17.0,9.0,15.0,20.0,168.0,286.0,6.0,1.2512543376068754,360.0,-74.0,2.0
2002,UTTAR PRADESH,CHITRAKOOT DHAM,41.0,31.0,10.0,4.0,14.0,71.0,171.0,6.0,1.475709402509191,178.0,-7.0,1.0
2002,UTTAR PRADESH,DEORIA,108.0,15.0,20.0,16.0,99.0,213.0,471.0,6.0,1.3832252128438123,798.0,-327.0,3.0
2002,UTTAR PRADESH,ETAH,503.0,80.0,86.0,111.0,149.0,430.0,1359.0,6.0,1.5203422761974315,1941.0,-582.0,5.0
2002,UTTAR PRADESH,ETAWAH,160.0,44.0,47.0,33.0,67.0,239.0,590.0,6.0,1.5234055274939884,763.0,-173.0,4.0
2002,UTTAR PRADESH,FAIZABAD,120.0,33.0,18.0,24.0,53.0,354.0,602.0,6.0,1.2402236896604162,779.0,-177.0,3.0
2002,UTTAR PRADESH,FATEHGARH,173.0,9.0,37.0,16.0,57.0,185.0,477.0,6.0,1.3761546475468862,699.0,-222.0,3.0
2002,UTTAR PRADESH,FATEHPUR,162.0,30.0,29.0,20.0,18.0,229.0,488.0,6.0,1.3129756870944376,669.0,-181.0,3.0
2002,UTTAR PRADESH,FIROZABAD,281.0,63.0,95.0,65.0,106.0,436.0,1046.0,6.0,1.5095879284042422,1241.0,-195.0,5.0
2002,UTTAR PRADESH,G.R.P.,45.0,13.0,7.0,61.0,10.0,2922.0,3058.0,6.0,0.23948511830513972,3381.0,-323.0,2.0
2002,UTTAR PRADESH,GAUTAMBUDH NAGAR,152.0,39.0,36.0,35.0,57.0,875.0,1194.0,6.0,0.9562096623497655,1379.0,-185.0,3.0
2002,UTTAR PRADESH,GHAZIABAD,624.0,55.0,99.0,96.0,101.0,1758.0,2733.0,6.0,1.059353790995599,3011.0,-278.0,5.0
2002,UTTAR PRADESH,GHAZIPUR,124.0,16.0,16.0,17.0,34.0,170.0,377.0,6.0,1.3497932717155248,522.0,-145.0,2.0
2002,UTTAR PRADESH,GONDA,112.0,31.0,31.0,25.0,37.0,350.0,586.0,6.0,1.2440850750345522,792.0,-206.0,3.0
2002,UTTAR PRADESH,GORAKHPUR,217.0,55.0,43.0,51.0,108.0,567.0,1041.0,6.0,1.32762039148444,964.0,77.0,4.0
2002,UTTAR PRADESH,HAMIRPUR,107.0,43.0,19.0,24.0,17.0,131.0,341.0,6.0,1.4894854128170456,474.0,-133.0,2.0
2002,UTTAR PRADESH,HARDOI,265.0,93.0,48.0,21.0,66.0,280.0,773.0,6.0,1.4702388437665856,1229.0,-456.0,4.0
2002,UTTAR PRADESH,HATHRAS,165.0,66.0,49.0,71.0,120.0,344.0,815.0,6.0,1.554688209786889,1015.0,-200.0,4.0
2002,UTTAR PRADESH,J.P.NAGAR,132.0,37.0,31.0,29.0,54.0,204.0,487.0,6.0,1.5013224060054327,712.0,-225.0,3.0
2002,UTTAR PRADESH,JALAUN,115.0,23.0,34.0,18.0,28.0,202.0,420.0,6.0,1.3848301580222384,695.0,-275.0,3.0
2002,UTTAR PRADESH,JAUNPUR,136.0,26.0,16.0,24.0,48.0,283.0,533.0,6.0,1.2936332318779198,764.0,-231.0,3.0
2002,UTTAR PRADESH,JHANSI,124.0,35.0,28.0,26.0,33.0,307.0,553.0,6.0,1.2996412915796915,793.0,-240.0,3.0
2002,UTTAR PRADESH,KANNAUJ,130.0,16.0,24.0,20.0,20.0,142.0,352.0,6.0,1.3836001438794847,487.0,-135.0,3.0
2002,UTTAR PRADESH,KANPUR DEHAT,111.0,39.0,41.0,53.0,68.0,220.0,532.0,6.0,1.5739305817338263,658.0,-126.0,3.0
2002,UTTAR PRADESH,KANPUR NAGAR,392.0,105.0,163.0,122.0,173.0,1802.0,2757.0,6.0,1.1586559490793924,3373.0,-616.0,5.0
2002,UTTAR PRADESH,KAUSHAMBI,104.0,53.0,20.0,15.0,41.0,173.0,406.0,6.0,1.4798668935929382,637.0,-231.0,3.0
2002,UTTAR PRADESH,KHIRI,310.0,86.0,60.0,39.0,98.0,426.0,1019.0,6.0,1.4521228310154615,1771.0,-752.0,5.0
2002,UTTAR PRADESH,KUSHI NAGAR,103.0,29.0,24.0,13.0,71.0,210.0,450.0,6.0,1.4199383579794482,553.0,-103.0,3.0
2002,UTTAR PRADESH,LALITPUR,37.0,24.0,2.0,10.0,21.0,93.0,187.0,6.0,1.3821453866797626,292.0,-105.0,1.0
2002,UTTAR PRADESH,LUCKNOW,375.0,135.0,195.0,168.0,235.0,3414.0,4522.0,6.0,0.9350759856190914,4798.0,-276.0,5.0
2002,UTTAR PRADESH,MAHARAJGANJ,85.0,28.0,10.0,5.0,44.0,94.0,266.0,6.0,1.4647963952310321,337.0,-71.0,2.0
2002,UTTAR PRADESH,MAHOBA,57.0,26.0,7.0,22.0,23.0,129.0,264.0,6.0,1.4251123440500124,321.0,-57.0,2.0
2002,UTTAR PRADESH,MAINPURI,260.0,26.0,55.0,90.0,106.0,288.0,825.0,6.0,1.5261335780617877,1070.0,-245.0,5.0
2002,UTTAR PRADESH,MATHURA,273.0,56.0,49.0,72.0,116.0,631.0,1197.0,6.0,1.3439721087533925,1421.0,-224.0,5.0
2002,UTTAR PRADESH,MAU,101.0,44.0,26.0,33.0,97.0,185.0,486.0,6.0,1.5725469610102853,618.0,-132.0,3.0
2002,UTTAR PRADESH,MEERUT,420.0,82.0,127.0,135.0,117.0,1265.0,2146.0,6.0,1.2554555993684633,2977.0,-831.0,5.0
2002,UTTAR PRADESH,MIRZAPUR,94.0,22.0,17.0,17.0,31.0,186.0,367.0,6.0,1.3553771563519281,504.0,-137.0,2.0
2002,UTTAR PRADESH,MORADABAD,369.0,89.0,77.0,74.0,91.0,796.0,1496.0,6.0,1.3205798377041287,1777.0,-281.0,5.0
2002,UTTAR PRADESH,MUZAFFARNAGAR,491.0,64.0,121.0,136.0,116.0,732.0,1660.0,6.0,1.4286920964424832,2205.0,-545.0,5.0
2002,UTTAR PRADESH,PILIBHIT,205.0,60.0,51.0,58.0,53.0,347.0,774.0,6.0,1.4667557348337128,1106.0,-332.0,4.0
2002,UTTAR PRADESH,PRATAPGARH,168.0,36.0,25.0,29.0,75.0,245.0,578.0,6.0,1.4468126660527205,832.0,-254.0,4.0
2002,UTTAR PRADESH,RAIBAREILLY,154.0,81.0,40.0,26.0,83.0,431.0,815.0,6.0,1.3716996129523775,1038.0,-223.0,4.0
2002,UTTAR PRADESH,RAMPUR,179.0,56.0,40.0,37.0,42.0,414.0,768.0,6.0,1.3224205508681945,812.0,-44.0,4.0
2002,UTTAR PRADESH,SAHARANPUR,212.0,34.0,64.0,48.0,70.0,578.0,1006.0,6.0,1.266911230419025,1379.0,-373.0,4.0
2002,UTTAR PRADESH,SANT KABIRNAGAR,44.0,10.0,12.0,6.0,14.0,83.0,169.0,6.0,1.3795424752964491,212.0,-43.0,1.0
2002,UTTAR PRADESH,SHAHJAHANPUR,449.0,92.0,89.0,77.0,60.0,538.0,1305.0,6.0,1.4110862437613576,1384.0,-79.0,5.0
2002,UTTAR PRADESH,SHRAWASTI,52.0,19.0,6.0,9.0,18.0,120.0,224.0,6.0,1.311376887757864,379.0,-155.0,1.0
2002,UTTAR PRADESH,SIDHARTHNAGAR,34.0,25.0,21.0,9.0,18.0,133.0,240.0,6.0,1.3701336252482554,356.0,-116.0,2.0
2002,UTTAR PRADESH,SITAPUR,354.0,138.0,99.0,90.0,134.0,865.0,1680.0,6.0,1.4005589485975447,2108.0,-428.0,5.0
2002,UTTAR PRADESH,SONBHADRA,75.0,13.0,7.0,10.0,17.0,130.0,252.0,6.0,1.2645589385283584,311.0,-59.0,2.0
2002,UTTAR PRADESH,ST.RAVIDASNAGAR,51.0,1.0,5.0,11.0,19.0,118.0,205.0,6.0,1.1579745102457057,275.0,-70.0,1.0
2002,UTTAR PRADESH,SULTANPUR,216.0,45.0,34.0,50.0,71.0,438.0,854.0,6.0,1.3465125635513127,1082.0,-228.0,4.0
2002,UTTAR PRADESH,UNNAO,235.0,104.0,63.0,56.0,106.0,377.0,941.0,6.0,1.551260449444897,1346.0,-405.0,5.0
2002,UTTAR PRADESH,VARANASI,176.0,39.0,52.0,56.0,96.0,812.0,1231.0,6.0,1.1351270831581592,1364.0,-133.0,4.0
2002,UTTARAKHAND,ALMORA,34.0,10.0,2.0,16.0,20.0,89.0,171.0,6.0,1.3517623573150188,145.0,26.0,1.0
2002,UTTARAKHAND,BAGESHWAR,5.0,5.0,3.0,9.0,0.0,33.0,55.0,5.0,1.1973334267821956,48.0,7.0,1.0
2002,UTTARAKHAND,CHAMOLI,23.0,16.0,6.0,8.0,23.0,48.0,124.0,6.0,1.5799759917263017,140.0,-16.0,1.0
2002,UTTARAKHAND,CHAMPAWAT,10.0,5.0,4.0,1.0,2.0,23.0,45.0,6.0,1.359531839457412,52.0,-7.0,1.0
2002,UTTARAKHAND,DEHRADUN,91.0,23.0,62.0,26.0,74.0,589.0,865.0,6.0,1.099618220239797,1059.0,-194.0,3.0
2002,UTTARAKHAND,HARIDWAR,151.0,64.0,63.0,54.0,122.0,646.0,1100.0,6.0,1.3063132352662545,1000.0,100.0,4.0
2002,UTTARAKHAND,NAINITAL,70.0,16.0,13.0,20.0,37.0,276.0,432.0,6.0,1.1613661546257281,441.0,-9.0,2.0
2002,UTTARAKHAND,PAURI GARHWAL,38.0,13.0,11.0,15.0,16.0,141.0,234.0,6.0,1.264266496412932,226.0,8.0,2.0
2002,UTTARAKHAND,PITHORAGARH,14.0,10.0,0.0,4.0,12.0,34.0,74.0,5.0,1.3955114631576948,131.0,-57.0,1.0
2002,UTTARAKHAND,RUDRA PRAYAG,14.0,7.0,1.0,7.0,20.0,29.0,78.0,6.0,1.5136861440988791,49.0,29.0,1.0
2002,UTTARAKHAND,TEHRI GARHWAL,18.0,13.0,5.0,3.0,8.0,73.0,120.0,6.0,1.2328823156605708,121.0,-1.0,1.0
2002,UTTARAKHAND,UDHAMSINGH NAGAR,105.0,38.0,22.0,42.0,31.0,343.0,581.0,6.0,1.2689257732118355,557.0,24.0,3.0
2002,UTTARAKHAND,UTTARKASHI,15.0,14.0,6.0,4.0,17.0,52.0,108.0,6.0,1.464607244659548,158.0,-50.0,1.0
2002,WEST BENGAL,24 PARGANAS NORTH,306.0,172.0,91.0,70.0,249.0,1980.0,2868.0,6.0,1.0755954634458242,2654.0,214.0,5.0
2002,WEST BENGAL,24 PARGANAS SOUTH,204.0,132.0,67.0,45.0,224.0,1104.0,1776.0,6.0,1.2152040608786345,1889.0,-113.0,5.0
2002,WEST BENGAL,ASANSOL,15.0,2.0,3.0,5.0,9.0,56.0,90.0,6.0,1.182645340518907,97.0,-7.0,1.0
2002,WEST BENGAL,BANKURA,80.0,41.0,12.0,21.0,66.0,243.0,463.0,6.0,1.369036816064782,516.0,-53.0,3.0
2002,WEST BENGAL,BIRBHUM,101.0,86.0,28.0,14.0,162.0,214.0,605.0,6.0,1.52595731406289,990.0,-385.0,4.0
2002,WEST BENGAL,BURDWAN,141.0,112.0,48.0,40.0,154.0,582.0,1077.0,6.0,1.3732101217544346,1601.0,-524.0,5.0
2002,WEST BENGAL,COOCHBEHAR,38.0,82.0,42.0,14.0,40.0,146.0,362.0,6.0,1.5583018807159337,405.0,-43.0,3.0
2002,WEST BENGAL,DAKSHIN DINAJPUR,39.0,51.0,26.0,3.0,36.0,96.0,251.0,6.0,1.5469968973473538,309.0,-58.0,2.0
2002,WEST BENGAL,DARJEELING,85.0,43.0,23.0,34.0,27.0,489.0,701.0,6.0,1.0626042646164027,713.0,-12.0,3.0
2002,WEST BENGAL,HOOGHLY,108.0,58.0,36.0,18.0,309.0,517.0,1046.0,6.0,1.2892010526077362,1273.0,-227.0,5.0
2002,WEST BENGAL,HOWRAH,31.0,15.0,8.0,16.0,72.0,196.0,338.0,6.0,1.2357626350593938,331.0,7.0,2.0
2002,WEST BENGAL,HOWRAH G.R.P.,16.0,8.0,1.0,11.0,9.0,318.0,363.0,6.0,0.5514795262478274,748.0,-385.0,1.0
2002,WEST BENGAL,JALPAIGURI,167.0,92.0,22.0,40.0,59.0,455.0,835.0,6.0,1.3243447036368794,1089.0,-254.0,4.0
2002,WEST BENGAL,KHARAGPUR G.R.P.,6.0,0.0,1.0,9.0,5.0,124.0,145.0,5.0,0.5885428340854753,,,1.0
2002,WEST BENGAL,KOLKATA,221.0,193.0,107.0,184.0,242.0,5021.0,5968.0,6.0,0.6877281320977862,6302.0,-334.0,5.0
2002,WEST BENGAL,MALDA,117.0,93.0,39.0,11.0,28.0,310.0,598.0,6.0,1.3440907640879498,678.0,-80.0,3.0
2002,WEST BENGAL,MURSHIDABAD,181.0,120.0,37.0,39.0,133.0,324.0,834.0,6.0,1.5520281602363721,901.0,-67.0,5.0
2002,WEST BENGAL,NADIA,137.0,169.0,82.0,41.0,232.0,619.0,1280.0,6.0,1.4536482188751108,1368.0,-88.0,5.0
2002,WEST BENGAL,PASCHIM MIDNAPUR,148.0,88.0,47.0,40.0,211.0,384.0,918.0,6.0,1.5102213797346096,,,5.0
2002,WEST BENGAL,PURAB MIDNAPUR,57.0,35.0,42.0,18.0,138.0,171.0,461.0,6.0,1.5280067268526563,,,4.0
2002,WEST BENGAL,PURULIA,49.0,66.0,14.0,21.0,56.0,266.0,472.0,6.0,1.3291656504053209,590.0,-118.0,2.0
2002,WEST BENGAL,SEALDAH G.R.P.,29.0,1.0,4.0,16.0,10.0,250.0,310.0,6.0,0.733510179848786,349.0,-39.0,1.0
2002,WEST BENGAL,SILIGURI G.R.P.,4.0,1.0,1.0,3.0,0.0,90.0,99.0,5.0,0.41508061134461277,106.0,-7.0,1.0
2002,WEST BENGAL,UTTAR DINAJPUR,81.0,46.0,26.0,15.0,56.0,262.0,486.0,6.0,1.3678442135329354,604.0,-118.0,3.0
2002,A & N ISLANDS,ANDAMAN,17.0,17.0,2.0,8.0,13.0,108.0,165.0,6.0,1.1461539916649102,202.0,-37.0,1.0
2002,A & N ISLANDS,NICOBAR,4.0,2.0,0.0,0.0,0.0,5.0,11.0,3.0,1.0361987848192837,3.0,8.0,1.0
2002,CHANDIGARH,CHANDIGARH,73.0,54.0,54.0,27.0,83.0,2199.0,2490.0,6.0,0.5418303576146053,2326.0,164.0,3.0
2002,D & N HAVELI,D and N HAVELI,13.0,7.0,9.0,4.0,7.0,135.0,175.0,6.0,0.8898181027036975,133.0,42.0,1.0
2002,DAMAN & DIU,DAMAN,8.0,0.0,2.0,1.0,16.0,112.0,139.0,5.0,0.6837176753217301,117.0,22.0,1.0
2002,DAMAN & DIU,DIU,3.0,0.0,1.0,2.0,2.0,15.0,23.0,5.0,1.105529928764921,23.0,0.0,1.0
2002,DELHI UT,CENTRAL,68.0,63.0,71.0,40.0,9.0,1688.0,1939.0,6.0,0.5756221709681176,2185.0,-246.0,3.0
2002,DELHI UT,DELHI UT TOTAL,1039.0,849.0,1323.0,549.0,196.0,21527.0,25483.0,6.0,0.6600005625481601,29484.0,-4001.0,5.0
2002,DELHI UT,EAST,94.0,65.0,141.0,44.0,20.0,1787.0,2151.0,6.0,0.698244369354527,2545.0,-394.0,4.0
2002,DELHI UT,G.R.P.(RLY),6.0,3.0,3.0,13.0,0.0,1306.0,1331.0,5.0,0.11564185082134415,1492.0,-161.0,1.0
2002,DELHI UT,I.G.I. AIRPORT,5.0,2.0,1.0,2.0,1.0,633.0,644.0,6.0,0.11060624861728244,554.0,90.0,1.0
2002,DELHI UT,NEW DELHI,15.0,19.0,20.0,20.0,12.0,1493.0,1579.0,6.0,0.29813304270002305,1765.0,-186.0,1.0
2002,DELHI UT,NORTH,74.0,58.0,84.0,50.0,22.0,1516.0,1804.0,6.0,0.6836118418533661,2073.0,-269.0,4.0
2002,DELHI UT,NORTH EAST,133.0,66.0,156.0,67.0,15.0,1112.0,1549.0,6.0,0.9951257502534083,1662.0,-113.0,5.0
2002,DELHI UT,NORTH WEST,234.0,221.0,430.0,132.0,26.0,2988.0,4031.0,6.0,0.9295898013861195,4810.0,-779.0,5.0
2002,DELHI UT,S.T.F.,0.0,0.0,0.0,0.0,0.0,0.0,0.0,0.0,0.0,0.0,0.0,1.0
2002,DELHI UT,SOUTH,146.0,141.0,163.0,78.0,47.0,4454.0,5029.0,6.0,0.5299396745921846,6272.0,-1243.0,5.0
2002,DELHI UT,SOUTH WEST,102.0,130.0,126.0,52.0,32.0,2097.0,2539.0,6.0,0.7230726380862226,2910.0,-371.0,5.0
2002,DELHI UT,SPL CELL,1.0,0.0,0.0,0.0,0.0,28.0,29.0,2.0,0.14999492361041503,,,1.0
2002,DELHI UT,WEST,161.0,81.0,128.0,51.0,12.0,2425.0,2858.0,6.0,0.6363565945586848,3216.0,-358.0,5.0
2002,LAKSHADWEEP,LAKSHADWEEP,0.0,2.0,0.0,0.0,20.0,21.0,43.0,3.0,0.8487370686146881,16.0,27.0,1.0
2002,PUDUCHERRY,PONDICHERRY,74.0,65.0,10.0,8.0,215.0,697.0,1069.0,6.0,1.0368793038676674,909.0,160.0,3.0
2003,ANDHRA PRADESH,ADILABAD,183.0,176.0,46.0,32.0,140.0,656.0,1233.0,6.0,1.3612333872378162,1193.0,40.0,4.0
2003,ANDHRA PRADESH,ANANTAPUR,297.0,243.0,60.0,21.0,184.0,665.0,1470.0,6.0,1.4308717054068845,1482.0,-12.0,5.0
2003,ANDHRA PRADESH,CHITTOOR,190.0,157.0,90.0,23.0,93.0,1544.0,2097.0,6.0,0.9598283397563149,1798.0,299.0,4.0
2003,ANDHRA PRADESH,CUDDAPAH,106.0,114.0,37.0,13.0,109.0,390.0,769.0,6.0,1.3923554442404886,722.0,47.0,3.0
2003,ANDHRA PRADESH,CYBERABAD,260.0,127.0,102.0,70.0,94.0,3288.0,3941.0,6.0,0.6964597934895915,,,5.0
2003,ANDHRA PRADESH,EAST GODAVARI,153.0,168.0,59.0,21.0,150.0,2066.0,2617.0,6.0,0.8170022360235055,2569.0,48.0,4.0
2003,ANDHRA PRADESH,GUNTAKAL RLY.,4.0,3.0,1.0,5.0,0.0,209.0,222.0,5.0,0.2971095326231808,154.0,68.0,1.0
2003,ANDHRA PRADESH,GUNTUR,296.0,274.0,95.0,44.0,193.0,1939.0,2841.0,6.0,1.082761407127383,2737.0,104.0,5.0
2003,ANDHRA PRADESH,KARIMNAGAR,269.0,450.0,89.0,55.0,228.0,1143.0,2234.0,6.0,1.3730283571717214,2114.0,120.0,5.0
2003,ANDHRA PRADESH,KHAMMAM,139.0,207.0,41.0,14.0,165.0,751.0,1317.0,6.0,1.2650216699064938,1536.0,-219.0,4.0
2003,ANDHRA PRADESH,KRISHNA,134.0,231.0,55.0,14.0,98.0,1032.0,1564.0,6.0,1.1008484445381792,1485.0,79.0,4.0
2003,ANDHRA PRADESH,KURNOOL,230.0,259.0,35.0,32.0,122.0,622.0,1300.0,6.0,1.3911220471300412,1244.0,56.0,4.0
2003,ANDHRA PRADESH,MAHABOOBNAGAR,321.0,248.0,46.0,38.0,186.0,858.0,1697.0,6.0,1.366052794666708,1683.0,14.0,5.0
2003,ANDHRA PRADESH,MEDAK,176.0,158.0,52.0,60.0,144.0,922.0,1512.0,6.0,1.2558787970154972,1319.0,193.0,5.0
2003,ANDHRA PRADESH,NALGONDA,215.0,311.0,49.0,33.0,223.0,704.0,1535.0,6.0,1.4290426739353872,1375.0,160.0,5.0
2003,ANDHRA PRADESH,NELLORE,151.0,231.0,63.0,14.0,134.0,998.0,1591.0,6.0,1.1741140435363215,1586.0,5.0,4.0
2003,ANDHRA PRADESH,NIZAMABAD,159.0,90.0,35.0,39.0,88.0,777.0,1188.0,6.0,1.1511228662999717,1098.0,90.0,4.0
2003,ANDHRA PRADESH,PRAKASHAM,135.0,155.0,42.0,28.0,64.0,612.0,1036.0,6.0,1.260269611335798,1058.0,-22.0,3.0
2003,ANDHRA PRADESH,RANGA REDDY,98.0,85.0,23.0,10.0,67.0,321.0,604.0,6.0,1.3432407647698585,3999.0,-3395.0,3.0
2003,ANDHRA PRADESH,SECUNDERABAD RLY.,10.0,0.0,0.0,9.0,6.0,415.0,440.0,4.0,0.2793042386462283,373.0,67.0,1.0
2003,ANDHRA PRADESH,SRIKAKULAM,75.0,67.0,8.0,11.0,67.0,365.0,593.0,6.0,1.184999906745714,599.0,-6.0,2.0
2003,ANDHRA PRADESH,VIJAYAWADA,92.0,197.0,63.0,66.0,38.0,5163.0,5619.0,6.0,0.39891066477485404,4774.0,845.0,4.0
2003,ANDHRA PRADESH,VIJAYAWADA RLY.,0.0,0.0,0.0,2.0,1.0,366.0,369.0,3.0,0.0523953042410152,341.0,28.0,1.0
2003,ANDHRA PRADESH,VISAKHAPATNAM,40.0,20.0,30.0,9.0,4.0,1184.0,1287.0,6.0,0.38960762157309214,1204.0,83.0,2.0
2003,ANDHRA PRADESH,VIZIANAGARAM,47.0,40.0,3.0,9.0,13.0,298.0,410.0,6.0,0.9364957593750095,471.0,-61.0,1.0
2003,ANDHRA PRADESH,WARANGAL,211.0,283.0,103.0,29.0,276.0,1012.0,1914.0,6.0,1.3626543870404544,1691.0,223.0,5.0
2003,ANDHRA PRADESH,WEST GODAVARI,173.0,489.0,88.0,20.0,126.0,1756.0,2652.0,6.0,1.0574319545829383,2115.0,537.0,5.0
2003,ARUNACHAL PRADESH,CHANGLANG,11.0,4.0,7.0,4.0,4.0,37.0,67.0,6.0,1.3653237515485144,86.0,-19.0,1.0
2003,ARUNACHAL PRADESH,DIBANG VALLEY,2.0,3.0,1.0,8.0,1.0,31.0,46.0,6.0,1.0510051595412158,80.0,-34.0,1.0
2003,ARUNACHAL PRADESH,K/KUMEY,5.0,0.0,2.0,2.0,0.0,1.0,10.0,4.0,1.2206072645530173,,,1.0
2003,ARUNACHAL PRADESH,KAMENG EAST,4.0,10.0,2.0,5.0,1.0,26.0,48.0,6.0,1.3146380466106213,61.0,-13.0,1.0
2003,ARUNACHAL PRADESH,KAMENG WEST,8.0,1.0,0.0,3.0,0.0,22.0,34.0,4.0,0.9400574901065741,37.0,-3.0,1.0
2003,ARUNACHAL PRADESH,LOHIT,16.0,6.0,15.0,6.0,0.0,55.0,98.0,5.0,1.2493898114165698,83.0,15.0,1.0
2003,ARUNACHAL PRADESH,PAPUM PARE,11.0,10.0,10.0,22.0,1.0,178.0,232.0,6.0,0.8657504932760638,246.0,-14.0,1.0
2003,ARUNACHAL PRADESH,SIANG EAST,8.0,13.0,10.0,17.0,1.0,76.0,125.0,6.0,1.2258650523335335,143.0,-18.0,1.0
2003,ARUNACHAL PRADESH,SIANG UPPER,7.0,1.0,1.0,0.0,0.0,25.0,34.0,4.0,0.7589115050546257,21.0,13.0,1.0
2003,ARUNACHAL PRADESH,SIANG WEST,7.0,11.0,5.0,4.0,2.0,83.0,112.0,6.0,0.9529573457678011,154.0,-42.0,1.0
2003,ARUNACHAL PRADESH,SUBANSIRI LOWER,7.0,3.0,4.0,9.0,2.0,40.0,65.0,6.0,1.2331737456560308,83.0,-18.0,1.0
2003,ARUNACHAL PRADESH,SUBANSIRI UPPER,5.0,1.0,2.0,9.0,3.0,26.0,46.0,6.0,1.2804924405351987,60.0,-14.0,1.0
2003,ARUNACHAL PRADESH,TAWANG,0.0,1.0,0.0,1.0,0.0,26.0,28.0,3.0,0.30682915344097056,21.0,7.0,1.0
2003,ARUNACHAL PRADESH,TIRAP,6.0,10.0,8.0,7.0,2.0,43.0,76.0,6.0,1.3419016237326764,48.0,28.0,1.0
2003,ARUNACHAL PRADESH,UPPER DIBANG VALLEY,3.0,0.0,1.0,0.0,0.0,3.0,7.0,3.0,1.0042424730540764,,,1.0
2003,ASSAM,BARPETA,58.0,76.0,76.0,55.0,223.0,266.0,754.0,6.0,1.5787215315430503,947.0,-193.0,5.0
2003,ASSAM,BONGAIGAON,38.0,37.0,46.0,37.0,76.0,189.0,423.0,6.0,1.5523848893256935,433.0,-10.0,3.0
2003,ASSAM,C.I.D.,0.0,0.0,1.0,0.0,0.0,5.0,6.0,2.0,0.45056120886630463,7.0,-1.0,1.0
2003,ASSAM,CACHAR,103.0,188.0,120.0,39.0,477.0,770.0,1697.0,6.0,1.403127488735066,1708.0,-11.0,5.0
2003,ASSAM,DARRANG,94.0,146.0,83.0,48.0,120.0,379.0,870.0,6.0,1.5592024919548606,477.0,393.0,4.0
2003,ASSAM,DHEMAJI,38.0,57.0,25.0,16.0,62.0,149.0,347.0,6.0,1.5410082295941716,332.0,15.0,3.0
2003,ASSAM,DHUBRI,85.0,155.0,62.0,44.0,484.0,285.0,1115.0,6.0,1.4696756597536142,999.0,116.0,5.0
2003,ASSAM,DIBRUGARH,151.0,66.0,54.0,80.0,217.0,462.0,1030.0,6.0,1.498321418098223,812.0,218.0,5.0
2003,ASSAM,G.R.P.,4.0,1.0,1.0,9.0,7.0,56.0,78.0,6.0,0.967461847650347,80.0,-2.0,1.0
2003,ASSAM,GOALPARA,56.0,96.0,51.0,42.0,129.0,200.0,574.0,6.0,1.6354140204115772,568.0,6.0,4.0
2003,ASSAM,GOLAGHAT,78.0,93.0,73.0,31.0,43.0,447.0,765.0,6.0,1.3188464473494097,679.0,86.0,4.0
2003,ASSAM,HAILAKANDI,43.0,56.0,43.0,11.0,138.0,172.0,463.0,6.0,1.5144229262348194,475.0,-12.0,3.0
2003,ASSAM,JORHAT,53.0,66.0,28.0,20.0,94.0,295.0,556.0,6.0,1.383922078780044,578.0,-22.0,3.0
2003,ASSAM,KAMRUP,42.0,54.0,51.0,34.0,79.0,320.0,580.0,6.0,1.3908630577005265,646.0,-66.0,3.0
2003,ASSAM,KARBI ANGLONG,79.0,30.0,37.0,22.0,53.0,144.0,365.0,6.0,1.5850815040107513,293.0,72.0,3.0
2003,ASSAM,KARIMGANJ,50.0,33.0,47.0,14.0,243.0,213.0,600.0,6.0,1.3874983190117325,566.0,34.0,4.0
2003,ASSAM,KOKRAJHAR,70.0,50.0,40.0,12.0,54.0,156.0,382.0,6.0,1.564392988652977,434.0,-52.0,3.0
2003,ASSAM,LAKHIMPUR,54.0,120.0,80.0,37.0,109.0,364.0,764.0,6.0,1.4919824905110055,910.0,-146.0,4.0
2003,ASSAM,MORIGAON,24.0,69.0,49.0,17.0,80.0,173.0,412.0,6.0,1.5322562648253415,413.0,-1.0,3.0
2003,ASSAM,N.C.HILLS,29.0,2.0,13.0,15.0,29.0,43.0,131.0,6.0,1.5745396732874744,128.0,3.0,1.0
2003,ASSAM,NAGAON,131.0,212.0,169.0,104.0,340.0,813.0,1769.0,6.0,1.5122270271431881,1664.0,105.0,5.0
2003,ASSAM,NALBARI,68.0,51.0,64.0,51.0,29.0,231.0,494.0,6.0,1.5284640070158222,450.0,44.0,3.0
2003,ASSAM,R.P.O.,2.0,6.0,0.0,4.0,5.0,2.0,19.0,5.0,1.5173067399949576,12.0,7.0,1.0
2003,ASSAM,SIBSAGAR,83.0,53.0,76.0,31.0,102.0,424.0,769.0,6.0,1.3790145182188738,771.0,-2.0,4.0
2003,ASSAM,SONITPUR,127.0,120.0,90.0,48.0,201.0,618.0,1204.0,6.0,1.4305761863371083,1190.0,14.0,5.0
2003,ASSAM,TINSUKIA,82.0,46.0,33.0,47.0,201.0,316.0,725.0,6.0,1.4570833854253338,879.0,-154.0,4.0
2003,BIHAR,ARARIA,77.0,41.0,56.0,89.0,400.0,289.0,952.0,6.0,1.4532909428663392,923.0,29.0,5.0
2003,BIHAR,ARWAL,61.0,3.0,9.0,16.0,74.0,49.0,212.0,6.0,1.4537768650636727,283.0,-71.0,2.0
2003,BIHAR,AURANGABAD,136.0,24.0,26.0,57.0,158.0,212.0,613.0,6.0,1.5324838689014493,646.0,-33.0,4.0
2003,BIHAR,BAGAHA,62.0,24.0,40.0,17.0,108.0,160.0,411.0,6.0,1.5281469571203528,457.0,-46.0,3.0
2003,BIHAR,BANKA,112.0,24.0,25.0,68.0,189.0,159.0,577.0,6.0,1.5592468781435054,671.0,-94.0,4.0
2003,BIHAR,BEGUSARAI,201.0,19.0,96.0,89.0,216.0,396.0,1017.0,6.0,1.5270953320095597,1058.0,-41.0,5.0
2003,BIHAR,BETTIAH,166.0,83.0,89.0,48.0,457.0,290.0,1133.0,6.0,1.5216747411277014,1576.0,-443.0,5.0
2003,BIHAR,BHABHUA,154.0,17.0,40.0,58.0,176.0,286.0,731.0,6.0,1.4856103935143519,650.0,81.0,4.0
2003,BIHAR,BHAGALPUR,291.0,78.0,98.0,87.0,194.0,622.0,1370.0,6.0,1.491270837067855,1226.0,144.0,5.0
2003,BIHAR,BHOJPUR,175.0,26.0,48.0,72.0,202.0,441.0,964.0,6.0,1.4355886706841858,939.0,25.0,5.0
2003,BIHAR,BUXAR,243.0,18.0,26.0,52.0,124.0,297.0,760.0,6.0,1.4152011107960303,821.0,-61.0,4.0
2003,BIHAR,DARBHANGA,130.0,87.0,61.0,56.0,279.0,444.0,1057.0,6.0,1.4994712743035548,1163.0,-106.0,5.0
2003,BIHAR,GAYA,297.0,67.0,69.0,264.0,356.0,624.0,1677.0,6.0,1.55440402013133,1668.0,9.0,5.0
2003,BIHAR,GOPALGANJ,149.0,12.0,34.0,36.0,168.0,195.0,594.0,6.0,1.4822148724529194,710.0,-116.0,4.0
2003,BIHAR,JAMALPUR RLY.,10.0,1.0,4.0,16.0,14.0,144.0,189.0,6.0,0.8738509003304666,167.0,22.0,1.0
2003,BIHAR,JAMUI,89.0,36.0,34.0,57.0,125.0,140.0,481.0,6.0,1.655670481909941,674.0,-193.0,4.0
2003,BIHAR,JEHANABAD,166.0,9.0,40.0,68.0,97.0,239.0,619.0,6.0,1.49196884294921,577.0,42.0,4.0
2003,BIHAR,KATIHAR,118.0,101.0,68.0,76.0,235.0,357.0,955.0,6.0,1.5983768005635988,842.0,113.0,5.0
2003,BIHAR,KATIHAR RLY.,9.0,2.0,10.0,27.0,17.0,275.0,340.0,6.0,0.7526178512088365,303.0,37.0,1.0
2003,BIHAR,KHAGARIA,134.0,25.0,77.0,29.0,143.0,127.0,535.0,6.0,1.6209479291859572,472.0,63.0,4.0
2003,BIHAR,KISHANGANJ,37.0,19.0,39.0,23.0,128.0,158.0,404.0,6.0,1.4828667008883851,396.0,8.0,3.0
2003,BIHAR,LAKHISARAI,84.0,7.0,39.0,33.0,52.0,71.0,286.0,6.0,1.6273604104357855,362.0,-76.0,3.0
2003,BIHAR,MADHEPURA,82.0,10.0,24.0,49.0,112.0,100.0,377.0,6.0,1.5812154582033413,479.0,-102.0,3.0
2003,BIHAR,MADHUBANI,318.0,150.0,62.0,61.0,322.0,365.0,1278.0,6.0,1.59480327566611,1258.0,20.0,5.0
2003,BIHAR,MOTIHARI,190.0,88.0,114.0,89.0,417.0,611.0,1509.0,6.0,1.510205328249855,1580.0,-71.0,5.0
2003,BIHAR,MUNGER,109.0,23.0,47.0,28.0,239.0,236.0,682.0,6.0,1.4574768065351034,634.0,48.0,4.0
2003,BIHAR,MUZAFFARPUR,166.0,86.0,160.0,148.0,487.0,1056.0,2103.0,6.0,1.3985796176875667,2272.0,-169.0,5.0
2003,BIHAR,MUZAFFARPUR RLY.,28.0,7.0,6.0,26.0,11.0,349.0,427.0,6.0,0.7355167697118823,414.0,13.0,1.0
2003,BIHAR,NALANDA,327.0,60.0,58.0,83.0,187.0,339.0,1054.0,6.0,1.557616740079184,1263.0,-209.0,5.0
2003,BIHAR,NAUGACHIA,70.0,13.0,29.0,14.0,87.0,69.0,282.0,6.0,1.5779895340060706,295.0,-13.0,3.0
2003,BIHAR,NAWADAH,158.0,23.0,53.0,45.0,167.0,138.0,584.0,6.0,1.5952474881914966,646.0,-62.0,4.0
2003,BIHAR,PATNA,1173.0,83.0,220.0,818.0,553.0,2691.0,5538.0,6.0,1.3831013485658357,5379.0,159.0,5.0
2003,BIHAR,PATNA RLY.,41.0,9.0,5.0,75.0,7.0,780.0,917.0,6.0,0.5923605775946101,849.0,68.0,2.0
2003,BIHAR,PURNEA,185.0,61.0,52.0,211.0,195.0,316.0,1020.0,6.0,1.6351213118693548,1097.0,-77.0,5.0
2003,BIHAR,ROHTAS,389.0,45.0,87.0,121.0,291.0,498.0,1431.0,6.0,1.5332337773533928,1444.0,-13.0,5.0
2003,BIHAR,SAHARSA,118.0,25.0,25.0,38.0,152.0,152.0,510.0,6.0,1.549366550547334,462.0,48.0,4.0
2003,BIHAR,SAMASTIPUR,274.0,31.0,80.0,98.0,331.0,528.0,1342.0,6.0,1.4828971906913058,1090.0,252.0,5.0
2003,BIHAR,SARAN,275.0,49.0,95.0,88.0,269.0,436.0,1212.0,6.0,1.5581422078380591,1018.0,194.0,5.0
2003,BIHAR,SHEIKHPURA,49.0,5.0,21.0,14.0,71.0,99.0,259.0,6.0,1.474992948148748,339.0,-80.0,2.0
2003,BIHAR,SHEOHAR,34.0,11.0,11.0,10.0,32.0,41.0,139.0,6.0,1.633496894332692,156.0,-17.0,2.0
2003,BIHAR,SITAMARHI,70.0,43.0,82.0,56.0,275.0,316.0,842.0,6.0,1.4990537241866417,796.0,46.0,5.0
2003,BIHAR,SIWAN,250.0,49.0,62.0,163.0,201.0,275.0,1000.0,6.0,1.6399509019266754,999.0,1.0,5.0
2003,BIHAR,SUPAUL,70.0,28.0,21.0,71.0,188.0,136.0,514.0,6.0,1.553791769029835,594.0,-80.0,4.0
2003,BIHAR,VAISHALI,332.0,51.0,85.0,40.0,192.0,656.0,1356.0,6.0,1.3735267392288766,1219.0,137.0,5.0
2003,CHHATTISGARH,BALRAMPUR,41.0,53.0,4.0,24.0,23.0,86.0,231.0,6.0,1.5476530786164195,312.0,-81.0,2.0
2003,CHHATTISGARH,BILASPUR,177.0,214.0,12.0,35.0,133.0,1259.0,1830.0,6.0,1.0333806361386602,1700.0,130.0,4.0
2003,CHHATTISGARH,BIZAPUR,61.0,13.0,2.0,35.0,21.0,20.0,152.0,6.0,1.5121651225693487,120.0,32.0,2.0
2003,CHHATTISGARH,DANTEWARA,79.0,26.0,6.0,13.0,18.0,92.0,234.0,6.0,1.4295816729369142,286.0,-52.0,2.0
2003,CHHATTISGARH,DHAMTARI,21.0,103.0,8.0,4.0,28.0,242.0,406.0,6.0,1.116901379373687,362.0,44.0,2.0
2003,CHHATTISGARH,DURG,108.0,346.0,21.0,46.0,55.0,1388.0,1964.0,6.0,0.9472837245974493,2106.0,-142.0,4.0
2003,CHHATTISGARH,GRP RAIPUR,4.0,2.0,2.0,2.0,1.0,204.0,215.0,6.0,0.27947272918785165,226.0,-11.0,1.0
2003,CHHATTISGARH,JAGDALPUR,88.0,143.0,12.0,23.0,48.0,298.0,612.0,6.0,1.3690538902455538,628.0,-16.0,3.0
2003,CHHATTISGARH,JANJGIR,53.0,131.0,8.0,20.0,65.0,377.0,654.0,6.0,1.233232570458348,715.0,-61.0,3.0
2003,CHHATTISGARH,JASHPUR,56.0,72.0,3.0,23.0,13.0,105.0,272.0,6.0,1.4485886931480596,315.0,-43.0,2.0
2003,CHHATTISGARH,KABIRDHAM,23.0,83.0,3.0,3.0,31.0,135.0,278.0,6.0,1.2602200001160895,263.0,15.0,2.0
2003,CHHATTISGARH,KANKER,69.0,59.0,5.0,30.0,25.0,94.0,282.0,6.0,1.5626419142899968,325.0,-43.0,2.0
2003,CHHATTISGARH,KORBA,49.0,134.0,7.0,9.0,79.0,577.0,855.0,6.0,1.0270459272287789,828.0,27.0,2.0
2003,CHHATTISGARH,KORIYA,54.0,106.0,4.0,11.0,31.0,284.0,490.0,6.0,1.189478870875216,554.0,-64.0,2.0
2003,CHHATTISGARH,MAHASAMUND,37.0,69.0,3.0,7.0,24.0,262.0,402.0,6.0,1.076417085116044,478.0,-76.0,2.0
2003,CHHATTISGARH,NARAYANPUR,24.0,3.0,1.0,8.0,5.0,21.0,62.0,6.0,1.4144437095264446,,,1.0
2003,CHHATTISGARH,RAIGARH,73.0,130.0,15.0,35.0,67.0,494.0,814.0,6.0,1.2267663808406861,812.0,2.0,3.0
2003,CHHATTISGARH,RAIPUR,134.0,311.0,41.0,42.0,56.0,1437.0,2021.0,6.0,0.9693467181158084,1947.0,74.0,4.0
2003,CHHATTISGARH,RAJNANDGAON,68.0,127.0,8.0,23.0,45.0,394.0,665.0,6.0,1.2112573360918304,709.0,-44.0,3.0
2003,CHHATTISGARH,SARGUJA,121.0,254.0,12.0,78.0,86.0,510.0,1061.0,6.0,1.3882309786579707,1332.0,-271.0,4.0
2003,GOA,NORTH GOA,33.0,33.0,8.0,17.0,48.0,555.0,694.0,6.0,0.7954768453886029,697.0,-3.0,2.0
2003,GOA,SOUTH GOA,32.0,17.0,6.0,9.0,17.0,332.0,413.0,6.0,0.7811638392584394,506.0,-93.0,1.0
2003,GUJARAT,AHMEDABAD COMMR.,161.0,68.0,157.0,396.0,222.0,7024.0,8028.0,6.0,0.5603114514410412,6653.0,1375.0,5.0
2003,GUJARAT,AHWA-DANG,7.0,2.0,0.0,3.0,5.0,9.0,26.0,5.0,1.4840306523019478,43.0,-17.0,1.0
2003,GUJARAT,AMRELI,30.0,30.0,28.0,26.0,35.0,298.0,447.0,6.0,1.1713390861036503,407.0,40.0,2.0
2003,GUJARAT,ANAND,51.0,29.0,36.0,29.0,53.0,727.0,925.0,6.0,0.8563797182932823,1077.0,-152.0,2.0
2003,GUJARAT,BHARUCH,52.0,24.0,28.0,42.0,53.0,728.0,927.0,6.0,0.85548490315718,888.0,39.0,2.0
2003,GUJARAT,BHAVNAGAR,93.0,41.0,70.0,54.0,151.0,1128.0,1537.0,6.0,0.9797422758895797,1735.0,-198.0,4.0
2003,GUJARAT,DAHOD,50.0,22.0,19.0,95.0,76.0,230.0,492.0,6.0,1.4585179350581616,585.0,-93.0,3.0
2003,GUJARAT,GANDHINAGAR,35.0,25.0,34.0,69.0,79.0,833.0,1075.0,6.0,0.8739381836335123,935.0,140.0,3.0
2003,GUJARAT,HIMATNAGAR,55.0,53.0,44.0,44.0,81.0,665.0,942.0,6.0,1.0707799582754438,1294.0,-352.0,3.0
2003,GUJARAT,JAMNAGAR,54.0,30.0,27.0,21.0,69.0,687.0,888.0,6.0,0.8765498577302229,989.0,-101.0,2.0
2003,GUJARAT,JUNAGADH,72.0,53.0,47.0,51.0,134.0,1039.0,1396.0,6.0,0.9569504190800175,1350.0,46.0,4.0
2003,GUJARAT,KHEDA NORTH,61.0,38.0,49.0,29.0,58.0,672.0,907.0,6.0,0.9802178052370198,1013.0,-106.0,3.0
2003,GUJARAT,KUTCH,54.0,33.0,25.0,41.0,73.0,590.0,816.0,6.0,1.0169216167605037,810.0,6.0,2.0
2003,GUJARAT,MEHSANA,68.0,41.0,57.0,66.0,109.0,1094.0,1435.0,6.0,0.9184803801293524,1524.0,-89.0,3.0
2003,GUJARAT,NARMADA,14.0,8.0,3.0,4.0,13.0,71.0,113.0,6.0,1.2015651445931408,195.0,-82.0,1.0
2003,GUJARAT,NAVSARI,33.0,8.0,10.0,11.0,17.0,298.0,377.0,6.0,0.8199866552991479,372.0,5.0,1.0
2003,GUJARAT,PALANPUR,59.0,67.0,42.0,50.0,95.0,702.0,1015.0,6.0,1.1016074941782406,984.0,31.0,3.0
2003,GUJARAT,PANCHMAHAL,54.0,45.0,31.0,60.0,88.0,508.0,786.0,6.0,1.198878621092754,948.0,-162.0,3.0
2003,GUJARAT,PATAN,29.0,23.0,15.0,12.0,73.0,419.0,571.0,6.0,0.9476010599166483,616.0,-45.0,2.0
2003,GUJARAT,PORBANDAR,15.0,8.0,7.0,2.0,16.0,195.0,243.0,6.0,0.781702248977396,248.0,-5.0,1.0
2003,GUJARAT,RAJKOT COMMR.,50.0,13.0,34.0,58.0,114.0,1990.0,2259.0,6.0,0.5336137697907513,2085.0,174.0,3.0
2003,GUJARAT,SURAT COMMR.,96.0,42.0,62.0,73.0,71.0,2430.0,2774.0,6.0,0.5703250615855053,2633.0,141.0,4.0
2003,GUJARAT,SURENDRANAGAR,39.0,58.0,32.0,28.0,73.0,553.0,783.0,6.0,1.0588078070624132,743.0,40.0,3.0
2003,GUJARAT,VADODARA COMMR.,67.0,25.0,36.0,50.0,215.0,2113.0,2506.0,6.0,0.6363705183582873,2489.0,17.0,4.0
2003,GUJARAT,VALSAD,42.0,12.0,13.0,49.0,46.0,704.0,866.0,6.0,0.7558779720802892,923.0,-57.0,2.0
2003,GUJARAT,W.RLY,13.0,11.0,4.0,99.0,5.0,1227.0,1359.0,6.0,0.40430853741969053,1019.0,340.0,2.0
2003,HARYANA,AMBALA,45.0,27.0,26.0,15.0,11.0,530.0,654.0,6.0,0.7696206054371317,792.0,-138.0,2.0
2003,HARYANA,BHIWANI,72.0,32.0,17.0,33.0,105.0,427.0,686.0,6.0,1.1995576623450406,704.0,-18.0,3.0
2003,HARYANA,FARIDABAD,89.0,70.0,70.0,25.0,144.0,1136.0,1534.0,6.0,0.9585361264271717,1530.0,4.0,4.0
2003,HARYANA,FATEHABAD,38.0,18.0,15.0,6.0,21.0,197.0,295.0,6.0,1.1230689790611394,443.0,-148.0,2.0
2003,HARYANA,GRP,25.0,1.0,0.0,3.0,9.0,156.0,194.0,5.0,0.6734236703279514,251.0,-57.0,1.0
2003,HARYANA,GURGAON,101.0,49.0,44.0,46.0,73.0,1251.0,1564.0,6.0,0.811263691733627,1548.0,16.0,4.0
2003,HARYANA,HISSAR,80.0,51.0,27.0,20.0,34.0,730.0,942.0,6.0,0.8683808089107832,988.0,-46.0,3.0
2003,HARYANA,JHAJJAR,70.0,41.0,8.0,16.0,53.0,267.0,455.0,6.0,1.2568492062504317,584.0,-129.0,2.0
2003,HARYANA,JIND,66.0,24.0,11.0,3.0,57.0,258.0,419.0,6.0,1.155816779241403,522.0,-103.0,2.0
2003,HARYANA,KAITHAL,36.0,29.0,4.0,15.0,6.0,350.0,440.0,6.0,0.7825671082768081,407.0,33.0,2.0
2003,HARYANA,KARNAL,78.0,45.0,22.0,26.0,52.0,648.0,871.0,6.0,0.9551960651574372,881.0,-10.0,3.0
2003,HARYANA,KURUKSHETRA,48.0,46.0,11.0,18.0,6.0,651.0,780.0,6.0,0.6739105526347438,763.0,17.0,2.0
2003,HARYANA,MAHENDRAGARH,29.0,22.0,11.0,6.0,52.0,234.0,354.0,6.0,1.1099982345473975,374.0,-20.0,2.0
2003,HARYANA,PANCHKULA,19.0,22.0,15.0,8.0,2.0,400.0,466.0,6.0,0.609473889206483,480.0,-14.0,1.0
2003,HARYANA,PANIPAT,78.0,55.0,16.0,31.0,27.0,632.0,839.0,6.0,0.9208551295334984,929.0,-90.0,3.0
2003,HARYANA,REWARI,26.0,33.0,11.0,9.0,43.0,313.0,435.0,6.0,1.0028395199906344,404.0,31.0,2.0
2003,HARYANA,ROHTAK,104.0,37.0,21.0,24.0,24.0,644.0,854.0,6.0,0.8971207125957877,878.0,-24.0,3.0
2003,HARYANA,SIRSA,76.0,32.0,18.0,13.0,25.0,440.0,604.0,6.0,0.9663836490877895,680.0,-76.0,2.0
2003,HARYANA,SONIPAT,104.0,36.0,26.0,16.0,10.0,473.0,665.0,6.0,0.9699024774586474,802.0,-137.0,3.0
2003,HARYANA,YAMUNANAGAR,40.0,27.0,15.0,11.0,7.0,321.0,421.0,6.0,0.8887270233923295,430.0,-9.0,2.0
2003,HIMACHAL PRADESH,BILASPUR,13.0,33.0,12.0,4.0,84.0,115.0,261.0,6.0,1.3424937625642968,366.0,-105.0,2.0
2003,HIMACHAL PRADESH,CHAMBA,9.0,23.0,14.0,0.0,29.0,155.0,230.0,5.0,1.054511209057539,253.0,-23.0,1.0
2003,HIMACHAL PRADESH,G.R.P.,0.0,0.0,0.0,0.0,0.0,0.0,0.0,0.0,0.0,5.0,-5.0,1.0
2003,HIMACHAL PRADESH,HAMIRPUR,9.0,19.0,8.0,0.0,39.0,66.0,141.0,5.0,1.3193200938786838,156.0,-15.0,1.0
2003,HIMACHAL PRADESH,KANGRA,54.0,36.0,7.0,3.0,139.0,166.0,405.0,6.0,1.3228725540679351,466.0,-61.0,2.0
2003,HIMACHAL PRADESH,KINNAUR,5.0,8.0,4.0,0.0,9.0,55.0,81.0,5.0,1.0561004420316902,58.0,23.0,1.0
2003,HIMACHAL PRADESH,KULLU,17.0,40.0,8.0,4.0,36.0,82.0,187.0,6.0,1.4436317459908428,157.0,30.0,2.0
2003,HIMACHAL PRADESH,LAHAUL-SPITI,0.0,2.0,0.0,0.0,1.0,4.0,7.0,3.0,0.9556998911125343,17.0,-10.0,1.0
2003,HIMACHAL PRADESH,MANDI,19.0,75.0,7.0,0.0,91.0,174.0,366.0,5.0,1.2536137778846062,371.0,-5.0,2.0
2003,HIMACHAL PRADESH,SHIMLA,33.0,61.0,21.0,4.0,115.0,331.0,565.0,6.0,1.2009025791265846,528.0,37.0,2.0
2003,HIMACHAL PRADESH,SIRMAUR,11.0,32.0,15.0,2.0,69.0,80.0,209.0,6.0,1.4093059081411374,243.0,-34.0,2.0
2003,HIMACHAL PRADESH,SOLAN,22.0,35.0,10.0,2.0,70.0,163.0,302.0,6.0,1.2583468481959619,272.0,30.0,2.0
2003,HIMACHAL PRADESH,UNA,12.0,12.0,7.0,8.0,49.0,136.0,224.0,6.0,1.1763115784654787,219.0,5.0,1.0
2003,JAMMU & KASHMIR,ANANTNAG,153.0,72.0,81.0,22.0,137.0,259.0,724.0,6.0,1.591992866331597,720.0,4.0,4.0
2003,JAMMU & KASHMIR,AWANTIPORA,12.0,23.0,13.0,7.0,13.0,73.0,141.0,6.0,1.4349383279310324,118.0,23.0,1.0
2003,JAMMU & KASHMIR,BARAMULLA,189.0,177.0,90.0,10.0,190.0,396.0,1052.0,6.0,1.5397677743444507,897.0,155.0,5.0
2003,JAMMU & KASHMIR,BORDER,34.0,17.0,8.0,3.0,31.0,66.0,159.0,6.0,1.4779414965716038,134.0,25.0,1.0
2003,JAMMU & KASHMIR,BUDGAM,77.0,80.0,46.0,1.0,95.0,215.0,514.0,6.0,1.4786860412438005,484.0,30.0,3.0
2003,JAMMU & KASHMIR,CRIME JAMMU,1.0,0.0,0.0,0.0,0.0,34.0,35.0,2.0,0.12974069471942834,46.0,-11.0,1.0
2003,JAMMU & KASHMIR,CRIME SRINAGAR,1.0,0.0,0.0,0.0,0.0,80.0,81.0,2.0,0.06652161425379031,63.0,18.0,1.0
2003,JAMMU & KASHMIR,DODA,182.0,14.0,19.0,7.0,54.0,88.0,364.0,6.0,1.3283282920908812,372.0,-8.0,3.0
2003,JAMMU & KASHMIR,GANDERBAL,26.0,90.0,45.0,2.0,107.0,97.0,367.0,6.0,1.5290154259256363,316.0,51.0,2.0
2003,JAMMU & KASHMIR,HANDWARA,101.0,26.0,22.0,9.0,62.0,61.0,281.0,6.0,1.5626917691671895,255.0,26.0,2.0
2003,JAMMU & KASHMIR,JAMMU,103.0,32.0,57.0,10.0,70.0,694.0,966.0,6.0,0.9936290356525479,985.0,-19.0,3.0
2003,JAMMU & KASHMIR,KARGIL,0.0,1.0,6.0,0.0,8.0,11.0,26.0,4.0,1.1902912630372862,17.0,9.0,1.0
2003,JAMMU & KASHMIR,KATHUA,44.0,21.0,20.0,4.0,63.0,113.0,265.0,6.0,1.4623281306001248,235.0,30.0,2.0
2003,JAMMU & KASHMIR,KULGAM,51.0,28.0,50.0,11.0,54.0,81.0,275.0,6.0,1.6634679999612112,291.0,-16.0,2.0
2003,JAMMU & KASHMIR,KUPWARA,189.0,73.0,35.0,1.0,51.0,96.0,445.0,6.0,1.4530598083413246,404.0,41.0,3.0
2003,JAMMU & KASHMIR,LEH,1.0,5.0,1.0,0.0,6.0,6.0,19.0,5.0,1.3892651269081688,34.0,-15.0,1.0
2003,JAMMU & KASHMIR,POONCH,224.0,23.0,12.0,0.0,46.0,91.0,396.0,5.0,1.1815412776411294,356.0,40.0,3.0
2003,JAMMU & KASHMIR,PULWAMA,153.0,48.0,48.0,29.0,152.0,210.0,640.0,6.0,1.577927084620733,665.0,-25.0,4.0
2003,JAMMU & KASHMIR,RAJOURI,221.0,36.0,19.0,3.0,71.0,113.0,463.0,6.0,1.347044740750515,347.0,116.0,4.0
2003,JAMMU & KASHMIR,RAMBAN,148.0,18.0,10.0,0.0,43.0,43.0,262.0,5.0,1.2244392784221394,234.0,28.0,2.0
2003,JAMMU & KASHMIR,REASI,85.0,10.0,6.0,3.0,7.0,24.0,135.0,6.0,1.167554301514519,215.0,-80.0,2.0
2003,JAMMU & KASHMIR,SRINAGAR,153.0,272.0,114.0,53.0,172.0,956.0,1720.0,6.0,1.3506883643250323,1860.0,-140.0,5.0
2003,JAMMU & KASHMIR,UDHAMPUR,26.0,18.0,10.0,2.0,63.0,177.0,296.0,6.0,1.168922503817357,314.0,-18.0,2.0
2003,JHARKHAND,BOKARO,168.0,80.0,40.0,104.0,190.0,599.0,1181.0,6.0,1.4266518018277052,1211.0,-30.0,5.0
2003,JHARKHAND,CHAIBASA,205.0,55.0,21.0,24.0,48.0,149.0,502.0,6.0,1.4711214700081547,500.0,2.0,4.0
2003,JHARKHAND,CHATRA,40.0,16.0,7.0,52.0,135.0,108.0,358.0,6.0,1.4702399424101444,338.0,20.0,3.0
2003,JHARKHAND,DEOGHAR,100.0,67.0,8.0,44.0,191.0,228.0,638.0,6.0,1.4952562637799547,464.0,174.0,4.0
2003,JHARKHAND,DHANBAD,130.0,90.0,55.0,103.0,233.0,850.0,1461.0,6.0,1.3052983031901904,1428.0,33.0,5.0
2003,JHARKHAND,DHANBAD RLY.,10.0,1.0,4.0,74.0,20.0,134.0,243.0,6.0,1.117353525908324,327.0,-84.0,2.0
2003,JHARKHAND,DUMKA,202.0,72.0,19.0,18.0,35.0,150.0,496.0,6.0,1.4400566848760152,639.0,-143.0,4.0
2003,JHARKHAND,GARHWA,56.0,28.0,18.0,51.0,168.0,115.0,436.0,6.0,1.5414854470676882,371.0,65.0,3.0
2003,JHARKHAND,GIRIDIH,99.0,87.0,31.0,113.0,152.0,390.0,872.0,6.0,1.5247729494059048,686.0,186.0,4.0
2003,JHARKHAND,GODDA,67.0,76.0,25.0,24.0,124.0,202.0,518.0,6.0,1.5442217366203335,516.0,2.0,4.0
2003,JHARKHAND,GUMLA,167.0,45.0,14.0,65.0,46.0,113.0,450.0,6.0,1.5656940680441758,399.0,51.0,3.0
2003,JHARKHAND,HAZARIBAGH,134.0,97.0,36.0,205.0,299.0,603.0,1374.0,6.0,1.4867115137674825,1354.0,20.0,5.0
2003,JHARKHAND,JAMSHEDPUR,166.0,51.0,37.0,48.0,125.0,650.0,1077.0,6.0,1.2418177370741015,1425.0,-348.0,4.0
2003,JHARKHAND,JAMSHEDPUR RLY.,6.0,2.0,2.0,20.0,23.0,93.0,146.0,6.0,1.0994565474733284,144.0,2.0,1.0
2003,JHARKHAND,JAMTARA,26.0,41.0,12.0,9.0,36.0,64.0,188.0,6.0,1.6101862988067785,260.0,-72.0,2.0
2003,JHARKHAND,KODERMA,55.0,8.0,0.0,63.0,107.0,71.0,304.0,5.0,1.4384115769284305,338.0,-34.0,2.0
2003,JHARKHAND,LATEHAR,60.0,15.0,1.0,68.0,28.0,113.0,285.0,6.0,1.4394909328958974,198.0,87.0,2.0
2003,JHARKHAND,LOHARDAGGA,54.0,19.0,7.0,26.0,31.0,55.0,192.0,6.0,1.6296917851663004,180.0,12.0,2.0
2003,JHARKHAND,PAKUR,60.0,34.0,12.0,20.0,66.0,88.0,280.0,6.0,1.614027783574115,220.0,60.0,2.0
2003,JHARKHAND,PALAMU,95.0,17.0,14.0,82.0,201.0,154.0,563.0,6.0,1.5007117778148902,644.0,-81.0,4.0
2003,JHARKHAND,RANCHI,386.0,128.0,70.0,272.0,271.0,1070.0,2197.0,6.0,1.448123889313436,2228.0,-31.0,5.0
2003,JHARKHAND,SAHEBGANJ,107.0,40.0,16.0,17.0,33.0,109.0,322.0,6.0,1.5297826680657,408.0,-86.0,3.0
2003,JHARKHAND,SARAIKELA,102.0,45.0,26.0,37.0,33.0,211.0,454.0,6.0,1.4793563886957557,369.0,85.0,3.0
2003,JHARKHAND,SIMDEGA,53.0,22.0,12.0,27.0,33.0,48.0,195.0,6.0,1.6912699245961011,150.0,45.0,2.0
2003,KARNATAKA,BAGALKOT,84.0,56.0,16.0,8.0,197.0,220.0,581.0,6.0,1.3974625426829181,643.0,-62.0,3.0
2003,KARNATAKA,BANGALORE COMMR.,497.0,247.0,132.0,357.0,273.0,10857.0,12363.0,6.0,0.5564812890532281,12754.0,-391.0,5.0
2003,KARNATAKA,BELGAUM,149.0,56.0,28.0,54.0,261.0,640.0,1188.0,6.0,1.2993918044309904,1340.0,-152.0,4.0
2003,KARNATAKA,BELLARY,89.0,72.0,12.0,19.0,232.0,433.0,857.0,6.0,1.2861749963940494,1007.0,-150.0,4.0
2003,KARNATAKA,BIDAR,97.0,51.0,22.0,51.0,171.0,480.0,872.0,6.0,1.317305580489855,922.0,-50.0,4.0
2003,KARNATAKA,BIJAPUR,90.0,77.0,18.0,20.0,239.0,246.0,690.0,6.0,1.443092218349768,890.0,-200.0,4.0
2003,KARNATAKA,CHAMARAJNAGAR,41.0,43.0,2.0,8.0,95.0,218.0,407.0,6.0,1.2460414046211425,492.0,-85.0,2.0
2003,KARNATAKA,CHICKMAGALUR,59.0,61.0,14.0,20.0,160.0,536.0,850.0,6.0,1.135209074470168,794.0,56.0,3.0
2003,KARNATAKA,CHITRADURGA,62.0,62.0,15.0,15.0,331.0,357.0,842.0,6.0,1.2585127623138272,776.0,66.0,4.0
2003,KARNATAKA,DAKSHIN KANNADA,66.0,26.0,10.0,14.0,216.0,427.0,759.0,6.0,1.1398973159789514,701.0,58.0,3.0
2003,KARNATAKA,DAVANAGERE,51.0,72.0,14.0,44.0,277.0,579.0,1037.0,6.0,1.203546033616441,1032.0,5.0,4.0
2003,KARNATAKA,DHARWAD COMMR.,41.0,6.0,11.0,20.0,80.0,501.0,659.0,6.0,0.8543346233651254,708.0,-49.0,2.0
2003,KARNATAKA,GADAG,28.0,13.0,4.0,6.0,105.0,137.0,293.0,6.0,1.2240462411100823,347.0,-54.0,2.0
2003,KARNATAKA,GULBARGA,163.0,164.0,29.0,38.0,396.0,460.0,1250.0,6.0,1.4576640760140265,1268.0,-18.0,5.0
2003,KARNATAKA,HASSAN,120.0,94.0,20.0,48.0,225.0,650.0,1157.0,6.0,1.283528995096725,1113.0,44.0,4.0
2003,KARNATAKA,HAVERI,33.0,36.0,8.0,12.0,239.0,207.0,535.0,6.0,1.2288210972487712,576.0,-41.0,3.0
2003,KARNATAKA,K.G.F.,33.0,26.0,4.0,14.0,66.0,227.0,370.0,6.0,1.182237852886735,497.0,-127.0,2.0
2003,KARNATAKA,KODAGU,56.0,38.0,6.0,11.0,92.0,215.0,418.0,6.0,1.3190529667283912,422.0,-4.0,2.0
2003,KARNATAKA,KOLAR,122.0,46.0,32.0,23.0,298.0,555.0,1076.0,6.0,1.265402441781396,1173.0,-97.0,4.0
2003,KARNATAKA,KOPPAL,47.0,30.0,5.0,21.0,98.0,143.0,344.0,6.0,1.4395119639969955,472.0,-128.0,2.0
2003,KARNATAKA,MANDYA,116.0,78.0,8.0,27.0,299.0,518.0,1046.0,6.0,1.2751161376459874,1054.0,-8.0,4.0
2003,KARNATAKA,MYSORE COMMR.,48.0,22.0,9.0,52.0,47.0,516.0,694.0,6.0,0.947359128621241,611.0,83.0,2.0
2003,KARNATAKA,RAICHUR,71.0,73.0,16.0,13.0,226.0,334.0,733.0,6.0,1.3317683851521944,935.0,-202.0,3.0
2003,KARNATAKA,SHIMOGA,91.0,88.0,21.0,26.0,256.0,462.0,944.0,6.0,1.3338806773590628,1110.0,-166.0,4.0
2003,KARNATAKA,TUMKUR,127.0,91.0,24.0,25.0,227.0,705.0,1199.0,6.0,1.2198200794860146,1235.0,-36.0,4.0
2003,KARNATAKA,UDUPI,27.0,26.0,9.0,12.0,148.0,251.0,473.0,6.0,1.1912981144891335,503.0,-30.0,2.0
2003,KARNATAKA,UTTAR KANNADA,45.0,37.0,1.0,9.0,95.0,165.0,352.0,6.0,1.3188070167936259,405.0,-53.0,2.0
2003,KERALA,ALAPUZHA,60.0,134.0,12.0,43.0,412.0,508.0,1169.0,6.0,1.2989186004789963,1461.0,-292.0,4.0
2003,KERALA,CBCID,23.0,1.0,4.0,3.0,11.0,67.0,109.0,6.0,1.1220943521664728,109.0,0.0,1.0
2003,KERALA,ERNAKULAM COMMR.,56.0,88.0,11.0,92.0,236.0,1099.0,1582.0,6.0,1.0158506911087823,,,4.0
2003,KERALA,IDUKKI,42.0,107.0,0.0,17.0,250.0,405.0,821.0,5.0,1.2085999331454964,1034.0,-213.0,3.0
2003,KERALA,KANNUR,57.0,78.0,4.0,21.0,505.0,478.0,1143.0,6.0,1.1514437755183438,1378.0,-235.0,5.0
2003,KERALA,KASARGOD,52.0,86.0,9.0,22.0,408.0,383.0,960.0,6.0,1.2346302594337255,869.0,91.0,4.0
2003,KERALA,KOLLAM,155.0,370.0,24.0,36.0,770.0,756.0,2111.0,6.0,1.352914700266183,2322.0,-211.0,5.0
2003,KERALA,KOTTAYAM,51.0,166.0,15.0,49.0,330.0,991.0,1602.0,6.0,1.1176100581819424,1808.0,-206.0,4.0
2003,KERALA,KOZHIKODE COMMR.,46.0,60.0,7.0,27.0,414.0,1079.0,1633.0,6.0,0.9348519680013678,,,4.0
2003,KERALA,MALAPPURAM,60.0,99.0,11.0,16.0,455.0,874.0,1515.0,6.0,1.0685678265910674,1706.0,-191.0,5.0
2003,KERALA,PALAKKAD,118.0,187.0,12.0,46.0,504.0,739.0,1606.0,6.0,1.3014345945294956,1866.0,-260.0,5.0
2003,KERALA,PATHANAMTHITTA,68.0,107.0,0.0,26.0,243.0,346.0,790.0,5.0,1.3184741275753917,1008.0,-218.0,3.0
2003,KERALA,THRISSUR,107.0,186.0,20.0,112.0,660.0,1238.0,2323.0,6.0,1.223986702686697,2346.0,-23.0,5.0
2003,KERALA,TRIVANDRUM COMMR.,79.0,131.0,14.0,127.0,324.0,1072.0,1747.0,6.0,1.1756711718261137,,,5.0
2003,KERALA,WAYANADU,38.0,70.0,0.0,17.0,267.0,412.0,804.0,5.0,1.147006508498761,697.0,107.0,3.0
2003,MADHYA PRADESH,ANUPPUR,14.0,24.0,1.0,4.0,3.0,105.0,151.0,6.0,0.9727305280732809,,,1.0
2003,MADHYA PRADESH,ASHOK NAGAR,51.0,173.0,5.0,11.0,76.0,234.0,550.0,6.0,1.3423774317983852,,,2.0
2003,MADHYA PRADESH,BALAGHAT,82.0,195.0,7.0,14.0,49.0,351.0,698.0,6.0,1.2645669180954102,967.0,-269.0,3.0
2003,MADHYA PRADESH,BARWANI,69.0,126.0,9.0,18.0,45.0,227.0,494.0,6.0,1.3926366347199126,405.0,89.0,2.0
2003,MADHYA PRADESH,BETUL,120.0,308.0,24.0,12.0,33.0,446.0,943.0,6.0,1.2482296801468662,801.0,142.0,4.0
2003,MADHYA PRADESH,BHIND,165.0,119.0,28.0,43.0,128.0,485.0,968.0,6.0,1.4138662649418796,1075.0,-107.0,4.0
2003,MADHYA PRADESH,BHOPAL,165.0,345.0,55.0,98.0,112.0,2759.0,3534.0,6.0,0.8370718215221262,3274.0,260.0,5.0
2003,MADHYA PRADESH,BHOPAL RLY.,8.0,17.0,1.0,27.0,6.0,1126.0,1185.0,6.0,0.26205932110031227,1015.0,170.0,1.0
2003,MADHYA PRADESH,BURHANPUR,8.0,29.0,0.0,2.0,5.0,62.0,106.0,5.0,1.0822794035542134,,,1.0
2003,MADHYA PRADESH,CHHATARPUR,125.0,220.0,11.0,34.0,71.0,377.0,838.0,6.0,1.390305582420183,1027.0,-189.0,4.0
2003,MADHYA PRADESH,CHHINDWARA,84.0,269.0,14.0,10.0,46.0,374.0,797.0,6.0,1.2493267010840414,945.0,-148.0,3.0
2003,MADHYA PRADESH,DAMOH,97.0,228.0,18.0,19.0,25.0,270.0,657.0,6.0,1.3405689117661934,691.0,-34.0,3.0
2003,MADHYA PRADESH,DATIYA,94.0,96.0,13.0,32.0,29.0,250.0,514.0,6.0,1.4027060767663455,496.0,18.0,3.0
2003,MADHYA PRADESH,DEWAS,144.0,301.0,34.0,94.0,143.0,1434.0,2150.0,6.0,1.1091403924386065,2082.0,68.0,5.0
2003,MADHYA PRADESH,DHAR,173.0,282.0,27.0,51.0,184.0,814.0,1531.0,6.0,1.333028544691098,1679.0,-148.0,5.0
2003,MADHYA PRADESH,DINDORI,17.0,101.0,2.0,5.0,11.0,116.0,252.0,6.0,1.1583235591688295,227.0,25.0,2.0
2003,MADHYA PRADESH,GUNA,77.0,258.0,8.0,21.0,92.0,539.0,995.0,6.0,1.220463002759997,1696.0,-701.0,4.0
2003,MADHYA PRADESH,GWALIOR,236.0,233.0,81.0,122.0,160.0,2109.0,2941.0,6.0,1.0310999651708177,2857.0,84.0,5.0
2003,MADHYA PRADESH,HARDA,23.0,77.0,1.0,18.0,10.0,128.0,257.0,6.0,1.2584075992808752,260.0,-3.0,2.0
2003,MADHYA PRADESH,HOSHANGABAD,170.0,197.0,10.0,49.0,41.0,719.0,1186.0,6.0,1.1682735480790885,1210.0,-24.0,4.0
2003,MADHYA PRADESH,INDORE,225.0,317.0,61.0,168.0,176.0,4009.0,4956.0,6.0,0.7751734488063501,4965.0,-9.0,5.0
2003,MADHYA PRADESH,INDORE RLY.,7.0,3.0,0.0,4.0,3.0,119.0,136.0,5.0,0.5415231364702623,190.0,-54.0,1.0
2003,MADHYA PRADESH,JABALPUR,223.0,400.0,45.0,99.0,113.0,1896.0,2776.0,6.0,1.058139587039714,2431.0,345.0,5.0
2003,MADHYA PRADESH,JABALPUR RLY.,4.0,4.0,3.0,16.0,1.0,232.0,260.0,6.0,0.47456362510251276,232.0,28.0,1.0
2003,MADHYA PRADESH,JHABUA,235.0,148.0,37.0,23.0,93.0,377.0,913.0,6.0,1.4648207320666817,990.0,-77.0,4.0
2003,MADHYA PRADESH,KATNI,72.0,174.0,6.0,28.0,36.0,436.0,752.0,6.0,1.185892486692716,739.0,13.0,2.0
2003,MADHYA PRADESH,KHANDWA,61.0,210.0,20.0,11.0,43.0,479.0,824.0,6.0,1.1584380398952074,1223.0,-399.0,3.0
2003,MADHYA PRADESH,KHARGON,80.0,234.0,13.0,23.0,83.0,963.0,1396.0,6.0,0.9983912214385817,1198.0,198.0,3.0
2003,MADHYA PRADESH,MANDLA,53.0,182.0,2.0,5.0,24.0,226.0,492.0,6.0,1.181603972278046,464.0,28.0,2.0
2003,MADHYA PRADESH,MANDSAUR,57.0,171.0,12.0,36.0,73.0,701.0,1050.0,6.0,1.07557828122254,1007.0,43.0,3.0
2003,MADHYA PRADESH,MORENA,126.0,133.0,32.0,48.0,181.0,735.0,1255.0,6.0,1.2796383166470804,1519.0,-264.0,4.0
2003,MADHYA PRADESH,NARSINGHPUR,85.0,174.0,3.0,19.0,43.0,242.0,566.0,6.0,1.3481423272492732,764.0,-198.0,3.0
2003,MADHYA PRADESH,NEEMUCH,30.0,96.0,9.0,22.0,47.0,589.0,793.0,6.0,0.9181419322882615,743.0,50.0,2.0
2003,MADHYA PRADESH,PANNA,53.0,124.0,7.0,15.0,23.0,232.0,454.0,6.0,1.2763748482480402,455.0,-1.0,2.0
2003,MADHYA PRADESH,RAISEN,85.0,251.0,8.0,17.0,40.0,375.0,776.0,6.0,1.2424687036759887,935.0,-159.0,3.0
2003,MADHYA PRADESH,RAJGARH,80.0,251.0,9.0,36.0,156.0,561.0,1093.0,6.0,1.3013626532217402,1090.0,3.0,4.0
2003,MADHYA PRADESH,RATLAM,94.0,194.0,14.0,20.0,43.0,671.0,1036.0,6.0,1.0792118664872072,1071.0,-35.0,3.0
2003,MADHYA PRADESH,REWA,103.0,151.0,36.0,67.0,75.0,1139.0,1571.0,6.0,1.0032016106859938,1700.0,-129.0,4.0
2003,MADHYA PRADESH,SAGAR,168.0,509.0,30.0,32.0,138.0,972.0,1849.0,6.0,1.2418289443180819,2030.0,-181.0,5.0
2003,MADHYA PRADESH,SATNA,120.0,246.0,18.0,39.0,55.0,714.0,1192.0,6.0,1.1809298584368362,1348.0,-156.0,4.0
2003,MADHYA PRADESH,SEONI,53.0,140.0,1.0,13.0,33.0,215.0,455.0,6.0,1.2726673578379695,544.0,-89.0,2.0
2003,MADHYA PRADESH,SHAHDOL,89.0,289.0,12.0,31.0,57.0,663.0,1141.0,6.0,1.157824965403754,1356.0,-215.0,3.0
2003,MADHYA PRADESH,SHAJAPUR,85.0,237.0,13.0,46.0,134.0,844.0,1359.0,6.0,1.161282416528913,1609.0,-250.0,4.0
2003,MADHYA PRADESH,SHEOPUR,43.0,70.0,4.0,10.0,39.0,168.0,334.0,6.0,1.3458650856967542,436.0,-102.0,2.0
2003,MADHYA PRADESH,SHIVPURI,126.0,199.0,47.0,21.0,121.0,432.0,946.0,6.0,1.4510992297207088,1009.0,-63.0,4.0
2003,MADHYA PRADESH,SIDHI,68.0,159.0,26.0,18.0,50.0,676.0,997.0,6.0,1.0570404756668206,993.0,4.0,3.0
2003,MADHYA PRADESH,SIHORE,66.0,173.0,6.0,24.0,36.0,524.0,829.0,6.0,1.0928512384474482,1165.0,-336.0,3.0
2003,MADHYA PRADESH,TIKAMGARH,71.0,148.0,15.0,15.0,70.0,338.0,657.0,6.0,1.3292922780937366,866.0,-209.0,3.0
2003,MADHYA PRADESH,UJJAIN,205.0,231.0,40.0,81.0,135.0,1854.0,2546.0,6.0,0.982235583927503,3206.0,-660.0,5.0
2003,MADHYA PRADESH,UMARIYA,65.0,79.0,0.0,17.0,25.0,188.0,374.0,5.0,1.2996323632680018,350.0,24.0,2.0
2003,MADHYA PRADESH,VIDISHA,89.0,291.0,9.0,43.0,182.0,582.0,1196.0,6.0,1.330594664066106,1137.0,59.0,4.0
2003,MAHARASHTRA,AHMEDNAGAR,141.0,95.0,27.0,119.0,298.0,1194.0,1874.0,6.0,1.1615522524111135,2048.0,-174.0,5.0
2003,MAHARASHTRA,AKOLA,86.0,109.0,29.0,55.0,117.0,1110.0,1506.0,6.0,0.9738471905978261,1520.0,-14.0,4.0
2003,MAHARASHTRA,AMRAVATI COMMR.,58.0,71.0,15.0,41.0,105.0,1323.0,1613.0,6.0,0.7342891199580286,1364.0,249.0,3.0
2003,MAHARASHTRA,AURANGABAD COMMR.,55.0,33.0,19.0,66.0,137.0,867.0,1177.0,6.0,0.9470403281597931,1201.0,-24.0,3.0
2003,MAHARASHTRA,BEED,128.0,83.0,17.0,96.0,371.0,952.0,1647.0,6.0,1.2145853046722155,1355.0,292.0,5.0
2003,MAHARASHTRA,BHANDARA,38.0,95.0,7.0,15.0,103.0,617.0,875.0,6.0,0.983812484793213,887.0,-12.0,3.0
2003,MAHARASHTRA,BULDHANA,90.0,145.0,17.0,57.0,253.0,1050.0,1612.0,6.0,1.1137991190631975,1613.0,-1.0,4.0
2003,MAHARASHTRA,CHANDRAPUR,70.0,121.0,13.0,37.0,143.0,937.0,1321.0,6.0,1.0045283734397625,1223.0,98.0,3.0
2003,MAHARASHTRA,DHULE,47.0,25.0,5.0,5.0,64.0,356.0,502.0,6.0,0.9692633277698952,751.0,-249.0,2.0
2003,MAHARASHTRA,GADCHIROLI,90.0,87.0,17.0,16.0,72.0,273.0,555.0,6.0,1.408429944895777,536.0,19.0,3.0
2003,MAHARASHTRA,GONDIA,55.0,118.0,12.0,16.0,42.0,537.0,780.0,6.0,1.0309765979564725,804.0,-24.0,2.0
2003,MAHARASHTRA,HINGOLI,58.0,50.0,7.0,48.0,132.0,277.0,572.0,6.0,1.3964666706711275,546.0,26.0,3.0
2003,MAHARASHTRA,JALGAON,124.0,117.0,20.0,41.0,154.0,915.0,1371.0,6.0,1.109461554681848,1532.0,-161.0,4.0
2003,MAHARASHTRA,JALNA,79.0,61.0,15.0,50.0,174.0,534.0,913.0,6.0,1.2487418067554512,853.0,60.0,3.0
2003,MAHARASHTRA,KOLHAPUR,113.0,62.0,18.0,29.0,164.0,1134.0,1520.0,6.0,0.9105906971005547,1185.0,335.0,4.0
2003,MAHARASHTRA,LATUR,90.0,70.0,15.0,38.0,212.0,474.0,899.0,6.0,1.3093640966815783,832.0,67.0,4.0
2003,MAHARASHTRA,MUMBAI,365.0,415.0,150.0,269.0,138.0,13913.0,15250.0,6.0,0.4303802580831375,15626.0,-376.0,5.0
2003,MAHARASHTRA,MUMBAI RLY.,17.0,20.0,2.0,33.0,9.0,1638.0,1719.0,6.0,0.25470908827168387,1795.0,-76.0,1.0
2003,MAHARASHTRA,NAGPUR COMMR.,144.0,62.0,36.0,188.0,179.0,3298.0,3907.0,6.0,0.6608836580594365,4852.0,-945.0,5.0
2003,MAHARASHTRA,NAGPUR RLY.,10.0,6.0,2.0,13.0,4.0,948.0,983.0,6.0,0.20497301705899879,851.0,132.0,1.0
2003,MAHARASHTRA,NANDED,162.0,111.0,24.0,99.0,292.0,1030.0,1718.0,6.0,1.2316959455781236,1749.0,-31.0,5.0
2003,MAHARASHTRA,NANDURBAR,56.0,44.0,10.0,21.0,96.0,255.0,482.0,6.0,1.343743925063017,510.0,-28.0,2.0
2003,MAHARASHTRA,NASIK COMMR.,48.0,29.0,14.0,44.0,90.0,1206.0,1431.0,6.0,0.6633678547219245,1359.0,72.0,2.0
2003,MAHARASHTRA,NAVI MUMBAI,69.0,44.0,17.0,59.0,68.0,1297.0,1554.0,6.0,0.7006003592677406,1761.0,-207.0,3.0
2003,MAHARASHTRA,OSMANABAD,56.0,49.0,7.0,23.0,168.0,565.0,868.0,6.0,1.0715037953794362,875.0,-7.0,3.0
2003,MAHARASHTRA,PARBHANI,83.0,62.0,12.0,82.0,156.0,423.0,818.0,6.0,1.3772389511986622,830.0,-12.0,3.0
2003,MAHARASHTRA,PUNE COMMR.,168.0,101.0,46.0,108.0,538.0,4133.0,5094.0,6.0,0.7215071354662459,4787.0,307.0,5.0
2003,MAHARASHTRA,PUNE RLY.,0.0,4.0,0.0,4.0,3.0,195.0,206.0,4.0,0.2666086655133962,344.0,-138.0,1.0
2003,MAHARASHTRA,RAIGAD,73.0,67.0,19.0,43.0,143.0,492.0,837.0,6.0,1.267539481572635,888.0,-51.0,3.0
2003,MAHARASHTRA,RATNAGIRI,37.0,43.0,5.0,7.0,65.0,393.0,550.0,6.0,0.9716519539427834,524.0,26.0,2.0
2003,MAHARASHTRA,SANGLI,107.0,86.0,24.0,28.0,126.0,870.0,1241.0,6.0,1.039384158783434,1176.0,65.0,4.0
2003,MAHARASHTRA,SATARA,81.0,59.0,14.0,54.0,104.0,829.0,1141.0,6.0,0.9897425637395061,1127.0,14.0,3.0
2003,MAHARASHTRA,SINDHUDURG,19.0,24.0,8.0,12.0,48.0,216.0,327.0,6.0,1.1246701732007207,337.0,-10.0,2.0
2003,MAHARASHTRA,SOLAPUR COMMR.,39.0,34.0,15.0,54.0,76.0,646.0,864.0,6.0,0.9420435247388571,854.0,10.0,2.0
2003,MAHARASHTRA,THANE COMMR.,178.0,117.0,58.0,171.0,248.0,3447.0,4219.0,6.0,0.7535392286852474,3880.0,339.0,5.0
2003,MAHARASHTRA,WARDHA,77.0,106.0,15.0,33.0,101.0,1015.0,1347.0,6.0,0.9120837391033612,1367.0,-20.0,3.0
2003,MAHARASHTRA,WASHIM,52.0,75.0,13.0,32.0,108.0,451.0,731.0,6.0,1.2107388837399666,750.0,-19.0,3.0
2003,MAHARASHTRA,YAVATMAL,157.0,185.0,38.0,29.0,108.0,1044.0,1561.0,6.0,1.1020908487653627,1696.0,-135.0,4.0
2003,MANIPUR,BISHNUPUR,65.0,18.0,10.0,0.0,9.0,23.0,125.0,5.0,1.3220809110808271,112.0,13.0,1.0
2003,MANIPUR,CHANDEL,23.0,0.0,3.0,1.0,9.0,6.0,42.0,5.0,1.2153414791460093,41.0,1.0,1.0
2003,MANIPUR,CHURACHANDPUR,35.0,2.0,4.0,0.0,0.0,20.0,61.0,4.0,0.9750820702584136,73.0,-12.0,1.0
2003,MANIPUR,IMPHAL(EAST),58.0,5.0,18.0,1.0,23.0,63.0,168.0,6.0,1.381622130920933,167.0,1.0,2.0
2003,MANIPUR,IMPHAL(WEST),64.0,27.0,41.0,3.0,57.0,201.0,393.0,6.0,1.3755230645296672,439.0,-46.0,2.0
2003,MANIPUR,SENAPATI,32.0,0.0,7.0,2.0,9.0,9.0,59.0,5.0,1.2731093644794433,39.0,20.0,1.0
2003,MANIPUR,TAMENGLONG,6.0,0.0,0.0,0.0,1.0,5.0,12.0,3.0,0.9184277849930975,18.0,-6.0,1.0
2003,MANIPUR,THOUBAL,65.0,9.0,34.0,1.0,9.0,79.0,197.0,6.0,1.3442806164683816,173.0,24.0,2.0
2003,MANIPUR,UKHRUL,7.0,1.0,3.0,1.0,3.0,6.0,21.0,6.0,1.5700652191156048,15.0,6.0,1.0
2003,MEGHALAYA,GARO HILLS EAST,31.0,1.0,7.0,10.0,8.0,42.0,99.0,6.0,1.39594326817795,81.0,18.0,1.0
2003,MEGHALAYA,GARO HILLS SOUTH,11.0,4.0,3.0,3.0,0.0,10.0,31.0,5.0,1.4488404268331863,38.0,-7.0,1.0
2003,MEGHALAYA,GARO HILLS WEST,44.0,11.0,18.0,30.0,3.0,49.0,155.0,6.0,1.5534971397669484,130.0,25.0,2.0
2003,MEGHALAYA,JAINTIA HILLS,54.0,11.0,0.0,12.0,1.0,58.0,136.0,5.0,1.1839301730566314,121.0,15.0,1.0
2003,MEGHALAYA,KHASI HILLS EAST,67.0,17.0,14.0,117.0,5.0,341.0,561.0,6.0,1.1234476441145835,575.0,-14.0,2.0
2003,MEGHALAYA,KHASI HILLS WEST,26.0,6.0,2.0,17.0,0.0,19.0,70.0,5.0,1.3776905475041477,79.0,-9.0,1.0
2003,MEGHALAYA,RI-BHOI,19.0,3.0,5.0,27.0,4.0,47.0,105.0,6.0,1.3894167583546053,110.0,-5.0,1.0
2003,MIZORAM,AIZAWL,39.0,49.0,4.0,15.0,14.0,1027.0,1148.0,6.0,0.47929855729873416,950.0,198.0,2.0
2003,MIZORAM,CHAMPHAI,8.0,21.0,1.0,2.0,1.0,111.0,144.0,6.0,0.7704060062953093,127.0,17.0,1.0
2003,MIZORAM,KOLASIB,8.0,16.0,2.0,6.0,3.0,112.0,147.0,6.0,0.8754563043514008,154.0,-7.0,1.0
2003,MIZORAM,LAWNGTLAI,9.0,7.0,0.0,1.0,1.0,58.0,76.0,5.0,0.7925479869823113,45.0,31.0,1.0
2003,MIZORAM,LUNGLEI,8.0,21.0,0.0,2.0,4.0,275.0,310.0,5.0,0.4716883388032657,288.0,22.0,1.0
2003,MIZORAM,MAMIT,4.0,1.0,0.0,0.0,1.0,53.0,59.0,4.0,0.4170179716558547,44.0,15.0,1.0
2003,MIZORAM,SAIHA,7.0,15.0,1.0,0.0,2.0,138.0,163.0,5.0,0.5809316304218882,144.0,19.0,1.0
2003,MIZORAM,SERCHHIP,2.0,12.0,0.0,0.0,0.0,95.0,109.0,3.0,0.4360866082784348,60.0,49.0,1.0
2003,NAGALAND,DIMAPUR,20.0,2.0,12.0,56.0,0.0,96.0,186.0,5.0,1.1681287130049414,361.0,-175.0,1.0
2003,NAGALAND,KIPHIRE,1.0,1.0,1.0,1.0,0.0,4.0,8.0,5.0,1.3862943611198906,9.0,-1.0,1.0
2003,NAGALAND,KOHIMA,38.0,9.0,2.0,20.0,0.0,77.0,146.0,5.0,1.1906117410195556,115.0,31.0,1.0
2003,NAGALAND,MOKOKCHUNG,12.0,1.0,10.0,6.0,8.0,17.0,54.0,6.0,1.611290588690957,38.0,16.0,1.0
2003,NAGALAND,MON,14.0,2.0,1.0,10.0,0.0,32.0,59.0,5.0,1.1578341083927497,40.0,19.0,1.0
2003,NAGALAND,PEREN,6.0,1.0,4.0,2.0,0.0,8.0,21.0,5.0,1.410352868465972,22.0,-1.0,1.0
2003,NAGALAND,PHEK,14.0,2.0,6.0,8.0,1.0,13.0,44.0,6.0,1.5327458209287042,36.0,8.0,1.0
2003,NAGALAND,TUENSANG,10.0,0.0,0.0,3.0,4.0,22.0,39.0,4.0,1.1027975637115106,30.0,9.0,1.0
2003,NAGALAND,WOKHA,11.0,0.0,2.0,3.0,0.0,46.0,62.0,4.0,0.7855782001030809,62.0,0.0,1.0
2003,NAGALAND,ZUNHEBOTO,7.0,0.0,0.0,2.0,0.0,15.0,24.0,3.0,0.8602030628046025,29.0,-5.0,1.0
2003,ODISHA,ANGUL,93.0,131.0,9.0,33.0,102.0,277.0,645.0,6.0,1.469339543003661,551.0,94.0,3.0
2003,ODISHA,BALASORE,72.0,110.0,40.0,57.0,72.0,367.0,718.0,6.0,1.453670599629517,700.0,18.0,4.0
2003,ODISHA,BARAGARH,72.0,100.0,4.0,26.0,96.0,226.0,524.0,6.0,1.4486844270358281,472.0,52.0,3.0
2003,ODISHA,BERHAMPUR,46.0,59.0,6.0,54.0,33.0,245.0,443.0,6.0,1.3395270615335626,469.0,-26.0,2.0
2003,ODISHA,BHADRAK,62.0,74.0,21.0,26.0,67.0,160.0,410.0,6.0,1.5850087550952763,386.0,24.0,3.0
2003,ODISHA,BOLANGIR,72.0,120.0,4.0,26.0,110.0,253.0,585.0,6.0,1.4319963976228514,555.0,30.0,3.0
2003,ODISHA,BOUDH,20.0,43.0,6.0,9.0,24.0,69.0,171.0,6.0,1.5124327424508535,140.0,31.0,1.0
2003,ODISHA,CUTTACK,328.0,59.0,32.0,130.0,79.0,999.0,1627.0,6.0,1.1686783534365834,1690.0,-63.0,5.0
2003,ODISHA,DEOGARH,23.0,57.0,11.0,8.0,25.0,64.0,188.0,6.0,1.5544042898305632,151.0,37.0,1.0
2003,ODISHA,DHENKANAL,80.0,76.0,9.0,19.0,86.0,153.0,423.0,6.0,1.5363837726947311,485.0,-62.0,2.0
2003,ODISHA,GAJAPATI,18.0,25.0,5.0,3.0,21.0,47.0,119.0,6.0,1.5124552396277022,149.0,-30.0,1.0
2003,ODISHA,GANJAM,146.0,202.0,9.0,44.0,110.0,300.0,811.0,6.0,1.5017901387431367,902.0,-91.0,3.0
2003,ODISHA,JAGATSINGHPUR,56.0,22.0,23.0,32.0,25.0,243.0,401.0,6.0,1.2764343179188602,403.0,-2.0,2.0
2003,ODISHA,JAJPUR,46.0,35.0,22.0,29.0,53.0,308.0,493.0,6.0,1.2481655553647144,421.0,72.0,2.0
2003,ODISHA,JHARSUGUDA,33.0,53.0,8.0,17.0,38.0,160.0,309.0,6.0,1.3939676049363678,220.0,89.0,2.0
2003,ODISHA,KALAHANDI,34.0,40.0,9.0,27.0,51.0,206.0,367.0,6.0,1.3432919553590823,387.0,-20.0,2.0
2003,ODISHA,KANDHAMAL,30.0,119.0,24.0,8.0,24.0,155.0,360.0,6.0,1.381480069109156,367.0,-7.0,2.0
2003,ODISHA,KENDRAPARA,67.0,24.0,16.0,10.0,13.0,177.0,307.0,6.0,1.2483532452227342,288.0,19.0,2.0
2003,ODISHA,KEONJHAR,113.0,121.0,25.0,37.0,94.0,242.0,632.0,6.0,1.5692153796143575,791.0,-159.0,4.0
2003,ODISHA,KHURDA,174.0,96.0,47.0,179.0,135.0,1757.0,2388.0,6.0,0.9797403329697683,2173.0,215.0,5.0
2003,ODISHA,KORAPUT,68.0,120.0,23.0,28.0,68.0,296.0,603.0,6.0,1.4299162866625188,572.0,31.0,3.0
2003,ODISHA,MALKANGIR,56.0,33.0,5.0,5.0,8.0,72.0,179.0,6.0,1.3803784525642304,220.0,-41.0,2.0
2003,ODISHA,MAYURBHANJ,126.0,190.0,28.0,40.0,53.0,330.0,767.0,6.0,1.4647957377087453,757.0,10.0,4.0
2003,ODISHA,NAYAGARH,64.0,25.0,18.0,21.0,31.0,160.0,319.0,6.0,1.435775774987043,317.0,2.0,2.0
2003,ODISHA,NOWRANGPUR,44.0,70.0,16.0,12.0,61.0,126.0,329.0,6.0,1.546166759337988,360.0,-31.0,2.0
2003,ODISHA,NUAPADA,16.0,27.0,4.0,8.0,24.0,77.0,156.0,6.0,1.4198814295126398,174.0,-18.0,1.0
2003,ODISHA,PURI,174.0,46.0,19.0,46.0,75.0,391.0,751.0,6.0,1.3438673886296626,755.0,-4.0,4.0
2003,ODISHA,RAYAGADA,45.0,58.0,5.0,13.0,62.0,134.0,317.0,6.0,1.4674509760011134,341.0,-24.0,2.0
2003,ODISHA,ROURKELA,35.0,41.0,4.0,18.0,9.0,329.0,436.0,6.0,0.8919919516713968,494.0,-58.0,1.0
2003,ODISHA,SAMBALPUR,78.0,83.0,10.0,48.0,37.0,411.0,667.0,6.0,1.2214162343590815,704.0,-37.0,2.0
2003,ODISHA,SONEPUR,14.0,48.0,2.0,2.0,21.0,83.0,170.0,6.0,1.2755879576400166,204.0,-34.0,1.0
2003,ODISHA,SRP(CUTTACK),9.0,10.0,3.0,10.0,1.0,347.0,380.0,6.0,0.41691267755340156,311.0,69.0,1.0
2003,ODISHA,SRP(ROURKELA),6.0,4.0,1.0,7.0,1.0,96.0,115.0,6.0,0.6745448963271861,191.0,-76.0,1.0
2003,ODISHA,SUNDARGARH,126.0,73.0,9.0,21.0,36.0,251.0,516.0,6.0,1.3581602124303334,609.0,-93.0,3.0
2003,PUNJAB,AMRITSAR,83.0,20.0,38.0,16.0,2.0,490.0,649.0,6.0,0.8576930471416154,545.0,104.0,2.0
2003,PUNJAB,BARNALA,42.0,27.0,12.0,3.0,0.0,173.0,257.0,5.0,0.994197167145825,218.0,39.0,1.0
2003,PUNJAB,BATALA,61.0,19.0,12.0,1.0,4.0,189.0,286.0,6.0,0.9959852045018726,255.0,31.0,2.0
2003,PUNJAB,BHATINDA,77.0,35.0,16.0,0.0,4.0,519.0,651.0,5.0,0.712680284300312,533.0,118.0,2.0
2003,PUNJAB,FARIDKOT,22.0,18.0,7.0,2.0,3.0,205.0,257.0,6.0,0.7648341642341342,212.0,45.0,1.0
2003,PUNJAB,FATEHGARH SAHIB,18.0,11.0,8.0,3.0,0.0,146.0,186.0,5.0,0.7852011059079693,173.0,13.0,1.0
2003,PUNJAB,FEROZEPUR,121.0,62.0,20.0,7.0,6.0,580.0,796.0,6.0,0.8868656917824403,601.0,195.0,2.0
2003,PUNJAB,G.R.P,14.0,4.0,1.0,2.0,1.0,31.0,53.0,6.0,1.1338413897926385,51.0,2.0,1.0
2003,PUNJAB,GURDASPUR,46.0,19.0,5.0,3.0,1.0,118.0,192.0,6.0,1.0577784087059898,277.0,-85.0,1.0
2003,PUNJAB,HOSHIARPUR,62.0,43.0,27.0,14.0,10.0,322.0,478.0,6.0,1.0943392190195118,532.0,-54.0,2.0
2003,PUNJAB,JAGRAON,53.0,21.0,10.0,4.0,4.0,165.0,257.0,6.0,1.070641642782575,271.0,-14.0,2.0
2003,PUNJAB,JALANDHAR,149.0,60.0,64.0,12.0,4.0,1153.0,1442.0,6.0,0.7401021890193887,1048.0,394.0,4.0
2003,PUNJAB,KAPURTHALA,39.0,14.0,11.0,4.0,1.0,355.0,424.0,6.0,0.6338147110746368,427.0,-3.0,1.0
2003,PUNJAB,KHANNA,33.0,14.0,10.0,4.0,1.0,151.0,213.0,6.0,0.9551333118292324,230.0,-17.0,1.0
2003,PUNJAB,LUDHIANA,135.0,110.0,85.0,14.0,9.0,1506.0,1859.0,6.0,0.7320252933004718,1970.0,-111.0,4.0
2003,PUNJAB,MAJITHA,65.0,27.0,12.0,0.0,3.0,158.0,265.0,5.0,1.0766071852048849,240.0,25.0,2.0
2003,PUNJAB,MANSA,41.0,19.0,7.0,4.0,1.0,144.0,216.0,6.0,1.0094429495089343,212.0,4.0,1.0
2003,PUNJAB,MOGA,58.0,25.0,14.0,9.0,1.0,284.0,391.0,6.0,0.912420865146953,330.0,61.0,2.0
2003,PUNJAB,MUKTSAR,43.0,21.0,6.0,6.0,0.0,144.0,220.0,5.0,1.0171693420946533,220.0,0.0,1.0
2003,PUNJAB,NAWAN SHAHR,40.0,19.0,15.0,4.0,9.0,230.0,317.0,6.0,0.9633222424006451,273.0,44.0,2.0
2003,PUNJAB,PATIALA,88.0,61.0,36.0,9.0,0.0,818.0,1012.0,5.0,0.7143834153512181,1034.0,-22.0,3.0
2003,PUNJAB,ROPAR,40.0,24.0,19.0,4.0,3.0,355.0,445.0,6.0,0.7650054276239323,446.0,-1.0,2.0
2003,PUNJAB,SANGRUR,77.0,33.0,18.0,11.0,4.0,405.0,548.0,6.0,0.8949965528665037,595.0,-47.0,2.0
2003,PUNJAB,TARN TARAN,57.0,20.0,11.0,2.0,0.0,117.0,207.0,5.0,1.104187100169289,248.0,-41.0,2.0
2003,RAJASTHAN,AJMER,111.0,111.0,100.0,49.0,72.0,1455.0,1898.0,6.0,0.9094256341789028,2109.0,-211.0,4.0
2003,RAJASTHAN,ALWAR,214.0,164.0,81.0,42.0,51.0,1691.0,2243.0,6.0,0.908845063218089,2238.0,5.0,5.0
2003,RAJASTHAN,BANSWARA,61.0,142.0,54.0,16.0,290.0,272.0,835.0,6.0,1.4779695264543045,897.0,-62.0,4.0
2003,RAJASTHAN,BARAN,117.0,225.0,66.0,18.0,68.0,708.0,1202.0,6.0,1.236935303306188,1354.0,-152.0,4.0
2003,RAJASTHAN,BARMER,34.0,88.0,26.0,12.0,44.0,409.0,613.0,6.0,1.1091559147111614,624.0,-11.0,2.0
2003,RAJASTHAN,BHARATPUR,186.0,96.0,105.0,41.0,44.0,1287.0,1759.0,6.0,0.9730112545376702,1701.0,58.0,5.0
2003,RAJASTHAN,BHILWARA,80.0,153.0,148.0,49.0,182.0,1371.0,1983.0,6.0,1.0866811372946963,2246.0,-263.0,5.0
2003,RAJASTHAN,BIKANER,138.0,77.0,41.0,12.0,18.0,708.0,994.0,6.0,0.9714087654653818,926.0,68.0,3.0
2003,RAJASTHAN,BUNDI,131.0,194.0,69.0,22.0,88.0,637.0,1141.0,6.0,1.3185915284227412,1340.0,-199.0,4.0
2003,RAJASTHAN,CHITTORGARH,104.0,177.0,191.0,41.0,287.0,1269.0,2069.0,6.0,1.2321326540043045,2182.0,-113.0,5.0
2003,RAJASTHAN,CHURU,64.0,98.0,29.0,3.0,86.0,585.0,865.0,6.0,1.0668803227829953,840.0,25.0,3.0
2003,RAJASTHAN,DAUSA,50.0,37.0,40.0,7.0,99.0,629.0,862.0,6.0,0.960349136237835,897.0,-35.0,3.0
2003,RAJASTHAN,DHOLPUR,108.0,56.0,32.0,18.0,86.0,355.0,655.0,6.0,1.3522752501636786,1010.0,-355.0,3.0
2003,RAJASTHAN,DUNGARPUR,52.0,65.0,29.0,9.0,129.0,160.0,444.0,6.0,1.5166127228485482,627.0,-183.0,3.0
2003,RAJASTHAN,G.R.P.,14.0,12.0,3.0,14.0,2.0,546.0,591.0,6.0,0.37568306138152013,595.0,-4.0,1.0
2003,RAJASTHAN,GANGANAGAR,202.0,144.0,51.0,11.0,19.0,1196.0,1623.0,6.0,0.8938762652579537,1569.0,54.0,4.0
2003,RAJASTHAN,HANUMANGARH,152.0,149.0,32.0,16.0,51.0,802.0,1202.0,6.0,1.0783752116194287,1182.0,20.0,4.0
2003,RAJASTHAN,JAIPUR,213.0,245.0,226.0,55.0,1513.0,5714.0,7966.0,6.0,0.8931661203909951,9193.0,-1227.0,5.0
2003,RAJASTHAN,JAISALMER,3.0,19.0,10.0,3.0,21.0,178.0,234.0,6.0,0.8747471477923402,312.0,-78.0,1.0
2003,RAJASTHAN,JALORE,44.0,78.0,36.0,8.0,38.0,310.0,514.0,6.0,1.2450724234703354,628.0,-114.0,2.0
2003,RAJASTHAN,JHALAWAR,120.0,191.0,69.0,32.0,184.0,558.0,1154.0,6.0,1.4450270449827949,1235.0,-81.0,4.0
2003,RAJASTHAN,JHUNJHUNU,51.0,77.0,47.0,6.0,107.0,536.0,824.0,6.0,1.1377236676900673,1114.0,-290.0,3.0
2003,RAJASTHAN,JODHPUR,112.0,130.0,96.0,25.0,147.0,1972.0,2482.0,6.0,0.8165496854486876,2451.0,31.0,4.0
2003,RAJASTHAN,KARAULI,55.0,114.0,76.0,11.0,49.0,403.0,708.0,6.0,1.3023972586100538,690.0,18.0,3.0
2003,RAJASTHAN,KOTA,327.0,181.0,134.0,41.0,78.0,1714.0,2475.0,6.0,1.0479019073628133,2799.0,-324.0,5.0
2003,RAJASTHAN,NAGAUR,75.0,147.0,40.0,12.0,38.0,854.0,1166.0,6.0,0.9400232431550757,1339.0,-173.0,3.0
2003,RAJASTHAN,PALI,96.0,211.0,80.0,30.0,114.0,771.0,1302.0,6.0,1.268959507943294,1309.0,-7.0,4.0
2003,RAJASTHAN,RAJSAMAND,24.0,44.0,58.0,8.0,139.0,362.0,635.0,6.0,1.23537941755099,747.0,-112.0,3.0
2003,RAJASTHAN,SAWAI MADHOPUR,57.0,77.0,42.0,13.0,32.0,581.0,802.0,6.0,0.9962393510276665,859.0,-57.0,2.0
2003,RAJASTHAN,SIKAR,54.0,59.0,41.0,4.0,188.0,655.0,1001.0,6.0,1.0689259598972536,1553.0,-552.0,3.0
2003,RAJASTHAN,SIROHI,56.0,48.0,35.0,10.0,44.0,334.0,527.0,6.0,1.2081382869978359,680.0,-153.0,2.0
2003,RAJASTHAN,TONK,52.0,56.0,60.0,13.0,192.0,595.0,968.0,6.0,1.1722129435196427,926.0,42.0,4.0
2003,RAJASTHAN,UDAIPUR,143.0,100.0,91.0,40.0,336.0,1038.0,1748.0,6.0,1.2352438331727924,1870.0,-122.0,5.0
2003,SIKKIM,EAST,12.0,16.0,0.0,3.0,6.0,91.0,128.0,5.0,0.9558200441719726,164.0,-36.0,1.0
2003,SIKKIM,NORTH,1.0,2.0,0.0,0.0,0.0,5.0,8.0,3.0,0.9002560512685369,21.0,-13.0,1.0
2003,SIKKIM,SOUTH,5.0,7.0,0.0,1.0,2.0,28.0,43.0,5.0,1.055233109842788,35.0,8.0,1.0
2003,SIKKIM,WEST,6.0,10.0,0.0,1.0,4.0,8.0,29.0,5.0,1.4377400533234728,35.0,-6.0,1.0
2003,TAMIL NADU,CHENGAI,159.0,117.0,39.0,29.0,99.0,1758.0,2201.0,6.0,0.7933349322710016,2552.0,-351.0,4.0
2003,TAMIL NADU,CHENNAI,354.0,128.0,34.0,80.0,44.0,5074.0,5714.0,6.0,0.49062262529995027,4701.0,1013.0,5.0
2003,TAMIL NADU,CHENNAI RLY.,1.0,4.0,0.0,17.0,3.0,203.0,228.0,5.0,0.44870328288021977,368.0,-140.0,1.0
2003,TAMIL NADU,CUDDALORE,151.0,92.0,21.0,24.0,172.0,631.0,1091.0,6.0,1.2501743516960155,1403.0,-312.0,4.0
2003,TAMIL NADU,DHARMAPURI,150.0,114.0,41.0,26.0,428.0,539.0,1298.0,6.0,1.3812530079082537,1421.0,-123.0,5.0
2003,TAMIL NADU,DINDIGUL,97.0,69.0,23.0,26.0,83.0,647.0,945.0,6.0,1.087058987095681,1031.0,-86.0,3.0
2003,TAMIL NADU,ERODE,73.0,71.0,46.0,25.0,66.0,915.0,1196.0,6.0,0.9092496878259487,1233.0,-37.0,3.0
2003,TAMIL NADU,KANCHIPURAM,110.0,88.0,16.0,6.0,79.0,633.0,932.0,6.0,1.049237735453176,1099.0,-167.0,3.0
2003,TAMIL NADU,KANYAKUMARI,77.0,33.0,9.0,11.0,48.0,475.0,653.0,6.0,0.9541624024035844,803.0,-150.0,2.0
2003,TAMIL NADU,KARUR,40.0,8.0,13.0,6.0,25.0,372.0,464.0,6.0,0.772242271252807,485.0,-21.0,1.0
2003,TAMIL NADU,NAGAPATTINAM,98.0,55.0,24.0,7.0,67.0,358.0,609.0,6.0,1.245036632734716,845.0,-236.0,2.0
2003,TAMIL NADU,NAMAKKAL,55.0,61.0,22.0,9.0,81.0,333.0,561.0,6.0,1.251278094891284,517.0,44.0,2.0
2003,TAMIL NADU,NILGIRIS,35.0,48.0,3.0,3.0,26.0,250.0,365.0,6.0,1.0179186032760887,325.0,40.0,1.0
2003,TAMIL NADU,PERAMBALUR,88.0,78.0,36.0,1.0,74.0,283.0,560.0,6.0,1.3654405357462753,689.0,-129.0,3.0
2003,TAMIL NADU,PUDUKOTTAI,53.0,60.0,21.0,8.0,185.0,280.0,607.0,6.0,1.3341242355337997,667.0,-60.0,3.0
2003,TAMIL NADU,RAMNATHAPURAM,49.0,59.0,15.0,5.0,183.0,304.0,615.0,6.0,1.2651113189056509,733.0,-118.0,3.0
2003,TAMIL NADU,SIVAGANGAI,58.0,21.0,25.0,3.0,55.0,337.0,499.0,6.0,1.0723662740919488,742.0,-243.0,2.0
2003,TAMIL NADU,THANJAVUR,138.0,114.0,53.0,10.0,120.0,624.0,1059.0,6.0,1.2578133078174234,1175.0,-116.0,4.0
2003,TAMIL NADU,THENI,82.0,59.0,7.0,16.0,123.0,372.0,659.0,6.0,1.2500017324300523,653.0,6.0,3.0
2003,TAMIL NADU,THIRUVALLUR,72.0,84.0,23.0,11.0,164.0,385.0,739.0,6.0,1.3184527727707833,753.0,-14.0,3.0
2003,TAMIL NADU,THIRUVANNAMALAI,56.0,62.0,26.0,10.0,179.0,533.0,866.0,6.0,1.1472193591417037,1228.0,-362.0,3.0
2003,TAMIL NADU,THIRUVARUR,54.0,80.0,11.0,5.0,100.0,329.0,579.0,6.0,1.2355488930273124,482.0,97.0,2.0
2003,TAMIL NADU,THOOTHUGUDI,181.0,97.0,35.0,23.0,245.0,780.0,1361.0,6.0,1.2473592821304242,1259.0,102.0,4.0
2003,TAMIL NADU,TRICHY RLY.,1.0,0.0,0.0,0.0,4.0,52.0,57.0,3.0,0.3411240606290452,93.0,-36.0,1.0
2003,TAMIL NADU,VELLORE,117.0,63.0,42.0,5.0,108.0,822.0,1157.0,6.0,0.9983204472198896,1796.0,-639.0,3.0
2003,TAMIL NADU,VILLUPURAM,134.0,139.0,52.0,16.0,356.0,611.0,1308.0,6.0,1.3634654761625367,1427.0,-119.0,5.0
2003,TAMIL NADU,VIRUDHUNAGAR,90.0,104.0,21.0,15.0,88.0,704.0,1022.0,6.0,1.0561969562250042,984.0,38.0,3.0
2003,TRIPURA,DHALAI,62.0,13.0,36.0,18.0,47.0,33.0,209.0,6.0,1.6743833727537432,152.0,57.0,2.0
2003,TRIPURA,NORTH,55.0,74.0,35.0,35.0,40.0,87.0,326.0,6.0,1.7259535443217393,273.0,53.0,3.0
2003,TRIPURA,SOUTH,58.0,91.0,18.0,18.0,107.0,108.0,400.0,6.0,1.6021891700934137,330.0,70.0,3.0
2003,TRIPURA,WEST,166.0,63.0,57.0,34.0,163.0,243.0,726.0,6.0,1.594364265242665,648.0,78.0,4.0
2003,UTTAR PRADESH,AGRA,276.0,86.0,99.0,82.0,152.0,1132.0,1827.0,6.0,1.230116766589707,2809.0,-982.0,5.0
2003,UTTAR PRADESH,ALIGARH,365.0,51.0,92.0,94.0,176.0,675.0,1453.0,6.0,1.428325684620445,2007.0,-554.0,5.0
2003,UTTAR PRADESH,ALLAHABAD,255.0,33.0,57.0,57.0,98.0,679.0,1179.0,6.0,1.2487210043550112,2100.0,-921.0,5.0
2003,UTTAR PRADESH,AMBEDKAR NAGAR,48.0,13.0,15.0,10.0,11.0,112.0,209.0,6.0,1.3344045117596197,437.0,-228.0,2.0
2003,UTTAR PRADESH,AURAIYA,65.0,15.0,24.0,8.0,8.0,117.0,237.0,6.0,1.338631311910173,400.0,-163.0,2.0
2003,UTTAR PRADESH,AZAMGARH,172.0,24.0,26.0,79.0,54.0,283.0,638.0,6.0,1.4354451127786065,909.0,-271.0,4.0
2003,UTTAR PRADESH,BADAUN,353.0,60.0,73.0,56.0,48.0,307.0,897.0,6.0,1.4488807909900903,1236.0,-339.0,5.0
2003,UTTAR PRADESH,BAGHPAT,118.0,21.0,17.0,35.0,16.0,127.0,334.0,6.0,1.4427255875386673,561.0,-227.0,2.0
2003,UTTAR PRADESH,BAHRAICH,86.0,13.0,12.0,15.0,19.0,124.0,269.0,6.0,1.3548708715052675,467.0,-198.0,2.0
2003,UTTAR PRADESH,BALLIA,100.0,10.0,5.0,9.0,44.0,136.0,304.0,6.0,1.289427409829075,466.0,-162.0,2.0
2003,UTTAR PRADESH,BALRAMPUR,26.0,4.0,7.0,2.0,6.0,60.0,105.0,6.0,1.2094405083838136,225.0,-120.0,1.0
2003,UTTAR PRADESH,BANDA,84.0,25.0,10.0,9.0,25.0,142.0,295.0,6.0,1.349142418537807,566.0,-271.0,2.0
2003,UTTAR PRADESH,BARABANKI,103.0,23.0,26.0,37.0,17.0,243.0,449.0,6.0,1.316852546782061,827.0,-378.0,3.0
2003,UTTAR PRADESH,BAREILLY,356.0,59.0,70.0,60.0,50.0,571.0,1166.0,6.0,1.3194254655077529,2131.0,-965.0,5.0
2003,UTTAR PRADESH,BASTI,95.0,14.0,11.0,21.0,38.0,152.0,331.0,6.0,1.3860004305194327,561.0,-230.0,2.0
2003,UTTAR PRADESH,BIJNOR,133.0,43.0,33.0,32.0,33.0,261.0,535.0,6.0,1.4109379370157855,924.0,-389.0,3.0
2003,UTTAR PRADESH,BULANDSHAHAR,271.0,39.0,36.0,44.0,34.0,453.0,877.0,6.0,1.2497572534724766,1562.0,-685.0,4.0
2003,UTTAR PRADESH,CHANDOLI,51.0,8.0,5.0,7.0,5.0,98.0,174.0,6.0,1.1578989619741638,286.0,-112.0,1.0
2003,UTTAR PRADESH,CHITRAKOOT DHAM,44.0,17.0,13.0,3.0,8.0,34.0,119.0,6.0,1.5199559349203389,171.0,-52.0,2.0
2003,UTTAR PRADESH,DEORIA,103.0,10.0,14.0,17.0,68.0,141.0,353.0,6.0,1.4182639926940355,471.0,-118.0,3.0
2003,UTTAR PRADESH,ETAH,304.0,37.0,55.0,49.0,33.0,244.0,722.0,6.0,1.4028330332273562,1359.0,-637.0,4.0
2003,UTTAR PRADESH,ETAWAH,97.0,14.0,30.0,21.0,21.0,195.0,378.0,6.0,1.3348028059803791,590.0,-212.0,2.0
2003,UTTAR PRADESH,FAIZABAD,72.0,16.0,11.0,9.0,15.0,135.0,258.0,6.0,1.28448633907851,602.0,-344.0,2.0
2003,UTTAR PRADESH,FATEHGARH,132.0,16.0,17.0,13.0,4.0,136.0,318.0,6.0,1.2209618112777374,477.0,-159.0,2.0
2003,UTTAR PRADESH,FATEHPUR,139.0,7.0,20.0,15.0,13.0,139.0,333.0,6.0,1.2457254792046708,488.0,-155.0,2.0
2003,UTTAR PRADESH,FIROZABAD,209.0,45.0,63.0,52.0,52.0,288.0,709.0,6.0,1.499360288909282,1046.0,-337.0,4.0
2003,UTTAR PRADESH,G.R.P.,35.0,9.0,3.0,61.0,8.0,2549.0,2665.0,6.0,0.23021927918272586,3058.0,-393.0,2.0
2003,UTTAR PRADESH,GAUTAMBUDH NAGAR,119.0,23.0,27.0,30.0,29.0,527.0,755.0,6.0,1.020993447752959,1194.0,-439.0,3.0
2003,UTTAR PRADESH,GHAZIABAD,326.0,33.0,73.0,55.0,30.0,1225.0,1742.0,6.0,0.9483466589368527,2733.0,-991.0,5.0
2003,UTTAR PRADESH,GHAZIPUR,103.0,5.0,8.0,12.0,27.0,130.0,285.0,6.0,1.2537321226473863,377.0,-92.0,2.0
2003,UTTAR PRADESH,GONDA,64.0,8.0,10.0,15.0,27.0,125.0,249.0,6.0,1.3448526307625557,586.0,-337.0,2.0
2003,UTTAR PRADESH,GORAKHPUR,185.0,35.0,37.0,43.0,78.0,467.0,845.0,6.0,1.3006412080110883,1041.0,-196.0,4.0
2003,UTTAR PRADESH,HAMIRPUR,75.0,25.0,7.0,4.0,7.0,68.0,186.0,6.0,1.3332845897338599,341.0,-155.0,2.0
2003,UTTAR PRADESH,HARDOI,200.0,54.0,38.0,36.0,36.0,247.0,611.0,6.0,1.4525287617744906,773.0,-162.0,4.0
2003,UTTAR PRADESH,HATHRAS,137.0,40.0,38.0,71.0,75.0,264.0,625.0,6.0,1.5444183983949658,815.0,-190.0,4.0
2003,UTTAR PRADESH,J.P.NAGAR,101.0,10.0,20.0,25.0,22.0,169.0,347.0,6.0,1.3406925579884303,487.0,-140.0,2.0
2003,UTTAR PRADESH,JALAUN,104.0,17.0,23.0,14.0,10.0,116.0,284.0,6.0,1.371908171122751,420.0,-136.0,2.0
2003,UTTAR PRADESH,JAUNPUR,96.0,10.0,16.0,24.0,24.0,221.0,391.0,6.0,1.234423064438527,533.0,-142.0,2.0
2003,UTTAR PRADESH,JHANSI,91.0,8.0,20.0,22.0,35.0,221.0,397.0,6.0,1.2673809505637958,553.0,-156.0,2.0
2003,UTTAR PRADESH,KANNAUJ,118.0,18.0,29.0,13.0,12.0,116.0,306.0,6.0,1.3863343176011345,352.0,-46.0,2.0
2003,UTTAR PRADESH,KANPUR DEHAT,86.0,21.0,26.0,21.0,25.0,151.0,330.0,6.0,1.4544397125468818,532.0,-202.0,2.0
2003,UTTAR PRADESH,KANPUR NAGAR,332.0,64.0,84.0,74.0,68.0,1185.0,1807.0,6.0,1.1032282311308257,2757.0,-950.0,5.0
2003,UTTAR PRADESH,KAUSHAMBI,86.0,24.0,8.0,11.0,15.0,96.0,240.0,6.0,1.3924817602677475,406.0,-166.0,2.0
2003,UTTAR PRADESH,KHIRI,219.0,58.0,48.0,36.0,37.0,298.0,696.0,6.0,1.4277138047367879,1019.0,-323.0,4.0
2003,UTTAR PRADESH,KUSHI NAGAR,72.0,16.0,18.0,9.0,44.0,150.0,309.0,6.0,1.389707843337903,450.0,-141.0,2.0
2003,UTTAR PRADESH,LALITPUR,25.0,9.0,5.0,2.0,11.0,43.0,95.0,6.0,1.4192573787939446,187.0,-92.0,1.0
2003,UTTAR PRADESH,LUCKNOW,310.0,101.0,118.0,124.0,116.0,2641.0,3410.0,6.0,0.8720787879354646,4522.0,-1112.0,5.0
2003,UTTAR PRADESH,MAHARAJGANJ,68.0,11.0,13.0,13.0,34.0,95.0,234.0,6.0,1.4702500991792478,266.0,-32.0,2.0
2003,UTTAR PRADESH,MAHOBA,61.0,15.0,7.0,10.0,13.0,73.0,179.0,6.0,1.4187871379342447,264.0,-85.0,2.0
2003,UTTAR PRADESH,MAINPURI,224.0,17.0,30.0,40.0,29.0,172.0,512.0,6.0,1.369213157929296,825.0,-313.0,4.0
2003,UTTAR PRADESH,MATHURA,216.0,37.0,36.0,50.0,62.0,440.0,841.0,6.0,1.3204000516523131,1197.0,-356.0,4.0
2003,UTTAR PRADESH,MAU,106.0,15.0,11.0,31.0,35.0,180.0,378.0,6.0,1.366256196559796,486.0,-108.0,2.0
2003,UTTAR PRADESH,MEERUT,353.0,71.0,85.0,96.0,96.0,975.0,1676.0,6.0,1.2559849474180487,2146.0,-470.0,5.0
2003,UTTAR PRADESH,MIRZAPUR,69.0,12.0,11.0,17.0,8.0,138.0,255.0,6.0,1.2545567045720043,367.0,-112.0,2.0
2003,UTTAR PRADESH,MORADABAD,276.0,68.0,63.0,63.0,41.0,536.0,1047.0,6.0,1.3369272829965462,1496.0,-449.0,5.0
2003,UTTAR PRADESH,MUZAFFARNAGAR,339.0,55.0,74.0,107.0,66.0,469.0,1110.0,6.0,1.4489974788565239,1660.0,-550.0,5.0
2003,UTTAR PRADESH,PILIBHIT,139.0,30.0,36.0,24.0,22.0,200.0,451.0,6.0,1.4088638380585723,774.0,-323.0,3.0
2003,UTTAR PRADESH,PRATAPGARH,102.0,16.0,22.0,14.0,34.0,212.0,400.0,6.0,1.30008721919112,578.0,-178.0,2.0
2003,UTTAR PRADESH,RAIBAREILLY,145.0,56.0,27.0,23.0,39.0,247.0,537.0,6.0,1.4222217946451672,815.0,-278.0,3.0
2003,UTTAR PRADESH,RAMPUR,129.0,25.0,24.0,23.0,21.0,225.0,447.0,6.0,1.3188115781319845,768.0,-321.0,3.0
2003,UTTAR PRADESH,SAHARANPUR,217.0,34.0,63.0,39.0,58.0,450.0,861.0,6.0,1.3273192635768496,1006.0,-145.0,4.0
2003,UTTAR PRADESH,SANT KABIRNAGAR,35.0,5.0,5.0,6.0,21.0,59.0,131.0,6.0,1.395870617289181,169.0,-38.0,1.0
2003,UTTAR PRADESH,SHAHJAHANPUR,316.0,34.0,65.0,43.0,12.0,248.0,718.0,6.0,1.3272679204481894,1305.0,-587.0,4.0
2003,UTTAR PRADESH,SHRAWASTI,33.0,5.0,4.0,3.0,3.0,46.0,94.0,6.0,1.22748313859393,224.0,-130.0,1.0
2003,UTTAR PRADESH,SIDHARTHNAGAR,33.0,6.0,7.0,5.0,10.0,64.0,125.0,6.0,1.3323278555880664,240.0,-115.0,1.0
2003,UTTAR PRADESH,SITAPUR,239.0,100.0,58.0,33.0,52.0,406.0,888.0,6.0,1.4237394143716027,1680.0,-792.0,4.0
2003,UTTAR PRADESH,SONBHADRA,46.0,12.0,6.0,7.0,10.0,70.0,151.0,6.0,1.3700690436486629,252.0,-101.0,1.0
2003,UTTAR PRADESH,ST.RAVIDASNAGAR,33.0,4.0,2.0,8.0,6.0,84.0,137.0,6.0,1.1105581405314924,205.0,-68.0,1.0
2003,UTTAR PRADESH,SULTANPUR,139.0,28.0,22.0,35.0,16.0,299.0,539.0,6.0,1.2425397506571678,854.0,-315.0,3.0
2003,UTTAR PRADESH,UNNAO,194.0,51.0,22.0,45.0,33.0,203.0,548.0,6.0,1.4600053975052232,941.0,-393.0,4.0
2003,UTTAR PRADESH,VARANASI,149.0,11.0,18.0,32.0,43.0,540.0,793.0,6.0,1.008642857883658,1231.0,-438.0,3.0
2003,UTTARAKHAND,ALMORA,22.0,7.0,1.0,10.0,7.0,91.0,138.0,6.0,1.0956613512178484,171.0,-33.0,1.0
2003,UTTARAKHAND,BAGESHWAR,15.0,7.0,0.0,8.0,2.0,19.0,51.0,5.0,1.417937566868614,55.0,-4.0,1.0
2003,UTTARAKHAND,CHAMOLI,18.0,12.0,3.0,1.0,35.0,52.0,121.0,6.0,1.3656809272169474,124.0,-3.0,1.0
2003,UTTARAKHAND,CHAMPAWAT,15.0,6.0,3.0,4.0,3.0,27.0,58.0,6.0,1.431205831399754,45.0,13.0,1.0
2003,UTTARAKHAND,DEHRADUN,79.0,29.0,30.0,32.0,62.0,618.0,850.0,6.0,1.0002603161483539,865.0,-15.0,3.0
2003,UTTARAKHAND,HARIDWAR,129.0,52.0,48.0,41.0,93.0,593.0,956.0,6.0,1.2368095780553245,1100.0,-144.0,4.0
2003,UTTARAKHAND,NAINITAL,62.0,24.0,16.0,20.0,36.0,308.0,466.0,6.0,1.1435223213180414,432.0,34.0,2.0
2003,UTTARAKHAND,PAURI GARHWAL,30.0,16.0,14.0,14.0,29.0,131.0,234.0,6.0,1.3673152408111757,234.0,0.0,2.0
2003,UTTARAKHAND,PITHORAGARH,17.0,10.0,2.0,6.0,16.0,63.0,114.0,6.0,1.3264946214305708,74.0,40.0,1.0
2003,UTTARAKHAND,RUDRA PRAYAG,12.0,4.0,3.0,2.0,19.0,34.0,74.0,6.0,1.3866760809045529,78.0,-4.0,1.0
2003,UTTARAKHAND,TEHRI GARHWAL,33.0,16.0,4.0,0.0,32.0,78.0,163.0,5.0,1.3144975388430242,120.0,43.0,1.0
2003,UTTARAKHAND,UDHAMSINGH NAGAR,93.0,43.0,40.0,45.0,58.0,365.0,644.0,6.0,1.3573158430118075,581.0,63.0,3.0
2003,UTTARAKHAND,UTTARKASHI,10.0,17.0,7.0,3.0,33.0,63.0,133.0,6.0,1.3977933163469562,108.0,25.0,1.0
2003,WEST BENGAL,24 PARGANAS NORTH,273.0,197.0,119.0,102.0,243.0,2133.0,3067.0,6.0,1.0843710126589892,2868.0,199.0,5.0
2003,WEST BENGAL,24 PARGANAS SOUTH,190.0,194.0,81.0,38.0,257.0,1107.0,1867.0,6.0,1.2660967378141486,1776.0,91.0,5.0
2003,WEST BENGAL,ASANSOL,38.0,27.0,11.0,11.0,37.0,104.0,228.0,6.0,1.496932551183288,90.0,138.0,2.0
2003,WEST BENGAL,BANKURA,65.0,74.0,11.0,20.0,56.0,272.0,498.0,6.0,1.3384608408281338,463.0,35.0,3.0
2003,WEST BENGAL,BIRBHUM,89.0,99.0,35.0,20.0,191.0,260.0,694.0,6.0,1.5169405793632342,605.0,89.0,4.0
2003,WEST BENGAL,BURDWAN,132.0,112.0,33.0,33.0,179.0,438.0,927.0,6.0,1.4421745273634627,1077.0,-150.0,5.0
2003,WEST BENGAL,COOCHBEHAR,49.0,113.0,40.0,8.0,35.0,160.0,405.0,6.0,1.4963568912807292,362.0,43.0,3.0
2003,WEST BENGAL,DAKSHIN DINAJPUR,46.0,71.0,32.0,8.0,20.0,91.0,268.0,6.0,1.573413408512443,251.0,17.0,3.0
2003,WEST BENGAL,DARJEELING,70.0,44.0,26.0,15.0,19.0,487.0,661.0,6.0,0.9584145926711509,701.0,-40.0,3.0
2003,WEST BENGAL,HOOGHLY,122.0,64.0,34.0,47.0,324.0,677.0,1268.0,6.0,1.278842325227358,1046.0,222.0,5.0
2003,WEST BENGAL,HOWRAH,46.0,16.0,11.0,13.0,47.0,148.0,281.0,6.0,1.3652426862747467,338.0,-57.0,2.0
2003,WEST BENGAL,HOWRAH G.R.P.,14.0,5.0,3.0,10.0,13.0,296.0,341.0,6.0,0.5855293391613738,363.0,-22.0,1.0
2003,WEST BENGAL,JALPAIGURI,196.0,135.0,29.0,29.0,61.0,507.0,957.0,6.0,1.32499031833604,835.0,122.0,4.0
2003,WEST BENGAL,KHARAGPUR G.R.P.,3.0,0.0,0.0,12.0,3.0,110.0,128.0,4.0,0.5280975001178169,145.0,-17.0,1.0
2003,WEST BENGAL,KOLKATA,188.0,221.0,108.0,206.0,200.0,5040.0,5963.0,6.0,0.6760332583790478,5968.0,-5.0,5.0
2003,WEST BENGAL,MALDA,117.0,124.0,24.0,23.0,46.0,276.0,610.0,6.0,1.4452178644173324,598.0,12.0,3.0
2003,WEST BENGAL,MURSHIDABAD,174.0,237.0,91.0,27.0,180.0,416.0,1125.0,6.0,1.5708014369350292,834.0,291.0,5.0
2003,WEST BENGAL,NADIA,100.0,204.0,59.0,30.0,205.0,674.0,1272.0,6.0,1.3549823252981807,1280.0,-8.0,5.0
2003,WEST BENGAL,PASCHIM MIDNAPUR,162.0,81.0,45.0,66.0,256.0,441.0,1051.0,6.0,1.5028901123533076,918.0,133.0,5.0
2003,WEST BENGAL,PURAB MIDNAPUR,55.0,44.0,52.0,17.0,192.0,148.0,508.0,6.0,1.5266162955276898,461.0,47.0,4.0
2003,WEST BENGAL,PURULIA,56.0,59.0,16.0,27.0,36.0,186.0,380.0,6.0,1.4655949845503404,472.0,-92.0,2.0
2003,WEST BENGAL,SEALDAH G.R.P.,28.0,2.0,3.0,12.0,2.0,213.0,260.0,6.0,0.6716652349897071,310.0,-50.0,1.0
2003,WEST BENGAL,SILIGURI G.R.P.,6.0,1.0,2.0,4.0,7.0,90.0,110.0,6.0,0.7342415476644268,99.0,11.0,1.0
2003,WEST BENGAL,UTTAR DINAJPUR,55.0,47.0,25.0,11.0,44.0,235.0,417.0,6.0,1.3383237618301527,486.0,-69.0,2.0
2003,A & N ISLANDS,ANDAMAN,21.0,11.0,2.0,8.0,26.0,128.0,196.0,6.0,1.1245226711805067,165.0,31.0,1.0
2003,A & N ISLANDS,NICOBAR,5.0,0.0,0.0,1.0,1.0,4.0,11.0,4.0,1.162225544921092,11.0,0.0,1.0
2003,CHANDIGARH,CHANDIGARH,38.0,29.0,32.0,15.0,50.0,1683.0,1847.0,6.0,0.43691620914354495,2490.0,-643.0,2.0
2003,D & N HAVELI,D and N HAVELI,16.0,5.0,7.0,10.0,21.0,123.0,182.0,6.0,1.111207357437598,175.0,7.0,1.0
2003,DAMAN & DIU,DAMAN,9.0,7.0,1.0,5.0,30.0,96.0,148.0,6.0,1.067097884356273,139.0,9.0,1.0
2003,DAMAN & DIU,DIU,0.0,1.0,0.0,0.0,2.0,7.0,10.0,3.0,0.8018185525433373,23.0,-13.0,1.0
2003,DELHI UT,CENTRAL,55.0,49.0,63.0,16.0,4.0,1478.0,1665.0,6.0,0.5051909341939853,1939.0,-274.0,3.0
2003,DELHI UT,DELHI UT TOTAL,957.0,979.0,1156.0,469.0,140.0,19952.0,23653.0,6.0,0.6607508465389254,25483.0,-1830.0,5.0
2003,DELHI UT,EAST,88.0,110.0,158.0,43.0,12.0,2098.0,2509.0,6.0,0.6735721660826499,2151.0,358.0,4.0
2003,DELHI UT,G.R.P.(RLY),14.0,4.0,6.0,14.0,6.0,1041.0,1085.0,6.0,0.2301256947924161,1331.0,-246.0,1.0
2003,DELHI UT,I.G.I. AIRPORT,4.0,5.0,2.0,4.0,3.0,566.0,584.0,6.0,0.18588741443566648,644.0,-60.0,1.0
2003,DELHI UT,NEW DELHI,13.0,28.0,24.0,17.0,7.0,1184.0,1273.0,6.0,0.35929383324850056,1579.0,-306.0,1.0
2003,DELHI UT,NORTH,67.0,50.0,63.0,36.0,16.0,1196.0,1428.0,6.0,0.69019280778176,1804.0,-376.0,3.0
2003,DELHI UT,NORTH EAST,123.0,94.0,182.0,60.0,4.0,1048.0,1511.0,6.0,1.0294846168953438,1549.0,-38.0,5.0
2003,DELHI UT,NORTH WEST,219.0,230.0,301.0,99.0,17.0,2795.0,3661.0,6.0,0.8763866215043791,4031.0,-370.0,5.0
2003,DELHI UT,S.T.F.,2.0,0.0,0.0,0.0,0.0,43.0,45.0,2.0,0.18182028230491803,0.0,45.0,1.0
2003,DELHI UT,SOUTH,148.0,172.0,134.0,61.0,27.0,4111.0,4653.0,6.0,0.5298618974590281,5029.0,-376.0,5.0
2003,DELHI UT,SOUTH WEST,95.0,109.0,118.0,63.0,33.0,1968.0,2386.0,6.0,0.7320459984735177,2539.0,-153.0,4.0
2003,DELHI UT,WEST,129.0,128.0,105.0,56.0,11.0,2424.0,2853.0,6.0,0.6378323901271031,2858.0,-5.0,4.0
2003,LAKSHADWEEP,LAKSHADWEEP,0.0,3.0,0.0,0.0,6.0,14.0,23.0,3.0,0.9183987247993113,43.0,-20.0,1.0
2003,PUDUCHERRY,PONDICHERRY,61.0,58.0,18.0,13.0,177.0,737.0,1064.0,6.0,0.9980558834123942,1069.0,-5.0,3.0
2004,ANDHRA PRADESH,ADILABAD,207.0,185.0,48.0,13.0,118.0,619.0,1190.0,6.0,1.341592151236068,1233.0,-43.0,4.0
2004,ANDHRA PRADESH,ANANTAPUR,236.0,216.0,51.0,43.0,194.0,793.0,1533.0,6.0,1.3802059806954883,1470.0,63.0,5.0
2004,ANDHRA PRADESH,CHITTOOR,158.0,144.0,69.0,25.0,112.0,1685.0,2193.0,6.0,0.8825456442335015,2097.0,96.0,4.0
2004,ANDHRA PRADESH,CUDDAPAH,154.0,132.0,39.0,8.0,111.0,522.0,966.0,6.0,1.315197659982703,769.0,197.0,4.0
2004,ANDHRA PRADESH,CYBERABAD,227.0,146.0,69.0,55.0,53.0,3314.0,3864.0,6.0,0.6132257739327598,3941.0,-77.0,5.0
2004,ANDHRA PRADESH,EAST GODAVARI,198.0,143.0,47.0,20.0,128.0,1835.0,2371.0,6.0,0.8506315435792988,2617.0,-246.0,4.0
2004,ANDHRA PRADESH,GUNTAKAL RLY.,9.0,1.0,0.0,2.0,0.0,179.0,191.0,4.0,0.2800044500223314,222.0,-31.0,1.0
2004,ANDHRA PRADESH,GUNTUR,259.0,232.0,88.0,41.0,191.0,2277.0,3088.0,6.0,0.9579097123753132,2841.0,247.0,5.0
2004,ANDHRA PRADESH,KARIMNAGAR,225.0,455.0,124.0,32.0,248.0,1275.0,2359.0,6.0,1.3240892783806806,2234.0,125.0,5.0
2004,ANDHRA PRADESH,KHAMMAM,164.0,219.0,70.0,29.0,167.0,927.0,1576.0,6.0,1.2715558218396577,1317.0,259.0,5.0
2004,ANDHRA PRADESH,KRISHNA,118.0,215.0,28.0,17.0,84.0,1107.0,1569.0,6.0,0.9906356810443413,1564.0,5.0,3.0
2004,ANDHRA PRADESH,KURNOOL,211.0,271.0,46.0,20.0,173.0,750.0,1471.0,6.0,1.3521458735060534,1300.0,171.0,4.0
2004,ANDHRA PRADESH,MAHABOOBNAGAR,293.0,220.0,63.0,51.0,211.0,916.0,1754.0,6.0,1.3756939187268373,1697.0,57.0,5.0
2004,ANDHRA PRADESH,MEDAK,173.0,138.0,49.0,29.0,108.0,934.0,1431.0,6.0,1.149027176543178,1512.0,-81.0,4.0
2004,ANDHRA PRADESH,NALGONDA,182.0,246.0,72.0,30.0,184.0,788.0,1502.0,6.0,1.3714707210628143,1535.0,-33.0,5.0
2004,ANDHRA PRADESH,NELLORE,355.0,280.0,72.0,89.0,325.0,1625.0,2746.0,6.0,1.2669365605176905,1591.0,1155.0,5.0
2004,ANDHRA PRADESH,NIZAMABAD,177.0,98.0,56.0,43.0,121.0,903.0,1398.0,6.0,1.1780520451227834,1188.0,210.0,4.0
2004,ANDHRA PRADESH,PRAKASHAM,200.0,149.0,44.0,30.0,72.0,596.0,1091.0,6.0,1.3208856078515372,1036.0,55.0,4.0
2004,ANDHRA PRADESH,RANGA REDDY,118.0,74.0,26.0,11.0,102.0,421.0,752.0,6.0,1.2926504057202177,604.0,148.0,3.0
2004,ANDHRA PRADESH,SECUNDERABAD RLY.,12.0,1.0,0.0,0.0,2.0,370.0,385.0,4.0,0.1890841492365223,440.0,-55.0,1.0
2004,ANDHRA PRADESH,SRIKAKULAM,70.0,73.0,15.0,5.0,31.0,407.0,601.0,6.0,1.0553225243186237,593.0,8.0,2.0
2004,ANDHRA PRADESH,VIJAYAWADA,90.0,151.0,76.0,33.0,29.0,3385.0,3764.0,6.0,0.4715401626218428,5619.0,-1855.0,3.0
2004,ANDHRA PRADESH,VIJAYAWADA RLY.,2.0,6.0,0.0,1.0,7.0,294.0,310.0,5.0,0.2632475432293603,369.0,-59.0,1.0
2004,ANDHRA PRADESH,VISAKHAPATNAM,57.0,36.0,27.0,13.0,11.0,1408.0,1552.0,6.0,0.4426189373541081,1287.0,265.0,2.0
2004,ANDHRA PRADESH,VIZIANAGARAM,61.0,67.0,8.0,12.0,15.0,380.0,543.0,6.0,0.9991020411218573,410.0,133.0,2.0
2004,ANDHRA PRADESH,WARANGAL,185.0,281.0,125.0,40.0,304.0,1431.0,2366.0,6.0,1.2444232508686828,1914.0,452.0,5.0
2004,ANDHRA PRADESH,WEST GODAVARI,183.0,382.0,66.0,13.0,97.0,2019.0,2760.0,6.0,0.914505092998557,2652.0,108.0,5.0
2004,ARUNACHAL PRADESH,CHANGLANG,12.0,10.0,7.0,8.0,7.0,44.0,88.0,6.0,1.486116939023513,67.0,21.0,1.0
2004,ARUNACHAL PRADESH,DIBANG VALLEY,11.0,3.0,3.0,4.0,13.0,30.0,64.0,6.0,1.4417899228263136,46.0,18.0,1.0
2004,ARUNACHAL PRADESH,K/KUMEY,5.0,0.0,1.0,2.0,1.0,8.0,17.0,5.0,1.299741799542741,10.0,7.0,1.0
2004,ARUNACHAL PRADESH,KAMENG EAST,5.0,4.0,2.0,0.0,4.0,31.0,46.0,5.0,1.068262219287159,48.0,-2.0,1.0
2004,ARUNACHAL PRADESH,KAMENG WEST,3.0,3.0,4.0,5.0,1.0,32.0,48.0,6.0,1.1402095603193498,34.0,14.0,1.0
2004,ARUNACHAL PRADESH,LOHIT,12.0,13.0,7.0,9.0,2.0,42.0,85.0,6.0,1.4434979386916045,98.0,-13.0,1.0
2004,ARUNACHAL PRADESH,PAPUM PARE,11.0,12.0,8.0,13.0,2.0,202.0,248.0,6.0,0.7560417662664338,232.0,16.0,1.0
2004,ARUNACHAL PRADESH,SIANG EAST,3.0,22.0,14.0,9.0,18.0,70.0,136.0,6.0,1.4020522884116922,125.0,11.0,1.0
2004,ARUNACHAL PRADESH,SIANG UPPER,5.0,3.0,0.0,0.0,1.0,20.0,29.0,4.0,0.9101347300121758,34.0,-5.0,1.0
2004,ARUNACHAL PRADESH,SIANG WEST,11.0,14.0,10.0,9.0,29.0,76.0,149.0,6.0,1.4273568047861902,112.0,37.0,1.0
2004,ARUNACHAL PRADESH,SUBANSIRI LOWER,10.0,1.0,1.0,5.0,1.0,21.0,39.0,6.0,1.2274587824295735,65.0,-26.0,1.0
2004,ARUNACHAL PRADESH,SUBANSIRI UPPER,16.0,3.0,4.0,8.0,3.0,29.0,63.0,6.0,1.4322556448777046,46.0,17.0,1.0
2004,ARUNACHAL PRADESH,TAWANG,2.0,13.0,0.0,0.0,2.0,17.0,34.0,4.0,1.047491194669237,28.0,6.0,1.0
2004,ARUNACHAL PRADESH,TIRAP,4.0,2.0,4.0,3.0,0.0,36.0,49.0,5.0,0.9371434021819876,76.0,-27.0,1.0
2004,ARUNACHAL PRADESH,UPPER DIBANG VALLEY,3.0,0.0,0.0,0.0,0.0,5.0,8.0,2.0,0.6615632381579821,7.0,1.0,1.0
2004,ASSAM,BARPETA,55.0,75.0,74.0,49.0,253.0,377.0,883.0,6.0,1.472091993895578,754.0,129.0,5.0
2004,ASSAM,BONGAIGAON,38.0,53.0,52.0,20.0,94.0,213.0,470.0,6.0,1.5079284284175785,423.0,47.0,3.0
2004,ASSAM,C.I.D.,0.0,0.0,0.0,0.0,0.0,5.0,5.0,1.0,-0.0,6.0,-1.0,1.0
2004,ASSAM,CACHAR,79.0,160.0,112.0,36.0,430.0,787.0,1604.0,6.0,1.3515674982818553,1697.0,-93.0,5.0
2004,ASSAM,DARRANG,86.0,110.0,59.0,64.0,122.0,428.0,869.0,6.0,1.4897076483874976,870.0,-1.0,4.0
2004,ASSAM,DHEMAJI,34.0,86.0,53.0,7.0,32.0,184.0,396.0,6.0,1.4423518474513355,347.0,49.0,3.0
2004,ASSAM,DHUBRI,69.0,189.0,75.0,32.0,569.0,320.0,1254.0,6.0,1.41392675329798,1115.0,139.0,5.0
2004,ASSAM,DIBRUGARH,147.0,108.0,88.0,21.0,84.0,503.0,951.0,6.0,1.391320749911141,1030.0,-79.0,4.0
2004,ASSAM,G.R.P.,17.0,4.0,3.0,20.0,7.0,182.0,233.0,6.0,0.8258415663473172,78.0,155.0,1.0
2004,ASSAM,GOALPARA,35.0,58.0,53.0,25.0,33.0,201.0,405.0,6.0,1.4799629193236814,574.0,-169.0,3.0
2004,ASSAM,GOLAGHAT,91.0,93.0,91.0,48.0,27.0,458.0,808.0,6.0,1.3437953341655113,765.0,43.0,4.0
2004,ASSAM,HAILAKANDI,44.0,22.0,32.0,7.0,131.0,123.0,359.0,6.0,1.4555181465678801,463.0,-104.0,3.0
2004,ASSAM,JORHAT,46.0,64.0,34.0,14.0,65.0,241.0,464.0,6.0,1.4150993894255124,556.0,-92.0,3.0
2004,ASSAM,KAMRUP,34.0,85.0,193.0,74.0,425.0,595.0,1406.0,6.0,1.412761845424021,580.0,826.0,5.0
2004,ASSAM,KARBI ANGLONG,62.0,22.0,20.0,35.0,48.0,127.0,314.0,6.0,1.5797544445907126,365.0,-51.0,2.0
2004,ASSAM,KARIMGANJ,69.0,36.0,36.0,8.0,213.0,185.0,547.0,6.0,1.4150094904382753,600.0,-53.0,4.0
2004,ASSAM,KOKRAJHAR,87.0,74.0,31.0,20.0,67.0,185.0,464.0,6.0,1.5690153600519847,382.0,82.0,3.0
2004,ASSAM,LAKHIMPUR,53.0,102.0,97.0,23.0,98.0,346.0,719.0,6.0,1.4732290081603439,764.0,-45.0,4.0
2004,ASSAM,MORIGAON,19.0,48.0,43.0,7.0,78.0,135.0,330.0,6.0,1.498637052288018,412.0,-82.0,3.0
2004,ASSAM,N.C.HILLS,17.0,4.0,9.0,8.0,5.0,71.0,114.0,6.0,1.2202526707190235,131.0,-17.0,1.0
2004,ASSAM,NAGAON,124.0,160.0,139.0,93.0,377.0,773.0,1666.0,6.0,1.4792321466362521,1769.0,-103.0,5.0
2004,ASSAM,NALBARI,63.0,77.0,61.0,27.0,25.0,240.0,493.0,6.0,1.4721792682295622,494.0,-1.0,3.0
2004,ASSAM,R.P.O.,6.0,7.0,0.0,8.0,20.0,23.0,64.0,5.0,1.455156948521477,19.0,45.0,1.0
2004,ASSAM,SIBSAGAR,68.0,61.0,81.0,11.0,80.0,375.0,676.0,6.0,1.3487722924503436,769.0,-93.0,4.0
2004,ASSAM,SONITPUR,119.0,147.0,108.0,56.0,164.0,660.0,1254.0,6.0,1.4286267846505933,1204.0,50.0,5.0
2004,ASSAM,TINSUKIA,150.0,76.0,67.0,54.0,30.0,466.0,843.0,6.0,1.3477890233135035,725.0,118.0,4.0
2004,BIHAR,ARARIA,137.0,47.0,84.0,94.0,353.0,353.0,1068.0,6.0,1.5465963032748666,952.0,116.0,5.0
2004,BIHAR,ARWAL,44.0,2.0,9.0,32.0,31.0,66.0,184.0,6.0,1.5109138845007017,212.0,-28.0,2.0
2004,BIHAR,AURANGABAD,77.0,18.0,31.0,87.0,235.0,317.0,765.0,6.0,1.4241088051600936,613.0,152.0,4.0
2004,BIHAR,BAGAHA,144.0,35.0,88.0,22.0,163.0,134.0,586.0,6.0,1.614461962164106,411.0,175.0,4.0
2004,BIHAR,BANKA,87.0,49.0,40.0,70.0,186.0,197.0,629.0,6.0,1.6158910946806926,577.0,52.0,4.0
2004,BIHAR,BEGUSARAI,216.0,28.0,123.0,102.0,216.0,543.0,1228.0,6.0,1.4955539476367337,1017.0,211.0,5.0
2004,BIHAR,BETTIAH,179.0,137.0,226.0,75.0,700.0,821.0,2138.0,6.0,1.4718694630417095,1133.0,1005.0,5.0
2004,BIHAR,BHABHUA,76.0,28.0,47.0,41.0,200.0,318.0,710.0,6.0,1.4277344556753333,731.0,-21.0,4.0
2004,BIHAR,BHAGALPUR,227.0,76.0,95.0,86.0,259.0,710.0,1453.0,6.0,1.4473538970766977,1370.0,83.0,5.0
2004,BIHAR,BHOJPUR,322.0,51.0,30.0,100.0,280.0,443.0,1226.0,6.0,1.4837191784861252,964.0,262.0,5.0
2004,BIHAR,BUXAR,137.0,26.0,51.0,77.0,243.0,446.0,980.0,6.0,1.4290829748162628,760.0,220.0,5.0
2004,BIHAR,DARBHANGA,86.0,59.0,60.0,81.0,436.0,337.0,1059.0,6.0,1.4537681666033353,1057.0,2.0,5.0
2004,BIHAR,GAYA,356.0,61.0,70.0,272.0,427.0,633.0,1819.0,6.0,1.5501290252802182,1677.0,142.0,5.0
2004,BIHAR,GOPALGANJ,217.0,44.0,78.0,90.0,193.0,377.0,999.0,6.0,1.570514667989156,594.0,405.0,5.0
2004,BIHAR,JAMALPUR RLY.,16.0,1.0,1.0,29.0,5.0,183.0,235.0,6.0,0.7642827304948194,189.0,46.0,1.0
2004,BIHAR,JAMUI,153.0,60.0,71.0,57.0,165.0,169.0,675.0,6.0,1.688259720119246,481.0,194.0,5.0
2004,BIHAR,JEHANABAD,120.0,25.0,38.0,66.0,110.0,230.0,589.0,6.0,1.5608922734845274,619.0,-30.0,4.0
2004,BIHAR,KATIHAR,100.0,88.0,71.0,53.0,190.0,296.0,798.0,6.0,1.6083249218213609,955.0,-157.0,5.0
2004,BIHAR,KATIHAR RLY.,10.0,3.0,5.0,30.0,7.0,246.0,301.0,6.0,0.709310504979014,340.0,-39.0,1.0
2004,BIHAR,KHAGARIA,143.0,28.0,43.0,59.0,216.0,154.0,643.0,6.0,1.579604040864662,535.0,108.0,4.0
2004,BIHAR,KISHANGANJ,46.0,57.0,80.0,23.0,112.0,206.0,524.0,6.0,1.5758728129449868,404.0,120.0,4.0
2004,BIHAR,LAKHISARAI,154.0,17.0,50.0,47.0,93.0,122.0,483.0,6.0,1.608514095695751,286.0,197.0,4.0
2004,BIHAR,MADHEPURA,85.0,15.0,23.0,59.0,147.0,111.0,440.0,6.0,1.570209661964213,377.0,63.0,3.0
2004,BIHAR,MADHUBANI,151.0,182.0,69.0,100.0,340.0,318.0,1160.0,6.0,1.6496384827774646,1278.0,-118.0,5.0
2004,BIHAR,MOTIHARI,197.0,44.0,129.0,101.0,391.0,720.0,1582.0,6.0,1.44282695653306,1509.0,73.0,5.0
2004,BIHAR,MUNGER,95.0,23.0,43.0,37.0,239.0,253.0,690.0,6.0,1.4513400483582979,682.0,8.0,4.0
2004,BIHAR,MUZAFFARPUR,215.0,177.0,300.0,198.0,865.0,1405.0,3160.0,6.0,1.4564327198508018,2103.0,1057.0,5.0
2004,BIHAR,MUZAFFARPUR RLY.,24.0,3.0,10.0,26.0,18.0,436.0,517.0,6.0,0.659678852351439,427.0,90.0,1.0
2004,BIHAR,NALANDA,374.0,86.0,144.0,95.0,223.0,561.0,1483.0,6.0,1.5676418373600014,1054.0,429.0,5.0
2004,BIHAR,NAUGACHIA,88.0,8.0,27.0,49.0,120.0,89.0,381.0,6.0,1.574516939333881,282.0,99.0,3.0
2004,BIHAR,NAWADAH,186.0,42.0,67.0,68.0,258.0,173.0,794.0,6.0,1.6118505223458512,584.0,210.0,5.0
2004,BIHAR,PATNA,776.0,74.0,270.0,874.0,614.0,2639.0,5247.0,6.0,1.3907027549719408,5538.0,-291.0,5.0
2004,BIHAR,PATNA RLY.,39.0,15.0,5.0,59.0,13.0,774.0,905.0,6.0,0.6048603273754553,917.0,-12.0,2.0
2004,BIHAR,PURNEA,175.0,65.0,76.0,216.0,215.0,338.0,1085.0,6.0,1.6545469925901544,1020.0,65.0,5.0
2004,BIHAR,ROHTAS,355.0,50.0,44.0,70.0,204.0,450.0,1173.0,6.0,1.4593404220897728,1431.0,-258.0,5.0
2004,BIHAR,SAHARSA,151.0,60.0,47.0,58.0,227.0,214.0,757.0,6.0,1.6101887723708712,510.0,247.0,4.0
2004,BIHAR,SAMASTIPUR,284.0,37.0,123.0,75.0,331.0,482.0,1332.0,6.0,1.5248473797385877,1342.0,-10.0,5.0
2004,BIHAR,SARAN,210.0,29.0,159.0,159.0,361.0,575.0,1493.0,6.0,1.5402216902096817,1212.0,281.0,5.0
2004,BIHAR,SHEIKHPURA,84.0,17.0,20.0,15.0,101.0,103.0,340.0,6.0,1.5219076928218933,259.0,81.0,3.0
2004,BIHAR,SHEOHAR,41.0,22.0,8.0,20.0,50.0,50.0,191.0,6.0,1.6501170560252023,139.0,52.0,2.0
2004,BIHAR,SITAMARHI,108.0,79.0,112.0,50.0,225.0,434.0,1008.0,6.0,1.5295592670575655,842.0,166.0,5.0
2004,BIHAR,SIWAN,191.0,13.0,104.0,200.0,244.0,314.0,1066.0,6.0,1.6003485880551058,1000.0,66.0,5.0
2004,BIHAR,SUPAUL,88.0,45.0,25.0,102.0,255.0,197.0,712.0,6.0,1.5521538764860916,514.0,198.0,4.0
2004,BIHAR,VAISHALI,259.0,68.0,217.0,81.0,239.0,816.0,1680.0,6.0,1.4567812142179921,1356.0,324.0,5.0
2004,CHHATTISGARH,BALRAMPUR,61.0,59.0,6.0,32.0,27.0,63.0,248.0,6.0,1.6303755052183997,231.0,17.0,2.0
2004,CHHATTISGARH,BILASPUR,139.0,240.0,21.0,38.0,198.0,1345.0,1981.0,6.0,1.0592691449141516,1830.0,151.0,4.0
2004,CHHATTISGARH,BIZAPUR,83.0,13.0,1.0,14.0,23.0,21.0,155.0,6.0,1.3459654210012237,152.0,3.0,2.0
2004,CHHATTISGARH,DANTEWARA,121.0,19.0,8.0,4.0,18.0,120.0,290.0,6.0,1.2390484844451308,234.0,56.0,2.0
2004,CHHATTISGARH,DHAMTARI,26.0,101.0,5.0,3.0,17.0,202.0,354.0,6.0,1.1161460364623066,406.0,-52.0,2.0
2004,CHHATTISGARH,DURG,113.0,377.0,41.0,52.0,84.0,1481.0,2148.0,6.0,1.0090889005463746,1964.0,184.0,5.0
2004,CHHATTISGARH,GRP RAIPUR,9.0,4.0,2.0,5.0,3.0,235.0,258.0,6.0,0.43260254905464995,215.0,43.0,1.0
2004,CHHATTISGARH,JAGDALPUR,96.0,151.0,20.0,26.0,51.0,392.0,736.0,6.0,1.3272225295082158,612.0,124.0,3.0
2004,CHHATTISGARH,JANJGIR,95.0,134.0,8.0,29.0,88.0,514.0,868.0,6.0,1.2296429273140863,654.0,214.0,3.0
2004,CHHATTISGARH,JASHPUR,60.0,116.0,4.0,23.0,22.0,160.0,385.0,6.0,1.3954006726674997,272.0,113.0,2.0
2004,CHHATTISGARH,KABIRDHAM,27.0,92.0,7.0,1.0,24.0,199.0,350.0,6.0,1.1486346757333437,278.0,72.0,2.0
2004,CHHATTISGARH,KANKER,93.0,65.0,12.0,37.0,39.0,133.0,379.0,6.0,1.5850689063375425,282.0,97.0,2.0
2004,CHHATTISGARH,KORBA,65.0,83.0,6.0,13.0,42.0,519.0,728.0,6.0,0.9805289592080868,855.0,-127.0,2.0
2004,CHHATTISGARH,KORIYA,51.0,159.0,4.0,18.0,31.0,318.0,581.0,6.0,1.1963571465735916,490.0,91.0,2.0
2004,CHHATTISGARH,MAHASAMUND,34.0,89.0,3.0,11.0,29.0,308.0,474.0,6.0,1.0734860309031673,402.0,72.0,2.0
2004,CHHATTISGARH,NARAYANPUR,47.0,3.0,1.0,12.0,8.0,31.0,102.0,6.0,1.3194748758694543,62.0,40.0,1.0
2004,CHHATTISGARH,RAIGARH,80.0,123.0,17.0,37.0,58.0,562.0,877.0,6.0,1.1687086681379109,814.0,63.0,3.0
2004,CHHATTISGARH,RAIPUR,147.0,396.0,31.0,48.0,101.0,1581.0,2304.0,6.0,1.0123750523691633,2021.0,283.0,5.0
2004,CHHATTISGARH,RAJNANDGAON,65.0,135.0,4.0,14.0,29.0,430.0,677.0,6.0,1.0802732426363861,665.0,12.0,3.0
2004,CHHATTISGARH,SARGUJA,159.0,271.0,13.0,52.0,140.0,645.0,1280.0,6.0,1.3519314685361428,1061.0,219.0,5.0
2004,GOA,NORTH GOA,29.0,29.0,3.0,15.0,23.0,503.0,602.0,6.0,0.6854850689827543,694.0,-92.0,1.0
2004,GOA,SOUTH GOA,22.0,31.0,10.0,8.0,17.0,371.0,459.0,6.0,0.7756874373968944,413.0,46.0,2.0
2004,GUJARAT,AHMEDABAD COMMR.,159.0,103.0,215.0,304.0,172.0,7250.0,8203.0,6.0,0.5391536811595528,8028.0,175.0,5.0
2004,GUJARAT,AHWA-DANG,4.0,5.0,0.0,1.0,5.0,13.0,28.0,5.0,1.3684938596101845,26.0,2.0,1.0
2004,GUJARAT,AMRELI,43.0,31.0,26.0,15.0,56.0,320.0,491.0,6.0,1.1764871325722601,447.0,44.0,2.0
2004,GUJARAT,ANAND,35.0,36.0,41.0,29.0,39.0,600.0,780.0,6.0,0.9100777721582812,925.0,-145.0,2.0
2004,GUJARAT,BHARUCH,46.0,41.0,21.0,18.0,71.0,621.0,818.0,6.0,0.911211364771058,927.0,-109.0,2.0
2004,GUJARAT,BHAVNAGAR,74.0,63.0,71.0,107.0,173.0,1248.0,1736.0,6.0,1.024405687772654,1537.0,199.0,4.0
2004,GUJARAT,DAHOD,55.0,35.0,28.0,94.0,66.0,274.0,552.0,6.0,1.4589714932294924,492.0,60.0,3.0
2004,GUJARAT,GANDHINAGAR,39.0,24.0,15.0,33.0,39.0,611.0,761.0,6.0,0.8032787653186703,1075.0,-314.0,2.0
2004,GUJARAT,HIMATNAGAR,55.0,71.0,47.0,40.0,75.0,562.0,850.0,6.0,1.1761994552983304,942.0,-92.0,3.0
2004,GUJARAT,JAMNAGAR,58.0,34.0,32.0,28.0,55.0,613.0,820.0,6.0,0.9599528054536375,888.0,-68.0,2.0
2004,GUJARAT,JUNAGADH,71.0,58.0,57.0,56.0,114.0,869.0,1225.0,6.0,1.0578166276302874,1396.0,-171.0,4.0
2004,GUJARAT,KHEDA NORTH,65.0,35.0,24.0,32.0,55.0,626.0,837.0,6.0,0.9539747837394926,907.0,-70.0,2.0
2004,GUJARAT,KUTCH,48.0,39.0,37.0,42.0,59.0,755.0,980.0,6.0,0.9048696641831646,816.0,164.0,3.0
2004,GUJARAT,MEHSANA,67.0,29.0,54.0,63.0,108.0,988.0,1309.0,6.0,0.9322568952068833,1435.0,-126.0,3.0
2004,GUJARAT,NARMADA,18.0,8.0,8.0,6.0,16.0,63.0,119.0,6.0,1.4057855061965736,113.0,6.0,1.0
2004,GUJARAT,NAVSARI,28.0,10.0,7.0,11.0,12.0,269.0,337.0,6.0,0.8019166479506817,377.0,-40.0,1.0
2004,GUJARAT,PALANPUR,59.0,54.0,37.0,38.0,94.0,600.0,882.0,6.0,1.1211494401276356,1015.0,-133.0,3.0
2004,GUJARAT,PANCHMAHAL,64.0,40.0,28.0,54.0,67.0,597.0,850.0,6.0,1.0745075465507963,786.0,64.0,3.0
2004,GUJARAT,PATAN,35.0,25.0,29.0,9.0,47.0,380.0,525.0,6.0,1.005193136203805,571.0,-46.0,2.0
2004,GUJARAT,PORBANDAR,20.0,6.0,7.0,7.0,19.0,190.0,249.0,6.0,0.8958189258306624,243.0,6.0,1.0
2004,GUJARAT,RAJKOT COMMR.,53.0,19.0,39.0,30.0,80.0,1646.0,1867.0,6.0,0.541036759523842,2259.0,-392.0,3.0
2004,GUJARAT,SURAT COMMR.,87.0,45.0,72.0,92.0,71.0,2046.0,2413.0,6.0,0.6670429649814802,2774.0,-361.0,4.0
2004,GUJARAT,SURENDRANAGAR,50.0,48.0,27.0,21.0,57.0,514.0,717.0,6.0,1.033516501576163,783.0,-66.0,2.0
2004,GUJARAT,VADODARA COMMR.,61.0,16.0,44.0,54.0,180.0,2258.0,2613.0,6.0,0.5783298512872355,2506.0,107.0,4.0
2004,GUJARAT,VALSAD,49.0,21.0,22.0,47.0,45.0,655.0,839.0,6.0,0.8653097190600277,866.0,-27.0,2.0
2004,GUJARAT,W.RLY,17.0,12.0,3.0,115.0,12.0,1320.0,1479.0,6.0,0.44213952989281763,1359.0,120.0,2.0
2004,HARYANA,AMBALA,43.0,35.0,22.0,10.0,7.0,577.0,694.0,6.0,0.6933452589947919,654.0,40.0,2.0
2004,HARYANA,BHIWANI,78.0,47.0,19.0,18.0,135.0,618.0,915.0,6.0,1.067521639257494,686.0,229.0,3.0
2004,HARYANA,FARIDABAD,104.0,87.0,66.0,27.0,160.0,1167.0,1611.0,6.0,0.9968630749799938,1534.0,77.0,4.0
2004,HARYANA,FATEHABAD,41.0,26.0,17.0,2.0,20.0,274.0,380.0,6.0,0.9811459038916899,295.0,85.0,2.0
2004,HARYANA,GRP,31.0,5.0,3.0,3.0,3.0,184.0,229.0,6.0,0.7003749166578362,194.0,35.0,1.0
2004,HARYANA,GURGAON,112.0,57.0,55.0,49.0,74.0,1417.0,1764.0,6.0,0.8026054943980125,1564.0,200.0,4.0
2004,HARYANA,HISSAR,102.0,34.0,43.0,22.0,35.0,760.0,996.0,6.0,0.8925653146269004,942.0,54.0,3.0
2004,HARYANA,JHAJJAR,69.0,28.0,11.0,13.0,53.0,318.0,492.0,6.0,1.141702139475525,455.0,37.0,2.0
2004,HARYANA,JIND,61.0,9.0,9.0,4.0,51.0,265.0,399.0,6.0,1.0390615755204573,419.0,-20.0,2.0
2004,HARYANA,KAITHAL,43.0,31.0,13.0,9.0,8.0,366.0,470.0,6.0,0.8371924744589396,440.0,30.0,2.0
2004,HARYANA,KARNAL,71.0,54.0,15.0,23.0,38.0,665.0,866.0,6.0,0.8846941627505951,871.0,-5.0,3.0
2004,HARYANA,KURUKSHETRA,42.0,49.0,11.0,14.0,5.0,788.0,909.0,6.0,0.5696425050015744,780.0,129.0,2.0
2004,HARYANA,MAHENDRAGARH,26.0,38.0,13.0,4.0,57.0,208.0,346.0,6.0,1.2149643646701977,354.0,-8.0,2.0
2004,HARYANA,PANCHKULA,12.0,59.0,6.0,2.0,1.0,370.0,450.0,6.0,0.6191885777631619,466.0,-16.0,1.0
2004,HARYANA,PANIPAT,65.0,52.0,19.0,19.0,28.0,623.0,806.0,6.0,0.8723408955993522,839.0,-33.0,2.0
2004,HARYANA,REWARI,31.0,40.0,24.0,12.0,39.0,354.0,500.0,6.0,1.0531861690665598,435.0,65.0,2.0
2004,HARYANA,ROHTAK,106.0,43.0,19.0,16.0,40.0,657.0,881.0,6.0,0.9168970272759664,854.0,27.0,3.0
2004,HARYANA,SIRSA,56.0,34.0,16.0,13.0,20.0,462.0,601.0,6.0,0.8785161676936144,604.0,-3.0,2.0
2004,HARYANA,SONIPAT,105.0,35.0,25.0,23.0,13.0,589.0,790.0,6.0,0.9050346602401438,665.0,125.0,3.0
2004,HARYANA,YAMUNANAGAR,41.0,26.0,17.0,13.0,7.0,305.0,409.0,6.0,0.9359831361698469,421.0,-12.0,2.0
2004,HIMACHAL PRADESH,BILASPUR,20.0,38.0,8.0,4.0,63.0,114.0,247.0,6.0,1.374701129347654,261.0,-14.0,2.0
2004,HIMACHAL PRADESH,CHAMBA,14.0,36.0,22.0,0.0,12.0,172.0,256.0,5.0,1.056332334392506,230.0,26.0,1.0
2004,HIMACHAL PRADESH,G.R.P.,0.0,0.0,0.0,0.0,0.0,2.0,2.0,1.0,-0.0,0.0,2.0,1.0
2004,HIMACHAL PRADESH,HAMIRPUR,18.0,29.0,10.0,0.0,37.0,97.0,191.0,5.0,1.3252836410081816,141.0,50.0,1.0
2004,HIMACHAL PRADESH,KANGRA,36.0,49.0,15.0,1.0,137.0,211.0,449.0,6.0,1.2883011006369602,405.0,44.0,2.0
2004,HIMACHAL PRADESH,KINNAUR,4.0,12.0,3.0,0.0,6.0,52.0,77.0,5.0,1.0337388726388468,81.0,-4.0,1.0
2004,HIMACHAL PRADESH,KULLU,13.0,24.0,13.0,7.0,46.0,103.0,206.0,6.0,1.395459002324102,187.0,19.0,2.0
2004,HIMACHAL PRADESH,LAHAUL-SPITI,2.0,0.0,0.0,0.0,2.0,5.0,9.0,3.0,0.9950269901795212,7.0,2.0,1.0
2004,HIMACHAL PRADESH,MANDI,27.0,71.0,7.0,2.0,74.0,196.0,377.0,6.0,1.2647204602256041,366.0,11.0,2.0
2004,HIMACHAL PRADESH,SHIMLA,22.0,77.0,16.0,6.0,124.0,367.0,612.0,6.0,1.151093981533775,565.0,47.0,3.0
2004,HIMACHAL PRADESH,SIRMAUR,13.0,32.0,13.0,3.0,65.0,82.0,208.0,6.0,1.4261235611028533,209.0,-1.0,2.0
2004,HIMACHAL PRADESH,SOLAN,14.0,47.0,9.0,2.0,70.0,163.0,305.0,6.0,1.2391937270103963,302.0,3.0,2.0
2004,HIMACHAL PRADESH,UNA,16.0,22.0,7.0,1.0,38.0,116.0,200.0,6.0,1.2201650624927987,224.0,-24.0,1.0
2004,JAMMU & KASHMIR,ANANTNAG,180.0,105.0,60.0,37.0,94.0,274.0,750.0,6.0,1.5964338503814872,724.0,26.0,4.0
2004,JAMMU & KASHMIR,AWANTIPORA,21.0,31.0,12.0,1.0,10.0,85.0,160.0,6.0,1.319807177356922,141.0,19.0,1.0
2004,JAMMU & KASHMIR,BARAMULLA,171.0,182.0,87.0,6.0,148.0,359.0,953.0,6.0,1.5318726136934153,1052.0,-99.0,4.0
2004,JAMMU & KASHMIR,BORDER,19.0,14.0,11.0,0.0,14.0,42.0,100.0,5.0,1.47320100796736,159.0,-59.0,1.0
2004,JAMMU & KASHMIR,BUDGAM,101.0,93.0,61.0,7.0,100.0,215.0,577.0,6.0,1.5619188757482454,514.0,63.0,3.0
2004,JAMMU & KASHMIR,CRIME JAMMU,0.0,0.0,0.0,0.0,0.0,52.0,52.0,1.0,-0.0,35.0,17.0,1.0
2004,JAMMU & KASHMIR,CRIME SRINAGAR,0.0,0.0,0.0,0.0,0.0,108.0,108.0,1.0,-0.0,81.0,27.0,1.0
2004,JAMMU & KASHMIR,DODA,166.0,17.0,20.0,12.0,47.0,77.0,339.0,6.0,1.395563293965158,364.0,-25.0,3.0
2004,JAMMU & KASHMIR,GANDERBAL,24.0,92.0,34.0,1.0,68.0,135.0,354.0,6.0,1.4588090094756527,367.0,-13.0,2.0
2004,JAMMU & KASHMIR,HANDWARA,63.0,50.0,34.0,3.0,56.0,66.0,272.0,6.0,1.6287886825020998,281.0,-9.0,2.0
2004,JAMMU & KASHMIR,JAMMU,97.0,43.0,54.0,6.0,102.0,743.0,1045.0,6.0,1.0042806300450537,966.0,79.0,3.0
2004,JAMMU & KASHMIR,KARGIL,3.0,2.0,1.0,0.0,9.0,8.0,23.0,5.0,1.348855748251372,26.0,-3.0,1.0
2004,JAMMU & KASHMIR,KATHUA,47.0,21.0,24.0,2.0,35.0,100.0,229.0,6.0,1.470815036248677,265.0,-36.0,2.0
2004,JAMMU & KASHMIR,KULGAM,54.0,34.0,42.0,5.0,73.0,79.0,287.0,6.0,1.6221281062466608,275.0,12.0,2.0
2004,JAMMU & KASHMIR,KUPWARA,116.0,81.0,46.0,0.0,84.0,113.0,440.0,5.0,1.5643479483835863,445.0,-5.0,3.0
2004,JAMMU & KASHMIR,LEH,2.0,6.0,4.0,0.0,5.0,21.0,38.0,5.0,1.2780022287966446,19.0,19.0,1.0
2004,JAMMU & KASHMIR,POONCH,201.0,18.0,18.0,0.0,33.0,56.0,326.0,5.0,1.152473718748001,396.0,-70.0,3.0
2004,JAMMU & KASHMIR,PULWAMA,151.0,35.0,47.0,24.0,169.0,159.0,585.0,6.0,1.5644574580097665,640.0,-55.0,4.0
2004,JAMMU & KASHMIR,RAJOURI,153.0,45.0,34.0,0.0,104.0,163.0,499.0,5.0,1.454788444264822,463.0,36.0,3.0
2004,JAMMU & KASHMIR,RAMBAN,106.0,15.0,12.0,0.0,43.0,67.0,243.0,5.0,1.3440483270282597,262.0,-19.0,2.0
2004,JAMMU & KASHMIR,REASI,74.0,10.0,11.0,1.0,9.0,33.0,138.0,6.0,1.2818675507206039,135.0,3.0,2.0
2004,JAMMU & KASHMIR,SRINAGAR,177.0,285.0,115.0,51.0,186.0,726.0,1540.0,6.0,1.477278985572412,1720.0,-180.0,5.0
2004,JAMMU & KASHMIR,UDHAMPUR,30.0,28.0,8.0,1.0,47.0,188.0,302.0,6.0,1.149562095650988,296.0,6.0,2.0
2004,JHARKHAND,BOKARO,168.0,80.0,40.0,104.0,190.0,629.0,1211.0,6.0,1.4078284610064467,1181.0,30.0,5.0
2004,JHARKHAND,CHAIBASA,214.0,54.0,19.0,21.0,43.0,149.0,500.0,6.0,1.432762254249796,502.0,-2.0,4.0
2004,JHARKHAND,CHATRA,35.0,18.0,4.0,50.0,126.0,105.0,338.0,6.0,1.4572247163333931,358.0,-20.0,3.0
2004,JHARKHAND,DEOGHAR,74.0,44.0,5.0,38.0,152.0,151.0,464.0,6.0,1.5008334338017448,638.0,-174.0,3.0
2004,JHARKHAND,DHANBAD,143.0,91.0,72.0,133.0,246.0,743.0,1428.0,6.0,1.420493650667383,1461.0,-33.0,5.0
2004,JHARKHAND,DHANBAD RLY.,5.0,4.0,2.0,53.0,11.0,252.0,327.0,6.0,0.758776345699415,243.0,84.0,1.0
2004,JHARKHAND,DUMKA,220.0,81.0,15.0,20.0,106.0,197.0,639.0,6.0,1.4861962873182815,496.0,143.0,4.0
2004,JHARKHAND,GARHWA,59.0,34.0,9.0,37.0,116.0,116.0,371.0,6.0,1.558566280052379,436.0,-65.0,3.0
2004,JHARKHAND,GIRIDIH,103.0,87.0,23.0,91.0,130.0,252.0,686.0,6.0,1.6114734254196033,872.0,-186.0,4.0
2004,JHARKHAND,GODDA,67.0,86.0,21.0,19.0,125.0,198.0,516.0,6.0,1.5265647615791282,518.0,-2.0,4.0
2004,JHARKHAND,GUMLA,148.0,35.0,9.0,64.0,32.0,111.0,399.0,6.0,1.518711947126646,450.0,-51.0,3.0
2004,JHARKHAND,HAZARIBAGH,156.0,98.0,33.0,126.0,212.0,729.0,1354.0,6.0,1.3741958089303428,1374.0,-20.0,5.0
2004,JHARKHAND,JAMSHEDPUR,270.0,116.0,50.0,37.0,133.0,819.0,1425.0,6.0,1.2713777573579788,1077.0,348.0,5.0
2004,JHARKHAND,JAMSHEDPUR RLY.,2.0,6.0,1.0,11.0,3.0,121.0,144.0,6.0,0.6496730769337763,146.0,-2.0,1.0
2004,JHARKHAND,JAMTARA,53.0,39.0,13.0,10.0,41.0,104.0,260.0,6.0,1.541652106246918,188.0,72.0,2.0
2004,JHARKHAND,KODERMA,55.0,14.0,13.0,63.0,107.0,86.0,338.0,6.0,1.5781390612306767,304.0,34.0,3.0
2004,JHARKHAND,LATEHAR,59.0,16.0,8.0,40.0,25.0,50.0,198.0,6.0,1.625641348182503,285.0,-87.0,2.0
2004,JHARKHAND,LOHARDAGGA,54.0,18.0,2.0,25.0,26.0,55.0,180.0,6.0,1.557379876913704,192.0,-12.0,2.0
2004,JHARKHAND,PAKUR,48.0,40.0,6.0,18.0,47.0,61.0,220.0,6.0,1.6305806457133605,280.0,-60.0,2.0
2004,JHARKHAND,PALAMU,120.0,25.0,16.0,71.0,194.0,218.0,644.0,6.0,1.50222201472605,563.0,81.0,4.0
2004,JHARKHAND,RANCHI,431.0,128.0,67.0,266.0,270.0,1066.0,2228.0,6.0,1.4495016361374768,2197.0,31.0,5.0
2004,JHARKHAND,SAHEBGANJ,105.0,48.0,22.0,22.0,69.0,142.0,408.0,6.0,1.5838893699079004,322.0,86.0,3.0
2004,JHARKHAND,SARAIKELA,89.0,30.0,16.0,19.0,31.0,184.0,369.0,6.0,1.3909264509372294,454.0,-85.0,2.0
2004,JHARKHAND,SIMDEGA,68.0,16.0,2.0,22.0,13.0,29.0,150.0,6.0,1.4661480103667734,195.0,-45.0,2.0
2004,KARNATAKA,BAGALKOT,78.0,43.0,24.0,18.0,204.0,258.0,625.0,6.0,1.401887763846657,581.0,44.0,3.0
2004,KARNATAKA,BANGALORE COMMR.,501.0,183.0,175.0,492.0,326.0,11794.0,13471.0,6.0,0.5645853227823914,12363.0,1108.0,5.0
2004,KARNATAKA,BELGAUM,189.0,61.0,26.0,44.0,274.0,637.0,1231.0,6.0,1.3124726889857485,1188.0,43.0,4.0
2004,KARNATAKA,BELLARY,74.0,43.0,17.0,16.0,227.0,462.0,839.0,6.0,1.203184363291085,857.0,-18.0,3.0
2004,KARNATAKA,BIDAR,135.0,35.0,25.0,29.0,201.0,445.0,870.0,6.0,1.3151827587561222,872.0,-2.0,4.0
2004,KARNATAKA,BIJAPUR,119.0,104.0,21.0,22.0,261.0,278.0,805.0,6.0,1.4728438298728868,690.0,115.0,4.0
2004,KARNATAKA,CHAMARAJNAGAR,42.0,49.0,9.0,8.0,106.0,277.0,491.0,6.0,1.2345922636508164,407.0,84.0,2.0
2004,KARNATAKA,CHICKMAGALUR,69.0,62.0,13.0,18.0,170.0,417.0,749.0,6.0,1.2485261627324635,850.0,-101.0,3.0
2004,KARNATAKA,CHITRADURGA,68.0,79.0,7.0,15.0,321.0,403.0,893.0,6.0,1.2441285032213605,842.0,51.0,4.0
2004,KARNATAKA,DAKSHIN KANNADA,51.0,37.0,13.0,58.0,301.0,554.0,1014.0,6.0,1.1814939509727496,759.0,255.0,4.0
2004,KARNATAKA,DAVANAGERE,56.0,69.0,10.0,24.0,270.0,486.0,915.0,6.0,1.2069639488800332,1037.0,-122.0,4.0
2004,KARNATAKA,DHARWAD COMMR.,34.0,9.0,10.0,8.0,70.0,506.0,637.0,6.0,0.7623349869704878,659.0,-22.0,2.0
2004,KARNATAKA,GADAG,35.0,22.0,5.0,8.0,103.0,144.0,317.0,6.0,1.3104694743560876,293.0,24.0,2.0
2004,KARNATAKA,GULBARGA,239.0,145.0,40.0,34.0,558.0,529.0,1545.0,6.0,1.4241398372115006,1250.0,295.0,5.0
2004,KARNATAKA,HASSAN,118.0,65.0,19.0,53.0,200.0,708.0,1163.0,6.0,1.2062047029078728,1157.0,6.0,4.0
2004,KARNATAKA,HAVERI,36.0,37.0,7.0,5.0,252.0,207.0,544.0,6.0,1.1857725457224426,535.0,9.0,3.0
2004,KARNATAKA,K.G.F.,28.0,11.0,8.0,7.0,67.0,169.0,290.0,6.0,1.1919403506229065,370.0,-80.0,2.0
2004,KARNATAKA,KODAGU,43.0,26.0,3.0,10.0,57.0,270.0,409.0,6.0,1.0875741928265255,418.0,-9.0,2.0
2004,KARNATAKA,KOLAR,100.0,48.0,28.0,26.0,412.0,566.0,1180.0,6.0,1.2320385550945763,1076.0,104.0,5.0
2004,KARNATAKA,KOPPAL,35.0,24.0,4.0,7.0,87.0,153.0,310.0,6.0,1.29119155275552,344.0,-34.0,2.0
2004,KARNATAKA,MANDYA,108.0,61.0,8.0,20.0,270.0,497.0,964.0,6.0,1.2380759129216536,1046.0,-82.0,4.0
2004,KARNATAKA,MYSORE COMMR.,54.0,10.0,7.0,64.0,31.0,672.0,838.0,6.0,0.7649463988192985,694.0,144.0,2.0
2004,KARNATAKA,RAICHUR,88.0,63.0,11.0,16.0,200.0,263.0,641.0,6.0,1.391420441685527,733.0,-92.0,3.0
2004,KARNATAKA,SHIMOGA,89.0,71.0,22.0,34.0,250.0,545.0,1011.0,6.0,1.2764285646743232,944.0,67.0,4.0
2004,KARNATAKA,TUMKUR,122.0,76.0,8.0,38.0,228.0,797.0,1269.0,6.0,1.1313098498107836,1199.0,70.0,4.0
2004,KARNATAKA,UDUPI,40.0,21.0,8.0,21.0,140.0,243.0,473.0,6.0,1.2569716616855149,473.0,0.0,2.0
2004,KARNATAKA,UTTAR KANNADA,40.0,30.0,4.0,22.0,100.0,165.0,361.0,6.0,1.3843426873489764,352.0,9.0,2.0
2004,KERALA,ALAPUZHA,35.0,144.0,11.0,36.0,328.0,552.0,1106.0,6.0,1.2393724405169715,1169.0,-63.0,4.0
2004,KERALA,CBCID,29.0,0.0,0.0,5.0,9.0,119.0,162.0,4.0,0.8024760543183332,109.0,53.0,1.0
2004,KERALA,ERNAKULAM COMMR.,45.0,71.0,18.0,64.0,193.0,1185.0,1576.0,6.0,0.8939398819502292,1582.0,-6.0,3.0
2004,KERALA,IDUKKI,52.0,116.0,10.0,22.0,229.0,441.0,870.0,6.0,1.2771126951838294,821.0,49.0,3.0
2004,KERALA,KANNUR,56.0,125.0,4.0,18.0,539.0,492.0,1234.0,6.0,1.1809505625166041,1143.0,91.0,5.0
2004,KERALA,KASARGOD,44.0,102.0,4.0,17.0,345.0,427.0,939.0,6.0,1.2066568288725055,960.0,-21.0,4.0
2004,KERALA,KOLLAM,220.0,342.0,20.0,65.0,625.0,904.0,2176.0,6.0,1.3937354861159963,2111.0,65.0,5.0
2004,KERALA,KOTTAYAM,31.0,187.0,13.0,41.0,286.0,1060.0,1618.0,6.0,1.0404473292008343,1602.0,16.0,4.0
2004,KERALA,KOZHIKODE COMMR.,52.0,78.0,15.0,37.0,413.0,907.0,1502.0,6.0,1.0668858977170714,1633.0,-131.0,4.0
2004,KERALA,MALAPPURAM,79.0,190.0,10.0,35.0,607.0,1012.0,1933.0,6.0,1.161095929101682,1515.0,418.0,5.0
2004,KERALA,PALAKKAD,122.0,138.0,13.0,40.0,495.0,859.0,1667.0,6.0,1.227171589243484,1606.0,61.0,5.0
2004,KERALA,PATHANAMTHITTA,46.0,157.0,19.0,31.0,204.0,482.0,939.0,6.0,1.3123217823626887,790.0,149.0,3.0
2004,KERALA,THRISSUR,149.0,216.0,22.0,90.0,687.0,1431.0,2595.0,6.0,1.208094056774827,2323.0,272.0,5.0
2004,KERALA,TRIVANDRUM COMMR.,50.0,190.0,21.0,106.0,302.0,1175.0,1844.0,6.0,1.1306215122365846,1747.0,97.0,4.0
2004,KERALA,WAYANADU,24.0,83.0,3.0,22.0,269.0,400.0,801.0,6.0,1.1728784087769197,804.0,-3.0,3.0
2004,MADHYA PRADESH,ANUPPUR,28.0,102.0,4.0,10.0,12.0,240.0,396.0,6.0,1.085474304653836,151.0,245.0,2.0
2004,MADHYA PRADESH,ASHOK NAGAR,55.0,124.0,3.0,12.0,40.0,270.0,504.0,6.0,1.2416991587848816,550.0,-46.0,2.0
2004,MADHYA PRADESH,BALAGHAT,98.0,261.0,10.0,22.0,52.0,388.0,831.0,6.0,1.2941939714320707,698.0,133.0,3.0
2004,MADHYA PRADESH,BARWANI,63.0,113.0,1.0,5.0,38.0,321.0,541.0,6.0,1.1286866070652075,494.0,47.0,2.0
2004,MADHYA PRADESH,BETUL,104.0,235.0,17.0,12.0,31.0,359.0,758.0,6.0,1.2710935481920769,943.0,-185.0,4.0
2004,MADHYA PRADESH,BHIND,186.0,104.0,33.0,45.0,115.0,520.0,1003.0,6.0,1.3879708545916105,968.0,35.0,4.0
2004,MADHYA PRADESH,BHOPAL,162.0,335.0,43.0,108.0,151.0,3202.0,4001.0,6.0,0.7856824410240029,3534.0,467.0,5.0
2004,MADHYA PRADESH,BHOPAL RLY.,11.0,10.0,1.0,24.0,3.0,1317.0,1366.0,6.0,0.1997811770846309,1185.0,181.0,1.0
2004,MADHYA PRADESH,BURHANPUR,43.0,82.0,2.0,12.0,19.0,207.0,365.0,6.0,1.2037195776395828,106.0,259.0,2.0
2004,MADHYA PRADESH,CHHATARPUR,102.0,222.0,19.0,39.0,67.0,475.0,924.0,6.0,1.3316841626054183,838.0,86.0,4.0
2004,MADHYA PRADESH,CHHINDWARA,96.0,336.0,15.0,17.0,59.0,513.0,1036.0,6.0,1.2256046875326716,797.0,239.0,4.0
2004,MADHYA PRADESH,DAMOH,107.0,204.0,9.0,26.0,31.0,330.0,707.0,6.0,1.3141722860843497,657.0,50.0,3.0
2004,MADHYA PRADESH,DATIYA,114.0,96.0,18.0,30.0,47.0,280.0,585.0,6.0,1.4299628066205008,514.0,71.0,3.0
2004,MADHYA PRADESH,DEWAS,141.0,275.0,30.0,80.0,147.0,1229.0,1902.0,6.0,1.1512759131691972,2150.0,-248.0,5.0
2004,MADHYA PRADESH,DHAR,178.0,263.0,30.0,43.0,97.0,826.0,1437.0,6.0,1.2555211277752065,1531.0,-94.0,5.0
2004,MADHYA PRADESH,DINDORI,28.0,95.0,3.0,4.0,8.0,97.0,235.0,6.0,1.2249321416092323,252.0,-17.0,2.0
2004,MADHYA PRADESH,GUNA,85.0,239.0,6.0,22.0,85.0,523.0,960.0,6.0,1.2245998479929332,995.0,-35.0,4.0
2004,MADHYA PRADESH,GWALIOR,244.0,238.0,52.0,117.0,159.0,2337.0,3147.0,6.0,0.9555290178101165,2941.0,206.0,5.0
2004,MADHYA PRADESH,HARDA,32.0,61.0,3.0,15.0,20.0,191.0,322.0,6.0,1.21342634456712,257.0,65.0,2.0
2004,MADHYA PRADESH,HOSHANGABAD,189.0,183.0,20.0,31.0,48.0,689.0,1160.0,6.0,1.1949741764466506,1186.0,-26.0,4.0
2004,MADHYA PRADESH,INDORE,249.0,366.0,47.0,131.0,147.0,3694.0,4634.0,6.0,0.7951581711198052,4956.0,-322.0,5.0
2004,MADHYA PRADESH,INDORE RLY.,5.0,6.0,0.0,5.0,0.0,154.0,170.0,4.0,0.4150005740419781,136.0,34.0,1.0
2004,MADHYA PRADESH,JABALPUR,262.0,329.0,39.0,83.0,128.0,1790.0,2631.0,6.0,1.0702695215080265,2776.0,-145.0,5.0
2004,MADHYA PRADESH,JABALPUR RLY.,7.0,12.0,0.0,15.0,1.0,296.0,331.0,5.0,0.4594978245090925,260.0,71.0,1.0
2004,MADHYA PRADESH,JHABUA,228.0,95.0,43.0,14.0,69.0,277.0,726.0,6.0,1.4646936598327789,913.0,-187.0,4.0
2004,MADHYA PRADESH,KATNI,53.0,160.0,4.0,14.0,37.0,387.0,655.0,6.0,1.1343152648182597,752.0,-97.0,2.0
2004,MADHYA PRADESH,KHANDWA,74.0,245.0,14.0,32.0,48.0,610.0,1023.0,6.0,1.151230794905255,824.0,199.0,3.0
2004,MADHYA PRADESH,KHARGON,75.0,257.0,18.0,26.0,92.0,1064.0,1532.0,6.0,0.9906458086374901,1396.0,136.0,3.0
2004,MADHYA PRADESH,MANDLA,33.0,154.0,4.0,10.0,21.0,165.0,387.0,6.0,1.2399170623830107,492.0,-105.0,2.0
2004,MADHYA PRADESH,MANDSAUR,62.0,168.0,17.0,35.0,51.0,738.0,1071.0,6.0,1.0346639068270973,1050.0,21.0,3.0
2004,MADHYA PRADESH,MORENA,213.0,144.0,15.0,49.0,183.0,620.0,1224.0,6.0,1.3674853973751715,1255.0,-31.0,5.0
2004,MADHYA PRADESH,NARSINGHPUR,82.0,172.0,4.0,7.0,36.0,263.0,564.0,6.0,1.263476646848021,566.0,-2.0,2.0
2004,MADHYA PRADESH,NEEMUCH,42.0,85.0,6.0,17.0,59.0,580.0,789.0,6.0,0.9360975329145567,793.0,-4.0,2.0
2004,MADHYA PRADESH,PANNA,79.0,99.0,10.0,17.0,20.0,199.0,424.0,6.0,1.3691296135376914,454.0,-30.0,2.0
2004,MADHYA PRADESH,RAISEN,99.0,265.0,11.0,12.0,39.0,346.0,772.0,6.0,1.2662284396401384,776.0,-4.0,3.0
2004,MADHYA PRADESH,RAJGARH,77.0,291.0,19.0,54.0,204.0,754.0,1399.0,6.0,1.2841120514556954,1093.0,306.0,4.0
2004,MADHYA PRADESH,RATLAM,79.0,180.0,19.0,12.0,60.0,595.0,945.0,6.0,1.1236330291448255,1036.0,-91.0,3.0
2004,MADHYA PRADESH,REWA,93.0,175.0,36.0,77.0,107.0,1220.0,1708.0,6.0,1.0268598902257084,1571.0,137.0,4.0
2004,MADHYA PRADESH,SAGAR,158.0,479.0,30.0,40.0,115.0,829.0,1651.0,6.0,1.278030808328702,1849.0,-198.0,5.0
2004,MADHYA PRADESH,SATNA,127.0,244.0,17.0,47.0,62.0,864.0,1361.0,6.0,1.1296241024305913,1192.0,169.0,4.0
2004,MADHYA PRADESH,SEONI,48.0,191.0,10.0,8.0,32.0,257.0,546.0,6.0,1.2372721639289217,455.0,91.0,3.0
2004,MADHYA PRADESH,SHAHDOL,54.0,182.0,10.0,19.0,23.0,466.0,754.0,6.0,1.0858546762765613,1141.0,-387.0,2.0
2004,MADHYA PRADESH,SHAJAPUR,94.0,254.0,15.0,69.0,149.0,951.0,1532.0,6.0,1.176750637339458,1359.0,173.0,4.0
2004,MADHYA PRADESH,SHEOPUR,26.0,72.0,5.0,4.0,31.0,149.0,287.0,6.0,1.2752855590025567,334.0,-47.0,2.0
2004,MADHYA PRADESH,SHIVPURI,127.0,174.0,28.0,39.0,75.0,515.0,958.0,6.0,1.3443617916612796,946.0,12.0,4.0
2004,MADHYA PRADESH,SIDHI,82.0,212.0,27.0,30.0,44.0,655.0,1050.0,6.0,1.1452014349881305,997.0,53.0,3.0
2004,MADHYA PRADESH,SIHORE,62.0,152.0,5.0,17.0,35.0,534.0,805.0,6.0,1.0338329015062286,829.0,-24.0,3.0
2004,MADHYA PRADESH,TIKAMGARH,101.0,176.0,11.0,22.0,49.0,424.0,783.0,6.0,1.265561410003424,657.0,126.0,3.0
2004,MADHYA PRADESH,UJJAIN,198.0,252.0,36.0,68.0,129.0,2277.0,2960.0,6.0,0.8693127106773687,2546.0,414.0,5.0
2004,MADHYA PRADESH,UMARIYA,69.0,93.0,2.0,12.0,19.0,228.0,423.0,6.0,1.2276903354415158,374.0,49.0,2.0
2004,MADHYA PRADESH,VIDISHA,106.0,303.0,11.0,14.0,78.0,514.0,1026.0,6.0,1.2441098857829989,1196.0,-170.0,4.0
2004,MAHARASHTRA,AHMEDNAGAR,155.0,114.0,25.0,138.0,210.0,1417.0,2059.0,6.0,1.079632729609034,1874.0,185.0,5.0
2004,MAHARASHTRA,AKOLA,100.0,132.0,23.0,72.0,138.0,1382.0,1847.0,6.0,0.938381949637142,1506.0,341.0,4.0
2004,MAHARASHTRA,AMRAVATI COMMR.,43.0,57.0,21.0,45.0,115.0,1136.0,1417.0,6.0,0.7882996151188044,1613.0,-196.0,3.0
2004,MAHARASHTRA,AURANGABAD COMMR.,48.0,33.0,15.0,49.0,117.0,911.0,1173.0,6.0,0.8458831261887817,1177.0,-4.0,3.0
2004,MAHARASHTRA,BEED,100.0,106.0,19.0,100.0,430.0,1087.0,1842.0,6.0,1.1786833092071707,1647.0,195.0,5.0
2004,MAHARASHTRA,BHANDARA,39.0,102.0,16.0,13.0,126.0,718.0,1014.0,6.0,0.9812158141221349,875.0,139.0,3.0
2004,MAHARASHTRA,BULDHANA,85.0,145.0,20.0,61.0,202.0,1008.0,1521.0,6.0,1.1119694383909695,1612.0,-91.0,4.0
2004,MAHARASHTRA,CHANDRAPUR,83.0,124.0,18.0,35.0,165.0,1076.0,1501.0,6.0,0.9881135214491983,1321.0,180.0,4.0
2004,MAHARASHTRA,DHULE,51.0,35.0,3.0,18.0,89.0,431.0,627.0,6.0,1.027447271621627,502.0,125.0,2.0
2004,MAHARASHTRA,GADCHIROLI,97.0,75.0,8.0,16.0,75.0,314.0,585.0,6.0,1.315754528582726,555.0,30.0,3.0
2004,MAHARASHTRA,GONDIA,39.0,115.0,21.0,28.0,67.0,520.0,790.0,6.0,1.1283770164023732,780.0,10.0,2.0
2004,MAHARASHTRA,HINGOLI,62.0,42.0,15.0,44.0,112.0,352.0,627.0,6.0,1.3174065085033917,572.0,55.0,3.0
2004,MAHARASHTRA,JALGAON,124.0,119.0,12.0,53.0,189.0,1138.0,1635.0,6.0,1.0351763265177332,1371.0,264.0,4.0
2004,MAHARASHTRA,JALNA,83.0,59.0,10.0,54.0,187.0,599.0,992.0,6.0,1.1993718192758727,913.0,79.0,4.0
2004,MAHARASHTRA,KOLHAPUR,112.0,49.0,20.0,34.0,146.0,959.0,1320.0,6.0,0.9649490768810719,1520.0,-200.0,4.0
2004,MAHARASHTRA,LATUR,96.0,58.0,19.0,38.0,218.0,661.0,1090.0,6.0,1.1828807298136887,899.0,191.0,4.0
2004,MAHARASHTRA,MUMBAI,384.0,508.0,178.0,344.0,223.0,16425.0,18062.0,6.0,0.44392442396911375,15250.0,2812.0,5.0
2004,MAHARASHTRA,MUMBAI RLY.,13.0,10.0,2.0,31.0,8.0,1821.0,1885.0,6.0,0.1934870633863484,1719.0,166.0,1.0
2004,MAHARASHTRA,NAGPUR COMMR.,170.0,82.0,49.0,199.0,221.0,3785.0,4506.0,6.0,0.6778433417731384,3907.0,599.0,5.0
2004,MAHARASHTRA,NAGPUR RLY.,6.0,7.0,2.0,15.0,10.0,1033.0,1073.0,6.0,0.2133911547770771,983.0,90.0,1.0
2004,MAHARASHTRA,NANDED,176.0,109.0,23.0,92.0,307.0,1116.0,1823.0,6.0,1.2004153339895325,1718.0,105.0,5.0
2004,MAHARASHTRA,NANDURBAR,52.0,50.0,9.0,10.0,73.0,316.0,510.0,6.0,1.1836562659911072,482.0,28.0,2.0
2004,MAHARASHTRA,NASIK COMMR.,36.0,41.0,17.0,23.0,86.0,1321.0,1524.0,6.0,0.5853177361898881,1431.0,93.0,2.0
2004,MAHARASHTRA,NAVI MUMBAI,93.0,50.0,19.0,129.0,101.0,1624.0,2016.0,6.0,0.7776306541146909,1554.0,462.0,4.0
2004,MAHARASHTRA,OSMANABAD,62.0,61.0,12.0,31.0,142.0,566.0,874.0,6.0,1.1274398594470185,868.0,6.0,3.0
2004,MAHARASHTRA,PARBHANI,74.0,58.0,12.0,63.0,133.0,521.0,861.0,6.0,1.2360212351177182,818.0,43.0,3.0
2004,MAHARASHTRA,PUNE COMMR.,179.0,130.0,70.0,154.0,533.0,5248.0,6314.0,6.0,0.6838252938067826,5094.0,1220.0,5.0
2004,MAHARASHTRA,PUNE RLY.,4.0,0.0,0.0,5.0,3.0,133.0,145.0,4.0,0.3746327912057631,206.0,-61.0,1.0
2004,MAHARASHTRA,RAIGAD,75.0,69.0,13.0,43.0,158.0,484.0,842.0,6.0,1.2689628954497283,837.0,5.0,3.0
2004,MAHARASHTRA,RATNAGIRI,25.0,63.0,6.0,14.0,99.0,404.0,611.0,6.0,1.0653830169883176,550.0,61.0,2.0
2004,MAHARASHTRA,SANGLI,95.0,61.0,14.0,36.0,140.0,996.0,1342.0,6.0,0.9297126643757259,1241.0,101.0,3.0
2004,MAHARASHTRA,SATARA,88.0,60.0,20.0,51.0,134.0,905.0,1258.0,6.0,1.002464666680669,1141.0,117.0,3.0
2004,MAHARASHTRA,SINDHUDURG,16.0,23.0,5.0,11.0,56.0,195.0,306.0,6.0,1.1335314003633006,327.0,-21.0,1.0
2004,MAHARASHTRA,SOLAPUR COMMR.,33.0,32.0,10.0,45.0,58.0,696.0,874.0,6.0,0.8100563257790614,864.0,10.0,2.0
2004,MAHARASHTRA,THANE COMMR.,188.0,144.0,67.0,192.0,256.0,3802.0,4649.0,6.0,0.7541980649480183,4219.0,430.0,5.0
2004,MAHARASHTRA,WARDHA,70.0,135.0,25.0,47.0,128.0,921.0,1326.0,6.0,1.0599491978140059,1347.0,-21.0,3.0
2004,MAHARASHTRA,WASHIM,51.0,90.0,17.0,23.0,157.0,567.0,905.0,6.0,1.1564418077139478,731.0,174.0,3.0
2004,MAHARASHTRA,YAVATMAL,154.0,191.0,42.0,40.0,149.0,1357.0,1933.0,6.0,1.0396250701846088,1561.0,372.0,4.0
2004,MANIPUR,BISHNUPUR,67.0,10.0,14.0,0.0,43.0,34.0,168.0,5.0,1.4137561112156312,125.0,43.0,2.0
2004,MANIPUR,CHANDEL,19.0,1.0,1.0,0.0,0.0,9.0,30.0,4.0,0.8772186549892106,42.0,-12.0,1.0
2004,MANIPUR,CHURACHANDPUR,46.0,0.0,7.0,0.0,0.0,12.0,65.0,3.0,0.7965756532903823,61.0,4.0,1.0
2004,MANIPUR,IMPHAL(EAST),54.0,9.0,23.0,1.0,49.0,120.0,256.0,6.0,1.3557449037837284,168.0,88.0,2.0
2004,MANIPUR,IMPHAL(WEST),87.0,28.0,38.0,2.0,80.0,237.0,472.0,6.0,1.3520156693535348,393.0,79.0,3.0
2004,MANIPUR,SENAPATI,18.0,0.0,7.0,1.0,5.0,17.0,48.0,5.0,1.3324535297278006,59.0,-11.0,1.0
2004,MANIPUR,TAMENGLONG,2.0,0.0,5.0,0.0,0.0,9.0,16.0,3.0,0.9470571522825082,12.0,4.0,1.0
2004,MANIPUR,THOUBAL,84.0,13.0,32.0,0.0,20.0,27.0,176.0,5.0,1.3901502308755025,197.0,-21.0,2.0
2004,MANIPUR,UKHRUL,12.0,0.0,1.0,1.0,3.0,12.0,29.0,5.0,1.1971718140928072,21.0,8.0,1.0
2004,MEGHALAYA,GARO HILLS EAST,17.0,1.0,3.0,15.0,2.0,38.0,76.0,6.0,1.282104588151914,99.0,-23.0,1.0
2004,MEGHALAYA,GARO HILLS SOUTH,7.0,1.0,2.0,5.0,0.0,9.0,24.0,5.0,1.393475656901964,31.0,-7.0,1.0
2004,MEGHALAYA,GARO HILLS WEST,32.0,22.0,10.0,17.0,2.0,54.0,137.0,6.0,1.5120364475948325,155.0,-18.0,1.0
2004,MEGHALAYA,JAINTIA HILLS,37.0,16.0,6.0,19.0,8.0,85.0,171.0,6.0,1.4052824519510865,136.0,35.0,1.0
2004,MEGHALAYA,KHASI HILLS EAST,46.0,30.0,29.0,74.0,2.0,353.0,534.0,6.0,1.0995805953016689,561.0,-27.0,2.0
2004,MEGHALAYA,KHASI HILLS WEST,15.0,12.0,2.0,12.0,0.0,40.0,81.0,5.0,1.3179061282882103,70.0,11.0,1.0
2004,MEGHALAYA,RI-BHOI,19.0,6.0,2.0,30.0,3.0,50.0,110.0,6.0,1.34580672608399,105.0,5.0,1.0
2004,MIZORAM,AIZAWL,18.0,36.0,6.0,5.0,7.0,431.0,503.0,6.0,0.5984329580079057,1148.0,-645.0,1.0
2004,MIZORAM,CHAMPHAI,10.0,8.0,2.0,2.0,3.0,106.0,131.0,6.0,0.7526450115408281,144.0,-13.0,1.0
2004,MIZORAM,KOLASIB,6.0,4.0,1.0,2.0,1.0,13.0,27.0,6.0,1.4059713005240417,147.0,-120.0,1.0
2004,MIZORAM,LAWNGTLAI,4.0,6.0,1.0,2.0,3.0,57.0,73.0,6.0,0.8461883760313846,76.0,-3.0,1.0
2004,MIZORAM,LUNGLEI,8.0,12.0,2.0,3.0,5.0,139.0,169.0,6.0,0.7211672970215612,310.0,-141.0,1.0
2004,MIZORAM,MAMIT,4.0,4.0,1.0,1.0,1.0,12.0,23.0,6.0,1.3568318382589266,59.0,-36.0,1.0
2004,MIZORAM,SAIHA,5.0,11.0,1.0,1.0,3.0,75.0,96.0,6.0,0.798395244132626,163.0,-67.0,1.0
2004,MIZORAM,SERCHHIP,3.0,5.0,1.0,0.0,1.0,77.0,87.0,5.0,0.4910110622073597,109.0,-22.0,1.0
2004,NAGALAND,DIMAPUR,27.0,2.0,9.0,97.0,0.0,117.0,252.0,5.0,1.120420253283533,186.0,66.0,2.0
2004,NAGALAND,KIPHIRE,1.0,0.0,0.0,3.0,0.0,10.0,14.0,3.0,0.7589367727620595,8.0,6.0,1.0
2004,NAGALAND,KOHIMA,17.0,12.0,9.0,17.0,1.0,64.0,120.0,6.0,1.3533944758952765,146.0,-26.0,1.0
2004,NAGALAND,MOKOKCHUNG,9.0,1.0,1.0,1.0,2.0,19.0,33.0,6.0,1.1599725262753215,54.0,-21.0,1.0
2004,NAGALAND,MON,12.0,0.0,2.0,7.0,0.0,42.0,63.0,4.0,0.9398225173460637,59.0,4.0,1.0
2004,NAGALAND,PEREN,5.0,2.0,0.0,0.0,0.0,5.0,12.0,3.0,1.0281838593329258,21.0,-9.0,1.0
2004,NAGALAND,PHEK,10.0,2.0,0.0,0.0,1.0,12.0,25.0,4.0,1.0496348213275466,44.0,-19.0,1.0
2004,NAGALAND,TUENSANG,13.0,1.0,0.0,2.0,5.0,15.0,36.0,5.0,1.26689175548879,39.0,-3.0,1.0
2004,NAGALAND,WOKHA,9.0,0.0,2.0,0.0,2.0,46.0,59.0,4.0,0.710332119214802,62.0,-3.0,1.0
2004,NAGALAND,ZUNHEBOTO,5.0,1.0,0.0,4.0,0.0,34.0,44.0,4.0,0.7503572511091805,24.0,20.0,1.0
2004,ODISHA,ANGUL,91.0,108.0,10.0,31.0,107.0,364.0,711.0,6.0,1.3737124649669166,645.0,66.0,3.0
2004,ODISHA,BALASORE,50.0,173.0,35.0,39.0,69.0,366.0,732.0,6.0,1.3950239138071863,718.0,14.0,3.0
2004,ODISHA,BARAGARH,75.0,85.0,14.0,25.0,93.0,249.0,541.0,6.0,1.4611952721252544,524.0,17.0,3.0
2004,ODISHA,BERHAMPUR,68.0,70.0,13.0,47.0,39.0,259.0,496.0,6.0,1.4067375355917833,443.0,53.0,2.0
2004,ODISHA,BHADRAK,62.0,94.0,17.0,18.0,53.0,181.0,425.0,6.0,1.5003320066311472,410.0,15.0,2.0
2004,ODISHA,BOLANGIR,90.0,127.0,6.0,31.0,99.0,252.0,605.0,6.0,1.4701345974017905,585.0,20.0,3.0
2004,ODISHA,BOUDH,14.0,48.0,4.0,5.0,31.0,72.0,174.0,6.0,1.4192255173005177,171.0,3.0,1.0
2004,ODISHA,CUTTACK,161.0,109.0,51.0,158.0,94.0,1129.0,1702.0,6.0,1.1570765160246088,1627.0,75.0,5.0
2004,ODISHA,DEOGARH,25.0,50.0,3.0,12.0,23.0,64.0,177.0,6.0,1.518112179703987,188.0,-11.0,1.0
2004,ODISHA,DHENKANAL,85.0,116.0,20.0,33.0,118.0,206.0,578.0,6.0,1.5761404942310435,423.0,155.0,3.0
2004,ODISHA,GAJAPATI,24.0,28.0,7.0,2.0,25.0,65.0,151.0,6.0,1.465029825009064,119.0,32.0,1.0
2004,ODISHA,GANJAM,142.0,170.0,18.0,50.0,119.0,326.0,825.0,6.0,1.527886101004644,811.0,14.0,4.0
2004,ODISHA,JAGATSINGHPUR,62.0,29.0,29.0,35.0,37.0,219.0,411.0,6.0,1.4214317941512453,401.0,10.0,3.0
2004,ODISHA,JAJPUR,52.0,40.0,21.0,52.0,85.0,288.0,538.0,6.0,1.3975658628196896,493.0,45.0,3.0
2004,ODISHA,JHARSUGUDA,29.0,53.0,9.0,8.0,29.0,144.0,272.0,6.0,1.3492127345831786,309.0,-37.0,2.0
2004,ODISHA,KALAHANDI,42.0,55.0,11.0,31.0,65.0,199.0,403.0,6.0,1.445788340708719,367.0,36.0,2.0
2004,ODISHA,KANDHAMAL,37.0,93.0,17.0,14.0,34.0,137.0,332.0,6.0,1.4853133129825697,360.0,-28.0,2.0
2004,ODISHA,KENDRAPARA,55.0,28.0,8.0,26.0,29.0,141.0,287.0,6.0,1.4417894721790696,307.0,-20.0,2.0
2004,ODISHA,KEONJHAR,99.0,126.0,14.0,25.0,81.0,253.0,598.0,6.0,1.4812078010207665,632.0,-34.0,3.0
2004,ODISHA,KHURDA,124.0,93.0,57.0,213.0,89.0,1922.0,2498.0,6.0,0.8882496328215392,2388.0,110.0,5.0
2004,ODISHA,KORAPUT,85.0,122.0,20.0,48.0,79.0,254.0,608.0,6.0,1.5399158319309767,603.0,5.0,3.0
2004,ODISHA,MALKANGIR,79.0,47.0,2.0,6.0,15.0,72.0,221.0,6.0,1.3853985278189074,179.0,42.0,2.0
2004,ODISHA,MAYURBHANJ,144.0,186.0,26.0,34.0,37.0,385.0,812.0,6.0,1.3819493417087954,767.0,45.0,4.0
2004,ODISHA,NAYAGARH,50.0,28.0,20.0,25.0,19.0,179.0,321.0,6.0,1.367155087308348,319.0,2.0,2.0
2004,ODISHA,NOWRANGPUR,34.0,49.0,13.0,22.0,46.0,120.0,284.0,6.0,1.5554557823950192,329.0,-45.0,2.0
2004,ODISHA,NUAPADA,12.0,32.0,7.0,8.0,37.0,97.0,193.0,6.0,1.3853313301145356,156.0,37.0,1.0
2004,ODISHA,PURI,156.0,58.0,30.0,55.0,60.0,448.0,807.0,6.0,1.332319306144162,751.0,56.0,4.0
2004,ODISHA,RAYAGADA,46.0,78.0,4.0,10.0,52.0,126.0,316.0,6.0,1.4540079897361937,317.0,-1.0,2.0
2004,ODISHA,ROURKELA,45.0,66.0,9.0,21.0,13.0,366.0,520.0,6.0,1.0129919672033068,436.0,84.0,2.0
2004,ODISHA,SAMBALPUR,92.0,79.0,16.0,47.0,42.0,410.0,686.0,6.0,1.2683180858689724,667.0,19.0,3.0
2004,ODISHA,SONEPUR,23.0,34.0,1.0,9.0,11.0,67.0,145.0,6.0,1.3913620217355902,170.0,-25.0,1.0
2004,ODISHA,SRP(CUTTACK),4.0,3.0,3.0,9.0,1.0,275.0,295.0,6.0,0.3428264606421205,380.0,-85.0,1.0
2004,ODISHA,SRP(ROURKELA),10.0,4.0,0.0,6.0,3.0,104.0,127.0,5.0,0.7053360977460288,115.0,12.0,1.0
2004,ODISHA,SUNDARGARH,121.0,100.0,11.0,35.0,42.0,296.0,605.0,6.0,1.3920875865981972,516.0,89.0,3.0
2004,PUNJAB,AMRITSAR,102.0,34.0,31.0,7.0,4.0,513.0,691.0,6.0,0.8673364298581818,649.0,42.0,2.0
2004,PUNJAB,BARNALA,41.0,18.0,8.0,6.0,0.0,160.0,233.0,5.0,0.9716519902042118,257.0,-24.0,1.0
2004,PUNJAB,BATALA,61.0,13.0,8.0,0.0,0.0,156.0,238.0,4.0,0.8986542164196325,286.0,-48.0,1.0
2004,PUNJAB,BHATINDA,86.0,45.0,26.0,0.0,1.0,440.0,598.0,5.0,0.8463247516973882,651.0,-53.0,2.0
2004,PUNJAB,FARIDKOT,37.0,22.0,15.0,2.0,0.0,172.0,248.0,5.0,0.9610779633775377,257.0,-9.0,1.0
2004,PUNJAB,FATEHGARH SAHIB,36.0,14.0,10.0,1.0,0.0,153.0,214.0,5.0,0.8863669622086894,186.0,28.0,1.0
2004,PUNJAB,FEROZEPUR,95.0,46.0,19.0,3.0,5.0,400.0,568.0,6.0,0.932598540523828,796.0,-228.0,2.0
2004,PUNJAB,G.R.P,12.0,6.0,0.0,1.0,16.0,52.0,87.0,5.0,1.1280284688282036,53.0,34.0,1.0
2004,PUNJAB,GURDASPUR,44.0,22.0,8.0,2.0,2.0,153.0,231.0,6.0,1.0113683559979512,192.0,39.0,1.0
2004,PUNJAB,HOSHIARPUR,70.0,34.0,21.0,6.0,5.0,270.0,406.0,6.0,1.0516793387157806,478.0,-72.0,2.0
2004,PUNJAB,JAGRAON,64.0,31.0,28.0,4.0,2.0,267.0,396.0,6.0,1.0201750431801617,257.0,139.0,2.0
2004,PUNJAB,JALANDHAR,172.0,57.0,53.0,7.0,9.0,843.0,1141.0,6.0,0.870591128537165,1442.0,-301.0,4.0
2004,PUNJAB,KAPURTHALA,51.0,14.0,12.0,1.0,3.0,270.0,351.0,6.0,0.7834114215382996,424.0,-73.0,2.0
2004,PUNJAB,KHANNA,44.0,13.0,14.0,3.0,0.0,143.0,217.0,5.0,1.0030397169174727,213.0,4.0,1.0
2004,PUNJAB,LUDHIANA,120.0,81.0,70.0,8.0,2.0,878.0,1159.0,6.0,0.8459603036400458,1859.0,-700.0,4.0
2004,PUNJAB,MAJITHA,65.0,20.0,16.0,5.0,2.0,156.0,264.0,6.0,1.1334405477510476,265.0,-1.0,2.0
2004,PUNJAB,MANSA,70.0,9.0,5.0,2.0,0.0,146.0,232.0,5.0,0.9027298766999797,216.0,16.0,1.0
2004,PUNJAB,MOGA,59.0,16.0,14.0,1.0,2.0,204.0,296.0,6.0,0.9330428851813997,391.0,-95.0,2.0
2004,PUNJAB,MUKTSAR,45.0,13.0,10.0,2.0,2.0,190.0,262.0,6.0,0.8836988280002687,220.0,42.0,1.0
2004,PUNJAB,NAWAN SHAHR,44.0,21.0,16.0,12.0,3.0,207.0,303.0,6.0,1.0543656718135817,317.0,-14.0,2.0
2004,PUNJAB,PATIALA,103.0,44.0,45.0,10.0,2.0,800.0,1004.0,6.0,0.7491150600672895,1012.0,-8.0,3.0
2004,PUNJAB,ROPAR,42.0,20.0,12.0,4.0,3.0,308.0,389.0,6.0,0.7696785808863585,445.0,-56.0,1.0
2004,PUNJAB,SANGRUR,103.0,34.0,16.0,10.0,5.0,381.0,549.0,6.0,0.9585276480745171,548.0,1.0,2.0
2004,PUNJAB,TARN TARAN,73.0,24.0,6.0,6.0,0.0,133.0,242.0,5.0,1.1030105409648965,207.0,35.0,2.0
2004,RAJASTHAN,AJMER,125.0,126.0,101.0,53.0,78.0,1561.0,2044.0,6.0,0.9164763057931247,1898.0,146.0,4.0
2004,RAJASTHAN,ALWAR,158.0,141.0,86.0,31.0,114.0,1691.0,2221.0,6.0,0.9085720455590399,2243.0,-22.0,5.0
2004,RAJASTHAN,BANSWARA,49.0,112.0,54.0,10.0,170.0,230.0,625.0,6.0,1.5074379969559821,835.0,-210.0,4.0
2004,RAJASTHAN,BARAN,134.0,214.0,63.0,11.0,43.0,531.0,996.0,6.0,1.2956609378799397,1202.0,-206.0,4.0
2004,RAJASTHAN,BARMER,40.0,109.0,21.0,7.0,61.0,457.0,695.0,6.0,1.096124716188768,613.0,82.0,2.0
2004,RAJASTHAN,BHARATPUR,227.0,96.0,128.0,33.0,47.0,1282.0,1813.0,6.0,1.0155561422552277,1759.0,54.0,5.0
2004,RAJASTHAN,BHILWARA,84.0,165.0,157.0,57.0,209.0,1536.0,2208.0,6.0,1.0761843067999597,1983.0,225.0,5.0
2004,RAJASTHAN,BIKANER,150.0,89.0,31.0,10.0,22.0,977.0,1279.0,6.0,0.8405345222127282,994.0,285.0,3.0
2004,RAJASTHAN,BUNDI,119.0,188.0,99.0,17.0,111.0,635.0,1169.0,6.0,1.352134925246995,1141.0,28.0,4.0
2004,RAJASTHAN,CHITTORGARH,98.0,232.0,184.0,42.0,178.0,1299.0,2033.0,6.0,1.1908815223782951,2069.0,-36.0,5.0
2004,RAJASTHAN,CHURU,67.0,59.0,31.0,3.0,50.0,557.0,767.0,6.0,0.9719411119206063,865.0,-98.0,2.0
2004,RAJASTHAN,DAUSA,45.0,44.0,50.0,5.0,104.0,756.0,1004.0,6.0,0.9005237647257031,862.0,142.0,3.0
2004,RAJASTHAN,DHOLPUR,82.0,81.0,44.0,26.0,79.0,469.0,781.0,6.0,1.2849857869314938,655.0,126.0,3.0
2004,RAJASTHAN,DUNGARPUR,34.0,61.0,40.0,14.0,153.0,177.0,479.0,6.0,1.4932098897505752,444.0,35.0,3.0
2004,RAJASTHAN,G.R.P.,7.0,14.0,3.0,3.0,8.0,564.0,599.0,6.0,0.30717148531352384,591.0,8.0,1.0
2004,RAJASTHAN,GANGANAGAR,166.0,96.0,69.0,12.0,36.0,1303.0,1682.0,6.0,0.8383122450270324,1623.0,59.0,4.0
2004,RAJASTHAN,HANUMANGARH,148.0,129.0,35.0,18.0,22.0,774.0,1126.0,6.0,1.0235079324950735,1202.0,-76.0,3.0
2004,RAJASTHAN,JAIPUR,209.0,321.0,227.0,73.0,856.0,6817.0,8503.0,6.0,0.7606709095646789,7966.0,537.0,5.0
2004,RAJASTHAN,JAISALMER,5.0,16.0,10.0,0.0,27.0,232.0,290.0,5.0,0.7455184207162153,234.0,56.0,1.0
2004,RAJASTHAN,JALORE,50.0,50.0,27.0,8.0,28.0,289.0,452.0,6.0,1.185088225390265,514.0,-62.0,2.0
2004,RAJASTHAN,JHALAWAR,148.0,207.0,88.0,38.0,139.0,703.0,1323.0,6.0,1.3902256508006936,1154.0,169.0,5.0
2004,RAJASTHAN,JHUNJHUNU,44.0,81.0,40.0,9.0,117.0,620.0,911.0,6.0,1.0698827967802031,824.0,87.0,3.0
2004,RAJASTHAN,JODHPUR,163.0,120.0,66.0,26.0,129.0,2176.0,2680.0,6.0,0.760731063823664,2482.0,198.0,4.0
2004,RAJASTHAN,KARAULI,52.0,115.0,75.0,14.0,28.0,515.0,799.0,6.0,1.1502721355227519,708.0,91.0,3.0
2004,RAJASTHAN,KOTA,351.0,228.0,137.0,51.0,98.0,1978.0,2843.0,6.0,1.0473669280588305,2475.0,368.0,5.0
2004,RAJASTHAN,NAGAUR,89.0,185.0,40.0,9.0,48.0,823.0,1194.0,6.0,1.018761726459213,1166.0,28.0,3.0
2004,RAJASTHAN,PALI,110.0,158.0,90.0,19.0,74.0,928.0,1379.0,6.0,1.1106045729985117,1302.0,77.0,4.0
2004,RAJASTHAN,RAJSAMAND,33.0,36.0,38.0,7.0,68.0,360.0,542.0,6.0,1.1252197805912423,635.0,-93.0,2.0
2004,RAJASTHAN,SAWAI MADHOPUR,44.0,73.0,50.0,6.0,24.0,621.0,818.0,6.0,0.8924497644853233,802.0,16.0,3.0
2004,RAJASTHAN,SIKAR,67.0,56.0,66.0,7.0,269.0,710.0,1175.0,6.0,1.1425654061225186,1001.0,174.0,4.0
2004,RAJASTHAN,SIROHI,73.0,58.0,33.0,24.0,57.0,407.0,652.0,6.0,1.2401547398193296,527.0,125.0,3.0
2004,RAJASTHAN,TONK,59.0,44.0,67.0,10.0,143.0,596.0,919.0,6.0,1.1322202581444887,968.0,-49.0,4.0
2004,RAJASTHAN,UDAIPUR,138.0,159.0,134.0,78.0,346.0,1397.0,2252.0,6.0,1.2266310627800652,1748.0,504.0,5.0
2004,SIKKIM,EAST,9.0,16.0,1.0,4.0,25.0,119.0,174.0,6.0,1.0276230607184424,128.0,46.0,1.0
2004,SIKKIM,NORTH,3.0,1.0,0.0,0.0,3.0,3.0,10.0,4.0,1.313834033192747,8.0,2.0,1.0
2004,SIKKIM,SOUTH,9.0,14.0,4.0,0.0,15.0,30.0,72.0,5.0,1.4305039562172086,43.0,29.0,1.0
2004,SIKKIM,WEST,6.0,12.0,0.0,1.0,40.0,11.0,70.0,5.0,1.1841886309327323,29.0,41.0,1.0
2004,TAMIL NADU,CHENGAI,135.0,135.0,36.0,28.0,96.0,1458.0,1888.0,6.0,0.8662718026622058,2201.0,-313.0,4.0
2004,TAMIL NADU,CHENNAI,281.0,85.0,37.0,51.0,33.0,4077.0,4564.0,6.0,0.47150869085845043,5714.0,-1150.0,4.0
2004,TAMIL NADU,CHENNAI RLY.,5.0,0.0,1.0,5.0,7.0,239.0,257.0,5.0,0.34055258653195425,228.0,29.0,1.0
2004,TAMIL NADU,CUDDALORE,161.0,71.0,41.0,19.0,268.0,593.0,1153.0,6.0,1.313988991427748,1091.0,62.0,4.0
2004,TAMIL NADU,DHARMAPURI,55.0,79.0,23.0,14.0,196.0,268.0,635.0,6.0,1.4023685278694544,1298.0,-663.0,3.0
2004,TAMIL NADU,DINDIGUL,101.0,48.0,26.0,20.0,64.0,691.0,950.0,6.0,0.9821534459180989,945.0,5.0,3.0
2004,TAMIL NADU,ERODE,82.0,48.0,22.0,21.0,49.0,972.0,1194.0,6.0,0.756304186324164,1196.0,-2.0,2.0
2004,TAMIL NADU,KANCHIPURAM,100.0,82.0,12.0,12.0,76.0,490.0,772.0,6.0,1.1491139127547756,932.0,-160.0,3.0
2004,TAMIL NADU,KANYAKUMARI,75.0,25.0,12.0,7.0,23.0,507.0,649.0,6.0,0.8087220837844108,653.0,-4.0,2.0
2004,TAMIL NADU,KARUR,38.0,16.0,6.0,7.0,32.0,260.0,359.0,6.0,0.9706694791907214,464.0,-105.0,1.0
2004,TAMIL NADU,KRISHNAGIRI,74.0,47.0,27.0,13.0,199.0,447.0,807.0,6.0,1.2373124624223188,,,3.0
2004,TAMIL NADU,NAGAPATTINAM,76.0,37.0,21.0,3.0,78.0,363.0,578.0,6.0,1.1528921696970789,609.0,-31.0,2.0
2004,TAMIL NADU,NAMAKKAL,51.0,42.0,18.0,7.0,99.0,268.0,485.0,6.0,1.28424235513832,561.0,-76.0,2.0
2004,TAMIL NADU,NILGIRIS,40.0,59.0,3.0,6.0,26.0,253.0,387.0,6.0,1.0828837843140486,365.0,22.0,2.0
2004,TAMIL NADU,PERAMBALUR,66.0,59.0,31.0,9.0,83.0,263.0,511.0,6.0,1.391827853199562,560.0,-49.0,3.0
2004,TAMIL NADU,PUDUKOTTAI,60.0,71.0,22.0,5.0,179.0,334.0,671.0,6.0,1.301877602785354,607.0,64.0,3.0
2004,TAMIL NADU,RAMNATHAPURAM,79.0,58.0,19.0,9.0,151.0,330.0,646.0,6.0,1.3195281909531862,615.0,31.0,3.0
2004,TAMIL NADU,SIVAGANGAI,59.0,29.0,21.0,7.0,36.0,432.0,584.0,6.0,0.9480702184420972,499.0,85.0,2.0
2004,TAMIL NADU,THANJAVUR,116.0,87.0,29.0,11.0,130.0,649.0,1022.0,6.0,1.1571936716815978,1059.0,-37.0,3.0
2004,TAMIL NADU,THENI,95.0,69.0,10.0,8.0,103.0,423.0,708.0,6.0,1.19542636162187,659.0,49.0,2.0
2004,TAMIL NADU,THIRUVALLUR,32.0,62.0,14.0,7.0,108.0,279.0,502.0,6.0,1.2502090557914016,739.0,-237.0,2.0
2004,TAMIL NADU,THIRUVANNAMALAI,50.0,54.0,25.0,11.0,193.0,534.0,867.0,6.0,1.1280313448638728,866.0,1.0,3.0
2004,TAMIL NADU,THIRUVARUR,49.0,75.0,10.0,2.0,79.0,281.0,496.0,6.0,1.229787638738271,579.0,-83.0,2.0
2004,TAMIL NADU,THOOTHUGUDI,153.0,51.0,31.0,18.0,41.0,760.0,1054.0,6.0,0.9620186320888631,1361.0,-307.0,3.0
2004,TAMIL NADU,TRICHY RLY.,1.0,2.0,0.0,4.0,3.0,70.0,80.0,5.0,0.5367519394856451,57.0,23.0,1.0
2004,TAMIL NADU,VELLORE,99.0,63.0,30.0,6.0,275.0,823.0,1296.0,6.0,1.0728281267526834,1157.0,139.0,4.0
2004,TAMIL NADU,VILLUPURAM,150.0,142.0,56.0,26.0,306.0,540.0,1220.0,6.0,1.439132926643314,1308.0,-88.0,5.0
2004,TAMIL NADU,VIRUDHUNAGAR,88.0,58.0,27.0,14.0,92.0,732.0,1011.0,6.0,0.9844107308001977,1022.0,-11.0,3.0
2004,TRIPURA,DHALAI,28.0,20.0,16.0,10.0,39.0,53.0,166.0,6.0,1.6547105723379822,209.0,-43.0,2.0
2004,TRIPURA,NORTH,44.0,83.0,30.0,20.0,32.0,95.0,304.0,6.0,1.6422233104453392,326.0,-22.0,3.0
2004,TRIPURA,SOUTH,43.0,117.0,28.0,18.0,40.0,145.0,391.0,6.0,1.535418700423376,400.0,-9.0,3.0
2004,TRIPURA,WEST,110.0,74.0,25.0,25.0,61.0,184.0,479.0,6.0,1.5645838260282225,726.0,-247.0,3.0
2004,UTTAR PRADESH,AGRA,299.0,119.0,156.0,71.0,227.0,1557.0,2429.0,6.0,1.1917794057256135,1827.0,602.0,5.0
2004,UTTAR PRADESH,ALIGARH,437.0,103.0,128.0,129.0,264.0,1153.0,2214.0,6.0,1.3867813187384808,1453.0,761.0,5.0
2004,UTTAR PRADESH,ALLAHABAD,332.0,47.0,79.0,61.0,200.0,1055.0,1774.0,6.0,1.2194125491350563,1179.0,595.0,5.0
2004,UTTAR PRADESH,AMBEDKAR NAGAR,90.0,16.0,28.0,28.0,30.0,178.0,370.0,6.0,1.4260945303484658,209.0,161.0,2.0
2004,UTTAR PRADESH,AURAIYA,100.0,15.0,45.0,12.0,33.0,104.0,309.0,6.0,1.5240925180253853,237.0,72.0,3.0
2004,UTTAR PRADESH,AZAMGARH,197.0,39.0,47.0,98.0,112.0,332.0,825.0,6.0,1.539952510921525,638.0,187.0,4.0
2004,UTTAR PRADESH,BADAUN,466.0,82.0,96.0,73.0,61.0,398.0,1176.0,6.0,1.4497264641892331,897.0,279.0,5.0
2004,UTTAR PRADESH,BAGHPAT,200.0,23.0,29.0,39.0,36.0,191.0,518.0,6.0,1.4150307826340622,334.0,184.0,3.0
2004,UTTAR PRADESH,BAHRAICH,108.0,28.0,30.0,16.0,37.0,260.0,479.0,6.0,1.3183594144215705,269.0,210.0,3.0
2004,UTTAR PRADESH,BALLIA,137.0,21.0,19.0,15.0,81.0,253.0,526.0,6.0,1.3405191332170432,304.0,222.0,3.0
2004,UTTAR PRADESH,BALRAMPUR,46.0,13.0,7.0,2.0,9.0,80.0,157.0,6.0,1.2676683323550473,105.0,52.0,1.0
2004,UTTAR PRADESH,BANDA,117.0,58.0,19.0,18.0,29.0,201.0,442.0,6.0,1.4210226811301752,295.0,147.0,3.0
2004,UTTAR PRADESH,BARABANKI,143.0,52.0,41.0,22.0,42.0,372.0,672.0,6.0,1.310523992368875,449.0,223.0,3.0
2004,UTTAR PRADESH,BAREILLY,437.0,117.0,117.0,124.0,115.0,1017.0,1927.0,6.0,1.3587417635479253,1166.0,761.0,5.0
2004,UTTAR PRADESH,BASTI,75.0,19.0,21.0,12.0,38.0,222.0,387.0,6.0,1.2784958740264685,331.0,56.0,2.0
2004,UTTAR PRADESH,BIJNOR,176.0,48.0,34.0,29.0,56.0,366.0,709.0,6.0,1.3464307546521288,535.0,174.0,4.0
2004,UTTAR PRADESH,BULANDSHAHAR,370.0,91.0,90.0,81.0,80.0,581.0,1293.0,6.0,1.4354861177182954,877.0,416.0,5.0
2004,UTTAR PRADESH,CHANDOLI,49.0,7.0,7.0,16.0,13.0,106.0,198.0,6.0,1.2985082333566025,174.0,24.0,2.0
2004,UTTAR PRADESH,CHITRAKOOT DHAM,47.0,19.0,9.0,2.0,9.0,54.0,140.0,6.0,1.4184799000937487,119.0,21.0,1.0
2004,UTTAR PRADESH,DEORIA,124.0,22.0,29.0,18.0,86.0,199.0,478.0,6.0,1.458653313205636,353.0,125.0,3.0
2004,UTTAR PRADESH,ETAH,393.0,70.0,63.0,50.0,86.0,380.0,1042.0,6.0,1.4382835697665615,722.0,320.0,5.0
2004,UTTAR PRADESH,ETAWAH,160.0,24.0,63.0,28.0,32.0,198.0,505.0,6.0,1.4708936027794302,378.0,127.0,3.0
2004,UTTAR PRADESH,FAIZABAD,93.0,30.0,19.0,15.0,33.0,260.0,450.0,6.0,1.2619259349282674,258.0,192.0,2.0
2004,UTTAR PRADESH,FATEHGARH,186.0,23.0,40.0,37.0,22.0,160.0,468.0,6.0,1.4362992069844953,318.0,150.0,3.0
2004,UTTAR PRADESH,FATEHPUR,155.0,29.0,20.0,14.0,7.0,161.0,386.0,6.0,1.2719736542221622,333.0,53.0,3.0
2004,UTTAR PRADESH,FIROZABAD,271.0,43.0,89.0,81.0,74.0,557.0,1115.0,6.0,1.388345576805021,709.0,406.0,5.0
2004,UTTAR PRADESH,G.R.P.,29.0,17.0,5.0,54.0,9.0,2057.0,2171.0,6.0,0.2753408869637992,2665.0,-494.0,2.0
2004,UTTAR PRADESH,GAUTAMBUDH NAGAR,137.0,44.0,32.0,49.0,45.0,985.0,1292.0,6.0,0.8925099174524229,755.0,537.0,3.0
2004,UTTAR PRADESH,GHAZIABAD,386.0,56.0,118.0,68.0,68.0,1927.0,2623.0,6.0,0.9195560408962387,1742.0,881.0,5.0
2004,UTTAR PRADESH,GHAZIPUR,139.0,23.0,9.0,29.0,57.0,187.0,444.0,6.0,1.401891955325136,285.0,159.0,3.0
2004,UTTAR PRADESH,GONDA,134.0,26.0,23.0,13.0,31.0,238.0,465.0,6.0,1.2918529422148797,249.0,216.0,3.0
2004,UTTAR PRADESH,GORAKHPUR,220.0,50.0,51.0,55.0,115.0,691.0,1182.0,6.0,1.26561678856597,845.0,337.0,4.0
2004,UTTAR PRADESH,HAMIRPUR,99.0,35.0,13.0,13.0,13.0,115.0,288.0,6.0,1.4092998307671,186.0,102.0,2.0
2004,UTTAR PRADESH,HARDOI,216.0,105.0,58.0,36.0,19.0,365.0,799.0,6.0,1.3971967106170835,611.0,188.0,4.0
2004,UTTAR PRADESH,HATHRAS,170.0,55.0,40.0,73.0,99.0,375.0,812.0,6.0,1.487970904500411,625.0,187.0,4.0
2004,UTTAR PRADESH,J.P.NAGAR,147.0,53.0,24.0,52.0,45.0,220.0,541.0,6.0,1.517717062198597,347.0,194.0,3.0
2004,UTTAR PRADESH,JALAUN,154.0,24.0,49.0,25.0,28.0,204.0,484.0,6.0,1.4272640638275798,284.0,200.0,3.0
2004,UTTAR PRADESH,JAUNPUR,152.0,28.0,22.0,42.0,55.0,330.0,629.0,6.0,1.3312210427813886,391.0,238.0,3.0
2004,UTTAR PRADESH,JHANSI,127.0,37.0,39.0,23.0,46.0,280.0,552.0,6.0,1.3902335770028338,397.0,155.0,3.0
2004,UTTAR PRADESH,KANNAUJ,115.0,27.0,17.0,20.0,26.0,155.0,360.0,6.0,1.4161721826308005,306.0,54.0,2.0
2004,UTTAR PRADESH,KANPUR DEHAT,102.0,58.0,49.0,16.0,56.0,236.0,517.0,6.0,1.4952429975313353,330.0,187.0,3.0
2004,UTTAR PRADESH,KANPUR NAGAR,311.0,60.0,109.0,67.0,102.0,1408.0,2057.0,6.0,1.0643709403398014,1807.0,250.0,5.0
2004,UTTAR PRADESH,KAUSHAMBI,111.0,23.0,12.0,20.0,9.0,128.0,303.0,6.0,1.3393346551519028,240.0,63.0,2.0
2004,UTTAR PRADESH,KHIRI,255.0,95.0,76.0,37.0,61.0,550.0,1074.0,6.0,1.3649939118600543,696.0,378.0,5.0
2004,UTTAR PRADESH,KUSHI NAGAR,115.0,27.0,28.0,24.0,85.0,234.0,513.0,6.0,1.4480725193373853,309.0,204.0,3.0
2004,UTTAR PRADESH,LALITPUR,44.0,15.0,4.0,2.0,20.0,88.0,173.0,6.0,1.2921537109157093,95.0,78.0,1.0
2004,UTTAR PRADESH,LUCKNOW,335.0,110.0,164.0,121.0,157.0,3282.0,4169.0,6.0,0.8403387799738551,3410.0,759.0,5.0
2004,UTTAR PRADESH,MAHARAJGANJ,58.0,19.0,11.0,8.0,28.0,94.0,218.0,6.0,1.4632388638516507,234.0,-16.0,2.0
2004,UTTAR PRADESH,MAHOBA,63.0,20.0,9.0,4.0,12.0,67.0,175.0,6.0,1.4060110186612134,179.0,-4.0,2.0
2004,UTTAR PRADESH,MAINPURI,258.0,21.0,49.0,55.0,64.0,272.0,719.0,6.0,1.4337059428883538,512.0,207.0,4.0
2004,UTTAR PRADESH,MATHURA,207.0,59.0,34.0,58.0,90.0,582.0,1030.0,6.0,1.2964226999086996,841.0,189.0,4.0
2004,UTTAR PRADESH,MAU,115.0,14.0,19.0,28.0,70.0,171.0,417.0,6.0,1.4563974942907307,378.0,39.0,3.0
2004,UTTAR PRADESH,MEERUT,423.0,85.0,137.0,167.0,134.0,1549.0,2495.0,6.0,1.2093438827148955,1676.0,819.0,5.0
2004,UTTAR PRADESH,MIRZAPUR,83.0,30.0,13.0,28.0,23.0,172.0,349.0,6.0,1.4054123898036526,255.0,94.0,2.0
2004,UTTAR PRADESH,MORADABAD,373.0,123.0,98.0,107.0,94.0,870.0,1665.0,6.0,1.3721595446951576,1047.0,618.0,5.0
2004,UTTAR PRADESH,MUZAFFARNAGAR,437.0,78.0,90.0,101.0,91.0,796.0,1593.0,6.0,1.3499510178231595,1110.0,483.0,5.0
2004,UTTAR PRADESH,PILIBHIT,151.0,65.0,54.0,38.0,38.0,302.0,648.0,6.0,1.4656266935696252,451.0,197.0,4.0
2004,UTTAR PRADESH,PRATAPGARH,155.0,37.0,31.0,19.0,86.0,335.0,663.0,6.0,1.3556884208454094,400.0,263.0,4.0
2004,UTTAR PRADESH,RAIBAREILLY,168.0,96.0,52.0,30.0,52.0,368.0,766.0,6.0,1.437339918632028,537.0,229.0,4.0
2004,UTTAR PRADESH,RAMPUR,176.0,45.0,39.0,25.0,40.0,407.0,732.0,6.0,1.2709199407006095,447.0,285.0,3.0
2004,UTTAR PRADESH,SAHARANPUR,234.0,50.0,52.0,51.0,84.0,766.0,1237.0,6.0,1.1887804879750137,861.0,376.0,4.0
2004,UTTAR PRADESH,SANT KABIRNAGAR,46.0,7.0,10.0,7.0,40.0,87.0,197.0,6.0,1.4127708264906815,131.0,66.0,2.0
2004,UTTAR PRADESH,SHAHJAHANPUR,337.0,80.0,89.0,58.0,43.0,391.0,998.0,6.0,1.4524259509110526,718.0,280.0,5.0
2004,UTTAR PRADESH,SHRAWASTI,36.0,11.0,9.0,6.0,14.0,67.0,143.0,6.0,1.4343808826346998,94.0,49.0,1.0
2004,UTTAR PRADESH,SIDHARTHNAGAR,46.0,23.0,17.0,17.0,25.0,201.0,329.0,6.0,1.2641449633964983,125.0,204.0,2.0
2004,UTTAR PRADESH,SITAPUR,318.0,145.0,104.0,75.0,120.0,738.0,1500.0,6.0,1.4405560230303016,888.0,612.0,5.0
2004,UTTAR PRADESH,SONBHADRA,71.0,15.0,15.0,12.0,23.0,125.0,261.0,6.0,1.3907033911172766,151.0,110.0,2.0
2004,UTTAR PRADESH,ST.RAVIDASNAGAR,68.0,5.0,5.0,30.0,35.0,132.0,275.0,6.0,1.3475934232676208,137.0,138.0,2.0
2004,UTTAR PRADESH,SULTANPUR,178.0,39.0,36.0,33.0,18.0,394.0,698.0,6.0,1.2239544073907707,539.0,159.0,3.0
2004,UTTAR PRADESH,UNNAO,253.0,82.0,62.0,39.0,61.0,249.0,746.0,6.0,1.5414429836757884,548.0,198.0,5.0
2004,UTTAR PRADESH,VARANASI,182.0,22.0,35.0,58.0,53.0,799.0,1149.0,6.0,1.0192270038094193,793.0,356.0,4.0
2004,UTTARAKHAND,ALMORA,21.0,8.0,5.0,6.0,11.0,54.0,105.0,6.0,1.4049104795058827,138.0,-33.0,1.0
2004,UTTARAKHAND,BAGESHWAR,5.0,5.0,4.0,4.0,2.0,21.0,41.0,6.0,1.457328174835725,51.0,-10.0,1.0
2004,UTTARAKHAND,CHAMOLI,20.0,16.0,7.0,1.0,20.0,46.0,110.0,6.0,1.4829386768844008,121.0,-11.0,1.0
2004,UTTARAKHAND,CHAMPAWAT,10.0,7.0,2.0,2.0,2.0,23.0,46.0,6.0,1.3738050481617523,58.0,-12.0,1.0
2004,UTTARAKHAND,DEHRADUN,79.0,37.0,37.0,26.0,82.0,758.0,1019.0,6.0,0.9555134410129973,850.0,169.0,3.0
2004,UTTARAKHAND,HARIDWAR,125.0,61.0,54.0,54.0,90.0,644.0,1028.0,6.0,1.239559502583954,956.0,72.0,4.0
2004,UTTARAKHAND,NAINITAL,77.0,24.0,28.0,27.0,30.0,297.0,483.0,6.0,1.2398303229023173,466.0,17.0,2.0
2004,UTTARAKHAND,PAURI GARHWAL,34.0,17.0,10.0,9.0,33.0,128.0,231.0,6.0,1.3415242900803372,234.0,-3.0,2.0
2004,UTTARAKHAND,PITHORAGARH,19.0,13.0,3.0,9.0,16.0,53.0,113.0,6.0,1.4783043559929459,114.0,-1.0,1.0
2004,UTTARAKHAND,RUDRA PRAYAG,5.0,9.0,3.0,4.0,24.0,34.0,79.0,6.0,1.4221975381128373,74.0,5.0,1.0
2004,UTTARAKHAND,TEHRI GARHWAL,29.0,6.0,14.0,0.0,14.0,67.0,130.0,5.0,1.2982256303525204,163.0,-33.0,1.0
2004,UTTARAKHAND,UDHAMSINGH NAGAR,102.0,47.0,41.0,60.0,129.0,511.0,890.0,6.0,1.3256911779393095,644.0,246.0,4.0
2004,UTTARAKHAND,UTTARKASHI,12.0,8.0,5.0,0.0,19.0,56.0,100.0,5.0,1.246513816204132,133.0,-33.0,1.0
2004,WEST BENGAL,24 PARGANAS NORTH,270.0,330.0,180.0,104.0,208.0,2423.0,3515.0,6.0,1.09933450219959,3067.0,448.0,5.0
2004,WEST BENGAL,24 PARGANAS SOUTH,187.0,223.0,103.0,46.0,247.0,1724.0,2530.0,6.0,1.0983176839072466,1867.0,663.0,5.0
2004,WEST BENGAL,ASANSOL,42.0,46.0,10.0,10.0,63.0,151.0,322.0,6.0,1.4336258524139707,228.0,94.0,2.0
2004,WEST BENGAL,BANKURA,43.0,89.0,24.0,31.0,65.0,398.0,650.0,6.0,1.2494489662823036,498.0,152.0,3.0
2004,WEST BENGAL,BIRBHUM,92.0,95.0,31.0,22.0,198.0,284.0,722.0,6.0,1.492738508949909,694.0,28.0,4.0
2004,WEST BENGAL,BURDWAN,146.0,148.0,56.0,32.0,215.0,501.0,1098.0,6.0,1.4705315423352041,927.0,171.0,5.0
2004,WEST BENGAL,COOCHBEHAR,32.0,161.0,41.0,3.0,16.0,181.0,434.0,6.0,1.303801848690447,405.0,29.0,3.0
2004,WEST BENGAL,DAKSHIN DINAJPUR,28.0,69.0,27.0,4.0,24.0,92.0,244.0,6.0,1.512472778794942,268.0,-24.0,2.0
2004,WEST BENGAL,DARJEELING,75.0,45.0,17.0,12.0,21.0,410.0,580.0,6.0,1.0118999416959544,661.0,-81.0,3.0
2004,WEST BENGAL,HOOGHLY,117.0,93.0,38.0,51.0,407.0,779.0,1485.0,6.0,1.276479777983209,1268.0,217.0,5.0
2004,WEST BENGAL,HOWRAH,48.0,53.0,19.0,25.0,110.0,285.0,540.0,6.0,1.3643994862593574,281.0,259.0,3.0
2004,WEST BENGAL,HOWRAH G.R.P.,17.0,5.0,8.0,6.0,12.0,291.0,339.0,6.0,0.6214164610551006,341.0,-2.0,1.0
2004,WEST BENGAL,JALPAIGURI,194.0,195.0,59.0,20.0,46.0,712.0,1226.0,6.0,1.2360816690218022,957.0,269.0,4.0
2004,WEST BENGAL,KHARAGPUR G.R.P.,10.0,2.0,2.0,11.0,3.0,119.0,147.0,6.0,0.7442637418859563,128.0,19.0,1.0
2004,WEST BENGAL,KOLKATA,131.0,201.0,119.0,136.0,227.0,4982.0,5796.0,6.0,0.6270343337108096,5963.0,-167.0,5.0
2004,WEST BENGAL,MALDA,145.0,209.0,65.0,25.0,43.0,380.0,867.0,6.0,1.4490320558057581,610.0,257.0,4.0
2004,WEST BENGAL,MURSHIDABAD,162.0,398.0,126.0,31.0,173.0,469.0,1359.0,6.0,1.5494744124769722,1125.0,234.0,5.0
2004,WEST BENGAL,NADIA,120.0,236.0,80.0,21.0,175.0,780.0,1412.0,6.0,1.3203635371212863,1272.0,140.0,5.0
2004,WEST BENGAL,PASCHIM MIDNAPUR,159.0,141.0,65.0,56.0,226.0,560.0,1207.0,6.0,1.4876320043248645,1051.0,156.0,5.0
2004,WEST BENGAL,PURAB MIDNAPUR,74.0,87.0,54.0,19.0,201.0,259.0,694.0,6.0,1.5229228872521285,508.0,186.0,4.0
2004,WEST BENGAL,PURULIA,49.0,82.0,11.0,17.0,46.0,190.0,395.0,6.0,1.4228256998838613,380.0,15.0,3.0
2004,WEST BENGAL,SEALDAH G.R.P.,17.0,11.0,6.0,15.0,8.0,284.0,341.0,6.0,0.7091346747824598,260.0,81.0,1.0
2004,WEST BENGAL,SILIGURI G.R.P.,3.0,4.0,2.0,4.0,1.0,82.0,96.0,6.0,0.6359787707204185,110.0,-14.0,1.0
2004,WEST BENGAL,UTTAR DINAJPUR,80.0,87.0,40.0,14.0,21.0,263.0,505.0,6.0,1.367113677728876,417.0,88.0,3.0
2004,A & N ISLANDS,ANDAMAN,16.0,15.0,3.0,3.0,17.0,178.0,232.0,6.0,0.8687376082812877,196.0,36.0,1.0
2004,A & N ISLANDS,NICOBAR,2.0,1.0,0.0,0.0,1.0,6.0,10.0,4.0,1.0888999753452235,11.0,-1.0,1.0
2004,CHANDIGARH,CHANDIGARH,51.0,39.0,54.0,6.0,43.0,1803.0,1996.0,6.0,0.46024618071497636,1847.0,149.0,3.0
2004,D & N HAVELI,D and N HAVELI,15.0,12.0,12.0,5.0,19.0,107.0,170.0,6.0,1.2284882719608383,182.0,-12.0,1.0
2004,DAMAN & DIU,DAMAN,3.0,2.0,2.0,1.0,21.0,69.0,98.0,6.0,0.8894904827762159,148.0,-50.0,1.0
2004,DAMAN & DIU,DIU,1.0,0.0,0.0,0.0,0.0,2.0,3.0,2.0,0.6365141682948128,10.0,-7.0,1.0
2004,DELHI UT,CENTRAL,39.0,71.0,57.0,19.0,11.0,1597.0,1794.0,6.0,0.5035809260970702,1665.0,129.0,3.0
2004,DELHI UT,DELHI UT TOTAL,1080.0,1152.0,1209.0,491.0,105.0,23636.0,27673.0,6.0,0.6230648646209473,23653.0,4020.0,5.0
2004,DELHI UT,EAST,104.0,144.0,172.0,58.0,11.0,2595.0,3084.0,6.0,0.6584628511371738,2509.0,575.0,5.0
2004,DELHI UT,G.R.P.(RLY),13.0,7.0,5.0,7.0,3.0,1105.0,1140.0,6.0,0.1832319724598157,1085.0,55.0,1.0
2004,DELHI UT,I.G.I. AIRPORT,4.0,8.0,5.0,6.0,2.0,556.0,581.0,6.0,0.2430434898641302,584.0,-3.0,1.0
2004,DELHI UT,NEW DELHI,26.0,42.0,20.0,9.0,3.0,1602.0,1702.0,6.0,0.3033377122178589,1273.0,429.0,1.0
2004,DELHI UT,NORTH,56.0,44.0,85.0,35.0,15.0,1425.0,1660.0,6.0,0.6176732201184615,1428.0,232.0,3.0
2004,DELHI UT,NORTH EAST,126.0,113.0,157.0,69.0,5.0,1310.0,1780.0,6.0,0.9447661495641336,1511.0,269.0,5.0
2004,DELHI UT,NORTH WEST,285.0,253.0,285.0,124.0,15.0,3286.0,4248.0,6.0,0.8522391425490832,3661.0,587.0,5.0
2004,DELHI UT,S.T.F.,16.0,2.0,0.0,0.0,0.0,40.0,58.0,3.0,0.7276345263823876,45.0,13.0,1.0
2004,DELHI UT,SOUTH,167.0,226.0,216.0,59.0,12.0,4779.0,5459.0,6.0,0.5451521426387229,4653.0,806.0,5.0
2004,DELHI UT,SOUTH WEST,99.0,138.0,97.0,54.0,18.0,2405.0,2811.0,6.0,0.6237161924665406,2386.0,425.0,4.0
2004,DELHI UT,WEST,145.0,104.0,110.0,51.0,10.0,2936.0,3356.0,6.0,0.5533597765090428,2853.0,503.0,4.0
2004,LAKSHADWEEP,LAKSHADWEEP,0.0,0.0,0.0,0.0,37.0,7.0,44.0,2.0,0.438159320026818,23.0,21.0,1.0
2004,PUDUCHERRY,PONDICHERRY,57.0,54.0,10.0,1.0,156.0,762.0,1040.0,6.0,0.8765397187939445,1064.0,-24.0,3.0
2005,ANDHRA PRADESH,ADILABAD,169.0,197.0,65.0,29.0,98.0,706.0,1264.0,6.0,1.3215097237763025,1190.0,74.0,4.0
2005,ANDHRA PRADESH,ANANTAPUR,300.0,189.0,60.0,38.0,161.0,728.0,1476.0,6.0,1.4017257328733261,1533.0,-57.0,5.0
2005,ANDHRA PRADESH,CHITTOOR,145.0,126.0,72.0,33.0,117.0,1804.0,2297.0,6.0,0.8445228590587669,2193.0,104.0,4.0
2005,ANDHRA PRADESH,CUDDAPAH,96.0,137.0,36.0,20.0,100.0,584.0,973.0,6.0,1.246596483989336,966.0,7.0,3.0
2005,ANDHRA PRADESH,CYBERABAD,248.0,163.0,151.0,121.0,81.0,4459.0,5223.0,6.0,0.6421959526332999,3864.0,1359.0,5.0
2005,ANDHRA PRADESH,EAST GODAVARI,240.0,129.0,69.0,31.0,133.0,2073.0,2675.0,6.0,0.8553384323940888,2371.0,304.0,5.0
2005,ANDHRA PRADESH,GUNTAKAL RLY.,12.0,1.0,1.0,5.0,1.0,134.0,154.0,6.0,0.5293123260951316,191.0,-37.0,1.0
2005,ANDHRA PRADESH,GUNTUR,254.0,221.0,87.0,49.0,171.0,2018.0,2800.0,6.0,1.0035759635225778,3088.0,-288.0,5.0
2005,ANDHRA PRADESH,KARIMNAGAR,261.0,412.0,131.0,47.0,239.0,1741.0,2831.0,6.0,1.2181838609116171,2359.0,472.0,5.0
2005,ANDHRA PRADESH,KHAMMAM,182.0,171.0,66.0,34.0,199.0,971.0,1623.0,6.0,1.2583348226891595,1576.0,47.0,5.0
2005,ANDHRA PRADESH,KRISHNA,143.0,236.0,45.0,20.0,89.0,1027.0,1560.0,6.0,1.1014923072136182,1569.0,-9.0,4.0
2005,ANDHRA PRADESH,KURNOOL,241.0,250.0,42.0,32.0,153.0,807.0,1525.0,6.0,1.3354833509685982,1471.0,54.0,4.0
2005,ANDHRA PRADESH,MAHABOOBNAGAR,330.0,202.0,59.0,64.0,169.0,979.0,1803.0,6.0,1.339924229175673,1754.0,49.0,5.0
2005,ANDHRA PRADESH,MEDAK,188.0,124.0,38.0,39.0,67.0,767.0,1223.0,6.0,1.1893769651527535,1431.0,-208.0,4.0
2005,ANDHRA PRADESH,NALGONDA,190.0,272.0,51.0,50.0,164.0,1011.0,1738.0,6.0,1.2757860745962137,1502.0,236.0,5.0
2005,ANDHRA PRADESH,NELLORE,162.0,238.0,74.0,32.0,105.0,1161.0,1772.0,6.0,1.1379447378546712,2746.0,-974.0,4.0
2005,ANDHRA PRADESH,NIZAMABAD,142.0,114.0,57.0,56.0,85.0,990.0,1444.0,6.0,1.1076647483010298,1398.0,46.0,4.0
2005,ANDHRA PRADESH,PRAKASHAM,194.0,196.0,52.0,29.0,84.0,797.0,1352.0,6.0,1.250448985447622,1091.0,261.0,4.0
2005,ANDHRA PRADESH,RANGA REDDY,92.0,60.0,16.0,16.0,65.0,362.0,611.0,6.0,1.252251723234351,752.0,-141.0,3.0
2005,ANDHRA PRADESH,SECUNDERABAD RLY.,12.0,1.0,4.0,4.0,0.0,413.0,434.0,5.0,0.24679317331855766,385.0,49.0,1.0
2005,ANDHRA PRADESH,SRIKAKULAM,38.0,66.0,17.0,12.0,46.0,388.0,567.0,6.0,1.0815999215371226,601.0,-34.0,2.0
2005,ANDHRA PRADESH,VIJAYAWADA,85.0,96.0,87.0,34.0,31.0,2646.0,2979.0,6.0,0.5192170894399304,3764.0,-785.0,4.0
2005,ANDHRA PRADESH,VIJAYAWADA RLY.,7.0,2.0,1.0,0.0,0.0,264.0,274.0,4.0,0.1859082938510828,310.0,-36.0,1.0
2005,ANDHRA PRADESH,VISAKHAPATNAM,75.0,73.0,37.0,25.0,39.0,1717.0,1966.0,6.0,0.5731972216284655,1552.0,414.0,3.0
2005,ANDHRA PRADESH,VIZIANAGARAM,53.0,53.0,9.0,12.0,15.0,372.0,514.0,6.0,0.9642191591591524,543.0,-29.0,2.0
2005,ANDHRA PRADESH,WARANGAL,212.0,260.0,82.0,36.0,294.0,1283.0,2167.0,6.0,1.2551282393056131,2366.0,-199.0,5.0
2005,ANDHRA PRADESH,WEST GODAVARI,200.0,301.0,58.0,29.0,87.0,1912.0,2587.0,6.0,0.9212284836981426,2760.0,-173.0,5.0
2005,ARUNACHAL PRADESH,CHANGLANG,19.0,3.0,8.0,4.0,2.0,42.0,78.0,6.0,1.282486960316434,88.0,-10.0,1.0
2005,ARUNACHAL PRADESH,DIBANG VALLEY,8.0,5.0,5.0,4.0,1.0,50.0,73.0,6.0,1.0866753428789862,64.0,9.0,1.0
2005,ARUNACHAL PRADESH,K/KUMEY,11.0,1.0,2.0,0.0,0.0,23.0,37.0,4.0,0.911471714582808,17.0,20.0,1.0
2005,ARUNACHAL PRADESH,KAMENG EAST,6.0,7.0,4.0,6.0,0.0,33.0,56.0,5.0,1.2387014827530551,46.0,10.0,1.0
2005,ARUNACHAL PRADESH,KAMENG WEST,6.0,2.0,1.0,5.0,0.0,40.0,54.0,5.0,0.8827022150232342,48.0,6.0,1.0
2005,ARUNACHAL PRADESH,LOHIT,19.0,10.0,7.0,6.0,1.0,47.0,90.0,6.0,1.3409312628499195,85.0,5.0,1.0
2005,ARUNACHAL PRADESH,PAPUM PARE,14.0,10.0,10.0,19.0,13.0,249.0,315.0,6.0,0.8442140421736677,248.0,67.0,1.0
2005,ARUNACHAL PRADESH,SIANG EAST,6.0,28.0,6.0,22.0,2.0,106.0,170.0,6.0,1.1445242474824715,136.0,34.0,1.0
2005,ARUNACHAL PRADESH,SIANG UPPER,5.0,10.0,1.0,0.0,2.0,28.0,46.0,5.0,1.0947052847904741,29.0,17.0,1.0
2005,ARUNACHAL PRADESH,SIANG WEST,6.0,8.0,5.0,8.0,5.0,87.0,119.0,6.0,1.008955367653248,149.0,-30.0,1.0
2005,ARUNACHAL PRADESH,SUBANSIRI LOWER,5.0,4.0,3.0,4.0,1.0,32.0,49.0,6.0,1.1706584571570509,39.0,10.0,1.0
2005,ARUNACHAL PRADESH,SUBANSIRI UPPER,7.0,7.0,3.0,13.0,8.0,48.0,86.0,6.0,1.3574158839651804,63.0,23.0,1.0
2005,ARUNACHAL PRADESH,TAWANG,2.0,2.0,0.0,1.0,0.0,27.0,32.0,4.0,0.5982301495385807,34.0,-2.0,1.0
2005,ARUNACHAL PRADESH,TIRAP,5.0,5.0,2.0,7.0,1.0,36.0,56.0,6.0,1.1662672922839339,49.0,7.0,1.0
2005,ARUNACHAL PRADESH,UPPER DIBANG VALLEY,4.0,0.0,1.0,1.0,0.0,10.0,16.0,4.0,0.9868994488385301,8.0,8.0,1.0
2005,ASSAM,BARPETA,42.0,81.0,69.0,44.0,182.0,311.0,729.0,6.0,1.5110221394960353,883.0,-154.0,4.0
2005,ASSAM,BASKA,32.0,17.0,24.0,13.0,14.0,49.0,149.0,6.0,1.6728603560398758,,,2.0
2005,ASSAM,BONGAIGAON,22.0,53.0,31.0,13.0,33.0,142.0,294.0,6.0,1.4749452704476687,470.0,-176.0,2.0
2005,ASSAM,C.I.D.,0.0,0.0,0.0,0.0,0.0,7.0,7.0,1.0,-0.0,5.0,2.0,1.0
2005,ASSAM,CACHAR,97.0,216.0,110.0,39.0,434.0,709.0,1605.0,6.0,1.4280978881985813,1604.0,1.0,5.0
2005,ASSAM,CHIRANG,17.0,23.0,16.0,7.0,6.0,39.0,108.0,6.0,1.609045621300383,,,1.0
2005,ASSAM,DARRANG,42.0,112.0,33.0,28.0,31.0,204.0,450.0,6.0,1.4748241262098958,869.0,-419.0,3.0
2005,ASSAM,DHEMAJI,37.0,83.0,45.0,12.0,32.0,161.0,370.0,6.0,1.5067568523837727,396.0,-26.0,3.0
2005,ASSAM,DHUBRI,63.0,157.0,84.0,24.0,593.0,299.0,1220.0,6.0,1.3736857366756579,1254.0,-34.0,5.0
2005,ASSAM,DIBRUGARH,144.0,98.0,75.0,29.0,59.0,564.0,969.0,6.0,1.3035211416442918,951.0,18.0,4.0
2005,ASSAM,G.R.P.,5.0,6.0,5.0,9.0,9.0,114.0,148.0,6.0,0.9004446964078059,233.0,-85.0,1.0
2005,ASSAM,GOALPARA,36.0,42.0,73.0,26.0,100.0,200.0,477.0,6.0,1.5467966861648004,405.0,72.0,4.0
2005,ASSAM,GOLAGHAT,82.0,81.0,87.0,38.0,19.0,400.0,707.0,6.0,1.332468007276993,808.0,-101.0,4.0
2005,ASSAM,HAILAKANDI,27.0,24.0,35.0,18.0,148.0,145.0,397.0,6.0,1.4425293026700612,359.0,38.0,3.0
2005,ASSAM,JORHAT,64.0,69.0,44.0,10.0,29.0,287.0,503.0,6.0,1.3105006353737099,464.0,39.0,3.0
2005,ASSAM,KAMRUP,65.0,99.0,86.0,33.0,85.0,373.0,741.0,6.0,1.464836304052421,1406.0,-665.0,4.0
2005,ASSAM,KARBI ANGLONG,91.0,12.0,39.0,23.0,85.0,129.0,379.0,6.0,1.5580018435514273,314.0,65.0,3.0
2005,ASSAM,KARIMGANJ,55.0,36.0,31.0,9.0,228.0,254.0,613.0,6.0,1.3286221321326352,547.0,66.0,4.0
2005,ASSAM,KOKRAJHAR,48.0,53.0,44.0,22.0,91.0,146.0,404.0,6.0,1.6230852253112045,464.0,-60.0,3.0
2005,ASSAM,LAKHIMPUR,45.0,103.0,112.0,10.0,82.0,347.0,699.0,6.0,1.4119664800599376,719.0,-20.0,4.0
2005,ASSAM,MORIGAON,29.0,119.0,47.0,7.0,77.0,184.0,463.0,6.0,1.4833711578520512,330.0,133.0,3.0
2005,ASSAM,N.C.HILLS,18.0,3.0,10.0,12.0,6.0,74.0,123.0,6.0,1.2559353070146235,114.0,9.0,1.0
2005,ASSAM,NAGAON,152.0,176.0,185.0,98.0,327.0,735.0,1673.0,6.0,1.5449382821886222,1666.0,7.0,5.0
2005,ASSAM,NALBARI,26.0,66.0,38.0,13.0,22.0,155.0,320.0,6.0,1.4479017277460489,493.0,-173.0,2.0
2005,ASSAM,R.P.O.,14.0,8.0,5.0,7.0,18.0,14.0,66.0,6.0,1.701406411566508,64.0,2.0,1.0
2005,ASSAM,SIBSAGAR,82.0,106.0,73.0,21.0,76.0,416.0,774.0,6.0,1.3922503816284622,676.0,98.0,4.0
2005,ASSAM,SONITPUR,94.0,79.0,108.0,53.0,266.0,757.0,1357.0,6.0,1.323577175815684,1254.0,103.0,5.0
2005,ASSAM,TINSUKIA,102.0,62.0,75.0,42.0,24.0,494.0,799.0,6.0,1.240621110059015,843.0,-44.0,4.0
2005,ASSAM,UDALGURI,44.0,78.0,20.0,23.0,32.0,162.0,359.0,6.0,1.500445508240704,,,2.0
2005,BIHAR,ARARIA,83.0,35.0,43.0,79.0,304.0,233.0,777.0,6.0,1.4994721150687225,1068.0,-291.0,5.0
2005,BIHAR,ARWAL,28.0,1.0,9.0,24.0,30.0,66.0,158.0,6.0,1.4682711480086685,184.0,-26.0,2.0
2005,BIHAR,AURANGABAD,228.0,17.0,33.0,46.0,201.0,356.0,881.0,6.0,1.4064863311340712,765.0,116.0,5.0
2005,BIHAR,BAGAHA,143.0,19.0,85.0,5.0,150.0,162.0,564.0,6.0,1.499789057318518,586.0,-22.0,4.0
2005,BIHAR,BANKA,95.0,44.0,44.0,47.0,204.0,200.0,634.0,6.0,1.576427689735241,629.0,5.0,4.0
2005,BIHAR,BEGUSARAI,184.0,33.0,65.0,67.0,169.0,412.0,930.0,6.0,1.4850802746151912,1228.0,-298.0,5.0
2005,BIHAR,BETTIAH,189.0,57.0,114.0,66.0,324.0,512.0,1262.0,6.0,1.5108404826094777,2138.0,-876.0,5.0
2005,BIHAR,BHABHUA,127.0,15.0,41.0,42.0,115.0,259.0,599.0,6.0,1.470459003054504,710.0,-111.0,4.0
2005,BIHAR,BHAGALPUR,153.0,90.0,101.0,72.0,279.0,646.0,1341.0,6.0,1.4592383168054583,1453.0,-112.0,5.0
2005,BIHAR,BHOJPUR,346.0,48.0,38.0,78.0,240.0,477.0,1227.0,6.0,1.45299921732643,1226.0,1.0,5.0
2005,BIHAR,BUXAR,178.0,20.0,30.0,70.0,176.0,469.0,943.0,6.0,1.3598397849193424,980.0,-37.0,4.0
2005,BIHAR,DARBHANGA,128.0,96.0,54.0,47.0,238.0,510.0,1073.0,6.0,1.4446170358202166,1059.0,14.0,5.0
2005,BIHAR,GAYA,339.0,50.0,77.0,241.0,437.0,598.0,1742.0,6.0,1.5458991790848864,1819.0,-77.0,5.0
2005,BIHAR,GOPALGANJ,289.0,26.0,65.0,63.0,197.0,427.0,1067.0,6.0,1.4602366249016214,999.0,68.0,5.0
2005,BIHAR,JAMALPUR RLY.,8.0,1.0,3.0,20.0,3.0,115.0,150.0,6.0,0.8185749854409161,235.0,-85.0,1.0
2005,BIHAR,JAMUI,147.0,53.0,46.0,83.0,168.0,186.0,683.0,6.0,1.6660041330543105,675.0,8.0,4.0
2005,BIHAR,JEHANABAD,106.0,30.0,19.0,70.0,108.0,227.0,560.0,6.0,1.5300201775308815,589.0,-29.0,3.0
2005,BIHAR,KATIHAR,120.0,98.0,61.0,53.0,140.0,231.0,703.0,6.0,1.670516167099096,798.0,-95.0,5.0
2005,BIHAR,KATIHAR RLY.,11.0,9.0,7.0,15.0,8.0,238.0,288.0,6.0,0.7343842790110222,301.0,-13.0,1.0
2005,BIHAR,KHAGARIA,89.0,19.0,35.0,51.0,150.0,43.0,387.0,6.0,1.5818867963355843,643.0,-256.0,4.0
2005,BIHAR,KISHANGANJ,42.0,63.0,84.0,20.0,102.0,209.0,520.0,6.0,1.5646019771136896,524.0,-4.0,4.0
2005,BIHAR,LAKHISARAI,84.0,9.0,38.0,41.0,66.0,124.0,362.0,6.0,1.5914218686983892,483.0,-121.0,3.0
2005,BIHAR,MADHEPURA,78.0,21.0,13.0,55.0,105.0,96.0,368.0,6.0,1.602786227146599,440.0,-72.0,3.0
2005,BIHAR,MADHUBANI,184.0,77.0,66.0,76.0,336.0,368.0,1107.0,6.0,1.563701602345407,1160.0,-53.0,5.0
2005,BIHAR,MOTIHARI,285.0,37.0,134.0,119.0,396.0,703.0,1674.0,6.0,1.481128042795079,1582.0,92.0,5.0
2005,BIHAR,MUNGER,125.0,28.0,54.0,83.0,162.0,298.0,750.0,6.0,1.5521607829363049,690.0,60.0,4.0
2005,BIHAR,MUZAFFARPUR,164.0,97.0,225.0,143.0,454.0,1244.0,2327.0,6.0,1.3703398355859011,3160.0,-833.0,5.0
2005,BIHAR,MUZAFFARPUR RLY.,26.0,1.0,11.0,25.0,19.0,298.0,380.0,6.0,0.8211253232630142,517.0,-137.0,1.0
2005,BIHAR,NALANDA,269.0,35.0,94.0,128.0,190.0,494.0,1210.0,6.0,1.5293415511681077,1483.0,-273.0,5.0
2005,BIHAR,NAUGACHIA,73.0,6.0,36.0,52.0,109.0,103.0,379.0,6.0,1.5914690385376131,381.0,-2.0,3.0
2005,BIHAR,NAWADAH,175.0,36.0,41.0,46.0,276.0,228.0,802.0,6.0,1.5121215398690633,794.0,8.0,5.0
2005,BIHAR,PATNA,548.0,62.0,275.0,760.0,530.0,2123.0,4298.0,6.0,1.4125074506465733,5247.0,-949.0,5.0
2005,BIHAR,PATNA RLY.,23.0,6.0,2.0,42.0,6.0,626.0,705.0,6.0,0.48299321950050966,905.0,-200.0,1.0
2005,BIHAR,PURNEA,154.0,45.0,60.0,133.0,161.0,318.0,871.0,6.0,1.610622386628878,1085.0,-214.0,5.0
2005,BIHAR,ROHTAS,338.0,30.0,29.0,49.0,160.0,442.0,1048.0,6.0,1.3602085346177162,1173.0,-125.0,5.0
2005,BIHAR,SAHARSA,108.0,30.0,40.0,34.0,195.0,218.0,625.0,6.0,1.5142118615944185,757.0,-132.0,4.0
2005,BIHAR,SAMASTIPUR,335.0,38.0,97.0,80.0,361.0,482.0,1393.0,6.0,1.5077540234206543,1332.0,61.0,5.0
2005,BIHAR,SARAN,491.0,36.0,85.0,76.0,196.0,568.0,1452.0,6.0,1.4163326786920671,1493.0,-41.0,5.0
2005,BIHAR,SHEIKHPURA,33.0,1.0,23.0,18.0,58.0,71.0,204.0,6.0,1.5059446310083293,340.0,-136.0,2.0
2005,BIHAR,SHEOHAR,19.0,11.0,26.0,21.0,81.0,51.0,209.0,6.0,1.5746779908016386,191.0,18.0,2.0
2005,BIHAR,SITAMARHI,92.0,44.0,74.0,39.0,257.0,350.0,856.0,6.0,1.471572044407674,1008.0,-152.0,5.0
2005,BIHAR,SIWAN,139.0,35.0,59.0,169.0,205.0,368.0,975.0,6.0,1.5662854527011574,1066.0,-91.0,5.0
2005,BIHAR,SUPAUL,74.0,40.0,24.0,74.0,228.0,138.0,578.0,6.0,1.5521657097788966,712.0,-134.0,4.0
2005,BIHAR,VAISHALI,187.0,49.0,133.0,64.0,137.0,652.0,1222.0,6.0,1.3925911949178158,1680.0,-458.0,5.0
2005,CHHATTISGARH,BALRAMPUR,50.0,56.0,5.0,30.0,30.0,65.0,236.0,6.0,1.6313104068997968,248.0,-12.0,2.0
2005,CHHATTISGARH,BILASPUR,159.0,231.0,36.0,54.0,171.0,1373.0,2024.0,6.0,1.0879412211861008,1981.0,43.0,5.0
2005,CHHATTISGARH,BIZAPUR,198.0,8.0,1.0,65.0,23.0,20.0,315.0,6.0,1.0951802915506383,155.0,160.0,3.0
2005,CHHATTISGARH,DANTEWARA,109.0,27.0,6.0,16.0,16.0,120.0,294.0,6.0,1.3491684761618774,290.0,4.0,2.0
2005,CHHATTISGARH,DHAMTARI,18.0,106.0,9.0,3.0,26.0,272.0,434.0,6.0,1.0525128158950818,354.0,80.0,2.0
2005,CHHATTISGARH,DURG,155.0,344.0,28.0,72.0,86.0,1546.0,2231.0,6.0,1.0189707131001142,2148.0,83.0,5.0
2005,CHHATTISGARH,GRP RAIPUR,10.0,8.0,1.0,6.0,6.0,250.0,281.0,6.0,0.5083627605804453,258.0,23.0,1.0
2005,CHHATTISGARH,JAGDALPUR,107.0,124.0,9.0,20.0,61.0,382.0,703.0,6.0,1.2931787349232708,736.0,-33.0,3.0
2005,CHHATTISGARH,JANJGIR,72.0,120.0,10.0,11.0,108.0,557.0,878.0,6.0,1.129399805705006,868.0,10.0,3.0
2005,CHHATTISGARH,JASHPUR,87.0,113.0,19.0,41.0,21.0,175.0,456.0,6.0,1.5200758318712082,385.0,71.0,3.0
2005,CHHATTISGARH,KABIRDHAM,26.0,79.0,4.0,1.0,29.0,219.0,358.0,6.0,1.0947778029444035,350.0,8.0,2.0
2005,CHHATTISGARH,KANKER,68.0,58.0,11.0,42.0,54.0,128.0,361.0,6.0,1.6167001111624295,379.0,-18.0,3.0
2005,CHHATTISGARH,KORBA,50.0,75.0,3.0,17.0,43.0,479.0,667.0,6.0,0.9722811798942712,728.0,-61.0,2.0
2005,CHHATTISGARH,KORIYA,55.0,115.0,5.0,19.0,31.0,286.0,511.0,6.0,1.2380734818878338,581.0,-70.0,2.0
2005,CHHATTISGARH,MAHASAMUND,30.0,106.0,7.0,12.0,22.0,366.0,543.0,6.0,1.0150329842702708,474.0,69.0,2.0
2005,CHHATTISGARH,NARAYANPUR,54.0,7.0,0.0,31.0,7.0,17.0,116.0,5.0,1.3288823394749818,102.0,14.0,1.0
2005,CHHATTISGARH,RAIGARH,93.0,99.0,11.0,38.0,75.0,637.0,953.0,6.0,1.1116320923093403,877.0,76.0,3.0
2005,CHHATTISGARH,RAIPUR,153.0,360.0,46.0,46.0,120.0,1764.0,2489.0,6.0,0.9888259832797397,2304.0,185.0,5.0
2005,CHHATTISGARH,RAJNANDGAON,66.0,150.0,8.0,23.0,46.0,409.0,702.0,6.0,1.2083615956953329,677.0,25.0,3.0
2005,CHHATTISGARH,SARGUJA,79.0,151.0,19.0,38.0,82.0,430.0,799.0,6.0,1.344503788833792,1280.0,-481.0,4.0
2005,CHHATTISGARH,SURAJPUR,75.0,103.0,8.0,20.0,50.0,267.0,523.0,6.0,1.3549248404097256,,,3.0
2005,GOA,NORTH GOA,36.0,26.0,7.0,16.0,39.0,522.0,646.0,6.0,0.7725311331231657,602.0,44.0,2.0
2005,GOA,SOUTH GOA,29.0,24.0,10.0,14.0,18.0,346.0,441.0,6.0,0.8536887930100747,459.0,-18.0,1.0
2005,GUJARAT,AHMEDABAD COMMR.,129.0,89.0,219.0,182.0,156.0,6795.0,7570.0,6.0,0.490705808885356,8203.0,-633.0,5.0
2005,GUJARAT,AHWA-DANG,6.0,10.0,0.0,1.0,3.0,11.0,31.0,5.0,1.3872422815143335,28.0,3.0,1.0
2005,GUJARAT,AMRELI,39.0,29.0,49.0,21.0,43.0,354.0,535.0,6.0,1.1708137351344068,491.0,44.0,2.0
2005,GUJARAT,ANAND,28.0,35.0,24.0,25.0,29.0,526.0,667.0,6.0,0.8540882273897855,780.0,-113.0,2.0
2005,GUJARAT,BHARUCH,46.0,24.0,23.0,22.0,41.0,527.0,683.0,6.0,0.8931401876479834,818.0,-135.0,2.0
2005,GUJARAT,BHAVNAGAR,97.0,93.0,85.0,194.0,231.0,1760.0,2460.0,6.0,1.0295960421356585,1736.0,724.0,5.0
2005,GUJARAT,DAHOD,62.0,37.0,29.0,46.0,68.0,218.0,460.0,6.0,1.513831216464152,552.0,-92.0,3.0
2005,GUJARAT,GANDHINAGAR,26.0,17.0,29.0,28.0,35.0,568.0,703.0,6.0,0.7934926099077189,761.0,-58.0,2.0
2005,GUJARAT,HIMATNAGAR,40.0,54.0,32.0,35.0,76.0,439.0,676.0,6.0,1.1929208513055227,850.0,-174.0,2.0
2005,GUJARAT,JAMNAGAR,61.0,29.0,20.0,15.0,56.0,628.0,809.0,6.0,0.8610829683625834,820.0,-11.0,2.0
2005,GUJARAT,JUNAGADH,60.0,67.0,38.0,49.0,84.0,799.0,1097.0,6.0,1.012643890831624,1225.0,-128.0,3.0
2005,GUJARAT,KHEDA NORTH,39.0,53.0,30.0,25.0,50.0,502.0,699.0,6.0,1.0372750583346062,837.0,-138.0,2.0
2005,GUJARAT,KUTCH,58.0,51.0,45.0,42.0,70.0,750.0,1016.0,6.0,0.9917779295858474,980.0,36.0,3.0
2005,GUJARAT,MEHSANA,52.0,31.0,55.0,74.0,81.0,975.0,1268.0,6.0,0.9013875115417007,1309.0,-41.0,3.0
2005,GUJARAT,NARMADA,17.0,8.0,1.0,6.0,22.0,62.0,116.0,6.0,1.310176554516353,119.0,-3.0,1.0
2005,GUJARAT,NAVSARI,17.0,9.0,6.0,11.0,6.0,178.0,227.0,6.0,0.8514915081047878,337.0,-110.0,1.0
2005,GUJARAT,PALANPUR,65.0,37.0,23.0,31.0,48.0,549.0,753.0,6.0,1.0032514183327306,882.0,-129.0,2.0
2005,GUJARAT,PANCHMAHAL,56.0,87.0,32.0,28.0,44.0,439.0,686.0,6.0,1.2017835134241102,850.0,-164.0,2.0
2005,GUJARAT,PATAN,38.0,30.0,22.0,19.0,61.0,419.0,589.0,6.0,1.039134687455559,525.0,64.0,2.0
2005,GUJARAT,PORBANDAR,18.0,6.0,9.0,13.0,13.0,127.0,186.0,6.0,1.1157858515209091,249.0,-63.0,1.0
2005,GUJARAT,RAJKOT COMMR.,36.0,14.0,37.0,38.0,69.0,1340.0,1534.0,6.0,0.5699831171293358,1867.0,-333.0,2.0
2005,GUJARAT,SURAT COMMR.,112.0,73.0,114.0,78.0,126.0,2493.0,2996.0,6.0,0.7189340926719032,2413.0,583.0,5.0
2005,GUJARAT,SURENDRANAGAR,51.0,49.0,38.0,31.0,84.0,479.0,732.0,6.0,1.1800190705901774,717.0,15.0,3.0
2005,GUJARAT,VADODARA COMMR.,51.0,18.0,39.0,26.0,180.0,1959.0,2273.0,6.0,0.5733509773887159,2613.0,-340.0,3.0
2005,GUJARAT,VALSAD,47.0,28.0,25.0,34.0,31.0,534.0,699.0,6.0,0.9204493139538152,839.0,-140.0,2.0
2005,GUJARAT,W.RLY,13.0,10.0,4.0,49.0,5.0,1038.0,1119.0,6.0,0.34492282775926497,1479.0,-360.0,1.0
2005,HARYANA,AMBALA,42.0,38.0,24.0,16.0,10.0,568.0,698.0,6.0,0.7585401252763471,694.0,4.0,2.0
2005,HARYANA,BHIWANI,68.0,38.0,24.0,22.0,140.0,661.0,953.0,6.0,1.0320889317433115,915.0,38.0,3.0
2005,HARYANA,FARIDABAD,124.0,81.0,91.0,32.0,198.0,1584.0,2110.0,6.0,0.928099951415781,1611.0,499.0,5.0
2005,HARYANA,FATEHABAD,36.0,26.0,20.0,6.0,15.0,392.0,495.0,6.0,0.8192288973690518,380.0,115.0,2.0
2005,HARYANA,GRP,22.0,4.0,2.0,6.0,11.0,207.0,252.0,6.0,0.7042917827433114,229.0,23.0,1.0
2005,HARYANA,GURGAON,109.0,37.0,38.0,48.0,72.0,2044.0,2348.0,6.0,0.5817400150201426,1764.0,584.0,3.0
2005,HARYANA,HISSAR,103.0,56.0,22.0,31.0,55.0,937.0,1204.0,6.0,0.8564852916271294,996.0,208.0,3.0
2005,HARYANA,JHAJJAR,96.0,29.0,14.0,29.0,58.0,364.0,590.0,6.0,1.2063986562790747,492.0,98.0,3.0
2005,HARYANA,JIND,66.0,16.0,12.0,11.0,76.0,330.0,511.0,6.0,1.1093428384198427,399.0,112.0,2.0
2005,HARYANA,KAITHAL,44.0,28.0,11.0,7.0,2.0,386.0,478.0,6.0,0.7299793345918261,470.0,8.0,2.0
2005,HARYANA,KARNAL,85.0,89.0,31.0,32.0,48.0,1003.0,1288.0,6.0,0.8628864076069478,866.0,422.0,3.0
2005,HARYANA,KURUKSHETRA,42.0,48.0,15.0,34.0,6.0,675.0,820.0,6.0,0.7196721372103856,909.0,-89.0,2.0
2005,HARYANA,MAHENDRAGARH,21.0,28.0,13.0,8.0,54.0,226.0,350.0,6.0,1.150325669319049,346.0,4.0,2.0
2005,HARYANA,MEWAT,54.0,46.0,9.0,24.0,99.0,303.0,535.0,6.0,1.2846053242604756,,,3.0
2005,HARYANA,PANCHKULA,11.0,15.0,15.0,3.0,4.0,446.0,494.0,6.0,0.4592123978654917,450.0,44.0,1.0
2005,HARYANA,PANIPAT,68.0,67.0,35.0,43.0,36.0,809.0,1058.0,6.0,0.9143078976140269,806.0,252.0,3.0
2005,HARYANA,REWARI,45.0,34.0,20.0,26.0,47.0,426.0,598.0,6.0,1.0491604460453194,500.0,98.0,2.0
2005,HARYANA,ROHTAK,97.0,46.0,16.0,34.0,46.0,730.0,969.0,6.0,0.9184089248849977,881.0,88.0,3.0
2005,HARYANA,SIRSA,56.0,32.0,16.0,14.0,22.0,501.0,641.0,6.0,0.8465644704017778,601.0,40.0,2.0
2005,HARYANA,SONIPAT,116.0,49.0,39.0,37.0,14.0,736.0,991.0,6.0,0.9309539957409687,790.0,201.0,3.0
2005,HARYANA,YAMUNANAGAR,49.0,34.0,25.0,15.0,5.0,569.0,697.0,6.0,0.7370246393650273,409.0,288.0,2.0
2005,HIMACHAL PRADESH,BILASPUR,23.0,38.0,9.0,2.0,48.0,123.0,243.0,6.0,1.339883332939293,247.0,-4.0,2.0
2005,HIMACHAL PRADESH,CHAMBA,18.0,32.0,8.0,1.0,23.0,148.0,230.0,6.0,1.128211672624846,256.0,-26.0,1.0
2005,HIMACHAL PRADESH,G.R.P.,0.0,0.0,0.0,0.0,0.0,7.0,7.0,1.0,-0.0,2.0,5.0,1.0
2005,HIMACHAL PRADESH,HAMIRPUR,9.0,15.0,4.0,0.0,42.0,125.0,195.0,5.0,1.034731390421553,191.0,4.0,1.0
2005,HIMACHAL PRADESH,KANGRA,40.0,50.0,22.0,6.0,112.0,228.0,458.0,6.0,1.3489816378000383,449.0,9.0,3.0
2005,HIMACHAL PRADESH,KINNAUR,4.0,10.0,3.0,2.0,10.0,46.0,75.0,6.0,1.2188679166032028,77.0,-2.0,1.0
2005,HIMACHAL PRADESH,KULLU,24.0,42.0,24.0,9.0,51.0,165.0,315.0,6.0,1.396039815069553,206.0,109.0,2.0
2005,HIMACHAL PRADESH,LAHAUL-SPITI,0.0,0.0,1.0,0.0,0.0,3.0,4.0,2.0,0.5623351446188083,9.0,-5.0,1.0
2005,HIMACHAL PRADESH,MANDI,20.0,78.0,10.0,2.0,62.0,148.0,320.0,6.0,1.3320090344381064,377.0,-57.0,2.0
2005,HIMACHAL PRADESH,SHIMLA,22.0,83.0,14.0,3.0,130.0,309.0,561.0,6.0,1.1971161336470322,612.0,-51.0,3.0
2005,HIMACHAL PRADESH,SIRMAUR,17.0,31.0,9.0,0.0,62.0,79.0,198.0,5.0,1.3717924670495274,208.0,-10.0,2.0
2005,HIMACHAL PRADESH,SOLAN,20.0,37.0,9.0,2.0,70.0,125.0,263.0,6.0,1.3302764355910546,305.0,-42.0,2.0
2005,HIMACHAL PRADESH,UNA,14.0,11.0,5.0,1.0,45.0,131.0,207.0,6.0,1.0751269983060385,200.0,7.0,1.0
2005,JAMMU & KASHMIR,ANANTNAG,91.0,72.0,83.0,26.0,76.0,299.0,647.0,6.0,1.5211085535373117,750.0,-103.0,3.0
2005,JAMMU & KASHMIR,AWANTIPORA,36.0,32.0,11.0,1.0,17.0,96.0,193.0,6.0,1.3630573811087134,160.0,33.0,1.0
2005,JAMMU & KASHMIR,BARAMULLA,175.0,182.0,109.0,11.0,158.0,345.0,980.0,6.0,1.5767226035600967,953.0,27.0,5.0
2005,JAMMU & KASHMIR,BORDER,22.0,12.0,9.0,0.0,21.0,50.0,114.0,5.0,1.4280146200527049,100.0,14.0,1.0
2005,JAMMU & KASHMIR,BUDGAM,59.0,81.0,63.0,3.0,131.0,235.0,572.0,6.0,1.484642731745525,577.0,-5.0,3.0
2005,JAMMU & KASHMIR,CRIME JAMMU,2.0,0.0,0.0,0.0,0.0,43.0,45.0,2.0,0.18182028230491803,52.0,-7.0,1.0
2005,JAMMU & KASHMIR,CRIME SRINAGAR,0.0,0.0,0.0,0.0,0.0,92.0,92.0,1.0,-0.0,108.0,-16.0,1.0
2005,JAMMU & KASHMIR,DODA,149.0,13.0,14.0,0.0,39.0,100.0,315.0,5.0,1.2469375066181652,339.0,-24.0,2.0
2005,JAMMU & KASHMIR,GANDERBAL,17.0,47.0,39.0,7.0,68.0,106.0,284.0,6.0,1.5402668180920995,354.0,-70.0,2.0
2005,JAMMU & KASHMIR,HANDWARA,58.0,54.0,30.0,6.0,46.0,84.0,278.0,6.0,1.6276087873139002,272.0,6.0,2.0
2005,JAMMU & KASHMIR,JAMMU,89.0,42.0,42.0,2.0,78.0,643.0,896.0,6.0,0.9805369248391483,1045.0,-149.0,3.0
2005,JAMMU & KASHMIR,KARGIL,0.0,4.0,2.0,0.0,3.0,15.0,24.0,4.0,1.05938459334224,23.0,1.0,1.0
2005,JAMMU & KASHMIR,KATHUA,42.0,19.0,16.0,2.0,21.0,75.0,175.0,6.0,1.4709530699438833,229.0,-54.0,2.0
2005,JAMMU & KASHMIR,KULGAM,47.0,34.0,43.0,11.0,69.0,115.0,319.0,6.0,1.6059992793619227,287.0,32.0,2.0
2005,JAMMU & KASHMIR,KUPWARA,83.0,51.0,40.0,0.0,112.0,119.0,405.0,5.0,1.5297398445239756,440.0,-35.0,3.0
2005,JAMMU & KASHMIR,LEH,3.0,9.0,3.0,0.0,13.0,24.0,52.0,5.0,1.3361604781317098,38.0,14.0,1.0
2005,JAMMU & KASHMIR,POONCH,121.0,18.0,16.0,0.0,60.0,95.0,310.0,5.0,1.3657408598967709,326.0,-16.0,2.0
2005,JAMMU & KASHMIR,PULWAMA,113.0,47.0,37.0,15.0,201.0,179.0,592.0,6.0,1.51208294849109,585.0,7.0,4.0
2005,JAMMU & KASHMIR,RAJOURI,114.0,36.0,23.0,2.0,120.0,123.0,418.0,6.0,1.4688937505306519,499.0,-81.0,3.0
2005,JAMMU & KASHMIR,RAMBAN,93.0,10.0,12.0,2.0,23.0,78.0,218.0,6.0,1.312465551780246,243.0,-25.0,2.0
2005,JAMMU & KASHMIR,REASI,66.0,3.0,12.0,0.0,6.0,49.0,136.0,5.0,1.1547013485302178,138.0,-2.0,1.0
2005,JAMMU & KASHMIR,SRINAGAR,173.0,237.0,132.0,40.0,176.0,718.0,1476.0,6.0,1.4627786305354586,1540.0,-64.0,5.0
2005,JAMMU & KASHMIR,UDHAMPUR,35.0,28.0,11.0,1.0,23.0,126.0,224.0,6.0,1.279486928283281,302.0,-78.0,2.0
2005,JHARKHAND,BOKARO,62.0,36.0,43.0,79.0,153.0,817.0,1190.0,6.0,1.081732836987425,1211.0,-21.0,4.0
2005,JHARKHAND,CHAIBASA,171.0,55.0,2.0,32.0,32.0,178.0,470.0,6.0,1.3757568278061587,500.0,-30.0,3.0
2005,JHARKHAND,CHATRA,27.0,12.0,9.0,35.0,83.0,106.0,272.0,6.0,1.4730557686830374,338.0,-66.0,2.0
2005,JHARKHAND,DEOGHAR,108.0,61.0,10.0,25.0,171.0,328.0,703.0,6.0,1.3785942225253347,464.0,239.0,4.0
2005,JHARKHAND,DHANBAD,174.0,48.0,68.0,123.0,304.0,1004.0,1721.0,6.0,1.268389337216849,1428.0,293.0,5.0
2005,JHARKHAND,DHANBAD RLY.,5.0,2.0,2.0,44.0,4.0,27.0,84.0,6.0,1.1944251916598585,327.0,-243.0,1.0
2005,JHARKHAND,DUMKA,77.0,49.0,23.0,15.0,158.0,267.0,589.0,6.0,1.4045811257837,639.0,-50.0,4.0
2005,JHARKHAND,GARHWA,52.0,17.0,20.0,25.0,132.0,143.0,389.0,6.0,1.4694084510309335,371.0,18.0,3.0
2005,JHARKHAND,GIRIDIH,166.0,82.0,41.0,89.0,226.0,445.0,1049.0,6.0,1.5214934585551099,686.0,363.0,5.0
2005,JHARKHAND,GODDA,133.0,74.0,29.0,17.0,172.0,207.0,632.0,6.0,1.5375360759712078,516.0,116.0,4.0
2005,JHARKHAND,GUMLA,181.0,55.0,17.0,53.0,38.0,105.0,449.0,6.0,1.5484137631314276,399.0,50.0,4.0
2005,JHARKHAND,HAZARIBAGH,149.0,89.0,55.0,181.0,296.0,963.0,1733.0,6.0,1.3372308948047862,1354.0,379.0,5.0
2005,JHARKHAND,JAMSHEDPUR,198.0,71.0,43.0,66.0,95.0,1164.0,1637.0,6.0,1.0243290774754477,1425.0,212.0,4.0
2005,JHARKHAND,JAMSHEDPUR RLY.,8.0,3.0,2.0,14.0,1.0,139.0,167.0,6.0,0.6619678071452422,144.0,23.0,1.0
2005,JHARKHAND,JAMTARA,49.0,17.0,6.0,17.0,70.0,120.0,279.0,6.0,1.4388365803948386,260.0,19.0,2.0
2005,JHARKHAND,KODERMA,35.0,16.0,14.0,40.0,44.0,147.0,296.0,6.0,1.4559050062294157,338.0,-42.0,2.0
2005,JHARKHAND,LATEHAR,36.0,14.0,6.0,39.0,14.0,78.0,187.0,6.0,1.5072955873900953,198.0,-11.0,2.0
2005,JHARKHAND,LOHARDAGGA,95.0,36.0,18.0,38.0,62.0,140.0,389.0,6.0,1.5944476643477439,180.0,209.0,3.0
2005,JHARKHAND,PAKUR,123.0,42.0,9.0,12.0,97.0,95.0,378.0,6.0,1.5041006234262801,220.0,158.0,3.0
2005,JHARKHAND,PALAMU,130.0,40.0,44.0,43.0,238.0,304.0,799.0,6.0,1.4906857928847825,644.0,155.0,4.0
2005,JHARKHAND,RANCHI,426.0,116.0,105.0,272.0,185.0,1452.0,2556.0,6.0,1.3198334877132798,2228.0,328.0,5.0
2005,JHARKHAND,SAHEBGANJ,94.0,50.0,26.0,17.0,80.0,155.0,422.0,6.0,1.571453132664695,408.0,14.0,3.0
2005,JHARKHAND,SARAIKELA,110.0,39.0,19.0,25.0,52.0,221.0,466.0,6.0,1.4343002026583775,369.0,97.0,3.0
2005,JHARKHAND,SIMDEGA,85.0,22.0,10.0,23.0,19.0,86.0,245.0,6.0,1.5021205911413196,150.0,95.0,2.0
2005,KARNATAKA,BAGALKOT,73.0,47.0,15.0,26.0,213.0,265.0,639.0,6.0,1.3893639619334763,625.0,14.0,3.0
2005,KARNATAKA,BANGALORE COMMR.,529.0,205.0,131.0,629.0,382.0,13193.0,15069.0,6.0,0.5594388043884432,13471.0,1598.0,5.0
2005,KARNATAKA,BELGAUM,196.0,87.0,41.0,47.0,334.0,752.0,1457.0,6.0,1.328419858486298,1231.0,226.0,5.0
2005,KARNATAKA,BELLARY,93.0,70.0,21.0,35.0,280.0,575.0,1074.0,6.0,1.2633143295409743,839.0,235.0,4.0
2005,KARNATAKA,BIDAR,83.0,49.0,12.0,24.0,174.0,372.0,714.0,6.0,1.3004918241977306,870.0,-156.0,3.0
2005,KARNATAKA,BIJAPUR,112.0,111.0,22.0,24.0,338.0,354.0,961.0,6.0,1.4138364570914477,805.0,156.0,4.0
2005,KARNATAKA,CHAMARAJNAGAR,54.0,50.0,8.0,6.0,89.0,227.0,434.0,6.0,1.304969260346663,491.0,-57.0,2.0
2005,KARNATAKA,CHICKMAGALUR,60.0,49.0,9.0,17.0,143.0,374.0,652.0,6.0,1.21983295648811,749.0,-97.0,3.0
2005,KARNATAKA,CHITRADURGA,38.0,77.0,6.0,14.0,236.0,388.0,759.0,6.0,1.2002059556009101,893.0,-134.0,3.0
2005,KARNATAKA,DAKSHIN KANNADA,65.0,54.0,14.0,49.0,250.0,581.0,1013.0,6.0,1.2023381108861528,1014.0,-1.0,4.0
2005,KARNATAKA,DAVANAGERE,61.0,80.0,14.0,26.0,187.0,501.0,869.0,6.0,1.2256633587671417,915.0,-46.0,3.0
2005,KARNATAKA,DHARWAD COMMR.,28.0,2.0,7.0,23.0,76.0,497.0,633.0,6.0,0.7708010137909869,637.0,-4.0,2.0
2005,KARNATAKA,GADAG,44.0,17.0,7.0,15.0,124.0,144.0,351.0,6.0,1.3528684910577513,317.0,34.0,2.0
2005,KARNATAKA,GULBARGA,226.0,135.0,33.0,34.0,529.0,564.0,1521.0,6.0,1.4015102149496192,1545.0,-24.0,5.0
2005,KARNATAKA,HASSAN,126.0,59.0,21.0,37.0,161.0,527.0,931.0,6.0,1.2848028269331913,1163.0,-232.0,4.0
2005,KARNATAKA,HAVERI,35.0,31.0,6.0,5.0,233.0,207.0,517.0,6.0,1.173278306316074,544.0,-27.0,3.0
2005,KARNATAKA,K.G.F.,36.0,23.0,8.0,5.0,52.0,167.0,291.0,6.0,1.2541637802772247,290.0,1.0,2.0
2005,KARNATAKA,KODAGU,65.0,28.0,10.0,9.0,47.0,220.0,379.0,6.0,1.2541779770297066,409.0,-30.0,2.0
2005,KARNATAKA,KOLAR,127.0,61.0,30.0,34.0,359.0,532.0,1143.0,6.0,1.320331769850214,1180.0,-37.0,5.0
2005,KARNATAKA,KOPPAL,62.0,32.0,8.0,18.0,136.0,195.0,451.0,6.0,1.3846290177332987,310.0,141.0,3.0
2005,KARNATAKA,MANDYA,100.0,73.0,12.0,16.0,197.0,470.0,868.0,6.0,1.258730472461909,964.0,-96.0,4.0
2005,KARNATAKA,MYSORE COMMR.,81.0,25.0,16.0,89.0,43.0,820.0,1074.0,6.0,0.886376655330637,838.0,236.0,3.0
2005,KARNATAKA,RAICHUR,90.0,74.0,10.0,14.0,220.0,258.0,666.0,6.0,1.3921035235753991,641.0,25.0,3.0
2005,KARNATAKA,SHIMOGA,88.0,105.0,27.0,31.0,234.0,549.0,1034.0,6.0,1.3146872885846095,1011.0,23.0,4.0
2005,KARNATAKA,TUMKUR,123.0,73.0,24.0,34.0,234.0,765.0,1253.0,6.0,1.1817221970740874,1269.0,-16.0,4.0
2005,KARNATAKA,UDUPI,45.0,34.0,9.0,21.0,150.0,248.0,507.0,6.0,1.3097108350937754,473.0,34.0,3.0
2005,KARNATAKA,UTTAR KANNADA,47.0,45.0,7.0,14.0,89.0,175.0,377.0,6.0,1.4066454385864366,361.0,16.0,2.0
2005,KERALA,ALAPUZHA,47.0,187.0,18.0,34.0,309.0,656.0,1251.0,6.0,1.2503067197235165,1106.0,145.0,4.0
2005,KERALA,CBCID,13.0,1.0,0.0,4.0,35.0,40.0,93.0,5.0,1.1897835855385626,162.0,-69.0,1.0
2005,KERALA,ERNAKULAM COMMR.,38.0,40.0,6.0,50.0,174.0,921.0,1229.0,6.0,0.8681794824094837,1576.0,-347.0,3.0
2005,KERALA,IDUKKI,58.0,153.0,7.0,24.0,228.0,487.0,957.0,6.0,1.276935271390983,870.0,87.0,4.0
2005,KERALA,KANNUR,43.0,146.0,7.0,20.0,697.0,515.0,1428.0,6.0,1.1423707777730474,1234.0,194.0,5.0
2005,KERALA,KASARGOD,27.0,97.0,9.0,26.0,456.0,407.0,1022.0,6.0,1.1813134644082428,939.0,83.0,4.0
2005,KERALA,KOLLAM,82.0,367.0,21.0,67.0,579.0,1001.0,2117.0,6.0,1.2935012220973674,2176.0,-59.0,5.0
2005,KERALA,KOTTAYAM,41.0,192.0,17.0,37.0,371.0,1137.0,1795.0,6.0,1.0646399898345127,1618.0,177.0,4.0
2005,KERALA,KOZHIKODE COMMR.,31.0,63.0,12.0,35.0,259.0,697.0,1097.0,6.0,1.0531557434734462,1502.0,-405.0,4.0
2005,KERALA,MALAPPURAM,62.0,180.0,13.0,32.0,665.0,977.0,1929.0,6.0,1.1451798762278822,1933.0,-4.0,5.0
2005,KERALA,PALAKKAD,68.0,119.0,10.0,23.0,391.0,748.0,1359.0,6.0,1.1553679012683291,1667.0,-308.0,5.0
2005,KERALA,PATHANAMTHITTA,39.0,153.0,9.0,15.0,191.0,458.0,865.0,6.0,1.2341491699771268,939.0,-74.0,3.0
2005,KERALA,THRISSUR,82.0,199.0,23.0,92.0,608.0,1115.0,2119.0,6.0,1.229371724276695,2595.0,-476.0,5.0
2005,KERALA,TRIVANDRUM COMMR.,28.0,170.0,21.0,107.0,338.0,1044.0,1708.0,6.0,1.1461490722464167,1844.0,-136.0,5.0
2005,KERALA,WAYANADU,13.0,93.0,6.0,13.0,188.0,337.0,650.0,6.0,1.1772953944075328,801.0,-151.0,3.0
2005,MADHYA PRADESH,ANUPPUR,35.0,103.0,7.0,19.0,12.0,244.0,420.0,6.0,1.1771406485242504,396.0,24.0,2.0
2005,MADHYA PRADESH,ASHOK NAGAR,84.0,160.0,7.0,13.0,42.0,219.0,525.0,6.0,1.3712630872995228,504.0,21.0,3.0
2005,MADHYA PRADESH,BALAGHAT,102.0,213.0,10.0,9.0,72.0,355.0,761.0,6.0,1.313969617769704,831.0,-70.0,3.0
2005,MADHYA PRADESH,BARWANI,65.0,133.0,5.0,7.0,40.0,343.0,593.0,6.0,1.1688084146052427,541.0,52.0,2.0
2005,MADHYA PRADESH,BETUL,97.0,266.0,14.0,15.0,23.0,392.0,807.0,6.0,1.2170218753998887,758.0,49.0,4.0
2005,MADHYA PRADESH,BHIND,218.0,102.0,21.0,70.0,131.0,467.0,1009.0,6.0,1.450031768173837,1003.0,6.0,4.0
2005,MADHYA PRADESH,BHOPAL,143.0,256.0,31.0,113.0,81.0,2332.0,2956.0,6.0,0.8165916105535898,4001.0,-1045.0,4.0
2005,MADHYA PRADESH,BHOPAL RLY.,5.0,12.0,1.0,12.0,8.0,1204.0,1242.0,6.0,0.180211232673363,1366.0,-124.0,1.0
2005,MADHYA PRADESH,BURHANPUR,25.0,65.0,1.0,12.0,21.0,197.0,321.0,6.0,1.1410608934853024,365.0,-44.0,1.0
2005,MADHYA PRADESH,CHHATARPUR,140.0,208.0,12.0,34.0,80.0,379.0,853.0,6.0,1.4115481173888274,924.0,-71.0,4.0
2005,MADHYA PRADESH,CHHINDWARA,106.0,287.0,19.0,16.0,67.0,475.0,970.0,6.0,1.281223249358729,1036.0,-66.0,4.0
2005,MADHYA PRADESH,DAMOH,108.0,156.0,12.0,18.0,16.0,263.0,573.0,6.0,1.3157527130174989,707.0,-134.0,3.0
2005,MADHYA PRADESH,DATIYA,98.0,96.0,20.0,32.0,36.0,249.0,531.0,6.0,1.4514571499511075,585.0,-54.0,3.0
2005,MADHYA PRADESH,DEWAS,134.0,272.0,32.0,37.0,144.0,1084.0,1703.0,6.0,1.1473168443092752,1902.0,-199.0,4.0
2005,MADHYA PRADESH,DHAR,169.0,314.0,40.0,54.0,137.0,926.0,1640.0,6.0,1.2837627859420035,1437.0,203.0,5.0
2005,MADHYA PRADESH,DINDORI,28.0,89.0,1.0,1.0,10.0,64.0,193.0,6.0,1.2109558290291054,235.0,-42.0,2.0
2005,MADHYA PRADESH,GUNA,77.0,253.0,5.0,38.0,101.0,472.0,946.0,6.0,1.299475893407144,960.0,-14.0,4.0
2005,MADHYA PRADESH,GWALIOR,254.0,225.0,44.0,147.0,151.0,2441.0,3262.0,6.0,0.9401844592521272,3147.0,115.0,5.0
2005,MADHYA PRADESH,HARDA,33.0,73.0,7.0,10.0,13.0,161.0,297.0,6.0,1.2604460946442735,322.0,-25.0,2.0
2005,MADHYA PRADESH,HOSHANGABAD,116.0,188.0,16.0,38.0,70.0,625.0,1053.0,6.0,1.223931567371854,1160.0,-107.0,4.0
2005,MADHYA PRADESH,INDORE,248.0,323.0,59.0,102.0,154.0,3863.0,4749.0,6.0,0.7531579094362959,4634.0,115.0,5.0
2005,MADHYA PRADESH,INDORE RLY.,2.0,9.0,0.0,5.0,0.0,138.0,154.0,4.0,0.43195576039407974,170.0,-16.0,1.0
2005,MADHYA PRADESH,JABALPUR,208.0,402.0,36.0,74.0,86.0,1379.0,2185.0,6.0,1.1354530005095467,2631.0,-446.0,5.0
2005,MADHYA PRADESH,JABALPUR RLY.,5.0,10.0,0.0,18.0,2.0,376.0,411.0,5.0,0.38839480960581574,331.0,80.0,1.0
2005,MADHYA PRADESH,JHABUA,198.0,99.0,48.0,14.0,72.0,260.0,691.0,6.0,1.5041957238946915,726.0,-35.0,4.0
2005,MADHYA PRADESH,KATNI,58.0,150.0,3.0,20.0,34.0,382.0,647.0,6.0,1.153399769944678,655.0,-8.0,2.0
2005,MADHYA PRADESH,KHANDWA,91.0,253.0,36.0,31.0,74.0,863.0,1348.0,6.0,1.1243040450578143,1023.0,325.0,4.0
2005,MADHYA PRADESH,KHARGON,83.0,212.0,9.0,26.0,83.0,842.0,1255.0,6.0,1.043148911883553,1532.0,-277.0,3.0
2005,MADHYA PRADESH,MANDLA,59.0,136.0,8.0,9.0,10.0,143.0,365.0,6.0,1.3031330789602658,387.0,-22.0,2.0
2005,MADHYA PRADESH,MANDSAUR,66.0,160.0,18.0,36.0,70.0,593.0,943.0,6.0,1.1720850075679077,1071.0,-128.0,3.0
2005,MADHYA PRADESH,MORENA,170.0,121.0,30.0,79.0,195.0,718.0,1313.0,6.0,1.3531553605121904,1224.0,89.0,5.0
2005,MADHYA PRADESH,NARSINGHPUR,90.0,221.0,2.0,17.0,36.0,219.0,585.0,6.0,1.317353489643042,564.0,21.0,3.0
2005,MADHYA PRADESH,NEEMUCH,33.0,95.0,9.0,16.0,34.0,518.0,705.0,6.0,0.9276688264864964,789.0,-84.0,2.0
2005,MADHYA PRADESH,PANNA,60.0,118.0,12.0,14.0,27.0,218.0,449.0,6.0,1.344941237625367,424.0,25.0,2.0
2005,MADHYA PRADESH,RAISEN,101.0,251.0,14.0,21.0,81.0,355.0,823.0,6.0,1.3734059813306658,772.0,51.0,4.0
2005,MADHYA PRADESH,RAJGARH,73.0,233.0,19.0,25.0,194.0,586.0,1130.0,6.0,1.2986086509445074,1399.0,-269.0,4.0
2005,MADHYA PRADESH,RATLAM,87.0,201.0,13.0,28.0,43.0,655.0,1027.0,6.0,1.101571460083727,945.0,82.0,3.0
2005,MADHYA PRADESH,REWA,100.0,171.0,26.0,46.0,104.0,910.0,1357.0,6.0,1.1085211660593064,1708.0,-351.0,4.0
2005,MADHYA PRADESH,SAGAR,181.0,472.0,31.0,51.0,115.0,973.0,1823.0,6.0,1.257948230963779,1651.0,172.0,5.0
2005,MADHYA PRADESH,SATNA,134.0,270.0,18.0,47.0,70.0,847.0,1386.0,6.0,1.1674504507749335,1361.0,25.0,4.0
2005,MADHYA PRADESH,SEONI,41.0,199.0,10.0,10.0,32.0,225.0,517.0,6.0,1.2553891876602334,546.0,-29.0,2.0
2005,MADHYA PRADESH,SHAHDOL,64.0,199.0,6.0,21.0,41.0,490.0,821.0,6.0,1.1298449098922343,754.0,67.0,2.0
2005,MADHYA PRADESH,SHAJAPUR,77.0,246.0,15.0,61.0,99.0,809.0,1307.0,6.0,1.1678486859908292,1532.0,-225.0,4.0
2005,MADHYA PRADESH,SHEOPUR,30.0,63.0,4.0,8.0,29.0,151.0,285.0,6.0,1.2998753086226478,287.0,-2.0,2.0
2005,MADHYA PRADESH,SHIVPURI,159.0,157.0,22.0,33.0,77.0,489.0,937.0,6.0,1.3509945758020039,958.0,-21.0,4.0
2005,MADHYA PRADESH,SIDHI,66.0,179.0,22.0,16.0,42.0,606.0,931.0,6.0,1.082258180311584,1050.0,-119.0,3.0
2005,MADHYA PRADESH,SIHORE,97.0,149.0,11.0,19.0,49.0,565.0,890.0,6.0,1.1253092314780893,805.0,85.0,3.0
2005,MADHYA PRADESH,TIKAMGARH,91.0,146.0,15.0,24.0,63.0,392.0,731.0,6.0,1.3184340400947003,783.0,-52.0,3.0
2005,MADHYA PRADESH,UJJAIN,189.0,246.0,28.0,98.0,101.0,1599.0,2261.0,6.0,1.023078499742492,2960.0,-699.0,5.0
2005,MADHYA PRADESH,UMARIYA,59.0,89.0,3.0,9.0,19.0,197.0,376.0,6.0,1.2490846771021968,423.0,-47.0,2.0
2005,MADHYA PRADESH,VIDISHA,94.0,296.0,15.0,31.0,99.0,529.0,1064.0,6.0,1.3017829537500487,1026.0,38.0,4.0
2005,MAHARASHTRA,AHMEDNAGAR,149.0,147.0,33.0,113.0,232.0,1595.0,2269.0,6.0,1.047968212243025,2059.0,210.0,5.0
2005,MAHARASHTRA,AKOLA,88.0,103.0,24.0,66.0,163.0,1632.0,2076.0,6.0,0.8331525125562103,1847.0,229.0,4.0
2005,MAHARASHTRA,AMRAVATI COMMR.,57.0,54.0,11.0,15.0,97.0,1026.0,1260.0,6.0,0.7338704514432244,1417.0,-157.0,2.0
2005,MAHARASHTRA,AURANGABAD COMMR.,49.0,57.0,12.0,65.0,133.0,947.0,1263.0,6.0,0.9157519754657946,1173.0,90.0,3.0
2005,MAHARASHTRA,BEED,115.0,124.0,26.0,88.0,472.0,1162.0,1987.0,6.0,1.1880049249733577,1842.0,145.0,5.0
2005,MAHARASHTRA,BHANDARA,41.0,79.0,17.0,13.0,95.0,704.0,949.0,6.0,0.925438228522425,1014.0,-65.0,2.0
2005,MAHARASHTRA,BULDHANA,113.0,152.0,23.0,41.0,235.0,1255.0,1819.0,6.0,1.0412328882908337,1521.0,298.0,4.0
2005,MAHARASHTRA,CHANDRAPUR,79.0,134.0,17.0,38.0,154.0,1101.0,1523.0,6.0,0.9758726518050471,1501.0,22.0,4.0
2005,MAHARASHTRA,DHULE,77.0,42.0,9.0,20.0,116.0,490.0,754.0,6.0,1.1110423521891648,627.0,127.0,3.0
2005,MAHARASHTRA,GADCHIROLI,108.0,84.0,5.0,38.0,84.0,256.0,575.0,6.0,1.457173024877988,585.0,-10.0,3.0
2005,MAHARASHTRA,GONDIA,50.0,128.0,18.0,20.0,64.0,616.0,896.0,6.0,1.0485084843610954,790.0,106.0,2.0
2005,MAHARASHTRA,HINGOLI,46.0,60.0,15.0,50.0,191.0,384.0,746.0,6.0,1.3248716508601168,627.0,119.0,3.0
2005,MAHARASHTRA,JALGAON,131.0,144.0,26.0,45.0,212.0,1346.0,1904.0,6.0,1.0161576484014816,1635.0,269.0,4.0
2005,MAHARASHTRA,JALNA,79.0,73.0,13.0,77.0,218.0,618.0,1078.0,6.0,1.257819088133752,992.0,86.0,4.0
2005,MAHARASHTRA,KOLHAPUR,129.0,73.0,25.0,34.0,177.0,1230.0,1668.0,6.0,0.9398647453998311,1320.0,348.0,4.0
2005,MAHARASHTRA,LATUR,90.0,85.0,22.0,47.0,210.0,694.0,1148.0,6.0,1.213950600896892,1090.0,58.0,4.0
2005,MAHARASHTRA,MUMBAI,356.0,586.0,198.0,409.0,271.0,17278.0,19098.0,6.0,0.46180962926538865,18062.0,1036.0,5.0
2005,MAHARASHTRA,MUMBAI RLY.,6.0,14.0,7.0,29.0,16.0,1624.0,1696.0,6.0,0.2373301142582579,1885.0,-189.0,1.0
2005,MAHARASHTRA,NAGPUR COMMR.,177.0,128.0,57.0,200.0,272.0,4300.0,5134.0,6.0,0.6886488866965556,4506.0,628.0,5.0
2005,MAHARASHTRA,NAGPUR RLY.,12.0,8.0,3.0,25.0,4.0,916.0,968.0,6.0,0.28132474006109465,1073.0,-105.0,1.0
2005,MAHARASHTRA,NANDED,185.0,126.0,42.0,116.0,337.0,1086.0,1892.0,6.0,1.2894053727002397,1823.0,69.0,5.0
2005,MAHARASHTRA,NANDURBAR,49.0,40.0,3.0,11.0,67.0,281.0,451.0,6.0,1.1579881261529181,510.0,-59.0,2.0
2005,MAHARASHTRA,NASIK COMMR.,47.0,56.0,16.0,23.0,102.0,1406.0,1650.0,6.0,0.6291376146571586,1524.0,126.0,3.0
2005,MAHARASHTRA,NAVI MUMBAI,74.0,61.0,15.0,92.0,118.0,1745.0,2105.0,6.0,0.7093629685181853,2016.0,89.0,4.0
2005,MAHARASHTRA,OSMANABAD,60.0,64.0,7.0,38.0,134.0,706.0,1009.0,6.0,1.01871925519505,874.0,135.0,3.0
2005,MAHARASHTRA,PARBHANI,74.0,54.0,13.0,46.0,197.0,585.0,969.0,6.0,1.1883885886822032,861.0,108.0,4.0
2005,MAHARASHTRA,PUNE COMMR.,198.0,186.0,102.0,217.0,490.0,6204.0,7397.0,6.0,0.6794492053450953,6314.0,1083.0,5.0
2005,MAHARASHTRA,PUNE RLY.,2.0,2.0,0.0,7.0,3.0,162.0,176.0,5.0,0.37570897833771133,145.0,31.0,1.0
2005,MAHARASHTRA,RAIGAD,63.0,72.0,8.0,49.0,145.0,631.0,968.0,6.0,1.1250786087774336,842.0,126.0,3.0
2005,MAHARASHTRA,RATNAGIRI,24.0,67.0,7.0,19.0,98.0,514.0,729.0,6.0,0.9875818521338078,611.0,118.0,2.0
2005,MAHARASHTRA,SANGLI,90.0,89.0,32.0,50.0,151.0,1160.0,1572.0,6.0,0.9645894746988132,1342.0,230.0,4.0
2005,MAHARASHTRA,SATARA,98.0,92.0,26.0,60.0,174.0,1219.0,1669.0,6.0,0.9758028957282758,1258.0,411.0,4.0
2005,MAHARASHTRA,SINDHUDURG,25.0,24.0,4.0,11.0,59.0,250.0,373.0,6.0,1.0700847154847903,306.0,67.0,2.0
2005,MAHARASHTRA,SOLAPUR COMMR.,39.0,37.0,10.0,49.0,93.0,671.0,899.0,6.0,0.929065285555597,874.0,25.0,3.0
2005,MAHARASHTRA,THANE COMMR.,161.0,170.0,85.0,175.0,305.0,3817.0,4713.0,6.0,0.7778361814339925,4649.0,64.0,5.0
2005,MAHARASHTRA,WARDHA,79.0,145.0,31.0,35.0,127.0,859.0,1276.0,6.0,1.1043688318892466,1326.0,-50.0,4.0
2005,MAHARASHTRA,WASHIM,49.0,75.0,15.0,24.0,127.0,570.0,860.0,6.0,1.1015494430614272,905.0,-45.0,3.0
2005,MAHARASHTRA,YAVATMAL,154.0,192.0,43.0,74.0,201.0,1669.0,2333.0,6.0,1.018830969327713,1933.0,400.0,5.0
2005,MANIPUR,BISHNUPUR,68.0,6.0,7.0,0.0,10.0,32.0,123.0,5.0,1.1924457242320723,168.0,-45.0,1.0
2005,MANIPUR,CHANDEL,30.0,2.0,1.0,6.0,11.0,10.0,60.0,6.0,1.3680867029375103,30.0,30.0,1.0
2005,MANIPUR,CHURACHANDPUR,75.0,2.0,4.0,0.0,2.0,21.0,104.0,5.0,0.8360798811208486,65.0,39.0,1.0
2005,MANIPUR,IMPHAL(EAST),88.0,7.0,28.0,1.0,25.0,89.0,238.0,6.0,1.350887188250296,256.0,-18.0,2.0
2005,MANIPUR,IMPHAL(WEST),118.0,22.0,41.0,4.0,70.0,234.0,489.0,6.0,1.360695496065169,472.0,17.0,3.0
2005,MANIPUR,SENAPATI,22.0,0.0,3.0,1.0,19.0,12.0,57.0,5.0,1.2875777372818193,48.0,9.0,1.0
2005,MANIPUR,TAMENGLONG,9.0,1.0,1.0,0.0,10.0,5.0,26.0,5.0,1.3024018577085232,16.0,10.0,1.0
2005,MANIPUR,THOUBAL,85.0,10.0,20.0,0.0,18.0,53.0,186.0,5.0,1.3385530378901334,176.0,10.0,2.0
2005,MANIPUR,UKHRUL,17.0,0.0,1.0,0.0,25.0,23.0,66.0,4.0,1.1479442960108022,29.0,37.0,1.0
2005,MEGHALAYA,GARO HILLS EAST,17.0,4.0,7.0,18.0,16.0,52.0,114.0,6.0,1.4977426597890209,76.0,38.0,1.0
2005,MEGHALAYA,GARO HILLS SOUTH,7.0,2.0,2.0,5.0,1.0,18.0,35.0,6.0,1.3705526052057437,24.0,11.0,1.0
2005,MEGHALAYA,GARO HILLS WEST,15.0,12.0,11.0,19.0,40.0,70.0,167.0,6.0,1.538888024830251,137.0,30.0,1.0
2005,MEGHALAYA,JAINTIA HILLS,46.0,20.0,7.0,19.0,9.0,84.0,185.0,6.0,1.449753156667557,171.0,14.0,2.0
2005,MEGHALAYA,KHASI HILLS EAST,52.0,35.0,19.0,67.0,37.0,349.0,559.0,6.0,1.2374470308685086,534.0,25.0,3.0
2005,MEGHALAYA,KHASI HILLS WEST,15.0,19.0,0.0,28.0,0.0,47.0,109.0,4.0,1.289295064009199,81.0,28.0,1.0
2005,MEGHALAYA,RI-BHOI,19.0,15.0,2.0,20.0,9.0,61.0,126.0,6.0,1.4362473008920082,110.0,16.0,1.0
2005,MIZORAM,AIZAWL,10.0,20.0,5.0,4.0,16.0,342.0,397.0,6.0,0.6025771999846266,503.0,-106.0,1.0
2005,MIZORAM,CHAMPHAI,8.0,12.0,1.0,0.0,4.0,134.0,159.0,5.0,0.6141235558756002,131.0,28.0,1.0
2005,MIZORAM,KOLASIB,3.0,2.0,0.0,0.0,1.0,102.0,108.0,4.0,0.27074828099348014,27.0,81.0,1.0
2005,MIZORAM,LAWNGTLAI,6.0,8.0,2.0,1.0,7.0,141.0,165.0,6.0,0.6200733581633937,73.0,92.0,1.0
2005,MIZORAM,LUNGLEI,9.0,14.0,2.0,3.0,11.0,292.0,331.0,6.0,0.5290280028668389,169.0,162.0,1.0
2005,MIZORAM,MAMIT,7.0,9.0,2.0,0.0,1.0,42.0,61.0,5.0,0.967188445018647,23.0,38.0,1.0
2005,MIZORAM,SAIHA,5.0,11.0,1.0,1.0,12.0,177.0,207.0,6.0,0.596383430821039,96.0,111.0,1.0
2005,MIZORAM,SERCHHIP,5.0,10.0,0.0,0.0,3.0,58.0,76.0,4.0,0.7797521301572836,87.0,-11.0,1.0
2005,NAGALAND,DIMAPUR,28.0,7.0,5.0,60.0,0.0,169.0,269.0,5.0,1.0312026679074566,252.0,17.0,2.0
2005,NAGALAND,KIPHIRE,1.0,0.0,0.0,0.0,0.0,4.0,5.0,2.0,0.5004024235381879,14.0,-9.0,1.0
2005,NAGALAND,KOHIMA,26.0,5.0,12.0,17.0,0.0,104.0,164.0,5.0,1.1135380149714944,120.0,44.0,1.0
2005,NAGALAND,MOKOKCHUNG,6.0,1.0,0.0,1.0,1.0,21.0,30.0,5.0,0.9116797814101484,33.0,-3.0,1.0
2005,NAGALAND,MON,18.0,2.0,1.0,5.0,1.0,32.0,59.0,6.0,1.156118385346184,63.0,-4.0,1.0
2005,NAGALAND,PEREN,8.0,5.0,0.0,0.0,0.0,12.0,25.0,3.0,1.038811757145593,12.0,13.0,1.0
2005,NAGALAND,PHEK,4.0,2.0,2.0,6.0,1.0,17.0,32.0,6.0,1.3647062205796219,25.0,7.0,1.0
2005,NAGALAND,TUENSANG,12.0,1.0,2.0,0.0,8.0,17.0,40.0,5.0,1.28874612058968,36.0,4.0,1.0
2005,NAGALAND,WOKHA,15.0,0.0,4.0,2.0,1.0,42.0,64.0,5.0,0.9630338835153893,59.0,5.0,1.0
2005,NAGALAND,ZUNHEBOTO,3.0,1.0,0.0,1.0,0.0,27.0,32.0,4.0,0.5818786450459386,44.0,-12.0,1.0
2005,ODISHA,ANGUL,88.0,163.0,15.0,52.0,124.0,449.0,891.0,6.0,1.3937579633634596,711.0,180.0,3.0
2005,ODISHA,BALASORE,48.0,175.0,41.0,37.0,76.0,460.0,837.0,6.0,1.3235928512697472,732.0,105.0,3.0
2005,ODISHA,BARAGARH,87.0,133.0,12.0,26.0,96.0,356.0,710.0,6.0,1.3777542704203023,541.0,169.0,3.0
2005,ODISHA,BERHAMPUR,77.0,117.0,7.0,79.0,50.0,362.0,692.0,6.0,1.367864172099332,496.0,196.0,2.0
2005,ODISHA,BHADRAK,49.0,127.0,18.0,17.0,50.0,202.0,463.0,6.0,1.4423199304896919,425.0,38.0,2.0
2005,ODISHA,BOLANGIR,122.0,163.0,40.0,35.0,79.0,275.0,714.0,6.0,1.559450689638116,605.0,109.0,4.0
2005,ODISHA,BOUDH,20.0,42.0,2.0,4.0,20.0,52.0,140.0,6.0,1.4473027077386273,174.0,-34.0,1.0
2005,ODISHA,CUTTACK,153.0,53.0,71.0,148.0,93.0,1215.0,1733.0,6.0,1.067887055839219,1702.0,31.0,5.0
2005,ODISHA,DEOGARH,31.0,76.0,8.0,25.0,25.0,70.0,235.0,6.0,1.5848479493735015,177.0,58.0,2.0
2005,ODISHA,DHENKANAL,92.0,147.0,12.0,28.0,107.0,249.0,635.0,6.0,1.4984168068698827,578.0,57.0,3.0
2005,ODISHA,GAJAPATI,32.0,44.0,6.0,3.0,25.0,90.0,200.0,6.0,1.4137721044740552,151.0,49.0,1.0
2005,ODISHA,GANJAM,128.0,205.0,25.0,49.0,87.0,297.0,791.0,6.0,1.536736069813721,825.0,-34.0,4.0
2005,ODISHA,JAGATSINGHPUR,66.0,21.0,11.0,29.0,31.0,221.0,379.0,6.0,1.28337216389301,411.0,-32.0,2.0
2005,ODISHA,JAJPUR,50.0,57.0,39.0,49.0,58.0,257.0,510.0,6.0,1.4868589222395139,538.0,-28.0,3.0
2005,ODISHA,JHARSUGUDA,26.0,71.0,6.0,21.0,62.0,243.0,429.0,6.0,1.2765091989499258,272.0,157.0,2.0
2005,ODISHA,KALAHANDI,56.0,70.0,11.0,34.0,103.0,188.0,462.0,6.0,1.5231933710340377,403.0,59.0,3.0
2005,ODISHA,KANDHAMAL,39.0,131.0,20.0,13.0,28.0,129.0,360.0,6.0,1.4555310672722437,332.0,28.0,2.0
2005,ODISHA,KENDRAPARA,72.0,36.0,20.0,30.0,29.0,193.0,380.0,6.0,1.4343081085026128,287.0,93.0,2.0
2005,ODISHA,KEONJHAR,137.0,125.0,21.0,45.0,83.0,396.0,807.0,6.0,1.4291164993269638,598.0,209.0,4.0
2005,ODISHA,KHURDA,117.0,99.0,65.0,144.0,108.0,2003.0,2536.0,6.0,0.846087972069391,2498.0,38.0,5.0
2005,ODISHA,KORAPUT,67.0,161.0,27.0,24.0,80.0,294.0,653.0,6.0,1.4484745596843274,608.0,45.0,3.0
2005,ODISHA,MALKANGIR,76.0,30.0,7.0,11.0,34.0,70.0,228.0,6.0,1.5325877380061965,221.0,7.0,2.0
2005,ODISHA,MAYURBHANJ,112.0,238.0,40.0,32.0,41.0,366.0,829.0,6.0,1.4102668671584713,812.0,17.0,4.0
2005,ODISHA,NAYAGARH,35.0,27.0,25.0,19.0,49.0,220.0,375.0,6.0,1.3212239764636005,321.0,54.0,2.0
2005,ODISHA,NOWRANGPUR,42.0,67.0,8.0,13.0,60.0,111.0,301.0,6.0,1.530715150042796,284.0,17.0,2.0
2005,ODISHA,NUAPADA,14.0,44.0,7.0,17.0,32.0,119.0,233.0,6.0,1.3958608185046566,193.0,40.0,1.0
2005,ODISHA,PURI,188.0,55.0,24.0,54.0,53.0,497.0,871.0,6.0,1.2671993143600517,807.0,64.0,4.0
2005,ODISHA,RAYAGADA,47.0,61.0,3.0,23.0,58.0,134.0,326.0,6.0,1.4956437781997325,316.0,10.0,2.0
2005,ODISHA,ROURKELA,43.0,68.0,12.0,18.0,16.0,388.0,545.0,6.0,1.0021891126521394,520.0,25.0,2.0
2005,ODISHA,SAMBALPUR,128.0,91.0,25.0,55.0,66.0,466.0,831.0,6.0,1.3410040088620303,686.0,145.0,3.0
2005,ODISHA,SONEPUR,24.0,47.0,1.0,2.0,36.0,59.0,169.0,6.0,1.4127512915816487,145.0,24.0,1.0
2005,ODISHA,SRP(CUTTACK),5.0,5.0,1.0,10.0,2.0,291.0,314.0,6.0,0.36262994399008236,295.0,19.0,1.0
2005,ODISHA,SRP(ROURKELA),4.0,7.0,3.0,3.0,3.0,112.0,132.0,6.0,0.6591206144732622,127.0,5.0,1.0
2005,ODISHA,SUNDARGARH,131.0,81.0,8.0,33.0,37.0,279.0,569.0,6.0,1.3678987774907454,605.0,-36.0,3.0
2005,PUNJAB,AMRITSAR,79.0,11.0,20.0,4.0,0.0,387.0,501.0,5.0,0.7416891201192725,691.0,-190.0,2.0
2005,PUNJAB,BARNALA,25.0,22.0,2.0,1.0,2.0,154.0,206.0,6.0,0.8281765615588691,233.0,-27.0,1.0
2005,PUNJAB,BATALA,53.0,31.0,18.0,1.0,0.0,263.0,366.0,5.0,0.8906598993516804,238.0,128.0,2.0
2005,PUNJAB,BHATINDA,170.0,53.0,37.0,4.0,5.0,566.0,835.0,6.0,0.9569505467019994,598.0,237.0,3.0
2005,PUNJAB,FARIDKOT,54.0,16.0,10.0,2.0,0.0,188.0,270.0,5.0,0.8997930983561595,248.0,22.0,1.0
2005,PUNJAB,FATEHGARH SAHIB,23.0,7.0,6.0,4.0,0.0,182.0,222.0,5.0,0.67671932188317,214.0,8.0,1.0
2005,PUNJAB,FEROZPUR,88.0,34.0,14.0,2.0,4.0,395.0,537.0,6.0,0.8494244463390549,,,2.0
2005,PUNJAB,G.R.P,8.0,5.0,1.0,1.0,1.0,46.0,62.0,6.0,0.8884210603014213,87.0,-25.0,1.0
2005,PUNJAB,GURDASPUR,54.0,27.0,17.0,2.0,5.0,173.0,278.0,6.0,1.1185912916872214,231.0,47.0,2.0
2005,PUNJAB,HOSHIARPUR,74.0,34.0,19.0,8.0,5.0,266.0,406.0,6.0,1.069815831104783,406.0,0.0,2.0
2005,PUNJAB,JAGRAON,41.0,21.0,16.0,5.0,0.0,198.0,281.0,5.0,0.9562304446981817,396.0,-115.0,1.0
2005,PUNJAB,JALANDHAR,157.0,64.0,80.0,13.0,8.0,1031.0,1353.0,6.0,0.8435516041127405,1141.0,212.0,4.0
2005,PUNJAB,KAPURTHALA,53.0,39.0,24.0,4.0,3.0,323.0,446.0,6.0,0.9330535209503974,351.0,95.0,2.0
2005,PUNJAB,KHANNA,46.0,23.0,12.0,8.0,1.0,214.0,304.0,6.0,0.9702936535429332,217.0,87.0,2.0
2005,PUNJAB,LUDHIANA,130.0,68.0,52.0,7.0,5.0,925.0,1187.0,6.0,0.7907274075144817,1159.0,28.0,3.0
2005,PUNJAB,MAJITHA,58.0,11.0,18.0,4.0,5.0,185.0,281.0,6.0,1.035979477516146,264.0,17.0,2.0
2005,PUNJAB,MANSA,72.0,20.0,11.0,3.0,1.0,159.0,266.0,6.0,1.059199094270274,232.0,34.0,2.0
2005,PUNJAB,MOGA,66.0,15.0,18.0,3.0,0.0,274.0,376.0,5.0,0.8485848996432355,296.0,80.0,2.0
2005,PUNJAB,MUKTSAR,60.0,36.0,23.0,2.0,5.0,257.0,383.0,6.0,1.0333358763203893,262.0,121.0,2.0
2005,PUNJAB,NAWAN SHAHR,38.0,22.0,12.0,18.0,2.0,286.0,378.0,6.0,0.8897176566283964,303.0,75.0,2.0
2005,PUNJAB,PATIALA,101.0,49.0,24.0,12.0,0.0,765.0,951.0,5.0,0.7140613270969207,1004.0,-53.0,2.0
2005,PUNJAB,ROPAR,37.0,34.0,12.0,1.0,1.0,343.0,428.0,6.0,0.7187945886188081,389.0,39.0,2.0
2005,PUNJAB,SANGRUR,86.0,25.0,21.0,3.0,3.0,352.0,490.0,6.0,0.8922205302184735,549.0,-59.0,2.0
2005,PUNJAB,TARN TARAN,79.0,39.0,11.0,0.0,0.0,165.0,294.0,4.0,1.0681949519021894,242.0,52.0,2.0
2005,RAJASTHAN,AJMER,99.0,87.0,89.0,33.0,64.0,1542.0,1914.0,6.0,0.7941181792678963,2044.0,-130.0,4.0
2005,RAJASTHAN,ALWAR,176.0,162.0,86.0,43.0,184.0,1733.0,2384.0,6.0,0.9969266639385186,2221.0,163.0,5.0
2005,RAJASTHAN,BANSWARA,41.0,112.0,33.0,9.0,138.0,237.0,570.0,6.0,1.4477778326793551,625.0,-55.0,3.0
2005,RAJASTHAN,BARAN,114.0,166.0,47.0,9.0,43.0,476.0,855.0,6.0,1.270728301627361,996.0,-141.0,3.0
2005,RAJASTHAN,BARMER,56.0,105.0,26.0,3.0,35.0,385.0,610.0,6.0,1.1371839667490002,695.0,-85.0,2.0
2005,RAJASTHAN,BHARATPUR,203.0,90.0,88.0,27.0,34.0,1163.0,1605.0,6.0,0.9660572858148564,1813.0,-208.0,4.0
2005,RAJASTHAN,BHILWARA,91.0,126.0,136.0,46.0,157.0,1441.0,1997.0,6.0,1.0203050257831077,2208.0,-211.0,5.0
2005,RAJASTHAN,BIKANER,125.0,97.0,20.0,16.0,14.0,706.0,978.0,6.0,0.9350010735221644,1279.0,-301.0,3.0
2005,RAJASTHAN,BUNDI,95.0,146.0,70.0,8.0,48.0,420.0,787.0,6.0,1.3353442611131403,1169.0,-382.0,3.0
2005,RAJASTHAN,CHITTORGARH,110.0,179.0,133.0,31.0,171.0,1119.0,1743.0,6.0,1.1883872522680456,2033.0,-290.0,5.0
2005,RAJASTHAN,CHURU,53.0,78.0,28.0,9.0,30.0,392.0,590.0,6.0,1.1155529266816155,767.0,-177.0,2.0
2005,RAJASTHAN,DAUSA,48.0,24.0,30.0,9.0,68.0,781.0,960.0,6.0,0.7494982854258506,1004.0,-44.0,2.0
2005,RAJASTHAN,DHOLPUR,119.0,55.0,53.0,22.0,52.0,443.0,744.0,6.0,1.2727083631174565,781.0,-37.0,3.0
2005,RAJASTHAN,DUNGARPUR,33.0,48.0,31.0,10.0,97.0,127.0,346.0,6.0,1.5411191877281816,479.0,-133.0,2.0
2005,RAJASTHAN,G.R.P.,7.0,17.0,2.0,10.0,4.0,474.0,514.0,6.0,0.3819983800245249,599.0,-85.0,1.0
2005,RAJASTHAN,GANGANAGAR,173.0,103.0,53.0,17.0,22.0,1163.0,1531.0,6.0,0.8641628128646883,1682.0,-151.0,4.0
2005,RAJASTHAN,HANUMANGARH,127.0,94.0,28.0,11.0,8.0,662.0,930.0,6.0,0.9443659042515519,1126.0,-196.0,3.0
2005,RAJASTHAN,JAIPUR,189.0,294.0,211.0,52.0,536.0,6919.0,8201.0,6.0,0.6541712545013846,8503.0,-302.0,5.0
2005,RAJASTHAN,JAISALMER,8.0,18.0,9.0,4.0,16.0,209.0,264.0,6.0,0.8225714484775388,290.0,-26.0,1.0
2005,RAJASTHAN,JALORE,37.0,47.0,22.0,3.0,25.0,326.0,460.0,6.0,1.0163132007106448,452.0,8.0,2.0
2005,RAJASTHAN,JHALAWAR,128.0,200.0,68.0,25.0,159.0,620.0,1200.0,6.0,1.3896571597741914,1323.0,-123.0,4.0
2005,RAJASTHAN,JHUNJHUNU,40.0,76.0,29.0,7.0,114.0,554.0,820.0,6.0,1.065890045484785,911.0,-91.0,3.0
2005,RAJASTHAN,JODHPUR,150.0,127.0,75.0,53.0,83.0,2203.0,2691.0,6.0,0.7532733556764247,2680.0,11.0,4.0
2005,RAJASTHAN,KARAULI,48.0,62.0,62.0,6.0,18.0,568.0,764.0,6.0,0.9282477282237411,799.0,-35.0,3.0
2005,RAJASTHAN,KOTA,352.0,194.0,109.0,45.0,48.0,1866.0,2614.0,6.0,0.9794579423475042,2843.0,-229.0,5.0
2005,RAJASTHAN,NAGAUR,69.0,202.0,43.0,12.0,33.0,771.0,1130.0,6.0,1.0151707931132408,1194.0,-64.0,3.0
2005,RAJASTHAN,PALI,71.0,181.0,68.0,16.0,49.0,755.0,1140.0,6.0,1.1012947056628446,1379.0,-239.0,3.0
2005,RAJASTHAN,RAJSAMAND,37.0,37.0,47.0,7.0,48.0,362.0,538.0,6.0,1.1198676920131962,542.0,-4.0,2.0
2005,RAJASTHAN,SAWAI MADHOPUR,52.0,51.0,36.0,13.0,13.0,588.0,753.0,6.0,0.845581043101371,818.0,-65.0,2.0
2005,RAJASTHAN,SIKAR,97.0,43.0,68.0,7.0,139.0,728.0,1082.0,6.0,1.0811528691315957,1175.0,-93.0,4.0
2005,RAJASTHAN,SIROHI,56.0,74.0,24.0,17.0,96.0,390.0,657.0,6.0,1.26191067754894,652.0,5.0,3.0
2005,RAJASTHAN,TONK,51.0,55.0,64.0,8.0,116.0,646.0,940.0,6.0,1.06366346703311,919.0,21.0,3.0
2005,RAJASTHAN,UDAIPUR,145.0,146.0,105.0,43.0,276.0,1310.0,2025.0,6.0,1.1670257176564889,2252.0,-227.0,5.0
2005,SIKKIM,EAST,16.0,16.0,2.0,1.0,8.0,121.0,164.0,6.0,0.9106266606081177,174.0,-10.0,1.0
2005,SIKKIM,NORTH,2.0,2.0,0.0,0.0,2.0,11.0,17.0,4.0,1.0369938685184663,10.0,7.0,1.0
2005,SIKKIM,SOUTH,4.0,28.0,1.0,5.0,9.0,59.0,106.0,6.0,1.1988747197911314,72.0,34.0,1.0
2005,SIKKIM,WEST,4.0,10.0,0.0,0.0,3.0,23.0,40.0,4.0,1.0892986489440664,70.0,-30.0,1.0
2005,TAMIL NADU,CHENNAI,302.0,125.0,55.0,64.0,78.0,4198.0,4822.0,6.0,0.5639541620152227,4564.0,258.0,5.0
2005,TAMIL NADU,CHENNAI RLY.,2.0,3.0,0.0,3.0,9.0,104.0,121.0,5.0,0.5745538282425486,257.0,-136.0,1.0
2005,TAMIL NADU,CUDDALORE,150.0,77.0,32.0,15.0,147.0,543.0,964.0,6.0,1.279269132282851,1153.0,-189.0,4.0
2005,TAMIL NADU,DHARMAPURI,65.0,49.0,31.0,9.0,158.0,284.0,596.0,6.0,1.369331790317454,635.0,-39.0,3.0
2005,TAMIL NADU,DINDIGUL,124.0,50.0,36.0,14.0,34.0,578.0,836.0,6.0,1.0408301648370353,950.0,-114.0,3.0
2005,TAMIL NADU,ERODE,83.0,94.0,22.0,17.0,50.0,827.0,1093.0,6.0,0.9022380537215187,1194.0,-101.0,3.0
2005,TAMIL NADU,KANCHIPURAM,104.0,61.0,29.0,23.0,47.0,520.0,784.0,6.0,1.1331643461656227,772.0,12.0,3.0
2005,TAMIL NADU,KANYAKUMARI,74.0,28.0,16.0,5.0,18.0,499.0,640.0,6.0,0.8109552299128425,649.0,-9.0,2.0
2005,TAMIL NADU,KARUR,49.0,14.0,15.0,11.0,35.0,335.0,459.0,6.0,0.9725915857623397,359.0,100.0,2.0
2005,TAMIL NADU,KRISHNAGIRI,64.0,57.0,30.0,21.0,209.0,514.0,895.0,6.0,1.2240371826902239,807.0,88.0,4.0
2005,TAMIL NADU,NAGAPATTINAM,75.0,57.0,20.0,8.0,59.0,323.0,542.0,6.0,1.2443949346911838,578.0,-36.0,2.0
2005,TAMIL NADU,NAMAKKAL,55.0,39.0,35.0,7.0,83.0,269.0,488.0,6.0,1.327442630971239,485.0,3.0,2.0
2005,TAMIL NADU,NILGIRIS,32.0,45.0,9.0,3.0,16.0,208.0,313.0,6.0,1.082166260428343,387.0,-74.0,1.0
2005,TAMIL NADU,PERAMBALUR,68.0,70.0,19.0,13.0,72.0,291.0,533.0,6.0,1.3395591268625557,511.0,22.0,2.0
2005,TAMIL NADU,PUDUKOTTAI,62.0,69.0,34.0,10.0,217.0,377.0,769.0,6.0,1.3201859619073653,671.0,98.0,4.0
2005,TAMIL NADU,RAMNATHAPURAM,58.0,33.0,17.0,4.0,58.0,238.0,408.0,6.0,1.2502221661222384,646.0,-238.0,2.0
2005,TAMIL NADU,SIVAGANGAI,57.0,10.0,9.0,8.0,24.0,360.0,468.0,6.0,0.8382950694723879,584.0,-116.0,2.0
2005,TAMIL NADU,THANJAVUR,118.0,111.0,45.0,8.0,115.0,791.0,1188.0,6.0,1.1053801449800744,1022.0,166.0,3.0
2005,TAMIL NADU,THENI,80.0,53.0,17.0,2.0,50.0,381.0,583.0,6.0,1.1017270909869779,708.0,-125.0,2.0
2005,TAMIL NADU,THIRUVALLUR,47.0,73.0,21.0,11.0,63.0,281.0,496.0,6.0,1.3076496252680152,502.0,-6.0,2.0
2005,TAMIL NADU,THIRUVANNAMALAI,51.0,43.0,35.0,5.0,138.0,488.0,760.0,6.0,1.1128263141144639,867.0,-107.0,3.0
2005,TAMIL NADU,THIRUVARUR,36.0,76.0,11.0,3.0,44.0,335.0,505.0,6.0,1.071977889539185,496.0,9.0,2.0
2005,TAMIL NADU,THOOTHUGUDI,136.0,27.0,25.0,5.0,25.0,710.0,928.0,6.0,0.8120858606171198,1054.0,-126.0,3.0
2005,TAMIL NADU,TRICHY RLY.,1.0,1.0,0.0,1.0,2.0,84.0,89.0,5.0,0.2911655218224968,80.0,9.0,1.0
2005,TAMIL NADU,VELLORE,83.0,77.0,37.0,13.0,52.0,869.0,1131.0,6.0,0.8818999680997213,1296.0,-165.0,3.0
2005,TAMIL NADU,VILUPPURAM,154.0,99.0,49.0,14.0,286.0,431.0,1033.0,6.0,1.4316456947863854,,,5.0
2005,TAMIL NADU,VIRUDHUNAGAR,74.0,64.0,58.0,18.0,85.0,832.0,1131.0,6.0,0.9795262046299372,1011.0,120.0,3.0
2005,TRIPURA,DHALAI,17.0,28.0,21.0,14.0,32.0,47.0,159.0,6.0,1.709101604040163,166.0,-7.0,2.0
2005,TRIPURA,NORTH,45.0,91.0,19.0,25.0,41.0,132.0,353.0,6.0,1.5747100629535724,304.0,49.0,3.0
2005,TRIPURA,SOUTH,35.0,107.0,21.0,12.0,36.0,181.0,392.0,6.0,1.4097354038906262,391.0,1.0,2.0
2005,TRIPURA,WEST,81.0,97.0,24.0,32.0,74.0,226.0,534.0,6.0,1.5417892584473056,479.0,55.0,3.0
2005,UTTAR PRADESH,AGRA,275.0,109.0,120.0,81.0,209.0,1511.0,2305.0,6.0,1.163971547474848,2429.0,-124.0,5.0
2005,UTTAR PRADESH,ALIGARH,396.0,99.0,112.0,85.0,288.0,1295.0,2275.0,6.0,1.294174374027231,2214.0,61.0,5.0
2005,UTTAR PRADESH,ALLAHABAD,310.0,47.0,67.0,52.0,145.0,905.0,1526.0,6.0,1.216852823204974,1774.0,-248.0,5.0
2005,UTTAR PRADESH,AMBEDKAR NAGAR,101.0,25.0,32.0,26.0,26.0,229.0,439.0,6.0,1.366399241085874,370.0,69.0,3.0
2005,UTTAR PRADESH,AURAIYA,104.0,24.0,36.0,35.0,43.0,140.0,382.0,6.0,1.5833908873612124,309.0,73.0,3.0
2005,UTTAR PRADESH,AZAMGARH,196.0,36.0,34.0,75.0,114.0,366.0,821.0,6.0,1.463853871343236,825.0,-4.0,4.0
2005,UTTAR PRADESH,BADAUN,393.0,61.0,77.0,32.0,50.0,293.0,906.0,6.0,1.3965241026600603,1176.0,-270.0,5.0
2005,UTTAR PRADESH,BAGHPAT,159.0,28.0,33.0,37.0,55.0,194.0,506.0,6.0,1.5020030432395917,518.0,-12.0,3.0
2005,UTTAR PRADESH,BAHRAICH,112.0,45.0,41.0,16.0,54.0,254.0,522.0,6.0,1.433380993528985,479.0,43.0,3.0
2005,UTTAR PRADESH,BALLIA,109.0,9.0,8.0,16.0,72.0,186.0,400.0,6.0,1.311370211787759,526.0,-126.0,2.0
2005,UTTAR PRADESH,BALRAMPUR,35.0,15.0,5.0,4.0,7.0,80.0,146.0,6.0,1.2655668683342927,157.0,-11.0,1.0
2005,UTTAR PRADESH,BANDA,115.0,48.0,16.0,14.0,36.0,200.0,429.0,6.0,1.396041486410931,442.0,-13.0,3.0
2005,UTTAR PRADESH,BARABANKI,127.0,59.0,35.0,29.0,47.0,329.0,626.0,6.0,1.3822654387125652,672.0,-46.0,3.0
2005,UTTAR PRADESH,BAREILLY,465.0,137.0,107.0,80.0,119.0,913.0,1821.0,6.0,1.3714820181343148,1927.0,-106.0,5.0
2005,UTTAR PRADESH,BASTI,56.0,21.0,13.0,12.0,19.0,184.0,305.0,6.0,1.2350317526007495,387.0,-82.0,2.0
2005,UTTAR PRADESH,BIJNOR,128.0,48.0,35.0,23.0,33.0,336.0,603.0,6.0,1.305125868866787,709.0,-106.0,3.0
2005,UTTAR PRADESH,BULANDSHAHAR,342.0,95.0,81.0,59.0,75.0,493.0,1145.0,6.0,1.449001576412238,1293.0,-148.0,5.0
2005,UTTAR PRADESH,CHANDOLI,65.0,11.0,6.0,9.0,9.0,90.0,190.0,6.0,1.2838899138386828,198.0,-8.0,2.0
2005,UTTAR PRADESH,CHITRAKOOT DHAM,41.0,22.0,9.0,2.0,13.0,51.0,138.0,6.0,1.4831366331148423,140.0,-2.0,2.0
2005,UTTAR PRADESH,DEORIA,96.0,14.0,19.0,16.0,65.0,196.0,406.0,6.0,1.3726693297792634,478.0,-72.0,3.0
2005,UTTAR PRADESH,ETAH,375.0,50.0,59.0,24.0,92.0,346.0,946.0,6.0,1.382983820227794,1042.0,-96.0,5.0
2005,UTTAR PRADESH,ETAWAH,133.0,32.0,71.0,28.0,24.0,201.0,489.0,6.0,1.4898889537976765,505.0,-16.0,4.0
2005,UTTAR PRADESH,FAIZABAD,111.0,24.0,35.0,22.0,41.0,294.0,527.0,6.0,1.3057201562596144,450.0,77.0,3.0
2005,UTTAR PRADESH,FATEHGARH,146.0,17.0,31.0,17.0,16.0,123.0,350.0,6.0,1.3817916714177112,468.0,-118.0,3.0
2005,UTTAR PRADESH,FATEHPUR,169.0,18.0,28.0,18.0,7.0,138.0,378.0,6.0,1.2843905660263377,386.0,-8.0,3.0
2005,UTTAR PRADESH,FIROZABAD,273.0,33.0,71.0,59.0,58.0,477.0,971.0,6.0,1.3506162820506558,1115.0,-144.0,5.0
2005,UTTAR PRADESH,G.R.P.,33.0,18.0,4.0,42.0,13.0,1208.0,1318.0,6.0,0.4038081130506344,2171.0,-853.0,1.0
2005,UTTAR PRADESH,GAUTAMBUDH NAGAR,142.0,46.0,51.0,47.0,65.0,1272.0,1623.0,6.0,0.8452934592266719,1292.0,331.0,4.0
2005,UTTAR PRADESH,GHAZIABAD,353.0,50.0,103.0,44.0,54.0,1842.0,2446.0,6.0,0.8622970366326114,2623.0,-177.0,5.0
2005,UTTAR PRADESH,GHAZIPUR,109.0,9.0,8.0,28.0,74.0,202.0,430.0,6.0,1.3385756953166803,444.0,-14.0,3.0
2005,UTTAR PRADESH,GONDA,122.0,26.0,18.0,17.0,37.0,265.0,485.0,6.0,1.2702834010585398,465.0,20.0,3.0
2005,UTTAR PRADESH,GORAKHPUR,202.0,46.0,29.0,44.0,104.0,608.0,1033.0,6.0,1.2355308100473392,1182.0,-149.0,4.0
2005,UTTAR PRADESH,HAMIRPUR,97.0,26.0,14.0,3.0,19.0,107.0,266.0,6.0,1.355537134813312,288.0,-22.0,2.0
2005,UTTAR PRADESH,HARDOI,189.0,82.0,45.0,25.0,22.0,341.0,704.0,6.0,1.3572219207732799,799.0,-95.0,4.0
2005,UTTAR PRADESH,HATHRAS,164.0,46.0,29.0,48.0,94.0,403.0,784.0,6.0,1.3830238545433324,812.0,-28.0,4.0
2005,UTTAR PRADESH,J.P.NAGAR,117.0,52.0,17.0,19.0,39.0,209.0,453.0,6.0,1.422349622060536,541.0,-88.0,3.0
2005,UTTAR PRADESH,JALAUN,104.0,16.0,14.0,11.0,21.0,140.0,306.0,6.0,1.3233673436535915,484.0,-178.0,2.0
2005,UTTAR PRADESH,JAUNPUR,137.0,28.0,24.0,33.0,37.0,262.0,521.0,6.0,1.3584230219196873,629.0,-108.0,3.0
2005,UTTAR PRADESH,JHANSI,96.0,17.0,11.0,15.0,22.0,210.0,371.0,6.0,1.2147595567537033,552.0,-181.0,2.0
2005,UTTAR PRADESH,KANNAUJ,132.0,25.0,38.0,13.0,26.0,169.0,403.0,6.0,1.4127386514497435,360.0,43.0,3.0
2005,UTTAR PRADESH,KANPUR DEHAT,105.0,40.0,61.0,14.0,78.0,233.0,531.0,6.0,1.5029232803325614,517.0,14.0,3.0
2005,UTTAR PRADESH,KANPUR NAGAR,281.0,61.0,107.0,56.0,99.0,1299.0,1903.0,6.0,1.0727549783921138,2057.0,-154.0,5.0
2005,UTTAR PRADESH,KAUSHAMBI,113.0,20.0,11.0,25.0,35.0,103.0,307.0,6.0,1.4832891790274467,303.0,4.0,2.0
2005,UTTAR PRADESH,KHIRI,305.0,100.0,69.0,27.0,54.0,374.0,929.0,6.0,1.4332154541949975,1074.0,-145.0,5.0
2005,UTTAR PRADESH,KUSHI NAGAR,109.0,17.0,22.0,5.0,82.0,198.0,433.0,6.0,1.3501845642584425,513.0,-80.0,3.0
2005,UTTAR PRADESH,LALITPUR,37.0,5.0,2.0,0.0,8.0,48.0,100.0,5.0,1.15026391050665,173.0,-73.0,1.0
2005,UTTAR PRADESH,LUCKNOW,388.0,122.0,150.0,110.0,245.0,3481.0,4496.0,6.0,0.8701887831131248,4169.0,327.0,5.0
2005,UTTAR PRADESH,MAHARAJGANJ,60.0,23.0,15.0,10.0,30.0,114.0,252.0,6.0,1.4683727811106009,218.0,34.0,2.0
2005,UTTAR PRADESH,MAHOBA,64.0,7.0,1.0,0.0,15.0,53.0,140.0,5.0,1.1499559025150057,175.0,-35.0,1.0
2005,UTTAR PRADESH,MAINPURI,250.0,13.0,41.0,31.0,61.0,226.0,622.0,6.0,1.3714869661530278,719.0,-97.0,4.0
2005,UTTAR PRADESH,MATHURA,244.0,49.0,54.0,51.0,110.0,737.0,1245.0,6.0,1.2384598015549684,1030.0,215.0,4.0
2005,UTTAR PRADESH,MAU,92.0,15.0,8.0,20.0,84.0,178.0,397.0,6.0,1.3801036283839336,417.0,-20.0,2.0
2005,UTTAR PRADESH,MEERUT,423.0,103.0,139.0,126.0,137.0,1482.0,2410.0,6.0,1.2209847859774918,2495.0,-85.0,5.0
2005,UTTAR PRADESH,MIRZAPUR,85.0,17.0,10.0,29.0,18.0,217.0,376.0,6.0,1.2329619332553428,349.0,27.0,2.0
2005,UTTAR PRADESH,MORADABAD,366.0,147.0,98.0,75.0,107.0,851.0,1644.0,6.0,1.3779500948316492,1665.0,-21.0,5.0
2005,UTTAR PRADESH,MUZAFFARNAGAR,418.0,90.0,80.0,125.0,131.0,888.0,1732.0,6.0,1.3662854296661635,1593.0,139.0,5.0
2005,UTTAR PRADESH,PILIBHIT,134.0,47.0,37.0,23.0,14.0,196.0,451.0,6.0,1.4231190556184288,648.0,-197.0,3.0
2005,UTTAR PRADESH,PRATAPGARH,158.0,32.0,37.0,20.0,87.0,330.0,664.0,6.0,1.3679406515220807,663.0,1.0,4.0
2005,UTTAR PRADESH,RAIBAREILLY,174.0,73.0,41.0,30.0,67.0,362.0,747.0,6.0,1.4224090303376022,766.0,-19.0,4.0
2005,UTTAR PRADESH,RAMPUR,140.0,39.0,33.0,18.0,47.0,334.0,611.0,6.0,1.3021700958827667,732.0,-121.0,3.0
2005,UTTAR PRADESH,SAHARANPUR,221.0,50.0,31.0,36.0,87.0,692.0,1117.0,6.0,1.1652389700265273,1237.0,-120.0,4.0
2005,UTTAR PRADESH,SANT KABIRNAGAR,30.0,5.0,16.0,11.0,26.0,88.0,176.0,6.0,1.4231116755421607,197.0,-21.0,2.0
2005,UTTAR PRADESH,SHAHJAHANPUR,273.0,66.0,55.0,41.0,40.0,310.0,785.0,6.0,1.4345303631773034,998.0,-213.0,4.0
2005,UTTAR PRADESH,SHRAWASTI,44.0,11.0,13.0,9.0,10.0,76.0,163.0,6.0,1.4240438233349026,143.0,20.0,2.0
2005,UTTAR PRADESH,SIDHARTHNAGAR,42.0,17.0,19.0,10.0,22.0,162.0,272.0,6.0,1.281131174264787,329.0,-57.0,2.0
2005,UTTAR PRADESH,SITAPUR,812.0,123.0,89.0,62.0,106.0,752.0,1944.0,6.0,1.3163886947491883,1500.0,444.0,5.0
2005,UTTAR PRADESH,SONBHADRA,60.0,14.0,7.0,6.0,16.0,134.0,237.0,6.0,1.2163666518695033,261.0,-24.0,2.0
2005,UTTAR PRADESH,ST.RAVIDASNAGAR,45.0,4.0,2.0,18.0,28.0,142.0,239.0,6.0,1.1781909830960315,275.0,-36.0,1.0
2005,UTTAR PRADESH,SULTANPUR,181.0,30.0,33.0,22.0,20.0,321.0,607.0,6.0,1.237361058593154,698.0,-91.0,3.0
2005,UTTAR PRADESH,UNNAO,220.0,82.0,54.0,27.0,52.0,314.0,749.0,6.0,1.461040928362077,746.0,3.0,4.0
2005,UTTAR PRADESH,VARANASI,165.0,16.0,34.0,38.0,64.0,574.0,891.0,6.0,1.116087698538784,1149.0,-258.0,3.0
2005,UTTARAKHAND,ALMORA,29.0,10.0,6.0,17.0,8.0,72.0,142.0,6.0,1.40548827896417,105.0,37.0,1.0
2005,UTTARAKHAND,BAGESHWAR,15.0,8.0,2.0,5.0,2.0,22.0,54.0,6.0,1.4690026093741806,41.0,13.0,1.0
2005,UTTARAKHAND,CHAMOLI,15.0,7.0,5.0,1.0,15.0,65.0,108.0,6.0,1.216897530996068,110.0,-2.0,1.0
2005,UTTARAKHAND,CHAMPAWAT,7.0,3.0,3.0,7.0,8.0,18.0,46.0,6.0,1.600453574872732,46.0,0.0,1.0
2005,UTTARAKHAND,DEHRADUN,86.0,36.0,45.0,27.0,114.0,779.0,1087.0,6.0,1.0124416667584788,1019.0,68.0,3.0
2005,UTTARAKHAND,HARIDWAR,126.0,52.0,54.0,59.0,72.0,662.0,1025.0,6.0,1.1972266233320363,1028.0,-3.0,4.0
2005,UTTARAKHAND,NAINITAL,65.0,13.0,16.0,30.0,45.0,252.0,421.0,6.0,1.25452642682143,483.0,-62.0,2.0
2005,UTTARAKHAND,PAURI GARHWAL,26.0,15.0,4.0,4.0,13.0,125.0,187.0,6.0,1.0957868162993007,231.0,-44.0,1.0
2005,UTTARAKHAND,PITHORAGARH,14.0,13.0,4.0,8.0,11.0,70.0,120.0,6.0,1.3187970012506371,113.0,7.0,1.0
2005,UTTARAKHAND,RUDRA PRAYAG,17.0,7.0,4.0,5.0,10.0,37.0,80.0,6.0,1.4819244022142604,79.0,1.0,1.0
2005,UTTARAKHAND,TEHRI GARHWAL,21.0,10.0,8.0,2.0,15.0,57.0,113.0,6.0,1.3994468974752305,130.0,-17.0,1.0
2005,UTTARAKHAND,UDHAMSINGH NAGAR,78.0,44.0,47.0,42.0,130.0,468.0,809.0,6.0,1.3131915812474284,890.0,-81.0,4.0
2005,UTTARAKHAND,UTTARKASHI,12.0,15.0,5.0,0.0,14.0,64.0,110.0,5.0,1.2313699810124863,100.0,10.0,1.0
2005,WEST BENGAL,24 PARGANAS NORTH,276.0,368.0,211.0,57.0,203.0,1844.0,2959.0,6.0,1.2234296481587428,3515.0,-556.0,5.0
2005,WEST BENGAL,24 PARGANAS SOUTH,178.0,259.0,118.0,38.0,252.0,1401.0,2246.0,6.0,1.2136451218701836,2530.0,-284.0,5.0
2005,WEST BENGAL,ASANSOL,31.0,19.0,14.0,10.0,70.0,200.0,344.0,6.0,1.2492790476617168,322.0,22.0,2.0
2005,WEST BENGAL,BANKURA,69.0,97.0,27.0,53.0,79.0,323.0,648.0,6.0,1.4635797993179673,650.0,-2.0,3.0
2005,WEST BENGAL,BIRBHUM,82.0,120.0,41.0,42.0,199.0,267.0,751.0,6.0,1.5744660804920536,722.0,29.0,5.0
2005,WEST BENGAL,BURDWAN,146.0,169.0,53.0,39.0,215.0,635.0,1257.0,6.0,1.4080799663046135,1098.0,159.0,5.0
2005,WEST BENGAL,COOCHBEHAR,46.0,158.0,30.0,4.0,25.0,155.0,418.0,6.0,1.3804780662680778,434.0,-16.0,3.0
2005,WEST BENGAL,DAKSHIN DINAJPUR,47.0,73.0,33.0,11.0,25.0,122.0,311.0,6.0,1.551739738248226,244.0,67.0,2.0
2005,WEST BENGAL,DARJEELING,72.0,78.0,17.0,10.0,29.0,365.0,571.0,6.0,1.1459043761059973,580.0,-9.0,3.0
2005,WEST BENGAL,HOOGHLY,87.0,73.0,32.0,30.0,346.0,597.0,1165.0,6.0,1.2634640494919953,1485.0,-320.0,5.0
2005,WEST BENGAL,HOWRAH,59.0,79.0,34.0,10.0,81.0,199.0,462.0,6.0,1.507856579499783,540.0,-78.0,3.0
2005,WEST BENGAL,HOWRAH G.R.P.,15.0,4.0,8.0,2.0,12.0,303.0,344.0,6.0,0.5346309683548921,339.0,5.0,2.0
2005,WEST BENGAL,JALPAIGURI,151.0,211.0,61.0,29.0,56.0,813.0,1321.0,6.0,1.199482462697782,1226.0,95.0,5.0
2005,WEST BENGAL,KHARAGPUR G.R.P.,4.0,4.0,1.0,4.0,3.0,111.0,127.0,6.0,0.5710436097254251,147.0,-20.0,1.0
2005,WEST BENGAL,KOLKATA,132.0,161.0,82.0,72.0,183.0,3919.0,4549.0,6.0,0.6166725738036687,5796.0,-1247.0,5.0
2005,WEST BENGAL,MALDA,137.0,233.0,44.0,25.0,64.0,363.0,866.0,6.0,1.4556374117881514,867.0,-1.0,4.0
2005,WEST BENGAL,MURSHIDABAD,184.0,459.0,121.0,25.0,145.0,632.0,1566.0,6.0,1.4617273432119544,1359.0,207.0,5.0
2005,WEST BENGAL,NADIA,112.0,243.0,102.0,26.0,237.0,818.0,1538.0,6.0,1.3552165726595873,1412.0,126.0,5.0
2005,WEST BENGAL,PASCHIM MIDNAPUR,131.0,149.0,45.0,52.0,191.0,441.0,1009.0,6.0,1.5158663095903897,1207.0,-198.0,5.0
2005,WEST BENGAL,PURAB MIDNAPUR,78.0,82.0,54.0,15.0,159.0,318.0,706.0,6.0,1.466855653689313,694.0,12.0,4.0
2005,WEST BENGAL,PURULIA,70.0,71.0,8.0,17.0,43.0,175.0,384.0,6.0,1.4443554489230888,395.0,-11.0,3.0
2005,WEST BENGAL,SEALDAH G.R.P.,26.0,8.0,9.0,4.0,3.0,200.0,250.0,6.0,0.7629587133097888,341.0,-91.0,1.0
2005,WEST BENGAL,SILIGURI G.R.P.,3.0,2.0,2.0,2.0,0.0,99.0,108.0,5.0,0.4009128464511789,96.0,12.0,1.0
2005,WEST BENGAL,UTTAR DINAJPUR,113.0,100.0,39.0,27.0,42.0,283.0,604.0,6.0,1.4677762878430691,505.0,99.0,4.0
2005,A & N ISLANDS,ANDAMAN,20.0,14.0,2.0,4.0,10.0,176.0,226.0,6.0,0.8328183888831351,232.0,-6.0,1.0
2005,A & N ISLANDS,NICOBAR,0.0,1.0,0.0,0.0,0.0,5.0,6.0,2.0,0.45056120886630463,10.0,-4.0,1.0
2005,CHANDIGARH,CHANDIGARH,37.0,64.0,54.0,12.0,44.0,1798.0,2009.0,6.0,0.4941497720155613,1996.0,13.0,3.0
2005,D & N HAVELI,D and N HAVELI,12.0,10.0,13.0,5.0,19.0,121.0,180.0,6.0,1.134783192235016,170.0,10.0,1.0
2005,DAMAN & DIU,DAMAN,6.0,3.0,4.0,3.0,17.0,78.0,111.0,6.0,1.007950711919538,98.0,13.0,1.0
2005,DAMAN & DIU,DIU,1.0,0.0,0.0,1.0,3.0,18.0,23.0,4.0,0.7301668894884847,3.0,20.0,1.0
2005,DELHI UT,CENTRAL,54.0,60.0,52.0,21.0,6.0,1452.0,1645.0,6.0,0.528420683673493,1794.0,-149.0,2.0
2005,DELHI UT,DELHI UT TOTAL,986.0,1420.0,1590.0,537.0,108.0,22820.0,27461.0,6.0,0.6901455898750566,27673.0,-212.0,5.0
2005,DELHI UT,EAST,71.0,164.0,153.0,59.0,9.0,2389.0,2845.0,6.0,0.659053840495768,3084.0,-239.0,5.0
2005,DELHI UT,G.R.P.(RLY),21.0,7.0,4.0,6.0,3.0,1073.0,1114.0,6.0,0.20712062586948182,1140.0,-26.0,1.0
2005,DELHI UT,IGI AIRPORT,1.0,2.0,4.0,2.0,0.0,692.0,701.0,5.0,0.08501680650085734,,,1.0
2005,DELHI UT,NEW DELHI,24.0,32.0,19.0,13.0,10.0,1113.0,1211.0,6.0,0.4047510854451433,1702.0,-491.0,1.0
2005,DELHI UT,NORTH,48.0,67.0,78.0,37.0,8.0,1176.0,1414.0,6.0,0.6970584598418663,1660.0,-246.0,3.0
2005,DELHI UT,NORTH-EAST,122.0,185.0,212.0,64.0,10.0,1604.0,2197.0,6.0,0.9517541542105479,,,5.0
2005,DELHI UT,NORTH-WEST,267.0,328.0,572.0,133.0,19.0,3394.0,4713.0,6.0,0.9634071787601017,,,5.0
2005,DELHI UT,SOUTH,136.0,238.0,231.0,97.0,12.0,4833.0,5547.0,6.0,0.5624761952555187,5459.0,88.0,5.0
2005,DELHI UT,SOUTH-WEST,108.0,157.0,114.0,53.0,20.0,2135.0,2587.0,6.0,0.7159459814649882,,,4.0
2005,DELHI UT,SPL CELL,10.0,0.0,0.0,0.0,0.0,48.0,58.0,2.0,0.45969301996850176,,,1.0
2005,DELHI UT,WEST,124.0,180.0,151.0,52.0,11.0,2911.0,3429.0,6.0,0.633238495401141,3356.0,73.0,5.0
2005,LAKSHADWEEP,LAKSHADWEEP,1.0,0.0,0.0,0.0,6.0,9.0,16.0,3.0,0.8647400965276372,44.0,-28.0,1.0
2005,PUDUCHERRY,PONDICHERRY,51.0,66.0,6.0,6.0,168.0,582.0,879.0,6.0,1.016949649684192,1040.0,-161.0,3.0
2006,ANDHRA PRADESH,ADILABAD,201.0,249.0,96.0,27.0,136.0,831.0,1540.0,6.0,1.35148477106508,1264.0,276.0,5.0
2006,ANDHRA PRADESH,ANANTAPUR,300.0,203.0,67.0,41.0,217.0,833.0,1661.0,6.0,1.3988733841348635,1476.0,185.0,5.0
2006,ANDHRA PRADESH,CHITTOOR,186.0,154.0,65.0,32.0,117.0,1485.0,2039.0,6.0,0.9834809893222984,2297.0,-258.0,4.0
2006,ANDHRA PRADESH,CUDDAPAH,101.0,155.0,68.0,19.0,180.0,737.0,1260.0,6.0,1.272542841546026,973.0,287.0,4.0
2006,ANDHRA PRADESH,CYBERABAD,296.0,192.0,166.0,99.0,92.0,5091.0,5936.0,6.0,0.6250861763659039,5223.0,713.0,5.0
2006,ANDHRA PRADESH,EAST GODAVARI,203.0,214.0,81.0,34.0,128.0,2338.0,2998.0,6.0,0.8476647333062604,2675.0,323.0,5.0
2006,ANDHRA PRADESH,GUNTAKAL RLY.,7.0,2.0,1.0,9.0,0.0,141.0,160.0,5.0,0.49668737058473456,154.0,6.0,1.0
2006,ANDHRA PRADESH,GUNTUR,278.0,328.0,99.0,22.0,212.0,2232.0,3171.0,6.0,1.0188248413695198,2800.0,371.0,5.0
2006,ANDHRA PRADESH,KARIMNAGAR,258.0,444.0,151.0,25.0,162.0,1437.0,2477.0,6.0,1.2548837471261587,2831.0,-354.0,5.0
2006,ANDHRA PRADESH,KHAMMAM,195.0,215.0,91.0,30.0,202.0,981.0,1714.0,6.0,1.305741526101167,1623.0,91.0,5.0
2006,ANDHRA PRADESH,KRISHNA,134.0,204.0,54.0,3.0,92.0,864.0,1351.0,6.0,1.1257643582019952,1560.0,-209.0,4.0
2006,ANDHRA PRADESH,KURNOOL,234.0,376.0,85.0,12.0,191.0,747.0,1645.0,6.0,1.4122434969024775,1525.0,120.0,5.0
2006,ANDHRA PRADESH,MAHABOOBNAGAR,283.0,268.0,73.0,37.0,178.0,1129.0,1968.0,6.0,1.2834261179279638,1803.0,165.0,5.0
2006,ANDHRA PRADESH,MEDAK,212.0,164.0,63.0,33.0,144.0,1088.0,1704.0,6.0,1.1781570349408303,1223.0,481.0,5.0
2006,ANDHRA PRADESH,NALGONDA,183.0,307.0,86.0,45.0,281.0,997.0,1899.0,6.0,1.369900992154334,1738.0,161.0,5.0
2006,ANDHRA PRADESH,NELLORE,157.0,227.0,69.0,29.0,165.0,1033.0,1680.0,6.0,1.2201026515110167,1772.0,-92.0,4.0
2006,ANDHRA PRADESH,NIZAMABAD,204.0,151.0,71.0,60.0,167.0,1146.0,1799.0,6.0,1.203722561878871,1444.0,355.0,5.0
2006,ANDHRA PRADESH,PRAKASHAM,206.0,223.0,83.0,35.0,129.0,1134.0,1810.0,6.0,1.2041457144530139,1352.0,458.0,5.0
2006,ANDHRA PRADESH,RANGA REDDY,88.0,59.0,29.0,7.0,70.0,266.0,519.0,6.0,1.3801158599348644,611.0,-92.0,3.0
2006,ANDHRA PRADESH,SECUNDERABAD RLY.,11.0,2.0,3.0,10.0,0.0,229.0,255.0,5.0,0.44947072566129814,434.0,-179.0,1.0
2006,ANDHRA PRADESH,SRIKAKULAM,52.0,97.0,21.0,2.0,97.0,416.0,685.0,6.0,1.176068565243411,567.0,118.0,3.0
2006,ANDHRA PRADESH,VIJAYAWADA RLY.,3.0,5.0,0.0,3.0,2.0,262.0,275.0,5.0,0.2533841244276388,274.0,1.0,1.0
2006,ANDHRA PRADESH,VISAKHAPATNAM,68.0,83.0,49.0,30.0,36.0,1865.0,2131.0,6.0,0.5687213146110003,1966.0,165.0,3.0
2006,ANDHRA PRADESH,VIZIANAGARAM,52.0,85.0,20.0,14.0,58.0,327.0,556.0,6.0,1.2690162281558006,514.0,42.0,2.0
2006,ANDHRA PRADESH,WARANGAL,207.0,280.0,103.0,20.0,534.0,1342.0,2486.0,6.0,1.2868097223987975,2167.0,319.0,5.0
2006,ANDHRA PRADESH,WEST GODAVARI,189.0,407.0,96.0,20.0,87.0,2050.0,2849.0,6.0,0.9503803620978101,2587.0,262.0,5.0
2006,ARUNACHAL PRADESH,CHANGLANG,7.0,4.0,4.0,7.0,1.0,61.0,84.0,6.0,0.9891929572920577,78.0,6.0,1.0
2006,ARUNACHAL PRADESH,DIBANG VALLEY,7.0,3.0,2.0,10.0,2.0,35.0,59.0,6.0,1.244438635198919,73.0,-14.0,1.0
2006,ARUNACHAL PRADESH,K/KUMEY,6.0,2.0,3.0,0.0,0.0,10.0,21.0,4.0,1.213163439036137,37.0,-16.0,1.0
2006,ARUNACHAL PRADESH,KAMENG EAST,3.0,3.0,3.0,2.0,0.0,36.0,47.0,5.0,0.8654563944004237,56.0,-9.0,1.0
2006,ARUNACHAL PRADESH,KAMENG WEST,5.0,5.0,2.0,6.0,3.0,36.0,57.0,6.0,1.226669707286243,54.0,3.0,1.0
2006,ARUNACHAL PRADESH,LOHIT,9.0,6.0,10.0,16.0,3.0,54.0,98.0,6.0,1.354214173796629,90.0,8.0,1.0
2006,ARUNACHAL PRADESH,PAPUM PARE,22.0,19.0,20.0,25.0,2.0,248.0,336.0,6.0,0.9568419960320567,315.0,21.0,1.0
2006,ARUNACHAL PRADESH,SIANG EAST,10.0,18.0,6.0,17.0,1.0,87.0,139.0,6.0,1.1754686629195823,170.0,-31.0,1.0
2006,ARUNACHAL PRADESH,SIANG UPPER,1.0,8.0,2.0,0.0,4.0,33.0,48.0,5.0,0.9763728095030577,46.0,2.0,1.0
2006,ARUNACHAL PRADESH,SIANG WEST,8.0,13.0,7.0,4.0,5.0,83.0,120.0,6.0,1.0878468888020998,119.0,1.0,1.0
2006,ARUNACHAL PRADESH,SUBANSIRI LOWER,5.0,6.0,5.0,7.0,3.0,30.0,56.0,6.0,1.4218148103964792,49.0,7.0,1.0
2006,ARUNACHAL PRADESH,SUBANSIRI UPPER,4.0,8.0,4.0,3.0,2.0,43.0,64.0,6.0,1.125451467354278,86.0,-22.0,1.0
2006,ARUNACHAL PRADESH,TAWANG,0.0,1.0,0.0,1.0,0.0,21.0,23.0,3.0,0.355712859746894,32.0,-9.0,1.0
2006,ARUNACHAL PRADESH,TIRAP,9.0,4.0,7.0,4.0,0.0,25.0,49.0,5.0,1.3416439154559876,56.0,-7.0,1.0
2006,ARUNACHAL PRADESH,UPPER DIBANG VALLEY,0.0,0.0,0.0,0.0,0.0,5.0,5.0,1.0,-0.0,16.0,-11.0,1.0
2006,ASSAM,BARPETA,60.0,76.0,75.0,41.0,163.0,365.0,780.0,6.0,1.486719191947357,729.0,51.0,4.0
2006,ASSAM,BASKA,30.0,40.0,24.0,10.0,9.0,42.0,155.0,6.0,1.6521516482957581,149.0,6.0,2.0
2006,ASSAM,BONGAIGAON,16.0,33.0,19.0,17.0,39.0,101.0,225.0,6.0,1.5367172335938788,294.0,-69.0,2.0
2006,ASSAM,C.I.D.,0.0,0.0,1.0,0.0,0.0,7.0,8.0,2.0,0.37677016125643675,7.0,1.0,1.0
2006,ASSAM,CACHAR,76.0,241.0,129.0,63.0,298.0,698.0,1505.0,6.0,1.4645243396646521,1605.0,-100.0,5.0
2006,ASSAM,CHIRANG,47.0,64.0,26.0,7.0,88.0,144.0,376.0,6.0,1.5276846474846717,108.0,268.0,3.0
2006,ASSAM,DARRANG,39.0,179.0,53.0,23.0,58.0,286.0,638.0,6.0,1.4315637467689994,450.0,188.0,3.0
2006,ASSAM,DHEMAJI,57.0,86.0,45.0,12.0,51.0,226.0,477.0,6.0,1.471058422364298,370.0,107.0,3.0
2006,ASSAM,DHUBRI,77.0,247.0,118.0,40.0,588.0,419.0,1489.0,6.0,1.4729713414193224,1220.0,269.0,5.0
2006,ASSAM,DIBRUGARH,133.0,101.0,65.0,45.0,92.0,587.0,1023.0,6.0,1.3417140140797343,969.0,54.0,4.0
2006,ASSAM,G.R.P.,6.0,1.0,1.0,13.0,19.0,190.0,230.0,6.0,0.6686279490230952,148.0,82.0,1.0
2006,ASSAM,GOALPARA,36.0,100.0,40.0,26.0,50.0,176.0,428.0,6.0,1.5558621630246305,477.0,-49.0,3.0
2006,ASSAM,GOLAGHAT,100.0,107.0,91.0,28.0,26.0,402.0,754.0,6.0,1.3739548416451215,707.0,47.0,4.0
2006,ASSAM,HAILAKANDI,20.0,32.0,56.0,8.0,164.0,171.0,451.0,6.0,1.3920083955993492,397.0,54.0,3.0
2006,ASSAM,JORHAT,43.0,70.0,54.0,26.0,45.0,368.0,606.0,6.0,1.2835858380377325,503.0,103.0,3.0
2006,ASSAM,KAMRUP,46.0,95.0,80.0,49.0,72.0,296.0,638.0,6.0,1.5331603940486163,741.0,-103.0,4.0
2006,ASSAM,KARBI ANGLONG,57.0,23.0,40.0,21.0,46.0,188.0,375.0,6.0,1.4612486077298297,379.0,-4.0,2.0
2006,ASSAM,KARIMGANJ,62.0,47.0,46.0,18.0,231.0,300.0,704.0,6.0,1.3958171366108942,613.0,91.0,4.0
2006,ASSAM,KOKRAJHAR,52.0,55.0,47.0,15.0,56.0,173.0,398.0,6.0,1.5533242932738596,404.0,-6.0,3.0
2006,ASSAM,LAKHIMPUR,47.0,117.0,96.0,4.0,140.0,351.0,755.0,6.0,1.4203339147074039,699.0,56.0,4.0
2006,ASSAM,MORIGAON,31.0,130.0,56.0,13.0,92.0,183.0,505.0,6.0,1.5367611356418442,463.0,42.0,3.0
2006,ASSAM,N.C.HILLS,29.0,7.0,14.0,7.0,13.0,39.0,109.0,6.0,1.5898399040910522,123.0,-14.0,1.0
2006,ASSAM,NAGAON,118.0,143.0,179.0,112.0,322.0,749.0,1623.0,6.0,1.5100336642709944,1673.0,-50.0,5.0
2006,ASSAM,NALBARI,45.0,49.0,33.0,18.0,30.0,146.0,321.0,6.0,1.5376313535446835,320.0,1.0,2.0
2006,ASSAM,R.P.O.,5.0,3.0,5.0,5.0,10.0,9.0,37.0,6.0,1.7125860834960551,66.0,-29.0,1.0
2006,ASSAM,SIBSAGAR,110.0,119.0,79.0,26.0,93.0,526.0,953.0,6.0,1.3688010348040662,774.0,179.0,4.0
2006,ASSAM,SONITPUR,105.0,63.0,108.0,33.0,111.0,599.0,1019.0,6.0,1.3090522086851004,1357.0,-338.0,4.0
2006,ASSAM,TINSUKIA,61.0,43.0,57.0,24.0,30.0,1673.0,1888.0,6.0,0.5311498042874712,799.0,1089.0,3.0
2006,ASSAM,UDALGURI,38.0,50.0,37.0,19.0,30.0,125.0,299.0,6.0,1.5902333181209174,359.0,-60.0,2.0
2006,BIHAR,ARARIA,105.0,52.0,104.0,94.0,414.0,367.0,1136.0,6.0,1.5192534720129935,777.0,359.0,5.0
2006,BIHAR,ARWAL,75.0,20.0,9.0,9.0,54.0,79.0,246.0,6.0,1.505868872364393,158.0,88.0,2.0
2006,BIHAR,AURANGABAD,257.0,23.0,42.0,57.0,224.0,382.0,985.0,6.0,1.4418554938399533,881.0,104.0,5.0
2006,BIHAR,BAGAHA,61.0,34.0,44.0,17.0,83.0,209.0,448.0,6.0,1.487292867681405,564.0,-116.0,3.0
2006,BIHAR,BANKA,95.0,72.0,41.0,40.0,271.0,218.0,737.0,6.0,1.5383490559382351,634.0,103.0,5.0
2006,BIHAR,BEGUSARAI,341.0,39.0,69.0,75.0,265.0,551.0,1340.0,6.0,1.4512382735309464,930.0,410.0,5.0
2006,BIHAR,BETTIAH,184.0,73.0,110.0,57.0,277.0,560.0,1261.0,6.0,1.491955396068121,1262.0,-1.0,5.0
2006,BIHAR,BHABHUA,71.0,27.0,35.0,50.0,161.0,299.0,643.0,6.0,1.436261473410402,599.0,44.0,4.0
2006,BIHAR,BHAGALPUR,220.0,62.0,83.0,64.0,285.0,716.0,1430.0,6.0,1.3961100758603586,1341.0,89.0,5.0
2006,BIHAR,BHOJPUR,362.0,35.0,57.0,89.0,311.0,450.0,1304.0,6.0,1.4819402440682743,1227.0,77.0,5.0
2006,BIHAR,BUXAR,113.0,22.0,48.0,66.0,282.0,416.0,947.0,6.0,1.399956451941164,943.0,4.0,5.0
2006,BIHAR,DARBHANGA,150.0,128.0,68.0,51.0,228.0,524.0,1149.0,6.0,1.4948481089167245,1073.0,76.0,5.0
2006,BIHAR,GAYA,364.0,25.0,68.0,172.0,418.0,669.0,1716.0,6.0,1.4602616224567067,1742.0,-26.0,5.0
2006,BIHAR,GOPALGANJ,128.0,39.0,55.0,65.0,191.0,347.0,825.0,6.0,1.5171079934737888,1067.0,-242.0,4.0
2006,BIHAR,JAMALPUR RLY.,4.0,0.0,0.0,12.0,4.0,101.0,121.0,4.0,0.6054070176018458,150.0,-29.0,1.0
2006,BIHAR,JAMUI,163.0,36.0,28.0,86.0,185.0,185.0,683.0,6.0,1.596487226250717,683.0,0.0,4.0
2006,BIHAR,JEHANABAD,54.0,15.0,20.0,31.0,77.0,141.0,338.0,6.0,1.5193704446925493,560.0,-222.0,2.0
2006,BIHAR,KATIHAR,108.0,115.0,57.0,18.0,128.0,264.0,690.0,6.0,1.5701286726460468,703.0,-13.0,4.0
2006,BIHAR,KATIHAR RLY.,10.0,4.0,6.0,17.0,10.0,303.0,350.0,6.0,0.5957242886605355,288.0,62.0,1.0
2006,BIHAR,KHAGARIA,202.0,28.0,47.0,46.0,229.0,154.0,706.0,6.0,1.5416842427844033,387.0,319.0,5.0
2006,BIHAR,KISHANGANJ,24.0,81.0,84.0,17.0,110.0,162.0,478.0,6.0,1.5800283936767607,520.0,-42.0,4.0
2006,BIHAR,LAKHISARAI,165.0,22.0,30.0,20.0,75.0,113.0,425.0,6.0,1.5098752015876145,362.0,63.0,3.0
2006,BIHAR,MADHEPURA,86.0,14.0,16.0,56.0,138.0,147.0,457.0,6.0,1.5221530120373366,368.0,89.0,3.0
2006,BIHAR,MADHUBANI,161.0,72.0,76.0,81.0,358.0,232.0,980.0,6.0,1.6018525123993952,1107.0,-127.0,5.0
2006,BIHAR,MOTIHARI,274.0,33.0,100.0,98.0,393.0,739.0,1637.0,6.0,1.4187952730140236,1674.0,-37.0,5.0
2006,BIHAR,MUNGER,109.0,23.0,53.0,66.0,218.0,313.0,782.0,6.0,1.492036974754463,750.0,32.0,4.0
2006,BIHAR,MUZAFFARPUR,164.0,55.0,148.0,152.0,446.0,1425.0,2390.0,6.0,1.2397235257878803,2327.0,63.0,5.0
2006,BIHAR,MUZAFFARPUR RLY.,24.0,4.0,14.0,39.0,12.0,388.0,481.0,6.0,0.7614532830833366,380.0,101.0,2.0
2006,BIHAR,NALANDA,241.0,76.0,76.0,87.0,198.0,537.0,1215.0,6.0,1.5129525377939925,1210.0,5.0,5.0
2006,BIHAR,NAUGACHIA,49.0,8.0,12.0,19.0,118.0,71.0,277.0,6.0,1.4410247108827912,379.0,-102.0,2.0
2006,BIHAR,NAWADAH,214.0,29.0,36.0,35.0,185.0,231.0,730.0,6.0,1.4938957273056452,802.0,-72.0,4.0
2006,BIHAR,PATNA,509.0,67.0,309.0,622.0,448.0,2492.0,4447.0,6.0,1.3274856698406723,4298.0,149.0,5.0
2006,BIHAR,PATNA RLY.,34.0,8.0,7.0,47.0,7.0,645.0,748.0,6.0,0.578100940714038,705.0,43.0,2.0
2006,BIHAR,PURNEA,85.0,46.0,44.0,91.0,143.0,313.0,722.0,6.0,1.541881370483066,871.0,-149.0,4.0
2006,BIHAR,ROHTAS,195.0,26.0,45.0,53.0,166.0,456.0,941.0,6.0,1.3898576971069925,1048.0,-107.0,4.0
2006,BIHAR,SAHARSA,143.0,54.0,41.0,36.0,255.0,288.0,817.0,6.0,1.5033014211078788,625.0,192.0,5.0
2006,BIHAR,SAMASTIPUR,334.0,64.0,109.0,72.0,334.0,532.0,1445.0,6.0,1.5274480491933544,1393.0,52.0,5.0
2006,BIHAR,SARAN,442.0,97.0,104.0,121.0,260.0,606.0,1630.0,6.0,1.5510839208295684,1452.0,178.0,5.0
2006,BIHAR,SHEIKHPURA,36.0,9.0,9.0,23.0,78.0,104.0,259.0,6.0,1.4506001345360886,204.0,55.0,2.0
2006,BIHAR,SHEOHAR,45.0,4.0,19.0,6.0,82.0,67.0,223.0,6.0,1.4313633827671226,209.0,14.0,2.0
2006,BIHAR,SITAMARHI,79.0,46.0,61.0,67.0,213.0,404.0,870.0,6.0,1.4577938578675123,856.0,14.0,4.0
2006,BIHAR,SIWAN,173.0,30.0,103.0,135.0,193.0,409.0,1043.0,6.0,1.5726241889845025,975.0,68.0,5.0
2006,BIHAR,SUPAUL,78.0,24.0,31.0,31.0,179.0,158.0,501.0,6.0,1.5111452995839192,578.0,-77.0,4.0
2006,BIHAR,VAISHALI,147.0,21.0,101.0,80.0,338.0,741.0,1428.0,6.0,1.3264000025345406,1222.0,206.0,5.0
2006,CHHATTISGARH,BALRAMPUR,61.0,85.0,1.0,26.0,22.0,69.0,264.0,6.0,1.5105875300557812,236.0,28.0,2.0
2006,CHHATTISGARH,BILASPUR,158.0,260.0,27.0,60.0,172.0,1256.0,1933.0,6.0,1.1373883000686498,2024.0,-91.0,5.0
2006,CHHATTISGARH,BIZAPUR,321.0,9.0,7.0,45.0,30.0,18.0,430.0,6.0,0.9210144693950306,315.0,115.0,4.0
2006,CHHATTISGARH,DANTEWARA,173.0,25.0,16.0,18.0,46.0,131.0,409.0,6.0,1.4094417911390429,294.0,115.0,3.0
2006,CHHATTISGARH,DHAMTARI,32.0,89.0,4.0,5.0,38.0,264.0,432.0,6.0,1.1280010741176476,434.0,-2.0,2.0
2006,CHHATTISGARH,DURG,131.0,349.0,33.0,68.0,80.0,1501.0,2162.0,6.0,1.01223558065794,2231.0,-69.0,4.0
2006,CHHATTISGARH,GRP RAIPUR,5.0,4.0,0.0,7.0,1.0,240.0,257.0,5.0,0.32507966601539423,281.0,-24.0,1.0
2006,CHHATTISGARH,JAGDALPUR,100.0,126.0,14.0,24.0,69.0,360.0,693.0,6.0,1.354508450045709,703.0,-10.0,3.0
2006,CHHATTISGARH,JANJGIR,90.0,149.0,12.0,23.0,112.0,523.0,909.0,6.0,1.2515760117017594,878.0,31.0,3.0
2006,CHHATTISGARH,JASHPUR,58.0,108.0,8.0,38.0,32.0,141.0,385.0,6.0,1.5254034200616482,456.0,-71.0,3.0
2006,CHHATTISGARH,KABIRDHAM,24.0,103.0,1.0,3.0,21.0,167.0,319.0,6.0,1.139529182885793,358.0,-39.0,2.0
2006,CHHATTISGARH,KANKER,77.0,43.0,9.0,22.0,44.0,154.0,349.0,6.0,1.4820701391320314,361.0,-12.0,2.0
2006,CHHATTISGARH,KORBA,60.0,126.0,5.0,33.0,49.0,472.0,745.0,6.0,1.1432400453546208,667.0,78.0,2.0
2006,CHHATTISGARH,KORIYA,62.0,115.0,7.0,23.0,29.0,243.0,479.0,6.0,1.328792926334322,511.0,-32.0,2.0
2006,CHHATTISGARH,MAHASAMUND,37.0,96.0,3.0,15.0,28.0,346.0,525.0,6.0,1.0598410788084536,543.0,-18.0,2.0
2006,CHHATTISGARH,NARAYANPUR,66.0,5.0,5.0,2.0,6.0,8.0,92.0,6.0,1.0284844943532576,116.0,-24.0,1.0
2006,CHHATTISGARH,RAIGARH,75.0,130.0,7.0,37.0,85.0,603.0,937.0,6.0,1.1417250673890709,953.0,-16.0,3.0
2006,CHHATTISGARH,RAIPUR,174.0,358.0,54.0,54.0,165.0,1958.0,2763.0,6.0,1.0050680371824,2489.0,274.0,5.0
2006,CHHATTISGARH,RAJNANDGAON,82.0,152.0,10.0,21.0,37.0,434.0,736.0,6.0,1.1919272245252794,702.0,34.0,3.0
2006,CHHATTISGARH,SARGUJA,84.0,147.0,11.0,43.0,44.0,295.0,624.0,6.0,1.4072197139662737,799.0,-175.0,3.0
2006,CHHATTISGARH,SURAJPUR,68.0,114.0,5.0,32.0,57.0,230.0,506.0,6.0,1.4300622644660945,523.0,-17.0,3.0
2006,GOA,NORTH GOA,33.0,16.0,9.0,13.0,36.0,489.0,596.0,6.0,0.7359831652786238,646.0,-50.0,2.0
2006,GOA,SOUTH GOA,24.0,23.0,7.0,11.0,65.0,347.0,477.0,6.0,0.948567331299941,441.0,36.0,2.0
2006,GUJARAT,AHMEDABAD COMMR.,166.0,118.0,182.0,195.0,133.0,6753.0,7547.0,6.0,0.503898929630245,7570.0,-23.0,5.0
2006,GUJARAT,AHWA-DANG,8.0,9.0,0.0,3.0,13.0,19.0,52.0,5.0,1.4705692446077478,31.0,21.0,1.0
2006,GUJARAT,AMRELI,34.0,35.0,31.0,16.0,37.0,312.0,465.0,6.0,1.1515655340855289,535.0,-70.0,2.0
2006,GUJARAT,ANAND,33.0,44.0,33.0,18.0,27.0,555.0,710.0,6.0,0.8676375994681635,667.0,43.0,2.0
2006,GUJARAT,BHARUCH,47.0,15.0,7.0,18.0,33.0,495.0,615.0,6.0,0.7730586987295753,683.0,-68.0,2.0
2006,GUJARAT,BHAVNAGAR,100.0,127.0,128.0,217.0,185.0,2093.0,2850.0,6.0,0.9958425024563773,2460.0,390.0,5.0
2006,GUJARAT,DAHOD,48.0,11.0,21.0,38.0,41.0,146.0,305.0,6.0,1.4769650117206932,460.0,-155.0,2.0
2006,GUJARAT,GANDHINAGAR,36.0,31.0,24.0,23.0,45.0,546.0,705.0,6.0,0.8895740910185621,703.0,2.0,2.0
2006,GUJARAT,HIMATNAGAR,41.0,36.0,32.0,19.0,53.0,381.0,562.0,6.0,1.1308914239958519,676.0,-114.0,2.0
2006,GUJARAT,JAMNAGAR,40.0,27.0,21.0,27.0,48.0,586.0,749.0,6.0,0.8643352647766437,809.0,-60.0,2.0
2006,GUJARAT,JUNAGADH,73.0,44.0,52.0,49.0,92.0,748.0,1058.0,6.0,1.0646141306759842,1097.0,-39.0,3.0
2006,GUJARAT,KHEDA NORTH,46.0,39.0,36.0,21.0,59.0,560.0,761.0,6.0,0.9892228854662155,699.0,62.0,2.0
2006,GUJARAT,KUTCH,62.0,56.0,52.0,73.0,81.0,951.0,1275.0,6.0,0.972335579841025,1016.0,259.0,3.0
2006,GUJARAT,MEHSANA,46.0,34.0,41.0,66.0,88.0,997.0,1272.0,6.0,0.8568130496311182,1268.0,4.0,3.0
2006,GUJARAT,NARMADA,19.0,8.0,6.0,3.0,14.0,62.0,112.0,6.0,1.3305042185595317,116.0,-4.0,1.0
2006,GUJARAT,NAVSARI,22.0,6.0,8.0,7.0,19.0,226.0,288.0,6.0,0.8365867141436678,227.0,61.0,1.0
2006,GUJARAT,PALANPUR,60.0,65.0,37.0,28.0,65.0,612.0,867.0,6.0,1.0646042999984835,753.0,114.0,3.0
2006,GUJARAT,PANCHMAHAL,75.0,30.0,44.0,24.0,57.0,371.0,601.0,6.0,1.25052496235589,686.0,-85.0,3.0
2006,GUJARAT,PATAN,24.0,35.0,13.0,15.0,60.0,536.0,683.0,6.0,0.833036363507409,589.0,94.0,2.0
2006,GUJARAT,PORBANDAR,14.0,3.0,7.0,6.0,8.0,130.0,168.0,6.0,0.8737879184982715,186.0,-18.0,1.0
2006,GUJARAT,RAJKOT COMMR.,44.0,9.0,26.0,27.0,49.0,1029.0,1184.0,6.0,0.5832641699711785,1534.0,-350.0,2.0
2006,GUJARAT,SURAT COMMR.,134.0,77.0,130.0,87.0,155.0,3019.0,3602.0,6.0,0.6978198573667287,2996.0,606.0,5.0
2006,GUJARAT,SURENDRANAGAR,45.0,51.0,23.0,26.0,61.0,432.0,638.0,6.0,1.1276596687686746,732.0,-94.0,2.0
2006,GUJARAT,VADODARA COMMR.,68.0,23.0,54.0,43.0,178.0,2030.0,2396.0,6.0,0.6369011250982899,2273.0,123.0,4.0
2006,GUJARAT,VALSAD,60.0,11.0,18.0,27.0,45.0,485.0,646.0,6.0,0.9233322701870915,699.0,-53.0,2.0
2006,GUJARAT,W.RLY,19.0,8.0,6.0,62.0,20.0,937.0,1052.0,6.0,0.48437839086966417,1119.0,-67.0,2.0
2006,HARYANA,AMBALA,53.0,45.0,22.0,25.0,11.0,942.0,1098.0,6.0,0.6192802944690835,698.0,400.0,2.0
2006,HARYANA,BHIWANI,74.0,73.0,34.0,30.0,176.0,702.0,1089.0,6.0,1.1486597802877911,953.0,136.0,4.0
2006,HARYANA,FARIDABAD,110.0,75.0,86.0,43.0,149.0,1761.0,2224.0,6.0,0.831013703548213,2110.0,114.0,5.0
2006,HARYANA,FATEHABAD,42.0,35.0,20.0,7.0,28.0,402.0,534.0,6.0,0.9267801300758313,495.0,39.0,2.0
2006,HARYANA,GRP,25.0,7.0,1.0,9.0,7.0,281.0,330.0,6.0,0.6116159241960171,252.0,78.0,1.0
2006,HARYANA,GURGAON,160.0,62.0,70.0,91.0,110.0,2877.0,3370.0,6.0,0.6429285451500675,2348.0,1022.0,5.0
2006,HARYANA,HISSAR,119.0,42.0,31.0,22.0,58.0,869.0,1141.0,6.0,0.890246478320959,1204.0,-63.0,3.0
2006,HARYANA,JHAJJAR,85.0,29.0,10.0,19.0,50.0,339.0,532.0,6.0,1.1547218463364424,590.0,-58.0,2.0
2006,HARYANA,JIND,75.0,49.0,15.0,8.0,110.0,440.0,697.0,6.0,1.1421931459811887,511.0,186.0,3.0
2006,HARYANA,KAITHAL,36.0,39.0,14.0,22.0,5.0,474.0,590.0,6.0,0.7779279900902576,478.0,112.0,2.0
2006,HARYANA,KARNAL,67.0,86.0,40.0,27.0,75.0,1096.0,1391.0,6.0,0.8420127861523292,1288.0,103.0,3.0
2006,HARYANA,KURUKSHETRA,47.0,44.0,24.0,19.0,13.0,892.0,1039.0,6.0,0.6199359876212123,820.0,219.0,2.0
2006,HARYANA,MAHENDRAGARH,42.0,49.0,26.0,14.0,99.0,310.0,540.0,6.0,1.2867674570391197,350.0,190.0,3.0
2006,HARYANA,MEWAT,45.0,59.0,14.0,10.0,98.0,270.0,496.0,6.0,1.3018422238742557,535.0,-39.0,3.0
2006,HARYANA,PALWAL,58.0,47.0,23.0,31.0,71.0,378.0,608.0,6.0,1.2439365934602251,,,3.0
2006,HARYANA,PANCHKULA,20.0,23.0,15.0,9.0,2.0,370.0,439.0,6.0,0.6589659436052642,494.0,-55.0,1.0
2006,HARYANA,PANIPAT,77.0,83.0,46.0,21.0,70.0,981.0,1278.0,6.0,0.8961083539221297,1058.0,220.0,4.0
2006,HARYANA,REWARI,60.0,44.0,15.0,29.0,60.0,500.0,708.0,6.0,1.0491643300548887,598.0,110.0,2.0
2006,HARYANA,ROHTAK,98.0,47.0,23.0,22.0,45.0,853.0,1088.0,6.0,0.8354835991250709,969.0,119.0,3.0
2006,HARYANA,SIRSA,67.0,32.0,11.0,17.0,29.0,499.0,655.0,6.0,0.8893658461877111,641.0,14.0,2.0
2006,HARYANA,SONIPAT,111.0,77.0,67.0,34.0,26.0,850.0,1165.0,6.0,0.9857957306222788,991.0,174.0,4.0
2006,HARYANA,YAMUNANAGAR,46.0,47.0,28.0,5.0,6.0,607.0,739.0,6.0,0.7065822371127062,697.0,42.0,2.0
2006,HIMACHAL PRADESH,BILASPUR,16.0,38.0,4.0,4.0,54.0,121.0,237.0,6.0,1.2934785249069676,243.0,-6.0,1.0
2006,HIMACHAL PRADESH,CHAMBA,18.0,22.0,12.0,0.0,15.0,151.0,218.0,5.0,1.035511054582407,230.0,-12.0,1.0
2006,HIMACHAL PRADESH,G.R.P.,0.0,0.0,0.0,1.0,0.0,1.0,2.0,2.0,0.6931471805599453,7.0,-5.0,1.0
2006,HIMACHAL PRADESH,HAMIRPUR,15.0,19.0,4.0,0.0,43.0,126.0,207.0,5.0,1.1142965888408063,195.0,12.0,1.0
2006,HIMACHAL PRADESH,KANGRA,41.0,46.0,25.0,3.0,137.0,246.0,498.0,6.0,1.310016470320037,458.0,40.0,3.0
2006,HIMACHAL PRADESH,KINNAUR,2.0,4.0,5.0,0.0,23.0,40.0,74.0,5.0,1.13311635673528,75.0,-1.0,1.0
2006,HIMACHAL PRADESH,KULLU,12.0,34.0,9.0,7.0,63.0,129.0,254.0,6.0,1.3206223859195565,315.0,-61.0,2.0
2006,HIMACHAL PRADESH,LAHAUL-SPITI,1.0,0.0,1.0,1.0,3.0,6.0,12.0,5.0,1.3143738430069454,4.0,8.0,1.0
2006,HIMACHAL PRADESH,MANDI,18.0,69.0,12.0,3.0,50.0,200.0,352.0,6.0,1.2256783895077084,320.0,32.0,2.0
2006,HIMACHAL PRADESH,SHIMLA,29.0,73.0,28.0,13.0,103.0,350.0,596.0,6.0,1.2473633582361399,561.0,35.0,3.0
2006,HIMACHAL PRADESH,SIRMAUR,20.0,26.0,6.0,1.0,78.0,115.0,246.0,6.0,1.2741681395154174,198.0,48.0,2.0
2006,HIMACHAL PRADESH,SOLAN,17.0,37.0,18.0,3.0,80.0,196.0,351.0,6.0,1.2392371576310532,263.0,88.0,2.0
2006,HIMACHAL PRADESH,UNA,20.0,20.0,6.0,0.0,32.0,151.0,229.0,5.0,1.0708719947936598,207.0,22.0,1.0
2006,JAMMU & KASHMIR,ANANTNAG,55.0,56.0,88.0,13.0,111.0,324.0,647.0,6.0,1.4199633692266809,647.0,0.0,4.0
2006,JAMMU & KASHMIR,AWANTIPORA,24.0,34.0,12.0,9.0,12.0,56.0,147.0,6.0,1.5822555443473993,193.0,-46.0,1.0
2006,JAMMU & KASHMIR,BARAMULLA,181.0,168.0,111.0,11.0,134.0,286.0,891.0,6.0,1.6017576680620405,980.0,-89.0,4.0
2006,JAMMU & KASHMIR,BORDER DISTRICT,24.0,9.0,12.0,0.0,23.0,56.0,124.0,5.0,1.4057391900455896,,,1.0
2006,JAMMU & KASHMIR,BUDGAM,46.0,126.0,54.0,8.0,134.0,279.0,647.0,6.0,1.456970226983316,572.0,75.0,3.0
2006,JAMMU & KASHMIR,CRIME JAMMU,3.0,0.0,0.0,0.0,0.0,22.0,25.0,2.0,0.3669249912727096,45.0,-20.0,1.0
2006,JAMMU & KASHMIR,CRIME SRINAGAR,0.0,0.0,0.0,0.0,0.0,55.0,55.0,1.0,-0.0,92.0,-37.0,1.0
2006,JAMMU & KASHMIR,DODA,162.0,26.0,36.0,6.0,33.0,111.0,374.0,6.0,1.4140928113983395,315.0,59.0,3.0
2006,JAMMU & KASHMIR,GANDERBAL,27.0,40.0,35.0,0.0,75.0,109.0,286.0,5.0,1.4736544563548044,284.0,2.0,2.0
2006,JAMMU & KASHMIR,HANDWARA,56.0,81.0,27.0,4.0,55.0,70.0,293.0,6.0,1.6061083046912195,278.0,15.0,2.0
2006,JAMMU & KASHMIR,JAMMU,86.0,49.0,58.0,1.0,76.0,658.0,928.0,6.0,1.0051100351884263,896.0,32.0,3.0
2006,JAMMU & KASHMIR,KARGIL,1.0,2.0,4.0,0.0,4.0,18.0,29.0,5.0,1.1430426957723367,24.0,5.0,1.0
2006,JAMMU & KASHMIR,KATHUA,29.0,29.0,27.0,4.0,38.0,141.0,268.0,6.0,1.3900938850678104,175.0,93.0,2.0
2006,JAMMU & KASHMIR,KULGAM,49.0,58.0,47.0,11.0,66.0,139.0,370.0,6.0,1.6001306700188698,319.0,51.0,3.0
2006,JAMMU & KASHMIR,KUPWARA,73.0,88.0,31.0,1.0,64.0,88.0,345.0,6.0,1.5715532888398949,405.0,-60.0,2.0
2006,JAMMU & KASHMIR,LEH,8.0,8.0,5.0,0.0,4.0,25.0,50.0,5.0,1.365316459523497,52.0,-2.0,1.0
2006,JAMMU & KASHMIR,POONCH,95.0,34.0,21.0,0.0,88.0,79.0,317.0,5.0,1.4824299954855784,310.0,7.0,3.0
2006,JAMMU & KASHMIR,PULWAMA,85.0,46.0,57.0,25.0,205.0,221.0,639.0,6.0,1.5320802263849733,592.0,47.0,4.0
2006,JAMMU & KASHMIR,RAJOURI,61.0,60.0,37.0,1.0,71.0,148.0,378.0,6.0,1.5109110474641465,418.0,-40.0,3.0
2006,JAMMU & KASHMIR,RAMBAN,54.0,20.0,5.0,0.0,11.0,78.0,168.0,5.0,1.2574930863658103,218.0,-50.0,1.0
2006,JAMMU & KASHMIR,REASI,58.0,16.0,10.0,2.0,3.0,34.0,123.0,6.0,1.336807492270442,136.0,-13.0,1.0
2006,JAMMU & KASHMIR,SRINAGAR,172.0,230.0,102.0,24.0,163.0,741.0,1432.0,6.0,1.393253635213679,1476.0,-44.0,5.0
2006,JAMMU & KASHMIR,UDHAMPUR,32.0,30.0,10.0,2.0,29.0,126.0,229.0,6.0,1.3098149512572517,224.0,5.0,1.0
2006,JHARKHAND,BOKARO,45.0,31.0,49.0,72.0,147.0,656.0,1000.0,6.0,1.1428676406230598,1190.0,-190.0,4.0
2006,JHARKHAND,CHAIBASA,165.0,60.0,12.0,49.0,40.0,206.0,532.0,6.0,1.4763475865841071,470.0,62.0,4.0
2006,JHARKHAND,CHATRA,30.0,16.0,11.0,40.0,84.0,94.0,275.0,6.0,1.5455431420038097,272.0,3.0,2.0
2006,JHARKHAND,DEOGHAR,43.0,37.0,8.0,28.0,165.0,335.0,616.0,6.0,1.2357671620465118,703.0,-87.0,3.0
2006,JHARKHAND,DHANBAD,166.0,65.0,65.0,111.0,275.0,1021.0,1703.0,6.0,1.2553743174778857,1721.0,-18.0,5.0
2006,JHARKHAND,DHANBAD RLY.,11.0,3.0,0.0,50.0,7.0,135.0,206.0,5.0,0.9535688810674021,84.0,122.0,1.0
2006,JHARKHAND,DUMKA,72.0,101.0,28.0,18.0,116.0,277.0,612.0,6.0,1.4679661680035174,589.0,23.0,4.0
2006,JHARKHAND,GARHWA,58.0,26.0,14.0,33.0,176.0,152.0,459.0,6.0,1.4532707350309002,389.0,70.0,3.0
2006,JHARKHAND,GIRIDIH,202.0,121.0,35.0,93.0,292.0,484.0,1227.0,6.0,1.5310145913932103,1049.0,178.0,5.0
2006,JHARKHAND,GODDA,124.0,49.0,25.0,21.0,152.0,220.0,591.0,6.0,1.5035607298891849,632.0,-41.0,4.0
2006,JHARKHAND,GUMLA,187.0,67.0,26.0,43.0,46.0,121.0,490.0,6.0,1.576482958308574,449.0,41.0,4.0
2006,JHARKHAND,HAZARIBAGH,212.0,115.0,77.0,161.0,337.0,897.0,1799.0,6.0,1.439419996578127,1733.0,66.0,5.0
2006,JHARKHAND,JAMSHEDPUR,191.0,97.0,43.0,56.0,137.0,1010.0,1534.0,6.0,1.1459321943784158,1637.0,-103.0,5.0
2006,JHARKHAND,JAMSHEDPUR RLY.,5.0,3.0,0.0,13.0,1.0,197.0,219.0,5.0,0.4325488867271924,167.0,52.0,1.0
2006,JHARKHAND,JAMTARA,54.0,25.0,15.0,7.0,87.0,133.0,321.0,6.0,1.4441215014087132,279.0,42.0,2.0
2006,JHARKHAND,KODERMA,59.0,23.0,19.0,28.0,69.0,186.0,384.0,6.0,1.455644184947773,296.0,88.0,3.0
2006,JHARKHAND,LATEHAR,39.0,13.0,9.0,53.0,48.0,98.0,260.0,6.0,1.5546500929630684,187.0,73.0,2.0
2006,JHARKHAND,LOHARDAGGA,52.0,41.0,13.0,35.0,32.0,124.0,297.0,6.0,1.5721122232307936,389.0,-92.0,2.0
2006,JHARKHAND,PAKUR,166.0,41.0,19.0,11.0,102.0,125.0,464.0,6.0,1.4880439049745515,378.0,86.0,3.0
2006,JHARKHAND,PALAMU,140.0,32.0,28.0,47.0,153.0,254.0,654.0,6.0,1.5088993125949308,799.0,-145.0,4.0
2006,JHARKHAND,RANCHI,329.0,115.0,94.0,263.0,259.0,1631.0,2691.0,6.0,1.2649078186515557,2556.0,135.0,5.0
2006,JHARKHAND,SAHEBGANJ,79.0,72.0,22.0,15.0,62.0,174.0,424.0,6.0,1.5325448188154707,422.0,2.0,3.0
2006,JHARKHAND,SARAIKELA,131.0,21.0,14.0,40.0,32.0,155.0,393.0,6.0,1.4452542853481714,466.0,-73.0,3.0
2006,JHARKHAND,SIMDEGA,107.0,39.0,9.0,28.0,9.0,68.0,260.0,6.0,1.4735666998024006,245.0,15.0,2.0
2006,KARNATAKA,BAGALKOT,61.0,57.0,20.0,25.0,154.0,261.0,578.0,6.0,1.429410726532502,639.0,-61.0,3.0
2006,KARNATAKA,BANGALORE COMMR.,549.0,176.0,99.0,684.0,715.0,10766.0,12989.0,6.0,0.6993957397206685,15069.0,-2080.0,5.0
2006,KARNATAKA,BELGAUM,189.0,129.0,35.0,63.0,375.0,943.0,1734.0,6.0,1.2965209784558398,1457.0,277.0,5.0
2006,KARNATAKA,BELLARY,101.0,74.0,23.0,36.0,229.0,487.0,950.0,6.0,1.3367167165903673,1074.0,-124.0,4.0
2006,KARNATAKA,BIDAR,97.0,90.0,20.0,26.0,227.0,430.0,890.0,6.0,1.361731255526028,714.0,176.0,4.0
2006,KARNATAKA,BIJAPUR,122.0,107.0,26.0,24.0,336.0,356.0,971.0,6.0,1.4271506242205216,961.0,10.0,5.0
2006,KARNATAKA,CHAMARAJNAGAR,36.0,51.0,7.0,1.0,70.0,163.0,328.0,6.0,1.3087846151777256,434.0,-106.0,2.0
2006,KARNATAKA,CHICKMAGALUR,84.0,88.0,11.0,19.0,146.0,543.0,891.0,6.0,1.1857761144793288,652.0,239.0,3.0
2006,KARNATAKA,CHITRADURGA,62.0,68.0,19.0,11.0,195.0,436.0,791.0,6.0,1.2330742301572557,759.0,32.0,3.0
2006,KARNATAKA,DAKSHIN KANNADA,72.0,64.0,12.0,27.0,447.0,506.0,1128.0,6.0,1.202522177150672,1013.0,115.0,5.0
2006,KARNATAKA,DAVANAGERE,40.0,77.0,14.0,35.0,147.0,516.0,829.0,6.0,1.1713698998168454,869.0,-40.0,3.0
2006,KARNATAKA,DHARWAD COMMR.,41.0,16.0,15.0,64.0,70.0,589.0,795.0,6.0,0.9453926382310551,633.0,162.0,2.0
2006,KARNATAKA,GADAG,33.0,21.0,5.0,9.0,116.0,176.0,360.0,6.0,1.251205207078391,351.0,9.0,2.0
2006,KARNATAKA,GULBARGA,226.0,96.0,45.0,42.0,552.0,562.0,1523.0,6.0,1.3961439626067667,1521.0,2.0,5.0
2006,KARNATAKA,HASSAN,100.0,75.0,11.0,31.0,139.0,552.0,908.0,6.0,1.2075775540374423,931.0,-23.0,3.0
2006,KARNATAKA,HAVERI,39.0,42.0,13.0,19.0,173.0,208.0,494.0,6.0,1.362703377827376,517.0,-23.0,3.0
2006,KARNATAKA,K.G.F.,40.0,21.0,8.0,5.0,37.0,175.0,286.0,6.0,1.2027946798519862,291.0,-5.0,2.0
2006,KARNATAKA,KODAGU,61.0,27.0,6.0,2.0,39.0,168.0,303.0,6.0,1.2398298186711487,379.0,-76.0,2.0
2006,KARNATAKA,KOLAR,156.0,63.0,27.0,32.0,279.0,593.0,1150.0,6.0,1.3029828431841524,1143.0,7.0,4.0
2006,KARNATAKA,KOPPAL,45.0,34.0,7.0,13.0,119.0,185.0,403.0,6.0,1.352178979101117,451.0,-48.0,2.0
2006,KARNATAKA,MANDYA,107.0,98.0,14.0,17.0,192.0,508.0,936.0,6.0,1.276493025131532,868.0,68.0,4.0
2006,KARNATAKA,MYSORE COMMR.,78.0,29.0,8.0,111.0,71.0,736.0,1033.0,6.0,0.9982825941100646,1074.0,-41.0,3.0
2006,KARNATAKA,RAICHUR,83.0,89.0,18.0,15.0,212.0,357.0,774.0,6.0,1.36365479821797,666.0,108.0,4.0
2006,KARNATAKA,SHIMOGA,102.0,84.0,21.0,73.0,177.0,644.0,1101.0,6.0,1.279677287739365,1034.0,67.0,4.0
2006,KARNATAKA,TUMKUR,107.0,100.0,15.0,33.0,173.0,646.0,1074.0,6.0,1.2173472008389807,1253.0,-179.0,4.0
2006,KARNATAKA,UDUPI,32.0,28.0,7.0,21.0,142.0,250.0,480.0,6.0,1.2449230017039854,507.0,-27.0,2.0
2006,KARNATAKA,UTTAR KANNADA,60.0,56.0,5.0,9.0,76.0,212.0,418.0,6.0,1.3377909940919368,377.0,41.0,2.0
2006,KERALA,ALAPUZHA,66.0,192.0,18.0,43.0,414.0,709.0,1442.0,6.0,1.2764238334516969,1251.0,191.0,5.0
2006,KERALA,CBCID,18.0,1.0,1.0,2.0,0.0,29.0,51.0,5.0,0.9697753371780786,93.0,-42.0,1.0
2006,KERALA,ERNAKULAM COMMR.,33.0,79.0,11.0,50.0,185.0,860.0,1218.0,6.0,0.9807644543963908,1229.0,-11.0,3.0
2006,KERALA,IDUKKI,39.0,163.0,14.0,22.0,203.0,545.0,986.0,6.0,1.2236573735113514,957.0,29.0,3.0
2006,KERALA,KANNUR,49.0,153.0,16.0,42.0,820.0,588.0,1668.0,6.0,1.1766679063716903,1428.0,240.0,5.0
2006,KERALA,KASARGOD,27.0,108.0,8.0,24.0,356.0,435.0,958.0,6.0,1.2053306006428621,1022.0,-64.0,4.0
2006,KERALA,KOLLAM,87.0,426.0,35.0,83.0,675.0,1185.0,2491.0,6.0,1.2996878571925519,2117.0,374.0,5.0
2006,KERALA,KOTTAYAM,44.0,226.0,22.0,54.0,309.0,1198.0,1853.0,6.0,1.0817822205482739,1795.0,58.0,4.0
2006,KERALA,KOZHIKODE COMMR.,20.0,70.0,12.0,33.0,225.0,779.0,1139.0,6.0,0.9731771337986376,1097.0,42.0,3.0
2006,KERALA,MALAPPURAM,37.0,190.0,10.0,35.0,535.0,1002.0,1809.0,6.0,1.1088285084147194,1929.0,-120.0,5.0
2006,KERALA,PALAKKAD,81.0,111.0,8.0,38.0,344.0,750.0,1332.0,6.0,1.182569226992681,1359.0,-27.0,5.0
2006,KERALA,PATHANAMTHITTA,27.0,169.0,15.0,29.0,189.0,492.0,921.0,6.0,1.2504822679048777,865.0,56.0,3.0
2006,KERALA,THRISSUR,101.0,275.0,18.0,92.0,665.0,1100.0,2251.0,6.0,1.2755488318035924,2119.0,132.0,5.0
2006,KERALA,TRIVANDRUM COMMR.,45.0,161.0,28.0,74.0,347.0,823.0,1478.0,6.0,1.2391168810866546,1708.0,-230.0,5.0
2006,KERALA,WAYANADU,18.0,106.0,4.0,15.0,165.0,322.0,630.0,6.0,1.2165074909126925,650.0,-20.0,3.0
2006,MADHYA PRADESH,ANUPPUR,43.0,119.0,9.0,13.0,22.0,233.0,439.0,6.0,1.2515573694468973,420.0,19.0,2.0
2006,MADHYA PRADESH,ASHOK NAGAR,72.0,174.0,8.0,11.0,49.0,293.0,607.0,6.0,1.295517700423376,525.0,82.0,3.0
2006,MADHYA PRADESH,BALAGHAT,83.0,178.0,5.0,11.0,41.0,253.0,571.0,6.0,1.3110507239379705,761.0,-190.0,3.0
2006,MADHYA PRADESH,BARWANI,75.0,151.0,2.0,16.0,45.0,397.0,686.0,6.0,1.1750597075163922,593.0,93.0,2.0
2006,MADHYA PRADESH,BETUL,90.0,276.0,27.0,24.0,33.0,440.0,890.0,6.0,1.2687045796386196,807.0,83.0,4.0
2006,MADHYA PRADESH,BHIND,183.0,105.0,13.0,95.0,90.0,422.0,908.0,6.0,1.4544827465104428,1009.0,-101.0,4.0
2006,MADHYA PRADESH,BHOPAL,151.0,263.0,49.0,156.0,82.0,2592.0,3293.0,6.0,0.8306465554393236,2956.0,337.0,5.0
2006,MADHYA PRADESH,BHOPAL RLY.,6.0,11.0,4.0,13.0,2.0,1061.0,1097.0,6.0,0.19144170518116832,1242.0,-145.0,1.0
2006,MADHYA PRADESH,BURHANPUR,19.0,66.0,4.0,5.0,22.0,189.0,305.0,6.0,1.1145837752804875,321.0,-16.0,1.0
2006,MADHYA PRADESH,CHHATARPUR,148.0,229.0,23.0,53.0,72.0,513.0,1038.0,6.0,1.3808573615510713,853.0,185.0,4.0
2006,MADHYA PRADESH,CHHINDWARA,122.0,313.0,16.0,17.0,49.0,459.0,976.0,6.0,1.2675697037014855,970.0,6.0,4.0
2006,MADHYA PRADESH,DAMOH,96.0,156.0,4.0,31.0,23.0,247.0,557.0,6.0,1.347899117110695,573.0,-16.0,3.0
2006,MADHYA PRADESH,DATIYA,108.0,96.0,18.0,49.0,38.0,323.0,632.0,6.0,1.3998649327063504,531.0,101.0,3.0
2006,MADHYA PRADESH,DEWAS,116.0,253.0,21.0,31.0,105.0,1068.0,1594.0,6.0,1.0639878323980387,1703.0,-109.0,4.0
2006,MADHYA PRADESH,DHAR,126.0,286.0,35.0,53.0,105.0,783.0,1388.0,6.0,1.2790293936113502,1640.0,-252.0,5.0
2006,MADHYA PRADESH,DINDORI,35.0,77.0,0.0,1.0,3.0,54.0,170.0,5.0,1.1498503487247427,193.0,-23.0,1.0
2006,MADHYA PRADESH,GUNA,88.0,231.0,13.0,31.0,86.0,442.0,891.0,6.0,1.3305768504261404,946.0,-55.0,4.0
2006,MADHYA PRADESH,GWALIOR,272.0,263.0,41.0,230.0,158.0,2414.0,3378.0,6.0,1.0214562338088689,3262.0,116.0,5.0
2006,MADHYA PRADESH,HARDA,42.0,62.0,7.0,14.0,13.0,254.0,392.0,6.0,1.1160070567077935,297.0,95.0,2.0
2006,MADHYA PRADESH,HOSHANGABAD,96.0,169.0,12.0,34.0,29.0,672.0,1012.0,6.0,1.062578483505038,1053.0,-41.0,3.0
2006,MADHYA PRADESH,INDORE,209.0,343.0,39.0,121.0,187.0,4430.0,5329.0,6.0,0.6966549834658184,4749.0,580.0,5.0
2006,MADHYA PRADESH,INDORE RLY.,3.0,7.0,0.0,8.0,0.0,138.0,156.0,4.0,0.47604992523335465,154.0,2.0,1.0
2006,MADHYA PRADESH,JABALPUR,206.0,331.0,39.0,101.0,137.0,1574.0,2388.0,6.0,1.1249903432439479,2185.0,203.0,5.0
2006,MADHYA PRADESH,JABALPUR RLY.,9.0,8.0,1.0,13.0,0.0,235.0,266.0,5.0,0.4979418313368043,411.0,-145.0,1.0
2006,MADHYA PRADESH,JHABUA,183.0,78.0,20.0,8.0,58.0,251.0,598.0,6.0,1.3900726693518748,691.0,-93.0,3.0
2006,MADHYA PRADESH,KATNI,85.0,174.0,7.0,12.0,34.0,378.0,690.0,6.0,1.2004198678999982,647.0,43.0,2.0
2006,MADHYA PRADESH,KHANDWA,85.0,239.0,21.0,21.0,64.0,897.0,1327.0,6.0,1.026929452795319,1348.0,-21.0,3.0
2006,MADHYA PRADESH,KHARGON,70.0,186.0,8.0,19.0,50.0,882.0,1215.0,6.0,0.9136450637078926,1255.0,-40.0,3.0
2006,MADHYA PRADESH,MANDLA,47.0,143.0,7.0,5.0,19.0,149.0,370.0,6.0,1.2814905186027756,365.0,5.0,2.0
2006,MADHYA PRADESH,MANDSAUR,43.0,167.0,18.0,33.0,68.0,564.0,893.0,6.0,1.1464957246437706,943.0,-50.0,3.0
2006,MADHYA PRADESH,MORENA,153.0,111.0,30.0,53.0,164.0,598.0,1109.0,6.0,1.3623216409008765,1313.0,-204.0,4.0
2006,MADHYA PRADESH,NARSINGHPUR,76.0,187.0,4.0,13.0,31.0,178.0,489.0,6.0,1.3354020813029313,585.0,-96.0,3.0
2006,MADHYA PRADESH,NEEMUCH,31.0,56.0,8.0,8.0,26.0,421.0,550.0,6.0,0.866639558852105,705.0,-155.0,2.0
2006,MADHYA PRADESH,PANNA,62.0,109.0,8.0,15.0,22.0,182.0,398.0,6.0,1.3642718861698548,449.0,-51.0,2.0
2006,MADHYA PRADESH,RAISEN,97.0,246.0,14.0,24.0,30.0,396.0,807.0,6.0,1.2633923592194003,823.0,-16.0,3.0
2006,MADHYA PRADESH,RAJGARH,57.0,229.0,12.0,31.0,150.0,544.0,1023.0,6.0,1.271381932499958,1130.0,-107.0,4.0
2006,MADHYA PRADESH,RATLAM,95.0,187.0,20.0,37.0,52.0,623.0,1014.0,6.0,1.1834516961199721,1027.0,-13.0,3.0
2006,MADHYA PRADESH,REWA,73.0,172.0,23.0,52.0,88.0,940.0,1348.0,6.0,1.0451856357076825,1357.0,-9.0,4.0
2006,MADHYA PRADESH,SAGAR,171.0,400.0,31.0,52.0,105.0,912.0,1671.0,6.0,1.2618369711897972,1823.0,-152.0,5.0
2006,MADHYA PRADESH,SATNA,126.0,270.0,18.0,38.0,67.0,943.0,1462.0,6.0,1.0963264919241382,1386.0,76.0,4.0
2006,MADHYA PRADESH,SEONI,59.0,162.0,6.0,12.0,47.0,253.0,539.0,6.0,1.3059693185168944,517.0,22.0,3.0
2006,MADHYA PRADESH,SHAHDOL,56.0,207.0,4.0,22.0,36.0,405.0,730.0,6.0,1.1636999584328058,821.0,-91.0,3.0
2006,MADHYA PRADESH,SHAJAPUR,72.0,208.0,19.0,67.0,84.0,869.0,1319.0,6.0,1.1127592405043871,1307.0,12.0,4.0
2006,MADHYA PRADESH,SHEOPUR,25.0,53.0,8.0,5.0,27.0,158.0,276.0,6.0,1.2564236934854316,285.0,-9.0,2.0
2006,MADHYA PRADESH,SHIVPURI,139.0,253.0,22.0,44.0,107.0,596.0,1161.0,6.0,1.3473704717255506,937.0,224.0,4.0
2006,MADHYA PRADESH,SIDHI,98.0,195.0,31.0,29.0,46.0,681.0,1080.0,6.0,1.1510771127436263,931.0,149.0,4.0
2006,MADHYA PRADESH,SIHORE,79.0,165.0,14.0,26.0,56.0,583.0,923.0,6.0,1.1424748244647502,890.0,33.0,3.0
2006,MADHYA PRADESH,TIKAMGARH,68.0,183.0,9.0,32.0,92.0,339.0,723.0,6.0,1.3801455354394605,731.0,-8.0,3.0
2006,MADHYA PRADESH,UJJAIN,193.0,254.0,39.0,94.0,122.0,1666.0,2368.0,6.0,1.039686746791872,2261.0,107.0,5.0
2006,MADHYA PRADESH,UMARIYA,68.0,77.0,0.0,6.0,20.0,220.0,391.0,5.0,1.1639433555897736,376.0,15.0,2.0
2006,MADHYA PRADESH,VIDISHA,108.0,265.0,17.0,32.0,67.0,620.0,1109.0,6.0,1.2298729287049466,1064.0,45.0,4.0
2006,MAHARASHTRA,AHMEDNAGAR,138.0,197.0,36.0,136.0,323.0,1881.0,2711.0,6.0,1.0566878448237274,2269.0,442.0,5.0
2006,MAHARASHTRA,AKOLA,99.0,120.0,28.0,43.0,170.0,1403.0,1863.0,6.0,0.9147048541017516,2076.0,-213.0,4.0
2006,MAHARASHTRA,AMRAVATI COMMR.,41.0,57.0,17.0,31.0,90.0,1004.0,1240.0,6.0,0.7666523303959808,1260.0,-20.0,3.0
2006,MAHARASHTRA,AURANGABAD COMMR.,55.0,72.0,22.0,84.0,159.0,1081.0,1473.0,6.0,0.9637940920534896,1263.0,210.0,4.0
2006,MAHARASHTRA,BEED,110.0,122.0,34.0,122.0,479.0,1206.0,2073.0,6.0,1.2103061605992442,1987.0,86.0,5.0
2006,MAHARASHTRA,BHANDARA,55.0,94.0,15.0,16.0,147.0,674.0,1001.0,6.0,1.0586390027868438,949.0,52.0,3.0
2006,MAHARASHTRA,BULDHANA,119.0,151.0,10.0,39.0,245.0,1032.0,1596.0,6.0,1.108746980975533,1819.0,-223.0,4.0
2006,MAHARASHTRA,CHANDRAPUR,63.0,111.0,17.0,34.0,171.0,1225.0,1621.0,6.0,0.8876131771303343,1523.0,98.0,3.0
2006,MAHARASHTRA,DHULE,75.0,45.0,8.0,29.0,115.0,590.0,862.0,6.0,1.0523666123219653,754.0,108.0,3.0
2006,MAHARASHTRA,GADCHIROLI,115.0,66.0,10.0,20.0,73.0,251.0,535.0,6.0,1.4127020159381587,575.0,-40.0,3.0
2006,MAHARASHTRA,GONDIA,46.0,129.0,22.0,37.0,104.0,662.0,1000.0,6.0,1.1202326262982616,896.0,104.0,3.0
2006,MAHARASHTRA,HINGOLI,68.0,56.0,12.0,46.0,140.0,358.0,680.0,6.0,1.352470223220371,746.0,-66.0,3.0
2006,MAHARASHTRA,JALGAON,132.0,163.0,21.0,62.0,218.0,1139.0,1735.0,6.0,1.1275677323623703,1904.0,-169.0,4.0
2006,MAHARASHTRA,JALNA,77.0,77.0,13.0,61.0,194.0,704.0,1126.0,6.0,1.1729719881662548,1078.0,48.0,4.0
2006,MAHARASHTRA,KOLHAPUR,113.0,104.0,29.0,45.0,197.0,1324.0,1812.0,6.0,0.9655350154010375,1668.0,144.0,4.0
2006,MAHARASHTRA,LATUR,94.0,68.0,22.0,52.0,227.0,745.0,1208.0,6.0,1.1812422911714795,1148.0,60.0,4.0
2006,MAHARASHTRA,MUMBAI COMMR.,379.0,522.0,190.0,321.0,293.0,17007.0,18712.0,6.0,0.4470987357827099,,,5.0
2006,MAHARASHTRA,MUMBAI RLY.,18.0,22.0,5.0,28.0,9.0,1705.0,1787.0,6.0,0.25348387490892255,1696.0,91.0,1.0
2006,MAHARASHTRA,NAGPUR COMMR.,140.0,123.0,58.0,191.0,261.0,4260.0,5033.0,6.0,0.6605323905796414,5134.0,-101.0,5.0
2006,MAHARASHTRA,NAGPUR RLY.,10.0,5.0,2.0,33.0,19.0,881.0,950.0,6.0,0.3534091493992589,968.0,-18.0,1.0
2006,MAHARASHTRA,NANDED,151.0,115.0,35.0,91.0,404.0,995.0,1791.0,6.0,1.2755643090762927,1892.0,-101.0,5.0
2006,MAHARASHTRA,NANDURBAR,41.0,43.0,9.0,15.0,98.0,267.0,473.0,6.0,1.263733784633917,451.0,22.0,2.0
2006,MAHARASHTRA,NASIK COMMR.,53.0,50.0,32.0,53.0,140.0,1510.0,1838.0,6.0,0.730697924692362,1650.0,188.0,3.0
2006,MAHARASHTRA,NAVI MUMBAI,79.0,57.0,19.0,123.0,130.0,1869.0,2277.0,6.0,0.7320472638590376,2105.0,172.0,4.0
2006,MAHARASHTRA,OSMANABAD,85.0,94.0,10.0,65.0,200.0,888.0,1342.0,6.0,1.1010769204415611,1009.0,333.0,4.0
2006,MAHARASHTRA,PARBHANI,116.0,91.0,18.0,66.0,138.0,556.0,985.0,6.0,1.3243606644895867,969.0,16.0,4.0
2006,MAHARASHTRA,PUNE COMMR.,207.0,181.0,108.0,250.0,510.0,5729.0,6985.0,6.0,0.7362561369647722,7397.0,-412.0,5.0
2006,MAHARASHTRA,PUNE RLY.,3.0,2.0,1.0,14.0,2.0,231.0,253.0,6.0,0.3942048273307138,176.0,77.0,1.0
2006,MAHARASHTRA,RAIGAD,84.0,68.0,15.0,55.0,168.0,765.0,1155.0,6.0,1.1120546059202403,968.0,187.0,4.0
2006,MAHARASHTRA,RATNAGIRI,25.0,57.0,9.0,14.0,125.0,548.0,778.0,6.0,0.9664621075855714,729.0,49.0,2.0
2006,MAHARASHTRA,SANGLI,96.0,75.0,21.0,32.0,147.0,944.0,1315.0,6.0,0.9938046852386744,1572.0,-257.0,3.0
2006,MAHARASHTRA,SATARA,110.0,122.0,41.0,94.0,203.0,1543.0,2113.0,6.0,0.9881120205007137,1669.0,444.0,4.0
2006,MAHARASHTRA,SINDHUDURG,23.0,22.0,4.0,4.0,50.0,262.0,365.0,6.0,0.9527273095111841,373.0,-8.0,2.0
2006,MAHARASHTRA,SOLAPUR COMMR.,43.0,34.0,16.0,58.0,99.0,698.0,948.0,6.0,0.9608220382563278,899.0,49.0,3.0
2006,MAHARASHTRA,THANE COMMR.,198.0,212.0,90.0,187.0,313.0,4008.0,5008.0,6.0,0.8081301925663752,4713.0,295.0,5.0
2006,MAHARASHTRA,WARDHA,80.0,127.0,22.0,34.0,209.0,949.0,1421.0,6.0,1.0831809478673673,1276.0,145.0,4.0
2006,MAHARASHTRA,WASHIM,47.0,76.0,11.0,28.0,100.0,468.0,730.0,6.0,1.1577412101477935,860.0,-130.0,2.0
2006,MAHARASHTRA,YAVATMAL,158.0,208.0,37.0,74.0,232.0,1365.0,2074.0,6.0,1.1378816710519217,2333.0,-259.0,5.0
2006,MANIPUR,BISHNUPUR,42.0,7.0,9.0,0.0,8.0,33.0,99.0,5.0,1.3385663342846184,123.0,-24.0,1.0
2006,MANIPUR,CHANDEL,26.0,3.0,2.0,2.0,6.0,9.0,48.0,6.0,1.3440236444871212,60.0,-12.0,1.0
2006,MANIPUR,CHURACHANDPUR,74.0,25.0,1.0,0.0,6.0,29.0,135.0,5.0,1.1469425680399874,104.0,31.0,2.0
2006,MANIPUR,IMPHAL EAST,88.0,17.0,26.0,0.0,48.0,65.0,244.0,5.0,1.4642436450538923,,,2.0
2006,MANIPUR,IMPHAL WEST,115.0,24.0,51.0,6.0,61.0,237.0,494.0,6.0,1.384908573993527,,,3.0
2006,MANIPUR,SENAPATI,21.0,0.0,6.0,2.0,2.0,21.0,52.0,5.0,1.2321458739277373,57.0,-5.0,1.0
2006,MANIPUR,TAMENGLONG,14.0,0.0,0.0,0.0,7.0,6.0,27.0,3.0,1.0247727743980646,26.0,1.0,1.0
2006,MANIPUR,THOUBAL,89.0,6.0,35.0,0.0,24.0,61.0,215.0,5.0,1.362670709445891,186.0,29.0,2.0
2006,MANIPUR,UKHRUL,5.0,0.0,0.0,0.0,7.0,6.0,18.0,3.0,1.0893096789558299,66.0,-48.0,1.0
2006,MEGHALAYA,GARO HILLS EAST,28.0,10.0,6.0,18.0,1.0,37.0,100.0,6.0,1.4780823015862739,114.0,-14.0,1.0
2006,MEGHALAYA,GARO HILLS SOUTH,5.0,1.0,4.0,8.0,0.0,23.0,41.0,5.0,1.2173704494735957,35.0,6.0,1.0
2006,MEGHALAYA,GARO HILLS WEST,22.0,24.0,13.0,9.0,14.0,58.0,140.0,6.0,1.5855846656695505,167.0,-27.0,1.0
2006,MEGHALAYA,JAINTIA HILLS,56.0,23.0,3.0,12.0,5.0,59.0,158.0,6.0,1.3963122668016057,185.0,-27.0,2.0
2006,MEGHALAYA,KHASI HILLS EAST,65.0,53.0,28.0,43.0,14.0,445.0,648.0,6.0,1.0921255213525858,559.0,89.0,3.0
2006,MEGHALAYA,KHASI HILLS WEST,17.0,6.0,1.0,19.0,0.0,32.0,75.0,5.0,1.3073138047619421,109.0,-34.0,1.0
2006,MEGHALAYA,RI-BHOI,14.0,14.0,2.0,13.0,1.0,55.0,99.0,6.0,1.2716090781635496,126.0,-27.0,1.0
2006,MIZORAM,AIZAWL,21.0,55.0,2.0,3.0,12.0,671.0,764.0,6.0,0.5047675295951114,397.0,367.0,1.0
2006,MIZORAM,CHAMPHAI,3.0,18.0,0.0,1.0,4.0,125.0,151.0,5.0,0.6172339883685501,159.0,-8.0,1.0
2006,MIZORAM,KOLASIB,5.0,14.0,2.0,6.0,4.0,114.0,145.0,6.0,0.8208534395604061,108.0,37.0,1.0
2006,MIZORAM,LAWNGTLAI,3.0,3.0,0.0,1.0,0.0,36.0,43.0,4.0,0.6077499874045248,165.0,-122.0,1.0
2006,MIZORAM,LUNGLEI,3.0,16.0,0.0,1.0,1.0,177.0,198.0,5.0,0.4204096615662091,331.0,-133.0,1.0
2006,MIZORAM,MAMIT,10.0,3.0,1.0,3.0,0.0,34.0,51.0,5.0,1.0001828386282747,61.0,-10.0,1.0
2006,MIZORAM,SAIHA,1.0,8.0,1.0,1.0,3.0,78.0,92.0,6.0,0.6114118631226146,207.0,-115.0,1.0
2006,MIZORAM,SERCHHIP,5.0,6.0,0.0,1.0,1.0,53.0,66.0,5.0,0.7165756845142848,76.0,-10.0,1.0
2006,NAGALAND,DIMAPUR,32.0,7.0,15.0,69.0,10.0,196.0,329.0,6.0,1.1916949972521673,269.0,60.0,2.0
2006,NAGALAND,KIPHIRE,1.0,0.0,0.0,0.0,0.0,1.0,2.0,2.0,0.6931471805599453,5.0,-3.0,1.0
2006,NAGALAND,KOHIMA,50.0,8.0,10.0,16.0,1.0,104.0,189.0,6.0,1.2066115303965432,164.0,25.0,1.0
2006,NAGALAND,MOKOKCHUNG,11.0,0.0,3.0,1.0,1.0,16.0,32.0,5.0,1.1521701395927608,30.0,2.0,1.0
2006,NAGALAND,MON,23.0,2.0,2.0,6.0,3.0,25.0,61.0,6.0,1.333705913489903,59.0,2.0,1.0
2006,NAGALAND,PEREN,20.0,1.0,0.0,3.0,0.0,10.0,34.0,4.0,0.9899977814683789,25.0,9.0,1.0
2006,NAGALAND,PHEK,12.0,5.0,0.0,3.0,0.0,18.0,38.0,4.0,1.1852546368905488,32.0,6.0,1.0
2006,NAGALAND,TUENSANG,5.0,1.0,0.0,1.0,6.0,14.0,27.0,5.0,1.231223940369053,40.0,-13.0,1.0
2006,NAGALAND,WOKHA,6.0,0.0,1.0,1.0,2.0,34.0,44.0,5.0,0.7834371563401313,64.0,-20.0,1.0
2006,NAGALAND,ZUNHEBOTO,17.0,2.0,0.0,0.0,0.0,34.0,53.0,3.0,0.7731753277591964,32.0,21.0,1.0
2006,ODISHA,ANGUL,83.0,138.0,16.0,62.0,156.0,473.0,928.0,6.0,1.3933785147742865,891.0,37.0,4.0
2006,ODISHA,BALASORE,78.0,204.0,50.0,32.0,76.0,531.0,971.0,6.0,1.3250217993642008,837.0,134.0,4.0
2006,ODISHA,BARAGARH,68.0,86.0,13.0,36.0,92.0,225.0,520.0,6.0,1.5096392837952748,710.0,-190.0,3.0
2006,ODISHA,BERHAMPUR,57.0,99.0,15.0,52.0,59.0,320.0,602.0,6.0,1.387145083752167,692.0,-90.0,2.0
2006,ODISHA,BHADRAK,71.0,103.0,20.0,20.0,46.0,211.0,471.0,6.0,1.4728703691720568,463.0,8.0,3.0
2006,ODISHA,BOLANGIR,65.0,180.0,37.0,34.0,69.0,272.0,657.0,6.0,1.5006229269199798,714.0,-57.0,3.0
2006,ODISHA,BOUDH,12.0,53.0,3.0,5.0,22.0,71.0,166.0,6.0,1.3635505420450393,140.0,26.0,1.0
2006,ODISHA,CUTTACK,44.0,94.0,56.0,98.0,81.0,1086.0,1459.0,6.0,0.9690641207767333,1733.0,-274.0,4.0
2006,ODISHA,DEOGARH,19.0,87.0,7.0,21.0,32.0,105.0,271.0,6.0,1.4633583971940132,235.0,36.0,2.0
2006,ODISHA,DHENKANAL,48.0,162.0,13.0,61.0,117.0,259.0,660.0,6.0,1.5066205614684791,635.0,25.0,3.0
2006,ODISHA,GAJAPATI,14.0,37.0,8.0,10.0,39.0,73.0,181.0,6.0,1.5173114398364453,200.0,-19.0,1.0
2006,ODISHA,GANJAM,116.0,209.0,25.0,56.0,95.0,317.0,818.0,6.0,1.5332118743130079,791.0,27.0,4.0
2006,ODISHA,JAGATSINGHPUR,32.0,19.0,21.0,38.0,32.0,244.0,386.0,6.0,1.237641176157368,379.0,7.0,2.0
2006,ODISHA,JAJPUR,63.0,104.0,39.0,53.0,85.0,386.0,730.0,6.0,1.4232950844084786,510.0,220.0,4.0
2006,ODISHA,JHARSUGUDA,35.0,76.0,5.0,24.0,51.0,290.0,481.0,6.0,1.222266495807002,429.0,52.0,2.0
2006,ODISHA,KALAHANDI,44.0,91.0,15.0,33.0,97.0,211.0,491.0,6.0,1.499932737552887,462.0,29.0,3.0
2006,ODISHA,KANDHAMAL,32.0,116.0,16.0,14.0,34.0,125.0,337.0,6.0,1.466778158162104,360.0,-23.0,2.0
2006,ODISHA,KENDRAPARA,59.0,40.0,12.0,43.0,23.0,183.0,360.0,6.0,1.4274020729400876,380.0,-20.0,3.0
2006,ODISHA,KEONJHAR,143.0,205.0,35.0,73.0,77.0,323.0,856.0,6.0,1.5662899239336179,807.0,49.0,4.0
2006,ODISHA,KHURDA,93.0,120.0,62.0,239.0,111.0,2097.0,2722.0,6.0,0.8841577045455333,2536.0,186.0,5.0
2006,ODISHA,KORAPUT,84.0,187.0,37.0,34.0,48.0,281.0,671.0,6.0,1.4803019929093968,653.0,18.0,3.0
2006,ODISHA,MALKANGIR,82.0,48.0,8.0,4.0,17.0,67.0,226.0,6.0,1.44164841110717,228.0,-2.0,2.0
2006,ODISHA,MAYURBHANJ,134.0,247.0,38.0,50.0,35.0,409.0,913.0,6.0,1.4114724001402283,829.0,84.0,4.0
2006,ODISHA,NAYAGARH,47.0,33.0,21.0,17.0,40.0,234.0,392.0,6.0,1.296410809157366,375.0,17.0,2.0
2006,ODISHA,NOWRANGPUR,21.0,77.0,17.0,8.0,31.0,105.0,259.0,6.0,1.47062115836788,301.0,-42.0,2.0
2006,ODISHA,NUAPADA,20.0,47.0,6.0,12.0,30.0,119.0,234.0,6.0,1.386121814099524,233.0,1.0,1.0
2006,ODISHA,PURI,38.0,36.0,33.0,79.0,70.0,534.0,790.0,6.0,1.1290808813148514,871.0,-81.0,3.0
2006,ODISHA,RAYAGADA,53.0,75.0,13.0,21.0,57.0,124.0,343.0,6.0,1.582088379602466,326.0,17.0,2.0
2006,ODISHA,ROURKELA,34.0,101.0,18.0,24.0,14.0,382.0,573.0,6.0,1.0761546718443666,545.0,28.0,2.0
2006,ODISHA,SAMBALPUR,102.0,131.0,13.0,88.0,87.0,486.0,907.0,6.0,1.3715763474094944,831.0,76.0,3.0
2006,ODISHA,SONEPUR,31.0,71.0,6.0,12.0,26.0,85.0,231.0,6.0,1.4943260308160244,169.0,62.0,2.0
2006,ODISHA,SRP(CUTTACK),5.0,8.0,5.0,18.0,1.0,319.0,356.0,6.0,0.47085049240181676,314.0,42.0,1.0
2006,ODISHA,SRP(ROURKELA),8.0,7.0,3.0,5.0,6.0,109.0,138.0,6.0,0.8424174113648446,132.0,6.0,1.0
2006,ODISHA,SUNDARGARH,112.0,109.0,18.0,47.0,50.0,308.0,644.0,6.0,1.4470709231574603,569.0,75.0,3.0
2006,PUNJAB,AMRITSAR,93.0,19.0,25.0,21.0,0.0,678.0,836.0,5.0,0.6976898313802755,501.0,335.0,2.0
2006,PUNJAB,BARNALA,27.0,12.0,6.0,3.0,0.0,136.0,184.0,5.0,0.8618165547771997,206.0,-22.0,1.0
2006,PUNJAB,BATALA,56.0,46.0,16.0,0.0,0.0,375.0,493.0,4.0,0.7877386299972392,366.0,127.0,2.0
2006,PUNJAB,BHATINDA,124.0,41.0,27.0,4.0,5.0,469.0,670.0,6.0,0.929391100952216,835.0,-165.0,2.0
2006,PUNJAB,FARIDKOT,49.0,34.0,13.0,3.0,1.0,280.0,380.0,6.0,0.8744430426026304,270.0,110.0,1.0
2006,PUNJAB,FATEHGARH SAHIB,32.0,15.0,4.0,4.0,0.0,169.0,224.0,5.0,0.8153623928502053,222.0,2.0,1.0
2006,PUNJAB,FEROZPUR,119.0,18.0,26.0,1.0,7.0,541.0,712.0,6.0,0.77620417797055,537.0,175.0,2.0
2006,PUNJAB,G.R.P,16.0,3.0,0.0,1.0,1.0,67.0,88.0,5.0,0.7344770199209842,62.0,26.0,1.0
2006,PUNJAB,GURDASPUR,62.0,37.0,16.0,2.0,2.0,193.0,312.0,6.0,1.0881329654461773,278.0,34.0,2.0
2006,PUNJAB,HOSHIARPUR,88.0,39.0,25.0,11.0,5.0,386.0,554.0,6.0,0.9909305682071742,406.0,148.0,2.0
2006,PUNJAB,JAGRAON,56.0,29.0,12.0,1.0,0.0,242.0,340.0,5.0,0.8842012550274123,281.0,59.0,2.0
2006,PUNJAB,JALANDHAR,221.0,82.0,125.0,29.0,20.0,1392.0,1869.0,6.0,0.903175939858172,1353.0,516.0,5.0
2006,PUNJAB,KAPURTHALA,58.0,25.0,21.0,17.0,5.0,409.0,535.0,6.0,0.8696800615535367,446.0,89.0,2.0
2006,PUNJAB,KHANNA,48.0,5.0,13.0,6.0,3.0,239.0,314.0,6.0,0.8126720867816516,304.0,10.0,1.0
2006,PUNJAB,LUDHIANA,150.0,66.0,100.0,16.0,6.0,1091.0,1429.0,6.0,0.8440703902447193,1187.0,242.0,4.0
2006,PUNJAB,MAJITHA,89.0,26.0,21.0,7.0,0.0,214.0,357.0,5.0,1.0876115343147252,281.0,76.0,2.0
2006,PUNJAB,MANSA,76.0,26.0,9.0,1.0,0.0,151.0,263.0,5.0,1.0427604184690222,266.0,-3.0,2.0
2006,PUNJAB,MOGA,83.0,35.0,28.0,12.0,2.0,473.0,633.0,6.0,0.875494163377331,376.0,257.0,2.0
2006,PUNJAB,MUKTSAR,51.0,19.0,17.0,7.0,3.0,221.0,318.0,6.0,0.9993367926327759,383.0,-65.0,2.0
2006,PUNJAB,NAWAN SHAHR,50.0,13.0,7.0,12.0,0.0,212.0,294.0,5.0,0.894525233360052,378.0,-84.0,1.0
2006,PUNJAB,PATIALA,110.0,56.0,26.0,2.0,8.0,633.0,835.0,6.0,0.8252129837505984,951.0,-116.0,2.0
2006,PUNJAB,ROPAR,14.0,17.0,10.0,1.0,1.0,140.0,183.0,6.0,0.8380805814817905,428.0,-245.0,1.0
2006,PUNJAB,SANGRUR,67.0,42.0,14.0,2.0,2.0,326.0,453.0,6.0,0.8952641627247642,490.0,-37.0,2.0
2006,PUNJAB,SAS NGR,68.0,10.0,15.0,0.0,0.0,633.0,726.0,4.0,0.48049642651114266,,,2.0
2006,PUNJAB,TARN TARAN,73.0,41.0,15.0,14.0,0.0,227.0,370.0,5.0,1.1175808339135826,294.0,76.0,2.0
2006,RAJASTHAN,AJMER,112.0,167.0,90.0,28.0,78.0,1664.0,2139.0,6.0,0.8597071661495835,1914.0,225.0,4.0
2006,RAJASTHAN,ALWAR,162.0,192.0,102.0,38.0,91.0,1919.0,2504.0,6.0,0.8923827087801376,2384.0,120.0,5.0
2006,RAJASTHAN,BANSWARA,52.0,106.0,38.0,14.0,102.0,226.0,538.0,6.0,1.5076495809482864,570.0,-32.0,3.0
2006,RAJASTHAN,BARAN,112.0,151.0,44.0,8.0,35.0,477.0,827.0,6.0,1.2334473147627305,855.0,-28.0,3.0
2006,RAJASTHAN,BARMER,49.0,97.0,26.0,3.0,28.0,454.0,657.0,6.0,1.0183227390744287,610.0,47.0,2.0
2006,RAJASTHAN,BHARATPUR,139.0,75.0,82.0,18.0,22.0,1275.0,1611.0,6.0,0.7997385969929003,1605.0,6.0,4.0
2006,RAJASTHAN,BHILWARA,98.0,121.0,97.0,57.0,53.0,1319.0,1745.0,6.0,0.9368481269226481,1997.0,-252.0,4.0
2006,RAJASTHAN,BIKANER,137.0,92.0,28.0,10.0,16.0,897.0,1180.0,6.0,0.844893411557687,978.0,202.0,3.0
2006,RAJASTHAN,BUNDI,75.0,142.0,64.0,17.0,55.0,467.0,820.0,6.0,1.3036808239195938,787.0,33.0,3.0
2006,RAJASTHAN,CHITTORGARH,104.0,216.0,154.0,41.0,137.0,1165.0,1817.0,6.0,1.1915043698241958,1743.0,74.0,5.0
2006,RAJASTHAN,CHURU,45.0,33.0,19.0,4.0,30.0,405.0,536.0,6.0,0.9076709833754416,590.0,-54.0,2.0
2006,RAJASTHAN,DAUSA,42.0,50.0,35.0,10.0,79.0,840.0,1056.0,6.0,0.8057185809237303,960.0,96.0,3.0
2006,RAJASTHAN,DHOLPUR,101.0,61.0,41.0,10.0,45.0,474.0,732.0,6.0,1.1533148498855097,744.0,-12.0,3.0
2006,RAJASTHAN,DUNGARPUR,38.0,82.0,25.0,7.0,105.0,122.0,379.0,6.0,1.5353490725379384,346.0,33.0,2.0
2006,RAJASTHAN,G.R.P.,12.0,19.0,10.0,13.0,4.0,555.0,613.0,6.0,0.45636510958660365,514.0,99.0,1.0
2006,RAJASTHAN,GANGANAGAR,168.0,103.0,38.0,16.0,19.0,1150.0,1494.0,6.0,0.8290370824813224,1531.0,-37.0,3.0
2006,RAJASTHAN,HANUMANGARH,106.0,96.0,24.0,13.0,14.0,743.0,996.0,6.0,0.8888741975724992,930.0,66.0,3.0
2006,RAJASTHAN,JAIPUR EAST,40.0,59.0,55.0,21.0,180.0,2401.0,2756.0,6.0,0.5573406073068294,,,4.0
2006,RAJASTHAN,JAIPUR NORTH,47.0,60.0,48.0,13.0,66.0,1419.0,1653.0,6.0,0.6220930094676532,,,3.0
2006,RAJASTHAN,JAIPUR SOUTH,37.0,49.0,57.0,17.0,65.0,2106.0,2331.0,6.0,0.4651130818296672,,,3.0
2006,RAJASTHAN,JAISALMER,10.0,15.0,7.0,4.0,22.0,227.0,285.0,6.0,0.8023848280703989,264.0,21.0,1.0
2006,RAJASTHAN,JALORE,45.0,51.0,23.0,5.0,26.0,362.0,512.0,6.0,1.0245117529562389,460.0,52.0,2.0
2006,RAJASTHAN,JHALAWAR,111.0,193.0,66.0,19.0,71.0,565.0,1025.0,6.0,1.3189108947433468,1200.0,-175.0,4.0
2006,RAJASTHAN,JHUNJHUNU,52.0,82.0,20.0,6.0,53.0,649.0,862.0,6.0,0.9002504464321757,820.0,42.0,3.0
2006,RAJASTHAN,KARAULI,52.0,68.0,59.0,10.0,28.0,544.0,761.0,6.0,1.015813549697263,764.0,-3.0,3.0
2006,RAJASTHAN,NAGAUR,91.0,228.0,49.0,22.0,38.0,845.0,1273.0,6.0,1.068967520582258,1130.0,143.0,3.0
2006,RAJASTHAN,PALI,84.0,161.0,68.0,25.0,35.0,858.0,1231.0,6.0,1.041186811032692,1140.0,91.0,3.0
2006,RAJASTHAN,RAJSAMAND,23.0,43.0,36.0,17.0,51.0,457.0,627.0,6.0,1.0015164011079425,538.0,89.0,2.0
2006,RAJASTHAN,SAWAI MADHOPUR,49.0,64.0,47.0,19.0,15.0,765.0,959.0,6.0,0.8034356466031379,753.0,206.0,2.0
2006,RAJASTHAN,SIKAR,80.0,60.0,60.0,11.0,84.0,829.0,1124.0,6.0,0.9645854664399864,1082.0,42.0,3.0
2006,RAJASTHAN,SIROHI,38.0,70.0,26.0,8.0,40.0,364.0,546.0,6.0,1.1174758084932823,657.0,-111.0,2.0
2006,RAJASTHAN,TONK,49.0,30.0,56.0,11.0,63.0,664.0,873.0,6.0,0.9066337302333543,940.0,-67.0,3.0
2006,RAJASTHAN,UDAIPUR,137.0,173.0,121.0,42.0,252.0,1288.0,2013.0,6.0,1.1893907299079625,2025.0,-12.0,5.0
2006,SIKKIM,EAST,21.0,16.0,5.0,3.0,6.0,135.0,186.0,6.0,0.9644452270424511,164.0,22.0,1.0
2006,SIKKIM,NORTH,2.0,3.0,0.0,0.0,0.0,9.0,14.0,3.0,0.8921178708188162,17.0,-3.0,1.0
2006,SIKKIM,SOUTH,8.0,10.0,2.0,5.0,6.0,62.0,93.0,6.0,1.13767738697225,106.0,-13.0,1.0
2006,SIKKIM,WEST,8.0,5.0,1.0,1.0,1.0,38.0,54.0,6.0,0.9721137509122031,40.0,14.0,1.0
2006,TAMIL NADU,CHENNAI,329.0,116.0,59.0,63.0,131.0,3472.0,4170.0,6.0,0.6848333858787953,4822.0,-652.0,5.0
2006,TAMIL NADU,CHENNAI RLY.,0.0,3.0,0.0,2.0,4.0,78.0,87.0,4.0,0.4423380364316878,121.0,-34.0,1.0
2006,TAMIL NADU,CUDDALORE,132.0,49.0,33.0,14.0,159.0,439.0,826.0,6.0,1.3114959708274598,964.0,-138.0,4.0
2006,TAMIL NADU,DHARMAPURI,71.0,42.0,16.0,9.0,182.0,190.0,510.0,6.0,1.395523222290594,596.0,-86.0,3.0
2006,TAMIL NADU,DINDIGUL,80.0,40.0,40.0,16.0,37.0,526.0,739.0,6.0,1.0312975050798208,836.0,-97.0,2.0
2006,TAMIL NADU,ERODE,63.0,48.0,20.0,14.0,57.0,660.0,862.0,6.0,0.8903123498376848,1093.0,-231.0,2.0
2006,TAMIL NADU,KANCHIPURAM,99.0,37.0,16.0,27.0,71.0,491.0,741.0,6.0,1.1195064540597075,784.0,-43.0,3.0
2006,TAMIL NADU,KANYAKUMARI,58.0,24.0,18.0,5.0,18.0,530.0,653.0,6.0,0.7411416425138826,640.0,13.0,2.0
2006,TAMIL NADU,KARUR,32.0,12.0,14.0,14.0,26.0,314.0,412.0,6.0,0.9126836855630589,459.0,-47.0,2.0
2006,TAMIL NADU,KRISHNAGIRI,88.0,38.0,29.0,20.0,133.0,526.0,834.0,6.0,1.1677621670615035,895.0,-61.0,3.0
2006,TAMIL NADU,NAGAPATTINAM,72.0,82.0,18.0,10.0,57.0,362.0,601.0,6.0,1.2279583149605076,542.0,59.0,2.0
2006,TAMIL NADU,NAMAKKAL,45.0,31.0,18.0,9.0,49.0,254.0,406.0,6.0,1.2114338821460926,488.0,-82.0,2.0
2006,TAMIL NADU,NILGIRIS,39.0,18.0,2.0,4.0,16.0,208.0,287.0,6.0,0.933327484817122,313.0,-26.0,1.0
2006,TAMIL NADU,PERAMBALUR,69.0,48.0,16.0,8.0,47.0,262.0,450.0,6.0,1.2674005905513768,533.0,-83.0,2.0
2006,TAMIL NADU,PUDUKOTTAI,111.0,55.0,32.0,7.0,64.0,376.0,645.0,6.0,1.2547074753755356,769.0,-124.0,3.0
2006,TAMIL NADU,RAMNATHAPURAM,59.0,34.0,24.0,9.0,78.0,312.0,516.0,6.0,1.2302936584464654,408.0,108.0,2.0
2006,TAMIL NADU,SIVAGANGAI,61.0,13.0,23.0,8.0,28.0,280.0,413.0,6.0,1.0745314626131472,468.0,-55.0,2.0
2006,TAMIL NADU,THANJAVUR,92.0,88.0,55.0,17.0,93.0,743.0,1088.0,6.0,1.0988454578498188,1188.0,-100.0,3.0
2006,TAMIL NADU,THENI,54.0,26.0,30.0,9.0,57.0,375.0,551.0,6.0,1.0939893043355036,583.0,-32.0,2.0
2006,TAMIL NADU,THIRUVALLUR,54.0,40.0,13.0,8.0,60.0,270.0,445.0,6.0,1.2212769938013994,496.0,-51.0,2.0
2006,TAMIL NADU,THIRUVANNAMALAI,65.0,18.0,16.0,2.0,51.0,284.0,436.0,6.0,1.091538185988881,760.0,-324.0,2.0
2006,TAMIL NADU,THIRUVARUR,48.0,73.0,17.0,12.0,56.0,296.0,502.0,6.0,1.2648734512954878,505.0,-3.0,2.0
2006,TAMIL NADU,THOOTHUGUDI,140.0,18.0,13.0,10.0,20.0,619.0,820.0,6.0,0.8079157638592515,928.0,-108.0,2.0
2006,TAMIL NADU,TRICHY RLY.,3.0,1.0,0.0,2.0,3.0,24.0,33.0,5.0,0.9434390759671093,89.0,-56.0,1.0
2006,TAMIL NADU,VELLORE,132.0,76.0,47.0,22.0,33.0,677.0,987.0,6.0,1.0684555914219094,1131.0,-144.0,3.0
2006,TAMIL NADU,VILLUPURAM,122.0,91.0,26.0,9.0,217.0,405.0,870.0,6.0,1.3661066580492005,,,4.0
2006,TAMIL NADU,VIRUDHUNAGAR,87.0,37.0,28.0,15.0,52.0,507.0,726.0,6.0,1.0512136503906528,1131.0,-405.0,2.0
2006,TRIPURA,DHALAI,29.0,35.0,14.0,6.0,24.0,53.0,161.0,6.0,1.6249765140631443,159.0,2.0,2.0
2006,TRIPURA,NORTH,54.0,92.0,26.0,24.0,36.0,167.0,399.0,6.0,1.5375700936369565,353.0,46.0,3.0
2006,TRIPURA,SOUTH,38.0,132.0,19.0,16.0,43.0,196.0,444.0,6.0,1.4127030169479748,392.0,52.0,3.0
2006,TRIPURA,WEST,86.0,137.0,46.0,43.0,86.0,265.0,663.0,6.0,1.5847649828046757,534.0,129.0,4.0
2006,UTTAR PRADESH,AGRA,356.0,159.0,175.0,85.0,230.0,2174.0,3179.0,6.0,1.1013232900187622,2305.0,874.0,5.0
2006,UTTAR PRADESH,ALIGARH,431.0,92.0,122.0,70.0,219.0,1140.0,2074.0,6.0,1.3120645159172981,2275.0,-201.0,5.0
2006,UTTAR PRADESH,ALLAHABAD,264.0,62.0,75.0,43.0,94.0,929.0,1467.0,6.0,1.1632087001028277,1526.0,-59.0,5.0
2006,UTTAR PRADESH,AMBEDKAR NAGAR,79.0,30.0,48.0,21.0,42.0,217.0,437.0,6.0,1.4543158697026586,439.0,-2.0,3.0
2006,UTTAR PRADESH,AURAIYA,119.0,23.0,42.0,32.0,34.0,142.0,392.0,6.0,1.5520234838709124,382.0,10.0,3.0
2006,UTTAR PRADESH,AZAMGARH,152.0,26.0,21.0,58.0,58.0,289.0,604.0,6.0,1.40211058462809,821.0,-217.0,3.0
2006,UTTAR PRADESH,BADAUN,378.0,67.0,64.0,16.0,37.0,241.0,803.0,6.0,1.344551012734634,906.0,-103.0,5.0
2006,UTTAR PRADESH,BAGHPAT,165.0,23.0,43.0,36.0,39.0,254.0,560.0,6.0,1.4088341677631702,506.0,54.0,3.0
2006,UTTAR PRADESH,BAHRAICH,112.0,46.0,44.0,15.0,46.0,245.0,508.0,6.0,1.4359140449122574,522.0,-14.0,3.0
2006,UTTAR PRADESH,BALLIA,110.0,18.0,11.0,10.0,55.0,193.0,397.0,6.0,1.3124381384795125,400.0,-3.0,2.0
2006,UTTAR PRADESH,BALRAMPUR,38.0,19.0,15.0,7.0,9.0,81.0,169.0,6.0,1.436761783217873,146.0,23.0,2.0
2006,UTTAR PRADESH,BANDA,87.0,35.0,14.0,12.0,32.0,180.0,360.0,6.0,1.3711799955141084,429.0,-69.0,2.0
2006,UTTAR PRADESH,BARABANKI,145.0,62.0,52.0,27.0,44.0,303.0,633.0,6.0,1.4430037914429559,626.0,7.0,4.0
2006,UTTAR PRADESH,BAREILLY,404.0,115.0,93.0,61.0,107.0,810.0,1590.0,6.0,1.35442999336951,1821.0,-231.0,5.0
2006,UTTAR PRADESH,BASTI,68.0,18.0,15.0,11.0,26.0,184.0,322.0,6.0,1.2707953157306402,305.0,17.0,2.0
2006,UTTAR PRADESH,BIJNOR,170.0,50.0,51.0,26.0,46.0,316.0,659.0,6.0,1.4090049524700134,603.0,56.0,4.0
2006,UTTAR PRADESH,BULANDSHAHAR,314.0,90.0,69.0,29.0,68.0,508.0,1078.0,6.0,1.368662106651152,1145.0,-67.0,5.0
2006,UTTAR PRADESH,CHANDOLI,65.0,8.0,15.0,7.0,8.0,131.0,234.0,6.0,1.1925039760014409,190.0,44.0,2.0
2006,UTTAR PRADESH,CHITRAKOOT DHAM,51.0,22.0,7.0,4.0,14.0,79.0,177.0,6.0,1.3918233331941758,138.0,39.0,2.0
2006,UTTAR PRADESH,DEORIA,83.0,13.0,19.0,14.0,65.0,192.0,386.0,6.0,1.360569132974043,406.0,-20.0,2.0
2006,UTTAR PRADESH,ETAH,310.0,54.0,64.0,24.0,68.0,376.0,896.0,6.0,1.3820515716100137,946.0,-50.0,5.0
2006,UTTAR PRADESH,ETAWAH,153.0,28.0,66.0,35.0,11.0,195.0,488.0,6.0,1.4392398212127073,489.0,-1.0,4.0
2006,UTTAR PRADESH,FAIZABAD,94.0,32.0,34.0,32.0,45.0,386.0,623.0,6.0,1.235467703694995,527.0,96.0,3.0
2006,UTTAR PRADESH,FATEHGARH,200.0,19.0,38.0,19.0,27.0,163.0,466.0,6.0,1.3608180231789635,350.0,116.0,4.0
2006,UTTAR PRADESH,FATEHPUR,156.0,23.0,22.0,12.0,12.0,178.0,403.0,6.0,1.2597502849787316,378.0,25.0,3.0
2006,UTTAR PRADESH,FIROZABAD,303.0,45.0,92.0,105.0,97.0,543.0,1185.0,6.0,1.4485456792206999,971.0,214.0,5.0
2006,UTTAR PRADESH,G.R.P.,46.0,19.0,7.0,27.0,13.0,824.0,936.0,6.0,0.5376713850667272,1318.0,-382.0,1.0
2006,UTTAR PRADESH,GAUTAMBUDH NAGAR,170.0,61.0,52.0,43.0,61.0,1273.0,1660.0,6.0,0.8828541168732851,1623.0,37.0,4.0
2006,UTTAR PRADESH,GHAZIABAD,340.0,55.0,109.0,44.0,75.0,1552.0,2175.0,6.0,0.9689555102817499,2446.0,-271.0,5.0
2006,UTTAR PRADESH,GHAZIPUR,106.0,16.0,14.0,21.0,51.0,182.0,390.0,6.0,1.3835311964174395,430.0,-40.0,3.0
2006,UTTAR PRADESH,GONDA,137.0,49.0,44.0,35.0,40.0,355.0,660.0,6.0,1.359156348779961,485.0,175.0,3.0
2006,UTTAR PRADESH,GORAKHPUR,182.0,47.0,44.0,39.0,99.0,526.0,937.0,6.0,1.3059333297483804,1033.0,-96.0,4.0
2006,UTTAR PRADESH,HAMIRPUR,74.0,24.0,6.0,4.0,11.0,65.0,184.0,6.0,1.3628604117975418,266.0,-82.0,2.0
2006,UTTAR PRADESH,HARDOI,183.0,85.0,42.0,17.0,16.0,264.0,607.0,6.0,1.3796654362407534,704.0,-97.0,4.0
2006,UTTAR PRADESH,HATHRAS,173.0,73.0,45.0,45.0,63.0,339.0,738.0,6.0,1.47744770902335,784.0,-46.0,4.0
2006,UTTAR PRADESH,J.P.NAGAR,137.0,43.0,28.0,23.0,39.0,224.0,494.0,6.0,1.4327486652058625,453.0,41.0,3.0
2006,UTTAR PRADESH,JALAUN,99.0,35.0,29.0,8.0,19.0,157.0,347.0,6.0,1.4014397921591155,306.0,41.0,2.0
2006,UTTAR PRADESH,JAUNPUR,133.0,44.0,25.0,32.0,45.0,322.0,601.0,6.0,1.3420198394234657,521.0,80.0,3.0
2006,UTTAR PRADESH,JHANSI,95.0,27.0,12.0,7.0,10.0,206.0,357.0,6.0,1.1561265587387268,371.0,-14.0,2.0
2006,UTTAR PRADESH,KANNAUJ,117.0,37.0,41.0,11.0,18.0,153.0,377.0,6.0,1.446581236546138,403.0,-26.0,3.0
2006,UTTAR PRADESH,KANPUR DEHAT,90.0,56.0,31.0,21.0,48.0,198.0,444.0,6.0,1.515451454001548,531.0,-87.0,3.0
2006,UTTAR PRADESH,KANPUR NAGAR,275.0,91.0,117.0,75.0,132.0,1388.0,2078.0,6.0,1.1311460381558276,1903.0,175.0,5.0
2006,UTTAR PRADESH,KAUSHAMBI,90.0,27.0,19.0,11.0,12.0,96.0,255.0,6.0,1.4460166412558633,307.0,-52.0,2.0
2006,UTTAR PRADESH,KHIRI,242.0,86.0,68.0,27.0,48.0,298.0,769.0,6.0,1.4814207171727425,929.0,-160.0,5.0
2006,UTTAR PRADESH,KUSHI NAGAR,69.0,24.0,20.0,6.0,73.0,213.0,405.0,6.0,1.3267250583856751,433.0,-28.0,2.0
2006,UTTAR PRADESH,LALITPUR,38.0,23.0,12.0,6.0,17.0,96.0,192.0,6.0,1.417619690368066,100.0,92.0,2.0
2006,UTTAR PRADESH,LUCKNOW,392.0,151.0,205.0,248.0,269.0,3432.0,4697.0,6.0,1.0028095501853407,4496.0,201.0,5.0
2006,UTTAR PRADESH,MAHARAJGANJ,42.0,38.0,22.0,10.0,29.0,124.0,265.0,6.0,1.4981989726052416,252.0,13.0,2.0
2006,UTTAR PRADESH,MAHOBA,71.0,6.0,9.0,12.0,19.0,63.0,180.0,6.0,1.4154204206368068,140.0,40.0,2.0
2006,UTTAR PRADESH,MAINPURI,256.0,28.0,42.0,30.0,39.0,315.0,710.0,6.0,1.316216402544417,622.0,88.0,4.0
2006,UTTAR PRADESH,MATHURA,244.0,96.0,57.0,54.0,107.0,975.0,1533.0,6.0,1.1799168080017433,1245.0,288.0,5.0
2006,UTTAR PRADESH,MAU,90.0,15.0,24.0,14.0,83.0,249.0,475.0,6.0,1.3224026786534808,397.0,78.0,3.0
2006,UTTAR PRADESH,MEERUT,422.0,111.0,108.0,92.0,142.0,1425.0,2300.0,6.0,1.1983172863661138,2410.0,-110.0,5.0
2006,UTTAR PRADESH,MIRZAPUR,94.0,25.0,18.0,13.0,22.0,186.0,358.0,6.0,1.3193473614600446,376.0,-18.0,2.0
2006,UTTAR PRADESH,MORADABAD,321.0,113.0,94.0,42.0,75.0,827.0,1472.0,6.0,1.2819348068701206,1644.0,-172.0,5.0
2006,UTTAR PRADESH,MUZAFFARNAGAR,426.0,77.0,120.0,96.0,144.0,875.0,1738.0,6.0,1.3791096210093996,1732.0,6.0,5.0
2006,UTTAR PRADESH,PILIBHIT,78.0,52.0,27.0,10.0,9.0,177.0,353.0,6.0,1.3529979945489528,451.0,-98.0,2.0
2006,UTTAR PRADESH,PRATAPGARH,161.0,60.0,61.0,27.0,123.0,405.0,837.0,6.0,1.4407074450635862,664.0,173.0,4.0
2006,UTTAR PRADESH,RAIBAREILLY,150.0,61.0,40.0,15.0,45.0,305.0,616.0,6.0,1.3801796990610753,747.0,-131.0,3.0
2006,UTTAR PRADESH,RAMPUR,139.0,43.0,43.0,24.0,45.0,387.0,681.0,6.0,1.291787641207731,611.0,70.0,3.0
2006,UTTAR PRADESH,SAHARANPUR,213.0,57.0,41.0,39.0,85.0,766.0,1201.0,6.0,1.152262518733123,1117.0,84.0,4.0
2006,UTTAR PRADESH,SANT KABIRNAGAR,44.0,11.0,18.0,11.0,18.0,104.0,206.0,6.0,1.4136622042802007,176.0,30.0,2.0
2006,UTTAR PRADESH,SHAHJAHANPUR,244.0,42.0,57.0,25.0,30.0,252.0,650.0,6.0,1.3928661469966668,785.0,-135.0,4.0
2006,UTTAR PRADESH,SHRAWASTI,28.0,18.0,21.0,5.0,20.0,80.0,172.0,6.0,1.497567994683282,163.0,9.0,2.0
2006,UTTAR PRADESH,SIDHARTHNAGAR,35.0,16.0,28.0,14.0,18.0,197.0,308.0,6.0,1.2110577154053928,272.0,36.0,2.0
2006,UTTAR PRADESH,SITAPUR,287.0,115.0,78.0,35.0,90.0,565.0,1170.0,6.0,1.4070765750173013,1944.0,-774.0,5.0
2006,UTTAR PRADESH,SONBHADRA,69.0,22.0,4.0,5.0,14.0,102.0,216.0,6.0,1.2898956328353077,237.0,-21.0,2.0
2006,UTTAR PRADESH,ST.RAVIDASNAGAR,51.0,8.0,5.0,11.0,19.0,101.0,195.0,6.0,1.305542174099842,239.0,-44.0,1.0
2006,UTTAR PRADESH,SULTANPUR,202.0,46.0,31.0,35.0,42.0,331.0,687.0,6.0,1.3550975079102385,607.0,80.0,4.0
2006,UTTAR PRADESH,UNNAO,201.0,72.0,44.0,22.0,37.0,244.0,620.0,6.0,1.4566476478864048,749.0,-129.0,4.0
2006,UTTAR PRADESH,VARANASI,157.0,26.0,45.0,40.0,126.0,1008.0,1402.0,6.0,0.9847300689292606,891.0,511.0,4.0
2006,UTTARAKHAND,ALMORA,28.0,14.0,5.0,11.0,14.0,89.0,161.0,6.0,1.347814265709643,142.0,19.0,1.0
2006,UTTARAKHAND,BAGESHWAR,14.0,10.0,4.0,7.0,1.0,25.0,61.0,6.0,1.494298492794199,54.0,7.0,1.0
2006,UTTARAKHAND,CHAMOLI,11.0,9.0,4.0,3.0,26.0,42.0,95.0,6.0,1.4308714446136783,108.0,-13.0,1.0
2006,UTTARAKHAND,CHAMPAWAT,12.0,7.0,1.0,4.0,3.0,21.0,48.0,6.0,1.4500294204179123,46.0,2.0,1.0
2006,UTTARAKHAND,DEHRADUN,82.0,51.0,43.0,29.0,100.0,656.0,961.0,6.0,1.1065844342198536,1087.0,-126.0,3.0
2006,UTTARAKHAND,HARIDWAR,115.0,77.0,64.0,64.0,115.0,980.0,1415.0,6.0,1.1008593953016175,1025.0,390.0,4.0
2006,UTTARAKHAND,NAINITAL,50.0,16.0,17.0,9.0,30.0,225.0,347.0,6.0,1.1560661925748574,421.0,-74.0,2.0
2006,UTTARAKHAND,PAURI GARHWAL,27.0,7.0,8.0,7.0,19.0,116.0,184.0,6.0,1.1919647110066451,187.0,-3.0,1.0
2006,UTTARAKHAND,PITHORAGARH,19.0,21.0,3.0,7.0,11.0,50.0,111.0,6.0,1.4773273366462516,120.0,-9.0,1.0
2006,UTTARAKHAND,RUDRA PRAYAG,7.0,6.0,2.0,4.0,15.0,33.0,67.0,6.0,1.409037362536011,80.0,-13.0,1.0
2006,UTTARAKHAND,TEHRI GARHWAL,17.0,9.0,9.0,2.0,18.0,50.0,105.0,6.0,1.4470193452464208,113.0,-8.0,1.0
2006,UTTARAKHAND,UDHAMSINGH NAGAR,141.0,57.0,46.0,38.0,156.0,443.0,881.0,6.0,1.4123813598988186,809.0,72.0,4.0
2006,UTTARAKHAND,UTTARKASHI,6.0,16.0,6.0,3.0,20.0,45.0,96.0,6.0,1.4354645710165685,110.0,-14.0,1.0
2006,WEST BENGAL,24 PARGANAS NORTH,275.0,349.0,186.0,44.0,185.0,1638.0,2677.0,6.0,1.2374247679663664,2959.0,-282.0,5.0
2006,WEST BENGAL,24 PARGANAS SOUTH,176.0,347.0,155.0,31.0,295.0,1295.0,2299.0,6.0,1.3087908362668328,2246.0,53.0,5.0
2006,WEST BENGAL,ASANSOL,76.0,30.0,16.0,20.0,54.0,181.0,377.0,6.0,1.444762902269954,344.0,33.0,3.0
2006,WEST BENGAL,BANKURA,98.0,94.0,26.0,25.0,67.0,253.0,563.0,6.0,1.4962620895950771,648.0,-85.0,4.0
2006,WEST BENGAL,BIRBHUM,95.0,91.0,39.0,41.0,129.0,325.0,720.0,6.0,1.5168889020811593,751.0,-31.0,4.0
2006,WEST BENGAL,BURDWAN,128.0,155.0,41.0,55.0,214.0,725.0,1318.0,6.0,1.3426386484378907,1257.0,61.0,5.0
2006,WEST BENGAL,COOCHBEHAR,44.0,240.0,48.0,8.0,45.0,198.0,583.0,6.0,1.3893063107609878,418.0,165.0,4.0
2006,WEST BENGAL,DAKSHIN DINAJPUR,83.0,92.0,49.0,5.0,40.0,128.0,397.0,6.0,1.5755489868547243,311.0,86.0,3.0
2006,WEST BENGAL,DARJEELING,64.0,74.0,43.0,9.0,14.0,494.0,698.0,6.0,1.0078533312603322,571.0,127.0,3.0
2006,WEST BENGAL,HOOGHLY,155.0,80.0,28.0,36.0,265.0,587.0,1151.0,6.0,1.335641486835557,1165.0,-14.0,5.0
2006,WEST BENGAL,HOWRAH,72.0,135.0,66.0,14.0,162.0,794.0,1243.0,6.0,1.1643893298175707,462.0,781.0,5.0
2006,WEST BENGAL,HOWRAH G.R.P.,15.0,5.0,3.0,7.0,2.0,718.0,750.0,6.0,0.23490441262923606,344.0,406.0,1.0
2006,WEST BENGAL,JALPAIGURI,170.0,220.0,56.0,23.0,33.0,583.0,1085.0,6.0,1.2886368924129619,1321.0,-236.0,5.0
2006,WEST BENGAL,KHARAGPUR G.R.P.,3.0,3.0,0.0,5.0,1.0,88.0,100.0,5.0,0.518725156305478,127.0,-27.0,1.0
2006,WEST BENGAL,KOLKATA,108.0,211.0,94.0,62.0,167.0,3854.0,4496.0,6.0,0.627461611609195,4549.0,-53.0,5.0
2006,WEST BENGAL,MALDA,151.0,184.0,48.0,36.0,53.0,438.0,910.0,6.0,1.4217752377194106,866.0,44.0,4.0
2006,WEST BENGAL,MURSHIDABAD,180.0,441.0,118.0,28.0,190.0,793.0,1750.0,6.0,1.429024824819801,1566.0,184.0,5.0
2006,WEST BENGAL,NADIA,137.0,333.0,152.0,30.0,173.0,1005.0,1830.0,6.0,1.330300438696561,1538.0,292.0,5.0
2006,WEST BENGAL,PASCHIM MIDNAPUR,176.0,152.0,50.0,45.0,166.0,414.0,1003.0,6.0,1.5430195111550695,1009.0,-6.0,5.0
2006,WEST BENGAL,PURAB MIDNAPUR,108.0,108.0,59.0,17.0,131.0,357.0,780.0,6.0,1.4835475036158088,706.0,74.0,4.0
2006,WEST BENGAL,PURULIA,50.0,89.0,13.0,23.0,55.0,169.0,399.0,6.0,1.5079922344319099,384.0,15.0,3.0
2006,WEST BENGAL,SEALDAH G.R.P.,15.0,5.0,5.0,12.0,2.0,181.0,220.0,6.0,0.7170445056316137,250.0,-30.0,1.0
2006,WEST BENGAL,SILIGURI G.R.P.,3.0,1.0,4.0,0.0,6.0,63.0,77.0,5.0,0.6995319297949982,108.0,-31.0,1.0
2006,WEST BENGAL,UTTAR DINAJPUR,116.0,129.0,56.0,27.0,47.0,318.0,693.0,6.0,1.4818253391628495,604.0,89.0,4.0
2006,A & N ISLANDS,ANDAMAN,8.0,18.0,5.0,5.0,19.0,199.0,254.0,6.0,0.8362767716474854,226.0,28.0,1.0
2006,A & N ISLANDS,NICOBAR,1.0,2.0,0.0,0.0,0.0,2.0,5.0,3.0,1.0549201679861442,6.0,-1.0,1.0
2006,CHANDIGARH,CHANDIGARH,41.0,39.0,65.0,35.0,49.0,1714.0,1943.0,6.0,0.5493153828859114,2009.0,-66.0,3.0
2006,D & N HAVELI,D and N HAVELI,10.0,11.0,18.0,10.0,13.0,142.0,204.0,6.0,1.094948301054153,180.0,24.0,1.0
2006,DAMAN & DIU,DAMAN,8.0,3.0,3.0,9.0,23.0,120.0,166.0,6.0,0.9576648765391379,111.0,55.0,1.0
2006,DAMAN & DIU,DIU,1.0,2.0,0.0,0.0,6.0,15.0,24.0,4.0,0.9798203223053885,23.0,1.0,1.0
2006,DELHI UT,CENTRAL,60.0,38.0,73.0,22.0,5.0,1280.0,1478.0,6.0,0.579195935478172,1645.0,-167.0,3.0
2006,DELHI UT,DELHI UT TOTAL,1061.0,1341.0,1442.0,555.0,120.0,22203.0,26722.0,6.0,0.6944666266703194,27461.0,-739.0,5.0
2006,DELHI UT,EAST,89.0,147.0,118.0,69.0,22.0,2441.0,2886.0,6.0,0.6577246774939367,2845.0,41.0,4.0
2006,DELHI UT,GRP(RLY),7.0,1.0,11.0,3.0,1.0,965.0,988.0,6.0,0.13971339238117242,,,1.0
2006,DELHI UT,IGI AIRPORT,4.0,2.0,8.0,8.0,0.0,783.0,805.0,5.0,0.15986657874368676,701.0,104.0,1.0
2006,DELHI UT,NEW DELHI,15.0,37.0,26.0,20.0,16.0,1063.0,1177.0,6.0,0.4682608591911731,1211.0,-34.0,2.0
2006,DELHI UT,NORTH,54.0,49.0,41.0,29.0,7.0,942.0,1122.0,6.0,0.6766517700214143,1414.0,-292.0,2.0
2006,DELHI UT,NORTH-EAST,136.0,185.0,197.0,85.0,13.0,1546.0,2162.0,6.0,1.0004427098682176,2197.0,-35.0,5.0
2006,DELHI UT,NORTH-WEST,291.0,306.0,437.0,109.0,16.0,3380.0,4539.0,6.0,0.9122804651195199,4713.0,-174.0,5.0
2006,DELHI UT,SOUTH,148.0,228.0,215.0,119.0,17.0,4641.0,5368.0,6.0,0.5905304532950211,5547.0,-179.0,5.0
2006,DELHI UT,SOUTH-WEST,108.0,163.0,161.0,48.0,16.0,2332.0,2828.0,6.0,0.7098117332386116,2587.0,241.0,5.0
2006,DELHI UT,STF,10.0,0.0,0.0,2.0,0.0,9.0,21.0,3.0,0.9403716526240742,,,1.0
2006,DELHI UT,WEST,139.0,185.0,155.0,41.0,7.0,2821.0,3348.0,6.0,0.645485517934923,3429.0,-81.0,5.0
2006,LAKSHADWEEP,LAKSHADWEEP,2.0,0.0,0.0,0.0,16.0,19.0,37.0,3.0,0.8624840066680419,16.0,21.0,1.0
2006,PUDUCHERRY,KARAIKAL,5.0,8.0,5.0,1.0,51.0,121.0,191.0,6.0,0.9928824608009441,,,1.0
2006,PUDUCHERRY,PONDICHERRY,52.0,57.0,13.0,4.0,165.0,565.0,856.0,6.0,1.0307801237870482,879.0,-23.0,3.0
2007,ANDHRA PRADESH,ADILABAD,185.0,202.0,83.0,13.0,112.0,886.0,1481.0,6.0,1.2372404669147918,1540.0,-59.0,5.0
2007,ANDHRA PRADESH,ANANTAPUR,237.0,207.0,87.0,30.0,93.0,944.0,1598.0,6.0,1.2573442808115913,1661.0,-63.0,5.0
2007,ANDHRA PRADESH,CHITTOOR,203.0,149.0,102.0,52.0,122.0,1625.0,2253.0,6.0,1.0171667153540023,2039.0,214.0,5.0
2007,ANDHRA PRADESH,CUDDAPAH,146.0,171.0,76.0,12.0,114.0,834.0,1353.0,6.0,1.212007987908588,1260.0,93.0,4.0
2007,ANDHRA PRADESH,CYBERABAD,278.0,163.0,147.0,111.0,162.0,5388.0,6249.0,6.0,0.6158979094041496,5936.0,313.0,5.0
2007,ANDHRA PRADESH,EAST GODAVARI,215.0,189.0,84.0,20.0,78.0,2184.0,2770.0,6.0,0.8111186155488427,2998.0,-228.0,4.0
2007,ANDHRA PRADESH,GUNTAKAL RLY.,3.0,0.0,2.0,4.0,0.0,120.0,129.0,4.0,0.3270502508310574,160.0,-31.0,1.0
2007,ANDHRA PRADESH,GUNTUR,348.0,335.0,93.0,23.0,137.0,1797.0,2733.0,6.0,1.1006864437615675,3171.0,-438.0,5.0
2007,ANDHRA PRADESH,KARIMNAGAR,223.0,388.0,152.0,19.0,213.0,1588.0,2583.0,6.0,1.2039289970958462,2477.0,106.0,5.0
2007,ANDHRA PRADESH,KHAMMAM,188.0,257.0,104.0,31.0,187.0,986.0,1753.0,6.0,1.3222519529931966,1714.0,39.0,5.0
2007,ANDHRA PRADESH,KRISHNA,117.0,188.0,57.0,10.0,73.0,848.0,1293.0,6.0,1.1119195041119627,1351.0,-58.0,4.0
2007,ANDHRA PRADESH,KURNOOL,245.0,363.0,85.0,23.0,129.0,916.0,1761.0,6.0,1.33435885500739,1645.0,116.0,5.0
2007,ANDHRA PRADESH,MAHABOOBNAGAR,267.0,219.0,86.0,44.0,164.0,1237.0,2017.0,6.0,1.2306119049321187,1968.0,49.0,5.0
2007,ANDHRA PRADESH,MEDAK,236.0,166.0,65.0,27.0,128.0,1134.0,1756.0,6.0,1.1522099053211876,1704.0,52.0,5.0
2007,ANDHRA PRADESH,NALGONDA,194.0,302.0,87.0,53.0,199.0,956.0,1791.0,6.0,1.3712456807631008,1899.0,-108.0,5.0
2007,ANDHRA PRADESH,NELLORE,152.0,247.0,67.0,13.0,122.0,1155.0,1756.0,6.0,1.1094661446771497,1680.0,76.0,4.0
2007,ANDHRA PRADESH,NIZAMABAD,237.0,111.0,60.0,39.0,124.0,958.0,1529.0,6.0,1.1966813255116742,1799.0,-270.0,5.0
2007,ANDHRA PRADESH,PRAKASHAM,142.0,211.0,74.0,24.0,149.0,944.0,1544.0,6.0,1.228238778774155,1810.0,-266.0,4.0
2007,ANDHRA PRADESH,RANGA REDDY,99.0,61.0,27.0,5.0,45.0,335.0,572.0,6.0,1.241187075255243,519.0,53.0,3.0
2007,ANDHRA PRADESH,SECUNDERABAD RLY.,12.0,2.0,0.0,6.0,0.0,347.0,367.0,4.0,0.26048056844829137,255.0,112.0,1.0
2007,ANDHRA PRADESH,SRIKAKULAM,36.0,129.0,19.0,10.0,75.0,458.0,727.0,6.0,1.1352670988255436,685.0,42.0,2.0
2007,ANDHRA PRADESH,VIJAYAWADA RLY.,4.0,4.0,0.0,5.0,2.0,298.0,313.0,5.0,0.25656198354060034,275.0,38.0,1.0
2007,ANDHRA PRADESH,VISAKHAPATNAM,45.0,124.0,39.0,33.0,33.0,1935.0,2209.0,6.0,0.553859136872745,2131.0,78.0,3.0
2007,ANDHRA PRADESH,VIZIANAGARAM,64.0,100.0,23.0,8.0,28.0,424.0,647.0,6.0,1.1032177836247135,556.0,91.0,2.0
2007,ANDHRA PRADESH,WARANGAL,172.0,336.0,138.0,16.0,280.0,1276.0,2218.0,6.0,1.2718646085338863,2486.0,-268.0,5.0
2007,ANDHRA PRADESH,WEST GODAVARI,168.0,361.0,117.0,11.0,57.0,1883.0,2597.0,6.0,0.9311509676896934,2849.0,-252.0,5.0
2007,ARUNACHAL PRADESH,CHANGLANG,9.0,12.0,2.0,8.0,1.0,57.0,89.0,6.0,1.1395391792309049,84.0,5.0,1.0
2007,ARUNACHAL PRADESH,DIBANG VALLEY,8.0,7.0,4.0,3.0,1.0,38.0,61.0,6.0,1.2038871140599927,59.0,2.0,1.0
2007,ARUNACHAL PRADESH,K/KUMEY,9.0,1.0,4.0,1.0,0.0,33.0,48.0,5.0,0.9398479240558204,21.0,27.0,1.0
2007,ARUNACHAL PRADESH,KAMENG EAST,6.0,11.0,4.0,2.0,1.0,44.0,68.0,6.0,1.1229897564385576,47.0,21.0,1.0
2007,ARUNACHAL PRADESH,KAMENG WEST,2.0,3.0,1.0,7.0,1.0,36.0,50.0,6.0,0.9658193243295186,57.0,-7.0,1.0
2007,ARUNACHAL PRADESH,LOHIT,18.0,9.0,12.0,5.0,4.0,63.0,111.0,6.0,1.3200667111778335,98.0,13.0,1.0
2007,ARUNACHAL PRADESH,PAPUM PARE,11.0,23.0,20.0,24.0,18.0,216.0,312.0,6.0,1.1027212004104643,336.0,-24.0,2.0
2007,ARUNACHAL PRADESH,SIANG EAST,7.0,20.0,4.0,18.0,3.0,98.0,150.0,6.0,1.1190983915842696,139.0,11.0,1.0
2007,ARUNACHAL PRADESH,SIANG UPPER,3.0,7.0,0.0,1.0,0.0,35.0,46.0,4.0,0.7557198734125515,48.0,-2.0,1.0
2007,ARUNACHAL PRADESH,SIANG WEST,7.0,8.0,6.0,10.0,3.0,78.0,112.0,6.0,1.0832092599564591,120.0,-8.0,1.0
2007,ARUNACHAL PRADESH,SUBANSIRI LOWER,3.0,6.0,4.0,6.0,4.0,38.0,61.0,6.0,1.2565201026109707,56.0,5.0,1.0
2007,ARUNACHAL PRADESH,SUBANSIRI UPPER,4.0,8.0,4.0,1.0,2.0,38.0,57.0,6.0,1.107253800235947,64.0,-7.0,1.0
2007,ARUNACHAL PRADESH,TAWANG,3.0,3.0,0.0,1.0,0.0,19.0,26.0,4.0,0.8528652173995195,23.0,3.0,1.0
2007,ARUNACHAL PRADESH,TIRAP,8.0,2.0,3.0,3.0,0.0,34.0,50.0,5.0,1.0218278401578116,49.0,1.0,1.0
2007,ARUNACHAL PRADESH,UPPER DIBANG VALLEY,1.0,0.0,0.0,1.0,0.0,0.0,2.0,2.0,0.6931471805599453,5.0,-3.0,1.0
2007,ASSAM,BARPETA,50.0,99.0,87.0,38.0,225.0,425.0,924.0,6.0,1.4520445574467113,780.0,144.0,5.0
2007,ASSAM,BASKA,40.0,14.0,19.0,5.0,18.0,53.0,149.0,6.0,1.5747807085904433,155.0,-6.0,2.0
2007,ASSAM,BONGAIGAON,19.0,53.0,45.0,16.0,61.0,220.0,414.0,6.0,1.3896524242359005,225.0,189.0,3.0
2007,ASSAM,C.I.D.,0.0,0.0,0.0,0.0,0.0,3.0,3.0,1.0,-0.0,8.0,-5.0,1.0
2007,ASSAM,CACHAR,81.0,88.0,117.0,41.0,290.0,765.0,1382.0,6.0,1.3100443799785455,1505.0,-123.0,5.0
2007,ASSAM,CHIRANG,12.0,23.0,20.0,27.0,57.0,58.0,197.0,6.0,1.6446397465284208,376.0,-179.0,2.0
2007,ASSAM,DARRANG,32.0,172.0,45.0,20.0,87.0,262.0,618.0,6.0,1.450877902893604,638.0,-20.0,3.0
2007,ASSAM,DHEMAJI,46.0,110.0,42.0,11.0,34.0,208.0,451.0,6.0,1.4404396347151587,477.0,-26.0,3.0
2007,ASSAM,DHUBRI,87.0,276.0,138.0,24.0,696.0,479.0,1700.0,6.0,1.4337912385775358,1489.0,211.0,5.0
2007,ASSAM,DIBRUGARH,131.0,84.0,93.0,32.0,38.0,564.0,942.0,6.0,1.2700077861373598,1023.0,-81.0,4.0
2007,ASSAM,G.R.P.,2.0,3.0,3.0,7.0,4.0,75.0,94.0,6.0,0.8097189833740615,230.0,-136.0,1.0
2007,ASSAM,GOALPARA,36.0,96.0,51.0,21.0,47.0,281.0,532.0,6.0,1.3951081773310805,428.0,104.0,3.0
2007,ASSAM,GOLAGHAT,109.0,114.0,78.0,31.0,18.0,432.0,782.0,6.0,1.3279071959617261,754.0,28.0,4.0
2007,ASSAM,HAILAKANDI,29.0,41.0,42.0,9.0,146.0,144.0,411.0,6.0,1.4688976892486116,451.0,-40.0,3.0
2007,ASSAM,JORHAT,66.0,66.0,70.0,18.0,103.0,435.0,758.0,6.0,1.3238121536578014,606.0,152.0,4.0
2007,ASSAM,KAMRUP,111.0,81.0,63.0,51.0,97.0,598.0,1001.0,6.0,1.3069934759355506,638.0,363.0,4.0
2007,ASSAM,KARBI ANGLONG,113.0,26.0,43.0,19.0,50.0,196.0,447.0,6.0,1.4790845396636199,375.0,72.0,3.0
2007,ASSAM,KARIMGANJ,49.0,54.0,40.0,24.0,207.0,283.0,657.0,6.0,1.4169578914621337,704.0,-47.0,4.0
2007,ASSAM,KOKRAJHAR,49.0,77.0,47.0,17.0,58.0,256.0,504.0,6.0,1.442090362083386,398.0,106.0,3.0
2007,ASSAM,LAKHIMPUR,64.0,109.0,84.0,14.0,103.0,326.0,700.0,6.0,1.4788425031453376,755.0,-55.0,4.0
2007,ASSAM,MORIGAON,37.0,128.0,57.0,9.0,56.0,265.0,552.0,6.0,1.4060464546472766,505.0,47.0,3.0
2007,ASSAM,N.C.HILLS,53.0,9.0,12.0,12.0,16.0,61.0,163.0,6.0,1.5050202776189774,109.0,54.0,2.0
2007,ASSAM,NAGAON,146.0,119.0,208.0,109.0,277.0,757.0,1616.0,6.0,1.5126053193678097,1623.0,-7.0,5.0
2007,ASSAM,NALBARI,36.0,30.0,32.0,16.0,19.0,169.0,302.0,6.0,1.3753118017925048,321.0,-19.0,2.0
2007,ASSAM,R.P.O.,5.0,1.0,0.0,5.0,1.0,7.0,19.0,5.0,1.3804521282333775,37.0,-18.0,1.0
2007,ASSAM,SIBSAGAR,122.0,77.0,54.0,36.0,45.0,468.0,802.0,6.0,1.308357510898678,953.0,-151.0,4.0
2007,ASSAM,SONITPUR,120.0,90.0,80.0,32.0,107.0,657.0,1086.0,6.0,1.2781490929810961,1019.0,67.0,4.0
2007,ASSAM,TINSUKIA,149.0,66.0,91.0,29.0,20.0,693.0,1048.0,6.0,1.1119924511100512,1888.0,-840.0,4.0
2007,ASSAM,UDALGURI,42.0,25.0,26.0,27.0,16.0,167.0,303.0,6.0,1.3895793032330772,299.0,4.0,2.0
2007,BIHAR,ARARIA,238.0,98.0,27.0,92.0,153.0,370.0,978.0,6.0,1.553840455542631,1136.0,-158.0,5.0
2007,BIHAR,ARWAL,33.0,8.0,4.0,9.0,36.0,96.0,186.0,6.0,1.330453186252608,246.0,-60.0,2.0
2007,BIHAR,AURANGABAD,82.0,55.0,35.0,56.0,249.0,481.0,958.0,6.0,1.357489627201199,985.0,-27.0,4.0
2007,BIHAR,BAGAHA,47.0,48.0,58.0,13.0,104.0,250.0,520.0,6.0,1.4480470711160343,448.0,72.0,3.0
2007,BIHAR,BANKA,74.0,78.0,34.0,52.0,277.0,270.0,785.0,6.0,1.5024839538008359,737.0,48.0,5.0
2007,BIHAR,BEGUSARAI,247.0,40.0,85.0,81.0,293.0,481.0,1227.0,6.0,1.5077369255546895,1340.0,-113.0,5.0
2007,BIHAR,BETTIAH,74.0,35.0,17.0,27.0,211.0,295.0,659.0,6.0,1.3511332195343622,1261.0,-602.0,4.0
2007,BIHAR,BHABHUA,89.0,17.0,25.0,26.0,209.0,318.0,684.0,6.0,1.320770976467402,643.0,41.0,4.0
2007,BIHAR,BHAGALPUR,188.0,58.0,76.0,46.0,223.0,634.0,1225.0,6.0,1.3787709279806315,1430.0,-205.0,5.0
2007,BIHAR,BHOJPUR,250.0,101.0,57.0,58.0,267.0,603.0,1336.0,6.0,1.460456701428814,1304.0,32.0,5.0
2007,BIHAR,BUXAR,117.0,50.0,32.0,40.0,192.0,295.0,726.0,6.0,1.4934300847332336,947.0,-221.0,4.0
2007,BIHAR,DARBHANGA,186.0,88.0,91.0,29.0,95.0,606.0,1095.0,6.0,1.3461608829744052,1149.0,-54.0,5.0
2007,BIHAR,GAYA,338.0,43.0,59.0,138.0,377.0,625.0,1580.0,6.0,1.4724535107404009,1716.0,-136.0,5.0
2007,BIHAR,GOPALGANJ,133.0,24.0,21.0,43.0,205.0,314.0,740.0,6.0,1.4054572869449395,825.0,-85.0,4.0
2007,BIHAR,JAMALPUR RLY.,9.0,3.0,2.0,21.0,4.0,60.0,99.0,6.0,1.1648372764664316,121.0,-22.0,1.0
2007,BIHAR,JAMUI,82.0,58.0,31.0,46.0,182.0,207.0,606.0,6.0,1.5711872670613818,683.0,-77.0,4.0
2007,BIHAR,JEHANABAD,59.0,14.0,27.0,27.0,95.0,139.0,361.0,6.0,1.528748085821794,338.0,23.0,3.0
2007,BIHAR,KATIHAR,122.0,174.0,135.0,34.0,213.0,446.0,1124.0,6.0,1.572182814845114,690.0,434.0,5.0
2007,BIHAR,KATIHAR RLY.,6.0,2.0,7.0,19.0,13.0,264.0,311.0,6.0,0.6365856205340084,350.0,-39.0,1.0
2007,BIHAR,KHAGARIA,118.0,36.0,44.0,34.0,257.0,134.0,623.0,6.0,1.5215912118657597,706.0,-83.0,4.0
2007,BIHAR,KISHANGANJ,35.0,78.0,65.0,18.0,91.0,180.0,467.0,6.0,1.579214090490019,478.0,-11.0,4.0
2007,BIHAR,LAKHISARAI,53.0,45.0,36.0,27.0,95.0,177.0,433.0,6.0,1.570699926635093,425.0,8.0,3.0
2007,BIHAR,MADHEPURA,84.0,35.0,36.0,46.0,151.0,174.0,526.0,6.0,1.5941322836497482,457.0,69.0,4.0
2007,BIHAR,MADHUBANI,263.0,83.0,71.0,33.0,342.0,370.0,1162.0,6.0,1.5210849547356364,980.0,182.0,5.0
2007,BIHAR,MOTIHARI,208.0,45.0,104.0,66.0,382.0,645.0,1450.0,6.0,1.4276921278815369,1637.0,-187.0,5.0
2007,BIHAR,MUNGER,139.0,25.0,52.0,42.0,252.0,318.0,828.0,6.0,1.4598838797017066,782.0,46.0,5.0
2007,BIHAR,MUZAFFARPUR,188.0,89.0,169.0,105.0,438.0,1280.0,2269.0,6.0,1.3095193481112204,2390.0,-121.0,5.0
2007,BIHAR,MUZAFFARPUR RLY.,12.0,2.0,4.0,19.0,2.0,354.0,393.0,6.0,0.44757018739675775,481.0,-88.0,1.0
2007,BIHAR,NALANDA,179.0,47.0,105.0,59.0,177.0,654.0,1221.0,6.0,1.3786210080980748,1215.0,6.0,5.0
2007,BIHAR,NAUGACHIA,40.0,13.0,14.0,13.0,124.0,130.0,334.0,6.0,1.3749581882838222,277.0,57.0,2.0
2007,BIHAR,NAWADAH,180.0,44.0,29.0,25.0,210.0,250.0,738.0,6.0,1.478445365711334,730.0,8.0,4.0
2007,BIHAR,PATNA,444.0,93.0,313.0,437.0,499.0,2519.0,4305.0,6.0,1.3033037003946455,4447.0,-142.0,5.0
2007,BIHAR,PATNA RLY.,28.0,14.0,8.0,21.0,6.0,572.0,649.0,6.0,0.538179878014163,748.0,-99.0,1.0
2007,BIHAR,PURNEA,191.0,280.0,143.0,85.0,197.0,434.0,1330.0,6.0,1.6705809017164766,722.0,608.0,5.0
2007,BIHAR,ROHTAS,296.0,44.0,29.0,47.0,149.0,450.0,1015.0,6.0,1.3815516052176178,941.0,74.0,5.0
2007,BIHAR,SAHARSA,177.0,48.0,35.0,66.0,226.0,294.0,846.0,6.0,1.5407984284618628,817.0,29.0,5.0
2007,BIHAR,SAMASTIPUR,316.0,65.0,98.0,56.0,359.0,472.0,1366.0,6.0,1.5219092156129908,1445.0,-79.0,5.0
2007,BIHAR,SARAN,470.0,61.0,41.0,132.0,384.0,729.0,1817.0,6.0,1.4346554027000913,1630.0,187.0,5.0
2007,BIHAR,SHEIKHPURA,39.0,9.0,11.0,15.0,76.0,101.0,251.0,6.0,1.442128506959968,259.0,-8.0,2.0
2007,BIHAR,SHEOHAR,55.0,26.0,8.0,3.0,99.0,59.0,250.0,6.0,1.4393138029440493,223.0,27.0,2.0
2007,BIHAR,SITAMARHI,72.0,25.0,52.0,63.0,203.0,414.0,829.0,6.0,1.3786479666806208,870.0,-41.0,4.0
2007,BIHAR,SIWAN,156.0,26.0,75.0,94.0,155.0,377.0,883.0,6.0,1.5267491032557454,1043.0,-160.0,5.0
2007,BIHAR,SUPAUL,120.0,112.0,34.0,50.0,252.0,273.0,841.0,6.0,1.5701799822492553,501.0,340.0,5.0
2007,BIHAR,VAISHALI,167.0,69.0,131.0,60.0,303.0,624.0,1354.0,6.0,1.4659228046573403,1428.0,-74.0,5.0
2007,CHHATTISGARH,BALRAMPUR,51.0,91.0,2.0,9.0,30.0,62.0,245.0,6.0,1.4600708993537876,264.0,-19.0,2.0
2007,CHHATTISGARH,BILASPUR,141.0,240.0,22.0,65.0,177.0,1355.0,2000.0,6.0,1.0807502250579486,1933.0,67.0,4.0
2007,CHHATTISGARH,BIZAPUR,261.0,8.0,9.0,30.0,25.0,21.0,354.0,6.0,0.9676212970195112,430.0,-76.0,3.0
2007,CHHATTISGARH,DANTEWARA,186.0,16.0,6.0,14.0,17.0,122.0,361.0,6.0,1.1844379178816709,409.0,-48.0,3.0
2007,CHHATTISGARH,DHAMTARI,24.0,89.0,8.0,7.0,32.0,321.0,481.0,6.0,1.041657329096066,432.0,49.0,2.0
2007,CHHATTISGARH,DURG,125.0,319.0,35.0,58.0,75.0,1348.0,1960.0,6.0,1.0293802353190555,2162.0,-202.0,4.0
2007,CHHATTISGARH,GRP RAIPUR,2.0,5.0,1.0,3.0,4.0,193.0,208.0,6.0,0.366510653295466,257.0,-49.0,1.0
2007,CHHATTISGARH,JAGDALPUR,102.0,105.0,14.0,15.0,60.0,237.0,533.0,6.0,1.4387999484903575,693.0,-160.0,3.0
2007,CHHATTISGARH,JANJGIR,91.0,151.0,7.0,30.0,91.0,538.0,908.0,6.0,1.2197125686834385,909.0,-1.0,3.0
2007,CHHATTISGARH,JASHPUR,73.0,104.0,22.0,45.0,37.0,192.0,473.0,6.0,1.5532475810389668,385.0,88.0,3.0
2007,CHHATTISGARH,KABIRDHAM,28.0,86.0,3.0,3.0,24.0,197.0,341.0,6.0,1.1397074216106415,319.0,22.0,2.0
2007,CHHATTISGARH,KANKER,65.0,46.0,6.0,25.0,45.0,181.0,368.0,6.0,1.42193374274076,349.0,19.0,2.0
2007,CHHATTISGARH,KORBA,59.0,100.0,5.0,18.0,42.0,462.0,686.0,6.0,1.060354723001085,745.0,-59.0,2.0
2007,CHHATTISGARH,KORIYA,73.0,143.0,8.0,18.0,31.0,376.0,649.0,6.0,1.1941820748547698,479.0,170.0,3.0
2007,CHHATTISGARH,MAHASAMUND,25.0,81.0,4.0,12.0,23.0,352.0,497.0,6.0,0.9613045629799108,525.0,-28.0,2.0
2007,CHHATTISGARH,NARAYANPUR,56.0,5.0,3.0,6.0,9.0,15.0,94.0,6.0,1.2676665680437205,92.0,2.0,1.0
2007,CHHATTISGARH,RAIGARH,92.0,141.0,7.0,24.0,100.0,593.0,957.0,6.0,1.1682844219565784,937.0,20.0,3.0
2007,CHHATTISGARH,RAIPUR,190.0,373.0,53.0,69.0,175.0,2047.0,2907.0,6.0,1.0197014623894973,2763.0,144.0,5.0
2007,CHHATTISGARH,RAJNANDGAON,69.0,132.0,16.0,21.0,44.0,501.0,783.0,6.0,1.138223891543088,736.0,47.0,3.0
2007,CHHATTISGARH,SARGUJA,91.0,150.0,9.0,38.0,40.0,284.0,612.0,6.0,1.3972050500361162,624.0,-12.0,3.0
2007,CHHATTISGARH,SURAJPUR,66.0,146.0,4.0,32.0,53.0,233.0,534.0,6.0,1.4094409004277928,506.0,28.0,3.0
2007,GOA,NORTH GOA,34.0,13.0,3.0,9.0,63.0,496.0,618.0,6.0,0.7375068960269296,596.0,22.0,2.0
2007,GOA,SOUTH GOA,29.0,27.0,9.0,20.0,31.0,381.0,497.0,6.0,0.9027771359937253,477.0,20.0,2.0
2007,GUJARAT,AHMEDABAD COMMR.,146.0,141.0,213.0,430.0,133.0,5371.0,6434.0,6.0,0.6942100525953295,7547.0,-1113.0,5.0
2007,GUJARAT,AHWA-DANG,10.0,10.0,0.0,2.0,6.0,20.0,48.0,5.0,1.410717708669371,52.0,-4.0,1.0
2007,GUJARAT,AMRELI,43.0,27.0,49.0,14.0,68.0,310.0,511.0,6.0,1.2586217746469546,465.0,46.0,2.0
2007,GUJARAT,ANAND,36.0,32.0,59.0,30.0,48.0,839.0,1044.0,6.0,0.8045855610059192,710.0,334.0,3.0
2007,GUJARAT,BHARUCH,48.0,26.0,15.0,17.0,37.0,439.0,582.0,6.0,0.9300224348698182,615.0,-33.0,2.0
2007,GUJARAT,BHAVNAGAR,80.0,112.0,104.0,88.0,186.0,1339.0,1909.0,6.0,1.0753329988253382,2850.0,-941.0,5.0
2007,GUJARAT,DAHOD,55.0,33.0,35.0,82.0,84.0,235.0,524.0,6.0,1.5348362605220085,305.0,219.0,3.0
2007,GUJARAT,GANDHINAGAR,31.0,29.0,24.0,26.0,42.0,615.0,767.0,6.0,0.8128012694318371,705.0,62.0,2.0
2007,GUJARAT,HIMATNAGAR,59.0,38.0,35.0,15.0,53.0,437.0,637.0,6.0,1.1016406193025587,562.0,75.0,2.0
2007,GUJARAT,JAMNAGAR,77.0,26.0,22.0,28.0,91.0,646.0,890.0,6.0,0.9809822691681237,749.0,141.0,3.0
2007,GUJARAT,JUNAGADH,61.0,55.0,56.0,48.0,85.0,796.0,1101.0,6.0,1.0303226536700816,1058.0,43.0,3.0
2007,GUJARAT,KHEDA NORTH,51.0,41.0,35.0,14.0,66.0,603.0,810.0,6.0,0.9550134706655,761.0,49.0,2.0
2007,GUJARAT,KUTCH,72.0,30.0,36.0,47.0,68.0,966.0,1219.0,6.0,0.8331673527092609,1275.0,-56.0,3.0
2007,GUJARAT,MEHSANA,56.0,29.0,50.0,37.0,106.0,1011.0,1289.0,6.0,0.8455616482490437,1272.0,17.0,3.0
2007,GUJARAT,NARMADA,17.0,14.0,4.0,1.0,12.0,51.0,99.0,6.0,1.352709809988676,112.0,-13.0,1.0
2007,GUJARAT,NAVSARI,31.0,5.0,14.0,15.0,11.0,162.0,238.0,6.0,1.0914479726597726,288.0,-50.0,1.0
2007,GUJARAT,PALANPUR,75.0,84.0,55.0,35.0,103.0,695.0,1047.0,6.0,1.1597620089477478,867.0,180.0,3.0
2007,GUJARAT,PANCHMAHAL,70.0,49.0,44.0,42.0,44.0,376.0,625.0,6.0,1.305575343787306,601.0,24.0,3.0
2007,GUJARAT,PATAN,33.0,39.0,43.0,20.0,73.0,588.0,796.0,6.0,0.9727789738574757,683.0,113.0,2.0
2007,GUJARAT,PORBANDAR,11.0,5.0,8.0,4.0,15.0,119.0,162.0,6.0,0.9768482115430263,168.0,-6.0,1.0
2007,GUJARAT,RAJKOT COMMR.,53.0,21.0,46.0,34.0,76.0,1116.0,1346.0,6.0,0.718230701831638,1184.0,162.0,3.0
2007,GUJARAT,SURAT COMMR.,142.0,68.0,117.0,57.0,117.0,3109.0,3610.0,6.0,0.6185517028467982,3602.0,8.0,5.0
2007,GUJARAT,SURENDRANAGAR,38.0,65.0,29.0,27.0,72.0,442.0,673.0,6.0,1.167790575540653,638.0,35.0,2.0
2007,GUJARAT,VADODARA COMMR.,46.0,19.0,47.0,34.0,125.0,1948.0,2219.0,6.0,0.5431651521578293,2396.0,-177.0,3.0
2007,GUJARAT,VALSAD,50.0,14.0,5.0,19.0,26.0,381.0,495.0,6.0,0.8602010858733663,646.0,-151.0,2.0
2007,GUJARAT,W.RLY,22.0,7.0,4.0,43.0,6.0,878.0,960.0,6.0,0.39774020793732606,1052.0,-92.0,1.0
2007,HARYANA,AMBALA,57.0,34.0,15.0,16.0,4.0,785.0,911.0,6.0,0.5868379043076437,1098.0,-187.0,2.0
2007,HARYANA,BHIWANI,86.0,40.0,32.0,32.0,139.0,734.0,1063.0,6.0,1.0595054610044483,1089.0,-26.0,3.0
2007,HARYANA,FARIDABAD,103.0,60.0,154.0,43.0,163.0,1742.0,2265.0,6.0,0.8860717331880008,2224.0,41.0,5.0
2007,HARYANA,FATEHABAD,46.0,23.0,25.0,8.0,26.0,457.0,585.0,6.0,0.8518988236639546,534.0,51.0,2.0
2007,HARYANA,GRP,21.0,8.0,7.0,21.0,6.0,443.0,506.0,6.0,0.5579026560333685,330.0,176.0,1.0
2007,HARYANA,GURGAON,155.0,76.0,111.0,155.0,103.0,3197.0,3797.0,6.0,0.6853638131197765,3370.0,427.0,5.0
2007,HARYANA,HISSAR,107.0,40.0,47.0,11.0,33.0,798.0,1036.0,6.0,0.8595422500139481,1141.0,-105.0,3.0
2007,HARYANA,JHAJJAR,102.0,24.0,30.0,19.0,60.0,420.0,655.0,6.0,1.1585765586776744,532.0,123.0,3.0
2007,HARYANA,JIND,80.0,33.0,24.0,17.0,94.0,524.0,772.0,6.0,1.0810102609092098,697.0,75.0,3.0
2007,HARYANA,KAITHAL,49.0,40.0,16.0,16.0,4.0,461.0,586.0,6.0,0.810147627205706,590.0,-4.0,2.0
2007,HARYANA,KARNAL,85.0,75.0,26.0,30.0,68.0,1098.0,1382.0,6.0,0.8184956774538212,1391.0,-9.0,3.0
2007,HARYANA,KURUKSHETRA,46.0,32.0,18.0,16.0,7.0,1022.0,1141.0,6.0,0.48488675206199294,1039.0,102.0,2.0
2007,HARYANA,MAHENDRAGARH,42.0,27.0,25.0,10.0,84.0,348.0,536.0,6.0,1.1381965865073331,540.0,-4.0,2.0
2007,HARYANA,MEWAT,81.0,62.0,28.0,37.0,171.0,304.0,683.0,6.0,1.4665544615569521,496.0,187.0,4.0
2007,HARYANA,PALWAL,52.0,36.0,22.0,31.0,88.0,409.0,638.0,6.0,1.1878946611517418,608.0,30.0,3.0
2007,HARYANA,PANCHKULA,24.0,20.0,25.0,10.0,2.0,370.0,451.0,6.0,0.725507050371069,439.0,12.0,2.0
2007,HARYANA,PANIPAT,60.0,47.0,33.0,27.0,42.0,930.0,1139.0,6.0,0.7651283119905522,1278.0,-139.0,3.0
2007,HARYANA,REWARI,38.0,52.0,35.0,42.0,71.0,571.0,809.0,6.0,1.068948776713148,708.0,101.0,3.0
2007,HARYANA,ROHTAK,107.0,36.0,30.0,27.0,62.0,779.0,1041.0,6.0,0.9320909394027364,1088.0,-47.0,3.0
2007,HARYANA,SIRSA,53.0,44.0,21.0,17.0,52.0,579.0,766.0,6.0,0.9261844918909674,655.0,111.0,2.0
2007,HARYANA,SONIPAT,124.0,54.0,42.0,34.0,28.0,684.0,966.0,6.0,1.025934666103743,1165.0,-199.0,3.0
2007,HARYANA,YAMUNANAGAR,57.0,42.0,35.0,22.0,8.0,581.0,745.0,6.0,0.8490461184803885,739.0,6.0,2.0
2007,HIMACHAL PRADESH,BILASPUR,6.0,39.0,11.0,6.0,46.0,164.0,272.0,6.0,1.18207977132452,237.0,35.0,1.0
2007,HIMACHAL PRADESH,CHAMBA,12.0,35.0,11.0,0.0,31.0,196.0,285.0,5.0,1.0153067715016735,218.0,67.0,1.0
2007,HIMACHAL PRADESH,G.R.P.,0.0,0.0,0.0,0.0,1.0,3.0,4.0,2.0,0.5623351446188083,2.0,2.0,1.0
2007,HIMACHAL PRADESH,HAMIRPUR,9.0,34.0,16.0,1.0,47.0,152.0,259.0,6.0,1.1992239109743688,207.0,52.0,1.0
2007,HIMACHAL PRADESH,KANGRA,34.0,58.0,25.0,1.0,149.0,262.0,529.0,6.0,1.2797443720442585,498.0,31.0,3.0
2007,HIMACHAL PRADESH,KINNAUR,7.0,10.0,1.0,0.0,14.0,54.0,86.0,5.0,1.0938919113417394,74.0,12.0,1.0
2007,HIMACHAL PRADESH,KULLU,14.0,44.0,12.0,3.0,69.0,160.0,302.0,6.0,1.2708673404705628,254.0,48.0,2.0
2007,HIMACHAL PRADESH,LAHAUL-SPITI,1.0,2.0,1.0,0.0,3.0,5.0,12.0,5.0,1.4241299173467734,12.0,0.0,1.0
2007,HIMACHAL PRADESH,MANDI,22.0,100.0,25.0,3.0,100.0,246.0,496.0,6.0,1.3131963672520004,352.0,144.0,2.0
2007,HIMACHAL PRADESH,SHIMLA,31.0,73.0,28.0,9.0,148.0,441.0,730.0,6.0,1.1716882374123658,596.0,134.0,3.0
2007,HIMACHAL PRADESH,SIRMAUR,20.0,33.0,12.0,0.0,65.0,136.0,266.0,5.0,1.2805846102845218,246.0,20.0,2.0
2007,HIMACHAL PRADESH,SOLAN,21.0,34.0,17.0,2.0,80.0,302.0,456.0,6.0,1.0600076335048727,351.0,105.0,2.0
2007,HIMACHAL PRADESH,UNA,16.0,19.0,12.0,3.0,37.0,192.0,279.0,6.0,1.0560736061201843,229.0,50.0,1.0
2007,JAMMU & KASHMIR,ANANTNAG,41.0,73.0,65.0,5.0,109.0,317.0,610.0,6.0,1.361375125157241,647.0,-37.0,3.0
2007,JAMMU & KASHMIR,AWANTIPORA,15.0,34.0,13.0,4.0,23.0,64.0,153.0,6.0,1.5161149524620328,147.0,6.0,1.0
2007,JAMMU & KASHMIR,BARAMULLA,129.0,124.0,102.0,7.0,106.0,353.0,821.0,6.0,1.5032306851291688,891.0,-70.0,4.0
2007,JAMMU & KASHMIR,BORDER DISTRICT,26.0,17.0,10.0,0.0,32.0,99.0,184.0,5.0,1.2925368346721904,124.0,60.0,1.0
2007,JAMMU & KASHMIR,BUDGAM,24.0,135.0,72.0,9.0,119.0,291.0,650.0,6.0,1.4218444625667643,647.0,3.0,3.0
2007,JAMMU & KASHMIR,CRIME JAMMU,0.0,0.0,0.0,0.0,0.0,43.0,43.0,1.0,-0.0,25.0,18.0,1.0
2007,JAMMU & KASHMIR,CRIME SRINAGAR,0.0,0.0,0.0,0.0,0.0,79.0,79.0,1.0,-0.0,55.0,24.0,1.0
2007,JAMMU & KASHMIR,DODA,103.0,54.0,30.0,9.0,29.0,121.0,346.0,6.0,1.5327526420090902,374.0,-28.0,3.0
2007,JAMMU & KASHMIR,GANDERBAL,17.0,78.0,45.0,4.0,103.0,115.0,362.0,6.0,1.5052431472834673,286.0,76.0,2.0
2007,JAMMU & KASHMIR,HANDWARA,43.0,77.0,22.0,4.0,35.0,88.0,269.0,6.0,1.5493747413039545,293.0,-24.0,2.0
2007,JAMMU & KASHMIR,JAMMU,99.0,48.0,52.0,4.0,96.0,685.0,984.0,6.0,1.0353518166781137,928.0,56.0,3.0
2007,JAMMU & KASHMIR,KARGIL,2.0,2.0,1.0,0.0,4.0,11.0,20.0,5.0,1.26100156517892,29.0,-9.0,1.0
2007,JAMMU & KASHMIR,KATHUA,40.0,30.0,18.0,3.0,61.0,164.0,316.0,6.0,1.3505047832062225,268.0,48.0,2.0
2007,JAMMU & KASHMIR,KULGAM,30.0,62.0,46.0,15.0,70.0,152.0,375.0,6.0,1.5651099814643283,370.0,5.0,2.0
2007,JAMMU & KASHMIR,KUPWARA,83.0,81.0,38.0,4.0,97.0,112.0,415.0,6.0,1.597660587725768,345.0,70.0,3.0
2007,JAMMU & KASHMIR,LEH,7.0,6.0,3.0,1.0,4.0,48.0,69.0,6.0,1.059750117744822,50.0,19.0,1.0
2007,JAMMU & KASHMIR,POONCH,49.0,41.0,17.0,0.0,106.0,90.0,303.0,5.0,1.454895543143508,317.0,-14.0,2.0
2007,JAMMU & KASHMIR,PULWAMA,77.0,47.0,51.0,19.0,152.0,188.0,534.0,6.0,1.5613352943593073,639.0,-105.0,3.0
2007,JAMMU & KASHMIR,RAJOURI,50.0,55.0,51.0,5.0,58.0,170.0,389.0,6.0,1.5081392377044587,378.0,11.0,3.0
2007,JAMMU & KASHMIR,RAMBAN,45.0,21.0,10.0,0.0,19.0,100.0,195.0,5.0,1.3000662592572432,168.0,27.0,2.0
2007,JAMMU & KASHMIR,REASI,22.0,17.0,11.0,0.0,6.0,40.0,96.0,5.0,1.4304925268475603,123.0,-27.0,1.0
2007,JAMMU & KASHMIR,SRINAGAR,79.0,246.0,92.0,31.0,145.0,696.0,1289.0,6.0,1.3438207253165757,1432.0,-143.0,4.0
2007,JAMMU & KASHMIR,UDHAMPUR,26.0,26.0,9.0,5.0,21.0,116.0,203.0,6.0,1.310276599259306,229.0,-26.0,1.0
2007,JHARKHAND,BOKARO,81.0,64.0,43.0,63.0,125.0,834.0,1210.0,6.0,1.0999575672428872,1000.0,210.0,4.0
2007,JHARKHAND,CHAIBASA,161.0,53.0,19.0,31.0,42.0,187.0,493.0,6.0,1.4821948668547145,532.0,-39.0,3.0
2007,JHARKHAND,CHATRA,99.0,28.0,12.0,67.0,115.0,118.0,439.0,6.0,1.6007639752765312,275.0,164.0,3.0
2007,JHARKHAND,DEOGHAR,80.0,26.0,26.0,33.0,141.0,444.0,750.0,6.0,1.2338210058068215,616.0,134.0,3.0
2007,JHARKHAND,DHANBAD,143.0,73.0,87.0,98.0,305.0,1150.0,1856.0,6.0,1.2168626218645646,1703.0,153.0,5.0
2007,JHARKHAND,DHANBAD RLY.,7.0,2.0,0.0,29.0,7.0,129.0,174.0,5.0,0.8303402665699443,206.0,-32.0,1.0
2007,JHARKHAND,DUMKA,92.0,87.0,29.0,17.0,107.0,292.0,624.0,6.0,1.4554459502928474,612.0,12.0,4.0
2007,JHARKHAND,GARHWA,101.0,17.0,20.0,30.0,150.0,128.0,446.0,6.0,1.5063782931254077,459.0,-13.0,3.0
2007,JHARKHAND,GIRIDIH,173.0,107.0,35.0,83.0,317.0,453.0,1168.0,6.0,1.5161439862497315,1227.0,-59.0,5.0
2007,JHARKHAND,GODDA,143.0,33.0,39.0,17.0,138.0,244.0,614.0,6.0,1.4731136281034811,591.0,23.0,4.0
2007,JHARKHAND,GUMLA,199.0,71.0,34.0,69.0,39.0,113.0,525.0,6.0,1.6059863278148265,490.0,35.0,4.0
2007,JHARKHAND,HAZARIBAGH,156.0,81.0,28.0,110.0,181.0,998.0,1554.0,6.0,1.1793776096924433,1799.0,-245.0,5.0
2007,JHARKHAND,JAMSHEDPUR,166.0,95.0,39.0,79.0,130.0,1277.0,1786.0,6.0,1.0288869698205614,1534.0,252.0,5.0
2007,JHARKHAND,JAMSHEDPUR RLY.,4.0,2.0,4.0,6.0,5.0,165.0,186.0,6.0,0.5281370026314074,219.0,-33.0,1.0
2007,JHARKHAND,JAMTARA,28.0,33.0,21.0,6.0,79.0,145.0,312.0,6.0,1.4154878774994255,321.0,-9.0,2.0
2007,JHARKHAND,KHUNTI,104.0,16.0,15.0,38.0,13.0,48.0,234.0,6.0,1.5006668832070442,,,2.0
2007,JHARKHAND,KODERMA,58.0,17.0,18.0,31.0,103.0,182.0,409.0,6.0,1.4497618081761816,384.0,25.0,3.0
2007,JHARKHAND,LATEHAR,57.0,12.0,14.0,44.0,41.0,89.0,257.0,6.0,1.5978346832917976,260.0,-3.0,2.0
2007,JHARKHAND,LOHARDAGGA,54.0,44.0,21.0,35.0,33.0,139.0,326.0,6.0,1.579663448898132,297.0,29.0,2.0
2007,JHARKHAND,PAKUR,133.0,58.0,22.0,8.0,72.0,135.0,428.0,6.0,1.5247945726125183,464.0,-36.0,3.0
2007,JHARKHAND,PALAMU,99.0,35.0,36.0,61.0,135.0,269.0,635.0,6.0,1.5302966665831979,654.0,-19.0,4.0
2007,JHARKHAND,RAMGARH,54.0,39.0,37.0,53.0,134.0,441.0,758.0,6.0,1.2957324619417028,,,4.0
2007,JHARKHAND,RANCHI,305.0,80.0,88.0,215.0,227.0,1476.0,2391.0,6.0,1.2357948570669588,2691.0,-300.0,5.0
2007,JHARKHAND,SAHEBGANJ,107.0,82.0,32.0,10.0,39.0,132.0,402.0,6.0,1.561920194681007,424.0,-22.0,3.0
2007,JHARKHAND,SARAIKELA,83.0,20.0,23.0,30.0,31.0,181.0,368.0,6.0,1.429245247047772,393.0,-25.0,2.0
2007,JHARKHAND,SIMDEGA,98.0,22.0,20.0,32.0,16.0,79.0,267.0,6.0,1.5509350211530537,260.0,7.0,2.0
2007,KARNATAKA,BAGALKOT,65.0,55.0,27.0,19.0,138.0,233.0,537.0,6.0,1.4690085191833824,578.0,-41.0,3.0
2007,KARNATAKA,BANGALORE COMMR.,517.0,249.0,119.0,586.0,427.0,11097.0,12995.0,6.0,0.633840346715733,12989.0,6.0,5.0
2007,KARNATAKA,BELGAUM,197.0,151.0,42.0,58.0,411.0,957.0,1816.0,6.0,1.3187143205717777,1734.0,82.0,5.0
2007,KARNATAKA,BELLARY,113.0,85.0,17.0,27.0,233.0,441.0,916.0,6.0,1.3567705652198605,950.0,-34.0,4.0
2007,KARNATAKA,BIDAR,99.0,114.0,26.0,32.0,191.0,386.0,848.0,6.0,1.4450091776211744,890.0,-42.0,4.0
2007,KARNATAKA,BIJAPUR,78.0,97.0,30.0,33.0,321.0,362.0,921.0,6.0,1.4113463233556989,971.0,-50.0,4.0
2007,KARNATAKA,CHAMARAJNAGAR,31.0,29.0,7.0,3.0,77.0,160.0,307.0,6.0,1.272374724010048,328.0,-21.0,2.0
2007,KARNATAKA,CHICKMAGALUR,63.0,66.0,11.0,28.0,128.0,318.0,614.0,6.0,1.3538622106749836,891.0,-277.0,3.0
2007,KARNATAKA,CHITRADURGA,52.0,75.0,21.0,24.0,246.0,330.0,748.0,6.0,1.3533699849085215,791.0,-43.0,4.0
2007,KARNATAKA,DAKSHIN KANNADA,64.0,47.0,11.0,22.0,215.0,583.0,942.0,6.0,1.1061310258716484,1128.0,-186.0,3.0
2007,KARNATAKA,DAVANAGERE,42.0,59.0,16.0,22.0,220.0,393.0,752.0,6.0,1.2447756532713856,829.0,-77.0,3.0
2007,KARNATAKA,DHARWAD COMMR.,36.0,15.0,16.0,61.0,104.0,570.0,802.0,6.0,0.9953610526865095,795.0,7.0,3.0
2007,KARNATAKA,GADAG,34.0,35.0,5.0,10.0,114.0,151.0,349.0,6.0,1.3480737590012353,360.0,-11.0,2.0
2007,KARNATAKA,GULBARGA,182.0,126.0,54.0,73.0,544.0,541.0,1520.0,6.0,1.4603619064799633,1523.0,-3.0,5.0
2007,KARNATAKA,HASSAN,90.0,90.0,15.0,32.0,130.0,573.0,930.0,6.0,1.207951213241556,908.0,22.0,3.0
2007,KARNATAKA,HAVERI,41.0,43.0,21.0,9.0,197.0,232.0,543.0,6.0,1.3208068210649018,494.0,49.0,3.0
2007,KARNATAKA,K.G.F.,35.0,36.0,7.0,12.0,39.0,154.0,283.0,6.0,1.3505574285685107,286.0,-3.0,2.0
2007,KARNATAKA,KODAGU,55.0,24.0,11.0,10.0,52.0,253.0,405.0,6.0,1.1853894620172651,303.0,102.0,2.0
2007,KARNATAKA,KOLAR,129.0,63.0,35.0,26.0,291.0,560.0,1104.0,6.0,1.3077254354409682,1150.0,-46.0,4.0
2007,KARNATAKA,KOPPAL,36.0,38.0,5.0,11.0,123.0,178.0,391.0,6.0,1.3244233116994995,403.0,-12.0,2.0
2007,KARNATAKA,MANDYA,91.0,83.0,15.0,12.0,180.0,431.0,812.0,6.0,1.2845786180568832,936.0,-124.0,3.0
2007,KARNATAKA,MYSORE COMMR.,64.0,38.0,19.0,107.0,84.0,829.0,1141.0,6.0,0.989191518130081,1033.0,108.0,3.0
2007,KARNATAKA,RAICHUR,77.0,80.0,23.0,13.0,230.0,333.0,756.0,6.0,1.369621340351706,774.0,-18.0,4.0
2007,KARNATAKA,SHIMOGA,85.0,104.0,26.0,53.0,165.0,569.0,1002.0,6.0,1.3130197867040128,1101.0,-99.0,4.0
2007,KARNATAKA,TUMKUR,117.0,122.0,25.0,50.0,200.0,683.0,1197.0,6.0,1.29258838716335,1074.0,123.0,4.0
2007,KARNATAKA,UDUPI,25.0,33.0,7.0,16.0,150.0,263.0,494.0,6.0,1.2006909011423499,480.0,14.0,2.0
2007,KARNATAKA,UTTAR KANNADA,38.0,67.0,7.0,20.0,71.0,174.0,377.0,6.0,1.4393948176429023,418.0,-41.0,2.0
2007,KERALA,ALAPUZHA,58.0,233.0,16.0,47.0,472.0,859.0,1685.0,6.0,1.2335471951249979,1442.0,243.0,5.0
2007,KERALA,CBCID,9.0,2.0,0.0,0.0,2.0,16.0,29.0,4.0,1.0600879170863962,51.0,-22.0,1.0
2007,KERALA,ERNAKULAM COMMR.,44.0,98.0,10.0,47.0,182.0,844.0,1225.0,6.0,1.0258439862446254,1218.0,7.0,3.0
2007,KERALA,IDUKKI,47.0,183.0,9.0,33.0,227.0,511.0,1010.0,6.0,1.2863182944519944,986.0,24.0,4.0
2007,KERALA,KANNUR,61.0,157.0,16.0,106.0,915.0,664.0,1919.0,6.0,1.2346742809657894,1668.0,251.0,5.0
2007,KERALA,KASARGOD,27.0,112.0,2.0,27.0,553.0,1155.0,1876.0,6.0,0.9563429834753849,958.0,918.0,5.0
2007,KERALA,KOLLAM,82.0,328.0,22.0,40.0,590.0,947.0,2009.0,6.0,1.2682275604435127,2491.0,-482.0,5.0
2007,KERALA,KOTTAYAM,37.0,249.0,20.0,67.0,441.0,1119.0,1933.0,6.0,1.157133198488762,1853.0,80.0,5.0
2007,KERALA,KOZHIKODE COMMR.,22.0,85.0,11.0,84.0,347.0,660.0,1209.0,6.0,1.1763017541431207,1139.0,70.0,4.0
2007,KERALA,MALAPPURAM,58.0,180.0,13.0,48.0,535.0,1204.0,2038.0,6.0,1.0981973261095264,1809.0,229.0,5.0
2007,KERALA,PALAKKAD,68.0,121.0,9.0,52.0,408.0,759.0,1417.0,6.0,1.2021382906916527,1332.0,85.0,5.0
2007,KERALA,PATHANAMTHITTA,37.0,172.0,19.0,37.0,323.0,516.0,1104.0,6.0,1.302262158412083,921.0,183.0,4.0
2007,KERALA,THRISSUR,97.0,250.0,27.0,81.0,641.0,1007.0,2103.0,6.0,1.2911648442025971,2251.0,-148.0,5.0
2007,KERALA,TRIVANDRUM COMMR.,37.0,161.0,23.0,101.0,468.0,1166.0,1956.0,6.0,1.1364520249277372,1478.0,478.0,5.0
2007,KERALA,WAYANADU,27.0,93.0,9.0,16.0,210.0,335.0,690.0,6.0,1.2536740633749315,630.0,60.0,3.0
2007,MADHYA PRADESH,ANUPPUR,27.0,136.0,6.0,13.0,24.0,246.0,452.0,6.0,1.1760972062209474,439.0,13.0,2.0
2007,MADHYA PRADESH,ASHOK NAGAR,68.0,254.0,11.0,23.0,61.0,360.0,777.0,6.0,1.2993741987866128,607.0,170.0,3.0
2007,MADHYA PRADESH,BALAGHAT,70.0,142.0,7.0,19.0,28.0,255.0,521.0,6.0,1.3094702892184569,571.0,-50.0,3.0
2007,MADHYA PRADESH,BARWANI,78.0,187.0,10.0,25.0,67.0,392.0,759.0,6.0,1.303955146193657,686.0,73.0,3.0
2007,MADHYA PRADESH,BETUL,99.0,330.0,18.0,22.0,28.0,373.0,870.0,6.0,1.2619443110010884,890.0,-20.0,4.0
2007,MADHYA PRADESH,BHIND,179.0,82.0,15.0,89.0,54.0,380.0,799.0,6.0,1.42344524865477,908.0,-109.0,4.0
2007,MADHYA PRADESH,BHOPAL,151.0,294.0,48.0,199.0,98.0,3415.0,4205.0,6.0,0.7575125105980602,3293.0,912.0,5.0
2007,MADHYA PRADESH,BHOPAL RLY.,10.0,15.0,0.0,11.0,5.0,972.0,1013.0,5.0,0.22293756205226387,1097.0,-84.0,1.0
2007,MADHYA PRADESH,BURHANPUR,27.0,66.0,1.0,11.0,18.0,199.0,322.0,6.0,1.1246260544917748,305.0,17.0,1.0
2007,MADHYA PRADESH,CHHATARPUR,133.0,281.0,32.0,39.0,64.0,733.0,1282.0,6.0,1.2353865703645015,1038.0,244.0,4.0
2007,MADHYA PRADESH,CHHINDWARA,97.0,301.0,14.0,15.0,60.0,493.0,980.0,6.0,1.2327909321015986,976.0,4.0,4.0
2007,MADHYA PRADESH,DAMOH,90.0,178.0,14.0,14.0,24.0,302.0,622.0,6.0,1.2849397733075016,557.0,65.0,2.0
2007,MADHYA PRADESH,DATIYA,98.0,93.0,21.0,42.0,44.0,303.0,601.0,6.0,1.4243169896187275,632.0,-31.0,3.0
2007,MADHYA PRADESH,DEWAS,106.0,249.0,27.0,29.0,110.0,980.0,1501.0,6.0,1.1035844664663688,1594.0,-93.0,4.0
2007,MADHYA PRADESH,DHAR,141.0,239.0,22.0,21.0,105.0,761.0,1289.0,6.0,1.2064554701848735,1388.0,-99.0,4.0
2007,MADHYA PRADESH,DINDORI,21.0,50.0,0.0,2.0,8.0,55.0,136.0,5.0,1.2511749346629368,170.0,-34.0,1.0
2007,MADHYA PRADESH,GUNA,74.0,246.0,3.0,24.0,73.0,529.0,949.0,6.0,1.1831875939864318,891.0,58.0,3.0
2007,MADHYA PRADESH,GWALIOR,228.0,244.0,68.0,202.0,208.0,2801.0,3751.0,6.0,0.9564663471808982,3378.0,373.0,5.0
2007,MADHYA PRADESH,HARDA,40.0,79.0,12.0,20.0,22.0,236.0,409.0,6.0,1.2705798901799292,392.0,17.0,2.0
2007,MADHYA PRADESH,HOSHANGABAD,89.0,162.0,23.0,33.0,25.0,567.0,899.0,6.0,1.1431784954906288,1012.0,-113.0,3.0
2007,MADHYA PRADESH,INDORE,266.0,378.0,49.0,181.0,259.0,4456.0,5589.0,6.0,0.802685580871384,5329.0,260.0,5.0
2007,MADHYA PRADESH,INDORE RLY.,4.0,11.0,0.0,5.0,0.0,152.0,172.0,4.0,0.4754069525339986,156.0,16.0,1.0
2007,MADHYA PRADESH,JABALPUR,237.0,367.0,40.0,105.0,169.0,1740.0,2658.0,6.0,1.1322719661802372,2388.0,270.0,5.0
2007,MADHYA PRADESH,JABALPUR RLY.,6.0,6.0,0.0,7.0,3.0,231.0,253.0,5.0,0.4123744188830045,266.0,-13.0,1.0
2007,MADHYA PRADESH,JHABUA,163.0,101.0,14.0,16.0,55.0,224.0,573.0,6.0,1.446298076389723,598.0,-25.0,3.0
2007,MADHYA PRADESH,KATNI,61.0,173.0,15.0,15.0,25.0,332.0,621.0,6.0,1.2279478888614443,690.0,-69.0,2.0
2007,MADHYA PRADESH,KHANDWA,66.0,216.0,14.0,16.0,71.0,711.0,1094.0,6.0,1.064835525885024,1327.0,-233.0,3.0
2007,MADHYA PRADESH,KHARGON,94.0,217.0,12.0,14.0,91.0,812.0,1240.0,6.0,1.0649992320119492,1215.0,25.0,3.0
2007,MADHYA PRADESH,MANDLA,35.0,134.0,6.0,6.0,13.0,182.0,376.0,6.0,1.1883061974556792,370.0,6.0,2.0
2007,MADHYA PRADESH,MANDSAUR,67.0,172.0,21.0,40.0,89.0,476.0,865.0,6.0,1.3144044891420825,893.0,-28.0,3.0
2007,MADHYA PRADESH,MORENA,142.0,143.0,38.0,82.0,152.0,667.0,1224.0,6.0,1.3795001522502353,1109.0,115.0,4.0
2007,MADHYA PRADESH,NARSINGHPUR,65.0,183.0,5.0,11.0,36.0,225.0,525.0,6.0,1.2982088371505505,489.0,36.0,2.0
2007,MADHYA PRADESH,NEEMUCH,27.0,90.0,11.0,11.0,51.0,512.0,702.0,6.0,0.9395894196916609,550.0,152.0,2.0
2007,MADHYA PRADESH,PANNA,72.0,103.0,12.0,24.0,31.0,218.0,460.0,6.0,1.41022052185341,398.0,62.0,2.0
2007,MADHYA PRADESH,RAISEN,115.0,223.0,12.0,25.0,43.0,377.0,795.0,6.0,1.3199203336992822,807.0,-12.0,3.0
2007,MADHYA PRADESH,RAJGARH,83.0,327.0,22.0,72.0,178.0,596.0,1278.0,6.0,1.3886192793846646,1023.0,255.0,5.0
2007,MADHYA PRADESH,RATLAM,76.0,250.0,14.0,39.0,57.0,559.0,995.0,6.0,1.2182219854990326,1014.0,-19.0,4.0
2007,MADHYA PRADESH,REWA,70.0,185.0,25.0,58.0,87.0,927.0,1352.0,6.0,1.069626464872999,1348.0,4.0,4.0
2007,MADHYA PRADESH,SAGAR,181.0,460.0,32.0,50.0,136.0,1044.0,1903.0,6.0,1.2492591060263027,1671.0,232.0,5.0
2007,MADHYA PRADESH,SATNA,138.0,275.0,27.0,65.0,88.0,948.0,1541.0,6.0,1.190394793693135,1462.0,79.0,4.0
2007,MADHYA PRADESH,SEONI,71.0,147.0,7.0,5.0,44.0,282.0,556.0,6.0,1.257037071176991,539.0,17.0,3.0
2007,MADHYA PRADESH,SHAHDOL,48.0,178.0,8.0,30.0,25.0,387.0,676.0,6.0,1.1711800197070117,730.0,-54.0,2.0
2007,MADHYA PRADESH,SHAJAPUR,85.0,230.0,15.0,71.0,82.0,709.0,1192.0,6.0,1.2219959275519514,1319.0,-127.0,4.0
2007,MADHYA PRADESH,SHEOPUR,42.0,51.0,6.0,11.0,41.0,136.0,287.0,6.0,1.4259973542684288,276.0,11.0,2.0
2007,MADHYA PRADESH,SHIVPURI,139.0,243.0,29.0,57.0,104.0,577.0,1149.0,6.0,1.389290489285681,1161.0,-12.0,4.0
2007,MADHYA PRADESH,SIDHI,89.0,266.0,44.0,35.0,72.0,692.0,1198.0,6.0,1.237863183564202,1080.0,118.0,4.0
2007,MADHYA PRADESH,SIHORE,80.0,150.0,17.0,17.0,68.0,505.0,837.0,6.0,1.1995788980614082,923.0,-86.0,3.0
2007,MADHYA PRADESH,TIKAMGARH,92.0,211.0,18.0,39.0,101.0,405.0,866.0,6.0,1.408395710557511,723.0,143.0,4.0
2007,MADHYA PRADESH,UJJAIN,205.0,247.0,33.0,130.0,126.0,1465.0,2206.0,6.0,1.1310073117083026,2368.0,-162.0,5.0
2007,MADHYA PRADESH,UMARIYA,64.0,105.0,2.0,6.0,37.0,186.0,400.0,6.0,1.3100544237166347,391.0,9.0,2.0
2007,MADHYA PRADESH,VIDISHA,113.0,312.0,22.0,22.0,97.0,733.0,1299.0,6.0,1.209786929329135,1109.0,190.0,4.0
2007,MAHARASHTRA,AHMEDNAGAR,174.0,187.0,37.0,156.0,451.0,1981.0,2986.0,6.0,1.1054995852861962,2711.0,275.0,5.0
2007,MAHARASHTRA,AKOLA,82.0,108.0,17.0,69.0,145.0,1234.0,1655.0,6.0,0.9386876984259938,1863.0,-208.0,4.0
2007,MAHARASHTRA,AMRAVATI COMMR.,52.0,42.0,18.0,51.0,110.0,993.0,1266.0,6.0,0.8367653231786638,1240.0,26.0,3.0
2007,MAHARASHTRA,AURANGABAD COMMR.,64.0,75.0,29.0,78.0,167.0,1178.0,1591.0,6.0,0.953215839075423,1473.0,118.0,4.0
2007,MAHARASHTRA,BEED,119.0,114.0,48.0,122.0,566.0,1015.0,1984.0,6.0,1.2951493539288361,2073.0,-89.0,5.0
2007,MAHARASHTRA,BHANDARA,43.0,74.0,7.0,21.0,131.0,763.0,1039.0,6.0,0.9203474932003801,1001.0,38.0,3.0
2007,MAHARASHTRA,BULDHANA,100.0,163.0,22.0,45.0,267.0,906.0,1503.0,6.0,1.2001910774364977,1596.0,-93.0,4.0
2007,MAHARASHTRA,CHANDRAPUR,86.0,150.0,25.0,41.0,199.0,1299.0,1800.0,6.0,0.9767914751486425,1621.0,179.0,4.0
2007,MAHARASHTRA,DHULE,73.0,52.0,5.0,37.0,178.0,626.0,971.0,6.0,1.096956572142276,862.0,109.0,3.0
2007,MAHARASHTRA,GADCHIROLI,105.0,42.0,8.0,13.0,66.0,277.0,511.0,6.0,1.2852973849150215,535.0,-24.0,2.0
2007,MAHARASHTRA,GONDIA,49.0,103.0,13.0,31.0,88.0,539.0,823.0,6.0,1.1333249032589114,1000.0,-177.0,3.0
2007,MAHARASHTRA,HINGOLI,45.0,54.0,8.0,30.0,139.0,284.0,560.0,6.0,1.3358350610856462,680.0,-120.0,3.0
2007,MAHARASHTRA,JALGAON,133.0,127.0,27.0,69.0,280.0,1193.0,1829.0,6.0,1.127712538667921,1735.0,94.0,5.0
2007,MAHARASHTRA,JALNA,75.0,60.0,17.0,43.0,210.0,606.0,1011.0,6.0,1.1968056373379776,1126.0,-115.0,4.0
2007,MAHARASHTRA,KOLHAPUR,113.0,81.0,16.0,42.0,242.0,1343.0,1837.0,6.0,0.9328811019667174,1812.0,25.0,4.0
2007,MAHARASHTRA,LATUR,110.0,90.0,26.0,63.0,235.0,781.0,1305.0,6.0,1.2332108131155777,1208.0,97.0,4.0
2007,MAHARASHTRA,MUMBAI COMMR.,348.0,539.0,179.0,296.0,273.0,16761.0,18396.0,6.0,0.4373020716831153,18712.0,-316.0,5.0
2007,MAHARASHTRA,MUMBAI RLY.,10.0,6.0,1.0,42.0,6.0,1751.0,1816.0,6.0,0.19278577041613665,1787.0,29.0,1.0
2007,MAHARASHTRA,NAGPUR COMMR.,138.0,146.0,66.0,384.0,262.0,3877.0,4873.0,6.0,0.8035973933823648,5033.0,-160.0,5.0
2007,MAHARASHTRA,NAGPUR RLY.,5.0,8.0,2.0,27.0,5.0,883.0,930.0,6.0,0.262302915895352,950.0,-20.0,1.0
2007,MAHARASHTRA,NANDED,171.0,116.0,40.0,72.0,361.0,978.0,1738.0,6.0,1.2775044201428127,1791.0,-53.0,5.0
2007,MAHARASHTRA,NANDURBAR,52.0,38.0,3.0,21.0,97.0,321.0,532.0,6.0,1.18772747254917,473.0,59.0,2.0
2007,MAHARASHTRA,NASIK COMMR.,60.0,41.0,21.0,55.0,165.0,1626.0,1968.0,6.0,0.7010421183860873,1838.0,130.0,3.0
2007,MAHARASHTRA,NAVI MUMBAI,68.0,49.0,16.0,153.0,199.0,2391.0,2876.0,6.0,0.6812220194663533,2277.0,599.0,4.0
2007,MAHARASHTRA,OSMANABAD,70.0,113.0,23.0,70.0,224.0,802.0,1302.0,6.0,1.1990221503474325,1342.0,-40.0,4.0
2007,MAHARASHTRA,PARBHANI,89.0,76.0,14.0,79.0,144.0,542.0,944.0,6.0,1.3009261220282737,985.0,-41.0,4.0
2007,MAHARASHTRA,PUNE COMMR.,260.0,145.0,122.0,269.0,475.0,6613.0,7884.0,6.0,0.6824795418400423,6985.0,899.0,5.0
2007,MAHARASHTRA,PUNE RLY.,6.0,0.0,1.0,11.0,5.0,320.0,343.0,5.0,0.3245021292874326,253.0,90.0,1.0
2007,MAHARASHTRA,RAIGAD,66.0,68.0,13.0,47.0,178.0,715.0,1087.0,6.0,1.1040706260068593,1155.0,-68.0,4.0
2007,MAHARASHTRA,RATNAGIRI,28.0,50.0,9.0,18.0,132.0,489.0,726.0,6.0,1.0320407854458935,778.0,-52.0,2.0
2007,MAHARASHTRA,SANGLI,98.0,100.0,18.0,34.0,178.0,851.0,1279.0,6.0,1.098070725460361,1315.0,-36.0,4.0
2007,MAHARASHTRA,SATARA,106.0,102.0,38.0,92.0,203.0,1492.0,2033.0,6.0,0.9757372692437318,2113.0,-80.0,4.0
2007,MAHARASHTRA,SINDHUDURG,21.0,22.0,4.0,6.0,59.0,262.0,374.0,6.0,0.9838424054311963,365.0,9.0,2.0
2007,MAHARASHTRA,SOLAPUR COMMR.,46.0,27.0,16.0,38.0,76.0,539.0,742.0,6.0,0.9934635021596108,948.0,-206.0,2.0
2007,MAHARASHTRA,THANE COMMR.,198.0,226.0,110.0,178.0,347.0,4189.0,5248.0,6.0,0.8143801221271832,5008.0,240.0,5.0
2007,MAHARASHTRA,WARDHA,84.0,138.0,26.0,41.0,160.0,966.0,1415.0,6.0,1.0777677368160854,1421.0,-6.0,4.0
2007,MAHARASHTRA,WASHIM,44.0,76.0,19.0,28.0,120.0,560.0,847.0,6.0,1.118288944161585,730.0,117.0,3.0
2007,MAHARASHTRA,YAVATMAL,127.0,178.0,32.0,75.0,164.0,1340.0,1916.0,6.0,1.0563081944147006,2074.0,-158.0,4.0
2007,MANIPUR,BISHNUPUR,63.0,25.0,9.0,0.0,14.0,55.0,166.0,5.0,1.3853942197854765,99.0,67.0,2.0
2007,MANIPUR,CHANDEL,33.0,0.0,2.0,0.0,5.0,12.0,52.0,4.0,0.9774530791748841,48.0,4.0,1.0
2007,MANIPUR,CHURACHANDPUR,33.0,1.0,6.0,0.0,2.0,62.0,104.0,5.0,0.9578146243560097,135.0,-31.0,1.0
2007,MANIPUR,IMPHAL EAST,130.0,5.0,28.0,1.0,28.0,84.0,276.0,6.0,1.2739561853039398,244.0,32.0,3.0
2007,MANIPUR,IMPHAL WEST,191.0,35.0,64.0,4.0,34.0,309.0,637.0,6.0,1.2906255204279136,494.0,143.0,4.0
2007,MANIPUR,SENAPATI,32.0,1.0,8.0,5.0,20.0,14.0,80.0,6.0,1.4764301487877083,52.0,28.0,1.0
2007,MANIPUR,TAMENGLONG,7.0,0.0,2.0,0.0,3.0,5.0,17.0,4.0,1.2831726480161034,27.0,-10.0,1.0
2007,MANIPUR,THOUBAL,114.0,23.0,27.0,2.0,24.0,79.0,269.0,6.0,1.416731632018846,215.0,54.0,2.0
2007,MANIPUR,UKHRUL,16.0,0.0,4.0,2.0,3.0,16.0,41.0,5.0,1.300153828087801,18.0,23.0,1.0
2007,MEGHALAYA,GARO HILLS EAST,20.0,7.0,6.0,8.0,28.0,53.0,122.0,6.0,1.4872234761558616,100.0,22.0,1.0
2007,MEGHALAYA,GARO HILLS SOUTH,7.0,1.0,2.0,6.0,2.0,18.0,36.0,6.0,1.3843187100359358,41.0,-5.0,1.0
2007,MEGHALAYA,GARO HILLS WEST,22.0,16.0,16.0,16.0,3.0,99.0,172.0,6.0,1.3143555543092602,140.0,32.0,1.0
2007,MEGHALAYA,JAINTIA HILLS,45.0,32.0,3.0,17.0,5.0,85.0,187.0,6.0,1.3843900553141426,158.0,29.0,2.0
2007,MEGHALAYA,KHASI HILLS EAST,43.0,43.0,22.0,39.0,24.0,523.0,694.0,6.0,0.9453834219522067,648.0,46.0,2.0
2007,MEGHALAYA,KHASI HILLS WEST,21.0,10.0,2.0,16.0,2.0,40.0,91.0,6.0,1.4158044673435966,75.0,16.0,1.0
2007,MEGHALAYA,RI-BHOI,13.0,18.0,1.0,9.0,5.0,66.0,112.0,6.0,1.2389412193212417,99.0,13.0,1.0
2007,MIZORAM,AIZAWL,32.0,73.0,3.0,3.0,23.0,730.0,864.0,6.0,0.6090986499200488,764.0,100.0,2.0
2007,MIZORAM,CHAMPHAI,7.0,15.0,0.0,0.0,3.0,106.0,131.0,4.0,0.6625064460881455,151.0,-20.0,1.0
2007,MIZORAM,KOLASIB,10.0,18.0,1.0,1.0,7.0,135.0,172.0,6.0,0.7818781471352751,145.0,27.0,1.0
2007,MIZORAM,LAWNGTLAI,7.0,8.0,0.0,0.0,0.0,51.0,66.0,3.0,0.6929879140602665,43.0,23.0,1.0
2007,MIZORAM,LUNGLEI,3.0,16.0,0.0,1.0,1.0,177.0,198.0,5.0,0.4204096615662091,198.0,0.0,1.0
2007,MIZORAM,MAMIT,4.0,4.0,0.0,0.0,3.0,54.0,65.0,4.0,0.6391360349812636,51.0,14.0,1.0
2007,MIZORAM,SAIHA,2.0,6.0,0.0,0.0,0.0,50.0,58.0,3.0,0.47875333041028967,92.0,-34.0,1.0
2007,MIZORAM,SERCHHIP,3.0,9.0,0.0,0.0,2.0,48.0,62.0,4.0,0.7356053375172051,66.0,-4.0,1.0
2007,NAGALAND,DIMAPUR,38.0,10.0,7.0,51.0,3.0,292.0,401.0,6.0,0.9158902292012986,329.0,72.0,2.0
2007,NAGALAND,KIPHIRE,4.0,0.0,0.0,0.0,0.0,4.0,8.0,2.0,0.6931471805599453,2.0,6.0,1.0
2007,NAGALAND,KOHIMA,40.0,5.0,4.0,22.0,0.0,92.0,163.0,5.0,1.135743892625154,189.0,-26.0,1.0
2007,NAGALAND,LONGLENG,4.0,0.0,1.0,0.0,0.0,1.0,6.0,3.0,0.8675632284814612,,,1.0
2007,NAGALAND,MOKOKCHUNG,20.0,1.0,3.0,3.0,3.0,24.0,54.0,6.0,1.283883157722728,32.0,22.0,1.0
2007,NAGALAND,MON,12.0,1.0,0.0,2.0,0.0,22.0,37.0,4.0,0.9296176928480394,61.0,-24.0,1.0
2007,NAGALAND,PEREN,3.0,0.0,1.0,1.0,1.0,13.0,19.0,5.0,1.0160085311135825,34.0,-15.0,1.0
2007,NAGALAND,PHEK,12.0,1.0,0.0,2.0,2.0,14.0,31.0,5.0,1.1908171678945203,38.0,-7.0,1.0
2007,NAGALAND,TUENSANG,11.0,0.0,1.0,0.0,7.0,17.0,36.0,4.0,1.1345509969804173,27.0,9.0,1.0
2007,NAGALAND,WOKHA,15.0,3.0,0.0,1.0,3.0,25.0,47.0,5.0,1.1334598917048069,44.0,3.0,1.0
2007,NAGALAND,ZUNHEBOTO,10.0,0.0,0.0,0.0,1.0,21.0,32.0,3.0,0.7482102114830909,53.0,-21.0,1.0
2007,ODISHA,ANGUL,126.0,237.0,37.0,72.0,172.0,512.0,1156.0,6.0,1.4937098424035629,928.0,228.0,4.0
2007,ODISHA,BALASORE,70.0,168.0,51.0,57.0,70.0,519.0,935.0,6.0,1.3524925963204901,971.0,-36.0,4.0
2007,ODISHA,BARAGARH,90.0,81.0,14.0,36.0,123.0,254.0,598.0,6.0,1.501837717511266,520.0,78.0,3.0
2007,ODISHA,BERHAMPUR,52.0,102.0,8.0,30.0,47.0,288.0,527.0,6.0,1.318864856579202,602.0,-75.0,2.0
2007,ODISHA,BHADRAK,50.0,118.0,21.0,30.0,52.0,187.0,458.0,6.0,1.5238237401874288,471.0,-13.0,3.0
2007,ODISHA,BOLANGIR,99.0,197.0,26.0,44.0,116.0,272.0,754.0,6.0,1.5549447847101847,657.0,97.0,4.0
2007,ODISHA,BOUDH,14.0,68.0,5.0,6.0,48.0,49.0,190.0,6.0,1.4618245138703432,166.0,24.0,1.0
2007,ODISHA,CUTTACK,82.0,88.0,68.0,149.0,127.0,1101.0,1615.0,6.0,1.124267680858298,1459.0,156.0,5.0
2007,ODISHA,DEOGARH,49.0,92.0,8.0,19.0,21.0,98.0,287.0,6.0,1.5042717602354352,271.0,16.0,2.0
2007,ODISHA,DHENKANAL,112.0,232.0,26.0,63.0,139.0,311.0,883.0,6.0,1.5638343580719467,660.0,223.0,4.0
2007,ODISHA,GAJAPATI,18.0,38.0,10.0,1.0,28.0,70.0,165.0,6.0,1.4454775352943083,181.0,-16.0,1.0
2007,ODISHA,GANJAM,196.0,266.0,27.0,47.0,201.0,346.0,1083.0,6.0,1.5595150607614248,818.0,265.0,5.0
2007,ODISHA,JAGATSINGHPUR,27.0,26.0,13.0,53.0,49.0,232.0,400.0,6.0,1.311939088933126,386.0,14.0,2.0
2007,ODISHA,JAJPUR,52.0,126.0,32.0,59.0,123.0,365.0,757.0,6.0,1.4620242025912586,730.0,27.0,4.0
2007,ODISHA,JHARSUGUDA,48.0,78.0,16.0,46.0,62.0,379.0,629.0,6.0,1.2734978474814627,481.0,148.0,2.0
2007,ODISHA,KALAHANDI,45.0,98.0,23.0,30.0,73.0,250.0,519.0,6.0,1.4573996788595116,491.0,28.0,3.0
2007,ODISHA,KANDHAMAL,44.0,146.0,14.0,24.0,105.0,94.0,427.0,6.0,1.5531152743417271,337.0,90.0,3.0
2007,ODISHA,KENDRAPARA,53.0,41.0,31.0,51.0,47.0,206.0,429.0,6.0,1.5202959286899151,360.0,69.0,3.0
2007,ODISHA,KEONJHAR,166.0,252.0,35.0,60.0,112.0,375.0,1000.0,6.0,1.544582186852662,856.0,144.0,4.0
2007,ODISHA,KHURDA,119.0,105.0,79.0,198.0,116.0,2156.0,2773.0,6.0,0.8773645766320619,2722.0,51.0,5.0
2007,ODISHA,KORAPUT,77.0,167.0,32.0,23.0,47.0,266.0,612.0,6.0,1.4520838259296494,671.0,-59.0,3.0
2007,ODISHA,MALKANGIR,49.0,32.0,9.0,8.0,32.0,46.0,176.0,6.0,1.6191524600690257,226.0,-50.0,2.0
2007,ODISHA,MAYURBHANJ,152.0,250.0,32.0,53.0,42.0,447.0,976.0,6.0,1.4017516184804941,913.0,63.0,4.0
2007,ODISHA,NAYAGARH,57.0,34.0,35.0,16.0,43.0,217.0,402.0,6.0,1.3986458386076088,392.0,10.0,2.0
2007,ODISHA,NOWRANGPUR,51.0,90.0,22.0,9.0,46.0,86.0,304.0,6.0,1.5970431471796642,259.0,45.0,2.0
2007,ODISHA,NUAPADA,30.0,48.0,14.0,5.0,27.0,115.0,239.0,6.0,1.4283365548849911,234.0,5.0,2.0
2007,ODISHA,PURI,53.0,62.0,17.0,99.0,90.0,562.0,883.0,6.0,1.1970554324575087,790.0,93.0,4.0
2007,ODISHA,RAYAGADA,60.0,94.0,14.0,8.0,40.0,138.0,354.0,6.0,1.4799497240631236,343.0,11.0,2.0
2007,ODISHA,ROURKELA,39.0,75.0,9.0,34.0,24.0,336.0,517.0,6.0,1.1471058659528348,573.0,-56.0,2.0
2007,ODISHA,SAMBALPUR,76.0,97.0,15.0,99.0,96.0,466.0,849.0,6.0,1.3615053007519715,907.0,-58.0,3.0
2007,ODISHA,SONEPUR,28.0,80.0,12.0,8.0,30.0,78.0,236.0,6.0,1.5139272324774584,231.0,5.0,2.0
2007,ODISHA,SRP(CUTTACK),2.0,1.0,2.0,13.0,0.0,217.0,235.0,5.0,0.33807633930365055,356.0,-121.0,1.0
2007,ODISHA,SRP(ROURKELA),6.0,5.0,2.0,12.0,3.0,116.0,144.0,6.0,0.7704020525589357,138.0,6.0,1.0
2007,ODISHA,SUNDARGARH,145.0,120.0,42.0,58.0,43.0,331.0,739.0,6.0,1.502664622451512,644.0,95.0,4.0
2007,PUNJAB,AMRITSAR,100.0,41.0,48.0,23.0,2.0,877.0,1091.0,6.0,0.7482043254342079,836.0,255.0,3.0
2007,PUNJAB,BARNALA,36.0,15.0,6.0,1.0,2.0,170.0,230.0,6.0,0.8517748729406485,184.0,46.0,1.0
2007,PUNJAB,BATALA,63.0,33.0,19.0,2.0,0.0,385.0,502.0,5.0,0.7888559843189411,493.0,9.0,2.0
2007,PUNJAB,BHATINDA,106.0,52.0,34.0,8.0,11.0,663.0,874.0,6.0,0.8576802909798943,670.0,204.0,3.0
2007,PUNJAB,FARIDKOT,53.0,32.0,17.0,2.0,4.0,368.0,476.0,6.0,0.8070152487512194,380.0,96.0,2.0
2007,PUNJAB,FATEHGARH SAHIB,30.0,32.0,47.0,4.0,0.0,532.0,645.0,5.0,0.6729465626964499,224.0,421.0,2.0
2007,PUNJAB,FEROZPUR,103.0,54.0,33.0,0.0,6.0,502.0,698.0,5.0,0.9025818667578831,712.0,-14.0,3.0
2007,PUNJAB,G.R.P,16.0,4.0,1.0,0.0,0.0,43.0,64.0,4.0,0.8520361774981211,88.0,-24.0,1.0
2007,PUNJAB,GURDASPUR,47.0,45.0,26.0,3.0,1.0,284.0,406.0,6.0,0.9704620763200024,312.0,94.0,2.0
2007,PUNJAB,HOSHIARPUR,87.0,45.0,25.0,3.0,8.0,494.0,662.0,6.0,0.8694504068817288,554.0,108.0,2.0
2007,PUNJAB,JAGRAON,39.0,23.0,10.0,0.0,0.0,210.0,282.0,4.0,0.8159719519805408,340.0,-58.0,1.0
2007,PUNJAB,JALANDHAR,213.0,102.0,113.0,16.0,14.0,1511.0,1969.0,6.0,0.8353970035095383,1869.0,100.0,5.0
2007,PUNJAB,KAPURTHALA,66.0,47.0,22.0,15.0,7.0,508.0,665.0,6.0,0.8685031554561715,535.0,130.0,2.0
2007,PUNJAB,KHANNA,49.0,17.0,18.0,10.0,0.0,294.0,388.0,5.0,0.8453125158448709,314.0,74.0,2.0
2007,PUNJAB,LUDHIANA,147.0,83.0,120.0,22.0,6.0,1278.0,1656.0,6.0,0.8329273336911058,1429.0,227.0,4.0
2007,PUNJAB,MANSA,65.0,25.0,8.0,2.0,4.0,171.0,275.0,6.0,1.054594586881428,263.0,12.0,2.0
2007,PUNJAB,MOGA,79.0,27.0,22.0,4.0,6.0,376.0,514.0,6.0,0.8959233396276501,633.0,-119.0,2.0
2007,PUNJAB,MUKTSAR,63.0,22.0,22.0,2.0,1.0,210.0,320.0,6.0,1.0142515222868322,318.0,2.0,2.0
2007,PUNJAB,NAWAN SHAHR,43.0,28.0,10.0,16.0,0.0,240.0,337.0,5.0,0.9602195969767422,294.0,43.0,2.0
2007,PUNJAB,PATIALA,114.0,44.0,25.0,4.0,6.0,653.0,846.0,6.0,0.7881925720075964,835.0,11.0,3.0
2007,PUNJAB,ROPAR,24.0,18.0,9.0,5.0,4.0,272.0,332.0,6.0,0.7254797466102567,183.0,149.0,1.0
2007,PUNJAB,SANGRUR,103.0,62.0,26.0,11.0,8.0,466.0,676.0,6.0,1.007061695146842,453.0,223.0,3.0
2007,PUNJAB,SAS NGR,45.0,16.0,33.0,4.0,0.0,636.0,734.0,5.0,0.5466051527934093,726.0,8.0,2.0
2007,PUNJAB,TARN TARAN,75.0,60.0,35.0,15.0,0.0,372.0,557.0,5.0,1.0508260456600982,370.0,187.0,2.0
2007,RAJASTHAN,AJMER,125.0,136.0,89.0,26.0,68.0,1776.0,2220.0,6.0,0.7993934835608558,2139.0,81.0,4.0
2007,RAJASTHAN,ALWAR,155.0,214.0,109.0,38.0,67.0,2221.0,2804.0,6.0,0.8147874332691538,2504.0,300.0,5.0
2007,RAJASTHAN,BANSWARA,53.0,94.0,46.0,9.0,118.0,241.0,561.0,6.0,1.4845077984917454,538.0,23.0,3.0
2007,RAJASTHAN,BARAN,135.0,155.0,28.0,14.0,25.0,509.0,866.0,6.0,1.1900056323994888,827.0,39.0,3.0
2007,RAJASTHAN,BARMER,54.0,97.0,29.0,1.0,26.0,496.0,703.0,6.0,0.9792888233284043,657.0,46.0,2.0
2007,RAJASTHAN,BHARATPUR,122.0,103.0,112.0,54.0,72.0,1409.0,1872.0,6.0,0.9474709571555784,1611.0,261.0,5.0
2007,RAJASTHAN,BHILWARA,84.0,128.0,66.0,48.0,38.0,1211.0,1575.0,6.0,0.8915693246601972,1745.0,-170.0,4.0
2007,RAJASTHAN,BIKANER,124.0,108.0,36.0,8.0,7.0,900.0,1183.0,6.0,0.8333710289677647,1180.0,3.0,3.0
2007,RAJASTHAN,BUNDI,83.0,115.0,57.0,15.0,32.0,517.0,819.0,6.0,1.1834841381846408,820.0,-1.0,3.0
2007,RAJASTHAN,CHITTORGARH,99.0,247.0,147.0,42.0,178.0,1187.0,1900.0,6.0,1.2171560878448067,1817.0,83.0,5.0
2007,RAJASTHAN,CHURU,51.0,65.0,27.0,6.0,16.0,505.0,670.0,6.0,0.8962928491767499,536.0,134.0,2.0
2007,RAJASTHAN,DAUSA,53.0,55.0,67.0,9.0,55.0,1110.0,1349.0,6.0,0.7310851088622137,1056.0,293.0,3.0
2007,RAJASTHAN,DHOLPUR,112.0,42.0,57.0,17.0,43.0,577.0,848.0,6.0,1.0892495751569105,732.0,116.0,3.0
2007,RAJASTHAN,DUNGARPUR,40.0,68.0,42.0,11.0,86.0,198.0,445.0,6.0,1.4958463863448113,379.0,66.0,3.0
2007,RAJASTHAN,G.R.P.,9.0,12.0,6.0,3.0,15.0,495.0,540.0,6.0,0.41098184296037665,613.0,-73.0,1.0
2007,RAJASTHAN,GANGANAGAR,135.0,130.0,56.0,19.0,6.0,1301.0,1647.0,6.0,0.7786402527678759,1494.0,153.0,4.0
2007,RAJASTHAN,HANUMANGARH,170.0,92.0,24.0,6.0,7.0,676.0,975.0,6.0,0.9391738580960973,996.0,-21.0,3.0
2007,RAJASTHAN,JAIPUR EAST,45.0,63.0,65.0,106.0,126.0,3167.0,3572.0,6.0,0.5282832757071442,2756.0,816.0,4.0
2007,RAJASTHAN,JAIPUR NORTH,44.0,60.0,76.0,26.0,56.0,1474.0,1736.0,6.0,0.6590252699958374,1653.0,83.0,3.0
2007,RAJASTHAN,JAIPUR SOUTH,41.0,40.0,65.0,28.0,119.0,2479.0,2772.0,6.0,0.4929582938151815,2331.0,441.0,3.0
2007,RAJASTHAN,JAISALMER,8.0,13.0,13.0,3.0,29.0,250.0,316.0,6.0,0.8043597419773794,285.0,31.0,1.0
2007,RAJASTHAN,JALORE,43.0,69.0,30.0,5.0,47.0,358.0,552.0,6.0,1.150222301320768,512.0,40.0,2.0
2007,RAJASTHAN,JHALAWAR,150.0,167.0,49.0,21.0,93.0,586.0,1066.0,6.0,1.3269860755109388,1025.0,41.0,4.0
2007,RAJASTHAN,JHUNJHUNU,61.0,70.0,34.0,2.0,66.0,761.0,994.0,6.0,0.870636881543311,862.0,132.0,3.0
2007,RAJASTHAN,KARAULI,90.0,63.0,69.0,26.0,49.0,604.0,901.0,6.0,1.141660388509327,761.0,140.0,4.0
2007,RAJASTHAN,NAGAUR,89.0,157.0,49.0,21.0,17.0,932.0,1265.0,6.0,0.9226596507415541,1273.0,-8.0,3.0
2007,RAJASTHAN,PALI,71.0,147.0,71.0,13.0,38.0,889.0,1229.0,6.0,0.9733025775198144,1231.0,-2.0,3.0
2007,RAJASTHAN,RAJSAMAND,29.0,33.0,43.0,10.0,48.0,417.0,580.0,6.0,1.0192205388569404,627.0,-47.0,2.0
2007,RAJASTHAN,SAWAI MADHOPUR,43.0,54.0,48.0,12.0,32.0,759.0,948.0,6.0,0.8022804835385628,959.0,-11.0,2.0
2007,RAJASTHAN,SIKAR,73.0,66.0,59.0,9.0,46.0,886.0,1139.0,6.0,0.8577310687688325,1124.0,15.0,3.0
2007,RAJASTHAN,SIROHI,44.0,74.0,37.0,9.0,33.0,376.0,573.0,6.0,1.144438225970641,546.0,27.0,2.0
2007,RAJASTHAN,TONK,60.0,39.0,60.0,9.0,60.0,582.0,810.0,6.0,1.011945670907525,873.0,-63.0,3.0
2007,RAJASTHAN,UDAIPUR,176.0,283.0,135.0,79.0,317.0,1418.0,2408.0,6.0,1.2952449826872288,2013.0,395.0,5.0
2007,SIKKIM,EAST,14.0,11.0,5.0,4.0,10.0,148.0,192.0,6.0,0.8849470122930145,186.0,6.0,1.0
2007,SIKKIM,NORTH,1.0,0.0,0.0,1.0,0.0,8.0,10.0,3.0,0.639031859650177,14.0,-4.0,1.0
2007,SIKKIM,SOUTH,3.0,15.0,1.0,0.0,5.0,54.0,78.0,5.0,0.9289021861872995,93.0,-15.0,1.0
2007,SIKKIM,WEST,8.0,11.0,3.0,1.0,1.0,32.0,56.0,6.0,1.2179987248455717,54.0,2.0,1.0
2007,TAMIL NADU,CHENNAI,396.0,154.0,83.0,82.0,126.0,3218.0,4059.0,6.0,0.8014134439414997,4170.0,-111.0,5.0
2007,TAMIL NADU,CHENNAI RLY.,9.0,2.0,3.0,4.0,17.0,118.0,153.0,6.0,0.840191239016397,87.0,66.0,1.0
2007,TAMIL NADU,CUDDALORE,175.0,56.0,57.0,32.0,193.0,639.0,1152.0,6.0,1.3077679800754272,826.0,326.0,4.0
2007,TAMIL NADU,DHARMAPURI,88.0,83.0,44.0,7.0,149.0,207.0,578.0,6.0,1.531968479660621,510.0,68.0,3.0
2007,TAMIL NADU,DINDIGUL,119.0,40.0,50.0,11.0,72.0,445.0,737.0,6.0,1.229708803654531,739.0,-2.0,3.0
2007,TAMIL NADU,ERODE,85.0,84.0,66.0,15.0,94.0,844.0,1188.0,6.0,1.0353948931320511,862.0,326.0,3.0
2007,TAMIL NADU,KANCHIPURAM,154.0,52.0,18.0,20.0,103.0,557.0,904.0,6.0,1.1739282147303471,741.0,163.0,3.0
2007,TAMIL NADU,KANYAKUMARI,79.0,22.0,22.0,9.0,18.0,510.0,660.0,6.0,0.8368709997974606,653.0,7.0,2.0
2007,TAMIL NADU,KARUR,35.0,19.0,14.0,16.0,31.0,226.0,341.0,6.0,1.1597878787459273,412.0,-71.0,2.0
2007,TAMIL NADU,KRISHNAGIRI,116.0,54.0,38.0,29.0,180.0,390.0,807.0,6.0,1.409270489533273,834.0,-27.0,4.0
2007,TAMIL NADU,NAGAPATTINAM,104.0,67.0,28.0,4.0,68.0,318.0,589.0,6.0,1.3141870895677934,601.0,-12.0,3.0
2007,TAMIL NADU,NAMAKKAL,45.0,45.0,31.0,11.0,66.0,311.0,509.0,6.0,1.2481201499873866,406.0,103.0,2.0
2007,TAMIL NADU,NILGIRIS,21.0,19.0,5.0,4.0,15.0,186.0,250.0,6.0,0.9371356653414749,287.0,-37.0,1.0
2007,TAMIL NADU,PERAMBALUR,68.0,91.0,22.0,6.0,64.0,248.0,499.0,6.0,1.38361395904171,450.0,49.0,2.0
2007,TAMIL NADU,PUDUKOTTAI,66.0,69.0,25.0,9.0,54.0,356.0,579.0,6.0,1.2217550556274346,645.0,-66.0,2.0
2007,TAMIL NADU,RAMNATHAPURAM,92.0,37.0,25.0,6.0,62.0,308.0,530.0,6.0,1.2510203474479071,516.0,14.0,2.0
2007,TAMIL NADU,SIVAGANGAI,93.0,7.0,40.0,9.0,57.0,377.0,583.0,6.0,1.103360975026834,413.0,170.0,3.0
2007,TAMIL NADU,THANJAVUR,134.0,101.0,50.0,22.0,106.0,762.0,1175.0,6.0,1.1652297167495076,1088.0,87.0,4.0
2007,TAMIL NADU,THENI,92.0,46.0,22.0,9.0,103.0,425.0,697.0,6.0,1.1961182786551456,551.0,146.0,3.0
2007,TAMIL NADU,THIRUVALLUR,58.0,95.0,14.0,4.0,55.0,223.0,449.0,6.0,1.3479613964366213,445.0,4.0,2.0
2007,TAMIL NADU,THIRUVANNAMALAI,72.0,39.0,25.0,3.0,96.0,317.0,552.0,6.0,1.2441352094004072,436.0,116.0,3.0
2007,TAMIL NADU,THIRUVARUR,84.0,32.0,30.0,18.0,91.0,333.0,588.0,6.0,1.3057160000398744,502.0,86.0,3.0
2007,TAMIL NADU,THOOTHUGUDI,162.0,24.0,33.0,11.0,20.0,699.0,949.0,6.0,0.8697965646186886,820.0,129.0,3.0
2007,TAMIL NADU,TRICHY RLY.,0.0,1.0,0.0,0.0,2.0,32.0,35.0,3.0,0.34706682575480974,33.0,2.0,1.0
2007,TAMIL NADU,VELLORE,104.0,51.0,55.0,11.0,17.0,638.0,876.0,6.0,0.9546989840971871,987.0,-111.0,3.0
2007,TAMIL NADU,VILLUPURAM,151.0,130.0,64.0,28.0,317.0,510.0,1200.0,6.0,1.4609265774646987,870.0,330.0,5.0
2007,TAMIL NADU,VIRUDHUNAGAR,104.0,47.0,44.0,19.0,99.0,591.0,904.0,6.0,1.1508643086908825,726.0,178.0,3.0
2007,TRIPURA,DHALAI,22.0,32.0,27.0,9.0,20.0,60.0,170.0,6.0,1.6461253861913034,161.0,9.0,2.0
2007,TRIPURA,NORTH,27.0,53.0,21.0,7.0,28.0,130.0,266.0,6.0,1.4366894896836169,399.0,-133.0,2.0
2007,TRIPURA,SOUTH,69.0,147.0,21.0,27.0,38.0,220.0,522.0,6.0,1.4616985458996576,444.0,78.0,3.0
2007,TRIPURA,WEST,80.0,169.0,44.0,35.0,79.0,321.0,728.0,6.0,1.4992632452982344,663.0,65.0,4.0
2007,UTTAR PRADESH,AGRA,319.0,112.0,209.0,68.0,222.0,2171.0,3101.0,6.0,1.0578268334611538,3179.0,-78.0,5.0
2007,UTTAR PRADESH,ALIGARH,353.0,124.0,147.0,70.0,184.0,1064.0,1942.0,6.0,1.353671461617618,2074.0,-132.0,5.0
2007,UTTAR PRADESH,ALLAHABAD,271.0,66.0,100.0,50.0,112.0,1107.0,1706.0,6.0,1.1472425167996483,1467.0,239.0,5.0
2007,UTTAR PRADESH,AMBEDKAR NAGAR,58.0,25.0,33.0,20.0,26.0,236.0,398.0,6.0,1.2993871781299815,437.0,-39.0,2.0
2007,UTTAR PRADESH,AURAIYA,78.0,26.0,34.0,27.0,55.0,150.0,370.0,6.0,1.5745401110662773,392.0,-22.0,3.0
2007,UTTAR PRADESH,AZAMGARH,108.0,26.0,34.0,26.0,29.0,238.0,461.0,6.0,1.3719241823743038,604.0,-143.0,3.0
2007,UTTAR PRADESH,BADAUN,256.0,40.0,53.0,21.0,29.0,240.0,639.0,6.0,1.3668121738869787,803.0,-164.0,4.0
2007,UTTAR PRADESH,BAGHPAT,146.0,27.0,35.0,29.0,42.0,241.0,520.0,6.0,1.4124805263592797,560.0,-40.0,3.0
2007,UTTAR PRADESH,BAHRAICH,102.0,54.0,53.0,33.0,37.0,292.0,571.0,6.0,1.4363933086992722,508.0,63.0,4.0
2007,UTTAR PRADESH,BALLIA,77.0,20.0,26.0,7.0,39.0,218.0,387.0,6.0,1.2829250241077228,397.0,-10.0,2.0
2007,UTTAR PRADESH,BALRAMPUR,41.0,22.0,17.0,6.0,14.0,117.0,217.0,6.0,1.355493089213111,169.0,48.0,2.0
2007,UTTAR PRADESH,BANDA,83.0,64.0,18.0,10.0,39.0,193.0,407.0,6.0,1.422663453226607,360.0,47.0,2.0
2007,UTTAR PRADESH,BARABANKI,119.0,53.0,70.0,37.0,39.0,352.0,670.0,6.0,1.4072525260873814,633.0,37.0,4.0
2007,UTTAR PRADESH,BAREILLY,346.0,159.0,126.0,67.0,97.0,950.0,1745.0,6.0,1.345715931841252,1590.0,155.0,5.0
2007,UTTAR PRADESH,BASTI,63.0,18.0,22.0,11.0,34.0,259.0,407.0,6.0,1.1770227992101814,322.0,85.0,2.0
2007,UTTAR PRADESH,BIJNOR,175.0,60.0,68.0,42.0,70.0,409.0,824.0,6.0,1.4345454900371672,659.0,165.0,4.0
2007,UTTAR PRADESH,BULANDSHAHAR,330.0,119.0,120.0,34.0,107.0,741.0,1451.0,6.0,1.3714398950241844,1078.0,373.0,5.0
2007,UTTAR PRADESH,CHANDOLI,43.0,14.0,12.0,7.0,8.0,213.0,297.0,6.0,0.9775387985339246,234.0,63.0,2.0
2007,UTTAR PRADESH,CHITRAKOOT DHAM,47.0,37.0,8.0,4.0,5.0,97.0,198.0,6.0,1.3057631705777375,177.0,21.0,2.0
2007,UTTAR PRADESH,DEORIA,74.0,10.0,21.0,6.0,40.0,177.0,328.0,6.0,1.2809834966014169,386.0,-58.0,2.0
2007,UTTAR PRADESH,ETAH,363.0,87.0,107.0,28.0,133.0,534.0,1252.0,6.0,1.4410882395261329,896.0,356.0,5.0
2007,UTTAR PRADESH,ETAWAH,142.0,45.0,84.0,34.0,21.0,389.0,715.0,6.0,1.326297285325338,488.0,227.0,4.0
2007,UTTAR PRADESH,FAIZABAD,99.0,46.0,46.0,16.0,33.0,393.0,633.0,6.0,1.2141272622876655,623.0,10.0,3.0
2007,UTTAR PRADESH,FATEHGARH,165.0,53.0,71.0,30.0,33.0,211.0,563.0,6.0,1.5336002622009688,466.0,97.0,4.0
2007,UTTAR PRADESH,FATEHPUR,118.0,51.0,45.0,24.0,14.0,228.0,480.0,6.0,1.4115473477766651,403.0,77.0,3.0
2007,UTTAR PRADESH,FIROZABAD,281.0,86.0,109.0,104.0,159.0,548.0,1287.0,6.0,1.5473110664657512,1185.0,102.0,5.0
2007,UTTAR PRADESH,G.R.P.,44.0,14.0,8.0,38.0,23.0,1338.0,1465.0,6.0,0.4209406785042698,936.0,529.0,2.0
2007,UTTAR PRADESH,GAUTAMBUDH NAGAR,162.0,58.0,83.0,50.0,83.0,1792.0,2228.0,6.0,0.7910615940007301,1660.0,568.0,4.0
2007,UTTAR PRADESH,GHAZIABAD,331.0,63.0,158.0,49.0,76.0,1662.0,2339.0,6.0,0.9912261172296254,2175.0,164.0,5.0
2007,UTTAR PRADESH,GHAZIPUR,97.0,21.0,14.0,30.0,126.0,229.0,517.0,6.0,1.4117594716819195,390.0,127.0,3.0
2007,UTTAR PRADESH,GONDA,114.0,31.0,47.0,30.0,40.0,334.0,596.0,6.0,1.3267350378622877,660.0,-64.0,3.0
2007,UTTAR PRADESH,GORAKHPUR,170.0,41.0,58.0,15.0,79.0,584.0,947.0,6.0,1.1862693244656708,937.0,10.0,4.0
2007,UTTAR PRADESH,HAMIRPUR,50.0,24.0,12.0,1.0,3.0,57.0,147.0,6.0,1.3479626471203165,184.0,-37.0,1.0
2007,UTTAR PRADESH,HARDOI,162.0,78.0,47.0,18.0,25.0,317.0,647.0,6.0,1.367182026104083,607.0,40.0,4.0
2007,UTTAR PRADESH,HATHRAS,128.0,64.0,71.0,89.0,88.0,390.0,830.0,6.0,1.5284495957001065,738.0,92.0,4.0
2007,UTTAR PRADESH,J.P.NAGAR,129.0,62.0,34.0,16.0,95.0,316.0,652.0,6.0,1.4210128845896086,494.0,158.0,4.0
2007,UTTAR PRADESH,JALAUN,74.0,50.0,27.0,18.0,19.0,172.0,360.0,6.0,1.4515772403144889,347.0,13.0,2.0
2007,UTTAR PRADESH,JAUNPUR,132.0,52.0,47.0,47.0,87.0,423.0,788.0,6.0,1.3922381409138371,601.0,187.0,4.0
2007,UTTAR PRADESH,JHANSI,118.0,48.0,25.0,23.0,21.0,318.0,553.0,6.0,1.256381495708789,357.0,196.0,3.0
2007,UTTAR PRADESH,KANNAUJ,114.0,38.0,32.0,17.0,21.0,158.0,380.0,6.0,1.4637289913110245,377.0,3.0,2.0
2007,UTTAR PRADESH,KANPUR DEHAT,102.0,64.0,62.0,19.0,105.0,280.0,632.0,6.0,1.518273346012518,444.0,188.0,4.0
2007,UTTAR PRADESH,KANPUR NAGAR,326.0,148.0,291.0,156.0,291.0,2302.0,3514.0,6.0,1.1819325897504176,2078.0,1436.0,5.0
2007,UTTAR PRADESH,KAUSHAMBI,97.0,57.0,48.0,29.0,37.0,179.0,447.0,6.0,1.5839542617546973,255.0,192.0,3.0
2007,UTTAR PRADESH,KHIRI,207.0,95.0,75.0,27.0,46.0,472.0,922.0,6.0,1.3693848285021433,769.0,153.0,4.0
2007,UTTAR PRADESH,KUSHI NAGAR,69.0,26.0,29.0,7.0,54.0,210.0,395.0,6.0,1.3550008816507328,405.0,-10.0,2.0
2007,UTTAR PRADESH,LALITPUR,39.0,26.0,13.0,6.0,29.0,87.0,200.0,6.0,1.5089678763353387,192.0,8.0,2.0
2007,UTTAR PRADESH,LUCKNOW,332.0,180.0,260.0,253.0,302.0,4391.0,5718.0,6.0,0.9107309753942676,4697.0,1021.0,5.0
2007,UTTAR PRADESH,MAHARAJGANJ,50.0,41.0,25.0,13.0,33.0,184.0,346.0,6.0,1.405378742677851,265.0,81.0,2.0
2007,UTTAR PRADESH,MAHOBA,63.0,31.0,11.0,8.0,16.0,100.0,229.0,6.0,1.4365084245561066,180.0,49.0,2.0
2007,UTTAR PRADESH,MAINPURI,269.0,43.0,72.0,123.0,73.0,476.0,1056.0,6.0,1.456116532272201,710.0,346.0,5.0
2007,UTTAR PRADESH,MATHURA,212.0,98.0,74.0,53.0,152.0,1186.0,1775.0,6.0,1.1309121278365104,1533.0,242.0,5.0
2007,UTTAR PRADESH,MAU,82.0,29.0,37.0,14.0,89.0,238.0,489.0,6.0,1.4245866613200706,475.0,14.0,3.0
2007,UTTAR PRADESH,MEERUT,405.0,102.0,150.0,93.0,154.0,1467.0,2371.0,6.0,1.2134967628185525,2300.0,71.0,5.0
2007,UTTAR PRADESH,MIRZAPUR,73.0,23.0,8.0,9.0,7.0,207.0,327.0,6.0,1.0828512383315463,358.0,-31.0,2.0
2007,UTTAR PRADESH,MORADABAD,327.0,141.0,129.0,48.0,97.0,964.0,1706.0,6.0,1.3039790949728716,1472.0,234.0,5.0
2007,UTTAR PRADESH,MUZAFFARNAGAR,409.0,93.0,154.0,87.0,142.0,881.0,1766.0,6.0,1.4044422739110403,1738.0,28.0,5.0
2007,UTTAR PRADESH,PILIBHIT,75.0,61.0,47.0,4.0,11.0,282.0,480.0,6.0,1.2186367894019832,353.0,127.0,3.0
2007,UTTAR PRADESH,PRATAPGARH,123.0,48.0,53.0,22.0,108.0,352.0,706.0,6.0,1.423902665302764,837.0,-131.0,4.0
2007,UTTAR PRADESH,RAIBAREILLY,129.0,84.0,47.0,19.0,55.0,391.0,725.0,6.0,1.3583459027276499,616.0,109.0,4.0
2007,UTTAR PRADESH,RAMPUR,147.0,90.0,61.0,52.0,56.0,548.0,954.0,6.0,1.3301993196708386,681.0,273.0,4.0
2007,UTTAR PRADESH,SAHARANPUR,210.0,50.0,41.0,23.0,80.0,736.0,1140.0,6.0,1.1160343733344305,1201.0,-61.0,4.0
2007,UTTAR PRADESH,SANT KABIRNAGAR,39.0,22.0,20.0,12.0,18.0,94.0,205.0,6.0,1.5195379566165237,206.0,-1.0,2.0
2007,UTTAR PRADESH,SHAHJAHANPUR,286.0,136.0,102.0,67.0,70.0,517.0,1178.0,6.0,1.4970154797691855,650.0,528.0,5.0
2007,UTTAR PRADESH,SHRAWASTI,39.0,22.0,18.0,7.0,11.0,112.0,209.0,6.0,1.364446106298352,172.0,37.0,2.0
2007,UTTAR PRADESH,SIDHARTHNAGAR,27.0,18.0,25.0,7.0,13.0,197.0,287.0,6.0,1.0976598119347996,308.0,-21.0,2.0
2007,UTTAR PRADESH,SITAPUR,232.0,136.0,102.0,50.0,72.0,745.0,1337.0,6.0,1.3387941117503965,1170.0,167.0,5.0
2007,UTTAR PRADESH,SONBHADRA,65.0,37.0,12.0,9.0,16.0,160.0,299.0,6.0,1.316088167712481,216.0,83.0,2.0
2007,UTTAR PRADESH,ST.RAVIDASNAGAR,40.0,10.0,13.0,15.0,12.0,131.0,221.0,6.0,1.2668692495049116,195.0,26.0,2.0
2007,UTTAR PRADESH,SULTANPUR,144.0,64.0,50.0,38.0,41.0,401.0,738.0,6.0,1.358027775955779,687.0,51.0,4.0
2007,UTTAR PRADESH,UNNAO,192.0,67.0,68.0,38.0,45.0,293.0,703.0,6.0,1.502869407554944,620.0,83.0,4.0
2007,UTTAR PRADESH,VARANASI,148.0,40.0,50.0,46.0,121.0,1470.0,1875.0,6.0,0.8377570613513126,1402.0,473.0,4.0
2007,UTTARAKHAND,ALMORA,30.0,10.0,0.0,12.0,15.0,84.0,151.0,5.0,1.2577433050491453,161.0,-10.0,1.0
2007,UTTARAKHAND,BAGESHWAR,11.0,9.0,0.0,2.0,5.0,22.0,49.0,5.0,1.3696103574171288,61.0,-12.0,1.0
2007,UTTARAKHAND,CHAMOLI,24.0,15.0,7.0,1.0,22.0,70.0,139.0,6.0,1.366754387047173,95.0,44.0,1.0
2007,UTTARAKHAND,CHAMPAWAT,7.0,3.0,2.0,3.0,5.0,22.0,42.0,6.0,1.4126824117936256,48.0,-6.0,1.0
2007,UTTARAKHAND,DEHRADUN,93.0,74.0,60.0,32.0,100.0,828.0,1187.0,6.0,1.080484560731755,961.0,226.0,4.0
2007,UTTARAKHAND,HARIDWAR,127.0,59.0,72.0,89.0,108.0,876.0,1331.0,6.0,1.1800975878649167,1415.0,-84.0,4.0
2007,UTTARAKHAND,NAINITAL,51.0,10.0,25.0,20.0,28.0,255.0,389.0,6.0,1.1557144860555406,347.0,42.0,2.0
2007,UTTARAKHAND,PAURI GARHWAL,27.0,11.0,11.0,3.0,16.0,95.0,163.0,6.0,1.2776958909443499,184.0,-21.0,1.0
2007,UTTARAKHAND,PITHORAGARH,15.0,20.0,9.0,9.0,15.0,76.0,144.0,6.0,1.429244356812395,111.0,33.0,1.0
2007,UTTARAKHAND,RUDRA PRAYAG,14.0,7.0,5.0,3.0,8.0,44.0,81.0,6.0,1.369127224894441,67.0,14.0,1.0
2007,UTTARAKHAND,TEHRI GARHWAL,23.0,4.0,4.0,9.0,19.0,73.0,132.0,6.0,1.3060623554700794,105.0,27.0,1.0
2007,UTTARAKHAND,UDHAMSINGH NAGAR,118.0,33.0,49.0,33.0,133.0,501.0,867.0,6.0,1.2871317448910755,881.0,-14.0,4.0
2007,UTTARAKHAND,UTTARKASHI,6.0,8.0,9.0,3.0,22.0,55.0,103.0,6.0,1.3447949457781196,96.0,7.0,1.0
2007,WEST BENGAL,24 PARGANAS NORTH,246.0,418.0,236.0,31.0,555.0,1412.0,2898.0,6.0,1.4082880126735315,2677.0,221.0,5.0
2007,WEST BENGAL,24 PARGANAS SOUTH,329.0,410.0,241.0,53.0,332.0,1677.0,3042.0,6.0,1.352151060549206,2299.0,743.0,5.0
2007,WEST BENGAL,ASANSOL,36.0,35.0,18.0,12.0,19.0,204.0,324.0,6.0,1.224785939482086,377.0,-53.0,2.0
2007,WEST BENGAL,BANKURA,87.0,87.0,14.0,25.0,94.0,204.0,511.0,6.0,1.5270684176796012,563.0,-52.0,3.0
2007,WEST BENGAL,BIRBHUM,102.0,97.0,31.0,24.0,213.0,320.0,787.0,6.0,1.4763107934144444,720.0,67.0,4.0
2007,WEST BENGAL,BURDWAN,166.0,204.0,54.0,41.0,216.0,642.0,1323.0,6.0,1.4337086592854105,1318.0,5.0,5.0
2007,WEST BENGAL,COOCHBEHAR,51.0,261.0,68.0,9.0,51.0,213.0,653.0,6.0,1.4248499971275597,583.0,70.0,4.0
2007,WEST BENGAL,DAKSHIN DINAJPUR,119.0,139.0,47.0,4.0,33.0,118.0,460.0,6.0,1.5237586148622,397.0,63.0,3.0
2007,WEST BENGAL,DARJEELING,52.0,85.0,36.0,12.0,32.0,521.0,738.0,6.0,1.0320401492713633,698.0,40.0,3.0
2007,WEST BENGAL,HOOGHLY,219.0,105.0,46.0,36.0,292.0,729.0,1427.0,6.0,1.350968725734775,1151.0,276.0,5.0
2007,WEST BENGAL,HOWRAH,95.0,132.0,83.0,21.0,187.0,818.0,1336.0,6.0,1.2301616992944828,1243.0,93.0,5.0
2007,WEST BENGAL,HOWRAH G.R.P.,14.0,5.0,3.0,5.0,4.0,405.0,436.0,6.0,0.3587054125518167,750.0,-314.0,1.0
2007,WEST BENGAL,JALPAIGURI,218.0,446.0,202.0,40.0,74.0,1725.0,2705.0,6.0,1.1415696627949634,1085.0,1620.0,5.0
2007,WEST BENGAL,KHARAGPUR G.R.P.,3.0,2.0,2.0,1.0,2.0,127.0,137.0,6.0,0.37497012342224834,100.0,37.0,1.0
2007,WEST BENGAL,KOLKATA,119.0,233.0,114.0,76.0,220.0,4386.0,5148.0,6.0,0.6449994391445116,4496.0,652.0,5.0
2007,WEST BENGAL,MALDA,174.0,206.0,73.0,19.0,35.0,315.0,822.0,6.0,1.479546287970802,910.0,-88.0,5.0
2007,WEST BENGAL,MURSHIDABAD,223.0,619.0,140.0,27.0,223.0,763.0,1995.0,6.0,1.465245852491664,1750.0,245.0,5.0
2007,WEST BENGAL,NADIA,177.0,432.0,175.0,32.0,202.0,1084.0,2102.0,6.0,1.3708208524474434,1830.0,272.0,5.0
2007,WEST BENGAL,PASCHIM MIDNAPUR,158.0,143.0,61.0,41.0,213.0,446.0,1062.0,6.0,1.5297792190411195,1003.0,59.0,5.0
2007,WEST BENGAL,PURAB MIDNAPUR,129.0,77.0,75.0,18.0,744.0,333.0,1376.0,6.0,1.2743945236662166,780.0,596.0,5.0
2007,WEST BENGAL,PURULIA,52.0,108.0,14.0,12.0,59.0,215.0,460.0,6.0,1.4069603730796527,399.0,61.0,3.0
2007,WEST BENGAL,SEALDAH G.R.P.,13.0,7.0,4.0,10.0,8.0,173.0,215.0,6.0,0.7953277060515621,220.0,-5.0,1.0
2007,WEST BENGAL,SILIGURI G.R.P.,5.0,2.0,1.0,2.0,2.0,58.0,70.0,6.0,0.7097557098033233,77.0,-7.0,1.0
2007,WEST BENGAL,UTTAR DINAJPUR,136.0,134.0,62.0,22.0,38.0,336.0,728.0,6.0,1.451434994189209,693.0,35.0,4.0
2007,A & N ISLANDS,A and N ISLANDS,35.0,24.0,12.0,14.0,28.0,232.0,345.0,6.0,1.1350778865848687,,,2.0
2007,CHANDIGARH,CHANDIGARH,53.0,54.0,52.0,39.0,88.0,2139.0,2425.0,6.0,0.5481301968151417,1943.0,482.0,3.0
2007,D & N HAVELI,D and N HAVELI,12.0,7.0,9.0,4.0,49.0,142.0,223.0,6.0,1.0879471693607985,204.0,19.0,1.0
2007,DAMAN & DIU,DAMAN,18.0,1.0,0.0,4.0,28.0,89.0,140.0,5.0,1.0104836206258994,166.0,-26.0,1.0
2007,DAMAN & DIU,DIU,1.0,0.0,1.0,1.0,6.0,11.0,20.0,5.0,1.1393620327464706,24.0,-4.0,1.0
2007,DELHI UT,CENTRAL,62.0,60.0,70.0,29.0,5.0,1322.0,1548.0,6.0,0.6226779752313701,1478.0,70.0,3.0
2007,DELHI UT,DELHI UT TOTAL,1119.0,1466.0,1688.0,591.0,118.0,21879.0,26861.0,6.0,0.7399287963535522,26722.0,139.0,5.0
2007,DELHI UT,EAST,103.0,185.0,145.0,109.0,20.0,2671.0,3233.0,6.0,0.7162455773143944,2886.0,347.0,5.0
2007,DELHI UT,GRP(RLY),3.0,8.0,12.0,2.0,0.0,810.0,835.0,5.0,0.16966611530849462,988.0,-153.0,1.0
2007,DELHI UT,IGI AIRPORT,1.0,8.0,3.0,6.0,1.0,560.0,579.0,6.0,0.18802695960553323,805.0,-226.0,1.0
2007,DELHI UT,NEW DELHI,12.0,30.0,12.0,24.0,10.0,1064.0,1152.0,6.0,0.3853398267780941,1177.0,-25.0,1.0
2007,DELHI UT,NORTH,72.0,76.0,64.0,38.0,10.0,1064.0,1324.0,6.0,0.7833254181126856,1122.0,202.0,3.0
2007,DELHI UT,NORTH-EAST,149.0,209.0,241.0,57.0,2.0,1616.0,2274.0,6.0,0.9771627516190048,2162.0,112.0,5.0
2007,DELHI UT,NORTH-WEST,120.0,115.0,208.0,67.0,7.0,2343.0,2860.0,6.0,0.7188964599538141,4539.0,-1679.0,5.0
2007,DELHI UT,OUTER,215.0,221.0,360.0,89.0,16.0,1565.0,2466.0,6.0,1.1509419103984053,,,5.0
2007,DELHI UT,SOUTH,163.0,252.0,256.0,77.0,24.0,4041.0,4813.0,6.0,0.6645167264889922,5368.0,-555.0,5.0
2007,DELHI UT,SOUTH-WEST,102.0,136.0,148.0,54.0,17.0,2301.0,2758.0,6.0,0.6868388395472314,2828.0,-70.0,5.0
2007,DELHI UT,STF,6.0,0.0,0.0,1.0,1.0,7.0,15.0,4.0,1.0832550105185086,21.0,-6.0,1.0
2007,DELHI UT,WEST,111.0,166.0,169.0,38.0,5.0,2515.0,3004.0,6.0,0.6584667241892068,3348.0,-344.0,5.0
2007,LAKSHADWEEP,LAKSHADWEEP,2.0,3.0,0.0,0.0,1.0,22.0,28.0,4.0,0.7363093244249479,37.0,-9.0,1.0
2007,PUDUCHERRY,KARAIKAL,13.0,36.0,5.0,0.0,36.0,109.0,199.0,5.0,1.2191248551717937,191.0,8.0,1.0
2007,PUDUCHERRY,PONDICHERRY,65.0,62.0,15.0,9.0,127.0,815.0,1093.0,6.0,0.8979410024490772,856.0,237.0,3.0
2008,ANDHRA PRADESH,ADILABAD,169.0,224.0,41.0,23.0,145.0,827.0,1429.0,6.0,1.2599818955125466,1481.0,-52.0,4.0
2008,ANDHRA PRADESH,ANANTAPUR,238.0,170.0,90.0,30.0,51.0,850.0,1429.0,6.0,1.2350038303143371,1598.0,-169.0,5.0
2008,ANDHRA PRADESH,CHITTOOR,195.0,134.0,84.0,26.0,97.0,1905.0,2441.0,6.0,0.847191515324175,2253.0,188.0,4.0
2008,ANDHRA PRADESH,CUDDAPAH,213.0,239.0,76.0,14.0,154.0,962.0,1658.0,6.0,1.2610180238760473,1353.0,305.0,5.0
2008,ANDHRA PRADESH,CYBERABAD,266.0,210.0,141.0,88.0,116.0,5686.0,6507.0,6.0,0.5723804969771147,6249.0,258.0,5.0
2008,ANDHRA PRADESH,EAST GODAVARI,195.0,242.0,91.0,19.0,95.0,2051.0,2693.0,6.0,0.8814395217549527,2770.0,-77.0,5.0
2008,ANDHRA PRADESH,GUNTAKAL RLY.,7.0,3.0,0.0,1.0,0.0,127.0,138.0,4.0,0.3466089903047945,129.0,9.0,1.0
2008,ANDHRA PRADESH,GUNTUR,358.0,354.0,83.0,29.0,138.0,2002.0,2964.0,6.0,1.0623294000059542,2733.0,231.0,5.0
2008,ANDHRA PRADESH,KARIMNAGAR,260.0,394.0,159.0,16.0,209.0,1552.0,2590.0,6.0,1.2299406974540805,2583.0,7.0,5.0
2008,ANDHRA PRADESH,KHAMMAM,175.0,283.0,103.0,12.0,125.0,984.0,1682.0,6.0,1.2484320135905835,1753.0,-71.0,5.0
2008,ANDHRA PRADESH,KRISHNA,120.0,292.0,69.0,11.0,51.0,876.0,1419.0,6.0,1.136224154155535,1293.0,126.0,4.0
2008,ANDHRA PRADESH,KURNOOL,264.0,466.0,89.0,42.0,167.0,1086.0,2114.0,6.0,1.3470489186453234,1761.0,353.0,5.0
2008,ANDHRA PRADESH,MAHABOOBNAGAR,284.0,234.0,104.0,45.0,121.0,1368.0,2156.0,6.0,1.1853175755758674,2017.0,139.0,5.0
2008,ANDHRA PRADESH,MEDAK,207.0,164.0,62.0,27.0,94.0,1203.0,1757.0,6.0,1.0715015620203745,1756.0,1.0,5.0
2008,ANDHRA PRADESH,NALGONDA,200.0,333.0,91.0,38.0,212.0,1072.0,1946.0,6.0,1.325980748822847,1791.0,155.0,5.0
2008,ANDHRA PRADESH,NELLORE,149.0,223.0,83.0,27.0,95.0,1201.0,1778.0,6.0,1.0963267155840715,1756.0,22.0,4.0
2008,ANDHRA PRADESH,NIZAMABAD,231.0,101.0,51.0,38.0,114.0,1293.0,1828.0,6.0,1.019737534541979,1529.0,299.0,4.0
2008,ANDHRA PRADESH,PRAKASHAM,138.0,222.0,66.0,17.0,152.0,837.0,1432.0,6.0,1.2608707739742469,1544.0,-112.0,4.0
2008,ANDHRA PRADESH,RANGA REDDY,134.0,76.0,23.0,10.0,49.0,406.0,698.0,6.0,1.233223311419653,572.0,126.0,3.0
2008,ANDHRA PRADESH,SECUNDERABAD RLY.,10.0,3.0,0.0,2.0,0.0,375.0,390.0,4.0,0.1961332983647979,367.0,23.0,1.0
2008,ANDHRA PRADESH,SRIKAKULAM,27.0,124.0,18.0,6.0,34.0,433.0,642.0,6.0,1.0159816805798858,727.0,-85.0,2.0
2008,ANDHRA PRADESH,VIJAYAWADA RLY.,2.0,1.0,1.0,3.0,1.0,310.0,318.0,6.0,0.1550716864101337,313.0,5.0,1.0
2008,ANDHRA PRADESH,VISAKHAPATNAM,69.0,116.0,34.0,31.0,24.0,1606.0,1880.0,6.0,0.6236626905752394,2209.0,-329.0,3.0
2008,ANDHRA PRADESH,VIZIANAGARAM,53.0,94.0,16.0,1.0,33.0,458.0,655.0,6.0,0.9833414396655271,647.0,8.0,2.0
2008,ANDHRA PRADESH,WARANGAL,199.0,282.0,82.0,4.0,217.0,1037.0,1821.0,6.0,1.257971518773643,2218.0,-397.0,5.0
2008,ANDHRA PRADESH,WEST GODAVARI,179.0,485.0,112.0,20.0,60.0,2144.0,3000.0,6.0,0.9372674957447549,2597.0,403.0,5.0
2008,ARUNACHAL PRADESH,CHANGLANG,10.0,7.0,4.0,7.0,3.0,72.0,103.0,6.0,1.0713351251582306,89.0,14.0,1.0
2008,ARUNACHAL PRADESH,DIBANG VALLEY,3.0,12.0,6.0,2.0,2.0,51.0,76.0,6.0,1.0786153209441067,61.0,15.0,1.0
2008,ARUNACHAL PRADESH,K/KUMEY,7.0,4.0,3.0,1.0,2.0,11.0,28.0,6.0,1.5384356631833092,48.0,-20.0,1.0
2008,ARUNACHAL PRADESH,KAMENG EAST,4.0,5.0,6.0,6.0,1.0,30.0,52.0,6.0,1.3141398322881315,68.0,-16.0,1.0
2008,ARUNACHAL PRADESH,KAMENG WEST,1.0,4.0,3.0,3.0,2.0,32.0,45.0,6.0,1.0416248358325562,50.0,-5.0,1.0
2008,ARUNACHAL PRADESH,LOHIT,12.0,4.0,1.0,6.0,1.0,56.0,80.0,6.0,0.9878477754429784,111.0,-31.0,1.0
2008,ARUNACHAL PRADESH,PAPUM PARE,18.0,19.0,18.0,38.0,5.0,203.0,301.0,6.0,1.1062664067233599,312.0,-11.0,2.0
2008,ARUNACHAL PRADESH,SIANG EAST,12.0,11.0,8.0,9.0,0.0,74.0,114.0,5.0,1.1299958323873787,150.0,-36.0,1.0
2008,ARUNACHAL PRADESH,SIANG UPPER,4.0,1.0,1.0,2.0,0.0,25.0,33.0,5.0,0.8479206697299811,46.0,-13.0,1.0
2008,ARUNACHAL PRADESH,SIANG WEST,11.0,19.0,10.0,1.0,3.0,80.0,124.0,6.0,1.1170153787114905,112.0,12.0,1.0
2008,ARUNACHAL PRADESH,SUBANSIRI LOWER,5.0,10.0,4.0,6.0,1.0,31.0,57.0,6.0,1.3444130557117713,61.0,-4.0,1.0
2008,ARUNACHAL PRADESH,SUBANSIRI UPPER,10.0,8.0,2.0,4.0,7.0,22.0,53.0,6.0,1.5511002138115795,57.0,-4.0,1.0
2008,ARUNACHAL PRADESH,TAWANG,2.0,5.0,0.0,1.0,0.0,13.0,21.0,4.0,1.007483124852453,26.0,-5.0,1.0
2008,ARUNACHAL PRADESH,TIRAP,10.0,5.0,13.0,7.0,1.0,55.0,91.0,6.0,1.23127622772252,50.0,41.0,1.0
2008,ARUNACHAL PRADESH,UPPER DIBANG VALLEY,2.0,0.0,0.0,0.0,0.0,6.0,8.0,2.0,0.5623351446188083,2.0,6.0,1.0
2008,ASSAM,BARPETA,74.0,131.0,128.0,30.0,280.0,367.0,1010.0,6.0,1.5461646706358474,924.0,86.0,5.0
2008,ASSAM,BASKA,86.0,39.0,35.0,10.0,6.0,56.0,232.0,6.0,1.5261078188410322,149.0,83.0,2.0
2008,ASSAM,BONGAIGAON,25.0,64.0,60.0,14.0,87.0,291.0,541.0,6.0,1.360482187581201,414.0,127.0,3.0
2008,ASSAM,C.I.D.,0.0,0.0,0.0,0.0,0.0,11.0,11.0,1.0,-0.0,3.0,8.0,1.0
2008,ASSAM,CACHAR,62.0,91.0,128.0,66.0,294.0,1020.0,1661.0,6.0,1.2134718286242885,1382.0,279.0,5.0
2008,ASSAM,CHIRANG,24.0,40.0,33.0,6.0,8.0,92.0,203.0,6.0,1.4580145610190252,197.0,6.0,2.0
2008,ASSAM,DARRANG,43.0,219.0,59.0,22.0,88.0,275.0,706.0,6.0,1.4758565285678222,618.0,88.0,4.0
2008,ASSAM,DHEMAJI,56.0,128.0,66.0,24.0,36.0,220.0,530.0,6.0,1.5278301851368963,451.0,79.0,4.0
2008,ASSAM,DHUBRI,67.0,204.0,139.0,31.0,324.0,497.0,1262.0,6.0,1.5005271267981792,1700.0,-438.0,5.0
2008,ASSAM,DIBRUGARH,120.0,106.0,89.0,35.0,21.0,740.0,1111.0,6.0,1.1213816931977887,942.0,169.0,4.0
2008,ASSAM,G.R.P.,6.0,7.0,8.0,10.0,1.0,165.0,197.0,6.0,0.6816082245972249,94.0,103.0,1.0
2008,ASSAM,GOALPARA,41.0,98.0,76.0,23.0,166.0,235.0,639.0,6.0,1.554696414997585,532.0,107.0,4.0
2008,ASSAM,GOLAGHAT,81.0,88.0,61.0,40.0,83.0,381.0,734.0,6.0,1.449674100205701,782.0,-48.0,4.0
2008,ASSAM,HAILAKANDI,27.0,47.0,61.0,21.0,357.0,230.0,743.0,6.0,1.3162778418686076,411.0,332.0,5.0
2008,ASSAM,JORHAT,92.0,103.0,54.0,20.0,26.0,433.0,728.0,6.0,1.2578266456206537,758.0,-30.0,3.0
2008,ASSAM,KAMRUP,88.0,111.0,113.0,66.0,69.0,1061.0,1508.0,6.0,1.0774380821258345,1001.0,507.0,4.0
2008,ASSAM,KARBI ANGLONG,71.0,23.0,25.0,20.0,43.0,195.0,377.0,6.0,1.409381266429861,447.0,-70.0,2.0
2008,ASSAM,KARIMGANJ,40.0,29.0,49.0,14.0,236.0,181.0,549.0,6.0,1.3841548657329223,657.0,-108.0,4.0
2008,ASSAM,KOKRAJHAR,85.0,71.0,51.0,13.0,50.0,246.0,516.0,6.0,1.4708048563762925,504.0,12.0,3.0
2008,ASSAM,LAKHIMPUR,50.0,76.0,91.0,13.0,33.0,306.0,569.0,6.0,1.3608026984514203,700.0,-131.0,4.0
2008,ASSAM,MORIGAON,32.0,132.0,68.0,21.0,70.0,285.0,608.0,6.0,1.451870636678042,552.0,56.0,4.0
2008,ASSAM,N.C.HILLS,56.0,5.0,14.0,2.0,4.0,61.0,142.0,6.0,1.236753364797571,163.0,-21.0,1.0
2008,ASSAM,NAGAON,126.0,312.0,215.0,118.0,322.0,732.0,1825.0,6.0,1.5880566849251836,1616.0,209.0,5.0
2008,ASSAM,NALBARI,61.0,72.0,55.0,39.0,19.0,245.0,491.0,6.0,1.4597473908124625,302.0,189.0,3.0
2008,ASSAM,R.P.O.,3.0,6.0,3.0,5.0,5.0,15.0,37.0,6.0,1.609367569718518,19.0,18.0,1.0
2008,ASSAM,SIBSAGAR,115.0,73.0,111.0,25.0,68.0,757.0,1149.0,6.0,1.1567821875640696,802.0,347.0,4.0
2008,ASSAM,SONITPUR,126.0,90.0,136.0,27.0,89.0,691.0,1159.0,6.0,1.284125349312616,1086.0,73.0,5.0
2008,ASSAM,TINSUKIA,114.0,68.0,87.0,38.0,28.0,887.0,1222.0,6.0,0.997167500570328,1048.0,174.0,4.0
2008,ASSAM,UDALGURI,59.0,49.0,57.0,30.0,141.0,195.0,531.0,6.0,1.5859224619621939,303.0,228.0,4.0
2008,BIHAR,ARARIA,97.0,72.0,40.0,100.0,275.0,363.0,947.0,6.0,1.5269850457269456,978.0,-31.0,5.0
2008,BIHAR,ARWAL,28.0,2.0,12.0,5.0,26.0,100.0,173.0,6.0,1.2354787702606704,186.0,-13.0,1.0
2008,BIHAR,AURANGABAD,127.0,43.0,56.0,52.0,470.0,606.0,1354.0,6.0,1.315558947511068,958.0,396.0,5.0
2008,BIHAR,BAGAHA,36.0,29.0,49.0,23.0,140.0,341.0,618.0,6.0,1.2970779617508936,520.0,98.0,3.0
2008,BIHAR,BANKA,132.0,65.0,46.0,38.0,192.0,266.0,739.0,6.0,1.5648920559982906,785.0,-46.0,4.0
2008,BIHAR,BEGUSARAI,280.0,28.0,110.0,85.0,244.0,492.0,1239.0,6.0,1.5073047664581212,1227.0,12.0,5.0
2008,BIHAR,BETTIAH,105.0,28.0,51.0,25.0,287.0,401.0,897.0,6.0,1.3466450546841733,659.0,238.0,5.0
2008,BIHAR,BHABHUA,78.0,18.0,37.0,20.0,154.0,339.0,646.0,6.0,1.306599309453644,684.0,-38.0,3.0
2008,BIHAR,BHAGALPUR,184.0,70.0,133.0,44.0,280.0,969.0,1680.0,6.0,1.2868436425765026,1225.0,455.0,5.0
2008,BIHAR,BHOJPUR,307.0,49.0,72.0,65.0,239.0,678.0,1410.0,6.0,1.3953497802769785,1336.0,74.0,5.0
2008,BIHAR,BUXAR,119.0,31.0,26.0,33.0,166.0,386.0,761.0,6.0,1.3484208006778817,726.0,35.0,4.0
2008,BIHAR,DARBHANGA,236.0,120.0,123.0,34.0,84.0,667.0,1264.0,6.0,1.3783436788237287,1095.0,169.0,5.0
2008,BIHAR,GAYA,208.0,60.0,90.0,98.0,570.0,801.0,1827.0,6.0,1.3897049834033512,1580.0,247.0,5.0
2008,BIHAR,GOPALGANJ,173.0,50.0,80.0,57.0,218.0,263.0,841.0,6.0,1.6127925121598963,740.0,101.0,5.0
2008,BIHAR,JAMALPUR RLY.,10.0,1.0,4.0,11.0,7.0,124.0,157.0,6.0,0.8123976425864363,99.0,58.0,1.0
2008,BIHAR,JAMUI,186.0,42.0,38.0,37.0,184.0,228.0,715.0,6.0,1.5397759344175577,606.0,109.0,4.0
2008,BIHAR,JEHANABAD,50.0,6.0,38.0,33.0,127.0,170.0,424.0,6.0,1.4547753774877177,361.0,63.0,3.0
2008,BIHAR,KATIHAR,78.0,132.0,103.0,39.0,163.0,317.0,832.0,6.0,1.6030845113734946,1124.0,-292.0,5.0
2008,BIHAR,KATIHAR RLY.,19.0,7.0,9.0,13.0,21.0,251.0,320.0,6.0,0.851106203903631,311.0,9.0,1.0
2008,BIHAR,KHAGARIA,118.0,18.0,48.0,24.0,212.0,145.0,565.0,6.0,1.4973901547527086,623.0,-58.0,4.0
2008,BIHAR,KISHANGANJ,74.0,30.0,33.0,24.0,129.0,224.0,514.0,6.0,1.4731195775526311,467.0,47.0,3.0
2008,BIHAR,LAKHISARAI,108.0,58.0,34.0,30.0,76.0,218.0,524.0,6.0,1.5552632416154988,433.0,91.0,3.0
2008,BIHAR,MADHEPURA,47.0,26.0,45.0,40.0,166.0,218.0,542.0,6.0,1.485427746774774,526.0,16.0,4.0
2008,BIHAR,MADHUBANI,140.0,206.0,51.0,50.0,301.0,481.0,1229.0,6.0,1.5208486774369974,1162.0,67.0,5.0
2008,BIHAR,MOTIHARI,505.0,48.0,121.0,77.0,344.0,609.0,1704.0,6.0,1.4794887637394072,1450.0,254.0,5.0
2008,BIHAR,MUNGER,177.0,22.0,61.0,49.0,192.0,390.0,891.0,6.0,1.4479221192227538,828.0,63.0,5.0
2008,BIHAR,MUZAFFARPUR,167.0,43.0,136.0,85.0,349.0,1276.0,2056.0,6.0,1.1932556880043892,2269.0,-213.0,5.0
2008,BIHAR,MUZAFFARPUR RLY.,16.0,2.0,4.0,16.0,9.0,329.0,376.0,6.0,0.5510457069135494,393.0,-17.0,1.0
2008,BIHAR,NALANDA,190.0,59.0,100.0,33.0,215.0,628.0,1225.0,6.0,1.3849708563522078,1221.0,4.0,5.0
2008,BIHAR,NAUGACHIA,50.0,43.0,29.0,6.0,111.0,189.0,428.0,6.0,1.4348640149202359,334.0,94.0,3.0
2008,BIHAR,NAWADAH,84.0,38.0,48.0,34.0,131.0,254.0,589.0,6.0,1.5205916425734398,738.0,-149.0,4.0
2008,BIHAR,PATNA,558.0,88.0,341.0,375.0,434.0,2466.0,4262.0,6.0,1.3114360531468048,4305.0,-43.0,5.0
2008,BIHAR,PATNA RLY.,40.0,7.0,11.0,21.0,18.0,626.0,723.0,6.0,0.588183229971059,649.0,74.0,1.0
2008,BIHAR,PURNEA,140.0,258.0,139.0,59.0,225.0,592.0,1413.0,6.0,1.5573496351133953,1330.0,83.0,5.0
2008,BIHAR,ROHTAS,131.0,36.0,63.0,71.0,183.0,694.0,1178.0,6.0,1.2777390715815888,1015.0,163.0,5.0
2008,BIHAR,SAHARSA,173.0,97.0,41.0,83.0,282.0,277.0,953.0,6.0,1.6097121972917898,846.0,107.0,5.0
2008,BIHAR,SAMASTIPUR,404.0,47.0,74.0,36.0,294.0,515.0,1370.0,6.0,1.427124812911512,1366.0,4.0,5.0
2008,BIHAR,SARAN,270.0,44.0,98.0,89.0,305.0,706.0,1512.0,6.0,1.433174553979339,1817.0,-305.0,5.0
2008,BIHAR,SHEIKHPURA,54.0,10.0,25.0,9.0,107.0,126.0,331.0,6.0,1.427368792822826,251.0,80.0,3.0
2008,BIHAR,SHEOHAR,26.0,11.0,19.0,14.0,71.0,79.0,220.0,6.0,1.5217404880662493,250.0,-30.0,2.0
2008,BIHAR,SITAMARHI,115.0,30.0,70.0,62.0,86.0,418.0,781.0,6.0,1.402079347917741,829.0,-48.0,4.0
2008,BIHAR,SIWAN,149.0,33.0,67.0,94.0,157.0,419.0,919.0,6.0,1.498525109261125,883.0,36.0,5.0
2008,BIHAR,SUPAUL,139.0,124.0,54.0,37.0,326.0,374.0,1054.0,6.0,1.5193457303526552,841.0,213.0,5.0
2008,BIHAR,VAISHALI,151.0,70.0,218.0,48.0,301.0,698.0,1486.0,6.0,1.4470877623358092,1354.0,132.0,5.0
2008,CHHATTISGARH,BALRAMPUR,62.0,84.0,7.0,24.0,38.0,83.0,298.0,6.0,1.593208753404424,245.0,53.0,2.0
2008,CHHATTISGARH,BILASPUR,160.0,242.0,33.0,61.0,242.0,1564.0,2302.0,6.0,1.0786123339608742,2000.0,302.0,5.0
2008,CHHATTISGARH,BIZAPUR,178.0,10.0,8.0,17.0,30.0,13.0,256.0,6.0,1.0703190649436616,354.0,-98.0,3.0
2008,CHHATTISGARH,DANTEWARA,153.0,27.0,8.0,26.0,48.0,99.0,361.0,6.0,1.4547362592634627,361.0,0.0,3.0
2008,CHHATTISGARH,DHAMTARI,39.0,73.0,4.0,16.0,42.0,323.0,497.0,6.0,1.1197512639798792,481.0,16.0,2.0
2008,CHHATTISGARH,DURG,126.0,327.0,18.0,66.0,79.0,1499.0,2115.0,6.0,0.9722065573073988,1960.0,155.0,4.0
2008,CHHATTISGARH,GRP RAIPUR,6.0,6.0,0.0,4.0,1.0,204.0,221.0,5.0,0.3667474534660045,208.0,13.0,1.0
2008,CHHATTISGARH,JAGDALPUR,120.0,117.0,13.0,24.0,64.0,261.0,599.0,6.0,1.4540273130957906,533.0,66.0,3.0
2008,CHHATTISGARH,JANJGIR,68.0,182.0,8.0,37.0,117.0,617.0,1029.0,6.0,1.1971651126832346,908.0,121.0,3.0
2008,CHHATTISGARH,JASHPUR,81.0,127.0,46.0,30.0,33.0,229.0,546.0,6.0,1.5241892036947469,473.0,73.0,4.0
2008,CHHATTISGARH,KABIRDHAM,29.0,108.0,5.0,16.0,61.0,288.0,507.0,6.0,1.2237254321695759,341.0,166.0,2.0
2008,CHHATTISGARH,KANKER,108.0,41.0,10.0,27.0,45.0,162.0,393.0,6.0,1.4816200649897184,368.0,25.0,2.0
2008,CHHATTISGARH,KORBA,50.0,99.0,12.0,40.0,44.0,470.0,715.0,6.0,1.1370646632533397,686.0,29.0,2.0
2008,CHHATTISGARH,KORIYA,70.0,147.0,5.0,17.0,43.0,389.0,671.0,6.0,1.190193811705729,649.0,22.0,3.0
2008,CHHATTISGARH,MAHASAMUND,33.0,81.0,8.0,6.0,29.0,305.0,462.0,6.0,1.0683183734615296,497.0,-35.0,2.0
2008,CHHATTISGARH,NARAYANPUR,67.0,1.0,1.0,7.0,8.0,12.0,96.0,6.0,1.0040337261191215,94.0,2.0,1.0
2008,CHHATTISGARH,RAIGARH,113.0,104.0,10.0,30.0,127.0,733.0,1117.0,6.0,1.1158119970386198,957.0,160.0,3.0
2008,CHHATTISGARH,RAIPUR,204.0,375.0,46.0,90.0,234.0,2546.0,3495.0,6.0,0.9683644699246128,2907.0,588.0,5.0
2008,CHHATTISGARH,RAJNANDGAON,84.0,132.0,12.0,25.0,56.0,582.0,891.0,6.0,1.115896912808334,783.0,108.0,3.0
2008,CHHATTISGARH,SARGUJA,93.0,167.0,9.0,32.0,57.0,281.0,639.0,6.0,1.418047061620383,612.0,27.0,3.0
2008,CHHATTISGARH,SURAJPUR,79.0,149.0,10.0,29.0,48.0,262.0,577.0,6.0,1.4077976938230001,534.0,43.0,3.0
2008,GOA,NORTH GOA,48.0,30.0,19.0,10.0,49.0,597.0,753.0,6.0,0.8159676543465729,618.0,135.0,2.0
2008,GOA,SOUTH GOA,37.0,32.0,17.0,16.0,80.0,458.0,640.0,6.0,1.0025591526655504,497.0,143.0,2.0
2008,GUJARAT,AHMEDABAD COMMR.,145.0,122.0,172.0,552.0,169.0,6686.0,7846.0,6.0,0.6279841116897267,6434.0,1412.0,5.0
2008,GUJARAT,AHWA-DANG,9.0,5.0,2.0,0.0,2.0,19.0,37.0,5.0,1.2720222346820993,48.0,-11.0,1.0
2008,GUJARAT,AMRELI,29.0,39.0,60.0,6.0,44.0,403.0,581.0,6.0,1.061794660166412,511.0,70.0,2.0
2008,GUJARAT,ANAND,52.0,36.0,51.0,28.0,53.0,703.0,923.0,6.0,0.9260717533916275,1044.0,-121.0,3.0
2008,GUJARAT,BHARUCH,52.0,26.0,34.0,35.0,92.0,618.0,857.0,6.0,1.0100504750257422,582.0,275.0,3.0
2008,GUJARAT,BHAVNAGAR,71.0,78.0,90.0,63.0,147.0,1194.0,1643.0,6.0,1.0125357978425462,1909.0,-266.0,4.0
2008,GUJARAT,DAHOD,68.0,46.0,43.0,88.0,92.0,277.0,614.0,6.0,1.5459905777533582,524.0,90.0,3.0
2008,GUJARAT,GANDHINAGAR,44.0,26.0,44.0,40.0,48.0,815.0,1017.0,6.0,0.8142974139907382,767.0,250.0,2.0
2008,GUJARAT,HIMATNAGAR,52.0,38.0,37.0,30.0,81.0,353.0,591.0,6.0,1.2952738223477918,637.0,-46.0,3.0
2008,GUJARAT,JAMNAGAR,49.0,31.0,30.0,36.0,94.0,609.0,849.0,6.0,1.019604020528718,890.0,-41.0,3.0
2008,GUJARAT,JUNAGADH,53.0,71.0,48.0,62.0,104.0,1070.0,1408.0,6.0,0.9278479238109271,1101.0,307.0,3.0
2008,GUJARAT,KHEDA NORTH,47.0,48.0,41.0,18.0,62.0,567.0,783.0,6.0,1.0157204491614413,810.0,-27.0,2.0
2008,GUJARAT,KUTCH,49.0,42.0,44.0,38.0,87.0,1040.0,1300.0,6.0,0.8118095629256956,1219.0,81.0,3.0
2008,GUJARAT,MEHSANA,48.0,42.0,54.0,43.0,93.0,946.0,1226.0,6.0,0.8931681204381601,1289.0,-63.0,3.0
2008,GUJARAT,NARMADA,19.0,15.0,7.0,1.0,11.0,61.0,114.0,6.0,1.338596532785401,99.0,15.0,1.0
2008,GUJARAT,NAVSARI,29.0,3.0,9.0,5.0,13.0,129.0,188.0,6.0,1.039475109088118,238.0,-50.0,1.0
2008,GUJARAT,PALANPUR,59.0,71.0,43.0,40.0,90.0,672.0,975.0,6.0,1.1056290209865325,1047.0,-72.0,3.0
2008,GUJARAT,PANCHMAHAL,54.0,37.0,55.0,16.0,56.0,366.0,584.0,6.0,1.2336726596569978,625.0,-41.0,3.0
2008,GUJARAT,PATAN,29.0,48.0,29.0,22.0,59.0,510.0,697.0,6.0,0.9954971468530861,796.0,-99.0,2.0
2008,GUJARAT,PORBANDAR,13.0,8.0,12.0,6.0,16.0,142.0,197.0,6.0,1.0261571686949504,162.0,35.0,1.0
2008,GUJARAT,RAJKOT COMMR.,71.0,42.0,54.0,77.0,152.0,1870.0,2266.0,6.0,0.726147598772146,1346.0,920.0,4.0
2008,GUJARAT,SURAT COMMR.,142.0,82.0,131.0,170.0,175.0,3810.0,4510.0,6.0,0.6766760748316236,3610.0,900.0,5.0
2008,GUJARAT,SURENDRANAGAR,50.0,71.0,44.0,15.0,50.0,330.0,560.0,6.0,1.3017256324905195,673.0,-113.0,3.0
2008,GUJARAT,TAPI,26.0,5.0,3.0,6.0,8.0,66.0,114.0,6.0,1.2278051278744564,,,1.0
2008,GUJARAT,VADODARA COMMR.,55.0,23.0,34.0,32.0,128.0,1920.0,2192.0,6.0,0.5485304758487837,2219.0,-27.0,3.0
2008,GUJARAT,VALSAD,38.0,10.0,15.0,12.0,38.0,419.0,532.0,6.0,0.825910505637677,495.0,37.0,2.0
2008,GUJARAT,W.RLY,11.0,7.0,4.0,17.0,3.0,859.0,901.0,6.0,0.25499319968593587,960.0,-59.0,1.0
2008,HARYANA,AMBALA,62.0,62.0,55.0,17.0,8.0,805.0,1009.0,6.0,0.7887703410298081,911.0,98.0,3.0
2008,HARYANA,BHIWANI,94.0,57.0,47.0,37.0,177.0,912.0,1324.0,6.0,1.0674711160577415,1063.0,261.0,4.0
2008,HARYANA,FARIDABAD,88.0,69.0,109.0,36.0,152.0,1391.0,1845.0,6.0,0.9305858336709242,2265.0,-420.0,5.0
2008,HARYANA,FATEHABAD,37.0,28.0,25.0,6.0,28.0,497.0,621.0,6.0,0.7999315477229384,585.0,36.0,2.0
2008,HARYANA,GRP,32.0,8.0,7.0,23.0,11.0,509.0,590.0,6.0,0.5971230323950436,506.0,84.0,1.0
2008,HARYANA,GURGAON,144.0,62.0,89.0,147.0,126.0,3832.0,4400.0,6.0,0.5865493945777118,3797.0,603.0,5.0
2008,HARYANA,HISSAR,103.0,48.0,43.0,24.0,60.0,898.0,1176.0,6.0,0.9020059088300804,1036.0,140.0,3.0
2008,HARYANA,JHAJJAR,96.0,35.0,26.0,23.0,60.0,474.0,714.0,6.0,1.1289860019687679,655.0,59.0,3.0
2008,HARYANA,JIND,77.0,59.0,29.0,19.0,107.0,553.0,844.0,6.0,1.1445158755483074,772.0,72.0,3.0
2008,HARYANA,KAITHAL,48.0,28.0,16.0,11.0,3.0,393.0,499.0,6.0,0.8000596895476568,586.0,-87.0,2.0
2008,HARYANA,KARNAL,92.0,81.0,35.0,29.0,36.0,1033.0,1306.0,6.0,0.8253367262041229,1382.0,-76.0,3.0
2008,HARYANA,KURUKSHETRA,41.0,52.0,30.0,25.0,4.0,921.0,1073.0,6.0,0.6109976978885757,1141.0,-68.0,2.0
2008,HARYANA,MAHENDRAGARH,39.0,38.0,26.0,5.0,56.0,335.0,499.0,6.0,1.108361004244598,536.0,-37.0,2.0
2008,HARYANA,MEWAT,40.0,35.0,21.0,15.0,98.0,290.0,499.0,6.0,1.2624250033677937,683.0,-184.0,3.0
2008,HARYANA,PALWAL,74.0,54.0,32.0,27.0,117.0,465.0,769.0,6.0,1.252348650061241,638.0,131.0,3.0
2008,HARYANA,PANCHKULA,25.0,21.0,26.0,20.0,3.0,653.0,748.0,6.0,0.568208159047941,451.0,297.0,2.0
2008,HARYANA,PANIPAT,74.0,46.0,52.0,30.0,65.0,1080.0,1347.0,6.0,0.808495076764745,1139.0,208.0,3.0
2008,HARYANA,REWARI,55.0,54.0,27.0,33.0,56.0,661.0,886.0,6.0,0.9650783598196404,809.0,77.0,3.0
2008,HARYANA,ROHTAK,123.0,64.0,32.0,34.0,81.0,905.0,1239.0,6.0,0.983239457618434,1041.0,198.0,4.0
2008,HARYANA,SIRSA,83.0,45.0,25.0,11.0,39.0,530.0,733.0,6.0,0.9867554648091696,766.0,-33.0,3.0
2008,HARYANA,SONIPAT,136.0,67.0,59.0,80.0,24.0,995.0,1361.0,6.0,0.9812397893342021,966.0,395.0,4.0
2008,HARYANA,YAMUNANAGAR,66.0,53.0,43.0,23.0,12.0,739.0,936.0,6.0,0.8246019084098812,745.0,191.0,3.0
2008,HIMACHAL PRADESH,BILASPUR,8.0,38.0,7.0,2.0,44.0,134.0,233.0,6.0,1.1905820205469277,272.0,-39.0,1.0
2008,HIMACHAL PRADESH,CHAMBA,14.0,36.0,16.0,1.0,25.0,169.0,261.0,6.0,1.1287361835733658,285.0,-24.0,1.0
2008,HIMACHAL PRADESH,G.R.P.,0.0,0.0,0.0,0.0,0.0,3.0,3.0,1.0,-0.0,4.0,-1.0,1.0
2008,HIMACHAL PRADESH,HAMIRPUR,6.0,23.0,12.0,0.0,39.0,166.0,246.0,5.0,1.0168978747720492,259.0,-13.0,1.0
2008,HIMACHAL PRADESH,KANGRA,40.0,56.0,20.0,4.0,138.0,449.0,707.0,6.0,1.1007067890800923,529.0,178.0,3.0
2008,HIMACHAL PRADESH,KINNAUR,1.0,7.0,2.0,1.0,11.0,39.0,61.0,6.0,1.0901621001676494,86.0,-25.0,1.0
2008,HIMACHAL PRADESH,KULLU,18.0,47.0,19.0,2.0,62.0,160.0,308.0,6.0,1.320280282330737,302.0,6.0,2.0
2008,HIMACHAL PRADESH,LAHAUL-SPITI,1.0,1.0,0.0,0.0,1.0,7.0,10.0,4.0,0.9404479886553264,12.0,-2.0,1.0
2008,HIMACHAL PRADESH,MANDI,26.0,107.0,14.0,3.0,96.0,235.0,481.0,6.0,1.298266735882497,496.0,-15.0,2.0
2008,HIMACHAL PRADESH,SHIMLA,25.0,53.0,20.0,4.0,135.0,431.0,668.0,6.0,1.0655727964716306,730.0,-62.0,3.0
2008,HIMACHAL PRADESH,SIRMAUR,9.0,29.0,14.0,1.0,72.0,186.0,311.0,6.0,1.127952896873579,266.0,45.0,2.0
2008,HIMACHAL PRADESH,SOLAN,21.0,27.0,15.0,7.0,76.0,259.0,405.0,6.0,1.1260626412394512,456.0,-51.0,2.0
2008,HIMACHAL PRADESH,UNA,24.0,28.0,12.0,1.0,55.0,184.0,304.0,6.0,1.1797072981215124,279.0,25.0,2.0
2008,JAMMU & KASHMIR,ANANTNAG,16.0,76.0,74.0,8.0,164.0,301.0,639.0,6.0,1.35372012495543,610.0,29.0,3.0
2008,JAMMU & KASHMIR,AWANTIPORA,5.0,44.0,13.0,1.0,31.0,61.0,155.0,6.0,1.3975361868857918,153.0,2.0,1.0
2008,JAMMU & KASHMIR,BANDIPORA,6.0,75.0,45.0,3.0,63.0,102.0,294.0,6.0,1.4593534783797613,,,2.0
2008,JAMMU & KASHMIR,BARAMULLA,58.0,93.0,63.0,4.0,155.0,286.0,659.0,6.0,1.4483188854902882,821.0,-162.0,3.0
2008,JAMMU & KASHMIR,BUDGAM,34.0,96.0,66.0,4.0,239.0,304.0,743.0,6.0,1.3792192146030784,650.0,93.0,4.0
2008,JAMMU & KASHMIR,CRIME JAMMU,2.0,0.0,0.0,0.0,0.0,23.0,25.0,2.0,0.2787693717685874,43.0,-18.0,1.0
2008,JAMMU & KASHMIR,CRIME SRINAGAR,2.0,0.0,0.0,0.0,0.0,50.0,52.0,2.0,0.16302362949436594,79.0,-27.0,1.0
2008,JAMMU & KASHMIR,DODA,61.0,34.0,24.0,0.0,33.0,78.0,230.0,5.0,1.515727598096873,346.0,-116.0,2.0
2008,JAMMU & KASHMIR,GANDERBAL,7.0,38.0,23.0,2.0,37.0,78.0,185.0,6.0,1.4431690267534347,362.0,-177.0,1.0
2008,JAMMU & KASHMIR,HANDWARA,28.0,57.0,17.0,0.0,22.0,52.0,176.0,5.0,1.503507388557766,269.0,-93.0,1.0
2008,JAMMU & KASHMIR,JAMMU,125.0,57.0,51.0,4.0,252.0,904.0,1393.0,6.0,1.0749283291350222,984.0,409.0,4.0
2008,JAMMU & KASHMIR,KARGIL,2.0,6.0,1.0,0.0,9.0,12.0,30.0,5.0,1.3435056426631489,20.0,10.0,1.0
2008,JAMMU & KASHMIR,KATHUA,33.0,32.0,19.0,0.0,99.0,128.0,311.0,5.0,1.3725601855966525,316.0,-5.0,2.0
2008,JAMMU & KASHMIR,KISHTWAR,32.0,14.0,12.0,0.0,11.0,53.0,122.0,5.0,1.4067132519405896,,,1.0
2008,JAMMU & KASHMIR,KULGAM,15.0,68.0,45.0,7.0,73.0,121.0,329.0,6.0,1.5226150295720644,375.0,-46.0,2.0
2008,JAMMU & KASHMIR,KUPWARA,55.0,36.0,22.0,1.0,60.0,52.0,226.0,6.0,1.5774452291587944,415.0,-189.0,2.0
2008,JAMMU & KASHMIR,LEH,3.0,13.0,3.0,1.0,1.0,49.0,70.0,6.0,0.9537065279575113,69.0,1.0,1.0
2008,JAMMU & KASHMIR,POONCH,41.0,51.0,25.0,3.0,112.0,94.0,326.0,6.0,1.5166861003545677,303.0,23.0,2.0
2008,JAMMU & KASHMIR,PULWAMA,23.0,15.0,30.0,11.0,87.0,94.0,260.0,6.0,1.4962446875929143,534.0,-274.0,2.0
2008,JAMMU & KASHMIR,RAJOURI,39.0,55.0,28.0,3.0,73.0,129.0,327.0,6.0,1.5086172598751113,389.0,-62.0,2.0
2008,JAMMU & KASHMIR,RAMBAN,23.0,13.0,14.0,1.0,38.0,76.0,165.0,6.0,1.4103605092984726,195.0,-30.0,2.0
2008,JAMMU & KASHMIR,REASI,51.0,16.0,10.0,1.0,12.0,60.0,150.0,6.0,1.3880357521929252,96.0,54.0,1.0
2008,JAMMU & KASHMIR,SAMBA,32.0,9.0,9.0,1.0,43.0,76.0,170.0,6.0,1.3633223775312764,,,1.0
2008,JAMMU & KASHMIR,SHOPIAN,30.0,55.0,16.0,5.0,39.0,77.0,222.0,6.0,1.5639396456675614,,,2.0
2008,JAMMU & KASHMIR,SRINAGAR,94.0,178.0,79.0,9.0,321.0,653.0,1334.0,6.0,1.3492422872187948,1289.0,45.0,5.0
2008,JAMMU & KASHMIR,UDHAMPUR,20.0,23.0,14.0,1.0,38.0,100.0,196.0,6.0,1.3611600280036007,203.0,-7.0,2.0
2008,JHARKHAND,BOKARO,84.0,40.0,41.0,48.0,142.0,830.0,1185.0,6.0,1.0519042422937341,1210.0,-25.0,4.0
2008,JHARKHAND,CHAIBASA,208.0,58.0,7.0,23.0,33.0,184.0,513.0,6.0,1.3545365037910984,493.0,20.0,3.0
2008,JHARKHAND,CHATRA,88.0,12.0,17.0,41.0,126.0,125.0,409.0,6.0,1.5218903675488058,439.0,-30.0,3.0
2008,JHARKHAND,DEOGHAR,51.0,38.0,11.0,40.0,151.0,284.0,575.0,6.0,1.3550633512308827,750.0,-175.0,3.0
2008,JHARKHAND,DHANBAD,125.0,82.0,88.0,97.0,212.0,1058.0,1662.0,6.0,1.2146370426859494,1856.0,-194.0,5.0
2008,JHARKHAND,DHANBAD RLY.,13.0,4.0,1.0,28.0,5.0,118.0,169.0,6.0,0.9690749242396168,174.0,-5.0,1.0
2008,JHARKHAND,DUMKA,94.0,67.0,26.0,23.0,113.0,315.0,638.0,6.0,1.4240652477145817,624.0,14.0,4.0
2008,JHARKHAND,GARHWA,128.0,36.0,27.0,48.0,158.0,151.0,548.0,6.0,1.5939193197050576,446.0,102.0,4.0
2008,JHARKHAND,GIRIDIH,93.0,70.0,52.0,86.0,387.0,477.0,1165.0,6.0,1.4336259943199656,1168.0,-3.0,5.0
2008,JHARKHAND,GODDA,105.0,42.0,41.0,21.0,153.0,215.0,577.0,6.0,1.529101253194408,614.0,-37.0,4.0
2008,JHARKHAND,GUMLA,241.0,49.0,37.0,82.0,18.0,144.0,571.0,6.0,1.4871965592124923,525.0,46.0,4.0
2008,JHARKHAND,HAZARIBAGH,134.0,88.0,65.0,87.0,342.0,748.0,1464.0,6.0,1.376695419019898,1554.0,-90.0,5.0
2008,JHARKHAND,JAMSHEDPUR,200.0,59.0,36.0,79.0,55.0,1164.0,1593.0,6.0,0.9626841095658455,1786.0,-193.0,4.0
2008,JHARKHAND,JAMSHEDPUR RLY.,8.0,1.0,0.0,9.0,2.0,127.0,147.0,5.0,0.5481971590860448,186.0,-39.0,1.0
2008,JHARKHAND,JAMTARA,29.0,29.0,9.0,4.0,72.0,128.0,271.0,6.0,1.3600406248258707,312.0,-41.0,2.0
2008,JHARKHAND,KHUNTI,79.0,9.0,13.0,22.0,18.0,45.0,186.0,6.0,1.5180306476723469,234.0,-48.0,2.0
2008,JHARKHAND,KODERMA,54.0,22.0,16.0,11.0,106.0,204.0,413.0,6.0,1.3421706855395519,409.0,4.0,3.0
2008,JHARKHAND,LATEHAR,49.0,21.0,14.0,41.0,20.0,99.0,244.0,6.0,1.5681971851968615,257.0,-13.0,2.0
2008,JHARKHAND,LOHARDAGGA,27.0,18.0,18.0,33.0,57.0,131.0,284.0,6.0,1.5027400839334142,326.0,-42.0,2.0
2008,JHARKHAND,PAKUR,127.0,62.0,18.0,9.0,60.0,124.0,400.0,6.0,1.5257860657091211,428.0,-28.0,3.0
2008,JHARKHAND,PALAMU,282.0,31.0,57.0,61.0,143.0,318.0,892.0,6.0,1.5011928734140991,635.0,257.0,5.0
2008,JHARKHAND,RAMGARH,59.0,17.0,20.0,47.0,95.0,364.0,602.0,6.0,1.2361490876465775,758.0,-156.0,3.0
2008,JHARKHAND,RANCHI,291.0,85.0,117.0,161.0,152.0,1955.0,2761.0,6.0,1.0480323414371782,2391.0,370.0,5.0
2008,JHARKHAND,SAHEBGANJ,93.0,75.0,35.0,13.0,43.0,175.0,434.0,6.0,1.5368831617754195,402.0,32.0,3.0
2008,JHARKHAND,SARAIKELA,118.0,21.0,14.0,37.0,56.0,253.0,499.0,6.0,1.3573079843470675,368.0,131.0,3.0
2008,JHARKHAND,SIMDEGA,90.0,26.0,12.0,26.0,21.0,77.0,252.0,6.0,1.5507356002922865,267.0,-15.0,2.0
2008,KARNATAKA,BAGALKOT,69.0,64.0,22.0,9.0,178.0,250.0,592.0,6.0,1.4023875086345268,537.0,55.0,3.0
2008,KARNATAKA,BANGALORE COMMR.,558.0,233.0,159.0,790.0,358.0,13683.0,15781.0,6.0,0.5862229434274793,12995.0,2786.0,5.0
2008,KARNATAKA,BELGAUM,219.0,210.0,59.0,56.0,487.0,1152.0,2183.0,6.0,1.3194586093121827,1816.0,367.0,5.0
2008,KARNATAKA,BELLARY,94.0,52.0,19.0,29.0,196.0,475.0,865.0,6.0,1.273463255256711,916.0,-51.0,4.0
2008,KARNATAKA,BIDAR,65.0,112.0,23.0,27.0,150.0,399.0,776.0,6.0,1.367938721304033,848.0,-72.0,3.0
2008,KARNATAKA,BIJAPUR,156.0,102.0,23.0,25.0,333.0,367.0,1006.0,6.0,1.4331287283202074,921.0,85.0,5.0
2008,KARNATAKA,CBPURA,84.0,44.0,17.0,15.0,172.0,370.0,702.0,6.0,1.2820765707511608,,,3.0
2008,KARNATAKA,CHAMARAJNAGAR,57.0,33.0,7.0,14.0,85.0,226.0,422.0,6.0,1.3078652379929372,307.0,115.0,2.0
2008,KARNATAKA,CHICKMAGALUR,73.0,77.0,23.0,30.0,159.0,377.0,739.0,6.0,1.3762843229458768,614.0,125.0,3.0
2008,KARNATAKA,CHITRADURGA,58.0,100.0,20.0,34.0,275.0,443.0,930.0,6.0,1.3299189124840405,748.0,182.0,4.0
2008,KARNATAKA,DAKSHIN KANNADA,76.0,63.0,10.0,43.0,285.0,537.0,1014.0,6.0,1.2397537752191587,942.0,72.0,4.0
2008,KARNATAKA,DAVANAGERE,45.0,70.0,35.0,19.0,213.0,473.0,855.0,6.0,1.2490156773669319,752.0,103.0,4.0
2008,KARNATAKA,DHARWAD COMMR.,47.0,19.0,15.0,86.0,98.0,717.0,982.0,6.0,0.9585810344252258,802.0,180.0,3.0
2008,KARNATAKA,GADAG,46.0,59.0,10.0,8.0,113.0,164.0,400.0,6.0,1.424148261183037,349.0,51.0,2.0
2008,KARNATAKA,GULBARGA,211.0,100.0,47.0,84.0,488.0,618.0,1548.0,6.0,1.4433311872823218,1520.0,28.0,5.0
2008,KARNATAKA,HASSAN,132.0,93.0,28.0,44.0,152.0,670.0,1119.0,6.0,1.2566754417448522,930.0,189.0,4.0
2008,KARNATAKA,HAVERI,56.0,53.0,12.0,14.0,218.0,253.0,606.0,6.0,1.3303481166838615,543.0,63.0,3.0
2008,KARNATAKA,K.G.F.,24.0,19.0,5.0,11.0,50.0,146.0,255.0,6.0,1.267344379918073,283.0,-28.0,2.0
2008,KARNATAKA,KODAGU,57.0,47.0,6.0,11.0,43.0,236.0,400.0,6.0,1.2421291087980828,405.0,-5.0,2.0
2008,KARNATAKA,KOLAR,82.0,36.0,15.0,20.0,172.0,306.0,631.0,6.0,1.3321249595981954,1104.0,-473.0,3.0
2008,KARNATAKA,KOPPAL,32.0,32.0,12.0,13.0,123.0,229.0,441.0,6.0,1.2790872025480553,391.0,50.0,2.0
2008,KARNATAKA,MANDYA,92.0,77.0,14.0,26.0,270.0,608.0,1087.0,6.0,1.212800496744569,812.0,275.0,4.0
2008,KARNATAKA,MYSORE COMMR.,58.0,51.0,30.0,93.0,88.0,926.0,1246.0,6.0,0.9647790467388956,1141.0,105.0,3.0
2008,KARNATAKA,RAICHUR,89.0,105.0,21.0,23.0,215.0,283.0,736.0,6.0,1.4700419938487856,756.0,-20.0,4.0
2008,KARNATAKA,RAMANAGAR,159.0,79.0,19.0,52.0,238.0,645.0,1192.0,6.0,1.3051847963372143,,,4.0
2008,KARNATAKA,SHIMOGA,93.0,115.0,27.0,70.0,223.0,656.0,1184.0,6.0,1.3213311866149582,1002.0,182.0,4.0
2008,KARNATAKA,TUMKUR,125.0,102.0,18.0,58.0,270.0,775.0,1348.0,6.0,1.2491357432155672,1197.0,151.0,4.0
2008,KARNATAKA,UDUPI,33.0,28.0,7.0,23.0,89.0,287.0,467.0,6.0,1.1823372948161588,494.0,-27.0,2.0
2008,KARNATAKA,UTTAR KANNADA,36.0,56.0,11.0,17.0,65.0,227.0,412.0,6.0,1.33226927695433,377.0,35.0,2.0
2008,KERALA,ALAPUZHA,53.0,240.0,20.0,70.0,484.0,856.0,1723.0,6.0,1.267747563130915,1685.0,38.0,5.0
2008,KERALA,ERNAKULAM COMMR.,23.0,71.0,12.0,32.0,144.0,667.0,949.0,6.0,0.9876499548923134,1225.0,-276.0,3.0
2008,KERALA,IDUKKI,44.0,159.0,15.0,22.0,209.0,580.0,1029.0,6.0,1.2140998225687905,1010.0,19.0,3.0
2008,KERALA,KANNUR,69.0,144.0,13.0,76.0,928.0,665.0,1895.0,6.0,1.1967375109061553,1919.0,-24.0,5.0
2008,KERALA,KASARGOD,44.0,120.0,15.0,25.0,530.0,515.0,1249.0,6.0,1.2033837231153455,1876.0,-627.0,5.0
2008,KERALA,KOLLAM,55.0,334.0,23.0,54.0,496.0,937.0,1899.0,6.0,1.2621412587660452,2009.0,-110.0,5.0
2008,KERALA,KOTTAYAM,47.0,252.0,16.0,77.0,367.0,1109.0,1868.0,6.0,1.1643625831467077,1933.0,-65.0,5.0
2008,KERALA,KOZHIKODE COMMR.,23.0,87.0,12.0,109.0,420.0,698.0,1349.0,6.0,1.1957103427056048,1209.0,140.0,5.0
2008,KERALA,MALAPPURAM,65.0,200.0,13.0,50.0,637.0,1220.0,2185.0,6.0,1.1250846560889547,2038.0,147.0,5.0
2008,KERALA,PALAKKAD,53.0,175.0,15.0,44.0,555.0,721.0,1563.0,6.0,1.2295662748389216,1417.0,146.0,5.0
2008,KERALA,PATHANAMTHITTA,39.0,200.0,10.0,26.0,381.0,493.0,1149.0,6.0,1.2752492594384146,1104.0,45.0,4.0
2008,KERALA,THRISSUR,114.0,260.0,17.0,71.0,749.0,1202.0,2413.0,6.0,1.2332061458991015,2103.0,310.0,5.0
2008,KERALA,TRIVANDRUM COMMR.,34.0,148.0,18.0,58.0,438.0,1109.0,1805.0,6.0,1.07922210050421,1956.0,-151.0,5.0
2008,KERALA,WAYANADU,25.0,109.0,9.0,16.0,245.0,357.0,761.0,6.0,1.2441928963435078,690.0,71.0,3.0
2008,MADHYA PRADESH,ALIRAJPUR,101.0,78.0,14.0,4.0,33.0,133.0,363.0,6.0,1.447450701141612,,,3.0
2008,MADHYA PRADESH,ANUPPUR,45.0,95.0,4.0,16.0,21.0,176.0,357.0,6.0,1.3181703250263102,452.0,-95.0,2.0
2008,MADHYA PRADESH,ASHOK NAGAR,47.0,154.0,3.0,9.0,37.0,279.0,529.0,6.0,1.1964505376993215,777.0,-248.0,2.0
2008,MADHYA PRADESH,BALAGHAT,81.0,192.0,8.0,19.0,56.0,312.0,668.0,6.0,1.331824019085853,521.0,147.0,3.0
2008,MADHYA PRADESH,BARWANI,54.0,120.0,6.0,11.0,35.0,307.0,533.0,6.0,1.1948235008527757,759.0,-226.0,2.0
2008,MADHYA PRADESH,BETUL,92.0,319.0,26.0,29.0,38.0,431.0,935.0,6.0,1.2895481754497977,870.0,65.0,4.0
2008,MADHYA PRADESH,BHIND,134.0,87.0,13.0,99.0,80.0,415.0,828.0,6.0,1.4226321604283205,799.0,29.0,4.0
2008,MADHYA PRADESH,BHOPAL,161.0,320.0,42.0,230.0,168.0,3715.0,4636.0,6.0,0.79054318681606,4205.0,431.0,5.0
2008,MADHYA PRADESH,BHOPAL RLY.,7.0,9.0,3.0,8.0,8.0,949.0,984.0,6.0,0.2089569502503058,1013.0,-29.0,1.0
2008,MADHYA PRADESH,BURHANPUR,34.0,69.0,2.0,40.0,70.0,176.0,391.0,6.0,1.4459686104968554,322.0,69.0,2.0
2008,MADHYA PRADESH,CHHATARPUR,118.0,251.0,26.0,61.0,66.0,814.0,1336.0,6.0,1.1965249948061953,1282.0,54.0,4.0
2008,MADHYA PRADESH,CHHINDWARA,104.0,305.0,13.0,10.0,72.0,491.0,995.0,6.0,1.239972922817719,980.0,15.0,4.0
2008,MADHYA PRADESH,DAMOH,105.0,172.0,13.0,25.0,32.0,304.0,651.0,6.0,1.352962646564573,622.0,29.0,3.0
2008,MADHYA PRADESH,DATIYA,95.0,88.0,17.0,53.0,38.0,278.0,569.0,6.0,1.4441950451650807,601.0,-32.0,3.0
2008,MADHYA PRADESH,DEWAS,119.0,264.0,18.0,30.0,117.0,907.0,1455.0,6.0,1.1461272107886433,1501.0,-46.0,4.0
2008,MADHYA PRADESH,DHAR,180.0,285.0,29.0,41.0,137.0,762.0,1434.0,6.0,1.3224570897697712,1289.0,145.0,5.0
2008,MADHYA PRADESH,DINDORI,27.0,53.0,1.0,5.0,9.0,64.0,159.0,6.0,1.336804863266805,136.0,23.0,1.0
2008,MADHYA PRADESH,GUNA,95.0,206.0,14.0,19.0,78.0,425.0,837.0,6.0,1.3116482951416302,949.0,-112.0,4.0
2008,MADHYA PRADESH,GWALIOR,241.0,168.0,62.0,171.0,152.0,2961.0,3755.0,6.0,0.8408282187326714,3751.0,4.0,5.0
2008,MADHYA PRADESH,HARDA,44.0,60.0,9.0,13.0,16.0,223.0,365.0,6.0,1.200047750677838,409.0,-44.0,2.0
2008,MADHYA PRADESH,HOSHANGABAD,93.0,194.0,19.0,34.0,35.0,623.0,998.0,6.0,1.1417287296988756,899.0,99.0,3.0
2008,MADHYA PRADESH,INDORE,324.0,465.0,61.0,361.0,278.0,6032.0,7521.0,6.0,0.7912045059288714,5589.0,1932.0,5.0
2008,MADHYA PRADESH,INDORE RLY.,5.0,8.0,0.0,8.0,2.0,193.0,216.0,5.0,0.47526102319893043,172.0,44.0,1.0
2008,MADHYA PRADESH,JABALPUR,186.0,415.0,52.0,149.0,139.0,1634.0,2575.0,6.0,1.1738821758551707,2658.0,-83.0,5.0
2008,MADHYA PRADESH,JABALPUR RLY.,9.0,8.0,1.0,8.0,2.0,228.0,256.0,6.0,0.49704000844192286,253.0,3.0,1.0
2008,MADHYA PRADESH,JHABUA,43.0,63.0,18.0,21.0,37.0,171.0,353.0,6.0,1.4711729110364025,573.0,-220.0,2.0
2008,MADHYA PRADESH,KATNI,63.0,145.0,7.0,14.0,37.0,373.0,639.0,6.0,1.1773304835377378,621.0,18.0,2.0
2008,MADHYA PRADESH,KHANDWA,71.0,206.0,12.0,22.0,61.0,566.0,938.0,6.0,1.154600556906545,1094.0,-156.0,3.0
2008,MADHYA PRADESH,KHARGON,96.0,219.0,8.0,25.0,113.0,790.0,1251.0,6.0,1.1200339112705824,1240.0,11.0,4.0
2008,MADHYA PRADESH,MANDLA,50.0,134.0,3.0,5.0,6.0,147.0,345.0,6.0,1.1838375852491951,376.0,-31.0,2.0
2008,MADHYA PRADESH,MANDSAUR,77.0,168.0,19.0,42.0,75.0,498.0,879.0,6.0,1.2896883362880833,865.0,14.0,3.0
2008,MADHYA PRADESH,MORENA,136.0,99.0,35.0,79.0,120.0,697.0,1166.0,6.0,1.2892332240679143,1224.0,-58.0,4.0
2008,MADHYA PRADESH,NARSINGHPUR,94.0,161.0,5.0,26.0,40.0,324.0,650.0,6.0,1.3101268411544826,525.0,125.0,3.0
2008,MADHYA PRADESH,NEEMUCH,40.0,64.0,12.0,9.0,80.0,480.0,685.0,6.0,1.0151165650652931,702.0,-17.0,2.0
2008,MADHYA PRADESH,PANNA,51.0,105.0,7.0,14.0,12.0,241.0,430.0,6.0,1.2000362355197354,460.0,-30.0,2.0
2008,MADHYA PRADESH,RAISEN,84.0,217.0,24.0,17.0,40.0,318.0,700.0,6.0,1.3454349443475788,795.0,-95.0,3.0
2008,MADHYA PRADESH,RAJGARH,102.0,249.0,28.0,21.0,148.0,467.0,1015.0,6.0,1.3928381028056713,1278.0,-263.0,4.0
2008,MADHYA PRADESH,RATLAM,87.0,168.0,16.0,31.0,66.0,491.0,859.0,6.0,1.2620014511129796,995.0,-136.0,3.0
2008,MADHYA PRADESH,REWA,94.0,206.0,27.0,56.0,89.0,1188.0,1660.0,6.0,0.9991634782291932,1352.0,308.0,4.0
2008,MADHYA PRADESH,SAGAR,173.0,468.0,31.0,63.0,148.0,1004.0,1887.0,6.0,1.2812409457877072,1903.0,-16.0,5.0
2008,MADHYA PRADESH,SATNA,114.0,309.0,20.0,69.0,63.0,1026.0,1601.0,6.0,1.10836086219781,1541.0,60.0,4.0
2008,MADHYA PRADESH,SEONI,65.0,164.0,16.0,7.0,37.0,241.0,530.0,6.0,1.3273372309901434,556.0,-26.0,3.0
2008,MADHYA PRADESH,SHAHDOL,47.0,186.0,13.0,38.0,28.0,446.0,758.0,6.0,1.1708385133554522,676.0,82.0,3.0
2008,MADHYA PRADESH,SHAJAPUR,75.0,218.0,16.0,48.0,93.0,671.0,1121.0,6.0,1.2086611295361107,1192.0,-71.0,4.0
2008,MADHYA PRADESH,SHEOPUR,28.0,45.0,10.0,17.0,44.0,113.0,257.0,6.0,1.5160364603412733,287.0,-30.0,2.0
2008,MADHYA PRADESH,SHIVPURI,123.0,192.0,31.0,50.0,95.0,490.0,981.0,6.0,1.4132722688478003,1149.0,-168.0,4.0
2008,MADHYA PRADESH,SIDHI,42.0,120.0,17.0,20.0,56.0,356.0,611.0,6.0,1.2490487753970065,1198.0,-587.0,3.0
2008,MADHYA PRADESH,SIHORE,76.0,146.0,20.0,25.0,62.0,498.0,827.0,6.0,1.2209606660575052,837.0,-10.0,3.0
2008,MADHYA PRADESH,SINGRAULI,45.0,127.0,13.0,7.0,30.0,315.0,537.0,6.0,1.169473723204895,,,2.0
2008,MADHYA PRADESH,TIKAMGARH,77.0,142.0,13.0,34.0,83.0,326.0,675.0,6.0,1.4114039858077498,866.0,-191.0,3.0
2008,MADHYA PRADESH,UJJAIN,185.0,293.0,32.0,156.0,192.0,1667.0,2525.0,6.0,1.138834230391869,2206.0,319.0,5.0
2008,MADHYA PRADESH,UMARIYA,82.0,85.0,6.0,4.0,23.0,180.0,380.0,6.0,1.3030115962367423,400.0,-20.0,2.0
2008,MADHYA PRADESH,VIDISHA,87.0,298.0,14.0,21.0,69.0,677.0,1166.0,6.0,1.150728500969455,1299.0,-133.0,4.0
2008,MAHARASHTRA,AHMEDNAGAR,242.0,174.0,51.0,172.0,602.0,2297.0,3538.0,6.0,1.121527790568552,2986.0,552.0,5.0
2008,MAHARASHTRA,AKOLA,128.0,137.0,35.0,62.0,195.0,1377.0,1934.0,6.0,1.023321400256064,1655.0,279.0,4.0
2008,MAHARASHTRA,AMRAVATI COMMR.,49.0,63.0,10.0,39.0,93.0,937.0,1191.0,6.0,0.8266733167778539,1266.0,-75.0,3.0
2008,MAHARASHTRA,AURANGABAD COMMR.,77.0,72.0,38.0,73.0,252.0,1373.0,1885.0,6.0,0.9598118280000806,1591.0,294.0,4.0
2008,MAHARASHTRA,BEED,99.0,118.0,39.0,130.0,537.0,1053.0,1976.0,6.0,1.2642632570340826,1984.0,-8.0,5.0
2008,MAHARASHTRA,BHANDARA,45.0,95.0,14.0,26.0,136.0,954.0,1270.0,6.0,0.8957724657781044,1039.0,231.0,3.0
2008,MAHARASHTRA,BULDHANA,102.0,189.0,28.0,67.0,330.0,1220.0,1936.0,6.0,1.1524631476998226,1503.0,433.0,5.0
2008,MAHARASHTRA,CHANDRAPUR,104.0,149.0,34.0,42.0,209.0,1262.0,1800.0,6.0,1.0326071472421812,1800.0,0.0,4.0
2008,MAHARASHTRA,DHULE,93.0,42.0,8.0,83.0,240.0,683.0,1149.0,6.0,1.1851481392059027,971.0,178.0,4.0
2008,MAHARASHTRA,GADCHIROLI,90.0,52.0,13.0,15.0,79.0,240.0,489.0,6.0,1.3969588896661524,511.0,-22.0,3.0
2008,MAHARASHTRA,GONDIA,49.0,122.0,14.0,21.0,96.0,594.0,896.0,6.0,1.095200147401262,823.0,73.0,3.0
2008,MAHARASHTRA,HINGOLI,75.0,71.0,10.0,47.0,164.0,285.0,652.0,6.0,1.4527712819646839,560.0,92.0,3.0
2008,MAHARASHTRA,JALGAON,140.0,149.0,29.0,66.0,331.0,1291.0,2006.0,6.0,1.1334376147694625,1829.0,177.0,5.0
2008,MAHARASHTRA,JALNA,91.0,69.0,13.0,71.0,222.0,642.0,1108.0,6.0,1.2447015364662737,1011.0,97.0,4.0
2008,MAHARASHTRA,KOLHAPUR,87.0,110.0,30.0,80.0,323.0,1563.0,2193.0,6.0,0.9811083194924091,1837.0,356.0,5.0
2008,MAHARASHTRA,LATUR,102.0,96.0,29.0,62.0,308.0,828.0,1425.0,6.0,1.23268345111316,1305.0,120.0,5.0
2008,MAHARASHTRA,MUMBAI COMMR.,342.0,654.0,189.0,363.0,399.0,18324.0,20271.0,6.0,0.4638761769021734,18396.0,1875.0,5.0
2008,MAHARASHTRA,MUMBAI RLY.,9.0,16.0,8.0,41.0,24.0,1974.0,2072.0,6.0,0.2580587385070024,1816.0,256.0,1.0
2008,MAHARASHTRA,NAGPUR COMMR.,161.0,144.0,43.0,335.0,274.0,3416.0,4373.0,6.0,0.8427133216495326,4873.0,-500.0,5.0
2008,MAHARASHTRA,NAGPUR RLY.,12.0,9.0,3.0,27.0,19.0,1020.0,1090.0,6.0,0.32977633462718137,930.0,160.0,1.0
2008,MAHARASHTRA,NANDED,150.0,100.0,29.0,96.0,352.0,956.0,1683.0,6.0,1.2650913303456264,1738.0,-55.0,5.0
2008,MAHARASHTRA,NANDURBAR,45.0,32.0,10.0,24.0,116.0,319.0,546.0,6.0,1.225668558630893,532.0,14.0,2.0
2008,MAHARASHTRA,NASIK COMMR.,74.0,56.0,34.0,100.0,196.0,2070.0,2530.0,6.0,0.7356096387254373,1968.0,562.0,4.0
2008,MAHARASHTRA,NAVI MUMBAI,100.0,43.0,26.0,138.0,199.0,2409.0,2915.0,6.0,0.7052095545193151,2876.0,39.0,4.0
2008,MAHARASHTRA,OSMANABAD,79.0,102.0,22.0,65.0,204.0,728.0,1200.0,6.0,1.224320706069094,1302.0,-102.0,4.0
2008,MAHARASHTRA,PARBHANI,90.0,68.0,17.0,93.0,232.0,652.0,1152.0,6.0,1.2764788876128945,944.0,208.0,4.0
2008,MAHARASHTRA,PUNE COMMR.,283.0,205.0,110.0,416.0,551.0,7586.0,9151.0,6.0,0.7109267842730167,7884.0,1267.0,5.0
2008,MAHARASHTRA,PUNE RLY.,4.0,4.0,1.0,14.0,7.0,384.0,414.0,6.0,0.3574957594759254,343.0,71.0,1.0
2008,MAHARASHTRA,RAIGAD,77.0,50.0,6.0,29.0,145.0,518.0,825.0,6.0,1.1425471781158778,1087.0,-262.0,3.0
2008,MAHARASHTRA,RATNAGIRI,34.0,59.0,15.0,14.0,118.0,442.0,682.0,6.0,1.1095776399199653,726.0,-44.0,3.0
2008,MAHARASHTRA,SANGLI,79.0,109.0,21.0,30.0,204.0,1017.0,1460.0,6.0,1.0192454971164002,1279.0,181.0,4.0
2008,MAHARASHTRA,SATARA,93.0,96.0,21.0,97.0,284.0,1699.0,2290.0,6.0,0.9203622447100408,2033.0,257.0,4.0
2008,MAHARASHTRA,SINDHUDURG,14.0,42.0,2.0,4.0,51.0,238.0,351.0,6.0,1.006700964232629,374.0,-23.0,1.0
2008,MAHARASHTRA,SOLAPUR COMMR.,33.0,41.0,12.0,35.0,59.0,691.0,871.0,6.0,0.8220798716553118,742.0,129.0,2.0
2008,MAHARASHTRA,THANE COMMR.,177.0,223.0,103.0,152.0,401.0,4437.0,5493.0,6.0,0.7781135180548694,5248.0,245.0,5.0
2008,MAHARASHTRA,WARDHA,66.0,154.0,26.0,48.0,232.0,1184.0,1710.0,6.0,1.0318876787541311,1415.0,295.0,4.0
2008,MAHARASHTRA,WASHIM,59.0,79.0,22.0,44.0,142.0,639.0,985.0,6.0,1.1546977265241272,847.0,138.0,3.0
2008,MAHARASHTRA,YAVATMAL,134.0,157.0,34.0,59.0,203.0,1297.0,1884.0,6.0,1.07308376221465,1916.0,-32.0,4.0
2008,MANIPUR,BISHNUPUR,59.0,19.0,14.0,0.0,8.0,57.0,157.0,5.0,1.358441302104859,166.0,-9.0,2.0
2008,MANIPUR,CHANDEL,23.0,0.0,2.0,0.0,4.0,6.0,35.0,4.0,0.9896796161368929,52.0,-17.0,1.0
2008,MANIPUR,CHURACHANDPUR,24.0,2.0,5.0,0.0,2.0,29.0,62.0,5.0,1.147381977264951,104.0,-42.0,1.0
2008,MANIPUR,CID,0.0,0.0,0.0,0.0,0.0,2.0,2.0,1.0,-0.0,,,1.0
2008,MANIPUR,IMPHAL EAST,134.0,23.0,43.0,1.0,8.0,137.0,346.0,6.0,1.2775618261949857,276.0,70.0,3.0
2008,MANIPUR,IMPHAL WEST,236.0,34.0,60.0,0.0,33.0,301.0,664.0,5.0,1.24489935312986,637.0,27.0,4.0
2008,MANIPUR,SENAPATI,20.0,2.0,6.0,3.0,7.0,27.0,65.0,6.0,1.4365980400636917,80.0,-15.0,1.0
2008,MANIPUR,TAMENGLONG,6.0,0.0,2.0,0.0,1.0,4.0,13.0,4.0,1.204793309694784,17.0,-4.0,1.0
2008,MANIPUR,THOUBAL,172.0,14.0,44.0,4.0,21.0,117.0,372.0,6.0,1.3074027372652435,269.0,103.0,3.0
2008,MANIPUR,UKHRUL,15.0,1.0,0.0,0.0,5.0,27.0,48.0,4.0,1.0033773033907964,41.0,7.0,1.0
2008,MEGHALAYA,GARO HILLS EAST,18.0,2.0,10.0,11.0,2.0,38.0,81.0,6.0,1.4014830637502667,122.0,-41.0,1.0
2008,MEGHALAYA,GARO HILLS SOUTH,5.0,2.0,2.0,6.0,0.0,14.0,29.0,5.0,1.3494634950074316,36.0,-7.0,1.0
2008,MEGHALAYA,GARO HILLS WEST,37.0,31.0,9.0,25.0,18.0,187.0,307.0,6.0,1.2625204318916092,172.0,135.0,2.0
2008,MEGHALAYA,JAINTIA HILLS,43.0,25.0,7.0,16.0,5.0,128.0,224.0,6.0,1.263015004803105,187.0,37.0,2.0
2008,MEGHALAYA,KHASI HILLS EAST,48.0,48.0,19.0,38.0,8.0,490.0,651.0,6.0,0.9213635812321472,694.0,-43.0,2.0
2008,MEGHALAYA,KHASI HILLS WEST,20.0,18.0,5.0,24.0,1.0,38.0,106.0,6.0,1.507872182099476,91.0,15.0,1.0
2008,MEGHALAYA,RI-BHOI,16.0,16.0,4.0,8.0,2.0,78.0,124.0,6.0,1.1742079226010103,112.0,12.0,1.0
2008,MIZORAM,AIZAWL,23.0,75.0,1.0,3.0,5.0,609.0,716.0,6.0,0.5512383695512939,864.0,-148.0,2.0
2008,MIZORAM,CHAMPHAI,5.0,12.0,1.0,0.0,1.0,106.0,125.0,5.0,0.5707888306182561,131.0,-6.0,1.0
2008,MIZORAM,KOLASIB,4.0,20.0,4.0,4.0,1.0,122.0,155.0,6.0,0.7683235345839188,172.0,-17.0,1.0
2008,MIZORAM,LAWNGTLAI,4.0,10.0,0.0,0.0,1.0,56.0,71.0,4.0,0.6853457494978172,66.0,5.0,1.0
2008,MIZORAM,LUNGLEI,8.0,21.0,2.0,2.0,8.0,164.0,205.0,6.0,0.7554162291653468,198.0,7.0,1.0
2008,MIZORAM,MAMIT,2.0,5.0,1.0,1.0,2.0,36.0,47.0,6.0,0.875116536415798,65.0,-18.0,1.0
2008,MIZORAM,SAIHA,2.0,1.0,0.0,0.0,1.0,32.0,36.0,4.0,0.4643566259363561,58.0,-22.0,1.0
2008,MIZORAM,SERCHHIP,3.0,11.0,0.0,0.0,0.0,51.0,65.0,3.0,0.632913544730606,62.0,3.0,1.0
2008,NAGALAND,DIMAPUR,78.0,17.0,31.0,68.0,6.0,275.0,475.0,6.0,1.2438818539389906,401.0,74.0,2.0
2008,NAGALAND,KIPHIRE,4.0,0.0,0.0,0.0,0.0,6.0,10.0,2.0,0.6730116670092565,8.0,2.0,1.0
2008,NAGALAND,KOHIMA,35.0,7.0,5.0,13.0,0.0,75.0,135.0,5.0,1.1774103864390928,163.0,-28.0,1.0
2008,NAGALAND,LONGLENG,2.0,0.0,0.0,1.0,0.0,3.0,6.0,3.0,1.0114042647073518,6.0,0.0,1.0
2008,NAGALAND,MOKOKCHUNG,26.0,1.0,3.0,2.0,3.0,30.0,65.0,6.0,1.1786272771025332,54.0,11.0,1.0
2008,NAGALAND,MON,19.0,2.0,0.0,2.0,0.0,29.0,52.0,4.0,0.9441570186581602,37.0,15.0,1.0
2008,NAGALAND,PEREN,6.0,1.0,0.0,1.0,0.0,7.0,15.0,4.0,1.0832550105185086,19.0,-4.0,1.0
2008,NAGALAND,PHEK,18.0,3.0,1.0,1.0,0.0,11.0,34.0,5.0,1.1234376861185917,31.0,3.0,1.0
2008,NAGALAND,TUENSANG,3.0,1.0,0.0,2.0,1.0,7.0,14.0,5.0,1.3316643102930148,36.0,-22.0,1.0
2008,NAGALAND,WOKHA,10.0,1.0,4.0,2.0,8.0,45.0,70.0,6.0,1.1357428547830306,47.0,23.0,1.0
2008,NAGALAND,ZUNHEBOTO,2.0,1.0,0.0,1.0,0.0,31.0,35.0,4.0,0.47420812719914446,32.0,3.0,1.0
2008,ODISHA,ANGUL,117.0,233.0,49.0,79.0,176.0,542.0,1196.0,6.0,1.4971131511397877,1156.0,40.0,4.0
2008,ODISHA,BALASORE,76.0,126.0,47.0,49.0,63.0,622.0,983.0,6.0,1.2217692305521746,935.0,48.0,4.0
2008,ODISHA,BARAGARH,112.0,93.0,8.0,33.0,117.0,271.0,634.0,6.0,1.4719662113143988,598.0,36.0,3.0
2008,ODISHA,BERHAMPUR,63.0,113.0,22.0,33.0,65.0,249.0,545.0,6.0,1.4865088432093607,527.0,18.0,3.0
2008,ODISHA,BHADRAK,67.0,131.0,46.0,31.0,54.0,231.0,560.0,6.0,1.5501867979058224,458.0,102.0,3.0
2008,ODISHA,BOLANGIR,71.0,166.0,24.0,40.0,114.0,318.0,733.0,6.0,1.4848296349410903,754.0,-21.0,3.0
2008,ODISHA,BOUDH,18.0,66.0,2.0,3.0,60.0,48.0,197.0,6.0,1.4014557180785767,190.0,7.0,1.0
2008,ODISHA,CUTTACK,64.0,51.0,35.0,51.0,59.0,367.0,627.0,6.0,1.3380846244423394,1615.0,-988.0,3.0
2008,ODISHA,DCP BBSR,111.0,97.0,45.0,120.0,80.0,1806.0,2259.0,6.0,0.8143886679641279,,,4.0
2008,ODISHA,DCP CTC,86.0,36.0,21.0,81.0,31.0,777.0,1032.0,6.0,0.9221060220516023,,,3.0
2008,ODISHA,DEOGARH,63.0,109.0,8.0,14.0,35.0,69.0,298.0,6.0,1.5274717655556196,287.0,11.0,2.0
2008,ODISHA,DHENKANAL,105.0,213.0,24.0,58.0,112.0,281.0,793.0,6.0,1.5620154154929518,883.0,-90.0,4.0
2008,ODISHA,GAJAPATI,29.0,60.0,4.0,8.0,121.0,47.0,269.0,6.0,1.4060847778232872,165.0,104.0,2.0
2008,ODISHA,GANJAM,212.0,307.0,45.0,75.0,167.0,356.0,1162.0,6.0,1.606064653288324,1083.0,79.0,5.0
2008,ODISHA,JAGATSINGHPUR,33.0,47.0,29.0,33.0,42.0,283.0,467.0,6.0,1.298317241806572,400.0,67.0,2.0
2008,ODISHA,JAJPUR,140.0,134.0,64.0,58.0,63.0,395.0,854.0,6.0,1.51282106591498,757.0,97.0,4.0
2008,ODISHA,JHARSUGUDA,63.0,79.0,12.0,58.0,74.0,417.0,703.0,6.0,1.2839113528292732,629.0,74.0,3.0
2008,ODISHA,KALAHANDI,39.0,120.0,29.0,35.0,108.0,173.0,504.0,6.0,1.5863534646345225,519.0,-15.0,3.0
2008,ODISHA,KANDHAMAL,57.0,116.0,15.0,20.0,1133.0,191.0,1532.0,6.0,0.902506050415316,427.0,1105.0,5.0
2008,ODISHA,KENDRAPARA,61.0,38.0,31.0,56.0,50.0,199.0,435.0,6.0,1.5469927248910662,429.0,6.0,3.0
2008,ODISHA,KEONJHAR,243.0,269.0,58.0,101.0,110.0,421.0,1202.0,6.0,1.5988757075454392,1000.0,202.0,5.0
2008,ODISHA,KHURDA,30.0,39.0,33.0,46.0,32.0,232.0,412.0,6.0,1.3827619451456714,2773.0,-2361.0,2.0
2008,ODISHA,KORAPUT,106.0,160.0,28.0,49.0,106.0,236.0,685.0,6.0,1.6036639108643551,612.0,73.0,4.0
2008,ODISHA,MALKANGIR,81.0,45.0,8.0,9.0,27.0,65.0,235.0,6.0,1.5277407693657339,176.0,59.0,2.0
2008,ODISHA,MAYURBHANJ,148.0,290.0,51.0,42.0,38.0,409.0,978.0,6.0,1.426209170740962,976.0,2.0,4.0
2008,ODISHA,NAYAGARH,41.0,41.0,25.0,39.0,48.0,183.0,377.0,6.0,1.5104485726361452,402.0,-25.0,3.0
2008,ODISHA,NOWRANGPUR,55.0,105.0,21.0,15.0,59.0,130.0,385.0,6.0,1.5714795059430722,304.0,81.0,2.0
2008,ODISHA,NUAPADA,19.0,73.0,17.0,9.0,37.0,127.0,282.0,6.0,1.4365763950478514,239.0,43.0,2.0
2008,ODISHA,PURI,58.0,61.0,31.0,136.0,98.0,627.0,1011.0,6.0,1.232598322866204,883.0,128.0,4.0
2008,ODISHA,RAYAGADA,37.0,73.0,14.0,19.0,80.0,139.0,362.0,6.0,1.5376313591475346,354.0,8.0,2.0
2008,ODISHA,ROURKELA,93.0,136.0,23.0,67.0,41.0,501.0,861.0,6.0,1.2874096017943801,517.0,344.0,3.0
2008,ODISHA,SAMBALPUR,104.0,115.0,13.0,92.0,109.0,546.0,979.0,6.0,1.3394227365778208,849.0,130.0,4.0
2008,ODISHA,SONEPUR,35.0,39.0,3.0,6.0,26.0,111.0,220.0,6.0,1.3534873537760617,236.0,-16.0,1.0
2008,ODISHA,SRP(CUTTACK),5.0,7.0,4.0,15.0,0.0,333.0,364.0,5.0,0.39730238348822916,235.0,129.0,1.0
2008,ODISHA,SRP(ROURKELA),10.0,4.0,2.0,9.0,3.0,152.0,180.0,6.0,0.6559678510779647,144.0,36.0,1.0
2008,ODISHA,SUNDARGARH,97.0,103.0,17.0,61.0,52.0,251.0,581.0,6.0,1.5241219369649572,739.0,-158.0,3.0
2008,PUNJAB,AMRITSAR,126.0,40.0,54.0,22.0,5.0,949.0,1196.0,6.0,0.770546537878646,1091.0,105.0,3.0
2008,PUNJAB,BARNALA,59.0,23.0,7.0,5.0,1.0,159.0,254.0,6.0,1.04790353900522,230.0,24.0,1.0
2008,PUNJAB,BATALA,30.0,29.0,19.0,4.0,0.0,273.0,355.0,5.0,0.8226450608737021,502.0,-147.0,2.0
2008,PUNJAB,BHATINDA,113.0,49.0,44.0,16.0,15.0,830.0,1067.0,6.0,0.8290599849072617,874.0,193.0,3.0
2008,PUNJAB,FARIDKOT,39.0,24.0,13.0,4.0,3.0,282.0,365.0,6.0,0.8249511999127961,476.0,-111.0,1.0
2008,PUNJAB,FATEHGARH SAHIB,31.0,18.0,16.0,2.0,0.0,325.0,392.0,5.0,0.6550087960269637,645.0,-253.0,1.0
2008,PUNJAB,FEROZPUR,127.0,59.0,30.0,6.0,8.0,631.0,861.0,6.0,0.88880474945345,698.0,163.0,3.0
2008,PUNJAB,G.R.P,15.0,3.0,0.0,2.0,0.0,60.0,80.0,4.0,0.744982159961589,64.0,16.0,1.0
2008,PUNJAB,GURDASPUR,78.0,39.0,25.0,0.0,0.0,245.0,387.0,4.0,1.020485804435447,406.0,-19.0,2.0
2008,PUNJAB,HOSHIARPUR,86.0,56.0,22.0,9.0,6.0,402.0,581.0,6.0,0.9988371359068273,662.0,-81.0,2.0
2008,PUNJAB,JALANDHAR,184.0,103.0,110.0,17.0,10.0,1470.0,1894.0,6.0,0.816824007394515,1969.0,-75.0,4.0
2008,PUNJAB,KAPURTHALA,98.0,43.0,23.0,22.0,1.0,578.0,765.0,6.0,0.8529328077906838,665.0,100.0,2.0
2008,PUNJAB,KHANNA,41.0,17.0,19.0,12.0,0.0,354.0,443.0,5.0,0.7574176047295447,388.0,55.0,2.0
2008,PUNJAB,LUDHIANA,152.0,82.0,115.0,22.0,2.0,1095.0,1468.0,6.0,0.8860667685712678,1656.0,-188.0,4.0
2008,PUNJAB,MANSA,79.0,19.0,11.0,4.0,1.0,190.0,304.0,6.0,1.0131220431667114,275.0,29.0,2.0
2008,PUNJAB,MOGA,65.0,38.0,24.0,8.0,4.0,334.0,473.0,6.0,0.9816354731149648,514.0,-41.0,2.0
2008,PUNJAB,MUKTSAR,68.0,18.0,12.0,2.0,3.0,240.0,343.0,6.0,0.9140932220325162,320.0,23.0,2.0
2008,PUNJAB,PATIALA,96.0,52.0,44.0,2.0,3.0,774.0,971.0,6.0,0.7370852684714247,846.0,125.0,3.0
2008,PUNJAB,ROPAR,24.0,28.0,11.0,7.0,6.0,277.0,353.0,6.0,0.8291404555545808,332.0,21.0,1.0
2008,PUNJAB,SANGRUR,101.0,49.0,23.0,19.0,2.0,484.0,678.0,6.0,0.9462822973933597,676.0,2.0,3.0
2008,PUNJAB,SAS NGR,40.0,20.0,28.0,4.0,0.0,728.0,820.0,5.0,0.4848459372677989,734.0,86.0,2.0
2008,PUNJAB,SBS NAGAR,36.0,23.0,7.0,9.0,0.0,238.0,313.0,5.0,0.8359160936583176,,,1.0
2008,PUNJAB,TARN TARAN,73.0,40.0,17.0,4.0,0.0,260.0,394.0,5.0,1.00110789984143,557.0,-163.0,2.0
2008,RAJASTHAN,AJMER,83.0,153.0,102.0,33.0,43.0,1620.0,2034.0,6.0,0.8048892385528565,2220.0,-186.0,4.0
2008,RAJASTHAN,ALWAR,168.0,222.0,142.0,38.0,54.0,2182.0,2806.0,6.0,0.8501385681647557,2804.0,2.0,5.0
2008,RAJASTHAN,BANSWARA,53.0,108.0,50.0,10.0,142.0,232.0,595.0,6.0,1.5110939138565729,561.0,34.0,4.0
2008,RAJASTHAN,BARAN,148.0,221.0,45.0,17.0,23.0,573.0,1027.0,6.0,1.225322531169991,866.0,161.0,4.0
2008,RAJASTHAN,BARMER,41.0,102.0,24.0,6.0,29.0,495.0,697.0,6.0,0.9801638871239373,703.0,-6.0,2.0
2008,RAJASTHAN,BHARATPUR,116.0,113.0,100.0,39.0,25.0,1484.0,1877.0,6.0,0.8211893349808856,1872.0,5.0,4.0
2008,RAJASTHAN,BHILWARA,72.0,119.0,68.0,46.0,50.0,1347.0,1702.0,6.0,0.8348169957748769,1575.0,127.0,4.0
2008,RAJASTHAN,BIKANER,108.0,122.0,29.0,18.0,16.0,884.0,1177.0,6.0,0.8827372987419038,1183.0,-6.0,3.0
2008,RAJASTHAN,BUNDI,88.0,131.0,70.0,8.0,38.0,476.0,811.0,6.0,1.2486332070450241,819.0,-8.0,3.0
2008,RAJASTHAN,CHITTORGARH,56.0,113.0,104.0,22.0,114.0,921.0,1330.0,6.0,1.0750324000215448,1900.0,-570.0,4.0
2008,RAJASTHAN,CHURU,55.0,53.0,43.0,5.0,12.0,568.0,736.0,6.0,0.8502091448510066,670.0,66.0,3.0
2008,RAJASTHAN,DAUSA,67.0,55.0,61.0,18.0,64.0,1207.0,1472.0,6.0,0.7483043623028004,1349.0,123.0,3.0
2008,RAJASTHAN,DHOLPUR,131.0,30.0,64.0,23.0,21.0,608.0,877.0,6.0,1.0293086405840115,848.0,29.0,3.0
2008,RAJASTHAN,DUNGARPUR,38.0,92.0,50.0,16.0,123.0,184.0,503.0,6.0,1.5572855019164016,445.0,58.0,3.0
2008,RAJASTHAN,G.R.P.,8.0,19.0,4.0,7.0,4.0,380.0,422.0,6.0,0.4654871270603925,540.0,-118.0,1.0
2008,RAJASTHAN,GANGANAGAR,112.0,129.0,66.0,7.0,31.0,1117.0,1462.0,6.0,0.8638023156420259,1647.0,-185.0,4.0
2008,RAJASTHAN,HANUMANGARH,138.0,101.0,35.0,6.0,11.0,703.0,994.0,6.0,0.9499578679605593,975.0,19.0,3.0
2008,RAJASTHAN,JAIPUR EAST,44.0,74.0,64.0,112.0,136.0,3428.0,3858.0,6.0,0.5205353829312371,3572.0,286.0,4.0
2008,RAJASTHAN,JAIPUR NORTH,52.0,51.0,69.0,28.0,62.0,1372.0,1634.0,6.0,0.6921233472814863,1736.0,-102.0,3.0
2008,RAJASTHAN,JAIPUR SOUTH,42.0,41.0,52.0,48.0,68.0,2935.0,3186.0,6.0,0.40115879626594053,2772.0,414.0,3.0
2008,RAJASTHAN,JAISALMER,7.0,23.0,11.0,4.0,24.0,238.0,307.0,6.0,0.852797338084979,316.0,-9.0,1.0
2008,RAJASTHAN,JALORE,44.0,63.0,27.0,9.0,46.0,360.0,549.0,6.0,1.1507224783150547,552.0,-3.0,2.0
2008,RAJASTHAN,JHALAWAR,157.0,188.0,66.0,20.0,104.0,657.0,1192.0,6.0,1.3282380216591618,1066.0,126.0,4.0
2008,RAJASTHAN,JHUNJHUNU,54.0,72.0,44.0,3.0,54.0,877.0,1104.0,6.0,0.8006018838416511,994.0,110.0,3.0
2008,RAJASTHAN,KARAULI,73.0,60.0,64.0,25.0,23.0,765.0,1010.0,6.0,0.9205511487090151,901.0,109.0,3.0
2008,RAJASTHAN,NAGAUR,79.0,175.0,64.0,14.0,17.0,847.0,1196.0,6.0,0.9742593718430286,1265.0,-69.0,3.0
2008,RAJASTHAN,PALI,58.0,159.0,96.0,9.0,20.0,825.0,1167.0,6.0,0.9786270654152286,1229.0,-62.0,4.0
2008,RAJASTHAN,PRATAPGARH,45.0,100.0,54.0,5.0,47.0,237.0,488.0,6.0,1.4113064930570125,,,3.0
2008,RAJASTHAN,RAJSAMAND,24.0,47.0,48.0,13.0,35.0,352.0,519.0,6.0,1.117361348788313,580.0,-61.0,2.0
2008,RAJASTHAN,SAWAI MADHOPUR,56.0,45.0,50.0,17.0,8.0,767.0,943.0,6.0,0.749481772746586,948.0,-5.0,2.0
2008,RAJASTHAN,SIKAR,73.0,58.0,48.0,14.0,51.0,983.0,1227.0,6.0,0.7998045781034766,1139.0,88.0,3.0
2008,RAJASTHAN,SIROHI,50.0,83.0,40.0,13.0,52.0,377.0,615.0,6.0,1.2424587725801495,573.0,42.0,2.0
2008,RAJASTHAN,TONK,44.0,63.0,50.0,8.0,95.0,612.0,872.0,6.0,1.0375130754462376,810.0,62.0,3.0
2008,RAJASTHAN,UDAIPUR,145.0,250.0,174.0,58.0,183.0,1392.0,2202.0,6.0,1.2191483348636873,2408.0,-206.0,5.0
2008,SIKKIM,EAST,11.0,10.0,2.0,2.0,13.0,154.0,192.0,6.0,0.7720249029045463,192.0,0.0,1.0
2008,SIKKIM,NORTH,3.0,2.0,0.0,0.0,1.0,11.0,17.0,4.0,1.0062145659440809,10.0,7.0,1.0
2008,SIKKIM,SOUTH,3.0,19.0,1.0,6.0,14.0,56.0,99.0,6.0,1.2379760967879534,78.0,21.0,1.0
2008,SIKKIM,WEST,2.0,8.0,1.0,0.0,12.0,39.0,62.0,5.0,1.0510116319633045,56.0,6.0,1.0
2008,TAMIL NADU,CHENNAI,230.0,81.0,43.0,46.0,55.0,2165.0,2620.0,6.0,0.6982039026608189,4059.0,-1439.0,4.0
2008,TAMIL NADU,CHENNAI RLY.,5.0,5.0,1.0,17.0,9.0,252.0,289.0,6.0,0.5541424070667528,153.0,136.0,1.0
2008,TAMIL NADU,CUDDALORE,134.0,45.0,56.0,19.0,193.0,561.0,1008.0,6.0,1.2851212512351902,1152.0,-144.0,4.0
2008,TAMIL NADU,DHARMAPURI,114.0,148.0,49.0,45.0,244.0,287.0,887.0,6.0,1.5938275198792535,578.0,309.0,4.0
2008,TAMIL NADU,DINDIGUL,127.0,60.0,53.0,10.0,106.0,592.0,948.0,6.0,1.1922403378151687,737.0,211.0,4.0
2008,TAMIL NADU,ERODE,103.0,99.0,57.0,33.0,64.0,899.0,1255.0,6.0,1.0323772355730987,1188.0,67.0,3.0
2008,TAMIL NADU,KANCHIPURAM,151.0,44.0,18.0,9.0,93.0,500.0,815.0,6.0,1.15134625537097,904.0,-89.0,3.0
2008,TAMIL NADU,KANYAKUMARI,88.0,35.0,42.0,23.0,38.0,729.0,955.0,6.0,0.9024445996803135,660.0,295.0,3.0
2008,TAMIL NADU,KARUR,37.0,14.0,13.0,13.0,26.0,373.0,476.0,6.0,0.8488239273571521,341.0,135.0,2.0
2008,TAMIL NADU,KRISHNAGIRI,119.0,60.0,44.0,44.0,208.0,434.0,909.0,6.0,1.4291830418388043,807.0,102.0,4.0
2008,TAMIL NADU,NAGAPATTINAM,112.0,69.0,28.0,3.0,56.0,300.0,568.0,6.0,1.3178657450746722,589.0,-21.0,3.0
2008,TAMIL NADU,NAMAKKAL,80.0,68.0,49.0,36.0,99.0,456.0,788.0,6.0,1.3345131692746166,509.0,279.0,3.0
2008,TAMIL NADU,NILGIRIS,16.0,24.0,4.0,6.0,25.0,202.0,277.0,6.0,0.9681604078451599,250.0,27.0,1.0
2008,TAMIL NADU,PERAMBALUR,79.0,96.0,31.0,3.0,58.0,410.0,677.0,6.0,1.2071197558976987,499.0,178.0,3.0
2008,TAMIL NADU,PUDUKOTTAI,81.0,49.0,34.0,3.0,51.0,276.0,494.0,6.0,1.3005205029253393,579.0,-85.0,2.0
2008,TAMIL NADU,RAMNATHAPURAM,140.0,40.0,28.0,24.0,75.0,350.0,657.0,6.0,1.3384475677577452,530.0,127.0,3.0
2008,TAMIL NADU,SIVAGANGAI,83.0,8.0,43.0,20.0,58.0,467.0,679.0,6.0,1.0553972524931192,583.0,96.0,3.0
2008,TAMIL NADU,THANJAVUR,159.0,115.0,29.0,21.0,98.0,719.0,1141.0,6.0,1.1746133364635316,1175.0,-34.0,4.0
2008,TAMIL NADU,THENI,84.0,37.0,35.0,21.0,77.0,428.0,682.0,6.0,1.2142635692705315,697.0,-15.0,3.0
2008,TAMIL NADU,THIRUVALLUR,78.0,35.0,22.0,34.0,84.0,351.0,604.0,6.0,1.3017791019346372,449.0,155.0,3.0
2008,TAMIL NADU,THIRUVANNAMALAI,97.0,40.0,34.0,9.0,149.0,437.0,766.0,6.0,1.2449782167967174,552.0,214.0,3.0
2008,TAMIL NADU,THIRUVARUR,62.0,57.0,14.0,13.0,52.0,205.0,403.0,6.0,1.4001546326896444,588.0,-185.0,2.0
2008,TAMIL NADU,THOOTHUGUDI,199.0,14.0,48.0,33.0,12.0,884.0,1190.0,6.0,0.8474264147140684,949.0,241.0,3.0
2008,TAMIL NADU,TRICHY RLY.,2.0,0.0,0.0,1.0,0.0,40.0,43.0,3.0,0.29744494067781024,35.0,8.0,1.0
2008,TAMIL NADU,VELLORE,111.0,46.0,53.0,10.0,40.0,625.0,885.0,6.0,1.018947375875524,876.0,9.0,3.0
2008,TAMIL NADU,VILLUPURAM,162.0,128.0,64.0,26.0,279.0,457.0,1116.0,6.0,1.4922212825651386,1200.0,-84.0,5.0
2008,TAMIL NADU,VIRUDHUNAGAR,114.0,36.0,52.0,25.0,80.0,677.0,984.0,6.0,1.0807565307668345,904.0,80.0,3.0
2008,TRIPURA,DHALAI,23.0,54.0,18.0,17.0,24.0,68.0,204.0,6.0,1.6371756808429718,170.0,34.0,2.0
2008,TRIPURA,NORTH,44.0,108.0,27.0,8.0,25.0,151.0,363.0,6.0,1.4429460984022242,266.0,97.0,2.0
2008,TRIPURA,SOUTH,56.0,180.0,34.0,43.0,67.0,243.0,623.0,6.0,1.5255447099846813,522.0,101.0,3.0
2008,TRIPURA,WEST,87.0,208.0,67.0,40.0,128.0,389.0,919.0,6.0,1.5252406936137266,728.0,191.0,4.0
2008,UTTAR PRADESH,AGRA,282.0,165.0,229.0,78.0,245.0,2526.0,3525.0,6.0,1.0314292916352845,3101.0,424.0,5.0
2008,UTTAR PRADESH,ALIGARH,312.0,99.0,162.0,79.0,194.0,1183.0,2029.0,6.0,1.3024559468454593,1942.0,87.0,5.0
2008,UTTAR PRADESH,ALLAHABAD,265.0,140.0,144.0,65.0,180.0,1347.0,2141.0,6.0,1.2242971131955631,1706.0,435.0,5.0
2008,UTTAR PRADESH,AMBEDKAR NAGAR,64.0,38.0,51.0,14.0,24.0,256.0,447.0,6.0,1.3202198496397555,398.0,49.0,3.0
2008,UTTAR PRADESH,AURAIYA,57.0,18.0,29.0,14.0,24.0,135.0,277.0,6.0,1.4523049335863987,370.0,-93.0,2.0
2008,UTTAR PRADESH,AZAMGARH,132.0,41.0,60.0,33.0,57.0,346.0,669.0,6.0,1.4068999491946867,461.0,208.0,4.0
2008,UTTAR PRADESH,BADAUN,217.0,38.0,53.0,14.0,19.0,264.0,605.0,6.0,1.312611635459687,639.0,-34.0,4.0
2008,UTTAR PRADESH,BAGHPAT,145.0,35.0,51.0,56.0,69.0,308.0,664.0,6.0,1.4846820610332205,520.0,144.0,4.0
2008,UTTAR PRADESH,BAHRAICH,103.0,48.0,64.0,22.0,42.0,246.0,525.0,6.0,1.4849985151108698,571.0,-46.0,3.0
2008,UTTAR PRADESH,BALLIA,90.0,27.0,33.0,16.0,54.0,286.0,506.0,6.0,1.3120397696728021,387.0,119.0,3.0
2008,UTTAR PRADESH,BALRAMPUR,32.0,24.0,21.0,3.0,10.0,84.0,174.0,6.0,1.4255948916920178,217.0,-43.0,2.0
2008,UTTAR PRADESH,BANDA,82.0,105.0,40.0,20.0,77.0,366.0,690.0,6.0,1.388396733554378,407.0,283.0,3.0
2008,UTTAR PRADESH,BARABANKI,139.0,57.0,83.0,22.0,16.0,437.0,754.0,6.0,1.2508502868337579,670.0,84.0,4.0
2008,UTTAR PRADESH,BAREILLY,337.0,156.0,155.0,63.0,120.0,1113.0,1944.0,6.0,1.3102183926086814,1745.0,199.0,5.0
2008,UTTAR PRADESH,BASTI,61.0,12.0,18.0,7.0,26.0,252.0,376.0,6.0,1.0775761427543005,407.0,-31.0,2.0
2008,UTTAR PRADESH,BIJNOR,180.0,82.0,92.0,37.0,54.0,513.0,958.0,6.0,1.371780585508094,824.0,134.0,4.0
2008,UTTAR PRADESH,BULANDSHAHAR,221.0,79.0,77.0,12.0,52.0,524.0,965.0,6.0,1.2877150955245114,1451.0,-486.0,4.0
2008,UTTAR PRADESH,CHANDOLI,56.0,14.0,11.0,8.0,8.0,274.0,371.0,6.0,0.9026939463978052,297.0,74.0,2.0
2008,UTTAR PRADESH,CHITRAKOOT DHAM,51.0,43.0,20.0,15.0,13.0,128.0,270.0,6.0,1.4606651954424943,198.0,72.0,2.0
2008,UTTAR PRADESH,DEORIA,65.0,21.0,20.0,4.0,43.0,143.0,296.0,6.0,1.39256096191542,328.0,-32.0,2.0
2008,UTTAR PRADESH,ETAH,166.0,61.0,80.0,26.0,55.0,432.0,820.0,6.0,1.3720005614126052,1252.0,-432.0,4.0
2008,UTTAR PRADESH,ETAWAH,154.0,62.0,89.0,39.0,15.0,570.0,929.0,6.0,1.202705022518312,715.0,214.0,4.0
2008,UTTAR PRADESH,FAIZABAD,69.0,49.0,58.0,16.0,36.0,444.0,672.0,6.0,1.1556862496057565,633.0,39.0,3.0
2008,UTTAR PRADESH,FATEHGARH,144.0,58.0,61.0,17.0,22.0,249.0,551.0,6.0,1.4261895323693226,563.0,-12.0,3.0
2008,UTTAR PRADESH,FATEHPUR,148.0,48.0,53.0,34.0,8.0,353.0,644.0,6.0,1.2763547032366949,480.0,164.0,3.0
2008,UTTAR PRADESH,FIROZABAD,280.0,70.0,114.0,55.0,119.0,711.0,1349.0,6.0,1.370880533445725,1287.0,62.0,5.0
2008,UTTAR PRADESH,G.R.P.,38.0,20.0,11.0,58.0,27.0,1581.0,1735.0,6.0,0.4303113072723434,1465.0,270.0,2.0
2008,UTTAR PRADESH,GAUTAMBUDH NAGAR,144.0,41.0,70.0,42.0,70.0,2140.0,2507.0,6.0,0.6348190431592299,2228.0,279.0,4.0
2008,UTTAR PRADESH,GHAZIABAD,325.0,60.0,199.0,70.0,70.0,1680.0,2404.0,6.0,1.0252539821671418,2339.0,65.0,5.0
2008,UTTAR PRADESH,GHAZIPUR,105.0,23.0,25.0,69.0,125.0,232.0,579.0,6.0,1.5243599291080594,517.0,62.0,4.0
2008,UTTAR PRADESH,GONDA,122.0,66.0,54.0,27.0,46.0,351.0,666.0,6.0,1.3958032095752144,596.0,70.0,4.0
2008,UTTAR PRADESH,GORAKHPUR,153.0,76.0,150.0,50.0,116.0,894.0,1439.0,6.0,1.2447637448344775,947.0,492.0,5.0
2008,UTTAR PRADESH,HAMIRPUR,52.0,22.0,21.0,0.0,9.0,79.0,183.0,5.0,1.3714316169221328,147.0,36.0,2.0
2008,UTTAR PRADESH,HARDOI,142.0,109.0,64.0,21.0,33.0,292.0,661.0,6.0,1.4738072291704476,647.0,14.0,4.0
2008,UTTAR PRADESH,HATHRAS,122.0,60.0,62.0,51.0,37.0,345.0,677.0,6.0,1.4397045565516027,830.0,-153.0,4.0
2008,UTTAR PRADESH,J.P.NAGAR,82.0,46.0,38.0,12.0,28.0,317.0,523.0,6.0,1.2416288350300675,652.0,-129.0,3.0
2008,UTTAR PRADESH,JALAUN,69.0,40.0,34.0,17.0,12.0,157.0,329.0,6.0,1.4452404774984604,360.0,-31.0,2.0
2008,UTTAR PRADESH,JAUNPUR,119.0,57.0,47.0,36.0,80.0,461.0,800.0,6.0,1.3256218956591777,788.0,12.0,4.0
2008,UTTAR PRADESH,JHANSI,77.0,31.0,25.0,10.0,11.0,266.0,420.0,6.0,1.144989869586622,553.0,-133.0,2.0
2008,UTTAR PRADESH,KANNAUJ,95.0,38.0,42.0,22.0,26.0,170.0,393.0,6.0,1.5116521538526162,380.0,13.0,3.0
2008,UTTAR PRADESH,KANPUR DEHAT,100.0,90.0,67.0,13.0,97.0,304.0,671.0,6.0,1.4979166448449348,632.0,39.0,4.0
2008,UTTAR PRADESH,KANPUR NAGAR,321.0,208.0,296.0,168.0,227.0,2545.0,3765.0,6.0,1.1426462447874008,3514.0,251.0,5.0
2008,UTTAR PRADESH,KANSHIRAM NAGAR,122.0,50.0,40.0,9.0,31.0,140.0,392.0,6.0,1.51384995307161,,,3.0
2008,UTTAR PRADESH,KAUSHAMBI,99.0,85.0,46.0,34.0,49.0,302.0,615.0,6.0,1.4723472468389072,447.0,168.0,3.0
2008,UTTAR PRADESH,KHIRI,191.0,132.0,95.0,24.0,59.0,520.0,1021.0,6.0,1.3955590068244181,922.0,99.0,5.0
2008,UTTAR PRADESH,KUSHI NAGAR,45.0,14.0,15.0,2.0,22.0,114.0,212.0,6.0,1.3085522222060386,395.0,-183.0,2.0
2008,UTTAR PRADESH,LALITPUR,36.0,27.0,12.0,3.0,21.0,116.0,215.0,6.0,1.3405895295670704,200.0,15.0,2.0
2008,UTTAR PRADESH,LUCKNOW,322.0,308.0,389.0,164.0,444.0,5633.0,7260.0,6.0,0.882440938581137,5718.0,1542.0,5.0
2008,UTTAR PRADESH,MAHARAJGANJ,37.0,29.0,26.0,11.0,23.0,119.0,245.0,6.0,1.4882991800409429,346.0,-101.0,2.0
2008,UTTAR PRADESH,MAHOBA,40.0,36.0,26.0,18.0,26.0,137.0,283.0,6.0,1.5039382106938435,229.0,54.0,2.0
2008,UTTAR PRADESH,MAINPURI,214.0,29.0,88.0,57.0,58.0,488.0,934.0,6.0,1.3503869083648556,1056.0,-122.0,4.0
2008,UTTAR PRADESH,MATHURA,243.0,88.0,76.0,46.0,102.0,1069.0,1624.0,6.0,1.1355428462469535,1775.0,-151.0,5.0
2008,UTTAR PRADESH,MAU,77.0,48.0,50.0,14.0,89.0,296.0,574.0,6.0,1.4106892320714557,489.0,85.0,3.0
2008,UTTAR PRADESH,MEERUT,351.0,123.0,178.0,114.0,145.0,1510.0,2421.0,6.0,1.230208913617605,2371.0,50.0,5.0
2008,UTTAR PRADESH,MIRZAPUR,82.0,35.0,23.0,23.0,12.0,347.0,522.0,6.0,1.1052624675769773,327.0,195.0,2.0
2008,UTTAR PRADESH,MORADABAD,286.0,192.0,179.0,66.0,77.0,1272.0,2072.0,6.0,1.2370027861657296,1706.0,366.0,5.0
2008,UTTAR PRADESH,MUZAFFARNAGAR,393.0,79.0,135.0,88.0,131.0,981.0,1807.0,6.0,1.3314920649443278,1766.0,41.0,5.0
2008,UTTAR PRADESH,PILIBHIT,121.0,131.0,108.0,8.0,36.0,420.0,824.0,6.0,1.3656743275546843,480.0,344.0,4.0
2008,UTTAR PRADESH,PRATAPGARH,139.0,85.0,92.0,39.0,153.0,527.0,1035.0,6.0,1.4398645531885985,706.0,329.0,5.0
2008,UTTAR PRADESH,RAIBAREILLY,125.0,81.0,60.0,18.0,56.0,444.0,784.0,6.0,1.3211146779170044,725.0,59.0,4.0
2008,UTTAR PRADESH,RAMPUR,167.0,92.0,107.0,46.0,60.0,656.0,1128.0,6.0,1.3124196443198122,954.0,174.0,5.0
2008,UTTAR PRADESH,SAHARANPUR,149.0,31.0,31.0,24.0,71.0,693.0,999.0,6.0,1.0305259909600253,1140.0,-141.0,3.0
2008,UTTAR PRADESH,SANT KABIRNAGAR,35.0,14.0,40.0,10.0,13.0,166.0,278.0,6.0,1.2610767670164387,205.0,73.0,2.0
2008,UTTAR PRADESH,SHAHJAHANPUR,288.0,148.0,121.0,31.0,35.0,461.0,1084.0,6.0,1.4448726154626257,1178.0,-94.0,5.0
2008,UTTAR PRADESH,SHRAWASTI,42.0,19.0,16.0,5.0,8.0,97.0,187.0,6.0,1.3502659915158826,209.0,-22.0,1.0
2008,UTTAR PRADESH,SIDHARTHNAGAR,49.0,42.0,32.0,7.0,21.0,170.0,321.0,6.0,1.3813260327903367,287.0,34.0,2.0
2008,UTTAR PRADESH,SITAPUR,190.0,100.0,138.0,39.0,49.0,609.0,1125.0,6.0,1.358171181569365,1337.0,-212.0,5.0
2008,UTTAR PRADESH,SONBHADRA,66.0,64.0,30.0,7.0,13.0,226.0,406.0,6.0,1.285347557915645,299.0,107.0,2.0
2008,UTTAR PRADESH,ST.RAVIDASNAGAR,46.0,4.0,11.0,7.0,11.0,103.0,182.0,6.0,1.2182108930351374,221.0,-39.0,1.0
2008,UTTAR PRADESH,SULTANPUR,151.0,51.0,54.0,14.0,70.0,409.0,749.0,6.0,1.3216916276800503,738.0,11.0,4.0
2008,UTTAR PRADESH,UNNAO,153.0,86.0,78.0,20.0,30.0,334.0,701.0,6.0,1.4235124283929426,703.0,-2.0,4.0
2008,UTTAR PRADESH,VARANASI,113.0,26.0,59.0,27.0,98.0,1324.0,1647.0,6.0,0.7793561982363593,1875.0,-228.0,4.0
2008,UTTARAKHAND,ALMORA,20.0,7.0,7.0,6.0,13.0,60.0,113.0,6.0,1.3918749005393445,151.0,-38.0,1.0
2008,UTTARAKHAND,BAGESHWAR,7.0,5.0,3.0,0.0,3.0,18.0,36.0,5.0,1.3533265501311846,49.0,-13.0,1.0
2008,UTTARAKHAND,CHAMOLI,4.0,5.0,6.0,1.0,4.0,31.0,51.0,6.0,1.2584588757530022,139.0,-88.0,1.0
2008,UTTARAKHAND,CHAMPAWAT,5.0,2.0,4.0,1.0,1.0,20.0,33.0,6.0,1.227013414834669,42.0,-9.0,1.0
2008,UTTARAKHAND,DEHRADUN,98.0,44.0,65.0,38.0,172.0,887.0,1304.0,6.0,1.0906900916158548,1187.0,117.0,4.0
2008,UTTARAKHAND,HARIDWAR,149.0,53.0,61.0,59.0,145.0,779.0,1246.0,6.0,1.2243482071375738,1331.0,-85.0,4.0
2008,UTTARAKHAND,NAINITAL,53.0,14.0,22.0,13.0,20.0,247.0,369.0,6.0,1.1155307517046216,389.0,-20.0,2.0
2008,UTTARAKHAND,PAURI GARHWAL,11.0,3.0,4.0,4.0,8.0,63.0,93.0,6.0,1.1087708925957207,163.0,-70.0,1.0
2008,UTTARAKHAND,PITHORAGARH,12.0,6.0,0.0,4.0,2.0,34.0,58.0,5.0,1.1742849716606734,144.0,-86.0,1.0
2008,UTTARAKHAND,RUDRA PRAYAG,0.0,0.0,0.0,0.0,3.0,14.0,17.0,2.0,0.4659992569610426,81.0,-64.0,1.0
2008,UTTARAKHAND,TEHRI GARHWAL,14.0,7.0,3.0,5.0,16.0,58.0,103.0,6.0,1.3164929275140584,132.0,-29.0,1.0
2008,UTTARAKHAND,UDHAMSINGH NAGAR,100.0,56.0,67.0,29.0,124.0,432.0,808.0,6.0,1.3918671747274565,867.0,-59.0,4.0
2008,UTTARAKHAND,UTTARKASHI,7.0,5.0,5.0,0.0,13.0,36.0,66.0,5.0,1.2795521117363022,103.0,-37.0,1.0
2008,WEST BENGAL,24 PARGANAS NORTH,407.0,401.0,317.0,58.0,592.0,1894.0,3669.0,6.0,1.39866700378233,2898.0,771.0,5.0
2008,WEST BENGAL,24 PARGANAS SOUTH,317.0,500.0,280.0,51.0,1121.0,2031.0,4300.0,6.0,1.3776615594676591,3042.0,1258.0,5.0
2008,WEST BENGAL,ASANSOL,63.0,40.0,18.0,4.0,34.0,278.0,437.0,6.0,1.1588360270022695,324.0,113.0,2.0
2008,WEST BENGAL,BANKURA,97.0,91.0,21.0,30.0,135.0,235.0,609.0,6.0,1.5424902487230607,511.0,98.0,4.0
2008,WEST BENGAL,BIRBHUM,151.0,125.0,46.0,32.0,383.0,421.0,1158.0,6.0,1.467044347695634,787.0,371.0,5.0
2008,WEST BENGAL,BURDWAN,186.0,168.0,87.0,40.0,338.0,684.0,1503.0,6.0,1.4587867579066711,1323.0,180.0,5.0
2008,WEST BENGAL,COOCHBEHAR,112.0,289.0,108.0,5.0,141.0,249.0,904.0,6.0,1.5508476520911105,653.0,251.0,5.0
2008,WEST BENGAL,DAKSHIN DINAJPUR,157.0,125.0,50.0,10.0,25.0,158.0,525.0,6.0,1.5084292708891751,460.0,65.0,4.0
2008,WEST BENGAL,DARJEELING,65.0,107.0,46.0,19.0,84.0,618.0,939.0,6.0,1.1503019749643946,738.0,201.0,4.0
2008,WEST BENGAL,HOOGHLY,208.0,73.0,50.0,67.0,386.0,713.0,1497.0,6.0,1.376869357752209,1427.0,70.0,5.0
2008,WEST BENGAL,HOWRAH,122.0,109.0,105.0,36.0,238.0,1166.0,1776.0,6.0,1.14707596334785,1336.0,440.0,5.0
2008,WEST BENGAL,HOWRAH G.R.P.,47.0,5.0,3.0,6.0,3.0,531.0,595.0,6.0,0.4419311691264872,436.0,159.0,1.0
2008,WEST BENGAL,JALPAIGURI,304.0,710.0,299.0,87.0,129.0,3250.0,4779.0,6.0,1.0645728342583607,2705.0,2074.0,5.0
2008,WEST BENGAL,KHARAGPUR G.R.P.,8.0,1.0,0.0,1.0,3.0,102.0,115.0,5.0,0.4694660748463921,137.0,-22.0,1.0
2008,WEST BENGAL,KOLKATA,151.0,246.0,116.0,100.0,211.0,5022.0,5846.0,6.0,0.6255333191589694,5148.0,698.0,5.0
2008,WEST BENGAL,MALDA,231.0,213.0,92.0,19.0,36.0,377.0,968.0,6.0,1.465556746810011,822.0,146.0,5.0
2008,WEST BENGAL,MURSHIDABAD,405.0,492.0,194.0,38.0,300.0,660.0,2089.0,6.0,1.5949282765730217,1995.0,94.0,5.0
2008,WEST BENGAL,NADIA,475.0,474.0,216.0,49.0,343.0,1451.0,3008.0,6.0,1.4380933009673385,2102.0,906.0,5.0
2008,WEST BENGAL,PASCHIM MIDNAPUR,179.0,114.0,57.0,40.0,236.0,376.0,1002.0,6.0,1.5549951911315978,1062.0,-60.0,5.0
2008,WEST BENGAL,PURAB MIDNAPUR,99.0,105.0,118.0,31.0,600.0,485.0,1438.0,6.0,1.3944806549776405,1376.0,62.0,5.0
2008,WEST BENGAL,PURULIA,51.0,124.0,23.0,30.0,123.0,299.0,650.0,6.0,1.4481698798514935,460.0,190.0,4.0
2008,WEST BENGAL,SEALDAH G.R.P.,13.0,3.0,6.0,7.0,14.0,155.0,198.0,6.0,0.8453892422659661,215.0,-17.0,1.0
2008,WEST BENGAL,SILIGURI G.R.P.,4.0,3.0,6.0,2.0,3.0,98.0,116.0,6.0,0.6708271284969466,70.0,46.0,1.0
2008,WEST BENGAL,UTTAR DINAJPUR,179.0,141.0,74.0,35.0,97.0,357.0,883.0,6.0,1.5609539187826529,728.0,155.0,5.0
2008,A & N ISLANDS,ANDAMAN,20.0,36.0,16.0,14.0,31.0,228.0,345.0,6.0,1.163619906403528,,,2.0
2008,A & N ISLANDS,NICOBAR,1.0,0.0,1.0,0.0,0.0,9.0,11.0,3.0,0.6001660731596457,,,1.0
2008,CHANDIGARH,CHANDIGARH,51.0,39.0,50.0,24.0,87.0,2498.0,2749.0,6.0,0.44490074741474006,2425.0,324.0,3.0
2008,D & N HAVELI,D and N HAVELI,11.0,10.0,17.0,1.0,30.0,137.0,206.0,6.0,1.086902217003193,223.0,-17.0,1.0
2008,DAMAN & DIU,DAMAN,3.0,2.0,2.0,5.0,31.0,82.0,125.0,6.0,0.9729521631813179,140.0,-15.0,1.0
2008,DAMAN & DIU,DIU,1.0,0.0,2.0,1.0,7.0,18.0,29.0,5.0,1.0557662766541276,20.0,9.0,1.0
2008,DELHI UT,CAW,0.0,1.0,0.0,0.0,0.0,0.0,1.0,1.0,-0.0,,,1.0
2008,DELHI UT,CENTRAL,71.0,68.0,84.0,33.0,2.0,1660.0,1918.0,6.0,0.579514046237837,1548.0,370.0,3.0
2008,DELHI UT,CRIME BRANCH,2.0,0.0,0.0,0.0,0.0,15.0,17.0,2.0,0.362210557135449,,,1.0
2008,DELHI UT,DELHI UT TOTAL,1009.0,1077.0,1567.0,565.0,112.0,22641.0,26971.0,6.0,0.6675129826301465,26861.0,110.0,5.0
2008,DELHI UT,EAST,101.0,166.0,191.0,79.0,18.0,2822.0,3377.0,6.0,0.6813103767726295,3233.0,144.0,5.0
2008,DELHI UT,EOW,0.0,0.0,0.0,0.0,0.0,145.0,145.0,1.0,-0.0,,,1.0
2008,DELHI UT,GRP(RLY),6.0,1.0,6.0,3.0,1.0,835.0,852.0,6.0,0.12528319261898085,835.0,17.0,1.0
2008,DELHI UT,IGI AIRPORT,2.0,2.0,1.0,3.0,1.0,94.0,103.0,6.0,0.42950437539833014,579.0,-476.0,1.0
2008,DELHI UT,NEW DELHI,13.0,21.0,19.0,14.0,13.0,900.0,980.0,6.0,0.4123790158515078,1152.0,-172.0,1.0
2008,DELHI UT,NORTH,50.0,55.0,80.0,58.0,6.0,1184.0,1433.0,6.0,0.7137354940209127,1324.0,109.0,3.0
2008,DELHI UT,NORTH-EAST,154.0,109.0,210.0,47.0,13.0,1802.0,2335.0,6.0,0.8464698793569749,2274.0,61.0,5.0
2008,DELHI UT,NORTH-WEST,104.0,107.0,137.0,88.0,7.0,2104.0,2547.0,6.0,0.7112891334991112,2860.0,-313.0,5.0
2008,DELHI UT,OUTER,144.0,107.0,355.0,50.0,5.0,2270.0,2931.0,6.0,0.802818948795851,2466.0,465.0,5.0
2008,DELHI UT,SOUTH,60.0,89.0,70.0,43.0,11.0,2415.0,2688.0,6.0,0.4775849904607997,4813.0,-2125.0,3.0
2008,DELHI UT,SOUTH-EAST,109.0,143.0,182.0,67.0,14.0,2573.0,3088.0,6.0,0.6867814734980164,,,5.0
2008,DELHI UT,SOUTH-WEST,99.0,77.0,87.0,39.0,11.0,1330.0,1643.0,6.0,0.7616849881615174,2758.0,-1115.0,4.0
2008,DELHI UT,STF,10.0,0.0,0.0,0.0,0.0,10.0,20.0,2.0,0.6931471805599453,15.0,5.0,1.0
2008,DELHI UT,WEST,84.0,131.0,145.0,41.0,10.0,2482.0,2893.0,6.0,0.6043060233357587,3004.0,-111.0,4.0
2008,LAKSHADWEEP,LAKSHADWEEP,1.0,2.0,1.0,0.0,14.0,11.0,29.0,5.0,1.135918417003178,28.0,1.0,1.0
2008,PUDUCHERRY,KARAIKAL,11.0,26.0,2.0,0.0,37.0,90.0,166.0,5.0,1.1899366711997923,199.0,-33.0,1.0
2008,PUDUCHERRY,PUDUCHERRY,62.0,47.0,15.0,20.0,137.0,754.0,1035.0,6.0,0.9450959327939298,,,3.0
2009,ANDHRA PRADESH,ADILABAD,135.0,259.0,73.0,26.0,136.0,723.0,1352.0,6.0,1.345974469367222,1429.0,-77.0,5.0
2009,ANDHRA PRADESH,ANANTAPUR,222.0,179.0,68.0,33.0,120.0,851.0,1473.0,6.0,1.289663719890127,1429.0,44.0,4.0
2009,ANDHRA PRADESH,CHITTOOR,155.0,153.0,74.0,21.0,149.0,1760.0,2312.0,6.0,0.8981116217873515,2441.0,-129.0,4.0
2009,ANDHRA PRADESH,CUDDAPAH,137.0,192.0,57.0,11.0,206.0,799.0,1402.0,6.0,1.270009450638012,1658.0,-256.0,4.0
2009,ANDHRA PRADESH,CYBERABAD,285.0,255.0,168.0,83.0,154.0,6004.0,6949.0,6.0,0.6058652146423377,6507.0,442.0,5.0
2009,ANDHRA PRADESH,EAST GODAVARI,194.0,243.0,80.0,30.0,97.0,1978.0,2622.0,6.0,0.9053196887988784,2693.0,-71.0,5.0
2009,ANDHRA PRADESH,GUNTAKAL RLY.,7.0,3.0,0.0,0.0,0.0,172.0,182.0,3.0,0.24638988531138087,138.0,44.0,1.0
2009,ANDHRA PRADESH,GUNTUR,290.0,380.0,79.0,48.0,143.0,1941.0,2881.0,6.0,1.0802794186580087,2964.0,-83.0,5.0
2009,ANDHRA PRADESH,KARIMNAGAR,204.0,340.0,128.0,17.0,260.0,1199.0,2148.0,6.0,1.3027662655429153,2590.0,-442.0,5.0
2009,ANDHRA PRADESH,KHAMMAM,190.0,303.0,108.0,29.0,149.0,960.0,1739.0,6.0,1.3257226057584608,1682.0,57.0,5.0
2009,ANDHRA PRADESH,KRISHNA,179.0,340.0,49.0,13.0,79.0,848.0,1508.0,6.0,1.2193510439367243,1419.0,89.0,4.0
2009,ANDHRA PRADESH,KURNOOL,275.0,429.0,83.0,28.0,213.0,1070.0,2098.0,6.0,1.3519377391543237,2114.0,-16.0,5.0
2009,ANDHRA PRADESH,MAHABOOBNAGAR,244.0,289.0,103.0,17.0,193.0,1454.0,2300.0,6.0,1.1718459767871616,2156.0,144.0,5.0
2009,ANDHRA PRADESH,MEDAK,189.0,164.0,61.0,29.0,123.0,1145.0,1711.0,6.0,1.114149495802727,1757.0,-46.0,4.0
2009,ANDHRA PRADESH,NALGONDA,194.0,331.0,109.0,41.0,204.0,1084.0,1963.0,6.0,1.3334184927799126,1946.0,17.0,5.0
2009,ANDHRA PRADESH,NELLORE,151.0,319.0,50.0,21.0,79.0,1025.0,1645.0,6.0,1.1397286067753178,1778.0,-133.0,4.0
2009,ANDHRA PRADESH,NIZAMABAD,164.0,106.0,46.0,20.0,86.0,877.0,1299.0,6.0,1.093287439582969,1828.0,-529.0,4.0
2009,ANDHRA PRADESH,PRAKASHAM,175.0,224.0,66.0,4.0,73.0,828.0,1370.0,6.0,1.182671798015459,1432.0,-62.0,4.0
2009,ANDHRA PRADESH,RANGA REDDY,94.0,70.0,29.0,7.0,38.0,287.0,525.0,6.0,1.3143754119583964,698.0,-173.0,3.0
2009,ANDHRA PRADESH,SECUNDERABAD RLY.,10.0,3.0,0.0,0.0,0.0,466.0,479.0,3.0,0.13931606025330404,390.0,89.0,1.0
2009,ANDHRA PRADESH,SRIKAKULAM,34.0,88.0,20.0,6.0,26.0,372.0,546.0,6.0,1.0441828519799805,642.0,-96.0,2.0
2009,ANDHRA PRADESH,VIJAYAWADA RLY.,7.0,0.0,0.0,3.0,0.0,520.0,530.0,3.0,0.10512570479402128,318.0,212.0,1.0
2009,ANDHRA PRADESH,VISAKHAPATNAM,57.0,134.0,48.0,22.0,25.0,1683.0,1969.0,6.0,0.6157830088563502,1880.0,89.0,3.0
2009,ANDHRA PRADESH,VIZIANAGARAM,56.0,116.0,15.0,5.0,23.0,500.0,715.0,6.0,0.9709895138748796,655.0,60.0,2.0
2009,ANDHRA PRADESH,WARANGAL,150.0,304.0,140.0,17.0,329.0,1167.0,2107.0,6.0,1.3036863292116847,1821.0,286.0,5.0
2009,ANDHRA PRADESH,WEST GODAVARI,202.0,498.0,115.0,25.0,105.0,2053.0,2998.0,6.0,1.0216103792885571,3000.0,-2.0,5.0
2009,ARUNACHAL PRADESH,ANJAW,0.0,0.0,0.0,0.0,0.0,2.0,2.0,1.0,-0.0,,,1.0
2009,ARUNACHAL PRADESH,CHANGLANG,5.0,11.0,7.0,12.0,4.0,73.0,112.0,6.0,1.1773113261869885,103.0,9.0,1.0
2009,ARUNACHAL PRADESH,DIBANG VALLEY,3.0,5.0,6.0,3.0,1.0,33.0,51.0,6.0,1.1715477966862602,76.0,-25.0,1.0
2009,ARUNACHAL PRADESH,K/KUMEY,10.0,5.0,0.0,1.0,5.0,18.0,39.0,5.0,1.3264610898113791,28.0,11.0,1.0
2009,ARUNACHAL PRADESH,KAMENG EAST,5.0,4.0,5.0,9.0,5.0,31.0,59.0,6.0,1.4349040427861164,52.0,7.0,1.0
2009,ARUNACHAL PRADESH,KAMENG WEST,10.0,6.0,0.0,5.0,4.0,17.0,42.0,5.0,1.4630648182615937,45.0,-3.0,1.0
2009,ARUNACHAL PRADESH,LOHIT,10.0,13.0,6.0,6.0,6.0,51.0,92.0,6.0,1.3789084651796268,80.0,12.0,1.0
2009,ARUNACHAL PRADESH,PAPUM PARE,11.0,21.0,13.0,13.0,10.0,134.0,202.0,6.0,1.1679860805183506,301.0,-99.0,1.0
2009,ARUNACHAL PRADESH,SIANG EAST,6.0,15.0,10.0,0.0,10.0,89.0,130.0,5.0,1.0451371535483298,114.0,16.0,1.0
2009,ARUNACHAL PRADESH,SIANG UPPER,0.0,3.0,1.0,0.0,1.0,23.0,28.0,4.0,0.6389115161618192,33.0,-5.0,1.0
2009,ARUNACHAL PRADESH,SIANG WEST,14.0,11.0,5.0,8.0,25.0,51.0,114.0,6.0,1.4993442782045785,124.0,-10.0,1.0
2009,ARUNACHAL PRADESH,SUBANSIRI LOWER,5.0,10.0,4.0,2.0,4.0,33.0,58.0,6.0,1.320194057605319,57.0,1.0,1.0
2009,ARUNACHAL PRADESH,SUBANSIRI UPPER,7.0,6.0,1.0,5.0,0.0,21.0,40.0,5.0,1.2800272387859886,53.0,-13.0,1.0
2009,ARUNACHAL PRADESH,TAWANG,1.0,0.0,0.0,0.0,0.0,21.0,22.0,2.0,0.18490739916777568,21.0,1.0,1.0
2009,ARUNACHAL PRADESH,TIRAP,8.0,7.0,4.0,11.0,2.0,41.0,73.0,6.0,1.3339980998047742,91.0,-18.0,1.0
2009,ARUNACHAL PRADESH,UPPER DIBANG VALLEY,2.0,0.0,0.0,0.0,3.0,11.0,16.0,3.0,0.8314025204956377,8.0,8.0,1.0
2009,ASSAM,BARPETA,66.0,253.0,113.0,36.0,187.0,410.0,1065.0,6.0,1.5392671619474185,1010.0,55.0,5.0
2009,ASSAM,BASKA,44.0,26.0,38.0,5.0,10.0,65.0,188.0,6.0,1.5563816384369065,232.0,-44.0,2.0
2009,ASSAM,BONGAIGAON,22.0,59.0,58.0,23.0,85.0,281.0,528.0,6.0,1.3861365798675445,541.0,-13.0,3.0
2009,ASSAM,C.I.D.,1.0,0.0,0.0,0.0,0.0,13.0,14.0,2.0,0.25731864054383163,11.0,3.0,1.0
2009,ASSAM,CACHAR,66.0,99.0,152.0,54.0,232.0,941.0,1544.0,6.0,1.2429830127112762,1661.0,-117.0,5.0
2009,ASSAM,CHIRANG,35.0,36.0,58.0,6.0,15.0,95.0,245.0,6.0,1.5300779122500552,203.0,42.0,3.0
2009,ASSAM,DARRANG,37.0,219.0,99.0,24.0,47.0,451.0,877.0,6.0,1.3235656741448105,706.0,171.0,4.0
2009,ASSAM,DHEMAJI,47.0,104.0,71.0,15.0,19.0,197.0,453.0,6.0,1.4713444649022656,530.0,-77.0,3.0
2009,ASSAM,DHUBRI,71.0,304.0,185.0,35.0,385.0,527.0,1507.0,6.0,1.5278011654007893,1262.0,245.0,5.0
2009,ASSAM,DIBRUGARH,81.0,90.0,110.0,28.0,7.0,653.0,969.0,6.0,1.0791758040051527,1111.0,-142.0,4.0
2009,ASSAM,G.R.P.,8.0,0.0,2.0,19.0,8.0,153.0,190.0,5.0,0.7193466952910006,197.0,-7.0,1.0
2009,ASSAM,GOALPARA,55.0,92.0,89.0,13.0,125.0,300.0,674.0,6.0,1.4925849886732774,639.0,35.0,4.0
2009,ASSAM,GOLAGHAT,78.0,81.0,101.0,27.0,16.0,380.0,683.0,6.0,1.32515527950792,734.0,-51.0,4.0
2009,ASSAM,HAILAKANDI,13.0,57.0,59.0,8.0,161.0,191.0,489.0,6.0,1.4023853259639307,743.0,-254.0,4.0
2009,ASSAM,JORHAT,32.0,89.0,54.0,31.0,32.0,383.0,621.0,6.0,1.2441299911202086,728.0,-107.0,3.0
2009,ASSAM,KAMRUP,64.0,92.0,121.0,29.0,71.0,396.0,773.0,6.0,1.4350066030026198,1508.0,-735.0,4.0
2009,ASSAM,KARBI ANGLONG,53.0,26.0,21.0,18.0,28.0,159.0,305.0,6.0,1.424065420282604,377.0,-72.0,2.0
2009,ASSAM,KARIMGANJ,44.0,35.0,39.0,15.0,66.0,160.0,359.0,6.0,1.529600364334299,549.0,-190.0,3.0
2009,ASSAM,KOKRAJHAR,94.0,70.0,71.0,16.0,102.0,213.0,566.0,6.0,1.5944624076135918,516.0,50.0,4.0
2009,ASSAM,LAKHIMPUR,59.0,96.0,123.0,13.0,33.0,301.0,625.0,6.0,1.4181995023012615,569.0,56.0,4.0
2009,ASSAM,MORIGAON,38.0,148.0,77.0,17.0,82.0,172.0,534.0,6.0,1.5853146344546447,608.0,-74.0,4.0
2009,ASSAM,N.C.HILLS,95.0,7.0,16.0,1.0,14.0,29.0,162.0,6.0,1.2283403044577146,142.0,20.0,2.0
2009,ASSAM,NAGAON,144.0,296.0,233.0,112.0,278.0,929.0,1992.0,6.0,1.516608778079896,1825.0,167.0,5.0
2009,ASSAM,NALBARI,45.0,107.0,58.0,33.0,18.0,263.0,524.0,6.0,1.4147624026949779,491.0,33.0,3.0
2009,ASSAM,R.P.O.,4.0,7.0,1.0,7.0,8.0,8.0,35.0,6.0,1.667948512971376,37.0,-2.0,1.0
2009,ASSAM,SIBSAGAR,93.0,123.0,120.0,42.0,48.0,642.0,1068.0,6.0,1.2797275689879857,1149.0,-81.0,4.0
2009,ASSAM,SONITPUR,130.0,127.0,174.0,32.0,53.0,628.0,1144.0,6.0,1.3491820587818086,1159.0,-15.0,5.0
2009,ASSAM,TINSUKIA,85.0,66.0,106.0,57.0,46.0,834.0,1194.0,6.0,1.0844636257586089,1222.0,-28.0,4.0
2009,ASSAM,UDALGURI,47.0,48.0,76.0,26.0,14.0,185.0,396.0,6.0,1.4780468882535338,531.0,-135.0,3.0
2009,BIHAR,ARARIA,76.0,32.0,56.0,79.0,211.0,357.0,811.0,6.0,1.4723258863765758,947.0,-136.0,4.0
2009,BIHAR,ARWAL,41.0,11.0,16.0,7.0,56.0,78.0,209.0,6.0,1.505687952932089,173.0,36.0,2.0
2009,BIHAR,AURANGABAD,81.0,35.0,54.0,50.0,397.0,540.0,1157.0,6.0,1.2934613613675896,1354.0,-197.0,5.0
2009,BIHAR,BAGAHA,82.0,52.0,46.0,19.0,74.0,220.0,493.0,6.0,1.527129105930739,618.0,-125.0,3.0
2009,BIHAR,BANKA,144.0,35.0,54.0,57.0,130.0,270.0,690.0,6.0,1.56523831416971,739.0,-49.0,4.0
2009,BIHAR,BEGUSARAI,347.0,22.0,79.0,79.0,289.0,532.0,1348.0,6.0,1.446093135315368,1239.0,109.0,5.0
2009,BIHAR,BETTIAH,83.0,25.0,82.0,34.0,208.0,446.0,878.0,6.0,1.3568799929970032,897.0,-19.0,4.0
2009,BIHAR,BHABHUA,83.0,4.0,38.0,34.0,127.0,303.0,589.0,6.0,1.3242559292411804,646.0,-57.0,3.0
2009,BIHAR,BHAGALPUR,87.0,30.0,57.0,29.0,231.0,733.0,1167.0,6.0,1.1396708784541305,1680.0,-513.0,4.0
2009,BIHAR,BHOJPUR,128.0,11.0,50.0,59.0,188.0,621.0,1057.0,6.0,1.2281660765636544,1410.0,-353.0,4.0
2009,BIHAR,BUXAR,90.0,31.0,64.0,40.0,209.0,342.0,776.0,6.0,1.4515580615435328,761.0,15.0,4.0
2009,BIHAR,DARBHANGA,176.0,37.0,83.0,48.0,507.0,631.0,1482.0,6.0,1.3481817849724407,1264.0,218.0,5.0
2009,BIHAR,GAYA,205.0,32.0,108.0,137.0,412.0,984.0,1878.0,6.0,1.3378297222749942,1827.0,51.0,5.0
2009,BIHAR,GOPALGANJ,223.0,76.0,112.0,34.0,237.0,391.0,1073.0,6.0,1.5606945630196343,841.0,232.0,5.0
2009,BIHAR,JAMALPUR RLY.,8.0,3.0,3.0,18.0,4.0,129.0,165.0,6.0,0.816764411387165,157.0,8.0,1.0
2009,BIHAR,JAMUI,223.0,22.0,35.0,44.0,186.0,275.0,785.0,6.0,1.4665184971161855,715.0,70.0,4.0
2009,BIHAR,JEHANABAD,60.0,19.0,40.0,22.0,133.0,213.0,487.0,6.0,1.445892887301215,424.0,63.0,3.0
2009,BIHAR,KATIHAR,109.0,125.0,130.0,40.0,241.0,295.0,940.0,6.0,1.6387260623480473,832.0,108.0,5.0
2009,BIHAR,KATIHAR RLY.,9.0,3.0,2.0,10.0,3.0,202.0,229.0,6.0,0.5295782695187011,320.0,-91.0,1.0
2009,BIHAR,KHAGARIA,168.0,45.0,49.0,25.0,166.0,204.0,657.0,6.0,1.5610732081041785,565.0,92.0,4.0
2009,BIHAR,KISHANGANJ,33.0,33.0,41.0,15.0,137.0,251.0,510.0,6.0,1.3626993897012571,514.0,-4.0,3.0
2009,BIHAR,LAKHISARAI,121.0,40.0,39.0,30.0,124.0,191.0,545.0,6.0,1.5784742373740424,524.0,21.0,4.0
2009,BIHAR,MADHEPURA,60.0,15.0,50.0,42.0,160.0,272.0,599.0,6.0,1.4275309245610395,542.0,57.0,4.0
2009,BIHAR,MADHUBANI,73.0,39.0,81.0,36.0,325.0,526.0,1080.0,6.0,1.321446756346991,1229.0,-149.0,5.0
2009,BIHAR,MOTIHARI,383.0,37.0,156.0,69.0,520.0,880.0,2045.0,6.0,1.408016388688643,1704.0,341.0,5.0
2009,BIHAR,MUNGER,213.0,12.0,68.0,69.0,194.0,406.0,962.0,6.0,1.4517609688368718,891.0,71.0,5.0
2009,BIHAR,MUZAFFARPUR,186.0,68.0,151.0,94.0,385.0,1235.0,2119.0,6.0,1.2748659237956577,2056.0,63.0,5.0
2009,BIHAR,MUZAFFARPUR RLY.,40.0,8.0,5.0,22.0,5.0,350.0,430.0,6.0,0.7182860745819548,376.0,54.0,1.0
2009,BIHAR,NALANDA,423.0,121.0,99.0,73.0,212.0,619.0,1547.0,6.0,1.5127587289549862,1225.0,322.0,5.0
2009,BIHAR,NAUGACHIA,98.0,62.0,36.0,9.0,155.0,169.0,529.0,6.0,1.5400345118064271,428.0,101.0,3.0
2009,BIHAR,NAWADAH,89.0,20.0,64.0,20.0,134.0,264.0,591.0,6.0,1.4514479266998568,589.0,2.0,4.0
2009,BIHAR,PATNA,430.0,67.0,351.0,281.0,481.0,3985.0,5595.0,6.0,1.026757520709576,4262.0,1333.0,5.0
2009,BIHAR,PATNA RLY.,34.0,17.0,17.0,27.0,17.0,698.0,810.0,6.0,0.6179791026120778,723.0,87.0,2.0
2009,BIHAR,PURNEA,218.0,84.0,69.0,43.0,191.0,436.0,1041.0,6.0,1.5176491421596576,1413.0,-372.0,5.0
2009,BIHAR,ROHTAS,173.0,56.0,83.0,98.0,220.0,759.0,1389.0,6.0,1.3664206004023491,1178.0,211.0,5.0
2009,BIHAR,SAHARSA,180.0,64.0,55.0,89.0,293.0,306.0,987.0,6.0,1.5891985822616148,953.0,34.0,5.0
2009,BIHAR,SAMASTIPUR,337.0,47.0,130.0,54.0,282.0,540.0,1390.0,6.0,1.4967895072406685,1370.0,20.0,5.0
2009,BIHAR,SARAN,296.0,31.0,91.0,93.0,336.0,841.0,1688.0,6.0,1.3642612239946859,1512.0,176.0,5.0
2009,BIHAR,SHEIKHPURA,16.0,6.0,10.0,11.0,85.0,153.0,281.0,6.0,1.18356095375849,331.0,-50.0,2.0
2009,BIHAR,SHEOHAR,37.0,10.0,25.0,4.0,46.0,90.0,212.0,6.0,1.4709859853692597,220.0,-8.0,2.0
2009,BIHAR,SITAMARHI,93.0,28.0,104.0,75.0,138.0,531.0,969.0,6.0,1.3721145778296227,781.0,188.0,4.0
2009,BIHAR,SIWAN,138.0,20.0,89.0,43.0,182.0,355.0,827.0,6.0,1.478594382792123,919.0,-92.0,5.0
2009,BIHAR,SUPAUL,198.0,47.0,42.0,44.0,190.0,206.0,727.0,6.0,1.573799460065374,1054.0,-327.0,4.0
2009,BIHAR,VAISHALI,171.0,73.0,208.0,67.0,418.0,820.0,1757.0,6.0,1.4333374016475355,1486.0,271.0,5.0
2009,CHHATTISGARH,BALRAMPUR,60.0,83.0,10.0,20.0,29.0,105.0,307.0,6.0,1.551986651764358,298.0,9.0,2.0
2009,CHHATTISGARH,BILASPUR,149.0,234.0,45.0,73.0,229.0,1497.0,2227.0,6.0,1.1094646627162015,2302.0,-75.0,5.0
2009,CHHATTISGARH,BIZAPUR,164.0,11.0,4.0,11.0,24.0,17.0,231.0,6.0,1.0306649556017995,256.0,-25.0,2.0
2009,CHHATTISGARH,DANTEWARA,136.0,28.0,10.0,36.0,40.0,104.0,354.0,6.0,1.5076382828099626,361.0,-7.0,3.0
2009,CHHATTISGARH,DHAMTARI,31.0,88.0,7.0,15.0,33.0,282.0,456.0,6.0,1.1639316020451231,497.0,-41.0,2.0
2009,CHHATTISGARH,DURG,132.0,332.0,19.0,71.0,116.0,1413.0,2083.0,6.0,1.049630025400508,2115.0,-32.0,5.0
2009,CHHATTISGARH,GRP RAIPUR,9.0,1.0,1.0,5.0,2.0,278.0,296.0,6.0,0.30628116133313654,221.0,75.0,1.0
2009,CHHATTISGARH,JAGDALPUR,117.0,96.0,19.0,28.0,41.0,337.0,638.0,6.0,1.3514068634310905,599.0,39.0,3.0
2009,CHHATTISGARH,JANJGIR,81.0,122.0,13.0,23.0,125.0,534.0,898.0,6.0,1.2269270251320137,1029.0,-131.0,3.0
2009,CHHATTISGARH,JASHPUR,77.0,121.0,26.0,33.0,27.0,232.0,516.0,6.0,1.4641501789978564,546.0,-30.0,3.0
2009,CHHATTISGARH,KABIRDHAM,39.0,75.0,2.0,8.0,50.0,191.0,365.0,6.0,1.2875748482752267,507.0,-142.0,2.0
2009,CHHATTISGARH,KANKER,72.0,50.0,11.0,21.0,37.0,113.0,304.0,6.0,1.5669233714198136,393.0,-89.0,2.0
2009,CHHATTISGARH,KORBA,71.0,117.0,6.0,41.0,60.0,467.0,762.0,6.0,1.2044136550879365,715.0,47.0,3.0
2009,CHHATTISGARH,KORIYA,44.0,153.0,8.0,10.0,28.0,315.0,558.0,6.0,1.1609452766397241,671.0,-113.0,2.0
2009,CHHATTISGARH,MAHASAMUND,28.0,88.0,6.0,7.0,34.0,341.0,504.0,6.0,1.0236725450388842,462.0,42.0,2.0
2009,CHHATTISGARH,NARAYANPUR,68.0,5.0,0.0,6.0,8.0,7.0,94.0,5.0,0.9690269768834083,96.0,-2.0,1.0
2009,CHHATTISGARH,RAIGARH,106.0,116.0,18.0,61.0,81.0,698.0,1080.0,6.0,1.174403062009447,1117.0,-37.0,4.0
2009,CHHATTISGARH,RAIPUR,196.0,405.0,42.0,128.0,207.0,2673.0,3651.0,6.0,0.9607605378916807,3495.0,156.0,5.0
2009,CHHATTISGARH,RAJNANDGAON,92.0,125.0,13.0,35.0,54.0,480.0,799.0,6.0,1.2313612480969014,891.0,-92.0,3.0
2009,CHHATTISGARH,SARGUJA,87.0,167.0,15.0,28.0,41.0,291.0,629.0,6.0,1.3879230249361054,639.0,-10.0,3.0
2009,CHHATTISGARH,SURAJPUR,75.0,157.0,11.0,28.0,26.0,240.0,537.0,6.0,1.374667320149029,577.0,-40.0,3.0
2009,GOA,NORTH GOA,50.0,48.0,17.0,22.0,41.0,707.0,885.0,6.0,0.80989104032818,753.0,132.0,2.0
2009,GOA,SOUTH GOA,38.0,36.0,16.0,12.0,33.0,629.0,764.0,6.0,0.7352188818363031,640.0,124.0,2.0
2009,GUJARAT,AHMEDABAD COMMR.,140.0,137.0,181.0,860.0,184.0,7463.0,8965.0,6.0,0.6649210180205647,7846.0,1119.0,5.0
2009,GUJARAT,AHWA-DANG,6.0,5.0,0.0,0.0,4.0,9.0,24.0,4.0,1.3398061212627637,37.0,-13.0,1.0
2009,GUJARAT,AMRELI,37.0,29.0,52.0,14.0,70.0,395.0,597.0,6.0,1.1444773112189166,581.0,16.0,3.0
2009,GUJARAT,ANAND,41.0,42.0,43.0,16.0,33.0,578.0,753.0,6.0,0.9048752558816122,923.0,-170.0,2.0
2009,GUJARAT,BHARUCH,45.0,40.0,28.0,29.0,71.0,641.0,854.0,6.0,0.9475184903754339,857.0,-3.0,2.0
2009,GUJARAT,BHAVNAGAR,67.0,50.0,71.0,33.0,110.0,1011.0,1342.0,6.0,0.9372335431383396,1643.0,-301.0,3.0
2009,GUJARAT,DAHOD,71.0,32.0,40.0,64.0,57.0,274.0,538.0,6.0,1.4630843239610378,614.0,-76.0,3.0
2009,GUJARAT,GANDHINAGAR,36.0,17.0,30.0,33.0,36.0,796.0,948.0,6.0,0.6934266400944913,1017.0,-69.0,2.0
2009,GUJARAT,HIMATNAGAR,50.0,38.0,36.0,22.0,62.0,383.0,591.0,6.0,1.195997450860758,591.0,0.0,2.0
2009,GUJARAT,JAMNAGAR,51.0,35.0,24.0,12.0,74.0,557.0,753.0,6.0,0.9517915004645914,849.0,-96.0,2.0
2009,GUJARAT,JUNAGADH,76.0,62.0,69.0,51.0,111.0,996.0,1365.0,6.0,1.008957588409802,1408.0,-43.0,4.0
2009,GUJARAT,KHEDA NORTH,35.0,42.0,34.0,25.0,56.0,446.0,638.0,6.0,1.0853768305849116,783.0,-145.0,2.0
2009,GUJARAT,KUTCH,55.0,37.0,39.0,17.0,62.0,647.0,857.0,6.0,0.9325030254606591,1300.0,-443.0,2.0
2009,GUJARAT,MEHSANA,50.0,33.0,55.0,30.0,61.0,827.0,1056.0,6.0,0.8639357607277443,1226.0,-170.0,3.0
2009,GUJARAT,NARMADA,17.0,12.0,3.0,3.0,10.0,59.0,104.0,6.0,1.2965472404990819,114.0,-10.0,1.0
2009,GUJARAT,NAVSARI,23.0,4.0,1.0,9.0,10.0,140.0,187.0,6.0,0.8872992280732013,188.0,-1.0,1.0
2009,GUJARAT,PALANPUR,54.0,81.0,89.0,52.0,87.0,745.0,1108.0,6.0,1.151273889571621,975.0,133.0,4.0
2009,GUJARAT,PANCHMAHAL,51.0,42.0,52.0,32.0,65.0,454.0,696.0,6.0,1.196463519606466,584.0,112.0,3.0
2009,GUJARAT,PATAN,33.0,62.0,21.0,27.0,46.0,440.0,629.0,6.0,1.0729261182975602,697.0,-68.0,2.0
2009,GUJARAT,PORBANDAR,18.0,5.0,18.0,4.0,13.0,145.0,203.0,6.0,1.0146026066826974,197.0,6.0,1.0
2009,GUJARAT,RAJKOT COMMR.,62.0,27.0,47.0,50.0,78.0,1479.0,1743.0,6.0,0.6609236039607819,2266.0,-523.0,3.0
2009,GUJARAT,SURAT COMMR.,118.0,62.0,119.0,100.0,88.0,2860.0,3347.0,6.0,0.645371115486601,4510.0,-1163.0,5.0
2009,GUJARAT,SURENDRANAGAR,51.0,57.0,58.0,17.0,50.0,372.0,605.0,6.0,1.2612995075231128,560.0,45.0,3.0
2009,GUJARAT,TAPI,15.0,7.0,4.0,5.0,6.0,83.0,120.0,6.0,1.0762515900399097,114.0,6.0,1.0
2009,GUJARAT,VADODARA COMMR.,49.0,23.0,33.0,26.0,136.0,1826.0,2093.0,6.0,0.5541041499568841,2192.0,-99.0,3.0
2009,GUJARAT,VALSAD,24.0,15.0,12.0,12.0,14.0,439.0,516.0,6.0,0.6558473672365828,532.0,-16.0,1.0
2009,GUJARAT,W.RLY,17.0,6.0,1.0,13.0,7.0,610.0,654.0,6.0,0.3392375345966499,901.0,-247.0,1.0
2009,HARYANA,AMBALA,54.0,46.0,20.0,26.0,10.0,793.0,949.0,6.0,0.6877570979787557,1009.0,-60.0,2.0
2009,HARYANA,BHIWANI,94.0,74.0,74.0,28.0,188.0,742.0,1200.0,6.0,1.2184424215638168,1324.0,-124.0,4.0
2009,HARYANA,FARIDABAD,115.0,61.0,86.0,28.0,133.0,1570.0,1993.0,6.0,0.8354359395354028,1845.0,148.0,4.0
2009,HARYANA,FATEHABAD,50.0,19.0,47.0,8.0,21.0,418.0,563.0,6.0,0.9409098759604343,621.0,-58.0,2.0
2009,HARYANA,GRP,33.0,5.0,3.0,23.0,10.0,479.0,553.0,6.0,0.5683153613546893,590.0,-37.0,1.0
2009,HARYANA,GURGAON,125.0,50.0,59.0,143.0,103.0,3357.0,3837.0,6.0,0.5689431959541641,4400.0,-563.0,5.0
2009,HARYANA,HISSAR,120.0,60.0,42.0,50.0,52.0,933.0,1257.0,6.0,0.9642957122789615,1176.0,81.0,4.0
2009,HARYANA,JHAJJAR,110.0,40.0,27.0,37.0,67.0,558.0,839.0,6.0,1.132799165275737,714.0,125.0,3.0
2009,HARYANA,JIND,87.0,68.0,46.0,36.0,125.0,827.0,1189.0,6.0,1.0760332320606532,844.0,345.0,4.0
2009,HARYANA,KAITHAL,43.0,44.0,19.0,26.0,2.0,505.0,639.0,6.0,0.804694594275619,499.0,140.0,2.0
2009,HARYANA,KARNAL,75.0,80.0,51.0,33.0,62.0,1074.0,1375.0,6.0,0.8685610440038238,1306.0,69.0,4.0
2009,HARYANA,KURUKSHETRA,50.0,63.0,57.0,47.0,7.0,918.0,1142.0,6.0,0.7844697761931768,1073.0,69.0,3.0
2009,HARYANA,MAHENDRAGARH,38.0,23.0,21.0,18.0,82.0,327.0,509.0,6.0,1.1617716746460698,499.0,10.0,2.0
2009,HARYANA,MEWAT,43.0,27.0,24.0,27.0,92.0,378.0,591.0,6.0,1.178136418928732,499.0,92.0,3.0
2009,HARYANA,PALWAL,83.0,56.0,35.0,31.0,142.0,690.0,1037.0,6.0,1.122371783796707,769.0,268.0,4.0
2009,HARYANA,PANCHKULA,21.0,30.0,17.0,31.0,2.0,649.0,750.0,6.0,0.587364872754188,748.0,2.0,2.0
2009,HARYANA,PANIPAT,103.0,71.0,51.0,34.0,42.0,1016.0,1317.0,6.0,0.8871090196475944,1347.0,-30.0,4.0
2009,HARYANA,REWARI,60.0,38.0,36.0,31.0,43.0,573.0,781.0,6.0,1.0009869890474232,886.0,-105.0,3.0
2009,HARYANA,ROHTAK,132.0,66.0,43.0,54.0,72.0,1022.0,1389.0,6.0,0.9814293999652544,1239.0,150.0,4.0
2009,HARYANA,SIRSA,56.0,34.0,43.0,15.0,34.0,495.0,677.0,6.0,0.9950410501383823,733.0,-56.0,3.0
2009,HARYANA,SONIPAT,156.0,53.0,57.0,81.0,22.0,1158.0,1527.0,6.0,0.8990609925558589,1361.0,166.0,4.0
2009,HARYANA,YAMUNANAGAR,68.0,46.0,58.0,25.0,8.0,745.0,950.0,6.0,0.8326426230681849,936.0,14.0,3.0
2009,HIMACHAL PRADESH,BADDIPOLICEDIST,11.0,7.0,3.0,3.0,29.0,64.0,117.0,6.0,1.2543962494917331,,,1.0
2009,HIMACHAL PRADESH,BILASPUR,16.0,42.0,6.0,2.0,48.0,112.0,226.0,6.0,1.3153583762242524,233.0,-7.0,2.0
2009,HIMACHAL PRADESH,CHAMBA,14.0,49.0,16.0,1.0,34.0,124.0,238.0,6.0,1.3142093764032188,261.0,-23.0,2.0
2009,HIMACHAL PRADESH,CID,0.0,0.0,0.0,0.0,0.0,1.0,1.0,1.0,-0.0,,,1.0
2009,HIMACHAL PRADESH,G.R.P.,2.0,0.0,0.0,0.0,2.0,3.0,7.0,3.0,1.0789922078775833,3.0,4.0,1.0
2009,HIMACHAL PRADESH,HAMIRPUR,11.0,31.0,16.0,1.0,43.0,111.0,213.0,6.0,1.3158399205631792,246.0,-33.0,1.0
2009,HIMACHAL PRADESH,KANGRA,48.0,72.0,24.0,1.0,119.0,358.0,622.0,6.0,1.2175744885063688,707.0,-85.0,3.0
2009,HIMACHAL PRADESH,KINNAUR,3.0,9.0,2.0,0.0,9.0,23.0,46.0,5.0,1.2993252968032991,61.0,-15.0,1.0
2009,HIMACHAL PRADESH,KULLU,14.0,47.0,12.0,3.0,34.0,129.0,239.0,6.0,1.3014404784668583,308.0,-69.0,2.0
2009,HIMACHAL PRADESH,LAHAUL-SPITI,1.0,1.0,0.0,0.0,2.0,4.0,8.0,4.0,1.2130075659799042,10.0,-2.0,1.0
2009,HIMACHAL PRADESH,MANDI,17.0,81.0,14.0,3.0,98.0,178.0,391.0,6.0,1.3240990364054466,481.0,-90.0,2.0
2009,HIMACHAL PRADESH,SHIMLA,32.0,60.0,28.0,0.0,127.0,373.0,620.0,5.0,1.1493542209178351,668.0,-48.0,3.0
2009,HIMACHAL PRADESH,SIRMAUR,12.0,49.0,10.0,5.0,72.0,171.0,319.0,6.0,1.2550483327908055,311.0,8.0,2.0
2009,HIMACHAL PRADESH,SOLAN,11.0,21.0,9.0,2.0,51.0,172.0,266.0,6.0,1.0821230304697653,405.0,-139.0,1.0
2009,HIMACHAL PRADESH,UNA,19.0,32.0,10.0,4.0,47.0,165.0,277.0,6.0,1.223812241414262,304.0,-27.0,2.0
2009,JAMMU & KASHMIR,ANANTNAG,25.0,92.0,81.0,7.0,149.0,355.0,709.0,6.0,1.3505438027920464,639.0,70.0,3.0
2009,JAMMU & KASHMIR,AWANTIPORA,8.0,22.0,11.0,4.0,21.0,77.0,143.0,6.0,1.3616664454521534,155.0,-12.0,1.0
2009,JAMMU & KASHMIR,BANDIPORA,9.0,70.0,54.0,3.0,57.0,101.0,294.0,6.0,1.491566985068298,294.0,0.0,2.0
2009,JAMMU & KASHMIR,BARAMULLA,74.0,141.0,86.0,7.0,176.0,428.0,912.0,6.0,1.4249808773579467,659.0,253.0,4.0
2009,JAMMU & KASHMIR,BUDGAM,33.0,115.0,76.0,11.0,191.0,380.0,806.0,6.0,1.3856149745868005,743.0,63.0,4.0
2009,JAMMU & KASHMIR,CRIME JAMMU,1.0,0.0,0.0,0.0,0.0,16.0,17.0,2.0,0.22371807606583377,25.0,-8.0,1.0
2009,JAMMU & KASHMIR,CRIME SRINAGAR,0.0,0.0,0.0,0.0,0.0,31.0,31.0,1.0,-0.0,52.0,-21.0,1.0
2009,JAMMU & KASHMIR,DODA,62.0,39.0,39.0,1.0,21.0,92.0,254.0,6.0,1.5153670994925064,230.0,24.0,2.0
2009,JAMMU & KASHMIR,GANDERBAL,5.0,52.0,26.0,1.0,55.0,102.0,241.0,6.0,1.3753657091763614,185.0,56.0,2.0
2009,JAMMU & KASHMIR,HANDWARA,28.0,51.0,17.0,0.0,23.0,75.0,194.0,5.0,1.4641600359478861,176.0,18.0,1.0
2009,JAMMU & KASHMIR,JAMMU,98.0,58.0,69.0,6.0,107.0,1010.0,1348.0,6.0,0.9195733119655242,1393.0,-45.0,4.0
2009,JAMMU & KASHMIR,KARGIL,0.0,2.0,1.0,0.0,4.0,15.0,22.0,4.0,0.9295776887159249,30.0,-8.0,1.0
2009,JAMMU & KASHMIR,KATHUA,29.0,25.0,25.0,0.0,49.0,113.0,241.0,5.0,1.4039281018104353,311.0,-70.0,2.0
2009,JAMMU & KASHMIR,KISHTWAR,37.0,6.0,23.0,0.0,4.0,58.0,128.0,5.0,1.277641524812219,122.0,6.0,1.0
2009,JAMMU & KASHMIR,KULGAM,18.0,82.0,52.0,5.0,93.0,155.0,405.0,6.0,1.4849927983856985,329.0,76.0,2.0
2009,JAMMU & KASHMIR,KUPWARA,47.0,26.0,24.0,1.0,55.0,95.0,248.0,6.0,1.5014837095233724,226.0,22.0,2.0
2009,JAMMU & KASHMIR,LEH,5.0,5.0,1.0,1.0,2.0,28.0,42.0,6.0,1.0999934332746397,70.0,-28.0,1.0
2009,JAMMU & KASHMIR,POONCH,51.0,41.0,21.0,0.0,107.0,80.0,300.0,5.0,1.4795513104650557,326.0,-26.0,2.0
2009,JAMMU & KASHMIR,PULWAMA,12.0,23.0,32.0,2.0,87.0,122.0,278.0,6.0,1.35118347414048,260.0,18.0,2.0
2009,JAMMU & KASHMIR,RAJOURI,37.0,47.0,35.0,0.0,42.0,131.0,292.0,5.0,1.448565256009409,327.0,-35.0,2.0
2009,JAMMU & KASHMIR,RAMBAN,17.0,20.0,15.0,0.0,27.0,46.0,125.0,5.0,1.5178727376448298,165.0,-40.0,1.0
2009,JAMMU & KASHMIR,REASI,40.0,19.0,14.0,0.0,14.0,76.0,163.0,5.0,1.3727142630171412,150.0,13.0,1.0
2009,JAMMU & KASHMIR,SAMBA,15.0,10.0,8.0,0.0,20.0,88.0,141.0,5.0,1.1600902348811877,170.0,-29.0,1.0
2009,JAMMU & KASHMIR,SHOPIAN,30.0,53.0,41.0,6.0,81.0,140.0,351.0,6.0,1.521046265881415,222.0,129.0,2.0
2009,JAMMU & KASHMIR,SRINAGAR,95.0,186.0,113.0,14.0,287.0,879.0,1574.0,6.0,1.2885850013216327,1334.0,240.0,5.0
2009,JAMMU & KASHMIR,UDHAMPUR,29.0,22.0,9.0,1.0,17.0,95.0,173.0,6.0,1.302352485882035,196.0,-23.0,1.0
2009,JHARKHAND,BOKARO,77.0,20.0,37.0,49.0,100.0,794.0,1077.0,6.0,0.9644675395908311,1185.0,-108.0,3.0
2009,JHARKHAND,CHAIBASA,162.0,57.0,13.0,34.0,24.0,181.0,471.0,6.0,1.4306831839407697,513.0,-42.0,3.0
2009,JHARKHAND,CHATRA,82.0,16.0,21.0,22.0,86.0,115.0,342.0,6.0,1.5471166866615655,409.0,-67.0,3.0
2009,JHARKHAND,DEOGHAR,109.0,49.0,29.0,56.0,130.0,444.0,817.0,6.0,1.363591393758036,575.0,242.0,4.0
2009,JHARKHAND,DHANBAD,113.0,60.0,81.0,122.0,209.0,1394.0,1979.0,6.0,1.0562841173079094,1662.0,317.0,5.0
2009,JHARKHAND,DHANBAD RLY.,7.0,3.0,3.0,25.0,6.0,165.0,209.0,6.0,0.77814047011761,169.0,40.0,1.0
2009,JHARKHAND,DUMKA,87.0,63.0,34.0,32.0,92.0,284.0,592.0,6.0,1.483735463366353,638.0,-46.0,4.0
2009,JHARKHAND,GARHWA,80.0,38.0,37.0,37.0,209.0,188.0,589.0,6.0,1.527836577451482,548.0,41.0,4.0
2009,JHARKHAND,GIRIDIH,119.0,65.0,36.0,62.0,274.0,431.0,987.0,6.0,1.4464131297417382,1165.0,-178.0,5.0
2009,JHARKHAND,GODDA,107.0,44.0,36.0,25.0,126.0,222.0,560.0,6.0,1.533755523662258,577.0,-17.0,4.0
2009,JHARKHAND,GUMLA,215.0,46.0,36.0,49.0,69.0,151.0,566.0,6.0,1.5677934406518559,571.0,-5.0,4.0
2009,JHARKHAND,HAZARIBAGH,158.0,42.0,53.0,45.0,205.0,547.0,1050.0,6.0,1.3581188114446294,1464.0,-414.0,5.0
2009,JHARKHAND,JAMSHEDPUR,340.0,79.0,64.0,97.0,102.0,1636.0,2318.0,6.0,1.0120035227714086,1593.0,725.0,5.0
2009,JHARKHAND,JAMSHEDPUR RLY.,7.0,2.0,3.0,15.0,0.0,185.0,212.0,5.0,0.5231424872826981,147.0,65.0,1.0
2009,JHARKHAND,JAMTARA,48.0,35.0,12.0,13.0,34.0,105.0,247.0,6.0,1.5337602122407155,271.0,-24.0,2.0
2009,JHARKHAND,KHUNTI,79.0,6.0,15.0,17.0,30.0,50.0,197.0,6.0,1.5148819584485276,186.0,11.0,2.0
2009,JHARKHAND,KODERMA,34.0,14.0,14.0,18.0,103.0,240.0,423.0,6.0,1.228112174086377,413.0,10.0,2.0
2009,JHARKHAND,LATEHAR,66.0,17.0,22.0,38.0,41.0,83.0,267.0,6.0,1.654914302414558,244.0,23.0,2.0
2009,JHARKHAND,LOHARDAGGA,45.0,25.0,10.0,30.0,18.0,97.0,225.0,6.0,1.5378464617682708,284.0,-59.0,2.0
2009,JHARKHAND,PAKUR,83.0,58.0,18.0,3.0,82.0,90.0,334.0,6.0,1.5478899685086231,400.0,-66.0,3.0
2009,JHARKHAND,PALAMU,229.0,55.0,61.0,80.0,238.0,307.0,970.0,6.0,1.5921478453806557,892.0,78.0,5.0
2009,JHARKHAND,RAMGARH,34.0,21.0,19.0,36.0,53.0,319.0,482.0,6.0,1.16071655258929,602.0,-120.0,2.0
2009,JHARKHAND,RANCHI,429.0,75.0,113.0,221.0,189.0,1985.0,3012.0,6.0,1.1329016319220102,2761.0,251.0,5.0
2009,JHARKHAND,SAHEBGANJ,125.0,61.0,35.0,16.0,57.0,175.0,469.0,6.0,1.550618563140288,434.0,35.0,3.0
2009,JHARKHAND,SARAIKELA,98.0,24.0,15.0,33.0,25.0,264.0,459.0,6.0,1.2616688021404445,499.0,-40.0,2.0
2009,JHARKHAND,SIMDEGA,81.0,20.0,10.0,17.0,13.0,39.0,180.0,6.0,1.5080749029763232,252.0,-72.0,2.0
2009,KARNATAKA,BAGALKOT,78.0,67.0,18.0,9.0,150.0,293.0,615.0,6.0,1.3659714135372838,592.0,23.0,3.0
2009,KARNATAKA,BANGALORE COMMR.,595.0,316.0,270.0,784.0,345.0,16543.0,18853.0,6.0,0.5585553564537863,15781.0,3072.0,5.0
2009,KARNATAKA,BELGAUM,200.0,259.0,60.0,92.0,508.0,1143.0,2262.0,6.0,1.3694665173308125,2183.0,79.0,5.0
2009,KARNATAKA,BELLARY,90.0,77.0,25.0,26.0,174.0,552.0,944.0,6.0,1.2490748557312998,865.0,79.0,3.0
2009,KARNATAKA,BIDAR,65.0,50.0,14.0,25.0,124.0,338.0,616.0,6.0,1.3091894183075015,776.0,-160.0,3.0
2009,KARNATAKA,BIJAPUR,130.0,92.0,28.0,21.0,302.0,386.0,959.0,6.0,1.4127910655138132,1006.0,-47.0,4.0
2009,KARNATAKA,CBPURA,94.0,54.0,24.0,18.0,158.0,387.0,735.0,6.0,1.325618522288865,702.0,33.0,3.0
2009,KARNATAKA,CHAMARAJNAGAR,42.0,63.0,8.0,8.0,95.0,250.0,466.0,6.0,1.2852710191791687,422.0,44.0,2.0
2009,KARNATAKA,CHICKMAGALUR,70.0,77.0,16.0,18.0,143.0,389.0,713.0,6.0,1.2991098321689964,739.0,-26.0,3.0
2009,KARNATAKA,CHITRADURGA,73.0,128.0,24.0,28.0,252.0,392.0,897.0,6.0,1.4055338972321072,930.0,-33.0,4.0
2009,KARNATAKA,DAKSHIN KANNADA,125.0,75.0,15.0,40.0,253.0,716.0,1224.0,6.0,1.2093653314946682,1014.0,210.0,4.0
2009,KARNATAKA,DAVANAGERE,54.0,106.0,17.0,34.0,278.0,578.0,1067.0,6.0,1.238676604746096,855.0,212.0,4.0
2009,KARNATAKA,DHARWAD COMMR.,42.0,18.0,14.0,57.0,110.0,667.0,908.0,6.0,0.9402935621320176,982.0,-74.0,3.0
2009,KARNATAKA,GADAG,33.0,48.0,9.0,8.0,103.0,151.0,352.0,6.0,1.3960195485295082,400.0,-48.0,2.0
2009,KARNATAKA,GULBARGA,250.0,100.0,49.0,86.0,605.0,666.0,1756.0,6.0,1.4231414690480508,1548.0,208.0,5.0
2009,KARNATAKA,HASSAN,109.0,97.0,22.0,77.0,161.0,695.0,1161.0,6.0,1.2657323555441873,1119.0,42.0,4.0
2009,KARNATAKA,HAVERI,50.0,55.0,14.0,24.0,212.0,260.0,615.0,6.0,1.3637392039095073,606.0,9.0,3.0
2009,KARNATAKA,K.G.F.,23.0,19.0,14.0,5.0,62.0,161.0,284.0,6.0,1.2579772861097582,255.0,29.0,2.0
2009,KARNATAKA,KODAGU,57.0,38.0,13.0,11.0,44.0,232.0,395.0,6.0,1.2736938659063333,400.0,-5.0,2.0
2009,KARNATAKA,KOLAR,58.0,27.0,15.0,20.0,166.0,324.0,610.0,6.0,1.2551318088635486,631.0,-21.0,3.0
2009,KARNATAKA,KOPPAL,52.0,46.0,13.0,13.0,111.0,238.0,473.0,6.0,1.3526913005887349,441.0,32.0,2.0
2009,KARNATAKA,MANDYA,149.0,101.0,27.0,57.0,326.0,853.0,1513.0,6.0,1.258150355049773,1087.0,426.0,5.0
2009,KARNATAKA,MYSORE COMMR.,77.0,36.0,21.0,136.0,150.0,1011.0,1431.0,6.0,1.0173992928593274,1246.0,185.0,4.0
2009,KARNATAKA,RAICHUR,81.0,106.0,18.0,9.0,231.0,277.0,722.0,6.0,1.4059476060854432,736.0,-14.0,4.0
2009,KARNATAKA,RAMANAGAR,131.0,82.0,21.0,56.0,260.0,797.0,1347.0,6.0,1.2221348820167348,1192.0,155.0,4.0
2009,KARNATAKA,SHIMOGA,113.0,152.0,38.0,83.0,361.0,771.0,1518.0,6.0,1.360676371542304,1184.0,334.0,5.0
2009,KARNATAKA,TUMKUR,146.0,104.0,23.0,76.0,195.0,910.0,1454.0,6.0,1.2020565875411284,1348.0,106.0,4.0
2009,KARNATAKA,UDUPI,41.0,31.0,3.0,48.0,110.0,278.0,511.0,6.0,1.2865553958658138,467.0,44.0,2.0
2009,KARNATAKA,UTTAR KANNADA,45.0,63.0,10.0,35.0,100.0,181.0,434.0,6.0,1.5080092480581826,412.0,22.0,2.0
2009,KERALA,ALAPUZHA,61.0,200.0,14.0,43.0,423.0,769.0,1510.0,6.0,1.2422367351731873,1723.0,-213.0,5.0
2009,KERALA,ERNAKULAM COMMR.,25.0,69.0,11.0,33.0,98.0,673.0,909.0,6.0,0.9310268744539258,949.0,-40.0,2.0
2009,KERALA,IDUKKI,36.0,153.0,3.0,17.0,223.0,538.0,970.0,6.0,1.1672018881210686,1029.0,-59.0,3.0
2009,KERALA,KANNUR,52.0,168.0,10.0,113.0,1129.0,482.0,1954.0,6.0,1.1615027070920962,1895.0,59.0,5.0
2009,KERALA,KASARGOD,59.0,124.0,8.0,32.0,688.0,486.0,1397.0,6.0,1.18082765899764,1249.0,148.0,5.0
2009,KERALA,KOLLAM,78.0,350.0,21.0,43.0,715.0,876.0,2083.0,6.0,1.2804654578694654,1899.0,184.0,5.0
2009,KERALA,KOTTAYAM,39.0,190.0,14.0,55.0,389.0,1052.0,1739.0,6.0,1.1141513797202076,1868.0,-129.0,4.0
2009,KERALA,KOZHIKODE COMMR.,16.0,84.0,8.0,117.0,350.0,671.0,1246.0,6.0,1.1822517985924543,1349.0,-103.0,4.0
2009,KERALA,MALAPPURAM,61.0,176.0,17.0,61.0,542.0,855.0,1712.0,6.0,1.2281731933103133,2185.0,-473.0,5.0
2009,KERALA,PALAKKAD,67.0,154.0,13.0,40.0,481.0,741.0,1496.0,6.0,1.2240359564303298,1563.0,-67.0,5.0
2009,KERALA,PATHANAMTHITTA,33.0,180.0,11.0,29.0,348.0,488.0,1089.0,6.0,1.2707141213013036,1149.0,-60.0,4.0
2009,KERALA,THRISSUR,85.0,185.0,19.0,82.0,736.0,1036.0,2143.0,6.0,1.2246672214435357,2413.0,-270.0,5.0
2009,KERALA,TRIVANDRUM COMMR.,45.0,215.0,18.0,99.0,552.0,1247.0,2176.0,6.0,1.1561794946024282,1805.0,371.0,5.0
2009,KERALA,WAYANADU,17.0,84.0,7.0,6.0,170.0,276.0,560.0,6.0,1.2046483211452172,761.0,-201.0,3.0
2009,MADHYA PRADESH,ALIRAJPUR,110.0,53.0,10.0,14.0,41.0,103.0,331.0,6.0,1.5208963037078442,363.0,-32.0,3.0
2009,MADHYA PRADESH,ANUPPUR,35.0,100.0,7.0,22.0,30.0,189.0,383.0,6.0,1.3545503597698212,357.0,26.0,2.0
2009,MADHYA PRADESH,ASHOK NAGAR,56.0,117.0,6.0,8.0,24.0,228.0,439.0,6.0,1.2459020792909434,529.0,-90.0,2.0
2009,MADHYA PRADESH,BALAGHAT,83.0,158.0,8.0,16.0,27.0,277.0,569.0,6.0,1.2920505885188385,668.0,-99.0,3.0
2009,MADHYA PRADESH,BARWANI,48.0,84.0,5.0,17.0,16.0,232.0,402.0,6.0,1.2148039149375194,533.0,-131.0,2.0
2009,MADHYA PRADESH,BETUL,99.0,285.0,30.0,29.0,41.0,395.0,879.0,6.0,1.3413786247270632,935.0,-56.0,4.0
2009,MADHYA PRADESH,BHIND,160.0,80.0,32.0,83.0,76.0,392.0,823.0,6.0,1.4758630832923139,828.0,-5.0,4.0
2009,MADHYA PRADESH,BHOPAL,160.0,396.0,77.0,190.0,153.0,4262.0,5238.0,6.0,0.7551094846302291,4636.0,602.0,5.0
2009,MADHYA PRADESH,BHOPAL RLY.,8.0,15.0,3.0,32.0,4.0,1035.0,1097.0,6.0,0.2891831029835276,984.0,113.0,1.0
2009,MADHYA PRADESH,BURHANPUR,27.0,61.0,3.0,5.0,9.0,169.0,274.0,6.0,1.095530181049059,391.0,-117.0,1.0
2009,MADHYA PRADESH,CHHATARPUR,145.0,242.0,20.0,80.0,95.0,688.0,1270.0,6.0,1.3292201134478467,1336.0,-66.0,4.0
2009,MADHYA PRADESH,CHHINDWARA,97.0,390.0,32.0,21.0,96.0,597.0,1233.0,6.0,1.2781668524497078,995.0,238.0,4.0
2009,MADHYA PRADESH,DAMOH,106.0,186.0,18.0,47.0,35.0,405.0,797.0,6.0,1.341697215127334,651.0,146.0,3.0
2009,MADHYA PRADESH,DATIYA,87.0,89.0,24.0,41.0,39.0,304.0,584.0,6.0,1.4085864018027405,569.0,15.0,3.0
2009,MADHYA PRADESH,DEWAS,86.0,213.0,11.0,29.0,69.0,704.0,1112.0,6.0,1.117168318878179,1455.0,-343.0,3.0
2009,MADHYA PRADESH,DHAR,156.0,266.0,34.0,49.0,127.0,781.0,1413.0,6.0,1.308173878992903,1434.0,-21.0,5.0
2009,MADHYA PRADESH,DINDORI,26.0,83.0,2.0,1.0,7.0,59.0,178.0,6.0,1.2095551512436542,159.0,19.0,2.0
2009,MADHYA PRADESH,GUNA,66.0,178.0,9.0,25.0,67.0,358.0,703.0,6.0,1.3120186039385289,837.0,-134.0,3.0
2009,MADHYA PRADESH,GWALIOR,255.0,256.0,85.0,253.0,170.0,2955.0,3974.0,6.0,0.9655853873220697,3755.0,219.0,5.0
2009,MADHYA PRADESH,HARDA,23.0,55.0,7.0,6.0,9.0,229.0,329.0,6.0,0.9906201215165611,365.0,-36.0,1.0
2009,MADHYA PRADESH,HOSHANGABAD,93.0,173.0,23.0,45.0,41.0,582.0,957.0,6.0,1.2065310476368867,998.0,-41.0,3.0
2009,MADHYA PRADESH,INDORE,343.0,501.0,36.0,325.0,149.0,5134.0,6488.0,6.0,0.8038734858636695,7521.0,-1033.0,5.0
2009,MADHYA PRADESH,INDORE RLY.,5.0,1.0,1.0,3.0,0.0,218.0,228.0,5.0,0.23126251440972048,216.0,12.0,1.0
2009,MADHYA PRADESH,JABALPUR,184.0,350.0,44.0,97.0,101.0,1664.0,2440.0,6.0,1.0669429271168775,2575.0,-135.0,5.0
2009,MADHYA PRADESH,JABALPUR RLY.,2.0,7.0,1.0,8.0,2.0,411.0,431.0,6.0,0.2501653911315481,256.0,175.0,1.0
2009,MADHYA PRADESH,JHABUA,37.0,72.0,18.0,25.0,22.0,183.0,357.0,6.0,1.4089363124667784,353.0,4.0,2.0
2009,MADHYA PRADESH,KATNI,59.0,165.0,13.0,19.0,20.0,357.0,633.0,6.0,1.1888421216677045,639.0,-6.0,3.0
2009,MADHYA PRADESH,KHANDWA,69.0,219.0,13.0,28.0,48.0,517.0,894.0,6.0,1.1860168040064372,938.0,-44.0,3.0
2009,MADHYA PRADESH,KHARGON,99.0,187.0,5.0,26.0,57.0,706.0,1080.0,6.0,1.070425434930618,1251.0,-171.0,3.0
2009,MADHYA PRADESH,MANDLA,37.0,101.0,9.0,7.0,10.0,150.0,314.0,6.0,1.2661169596261022,345.0,-31.0,2.0
2009,MADHYA PRADESH,MANDSAUR,67.0,170.0,30.0,33.0,70.0,528.0,898.0,6.0,1.254849004252802,879.0,19.0,3.0
2009,MADHYA PRADESH,MORENA,144.0,114.0,40.0,57.0,120.0,543.0,1018.0,6.0,1.397679471624205,1166.0,-148.0,4.0
2009,MADHYA PRADESH,NARSINGHPUR,79.0,153.0,5.0,11.0,45.0,311.0,604.0,6.0,1.2617814369939273,650.0,-46.0,3.0
2009,MADHYA PRADESH,NEEMUCH,30.0,86.0,16.0,20.0,58.0,495.0,705.0,6.0,1.0317472481487557,685.0,20.0,2.0
2009,MADHYA PRADESH,PANNA,53.0,107.0,6.0,29.0,22.0,267.0,484.0,6.0,1.2675836291186728,430.0,54.0,2.0
2009,MADHYA PRADESH,RAISEN,103.0,258.0,10.0,26.0,48.0,400.0,845.0,6.0,1.2953360510462861,700.0,145.0,4.0
2009,MADHYA PRADESH,RAJGARH,80.0,221.0,33.0,36.0,136.0,513.0,1019.0,6.0,1.3747319967606488,1015.0,4.0,4.0
2009,MADHYA PRADESH,RATLAM,76.0,178.0,19.0,47.0,66.0,535.0,921.0,6.0,1.259852646177788,859.0,62.0,3.0
2009,MADHYA PRADESH,REWA,107.0,192.0,30.0,47.0,69.0,942.0,1387.0,6.0,1.0810419149686599,1660.0,-273.0,4.0
2009,MADHYA PRADESH,SAGAR,198.0,488.0,44.0,57.0,129.0,971.0,1887.0,6.0,1.3049693762289853,1887.0,0.0,5.0
2009,MADHYA PRADESH,SATNA,111.0,339.0,23.0,75.0,61.0,904.0,1513.0,6.0,1.1765510279071032,1601.0,-88.0,5.0
2009,MADHYA PRADESH,SEONI,67.0,146.0,12.0,22.0,66.0,303.0,616.0,6.0,1.3665569650221012,530.0,86.0,3.0
2009,MADHYA PRADESH,SHAHDOL,40.0,155.0,11.0,24.0,27.0,458.0,715.0,6.0,1.0799330421029767,758.0,-43.0,2.0
2009,MADHYA PRADESH,SHAJAPUR,75.0,217.0,18.0,34.0,64.0,633.0,1041.0,6.0,1.1722515947774417,1121.0,-80.0,3.0
2009,MADHYA PRADESH,SHEOPUR,34.0,32.0,7.0,17.0,44.0,114.0,248.0,6.0,1.4851353121800646,257.0,-9.0,2.0
2009,MADHYA PRADESH,SHIVPURI,106.0,179.0,32.0,64.0,83.0,443.0,907.0,6.0,1.4450334666277087,981.0,-74.0,4.0
2009,MADHYA PRADESH,SIDHI,31.0,104.0,14.0,12.0,11.0,278.0,450.0,6.0,1.1157110119452742,611.0,-161.0,2.0
2009,MADHYA PRADESH,SIHORE,89.0,151.0,25.0,21.0,45.0,510.0,841.0,6.0,1.2026605764591016,827.0,14.0,3.0
2009,MADHYA PRADESH,SINGRAULI,55.0,137.0,16.0,23.0,55.0,279.0,565.0,6.0,1.376772791563445,537.0,28.0,3.0
2009,MADHYA PRADESH,TIKAMGARH,88.0,203.0,13.0,30.0,59.0,316.0,709.0,6.0,1.3912801172227744,675.0,34.0,3.0
2009,MADHYA PRADESH,UJJAIN,201.0,213.0,27.0,109.0,199.0,1519.0,2268.0,6.0,1.1175120030644732,2525.0,-257.0,5.0
2009,MADHYA PRADESH,UMARIYA,24.0,83.0,4.0,9.0,15.0,149.0,284.0,6.0,1.2314882747162046,380.0,-96.0,2.0
2009,MADHYA PRADESH,VIDISHA,96.0,296.0,15.0,33.0,73.0,631.0,1144.0,6.0,1.2206228276450761,1166.0,-22.0,4.0
2009,MAHARASHTRA,AHMEDNAGAR,159.0,161.0,42.0,198.0,531.0,2137.0,3228.0,6.0,1.095498855951976,3538.0,-310.0,5.0
2009,MAHARASHTRA,AKOLA,118.0,118.0,33.0,87.0,191.0,1359.0,1906.0,6.0,1.027318196064331,1934.0,-28.0,4.0
2009,MAHARASHTRA,AMRAVATI COMMR.,42.0,45.0,23.0,44.0,101.0,1003.0,1258.0,6.0,0.8061871340861979,1191.0,67.0,3.0
2009,MAHARASHTRA,AURANGABAD COMMR.,85.0,83.0,28.0,108.0,167.0,1599.0,2070.0,6.0,0.8748677512071409,1885.0,185.0,4.0
2009,MAHARASHTRA,BEED,134.0,105.0,36.0,141.0,537.0,946.0,1899.0,6.0,1.319719549484197,1976.0,-77.0,5.0
2009,MAHARASHTRA,BHANDARA,34.0,48.0,12.0,17.0,60.0,770.0,941.0,6.0,0.7395267918988572,1270.0,-329.0,2.0
2009,MAHARASHTRA,BULDHANA,112.0,155.0,29.0,55.0,255.0,1171.0,1777.0,6.0,1.1151448986367825,1936.0,-159.0,4.0
2009,MAHARASHTRA,CHANDRAPUR,85.0,176.0,19.0,27.0,167.0,1088.0,1562.0,6.0,1.0191075060611199,1800.0,-238.0,4.0
2009,MAHARASHTRA,DHULE,82.0,46.0,13.0,38.0,186.0,647.0,1012.0,6.0,1.1206344110297153,1149.0,-137.0,3.0
2009,MAHARASHTRA,GADCHIROLI,115.0,35.0,14.0,24.0,95.0,259.0,542.0,6.0,1.3964445177881715,489.0,53.0,3.0
2009,MAHARASHTRA,GONDIA,67.0,100.0,20.0,13.0,62.0,524.0,786.0,6.0,1.1041140625652046,896.0,-110.0,3.0
2009,MAHARASHTRA,HINGOLI,85.0,37.0,16.0,50.0,136.0,341.0,665.0,6.0,1.374997749512186,652.0,13.0,3.0
2009,MAHARASHTRA,JALGAON,128.0,139.0,25.0,84.0,304.0,1278.0,1958.0,6.0,1.1245262858641984,2006.0,-48.0,5.0
2009,MAHARASHTRA,JALNA,94.0,76.0,20.0,81.0,209.0,702.0,1182.0,6.0,1.2463002718396021,1108.0,74.0,4.0
2009,MAHARASHTRA,KOLHAPUR,83.0,96.0,22.0,66.0,237.0,1424.0,1928.0,6.0,0.9328193215435726,2193.0,-265.0,4.0
2009,MAHARASHTRA,LATUR,107.0,82.0,28.0,47.0,219.0,731.0,1214.0,6.0,1.2233190729083454,1425.0,-211.0,4.0
2009,MAHARASHTRA,MUMBAI COMMR.,383.0,582.0,149.0,355.0,319.0,17421.0,19209.0,6.0,0.4521157264753436,20271.0,-1062.0,5.0
2009,MAHARASHTRA,MUMBAI RLY.,10.0,16.0,3.0,41.0,6.0,2127.0,2203.0,6.0,0.19337236821272408,2072.0,131.0,1.0
2009,MAHARASHTRA,NAGPUR COMMR.,169.0,105.0,73.0,335.0,225.0,2827.0,3734.0,6.0,0.9137016857381051,4373.0,-639.0,5.0
2009,MAHARASHTRA,NAGPUR RLY.,7.0,8.0,1.0,31.0,6.0,953.0,1006.0,6.0,0.26893211535780737,1090.0,-84.0,1.0
2009,MAHARASHTRA,NANDED,179.0,96.0,40.0,122.0,340.0,942.0,1719.0,6.0,1.322082234651711,1683.0,36.0,5.0
2009,MAHARASHTRA,NANDURBAR,57.0,56.0,13.0,12.0,111.0,306.0,555.0,6.0,1.2861541823314953,546.0,9.0,3.0
2009,MAHARASHTRA,NASIK COMMR.,71.0,73.0,24.0,101.0,159.0,2520.0,2948.0,6.0,0.6276591265691043,2530.0,418.0,4.0
2009,MAHARASHTRA,NAVI MUMBAI,90.0,55.0,20.0,139.0,142.0,2619.0,3065.0,6.0,0.6255565303804808,2915.0,150.0,4.0
2009,MAHARASHTRA,OSMANABAD,56.0,84.0,19.0,62.0,181.0,539.0,941.0,6.0,1.2778468232835425,1200.0,-259.0,4.0
2009,MAHARASHTRA,PARBHANI,83.0,79.0,24.0,43.0,158.0,678.0,1065.0,6.0,1.177465360643962,1152.0,-87.0,4.0
2009,MAHARASHTRA,PUNE COMMR.,248.0,167.0,105.0,549.0,487.0,7175.0,8731.0,6.0,0.7262500396191195,9151.0,-420.0,5.0
2009,MAHARASHTRA,PUNE RLY.,6.0,1.0,2.0,32.0,4.0,451.0,496.0,6.0,0.39033127425261505,414.0,82.0,1.0
2009,MAHARASHTRA,RAIGAD,62.0,47.0,4.0,17.0,111.0,571.0,812.0,6.0,0.9880888075189999,825.0,-13.0,3.0
2009,MAHARASHTRA,RATNAGIRI,28.0,50.0,12.0,17.0,118.0,393.0,618.0,6.0,1.1230348225801943,682.0,-64.0,2.0
2009,MAHARASHTRA,SANGLI,99.0,82.0,22.0,32.0,212.0,941.0,1388.0,6.0,1.0585700698255565,1460.0,-72.0,4.0
2009,MAHARASHTRA,SATARA,92.0,83.0,22.0,147.0,234.0,1643.0,2221.0,6.0,0.9402285484802356,2290.0,-69.0,4.0
2009,MAHARASHTRA,SINDHUDURG,17.0,20.0,4.0,9.0,61.0,297.0,408.0,6.0,0.9249896697484883,351.0,57.0,2.0
2009,MAHARASHTRA,SOLAPUR COMMR.,37.0,32.0,7.0,33.0,50.0,592.0,751.0,6.0,0.8315911239985592,871.0,-120.0,2.0
2009,MAHARASHTRA,THANE COMMR.,198.0,214.0,87.0,186.0,328.0,4938.0,5951.0,6.0,0.7174760256043036,5493.0,458.0,5.0
2009,MAHARASHTRA,WARDHA,61.0,125.0,18.0,44.0,170.0,1117.0,1535.0,6.0,0.9613839647309159,1710.0,-175.0,4.0
2009,MAHARASHTRA,WASHIM,44.0,86.0,13.0,51.0,108.0,569.0,871.0,6.0,1.1453207370896512,985.0,-114.0,3.0
2009,MAHARASHTRA,YAVATMAL,135.0,168.0,28.0,60.0,140.0,1246.0,1777.0,6.0,1.047714618138147,1884.0,-107.0,4.0
2009,MANIPUR,BISHNUPUR,51.0,12.0,7.0,0.0,15.0,34.0,119.0,5.0,1.380128795941223,157.0,-38.0,1.0
2009,MANIPUR,CHANDEL,37.0,0.0,0.0,0.0,4.0,8.0,49.0,3.0,0.7125412665646154,35.0,14.0,1.0
2009,MANIPUR,CHURACHANDPUR,25.0,4.0,4.0,0.0,2.0,17.0,52.0,5.0,1.2375288777979714,62.0,-10.0,1.0
2009,MANIPUR,CID,0.0,0.0,0.0,0.0,0.0,1.0,1.0,1.0,-0.0,2.0,-1.0,1.0
2009,MANIPUR,IMPHAL EAST,136.0,19.0,56.0,1.0,36.0,97.0,345.0,6.0,1.4312581954525716,346.0,-1.0,3.0
2009,MANIPUR,IMPHAL WEST,188.0,17.0,52.0,2.0,33.0,316.0,608.0,6.0,1.1903295322783407,664.0,-56.0,4.0
2009,MANIPUR,SENAPATI,34.0,2.0,6.0,0.0,3.0,24.0,69.0,5.0,1.1674074059335966,65.0,4.0,1.0
2009,MANIPUR,TAMENGLONG,10.0,0.0,0.0,0.0,3.0,4.0,17.0,3.0,0.9586918593253719,13.0,4.0,1.0
2009,MANIPUR,THOUBAL,105.0,15.0,32.0,1.0,26.0,67.0,246.0,6.0,1.4134004214591207,372.0,-126.0,2.0
2009,MANIPUR,UKHRUL,25.0,1.0,2.0,0.0,7.0,10.0,45.0,5.0,1.1732088907447071,48.0,-3.0,1.0
2009,MEGHALAYA,GARO HILLS EAST,16.0,9.0,3.0,27.0,6.0,47.0,108.0,6.0,1.4587296799415828,81.0,27.0,1.0
2009,MEGHALAYA,GARO HILLS SOUTH,5.0,2.0,3.0,5.0,0.0,16.0,31.0,5.0,1.3327636590883165,29.0,2.0,1.0
2009,MEGHALAYA,GARO HILLS WEST,30.0,30.0,16.0,25.0,23.0,189.0,313.0,6.0,1.2998398969621543,307.0,6.0,2.0
2009,MEGHALAYA,JAINTIA HILLS,46.0,32.0,8.0,5.0,11.0,103.0,205.0,6.0,1.3451674971280014,224.0,-19.0,2.0
2009,MEGHALAYA,KHASI HILLS EAST,39.0,60.0,17.0,44.0,14.0,367.0,541.0,6.0,1.1040973758439265,651.0,-110.0,2.0
2009,MEGHALAYA,KHASI HILLS WEST,24.0,24.0,2.0,15.0,11.0,52.0,128.0,6.0,1.5208181342214082,106.0,22.0,1.0
2009,MEGHALAYA,RI-BHOI,19.0,27.0,7.0,10.0,7.0,57.0,127.0,6.0,1.4925772339423435,124.0,3.0,1.0
2009,MIZORAM,AIZAWL,27.0,56.0,7.0,2.0,4.0,671.0,767.0,6.0,0.5116599124229663,716.0,51.0,1.0
2009,MIZORAM,CHAMPHAI,8.0,19.0,0.0,0.0,0.0,113.0,140.0,3.0,0.607537447951479,125.0,15.0,1.0
2009,MIZORAM,KOLASIB,4.0,16.0,0.0,0.0,5.0,113.0,138.0,4.0,0.6363217280776319,155.0,-17.0,1.0
2009,MIZORAM,LAWNGTLAI,6.0,5.0,0.0,0.0,0.0,69.0,80.0,3.0,0.49513794473950995,71.0,9.0,1.0
2009,MIZORAM,LUNGLEI,1.0,20.0,1.0,1.0,2.0,131.0,156.0,6.0,0.5629855638421617,205.0,-49.0,1.0
2009,MIZORAM,MAMIT,1.0,13.0,1.0,3.0,11.0,54.0,83.0,6.0,1.064356691793499,47.0,36.0,1.0
2009,MIZORAM,SAIHA,4.0,3.0,0.0,0.0,1.0,42.0,50.0,4.0,0.5955602398604389,36.0,14.0,1.0
2009,MIZORAM,SERCHHIP,2.0,12.0,0.0,0.0,2.0,40.0,56.0,4.0,0.8084472856591985,65.0,-9.0,1.0
2009,NAGALAND,DIMAPUR,26.0,14.0,33.0,75.0,3.0,253.0,404.0,6.0,1.1397885211273475,475.0,-71.0,2.0
2009,NAGALAND,KIPHIRE,0.0,0.0,2.0,0.0,0.0,4.0,6.0,2.0,0.6365141682948128,10.0,-4.0,1.0
2009,NAGALAND,KOHIMA,13.0,6.0,12.0,11.0,0.0,83.0,125.0,5.0,1.091878563640509,135.0,-10.0,1.0
2009,NAGALAND,LONGLENG,1.0,0.0,0.0,0.0,1.0,3.0,5.0,3.0,0.9502705392332347,6.0,-1.0,1.0
2009,NAGALAND,MOKOKCHUNG,9.0,0.0,1.0,2.0,1.0,33.0,46.0,5.0,0.8602486772382316,65.0,-19.0,1.0
2009,NAGALAND,MON,7.0,0.0,0.0,4.0,0.0,20.0,31.0,3.0,0.8829809477449342,52.0,-21.0,1.0
2009,NAGALAND,PEREN,10.0,3.0,1.0,0.0,0.0,15.0,29.0,4.0,1.0589358019699935,15.0,14.0,1.0
2009,NAGALAND,PHEK,10.0,1.0,0.0,1.0,0.0,13.0,25.0,4.0,0.9640681217905833,34.0,-9.0,1.0
2009,NAGALAND,TUENSANG,1.0,2.0,1.0,3.0,0.0,2.0,9.0,5.0,1.5229550675313182,14.0,-5.0,1.0
2009,NAGALAND,WOKHA,9.0,4.0,0.0,3.0,3.0,22.0,41.0,5.0,1.2766255704507188,70.0,-29.0,1.0
2009,NAGALAND,ZUNHEBOTO,2.0,3.0,2.0,1.0,0.0,20.0,28.0,5.0,0.9756662580564921,35.0,-7.0,1.0
2009,ODISHA,ANGUL,128.0,283.0,36.0,80.0,133.0,576.0,1236.0,6.0,1.4482565077689271,1196.0,40.0,4.0
2009,ODISHA,BALASORE,78.0,170.0,62.0,64.0,72.0,645.0,1091.0,6.0,1.2977406486281429,983.0,108.0,4.0
2009,ODISHA,BARAGARH,101.0,111.0,10.0,57.0,96.0,267.0,642.0,6.0,1.5232524533520717,634.0,8.0,3.0
2009,ODISHA,BERHAMPUR,64.0,148.0,20.0,62.0,44.0,268.0,606.0,6.0,1.47875826021899,545.0,61.0,3.0
2009,ODISHA,BHADRAK,69.0,154.0,42.0,14.0,53.0,275.0,607.0,6.0,1.4384950193165091,560.0,47.0,3.0
2009,ODISHA,BOLANGIR,97.0,193.0,33.0,44.0,109.0,258.0,734.0,6.0,1.5775883789319238,733.0,1.0,4.0
2009,ODISHA,BOUDH,25.0,34.0,1.0,6.0,24.0,49.0,139.0,6.0,1.4949689201105896,197.0,-58.0,1.0
2009,ODISHA,CUTTACK,34.0,49.0,48.0,68.0,66.0,305.0,570.0,6.0,1.4253698173918785,627.0,-57.0,3.0
2009,ODISHA,DCP BBSR,71.0,82.0,27.0,108.0,66.0,1381.0,1735.0,6.0,0.8186566720414142,2259.0,-524.0,4.0
2009,ODISHA,DCP CTC,46.0,45.0,22.0,74.0,39.0,775.0,1001.0,6.0,0.8820127022951861,1032.0,-31.0,3.0
2009,ODISHA,DEOGARH,21.0,67.0,8.0,15.0,13.0,61.0,185.0,6.0,1.5067703688462686,298.0,-113.0,1.0
2009,ODISHA,DHENKANAL,79.0,182.0,24.0,60.0,107.0,309.0,761.0,6.0,1.5283985314446353,793.0,-32.0,3.0
2009,ODISHA,GAJAPATI,35.0,58.0,8.0,7.0,96.0,68.0,272.0,6.0,1.5054207042609415,269.0,3.0,2.0
2009,ODISHA,GANJAM,207.0,283.0,28.0,77.0,113.0,324.0,1032.0,6.0,1.5744625423226937,1162.0,-130.0,4.0
2009,ODISHA,JAGATSINGHPUR,41.0,42.0,26.0,45.0,32.0,269.0,455.0,6.0,1.326605527229001,467.0,-12.0,3.0
2009,ODISHA,JAJPUR,86.0,118.0,54.0,55.0,59.0,416.0,788.0,6.0,1.4269055843678666,854.0,-66.0,4.0
2009,ODISHA,JHARSUGUDA,52.0,48.0,6.0,58.0,70.0,358.0,592.0,6.0,1.2480943892897836,703.0,-111.0,2.0
2009,ODISHA,KALAHANDI,45.0,105.0,24.0,34.0,60.0,181.0,449.0,6.0,1.5575265960630895,504.0,-55.0,3.0
2009,ODISHA,KANDHAMAL,44.0,90.0,17.0,12.0,66.0,203.0,432.0,6.0,1.4282201540131707,1532.0,-1100.0,2.0
2009,ODISHA,KENDRAPARA,30.0,33.0,36.0,45.0,31.0,197.0,372.0,6.0,1.4431629330291518,435.0,-63.0,3.0
2009,ODISHA,KEONJHAR,228.0,248.0,49.0,148.0,98.0,451.0,1222.0,6.0,1.5917905173089042,1202.0,20.0,5.0
2009,ODISHA,KHURDA,61.0,40.0,38.0,55.0,22.0,249.0,465.0,6.0,1.413437860791414,412.0,53.0,3.0
2009,ODISHA,KORAPUT,75.0,123.0,31.0,54.0,88.0,176.0,547.0,6.0,1.6580505412147821,685.0,-138.0,3.0
2009,ODISHA,MALKANGIR,53.0,36.0,12.0,25.0,51.0,45.0,222.0,6.0,1.702020409212602,235.0,-13.0,2.0
2009,ODISHA,MAYURBHANJ,162.0,294.0,64.0,60.0,26.0,350.0,956.0,6.0,1.484118411972601,978.0,-22.0,4.0
2009,ODISHA,NAYAGARH,41.0,41.0,28.0,42.0,40.0,199.0,391.0,6.0,1.4783761072812944,377.0,14.0,3.0
2009,ODISHA,NOWRANGPUR,56.0,95.0,22.0,12.0,39.0,126.0,350.0,6.0,1.5490467612563132,385.0,-35.0,2.0
2009,ODISHA,NUAPADA,23.0,70.0,12.0,21.0,17.0,87.0,230.0,6.0,1.5251944477432913,282.0,-52.0,2.0
2009,ODISHA,PURI,112.0,51.0,48.0,133.0,128.0,600.0,1072.0,6.0,1.357461630490391,1011.0,61.0,4.0
2009,ODISHA,RAYAGADA,40.0,91.0,16.0,27.0,45.0,128.0,347.0,6.0,1.573382145892336,362.0,-15.0,2.0
2009,ODISHA,ROURKELA,112.0,121.0,23.0,101.0,50.0,445.0,852.0,6.0,1.3998749369173695,861.0,-9.0,4.0
2009,ODISHA,SAMBALPUR,91.0,73.0,16.0,108.0,97.0,488.0,873.0,6.0,1.34427893573275,979.0,-106.0,4.0
2009,ODISHA,SONEPUR,32.0,63.0,17.0,13.0,39.0,70.0,234.0,6.0,1.6360750628332366,220.0,14.0,2.0
2009,ODISHA,SRP(CUTTACK),3.0,9.0,3.0,11.0,3.0,420.0,449.0,6.0,0.33208667720476,364.0,85.0,1.0
2009,ODISHA,SRP(ROURKELA),9.0,9.0,4.0,17.0,3.0,232.0,274.0,6.0,0.6488990780009337,180.0,94.0,1.0
2009,ODISHA,SUNDARGARH,78.0,61.0,15.0,56.0,36.0,217.0,463.0,6.0,1.4874647443740066,581.0,-118.0,3.0
2009,PUNJAB,AMRITSAR,121.0,30.0,46.0,13.0,3.0,817.0,1030.0,6.0,0.749361264991453,1196.0,-166.0,3.0
2009,PUNJAB,BARNALA,50.0,19.0,7.0,1.0,1.0,181.0,259.0,6.0,0.90009128726683,254.0,5.0,1.0
2009,PUNJAB,BATALA,51.0,32.0,12.0,4.0,3.0,312.0,414.0,6.0,0.8521859137696857,355.0,59.0,2.0
2009,PUNJAB,BHATINDA,135.0,48.0,36.0,10.0,9.0,885.0,1123.0,6.0,0.7681201627926099,1067.0,56.0,3.0
2009,PUNJAB,FARIDKOT,52.0,26.0,7.0,2.0,3.0,225.0,315.0,6.0,0.904632079710399,365.0,-50.0,2.0
2009,PUNJAB,FATEHGARH SAHIB,34.0,15.0,11.0,3.0,0.0,342.0,405.0,5.0,0.6071093688456008,392.0,13.0,1.0
2009,PUNJAB,FEROZPUR,127.0,56.0,39.0,6.0,12.0,550.0,790.0,6.0,0.9827483271093277,861.0,-71.0,3.0
2009,PUNJAB,G.R.P,14.0,1.0,0.0,2.0,0.0,73.0,90.0,4.0,0.5938470461128644,80.0,10.0,1.0
2009,PUNJAB,GURDASPUR,93.0,26.0,32.0,0.0,3.0,237.0,391.0,5.0,1.0675006493551025,387.0,4.0,2.0
2009,PUNJAB,HOSHIARPUR,105.0,49.0,31.0,11.0,14.0,447.0,657.0,6.0,1.0432609178443348,581.0,76.0,3.0
2009,PUNJAB,JALANDHAR,200.0,96.0,96.0,38.0,21.0,1403.0,1854.0,6.0,0.8881881313917233,1894.0,-40.0,4.0
2009,PUNJAB,KAPURTHALA,78.0,26.0,20.0,6.0,7.0,374.0,511.0,6.0,0.9046826234068022,765.0,-254.0,2.0
2009,PUNJAB,KHANNA,49.0,17.0,13.0,10.0,0.0,213.0,302.0,5.0,0.9515222315158485,443.0,-141.0,2.0
2009,PUNJAB,LUDHIANA,182.0,70.0,95.0,19.0,6.0,1144.0,1516.0,6.0,0.8593104693605753,1468.0,48.0,4.0
2009,PUNJAB,MANSA,68.0,26.0,14.0,2.0,3.0,169.0,282.0,6.0,1.1021239127669396,304.0,-22.0,2.0
2009,PUNJAB,MOGA,73.0,37.0,19.0,5.0,0.0,358.0,492.0,5.0,0.8813448927739088,473.0,19.0,2.0
2009,PUNJAB,MUKTSAR,62.0,22.0,11.0,2.0,0.0,281.0,378.0,5.0,0.8131321049016957,343.0,35.0,2.0
2009,PUNJAB,PATIALA,111.0,48.0,56.0,9.0,12.0,895.0,1131.0,6.0,0.7826290725795213,971.0,160.0,3.0
2009,PUNJAB,ROPAR,40.0,22.0,16.0,3.0,3.0,264.0,348.0,6.0,0.856335328461506,353.0,-5.0,2.0
2009,PUNJAB,SANGRUR,83.0,31.0,26.0,12.0,2.0,525.0,679.0,6.0,0.8101393222657741,678.0,1.0,2.0
2009,PUNJAB,SAS NGR,53.0,38.0,37.0,11.0,0.0,808.0,947.0,5.0,0.6042592837441263,820.0,127.0,2.0
2009,PUNJAB,SBS NAGAR,38.0,16.0,6.0,24.0,4.0,256.0,344.0,6.0,0.9141179783024516,313.0,31.0,2.0
2009,PUNJAB,TARN TARAN,73.0,43.0,18.0,7.0,0.0,230.0,371.0,5.0,1.0877884563634759,394.0,-23.0,2.0
2009,RAJASTHAN,AJMER,98.0,111.0,93.0,25.0,30.0,1585.0,1942.0,6.0,0.7460654933447065,2034.0,-92.0,4.0
2009,RAJASTHAN,ALWAR,180.0,240.0,184.0,52.0,38.0,2771.0,3465.0,6.0,0.7856936881280385,2806.0,659.0,5.0
2009,RAJASTHAN,BANSWARA,45.0,83.0,53.0,11.0,81.0,269.0,542.0,6.0,1.432178096371032,595.0,-53.0,3.0
2009,RAJASTHAN,BARAN,123.0,185.0,85.0,10.0,25.0,606.0,1034.0,6.0,1.214539302397558,1027.0,7.0,4.0
2009,RAJASTHAN,BARMER,50.0,127.0,29.0,6.0,36.0,609.0,857.0,6.0,0.9739524425693413,697.0,160.0,2.0
2009,RAJASTHAN,BHARATPUR,151.0,121.0,188.0,17.0,25.0,1864.0,2366.0,6.0,0.8003160470756819,1877.0,489.0,5.0
2009,RAJASTHAN,BHILWARA,84.0,149.0,109.0,40.0,72.0,1519.0,1973.0,6.0,0.8906504629266291,1702.0,271.0,4.0
2009,RAJASTHAN,BIKANER,119.0,120.0,38.0,4.0,21.0,773.0,1075.0,6.0,0.9413886549073736,1177.0,-102.0,3.0
2009,RAJASTHAN,BUNDI,117.0,175.0,115.0,19.0,44.0,578.0,1048.0,6.0,1.3201336443094929,811.0,237.0,4.0
2009,RAJASTHAN,CHITTORGARH,73.0,126.0,96.0,25.0,73.0,979.0,1372.0,6.0,1.031355421461094,1330.0,42.0,4.0
2009,RAJASTHAN,CHURU,59.0,52.0,45.0,3.0,16.0,728.0,903.0,6.0,0.7561814525251092,736.0,167.0,3.0
2009,RAJASTHAN,DAUSA,59.0,32.0,92.0,26.0,27.0,1235.0,1471.0,6.0,0.6771570475009061,1472.0,-1.0,3.0
2009,RAJASTHAN,DHOLPUR,136.0,49.0,67.0,25.0,16.0,780.0,1073.0,6.0,0.9580672029312604,877.0,196.0,4.0
2009,RAJASTHAN,DUNGARPUR,45.0,76.0,43.0,10.0,71.0,175.0,420.0,6.0,1.5362527624375628,503.0,-83.0,3.0
2009,RAJASTHAN,G.R.P.,14.0,10.0,2.0,4.0,2.0,548.0,580.0,6.0,0.2869431432666962,422.0,158.0,1.0
2009,RAJASTHAN,GANGANAGAR,136.0,150.0,63.0,17.0,4.0,1312.0,1682.0,6.0,0.7965285512225865,1462.0,220.0,4.0
2009,RAJASTHAN,HANUMANGARH,121.0,114.0,49.0,6.0,5.0,878.0,1173.0,6.0,0.8605952712188889,994.0,179.0,3.0
2009,RAJASTHAN,JAIPUR EAST,54.0,82.0,66.0,108.0,93.0,3833.0,4236.0,6.0,0.46466479058337923,3858.0,378.0,4.0
2009,RAJASTHAN,JAIPUR NORTH,52.0,54.0,76.0,45.0,29.0,1661.0,1917.0,6.0,0.6020416288466768,1634.0,283.0,3.0
2009,RAJASTHAN,JAIPUR SOUTH,42.0,35.0,73.0,86.0,60.0,3552.0,3848.0,6.0,0.3909890123206723,3186.0,662.0,3.0
2009,RAJASTHAN,JAISALMER,12.0,23.0,13.0,5.0,12.0,236.0,301.0,6.0,0.8479409499432381,307.0,-6.0,1.0
2009,RAJASTHAN,JALORE,36.0,58.0,34.0,9.0,38.0,479.0,654.0,6.0,0.9805744528967724,549.0,105.0,2.0
2009,RAJASTHAN,JHALAWAR,104.0,270.0,58.0,26.0,93.0,817.0,1368.0,6.0,1.2161009458401053,1192.0,176.0,4.0
2009,RAJASTHAN,JHUNJHUNU,61.0,80.0,60.0,16.0,62.0,969.0,1248.0,6.0,0.8710200885346668,1104.0,144.0,3.0
2009,RAJASTHAN,KARAULI,71.0,71.0,84.0,16.0,26.0,776.0,1044.0,6.0,0.944891934295766,1010.0,34.0,4.0
2009,RAJASTHAN,NAGAUR,90.0,170.0,89.0,14.0,13.0,907.0,1283.0,6.0,0.9803019701881451,1196.0,87.0,4.0
2009,RAJASTHAN,PALI,88.0,125.0,101.0,11.0,12.0,919.0,1256.0,6.0,0.9330856724413992,1167.0,89.0,4.0
2009,RAJASTHAN,PRATAPGARH,51.0,104.0,63.0,2.0,57.0,221.0,498.0,6.0,1.4527859762105513,488.0,10.0,3.0
2009,RAJASTHAN,RAJSAMAND,26.0,57.0,47.0,12.0,72.0,415.0,629.0,6.0,1.1411172729200711,519.0,110.0,2.0
2009,RAJASTHAN,SAWAI MADHOPUR,43.0,35.0,83.0,4.0,17.0,806.0,988.0,6.0,0.721126160978791,943.0,45.0,3.0
2009,RAJASTHAN,SIKAR,86.0,54.0,84.0,13.0,57.0,1186.0,1480.0,6.0,0.7934602084040542,1227.0,253.0,4.0
2009,RAJASTHAN,SIROHI,58.0,82.0,28.0,10.0,42.0,423.0,643.0,6.0,1.134566488146353,615.0,28.0,2.0
2009,RAJASTHAN,TONK,45.0,46.0,47.0,10.0,61.0,721.0,930.0,6.0,0.8708789644424669,872.0,58.0,3.0
2009,RAJASTHAN,UDAIPUR,149.0,268.0,180.0,77.0,212.0,1697.0,2583.0,6.0,1.1711808347765593,2202.0,381.0,5.0
2009,SIKKIM,EAST,13.0,9.0,2.0,2.0,21.0,85.0,132.0,6.0,1.114224047138382,192.0,-60.0,1.0
2009,SIKKIM,NORTH,2.0,0.0,0.0,0.0,7.0,3.0,12.0,3.0,0.9596147939120492,17.0,-5.0,1.0
2009,SIKKIM,SOUTH,9.0,13.0,2.0,2.0,15.0,66.0,107.0,6.0,1.1865679227278596,99.0,8.0,1.0
2009,SIKKIM,WEST,5.0,6.0,2.0,0.0,5.0,17.0,35.0,5.0,1.3726092857812737,62.0,-27.0,1.0
2009,TAMIL NADU,ARIYALUR,62.0,60.0,19.0,11.0,42.0,133.0,327.0,6.0,1.5353340172811651,,,2.0
2009,TAMIL NADU,CHENNAI,271.0,81.0,42.0,91.0,72.0,2510.0,3067.0,6.0,0.7255890596953439,2620.0,447.0,5.0
2009,TAMIL NADU,CHENNAI RLY.,3.0,5.0,0.0,29.0,11.0,203.0,251.0,5.0,0.688989723020041,289.0,-38.0,1.0
2009,TAMIL NADU,CUDDALORE,138.0,52.0,34.0,13.0,111.0,570.0,918.0,6.0,1.1811986330825313,1008.0,-90.0,4.0
2009,TAMIL NADU,DHARMAPURI,77.0,63.0,36.0,7.0,153.0,244.0,580.0,6.0,1.4508132638546183,887.0,-307.0,3.0
2009,TAMIL NADU,DINDIGUL,146.0,44.0,61.0,41.0,106.0,526.0,924.0,6.0,1.323296862781096,948.0,-24.0,4.0
2009,TAMIL NADU,ERODE,82.0,47.0,44.0,32.0,44.0,680.0,929.0,6.0,0.9985401112722418,1255.0,-326.0,3.0
2009,TAMIL NADU,KANCHIPURAM,126.0,40.0,11.0,8.0,110.0,471.0,766.0,6.0,1.137356998339073,815.0,-49.0,3.0
2009,TAMIL NADU,KANYAKUMARI,115.0,34.0,31.0,115.0,29.0,728.0,1052.0,6.0,1.052483571190876,955.0,97.0,3.0
2009,TAMIL NADU,KARUR,42.0,20.0,13.0,8.0,18.0,272.0,373.0,6.0,0.978732582930512,476.0,-103.0,2.0
2009,TAMIL NADU,KRISHNAGIRI,95.0,46.0,36.0,20.0,130.0,349.0,676.0,6.0,1.3773517807708895,909.0,-233.0,3.0
2009,TAMIL NADU,NAGAPATTINAM,110.0,38.0,39.0,27.0,45.0,348.0,607.0,6.0,1.3096591223789003,568.0,39.0,3.0
2009,TAMIL NADU,NAMAKKAL,65.0,53.0,44.0,21.0,72.0,444.0,699.0,6.0,1.2182258132851151,788.0,-89.0,3.0
2009,TAMIL NADU,NILGIRIS,23.0,14.0,7.0,5.0,16.0,125.0,190.0,6.0,1.1489589831859288,277.0,-87.0,1.0
2009,TAMIL NADU,PERAMBALUR,27.0,25.0,13.0,3.0,26.0,122.0,216.0,6.0,1.3155527273006369,677.0,-461.0,2.0
2009,TAMIL NADU,PUDUKOTTAI,78.0,26.0,27.0,5.0,55.0,240.0,431.0,6.0,1.2927316395132653,494.0,-63.0,2.0
2009,TAMIL NADU,RAMNATHAPURAM,130.0,32.0,56.0,22.0,78.0,368.0,686.0,6.0,1.3543419632480092,657.0,29.0,3.0
2009,TAMIL NADU,SIVAGANGAI,66.0,16.0,30.0,13.0,32.0,349.0,506.0,6.0,1.0672826270647708,679.0,-173.0,2.0
2009,TAMIL NADU,THANJAVUR,150.0,65.0,36.0,68.0,100.0,1112.0,1531.0,6.0,0.9986961873087836,1141.0,390.0,4.0
2009,TAMIL NADU,THENI,103.0,59.0,49.0,29.0,94.0,432.0,766.0,6.0,1.3475370883960032,682.0,84.0,3.0
2009,TAMIL NADU,THIRUVALLUR,83.0,27.0,20.0,9.0,65.0,268.0,472.0,6.0,1.2731639097032115,604.0,-132.0,2.0
2009,TAMIL NADU,THIRUVANNAMALAI,128.0,30.0,21.0,5.0,172.0,323.0,679.0,6.0,1.297309336102481,766.0,-87.0,3.0
2009,TAMIL NADU,THIRUVARUR,68.0,22.0,16.0,9.0,57.0,215.0,387.0,6.0,1.2963911090718034,403.0,-16.0,2.0
2009,TAMIL NADU,THOOTHUGUDI,220.0,23.0,35.0,33.0,30.0,819.0,1160.0,6.0,0.9402329177470121,1190.0,-30.0,4.0
2009,TAMIL NADU,TIRUPPUR,87.0,58.0,61.0,74.0,83.0,1232.0,1595.0,6.0,0.8997292161489837,,,4.0
2009,TAMIL NADU,TRICHY RLY.,0.0,2.0,0.0,9.0,4.0,88.0,103.0,4.0,0.5501451758441251,43.0,60.0,1.0
2009,TAMIL NADU,VELLORE,127.0,39.0,46.0,17.0,24.0,587.0,840.0,6.0,1.018180872272842,885.0,-45.0,3.0
2009,TAMIL NADU,VILLUPURAM,170.0,140.0,80.0,28.0,245.0,555.0,1218.0,6.0,1.469813481738321,1116.0,102.0,5.0
2009,TAMIL NADU,VIRUDHUNAGAR,105.0,46.0,50.0,28.0,61.0,625.0,915.0,6.0,1.1052144430228719,984.0,-69.0,3.0
2009,TRIPURA,DHALAI,24.0,34.0,9.0,2.0,16.0,71.0,156.0,6.0,1.4322755191199477,204.0,-48.0,1.0
2009,TRIPURA,NORTH,50.0,126.0,32.0,15.0,30.0,162.0,415.0,6.0,1.4915953871923158,363.0,52.0,3.0
2009,TRIPURA,SOUTH,39.0,201.0,27.0,29.0,78.0,212.0,586.0,6.0,1.4741697146915007,623.0,-37.0,3.0
2009,TRIPURA,WEST,81.0,213.0,53.0,38.0,116.0,363.0,864.0,6.0,1.5096699339441952,919.0,-55.0,4.0
2009,UTTAR PRADESH,AGRA,330.0,137.0,243.0,97.0,228.0,2415.0,3450.0,6.0,1.0691085132260036,3525.0,-75.0,5.0
2009,UTTAR PRADESH,ALIGARH,393.0,167.0,244.0,143.0,308.0,1799.0,3054.0,6.0,1.3111233530772695,2029.0,1025.0,5.0
2009,UTTAR PRADESH,ALLAHABAD,243.0,97.0,148.0,57.0,150.0,1391.0,2086.0,6.0,1.1387145686814333,2141.0,-55.0,5.0
2009,UTTAR PRADESH,AMBEDKAR NAGAR,79.0,28.0,56.0,14.0,24.0,245.0,446.0,6.0,1.3358881057478866,447.0,-1.0,3.0
2009,UTTAR PRADESH,AURAIYA,84.0,31.0,44.0,15.0,15.0,145.0,334.0,6.0,1.4757683671733144,277.0,57.0,3.0
2009,UTTAR PRADESH,AZAMGARH,135.0,43.0,71.0,24.0,68.0,347.0,688.0,6.0,1.418222724770799,669.0,19.0,4.0
2009,UTTAR PRADESH,BADAUN,278.0,57.0,96.0,39.0,40.0,327.0,837.0,6.0,1.4528096421734726,605.0,232.0,5.0
2009,UTTAR PRADESH,BAGHPAT,146.0,21.0,53.0,39.0,60.0,275.0,594.0,6.0,1.4456021490418354,664.0,-70.0,4.0
2009,UTTAR PRADESH,BAHRAICH,94.0,71.0,89.0,63.0,72.0,457.0,846.0,6.0,1.4247671424904453,525.0,321.0,4.0
2009,UTTAR PRADESH,BALLIA,77.0,28.0,28.0,7.0,42.0,276.0,458.0,6.0,1.2296844592194969,506.0,-48.0,2.0
2009,UTTAR PRADESH,BALRAMPUR,34.0,19.0,23.0,4.0,10.0,103.0,193.0,6.0,1.3564462533113373,174.0,19.0,2.0
2009,UTTAR PRADESH,BANDA,61.0,65.0,41.0,8.0,35.0,260.0,470.0,6.0,1.341658499933316,690.0,-220.0,3.0
2009,UTTAR PRADESH,BARABANKI,113.0,53.0,107.0,27.0,14.0,494.0,808.0,6.0,1.2061958163085396,754.0,54.0,4.0
2009,UTTAR PRADESH,BAREILLY,334.0,202.0,168.0,65.0,115.0,1065.0,1949.0,6.0,1.359141983962741,1944.0,5.0,5.0
2009,UTTAR PRADESH,BASTI,35.0,15.0,22.0,9.0,26.0,166.0,273.0,6.0,1.2646499153522994,376.0,-103.0,2.0
2009,UTTAR PRADESH,BIJNOR,130.0,76.0,87.0,22.0,53.0,511.0,879.0,6.0,1.3002155180148993,958.0,-79.0,4.0
2009,UTTAR PRADESH,BULANDSHAHAR,277.0,74.0,102.0,53.0,53.0,534.0,1093.0,6.0,1.3949585111342093,965.0,128.0,5.0
2009,UTTAR PRADESH,CHANDOLI,52.0,7.0,23.0,10.0,1.0,198.0,291.0,6.0,0.9952987503898763,371.0,-80.0,2.0
2009,UTTAR PRADESH,CHITRAKOOT DHAM,31.0,42.0,14.0,11.0,3.0,97.0,198.0,6.0,1.3801752140118628,270.0,-72.0,2.0
2009,UTTAR PRADESH,DEORIA,56.0,24.0,44.0,7.0,52.0,187.0,370.0,6.0,1.4121497995211034,296.0,74.0,3.0
2009,UTTAR PRADESH,ETAH,178.0,55.0,54.0,28.0,68.0,489.0,872.0,6.0,1.3046662091792305,820.0,52.0,4.0
2009,UTTAR PRADESH,ETAWAH,109.0,47.0,75.0,27.0,10.0,441.0,709.0,6.0,1.185283310251889,929.0,-220.0,3.0
2009,UTTAR PRADESH,FAIZABAD,60.0,49.0,74.0,18.0,45.0,449.0,695.0,6.0,1.191047866405191,672.0,23.0,3.0
2009,UTTAR PRADESH,FATEHGARH,147.0,47.0,69.0,8.0,30.0,230.0,531.0,6.0,1.4232863692839424,551.0,-20.0,4.0
2009,UTTAR PRADESH,FATEHPUR,121.0,67.0,53.0,34.0,13.0,259.0,547.0,6.0,1.4326213793894536,644.0,-97.0,3.0
2009,UTTAR PRADESH,FIROZABAD,237.0,85.0,142.0,63.0,98.0,662.0,1287.0,6.0,1.4199812890780503,1349.0,-62.0,5.0
2009,UTTAR PRADESH,G.R.P.,35.0,11.0,3.0,38.0,13.0,1307.0,1407.0,6.0,0.35223741785186125,1735.0,-328.0,1.0
2009,UTTAR PRADESH,GAUTAMBUDH NAGAR,192.0,64.0,83.0,98.0,85.0,2727.0,3249.0,6.0,0.686131974898776,2507.0,742.0,5.0
2009,UTTAR PRADESH,GHAZIABAD,562.0,141.0,491.0,248.0,356.0,5562.0,7360.0,6.0,0.9252240677437571,2404.0,4956.0,5.0
2009,UTTAR PRADESH,GHAZIPUR,94.0,15.0,21.0,58.0,104.0,222.0,514.0,6.0,1.4765770385288102,579.0,-65.0,3.0
2009,UTTAR PRADESH,GONDA,126.0,57.0,88.0,46.0,48.0,430.0,795.0,6.0,1.3913057942590032,666.0,129.0,4.0
2009,UTTAR PRADESH,GORAKHPUR,172.0,87.0,107.0,42.0,160.0,1356.0,1924.0,6.0,1.0534417895863262,1439.0,485.0,5.0
2009,UTTAR PRADESH,HAMIRPUR,53.0,37.0,18.0,3.0,10.0,118.0,239.0,6.0,1.3537915882866447,183.0,56.0,2.0
2009,UTTAR PRADESH,HARDOI,167.0,90.0,91.0,21.0,39.0,404.0,812.0,6.0,1.4020107611174562,661.0,151.0,4.0
2009,UTTAR PRADESH,HATHRAS,112.0,55.0,73.0,74.0,39.0,317.0,670.0,6.0,1.5087249938895912,677.0,-7.0,4.0
2009,UTTAR PRADESH,J.P.NAGAR,100.0,47.0,43.0,22.0,35.0,285.0,532.0,6.0,1.377009855212729,523.0,9.0,3.0
2009,UTTAR PRADESH,JALAUN,62.0,52.0,33.0,8.0,16.0,186.0,357.0,6.0,1.3687229303304673,329.0,28.0,2.0
2009,UTTAR PRADESH,JAUNPUR,139.0,48.0,90.0,30.0,69.0,436.0,812.0,6.0,1.3783997441940385,800.0,12.0,4.0
2009,UTTAR PRADESH,JHANSI,76.0,47.0,43.0,14.0,17.0,333.0,530.0,6.0,1.1954295447650085,420.0,110.0,3.0
2009,UTTAR PRADESH,KANNAUJ,79.0,36.0,56.0,11.0,22.0,168.0,372.0,6.0,1.4704570603890188,393.0,-21.0,3.0
2009,UTTAR PRADESH,KANPUR DEHAT,87.0,51.0,88.0,12.0,93.0,238.0,569.0,6.0,1.5340143422801247,671.0,-102.0,4.0
2009,UTTAR PRADESH,KANPUR NAGAR,272.0,149.0,282.0,130.0,190.0,1949.0,2972.0,6.0,1.1817438546152788,3765.0,-793.0,5.0
2009,UTTAR PRADESH,KANSHIRAM NAGAR,102.0,37.0,42.0,8.0,35.0,139.0,363.0,6.0,1.5161716913406973,392.0,-29.0,3.0
2009,UTTAR PRADESH,KAUSHAMBI,84.0,64.0,41.0,21.0,34.0,195.0,439.0,6.0,1.5225865973079595,615.0,-176.0,3.0
2009,UTTAR PRADESH,KHIRI,155.0,96.0,88.0,20.0,23.0,412.0,794.0,6.0,1.3539013560242983,1021.0,-227.0,4.0
2009,UTTAR PRADESH,KUSHI NAGAR,52.0,16.0,20.0,2.0,23.0,144.0,257.0,6.0,1.273214159371543,212.0,45.0,2.0
2009,UTTAR PRADESH,LALITPUR,38.0,32.0,12.0,6.0,31.0,116.0,235.0,6.0,1.4273671095509841,215.0,20.0,2.0
2009,UTTAR PRADESH,LUCKNOW,226.0,234.0,323.0,116.0,246.0,4604.0,5749.0,6.0,0.8107617177837745,7260.0,-1511.0,5.0
2009,UTTAR PRADESH,MAHARAJGANJ,43.0,29.0,28.0,13.0,15.0,161.0,289.0,6.0,1.3593121284052754,245.0,44.0,2.0
2009,UTTAR PRADESH,MAHOBA,30.0,37.0,24.0,11.0,16.0,133.0,251.0,6.0,1.409644661218782,283.0,-32.0,2.0
2009,UTTAR PRADESH,MAINPURI,163.0,54.0,83.0,27.0,37.0,332.0,696.0,6.0,1.4270356380308016,934.0,-238.0,4.0
2009,UTTAR PRADESH,MATHURA,199.0,62.0,76.0,40.0,102.0,1059.0,1538.0,6.0,1.074448672194215,1624.0,-86.0,4.0
2009,UTTAR PRADESH,MAU,92.0,37.0,50.0,15.0,60.0,250.0,504.0,6.0,1.437147065009511,574.0,-70.0,3.0
2009,UTTAR PRADESH,MEERUT,365.0,93.0,193.0,95.0,136.0,1713.0,2595.0,6.0,1.1382460618154506,2421.0,174.0,5.0
2009,UTTAR PRADESH,MIRZAPUR,52.0,20.0,14.0,12.0,8.0,263.0,369.0,6.0,0.9941108878194582,522.0,-153.0,2.0
2009,UTTAR PRADESH,MORADABAD,272.0,132.0,197.0,58.0,56.0,1031.0,1746.0,6.0,1.2655433075967741,2072.0,-326.0,5.0
2009,UTTAR PRADESH,MUZAFFARNAGAR,430.0,122.0,162.0,106.0,150.0,895.0,1865.0,6.0,1.4469488363958312,1807.0,58.0,5.0
2009,UTTAR PRADESH,PILIBHIT,61.0,52.0,61.0,9.0,6.0,217.0,406.0,6.0,1.3143467839242642,824.0,-418.0,3.0
2009,UTTAR PRADESH,PRATAPGARH,121.0,57.0,84.0,18.0,103.0,363.0,746.0,6.0,1.451179761524756,1035.0,-289.0,4.0
2009,UTTAR PRADESH,RAIBAREILLY,125.0,76.0,67.0,13.0,44.0,344.0,669.0,6.0,1.3885661644636604,784.0,-115.0,4.0
2009,UTTAR PRADESH,RAMPUR,189.0,99.0,105.0,96.0,87.0,725.0,1301.0,6.0,1.3784528365066353,1128.0,173.0,5.0
2009,UTTAR PRADESH,SAHARANPUR,158.0,43.0,41.0,24.0,42.0,599.0,907.0,6.0,1.1013274687531003,999.0,-92.0,4.0
2009,UTTAR PRADESH,SANT KABIRNAGAR,25.0,22.0,29.0,15.0,10.0,168.0,269.0,6.0,1.243042379038951,278.0,-9.0,2.0
2009,UTTAR PRADESH,SHAHJAHANPUR,265.0,96.0,107.0,31.0,37.0,419.0,955.0,6.0,1.4305867361781788,1084.0,-129.0,5.0
2009,UTTAR PRADESH,SHRAWASTI,22.0,35.0,23.0,9.0,30.0,124.0,243.0,6.0,1.4433398800759474,187.0,56.0,2.0
2009,UTTAR PRADESH,SIDHARTHNAGAR,29.0,32.0,30.0,14.0,17.0,161.0,283.0,6.0,1.3563706374484266,321.0,-38.0,2.0
2009,UTTAR PRADESH,SITAPUR,199.0,135.0,156.0,37.0,39.0,561.0,1127.0,6.0,1.409911153520331,1125.0,2.0,5.0
2009,UTTAR PRADESH,SONBHADRA,72.0,41.0,30.0,8.0,17.0,217.0,385.0,6.0,1.2923336676525339,406.0,-21.0,2.0
2009,UTTAR PRADESH,ST.RAVIDASNAGAR,26.0,12.0,9.0,4.0,9.0,115.0,175.0,6.0,1.1345470917274008,182.0,-7.0,1.0
2009,UTTAR PRADESH,SULTANPUR,136.0,51.0,71.0,22.0,74.0,463.0,817.0,6.0,1.3206136114917104,749.0,68.0,4.0
2009,UTTAR PRADESH,UNNAO,135.0,109.0,96.0,36.0,39.0,350.0,765.0,6.0,1.4975116107078903,701.0,64.0,4.0
2009,UTTAR PRADESH,VARANASI,86.0,22.0,41.0,17.0,62.0,1115.0,1343.0,6.0,0.7016187449593009,1647.0,-304.0,3.0
2009,UTTARAKHAND,ALMORA,15.0,8.0,5.0,13.0,16.0,73.0,130.0,6.0,1.3582054095416487,113.0,17.0,1.0
2009,UTTARAKHAND,BAGESHWAR,4.0,4.0,1.0,1.0,2.0,14.0,26.0,6.0,1.3571945432256116,36.0,-10.0,1.0
2009,UTTARAKHAND,CHAMOLI,5.0,3.0,0.0,0.0,9.0,42.0,59.0,4.0,0.889398942344664,51.0,8.0,1.0
2009,UTTARAKHAND,CHAMPAWAT,11.0,6.0,2.0,1.0,7.0,18.0,45.0,6.0,1.4919566705972431,33.0,12.0,1.0
2009,UTTARAKHAND,DEHRADUN,76.0,60.0,76.0,67.0,149.0,847.0,1275.0,6.0,1.1574033909947175,1304.0,-29.0,4.0
2009,UTTARAKHAND,HARIDWAR,136.0,56.0,68.0,56.0,129.0,665.0,1110.0,6.0,1.2867448799160972,1246.0,-136.0,4.0
2009,UTTARAKHAND,NAINITAL,47.0,28.0,37.0,24.0,42.0,256.0,434.0,6.0,1.3249259442014767,369.0,65.0,2.0
2009,UTTARAKHAND,PAURI GARHWAL,13.0,7.0,13.0,10.0,2.0,70.0,115.0,6.0,1.2482637233901837,93.0,22.0,1.0
2009,UTTARAKHAND,PITHORAGARH,7.0,3.0,1.0,2.0,14.0,26.0,53.0,6.0,1.329521821595828,58.0,-5.0,1.0
2009,UTTARAKHAND,RUDRA PRAYAG,0.0,2.0,2.0,0.0,4.0,13.0,21.0,4.0,1.0606125418320267,17.0,4.0,1.0
2009,UTTARAKHAND,TEHRI GARHWAL,4.0,4.0,3.0,0.0,1.0,36.0,48.0,5.0,0.8838494788374032,103.0,-55.0,1.0
2009,UTTARAKHAND,UDHAMSINGH NAGAR,111.0,42.0,60.0,40.0,106.0,581.0,940.0,6.0,1.24460268173395,808.0,132.0,4.0
2009,UTTARAKHAND,UTTARKASHI,2.0,7.0,7.0,0.0,2.0,23.0,41.0,5.0,1.2225550477924882,66.0,-25.0,1.0
2009,WEST BENGAL,24 PARGANAS NORTH,708.0,369.0,368.0,109.0,803.0,2462.0,4819.0,6.0,1.402366495868552,3669.0,1150.0,5.0
2009,WEST BENGAL,24 PARGANAS SOUTH,250.0,400.0,128.0,69.0,1243.0,2121.0,4211.0,6.0,1.2704153283549504,4300.0,-89.0,5.0
2009,WEST BENGAL,ASANSOL,49.0,27.0,27.0,16.0,66.0,352.0,537.0,6.0,1.158342244021406,437.0,100.0,3.0
2009,WEST BENGAL,BANKURA,107.0,79.0,36.0,37.0,171.0,250.0,680.0,6.0,1.5700642572700183,609.0,71.0,4.0
2009,WEST BENGAL,BIRBHUM,134.0,112.0,52.0,36.0,366.0,534.0,1234.0,6.0,1.4183817312410456,1158.0,76.0,5.0
2009,WEST BENGAL,BURDWAN,247.0,80.0,135.0,48.0,560.0,942.0,2012.0,6.0,1.367383357724068,1503.0,509.0,5.0
2009,WEST BENGAL,COOCHBEHAR,199.0,215.0,151.0,17.0,130.0,420.0,1132.0,6.0,1.5692720223043206,904.0,228.0,5.0
2009,WEST BENGAL,DAKSHIN DINAJPUR,134.0,125.0,56.0,5.0,21.0,163.0,504.0,6.0,1.48540783846176,525.0,-21.0,4.0
2009,WEST BENGAL,DARJEELING,63.0,109.0,50.0,14.0,75.0,716.0,1027.0,6.0,1.0575822460817133,939.0,88.0,4.0
2009,WEST BENGAL,HOOGHLY,206.0,72.0,94.0,46.0,655.0,792.0,1865.0,6.0,1.3420949557938389,1497.0,368.0,5.0
2009,WEST BENGAL,HOWRAH,133.0,115.0,130.0,33.0,267.0,1125.0,1803.0,6.0,1.207815180683024,1776.0,27.0,5.0
2009,WEST BENGAL,HOWRAH G.R.P.,31.0,3.0,2.0,7.0,0.0,326.0,369.0,5.0,0.4601580209101812,595.0,-226.0,1.0
2009,WEST BENGAL,JALPAIGURI,243.0,329.0,206.0,76.0,128.0,1490.0,2472.0,6.0,1.2690179263576993,4779.0,-2307.0,5.0
2009,WEST BENGAL,KHARAGPUR G.R.P.,7.0,0.0,0.0,2.0,1.0,122.0,132.0,4.0,0.3290274312078528,115.0,17.0,1.0
2009,WEST BENGAL,KOLKATA,154.0,243.0,129.0,42.0,253.0,4881.0,5702.0,6.0,0.6252124775386926,5846.0,-144.0,5.0
2009,WEST BENGAL,MALDA,268.0,328.0,178.0,30.0,70.0,409.0,1283.0,6.0,1.5607829168418832,968.0,315.0,5.0
2009,WEST BENGAL,MURSHIDABAD,844.0,916.0,408.0,95.0,794.0,1127.0,4184.0,6.0,1.6371256030457881,2089.0,2095.0,5.0
2009,WEST BENGAL,NADIA,588.0,293.0,297.0,97.0,215.0,1522.0,3012.0,6.0,1.418008796930809,3008.0,4.0,5.0
2009,WEST BENGAL,PASCHIM MIDNAPUR,389.0,140.0,79.0,44.0,475.0,467.0,1594.0,6.0,1.5262833378206708,1002.0,592.0,5.0
2009,WEST BENGAL,PURAB MIDNAPUR,115.0,74.0,90.0,28.0,512.0,506.0,1325.0,6.0,1.372486703738664,1438.0,-113.0,5.0
2009,WEST BENGAL,PURULIA,76.0,83.0,27.0,51.0,108.0,231.0,576.0,6.0,1.5847901769808108,650.0,-74.0,4.0
2009,WEST BENGAL,SEALDAH G.R.P.,18.0,8.0,6.0,16.0,21.0,237.0,306.0,6.0,0.8750902490504446,198.0,108.0,1.0
2009,WEST BENGAL,SILIGURI G.R.P.,3.0,3.0,1.0,4.0,0.0,74.0,85.0,5.0,0.5527963379774131,116.0,-31.0,1.0
2009,WEST BENGAL,UTTAR DINAJPUR,152.0,155.0,100.0,43.0,110.0,409.0,969.0,6.0,1.5674186934971426,883.0,86.0,5.0
2009,A & N ISLANDS,ANDAMAN,22.0,47.0,16.0,11.0,23.0,242.0,361.0,6.0,1.123954314268718,345.0,16.0,2.0
2009,A & N ISLANDS,NICOBAR,1.0,1.0,0.0,0.0,0.0,5.0,7.0,3.0,0.796311640173813,11.0,-4.0,1.0
2009,CHANDIGARH,CHANDIGARH,48.0,55.0,40.0,31.0,70.0,2203.0,2447.0,6.0,0.48125193709858555,2749.0,-302.0,3.0
2009,D & N HAVELI,D and N HAVELI,16.0,6.0,12.0,11.0,58.0,143.0,246.0,6.0,1.2106153533782897,206.0,40.0,2.0
2009,DAMAN & DIU,DAMAN,10.0,5.0,0.0,4.0,22.0,71.0,112.0,5.0,1.0821468786128903,125.0,-13.0,1.0
2009,DAMAN & DIU,DIU,0.0,0.0,0.0,0.0,10.0,15.0,25.0,2.0,0.6730116670092565,29.0,-4.0,1.0
2009,DELHI UT,CAW,0.0,1.0,0.0,0.0,0.0,0.0,1.0,1.0,-0.0,1.0,0.0,1.0
2009,DELHI UT,CENTRAL,61.0,62.0,93.0,33.0,5.0,1636.0,1890.0,6.0,0.5824141717471539,1918.0,-28.0,3.0
2009,DELHI UT,CRIME BRANCH,9.0,2.0,0.0,1.0,0.0,43.0,55.0,4.0,0.6820073573784882,17.0,38.0,1.0
2009,DELHI UT,DELHI UT TOTAL,1005.0,1021.0,2536.0,551.0,91.0,25797.0,31001.0,6.0,0.6700251114926641,26971.0,4030.0,5.0
2009,DELHI UT,EAST,111.0,133.0,299.0,61.0,17.0,3398.0,4019.0,6.0,0.6338277598658659,3377.0,642.0,5.0
2009,DELHI UT,EOW,0.0,1.0,0.0,0.0,0.0,188.0,189.0,2.0,0.033011094361068624,145.0,44.0,1.0
2009,DELHI UT,GRP(RLY),14.0,4.0,11.0,12.0,0.0,741.0,782.0,5.0,0.2741102760929688,852.0,-70.0,1.0
2009,DELHI UT,IGI AIRPORT,2.0,2.0,2.0,2.0,0.0,503.0,511.0,5.0,0.10231473109480349,103.0,408.0,1.0
2009,DELHI UT,NEW DELHI,10.0,23.0,46.0,16.0,4.0,779.0,878.0,6.0,0.5045749263589911,980.0,-102.0,2.0
2009,DELHI UT,NORTH,69.0,54.0,140.0,25.0,6.0,1322.0,1616.0,6.0,0.7096807564583707,1433.0,183.0,4.0
2009,DELHI UT,NORTH-EAST,135.0,114.0,375.0,58.0,10.0,2325.0,3017.0,6.0,0.8176371858323841,2335.0,682.0,5.0
2009,DELHI UT,NORTH-WEST,108.0,93.0,218.0,124.0,10.0,2514.0,3067.0,6.0,0.7231231091846005,2547.0,520.0,5.0
2009,DELHI UT,OUTER,128.0,102.0,332.0,24.0,14.0,2319.0,2919.0,6.0,0.7494619357545863,2931.0,-12.0,5.0
2009,DELHI UT,SOUTH,62.0,87.0,133.0,36.0,8.0,2943.0,3269.0,6.0,0.4609271704384331,2688.0,581.0,4.0
2009,DELHI UT,SOUTH-EAST,82.0,137.0,318.0,63.0,4.0,3007.0,3611.0,6.0,0.6546481336308582,3088.0,523.0,5.0
2009,DELHI UT,SOUTH-WEST,107.0,105.0,241.0,48.0,5.0,1569.0,2075.0,6.0,0.8669379174122257,1643.0,432.0,5.0
2009,DELHI UT,STF,4.0,0.0,0.0,0.0,0.0,8.0,12.0,2.0,0.6365141682948128,20.0,-8.0,1.0
2009,DELHI UT,WEST,103.0,101.0,328.0,48.0,8.0,2502.0,3090.0,6.0,0.7142985959937875,2893.0,197.0,5.0
2009,LAKSHADWEEP,LAKSHADWEEP,1.0,1.0,0.0,3.0,46.0,11.0,62.0,5.0,0.8079377865727565,29.0,33.0,1.0
2009,PUDUCHERRY,KARAIKAL,8.0,16.0,1.0,0.0,26.0,77.0,128.0,5.0,1.1006202689151845,166.0,-38.0,1.0
2009,PUDUCHERRY,PUDUCHERRY,59.0,38.0,17.0,16.0,126.0,759.0,1015.0,6.0,0.8986144343487925,1035.0,-20.0,3.0
2010,ANDHRA PRADESH,ADILABAD,197.0,181.0,55.0,20.0,91.0,696.0,1240.0,6.0,1.2937629113691202,1352.0,-112.0,4.0
2010,ANDHRA PRADESH,ANANTAPUR,245.0,152.0,81.0,39.0,100.0,1270.0,1887.0,6.0,1.10544355968584,1473.0,414.0,5.0
2010,ANDHRA PRADESH,CHITTOOR,151.0,180.0,85.0,20.0,77.0,801.0,1314.0,6.0,1.229743583461194,2312.0,-998.0,4.0
2010,ANDHRA PRADESH,CUDDAPAH,144.0,176.0,63.0,11.0,136.0,821.0,1351.0,6.0,1.2200635716022017,1402.0,-51.0,4.0
2010,ANDHRA PRADESH,CYBERABAD,281.0,252.0,150.0,77.0,121.0,6805.0,7686.0,6.0,0.529111580790764,6949.0,737.0,5.0
2010,ANDHRA PRADESH,EAST GODAVARI,185.0,259.0,51.0,14.0,53.0,1505.0,2067.0,6.0,0.9264105584326797,2622.0,-555.0,4.0
2010,ANDHRA PRADESH,GUNTAKAL RLY.,9.0,2.0,4.0,2.0,1.0,224.0,242.0,6.0,0.36372490393241264,182.0,60.0,1.0
2010,ANDHRA PRADESH,GUNTUR,215.0,320.0,55.0,24.0,102.0,1138.0,1854.0,6.0,1.172829352228514,2881.0,-1027.0,4.0
2010,ANDHRA PRADESH,KARIMNAGAR,233.0,302.0,158.0,18.0,214.0,1485.0,2410.0,6.0,1.2147330559080474,2148.0,262.0,5.0
2010,ANDHRA PRADESH,KHAMMAM,167.0,209.0,71.0,13.0,168.0,979.0,1607.0,6.0,1.2153615375929612,1739.0,-132.0,5.0
2010,ANDHRA PRADESH,KRISHNA,160.0,354.0,75.0,11.0,64.0,942.0,1606.0,6.0,1.1816657424589319,1508.0,98.0,4.0
2010,ANDHRA PRADESH,KURNOOL,307.0,396.0,85.0,25.0,125.0,1031.0,1969.0,6.0,1.3172312773320158,2098.0,-129.0,5.0
2010,ANDHRA PRADESH,MAHABOOBNAGAR,249.0,263.0,87.0,25.0,83.0,1690.0,2397.0,6.0,1.0085107440488326,2300.0,97.0,5.0
2010,ANDHRA PRADESH,MEDAK,166.0,152.0,83.0,28.0,104.0,1113.0,1646.0,6.0,1.1103619867970225,1711.0,-65.0,5.0
2010,ANDHRA PRADESH,NALGONDA,191.0,263.0,81.0,40.0,156.0,1189.0,1920.0,6.0,1.2168014227254988,1963.0,-43.0,5.0
2010,ANDHRA PRADESH,NELLORE,160.0,204.0,77.0,17.0,77.0,1299.0,1834.0,6.0,1.0109718705638668,1645.0,189.0,4.0
2010,ANDHRA PRADESH,NIZAMABAD,151.0,176.0,65.0,27.0,92.0,1251.0,1762.0,6.0,1.0237527110967384,1299.0,463.0,4.0
2010,ANDHRA PRADESH,PRAKASHAM,199.0,282.0,84.0,22.0,55.0,878.0,1520.0,6.0,1.2371537496292289,1370.0,150.0,4.0
2010,ANDHRA PRADESH,RAJAHMUNDRY,42.0,57.0,30.0,13.0,9.0,628.0,779.0,6.0,0.7677587287085015,,,2.0
2010,ANDHRA PRADESH,RANGA REDDY,64.0,58.0,21.0,4.0,37.0,249.0,433.0,6.0,1.2702663779541497,525.0,-92.0,2.0
2010,ANDHRA PRADESH,SECUNDERABAD RLY.,2.0,3.0,1.0,8.0,1.0,360.0,375.0,6.0,0.21941905295009367,479.0,-104.0,1.0
2010,ANDHRA PRADESH,SRIKAKULAM,74.0,128.0,31.0,9.0,74.0,556.0,872.0,6.0,1.1530860939613679,546.0,326.0,3.0
2010,ANDHRA PRADESH,VIJAYAWADA RLY.,4.0,7.0,0.0,11.0,1.0,365.0,388.0,5.0,0.2934642815143605,530.0,-142.0,1.0
2010,ANDHRA PRADESH,VISAKHAPATNAM,53.0,112.0,34.0,48.0,30.0,1938.0,2215.0,6.0,0.5625258646087237,1969.0,246.0,3.0
2010,ANDHRA PRADESH,VIZIANAGARAM,68.0,133.0,19.0,7.0,15.0,519.0,761.0,6.0,0.9943343591328456,715.0,46.0,2.0
2010,ANDHRA PRADESH,WARANGAL,73.0,126.0,49.0,9.0,156.0,404.0,817.0,6.0,1.3869139747738366,2107.0,-1290.0,4.0
2010,ANDHRA PRADESH,WEST GODAVARI,207.0,527.0,142.0,23.0,228.0,2108.0,3235.0,6.0,1.1099173255128951,2998.0,237.0,5.0
2010,ARUNACHAL PRADESH,ANJAW,1.0,1.0,0.0,0.0,1.0,11.0,14.0,4.0,0.7549967581308246,2.0,12.0,1.0
2010,ARUNACHAL PRADESH,CHANGLANG,6.0,14.0,7.0,4.0,6.0,86.0,123.0,6.0,1.0667507601608834,112.0,11.0,1.0
2010,ARUNACHAL PRADESH,DIBANG VALLEY,4.0,5.0,3.0,3.0,7.0,43.0,65.0,6.0,1.1661254736361124,51.0,14.0,1.0
2010,ARUNACHAL PRADESH,K/KUMEY,9.0,0.0,1.0,1.0,1.0,22.0,34.0,5.0,0.9446559607953108,39.0,-5.0,1.0
2010,ARUNACHAL PRADESH,KAMENG EAST,6.0,3.0,5.0,13.0,1.0,40.0,68.0,6.0,1.2343150131893332,59.0,9.0,1.0
2010,ARUNACHAL PRADESH,KAMENG WEST,11.0,5.0,4.0,5.0,0.0,23.0,48.0,5.0,1.368434937241785,42.0,6.0,1.0
2010,ARUNACHAL PRADESH,LOHIT,11.0,16.0,5.0,2.0,9.0,53.0,96.0,6.0,1.3313039821532802,92.0,4.0,1.0
2010,ARUNACHAL PRADESH,PAPUM PARE,12.0,17.0,15.0,16.0,1.0,200.0,261.0,6.0,0.8801175240721619,202.0,59.0,1.0
2010,ARUNACHAL PRADESH,SIANG EAST,9.0,16.0,7.0,8.0,7.0,106.0,153.0,6.0,1.0935800184646274,130.0,23.0,1.0
2010,ARUNACHAL PRADESH,SIANG UPPER,3.0,3.0,1.0,1.0,1.0,23.0,32.0,6.0,1.0061096309753796,28.0,4.0,1.0
2010,ARUNACHAL PRADESH,SIANG WEST,10.0,22.0,6.0,4.0,5.0,50.0,97.0,6.0,1.3688052156451447,114.0,-17.0,1.0
2010,ARUNACHAL PRADESH,SUBANSIRI LOWER,6.0,4.0,3.0,5.0,12.0,34.0,64.0,6.0,1.387728422071731,58.0,6.0,1.0
2010,ARUNACHAL PRADESH,SUBANSIRI UPPER,8.0,12.0,4.0,8.0,1.0,41.0,74.0,6.0,1.319043787208365,40.0,34.0,1.0
2010,ARUNACHAL PRADESH,TAWANG,1.0,2.0,0.0,0.0,0.0,15.0,18.0,3.0,0.5566469035821068,22.0,-4.0,1.0
2010,ARUNACHAL PRADESH,TIRAP,9.0,3.0,4.0,11.0,1.0,33.0,61.0,6.0,1.3177979127686261,73.0,-12.0,1.0
2010,ARUNACHAL PRADESH,UPPER DIBANG VALLEY,1.0,0.0,0.0,0.0,1.0,5.0,7.0,3.0,0.796311640173813,16.0,-9.0,1.0
2010,ASSAM,BARPETA,67.0,174.0,177.0,32.0,207.0,561.0,1218.0,6.0,1.4716991943110198,1065.0,153.0,5.0
2010,ASSAM,BASKA,73.0,37.0,48.0,8.0,10.0,112.0,288.0,6.0,1.4936604546370664,188.0,100.0,2.0
2010,ASSAM,BONGAIGAON,47.0,97.0,74.0,20.0,68.0,276.0,582.0,6.0,1.4845520156810978,528.0,54.0,4.0
2010,ASSAM,C.I.D.,0.0,0.0,1.0,2.0,0.0,30.0,33.0,3.0,0.3625010217396757,14.0,19.0,1.0
2010,ASSAM,CACHAR,60.0,83.0,173.0,38.0,248.0,941.0,1543.0,6.0,1.2154462713541396,1544.0,-1.0,5.0
2010,ASSAM,CHIRANG,23.0,31.0,45.0,15.0,27.0,94.0,235.0,6.0,1.6019351299862663,245.0,-10.0,2.0
2010,ASSAM,DARRANG,36.0,322.0,139.0,17.0,23.0,411.0,948.0,6.0,1.2971530664658193,877.0,71.0,4.0
2010,ASSAM,DHEMAJI,34.0,115.0,78.0,16.0,20.0,161.0,424.0,6.0,1.503108670161377,453.0,-29.0,4.0
2010,ASSAM,DHUBRI,66.0,431.0,241.0,52.0,441.0,652.0,1883.0,6.0,1.5243876579220603,1507.0,376.0,5.0
2010,ASSAM,DIBRUGARH,90.0,105.0,136.0,19.0,27.0,670.0,1047.0,6.0,1.1594360973647069,969.0,78.0,4.0
2010,ASSAM,G.R.P.,3.0,0.0,7.0,13.0,7.0,158.0,188.0,5.0,0.6419050701808031,190.0,-2.0,1.0
2010,ASSAM,GOALPARA,31.0,129.0,121.0,15.0,225.0,304.0,825.0,6.0,1.490074508445081,674.0,151.0,5.0
2010,ASSAM,GOLAGHAT,73.0,73.0,86.0,35.0,20.0,343.0,630.0,6.0,1.3724272528989223,683.0,-53.0,4.0
2010,ASSAM,HAILAKANDI,25.0,88.0,74.0,13.0,147.0,250.0,597.0,6.0,1.4668224508098022,489.0,108.0,4.0
2010,ASSAM,JORHAT,57.0,111.0,68.0,21.0,31.0,488.0,776.0,6.0,1.201316449111336,621.0,155.0,3.0
2010,ASSAM,KAMRUP,59.0,120.0,120.0,27.0,101.0,426.0,853.0,6.0,1.445267570291252,773.0,80.0,4.0
2010,ASSAM,KARBI ANGLONG,50.0,26.0,45.0,11.0,33.0,157.0,322.0,6.0,1.4664656409838788,305.0,17.0,2.0
2010,ASSAM,KARIMGANJ,44.0,43.0,54.0,26.0,55.0,217.0,439.0,6.0,1.491805453448015,359.0,80.0,3.0
2010,ASSAM,KOKRAJHAR,71.0,33.0,78.0,16.0,143.0,240.0,581.0,6.0,1.4985547971872013,566.0,15.0,4.0
2010,ASSAM,LAKHIMPUR,65.0,99.0,128.0,15.0,24.0,321.0,652.0,6.0,1.392868861071023,625.0,27.0,4.0
2010,ASSAM,MORIGAON,31.0,137.0,93.0,7.0,96.0,216.0,580.0,6.0,1.5097838336700777,534.0,46.0,4.0
2010,ASSAM,N.C.HILLS,30.0,3.0,19.0,3.0,15.0,62.0,132.0,6.0,1.3898093417123971,162.0,-30.0,1.0
2010,ASSAM,NAGAON,155.0,166.0,302.0,147.0,321.0,915.0,2006.0,6.0,1.5319081700447168,1992.0,14.0,5.0
2010,ASSAM,NALBARI,41.0,99.0,56.0,35.0,28.0,303.0,562.0,6.0,1.3820481789226176,524.0,38.0,3.0
2010,ASSAM,R.P.O.,6.0,7.0,2.0,2.0,13.0,18.0,48.0,6.0,1.5271270552802605,35.0,13.0,1.0
2010,ASSAM,SIBSAGAR,88.0,160.0,142.0,18.0,51.0,655.0,1114.0,6.0,1.2619002386712195,1068.0,46.0,5.0
2010,ASSAM,SONITPUR,91.0,110.0,191.0,29.0,55.0,638.0,1114.0,6.0,1.298297690578365,1144.0,-30.0,5.0
2010,ASSAM,TINSUKIA,114.0,80.0,112.0,52.0,31.0,781.0,1170.0,6.0,1.1392991165046205,1194.0,-24.0,4.0
2010,ASSAM,UDALGURI,76.0,53.0,54.0,19.0,38.0,131.0,371.0,6.0,1.6364451682472994,396.0,-25.0,3.0
2010,BIHAR,ARARIA,110.0,44.0,84.0,79.0,220.0,400.0,937.0,6.0,1.5234559027101247,811.0,126.0,5.0
2010,BIHAR,ARWAL,68.0,7.0,13.0,10.0,31.0,115.0,244.0,6.0,1.3617629561410864,209.0,35.0,2.0
2010,BIHAR,AURANGABAD,109.0,15.0,58.0,41.0,298.0,524.0,1045.0,6.0,1.2881402762755474,1157.0,-112.0,5.0
2010,BIHAR,BAGAHA,106.0,39.0,66.0,8.0,111.0,221.0,551.0,6.0,1.5093609382577953,493.0,58.0,4.0
2010,BIHAR,BANKA,121.0,16.0,53.0,30.0,151.0,221.0,592.0,6.0,1.5056068361751438,690.0,-98.0,4.0
2010,BIHAR,BEGUSARAI,284.0,30.0,92.0,60.0,340.0,506.0,1312.0,6.0,1.4624795452994512,1348.0,-36.0,5.0
2010,BIHAR,BETTIAH,70.0,24.0,111.0,24.0,315.0,622.0,1166.0,6.0,1.2413959260359355,878.0,288.0,5.0
2010,BIHAR,BHABHUA,119.0,6.0,39.0,40.0,163.0,307.0,674.0,6.0,1.3821857843544052,589.0,85.0,4.0
2010,BIHAR,BHAGALPUR,212.0,34.0,86.0,30.0,231.0,781.0,1374.0,6.0,1.2577158103729704,1167.0,207.0,5.0
2010,BIHAR,BHOJPUR,147.0,18.0,72.0,87.0,248.0,660.0,1232.0,6.0,1.325580127086049,1057.0,175.0,5.0
2010,BIHAR,BUXAR,156.0,27.0,55.0,65.0,206.0,413.0,922.0,6.0,1.4537361379735056,776.0,146.0,4.0
2010,BIHAR,DARBHANGA,249.0,86.0,97.0,32.0,343.0,819.0,1626.0,6.0,1.3620009465926795,1482.0,144.0,5.0
2010,BIHAR,GAYA,186.0,25.0,109.0,151.0,340.0,977.0,1788.0,6.0,1.32027805613186,1878.0,-90.0,5.0
2010,BIHAR,GOPALGANJ,132.0,18.0,109.0,28.0,202.0,410.0,899.0,6.0,1.4174012756031191,1073.0,-174.0,5.0
2010,BIHAR,JAMALPUR RLY.,5.0,3.0,7.0,18.0,6.0,153.0,192.0,6.0,0.7918774142043234,165.0,27.0,1.0
2010,BIHAR,JAMUI,243.0,53.0,57.0,62.0,160.0,236.0,811.0,6.0,1.6020069286988443,785.0,26.0,5.0
2010,BIHAR,JEHANABAD,59.0,18.0,42.0,26.0,159.0,383.0,687.0,6.0,1.265453355107018,487.0,200.0,4.0
2010,BIHAR,KATIHAR,139.0,61.0,119.0,26.0,217.0,352.0,914.0,6.0,1.5426475434263835,940.0,-26.0,5.0
2010,BIHAR,KATIHAR RLY.,15.0,5.0,8.0,8.0,10.0,237.0,283.0,6.0,0.6952874926095007,229.0,54.0,1.0
2010,BIHAR,KHAGARIA,174.0,19.0,36.0,24.0,175.0,171.0,599.0,6.0,1.4838059220239121,657.0,-58.0,4.0
2010,BIHAR,KISHANGANJ,84.0,24.0,50.0,14.0,124.0,225.0,521.0,6.0,1.4623769888776872,510.0,11.0,3.0
2010,BIHAR,LAKHISARAI,88.0,14.0,40.0,36.0,133.0,213.0,524.0,6.0,1.490716937017084,545.0,-21.0,3.0
2010,BIHAR,MADHEPURA,136.0,20.0,61.0,52.0,198.0,206.0,673.0,6.0,1.5654109286638054,599.0,74.0,4.0
2010,BIHAR,MADHUBANI,83.0,36.0,141.0,51.0,340.0,549.0,1200.0,6.0,1.3908632870927562,1080.0,120.0,5.0
2010,BIHAR,MOTIHARI,652.0,25.0,173.0,99.0,486.0,803.0,2238.0,6.0,1.4447304324267354,2045.0,193.0,5.0
2010,BIHAR,MUNGER,181.0,14.0,80.0,65.0,179.0,352.0,871.0,6.0,1.4971823882797355,962.0,-91.0,5.0
2010,BIHAR,MUZAFFARPUR,171.0,59.0,229.0,107.0,450.0,1317.0,2333.0,6.0,1.2939442519213002,2119.0,214.0,5.0
2010,BIHAR,MUZAFFARPUR RLY.,34.0,1.0,7.0,13.0,6.0,322.0,383.0,6.0,0.6294498063921226,430.0,-47.0,1.0
2010,BIHAR,NALANDA,211.0,56.0,93.0,42.0,192.0,551.0,1145.0,6.0,1.4358405893958834,1547.0,-402.0,5.0
2010,BIHAR,NAUGACHIA,75.0,31.0,36.0,13.0,130.0,122.0,407.0,6.0,1.5579869414564382,529.0,-122.0,3.0
2010,BIHAR,NAWADAH,92.0,14.0,65.0,24.0,123.0,277.0,595.0,6.0,1.4300549499163986,591.0,4.0,4.0
2010,BIHAR,PATNA,329.0,62.0,283.0,226.0,518.0,3823.0,5241.0,6.0,0.9782912843287883,5595.0,-354.0,5.0
2010,BIHAR,PATNA RLY.,20.0,18.0,10.0,21.0,24.0,757.0,850.0,6.0,0.5174676035833708,810.0,40.0,1.0
2010,BIHAR,PURNEA,221.0,62.0,106.0,34.0,180.0,430.0,1033.0,6.0,1.5140298615524004,1041.0,-8.0,5.0
2010,BIHAR,ROHTAS,259.0,76.0,115.0,116.0,231.0,773.0,1570.0,6.0,1.458638506966134,1389.0,181.0,5.0
2010,BIHAR,SAHARSA,141.0,46.0,51.0,41.0,265.0,247.0,791.0,6.0,1.5328181525728415,987.0,-196.0,4.0
2010,BIHAR,SAMASTIPUR,346.0,43.0,189.0,64.0,353.0,554.0,1549.0,6.0,1.5273980328755286,1390.0,159.0,5.0
2010,BIHAR,SARAN,218.0,47.0,136.0,75.0,384.0,736.0,1596.0,6.0,1.4289765539985633,1688.0,-92.0,5.0
2010,BIHAR,SHEIKHPURA,24.0,2.0,22.0,15.0,79.0,138.0,280.0,6.0,1.308251523967551,281.0,-1.0,2.0
2010,BIHAR,SHEOHAR,24.0,5.0,17.0,22.0,45.0,94.0,207.0,6.0,1.4735035087899846,212.0,-5.0,2.0
2010,BIHAR,SITAMARHI,101.0,27.0,60.0,57.0,211.0,586.0,1042.0,6.0,1.2912803063454055,969.0,73.0,4.0
2010,BIHAR,SIWAN,147.0,29.0,133.0,57.0,292.0,471.0,1129.0,6.0,1.4766820741671858,827.0,302.0,5.0
2010,BIHAR,SUPAUL,93.0,25.0,67.0,23.0,227.0,252.0,687.0,6.0,1.4657925091485793,727.0,-40.0,4.0
2010,BIHAR,VAISHALI,187.0,45.0,197.0,66.0,373.0,771.0,1639.0,6.0,1.422011220311206,1757.0,-118.0,5.0
2010,CHHATTISGARH,BALRAMPUR,51.0,132.0,12.0,17.0,34.0,72.0,318.0,6.0,1.514086961073074,307.0,11.0,3.0
2010,CHHATTISGARH,BILASPUR,156.0,236.0,38.0,66.0,277.0,1421.0,2194.0,6.0,1.146059490698352,2227.0,-33.0,5.0
2010,CHHATTISGARH,BIZAPUR,176.0,3.0,10.0,23.0,21.0,18.0,251.0,6.0,1.0457521394371512,231.0,20.0,3.0
2010,CHHATTISGARH,DANTEWARA,146.0,17.0,8.0,21.0,58.0,74.0,324.0,6.0,1.4278169458762666,354.0,-30.0,3.0
2010,CHHATTISGARH,DHAMTARI,23.0,95.0,10.0,12.0,28.0,281.0,449.0,6.0,1.1287182312533757,456.0,-7.0,2.0
2010,CHHATTISGARH,DURG,146.0,375.0,39.0,84.0,132.0,1804.0,2580.0,6.0,1.0199775060107286,2083.0,497.0,5.0
2010,CHHATTISGARH,GRP RAIPUR,4.0,4.0,2.0,7.0,1.0,334.0,352.0,6.0,0.27550869847399445,296.0,56.0,1.0
2010,CHHATTISGARH,JAGDALPUR,114.0,81.0,17.0,31.0,36.0,262.0,541.0,6.0,1.4165095254208575,638.0,-97.0,3.0
2010,CHHATTISGARH,JANJGIR,71.0,129.0,9.0,33.0,145.0,538.0,925.0,6.0,1.2414476400259038,898.0,27.0,3.0
2010,CHHATTISGARH,JASHPUR,78.0,122.0,24.0,24.0,32.0,156.0,436.0,6.0,1.5429139731277823,516.0,-80.0,3.0
2010,CHHATTISGARH,KABIRDHAM,33.0,104.0,8.0,5.0,38.0,156.0,344.0,6.0,1.3374732383756185,365.0,-21.0,2.0
2010,CHHATTISGARH,KANKER,93.0,45.0,11.0,27.0,36.0,114.0,326.0,6.0,1.5625743347801782,304.0,22.0,2.0
2010,CHHATTISGARH,KORBA,55.0,112.0,7.0,34.0,58.0,417.0,683.0,6.0,1.206296504146243,762.0,-79.0,2.0
2010,CHHATTISGARH,KORIYA,46.0,156.0,21.0,14.0,31.0,319.0,587.0,6.0,1.2467004922239455,558.0,29.0,3.0
2010,CHHATTISGARH,MAHASAMUND,49.0,91.0,7.0,16.0,21.0,309.0,493.0,6.0,1.1402502976668827,504.0,-11.0,2.0
2010,CHHATTISGARH,NARAYANPUR,59.0,8.0,9.0,9.0,3.0,16.0,104.0,6.0,1.3326837805089793,94.0,10.0,1.0
2010,CHHATTISGARH,RAIGARH,108.0,141.0,19.0,65.0,116.0,685.0,1134.0,6.0,1.253265570180044,1080.0,54.0,4.0
2010,CHHATTISGARH,RAIPUR,192.0,404.0,49.0,115.0,223.0,2557.0,3540.0,6.0,0.985467604051548,3651.0,-111.0,5.0
2010,CHHATTISGARH,RAJNANDGAON,87.0,115.0,18.0,17.0,44.0,409.0,690.0,6.0,1.2316099131134521,799.0,-109.0,3.0
2010,CHHATTISGARH,SARGUJA,92.0,202.0,25.0,40.0,43.0,386.0,788.0,6.0,1.3687537658248012,629.0,159.0,4.0
2010,CHHATTISGARH,SURAJPUR,72.0,146.0,16.0,14.0,34.0,197.0,479.0,6.0,1.4169570861220708,537.0,-58.0,3.0
2010,GOA,NORTH GOA,39.0,36.0,10.0,28.0,53.0,917.0,1083.0,6.0,0.6591484310492242,885.0,198.0,2.0
2010,GOA,SOUTH GOA,26.0,36.0,15.0,13.0,34.0,659.0,783.0,6.0,0.6797797540870825,764.0,19.0,2.0
2010,GUJARAT,AHMEDABAD COMMR.,152.0,122.0,207.0,831.0,175.0,5933.0,7420.0,6.0,0.7594366829934955,8965.0,-1545.0,5.0
2010,GUJARAT,AHWA-DANG,12.0,1.0,0.0,0.0,1.0,9.0,23.0,4.0,0.9792376509951506,24.0,-1.0,1.0
2010,GUJARAT,AMRELI,27.0,35.0,65.0,19.0,52.0,350.0,548.0,6.0,1.2032724254205152,597.0,-49.0,3.0
2010,GUJARAT,ANAND,35.0,42.0,45.0,20.0,58.0,622.0,822.0,6.0,0.9338472126641639,753.0,69.0,2.0
2010,GUJARAT,BHARUCH,52.0,27.0,27.0,21.0,64.0,515.0,706.0,6.0,0.9940496475506031,854.0,-148.0,2.0
2010,GUJARAT,BHAVNAGAR,81.0,40.0,62.0,23.0,107.0,762.0,1075.0,6.0,1.0376682947451683,1342.0,-267.0,3.0
2010,GUJARAT,CID CRIME,3.0,1.0,0.0,0.0,0.0,22.0,26.0,3.0,0.5158361211027406,,,1.0
2010,GUJARAT,DAHOD,63.0,18.0,54.0,61.0,66.0,251.0,513.0,6.0,1.47883622659443,538.0,-25.0,3.0
2010,GUJARAT,GANDHINAGAR,26.0,24.0,29.0,18.0,43.0,689.0,829.0,6.0,0.718802889354979,948.0,-119.0,2.0
2010,GUJARAT,HIMATNAGAR,47.0,44.0,52.0,15.0,43.0,378.0,579.0,6.0,1.1822552954062062,591.0,-12.0,3.0
2010,GUJARAT,JAMNAGAR,70.0,41.0,32.0,25.0,95.0,581.0,844.0,6.0,1.0846393895928295,753.0,91.0,3.0
2010,GUJARAT,JUNAGADH,67.0,56.0,68.0,39.0,114.0,824.0,1168.0,6.0,1.0618986187873403,1365.0,-197.0,4.0
2010,GUJARAT,KHEDA NORTH,45.0,44.0,63.0,22.0,66.0,379.0,619.0,6.0,1.2687062220083423,638.0,-19.0,3.0
2010,GUJARAT,KUTCH,54.0,26.0,36.0,27.0,73.0,602.0,818.0,6.0,0.9803727926549365,857.0,-39.0,3.0
2010,GUJARAT,MEHSANA,40.0,35.0,66.0,34.0,73.0,852.0,1100.0,6.0,0.8843808304321074,1056.0,44.0,3.0
2010,GUJARAT,NARMADA,20.0,15.0,4.0,3.0,14.0,67.0,123.0,6.0,1.3322036975520497,104.0,19.0,1.0
2010,GUJARAT,NAVSARI,24.0,11.0,19.0,7.0,26.0,161.0,248.0,6.0,1.1786204222628072,187.0,61.0,2.0
2010,GUJARAT,PALANPUR,64.0,97.0,110.0,69.0,95.0,843.0,1278.0,6.0,1.1820006790674962,1108.0,170.0,4.0
2010,GUJARAT,PANCHMAHAL,59.0,44.0,58.0,18.0,65.0,340.0,584.0,6.0,1.322318582370434,696.0,-112.0,3.0
2010,GUJARAT,PATAN,20.0,43.0,38.0,21.0,32.0,389.0,543.0,6.0,1.0401196159470765,629.0,-86.0,2.0
2010,GUJARAT,PORBANDAR,16.0,6.0,12.0,2.0,12.0,100.0,148.0,6.0,1.10090788912867,203.0,-55.0,1.0
2010,GUJARAT,RAJKOT COMMR.,61.0,26.0,39.0,43.0,81.0,1360.0,1610.0,6.0,0.6704732607869495,1743.0,-133.0,3.0
2010,GUJARAT,SURAT COMMR.,107.0,47.0,82.0,92.0,94.0,2145.0,2567.0,6.0,0.7061829850249778,3347.0,-780.0,4.0
2010,GUJARAT,SURENDRANAGAR,38.0,65.0,29.0,18.0,62.0,327.0,539.0,6.0,1.264778604154349,605.0,-66.0,2.0
2010,GUJARAT,TAPI,22.0,10.0,1.0,3.0,4.0,81.0,121.0,6.0,1.0286816138382713,120.0,1.0,1.0
2010,GUJARAT,VADODARA COMMR.,49.0,25.0,36.0,28.0,93.0,1998.0,2229.0,6.0,0.4865109508554584,2093.0,136.0,3.0
2010,GUJARAT,VALSAD,39.0,15.0,14.0,15.0,50.0,419.0,552.0,6.0,0.9031562372815896,516.0,36.0,2.0
2010,GUJARAT,W.RLY,10.0,4.0,6.0,16.0,17.0,558.0,611.0,6.0,0.423542241326502,654.0,-43.0,1.0
2010,HARYANA,AMBALA,66.0,50.0,33.0,22.0,13.0,1098.0,1282.0,6.0,0.6224651855097006,949.0,333.0,3.0
2010,HARYANA,BHIWANI,100.0,75.0,52.0,50.0,188.0,908.0,1373.0,6.0,1.1399351715846653,1200.0,173.0,4.0
2010,HARYANA,FARIDABAD,124.0,78.0,102.0,29.0,183.0,2277.0,2793.0,6.0,0.7515986683302355,1993.0,800.0,5.0
2010,HARYANA,FATEHABAD,62.0,34.0,33.0,10.0,19.0,404.0,562.0,6.0,1.0028450145404055,563.0,-1.0,2.0
2010,HARYANA,GRP,26.0,9.0,3.0,20.0,23.0,486.0,567.0,6.0,0.6149452442856373,553.0,14.0,1.0
2010,HARYANA,GURGAON,146.0,75.0,58.0,124.0,98.0,3969.0,4470.0,6.0,0.5254638095232611,3837.0,633.0,5.0
2010,HARYANA,HISSAR,166.0,49.0,84.0,56.0,121.0,1344.0,1820.0,6.0,0.9689186209436439,1257.0,563.0,4.0
2010,HARYANA,JHAJJAR,106.0,63.0,42.0,44.0,79.0,784.0,1118.0,6.0,1.0721485750938773,839.0,279.0,4.0
2010,HARYANA,JIND,97.0,56.0,35.0,43.0,130.0,922.0,1283.0,6.0,1.013394695557683,1189.0,94.0,4.0
2010,HARYANA,KAITHAL,56.0,43.0,27.0,25.0,9.0,542.0,702.0,6.0,0.8724234544016977,639.0,63.0,2.0
2010,HARYANA,KARNAL,101.0,81.0,33.0,29.0,60.0,1265.0,1569.0,6.0,0.7830177052313038,1375.0,194.0,4.0
2010,HARYANA,KURUKSHETRA,57.0,45.0,34.0,24.0,14.0,1073.0,1247.0,6.0,0.6148684937723484,1142.0,105.0,3.0
2010,HARYANA,MAHENDRAGARH,53.0,53.0,40.0,36.0,128.0,507.0,817.0,6.0,1.2266577541158865,509.0,308.0,3.0
2010,HARYANA,MEWAT,65.0,40.0,36.0,30.0,131.0,547.0,849.0,6.0,1.1644157255266205,591.0,258.0,4.0
2010,HARYANA,PALWAL,84.0,71.0,41.0,37.0,157.0,756.0,1146.0,6.0,1.1406043006718087,1037.0,109.0,4.0
2010,HARYANA,PANCHKULA,27.0,20.0,16.0,11.0,4.0,669.0,747.0,6.0,0.4881465478100868,750.0,-3.0,1.0
2010,HARYANA,PANIPAT,73.0,77.0,65.0,48.0,93.0,1102.0,1458.0,6.0,0.9434347100444705,1317.0,141.0,4.0
2010,HARYANA,REWARI,58.0,41.0,33.0,88.0,46.0,756.0,1022.0,6.0,0.9764156717624068,781.0,241.0,3.0
2010,HARYANA,ROHTAK,131.0,77.0,32.0,41.0,67.0,1235.0,1583.0,6.0,0.8542857184170747,1389.0,194.0,4.0
2010,HARYANA,SIRSA,79.0,48.0,47.0,17.0,47.0,618.0,856.0,6.0,1.0131904731195134,677.0,179.0,3.0
2010,HARYANA,SONIPAT,150.0,59.0,75.0,71.0,17.0,1323.0,1695.0,6.0,0.841888203848135,1527.0,168.0,4.0
2010,HARYANA,YAMUNANAGAR,77.0,52.0,42.0,26.0,8.0,707.0,912.0,6.0,0.8541108914693494,950.0,-38.0,3.0
2010,HIMACHAL PRADESH,BADDIPOLICEDIST,15.0,11.0,9.0,1.0,18.0,78.0,132.0,6.0,1.2568731170010654,117.0,15.0,1.0
2010,HIMACHAL PRADESH,BILASPUR,21.0,52.0,8.0,1.0,40.0,115.0,237.0,6.0,1.3361717452777642,226.0,11.0,2.0
2010,HIMACHAL PRADESH,CHAMBA,10.0,42.0,22.0,0.0,32.0,131.0,237.0,5.0,1.2589238242546799,238.0,-1.0,2.0
2010,HIMACHAL PRADESH,CID,0.0,0.0,0.0,0.0,0.0,0.0,0.0,0.0,0.0,1.0,-1.0,1.0
2010,HIMACHAL PRADESH,G.R.P.,1.0,0.0,0.0,0.0,0.0,4.0,5.0,2.0,0.5004024235381879,7.0,-2.0,1.0
2010,HIMACHAL PRADESH,HAMIRPUR,18.0,38.0,19.0,0.0,46.0,118.0,239.0,5.0,1.3540468312564362,213.0,26.0,2.0
2010,HIMACHAL PRADESH,KANGRA,41.0,82.0,38.0,2.0,127.0,379.0,669.0,6.0,1.2460531436144038,622.0,47.0,3.0
2010,HIMACHAL PRADESH,KINNAUR,4.0,4.0,2.0,0.0,34.0,26.0,70.0,5.0,1.1473035695409728,46.0,24.0,1.0
2010,HIMACHAL PRADESH,KULLU,16.0,40.0,9.0,0.0,41.0,97.0,203.0,5.0,1.3344126856126017,239.0,-36.0,2.0
2010,HIMACHAL PRADESH,LAHAUL-SPITI,1.0,1.0,0.0,0.0,1.0,6.0,9.0,4.0,1.0027182645175161,8.0,1.0,1.0
2010,HIMACHAL PRADESH,MANDI,22.0,90.0,19.0,2.0,110.0,230.0,473.0,6.0,1.3004748376285296,391.0,82.0,2.0
2010,HIMACHAL PRADESH,SHIMLA,27.0,48.0,23.0,1.0,122.0,339.0,560.0,6.0,1.1350328288515235,620.0,-60.0,2.0
2010,HIMACHAL PRADESH,SIRMAUR,16.0,51.0,14.0,2.0,74.0,142.0,299.0,6.0,1.3344038313271471,319.0,-20.0,2.0
2010,HIMACHAL PRADESH,SOLAN,12.0,23.0,13.0,0.0,46.0,174.0,268.0,5.0,1.0795216271054358,266.0,2.0,2.0
2010,HIMACHAL PRADESH,UNA,14.0,28.0,18.0,4.0,51.0,170.0,285.0,6.0,1.2264216730629838,277.0,8.0,2.0
2010,JAMMU & KASHMIR,ANANTNAG,22.0,119.0,75.0,4.0,241.0,268.0,729.0,6.0,1.397852075819337,709.0,20.0,4.0
2010,JAMMU & KASHMIR,AWANTIPORA,4.0,21.0,17.0,5.0,81.0,58.0,186.0,6.0,1.370112043670419,143.0,43.0,2.0
2010,JAMMU & KASHMIR,BANDIPORA,27.0,70.0,45.0,3.0,111.0,91.0,347.0,6.0,1.5432038039527864,294.0,53.0,2.0
2010,JAMMU & KASHMIR,BARAMULLA,22.0,75.0,57.0,1.0,203.0,175.0,533.0,6.0,1.3916793529880334,912.0,-379.0,3.0
2010,JAMMU & KASHMIR,BUDGAM,31.0,100.0,67.0,10.0,218.0,392.0,818.0,6.0,1.344679643139585,806.0,12.0,4.0
2010,JAMMU & KASHMIR,CRIME JAMMU,0.0,0.0,0.0,0.0,0.0,19.0,19.0,1.0,-0.0,17.0,2.0,1.0
2010,JAMMU & KASHMIR,CRIME KASHMIR,0.0,0.0,0.0,0.0,0.0,32.0,32.0,1.0,-0.0,,,1.0
2010,JAMMU & KASHMIR,DODA,37.0,48.0,59.0,1.0,28.0,110.0,283.0,6.0,1.5099313958625875,254.0,29.0,2.0
2010,JAMMU & KASHMIR,GANDERBAL,7.0,45.0,15.0,0.0,69.0,61.0,197.0,5.0,1.382398700152366,241.0,-44.0,2.0
2010,JAMMU & KASHMIR,HANDWARA,46.0,48.0,36.0,1.0,27.0,80.0,238.0,6.0,1.5626422673583464,194.0,44.0,2.0
2010,JAMMU & KASHMIR,JAMMU,114.0,72.0,81.0,1.0,85.0,857.0,1210.0,6.0,1.00819496234734,1348.0,-138.0,4.0
2010,JAMMU & KASHMIR,KARGIL,1.0,0.0,1.0,0.0,10.0,25.0,37.0,4.0,0.8136815193565088,22.0,15.0,1.0
2010,JAMMU & KASHMIR,KATHUA,33.0,43.0,19.0,1.0,53.0,139.0,288.0,6.0,1.3942867189178625,241.0,47.0,2.0
2010,JAMMU & KASHMIR,KISHTWAR,33.0,8.0,26.0,1.0,0.0,49.0,117.0,5.0,1.2798663582352623,128.0,-11.0,1.0
2010,JAMMU & KASHMIR,KULGAM,21.0,64.0,45.0,10.0,126.0,138.0,404.0,6.0,1.511905768247298,405.0,-1.0,3.0
2010,JAMMU & KASHMIR,KUPWARA,33.0,24.0,33.0,0.0,111.0,117.0,318.0,5.0,1.4004947988111678,248.0,70.0,2.0
2010,JAMMU & KASHMIR,LEH,2.0,5.0,4.0,0.0,8.0,19.0,38.0,5.0,1.3334142043218855,42.0,-4.0,1.0
2010,JAMMU & KASHMIR,POONCH,50.0,50.0,39.0,0.0,132.0,66.0,337.0,5.0,1.5021948843671513,300.0,37.0,3.0
2010,JAMMU & KASHMIR,PULWAMA,16.0,19.0,33.0,5.0,180.0,127.0,380.0,6.0,1.2725878516913731,278.0,102.0,3.0
2010,JAMMU & KASHMIR,RAJOURI,57.0,62.0,47.0,2.0,55.0,121.0,344.0,6.0,1.569207160321511,292.0,52.0,3.0
2010,JAMMU & KASHMIR,RAMBAN,12.0,17.0,17.0,0.0,18.0,74.0,138.0,5.0,1.3281548298339665,125.0,13.0,1.0
2010,JAMMU & KASHMIR,REASI,21.0,21.0,12.0,1.0,5.0,80.0,140.0,6.0,1.2537985474812985,163.0,-23.0,1.0
2010,JAMMU & KASHMIR,SAMBA,23.0,12.0,4.0,0.0,29.0,79.0,147.0,5.0,1.2467701131541888,141.0,6.0,1.0
2010,JAMMU & KASHMIR,SHOPIAN,26.0,105.0,47.0,3.0,85.0,166.0,432.0,6.0,1.476193063775734,351.0,81.0,2.0
2010,JAMMU & KASHMIR,SOPORE,97.0,68.0,38.0,3.0,140.0,211.0,557.0,6.0,1.4872517657241189,,,3.0
2010,JAMMU & KASHMIR,SRINAGAR,201.0,143.0,68.0,13.0,333.0,821.0,1579.0,6.0,1.323145585332306,1574.0,5.0,5.0
2010,JAMMU & KASHMIR,UDHAMPUR,16.0,43.0,10.0,2.0,29.0,91.0,191.0,6.0,1.3850223077096606,173.0,18.0,1.0
2010,JHARKHAND,BOKARO,77.0,30.0,64.0,43.0,128.0,889.0,1231.0,6.0,1.0052122014110885,1077.0,154.0,4.0
2010,JHARKHAND,CHAIBASA,166.0,55.0,24.0,45.0,15.0,187.0,492.0,6.0,1.4517216709814789,471.0,21.0,3.0
2010,JHARKHAND,CHATRA,68.0,14.0,26.0,31.0,88.0,117.0,344.0,6.0,1.578381686618728,342.0,2.0,3.0
2010,JHARKHAND,DEOGHAR,78.0,40.0,28.0,36.0,164.0,464.0,810.0,6.0,1.2711436290099138,817.0,-7.0,4.0
2010,JHARKHAND,DHANBAD,99.0,62.0,95.0,99.0,215.0,1189.0,1759.0,6.0,1.1210661386464367,1979.0,-220.0,5.0
2010,JHARKHAND,DHANBAD RLY.,5.0,12.0,4.0,15.0,8.0,193.0,237.0,6.0,0.7576519613346214,209.0,28.0,1.0
2010,JHARKHAND,DUMKA,77.0,60.0,38.0,12.0,69.0,339.0,595.0,6.0,1.320749253777055,592.0,3.0,3.0
2010,JHARKHAND,GARHWA,152.0,32.0,27.0,48.0,181.0,152.0,592.0,6.0,1.5627356318575372,589.0,3.0,4.0
2010,JHARKHAND,GIRIDIH,114.0,46.0,58.0,63.0,328.0,416.0,1025.0,6.0,1.4481153632324943,987.0,38.0,5.0
2010,JHARKHAND,GODDA,164.0,51.0,42.0,20.0,142.0,238.0,657.0,6.0,1.5258486556470454,560.0,97.0,4.0
2010,JHARKHAND,GUMLA,230.0,65.0,44.0,37.0,42.0,126.0,544.0,6.0,1.5405754150552462,566.0,-22.0,4.0
2010,JHARKHAND,HAZARIBAGH,124.0,48.0,53.0,58.0,241.0,360.0,884.0,6.0,1.5013153873187948,1050.0,-166.0,5.0
2010,JHARKHAND,JAMSHEDPUR,164.0,47.0,89.0,50.0,178.0,1270.0,1798.0,6.0,1.0365976463563993,2318.0,-520.0,5.0
2010,JHARKHAND,JAMSHEDPUR RLY.,9.0,1.0,4.0,9.0,0.0,169.0,192.0,5.0,0.5072448373479329,212.0,-20.0,1.0
2010,JHARKHAND,JAMTARA,80.0,18.0,9.0,18.0,52.0,90.0,267.0,6.0,1.5241846922947944,247.0,20.0,2.0
2010,JHARKHAND,KHUNTI,80.0,4.0,7.0,19.0,4.0,77.0,191.0,6.0,1.2434189003337877,197.0,-6.0,2.0
2010,JHARKHAND,KODERMA,74.0,21.0,23.0,15.0,63.0,177.0,373.0,6.0,1.4380156890796374,423.0,-50.0,2.0
2010,JHARKHAND,LATEHAR,75.0,16.0,25.0,23.0,36.0,105.0,280.0,6.0,1.5689545702760528,267.0,13.0,2.0
2010,JHARKHAND,LOHARDAGGA,36.0,39.0,24.0,19.0,23.0,115.0,256.0,6.0,1.5534322091509163,225.0,31.0,2.0
2010,JHARKHAND,PAKUR,42.0,56.0,17.0,10.0,83.0,110.0,318.0,6.0,1.5563629956347387,334.0,-16.0,3.0
2010,JHARKHAND,PALAMU,240.0,48.0,63.0,74.0,222.0,340.0,987.0,6.0,1.5634388504278602,970.0,17.0,5.0
2010,JHARKHAND,RAMGARH,53.0,23.0,23.0,24.0,59.0,194.0,376.0,6.0,1.4256777356024553,482.0,-106.0,2.0
2010,JHARKHAND,RANCHI,246.0,106.0,128.0,194.0,208.0,2090.0,2972.0,6.0,1.0724447093379454,3012.0,-40.0,5.0
2010,JHARKHAND,SAHEBGANJ,125.0,63.0,33.0,15.0,58.0,169.0,463.0,6.0,1.5523689873387765,469.0,-6.0,3.0
2010,JHARKHAND,SARAIKELA,118.0,40.0,16.0,39.0,15.0,306.0,534.0,6.0,1.24336572319173,459.0,75.0,3.0
2010,JHARKHAND,SIMDEGA,103.0,21.0,14.0,28.0,10.0,58.0,234.0,6.0,1.4805684169773747,180.0,54.0,2.0
2010,KARNATAKA,BAGALKOT,79.0,76.0,11.0,24.0,168.0,295.0,653.0,6.0,1.404309238318111,615.0,38.0,3.0
2010,KARNATAKA,BANGALORE COMMR.,716.0,373.0,513.0,707.0,356.0,15115.0,17780.0,6.0,0.6573014538289357,18853.0,-1073.0,5.0
2010,KARNATAKA,BELGAUM,232.0,264.0,62.0,75.0,584.0,1075.0,2292.0,6.0,1.3938155996841892,2262.0,30.0,5.0
2010,KARNATAKA,BELLARY,98.0,92.0,20.0,36.0,244.0,506.0,996.0,6.0,1.3352841141260376,944.0,52.0,4.0
2010,KARNATAKA,BIDAR,81.0,34.0,26.0,22.0,180.0,327.0,670.0,6.0,1.3481593655618802,616.0,54.0,3.0
2010,KARNATAKA,BIJAPUR,109.0,71.0,43.0,27.0,297.0,377.0,924.0,6.0,1.4258751975268011,959.0,-35.0,4.0
2010,KARNATAKA,CBPURA,91.0,43.0,30.0,32.0,248.0,436.0,880.0,6.0,1.3227155011581533,735.0,145.0,4.0
2010,KARNATAKA,CHAMARAJNAGAR,49.0,65.0,6.0,8.0,124.0,227.0,479.0,6.0,1.331201590307059,466.0,13.0,2.0
2010,KARNATAKA,CHICKMAGALUR,60.0,82.0,28.0,33.0,158.0,353.0,714.0,6.0,1.40778580948523,713.0,1.0,3.0
2010,KARNATAKA,CHITRADURGA,77.0,184.0,39.0,44.0,405.0,446.0,1195.0,6.0,1.43257848549252,897.0,298.0,5.0
2010,KARNATAKA,DAKSHIN KANNADA,91.0,83.0,16.0,48.0,209.0,769.0,1216.0,6.0,1.15426460542903,1224.0,-8.0,4.0
2010,KARNATAKA,DAVANAGERE,60.0,107.0,20.0,32.0,270.0,469.0,958.0,6.0,1.3192546874569908,1067.0,-109.0,4.0
2010,KARNATAKA,DHARWAD COMMR.,33.0,17.0,20.0,66.0,95.0,645.0,876.0,6.0,0.9474368742040877,908.0,-32.0,2.0
2010,KARNATAKA,GADAG,38.0,41.0,8.0,7.0,97.0,130.0,321.0,6.0,1.4185810743594272,352.0,-31.0,2.0
2010,KARNATAKA,GULBARGA,195.0,90.0,75.0,113.0,487.0,665.0,1625.0,6.0,1.468790955528923,1756.0,-131.0,5.0
2010,KARNATAKA,HASSAN,148.0,157.0,34.0,94.0,322.0,774.0,1529.0,6.0,1.3885456590678125,1161.0,368.0,5.0
2010,KARNATAKA,HAVERI,55.0,71.0,23.0,13.0,220.0,246.0,628.0,6.0,1.3956867857230226,615.0,13.0,3.0
2010,KARNATAKA,K.G.F.,28.0,27.0,16.0,10.0,55.0,162.0,298.0,6.0,1.3539038098334861,284.0,14.0,2.0
2010,KARNATAKA,KODAGU,67.0,77.0,15.0,23.0,47.0,264.0,493.0,6.0,1.3690040148625031,395.0,98.0,2.0
2010,KARNATAKA,KOLAR,96.0,41.0,18.0,20.0,196.0,322.0,693.0,6.0,1.351576479560061,610.0,83.0,4.0
2010,KARNATAKA,KOPPAL,69.0,39.0,21.0,15.0,153.0,252.0,549.0,6.0,1.3852184610889233,473.0,76.0,3.0
2010,KARNATAKA,MANDYA,146.0,147.0,47.0,65.0,428.0,994.0,1827.0,6.0,1.2886879302285135,1513.0,314.0,5.0
2010,KARNATAKA,MYSORE COMMR.,81.0,29.0,24.0,205.0,95.0,1344.0,1778.0,6.0,0.8830826481955988,1431.0,347.0,4.0
2010,KARNATAKA,RAICHUR,99.0,136.0,38.0,13.0,294.0,346.0,926.0,6.0,1.443778324162837,722.0,204.0,4.0
2010,KARNATAKA,RAMANAGAR,161.0,67.0,38.0,80.0,303.0,821.0,1470.0,6.0,1.2867514035585037,1347.0,123.0,5.0
2010,KARNATAKA,SHIMOGA,94.0,130.0,31.0,59.0,516.0,784.0,1614.0,6.0,1.2806683311314497,1518.0,96.0,5.0
2010,KARNATAKA,TUMKUR,149.0,132.0,29.0,102.0,312.0,1003.0,1727.0,6.0,1.2683757658628003,1454.0,273.0,5.0
2010,KARNATAKA,UDUPI,33.0,43.0,7.0,45.0,136.0,340.0,604.0,6.0,1.2512561316536195,511.0,93.0,3.0
2010,KARNATAKA,UTTAR KANNADA,61.0,89.0,13.0,19.0,111.0,226.0,519.0,6.0,1.4593424437572173,434.0,85.0,2.0
2010,KARNATAKA,YADGIRI,74.0,70.0,20.0,6.0,207.0,150.0,527.0,6.0,1.4436165438973745,,,3.0
2010,KERALA,ALAPUZHA,64.0,216.0,21.0,49.0,461.0,701.0,1512.0,6.0,1.3009059206104348,1510.0,2.0,5.0
2010,KERALA,ERNAKULAM COMMR.,18.0,87.0,8.0,36.0,246.0,640.0,1035.0,6.0,1.071766268222485,909.0,126.0,3.0
2010,KERALA,IDUKKI,54.0,210.0,7.0,12.0,318.0,441.0,1042.0,6.0,1.2873433829638519,970.0,72.0,4.0
2010,KERALA,KANNUR,51.0,154.0,11.0,73.0,993.0,441.0,1723.0,6.0,1.152641427059462,1954.0,-231.0,5.0
2010,KERALA,KASARGOD,18.0,116.0,9.0,23.0,462.0,362.0,990.0,6.0,1.1777648155189808,1397.0,-407.0,4.0
2010,KERALA,KOLLAM,78.0,419.0,36.0,43.0,917.0,903.0,2396.0,6.0,1.2870014899185107,2083.0,313.0,5.0
2010,KERALA,KOTTAYAM,48.0,282.0,11.0,34.0,433.0,744.0,1552.0,6.0,1.244789059952728,1739.0,-187.0,5.0
2010,KERALA,KOZHIKODE COMMR.,10.0,86.0,11.0,75.0,281.0,700.0,1163.0,6.0,1.1031071881705017,1246.0,-83.0,4.0
2010,KERALA,MALAPPURAM,53.0,205.0,21.0,49.0,719.0,833.0,1880.0,6.0,1.215775979724175,1712.0,168.0,5.0
2010,KERALA,PALAKKAD,70.0,145.0,11.0,15.0,547.0,609.0,1397.0,6.0,1.2010304762419979,1496.0,-99.0,5.0
2010,KERALA,PATHANAMTHITTA,32.0,161.0,11.0,25.0,338.0,398.0,965.0,6.0,1.290101359317179,1089.0,-124.0,4.0
2010,KERALA,THRISSUR,80.0,254.0,16.0,49.0,825.0,752.0,1976.0,6.0,1.2565451323076777,2143.0,-167.0,5.0
2010,KERALA,TRIVANDRUM COMMR.,34.0,221.0,22.0,80.0,486.0,1082.0,1925.0,6.0,1.1744123740395156,2176.0,-251.0,5.0
2010,KERALA,WAYANADU,19.0,89.0,3.0,4.0,191.0,236.0,542.0,6.0,1.208693081580316,560.0,-18.0,3.0
2010,MADHYA PRADESH,ALIRAJPUR,110.0,50.0,7.0,9.0,27.0,104.0,307.0,6.0,1.433510185239295,331.0,-24.0,2.0
2010,MADHYA PRADESH,ANUPPUR,43.0,109.0,6.0,15.0,28.0,188.0,389.0,6.0,1.3306419419047253,383.0,6.0,2.0
2010,MADHYA PRADESH,ASHOK NAGAR,62.0,148.0,9.0,17.0,27.0,236.0,499.0,6.0,1.3190964809157926,439.0,60.0,2.0
2010,MADHYA PRADESH,BALAGHAT,59.0,149.0,7.0,20.0,66.0,220.0,521.0,6.0,1.4134966857801585,569.0,-48.0,3.0
2010,MADHYA PRADESH,BARWANI,75.0,88.0,4.0,9.0,26.0,233.0,435.0,6.0,1.2524956483319536,402.0,33.0,2.0
2010,MADHYA PRADESH,BETUL,85.0,296.0,25.0,16.0,14.0,311.0,747.0,6.0,1.2494956151709755,879.0,-132.0,4.0
2010,MADHYA PRADESH,BHIND,160.0,90.0,11.0,55.0,64.0,299.0,679.0,6.0,1.4626064004091552,823.0,-144.0,4.0
2010,MADHYA PRADESH,BHOPAL,149.0,134.0,66.0,215.0,118.0,3566.0,4248.0,6.0,0.6886973979820009,5238.0,-990.0,5.0
2010,MADHYA PRADESH,BHOPAL RLY.,3.0,12.0,1.0,11.0,6.0,890.0,923.0,6.0,0.20311219950185988,1097.0,-174.0,1.0
2010,MADHYA PRADESH,BURHANPUR,21.0,79.0,2.0,6.0,30.0,163.0,301.0,6.0,1.2101820026394348,274.0,27.0,2.0
2010,MADHYA PRADESH,CHHATARPUR,144.0,239.0,26.0,65.0,102.0,596.0,1172.0,6.0,1.3831015681674237,1270.0,-98.0,4.0
2010,MADHYA PRADESH,CHHINDWARA,116.0,337.0,17.0,23.0,91.0,530.0,1114.0,6.0,1.2992147256264461,1233.0,-119.0,4.0
2010,MADHYA PRADESH,DAMOH,114.0,244.0,22.0,32.0,34.0,341.0,787.0,6.0,1.3712646708537226,797.0,-10.0,3.0
2010,MADHYA PRADESH,DATIYA,120.0,102.0,11.0,53.0,48.0,239.0,573.0,6.0,1.5031701967442412,584.0,-11.0,3.0
2010,MADHYA PRADESH,DEWAS,114.0,281.0,28.0,36.0,99.0,905.0,1463.0,6.0,1.1619896624822992,1112.0,351.0,4.0
2010,MADHYA PRADESH,DHAR,139.0,265.0,42.0,40.0,126.0,718.0,1330.0,6.0,1.3280212486019007,1413.0,-83.0,5.0
2010,MADHYA PRADESH,DINDORI,25.0,120.0,2.0,4.0,10.0,77.0,238.0,6.0,1.189072165378096,178.0,60.0,2.0
2010,MADHYA PRADESH,GUNA,71.0,206.0,12.0,37.0,99.0,379.0,804.0,6.0,1.3800735334881162,703.0,101.0,3.0
2010,MADHYA PRADESH,GWALIOR,301.0,251.0,102.0,200.0,196.0,3340.0,4390.0,6.0,0.9222792263362862,3974.0,416.0,5.0
2010,MADHYA PRADESH,HARDA,42.0,94.0,9.0,3.0,21.0,210.0,379.0,6.0,1.2041582520318395,329.0,50.0,2.0
2010,MADHYA PRADESH,HOSHANGABAD,94.0,213.0,38.0,50.0,65.0,643.0,1103.0,6.0,1.2651538466347323,957.0,146.0,4.0
2010,MADHYA PRADESH,INDORE,261.0,442.0,56.0,244.0,149.0,4904.0,6056.0,6.0,0.7612720174327992,6488.0,-432.0,5.0
2010,MADHYA PRADESH,INDORE RLY.,3.0,2.0,1.0,5.0,1.0,168.0,180.0,6.0,0.33987202128442023,228.0,-48.0,1.0
2010,MADHYA PRADESH,JABALPUR,176.0,319.0,34.0,75.0,91.0,1209.0,1904.0,6.0,1.1524297643252757,2440.0,-536.0,5.0
2010,MADHYA PRADESH,JABALPUR RLY.,2.0,6.0,1.0,4.0,2.0,400.0,415.0,6.0,0.20742516643484177,431.0,-16.0,1.0
2010,MADHYA PRADESH,JHABUA,52.0,80.0,14.0,26.0,42.0,207.0,421.0,6.0,1.438027059532382,357.0,64.0,2.0
2010,MADHYA PRADESH,KATNI,75.0,213.0,16.0,14.0,37.0,357.0,712.0,6.0,1.2604505253937899,633.0,79.0,3.0
2010,MADHYA PRADESH,KHANDWA,72.0,200.0,15.0,11.0,53.0,416.0,767.0,6.0,1.2268784903072478,894.0,-127.0,3.0
2010,MADHYA PRADESH,KHARGON,94.0,233.0,14.0,11.0,38.0,546.0,936.0,6.0,1.136547576204189,1080.0,-144.0,3.0
2010,MADHYA PRADESH,MANDLA,51.0,124.0,7.0,3.0,25.0,133.0,343.0,6.0,1.3303148232926019,314.0,29.0,2.0
2010,MADHYA PRADESH,MANDSAUR,56.0,166.0,24.0,35.0,43.0,446.0,770.0,6.0,1.2474372691274616,898.0,-128.0,3.0
2010,MADHYA PRADESH,MORENA,153.0,120.0,20.0,36.0,135.0,517.0,981.0,6.0,1.3579632856892838,1018.0,-37.0,4.0
2010,MADHYA PRADESH,NARSINGHPUR,87.0,200.0,6.0,19.0,74.0,277.0,663.0,6.0,1.3817734167875395,604.0,59.0,3.0
2010,MADHYA PRADESH,NEEMUCH,38.0,60.0,14.0,22.0,58.0,437.0,629.0,6.0,1.0684950321219182,705.0,-76.0,2.0
2010,MADHYA PRADESH,PANNA,49.0,134.0,11.0,29.0,9.0,295.0,527.0,6.0,1.2036883925878417,484.0,43.0,2.0
2010,MADHYA PRADESH,RAISEN,98.0,296.0,34.0,17.0,61.0,362.0,868.0,6.0,1.3684122141176724,845.0,23.0,4.0
2010,MADHYA PRADESH,RAJGARH,66.0,252.0,34.0,39.0,119.0,450.0,960.0,6.0,1.3975732709338975,1019.0,-59.0,4.0
2010,MADHYA PRADESH,RATLAM,103.0,233.0,24.0,31.0,90.0,556.0,1037.0,6.0,1.3032714100917273,921.0,116.0,4.0
2010,MADHYA PRADESH,REWA,95.0,221.0,45.0,53.0,83.0,858.0,1355.0,6.0,1.182367336263476,1387.0,-32.0,4.0
2010,MADHYA PRADESH,SAGAR,214.0,505.0,67.0,56.0,136.0,972.0,1950.0,6.0,1.3429129179297177,1887.0,63.0,5.0
2010,MADHYA PRADESH,SATNA,126.0,288.0,27.0,49.0,59.0,784.0,1333.0,6.0,1.2045929393161927,1513.0,-180.0,4.0
2010,MADHYA PRADESH,SEONI,63.0,163.0,21.0,15.0,42.0,341.0,645.0,6.0,1.2886169161376724,616.0,29.0,3.0
2010,MADHYA PRADESH,SHAHDOL,51.0,184.0,16.0,22.0,32.0,365.0,670.0,6.0,1.228469170376185,715.0,-45.0,3.0
2010,MADHYA PRADESH,SHAJAPUR,73.0,173.0,19.0,34.0,64.0,572.0,935.0,6.0,1.1951565785963623,1041.0,-106.0,3.0
2010,MADHYA PRADESH,SHEOPUR,30.0,46.0,10.0,9.0,58.0,98.0,251.0,6.0,1.5183341927742624,248.0,3.0,2.0
2010,MADHYA PRADESH,SHIVPURI,94.0,204.0,28.0,47.0,89.0,355.0,817.0,6.0,1.4788149773412609,907.0,-90.0,4.0
2010,MADHYA PRADESH,SIDHI,52.0,148.0,29.0,18.0,39.0,323.0,609.0,6.0,1.315281379048097,450.0,159.0,3.0
2010,MADHYA PRADESH,SIHORE,94.0,205.0,32.0,17.0,63.0,455.0,866.0,6.0,1.3099498688619156,841.0,25.0,4.0
2010,MADHYA PRADESH,SINGRAULI,56.0,165.0,24.0,12.0,31.0,284.0,572.0,6.0,1.305860745615125,565.0,7.0,3.0
2010,MADHYA PRADESH,TIKAMGARH,61.0,221.0,19.0,26.0,57.0,333.0,717.0,6.0,1.346376419717091,709.0,8.0,3.0
2010,MADHYA PRADESH,UJJAIN,198.0,256.0,54.0,93.0,162.0,1459.0,2222.0,6.0,1.1547120926818435,2268.0,-46.0,5.0
2010,MADHYA PRADESH,UMARIYA,18.0,95.0,2.0,8.0,22.0,98.0,243.0,6.0,1.2955446946889437,284.0,-41.0,1.0
2010,MADHYA PRADESH,VIDISHA,115.0,320.0,22.0,33.0,93.0,595.0,1178.0,6.0,1.3010781298473892,1144.0,34.0,4.0
2010,MAHARASHTRA,AHMEDNAGAR,198.0,172.0,58.0,213.0,616.0,2397.0,3654.0,6.0,1.1099770745205741,3228.0,426.0,5.0
2010,MAHARASHTRA,AKOLA,115.0,125.0,25.0,94.0,217.0,1474.0,2050.0,6.0,1.002132028215201,1906.0,144.0,4.0
2010,MAHARASHTRA,AMRAVATI COMMR.,45.0,72.0,31.0,57.0,71.0,1314.0,1590.0,6.0,0.7335083109193659,1258.0,332.0,3.0
2010,MAHARASHTRA,AURANGABAD COMMR.,125.0,75.0,40.0,144.0,153.0,1592.0,2129.0,6.0,0.9477532091535802,2070.0,59.0,4.0
2010,MAHARASHTRA,BEED,166.0,115.0,44.0,108.0,336.0,935.0,1704.0,6.0,1.3275341541713397,1899.0,-195.0,5.0
2010,MAHARASHTRA,BHANDARA,35.0,66.0,15.0,17.0,67.0,704.0,904.0,6.0,0.847287166558306,941.0,-37.0,2.0
2010,MAHARASHTRA,BULDHANA,111.0,160.0,21.0,44.0,325.0,919.0,1580.0,6.0,1.2160863864199252,1777.0,-197.0,5.0
2010,MAHARASHTRA,CHANDRAPUR,88.0,160.0,21.0,27.0,149.0,1023.0,1468.0,6.0,1.0284135921171103,1562.0,-94.0,4.0
2010,MAHARASHTRA,DHULE,103.0,46.0,12.0,66.0,214.0,697.0,1138.0,6.0,1.1747613745174605,1012.0,126.0,4.0
2010,MAHARASHTRA,GADCHIROLI,89.0,44.0,11.0,17.0,67.0,236.0,464.0,6.0,1.3732613471970736,542.0,-78.0,2.0
2010,MAHARASHTRA,GONDIA,48.0,108.0,18.0,23.0,70.0,565.0,832.0,6.0,1.082808300553552,786.0,46.0,2.0
2010,MAHARASHTRA,HINGOLI,74.0,47.0,6.0,49.0,172.0,336.0,684.0,6.0,1.3513118571549758,665.0,19.0,3.0
2010,MAHARASHTRA,JALGAON,169.0,192.0,41.0,103.0,360.0,1459.0,2324.0,6.0,1.1871135171152343,1958.0,366.0,5.0
2010,MAHARASHTRA,JALNA,97.0,92.0,13.0,87.0,239.0,744.0,1272.0,6.0,1.2443652558491711,1182.0,90.0,4.0
2010,MAHARASHTRA,KOLHAPUR,83.0,98.0,22.0,58.0,234.0,1263.0,1758.0,6.0,0.9784525887884776,1928.0,-170.0,4.0
2010,MAHARASHTRA,LATUR,106.0,113.0,31.0,77.0,275.0,771.0,1373.0,6.0,1.296548179119915,1214.0,159.0,4.0
2010,MAHARASHTRA,MUMBAI COMMR.,405.0,669.0,194.0,445.0,413.0,18947.0,21073.0,6.0,0.48278086967116207,19209.0,1864.0,5.0
2010,MAHARASHTRA,MUMBAI RLY.,15.0,17.0,4.0,59.0,8.0,2088.0,2191.0,6.0,0.24705019566524028,2203.0,-12.0,1.0
2010,MAHARASHTRA,NAGPUR COMMR.,162.0,145.0,57.0,272.0,203.0,2667.0,3506.0,6.0,0.9121403073532207,3734.0,-228.0,5.0
2010,MAHARASHTRA,NAGPUR RLY.,13.0,9.0,3.0,50.0,11.0,953.0,1039.0,6.0,0.3862390140408306,1006.0,33.0,1.0
2010,MAHARASHTRA,NANDED,152.0,121.0,52.0,124.0,359.0,1132.0,1940.0,6.0,1.2719154556273473,1719.0,221.0,5.0
2010,MAHARASHTRA,NANDURBAR,60.0,52.0,14.0,19.0,132.0,291.0,568.0,6.0,1.3430308996249514,555.0,13.0,3.0
2010,MAHARASHTRA,NASIK COMMR.,70.0,76.0,27.0,141.0,163.0,2649.0,3126.0,6.0,0.6505719445886293,2948.0,178.0,4.0
2010,MAHARASHTRA,NAVI MUMBAI,87.0,63.0,23.0,145.0,141.0,3264.0,3723.0,6.0,0.5539684884457873,3065.0,658.0,4.0
2010,MAHARASHTRA,OSMANABAD,76.0,102.0,29.0,53.0,192.0,722.0,1174.0,6.0,1.215854050631158,941.0,233.0,4.0
2010,MAHARASHTRA,PARBHANI,94.0,74.0,36.0,71.0,217.0,833.0,1325.0,6.0,1.1917200183236418,1065.0,260.0,4.0
2010,MAHARASHTRA,PUNE COMMR.,229.0,169.0,129.0,482.0,410.0,6659.0,8078.0,6.0,0.7267106080443875,8731.0,-653.0,5.0
2010,MAHARASHTRA,PUNE RLY.,1.0,1.0,2.0,14.0,2.0,381.0,401.0,6.0,0.24851017229378497,496.0,-95.0,1.0
2010,MAHARASHTRA,RAIGAD,71.0,54.0,11.0,28.0,97.0,545.0,806.0,6.0,1.0898390687145834,812.0,-6.0,3.0
2010,MAHARASHTRA,RATNAGIRI,34.0,65.0,9.0,21.0,136.0,475.0,740.0,6.0,1.1057893495158622,618.0,122.0,3.0
2010,MAHARASHTRA,SANGLI,99.0,116.0,26.0,43.0,184.0,939.0,1407.0,6.0,1.1087705960826502,1388.0,19.0,4.0
2010,MAHARASHTRA,SATARA,104.0,109.0,42.0,104.0,268.0,1560.0,2187.0,6.0,1.013301577462693,2221.0,-34.0,5.0
2010,MAHARASHTRA,SINDHUDURG,22.0,19.0,5.0,6.0,53.0,293.0,398.0,6.0,0.9174543499682385,408.0,-10.0,2.0
2010,MAHARASHTRA,SOLAPUR COMMR.,40.0,34.0,14.0,58.0,69.0,614.0,829.0,6.0,0.9615540900841862,751.0,78.0,2.0
2010,MAHARASHTRA,THANE COMMR.,182.0,245.0,93.0,204.0,307.0,5180.0,6211.0,6.0,0.7060993298380897,5951.0,260.0,5.0
2010,MAHARASHTRA,WARDHA,75.0,163.0,26.0,55.0,177.0,1080.0,1576.0,6.0,1.068940413300842,1535.0,41.0,4.0
2010,MAHARASHTRA,WASHIM,63.0,68.0,17.0,34.0,131.0,540.0,853.0,6.0,1.177712559096145,871.0,-18.0,3.0
2010,MAHARASHTRA,YAVATMAL,116.0,154.0,52.0,82.0,179.0,1245.0,1828.0,6.0,1.1130324944066274,1777.0,51.0,4.0
2010,MANIPUR,BISHNUPUR,42.0,13.0,20.0,1.0,16.0,47.0,139.0,6.0,1.5131827969998248,119.0,20.0,2.0
2010,MANIPUR,CHANDEL,8.0,0.0,1.0,0.0,11.0,2.0,22.0,4.0,1.0729208762973772,49.0,-27.0,1.0
2010,MANIPUR,CHURACHANDPUR,15.0,1.0,4.0,0.0,7.0,17.0,44.0,5.0,1.3307367167965434,52.0,-8.0,1.0
2010,MANIPUR,CID,0.0,0.0,0.0,0.0,0.0,2.0,2.0,1.0,-0.0,1.0,1.0,1.0
2010,MANIPUR,IMPHAL EAST,70.0,10.0,43.0,0.0,18.0,80.0,221.0,5.0,1.3948100080143127,345.0,-124.0,3.0
2010,MANIPUR,IMPHAL WEST,132.0,22.0,71.0,0.0,32.0,301.0,558.0,5.0,1.227715955922135,608.0,-50.0,3.0
2010,MANIPUR,SENAPATI,13.0,1.0,22.0,0.0,23.0,36.0,95.0,5.0,1.369978740319769,69.0,26.0,1.0
2010,MANIPUR,TAMENGLONG,1.0,0.0,1.0,0.0,12.0,6.0,20.0,4.0,0.9672604429127744,17.0,3.0,1.0
2010,MANIPUR,THOUBAL,62.0,17.0,37.0,0.0,14.0,72.0,202.0,5.0,1.4344177732756738,246.0,-44.0,2.0
2010,MANIPUR,UKHRUL,8.0,1.0,0.0,1.0,18.0,3.0,31.0,5.0,1.1127594354021146,45.0,-14.0,1.0
2010,MEGHALAYA,GARO HILLS EAST,19.0,8.0,5.0,19.0,8.0,49.0,108.0,6.0,1.4978152081909482,108.0,0.0,1.0
2010,MEGHALAYA,GARO HILLS SOUTH,11.0,4.0,5.0,3.0,2.0,13.0,38.0,6.0,1.5850680575801666,31.0,7.0,1.0
2010,MEGHALAYA,GARO HILLS WEST,33.0,33.0,24.0,11.0,10.0,240.0,351.0,6.0,1.0978265895116242,313.0,38.0,2.0
2010,MEGHALAYA,JAINTIA HILLS,53.0,34.0,8.0,12.0,4.0,110.0,221.0,6.0,1.3285963708944406,205.0,16.0,2.0
2010,MEGHALAYA,KHASI HILLS EAST,43.0,51.0,16.0,36.0,16.0,429.0,591.0,6.0,1.0005144076599457,541.0,50.0,2.0
2010,MEGHALAYA,KHASI HILLS WEST,28.0,38.0,6.0,15.0,8.0,61.0,156.0,6.0,1.5222909544647902,128.0,28.0,2.0
2010,MEGHALAYA,RI-BHOI,15.0,29.0,7.0,13.0,11.0,63.0,138.0,6.0,1.5023813624037503,127.0,11.0,1.0
2010,MIZORAM,AIZAWL,37.0,76.0,3.0,8.0,3.0,739.0,866.0,6.0,0.5660996126319895,767.0,99.0,2.0
2010,MIZORAM,CHAMPHAI,10.0,25.0,0.0,0.0,1.0,138.0,174.0,4.0,0.6564187756321167,140.0,34.0,1.0
2010,MIZORAM,KOLASIB,7.0,11.0,2.0,0.0,3.0,105.0,128.0,5.0,0.6852631776865434,138.0,-10.0,1.0
2010,MIZORAM,LAWNGTLAI,8.0,8.0,1.0,3.0,0.0,84.0,104.0,5.0,0.7140494314902184,80.0,24.0,1.0
2010,MIZORAM,LUNGLEI,9.0,19.0,0.0,4.0,2.0,172.0,206.0,5.0,0.628750520159961,156.0,50.0,1.0
2010,MIZORAM,MAMIT,7.0,12.0,1.0,4.0,4.0,42.0,70.0,6.0,1.2268848177964478,83.0,-13.0,1.0
2010,MIZORAM,SAIHA,3.0,4.0,2.0,0.0,0.0,43.0,52.0,4.0,0.6443415330732165,50.0,2.0,1.0
2010,MIZORAM,SERCHHIP,1.0,12.0,0.0,0.0,2.0,29.0,44.0,4.0,0.855627060550451,56.0,-12.0,1.0
2010,NAGALAND,DIMAPUR,29.0,12.0,41.0,17.0,1.0,265.0,365.0,6.0,0.9505276430694916,404.0,-39.0,2.0
2010,NAGALAND,KIPHIRE,4.0,0.0,0.0,5.0,0.0,6.0,15.0,3.0,1.0851886129676505,6.0,9.0,1.0
2010,NAGALAND,KOHIMA,19.0,4.0,6.0,10.0,0.0,100.0,139.0,5.0,0.9360354842619159,125.0,14.0,1.0
2010,NAGALAND,LONGLENG,2.0,0.0,0.0,0.0,0.0,1.0,3.0,2.0,0.6365141682948128,5.0,-2.0,1.0
2010,NAGALAND,MOKOKCHUNG,7.0,3.0,1.0,10.0,0.0,27.0,48.0,5.0,1.1851457146277062,46.0,2.0,1.0
2010,NAGALAND,MON,0.0,0.0,0.0,3.0,0.0,10.0,13.0,2.0,0.5402041423888608,31.0,-18.0,1.0
2010,NAGALAND,PEREN,2.0,0.0,0.0,1.0,0.0,11.0,14.0,3.0,0.6559757323365467,29.0,-15.0,1.0
2010,NAGALAND,PHEK,6.0,2.0,1.0,3.0,1.0,16.0,29.0,6.0,1.3054300507337482,25.0,4.0,1.0
2010,NAGALAND,TUENSANG,4.0,3.0,0.0,1.0,0.0,15.0,23.0,4.0,0.9849825930153653,9.0,14.0,1.0
2010,NAGALAND,WOKHA,10.0,2.0,1.0,6.0,1.0,21.0,41.0,6.0,1.296555644786733,41.0,0.0,1.0
2010,NAGALAND,ZUNHEBOTO,10.0,3.0,0.0,10.0,0.0,39.0,62.0,4.0,1.0267078862557133,28.0,34.0,1.0
2010,ODISHA,ANGUL,120.0,292.0,42.0,95.0,117.0,516.0,1182.0,6.0,1.4896188752706454,1236.0,-54.0,4.0
2010,ODISHA,BALASORE,93.0,236.0,75.0,59.0,68.0,618.0,1149.0,6.0,1.3600687163032505,1091.0,58.0,4.0
2010,ODISHA,BARAGARH,127.0,105.0,27.0,63.0,136.0,293.0,751.0,6.0,1.579735453636747,642.0,109.0,4.0
2010,ODISHA,BERHAMPUR,103.0,136.0,16.0,69.0,56.0,299.0,679.0,6.0,1.495782774472118,606.0,73.0,3.0
2010,ODISHA,BHADRAK,69.0,132.0,52.0,21.0,52.0,230.0,556.0,6.0,1.532448579186541,607.0,-51.0,3.0
2010,ODISHA,BOLANGIR,153.0,236.0,19.0,44.0,112.0,336.0,900.0,6.0,1.508404523559489,734.0,166.0,4.0
2010,ODISHA,BOUDH,25.0,42.0,7.0,9.0,27.0,42.0,152.0,6.0,1.6237480788789211,139.0,13.0,1.0
2010,ODISHA,CUTTACK,44.0,52.0,26.0,59.0,46.0,308.0,535.0,6.0,1.3509724032848047,570.0,-35.0,3.0
2010,ODISHA,DCP BBSR,102.0,88.0,41.0,62.0,66.0,1515.0,1874.0,6.0,0.7882250711789169,1735.0,139.0,4.0
2010,ODISHA,DCP CTC,37.0,35.0,31.0,67.0,31.0,679.0,880.0,6.0,0.8933713362113497,1001.0,-121.0,3.0
2010,ODISHA,DEOGARH,30.0,68.0,4.0,11.0,9.0,50.0,172.0,6.0,1.4483046959149948,185.0,-13.0,1.0
2010,ODISHA,DHENKANAL,106.0,271.0,36.0,67.0,137.0,369.0,986.0,6.0,1.5403691535810324,761.0,225.0,4.0
2010,ODISHA,GAJAPATI,24.0,43.0,17.0,3.0,73.0,47.0,207.0,6.0,1.5470867299690445,272.0,-65.0,2.0
2010,ODISHA,GANJAM,285.0,344.0,47.0,88.0,125.0,315.0,1204.0,6.0,1.6027880794731424,1032.0,172.0,5.0
2010,ODISHA,JAGATSINGHPUR,43.0,34.0,39.0,54.0,40.0,312.0,522.0,6.0,1.3165103497860569,455.0,67.0,3.0
2010,ODISHA,JAJPUR,77.0,94.0,38.0,63.0,56.0,458.0,786.0,6.0,1.333223624676219,788.0,-2.0,3.0
2010,ODISHA,JHARSUGUDA,54.0,57.0,4.0,58.0,64.0,428.0,665.0,6.0,1.1668800062479743,592.0,73.0,2.0
2010,ODISHA,KALAHANDI,54.0,178.0,35.0,45.0,78.0,226.0,616.0,6.0,1.5557732574043304,449.0,167.0,4.0
2010,ODISHA,KANDHAMAL,42.0,111.0,30.0,19.0,22.0,133.0,357.0,6.0,1.5188013100850346,432.0,-75.0,2.0
2010,ODISHA,KENDRAPARA,91.0,46.0,36.0,56.0,47.0,254.0,530.0,6.0,1.5021752388099392,372.0,158.0,4.0
2010,ODISHA,KEONJHAR,160.0,152.0,37.0,117.0,93.0,466.0,1025.0,6.0,1.5166837734154122,1222.0,-197.0,4.0
2010,ODISHA,KHURDA,34.0,60.0,39.0,60.0,26.0,225.0,444.0,6.0,1.4619740894880562,465.0,-21.0,3.0
2010,ODISHA,KORAPUT,74.0,163.0,23.0,46.0,96.0,145.0,547.0,6.0,1.6301895887741287,547.0,0.0,3.0
2010,ODISHA,MALKANGIR,71.0,36.0,10.0,13.0,78.0,58.0,266.0,6.0,1.5859168774855552,222.0,44.0,2.0
2010,ODISHA,MAYURBHANJ,150.0,265.0,73.0,35.0,44.0,429.0,996.0,6.0,1.4471872360291043,956.0,40.0,4.0
2010,ODISHA,NAYAGARH,47.0,32.0,24.0,37.0,51.0,311.0,502.0,6.0,1.263746645941065,391.0,111.0,2.0
2010,ODISHA,NOWRANGPUR,40.0,141.0,33.0,14.0,43.0,143.0,414.0,6.0,1.5111793507507332,350.0,64.0,3.0
2010,ODISHA,NUAPADA,21.0,57.0,11.0,13.0,33.0,116.0,251.0,6.0,1.4580772626247103,230.0,21.0,2.0
2010,ODISHA,PURI,137.0,38.0,47.0,154.0,109.0,525.0,1010.0,6.0,1.404285504900942,1072.0,-62.0,4.0
2010,ODISHA,RAYAGADA,48.0,107.0,33.0,30.0,43.0,141.0,402.0,6.0,1.6115323017846772,347.0,55.0,3.0
2010,ODISHA,ROURKELA,109.0,97.0,19.0,80.0,54.0,355.0,714.0,6.0,1.4425674031881541,852.0,-138.0,3.0
2010,ODISHA,SAMBALPUR,85.0,61.0,17.0,116.0,90.0,517.0,886.0,6.0,1.2977882959954594,873.0,13.0,4.0
2010,ODISHA,SONEPUR,29.0,60.0,5.0,19.0,40.0,92.0,245.0,6.0,1.5385500055556012,234.0,11.0,2.0
2010,ODISHA,SRP(CUTTACK),4.0,8.0,2.0,11.0,1.0,407.0,433.0,6.0,0.30738710764462296,449.0,-16.0,1.0
2010,ODISHA,SRP(ROURKELA),8.0,10.0,2.0,18.0,1.0,291.0,330.0,6.0,0.5142095029043613,274.0,56.0,1.0
2010,ODISHA,SUNDARGARH,79.0,43.0,19.0,62.0,45.0,208.0,456.0,6.0,1.516676163869179,463.0,-7.0,3.0
2010,PUNJAB,BARNALA,58.0,19.0,9.0,3.0,3.0,179.0,271.0,6.0,1.0030088969336326,259.0,12.0,2.0
2010,PUNJAB,BATALA,45.0,42.0,26.0,4.0,6.0,277.0,400.0,6.0,1.0236119734333196,414.0,-14.0,2.0
2010,PUNJAB,BHATINDA,126.0,65.0,40.0,8.0,7.0,749.0,995.0,6.0,0.8565575381486598,1123.0,-128.0,3.0
2010,PUNJAB,CP AMRITSAR,131.0,34.0,51.0,12.0,4.0,631.0,863.0,6.0,0.8940366250919077,,,3.0
2010,PUNJAB,CP JALANDHAR,88.0,49.0,57.0,24.0,6.0,952.0,1176.0,6.0,0.7505403542977125,,,3.0
2010,PUNJAB,CP LUDHIANA,196.0,84.0,152.0,39.0,6.0,1573.0,2050.0,6.0,0.843935437007698,,,5.0
2010,PUNJAB,FARIDKOT,48.0,12.0,7.0,1.0,2.0,257.0,327.0,6.0,0.7234257747394144,315.0,12.0,1.0
2010,PUNJAB,FATEHGARH SAHIB,25.0,17.0,16.0,7.0,0.0,271.0,336.0,5.0,0.7433209411290277,405.0,-69.0,1.0
2010,PUNJAB,FEROZPUR,116.0,48.0,35.0,8.0,7.0,567.0,781.0,6.0,0.915489462983722,790.0,-9.0,3.0
2010,PUNJAB,G.R.P,14.0,0.0,2.0,1.0,0.0,51.0,68.0,4.0,0.7069164662838401,90.0,-22.0,1.0
2010,PUNJAB,GURDASPUR,65.0,49.0,41.0,3.0,1.0,242.0,401.0,6.0,1.1413190620162048,391.0,10.0,2.0
2010,PUNJAB,HOSHIARPUR,106.0,43.0,38.0,21.0,8.0,506.0,722.0,6.0,1.0065646386083482,657.0,65.0,3.0
2010,PUNJAB,KAPURTHALA,84.0,26.0,25.0,22.0,7.0,340.0,504.0,6.0,1.0621857289486654,511.0,-7.0,2.0
2010,PUNJAB,KHANNA,38.0,12.0,15.0,11.0,0.0,319.0,395.0,5.0,0.7278966087676046,302.0,93.0,1.0
2010,PUNJAB,MANSA,76.0,24.0,13.0,2.0,1.0,229.0,345.0,6.0,0.9610458645323666,282.0,63.0,2.0
2010,PUNJAB,MOGA,86.0,28.0,22.0,9.0,5.0,460.0,610.0,6.0,0.8518771151066497,492.0,118.0,2.0
2010,PUNJAB,MUKTSAR,56.0,17.0,15.0,5.0,2.0,313.0,408.0,6.0,0.809796201097751,378.0,30.0,2.0
2010,PUNJAB,PATIALA,100.0,61.0,37.0,18.0,4.0,821.0,1041.0,6.0,0.7886713346781087,1131.0,-90.0,3.0
2010,PUNJAB,ROPAR,46.0,28.0,18.0,2.0,3.0,320.0,417.0,6.0,0.8244752576581146,348.0,69.0,2.0
2010,PUNJAB,SANGRUR,100.0,49.0,19.0,7.0,8.0,561.0,744.0,6.0,0.8480747913042603,679.0,65.0,2.0
2010,PUNJAB,SAS NGR,44.0,35.0,35.0,7.0,0.0,660.0,781.0,5.0,0.6248794131513881,947.0,-166.0,2.0
2010,PUNJAB,SBS NAGAR,43.0,22.0,16.0,28.0,2.0,224.0,335.0,6.0,1.0947493534188062,344.0,-9.0,2.0
2010,PUNJAB,TARN TARAN,68.0,24.0,27.0,7.0,0.0,260.0,386.0,5.0,1.0035420161750193,371.0,15.0,2.0
2010,RAJASTHAN,AJMER,104.0,128.0,105.0,16.0,36.0,1706.0,2095.0,6.0,0.7442046111365335,1942.0,153.0,4.0
2010,RAJASTHAN,ALWAR,119.0,227.0,164.0,41.0,37.0,3294.0,3882.0,6.0,0.638307252836622,3465.0,417.0,5.0
2010,RAJASTHAN,BANSWARA,49.0,108.0,57.0,9.0,80.0,270.0,573.0,6.0,1.449080532940039,542.0,31.0,4.0
2010,RAJASTHAN,BARAN,90.0,177.0,72.0,7.0,11.0,535.0,892.0,6.0,1.154349246707834,1034.0,-142.0,3.0
2010,RAJASTHAN,BARMER,54.0,105.0,33.0,4.0,16.0,673.0,885.0,6.0,0.8513877256173958,857.0,28.0,2.0
2010,RAJASTHAN,BHARATPUR,170.0,121.0,203.0,34.0,16.0,2148.0,2692.0,6.0,0.7746002122562285,2366.0,326.0,5.0
2010,RAJASTHAN,BHILWARA,63.0,122.0,143.0,34.0,79.0,1564.0,2005.0,6.0,0.8577133147343077,1973.0,32.0,4.0
2010,RAJASTHAN,BIKANER,111.0,99.0,43.0,5.0,13.0,902.0,1173.0,6.0,0.8281381344254503,1075.0,98.0,3.0
2010,RAJASTHAN,BUNDI,79.0,144.0,93.0,15.0,15.0,538.0,884.0,6.0,1.1888907054575553,1048.0,-164.0,3.0
2010,RAJASTHAN,CHITTORGARH,74.0,118.0,111.0,42.0,61.0,1073.0,1479.0,6.0,1.011380941781159,1372.0,107.0,4.0
2010,RAJASTHAN,CHURU,74.0,59.0,39.0,4.0,8.0,750.0,934.0,6.0,0.7482665399822821,903.0,31.0,3.0
2010,RAJASTHAN,DAUSA,75.0,42.0,97.0,15.0,41.0,1256.0,1526.0,6.0,0.7250046790680514,1471.0,55.0,4.0
2010,RAJASTHAN,DHOLPUR,120.0,40.0,77.0,35.0,14.0,812.0,1098.0,6.0,0.9375794419609493,1073.0,25.0,4.0
2010,RAJASTHAN,DUNGARPUR,34.0,82.0,52.0,18.0,97.0,209.0,492.0,6.0,1.5256465524751188,420.0,72.0,3.0
2010,RAJASTHAN,G.R.P. AJMER,9.0,1.0,1.0,6.0,2.0,391.0,410.0,6.0,0.2462144076817872,,,1.0
2010,RAJASTHAN,G.R.P. JODHPUR,3.0,3.0,0.0,2.0,3.0,91.0,102.0,5.0,0.49005104806695504,,,1.0
2010,RAJASTHAN,GANGANAGAR,121.0,146.0,102.0,10.0,8.0,1385.0,1772.0,6.0,0.7994794879394673,1682.0,90.0,4.0
2010,RAJASTHAN,HANUMANGARH,120.0,154.0,50.0,10.0,10.0,887.0,1231.0,6.0,0.9314545377641208,1173.0,58.0,3.0
2010,RAJASTHAN,JAIPUR EAST,50.0,70.0,79.0,116.0,87.0,3726.0,4128.0,6.0,0.4725037190608853,4236.0,-108.0,4.0
2010,RAJASTHAN,JAIPUR NORTH,47.0,65.0,67.0,34.0,25.0,1751.0,1989.0,6.0,0.5512738084598219,1917.0,72.0,3.0
2010,RAJASTHAN,JAIPUR SOUTH,43.0,51.0,61.0,107.0,31.0,3538.0,3831.0,6.0,0.3862026249034144,3848.0,-17.0,3.0
2010,RAJASTHAN,JAISALMER,9.0,28.0,11.0,3.0,21.0,294.0,366.0,6.0,0.7724233466869336,301.0,65.0,1.0
2010,RAJASTHAN,JALORE,31.0,49.0,38.0,4.0,18.0,410.0,550.0,6.0,0.9288685026283378,654.0,-104.0,2.0
2010,RAJASTHAN,JHALAWAR,116.0,249.0,62.0,25.0,70.0,707.0,1229.0,6.0,1.2574387713928181,1368.0,-139.0,4.0
2010,RAJASTHAN,JHUNJHUNU,89.0,94.0,63.0,10.0,28.0,872.0,1156.0,6.0,0.9039046227049147,1248.0,-92.0,3.0
2010,RAJASTHAN,KARAULI,86.0,66.0,91.0,30.0,22.0,983.0,1278.0,6.0,0.8826393375407732,1044.0,234.0,4.0
2010,RAJASTHAN,NAGAUR,86.0,146.0,69.0,12.0,14.0,1074.0,1401.0,6.0,0.84579701321752,1283.0,118.0,4.0
2010,RAJASTHAN,PALI,78.0,128.0,102.0,14.0,11.0,923.0,1256.0,6.0,0.9272034112956415,1256.0,0.0,4.0
2010,RAJASTHAN,PRATAPGARH,62.0,125.0,67.0,14.0,66.0,228.0,562.0,6.0,1.540593000205527,498.0,64.0,4.0
2010,RAJASTHAN,RAJSAMAND,29.0,55.0,31.0,16.0,27.0,482.0,640.0,6.0,0.9370516364993803,629.0,11.0,2.0
2010,RAJASTHAN,SAWAI MADHOPUR,53.0,42.0,86.0,14.0,15.0,757.0,967.0,6.0,0.8282036646908734,988.0,-21.0,3.0
2010,RAJASTHAN,SIKAR,93.0,63.0,114.0,12.0,53.0,1327.0,1662.0,6.0,0.794388700735821,1480.0,182.0,4.0
2010,RAJASTHAN,SIROHI,72.0,83.0,34.0,5.0,29.0,404.0,627.0,6.0,1.1381548848413638,643.0,-16.0,2.0
2010,RAJASTHAN,TONK,43.0,37.0,50.0,2.0,37.0,629.0,798.0,6.0,0.8183422621019389,930.0,-132.0,2.0
2010,RAJASTHAN,UDAIPUR,189.0,303.0,186.0,83.0,267.0,1954.0,2982.0,6.0,1.1729867259175806,2583.0,399.0,5.0
2010,SIKKIM,EAST,10.0,6.0,4.0,5.0,3.0,85.0,113.0,6.0,0.9372111070341098,132.0,-19.0,1.0
2010,SIKKIM,NORTH,2.0,0.0,0.0,0.0,1.0,5.0,8.0,3.0,0.9002560512685369,12.0,-4.0,1.0
2010,SIKKIM,SOUTH,11.0,14.0,1.0,2.0,5.0,44.0,77.0,6.0,1.236513494177196,107.0,-30.0,1.0
2010,SIKKIM,WEST,2.0,9.0,1.0,1.0,2.0,12.0,27.0,6.0,1.3563372469035233,35.0,-8.0,1.0
2010,TAMIL NADU,ARIYALUR,65.0,84.0,26.0,9.0,20.0,128.0,332.0,6.0,1.500966793966398,327.0,5.0,2.0
2010,TAMIL NADU,CHENNAI,263.0,92.0,47.0,76.0,61.0,2468.0,3007.0,6.0,0.7189448505474393,3067.0,-60.0,5.0
2010,TAMIL NADU,CHENNAI RLY.,7.0,2.0,0.0,59.0,14.0,244.0,326.0,5.0,0.7751236875596542,251.0,75.0,1.0
2010,TAMIL NADU,CUDDALORE,173.0,35.0,39.0,17.0,170.0,352.0,786.0,6.0,1.3945852057150439,918.0,-132.0,4.0
2010,TAMIL NADU,DHARMAPURI,90.0,57.0,47.0,27.0,139.0,254.0,614.0,6.0,1.5376559936411858,580.0,34.0,4.0
2010,TAMIL NADU,DINDIGUL,148.0,52.0,43.0,33.0,104.0,622.0,1002.0,6.0,1.2146696134002866,924.0,78.0,4.0
2010,TAMIL NADU,ERODE,90.0,58.0,64.0,76.0,44.0,686.0,1018.0,6.0,1.1471283870411586,929.0,89.0,3.0
2010,TAMIL NADU,KANCHIPURAM,110.0,40.0,9.0,23.0,108.0,426.0,716.0,6.0,1.2086511996362221,766.0,-50.0,3.0
2010,TAMIL NADU,KANYAKUMARI,143.0,22.0,57.0,93.0,25.0,661.0,1001.0,6.0,1.1120329261738204,1052.0,-51.0,4.0
2010,TAMIL NADU,KARUR,70.0,38.0,54.0,35.0,26.0,323.0,546.0,6.0,1.3092902723215813,373.0,173.0,3.0
2010,TAMIL NADU,KRISHNAGIRI,82.0,47.0,64.0,14.0,140.0,409.0,756.0,6.0,1.3411859879619632,676.0,80.0,4.0
2010,TAMIL NADU,NAGAPATTINAM,105.0,66.0,38.0,18.0,69.0,260.0,556.0,6.0,1.4765801857375147,607.0,-51.0,3.0
2010,TAMIL NADU,NAMAKKAL,71.0,62.0,48.0,20.0,90.0,409.0,700.0,6.0,1.3098556689168084,699.0,1.0,3.0
2010,TAMIL NADU,NILGIRIS,27.0,17.0,8.0,9.0,24.0,165.0,250.0,6.0,1.1521926343323114,190.0,60.0,1.0
2010,TAMIL NADU,PERAMBALUR,44.0,21.0,10.0,27.0,8.0,170.0,280.0,6.0,1.23416807449555,216.0,64.0,2.0
2010,TAMIL NADU,PUDUKOTTAI,148.0,49.0,54.0,58.0,69.0,412.0,790.0,6.0,1.4137893847017144,431.0,359.0,4.0
2010,TAMIL NADU,RAMNATHAPURAM,84.0,30.0,61.0,27.0,116.0,321.0,639.0,6.0,1.4238723787242247,686.0,-47.0,4.0
2010,TAMIL NADU,SIVAGANGAI,66.0,17.0,32.0,24.0,36.0,338.0,513.0,6.0,1.15439889566137,506.0,7.0,2.0
2010,TAMIL NADU,THANJAVUR,207.0,82.0,42.0,145.0,122.0,1213.0,1811.0,6.0,1.127666363953499,1531.0,280.0,4.0
2010,TAMIL NADU,THENI,164.0,79.0,93.0,53.0,96.0,696.0,1181.0,6.0,1.3101350306230635,766.0,415.0,4.0
2010,TAMIL NADU,THIRUVALLUR,95.0,28.0,17.0,8.0,70.0,273.0,491.0,6.0,1.2687442149670245,472.0,19.0,3.0
2010,TAMIL NADU,THIRUVANNAMALAI,132.0,23.0,55.0,10.0,215.0,384.0,819.0,6.0,1.3359115403773278,679.0,140.0,4.0
2010,TAMIL NADU,THIRUVARUR,61.0,32.0,22.0,21.0,80.0,308.0,524.0,6.0,1.2824122497790393,387.0,137.0,2.0
2010,TAMIL NADU,THOOTHUGUDI,253.0,36.0,32.0,64.0,35.0,628.0,1048.0,6.0,1.1565675906908623,1160.0,-112.0,4.0
2010,TAMIL NADU,TIRUPPUR,102.0,34.0,52.0,133.0,45.0,1058.0,1424.0,6.0,0.9502139387487188,1595.0,-171.0,4.0
2010,TAMIL NADU,TRICHY RLY.,1.0,0.0,0.0,16.0,0.0,74.0,91.0,3.0,0.5233624026383329,103.0,-12.0,1.0
2010,TAMIL NADU,VELLORE,140.0,58.0,68.0,34.0,17.0,914.0,1231.0,6.0,0.9305129265711566,840.0,391.0,4.0
2010,TAMIL NADU,VILLUPURAM,147.0,130.0,82.0,19.0,336.0,461.0,1175.0,6.0,1.481181524225389,1218.0,-43.0,5.0
2010,TAMIL NADU,VIRUDHUNAGAR,130.0,45.0,58.0,76.0,95.0,493.0,897.0,6.0,1.3830134466993298,915.0,-18.0,4.0
2010,TRIPURA,DHALAI,24.0,59.0,14.0,7.0,21.0,92.0,217.0,6.0,1.4750323993584664,156.0,61.0,2.0
2010,TRIPURA,G.R.P.,0.0,1.0,0.0,0.0,0.0,4.0,5.0,2.0,0.5004024235381879,,,1.0
2010,TRIPURA,NORTH,33.0,121.0,25.0,17.0,28.0,143.0,367.0,6.0,1.471300713372465,415.0,-48.0,2.0
2010,TRIPURA,SOUTH,50.0,201.0,27.0,21.0,80.0,207.0,586.0,6.0,1.4775468811377084,586.0,0.0,3.0
2010,TRIPURA,WEST,114.0,232.0,48.0,36.0,85.0,407.0,922.0,6.0,1.4668854112698606,864.0,58.0,4.0
2010,UTTAR PRADESH,AGRA,295.0,117.0,252.0,61.0,241.0,2514.0,3480.0,6.0,1.0040581545059144,3450.0,30.0,5.0
2010,UTTAR PRADESH,ALIGARH,334.0,227.0,274.0,112.0,302.0,1829.0,3078.0,6.0,1.3062454308666664,3054.0,24.0,5.0
2010,UTTAR PRADESH,ALLAHABAD,255.0,88.0,136.0,61.0,159.0,1458.0,2157.0,6.0,1.1149822822064044,2086.0,71.0,5.0
2010,UTTAR PRADESH,AMBEDKAR NAGAR,75.0,34.0,57.0,15.0,18.0,280.0,479.0,6.0,1.277023515647249,446.0,33.0,3.0
2010,UTTAR PRADESH,AURAIYA,57.0,30.0,50.0,11.0,18.0,147.0,313.0,6.0,1.4647714848301576,334.0,-21.0,2.0
2010,UTTAR PRADESH,AZAMGARH,136.0,40.0,78.0,49.0,64.0,375.0,742.0,6.0,1.4409334712161777,688.0,54.0,4.0
2010,UTTAR PRADESH,BADAUN,225.0,71.0,81.0,32.0,18.0,286.0,713.0,6.0,1.4393732272577804,837.0,-124.0,4.0
2010,UTTAR PRADESH,BAGHPAT,112.0,27.0,46.0,33.0,60.0,261.0,539.0,6.0,1.4530509646407064,594.0,-55.0,3.0
2010,UTTAR PRADESH,BAHRAICH,128.0,65.0,132.0,37.0,77.0,505.0,944.0,6.0,1.396308489089404,846.0,98.0,5.0
2010,UTTAR PRADESH,BALLIA,74.0,18.0,32.0,11.0,24.0,219.0,378.0,6.0,1.2674658723714998,458.0,-80.0,2.0
2010,UTTAR PRADESH,BALRAMPUR,36.0,18.0,29.0,4.0,9.0,122.0,218.0,6.0,1.3014871793298162,193.0,25.0,2.0
2010,UTTAR PRADESH,BANDA,76.0,61.0,42.0,5.0,30.0,210.0,424.0,6.0,1.4038446438948393,470.0,-46.0,3.0
2010,UTTAR PRADESH,BARABANKI,90.0,56.0,90.0,15.0,7.0,414.0,672.0,6.0,1.1764248992073512,808.0,-136.0,3.0
2010,UTTAR PRADESH,BAREILLY,279.0,141.0,182.0,44.0,118.0,971.0,1735.0,6.0,1.3352395920871911,1949.0,-214.0,5.0
2010,UTTAR PRADESH,BASTI,43.0,15.0,30.0,15.0,18.0,95.0,216.0,6.0,1.534287533601126,273.0,-57.0,2.0
2010,UTTAR PRADESH,BIJNOR,159.0,96.0,117.0,54.0,54.0,646.0,1126.0,6.0,1.331707180477816,879.0,247.0,5.0
2010,UTTAR PRADESH,BULANDSHAHAR,283.0,84.0,148.0,70.0,84.0,654.0,1323.0,6.0,1.4287962528887537,1093.0,230.0,5.0
2010,UTTAR PRADESH,CHANDOLI,51.0,9.0,20.0,8.0,1.0,163.0,252.0,6.0,1.056692623221791,291.0,-39.0,2.0
2010,UTTAR PRADESH,CHITRAKOOT DHAM,30.0,38.0,17.0,5.0,5.0,116.0,211.0,6.0,1.2952720497741599,198.0,13.0,2.0
2010,UTTAR PRADESH,CSM NAGAR,73.0,47.0,79.0,11.0,48.0,182.0,440.0,6.0,1.544341612363585,,,3.0
2010,UTTAR PRADESH,DEORIA,52.0,8.0,23.0,6.0,28.0,113.0,230.0,6.0,1.3838893990066223,370.0,-140.0,2.0
2010,UTTAR PRADESH,ETAH,164.0,56.0,63.0,23.0,83.0,373.0,762.0,6.0,1.4253899092986742,872.0,-110.0,4.0
2010,UTTAR PRADESH,ETAWAH,81.0,23.0,52.0,17.0,11.0,328.0,512.0,6.0,1.144220405780115,709.0,-197.0,3.0
2010,UTTAR PRADESH,FAIZABAD,67.0,43.0,71.0,10.0,46.0,425.0,662.0,6.0,1.1820064415785985,695.0,-33.0,3.0
2010,UTTAR PRADESH,FATEHGARH,112.0,37.0,56.0,8.0,16.0,188.0,417.0,6.0,1.397729934184027,531.0,-114.0,3.0
2010,UTTAR PRADESH,FATEHPUR,142.0,86.0,71.0,45.0,27.0,333.0,704.0,6.0,1.4660817119643164,547.0,157.0,4.0
2010,UTTAR PRADESH,FIROZABAD,204.0,51.0,99.0,37.0,60.0,462.0,913.0,6.0,1.3904137914849894,1287.0,-374.0,5.0
2010,UTTAR PRADESH,G.R.P.,55.0,21.0,15.0,118.0,33.0,2483.0,2725.0,6.0,0.4190498498391313,1407.0,1318.0,3.0
2010,UTTAR PRADESH,GAUTAMBUDH NAGAR,224.0,80.0,107.0,255.0,114.0,3474.0,4254.0,6.0,0.7534876892260775,3249.0,1005.0,5.0
2010,UTTAR PRADESH,GHAZIABAD,471.0,121.0,366.0,206.0,201.0,5018.0,6383.0,6.0,0.8402894289610738,7360.0,-977.0,5.0
2010,UTTAR PRADESH,GHAZIPUR,105.0,17.0,19.0,44.0,48.0,190.0,423.0,6.0,1.4562814690081394,514.0,-91.0,3.0
2010,UTTAR PRADESH,GONDA,111.0,39.0,77.0,30.0,46.0,576.0,879.0,6.0,1.1594661123875032,795.0,84.0,4.0
2010,UTTAR PRADESH,GORAKHPUR,209.0,114.0,229.0,87.0,240.0,1852.0,2731.0,6.0,1.1240042897350346,1924.0,807.0,5.0
2010,UTTAR PRADESH,HAMIRPUR,53.0,31.0,15.0,3.0,5.0,132.0,239.0,6.0,1.2364103804528037,239.0,0.0,2.0
2010,UTTAR PRADESH,HARDOI,119.0,70.0,74.0,6.0,18.0,256.0,543.0,6.0,1.3855920938471895,812.0,-269.0,3.0
2010,UTTAR PRADESH,HATHRAS,126.0,69.0,79.0,75.0,61.0,330.0,740.0,6.0,1.559370808306647,670.0,70.0,4.0
2010,UTTAR PRADESH,J.P.NAGAR,113.0,49.0,57.0,47.0,43.0,263.0,572.0,6.0,1.5178225698650558,532.0,40.0,4.0
2010,UTTAR PRADESH,JALAUN,66.0,33.0,31.0,7.0,5.0,144.0,286.0,6.0,1.3354420150657293,357.0,-71.0,2.0
2010,UTTAR PRADESH,JAUNPUR,111.0,44.0,65.0,24.0,59.0,276.0,579.0,6.0,1.475851685106656,812.0,-233.0,4.0
2010,UTTAR PRADESH,JHANSI,96.0,52.0,38.0,9.0,26.0,250.0,471.0,6.0,1.3422866832586782,530.0,-59.0,3.0
2010,UTTAR PRADESH,KANNAUJ,82.0,30.0,46.0,8.0,10.0,106.0,282.0,6.0,1.480593839720773,372.0,-90.0,2.0
2010,UTTAR PRADESH,KANPUR NAGAR,300.0,160.0,316.0,91.0,176.0,2124.0,3167.0,6.0,1.1345677551954094,2972.0,195.0,5.0
2010,UTTAR PRADESH,KANSHIRAM NAGAR,98.0,33.0,46.0,6.0,32.0,150.0,365.0,6.0,1.4777645686619267,363.0,2.0,3.0
2010,UTTAR PRADESH,KAUSHAMBI,68.0,45.0,40.0,13.0,26.0,165.0,357.0,6.0,1.4902921711764137,439.0,-82.0,2.0
2010,UTTAR PRADESH,KHIRI,175.0,63.0,89.0,24.0,31.0,348.0,730.0,6.0,1.409980111766616,794.0,-64.0,4.0
2010,UTTAR PRADESH,KUSHI NAGAR,67.0,24.0,27.0,3.0,35.0,175.0,331.0,6.0,1.335212462191531,257.0,74.0,2.0
2010,UTTAR PRADESH,LALITPUR,25.0,24.0,12.0,12.0,17.0,96.0,186.0,6.0,1.4476552738484934,235.0,-49.0,1.0
2010,UTTAR PRADESH,LUCKNOW,235.0,230.0,328.0,120.0,214.0,4632.0,5759.0,6.0,0.800520607980045,5749.0,10.0,5.0
2010,UTTAR PRADESH,MAHARAJGANJ,44.0,27.0,45.0,10.0,15.0,144.0,285.0,6.0,1.4205892841296945,289.0,-4.0,2.0
2010,UTTAR PRADESH,MAHOBA,48.0,37.0,22.0,8.0,19.0,102.0,236.0,6.0,1.5157316136785985,251.0,-15.0,2.0
2010,UTTAR PRADESH,MAINPURI,165.0,52.0,79.0,14.0,50.0,237.0,597.0,6.0,1.498097576977574,696.0,-99.0,4.0
2010,UTTAR PRADESH,MATHURA,196.0,73.0,87.0,40.0,109.0,1054.0,1559.0,6.0,1.1097430233000631,1538.0,21.0,5.0
2010,UTTAR PRADESH,MAU,93.0,40.0,48.0,15.0,72.0,224.0,492.0,6.0,1.4918648775642451,504.0,-12.0,3.0
2010,UTTAR PRADESH,MEERUT,389.0,155.0,195.0,263.0,211.0,2602.0,3815.0,6.0,1.120421360955069,2595.0,1220.0,5.0
2010,UTTAR PRADESH,MIRZAPUR,35.0,6.0,4.0,5.0,2.0,222.0,274.0,6.0,0.6877238030635674,369.0,-95.0,1.0
2010,UTTAR PRADESH,MORADABAD,351.0,142.0,204.0,111.0,52.0,1250.0,2110.0,6.0,1.2622129189144464,1746.0,364.0,5.0
2010,UTTAR PRADESH,MUZAFFARNAGAR,426.0,86.0,233.0,108.0,186.0,1107.0,2146.0,6.0,1.3948316915886427,1865.0,281.0,5.0
2010,UTTAR PRADESH,PILIBHIT,58.0,41.0,57.0,8.0,5.0,287.0,456.0,6.0,1.150628359006143,406.0,50.0,3.0
2010,UTTAR PRADESH,PRATAPGARH,100.0,48.0,69.0,14.0,89.0,290.0,610.0,6.0,1.4639689192579741,746.0,-136.0,4.0
2010,UTTAR PRADESH,RAIBAREILLY,89.0,66.0,52.0,10.0,24.0,253.0,494.0,6.0,1.3832699164743747,669.0,-175.0,3.0
2010,UTTAR PRADESH,RAMABAI NAGAR,79.0,50.0,83.0,13.0,37.0,222.0,484.0,6.0,1.4839568400763383,,,3.0
2010,UTTAR PRADESH,RAMPUR,164.0,109.0,114.0,107.0,77.0,686.0,1257.0,6.0,1.4067223558987338,1301.0,-44.0,5.0
2010,UTTAR PRADESH,SAHARANPUR,145.0,31.0,40.0,23.0,70.0,717.0,1026.0,6.0,1.027501402168986,907.0,119.0,3.0
2010,UTTAR PRADESH,SANT KABIRNAGAR,50.0,41.0,45.0,20.0,43.0,179.0,378.0,6.0,1.5186356592774013,269.0,109.0,3.0
2010,UTTAR PRADESH,SHAHJAHANPUR,213.0,89.0,102.0,23.0,36.0,433.0,896.0,6.0,1.3928694530049168,955.0,-59.0,5.0
2010,UTTAR PRADESH,SHRAWASTI,32.0,33.0,25.0,8.0,18.0,117.0,233.0,6.0,1.4484772158549828,243.0,-10.0,2.0
2010,UTTAR PRADESH,SIDHARTHNAGAR,34.0,25.0,40.0,8.0,11.0,129.0,247.0,6.0,1.3885320122551494,283.0,-36.0,2.0
2010,UTTAR PRADESH,SITAPUR,142.0,65.0,114.0,41.0,24.0,466.0,852.0,6.0,1.34065050569628,1127.0,-275.0,4.0
2010,UTTAR PRADESH,SONBHADRA,44.0,34.0,23.0,8.0,7.0,236.0,352.0,6.0,1.0959090788407297,385.0,-33.0,2.0
2010,UTTAR PRADESH,ST.RAVIDASNAGAR,32.0,4.0,9.0,2.0,4.0,62.0,113.0,6.0,1.1960820558053324,175.0,-62.0,1.0
2010,UTTAR PRADESH,SULTANPUR,93.0,55.0,59.0,18.0,31.0,338.0,594.0,6.0,1.3209204053964716,817.0,-223.0,3.0
2010,UTTAR PRADESH,UNNAO,128.0,89.0,81.0,26.0,37.0,309.0,670.0,6.0,1.4827764891997326,765.0,-95.0,4.0
2010,UTTAR PRADESH,VARANASI,114.0,23.0,88.0,24.0,61.0,1063.0,1373.0,6.0,0.8584218838613153,1343.0,30.0,4.0
2010,UTTARAKHAND,ALMORA,7.0,6.0,5.0,1.0,7.0,35.0,61.0,6.0,1.316157952428349,130.0,-69.0,1.0
2010,UTTARAKHAND,BAGESHWAR,3.0,5.0,2.0,0.0,1.0,15.0,26.0,5.0,1.2061706224127178,26.0,0.0,1.0
2010,UTTARAKHAND,CHAMOLI,3.0,4.0,2.0,0.0,8.0,33.0,50.0,5.0,1.0670711947594198,59.0,-9.0,1.0
2010,UTTARAKHAND,CHAMPAWAT,5.0,2.0,3.0,0.0,3.0,18.0,31.0,5.0,1.2387662594067588,45.0,-14.0,1.0
2010,UTTARAKHAND,DEHRADUN,97.0,63.0,71.0,54.0,138.0,847.0,1270.0,6.0,1.1522829200952485,1275.0,-5.0,4.0
2010,UTTARAKHAND,HARIDWAR,113.0,59.0,86.0,54.0,161.0,784.0,1257.0,6.0,1.2365219409574528,1110.0,147.0,4.0
2010,UTTARAKHAND,NAINITAL,54.0,28.0,29.0,7.0,29.0,253.0,400.0,6.0,1.1975172105328773,434.0,-34.0,2.0
2010,UTTARAKHAND,PAURI GARHWAL,12.0,9.0,5.0,8.0,9.0,67.0,110.0,6.0,1.2844253695713992,115.0,-5.0,1.0
2010,UTTARAKHAND,PITHORAGARH,8.0,8.0,5.0,0.0,11.0,34.0,66.0,5.0,1.3473614076812823,53.0,13.0,1.0
2010,UTTARAKHAND,RUDRA PRAYAG,9.0,8.0,3.0,2.0,11.0,25.0,58.0,6.0,1.5097287281485576,21.0,37.0,1.0
2010,UTTARAKHAND,TEHRI GARHWAL,6.0,7.0,2.0,1.0,1.0,47.0,64.0,6.0,0.9289587161682942,48.0,16.0,1.0
2010,UTTARAKHAND,UDHAMSINGH NAGAR,133.0,45.0,70.0,46.0,91.0,1011.0,1396.0,6.0,1.0089038916333197,940.0,456.0,4.0
2010,UTTARAKHAND,UTTARKASHI,5.0,2.0,3.0,1.0,5.0,13.0,29.0,6.0,1.5010595541773293,41.0,-12.0,1.0
2010,WEST BENGAL,24 PARGANAS NORTH,647.0,347.0,438.0,98.0,840.0,2892.0,5262.0,6.0,1.3400067126790114,4819.0,443.0,5.0
2010,WEST BENGAL,24 PARGANAS SOUTH,290.0,371.0,215.0,51.0,1253.0,2866.0,5046.0,6.0,1.204176289063624,4211.0,835.0,5.0
2010,WEST BENGAL,ASANSOL,56.0,31.0,21.0,9.0,52.0,380.0,549.0,6.0,1.065269589399469,537.0,12.0,3.0
2010,WEST BENGAL,BANKURA,169.0,95.0,47.0,62.0,278.0,302.0,953.0,6.0,1.586332547378833,680.0,273.0,5.0
2010,WEST BENGAL,BIRBHUM,136.0,92.0,52.0,33.0,304.0,457.0,1074.0,6.0,1.446620352061933,1234.0,-160.0,5.0
2010,WEST BENGAL,BURDWAN,186.0,165.0,112.0,66.0,413.0,830.0,1772.0,6.0,1.4494317617450565,2012.0,-240.0,5.0
2010,WEST BENGAL,COOCHBEHAR,208.0,205.0,186.0,7.0,122.0,341.0,1069.0,6.0,1.5845839523099592,1132.0,-63.0,5.0
2010,WEST BENGAL,DAKSHIN DINAJPUR,145.0,133.0,96.0,13.0,40.0,211.0,638.0,6.0,1.5674890058206576,504.0,134.0,4.0
2010,WEST BENGAL,DARJEELING,82.0,93.0,77.0,17.0,93.0,705.0,1067.0,6.0,1.1520049585964927,1027.0,40.0,4.0
2010,WEST BENGAL,HOOGHLY,195.0,99.0,87.0,53.0,780.0,878.0,2092.0,6.0,1.3231539210790124,1865.0,227.0,5.0
2010,WEST BENGAL,HOWRAH,133.0,180.0,185.0,108.0,297.0,1845.0,2748.0,6.0,1.1418979876571138,1803.0,945.0,5.0
2010,WEST BENGAL,HOWRAH G.R.P.,18.0,8.0,5.0,8.0,2.0,581.0,622.0,6.0,0.3354297551776696,369.0,253.0,1.0
2010,WEST BENGAL,JALPAIGURI,248.0,449.0,259.0,84.0,88.0,1513.0,2641.0,6.0,1.2932427338177415,2472.0,169.0,5.0
2010,WEST BENGAL,KHARAGPUR G.R.P.,1.0,0.0,3.0,4.0,0.0,117.0,125.0,4.0,0.3001908198477302,132.0,-7.0,1.0
2010,WEST BENGAL,KOLKATA,147.0,258.0,125.0,18.0,282.0,4784.0,5614.0,6.0,0.6266369670622134,5702.0,-88.0,5.0
2010,WEST BENGAL,MALDA,249.0,306.0,189.0,31.0,80.0,404.0,1259.0,6.0,1.5800584644870255,1283.0,-24.0,5.0
2010,WEST BENGAL,MURSHIDABAD,841.0,1135.0,511.0,62.0,607.0,1214.0,4370.0,6.0,1.6086279712298293,4184.0,186.0,5.0
2010,WEST BENGAL,NADIA,477.0,269.0,345.0,116.0,215.0,1415.0,2837.0,6.0,1.4525570010345574,3012.0,-175.0,5.0
2010,WEST BENGAL,PASCHIM MIDNAPUR,430.0,137.0,101.0,95.0,481.0,656.0,1900.0,6.0,1.5465964609727756,1594.0,306.0,5.0
2010,WEST BENGAL,PURAB MIDNAPUR,148.0,67.0,127.0,39.0,594.0,533.0,1508.0,6.0,1.4036518025616764,1325.0,183.0,5.0
2010,WEST BENGAL,PURULIA,122.0,102.0,37.0,47.0,104.0,319.0,731.0,6.0,1.5403624204067825,576.0,155.0,4.0
2010,WEST BENGAL,SEALDAH G.R.P.,24.0,7.0,6.0,15.0,17.0,292.0,361.0,6.0,0.772416158014506,306.0,55.0,1.0
2010,WEST BENGAL,SILIGURI G.R.P.,8.0,3.0,3.0,1.0,0.0,102.0,117.0,5.0,0.5316232252213203,85.0,32.0,1.0
2010,WEST BENGAL,UTTAR DINAJPUR,179.0,224.0,118.0,49.0,198.0,411.0,1179.0,6.0,1.631277338713059,969.0,210.0,5.0
2010,A & N ISLANDS,ANDAMAN,19.0,54.0,10.0,8.0,22.0,259.0,372.0,6.0,1.0311727135847715,361.0,11.0,2.0
2010,A & N ISLANDS,NICOBAR,1.0,1.0,0.0,0.0,1.0,8.0,11.0,4.0,0.8855741515766717,7.0,4.0,1.0
2010,CHANDIGARH,CHANDIGARH,60.0,60.0,38.0,72.0,74.0,1903.0,2207.0,6.0,0.6192448627736862,2447.0,-240.0,3.0
2010,D & N HAVELI,D and N HAVELI,7.0,14.0,18.0,5.0,46.0,118.0,208.0,6.0,1.252440268221755,246.0,-38.0,1.0
2010,DAMAN & DIU,DAMAN,8.0,3.0,2.0,6.0,8.0,70.0,97.0,6.0,1.0066860336288976,112.0,-15.0,1.0
2010,DAMAN & DIU,DIU,0.0,0.0,0.0,0.0,3.0,13.0,16.0,2.0,0.48257756517701206,25.0,-9.0,1.0
2010,DELHI UT,CAW,0.0,0.0,0.0,0.0,0.0,0.0,0.0,0.0,0.0,1.0,-1.0,1.0
2010,DELHI UT,CENTRAL,39.0,45.0,126.0,35.0,6.0,1787.0,2038.0,6.0,0.5341901180652989,1890.0,148.0,3.0
2010,DELHI UT,CRIME BRANCH,5.0,0.0,1.0,0.0,0.0,35.0,41.0,3.0,0.4822459273311376,55.0,-14.0,1.0
2010,DELHI UT,DELHI UT TOTAL,947.0,1108.0,3208.0,631.0,105.0,26708.0,32707.0,6.0,0.7050329680729791,31001.0,1706.0,5.0
2010,DELHI UT,EAST,119.0,130.0,357.0,88.0,21.0,3847.0,4562.0,6.0,0.6405623063758585,4019.0,543.0,5.0
2010,DELHI UT,EOW,0.0,0.0,0.0,0.0,0.0,85.0,85.0,1.0,-0.0,189.0,-104.0,1.0
2010,DELHI UT,GRP(RLY),17.0,5.0,23.0,11.0,2.0,662.0,720.0,6.0,0.390421873441076,782.0,-62.0,1.0
2010,DELHI UT,IGI AIRPORT,0.0,7.0,13.0,0.0,0.0,101.0,121.0,3.0,0.5553534803789363,511.0,-390.0,1.0
2010,DELHI UT,NEW DELHI,12.0,36.0,29.0,20.0,4.0,727.0,828.0,6.0,0.5449956269288446,878.0,-50.0,2.0
2010,DELHI UT,NORTH,53.0,30.0,161.0,24.0,8.0,1375.0,1651.0,6.0,0.6498913144344596,1616.0,35.0,4.0
2010,DELHI UT,NORTH-EAST,102.0,119.0,458.0,62.0,11.0,2727.0,3479.0,6.0,0.7667424942513781,3017.0,462.0,5.0
2010,DELHI UT,NORTH-WEST,113.0,112.0,260.0,186.0,7.0,2768.0,3446.0,6.0,0.7645599886934491,3067.0,379.0,5.0
2010,DELHI UT,OUTER,147.0,113.0,457.0,43.0,8.0,2527.0,3295.0,6.0,0.8031522183818733,2919.0,376.0,5.0
2010,DELHI UT,SOUTH,61.0,125.0,240.0,51.0,4.0,2887.0,3368.0,6.0,0.5866638293765429,3269.0,99.0,5.0
2010,DELHI UT,SOUTH-EAST,84.0,172.0,369.0,32.0,13.0,2710.0,3380.0,6.0,0.7278093553705108,3611.0,-231.0,5.0
2010,DELHI UT,SOUTH-WEST,86.0,82.0,363.0,31.0,9.0,1529.0,2100.0,6.0,0.8775429975247463,2075.0,25.0,5.0
2010,DELHI UT,STF,3.0,0.0,1.0,0.0,0.0,7.0,11.0,3.0,0.8599672810355049,12.0,-1.0,1.0
2010,DELHI UT,WEST,106.0,132.0,350.0,48.0,12.0,2934.0,3582.0,6.0,0.6933970301410609,3090.0,492.0,5.0
2010,LAKSHADWEEP,LAKSHADWEEP,0.0,0.0,0.0,0.0,5.0,10.0,15.0,2.0,0.6365141682948128,62.0,-47.0,1.0
2010,PUDUCHERRY,KARAIKAL,7.0,16.0,2.0,0.0,32.0,83.0,140.0,5.0,1.1056681062017868,128.0,12.0,1.0
2010,PUDUCHERRY,PUDUCHERRY,61.0,33.0,15.0,7.0,109.0,612.0,837.0,6.0,0.9248213759095394,1015.0,-178.0,2.0
2011,ANDHRA PRADESH,ADILABAD,211.0,196.0,77.0,13.0,118.0,775.0,1390.0,6.0,1.3014622405577179,1240.0,150.0,5.0
2011,ANDHRA PRADESH,ANANTAPUR,284.0,172.0,83.0,28.0,123.0,1063.0,1753.0,6.0,1.2229173941796385,1887.0,-134.0,5.0
2011,ANDHRA PRADESH,CHITTOOR,151.0,141.0,84.0,22.0,141.0,955.0,1494.0,6.0,1.1872007059327119,1314.0,180.0,4.0
2011,ANDHRA PRADESH,CUDDAPAH,193.0,185.0,73.0,7.0,134.0,928.0,1520.0,6.0,1.2043248733374479,1351.0,169.0,4.0
2011,ANDHRA PRADESH,CYBERABAD,358.0,247.0,146.0,102.0,101.0,6681.0,7635.0,6.0,0.561814384942575,7686.0,-51.0,5.0
2011,ANDHRA PRADESH,EAST GODAVARI,196.0,248.0,60.0,25.0,65.0,1676.0,2270.0,6.0,0.9247996236107858,2067.0,203.0,4.0
2011,ANDHRA PRADESH,GUNTAKAL RLY.,9.0,0.0,0.0,5.0,1.0,229.0,244.0,4.0,0.28346105491567175,242.0,2.0,1.0
2011,ANDHRA PRADESH,GUNTUR,163.0,263.0,58.0,12.0,76.0,1249.0,1821.0,6.0,1.0295402337023414,1854.0,-33.0,4.0
2011,ANDHRA PRADESH,KARIMNAGAR,280.0,311.0,172.0,22.0,252.0,1778.0,2815.0,6.0,1.1878992917662907,2410.0,405.0,5.0
2011,ANDHRA PRADESH,KHAMMAM,212.0,327.0,81.0,17.0,176.0,1019.0,1832.0,6.0,1.289792663972087,1607.0,225.0,5.0
2011,ANDHRA PRADESH,KRISHNA,149.0,428.0,89.0,15.0,82.0,1092.0,1855.0,6.0,1.1753813560775779,1606.0,249.0,5.0
2011,ANDHRA PRADESH,KURNOOL,334.0,379.0,76.0,28.0,161.0,1190.0,2168.0,6.0,1.289021573927038,1969.0,199.0,5.0
2011,ANDHRA PRADESH,MAHABOOBNAGAR,301.0,250.0,74.0,18.0,143.0,1623.0,2409.0,6.0,1.0722775281866601,2397.0,12.0,5.0
2011,ANDHRA PRADESH,MEDAK,212.0,159.0,40.0,25.0,134.0,1158.0,1728.0,6.0,1.0919060781365049,1646.0,82.0,4.0
2011,ANDHRA PRADESH,NALGONDA,201.0,277.0,84.0,21.0,192.0,1201.0,1976.0,6.0,1.219618073765206,1920.0,56.0,5.0
2011,ANDHRA PRADESH,NELLORE,146.0,194.0,85.0,20.0,87.0,1467.0,1999.0,6.0,0.9613302695883628,1834.0,165.0,4.0
2011,ANDHRA PRADESH,NIZAMABAD,199.0,161.0,84.0,39.0,108.0,1449.0,2040.0,6.0,1.0329870534379426,1762.0,278.0,5.0
2011,ANDHRA PRADESH,PRAKASHAM,204.0,267.0,100.0,22.0,87.0,1059.0,1739.0,6.0,1.2104813191704895,1520.0,219.0,4.0
2011,ANDHRA PRADESH,RAJAHMUNDRY,77.0,59.0,36.0,11.0,10.0,576.0,769.0,6.0,0.9044211126146857,779.0,-10.0,2.0
2011,ANDHRA PRADESH,RANGA REDDY,99.0,74.0,24.0,7.0,49.0,288.0,541.0,6.0,1.3304910756695056,433.0,108.0,3.0
2011,ANDHRA PRADESH,SECUNDERABAD RLY.,11.0,5.0,1.0,7.0,8.0,454.0,486.0,6.0,0.3378607456071801,375.0,111.0,1.0
2011,ANDHRA PRADESH,SRIKAKULAM,108.0,120.0,28.0,10.0,124.0,475.0,865.0,6.0,1.3040171312907387,872.0,-7.0,3.0
2011,ANDHRA PRADESH,VIJAYAWADA RLY.,2.0,4.0,3.0,4.0,0.0,406.0,419.0,5.0,0.18022922800236016,388.0,31.0,1.0
2011,ANDHRA PRADESH,VISAKHAPATNAM,78.0,88.0,50.0,41.0,14.0,1868.0,2139.0,6.0,0.5668434726755689,2215.0,-76.0,3.0
2011,ANDHRA PRADESH,VIZIANAGARAM,73.0,129.0,26.0,11.0,16.0,589.0,844.0,6.0,0.9887909553987416,761.0,83.0,3.0
2011,ANDHRA PRADESH,WARANGAL,112.0,205.0,68.0,13.0,235.0,759.0,1392.0,6.0,1.306994161458618,817.0,575.0,5.0
2011,ANDHRA PRADESH,WEST GODAVARI,168.0,461.0,144.0,22.0,78.0,2145.0,3018.0,6.0,0.9660039808693583,3235.0,-217.0,5.0
2011,ARUNACHAL PRADESH,ANJAW,3.0,0.0,0.0,0.0,0.0,6.0,9.0,2.0,0.6365141682948128,14.0,-5.0,1.0
2011,ARUNACHAL PRADESH,CHANGLANG,13.0,6.0,12.0,4.0,1.0,60.0,96.0,6.0,1.177685384825858,123.0,-27.0,1.0
2011,ARUNACHAL PRADESH,DIBANG VALLEY,4.0,4.0,3.0,9.0,6.0,22.0,48.0,6.0,1.5188113496528763,65.0,-17.0,1.0
2011,ARUNACHAL PRADESH,K/KUMEY,3.0,4.0,0.0,1.0,0.0,9.0,17.0,4.0,1.1499171377909296,34.0,-17.0,1.0
2011,ARUNACHAL PRADESH,KAMENG EAST,3.0,6.0,2.0,5.0,1.0,24.0,41.0,6.0,1.2805679317527532,68.0,-27.0,1.0
2011,ARUNACHAL PRADESH,KAMENG WEST,8.0,4.0,2.0,1.0,3.0,28.0,46.0,6.0,1.2163681945336997,48.0,-2.0,1.0
2011,ARUNACHAL PRADESH,LOHIT,15.0,7.0,10.0,6.0,2.0,54.0,94.0,6.0,1.300635583537878,96.0,-2.0,1.0
2011,ARUNACHAL PRADESH,PAPUM PARE,13.0,11.0,23.0,16.0,49.0,193.0,305.0,6.0,1.187205621735108,261.0,44.0,2.0
2011,ARUNACHAL PRADESH,SIANG EAST,5.0,15.0,4.0,6.0,4.0,113.0,147.0,6.0,0.8768021255710792,153.0,-6.0,1.0
2011,ARUNACHAL PRADESH,SIANG UPPER,2.0,4.0,3.0,3.0,0.0,19.0,31.0,5.0,1.1931005547506146,32.0,-1.0,1.0
2011,ARUNACHAL PRADESH,SIANG WEST,5.0,10.0,8.0,8.0,7.0,57.0,95.0,6.0,1.3073569077169105,97.0,-2.0,1.0
2011,ARUNACHAL PRADESH,SUBANSIRI LOWER,5.0,2.0,3.0,5.0,2.0,22.0,39.0,6.0,1.3516196285279012,64.0,-25.0,1.0
2011,ARUNACHAL PRADESH,SUBANSIRI UPPER,2.0,7.0,8.0,3.0,3.0,29.0,52.0,6.0,1.3380427466667701,74.0,-22.0,1.0
2011,ARUNACHAL PRADESH,TAWANG,0.0,1.0,1.0,0.0,0.0,13.0,15.0,3.0,0.48509409130221154,18.0,-3.0,1.0
2011,ARUNACHAL PRADESH,TIRAP,12.0,6.0,9.0,6.0,1.0,47.0,81.0,6.0,1.2826966620231623,61.0,20.0,1.0
2011,ARUNACHAL PRADESH,UPPER DIBANG VALLEY,0.0,0.0,0.0,0.0,1.0,4.0,5.0,2.0,0.5004024235381879,7.0,-2.0,1.0
2011,ASSAM,BARPETA,71.0,117.0,168.0,39.0,199.0,494.0,1088.0,6.0,1.4949000303652609,1218.0,-130.0,5.0
2011,ASSAM,BASKA,47.0,33.0,68.0,16.0,17.0,142.0,323.0,6.0,1.5066873097709135,288.0,35.0,3.0
2011,ASSAM,BONGAIGAON,30.0,74.0,74.0,15.0,108.0,310.0,611.0,6.0,1.4009138282246556,582.0,29.0,4.0
2011,ASSAM,C.I.D.,0.0,0.0,1.0,0.0,0.0,30.0,31.0,2.0,0.1425058673927378,33.0,-2.0,1.0
2011,ASSAM,CACHAR,71.0,81.0,178.0,45.0,280.0,800.0,1455.0,6.0,1.3187141639273878,1543.0,-88.0,5.0
2011,ASSAM,CHIRANG,27.0,38.0,43.0,27.0,13.0,148.0,296.0,6.0,1.46445800847018,235.0,61.0,2.0
2011,ASSAM,DARRANG,37.0,204.0,200.0,9.0,35.0,492.0,977.0,6.0,1.2836395213528802,948.0,29.0,5.0
2011,ASSAM,DHEMAJI,37.0,102.0,63.0,18.0,32.0,163.0,415.0,6.0,1.5473623738482334,424.0,-9.0,3.0
2011,ASSAM,DHUBRI,87.0,367.0,307.0,56.0,547.0,509.0,1873.0,6.0,1.5768272453707013,1883.0,-10.0,5.0
2011,ASSAM,DIBRUGARH,99.0,61.0,135.0,24.0,22.0,698.0,1039.0,6.0,1.0915140627089925,1047.0,-8.0,4.0
2011,ASSAM,G.R.P.,7.0,1.0,8.0,14.0,8.0,175.0,213.0,6.0,0.7243119602564057,188.0,25.0,1.0
2011,ASSAM,GOALPARA,44.0,101.0,100.0,23.0,149.0,305.0,722.0,6.0,1.5189392758600226,825.0,-103.0,5.0
2011,ASSAM,GOLAGHAT,112.0,120.0,159.0,35.0,21.0,363.0,810.0,6.0,1.4662107500684904,630.0,180.0,5.0
2011,ASSAM,HAILAKANDI,22.0,88.0,78.0,10.0,182.0,232.0,612.0,6.0,1.4565525434040674,597.0,15.0,4.0
2011,ASSAM,JORHAT,62.0,98.0,85.0,35.0,25.0,597.0,902.0,6.0,1.1463904667883371,776.0,126.0,4.0
2011,ASSAM,KAMRUP,49.0,124.0,156.0,55.0,54.0,574.0,1012.0,6.0,1.3283702302198803,853.0,159.0,5.0
2011,ASSAM,KARBI ANGLONG,79.0,35.0,47.0,13.0,36.0,202.0,412.0,6.0,1.4452913151653997,322.0,90.0,3.0
2011,ASSAM,KARIMGANJ,71.0,61.0,79.0,27.0,116.0,300.0,654.0,6.0,1.5134762241227715,439.0,215.0,4.0
2011,ASSAM,KOKRAJHAR,78.0,83.0,105.0,25.0,96.0,249.0,636.0,6.0,1.6002488952304128,581.0,55.0,4.0
2011,ASSAM,LAKHIMPUR,54.0,109.0,143.0,21.0,55.0,251.0,633.0,6.0,1.5410299420388527,652.0,-19.0,4.0
2011,ASSAM,MORIGAON,39.0,66.0,96.0,8.0,106.0,182.0,497.0,6.0,1.5493086641026506,580.0,-83.0,4.0
2011,ASSAM,N.C.HILLS,24.0,3.0,19.0,2.0,9.0,69.0,126.0,6.0,1.2741538611350163,132.0,-6.0,1.0
2011,ASSAM,NAGAON,165.0,247.0,374.0,191.0,363.0,967.0,2307.0,6.0,1.5845467825464783,2006.0,301.0,5.0
2011,ASSAM,NALBARI,31.0,123.0,95.0,40.0,27.0,389.0,705.0,6.0,1.3279201830021292,562.0,143.0,3.0
2011,ASSAM,R.P.O.,6.0,6.0,3.0,1.0,10.0,9.0,35.0,6.0,1.6239817008406303,48.0,-13.0,1.0
2011,ASSAM,SIBSAGAR,91.0,127.0,132.0,32.0,54.0,609.0,1045.0,6.0,1.3045608330170313,1114.0,-69.0,4.0
2011,ASSAM,SONITPUR,100.0,130.0,262.0,30.0,77.0,685.0,1284.0,6.0,1.3467046429059306,1114.0,170.0,5.0
2011,ASSAM,TINSUKIA,148.0,88.0,153.0,40.0,58.0,627.0,1114.0,6.0,1.3381680650856989,1170.0,-56.0,5.0
2011,ASSAM,UDALGURI,48.0,38.0,67.0,17.0,21.0,165.0,356.0,6.0,1.491950592292706,371.0,-15.0,3.0
2011,BIHAR,ARARIA,127.0,83.0,115.0,64.0,280.0,369.0,1038.0,6.0,1.5956904731068593,937.0,101.0,5.0
2011,BIHAR,ARWAL,100.0,13.0,17.0,8.0,57.0,136.0,331.0,6.0,1.3995911664499452,244.0,87.0,2.0
2011,BIHAR,AURANGABAD,194.0,50.0,62.0,69.0,347.0,661.0,1383.0,6.0,1.3840795286255503,1045.0,338.0,5.0
2011,BIHAR,BAGAHA,89.0,24.0,62.0,15.0,148.0,315.0,653.0,6.0,1.391358428708279,551.0,102.0,4.0
2011,BIHAR,BANKA,113.0,34.0,66.0,24.0,143.0,238.0,618.0,6.0,1.5414256925474699,592.0,26.0,4.0
2011,BIHAR,BEGUSARAI,142.0,29.0,119.0,52.0,277.0,539.0,1158.0,6.0,1.4209704420454317,1312.0,-154.0,5.0
2011,BIHAR,BETTIAH,88.0,28.0,118.0,14.0,261.0,688.0,1197.0,6.0,1.2105632618905435,1166.0,31.0,5.0
2011,BIHAR,BHABHUA,121.0,41.0,57.0,33.0,187.0,328.0,767.0,6.0,1.4838015895695347,674.0,93.0,4.0
2011,BIHAR,BHAGALPUR,146.0,33.0,106.0,43.0,257.0,611.0,1196.0,6.0,1.3636741710319569,1374.0,-178.0,5.0
2011,BIHAR,BHOJPUR,141.0,18.0,64.0,48.0,153.0,595.0,1019.0,6.0,1.2615730682406416,1232.0,-213.0,4.0
2011,BIHAR,BUXAR,100.0,19.0,76.0,55.0,220.0,488.0,958.0,6.0,1.3601793056260028,922.0,36.0,5.0
2011,BIHAR,DARBHANGA,206.0,236.0,128.0,32.0,516.0,973.0,2091.0,6.0,1.4107850631859415,1626.0,465.0,5.0
2011,BIHAR,GAYA,186.0,30.0,155.0,115.0,279.0,1090.0,1855.0,6.0,1.2744712846015276,1788.0,67.0,5.0
2011,BIHAR,GOPALGANJ,246.0,47.0,139.0,16.0,302.0,473.0,1223.0,6.0,1.4644808851682587,899.0,324.0,5.0
2011,BIHAR,JAMALPUR RLY.,8.0,2.0,3.0,7.0,6.0,193.0,219.0,6.0,0.542547538592933,192.0,27.0,1.0
2011,BIHAR,JAMUI,224.0,57.0,71.0,47.0,206.0,297.0,902.0,6.0,1.5775072224712048,811.0,91.0,5.0
2011,BIHAR,JEHANABAD,68.0,18.0,31.0,20.0,139.0,281.0,557.0,6.0,1.3394575142680842,687.0,-130.0,3.0
2011,BIHAR,KATIHAR,168.0,113.0,126.0,46.0,245.0,500.0,1198.0,6.0,1.5494921615108033,914.0,284.0,5.0
2011,BIHAR,KATIHAR RLY.,18.0,6.0,8.0,7.0,7.0,205.0,251.0,6.0,0.7530522674143095,283.0,-32.0,1.0
2011,BIHAR,KHAGARIA,100.0,14.0,53.0,22.0,219.0,150.0,558.0,6.0,1.4718603431164003,599.0,-41.0,4.0
2011,BIHAR,KISHANGANJ,39.0,50.0,63.0,21.0,122.0,259.0,554.0,6.0,1.4638405913267794,521.0,33.0,4.0
2011,BIHAR,LAKHISARAI,49.0,17.0,51.0,25.0,109.0,218.0,469.0,6.0,1.449034181670117,524.0,-55.0,3.0
2011,BIHAR,MADHEPURA,57.0,8.0,78.0,36.0,238.0,290.0,707.0,6.0,1.3805705345466746,673.0,34.0,4.0
2011,BIHAR,MADHUBANI,89.0,44.0,182.0,53.0,388.0,538.0,1294.0,6.0,1.4318878750564614,1200.0,94.0,5.0
2011,BIHAR,MOTIHARI,915.0,45.0,209.0,71.0,674.0,978.0,2892.0,6.0,1.4158450031450829,2238.0,654.0,5.0
2011,BIHAR,MUNGER,122.0,9.0,72.0,56.0,166.0,351.0,776.0,6.0,1.4416123382147745,871.0,-95.0,4.0
2011,BIHAR,MUZAFFARPUR,192.0,60.0,255.0,116.0,481.0,1616.0,2720.0,6.0,1.2434354171495172,2333.0,387.0,5.0
2011,BIHAR,MUZAFFARPUR RLY.,14.0,11.0,6.0,14.0,10.0,285.0,340.0,6.0,0.6965742136340791,383.0,-43.0,1.0
2011,BIHAR,NALANDA,169.0,44.0,81.0,29.0,173.0,528.0,1024.0,6.0,1.3761383378675194,1145.0,-121.0,5.0
2011,BIHAR,NAUGACHIA,100.0,13.0,38.0,14.0,125.0,168.0,458.0,6.0,1.4687870822963673,407.0,51.0,3.0
2011,BIHAR,NAWADAH,108.0,47.0,63.0,37.0,202.0,330.0,787.0,6.0,1.5002241681285744,595.0,192.0,4.0
2011,BIHAR,PATNA,277.0,42.0,364.0,213.0,537.0,4131.0,5564.0,6.0,0.9362982295737127,5241.0,323.0,5.0
2011,BIHAR,PATNA RLY.,28.0,12.0,6.0,24.0,20.0,789.0,879.0,6.0,0.4837977219803359,850.0,29.0,1.0
2011,BIHAR,PURNEA,141.0,86.0,131.0,31.0,229.0,535.0,1153.0,6.0,1.4722487014461638,1033.0,120.0,5.0
2011,BIHAR,ROHTAS,225.0,66.0,106.0,68.0,308.0,905.0,1678.0,6.0,1.3452370714122008,1570.0,108.0,5.0
2011,BIHAR,SAHARSA,148.0,43.0,63.0,41.0,303.0,296.0,894.0,6.0,1.5046538707677914,791.0,103.0,5.0
2011,BIHAR,SAMASTIPUR,339.0,49.0,166.0,68.0,373.0,563.0,1558.0,6.0,1.525988194981179,1549.0,9.0,5.0
2011,BIHAR,SARAN,558.0,56.0,146.0,53.0,456.0,776.0,2045.0,6.0,1.438349591372571,1596.0,449.0,5.0
2011,BIHAR,SHEIKHPURA,41.0,3.0,22.0,8.0,52.0,181.0,307.0,6.0,1.2102894611586912,280.0,27.0,2.0
2011,BIHAR,SHEOHAR,37.0,7.0,25.0,33.0,60.0,83.0,245.0,6.0,1.6012319936395594,207.0,38.0,2.0
2011,BIHAR,SITAMARHI,108.0,22.0,58.0,57.0,249.0,600.0,1094.0,6.0,1.2831204000468621,1042.0,52.0,4.0
2011,BIHAR,SIWAN,265.0,20.0,196.0,29.0,310.0,482.0,1302.0,6.0,1.4675004657584094,1129.0,173.0,5.0
2011,BIHAR,SUPAUL,65.0,31.0,78.0,18.0,263.0,381.0,836.0,6.0,1.3466647035246535,687.0,149.0,4.0
2011,BIHAR,VAISHALI,202.0,44.0,233.0,85.0,376.0,1025.0,1965.0,6.0,1.3635140169108149,1639.0,326.0,5.0
2011,CHHATTISGARH,BALRAMPUR,68.0,107.0,2.0,12.0,34.0,59.0,282.0,6.0,1.4624909346779644,318.0,-36.0,2.0
2011,CHHATTISGARH,BILASPUR,157.0,216.0,24.0,58.0,179.0,1084.0,1718.0,6.0,1.179619442141081,2194.0,-476.0,5.0
2011,CHHATTISGARH,BIZAPUR,152.0,9.0,4.0,7.0,9.0,34.0,215.0,6.0,0.9881138984276526,251.0,-36.0,2.0
2011,CHHATTISGARH,DANTEWARA,123.0,18.0,9.0,14.0,44.0,85.0,293.0,6.0,1.4317873125745475,324.0,-31.0,2.0
2011,CHHATTISGARH,DHAMTARI,20.0,71.0,18.0,7.0,16.0,228.0,360.0,6.0,1.1348118026057656,449.0,-89.0,2.0
2011,CHHATTISGARH,DURG,192.0,406.0,115.0,87.0,111.0,1749.0,2660.0,6.0,1.1325438719014724,2580.0,80.0,5.0
2011,CHHATTISGARH,GARIYABAND,42.0,51.0,4.0,5.0,15.0,78.0,195.0,6.0,1.4189398675800882,,,2.0
2011,CHHATTISGARH,GRP RAIPUR,4.0,3.0,0.0,2.0,3.0,200.0,212.0,5.0,0.2943852423738264,352.0,-140.0,1.0
2011,CHHATTISGARH,JAGDALPUR,89.0,97.0,9.0,14.0,40.0,237.0,486.0,6.0,1.3643097406798934,541.0,-55.0,3.0
2011,CHHATTISGARH,JANJGIR,70.0,147.0,13.0,45.0,144.0,570.0,989.0,6.0,1.2664635412305612,925.0,64.0,3.0
2011,CHHATTISGARH,JASHPUR,92.0,147.0,49.0,16.0,23.0,183.0,510.0,6.0,1.508702713081913,436.0,74.0,4.0
2011,CHHATTISGARH,KABIRDHAM,36.0,66.0,16.0,5.0,40.0,207.0,370.0,6.0,1.2936098374040543,344.0,26.0,2.0
2011,CHHATTISGARH,KANKER,78.0,43.0,8.0,16.0,45.0,76.0,266.0,6.0,1.5873031086038338,326.0,-60.0,2.0
2011,CHHATTISGARH,KORBA,47.0,125.0,5.0,38.0,80.0,402.0,697.0,6.0,1.249931051400853,683.0,14.0,3.0
2011,CHHATTISGARH,KORIYA,65.0,167.0,16.0,11.0,23.0,276.0,558.0,6.0,1.2703707676183416,587.0,-29.0,3.0
2011,CHHATTISGARH,MAHASAMUND,36.0,95.0,37.0,15.0,49.0,372.0,604.0,6.0,1.2241413988158216,493.0,111.0,2.0
2011,CHHATTISGARH,NARAYANPUR,63.0,7.0,2.0,9.0,5.0,11.0,97.0,6.0,1.1703376596770714,104.0,-7.0,1.0
2011,CHHATTISGARH,RAIGARH,143.0,146.0,15.0,34.0,79.0,694.0,1111.0,6.0,1.177307166159267,1134.0,-23.0,4.0
2011,CHHATTISGARH,RAIPUR,181.0,365.0,55.0,81.0,187.0,2516.0,3385.0,6.0,0.9335161663742222,3540.0,-155.0,5.0
2011,CHHATTISGARH,RAJNANDGAON,78.0,108.0,22.0,23.0,36.0,372.0,639.0,6.0,1.2698450529291971,690.0,-51.0,3.0
2011,CHHATTISGARH,SARGUJA,88.0,179.0,32.0,27.0,37.0,369.0,732.0,6.0,1.3538040554776007,788.0,-56.0,3.0
2011,CHHATTISGARH,SURAJPUR,61.0,134.0,17.0,12.0,24.0,221.0,469.0,6.0,1.3439405200066636,479.0,-10.0,3.0
2011,GOA,NORTH GOA,43.0,33.0,14.0,16.0,63.0,964.0,1133.0,6.0,0.6397080452814046,1083.0,50.0,2.0
2011,GOA,SOUTH GOA,33.0,25.0,14.0,12.0,35.0,656.0,775.0,6.0,0.6632101425641594,783.0,-8.0,2.0
2011,GUJARAT,AHMEDABAD COMMR.,166.0,143.0,230.0,751.0,162.0,5305.0,6757.0,6.0,0.8112704915380733,7420.0,-663.0,5.0
2011,GUJARAT,AHWA-DANG,9.0,2.0,0.0,0.0,1.0,23.0,35.0,4.0,0.8902714179603763,23.0,12.0,1.0
2011,GUJARAT,AMRELI,31.0,38.0,79.0,13.0,50.0,290.0,501.0,6.0,1.3002803179784879,548.0,-47.0,3.0
2011,GUJARAT,ANAND,26.0,30.0,45.0,12.0,48.0,530.0,691.0,6.0,0.8965948378507509,822.0,-131.0,2.0
2011,GUJARAT,BHARUCH,44.0,22.0,28.0,23.0,55.0,564.0,736.0,6.0,0.9038125995029881,706.0,30.0,2.0
2011,GUJARAT,BHAVNAGAR,83.0,43.0,88.0,26.0,96.0,664.0,1000.0,6.0,1.1475069802642912,1075.0,-75.0,4.0
2011,GUJARAT,CID CRIME,1.0,0.0,0.0,0.0,0.0,10.0,11.0,2.0,0.30463609734923813,26.0,-15.0,1.0
2011,GUJARAT,DAHOD,55.0,17.0,53.0,44.0,70.0,338.0,577.0,6.0,1.3126395854610926,513.0,64.0,3.0
2011,GUJARAT,GANDHINAGAR,37.0,30.0,21.0,26.0,42.0,626.0,782.0,6.0,0.8149227435184383,829.0,-47.0,2.0
2011,GUJARAT,HIMATNAGAR,42.0,39.0,48.0,14.0,55.0,416.0,614.0,6.0,1.1239137021510162,579.0,35.0,2.0
2011,GUJARAT,JAMNAGAR,66.0,55.0,65.0,30.0,129.0,752.0,1097.0,6.0,1.0955895669957898,844.0,253.0,4.0
2011,GUJARAT,JUNAGADH,44.0,37.0,69.0,17.0,111.0,593.0,871.0,6.0,1.0869733048918522,1168.0,-297.0,3.0
2011,GUJARAT,KHEDA NORTH,54.0,26.0,53.0,20.0,36.0,354.0,543.0,6.0,1.1825723872890963,619.0,-76.0,2.0
2011,GUJARAT,KUTCH (EAST(G)),46.0,21.0,24.0,25.0,38.0,394.0,548.0,6.0,1.0330851495141935,,,2.0
2011,GUJARAT,KUTCH (WEST-BHUJ),37.0,29.0,15.0,8.0,52.0,362.0,503.0,6.0,0.9984197819594225,,,2.0
2011,GUJARAT,MEHSANA,44.0,29.0,71.0,38.0,82.0,871.0,1135.0,6.0,0.8998120634699119,1100.0,35.0,3.0
2011,GUJARAT,NARMADA,18.0,10.0,4.0,1.0,7.0,33.0,73.0,6.0,1.4191739536369934,123.0,-50.0,1.0
2011,GUJARAT,NAVSARI,31.0,8.0,10.0,11.0,21.0,241.0,322.0,6.0,0.9352258723560838,248.0,74.0,1.0
2011,GUJARAT,PALANPUR,74.0,102.0,92.0,69.0,91.0,697.0,1125.0,6.0,1.2726462362821247,1278.0,-153.0,4.0
2011,GUJARAT,PANCHMAHAL,67.0,43.0,60.0,30.0,56.0,353.0,609.0,6.0,1.3421540239729008,584.0,25.0,3.0
2011,GUJARAT,PATAN,31.0,59.0,47.0,31.0,64.0,424.0,656.0,6.0,1.2030901250686952,543.0,113.0,3.0
2011,GUJARAT,PORBANDAR,20.0,7.0,12.0,3.0,15.0,142.0,199.0,6.0,1.0169283002328364,148.0,51.0,1.0
2011,GUJARAT,RAJKOT COMMR.,66.0,27.0,40.0,39.0,79.0,1219.0,1470.0,6.0,0.7194948478666328,1610.0,-140.0,3.0
2011,GUJARAT,SURAT COMMR.,140.0,70.0,112.0,90.0,68.0,2411.0,2891.0,6.0,0.7102833223448446,2567.0,324.0,5.0
2011,GUJARAT,SURENDRANAGAR,48.0,47.0,44.0,18.0,65.0,367.0,589.0,6.0,1.2444557386299744,539.0,50.0,3.0
2011,GUJARAT,TAPI,19.0,5.0,2.0,2.0,12.0,118.0,158.0,6.0,0.8883938661093903,121.0,37.0,1.0
2011,GUJARAT,VADODARA COMMR.,50.0,24.0,50.0,96.0,83.0,2002.0,2305.0,6.0,0.5882049302813878,2229.0,76.0,3.0
2011,GUJARAT,VALSAD,46.0,15.0,19.0,9.0,35.0,547.0,671.0,6.0,0.7480712291741065,552.0,119.0,2.0
2011,GUJARAT,W.RLY AHMEDABAD,7.0,6.0,2.0,5.0,6.0,232.0,258.0,6.0,0.48242067475108186,,,1.0
2011,GUJARAT,W.RLY VADODARA,6.0,2.0,1.0,8.0,0.0,592.0,609.0,5.0,0.15925946416103282,,,1.0
2011,HARYANA,AMBALA,79.0,65.0,34.0,37.0,4.0,1227.0,1446.0,6.0,0.6358975330107813,1282.0,164.0,3.0
2011,HARYANA,BHIWANI,118.0,67.0,43.0,37.0,190.0,1086.0,1541.0,6.0,1.0271797670685587,1373.0,168.0,4.0
2011,HARYANA,FARIDABAD,124.0,85.0,105.0,47.0,182.0,2475.0,3018.0,6.0,0.7453743054432687,2793.0,225.0,5.0
2011,HARYANA,FATEHABAD,49.0,21.0,25.0,10.0,32.0,446.0,583.0,6.0,0.8968703530026401,562.0,21.0,2.0
2011,HARYANA,GRP,34.0,2.0,2.0,24.0,27.0,534.0,623.0,6.0,0.5891835783791051,567.0,56.0,1.0
2011,HARYANA,GURGAON,150.0,67.0,49.0,91.0,119.0,4185.0,4661.0,6.0,0.4866711570186274,4470.0,191.0,5.0
2011,HARYANA,HISSAR,152.0,73.0,83.0,53.0,119.0,1826.0,2306.0,6.0,0.8326952057782709,1820.0,486.0,4.0
2011,HARYANA,JHAJJAR,105.0,52.0,31.0,41.0,90.0,703.0,1022.0,6.0,1.0917092037584526,1118.0,-96.0,3.0
2011,HARYANA,JIND,88.0,52.0,32.0,34.0,114.0,977.0,1297.0,6.0,0.9254497379558977,1283.0,14.0,4.0
2011,HARYANA,KAITHAL,63.0,38.0,23.0,21.0,7.0,658.0,810.0,6.0,0.7478795367451543,702.0,108.0,2.0
2011,HARYANA,KARNAL,99.0,87.0,22.0,32.0,57.0,1174.0,1471.0,6.0,0.8009409530474758,1569.0,-98.0,4.0
2011,HARYANA,KURUKSHETRA,52.0,51.0,34.0,25.0,3.0,877.0,1042.0,6.0,0.660367084817882,1247.0,-205.0,2.0
2011,HARYANA,MAHENDRAGARH,56.0,48.0,46.0,34.0,86.0,715.0,985.0,6.0,1.0149695693099448,817.0,168.0,3.0
2011,HARYANA,MEWAT,61.0,37.0,32.0,22.0,84.0,452.0,688.0,6.0,1.157558158089028,849.0,-161.0,3.0
2011,HARYANA,PALWAL,100.0,86.0,54.0,26.0,161.0,758.0,1185.0,6.0,1.1805608015362727,1146.0,39.0,4.0
2011,HARYANA,PANCHKULA,31.0,26.0,17.0,18.0,0.0,623.0,715.0,5.0,0.5581875594446818,747.0,-32.0,2.0
2011,HARYANA,PANIPAT,83.0,76.0,90.0,50.0,130.0,1277.0,1706.0,6.0,0.9573168496091928,1458.0,248.0,4.0
2011,HARYANA,REWARI,69.0,36.0,26.0,50.0,55.0,881.0,1117.0,6.0,0.8447341316572431,1022.0,95.0,3.0
2011,HARYANA,ROHTAK,128.0,95.0,47.0,64.0,117.0,1356.0,1807.0,6.0,0.9483168806547886,1583.0,224.0,4.0
2011,HARYANA,SIRSA,76.0,47.0,60.0,18.0,41.0,919.0,1161.0,6.0,0.8290986202014712,856.0,305.0,3.0
2011,HARYANA,SONIPAT,149.0,46.0,54.0,46.0,5.0,1039.0,1339.0,6.0,0.8231407259065506,1695.0,-356.0,4.0
2011,HARYANA,YAMUNANAGAR,107.0,50.0,50.0,25.0,9.0,821.0,1062.0,6.0,0.846646136351401,912.0,150.0,3.0
2011,HIMACHAL PRADESH,BADDIPOLICEDIST,11.0,15.0,17.0,0.0,27.0,167.0,237.0,5.0,1.0003184115064987,132.0,105.0,1.0
2011,HIMACHAL PRADESH,BILASPUR,10.0,26.0,3.0,0.0,57.0,142.0,238.0,5.0,1.0806170508544508,237.0,1.0,1.0
2011,HIMACHAL PRADESH,CHAMBA,18.0,35.0,19.0,1.0,34.0,141.0,248.0,6.0,1.2792367430250868,237.0,11.0,1.0
2011,HIMACHAL PRADESH,CID,0.0,0.0,0.0,0.0,0.0,0.0,0.0,0.0,0.0,0.0,0.0,1.0
2011,HIMACHAL PRADESH,G.R.P.,0.0,0.0,0.0,0.0,0.0,8.0,8.0,1.0,-0.0,5.0,3.0,1.0
2011,HIMACHAL PRADESH,HAMIRPUR,8.0,22.0,8.0,0.0,26.0,86.0,150.0,5.0,1.216912786715452,239.0,-89.0,1.0
2011,HIMACHAL PRADESH,KANGRA,30.0,92.0,68.0,4.0,105.0,482.0,781.0,6.0,1.1843304998092627,669.0,112.0,3.0
2011,HIMACHAL PRADESH,KINNAUR,3.0,10.0,1.0,0.0,10.0,35.0,59.0,5.0,1.1320337002105547,70.0,-11.0,1.0
2011,HIMACHAL PRADESH,KULLU,15.0,58.0,13.0,0.0,26.0,171.0,283.0,5.0,1.1457798749374466,203.0,80.0,2.0
2011,HIMACHAL PRADESH,LAHAUL-SPITI,0.0,1.0,0.0,0.0,1.0,2.0,4.0,3.0,1.0397207708399179,9.0,-5.0,1.0
2011,HIMACHAL PRADESH,MANDI,18.0,81.0,17.0,0.0,99.0,243.0,458.0,5.0,1.2232174463093122,473.0,-15.0,2.0
2011,HIMACHAL PRADESH,SHIMLA,32.0,67.0,24.0,2.0,107.0,495.0,727.0,6.0,1.0297430959142866,560.0,167.0,2.0
2011,HIMACHAL PRADESH,SIRMAUR,13.0,45.0,17.0,1.0,65.0,154.0,295.0,6.0,1.2807561907447846,299.0,-4.0,2.0
2011,HIMACHAL PRADESH,SOLAN,17.0,19.0,13.0,2.0,42.0,248.0,341.0,6.0,0.9546037192833557,268.0,73.0,2.0
2011,HIMACHAL PRADESH,UNA,11.0,28.0,12.0,1.0,41.0,165.0,258.0,6.0,1.1179405461169034,285.0,-27.0,1.0
2011,JAMMU & KASHMIR,ANANTNAG,14.0,152.0,112.0,10.0,152.0,314.0,754.0,6.0,1.4251090748487198,729.0,25.0,4.0
2011,JAMMU & KASHMIR,AWANTIPORA,12.0,17.0,26.0,4.0,23.0,74.0,156.0,6.0,1.4674433281281989,186.0,-30.0,1.0
2011,JAMMU & KASHMIR,BANDIPORA,13.0,62.0,59.0,2.0,90.0,122.0,348.0,6.0,1.4778889313304107,347.0,1.0,2.0
2011,JAMMU & KASHMIR,BARAMULLA,20.0,106.0,77.0,4.0,79.0,203.0,489.0,6.0,1.4520259281976742,533.0,-44.0,3.0
2011,JAMMU & KASHMIR,BUDGAM,18.0,102.0,101.0,4.0,178.0,342.0,745.0,6.0,1.3606204435205322,818.0,-73.0,4.0
2011,JAMMU & KASHMIR,CRIME JAMMU,0.0,0.0,0.0,0.0,0.0,16.0,16.0,1.0,-0.0,19.0,-3.0,1.0
2011,JAMMU & KASHMIR,CRIME SRINAGAR,0.0,0.0,0.0,0.0,0.0,23.0,23.0,1.0,-0.0,,,1.0
2011,JAMMU & KASHMIR,DODA,22.0,41.0,47.0,0.0,37.0,104.0,251.0,5.0,1.4703256791012207,283.0,-32.0,2.0
2011,JAMMU & KASHMIR,GANDERBAL,10.0,66.0,32.0,4.0,73.0,90.0,275.0,6.0,1.4924867348618012,197.0,78.0,2.0
2011,JAMMU & KASHMIR,HANDWARA,22.0,82.0,33.0,2.0,63.0,95.0,297.0,6.0,1.519453523975146,238.0,59.0,2.0
2011,JAMMU & KASHMIR,JAMMU,103.0,73.0,68.0,2.0,73.0,1027.0,1346.0,6.0,0.8796897486110312,1210.0,136.0,4.0
2011,JAMMU & KASHMIR,KARGIL,3.0,3.0,1.0,0.0,11.0,11.0,29.0,5.0,1.3209037702081015,37.0,-8.0,1.0
2011,JAMMU & KASHMIR,KATHUA,32.0,49.0,38.0,1.0,41.0,159.0,320.0,6.0,1.3994358693734346,288.0,32.0,2.0
2011,JAMMU & KASHMIR,KISHTWAR,19.0,16.0,25.0,1.0,7.0,49.0,117.0,6.0,1.470736144776288,117.0,0.0,1.0
2011,JAMMU & KASHMIR,KULGAM,17.0,78.0,46.0,8.0,59.0,139.0,347.0,6.0,1.5057872070411402,404.0,-57.0,2.0
2011,JAMMU & KASHMIR,KUPWARA,35.0,56.0,46.0,1.0,162.0,152.0,452.0,6.0,1.437144952955956,318.0,134.0,3.0
2011,JAMMU & KASHMIR,LEH,1.0,10.0,1.0,0.0,4.0,27.0,43.0,5.0,1.0272786329834018,38.0,5.0,1.0
2011,JAMMU & KASHMIR,POONCH,28.0,49.0,32.0,0.0,117.0,90.0,316.0,5.0,1.4612431930711558,337.0,-21.0,3.0
2011,JAMMU & KASHMIR,PULWAMA,17.0,16.0,39.0,3.0,74.0,97.0,246.0,6.0,1.436434912835658,380.0,-134.0,2.0
2011,JAMMU & KASHMIR,RAJOURI,53.0,62.0,43.0,1.0,47.0,161.0,367.0,6.0,1.4718401905375331,344.0,23.0,3.0
2011,JAMMU & KASHMIR,RAMBAN,11.0,25.0,16.0,0.0,7.0,70.0,129.0,5.0,1.276663558120076,138.0,-9.0,1.0
2011,JAMMU & KASHMIR,REASI,21.0,22.0,17.0,1.0,8.0,71.0,140.0,6.0,1.3745828824778572,140.0,0.0,1.0
2011,JAMMU & KASHMIR,SAMBA,26.0,9.0,11.0,0.0,20.0,82.0,148.0,5.0,1.2666176593579315,147.0,1.0,1.0
2011,JAMMU & KASHMIR,SHOPIAN,36.0,85.0,29.0,11.0,47.0,203.0,411.0,6.0,1.4195707894783705,432.0,-21.0,2.0
2011,JAMMU & KASHMIR,SOPORE,57.0,62.0,42.0,6.0,22.0,205.0,394.0,6.0,1.374094780821052,557.0,-163.0,2.0
2011,JAMMU & KASHMIR,SRINAGAR,76.0,185.0,118.0,35.0,170.0,913.0,1497.0,6.0,1.2463919832024741,1579.0,-82.0,4.0
2011,JAMMU & KASHMIR,UDHAMPUR,25.0,43.0,18.0,2.0,43.0,120.0,251.0,6.0,1.4145083147953386,191.0,60.0,2.0
2011,JHARKHAND,BOKARO,81.0,50.0,57.0,53.0,114.0,960.0,1315.0,6.0,1.0031786353456398,1231.0,84.0,4.0
2011,JHARKHAND,CHAIBASA,158.0,37.0,14.0,32.0,18.0,164.0,423.0,6.0,1.3907548852032485,492.0,-69.0,3.0
2011,JHARKHAND,CHATRA,65.0,13.0,22.0,46.0,91.0,140.0,377.0,6.0,1.552621562352696,344.0,33.0,3.0
2011,JHARKHAND,DEOGHAR,117.0,50.0,24.0,37.0,131.0,420.0,779.0,6.0,1.3458023380212023,810.0,-31.0,4.0
2011,JHARKHAND,DHANBAD,109.0,66.0,99.0,97.0,219.0,1153.0,1743.0,6.0,1.1549660650754356,1759.0,-16.0,5.0
2011,JHARKHAND,DHANBAD RLY.,4.0,8.0,3.0,9.0,3.0,212.0,239.0,6.0,0.5218874224904249,237.0,2.0,1.0
2011,JHARKHAND,DUMKA,93.0,53.0,28.0,19.0,94.0,388.0,675.0,6.0,1.2982044353498723,595.0,80.0,3.0
2011,JHARKHAND,GARHWA,135.0,73.0,33.0,35.0,223.0,221.0,720.0,6.0,1.559763950837082,592.0,128.0,4.0
2011,JHARKHAND,GIRIDIH,69.0,87.0,63.0,51.0,268.0,574.0,1112.0,6.0,1.3601189510370497,1025.0,87.0,5.0
2011,JHARKHAND,GODDA,64.0,50.0,38.0,17.0,32.0,162.0,363.0,6.0,1.5328140636802168,657.0,-294.0,3.0
2011,JHARKHAND,GUMLA,260.0,56.0,52.0,49.0,56.0,165.0,638.0,6.0,1.5441353294362874,544.0,94.0,4.0
2011,JHARKHAND,HAZARIBAGH,119.0,47.0,58.0,46.0,141.0,460.0,871.0,6.0,1.3971561427349344,884.0,-13.0,4.0
2011,JHARKHAND,JAMSHEDPUR,126.0,71.0,73.0,47.0,135.0,1125.0,1577.0,6.0,1.0398014848149417,1798.0,-221.0,4.0
2011,JHARKHAND,JAMSHEDPUR RLY.,8.0,6.0,8.0,11.0,0.0,157.0,190.0,5.0,0.6984500673041064,192.0,-2.0,1.0
2011,JHARKHAND,JAMTARA,34.0,25.0,11.0,9.0,56.0,147.0,282.0,6.0,1.366966263870365,267.0,15.0,2.0
2011,JHARKHAND,KHUNTI,147.0,17.0,13.0,29.0,15.0,62.0,283.0,6.0,1.3724531778150877,191.0,92.0,3.0
2011,JHARKHAND,KODERMA,66.0,14.0,24.0,17.0,88.0,255.0,464.0,6.0,1.3016738236591328,373.0,91.0,3.0
2011,JHARKHAND,LATEHAR,67.0,31.0,27.0,16.0,70.0,97.0,308.0,6.0,1.6305586932512663,280.0,28.0,3.0
2011,JHARKHAND,LOHARDAGGA,43.0,32.0,26.0,17.0,31.0,168.0,317.0,6.0,1.4283344471242345,256.0,61.0,2.0
2011,JHARKHAND,PAKUR,36.0,45.0,19.0,8.0,79.0,135.0,322.0,6.0,1.4879526567376753,318.0,4.0,2.0
2011,JHARKHAND,PALAMU,165.0,34.0,63.0,78.0,185.0,382.0,907.0,6.0,1.5178221222185524,987.0,-80.0,5.0
2011,JHARKHAND,RAMGARH,55.0,32.0,31.0,46.0,36.0,308.0,508.0,6.0,1.2939550763280963,376.0,132.0,3.0
2011,JHARKHAND,RANCHI,195.0,59.0,66.0,83.0,94.0,582.0,1079.0,6.0,1.3818936569686935,2972.0,-1893.0,5.0
2011,JHARKHAND,SAHEBGANJ,123.0,75.0,54.0,23.0,61.0,178.0,514.0,6.0,1.6189692433278595,463.0,51.0,4.0
2011,JHARKHAND,SARAIKELA,113.0,39.0,16.0,35.0,27.0,273.0,503.0,6.0,1.317517158391732,534.0,-31.0,3.0
2011,JHARKHAND,SIMDEGA,96.0,31.0,19.0,13.0,4.0,79.0,242.0,6.0,1.4201308263199575,234.0,8.0,2.0
2011,KARNATAKA,BAGALKOT,78.0,53.0,15.0,21.0,194.0,316.0,677.0,6.0,1.3543278364860925,653.0,24.0,3.0
2011,KARNATAKA,BANGALORE COMMR.,695.0,347.0,573.0,826.0,394.0,15163.0,17998.0,6.0,0.6810183406747367,17780.0,218.0,5.0
2011,KARNATAKA,BELGAUM,259.0,266.0,53.0,90.0,575.0,1096.0,2339.0,6.0,1.4022130009957652,2292.0,47.0,5.0
2011,KARNATAKA,BELLARY,116.0,71.0,21.0,36.0,198.0,637.0,1079.0,6.0,1.2311972598903222,996.0,83.0,4.0
2011,KARNATAKA,BIDAR,85.0,41.0,13.0,11.0,161.0,318.0,629.0,6.0,1.293031982183858,670.0,-41.0,3.0
2011,KARNATAKA,BIJAPUR,124.0,73.0,43.0,28.0,294.0,365.0,927.0,6.0,1.448580566370852,924.0,3.0,4.0
2011,KARNATAKA,CBPURA,104.0,71.0,23.0,36.0,229.0,584.0,1047.0,6.0,1.2696971179220822,880.0,167.0,4.0
2011,KARNATAKA,CHAMARAJNAGAR,68.0,82.0,7.0,11.0,148.0,220.0,536.0,6.0,1.4064080454244927,479.0,57.0,3.0
2011,KARNATAKA,CHICKMAGALUR,65.0,63.0,17.0,25.0,137.0,356.0,663.0,6.0,1.3285971473528013,714.0,-51.0,3.0
2011,KARNATAKA,CHITRADURGA,62.0,120.0,30.0,45.0,296.0,534.0,1087.0,6.0,1.340951633228996,1195.0,-108.0,4.0
2011,KARNATAKA,DAKSHIN KANNADA,43.0,52.0,6.0,14.0,100.0,254.0,469.0,6.0,1.285158077204154,1216.0,-747.0,2.0
2011,KARNATAKA,DAVANAGERE,60.0,76.0,17.0,32.0,218.0,394.0,797.0,6.0,1.332841171531694,958.0,-161.0,3.0
2011,KARNATAKA,DHARWAD COMMR.,49.0,29.0,23.0,53.0,97.0,556.0,807.0,6.0,1.0811963466097094,876.0,-69.0,3.0
2011,KARNATAKA,GADAG,42.0,53.0,10.0,7.0,100.0,148.0,360.0,6.0,1.4301061079074062,321.0,39.0,2.0
2011,KARNATAKA,GULBARGA,209.0,147.0,85.0,91.0,466.0,758.0,1756.0,6.0,1.4756323091430699,1625.0,131.0,5.0
2011,KARNATAKA,HASSAN,147.0,133.0,27.0,109.0,194.0,820.0,1430.0,6.0,1.3158153311384624,1529.0,-99.0,5.0
2011,KARNATAKA,HAVERI,51.0,89.0,22.0,13.0,256.0,239.0,670.0,6.0,1.3881743773187687,628.0,42.0,4.0
2011,KARNATAKA,K.G.F.,34.0,18.0,12.0,15.0,63.0,172.0,314.0,6.0,1.3266250876036352,298.0,16.0,2.0
2011,KARNATAKA,KODAGU,58.0,41.0,11.0,12.0,41.0,266.0,429.0,6.0,1.2096519072366052,493.0,-64.0,2.0
2011,KARNATAKA,KOLAR,82.0,38.0,18.0,23.0,190.0,322.0,673.0,6.0,1.340775816525018,693.0,-20.0,3.0
2011,KARNATAKA,KOPPAL,55.0,36.0,21.0,13.0,116.0,257.0,498.0,6.0,1.3426917722097784,549.0,-51.0,3.0
2011,KARNATAKA,MANDYA,129.0,129.0,34.0,82.0,417.0,1000.0,1791.0,6.0,1.2601379615748565,1827.0,-36.0,5.0
2011,KARNATAKA,MYSORE COMMR.,66.0,34.0,25.0,205.0,76.0,1125.0,1531.0,6.0,0.9319985707159013,1778.0,-247.0,4.0
2011,KARNATAKA,RAICHUR,86.0,178.0,37.0,23.0,320.0,365.0,1009.0,6.0,1.455390023450124,926.0,83.0,4.0
2011,KARNATAKA,RAMANAGAR,129.0,120.0,52.0,91.0,324.0,770.0,1486.0,6.0,1.376488384560857,1470.0,16.0,5.0
2011,KARNATAKA,SHIMOGA,132.0,146.0,25.0,68.0,318.0,653.0,1342.0,6.0,1.3864639738161995,1614.0,-272.0,5.0
2011,KARNATAKA,TUMKUR,202.0,166.0,40.0,102.0,373.0,934.0,1817.0,6.0,1.3756177994392835,1727.0,90.0,5.0
2011,KARNATAKA,UDUPI,31.0,50.0,9.0,28.0,100.0,421.0,639.0,6.0,1.1084225409652184,604.0,35.0,2.0
2011,KARNATAKA,UTTAR KANNADA,63.0,84.0,7.0,3.0,106.0,205.0,468.0,6.0,1.3714065513147637,519.0,-51.0,2.0
2011,KARNATAKA,YADGIRI,46.0,78.0,26.0,9.0,192.0,164.0,515.0,6.0,1.4553445132901954,527.0,-12.0,3.0
2011,KERALA,ALAPUZHA,44.0,301.0,15.0,36.0,485.0,774.0,1655.0,6.0,1.2474470366656067,1512.0,143.0,5.0
2011,KERALA,ERNAKULAM COMMR.,62.0,211.0,11.0,37.0,510.0,625.0,1456.0,6.0,1.275035138092837,1035.0,421.0,5.0
2011,KERALA,IDUKKI,52.0,223.0,10.0,26.0,304.0,451.0,1066.0,6.0,1.3307225159232203,1042.0,24.0,4.0
2011,KERALA,KANNUR,68.0,216.0,14.0,100.0,1126.0,678.0,2202.0,6.0,1.2133842922850977,1723.0,479.0,5.0
2011,KERALA,KASARGOD,43.0,261.0,15.0,40.0,660.0,441.0,1460.0,6.0,1.2777023697347747,990.0,470.0,5.0
2011,KERALA,KOLLAM COMMR.,58.0,243.0,21.0,20.0,620.0,434.0,1396.0,6.0,1.2841337287445542,,,5.0
2011,KERALA,KOTTAYAM,77.0,309.0,24.0,33.0,513.0,663.0,1619.0,6.0,1.3325183449273492,1552.0,67.0,5.0
2011,KERALA,KOZHIKODE COMMR.,20.0,138.0,11.0,48.0,456.0,598.0,1271.0,6.0,1.1937479867298375,1163.0,108.0,5.0
2011,KERALA,MALAPPURAM,38.0,315.0,24.0,67.0,832.0,1054.0,2330.0,6.0,1.213404040137752,1880.0,450.0,5.0
2011,KERALA,PALAKKAD,96.0,241.0,13.0,41.0,708.0,679.0,1778.0,6.0,1.2856479888063892,1397.0,381.0,5.0
2011,KERALA,PATHANAMTHITTA,43.0,190.0,17.0,20.0,425.0,480.0,1175.0,6.0,1.2798313604751463,965.0,210.0,5.0
2011,KERALA,THRISSUR COMMR.,32.0,128.0,12.0,35.0,372.0,904.0,1483.0,6.0,1.0702500291203827,,,4.0
2011,KERALA,TRIVANDRUM COMMR.,40.0,280.0,25.0,81.0,540.0,1022.0,1988.0,6.0,1.2361660676571318,1925.0,63.0,5.0
2011,KERALA,WAYANADU,22.0,127.0,8.0,14.0,212.0,351.0,734.0,6.0,1.2449268984112976,542.0,192.0,4.0
2011,MADHYA PRADESH,ALIRAJPUR,115.0,47.0,19.0,6.0,21.0,89.0,297.0,6.0,1.462275446681388,307.0,-10.0,2.0
2011,MADHYA PRADESH,ANUPPUR,63.0,117.0,7.0,19.0,26.0,185.0,417.0,6.0,1.3850433263321296,389.0,28.0,3.0
2011,MADHYA PRADESH,ASHOK NAGAR,49.0,141.0,7.0,18.0,33.0,198.0,446.0,6.0,1.3546148635847,499.0,-53.0,2.0
2011,MADHYA PRADESH,BALAGHAT,76.0,159.0,7.0,12.0,40.0,211.0,505.0,6.0,1.3625208110899565,521.0,-16.0,3.0
2011,MADHYA PRADESH,BARWANI,70.0,97.0,8.0,8.0,33.0,227.0,443.0,6.0,1.3051699957294856,435.0,8.0,2.0
2011,MADHYA PRADESH,BETUL,84.0,308.0,19.0,19.0,17.0,320.0,767.0,6.0,1.2409543750700112,747.0,20.0,4.0
2011,MADHYA PRADESH,BHIND,169.0,122.0,22.0,82.0,72.0,386.0,853.0,6.0,1.4858397963643766,679.0,174.0,4.0
2011,MADHYA PRADESH,BHOPAL,211.0,290.0,40.0,165.0,127.0,3812.0,4645.0,6.0,0.7337163837592335,4248.0,397.0,5.0
2011,MADHYA PRADESH,BHOPAL RLY.,10.0,8.0,0.0,28.0,5.0,1162.0,1213.0,5.0,0.22345067037601005,923.0,290.0,1.0
2011,MADHYA PRADESH,BURHANPUR,23.0,70.0,2.0,11.0,9.0,134.0,249.0,6.0,1.2067712472230383,301.0,-52.0,2.0
2011,MADHYA PRADESH,CHHATARPUR,141.0,262.0,44.0,76.0,112.0,643.0,1278.0,6.0,1.410857258135654,1172.0,106.0,5.0
2011,MADHYA PRADESH,CHHINDWARA,99.0,300.0,24.0,13.0,89.0,529.0,1054.0,6.0,1.274853650833057,1114.0,-60.0,4.0
2011,MADHYA PRADESH,DAMOH,101.0,245.0,21.0,22.0,41.0,321.0,751.0,6.0,1.3607366847733067,787.0,-36.0,3.0
2011,MADHYA PRADESH,DATIYA,96.0,90.0,19.0,39.0,40.0,275.0,559.0,6.0,1.4350031913362813,573.0,-14.0,3.0
2011,MADHYA PRADESH,DEWAS,112.0,264.0,26.0,29.0,81.0,926.0,1438.0,6.0,1.1067356254265595,1463.0,-25.0,4.0
2011,MADHYA PRADESH,DHAR,147.0,292.0,43.0,29.0,64.0,763.0,1338.0,6.0,1.234069297662536,1330.0,8.0,5.0
2011,MADHYA PRADESH,DINDORI,31.0,113.0,6.0,2.0,9.0,69.0,230.0,6.0,1.2436721435177212,238.0,-8.0,2.0
2011,MADHYA PRADESH,GUNA,90.0,197.0,26.0,27.0,82.0,494.0,916.0,6.0,1.312510213988229,804.0,112.0,4.0
2011,MADHYA PRADESH,GWALIOR,285.0,245.0,90.0,215.0,159.0,3231.0,4225.0,6.0,0.9090962583547855,4390.0,-165.0,5.0
2011,MADHYA PRADESH,HARDA,41.0,112.0,15.0,8.0,19.0,169.0,364.0,6.0,1.3342916778123979,379.0,-15.0,2.0
2011,MADHYA PRADESH,HOSHANGABAD,114.0,208.0,28.0,70.0,51.0,524.0,995.0,6.0,1.3526164187903775,1103.0,-108.0,4.0
2011,MADHYA PRADESH,INDORE,276.0,468.0,66.0,222.0,157.0,4903.0,6092.0,6.0,0.7760906689834597,6056.0,36.0,5.0
2011,MADHYA PRADESH,INDORE RLY.,8.0,6.0,1.0,6.0,1.0,262.0,284.0,6.0,0.3776964003105626,180.0,104.0,1.0
2011,MADHYA PRADESH,JABALPUR,226.0,376.0,39.0,69.0,109.0,1365.0,2184.0,6.0,1.1620052091956574,1904.0,280.0,5.0
2011,MADHYA PRADESH,JABALPUR RLY.,6.0,6.0,2.0,27.0,4.0,450.0,495.0,6.0,0.41348383719006915,415.0,80.0,1.0
2011,MADHYA PRADESH,JHABUA,32.0,104.0,35.0,30.0,42.0,183.0,426.0,6.0,1.5222529708229628,421.0,5.0,3.0
2011,MADHYA PRADESH,KATNI,71.0,202.0,8.0,8.0,27.0,337.0,653.0,6.0,1.1851805692110147,712.0,-59.0,3.0
2011,MADHYA PRADESH,KHANDWA,66.0,200.0,13.0,21.0,32.0,424.0,756.0,6.0,1.1922602478323312,767.0,-11.0,3.0
2011,MADHYA PRADESH,KHARGON,69.0,157.0,13.0,24.0,40.0,536.0,839.0,6.0,1.1166533020205396,936.0,-97.0,3.0
2011,MADHYA PRADESH,MANDLA,52.0,164.0,9.0,8.0,11.0,158.0,402.0,6.0,1.2588396899177519,343.0,59.0,2.0
2011,MADHYA PRADESH,MANDSAUR,89.0,149.0,26.0,42.0,31.0,562.0,899.0,6.0,1.1822319628055604,770.0,129.0,3.0
2011,MADHYA PRADESH,MORENA,159.0,125.0,28.0,71.0,120.0,642.0,1145.0,6.0,1.3399182714700482,981.0,164.0,4.0
2011,MADHYA PRADESH,NARSINGHPUR,79.0,173.0,18.0,16.0,50.0,300.0,636.0,6.0,1.3611265034985411,663.0,-27.0,3.0
2011,MADHYA PRADESH,NEEMUCH,33.0,74.0,17.0,27.0,44.0,422.0,617.0,6.0,1.0949915926700955,629.0,-12.0,2.0
2011,MADHYA PRADESH,PANNA,53.0,135.0,10.0,19.0,15.0,224.0,456.0,6.0,1.2882006457564577,527.0,-71.0,2.0
2011,MADHYA PRADESH,RAISEN,120.0,297.0,36.0,19.0,58.0,427.0,957.0,6.0,1.3546696976105879,868.0,89.0,4.0
2011,MADHYA PRADESH,RAJGARH,77.0,265.0,26.0,27.0,142.0,519.0,1056.0,6.0,1.3417272859686373,960.0,96.0,4.0
2011,MADHYA PRADESH,RATLAM,85.0,228.0,48.0,43.0,75.0,532.0,1011.0,6.0,1.353857080002994,1037.0,-26.0,4.0
2011,MADHYA PRADESH,REWA,93.0,213.0,26.0,59.0,15.0,885.0,1291.0,6.0,1.0170546354733605,1355.0,-64.0,4.0
2011,MADHYA PRADESH,SAGAR,191.0,547.0,106.0,57.0,113.0,951.0,1965.0,6.0,1.3582160317235452,1950.0,15.0,5.0
2011,MADHYA PRADESH,SATNA,105.0,260.0,20.0,45.0,51.0,823.0,1304.0,6.0,1.1218546422047804,1333.0,-29.0,4.0
2011,MADHYA PRADESH,SEONI,59.0,172.0,12.0,9.0,31.0,278.0,561.0,6.0,1.25579945607373,645.0,-84.0,3.0
2011,MADHYA PRADESH,SHAHDOL,66.0,223.0,22.0,18.0,26.0,391.0,746.0,6.0,1.2248847026592555,670.0,76.0,3.0
2011,MADHYA PRADESH,SHAJAPUR,85.0,185.0,13.0,27.0,43.0,561.0,914.0,6.0,1.1521542536824436,935.0,-21.0,3.0
2011,MADHYA PRADESH,SHEOPUR,25.0,46.0,11.0,10.0,30.0,104.0,226.0,6.0,1.4778594516993064,251.0,-25.0,2.0
2011,MADHYA PRADESH,SHIVPURI,111.0,261.0,27.0,52.0,68.0,443.0,962.0,6.0,1.4054719563962537,817.0,145.0,4.0
2011,MADHYA PRADESH,SIDHI,38.0,125.0,32.0,9.0,18.0,292.0,514.0,6.0,1.218711858407545,609.0,-95.0,2.0
2011,MADHYA PRADESH,SIHORE,103.0,201.0,26.0,32.0,73.0,565.0,1000.0,6.0,1.2752897704948891,866.0,134.0,4.0
2011,MADHYA PRADESH,SINGRAULI,63.0,132.0,25.0,12.0,37.0,197.0,466.0,6.0,1.4441143588199625,572.0,-106.0,3.0
2011,MADHYA PRADESH,TIKAMGARH,71.0,229.0,23.0,49.0,60.0,293.0,725.0,6.0,1.4554965930160926,717.0,8.0,4.0
2011,MADHYA PRADESH,UJJAIN,217.0,277.0,43.0,74.0,129.0,1584.0,2324.0,6.0,1.080266643097549,2222.0,102.0,5.0
2011,MADHYA PRADESH,UMARIYA,32.0,100.0,4.0,9.0,13.0,153.0,311.0,6.0,1.239014424240493,243.0,68.0,2.0
2011,MADHYA PRADESH,VIDISHA,103.0,284.0,30.0,31.0,69.0,627.0,1144.0,6.0,1.254871727876464,1178.0,-34.0,4.0
2011,MAHARASHTRA,AHMEDNAGAR,218.0,238.0,82.0,225.0,722.0,2553.0,4038.0,6.0,1.1621567552146292,3654.0,384.0,5.0
2011,MAHARASHTRA,AKOLA,92.0,123.0,40.0,72.0,151.0,1210.0,1688.0,6.0,1.0272581220830719,2050.0,-362.0,4.0
2011,MAHARASHTRA,AMRAVATI COMMR.,59.0,71.0,20.0,70.0,76.0,1329.0,1625.0,6.0,0.7544446438305639,1590.0,35.0,3.0
2011,MAHARASHTRA,AURANGABAD COMMR.,160.0,81.0,35.0,175.0,180.0,1447.0,2078.0,6.0,1.0649731961295195,2129.0,-51.0,5.0
2011,MAHARASHTRA,BEED,141.0,131.0,58.0,136.0,378.0,1031.0,1875.0,6.0,1.330063105380427,1704.0,171.0,5.0
2011,MAHARASHTRA,BHANDARA,52.0,53.0,12.0,22.0,45.0,665.0,849.0,6.0,0.8460966979348538,904.0,-55.0,2.0
2011,MAHARASHTRA,BULDHANA,102.0,150.0,28.0,46.0,278.0,925.0,1529.0,6.0,1.2010417838245309,1580.0,-51.0,4.0
2011,MAHARASHTRA,CHANDRAPUR,95.0,164.0,30.0,51.0,118.0,983.0,1441.0,6.0,1.0912987178762477,1468.0,-27.0,4.0
2011,MAHARASHTRA,DHULE,81.0,68.0,27.0,98.0,227.0,734.0,1235.0,6.0,1.2435545124275766,1138.0,97.0,4.0
2011,MAHARASHTRA,GADCHIROLI,110.0,44.0,5.0,12.0,61.0,169.0,401.0,6.0,1.4075787788632597,464.0,-63.0,2.0
2011,MAHARASHTRA,GONDIA,61.0,98.0,24.0,24.0,56.0,590.0,853.0,6.0,1.0719381009113518,832.0,21.0,3.0
2011,MAHARASHTRA,HINGOLI,72.0,60.0,12.0,18.0,163.0,312.0,637.0,6.0,1.3429164639393065,684.0,-47.0,3.0
2011,MAHARASHTRA,JALGAON,157.0,194.0,57.0,101.0,387.0,1671.0,2567.0,6.0,1.1426341332470908,2324.0,243.0,5.0
2011,MAHARASHTRA,JALNA,89.0,88.0,20.0,68.0,221.0,822.0,1308.0,6.0,1.1744349542075867,1272.0,36.0,4.0
2011,MAHARASHTRA,KOLHAPUR,108.0,101.0,38.0,74.0,254.0,1558.0,2133.0,6.0,0.9666846920771532,1758.0,375.0,5.0
2011,MAHARASHTRA,LATUR,119.0,74.0,37.0,66.0,306.0,794.0,1396.0,6.0,1.259733763446519,1373.0,23.0,5.0
2011,MAHARASHTRA,MUMBAI COMMR.,387.0,774.0,221.0,495.0,425.0,18227.0,20529.0,6.0,0.5229250960505047,21073.0,-544.0,5.0
2011,MAHARASHTRA,MUMBAI RLY.,15.0,11.0,9.0,65.0,6.0,2193.0,2299.0,6.0,0.24146318380956922,2191.0,108.0,2.0
2011,MAHARASHTRA,NAGPUR COMMR.,201.0,113.0,40.0,210.0,170.0,3383.0,4117.0,6.0,0.7358740540911881,3506.0,611.0,5.0
2011,MAHARASHTRA,NAGPUR RLY.,6.0,10.0,0.0,35.0,11.0,1069.0,1131.0,5.0,0.2755008061037476,1039.0,92.0,1.0
2011,MAHARASHTRA,NANDED,169.0,125.0,52.0,74.0,382.0,1130.0,1932.0,6.0,1.2467056043355802,1940.0,-8.0,5.0
2011,MAHARASHTRA,NANDURBAR,60.0,60.0,18.0,22.0,93.0,298.0,551.0,6.0,1.3559878310684694,568.0,-17.0,3.0
2011,MAHARASHTRA,NASIK COMMR.,73.0,62.0,16.0,182.0,132.0,2839.0,3304.0,6.0,0.6033178638513386,3126.0,178.0,4.0
2011,MAHARASHTRA,NAVI MUMBAI,96.0,95.0,32.0,331.0,135.0,3114.0,3803.0,6.0,0.7199114725177176,3723.0,80.0,5.0
2011,MAHARASHTRA,OSMANABAD,77.0,118.0,28.0,41.0,248.0,727.0,1239.0,6.0,1.2298469176216777,1174.0,65.0,4.0
2011,MAHARASHTRA,PARBHANI,123.0,106.0,36.0,77.0,208.0,761.0,1311.0,6.0,1.298402978146265,1325.0,-14.0,4.0
2011,MAHARASHTRA,PUNE COMMR.,233.0,197.0,104.0,565.0,505.0,6764.0,8368.0,6.0,0.765938707910867,8078.0,290.0,5.0
2011,MAHARASHTRA,PUNE RLY.,3.0,4.0,3.0,13.0,1.0,399.0,423.0,6.0,0.29068944107336137,401.0,22.0,1.0
2011,MAHARASHTRA,RAIGAD,55.0,49.0,7.0,25.0,126.0,603.0,865.0,6.0,1.0113730024663559,806.0,59.0,2.0
2011,MAHARASHTRA,RATNAGIRI,29.0,65.0,12.0,20.0,103.0,459.0,688.0,6.0,1.0841792317025258,740.0,-52.0,2.0
2011,MAHARASHTRA,SANGLI,86.0,91.0,22.0,32.0,190.0,954.0,1375.0,6.0,1.0338626234050594,1407.0,-32.0,4.0
2011,MAHARASHTRA,SATARA,98.0,114.0,41.0,156.0,254.0,1545.0,2208.0,6.0,1.051126746512519,2187.0,21.0,5.0
2011,MAHARASHTRA,SINDHUDURG,21.0,19.0,10.0,20.0,57.0,248.0,375.0,6.0,1.1253152006027856,398.0,-23.0,2.0
2011,MAHARASHTRA,SOLAPUR COMMR.,55.0,53.0,29.0,99.0,119.0,847.0,1202.0,6.0,1.0498673855697431,829.0,373.0,4.0
2011,MAHARASHTRA,THANE COMMR.,196.0,240.0,92.0,299.0,302.0,5065.0,6194.0,6.0,0.7558997852846663,6211.0,-17.0,5.0
2011,MAHARASHTRA,WARDHA,72.0,122.0,26.0,44.0,142.0,991.0,1397.0,6.0,1.0247746086428084,1576.0,-179.0,4.0
2011,MAHARASHTRA,WASHIM,70.0,93.0,27.0,30.0,156.0,595.0,971.0,6.0,1.2151735228028935,853.0,118.0,3.0
2011,MAHARASHTRA,YAVATMAL,132.0,162.0,54.0,77.0,170.0,1295.0,1890.0,6.0,1.1041211097003243,1828.0,62.0,4.0
2011,MANIPUR,BISHNUPUR,30.0,13.0,18.0,0.0,17.0,60.0,138.0,5.0,1.4400634292059196,139.0,-1.0,1.0
2011,MANIPUR,CHANDEL,10.0,1.0,0.0,0.0,3.0,6.0,20.0,4.0,1.1421200429883351,22.0,-2.0,1.0
2011,MANIPUR,CHURACHANDPUR,8.0,0.0,7.0,0.0,1.0,19.0,35.0,4.0,1.092455376318321,44.0,-9.0,1.0
2011,MANIPUR,CID,0.0,0.0,0.0,0.0,0.0,1.0,1.0,1.0,-0.0,2.0,-1.0,1.0
2011,MANIPUR,IMPHAL EAST,54.0,18.0,36.0,1.0,22.0,116.0,247.0,6.0,1.396603283659382,221.0,26.0,2.0
2011,MANIPUR,IMPHAL WEST,144.0,28.0,61.0,2.0,35.0,586.0,856.0,6.0,1.0042481561139378,558.0,298.0,3.0
2011,MANIPUR,SENAPATI,14.0,0.0,5.0,2.0,39.0,28.0,88.0,5.0,1.2664173028660937,95.0,-7.0,1.0
2011,MANIPUR,TAMENGLONG,4.0,1.0,0.0,2.0,13.0,4.0,24.0,5.0,1.2688458763029875,20.0,4.0,1.0
2011,MANIPUR,THOUBAL,48.0,29.0,39.0,1.0,31.0,108.0,256.0,6.0,1.4886465551799608,202.0,54.0,2.0
2011,MANIPUR,UKHRUL,15.0,1.0,3.0,0.0,8.0,11.0,38.0,5.0,1.349981680338011,31.0,7.0,1.0
2011,MEGHALAYA,GARO HILLS EAST,30.0,3.0,12.0,17.0,0.0,78.0,140.0,5.0,1.204938469437384,108.0,32.0,1.0
2011,MEGHALAYA,GARO HILLS SOUTH,16.0,4.0,6.0,3.0,0.0,43.0,72.0,5.0,1.1421578460089457,38.0,34.0,1.0
2011,MEGHALAYA,GARO HILLS WEST,29.0,30.0,25.0,19.0,14.0,215.0,332.0,6.0,1.2035153441954014,351.0,-19.0,2.0
2011,MEGHALAYA,JAINTIA HILLS,56.0,49.0,12.0,12.0,5.0,128.0,262.0,6.0,1.3513074341909346,221.0,41.0,2.0
2011,MEGHALAYA,KHASI HILLS EAST,43.0,74.0,20.0,34.0,14.0,458.0,643.0,6.0,1.0180946245193125,591.0,52.0,2.0
2011,MEGHALAYA,KHASI HILLS WEST,24.0,23.0,8.0,10.0,2.0,74.0,141.0,6.0,1.3463616391985318,156.0,-15.0,1.0
2011,MEGHALAYA,RI-BHOI,26.0,21.0,4.0,17.0,7.0,63.0,138.0,6.0,1.4707743787786582,138.0,0.0,1.0
2011,MIZORAM,AIZAWL,26.0,78.0,1.0,4.0,12.0,640.0,761.0,6.0,0.5962135305572687,866.0,-105.0,2.0
2011,MIZORAM,CHAMPHAI,8.0,20.0,0.0,0.0,0.0,137.0,165.0,3.0,0.5569299306098435,174.0,-9.0,1.0
2011,MIZORAM,KOLASIB,7.0,10.0,2.0,0.0,3.0,79.0,101.0,5.0,0.7882320658972342,128.0,-27.0,1.0
2011,MIZORAM,LAWNGTLAI,2.0,2.0,1.0,0.0,0.0,39.0,44.0,4.0,0.47392843116153405,104.0,-60.0,1.0
2011,MIZORAM,LUNGLEI,6.0,16.0,2.0,1.0,1.0,141.0,167.0,6.0,0.6013865353170758,206.0,-39.0,1.0
2011,MIZORAM,MAMIT,5.0,8.0,0.0,2.0,1.0,42.0,58.0,5.0,0.9043888687424444,70.0,-12.0,1.0
2011,MIZORAM,SAIHA,3.0,7.0,0.0,0.0,0.0,42.0,52.0,3.0,0.6070257978642545,52.0,0.0,1.0
2011,MIZORAM,SERCHHIP,1.0,8.0,0.0,0.0,2.0,37.0,48.0,4.0,0.7123303971079975,44.0,4.0,1.0
2011,NAGALAND,DIMAPUR,25.0,16.0,24.0,50.0,1.0,221.0,337.0,6.0,1.1028671605816707,365.0,-28.0,2.0
2011,NAGALAND,KIPHIRE,0.0,0.0,0.0,0.0,0.0,0.0,0.0,0.0,0.0,15.0,-15.0,1.0
2011,NAGALAND,KOHIMA,21.0,0.0,0.0,5.0,0.0,108.0,134.0,3.0,0.5870014918630151,139.0,-5.0,1.0
2011,NAGALAND,LONGLENG,3.0,1.0,1.0,0.0,0.0,12.0,17.0,4.0,0.8852888344409023,3.0,14.0,1.0
2011,NAGALAND,MOKOKCHUNG,4.0,2.0,2.0,3.0,0.0,23.0,34.0,5.0,1.0637143481722169,48.0,-14.0,1.0
2011,NAGALAND,MON,9.0,2.0,0.0,1.0,1.0,11.0,24.0,5.0,1.1972970154342815,13.0,11.0,1.0
2011,NAGALAND,PEREN,5.0,0.0,0.0,0.0,0.0,7.0,12.0,2.0,0.6791932659915256,14.0,-2.0,1.0
2011,NAGALAND,PHEK,12.0,5.0,0.0,1.0,1.0,14.0,33.0,5.0,1.2294508349743551,29.0,4.0,1.0
2011,NAGALAND,TUENSANG,4.0,2.0,4.0,2.0,0.0,21.0,33.0,5.0,1.1389949916667592,23.0,10.0,1.0
2011,NAGALAND,WOKHA,9.0,1.0,2.0,3.0,0.0,27.0,42.0,5.0,1.0366041943484379,41.0,1.0,1.0
2011,NAGALAND,ZUNHEBOTO,8.0,3.0,1.0,1.0,0.0,36.0,49.0,5.0,0.8522682372154637,62.0,-13.0,1.0
2011,ODISHA,ANGUL,118.0,362.0,44.0,101.0,154.0,691.0,1470.0,6.0,1.4277844651765867,1182.0,288.0,5.0
2011,ODISHA,BALASORE,129.0,292.0,111.0,77.0,65.0,720.0,1394.0,6.0,1.3933365902846833,1149.0,245.0,5.0
2011,ODISHA,BARAGARH,133.0,112.0,16.0,52.0,105.0,331.0,749.0,6.0,1.4947317477669357,751.0,-2.0,4.0
2011,ODISHA,BERHAMPUR,128.0,167.0,20.0,74.0,47.0,439.0,875.0,6.0,1.3956724778503338,679.0,196.0,3.0
2011,ODISHA,BHADRAK,70.0,119.0,55.0,25.0,56.0,321.0,646.0,6.0,1.4475210538768408,556.0,90.0,3.0
2011,ODISHA,BOLANGIR,143.0,218.0,24.0,59.0,100.0,357.0,901.0,6.0,1.5213483212841241,900.0,1.0,4.0
2011,ODISHA,BOUDH,24.0,70.0,19.0,11.0,20.0,92.0,236.0,6.0,1.5150676438546702,152.0,84.0,2.0
2011,ODISHA,CUTTACK,77.0,60.0,46.0,70.0,52.0,355.0,660.0,6.0,1.4260090001295318,535.0,125.0,4.0
2011,ODISHA,DCP BBSR,97.0,78.0,40.0,84.0,51.0,1536.0,1886.0,6.0,0.7694816236452303,1874.0,12.0,4.0
2011,ODISHA,DCP CTC,61.0,36.0,31.0,58.0,30.0,668.0,884.0,6.0,0.937590878449784,880.0,4.0,3.0
2011,ODISHA,DEOGARH,37.0,83.0,9.0,13.0,10.0,54.0,206.0,6.0,1.4836136178070998,172.0,34.0,2.0
2011,ODISHA,DHENKANAL,117.0,202.0,32.0,85.0,80.0,438.0,954.0,6.0,1.4806350084960405,986.0,-32.0,4.0
2011,ODISHA,GAJAPATI,20.0,67.0,6.0,4.0,37.0,56.0,190.0,6.0,1.473611215954554,207.0,-17.0,1.0
2011,ODISHA,GANJAM,287.0,408.0,51.0,121.0,129.0,375.0,1371.0,6.0,1.6017090812635433,1204.0,167.0,5.0
2011,ODISHA,JAGATSINGHPUR,59.0,43.0,47.0,65.0,61.0,317.0,592.0,6.0,1.4326052970081278,522.0,70.0,3.0
2011,ODISHA,JAJPUR,81.0,125.0,49.0,83.0,48.0,513.0,899.0,6.0,1.3462978055039039,786.0,113.0,4.0
2011,ODISHA,JHARSUGUDA,57.0,72.0,14.0,59.0,54.0,433.0,689.0,6.0,1.2232964678491807,665.0,24.0,3.0
2011,ODISHA,KALAHANDI,73.0,143.0,23.0,40.0,79.0,228.0,586.0,6.0,1.5514101475830975,616.0,-30.0,3.0
2011,ODISHA,KANDHAMAL,46.0,102.0,25.0,25.0,24.0,156.0,378.0,6.0,1.5093403556825968,357.0,21.0,2.0
2011,ODISHA,KENDRAPARA,71.0,55.0,44.0,63.0,46.0,254.0,533.0,6.0,1.5258463093928691,530.0,3.0,4.0
2011,ODISHA,KEONJHAR,205.0,209.0,48.0,111.0,67.0,421.0,1061.0,6.0,1.555088501731095,1025.0,36.0,5.0
2011,ODISHA,KHURDA,51.0,43.0,30.0,78.0,52.0,260.0,514.0,6.0,1.4652664179732817,444.0,70.0,3.0
2011,ODISHA,KORAPUT,90.0,179.0,40.0,51.0,79.0,253.0,692.0,6.0,1.5876536781586026,547.0,145.0,4.0
2011,ODISHA,MALKANGIR,67.0,54.0,10.0,27.0,60.0,110.0,328.0,6.0,1.6105547538225136,266.0,62.0,2.0
2011,ODISHA,MAYURBHANJ,176.0,303.0,89.0,27.0,35.0,431.0,1061.0,6.0,1.4357020825619795,996.0,65.0,5.0
2011,ODISHA,NAYAGARH,77.0,29.0,30.0,42.0,43.0,218.0,439.0,6.0,1.4678839902210663,502.0,-63.0,3.0
2011,ODISHA,NOWRANGPUR,64.0,124.0,44.0,14.0,38.0,132.0,416.0,6.0,1.583347025097647,414.0,2.0,3.0
2011,ODISHA,NUAPADA,19.0,55.0,12.0,16.0,20.0,114.0,236.0,6.0,1.4368435264947073,251.0,-15.0,1.0
2011,ODISHA,PURI,114.0,37.0,37.0,119.0,85.0,579.0,971.0,6.0,1.2792845160262805,1010.0,-39.0,4.0
2011,ODISHA,RAYAGADA,88.0,138.0,36.0,31.0,42.0,192.0,527.0,6.0,1.5691964332729156,402.0,125.0,3.0
2011,ODISHA,ROURKELA,111.0,89.0,22.0,81.0,42.0,537.0,882.0,6.0,1.2507148389168345,714.0,168.0,3.0
2011,ODISHA,SAMBALPUR,91.0,78.0,13.0,141.0,83.0,630.0,1036.0,6.0,1.239456161791267,886.0,150.0,4.0
2011,ODISHA,SONEPUR,41.0,58.0,4.0,16.0,33.0,129.0,281.0,6.0,1.4391756798749038,245.0,36.0,2.0
2011,ODISHA,SRP(CUTTACK),8.0,8.0,3.0,16.0,2.0,509.0,546.0,6.0,0.3417569686495677,433.0,113.0,1.0
2011,ODISHA,SRP(ROURKELA),13.0,10.0,0.0,10.0,0.0,318.0,351.0,4.0,0.4142666131212016,330.0,21.0,1.0
2011,ODISHA,SUNDARGARH,106.0,91.0,15.0,51.0,50.0,229.0,542.0,6.0,1.5242694914032728,456.0,86.0,3.0
2011,PUNJAB,AMRITSAR,94.0,32.0,21.0,8.0,8.0,321.0,484.0,6.0,1.0419776860414747,,,2.0
2011,PUNJAB,BARNALA,36.0,11.0,7.0,0.0,2.0,200.0,256.0,5.0,0.7402763956541076,271.0,-15.0,1.0
2011,PUNJAB,BATALA,59.0,21.0,16.0,3.0,10.0,256.0,365.0,6.0,0.982751563113509,400.0,-35.0,2.0
2011,PUNJAB,BHATINDA,103.0,48.0,31.0,9.0,2.0,583.0,776.0,6.0,0.8507210989850826,995.0,-219.0,3.0
2011,PUNJAB,CP AMRITSAR,107.0,27.0,43.0,12.0,4.0,784.0,977.0,6.0,0.7320070053273073,863.0,114.0,3.0
2011,PUNJAB,CP JALANDHAR,76.0,34.0,45.0,24.0,10.0,885.0,1074.0,6.0,0.7176219860290671,1176.0,-102.0,2.0
2011,PUNJAB,CP LUDHIANA,171.0,73.0,94.0,15.0,7.0,1118.0,1478.0,6.0,0.8564197295105099,2050.0,-572.0,4.0
2011,PUNJAB,FARIDKOT,37.0,18.0,7.0,2.0,2.0,169.0,235.0,6.0,0.9107451013884414,327.0,-92.0,1.0
2011,PUNJAB,FATEHGARH SAHIB,27.0,8.0,9.0,7.0,0.0,211.0,262.0,5.0,0.727651426973239,336.0,-74.0,1.0
2011,PUNJAB,FAZILKA,46.0,26.0,25.0,0.0,0.0,249.0,346.0,4.0,0.8893703326632904,,,2.0
2011,PUNJAB,FEROZPUR,80.0,29.0,32.0,5.0,7.0,387.0,540.0,6.0,0.9458354811487037,781.0,-241.0,2.0
2011,PUNJAB,G.R.P,11.0,0.0,1.0,0.0,0.0,55.0,67.0,3.0,0.5214064523974141,68.0,-1.0,1.0
2011,PUNJAB,GURDASPUR,57.0,29.0,26.0,4.0,0.0,196.0,312.0,5.0,1.086363245571032,401.0,-89.0,2.0
2011,PUNJAB,HOSHIARPUR,99.0,41.0,31.0,44.0,5.0,489.0,709.0,6.0,1.040239568781737,722.0,-13.0,3.0
2011,PUNJAB,JALANDHAR,96.0,53.0,32.0,34.0,6.0,493.0,714.0,6.0,1.0428657576559288,,,3.0
2011,PUNJAB,KAPURTHALA,75.0,26.0,20.0,32.0,0.0,394.0,547.0,5.0,0.940604979519168,504.0,43.0,2.0
2011,PUNJAB,KHANNA,49.0,13.0,12.0,3.0,0.0,259.0,336.0,5.0,0.7683709191951646,395.0,-59.0,1.0
2011,PUNJAB,LUDHIANA,48.0,12.0,15.0,5.0,4.0,241.0,325.0,6.0,0.8863306921283041,,,2.0
2011,PUNJAB,MANSA,55.0,19.0,9.0,3.0,1.0,154.0,241.0,6.0,1.023762806413155,345.0,-104.0,2.0
2011,PUNJAB,MOGA,95.0,15.0,26.0,11.0,5.0,539.0,691.0,6.0,0.7747095806561718,610.0,81.0,2.0
2011,PUNJAB,MUKTSAR,53.0,25.0,16.0,4.0,2.0,214.0,314.0,6.0,1.0025486368124583,408.0,-94.0,2.0
2011,PUNJAB,PATHANKOT,25.0,12.0,15.0,1.0,1.0,113.0,167.0,6.0,1.0155605672060446,,,1.0
2011,PUNJAB,PATIALA,102.0,47.0,31.0,4.0,2.0,721.0,907.0,6.0,0.7343650991091215,1041.0,-134.0,3.0
2011,PUNJAB,ROPAR,40.0,23.0,25.0,4.0,0.0,274.0,366.0,5.0,0.8652406575886784,417.0,-51.0,2.0
2011,PUNJAB,SANGRUR,99.0,40.0,25.0,7.0,3.0,487.0,661.0,6.0,0.8756815633007035,744.0,-83.0,2.0
2011,PUNJAB,SAS NGR,73.0,37.0,39.0,4.0,0.0,819.0,972.0,5.0,0.6147956724739488,781.0,191.0,2.0
2011,PUNJAB,SBS NAGAR,42.0,14.0,9.0,19.0,2.0,218.0,304.0,6.0,0.9642168249856798,335.0,-31.0,1.0
2011,PUNJAB,TARN TARAN,96.0,28.0,19.0,0.0,0.0,295.0,438.0,4.0,0.9108005921339183,386.0,52.0,2.0
2011,RAJASTHAN,AJMER,100.0,175.0,123.0,18.0,25.0,1827.0,2268.0,6.0,0.7556181915175344,2095.0,173.0,4.0
2011,RAJASTHAN,ALWAR,159.0,235.0,161.0,30.0,24.0,3014.0,3623.0,6.0,0.6790217690111301,3882.0,-259.0,5.0
2011,RAJASTHAN,BANSWARA,48.0,114.0,102.0,9.0,83.0,328.0,684.0,6.0,1.4341878097443492,573.0,111.0,4.0
2011,RAJASTHAN,BARAN,66.0,218.0,91.0,7.0,14.0,665.0,1061.0,6.0,1.0916119006790703,892.0,169.0,4.0
2011,RAJASTHAN,BARMER,56.0,57.0,34.0,1.0,21.0,631.0,800.0,6.0,0.7996681711174466,885.0,-85.0,2.0
2011,RAJASTHAN,BHARATPUR,180.0,154.0,193.0,41.0,29.0,2300.0,2897.0,6.0,0.7986459447473558,2692.0,205.0,5.0
2011,RAJASTHAN,BHILWARA,69.0,142.0,85.0,29.0,31.0,1281.0,1637.0,6.0,0.8375943141233457,2005.0,-368.0,4.0
2011,RAJASTHAN,BIKANER,101.0,109.0,31.0,5.0,9.0,950.0,1205.0,6.0,0.7661030693056374,1173.0,32.0,3.0
2011,RAJASTHAN,BUNDI,71.0,154.0,110.0,5.0,18.0,584.0,942.0,6.0,1.1415404471296708,884.0,58.0,4.0
2011,RAJASTHAN,CHITTORGARH,66.0,98.0,116.0,22.0,57.0,966.0,1325.0,6.0,0.9890216190682144,1479.0,-154.0,4.0
2011,RAJASTHAN,CHURU,86.0,48.0,33.0,3.0,8.0,693.0,871.0,6.0,0.7568504450869228,934.0,-63.0,3.0
2011,RAJASTHAN,DAUSA,48.0,30.0,98.0,22.0,34.0,1302.0,1534.0,6.0,0.645557868538285,1526.0,8.0,3.0
2011,RAJASTHAN,DHOLPUR,123.0,44.0,76.0,16.0,9.0,649.0,917.0,6.0,0.9822513900778509,1098.0,-181.0,4.0
2011,RAJASTHAN,DUNGARPUR,36.0,96.0,89.0,11.0,35.0,208.0,475.0,6.0,1.4734312339245814,492.0,-17.0,3.0
2011,RAJASTHAN,G.R.P.AJMER,12.0,11.0,6.0,6.0,1.0,506.0,542.0,6.0,0.338947927475749,,,1.0
2011,RAJASTHAN,G.R.P.JODHPUR,5.0,7.0,2.0,1.0,2.0,86.0,103.0,6.0,0.6782725143888675,,,1.0
2011,RAJASTHAN,GANGANAGAR,133.0,172.0,76.0,10.0,5.0,1517.0,1913.0,6.0,0.7570314419488766,1772.0,141.0,4.0
2011,RAJASTHAN,HANUMANGARH,102.0,148.0,46.0,6.0,2.0,971.0,1275.0,6.0,0.8146669481039401,1231.0,44.0,4.0
2011,RAJASTHAN,JAIPUR EAST,59.0,90.0,78.0,70.0,84.0,3181.0,3562.0,6.0,0.511156371007869,4128.0,-566.0,4.0
2011,RAJASTHAN,JAIPUR NORTH,37.0,43.0,43.0,34.0,36.0,1527.0,1720.0,6.0,0.531184687012322,1989.0,-269.0,3.0
2011,RAJASTHAN,JAIPUR SOUTH,29.0,36.0,53.0,35.0,24.0,1915.0,2092.0,6.0,0.4229528744462812,3831.0,-1739.0,2.0
2011,RAJASTHAN,JAIPUR WEST,46.0,48.0,88.0,48.0,17.0,2188.0,2435.0,6.0,0.4805483970615324,,,3.0
2011,RAJASTHAN,JAISALMER,19.0,21.0,7.0,3.0,23.0,260.0,333.0,6.0,0.8391031184004035,366.0,-33.0,1.0
2011,RAJASTHAN,JALORE,49.0,46.0,50.0,3.0,24.0,439.0,611.0,6.0,0.9927038000035403,550.0,61.0,2.0
2011,RAJASTHAN,JHALAWAR,98.0,268.0,70.0,21.0,78.0,614.0,1149.0,6.0,1.3105801445272534,1229.0,-80.0,4.0
2011,RAJASTHAN,JHUNJHUNU,78.0,119.0,79.0,11.0,22.0,937.0,1246.0,6.0,0.9000055918521966,1156.0,90.0,4.0
2011,RAJASTHAN,KARAULI,76.0,56.0,108.0,22.0,21.0,838.0,1121.0,6.0,0.9267429935963298,1278.0,-157.0,4.0
2011,RAJASTHAN,NAGAUR,107.0,136.0,68.0,12.0,11.0,996.0,1330.0,6.0,0.8866422888458745,1401.0,-71.0,4.0
2011,RAJASTHAN,PALI,119.0,148.0,106.0,34.0,4.0,948.0,1359.0,6.0,1.014359337188355,1256.0,103.0,4.0
2011,RAJASTHAN,PRATAPGARH,70.0,168.0,79.0,5.0,39.0,332.0,693.0,6.0,1.372721342235216,562.0,131.0,4.0
2011,RAJASTHAN,RAJSAMAND,43.0,75.0,52.0,13.0,25.0,472.0,680.0,6.0,1.064860143285788,640.0,40.0,2.0
2011,RAJASTHAN,SAWAI MADHOPUR,62.0,67.0,89.0,11.0,9.0,866.0,1104.0,6.0,0.8103532211395517,967.0,137.0,3.0
2011,RAJASTHAN,SIKAR,81.0,61.0,91.0,9.0,36.0,1528.0,1806.0,6.0,0.6501188596366436,1662.0,144.0,4.0
2011,RAJASTHAN,SIROHI,47.0,103.0,60.0,8.0,31.0,417.0,666.0,6.0,1.1816488492732273,627.0,39.0,3.0
2011,RAJASTHAN,TONK,45.0,48.0,79.0,8.0,54.0,634.0,868.0,6.0,0.9770862436128287,798.0,70.0,3.0
2011,RAJASTHAN,UDAIPUR,174.0,260.0,198.0,91.0,215.0,1955.0,2893.0,6.0,1.1359741207640992,2982.0,-89.0,5.0
2011,SIKKIM,EAST,14.0,13.0,5.0,2.0,12.0,91.0,137.0,6.0,1.1241289325770787,113.0,24.0,1.0
2011,SIKKIM,NORTH,1.0,1.0,0.0,0.0,2.0,13.0,17.0,4.0,0.7902347553432827,8.0,9.0,1.0
2011,SIKKIM,SOUTH,9.0,15.0,4.0,3.0,10.0,51.0,92.0,6.0,1.339334808332474,77.0,15.0,1.0
2011,SIKKIM,WEST,5.0,11.0,1.0,0.0,5.0,12.0,34.0,5.0,1.4001809092461883,27.0,7.0,1.0
2011,TAMIL NADU,ARIYALUR,51.0,63.0,19.0,9.0,52.0,148.0,342.0,6.0,1.5005649864336028,332.0,10.0,2.0
2011,TAMIL NADU,CHENNAI,501.0,149.0,56.0,222.0,167.0,4421.0,5516.0,6.0,0.7745749368345803,3007.0,2509.0,5.0
2011,TAMIL NADU,CHENNAI RLY.,11.0,6.0,1.0,27.0,4.0,223.0,272.0,6.0,0.6886716152726394,326.0,-54.0,1.0
2011,TAMIL NADU,CUDDALORE,269.0,42.0,102.0,42.0,294.0,502.0,1251.0,6.0,1.469509423587204,786.0,465.0,5.0
2011,TAMIL NADU,DHARMAPURI,90.0,58.0,70.0,40.0,116.0,259.0,633.0,6.0,1.5909548768077664,614.0,19.0,4.0
2011,TAMIL NADU,DINDIGUL,146.0,63.0,50.0,53.0,110.0,468.0,890.0,6.0,1.4101128346943004,1002.0,-112.0,4.0
2011,TAMIL NADU,ERODE,78.0,45.0,42.0,65.0,30.0,605.0,865.0,6.0,1.0787531652080709,1018.0,-153.0,3.0
2011,TAMIL NADU,KANCHIPURAM,172.0,44.0,22.0,23.0,147.0,436.0,844.0,6.0,1.3170170642627532,716.0,128.0,4.0
2011,TAMIL NADU,KANYAKUMARI,114.0,17.0,50.0,116.0,22.0,578.0,897.0,6.0,1.1369092706739679,1001.0,-104.0,3.0
2011,TAMIL NADU,KARUR,59.0,29.0,60.0,39.0,20.0,280.0,487.0,6.0,1.3331889679472775,546.0,-59.0,3.0
2011,TAMIL NADU,KRISHNAGIRI,115.0,44.0,64.0,51.0,166.0,503.0,943.0,6.0,1.380975093147252,756.0,187.0,4.0
2011,TAMIL NADU,NAGAPATTINAM,85.0,53.0,34.0,25.0,81.0,240.0,518.0,6.0,1.5014758121260097,556.0,-38.0,3.0
2011,TAMIL NADU,NAMAKKAL,69.0,66.0,63.0,32.0,65.0,343.0,638.0,6.0,1.4203001730558453,700.0,-62.0,3.0
2011,TAMIL NADU,NILGIRIS,32.0,14.0,7.0,14.0,11.0,130.0,208.0,6.0,1.214582061806061,250.0,-42.0,1.0
2011,TAMIL NADU,PERAMBALUR,34.0,25.0,25.0,32.0,15.0,144.0,275.0,6.0,1.4421621299377423,280.0,-5.0,2.0
2011,TAMIL NADU,PUDUKOTTAI,106.0,31.0,43.0,38.0,77.0,310.0,605.0,6.0,1.4241566298314567,790.0,-185.0,3.0
2011,TAMIL NADU,RAMNATHAPURAM,102.0,20.0,53.0,22.0,126.0,342.0,665.0,6.0,1.3644982133332704,639.0,26.0,3.0
2011,TAMIL NADU,SIVAGANGAI,71.0,38.0,35.0,21.0,55.0,365.0,585.0,6.0,1.2380792695750142,513.0,72.0,2.0
2011,TAMIL NADU,THANJAVUR,158.0,86.0,46.0,104.0,179.0,869.0,1442.0,6.0,1.2741599131664032,1811.0,-369.0,4.0
2011,TAMIL NADU,THENI,149.0,62.0,88.0,35.0,89.0,576.0,999.0,6.0,1.3206488699880183,1181.0,-182.0,4.0
2011,TAMIL NADU,THIRUVALLUR,71.0,8.0,10.0,29.0,82.0,253.0,453.0,6.0,1.256594658536783,491.0,-38.0,2.0
2011,TAMIL NADU,THIRUVANNAMALAI,94.0,35.0,75.0,5.0,167.0,333.0,709.0,6.0,1.3844731490991382,819.0,-110.0,4.0
2011,TAMIL NADU,THIRUVARUR,63.0,12.0,21.0,12.0,56.0,242.0,406.0,6.0,1.2321343345749913,524.0,-118.0,2.0
2011,TAMIL NADU,THOOTHUGUDI,289.0,31.0,42.0,96.0,40.0,765.0,1263.0,6.0,1.1505320126163632,1048.0,215.0,4.0
2011,TAMIL NADU,TIRUPPUR,71.0,51.0,61.0,106.0,59.0,1372.0,1720.0,6.0,0.8220574916749859,1424.0,296.0,4.0
2011,TAMIL NADU,TRICHY RLY.,6.0,3.0,0.0,3.0,1.0,105.0,118.0,5.0,0.48248066417823315,91.0,27.0,1.0
2011,TAMIL NADU,VELLORE,154.0,54.0,84.0,26.0,19.0,833.0,1170.0,6.0,0.9913467842817942,1231.0,-61.0,4.0
2011,TAMIL NADU,VILLUPURAM,414.0,360.0,206.0,70.0,575.0,895.0,2520.0,6.0,1.5837748457775656,1175.0,1345.0,5.0
2011,TAMIL NADU,VIRUDHUNAGAR,114.0,44.0,55.0,48.0,103.0,465.0,829.0,6.0,1.357039913752287,897.0,-68.0,4.0
2011,TRIPURA,DHALAI,37.0,59.0,16.0,10.0,8.0,62.0,192.0,6.0,1.5383088790575465,217.0,-25.0,2.0
2011,TRIPURA,GRP,1.0,0.0,0.0,0.0,1.0,4.0,6.0,3.0,0.8675632284814612,,,1.0
2011,TRIPURA,NORTH,40.0,90.0,31.0,3.0,16.0,144.0,324.0,6.0,1.3909224559339783,367.0,-43.0,2.0
2011,TRIPURA,SOUTH,67.0,142.0,34.0,12.0,83.0,240.0,578.0,6.0,1.4853972296374731,586.0,-8.0,3.0
2011,TRIPURA,WEST,93.0,208.0,73.0,36.0,125.0,424.0,959.0,6.0,1.5034551034439,922.0,37.0,5.0
2011,UTTAR PRADESH,AGRA,401.0,272.0,395.0,205.0,493.0,4622.0,6388.0,6.0,1.0224748344317935,3480.0,2908.0,5.0
2011,UTTAR PRADESH,ALIGARH,375.0,260.0,320.0,100.0,341.0,1905.0,3301.0,6.0,1.331172437817215,3078.0,223.0,5.0
2011,UTTAR PRADESH,ALLAHABAD,316.0,160.0,220.0,96.0,228.0,2016.0,3036.0,6.0,1.156309370280837,2157.0,879.0,5.0
2011,UTTAR PRADESH,AMBEDKAR NAGAR,91.0,49.0,80.0,17.0,58.0,247.0,542.0,6.0,1.5051575492586076,479.0,63.0,3.0
2011,UTTAR PRADESH,AURAIYA,58.0,29.0,76.0,22.0,12.0,205.0,402.0,6.0,1.3911489367837628,313.0,89.0,3.0
2011,UTTAR PRADESH,AZAMGARH,126.0,55.0,120.0,63.0,145.0,433.0,942.0,6.0,1.523645220185444,742.0,200.0,5.0
2011,UTTAR PRADESH,BADAUN,261.0,80.0,137.0,38.0,13.0,323.0,852.0,6.0,1.4486503061237908,713.0,139.0,5.0
2011,UTTAR PRADESH,BAGHPAT,170.0,47.0,88.0,51.0,75.0,454.0,885.0,6.0,1.4183569614509404,539.0,346.0,4.0
2011,UTTAR PRADESH,BAHRAICH,127.0,106.0,133.0,40.0,110.0,522.0,1038.0,6.0,1.4623311819473424,944.0,94.0,5.0
2011,UTTAR PRADESH,BALLIA,101.0,28.0,66.0,8.0,65.0,273.0,541.0,6.0,1.3852813557008878,378.0,163.0,3.0
2011,UTTAR PRADESH,BALRAMPUR,37.0,23.0,50.0,18.0,27.0,162.0,317.0,6.0,1.448093025178517,218.0,99.0,2.0
2011,UTTAR PRADESH,BANDA,86.0,82.0,48.0,4.0,43.0,251.0,514.0,6.0,1.40874473545822,424.0,90.0,3.0
2011,UTTAR PRADESH,BARABANKI,144.0,87.0,142.0,13.0,13.0,420.0,819.0,6.0,1.321624711848447,672.0,147.0,4.0
2011,UTTAR PRADESH,BAREILLY,306.0,126.0,205.0,59.0,107.0,1139.0,1942.0,6.0,1.2847857528466922,1735.0,207.0,5.0
2011,UTTAR PRADESH,BASTI,42.0,12.0,29.0,15.0,18.0,86.0,202.0,6.0,1.5450305935822393,216.0,-14.0,2.0
2011,UTTAR PRADESH,BHIM NAGAR,176.0,77.0,114.0,67.0,38.0,305.0,777.0,6.0,1.5730174479732089,,,5.0
2011,UTTAR PRADESH,BIJNOR,142.0,53.0,128.0,37.0,39.0,514.0,913.0,6.0,1.3181614963778823,1126.0,-213.0,4.0
2011,UTTAR PRADESH,BULANDSHAHAR,364.0,141.0,218.0,79.0,100.0,869.0,1771.0,6.0,1.4348706988497753,1323.0,448.0,5.0
2011,UTTAR PRADESH,CHANDOLI,41.0,15.0,20.0,7.0,5.0,164.0,252.0,6.0,1.1213397700859637,252.0,0.0,2.0
2011,UTTAR PRADESH,CHITRAKOOT DHAM,39.0,44.0,25.0,7.0,11.0,153.0,279.0,6.0,1.3318914781282596,211.0,68.0,2.0
2011,UTTAR PRADESH,CSM NAGAR,75.0,60.0,99.0,8.0,54.0,201.0,497.0,6.0,1.5357648655741793,440.0,57.0,4.0
2011,UTTAR PRADESH,DEORIA,63.0,20.0,58.0,14.0,41.0,225.0,421.0,6.0,1.3769233902360074,230.0,191.0,3.0
2011,UTTAR PRADESH,ETAH,155.0,44.0,69.0,24.0,38.0,293.0,623.0,6.0,1.427835882716744,762.0,-139.0,4.0
2011,UTTAR PRADESH,ETAWAH,118.0,41.0,81.0,19.0,8.0,368.0,635.0,6.0,1.2285824537996832,512.0,123.0,3.0
2011,UTTAR PRADESH,FAIZABAD,98.0,83.0,119.0,25.0,61.0,436.0,822.0,6.0,1.4004344358426013,662.0,160.0,4.0
2011,UTTAR PRADESH,FATEHGARH,120.0,51.0,91.0,13.0,26.0,283.0,584.0,6.0,1.4020471212453258,417.0,167.0,4.0
2011,UTTAR PRADESH,FATEHPUR,108.0,95.0,106.0,38.0,33.0,360.0,740.0,6.0,1.4644562725125416,704.0,36.0,4.0
2011,UTTAR PRADESH,FIROZABAD,223.0,89.0,174.0,61.0,105.0,620.0,1272.0,6.0,1.4653121095679356,913.0,359.0,5.0
2011,UTTAR PRADESH,G.R.P.,53.0,40.0,13.0,246.0,62.0,3097.0,3511.0,6.0,0.5032201831980575,2725.0,786.0,4.0
2011,UTTAR PRADESH,GAUTAMBUDH NAGAR,209.0,67.0,141.0,251.0,108.0,3546.0,4322.0,6.0,0.7425760487375016,4254.0,68.0,5.0
2011,UTTAR PRADESH,GHAZIABAD,333.0,81.0,257.0,142.0,113.0,3908.0,4834.0,6.0,0.7721534235630501,6383.0,-1549.0,5.0
2011,UTTAR PRADESH,GHAZIPUR,94.0,27.0,21.0,40.0,55.0,189.0,426.0,6.0,1.5036389582264014,423.0,3.0,3.0
2011,UTTAR PRADESH,GONDA,119.0,63.0,129.0,48.0,85.0,670.0,1114.0,6.0,1.2886315800663966,879.0,235.0,5.0
2011,UTTAR PRADESH,GORAKHPUR,236.0,121.0,232.0,53.0,214.0,1863.0,2719.0,6.0,1.0965347553005358,2731.0,-12.0,5.0
2011,UTTAR PRADESH,HAMIRPUR,71.0,45.0,38.0,5.0,14.0,128.0,301.0,6.0,1.4604915825638407,239.0,62.0,2.0
2011,UTTAR PRADESH,HARDOI,147.0,79.0,130.0,11.0,28.0,359.0,754.0,6.0,1.3954841970350456,543.0,211.0,4.0
2011,UTTAR PRADESH,HATHRAS,120.0,77.0,93.0,51.0,66.0,350.0,757.0,6.0,1.5331668151392621,740.0,17.0,4.0
2011,UTTAR PRADESH,J.P.NAGAR,120.0,65.0,61.0,52.0,26.0,344.0,668.0,6.0,1.420525597364676,572.0,96.0,4.0
2011,UTTAR PRADESH,JALAUN,79.0,25.0,49.0,12.0,13.0,188.0,366.0,6.0,1.3562623469792163,286.0,80.0,3.0
2011,UTTAR PRADESH,JAUNPUR,114.0,36.0,93.0,20.0,56.0,264.0,583.0,6.0,1.4833673559087754,579.0,4.0,4.0
2011,UTTAR PRADESH,JHANSI,106.0,64.0,97.0,43.0,79.0,608.0,997.0,6.0,1.2793301683762077,471.0,526.0,4.0
2011,UTTAR PRADESH,KANNAUJ,95.0,63.0,107.0,11.0,54.0,249.0,579.0,6.0,1.509391880876783,282.0,297.0,4.0
2011,UTTAR PRADESH,KANPUR NAGAR,340.0,211.0,343.0,144.0,180.0,2775.0,3993.0,6.0,1.0884070000061203,3167.0,826.0,5.0
2011,UTTAR PRADESH,KANSHIRAM NAGAR,107.0,55.0,62.0,13.0,49.0,165.0,451.0,6.0,1.5819709275381064,365.0,86.0,3.0
2011,UTTAR PRADESH,KAUSHAMBI,82.0,59.0,53.0,27.0,19.0,285.0,525.0,6.0,1.3715077649778842,357.0,168.0,3.0
2011,UTTAR PRADESH,KHIRI,214.0,111.0,140.0,27.0,38.0,443.0,973.0,6.0,1.4440285464127651,730.0,243.0,5.0
2011,UTTAR PRADESH,KUSHI NAGAR,100.0,24.0,76.0,5.0,70.0,259.0,534.0,6.0,1.3916573204681968,331.0,203.0,4.0
2011,UTTAR PRADESH,LALITPUR,43.0,67.0,37.0,10.0,24.0,126.0,307.0,6.0,1.53883264538514,186.0,121.0,2.0
2011,UTTAR PRADESH,LUCKNOW,262.0,197.0,292.0,72.0,193.0,3803.0,4819.0,6.0,0.8374223104381954,5759.0,-940.0,5.0
2011,UTTAR PRADESH,MAHARAJGANJ,45.0,33.0,43.0,7.0,11.0,114.0,253.0,6.0,1.4688005215179425,285.0,-32.0,2.0
2011,UTTAR PRADESH,MAHOBA,48.0,57.0,33.0,16.0,10.0,156.0,320.0,6.0,1.4345049709961264,236.0,84.0,2.0
2011,UTTAR PRADESH,MAINPURI,180.0,85.0,111.0,67.0,70.0,429.0,942.0,6.0,1.524661821316965,597.0,345.0,5.0
2011,UTTAR PRADESH,MATHURA,251.0,115.0,145.0,76.0,132.0,1173.0,1892.0,6.0,1.2463337003261346,1559.0,333.0,5.0
2011,UTTAR PRADESH,MAU,113.0,50.0,66.0,23.0,79.0,310.0,641.0,6.0,1.4677824268279078,492.0,149.0,4.0
2011,UTTAR PRADESH,MEERUT,449.0,178.0,323.0,244.0,245.0,3232.0,4671.0,6.0,1.0980178405526653,3815.0,856.0,5.0
2011,UTTAR PRADESH,MIRZAPUR,41.0,6.0,5.0,2.0,3.0,170.0,227.0,6.0,0.8045884904413843,274.0,-47.0,1.0
2011,UTTAR PRADESH,MORADABAD,211.0,103.0,183.0,139.0,92.0,1198.0,1926.0,6.0,1.2528344134547047,2110.0,-184.0,5.0
2011,UTTAR PRADESH,MUZAFFARNAGAR,305.0,56.0,238.0,66.0,167.0,913.0,1745.0,6.0,1.3742993787564195,2146.0,-401.0,5.0
2011,UTTAR PRADESH,PANCHSHIL NAGAR,143.0,43.0,100.0,59.0,61.0,579.0,985.0,6.0,1.302319250186736,,,4.0
2011,UTTAR PRADESH,PILIBHIT,85.0,43.0,69.0,10.0,9.0,323.0,539.0,6.0,1.2053131903513061,456.0,83.0,3.0
2011,UTTAR PRADESH,PRABUDDH NAGAR,134.0,24.0,66.0,57.0,56.0,308.0,645.0,6.0,1.4617380870297016,,,4.0
2011,UTTAR PRADESH,PRATAPGARH,131.0,59.0,90.0,21.0,93.0,326.0,720.0,6.0,1.5011905186205128,610.0,110.0,4.0
2011,UTTAR PRADESH,RAIBAREILLY,81.0,65.0,60.0,12.0,36.0,240.0,494.0,6.0,1.4512700698418417,494.0,0.0,3.0
2011,UTTAR PRADESH,RAMABAI NAGAR,97.0,56.0,90.0,19.0,41.0,216.0,519.0,6.0,1.5439839191494358,484.0,35.0,4.0
2011,UTTAR PRADESH,RAMPUR,178.0,70.0,121.0,87.0,84.0,744.0,1284.0,6.0,1.332093784674938,1257.0,27.0,5.0
2011,UTTAR PRADESH,SAHARANPUR,177.0,37.0,90.0,35.0,58.0,726.0,1123.0,6.0,1.149075496777845,1026.0,97.0,4.0
2011,UTTAR PRADESH,SANT KABIRNAGAR,47.0,29.0,48.0,9.0,30.0,114.0,277.0,6.0,1.55844447139881,378.0,-101.0,2.0
2011,UTTAR PRADESH,SHAHJAHANPUR,219.0,94.0,141.0,26.0,78.0,445.0,1003.0,6.0,1.4838032137437507,896.0,107.0,5.0
2011,UTTAR PRADESH,SHRAWASTI,40.0,42.0,40.0,5.0,17.0,120.0,264.0,6.0,1.4744214295024223,233.0,31.0,2.0
2011,UTTAR PRADESH,SIDHARTHNAGAR,30.0,30.0,42.0,5.0,10.0,112.0,229.0,6.0,1.413639554013662,247.0,-18.0,2.0
2011,UTTAR PRADESH,SITAPUR,196.0,197.0,232.0,45.0,73.0,587.0,1330.0,6.0,1.504522493035545,852.0,478.0,5.0
2011,UTTAR PRADESH,SONBHADRA,47.0,40.0,26.0,4.0,9.0,227.0,353.0,6.0,1.1355715185699182,352.0,1.0,2.0
2011,UTTAR PRADESH,ST.RAVIDASNAGAR,25.0,5.0,7.0,2.0,7.0,103.0,149.0,6.0,1.01384424272786,113.0,36.0,1.0
2011,UTTAR PRADESH,SULTANPUR,117.0,44.0,52.0,18.0,62.0,336.0,629.0,6.0,1.370042638429314,594.0,35.0,3.0
2011,UTTAR PRADESH,UNNAO,142.0,102.0,112.0,7.0,49.0,402.0,814.0,6.0,1.3962590785392976,670.0,144.0,4.0
2011,UTTAR PRADESH,VARANASI,119.0,28.0,92.0,35.0,64.0,1039.0,1377.0,6.0,0.9200835537083678,1373.0,4.0,4.0
2011,UTTARAKHAND,ALMORA,3.0,7.0,2.0,3.0,3.0,40.0,58.0,6.0,1.087161042148531,61.0,-3.0,1.0
2011,UTTARAKHAND,BAGESHWAR,2.0,4.0,2.0,0.0,0.0,8.0,16.0,4.0,1.2130075659799042,26.0,-10.0,1.0
2011,UTTARAKHAND,CHAMOLI,6.0,4.0,1.0,1.0,3.0,30.0,45.0,6.0,1.1038293214210557,50.0,-5.0,1.0
2011,UTTARAKHAND,CHAMPAWAT,8.0,6.0,3.0,1.0,0.0,22.0,40.0,5.0,1.2217579543965789,31.0,9.0,1.0
2011,UTTARAKHAND,DEHRADUN,76.0,47.0,55.0,23.0,67.0,780.0,1048.0,6.0,0.9636312063421304,1270.0,-222.0,3.0
2011,UTTARAKHAND,HARIDWAR,127.0,56.0,95.0,98.0,166.0,897.0,1439.0,6.0,1.2467421687309377,1257.0,182.0,5.0
2011,UTTARAKHAND,NAINITAL,39.0,14.0,24.0,16.0,27.0,219.0,339.0,6.0,1.1957501884725221,400.0,-61.0,2.0
2011,UTTARAKHAND,PAURI GARHWAL,11.0,7.0,5.0,0.0,22.0,81.0,126.0,5.0,1.090260287041238,110.0,16.0,1.0
2011,UTTARAKHAND,PITHORAGARH,9.0,17.0,4.0,3.0,9.0,28.0,70.0,6.0,1.536246530100827,66.0,4.0,1.0
2011,UTTARAKHAND,RUDRA PRAYAG,10.0,9.0,4.0,1.0,4.0,24.0,52.0,6.0,1.4480798927491918,58.0,-6.0,1.0
2011,UTTARAKHAND,TEHRI GARHWAL,5.0,4.0,1.0,4.0,6.0,23.0,43.0,6.0,1.38900318004546,64.0,-21.0,1.0
2011,UTTARAKHAND,UDHAMSINGH NAGAR,121.0,64.0,116.0,42.0,106.0,901.0,1350.0,6.0,1.1492372487884337,1396.0,-46.0,4.0
2011,UTTARAKHAND,UTTARKASHI,4.0,6.0,2.0,0.0,5.0,16.0,33.0,5.0,1.372548842103608,29.0,4.0,1.0
2011,WEST BENGAL,24 PARGANAS NORTH,573.0,421.0,587.0,149.0,761.0,3644.0,6135.0,6.0,1.2884254284813268,5262.0,873.0,5.0
2011,WEST BENGAL,24 PARGANAS SOUTH,283.0,395.0,349.0,47.0,1471.0,2466.0,5011.0,6.0,1.30066049111083,5046.0,-35.0,5.0
2011,WEST BENGAL,ASANSOL,72.0,61.0,64.0,31.0,99.0,736.0,1063.0,6.0,1.0942242075935342,549.0,514.0,4.0
2011,WEST BENGAL,BANKURA,115.0,127.0,42.0,44.0,194.0,350.0,872.0,6.0,1.5453232432555204,953.0,-81.0,4.0
2011,WEST BENGAL,BIRBHUM,210.0,107.0,58.0,38.0,168.0,415.0,996.0,6.0,1.523043673392957,1074.0,-78.0,5.0
2011,WEST BENGAL,BURDWAN,125.0,73.0,101.0,42.0,288.0,596.0,1225.0,6.0,1.4132527691946724,1772.0,-547.0,5.0
2011,WEST BENGAL,COOCHBEHAR,178.0,209.0,194.0,17.0,68.0,372.0,1038.0,6.0,1.5521902948804933,1069.0,-31.0,5.0
2011,WEST BENGAL,DAKSHIN DINAJPUR,148.0,132.0,121.0,12.0,37.0,260.0,710.0,6.0,1.532014275746593,638.0,72.0,4.0
2011,WEST BENGAL,DARJEELING,65.0,100.0,88.0,26.0,65.0,744.0,1088.0,6.0,1.108583520004396,1067.0,21.0,4.0
2011,WEST BENGAL,HOOGHLY,164.0,92.0,130.0,31.0,649.0,1091.0,2157.0,6.0,1.2668524628774362,2092.0,65.0,5.0
2011,WEST BENGAL,HOWRAH,86.0,110.0,129.0,66.0,158.0,817.0,1366.0,6.0,1.3031289533296737,2748.0,-1382.0,5.0
2011,WEST BENGAL,HOWRAH G.R.P.,16.0,6.0,8.0,7.0,1.0,536.0,574.0,6.0,0.33579178293632506,622.0,-48.0,1.0
2011,WEST BENGAL,JALPAIGURI,214.0,434.0,293.0,46.0,87.0,1763.0,2837.0,6.0,1.1859674902952295,2641.0,196.0,5.0
2011,WEST BENGAL,KHARAGPUR G.R.P.,5.0,5.0,2.0,9.0,3.0,170.0,194.0,6.0,0.5583877165579895,125.0,69.0,1.0
2011,WEST BENGAL,KOLKATA,167.0,300.0,148.0,35.0,336.0,5553.0,6539.0,6.0,0.6401198265088278,5614.0,925.0,5.0
2011,WEST BENGAL,MALDA,221.0,217.0,243.0,19.0,110.0,477.0,1287.0,6.0,1.557778484612037,1259.0,28.0,5.0
2011,WEST BENGAL,MURSHIDABAD,810.0,1054.0,566.0,68.0,297.0,1407.0,4202.0,6.0,1.554629767677684,4370.0,-168.0,5.0
2011,WEST BENGAL,NADIA,537.0,313.0,500.0,68.0,220.0,1783.0,3421.0,6.0,1.3845157130685433,2837.0,584.0,5.0
2011,WEST BENGAL,PASCHIM MIDNAPUR,305.0,142.0,141.0,92.0,674.0,844.0,2198.0,6.0,1.4900619939852429,1900.0,298.0,5.0
2011,WEST BENGAL,PURAB MIDNAPUR,116.0,83.0,175.0,36.0,461.0,573.0,1444.0,6.0,1.445824346228747,1508.0,-64.0,5.0
2011,WEST BENGAL,PURULIA,97.0,129.0,52.0,35.0,139.0,332.0,784.0,6.0,1.5448155165477446,731.0,53.0,4.0
2011,WEST BENGAL,SEALDAH G.R.P.,21.0,8.0,8.0,3.0,14.0,387.0,441.0,6.0,0.5485482052830982,361.0,80.0,1.0
2011,WEST BENGAL,SILIGURI G.R.P.,3.0,4.0,4.0,0.0,1.0,150.0,162.0,5.0,0.3593155582607679,117.0,45.0,1.0
2011,WEST BENGAL,UTTAR DINAJPUR,256.0,178.0,172.0,33.0,49.0,464.0,1152.0,6.0,1.5090792126799077,1179.0,-27.0,5.0
2011,A & N ISLANDS,ANDAMAN,21.0,27.0,15.0,2.0,17.0,216.0,298.0,6.0,0.9851660473755482,372.0,-74.0,1.0
2011,A & N ISLANDS,NICOBAR,1.0,1.0,0.0,0.0,0.0,6.0,8.0,3.0,0.7356219397587946,11.0,-3.0,1.0
2011,CHANDIGARH,CHANDIGARH,70.0,48.0,58.0,74.0,75.0,2067.0,2392.0,6.0,0.6142472624980838,2207.0,185.0,4.0
2011,D & N HAVELI,D and N HAVELI,16.0,6.0,9.0,9.0,25.0,119.0,184.0,6.0,1.1722748333414106,208.0,-24.0,1.0
2011,DAMAN & DIU,DAMAN,7.0,1.0,2.0,8.0,15.0,70.0,103.0,6.0,1.0458103698030916,97.0,6.0,1.0
2011,DAMAN & DIU,DIU,0.0,0.0,1.0,2.0,4.0,21.0,28.0,4.0,0.8012601173969419,16.0,12.0,1.0
2011,DELHI UT,CAW,0.0,2.0,0.0,0.0,0.0,0.0,2.0,1.0,-0.0,0.0,2.0,1.0
2011,DELHI UT,CENTRAL,50.0,48.0,154.0,26.0,2.0,1511.0,1791.0,6.0,0.6203325601229828,2038.0,-247.0,4.0
2011,DELHI UT,CRIME BRANCH,5.0,1.0,0.0,0.0,0.0,80.0,86.0,3.0,0.2844714783921004,41.0,45.0,1.0
2011,DELHI UT,DELHI UT TOTAL,1000.0,1229.0,3767.0,595.0,92.0,27245.0,33928.0,6.0,0.7312004324749746,32707.0,1221.0,5.0
2011,DELHI UT,EAST,113.0,133.0,393.0,74.0,15.0,3858.0,4586.0,6.0,0.63520428693795,4562.0,24.0,5.0
2011,DELHI UT,EOW,0.0,0.0,0.0,0.0,0.0,149.0,149.0,1.0,-0.0,85.0,64.0,1.0
2011,DELHI UT,GRP(RLY),13.0,11.0,25.0,24.0,0.0,774.0,847.0,5.0,0.4078364592845378,720.0,127.0,1.0
2011,DELHI UT,IGI AIRPORT,1.0,8.0,3.0,0.0,1.0,506.0,519.0,5.0,0.14292715126049252,121.0,398.0,1.0
2011,DELHI UT,NEW DELHI,13.0,19.0,33.0,13.0,3.0,604.0,685.0,6.0,0.5307729611159644,828.0,-143.0,1.0
2011,DELHI UT,NORTH,60.0,26.0,177.0,39.0,3.0,1420.0,1725.0,6.0,0.670565122915983,1651.0,74.0,4.0
2011,DELHI UT,NORTH-EAST,118.0,157.0,530.0,60.0,4.0,2896.0,3765.0,6.0,0.7921043662828268,3479.0,286.0,5.0
2011,DELHI UT,NORTH-WEST,89.0,106.0,331.0,93.0,4.0,2631.0,3254.0,6.0,0.724139943016663,3446.0,-192.0,5.0
2011,DELHI UT,OUTER,154.0,138.0,577.0,78.0,12.0,2683.0,3642.0,6.0,0.8759542632887174,3295.0,347.0,5.0
2011,DELHI UT,SOUTH,60.0,115.0,222.0,32.0,6.0,2702.0,3137.0,6.0,0.5716157217331916,3368.0,-231.0,5.0
2011,DELHI UT,SOUTH-EAST,100.0,202.0,478.0,58.0,14.0,2905.0,3757.0,6.0,0.8000926798281776,3380.0,377.0,5.0
2011,DELHI UT,SOUTH-WEST,100.0,125.0,391.0,52.0,16.0,1580.0,2264.0,6.0,0.9737260790089637,2100.0,164.0,5.0
2011,DELHI UT,STF,3.0,0.0,0.0,0.0,0.0,4.0,7.0,2.0,0.6829081047004717,11.0,-4.0,1.0
2011,DELHI UT,WEST,121.0,138.0,453.0,46.0,12.0,2942.0,3712.0,6.0,0.74788620148544,3582.0,130.0,5.0
2011,LAKSHADWEEP,LAKSHADWEEP,1.0,0.0,0.0,0.0,8.0,5.0,14.0,3.0,0.8760057656431737,15.0,-1.0,1.0
2011,PUDUCHERRY,KARAIKAL,4.0,10.0,1.0,2.0,34.0,57.0,108.0,6.0,1.1607654600958979,140.0,-32.0,1.0
2011,PUDUCHERRY,PUDUCHERRY,62.0,32.0,11.0,14.0,101.0,778.0,998.0,6.0,0.8184086476646317,837.0,161.0,2.0
2012,ANDHRA PRADESH,ADILABAD,175.0,178.0,82.0,16.0,91.0,854.0,1396.0,6.0,1.2192768350353669,1390.0,6.0,5.0
2012,ANDHRA PRADESH,ANANTAPUR,299.0,213.0,74.0,20.0,65.0,972.0,1643.0,6.0,1.2065479332613251,1753.0,-110.0,5.0
2012,ANDHRA PRADESH,CHITTOOR,171.0,118.0,56.0,13.0,59.0,863.0,1280.0,6.0,1.0798170149038917,1494.0,-214.0,4.0
2012,ANDHRA PRADESH,CUDDAPAH,216.0,243.0,76.0,13.0,120.0,1057.0,1725.0,6.0,1.1962026387414135,1520.0,205.0,4.0
2012,ANDHRA PRADESH,CYBERABAD,321.0,258.0,158.0,100.0,76.0,7492.0,8405.0,6.0,0.504113373702957,7635.0,770.0,5.0
2012,ANDHRA PRADESH,EAST GODAVARI,167.0,319.0,54.0,17.0,69.0,1492.0,2118.0,6.0,0.9760413922888067,2270.0,-152.0,4.0
2012,ANDHRA PRADESH,GUNTAKAL RLY.,7.0,2.0,1.0,4.0,2.0,269.0,285.0,6.0,0.2948874317668917,244.0,41.0,1.0
2012,ANDHRA PRADESH,GUNTUR,165.0,275.0,63.0,6.0,64.0,1140.0,1713.0,6.0,1.0541492775722847,1821.0,-108.0,4.0
2012,ANDHRA PRADESH,KARIMNAGAR,251.0,264.0,141.0,29.0,175.0,1929.0,2789.0,6.0,1.0669558498370977,2815.0,-26.0,5.0
2012,ANDHRA PRADESH,KHAMMAM,247.0,311.0,73.0,19.0,183.0,1085.0,1918.0,6.0,1.2755100363634957,1832.0,86.0,5.0
2012,ANDHRA PRADESH,KRISHNA,132.0,408.0,67.0,11.0,78.0,1208.0,1904.0,6.0,1.0822369904869544,1855.0,49.0,4.0
2012,ANDHRA PRADESH,KURNOOL,258.0,353.0,58.0,21.0,105.0,1106.0,1901.0,6.0,1.2150274882219079,2168.0,-267.0,4.0
2012,ANDHRA PRADESH,MAHABOOBNAGAR,287.0,210.0,76.0,19.0,96.0,1409.0,2097.0,6.0,1.0738391327208252,2409.0,-312.0,5.0
2012,ANDHRA PRADESH,MEDAK,161.0,138.0,54.0,23.0,182.0,1447.0,2005.0,6.0,0.9884889685293141,1728.0,277.0,4.0
2012,ANDHRA PRADESH,NALGONDA,180.0,298.0,89.0,29.0,185.0,1569.0,2350.0,6.0,1.1066905502053388,1976.0,374.0,5.0
2012,ANDHRA PRADESH,NELLORE,181.0,233.0,90.0,47.0,67.0,1395.0,2013.0,6.0,1.0602475662579787,1999.0,14.0,4.0
2012,ANDHRA PRADESH,NIZAMABAD,173.0,135.0,38.0,19.0,113.0,1288.0,1766.0,6.0,0.9615978019401339,2040.0,-274.0,4.0
2012,ANDHRA PRADESH,PRAKASHAM,230.0,250.0,84.0,29.0,60.0,1362.0,2015.0,6.0,1.0695245213674087,1739.0,276.0,4.0
2012,ANDHRA PRADESH,RAJAHMUNDRY,51.0,62.0,9.0,7.0,5.0,584.0,718.0,6.0,0.7019971527320618,769.0,-51.0,2.0
2012,ANDHRA PRADESH,RANGA REDDY,104.0,85.0,22.0,16.0,48.0,407.0,682.0,6.0,1.2399695715666086,541.0,141.0,3.0
2012,ANDHRA PRADESH,SECUNDERABAD RLY.,4.0,7.0,0.0,3.0,0.0,791.0,805.0,4.0,0.10569808132156301,486.0,319.0,1.0
2012,ANDHRA PRADESH,SRIKAKULAM,76.0,155.0,18.0,10.0,30.0,412.0,701.0,6.0,1.1764498115164939,865.0,-164.0,2.0
2012,ANDHRA PRADESH,VIJAYAWADA RLY.,8.0,5.0,3.0,7.0,0.0,597.0,620.0,5.0,0.20782520949013056,419.0,201.0,1.0
2012,ANDHRA PRADESH,VISAKHAPATNAM,72.0,73.0,27.0,41.0,22.0,1748.0,1983.0,6.0,0.5417679176632527,2139.0,-156.0,3.0
2012,ANDHRA PRADESH,VIZIANAGARAM,87.0,140.0,21.0,6.0,16.0,554.0,824.0,6.0,1.011354838756992,844.0,-20.0,3.0
2012,ANDHRA PRADESH,WARANGAL,132.0,173.0,66.0,25.0,198.0,852.0,1446.0,6.0,1.2675252815838132,1392.0,54.0,5.0
2012,ANDHRA PRADESH,WEST GODAVARI,186.0,426.0,86.0,56.0,48.0,1912.0,2714.0,6.0,0.98194089179907,3018.0,-304.0,5.0
2012,ARUNACHAL PRADESH,ANJAW,0.0,0.0,1.0,0.0,0.0,6.0,7.0,2.0,0.410116318288409,9.0,-2.0,1.0
2012,ARUNACHAL PRADESH,CHANGLANG,13.0,11.0,12.0,6.0,4.0,63.0,109.0,6.0,1.3257213550020566,96.0,13.0,1.0
2012,ARUNACHAL PRADESH,DIBANG VALLEY,4.0,4.0,5.0,4.0,1.0,25.0,43.0,6.0,1.3157438943606738,48.0,-5.0,1.0
2012,ARUNACHAL PRADESH,K/KUMEY,1.0,3.0,1.0,1.0,0.0,8.0,14.0,5.0,1.2153881010836147,17.0,-3.0,1.0
2012,ARUNACHAL PRADESH,KAMENG EAST,11.0,7.0,2.0,6.0,0.0,27.0,53.0,5.0,1.3076001097261902,41.0,12.0,1.0
2012,ARUNACHAL PRADESH,KAMENG WEST,7.0,1.0,3.0,2.0,0.0,28.0,41.0,5.0,0.9914933214502317,46.0,-5.0,1.0
2012,ARUNACHAL PRADESH,LOHIT,15.0,14.0,12.0,8.0,0.0,77.0,126.0,5.0,1.1974328177072309,94.0,32.0,1.0
2012,ARUNACHAL PRADESH,PAPUM PARE,9.0,15.0,20.0,19.0,27.0,185.0,275.0,6.0,1.1403777038141776,305.0,-30.0,2.0
2012,ARUNACHAL PRADESH,SIANG EAST,5.0,10.0,1.0,8.0,1.0,65.0,90.0,6.0,0.9548791662328645,147.0,-57.0,1.0
2012,ARUNACHAL PRADESH,SIANG UPPER,2.0,1.0,3.0,1.0,6.0,22.0,35.0,6.0,1.1714731467358281,31.0,4.0,1.0
2012,ARUNACHAL PRADESH,SIANG WEST,5.0,8.0,4.0,8.0,8.0,65.0,98.0,6.0,1.1682926159136071,95.0,3.0,1.0
2012,ARUNACHAL PRADESH,SUBANSIRI LOWER,5.0,5.0,4.0,8.0,3.0,33.0,58.0,6.0,1.354310677845429,39.0,19.0,1.0
2012,ARUNACHAL PRADESH,SUBANSIRI UPPER,3.0,15.0,4.0,4.0,3.0,27.0,56.0,6.0,1.3951663868134025,52.0,4.0,1.0
2012,ARUNACHAL PRADESH,TAWANG,2.0,1.0,0.0,1.0,1.0,26.0,31.0,5.0,0.656670935140681,15.0,16.0,1.0
2012,ARUNACHAL PRADESH,TIRAP,13.0,3.0,6.0,8.0,3.0,63.0,96.0,6.0,1.1441441051086465,81.0,15.0,1.0
2012,ARUNACHAL PRADESH,UPPER DIBANG VALLEY,1.0,1.0,0.0,0.0,0.0,6.0,8.0,3.0,0.7356219397587946,5.0,3.0,1.0
2012,ASSAM,BAKSA,45.0,37.0,62.0,19.0,7.0,146.0,316.0,6.0,1.4584055518867125,,,3.0
2012,ASSAM,BARPETA,56.0,165.0,225.0,60.0,353.0,626.0,1485.0,6.0,1.488974415876396,1088.0,397.0,5.0
2012,ASSAM,BIEO,0.0,0.0,0.0,0.0,0.0,16.0,16.0,1.0,-0.0,,,1.0
2012,ASSAM,BONGAIGAON,26.0,65.0,73.0,14.0,61.0,256.0,495.0,6.0,1.403497649737254,611.0,-116.0,3.0
2012,ASSAM,C.I.D.,1.0,4.0,2.0,0.0,0.0,8.0,15.0,4.0,1.1369165918330009,31.0,-16.0,1.0
2012,ASSAM,CACHAR,72.0,105.0,175.0,26.0,244.0,963.0,1585.0,6.0,1.221775436914532,1455.0,130.0,5.0
2012,ASSAM,CHIRANG,44.0,35.0,40.0,11.0,52.0,140.0,322.0,6.0,1.5442156301984165,296.0,26.0,2.0
2012,ASSAM,DARRANG,39.0,334.0,191.0,25.0,58.0,500.0,1147.0,6.0,1.368997654134886,977.0,170.0,5.0
2012,ASSAM,DHEMAJI,34.0,91.0,87.0,20.0,18.0,186.0,436.0,6.0,1.483952569778397,415.0,21.0,4.0
2012,ASSAM,DHUBRI,112.0,377.0,315.0,32.0,628.0,708.0,2172.0,6.0,1.5231744534986704,1873.0,299.0,5.0
2012,ASSAM,DIBRUGARH,116.0,188.0,134.0,33.0,47.0,778.0,1296.0,6.0,1.2507932727506876,1039.0,257.0,4.0
2012,ASSAM,G.R.P.,15.0,6.0,4.0,20.0,43.0,218.0,306.0,6.0,0.9772365352520362,213.0,93.0,1.0
2012,ASSAM,GOALPARA,102.0,162.0,84.0,52.0,140.0,483.0,1023.0,6.0,1.5049140224411577,722.0,301.0,5.0
2012,ASSAM,GOLAGHAT,92.0,132.0,181.0,62.0,41.0,398.0,906.0,6.0,1.5196253433057767,810.0,96.0,5.0
2012,ASSAM,HAILAKANDI,37.0,108.0,96.0,17.0,191.0,236.0,685.0,6.0,1.5392513648752613,612.0,73.0,4.0
2012,ASSAM,HAMREN,9.0,5.0,16.0,3.0,6.0,65.0,104.0,6.0,1.20626400934693,,,1.0
2012,ASSAM,JORHAT,72.0,95.0,106.0,44.0,25.0,721.0,1063.0,6.0,1.1113904848860277,902.0,161.0,4.0
2012,ASSAM,KAMRUP,61.0,124.0,121.0,36.0,67.0,596.0,1005.0,6.0,1.2927692874370913,1012.0,-7.0,4.0
2012,ASSAM,KARBI ANGLONG,60.0,32.0,58.0,9.0,23.0,236.0,418.0,6.0,1.3143675296944932,412.0,6.0,3.0
2012,ASSAM,KARIMGANJ,58.0,36.0,85.0,24.0,80.0,379.0,662.0,6.0,1.3301607558972952,654.0,8.0,4.0
2012,ASSAM,KOKRAJHAR,152.0,58.0,90.0,10.0,5168.0,354.0,5832.0,6.0,0.49338532080110975,636.0,5196.0,5.0
2012,ASSAM,LAKHIMPUR,60.0,87.0,128.0,21.0,18.0,311.0,625.0,6.0,1.3876847499603207,633.0,-8.0,4.0
2012,ASSAM,MORIGAON,53.0,83.0,88.0,18.0,112.0,224.0,578.0,6.0,1.5777362174921479,497.0,81.0,4.0
2012,ASSAM,N.C.HILLS,39.0,5.0,23.0,0.0,11.0,63.0,141.0,5.0,1.3286407663281983,126.0,15.0,2.0
2012,ASSAM,NAGAON,169.0,418.0,351.0,132.0,247.0,1080.0,2397.0,6.0,1.5259187977593305,2307.0,90.0,5.0
2012,ASSAM,NALBARI,26.0,117.0,101.0,32.0,32.0,368.0,676.0,6.0,1.3327705145248985,705.0,-29.0,3.0
2012,ASSAM,R.P.O.,2.0,0.0,8.0,2.0,0.0,8.0,20.0,4.0,1.1935496040981333,35.0,-15.0,1.0
2012,ASSAM,SIBSAGAR,131.0,212.0,168.0,37.0,41.0,696.0,1285.0,6.0,1.3402284960024455,1045.0,240.0,5.0
2012,ASSAM,SONITPUR,133.0,136.0,241.0,48.0,101.0,795.0,1454.0,6.0,1.3662549776535857,1284.0,170.0,5.0
2012,ASSAM,TINSUKIA,124.0,107.0,160.0,66.0,18.0,725.0,1200.0,6.0,1.245698698904946,1114.0,86.0,5.0
2012,ASSAM,UDALGURI,60.0,64.0,58.0,11.0,24.0,174.0,391.0,6.0,1.4989872334572376,356.0,35.0,3.0
2012,BIHAR,ARARIA,203.0,61.0,122.0,23.0,228.0,309.0,946.0,6.0,1.5699547129769327,1038.0,-92.0,5.0
2012,BIHAR,ARWAL,97.0,5.0,26.0,7.0,36.0,116.0,287.0,6.0,1.371854412757173,331.0,-44.0,2.0
2012,BIHAR,AURANGABAD,283.0,24.0,71.0,77.0,342.0,540.0,1337.0,6.0,1.4360215276247872,1383.0,-46.0,5.0
2012,BIHAR,BAGAHA,43.0,11.0,76.0,10.0,193.0,239.0,572.0,6.0,1.3406704019784328,653.0,-81.0,4.0
2012,BIHAR,BANKA,114.0,17.0,52.0,39.0,213.0,241.0,676.0,6.0,1.4862727804829432,618.0,58.0,4.0
2012,BIHAR,BEGUSARAI,381.0,11.0,143.0,67.0,324.0,599.0,1525.0,6.0,1.437482676622964,1158.0,367.0,5.0
2012,BIHAR,BETTIAH,238.0,35.0,166.0,30.0,503.0,972.0,1944.0,6.0,1.3003043254017081,1197.0,747.0,5.0
2012,BIHAR,BHABHUA,114.0,10.0,45.0,19.0,157.0,339.0,684.0,6.0,1.3246812297096897,767.0,-83.0,4.0
2012,BIHAR,BHAGALPUR,182.0,31.0,132.0,60.0,285.0,651.0,1341.0,6.0,1.405315147743955,1196.0,145.0,5.0
2012,BIHAR,BHOJPUR,198.0,9.0,74.0,34.0,155.0,550.0,1020.0,6.0,1.2830138727933469,1019.0,1.0,5.0
2012,BIHAR,BUXAR,173.0,50.0,89.0,49.0,256.0,559.0,1176.0,6.0,1.4294052433279834,958.0,218.0,5.0
2012,BIHAR,DARBHANGA,509.0,44.0,207.0,55.0,837.0,868.0,2520.0,6.0,1.415738920570861,2091.0,429.0,5.0
2012,BIHAR,GAYA,196.0,35.0,154.0,85.0,404.0,1027.0,1901.0,6.0,1.3121231077553304,1855.0,46.0,5.0
2012,BIHAR,GOPALGANJ,143.0,20.0,135.0,30.0,360.0,526.0,1214.0,6.0,1.378121331290456,1223.0,-9.0,5.0
2012,BIHAR,JAMALPUR RLY.,17.0,1.0,2.0,11.0,4.0,186.0,221.0,6.0,0.6313670998616776,219.0,2.0,1.0
2012,BIHAR,JAMUI,232.0,29.0,56.0,49.0,197.0,277.0,840.0,6.0,1.5238096033134816,902.0,-62.0,5.0
2012,BIHAR,JEHANABAD,60.0,8.0,47.0,18.0,106.0,213.0,452.0,6.0,1.3978423341214896,557.0,-105.0,3.0
2012,BIHAR,KATIHAR,187.0,74.0,137.0,45.0,261.0,654.0,1358.0,6.0,1.4447349051059282,1198.0,160.0,5.0
2012,BIHAR,KATIHAR RLY.,15.0,1.0,8.0,7.0,2.0,176.0,209.0,6.0,0.6424819367437888,251.0,-42.0,1.0
2012,BIHAR,KHAGARIA,139.0,18.0,53.0,26.0,165.0,180.0,581.0,6.0,1.527801038938053,558.0,23.0,4.0
2012,BIHAR,KISHANGANJ,40.0,32.0,72.0,14.0,176.0,250.0,584.0,6.0,1.414942245105291,554.0,30.0,4.0
2012,BIHAR,LAKHISARAI,128.0,16.0,39.0,20.0,147.0,191.0,541.0,6.0,1.4782757335210397,469.0,72.0,4.0
2012,BIHAR,MADHEPURA,190.0,31.0,77.0,47.0,326.0,333.0,1004.0,6.0,1.4939603208675383,707.0,297.0,5.0
2012,BIHAR,MADHUBANI,148.0,31.0,191.0,39.0,459.0,579.0,1447.0,6.0,1.4109503321984187,1294.0,153.0,5.0
2012,BIHAR,MOTIHARI,865.0,22.0,233.0,73.0,749.0,1052.0,2994.0,6.0,1.39822573039102,2892.0,102.0,5.0
2012,BIHAR,MUNGER,103.0,10.0,65.0,36.0,141.0,331.0,686.0,6.0,1.4011092343755078,776.0,-90.0,4.0
2012,BIHAR,MUZAFFARPUR,821.0,34.0,279.0,121.0,435.0,2073.0,3763.0,6.0,1.255986107243528,2720.0,1043.0,5.0
2012,BIHAR,MUZAFFARPUR RLY.,13.0,2.0,1.0,13.0,12.0,315.0,356.0,6.0,0.509890734552451,340.0,16.0,1.0
2012,BIHAR,NALANDA,223.0,18.0,113.0,22.0,188.0,597.0,1161.0,6.0,1.3202158276293914,1024.0,137.0,5.0
2012,BIHAR,NAUGACHIA,154.0,2.0,21.0,10.0,123.0,129.0,439.0,6.0,1.3399611599352756,458.0,-19.0,3.0
2012,BIHAR,NAWADAH,116.0,18.0,89.0,23.0,273.0,402.0,921.0,6.0,1.3781118306165006,787.0,134.0,5.0
2012,BIHAR,PATNA,459.0,68.0,376.0,157.0,534.0,4423.0,6017.0,6.0,0.9565494017384831,5564.0,453.0,5.0
2012,BIHAR,PATNA RLY.,20.0,18.0,8.0,15.0,11.0,792.0,864.0,6.0,0.4168654854927247,879.0,-15.0,1.0
2012,BIHAR,PURNEA,327.0,47.0,142.0,33.0,312.0,491.0,1352.0,6.0,1.4936175005265664,1153.0,199.0,5.0
2012,BIHAR,ROHTAS,350.0,41.0,130.0,57.0,234.0,857.0,1669.0,6.0,1.3504724959435117,1678.0,-9.0,5.0
2012,BIHAR,SAHARSA,257.0,16.0,95.0,36.0,265.0,366.0,1035.0,6.0,1.4628415716206016,894.0,141.0,5.0
2012,BIHAR,SAMASTIPUR,355.0,24.0,131.0,45.0,377.0,537.0,1469.0,6.0,1.4496801435051918,1558.0,-89.0,5.0
2012,BIHAR,SARAN,430.0,23.0,178.0,54.0,402.0,924.0,2011.0,6.0,1.371872068544275,2045.0,-34.0,5.0
2012,BIHAR,SHEIKHPURA,120.0,10.0,39.0,14.0,66.0,172.0,421.0,6.0,1.436369579850757,307.0,114.0,3.0
2012,BIHAR,SHEOHAR,26.0,5.0,32.0,11.0,58.0,96.0,228.0,6.0,1.465656078806603,245.0,-17.0,2.0
2012,BIHAR,SITAMARHI,139.0,20.0,167.0,68.0,198.0,635.0,1227.0,6.0,1.3808141935485672,1094.0,133.0,5.0
2012,BIHAR,SIWAN,167.0,22.0,193.0,41.0,383.0,706.0,1512.0,6.0,1.3689072602001815,1302.0,210.0,5.0
2012,BIHAR,SUPAUL,40.0,20.0,118.0,22.0,325.0,407.0,932.0,6.0,1.2968352889036496,836.0,96.0,5.0
2012,BIHAR,VAISHALI,288.0,21.0,223.0,94.0,448.0,1128.0,2202.0,6.0,1.3435812684526194,1965.0,237.0,5.0
2012,CHHATTISGARH,BALOD,19.0,72.0,7.0,8.0,18.0,173.0,297.0,6.0,1.1898016942222587,,,2.0
2012,CHHATTISGARH,BALODA BAZAR,44.0,143.0,18.0,29.0,59.0,387.0,680.0,6.0,1.2686303538697523,,,3.0
2012,CHHATTISGARH,BALRAMPUR,57.0,116.0,5.0,11.0,17.0,98.0,304.0,6.0,1.3953636824702613,282.0,22.0,2.0
2012,CHHATTISGARH,BEMETARA,27.0,85.0,19.0,8.0,25.0,178.0,342.0,6.0,1.325973916316725,,,2.0
2012,CHHATTISGARH,BILASPUR,117.0,216.0,33.0,72.0,165.0,1005.0,1608.0,6.0,1.2065482318795182,1718.0,-110.0,4.0
2012,CHHATTISGARH,BIZAPUR,104.0,9.0,3.0,14.0,6.0,28.0,164.0,6.0,1.1542164443630964,215.0,-51.0,2.0
2012,CHHATTISGARH,DANTEWARA,53.0,11.0,1.0,3.0,14.0,38.0,120.0,6.0,1.3268814680381698,293.0,-173.0,1.0
2012,CHHATTISGARH,DHAMTARI,25.0,57.0,2.0,7.0,17.0,220.0,328.0,6.0,1.0347935768620198,360.0,-32.0,1.0
2012,CHHATTISGARH,DURG,97.0,269.0,55.0,33.0,52.0,1312.0,1818.0,6.0,0.9547611800732712,2660.0,-842.0,4.0
2012,CHHATTISGARH,GARIYABAND,28.0,47.0,6.0,7.0,24.0,142.0,254.0,6.0,1.2907542452399392,195.0,59.0,2.0
2012,CHHATTISGARH,GRP RAIPUR,5.0,7.0,7.0,2.0,0.0,201.0,222.0,5.0,0.4358282263320137,212.0,10.0,1.0
2012,CHHATTISGARH,JAGDALPUR,66.0,56.0,11.0,9.0,48.0,178.0,368.0,6.0,1.4073658258665112,486.0,-118.0,2.0
2012,CHHATTISGARH,JANJGIR,68.0,137.0,21.0,34.0,146.0,679.0,1085.0,6.0,1.182972637217563,989.0,96.0,3.0
2012,CHHATTISGARH,JASHPUR,82.0,109.0,60.0,11.0,24.0,179.0,465.0,6.0,1.5193260715086478,510.0,-45.0,4.0
2012,CHHATTISGARH,KABIRDHAM,37.0,80.0,14.0,11.0,28.0,154.0,324.0,6.0,1.40888496266348,370.0,-46.0,2.0
2012,CHHATTISGARH,KANKER,54.0,41.0,9.0,10.0,25.0,84.0,223.0,6.0,1.5366651701154672,266.0,-43.0,2.0
2012,CHHATTISGARH,KONDAGAON,29.0,15.0,7.0,0.0,5.0,46.0,102.0,5.0,1.330282647301948,,,1.0
2012,CHHATTISGARH,KORBA,54.0,102.0,16.0,9.0,44.0,344.0,569.0,6.0,1.199813860751671,697.0,-128.0,2.0
2012,CHHATTISGARH,KORIYA,55.0,128.0,13.0,8.0,40.0,203.0,447.0,6.0,1.3652452504078063,558.0,-111.0,2.0
2012,CHHATTISGARH,MAHASAMUND,42.0,91.0,38.0,16.0,60.0,363.0,610.0,6.0,1.2734770960889294,604.0,6.0,3.0
2012,CHHATTISGARH,MUNGELI,22.0,30.0,13.0,9.0,52.0,195.0,321.0,6.0,1.2329432865165004,,,2.0
2012,CHHATTISGARH,NARAYANPUR,32.0,9.0,6.0,12.0,7.0,20.0,86.0,6.0,1.6080214449406174,97.0,-11.0,1.0
2012,CHHATTISGARH,RAIGARH,108.0,150.0,15.0,53.0,73.0,719.0,1118.0,6.0,1.159728186377017,1111.0,7.0,4.0
2012,CHHATTISGARH,RAIPUR,104.0,259.0,22.0,49.0,149.0,2023.0,2606.0,6.0,0.8332299805365138,3385.0,-779.0,4.0
2012,CHHATTISGARH,RAJNANDGAON,75.0,83.0,9.0,18.0,48.0,374.0,607.0,6.0,1.1962282827281776,639.0,-32.0,2.0
2012,CHHATTISGARH,SARGUJA,84.0,162.0,18.0,15.0,51.0,223.0,553.0,6.0,1.441309042437894,732.0,-179.0,3.0
2012,CHHATTISGARH,SUKMA,54.0,3.0,7.0,9.0,13.0,17.0,103.0,6.0,1.3958325210855198,,,1.0
2012,CHHATTISGARH,SURAJPUR,75.0,148.0,15.0,9.0,30.0,187.0,464.0,6.0,1.389781034884566,469.0,-5.0,3.0
2012,GOA,NORTH GOA,51.0,55.0,15.0,14.0,91.0,917.0,1143.0,6.0,0.7737495857194958,1133.0,10.0,2.0
2012,GOA,SOUTH GOA,32.0,49.0,9.0,17.0,65.0,623.0,795.0,6.0,0.8297885985665415,775.0,20.0,2.0
2012,GUJARAT,AHMEDABAD COMMR.,146.0,142.0,229.0,627.0,175.0,4867.0,6186.0,6.0,0.8186421696957755,6757.0,-571.0,5.0
2012,GUJARAT,AHWA-DANG,7.0,2.0,1.0,1.0,7.0,24.0,42.0,6.0,1.2399951331346786,35.0,7.0,1.0
2012,GUJARAT,AMRELI,39.0,30.0,80.0,15.0,60.0,299.0,523.0,6.0,1.3146655718727511,501.0,22.0,3.0
2012,GUJARAT,ANAND,51.0,31.0,56.0,9.0,33.0,474.0,654.0,6.0,0.9969170662935374,691.0,-37.0,2.0
2012,GUJARAT,BHARUCH,54.0,31.0,28.0,37.0,49.0,497.0,696.0,6.0,1.0494691021681875,736.0,-40.0,2.0
2012,GUJARAT,BHAVNAGAR,70.0,43.0,105.0,32.0,90.0,629.0,969.0,6.0,1.1827278849880722,1000.0,-31.0,4.0
2012,GUJARAT,CID CRIME,1.0,1.0,0.0,0.0,0.0,12.0,14.0,3.0,0.509137344082687,11.0,3.0,1.0
2012,GUJARAT,DAHOD,47.0,27.0,72.0,89.0,75.0,368.0,678.0,6.0,1.3932781730448265,577.0,101.0,4.0
2012,GUJARAT,GANDHINAGAR,28.0,30.0,29.0,32.0,58.0,580.0,757.0,6.0,0.9094758421308022,782.0,-25.0,2.0
2012,GUJARAT,HIMATNAGAR,37.0,32.0,57.0,14.0,56.0,400.0,596.0,6.0,1.1319961199798267,614.0,-18.0,3.0
2012,GUJARAT,JAMNAGAR,85.0,62.0,41.0,58.0,100.0,901.0,1247.0,6.0,1.0244501608163932,1097.0,150.0,3.0
2012,GUJARAT,JUNAGADH,57.0,52.0,63.0,25.0,136.0,457.0,790.0,6.0,1.2992362959472321,871.0,-81.0,3.0
2012,GUJARAT,KHEDA NORTH,32.0,40.0,62.0,21.0,49.0,327.0,531.0,6.0,1.2610290634077415,543.0,-12.0,3.0
2012,GUJARAT,KUTCH (EAST(G)),34.0,29.0,25.0,21.0,32.0,404.0,545.0,6.0,0.9844007243763634,548.0,-3.0,2.0
2012,GUJARAT,KUTCH (WEST-BHUJ),30.0,26.0,18.0,8.0,52.0,270.0,404.0,6.0,1.119119685610189,503.0,-99.0,2.0
2012,GUJARAT,MEHSANA,61.0,38.0,59.0,45.0,104.0,808.0,1115.0,6.0,1.0138393719569776,1135.0,-20.0,3.0
2012,GUJARAT,NARMADA,20.0,10.0,6.0,3.0,17.0,52.0,108.0,6.0,1.4356850206651195,73.0,35.0,1.0
2012,GUJARAT,NAVSARI,28.0,8.0,15.0,10.0,20.0,382.0,463.0,6.0,0.7281175929121314,322.0,141.0,1.0
2012,GUJARAT,PALANPUR,77.0,113.0,118.0,71.0,100.0,795.0,1274.0,6.0,1.2597615004153795,1125.0,149.0,4.0
2012,GUJARAT,PANCHMAHAL,71.0,41.0,74.0,45.0,72.0,383.0,686.0,6.0,1.3840485951210364,609.0,77.0,3.0
2012,GUJARAT,PATAN,34.0,39.0,31.0,32.0,61.0,404.0,601.0,6.0,1.1482334858238714,656.0,-55.0,2.0
2012,GUJARAT,PORBANDAR,26.0,18.0,8.0,9.0,11.0,140.0,212.0,6.0,1.1520837165293765,199.0,13.0,1.0
2012,GUJARAT,RAJKOT COMMR.,72.0,21.0,66.0,57.0,82.0,1338.0,1636.0,6.0,0.7543206141565149,1470.0,166.0,3.0
2012,GUJARAT,SURAT COMMR.,125.0,68.0,91.0,74.0,68.0,2420.0,2846.0,6.0,0.658565590525535,2891.0,-45.0,4.0
2012,GUJARAT,SURENDRANAGAR,66.0,70.0,51.0,22.0,92.0,373.0,674.0,6.0,1.3690294866160495,589.0,85.0,3.0
2012,GUJARAT,TAPI,17.0,14.0,3.0,5.0,19.0,141.0,199.0,6.0,1.0210739652308833,158.0,41.0,1.0
2012,GUJARAT,VADODARA COMMR.,63.0,26.0,67.0,121.0,97.0,1865.0,2239.0,6.0,0.7031434895296317,2305.0,-66.0,4.0
2012,GUJARAT,VALSAD,35.0,21.0,25.0,24.0,32.0,798.0,935.0,6.0,0.649804763995729,671.0,264.0,2.0
2012,GUJARAT,W.RLY AHMEDABAD,6.0,3.0,2.0,8.0,7.0,227.0,253.0,6.0,0.4853529456935406,258.0,-5.0,1.0
2012,GUJARAT,W.RLY VADODARA,6.0,1.0,3.0,9.0,1.0,417.0,437.0,6.0,0.24556621713792687,609.0,-172.0,1.0
2012,HARYANA,BHIWANI,132.0,73.0,109.0,60.0,146.0,1146.0,1666.0,6.0,1.106764704522861,1541.0,125.0,5.0
2012,HARYANA,FARIDABAD,128.0,78.0,103.0,44.0,197.0,2330.0,2880.0,6.0,0.7740530071615376,3018.0,-138.0,5.0
2012,HARYANA,FATEHABAD,43.0,22.0,49.0,14.0,35.0,544.0,707.0,6.0,0.8913756324984076,583.0,124.0,2.0
2012,HARYANA,GRP,27.0,10.0,10.0,18.0,13.0,441.0,519.0,6.0,0.653292860809072,623.0,-104.0,1.0
2012,HARYANA,GURGAON,151.0,62.0,56.0,118.0,126.0,4311.0,4824.0,6.0,0.5025734945822391,4661.0,163.0,5.0
2012,HARYANA,HISSAR,147.0,83.0,114.0,48.0,85.0,1745.0,2222.0,6.0,0.8522940905476579,2306.0,-84.0,5.0
2012,HARYANA,JHAJJAR,117.0,39.0,38.0,45.0,62.0,736.0,1037.0,6.0,1.038620438762884,1022.0,15.0,3.0
2012,HARYANA,JIND,91.0,61.0,58.0,46.0,120.0,926.0,1302.0,6.0,1.0481827290096792,1297.0,5.0,4.0
2012,HARYANA,KAITHAL,58.0,33.0,38.0,13.0,7.0,620.0,769.0,6.0,0.7640630016456426,810.0,-41.0,2.0
2012,HARYANA,KARNAL,121.0,113.0,103.0,51.0,54.0,1567.0,2009.0,6.0,0.8676712613432327,1471.0,538.0,4.0
2012,HARYANA,KURUKSHETRA,67.0,45.0,37.0,7.0,6.0,953.0,1115.0,6.0,0.6056651894117926,1042.0,73.0,2.0
2012,HARYANA,MAHENDRAGARH,67.0,40.0,25.0,34.0,123.0,491.0,780.0,6.0,1.1926394586832223,985.0,-205.0,3.0
2012,HARYANA,MEWAT,64.0,65.0,29.0,52.0,155.0,625.0,990.0,6.0,1.1947295729045835,688.0,302.0,4.0
2012,HARYANA,PALWAL,116.0,59.0,54.0,36.0,206.0,722.0,1193.0,6.0,1.22826025888841,1185.0,8.0,4.0
2012,HARYANA,PANCHKULA,26.0,31.0,40.0,23.0,2.0,606.0,728.0,6.0,0.6908625531724408,715.0,13.0,2.0
2012,HARYANA,PANIPAT,81.0,58.0,87.0,44.0,76.0,1259.0,1605.0,6.0,0.8622098081004985,1706.0,-101.0,4.0
2012,HARYANA,REWARI,76.0,40.0,26.0,69.0,54.0,944.0,1209.0,6.0,0.8647291564974133,1117.0,92.0,3.0
2012,HARYANA,ROHTAK,124.0,61.0,35.0,55.0,73.0,1182.0,1530.0,6.0,0.8826120559621622,1807.0,-277.0,4.0
2012,HARYANA,SIRSA,54.0,55.0,90.0,20.0,51.0,701.0,971.0,6.0,1.0137156386484323,1161.0,-190.0,3.0
2012,HARYANA,SONIPAT,157.0,58.0,62.0,59.0,12.0,1222.0,1570.0,6.0,0.8353362832697367,1339.0,231.0,4.0
2012,HARYANA,YAMUNANAGAR,59.0,40.0,83.0,31.0,3.0,696.0,912.0,6.0,0.8724311506007432,1062.0,-150.0,3.0
2012,HIMACHAL PRADESH,BADDIPOLICEDIST,11.0,19.0,10.0,1.0,34.0,107.0,182.0,6.0,1.219193595542409,237.0,-55.0,1.0
2012,HIMACHAL PRADESH,BILASPUR,16.0,33.0,7.0,1.0,42.0,138.0,237.0,6.0,1.2051459105561724,238.0,-1.0,1.0
2012,HIMACHAL PRADESH,CHAMBA,8.0,19.0,14.0,0.0,32.0,105.0,178.0,5.0,1.1980978131665467,248.0,-70.0,1.0
2012,HIMACHAL PRADESH,CID,0.0,0.0,0.0,0.0,0.0,1.0,1.0,1.0,-0.0,0.0,1.0,1.0
2012,HIMACHAL PRADESH,G.R.P.,1.0,0.0,0.0,0.0,0.0,3.0,4.0,2.0,0.5623351446188083,8.0,-4.0,1.0
2012,HIMACHAL PRADESH,HAMIRPUR,13.0,28.0,6.0,0.0,21.0,106.0,174.0,5.0,1.1610315065976036,150.0,24.0,1.0
2012,HIMACHAL PRADESH,KANGRA,34.0,71.0,52.0,2.0,104.0,475.0,738.0,6.0,1.1297044177422144,781.0,-43.0,3.0
2012,HIMACHAL PRADESH,KINNAUR,3.0,7.0,2.0,0.0,13.0,37.0,62.0,5.0,1.1392020191523868,59.0,3.0,1.0
2012,HIMACHAL PRADESH,KULLU,13.0,44.0,7.0,0.0,32.0,112.0,208.0,5.0,1.2373194303867388,283.0,-75.0,1.0
2012,HIMACHAL PRADESH,LAHAUL-SPITI,0.0,3.0,0.0,0.0,2.0,3.0,8.0,3.0,1.0821955300387671,4.0,4.0,1.0
2012,HIMACHAL PRADESH,MANDI,22.0,77.0,19.0,0.0,91.0,271.0,480.0,5.0,1.20069712970983,458.0,22.0,2.0
2012,HIMACHAL PRADESH,SHIMLA,25.0,51.0,29.0,3.0,108.0,364.0,580.0,6.0,1.1316891394448667,727.0,-147.0,2.0
2012,HIMACHAL PRADESH,SIRMAUR,13.0,41.0,11.0,1.0,68.0,116.0,250.0,6.0,1.3201783958503575,295.0,-45.0,2.0
2012,HIMACHAL PRADESH,SOLAN,8.0,22.0,8.0,1.0,39.0,181.0,259.0,6.0,0.9812262644063678,341.0,-82.0,1.0
2012,HIMACHAL PRADESH,UNA,8.0,18.0,7.0,2.0,39.0,188.0,262.0,6.0,0.9462075473062748,258.0,4.0,1.0
2012,JAMMU & KASHMIR,ANANTNAG,23.0,144.0,96.0,9.0,178.0,228.0,678.0,6.0,1.4955924132562415,754.0,-76.0,4.0
2012,JAMMU & KASHMIR,AWANTIPORA,3.0,15.0,29.0,0.0,18.0,40.0,105.0,5.0,1.4049123619781554,156.0,-51.0,1.0
2012,JAMMU & KASHMIR,BANDIPORA,13.0,87.0,46.0,3.0,100.0,65.0,314.0,6.0,1.503711838722021,348.0,-34.0,2.0
2012,JAMMU & KASHMIR,BARAMULLA,33.0,121.0,83.0,8.0,113.0,186.0,544.0,6.0,1.5466359873866304,489.0,55.0,3.0
2012,JAMMU & KASHMIR,BUDGAM,16.0,121.0,77.0,8.0,188.0,293.0,703.0,6.0,1.3995926118060478,745.0,-42.0,4.0
2012,JAMMU & KASHMIR,CRIME JAMMU,0.0,0.0,0.0,0.0,0.0,12.0,12.0,1.0,-0.0,16.0,-4.0,1.0
2012,JAMMU & KASHMIR,CRIME SRINAGAR,0.0,0.0,0.0,0.0,0.0,31.0,31.0,1.0,-0.0,23.0,8.0,1.0
2012,JAMMU & KASHMIR,DODA,18.0,39.0,33.0,1.0,28.0,98.0,217.0,6.0,1.4493955813551933,251.0,-34.0,2.0
2012,JAMMU & KASHMIR,GANDERBAL,11.0,106.0,33.0,3.0,39.0,66.0,258.0,6.0,1.4491685169221613,275.0,-17.0,2.0
2012,JAMMU & KASHMIR,HANDWARA,26.0,94.0,35.0,2.0,56.0,64.0,277.0,6.0,1.547512422969376,297.0,-20.0,2.0
2012,JAMMU & KASHMIR,JAMMU,94.0,83.0,100.0,6.0,102.0,896.0,1281.0,6.0,1.044699274281427,1346.0,-65.0,4.0
2012,JAMMU & KASHMIR,KARGIL,3.0,2.0,0.0,0.0,13.0,12.0,30.0,4.0,1.1396856259428154,29.0,1.0,1.0
2012,JAMMU & KASHMIR,KATHUA,32.0,50.0,40.0,2.0,30.0,169.0,323.0,6.0,1.3676369177782604,320.0,3.0,2.0
2012,JAMMU & KASHMIR,KISHTWAR,15.0,18.0,23.0,1.0,5.0,52.0,114.0,6.0,1.4179907768730984,117.0,-3.0,1.0
2012,JAMMU & KASHMIR,KULGAM,17.0,111.0,70.0,4.0,80.0,96.0,378.0,6.0,1.536476521711169,347.0,31.0,3.0
2012,JAMMU & KASHMIR,KUPWARA,24.0,68.0,50.0,3.0,141.0,154.0,440.0,6.0,1.4604959807014928,452.0,-12.0,3.0
2012,JAMMU & KASHMIR,LEH,4.0,8.0,1.0,0.0,1.0,22.0,36.0,5.0,1.078417723128299,43.0,-7.0,1.0
2012,JAMMU & KASHMIR,POONCH,39.0,40.0,41.0,0.0,99.0,70.0,289.0,5.0,1.5314714313467928,316.0,-27.0,2.0
2012,JAMMU & KASHMIR,PULWAMA,9.0,11.0,25.0,1.0,67.0,68.0,181.0,6.0,1.357255626460947,246.0,-65.0,2.0
2012,JAMMU & KASHMIR,RAJOURI,47.0,83.0,58.0,1.0,68.0,179.0,436.0,6.0,1.493479432485151,367.0,69.0,3.0
2012,JAMMU & KASHMIR,RAMBAN,12.0,16.0,22.0,1.0,1.0,68.0,120.0,6.0,1.2115770987891232,129.0,-9.0,1.0
2012,JAMMU & KASHMIR,REASI,27.0,26.0,18.0,1.0,13.0,77.0,162.0,6.0,1.4237558652167048,140.0,22.0,1.0
2012,JAMMU & KASHMIR,SAMBA,25.0,18.0,9.0,0.0,14.0,81.0,147.0,5.0,1.2817877391396675,148.0,-1.0,1.0
2012,JAMMU & KASHMIR,SHOPIAN,24.0,32.0,47.0,6.0,56.0,133.0,298.0,6.0,1.486622131980758,411.0,-113.0,2.0
2012,JAMMU & KASHMIR,SOPORE,49.0,62.0,34.0,9.0,29.0,254.0,437.0,6.0,1.2964382559525514,394.0,43.0,2.0
2012,JAMMU & KASHMIR,SRINAGAR,60.0,220.0,100.0,18.0,128.0,669.0,1195.0,6.0,1.2965861052197687,1497.0,-302.0,4.0
2012,JAMMU & KASHMIR,UDHAMPUR,25.0,50.0,22.0,0.0,22.0,96.0,215.0,5.0,1.4159573759332884,251.0,-36.0,2.0
2012,JHARKHAND,BOKARO,73.0,50.0,63.0,36.0,162.0,1121.0,1505.0,6.0,0.9413621070209404,1315.0,190.0,4.0
2012,JHARKHAND,CHAIBASA,193.0,42.0,15.0,31.0,13.0,179.0,473.0,6.0,1.3353277612728798,423.0,50.0,3.0
2012,JHARKHAND,CHATRA,75.0,21.0,24.0,29.0,104.0,200.0,453.0,6.0,1.4705244046757853,377.0,76.0,3.0
2012,JHARKHAND,DEOGHAR,167.0,73.0,48.0,41.0,196.0,451.0,976.0,6.0,1.4564494179081997,779.0,197.0,5.0
2012,JHARKHAND,DHANBAD,101.0,45.0,121.0,90.0,191.0,1325.0,1873.0,6.0,1.0475593886419556,1743.0,130.0,5.0
2012,JHARKHAND,DHANBAD RLY.,5.0,10.0,3.0,12.0,3.0,208.0,241.0,6.0,0.5981101509203239,239.0,2.0,1.0
2012,JHARKHAND,DUMKA,107.0,41.0,34.0,12.0,87.0,303.0,584.0,6.0,1.3668884416484433,675.0,-91.0,3.0
2012,JHARKHAND,GARHWA,135.0,57.0,24.0,42.0,184.0,246.0,688.0,6.0,1.5341069040795294,720.0,-32.0,4.0
2012,JHARKHAND,GIRIDIH,164.0,83.0,53.0,54.0,259.0,671.0,1284.0,6.0,1.3667891965309047,1112.0,172.0,5.0
2012,JHARKHAND,GODDA,49.0,24.0,63.0,12.0,31.0,193.0,372.0,6.0,1.4028678760646076,363.0,9.0,3.0
2012,JHARKHAND,GUMLA,241.0,45.0,55.0,30.0,32.0,163.0,566.0,6.0,1.4679934575854157,638.0,-72.0,4.0
2012,JHARKHAND,HAZARIBAGH,104.0,51.0,53.0,33.0,156.0,403.0,800.0,6.0,1.4162380360157514,871.0,-71.0,4.0
2012,JHARKHAND,JAMSHEDPUR,115.0,78.0,98.0,49.0,118.0,1456.0,1914.0,6.0,0.9252066339160853,1577.0,337.0,5.0
2012,JHARKHAND,JAMSHEDPUR RLY.,8.0,1.0,1.0,5.0,0.0,163.0,178.0,5.0,0.37861498497123425,190.0,-12.0,1.0
2012,JHARKHAND,JAMTARA,31.0,28.0,17.0,5.0,140.0,207.0,428.0,6.0,1.265501991361457,282.0,146.0,3.0
2012,JHARKHAND,KHUNTI,127.0,10.0,13.0,8.0,35.0,43.0,236.0,6.0,1.3350764151206402,283.0,-47.0,2.0
2012,JHARKHAND,KODERMA,74.0,20.0,30.0,19.0,74.0,211.0,428.0,6.0,1.4232853276313904,464.0,-36.0,3.0
2012,JHARKHAND,LATEHAR,68.0,21.0,28.0,18.0,41.0,120.0,296.0,6.0,1.5587872349324186,308.0,-12.0,2.0
2012,JHARKHAND,LOHARDAGGA,62.0,29.0,22.0,10.0,15.0,86.0,224.0,6.0,1.5354973181918186,317.0,-93.0,2.0
2012,JHARKHAND,PAKUR,53.0,63.0,23.0,11.0,112.0,200.0,462.0,6.0,1.4644144126342509,322.0,140.0,3.0
2012,JHARKHAND,PALAMU,131.0,36.0,57.0,64.0,144.0,410.0,842.0,6.0,1.454832839253457,907.0,-65.0,4.0
2012,JHARKHAND,RAMGARH,37.0,36.0,28.0,28.0,93.0,346.0,568.0,6.0,1.2477311614054944,508.0,60.0,3.0
2012,JHARKHAND,RANCHI,235.0,74.0,76.0,94.0,171.0,779.0,1429.0,6.0,1.3700318371241325,1079.0,350.0,5.0
2012,JHARKHAND,SAHEBGANJ,102.0,76.0,71.0,7.0,58.0,221.0,535.0,6.0,1.5240344949760194,514.0,21.0,4.0
2012,JHARKHAND,SARAIKELA,75.0,45.0,16.0,21.0,38.0,298.0,493.0,6.0,1.2524971165353285,503.0,-10.0,3.0
2012,JHARKHAND,SIMDEGA,96.0,37.0,20.0,17.0,10.0,98.0,278.0,6.0,1.4829688643796999,242.0,36.0,2.0
2012,KARNATAKA,BAGALKOT,95.0,74.0,17.0,25.0,225.0,299.0,735.0,6.0,1.4259781685874893,677.0,58.0,4.0
2012,KARNATAKA,BANGALORE COMMR.,726.0,411.0,532.0,707.0,551.0,14303.0,17230.0,6.0,0.725614047436016,17998.0,-768.0,5.0
2012,KARNATAKA,BELGAUM,265.0,242.0,54.0,87.0,486.0,1008.0,2142.0,6.0,1.419057759929407,2339.0,-197.0,5.0
2012,KARNATAKA,BELLARY,102.0,66.0,31.0,50.0,239.0,610.0,1098.0,6.0,1.2895844687699265,1079.0,19.0,4.0
2012,KARNATAKA,BIDAR,77.0,51.0,30.0,33.0,185.0,356.0,732.0,6.0,1.3913297440805112,629.0,103.0,4.0
2012,KARNATAKA,BIJAPUR,134.0,59.0,30.0,38.0,256.0,353.0,870.0,6.0,1.449437938329608,927.0,-57.0,4.0
2012,KARNATAKA,CBPURA,102.0,68.0,25.0,35.0,280.0,518.0,1028.0,6.0,1.3139588768919515,1047.0,-19.0,4.0
2012,KARNATAKA,CHAMARAJNAGAR,52.0,73.0,10.0,14.0,120.0,195.0,464.0,6.0,1.438645782466779,536.0,-72.0,2.0
2012,KARNATAKA,CHICKMAGALUR,70.0,81.0,12.0,30.0,114.0,285.0,592.0,6.0,1.4239020922948482,663.0,-71.0,3.0
2012,KARNATAKA,CHITRADURGA,88.0,166.0,34.0,28.0,331.0,418.0,1065.0,6.0,1.4316446155066433,1087.0,-22.0,4.0
2012,KARNATAKA,DAKSHIN KANNADA,48.0,47.0,10.0,20.0,130.0,245.0,500.0,6.0,1.3540024537268804,469.0,31.0,3.0
2012,KARNATAKA,DAVANAGERE,85.0,134.0,23.0,53.0,298.0,511.0,1104.0,6.0,1.3898506181844723,797.0,307.0,4.0
2012,KARNATAKA,DHARWAD COMMR.,39.0,22.0,54.0,79.0,114.0,540.0,848.0,6.0,1.1899946505197685,807.0,41.0,3.0
2012,KARNATAKA,GADAG,36.0,65.0,12.0,5.0,120.0,144.0,382.0,6.0,1.4209178652556524,360.0,22.0,2.0
2012,KARNATAKA,GULBARGA,169.0,161.0,53.0,75.0,416.0,618.0,1492.0,6.0,1.4770209037559834,1756.0,-264.0,5.0
2012,KARNATAKA,HASSAN,162.0,141.0,26.0,83.0,244.0,684.0,1340.0,6.0,1.3945500467419647,1430.0,-90.0,5.0
2012,KARNATAKA,HAVERI,43.0,84.0,18.0,11.0,251.0,274.0,681.0,6.0,1.329422005719287,670.0,11.0,3.0
2012,KARNATAKA,K.G.F.,38.0,20.0,7.0,15.0,87.0,166.0,333.0,6.0,1.3351424215397898,314.0,19.0,2.0
2012,KARNATAKA,KODAGU,68.0,37.0,5.0,6.0,36.0,218.0,370.0,6.0,1.2049764149091033,429.0,-59.0,2.0
2012,KARNATAKA,KOLAR,104.0,55.0,20.0,24.0,239.0,328.0,770.0,6.0,1.3884799063288342,673.0,97.0,4.0
2012,KARNATAKA,KOPPAL,35.0,24.0,27.0,16.0,134.0,249.0,485.0,6.0,1.3094771519033228,498.0,-13.0,3.0
2012,KARNATAKA,MANDYA,182.0,184.0,46.0,93.0,422.0,880.0,1807.0,6.0,1.4000042675437725,1791.0,16.0,5.0
2012,KARNATAKA,MYSORE COMMR.,66.0,34.0,13.0,208.0,88.0,913.0,1322.0,6.0,1.0162117377392743,1531.0,-209.0,4.0
2012,KARNATAKA,RAICHUR,74.0,160.0,34.0,12.0,243.0,364.0,887.0,6.0,1.4196130730418757,1009.0,-122.0,4.0
2012,KARNATAKA,RAMANAGAR,142.0,128.0,60.0,143.0,337.0,889.0,1699.0,6.0,1.3884136256612258,1486.0,213.0,5.0
2012,KARNATAKA,SHIMOGA,130.0,172.0,32.0,63.0,285.0,642.0,1324.0,6.0,1.4094892677893114,1342.0,-18.0,4.0
2012,KARNATAKA,TUMKUR,176.0,204.0,38.0,102.0,375.0,940.0,1835.0,6.0,1.3771422643673388,1817.0,18.0,5.0
2012,KARNATAKA,UDUPI,35.0,46.0,12.0,41.0,127.0,295.0,556.0,6.0,1.328862698884668,639.0,-83.0,2.0
2012,KARNATAKA,UTTAR KANNADA,58.0,104.0,11.0,21.0,130.0,228.0,552.0,6.0,1.4593733193274445,468.0,84.0,3.0
2012,KARNATAKA,YADGIRI,63.0,106.0,22.0,6.0,206.0,146.0,549.0,6.0,1.464301392205582,515.0,34.0,3.0
2012,KERALA,ALAPUZHA,44.0,294.0,18.0,18.0,573.0,572.0,1519.0,6.0,1.2610970368149776,1655.0,-136.0,5.0
2012,KERALA,ERNAKULAM COMMR.,19.0,136.0,6.0,30.0,396.0,1036.0,1623.0,6.0,0.9850280302211836,1456.0,167.0,4.0
2012,KERALA,IDUKKI,54.0,242.0,10.0,18.0,306.0,454.0,1084.0,6.0,1.3169982558698305,1066.0,18.0,4.0
2012,KERALA,KANNUR,69.0,249.0,23.0,78.0,1388.0,668.0,2475.0,6.0,1.1611299605752312,2202.0,273.0,5.0
2012,KERALA,KASARGOD,39.0,245.0,17.0,42.0,641.0,431.0,1415.0,6.0,1.2809424882962523,1460.0,-45.0,5.0
2012,KERALA,KOLLAM COMMR.,68.0,217.0,21.0,65.0,307.0,440.0,1118.0,6.0,1.4504616521440714,1396.0,-278.0,5.0
2012,KERALA,KOTTAYAM,51.0,320.0,19.0,28.0,500.0,787.0,1705.0,6.0,1.2531493788509849,1619.0,86.0,5.0
2012,KERALA,KOZHIKODE COMMR.,14.0,139.0,5.0,67.0,365.0,417.0,1007.0,6.0,1.2723676723324109,1271.0,-264.0,4.0
2012,KERALA,MALAPPURAM,46.0,318.0,10.0,37.0,834.0,950.0,2195.0,6.0,1.1844169607746826,2330.0,-135.0,5.0
2012,KERALA,PALAKKAD,89.0,214.0,13.0,36.0,738.0,678.0,1768.0,6.0,1.2537066576031355,1778.0,-10.0,5.0
2012,KERALA,PATHANAMTHITTA,55.0,169.0,17.0,19.0,427.0,395.0,1082.0,6.0,1.3124705016915754,1175.0,-93.0,5.0
2012,KERALA,THRISSUR COMMR.,34.0,146.0,13.0,29.0,450.0,598.0,1270.0,6.0,1.2010812909255373,1483.0,-213.0,5.0
2012,KERALA,TRIVANDRUM COMMR.,27.0,267.0,23.0,105.0,639.0,754.0,1815.0,6.0,1.2972346956063134,1988.0,-173.0,5.0
2012,KERALA,WAYANADU,20.0,115.0,12.0,13.0,268.0,276.0,704.0,6.0,1.2750166922487347,734.0,-30.0,4.0
2012,MADHYA PRADESH,ALIRAJPUR,93.0,53.0,13.0,17.0,22.0,144.0,342.0,6.0,1.457260322178693,297.0,45.0,2.0
2012,MADHYA PRADESH,ANUPPUR,51.0,142.0,8.0,16.0,28.0,287.0,532.0,6.0,1.2337475804215092,417.0,115.0,3.0
2012,MADHYA PRADESH,ASHOK NAGAR,52.0,112.0,6.0,13.0,26.0,191.0,400.0,6.0,1.3266490967101872,446.0,-46.0,2.0
2012,MADHYA PRADESH,BALAGHAT,71.0,191.0,9.0,13.0,62.0,291.0,637.0,6.0,1.3299670472682925,505.0,132.0,3.0
2012,MADHYA PRADESH,BARWANI,61.0,122.0,8.0,14.0,26.0,248.0,479.0,6.0,1.2813518559546404,443.0,36.0,2.0
2012,MADHYA PRADESH,BETUL,102.0,269.0,12.0,7.0,22.0,357.0,769.0,6.0,1.2009824558802245,767.0,2.0,4.0
2012,MADHYA PRADESH,BHIND,147.0,132.0,27.0,93.0,87.0,470.0,956.0,6.0,1.4558947696234488,853.0,103.0,4.0
2012,MADHYA PRADESH,BHOPAL,174.0,387.0,63.0,202.0,133.0,3837.0,4796.0,6.0,0.7916497715196706,4645.0,151.0,5.0
2012,MADHYA PRADESH,BHOPAL RLY.,13.0,18.0,1.0,26.0,1.0,1126.0,1185.0,6.0,0.2573814882751562,1213.0,-28.0,1.0
2012,MADHYA PRADESH,BURHANPUR,23.0,65.0,6.0,7.0,9.0,165.0,275.0,6.0,1.143754764001247,249.0,26.0,1.0
2012,MADHYA PRADESH,CHHATARPUR,113.0,234.0,39.0,42.0,80.0,530.0,1038.0,6.0,1.371074245885243,1278.0,-240.0,4.0
2012,MADHYA PRADESH,CHHINDWARA,96.0,324.0,21.0,32.0,94.0,490.0,1057.0,6.0,1.335654321959093,1054.0,3.0,4.0
2012,MADHYA PRADESH,DAMOH,98.0,215.0,32.0,18.0,35.0,266.0,664.0,6.0,1.413054092583441,751.0,-87.0,3.0
2012,MADHYA PRADESH,DATIYA,85.0,84.0,28.0,40.0,46.0,225.0,508.0,6.0,1.534790567483066,559.0,-51.0,3.0
2012,MADHYA PRADESH,DEWAS,118.0,216.0,31.0,29.0,51.0,720.0,1165.0,6.0,1.1671801564962914,1438.0,-273.0,4.0
2012,MADHYA PRADESH,DHAR,118.0,254.0,49.0,18.0,50.0,720.0,1209.0,6.0,1.1878618376471433,1338.0,-129.0,4.0
2012,MADHYA PRADESH,DINDORI,45.0,120.0,6.0,2.0,15.0,85.0,273.0,6.0,1.3011136187446368,230.0,43.0,2.0
2012,MADHYA PRADESH,GUNA,91.0,191.0,28.0,30.0,62.0,470.0,872.0,6.0,1.315884852844261,916.0,-44.0,3.0
2012,MADHYA PRADESH,GWALIOR,292.0,243.0,83.0,207.0,129.0,3127.0,4081.0,6.0,0.9003407064961104,4225.0,-144.0,5.0
2012,MADHYA PRADESH,HARDA,34.0,77.0,12.0,14.0,17.0,192.0,346.0,6.0,1.2836101738726304,364.0,-18.0,2.0
2012,MADHYA PRADESH,HOSHANGABAD,77.0,198.0,34.0,17.0,30.0,421.0,777.0,6.0,1.2557040328949267,995.0,-218.0,3.0
2012,MADHYA PRADESH,INDORE,298.0,578.0,54.0,279.0,146.0,5804.0,7159.0,6.0,0.7483273287733375,6092.0,1067.0,5.0
2012,MADHYA PRADESH,INDORE RLY.,5.0,6.0,3.0,10.0,1.0,330.0,355.0,6.0,0.3543149439952548,284.0,71.0,1.0
2012,MADHYA PRADESH,JABALPUR,234.0,380.0,51.0,99.0,83.0,1475.0,2322.0,6.0,1.1531886707210661,2184.0,138.0,5.0
2012,MADHYA PRADESH,JABALPUR RLY.,7.0,16.0,1.0,34.0,1.0,645.0,704.0,6.0,0.3770262215423515,495.0,209.0,1.0
2012,MADHYA PRADESH,JHABUA,44.0,154.0,25.0,32.0,51.0,286.0,592.0,6.0,1.3975146512035714,426.0,166.0,3.0
2012,MADHYA PRADESH,KATNI,60.0,204.0,18.0,25.0,30.0,388.0,725.0,6.0,1.237258919730431,653.0,72.0,3.0
2012,MADHYA PRADESH,KHANDWA,47.0,202.0,8.0,10.0,35.0,397.0,699.0,6.0,1.1234014131869727,756.0,-57.0,3.0
2012,MADHYA PRADESH,KHARGON,90.0,200.0,20.0,15.0,55.0,549.0,929.0,6.0,1.184236713298809,839.0,90.0,3.0
2012,MADHYA PRADESH,MANDLA,44.0,169.0,8.0,6.0,9.0,163.0,399.0,6.0,1.1997393121511712,402.0,-3.0,2.0
2012,MADHYA PRADESH,MANDSAUR,86.0,149.0,34.0,22.0,38.0,558.0,887.0,6.0,1.1691509192285405,899.0,-12.0,3.0
2012,MADHYA PRADESH,MORENA,167.0,139.0,35.0,69.0,129.0,622.0,1161.0,6.0,1.3848647920385204,1145.0,16.0,4.0
2012,MADHYA PRADESH,NARSINGHPUR,93.0,229.0,16.0,16.0,36.0,361.0,751.0,6.0,1.282566030550504,636.0,115.0,3.0
2012,MADHYA PRADESH,NEEMUCH,35.0,68.0,12.0,22.0,50.0,387.0,574.0,6.0,1.1075126256760535,617.0,-43.0,2.0
2012,MADHYA PRADESH,PANNA,51.0,106.0,8.0,11.0,8.0,149.0,333.0,6.0,1.303387044039445,456.0,-123.0,2.0
2012,MADHYA PRADESH,RAISEN,96.0,250.0,21.0,21.0,29.0,351.0,768.0,6.0,1.3036853819276406,957.0,-189.0,4.0
2012,MADHYA PRADESH,RAJGARH,78.0,271.0,52.0,28.0,119.0,545.0,1093.0,6.0,1.3613586680822412,1056.0,37.0,4.0
2012,MADHYA PRADESH,RATLAM,93.0,200.0,28.0,27.0,44.0,522.0,914.0,6.0,1.2418006233064216,1011.0,-97.0,4.0
2012,MADHYA PRADESH,REWA,105.0,207.0,44.0,52.0,65.0,1072.0,1545.0,6.0,1.0544371731490065,1291.0,254.0,4.0
2012,MADHYA PRADESH,SAGAR,175.0,566.0,63.0,65.0,115.0,899.0,1883.0,6.0,1.335706448063812,1965.0,-82.0,5.0
2012,MADHYA PRADESH,SATNA,110.0,227.0,29.0,45.0,50.0,828.0,1289.0,6.0,1.1287190336473962,1304.0,-15.0,4.0
2012,MADHYA PRADESH,SEONI,57.0,165.0,10.0,7.0,29.0,240.0,508.0,6.0,1.264758872568288,561.0,-53.0,3.0
2012,MADHYA PRADESH,SHAHDOL,57.0,214.0,27.0,35.0,40.0,373.0,746.0,6.0,1.3218281528750846,746.0,0.0,3.0
2012,MADHYA PRADESH,SHAJAPUR,85.0,169.0,18.0,22.0,64.0,499.0,857.0,6.0,1.2331732460718556,914.0,-57.0,3.0
2012,MADHYA PRADESH,SHEOPUR,23.0,57.0,4.0,18.0,28.0,160.0,290.0,6.0,1.3061854228361462,226.0,64.0,2.0
2012,MADHYA PRADESH,SHIVPURI,116.0,252.0,29.0,46.0,114.0,421.0,978.0,6.0,1.4637543309483365,962.0,16.0,4.0
2012,MADHYA PRADESH,SIDHI,42.0,132.0,40.0,7.0,19.0,316.0,556.0,6.0,1.217445619691457,514.0,42.0,3.0
2012,MADHYA PRADESH,SIHORE,59.0,169.0,14.0,21.0,52.0,533.0,848.0,6.0,1.1292887038746016,1000.0,-152.0,3.0
2012,MADHYA PRADESH,SINGRAULI,46.0,119.0,36.0,11.0,35.0,194.0,441.0,6.0,1.4481868375457405,466.0,-25.0,3.0
2012,MADHYA PRADESH,TIKAMGARH,76.0,185.0,13.0,24.0,53.0,211.0,562.0,6.0,1.4486073077970463,725.0,-163.0,3.0
2012,MADHYA PRADESH,UJJAIN,249.0,253.0,36.0,77.0,118.0,1461.0,2194.0,6.0,1.1090056907943147,2324.0,-130.0,5.0
2012,MADHYA PRADESH,UMARIYA,15.0,90.0,4.0,8.0,16.0,137.0,270.0,6.0,1.2051510718929495,311.0,-41.0,1.0
2012,MADHYA PRADESH,VIDISHA,122.0,307.0,25.0,26.0,78.0,560.0,1118.0,6.0,1.3011543290753953,1144.0,-26.0,4.0
2012,MAHARASHTRA,AHMEDNAGAR,207.0,208.0,59.0,310.0,618.0,2272.0,3674.0,6.0,1.1966455878489706,4038.0,-364.0,5.0
2012,MAHARASHTRA,AKOLA,79.0,111.0,22.0,52.0,140.0,994.0,1398.0,6.0,1.0242224130565465,1688.0,-290.0,3.0
2012,MAHARASHTRA,AMRAVATI COMMR.,63.0,73.0,20.0,59.0,90.0,1104.0,1409.0,6.0,0.8524206202124963,1625.0,-216.0,3.0
2012,MAHARASHTRA,AURANGABAD COMMR.,106.0,102.0,25.0,203.0,192.0,1378.0,2006.0,6.0,1.0758407013255584,2078.0,-72.0,5.0
2012,MAHARASHTRA,BEED,164.0,123.0,50.0,102.0,383.0,1022.0,1844.0,6.0,1.3072798836843178,1875.0,-31.0,5.0
2012,MAHARASHTRA,BHANDARA,34.0,62.0,11.0,34.0,57.0,628.0,826.0,6.0,0.9073685721213716,849.0,-23.0,2.0
2012,MAHARASHTRA,BULDHANA,92.0,136.0,31.0,28.0,266.0,789.0,1342.0,6.0,1.2165768328402062,1529.0,-187.0,4.0
2012,MAHARASHTRA,CHANDRAPUR,77.0,163.0,34.0,50.0,128.0,1092.0,1544.0,6.0,1.0333958337005245,1441.0,103.0,4.0
2012,MAHARASHTRA,DHULE,90.0,69.0,18.0,105.0,179.0,620.0,1081.0,6.0,1.2938778183928015,1235.0,-154.0,4.0
2012,MAHARASHTRA,GADCHIROLI,128.0,48.0,9.0,7.0,50.0,229.0,471.0,6.0,1.3136746468188993,401.0,70.0,2.0
2012,MAHARASHTRA,GONDIA,71.0,85.0,10.0,25.0,66.0,466.0,723.0,6.0,1.156741043597837,853.0,-130.0,3.0
2012,MAHARASHTRA,HINGOLI,42.0,46.0,10.0,8.0,113.0,199.0,418.0,6.0,1.3457123054806237,637.0,-219.0,2.0
2012,MAHARASHTRA,JALGAON,183.0,179.0,43.0,119.0,265.0,1474.0,2263.0,6.0,1.164629046433643,2567.0,-304.0,5.0
2012,MAHARASHTRA,JALNA,120.0,114.0,25.0,90.0,247.0,739.0,1335.0,6.0,1.3225184203249278,1308.0,27.0,5.0
2012,MAHARASHTRA,KOLHAPUR,102.0,114.0,45.0,73.0,450.0,1615.0,2399.0,6.0,1.0402106208450752,2133.0,266.0,5.0
2012,MAHARASHTRA,LATUR,134.0,82.0,32.0,60.0,274.0,809.0,1391.0,6.0,1.2499103564506469,1396.0,-5.0,4.0
2012,MAHARASHTRA,MUMBAI COMMR.,394.0,846.0,212.0,1160.0,460.0,15742.0,18814.0,6.0,0.6826695053663525,20529.0,-1715.0,5.0
2012,MAHARASHTRA,MUMBAI RLY.,13.0,22.0,7.0,424.0,11.0,1682.0,2159.0,6.0,0.6371553126548126,2299.0,-140.0,4.0
2012,MAHARASHTRA,NAGPUR COMMR.,188.0,141.0,53.0,504.0,201.0,3536.0,4623.0,6.0,0.8708624021608191,4117.0,506.0,5.0
2012,MAHARASHTRA,NAGPUR RLY.,10.0,5.0,2.0,71.0,13.0,1079.0,1180.0,6.0,0.374995717219294,1131.0,49.0,1.0
2012,MAHARASHTRA,NANDED,139.0,119.0,37.0,65.0,328.0,987.0,1675.0,6.0,1.2356911307264289,1932.0,-257.0,5.0
2012,MAHARASHTRA,NANDURBAR,52.0,41.0,10.0,31.0,96.0,291.0,521.0,6.0,1.3108074707401092,551.0,-30.0,2.0
2012,MAHARASHTRA,NASIK COMMR.,58.0,56.0,18.0,177.0,110.0,1593.0,2012.0,6.0,0.8017311020325362,3304.0,-1292.0,4.0
2012,MAHARASHTRA,NAVI MUMBAI,79.0,100.0,19.0,423.0,128.0,2644.0,3393.0,6.0,0.7980245869371916,3803.0,-410.0,5.0
2012,MAHARASHTRA,OSMANABAD,89.0,124.0,31.0,39.0,266.0,622.0,1171.0,6.0,1.3157971258530698,1239.0,-68.0,4.0
2012,MAHARASHTRA,PARBHANI,97.0,96.0,31.0,90.0,191.0,783.0,1288.0,6.0,1.2495275909172423,1311.0,-23.0,4.0
2012,MAHARASHTRA,PUNE COMMR.,237.0,205.0,109.0,766.0,580.0,6048.0,7945.0,6.0,0.8822410937444347,8368.0,-423.0,5.0
2012,MAHARASHTRA,PUNE RLY.,6.0,5.0,1.0,30.0,5.0,364.0,411.0,6.0,0.4822310120404011,423.0,-12.0,1.0
2012,MAHARASHTRA,RAIGAD,53.0,58.0,8.0,59.0,151.0,654.0,983.0,6.0,1.0913183055328304,865.0,118.0,3.0
2012,MAHARASHTRA,RATNAGIRI,23.0,42.0,4.0,44.0,98.0,425.0,636.0,6.0,1.0737320193562414,688.0,-52.0,2.0
2012,MAHARASHTRA,SANGLI,93.0,90.0,35.0,46.0,225.0,928.0,1417.0,6.0,1.125919435805576,1375.0,42.0,4.0
2012,MAHARASHTRA,SATARA,118.0,121.0,36.0,259.0,329.0,1864.0,2727.0,6.0,1.0700427137556576,2208.0,519.0,5.0
2012,MAHARASHTRA,SINDHUDURG,16.0,29.0,8.0,16.0,60.0,268.0,397.0,6.0,1.0795152856621146,375.0,22.0,2.0
2012,MAHARASHTRA,SOLAPUR COMMR.,45.0,56.0,24.0,121.0,137.0,856.0,1239.0,6.0,1.062928095122142,1202.0,37.0,4.0
2012,MAHARASHTRA,THANE COMMR.,209.0,310.0,124.0,780.0,309.0,4583.0,6315.0,6.0,0.976551311707129,6194.0,121.0,5.0
2012,MAHARASHTRA,WARDHA,66.0,133.0,26.0,70.0,104.0,993.0,1392.0,6.0,1.0283811606739552,1397.0,-5.0,3.0
2012,MAHARASHTRA,WASHIM,75.0,115.0,29.0,39.0,145.0,482.0,885.0,6.0,1.351232004138965,971.0,-86.0,4.0
2012,MAHARASHTRA,YAVATMAL,149.0,207.0,65.0,104.0,215.0,1429.0,2169.0,6.0,1.1629808394783487,1890.0,279.0,5.0
2012,MANIPUR,BISHNUPUR,46.0,14.0,12.0,0.0,8.0,55.0,135.0,5.0,1.3502966734621882,138.0,-3.0,2.0
2012,MANIPUR,CHANDEL,19.0,1.0,5.0,0.0,6.0,6.0,37.0,5.0,1.3003059181288317,20.0,17.0,1.0
2012,MANIPUR,CHURACHANDPUR,14.0,2.0,6.0,0.0,2.0,31.0,55.0,5.0,1.154177703573175,35.0,20.0,1.0
2012,MANIPUR,CID,0.0,0.0,0.0,0.0,0.0,2.0,2.0,1.0,-0.0,1.0,1.0,1.0
2012,MANIPUR,IMPHAL EAST,102.0,20.0,46.0,1.0,30.0,247.0,446.0,6.0,1.233426088204932,247.0,199.0,3.0
2012,MANIPUR,IMPHAL WEST,166.0,39.0,72.0,1.0,33.0,607.0,918.0,6.0,1.0436020057218982,856.0,62.0,4.0
2012,MANIPUR,SENAPATI,21.0,3.0,22.0,9.0,10.0,24.0,89.0,6.0,1.6312441665142041,88.0,1.0,2.0
2012,MANIPUR,TAMENGLONG,16.0,1.0,7.0,0.0,7.0,5.0,36.0,5.0,1.3709814049899605,24.0,12.0,1.0
2012,MANIPUR,THOUBAL,89.0,32.0,44.0,0.0,43.0,147.0,355.0,5.0,1.443324198153014,256.0,99.0,3.0
2012,MANIPUR,UKHRUL,23.0,0.0,9.0,0.0,7.0,35.0,74.0,4.0,1.1966334532323712,38.0,36.0,1.0
2012,MEGHALAYA,GARO HILLS EAST,20.0,5.0,9.0,18.0,0.0,49.0,101.0,5.0,1.343212175466725,140.0,-39.0,1.0
2012,MEGHALAYA,GARO HILLS SOUTH,18.0,8.0,15.0,3.0,3.0,57.0,104.0,6.0,1.3143084665386726,72.0,32.0,1.0
2012,MEGHALAYA,GARO HILLS WEST,25.0,8.0,19.0,14.0,0.0,112.0,178.0,5.0,1.1454327370394433,332.0,-154.0,1.0
2012,MEGHALAYA,JAINTIA HILLS,55.0,35.0,18.0,15.0,14.0,102.0,239.0,6.0,1.5175431269600095,262.0,-23.0,2.0
2012,MEGHALAYA,KHASI HILLS EAST,45.0,79.0,18.0,32.0,32.0,379.0,585.0,6.0,1.1739260292282458,643.0,-58.0,3.0
2012,MEGHALAYA,KHASI HILLS WEST,30.0,36.0,6.0,12.0,2.0,59.0,145.0,6.0,1.434850684498738,141.0,4.0,2.0
2012,MEGHALAYA,RI-BHOI,15.0,36.0,7.0,4.0,10.0,82.0,154.0,6.0,1.3150642095926612,138.0,16.0,2.0
2012,MIZORAM,AIZAWL,25.0,86.0,2.0,3.0,2.0,519.0,637.0,6.0,0.6257613289617284,761.0,-124.0,2.0
2012,MIZORAM,CHAMPHAI,11.0,27.0,1.0,0.0,0.0,153.0,192.0,4.0,0.6480086774655858,165.0,27.0,1.0
2012,MIZORAM,KOLASIB,5.0,18.0,1.0,1.0,5.0,88.0,118.0,6.0,0.8543565698846975,101.0,17.0,1.0
2012,MIZORAM,LAWNGTLAI,4.0,7.0,1.0,1.0,1.0,45.0,59.0,6.0,0.8492940451340053,44.0,15.0,1.0
2012,MIZORAM,LUNGLEI,6.0,20.0,1.0,0.0,0.0,87.0,114.0,4.0,0.7081352149787328,167.0,-53.0,1.0
2012,MIZORAM,MAMIT,3.0,13.0,1.0,1.0,0.0,40.0,58.0,5.0,0.8846609988643199,58.0,0.0,1.0
2012,MIZORAM,SAIHA,1.0,1.0,1.0,0.0,4.0,37.0,44.0,5.0,0.621709174547446,52.0,-8.0,1.0
2012,MIZORAM,SERCHHIP,3.0,16.0,0.0,0.0,1.0,37.0,57.0,4.0,0.8630298785419688,48.0,9.0,1.0
2012,NAGALAND,DIMAPUR,34.0,18.0,16.0,37.0,5.0,252.0,362.0,6.0,1.0536562244837753,337.0,25.0,2.0
2012,NAGALAND,KIPHIRE,7.0,0.0,0.0,0.0,0.0,3.0,10.0,2.0,0.6108643020548935,0.0,10.0,1.0
2012,NAGALAND,KOHIMA,22.0,3.0,3.0,9.0,0.0,102.0,139.0,5.0,0.8616907974694455,134.0,5.0,1.0
2012,NAGALAND,LONGLENG,2.0,0.0,0.0,0.0,0.0,1.0,3.0,2.0,0.6365141682948128,17.0,-14.0,1.0
2012,NAGALAND,MOKOKCHUNG,11.0,6.0,0.0,0.0,1.0,21.0,39.0,4.0,1.0722186715567672,34.0,5.0,1.0
2012,NAGALAND,MON,9.0,3.0,4.0,4.0,2.0,22.0,44.0,6.0,1.4307705137820732,24.0,20.0,1.0
2012,NAGALAND,PEREN,6.0,0.0,1.0,1.0,0.0,15.0,23.0,4.0,0.9019590058464766,12.0,11.0,1.0
2012,NAGALAND,PHEK,7.0,3.0,0.0,1.0,2.0,16.0,29.0,5.0,1.2064364566641321,33.0,-4.0,1.0
2012,NAGALAND,TUENSANG,7.0,1.0,0.0,0.0,0.0,21.0,29.0,3.0,0.6929392011734025,33.0,-4.0,1.0
2012,NAGALAND,WOKHA,5.0,2.0,0.0,1.0,0.0,28.0,36.0,4.0,0.7297630993395516,42.0,-6.0,1.0
2012,NAGALAND,ZUNHEBOTO,13.0,1.0,3.0,2.0,0.0,26.0,45.0,5.0,1.0791739817107033,49.0,-4.0,1.0
2012,ODISHA,ANGUL,128.0,384.0,59.0,120.0,202.0,762.0,1655.0,6.0,1.4598694705253934,1470.0,185.0,5.0
2012,ODISHA,BALASORE,130.0,329.0,140.0,88.0,84.0,798.0,1569.0,6.0,1.4117123446589706,1394.0,175.0,5.0
2012,ODISHA,BARAGARH,123.0,189.0,36.0,82.0,172.0,318.0,920.0,6.0,1.6171476794418052,749.0,171.0,4.0
2012,ODISHA,BERHAMPUR,153.0,176.0,24.0,77.0,40.0,494.0,964.0,6.0,1.3710744707866527,875.0,89.0,4.0
2012,ODISHA,BHADRAK,94.0,147.0,72.0,27.0,35.0,360.0,735.0,6.0,1.4284344594641114,646.0,89.0,4.0
2012,ODISHA,BOLANGIR,115.0,289.0,42.0,65.0,141.0,387.0,1039.0,6.0,1.5415218786033356,901.0,138.0,4.0
2012,ODISHA,BOUDH,35.0,89.0,10.0,3.0,47.0,102.0,286.0,6.0,1.4498670867303312,236.0,50.0,2.0
2012,ODISHA,CUTTACK,70.0,81.0,63.0,72.0,96.0,396.0,778.0,6.0,1.4779348135852919,660.0,118.0,4.0
2012,ODISHA,DCP BBSR,118.0,131.0,91.0,100.0,76.0,1853.0,2369.0,6.0,0.8707953633454995,1886.0,483.0,5.0
2012,ODISHA,DCP CTC,58.0,58.0,44.0,72.0,35.0,805.0,1072.0,6.0,0.9548924338331567,884.0,188.0,3.0
2012,ODISHA,DEOGARH,39.0,58.0,7.0,37.0,12.0,45.0,198.0,6.0,1.6179204425173008,206.0,-8.0,2.0
2012,ODISHA,DHENKANAL,156.0,296.0,41.0,87.0,143.0,388.0,1111.0,6.0,1.5805484173897004,954.0,157.0,4.0
2012,ODISHA,GAJAPATI,32.0,79.0,14.0,2.0,80.0,41.0,248.0,6.0,1.4922932150399557,190.0,58.0,2.0
2012,ODISHA,GANJAM,345.0,409.0,67.0,93.0,217.0,393.0,1524.0,6.0,1.624353982806518,1371.0,153.0,5.0
2012,ODISHA,JAGATSINGHPUR,64.0,86.0,57.0,111.0,53.0,525.0,896.0,6.0,1.3278916197785866,592.0,304.0,4.0
2012,ODISHA,JAJPUR,105.0,132.0,63.0,75.0,92.0,625.0,1092.0,6.0,1.3569162323125488,899.0,193.0,4.0
2012,ODISHA,JHARSUGUDA,34.0,62.0,13.0,47.0,32.0,418.0,606.0,6.0,1.0870538205213651,689.0,-83.0,2.0
2012,ODISHA,KALAHANDI,83.0,185.0,47.0,44.0,82.0,239.0,680.0,6.0,1.5953036122191468,586.0,94.0,4.0
2012,ODISHA,KANDHAMAL,29.0,133.0,30.0,17.0,21.0,162.0,392.0,6.0,1.4141339343778108,378.0,14.0,2.0
2012,ODISHA,KENDRAPARA,71.0,45.0,69.0,43.0,50.0,338.0,616.0,6.0,1.4043740738479686,533.0,83.0,4.0
2012,ODISHA,KEONJHAR,203.0,333.0,74.0,46.0,99.0,514.0,1269.0,6.0,1.495290844663279,1061.0,208.0,5.0
2012,ODISHA,KHURDA,107.0,365.0,53.0,53.0,62.0,274.0,914.0,6.0,1.491588125934801,514.0,400.0,4.0
2012,ODISHA,KORAPUT,105.0,187.0,36.0,66.0,107.0,257.0,758.0,6.0,1.6194534621832593,692.0,66.0,4.0
2012,ODISHA,MALKANGIR,84.0,68.0,22.0,16.0,51.0,106.0,347.0,6.0,1.623598152196563,328.0,19.0,2.0
2012,ODISHA,MAYURBHANJ,140.0,381.0,67.0,62.0,66.0,422.0,1138.0,6.0,1.4824206779925089,1061.0,77.0,5.0
2012,ODISHA,NAYAGARH,137.0,36.0,43.0,52.0,52.0,244.0,564.0,6.0,1.5176534229489347,439.0,125.0,4.0
2012,ODISHA,NOWRANGPUR,61.0,125.0,45.0,24.0,54.0,124.0,433.0,6.0,1.6481149116171085,416.0,17.0,3.0
2012,ODISHA,NUAPADA,50.0,80.0,19.0,20.0,46.0,122.0,337.0,6.0,1.5938801445466773,236.0,101.0,2.0
2012,ODISHA,PURI,128.0,75.0,55.0,126.0,177.0,758.0,1319.0,6.0,1.3340735524571992,971.0,348.0,5.0
2012,ODISHA,RAYAGADA,75.0,152.0,43.0,27.0,49.0,191.0,537.0,6.0,1.5708322334192477,527.0,10.0,3.0
2012,ODISHA,ROURKELA,128.0,167.0,23.0,43.0,25.0,620.0,1006.0,6.0,1.17167891686001,882.0,124.0,4.0
2012,ODISHA,SAMBALPUR,108.0,119.0,34.0,113.0,83.0,670.0,1127.0,6.0,1.299615501345715,1036.0,91.0,4.0
2012,ODISHA,SONEPUR,42.0,65.0,9.0,16.0,36.0,116.0,284.0,6.0,1.5191260648663518,281.0,3.0,2.0
2012,ODISHA,SRP(CUTTACK),11.0,11.0,2.0,17.0,0.0,557.0,598.0,5.0,0.33343447326311176,546.0,52.0,1.0
2012,ODISHA,SRP(ROURKELA),12.0,10.0,3.0,20.0,0.0,304.0,349.0,5.0,0.5426603626265761,351.0,-2.0,1.0
2012,ODISHA,SUNDARGARH,108.0,113.0,25.0,52.0,57.0,256.0,611.0,6.0,1.5446862994577053,542.0,69.0,3.0
2012,PUNJAB,BARNALA,41.0,29.0,9.0,1.0,0.0,210.0,290.0,5.0,0.8678959697005929,256.0,34.0,2.0
2012,PUNJAB,BATALA,70.0,35.0,23.0,11.0,4.0,270.0,413.0,6.0,1.0901687299179872,365.0,48.0,2.0
2012,PUNJAB,BHATINDA,116.0,63.0,46.0,5.0,4.0,643.0,877.0,6.0,0.8929552490871858,776.0,101.0,3.0
2012,PUNJAB,CP AMRITSAR,124.0,41.0,52.0,27.0,6.0,853.0,1103.0,6.0,0.8300264730667185,977.0,126.0,3.0
2012,PUNJAB,CP JALANDHAR,65.0,50.0,39.0,19.0,5.0,817.0,995.0,6.0,0.7195126892383564,1074.0,-79.0,3.0
2012,PUNJAB,CP LUDHIANA,168.0,99.0,123.0,21.0,5.0,1026.0,1442.0,6.0,0.9677421607242599,1478.0,-36.0,5.0
2012,PUNJAB,FARIDKOT,48.0,28.0,24.0,3.0,0.0,254.0,357.0,5.0,0.9332780578985528,235.0,122.0,2.0
2012,PUNJAB,FATEHGARH SAHIB,30.0,18.0,10.0,1.0,0.0,236.0,295.0,5.0,0.7156100342788705,262.0,33.0,1.0
2012,PUNJAB,FAZILKA,70.0,33.0,40.0,2.0,0.0,291.0,436.0,5.0,1.0027386659535513,346.0,90.0,2.0
2012,PUNJAB,FEROZPUR,82.0,19.0,20.0,4.0,8.0,441.0,574.0,6.0,0.8044421764573917,540.0,34.0,2.0
2012,PUNJAB,G.R.P,11.0,0.0,0.0,0.0,0.0,59.0,70.0,2.0,0.4349015678890801,67.0,3.0,1.0
2012,PUNJAB,GURDASPUR,51.0,25.0,37.0,2.0,0.0,249.0,364.0,5.0,0.9800356499463175,312.0,52.0,2.0
2012,PUNJAB,HOSHIARPUR,80.0,47.0,41.0,38.0,3.0,517.0,726.0,6.0,1.0014097946517593,709.0,17.0,3.0
2012,PUNJAB,KAPURTHALA,73.0,24.0,43.0,22.0,1.0,477.0,640.0,6.0,0.8972232759871109,547.0,93.0,2.0
2012,PUNJAB,KHANNA,45.0,17.0,15.0,1.0,0.0,273.0,351.0,5.0,0.7568802633785519,336.0,15.0,2.0
2012,PUNJAB,MANSA,46.0,31.0,17.0,0.0,5.0,175.0,274.0,5.0,1.07801690410603,241.0,33.0,2.0
2012,PUNJAB,MOGA,83.0,37.0,20.0,8.0,6.0,384.0,538.0,6.0,0.9482392143838515,691.0,-153.0,2.0
2012,PUNJAB,MUKTSAR,58.0,28.0,35.0,4.0,1.0,235.0,361.0,6.0,1.0639683286456665,314.0,47.0,2.0
2012,PUNJAB,PATHANKOT,17.0,15.0,13.0,4.0,0.0,118.0,167.0,5.0,0.9825705510759358,167.0,0.0,1.0
2012,PUNJAB,PATIALA,119.0,68.0,45.0,2.0,4.0,766.0,1004.0,6.0,0.8151147848146187,907.0,97.0,3.0
2012,PUNJAB,ROPAR,29.0,35.0,21.0,0.0,4.0,380.0,469.0,5.0,0.7159887260322653,366.0,103.0,2.0
2012,PUNJAB,SANGRUR,92.0,58.0,39.0,6.0,3.0,445.0,643.0,6.0,0.9885730334995015,661.0,-18.0,3.0
2012,PUNJAB,SAS NGR,75.0,54.0,52.0,9.0,0.0,998.0,1188.0,5.0,0.6352468607384191,972.0,216.0,3.0
2012,PUNJAB,SBS NAGAR,35.0,24.0,17.0,14.0,0.0,236.0,326.0,5.0,0.9547310944645805,304.0,22.0,2.0
2012,PUNJAB,TARN TARAN,105.0,33.0,23.0,8.0,0.0,349.0,518.0,5.0,0.9676922568475332,438.0,80.0,2.0
2012,RAJASTHAN,AJMER,81.0,142.0,107.0,18.0,19.0,1978.0,2345.0,6.0,0.6468858611196717,2268.0,77.0,4.0
2012,RAJASTHAN,ALWAR,195.0,264.0,243.0,71.0,30.0,4687.0,5490.0,6.0,0.6221811543822953,3623.0,1867.0,5.0
2012,RAJASTHAN,BANSWARA,53.0,105.0,96.0,13.0,71.0,353.0,691.0,6.0,1.409157809903557,684.0,7.0,4.0
2012,RAJASTHAN,BARAN,88.0,254.0,84.0,4.0,16.0,733.0,1179.0,6.0,1.0857454365145887,1061.0,118.0,4.0
2012,RAJASTHAN,BARMER,62.0,80.0,35.0,3.0,19.0,865.0,1064.0,6.0,0.7292992735058397,800.0,264.0,2.0
2012,RAJASTHAN,BHARATPUR,170.0,187.0,212.0,42.0,18.0,2345.0,2974.0,6.0,0.8042523845334355,2897.0,77.0,5.0
2012,RAJASTHAN,BHILWARA,72.0,157.0,78.0,21.0,31.0,1378.0,1737.0,6.0,0.7974612824815851,1637.0,100.0,4.0
2012,RAJASTHAN,BIKANER,127.0,98.0,41.0,12.0,15.0,1156.0,1449.0,6.0,0.7636667660947416,1205.0,244.0,4.0
2012,RAJASTHAN,BUNDI,55.0,133.0,81.0,3.0,15.0,599.0,886.0,6.0,1.0288744811655344,942.0,-56.0,3.0
2012,RAJASTHAN,CHITTORGARH,65.0,123.0,96.0,18.0,35.0,958.0,1295.0,6.0,0.9466525998284019,1325.0,-30.0,4.0
2012,RAJASTHAN,CHURU,82.0,64.0,37.0,4.0,13.0,804.0,1004.0,6.0,0.757911852154172,871.0,133.0,3.0
2012,RAJASTHAN,DAUSA,53.0,23.0,101.0,18.0,21.0,1462.0,1678.0,6.0,0.5606115642901198,1534.0,144.0,3.0
2012,RAJASTHAN,DHOLPUR,124.0,51.0,79.0,14.0,5.0,607.0,880.0,6.0,1.009018077814571,917.0,-37.0,4.0
2012,RAJASTHAN,DUNGARPUR,39.0,80.0,67.0,16.0,22.0,195.0,419.0,6.0,1.465663979774616,475.0,-56.0,3.0
2012,RAJASTHAN,G.R.P.AJMER,6.0,17.0,8.0,2.0,5.0,623.0,661.0,6.0,0.30055159911698676,542.0,119.0,1.0
2012,RAJASTHAN,G.R.P.JODHPUR,2.0,3.0,1.0,0.0,1.0,84.0,91.0,5.0,0.3694227776161625,103.0,-12.0,1.0
2012,RAJASTHAN,GANGANAGAR,117.0,135.0,79.0,3.0,5.0,1475.0,1814.0,6.0,0.7016769384616711,1913.0,-99.0,4.0
2012,RAJASTHAN,HANUMANGARH,107.0,135.0,63.0,6.0,9.0,919.0,1239.0,6.0,0.887719451769942,1275.0,-36.0,4.0
2012,RAJASTHAN,JAIPUR EAST,48.0,65.0,61.0,128.0,56.0,3507.0,3865.0,6.0,0.4510907813356617,3562.0,303.0,4.0
2012,RAJASTHAN,JAIPUR NORTH,32.0,66.0,64.0,38.0,14.0,1210.0,1424.0,6.0,0.647602283982158,1720.0,-296.0,3.0
2012,RAJASTHAN,JAIPUR SOUTH,35.0,37.0,26.0,54.0,6.0,1931.0,2089.0,6.0,0.37854598960451946,2092.0,-3.0,2.0
2012,RAJASTHAN,JAIPUR WEST,48.0,56.0,69.0,41.0,11.0,2531.0,2756.0,6.0,0.4048898198340841,2435.0,321.0,3.0
2012,RAJASTHAN,JAISALMER,17.0,32.0,9.0,3.0,15.0,311.0,387.0,6.0,0.7702195702782257,333.0,54.0,1.0
2012,RAJASTHAN,JALORE,41.0,53.0,47.0,6.0,25.0,483.0,655.0,6.0,0.9582087324523851,611.0,44.0,2.0
2012,RAJASTHAN,JHALAWAR,95.0,286.0,91.0,10.0,51.0,611.0,1144.0,6.0,1.2696521003118686,1149.0,-5.0,4.0
2012,RAJASTHAN,JHUNJHUNU,54.0,89.0,63.0,9.0,23.0,944.0,1182.0,6.0,0.7853508864710801,1246.0,-64.0,3.0
2012,RAJASTHAN,JODHPUR EAST,42.0,36.0,15.0,16.0,1.0,895.0,1005.0,6.0,0.4907247048905028,,,2.0
2012,RAJASTHAN,JODHPUR WEST,60.0,47.0,29.0,23.0,12.0,1051.0,1222.0,6.0,0.611898662122041,,,2.0
2012,RAJASTHAN,KARAULI,81.0,51.0,104.0,19.0,25.0,936.0,1216.0,6.0,0.8700502989430495,1121.0,95.0,4.0
2012,RAJASTHAN,NAGAUR,109.0,119.0,129.0,8.0,7.0,1074.0,1446.0,6.0,0.8914614208330722,1330.0,116.0,4.0
2012,RAJASTHAN,PALI,120.0,136.0,107.0,30.0,11.0,970.0,1374.0,6.0,1.0085944875679387,1359.0,15.0,4.0
2012,RAJASTHAN,PRATAPGARH,59.0,216.0,80.0,7.0,33.0,351.0,746.0,6.0,1.3354507194632415,693.0,53.0,4.0
2012,RAJASTHAN,RAJSAMAND,46.0,54.0,62.0,19.0,24.0,592.0,797.0,6.0,0.961082363847167,680.0,117.0,3.0
2012,RAJASTHAN,SAWAI MADHOPUR,53.0,58.0,95.0,5.0,7.0,1009.0,1227.0,6.0,0.6908250104204833,1104.0,123.0,3.0
2012,RAJASTHAN,SIKAR,85.0,77.0,96.0,4.0,34.0,1684.0,1980.0,6.0,0.62821039035839,1806.0,174.0,4.0
2012,RAJASTHAN,SIROHI,46.0,103.0,69.0,10.0,40.0,405.0,673.0,6.0,1.2401209163965732,666.0,7.0,3.0
2012,RAJASTHAN,TONK,45.0,43.0,69.0,3.0,40.0,623.0,823.0,6.0,0.8991551532082441,868.0,-45.0,3.0
2012,RAJASTHAN,UDAIPUR,157.0,323.0,190.0,60.0,201.0,2110.0,3041.0,6.0,1.0750396706907708,2893.0,148.0,5.0
2012,SIKKIM,EAST,7.0,20.0,6.0,2.0,19.0,89.0,143.0,6.0,1.1788876708104103,137.0,6.0,1.0
2012,SIKKIM,NORTH,2.0,0.0,0.0,0.0,0.0,12.0,14.0,2.0,0.410116318288409,17.0,-3.0,1.0
2012,SIKKIM,SOUTH,3.0,18.0,3.0,2.0,12.0,66.0,104.0,6.0,1.1218836635023381,92.0,12.0,1.0
2012,SIKKIM,WEST,2.0,15.0,1.0,2.0,11.0,49.0,80.0,6.0,1.1261593303366852,34.0,46.0,1.0
2012,TAMIL NADU,ARIYALUR,54.0,64.0,47.0,9.0,54.0,183.0,411.0,6.0,1.514829908388353,342.0,69.0,2.0
2012,TAMIL NADU,CHENNAI,403.0,184.0,87.0,87.0,105.0,3534.0,4400.0,6.0,0.7720212834168847,5516.0,-1116.0,5.0
2012,TAMIL NADU,CHENNAI RLY.,6.0,5.0,2.0,20.0,2.0,215.0,250.0,6.0,0.5767722913890228,272.0,-22.0,1.0
2012,TAMIL NADU,CUDDALORE,193.0,104.0,152.0,51.0,379.0,748.0,1627.0,6.0,1.4553336384679199,1251.0,376.0,5.0
2012,TAMIL NADU,DHARMAPURI,92.0,73.0,98.0,22.0,134.0,267.0,686.0,6.0,1.582417335944206,633.0,53.0,4.0
2012,TAMIL NADU,DINDIGUL,163.0,50.0,97.0,61.0,94.0,429.0,894.0,6.0,1.484936836263213,890.0,4.0,4.0
2012,TAMIL NADU,ERODE,71.0,50.0,30.0,45.0,44.0,559.0,799.0,6.0,1.0833496135798246,865.0,-66.0,2.0
2012,TAMIL NADU,KANCHIPURAM,189.0,36.0,17.0,23.0,165.0,867.0,1297.0,6.0,1.0400160790671422,844.0,453.0,4.0
2012,TAMIL NADU,KANYAKUMARI,165.0,23.0,33.0,92.0,50.0,578.0,941.0,6.0,1.196123251019053,897.0,44.0,4.0
2012,TAMIL NADU,KARUR,44.0,29.0,49.0,31.0,30.0,196.0,379.0,6.0,1.4577074041127234,487.0,-108.0,2.0
2012,TAMIL NADU,KRISHNAGIRI,104.0,65.0,45.0,59.0,175.0,356.0,804.0,6.0,1.513555447159117,943.0,-139.0,4.0
2012,TAMIL NADU,NAGAPATTINAM,100.0,44.0,42.0,20.0,87.0,286.0,579.0,6.0,1.438909047266224,518.0,61.0,3.0
2012,TAMIL NADU,NAMAKKAL,63.0,51.0,48.0,48.0,40.0,254.0,504.0,6.0,1.486040605241943,638.0,-134.0,3.0
2012,TAMIL NADU,NILGIRIS,31.0,24.0,8.0,5.0,10.0,134.0,212.0,6.0,1.173822117660871,208.0,4.0,1.0
2012,TAMIL NADU,PERAMBALUR,26.0,25.0,31.0,14.0,36.0,141.0,273.0,6.0,1.4506269677429877,275.0,-2.0,2.0
2012,TAMIL NADU,PUDUKOTTAI,68.0,32.0,33.0,19.0,67.0,230.0,449.0,6.0,1.4263284344557232,605.0,-156.0,2.0
2012,TAMIL NADU,RAMNATHAPURAM,136.0,24.0,40.0,49.0,123.0,317.0,689.0,6.0,1.4552423345980747,665.0,24.0,4.0
2012,TAMIL NADU,SIVAGANGAI,105.0,48.0,43.0,38.0,88.0,381.0,703.0,6.0,1.3879947781095272,585.0,118.0,3.0
2012,TAMIL NADU,THANJAVUR,159.0,90.0,57.0,104.0,212.0,693.0,1315.0,6.0,1.4074936222323347,1442.0,-127.0,5.0
2012,TAMIL NADU,THENI,109.0,72.0,45.0,51.0,103.0,457.0,837.0,6.0,1.3923602778167852,999.0,-162.0,4.0
2012,TAMIL NADU,THIRUVALLUR,91.0,26.0,14.0,25.0,110.0,363.0,629.0,6.0,1.2464547982056597,453.0,176.0,3.0
2012,TAMIL NADU,THIRUVANNAMALAI,108.0,29.0,62.0,21.0,168.0,395.0,783.0,6.0,1.3685926189286044,709.0,74.0,4.0
2012,TAMIL NADU,THIRUVARUR,78.0,17.0,34.0,21.0,45.0,263.0,458.0,6.0,1.3046083394366705,406.0,52.0,2.0
2012,TAMIL NADU,THOOTHUGUDI,293.0,27.0,41.0,81.0,32.0,529.0,1003.0,6.0,1.2380275223287416,1263.0,-260.0,4.0
2012,TAMIL NADU,TIRUPPUR,146.0,60.0,51.0,137.0,75.0,1013.0,1482.0,6.0,1.1052776459847256,1720.0,-238.0,4.0
2012,TAMIL NADU,TRICHY RLY.,5.0,2.0,1.0,3.0,2.0,85.0,98.0,6.0,0.5876106220165769,118.0,-20.0,1.0
2012,TAMIL NADU,VELLORE,169.0,62.0,76.0,46.0,26.0,766.0,1145.0,6.0,1.1043437545866754,1170.0,-25.0,4.0
2012,TAMIL NADU,VILLUPURAM,315.0,317.0,202.0,58.0,545.0,890.0,2327.0,6.0,1.5540010967128286,2520.0,-193.0,5.0
2012,TAMIL NADU,VIRUDHUNAGAR,159.0,46.0,39.0,54.0,104.0,597.0,999.0,6.0,1.2617612998586352,829.0,170.0,4.0
2012,TRIPURA,DHALAI,29.0,65.0,11.0,15.0,9.0,62.0,191.0,6.0,1.5264006233400274,192.0,-1.0,2.0
2012,TRIPURA,GOMATI,26.0,60.0,16.0,7.0,36.0,177.0,322.0,6.0,1.322566580416781,,,2.0
2012,TRIPURA,GRP,1.0,0.0,0.0,0.0,0.0,6.0,7.0,2.0,0.410116318288409,6.0,1.0,1.0
2012,TRIPURA,KHOWAI,16.0,32.0,5.0,1.0,20.0,63.0,137.0,6.0,1.3853510627526164,,,1.0
2012,TRIPURA,NORTH,21.0,77.0,16.0,6.0,14.0,82.0,216.0,6.0,1.4316777320526246,324.0,-108.0,2.0
2012,TRIPURA,SIPAHIJALA,21.0,65.0,29.0,10.0,33.0,136.0,294.0,6.0,1.4677519179391805,,,2.0
2012,TRIPURA,SOUTH,35.0,76.0,17.0,9.0,25.0,101.0,263.0,6.0,1.5108930744532607,578.0,-315.0,2.0
2012,TRIPURA,UNAKOTI,18.0,52.0,10.0,9.0,9.0,74.0,172.0,6.0,1.4348893882816731,,,2.0
2012,TRIPURA,WEST,38.0,116.0,35.0,10.0,41.0,255.0,495.0,6.0,1.3512518472751829,959.0,-464.0,3.0
2012,UTTAR PRADESH,AGRA,363.0,192.0,321.0,247.0,483.0,4377.0,5983.0,6.0,1.0007397276641314,6388.0,-405.0,5.0
2012,UTTAR PRADESH,ALIGARH,357.0,165.0,298.0,143.0,270.0,2034.0,3267.0,6.0,1.2491571862732571,3301.0,-34.0,5.0
2012,UTTAR PRADESH,ALLAHABAD,264.0,131.0,223.0,59.0,131.0,1987.0,2795.0,6.0,1.0354937165066116,3036.0,-241.0,5.0
2012,UTTAR PRADESH,AMBEDKAR NAGAR,76.0,22.0,69.0,24.0,66.0,248.0,505.0,6.0,1.453443873624141,542.0,-37.0,3.0
2012,UTTAR PRADESH,AURAIYA,62.0,40.0,102.0,20.0,9.0,271.0,504.0,6.0,1.3157337995835638,402.0,102.0,3.0
2012,UTTAR PRADESH,AZAMGARH,195.0,47.0,121.0,60.0,183.0,463.0,1069.0,6.0,1.520553024249796,942.0,127.0,5.0
2012,UTTAR PRADESH,BADAUN,275.0,72.0,107.0,43.0,7.0,330.0,834.0,6.0,1.4006000094270068,852.0,-18.0,5.0
2012,UTTAR PRADESH,BAGHPAT,189.0,44.0,80.0,49.0,63.0,411.0,836.0,6.0,1.4258592900695986,885.0,-49.0,4.0
2012,UTTAR PRADESH,BAHRAICH,106.0,55.0,116.0,16.0,72.0,465.0,830.0,6.0,1.3304942489170093,1038.0,-208.0,4.0
2012,UTTAR PRADESH,BALLIA,87.0,34.0,84.0,46.0,105.0,415.0,771.0,6.0,1.3984824044796527,541.0,230.0,4.0
2012,UTTAR PRADESH,BALRAMPUR,35.0,29.0,53.0,8.0,23.0,172.0,320.0,6.0,1.3725860521946387,317.0,3.0,2.0
2012,UTTAR PRADESH,BANDA,84.0,80.0,48.0,9.0,49.0,229.0,499.0,6.0,1.476403801126879,514.0,-15.0,3.0
2012,UTTAR PRADESH,BARABANKI,153.0,70.0,130.0,16.0,16.0,434.0,819.0,6.0,1.3060629429654356,819.0,0.0,4.0
2012,UTTAR PRADESH,BAREILLY,301.0,198.0,265.0,71.0,149.0,1403.0,2387.0,6.0,1.3016978827724965,1942.0,445.0,5.0
2012,UTTAR PRADESH,BASTI,66.0,24.0,61.0,12.0,14.0,285.0,462.0,6.0,1.1977317538408259,202.0,260.0,3.0
2012,UTTAR PRADESH,BHIM NAGAR,196.0,53.0,93.0,50.0,99.0,473.0,964.0,6.0,1.445533377927856,777.0,187.0,5.0
2012,UTTAR PRADESH,BIJNOR,172.0,86.0,160.0,60.0,67.0,712.0,1257.0,6.0,1.3414813946801636,913.0,344.0,5.0
2012,UTTAR PRADESH,BULANDSHAHAR,328.0,109.0,188.0,67.0,102.0,865.0,1659.0,6.0,1.3867616538581524,1771.0,-112.0,5.0
2012,UTTAR PRADESH,CHANDOLI,49.0,34.0,34.0,15.0,13.0,211.0,356.0,6.0,1.2858889580758988,252.0,104.0,2.0
2012,UTTAR PRADESH,CHITRAKOOT DHAM,53.0,66.0,43.0,9.0,23.0,208.0,402.0,6.0,1.3925376654670303,279.0,123.0,3.0
2012,UTTAR PRADESH,CSM NAGAR,105.0,78.0,105.0,18.0,53.0,255.0,614.0,6.0,1.5460057928203343,497.0,117.0,4.0
2012,UTTAR PRADESH,DEORIA,78.0,34.0,67.0,14.0,48.0,367.0,608.0,6.0,1.2597370510580221,421.0,187.0,3.0
2012,UTTAR PRADESH,ETAH,209.0,84.0,110.0,46.0,122.0,597.0,1168.0,6.0,1.4260859216142092,623.0,545.0,5.0
2012,UTTAR PRADESH,ETAWAH,123.0,35.0,71.0,36.0,21.0,439.0,725.0,6.0,1.2302778280278026,635.0,90.0,3.0
2012,UTTAR PRADESH,FAIZABAD,97.0,61.0,143.0,33.0,66.0,495.0,895.0,6.0,1.3584381230455744,822.0,73.0,4.0
2012,UTTAR PRADESH,FATEHGARH,144.0,53.0,106.0,19.0,30.0,458.0,810.0,6.0,1.2840842737017815,584.0,226.0,4.0
2012,UTTAR PRADESH,FATEHPUR,132.0,100.0,118.0,23.0,51.0,340.0,764.0,6.0,1.5044465296247143,740.0,24.0,4.0
2012,UTTAR PRADESH,FIROZABAD,238.0,81.0,193.0,88.0,139.0,904.0,1643.0,6.0,1.3742600879126807,1272.0,371.0,5.0
2012,UTTAR PRADESH,G.R.P.,40.0,39.0,14.0,48.0,23.0,1883.0,2047.0,6.0,0.4017049682066757,3511.0,-1464.0,2.0
2012,UTTAR PRADESH,GAUTAMBUDH NAGAR,208.0,69.0,158.0,209.0,151.0,3524.0,4319.0,6.0,0.7629632894185303,4322.0,-3.0,5.0
2012,UTTAR PRADESH,GHAZIABAD,296.0,91.0,255.0,112.0,76.0,3349.0,4179.0,6.0,0.7888095065678109,4834.0,-655.0,5.0
2012,UTTAR PRADESH,GHAZIPUR,126.0,25.0,61.0,31.0,67.0,370.0,680.0,6.0,1.3503709709105092,426.0,254.0,4.0
2012,UTTAR PRADESH,GONDA,99.0,63.0,125.0,31.0,111.0,656.0,1085.0,6.0,1.271725585494551,1114.0,-29.0,4.0
2012,UTTAR PRADESH,GORAKHPUR,279.0,108.0,232.0,83.0,242.0,1683.0,2627.0,6.0,1.197772591404488,2719.0,-92.0,5.0
2012,UTTAR PRADESH,HAMIRPUR,84.0,62.0,46.0,22.0,23.0,141.0,378.0,6.0,1.5907595588531656,301.0,77.0,3.0
2012,UTTAR PRADESH,HARDOI,164.0,84.0,135.0,12.0,46.0,422.0,863.0,6.0,1.3980654130830268,754.0,109.0,5.0
2012,UTTAR PRADESH,HATHRAS,118.0,56.0,84.0,57.0,74.0,463.0,852.0,6.0,1.4057186199319456,757.0,95.0,4.0
2012,UTTAR PRADESH,J.P.NAGAR,111.0,65.0,69.0,56.0,57.0,412.0,770.0,6.0,1.4219988127881984,668.0,102.0,4.0
2012,UTTAR PRADESH,JALAUN,88.0,47.0,68.0,19.0,33.0,272.0,527.0,6.0,1.4133175256352946,366.0,161.0,3.0
2012,UTTAR PRADESH,JAUNPUR,141.0,33.0,115.0,54.0,58.0,338.0,739.0,6.0,1.4930821771959515,583.0,156.0,4.0
2012,UTTAR PRADESH,JHANSI,129.0,53.0,74.0,31.0,80.0,522.0,889.0,6.0,1.3015029683983657,997.0,-108.0,4.0
2012,UTTAR PRADESH,KANNAUJ,97.0,48.0,86.0,8.0,31.0,269.0,539.0,6.0,1.3904484508689574,579.0,-40.0,3.0
2012,UTTAR PRADESH,KANPUR NAGAR,305.0,165.0,318.0,155.0,139.0,2427.0,3509.0,6.0,1.0943581906561524,3993.0,-484.0,5.0
2012,UTTAR PRADESH,KANSHIRAM NAGAR,110.0,54.0,65.0,12.0,44.0,229.0,514.0,6.0,1.4865059234344775,451.0,63.0,3.0
2012,UTTAR PRADESH,KAUSHAMBI,70.0,42.0,54.0,14.0,24.0,216.0,420.0,6.0,1.4115352826379586,525.0,-105.0,3.0
2012,UTTAR PRADESH,KHIRI,208.0,93.0,182.0,25.0,43.0,555.0,1106.0,6.0,1.3773119685064183,973.0,133.0,5.0
2012,UTTAR PRADESH,KUSHI NAGAR,86.0,52.0,98.0,11.0,111.0,300.0,658.0,6.0,1.4768420187157985,534.0,124.0,4.0
2012,UTTAR PRADESH,LALITPUR,44.0,41.0,25.0,11.0,16.0,145.0,282.0,6.0,1.4163845374041173,307.0,-25.0,2.0
2012,UTTAR PRADESH,LUCKNOW,267.0,158.0,315.0,71.0,198.0,4304.0,5313.0,6.0,0.7732191784902832,4819.0,494.0,5.0
2012,UTTAR PRADESH,MAHARAJGANJ,67.0,48.0,95.0,19.0,93.0,323.0,645.0,6.0,1.4400903902947522,253.0,392.0,4.0
2012,UTTAR PRADESH,MAHOBA,52.0,64.0,48.0,12.0,25.0,183.0,384.0,6.0,1.468669686405505,320.0,64.0,2.0
2012,UTTAR PRADESH,MAINPURI,183.0,66.0,139.0,63.0,88.0,574.0,1113.0,6.0,1.4288507784336129,942.0,171.0,5.0
2012,UTTAR PRADESH,MATHURA,241.0,116.0,155.0,85.0,151.0,1208.0,1956.0,6.0,1.2580753303266285,1892.0,64.0,5.0
2012,UTTAR PRADESH,MAU,99.0,40.0,82.0,28.0,116.0,448.0,813.0,6.0,1.3581867329442336,641.0,172.0,4.0
2012,UTTAR PRADESH,MEERUT,476.0,183.0,287.0,280.0,285.0,3222.0,4733.0,6.0,1.1249847948267089,4671.0,62.0,5.0
2012,UTTAR PRADESH,MIRZAPUR,38.0,7.0,7.0,4.0,3.0,132.0,191.0,6.0,0.9651431440243163,227.0,-36.0,1.0
2012,UTTAR PRADESH,MORADABAD,188.0,108.0,162.0,109.0,97.0,1146.0,1810.0,6.0,1.2348514876832493,1926.0,-116.0,5.0
2012,UTTAR PRADESH,MUZAFFARNAGAR,281.0,65.0,217.0,67.0,95.0,914.0,1639.0,6.0,1.3194862322797554,1745.0,-106.0,5.0
2012,UTTAR PRADESH,PANCHSHIL NAGAR,138.0,37.0,65.0,39.0,49.0,513.0,841.0,6.0,1.2414409450599533,985.0,-144.0,4.0
2012,UTTAR PRADESH,PILIBHIT,74.0,25.0,65.0,14.0,6.0,267.0,451.0,6.0,1.2116876581614842,539.0,-88.0,3.0
2012,UTTAR PRADESH,PRABUDDH NAGAR,125.0,21.0,64.0,42.0,56.0,250.0,558.0,6.0,1.4920834179285691,645.0,-87.0,4.0
2012,UTTAR PRADESH,PRATAPGARH,159.0,89.0,116.0,45.0,171.0,506.0,1086.0,6.0,1.50405695897584,720.0,366.0,5.0
2012,UTTAR PRADESH,RAIBAREILLY,85.0,82.0,96.0,15.0,46.0,356.0,680.0,6.0,1.3965525644986636,494.0,186.0,4.0
2012,UTTAR PRADESH,RAMABAI NAGAR,66.0,50.0,83.0,12.0,31.0,237.0,479.0,6.0,1.4303960665595779,519.0,-40.0,3.0
2012,UTTAR PRADESH,RAMPUR,130.0,58.0,100.0,53.0,60.0,611.0,1012.0,6.0,1.2828137125201773,1284.0,-272.0,4.0
2012,UTTAR PRADESH,SAHARANPUR,185.0,35.0,101.0,35.0,69.0,750.0,1175.0,6.0,1.1643633262721367,1123.0,52.0,4.0
2012,UTTAR PRADESH,SANT KABIRNAGAR,41.0,23.0,50.0,9.0,23.0,144.0,290.0,6.0,1.437058594449503,277.0,13.0,2.0
2012,UTTAR PRADESH,SHAHJAHANPUR,178.0,75.0,130.0,20.0,49.0,422.0,874.0,6.0,1.4177546987354694,1003.0,-129.0,5.0
2012,UTTAR PRADESH,SHRAWASTI,41.0,42.0,42.0,23.0,7.0,100.0,255.0,6.0,1.5707715479849111,264.0,-9.0,2.0
2012,UTTAR PRADESH,SIDHARTHNAGAR,36.0,35.0,48.0,5.0,15.0,141.0,280.0,6.0,1.4001303189472725,229.0,51.0,2.0
2012,UTTAR PRADESH,SITAPUR,200.0,143.0,241.0,35.0,91.0,666.0,1376.0,6.0,1.4449806157076175,1330.0,46.0,5.0
2012,UTTAR PRADESH,SONBHADRA,57.0,39.0,31.0,9.0,2.0,189.0,327.0,6.0,1.2283762834107599,353.0,-26.0,2.0
2012,UTTAR PRADESH,ST.RAVIDASNAGAR,37.0,10.0,18.0,2.0,6.0,116.0,189.0,6.0,1.1559807786324772,149.0,40.0,1.0
2012,UTTAR PRADESH,SULTANPUR,137.0,55.0,67.0,40.0,103.0,452.0,854.0,6.0,1.4051165254492115,629.0,225.0,4.0
2012,UTTAR PRADESH,UNNAO,132.0,122.0,182.0,15.0,48.0,449.0,948.0,6.0,1.4258299068718794,814.0,134.0,5.0
2012,UTTAR PRADESH,VARANASI,134.0,47.0,99.0,28.0,97.0,1267.0,1672.0,6.0,0.9138828963337998,1377.0,295.0,4.0
2012,UTTARAKHAND,ALMORA,11.0,10.0,0.0,4.0,6.0,40.0,71.0,5.0,1.2591078861240215,58.0,13.0,1.0
2012,UTTARAKHAND,BAGESHWAR,5.0,13.0,1.0,0.0,5.0,15.0,39.0,5.0,1.3543443695174893,16.0,23.0,1.0
2012,UTTARAKHAND,CHAMOLI,5.0,6.0,2.0,0.0,3.0,25.0,41.0,5.0,1.1781629636221598,45.0,-4.0,1.0
2012,UTTARAKHAND,CHAMPAWAT,3.0,7.0,0.0,1.0,2.0,21.0,34.0,5.0,1.107581893360182,40.0,-6.0,1.0
2012,UTTARAKHAND,DEHRADUN,73.0,54.0,43.0,23.0,90.0,910.0,1193.0,6.0,0.9084727711807862,1048.0,145.0,3.0
2012,UTTARAKHAND,HARIDWAR,137.0,85.0,106.0,78.0,118.0,880.0,1404.0,6.0,1.2534319803405087,1439.0,-35.0,5.0
2012,UTTARAKHAND,NAINITAL,39.0,27.0,29.0,14.0,33.0,171.0,313.0,6.0,1.397723641160782,339.0,-26.0,2.0
2012,UTTARAKHAND,PAURI GARHWAL,14.0,3.0,10.0,3.0,19.0,104.0,153.0,6.0,1.0727560822327762,126.0,27.0,1.0
2012,UTTARAKHAND,PITHORAGARH,11.0,3.0,1.0,0.0,7.0,31.0,53.0,5.0,1.1448643805481005,70.0,-17.0,1.0
2012,UTTARAKHAND,RUDRA PRAYAG,6.0,7.0,3.0,4.0,5.0,34.0,59.0,6.0,1.346073213933526,52.0,7.0,1.0
2012,UTTARAKHAND,TEHRI GARHWAL,7.0,2.0,3.0,3.0,6.0,30.0,51.0,6.0,1.2968096052390565,43.0,8.0,1.0
2012,UTTARAKHAND,UDHAMSINGH NAGAR,110.0,68.0,95.0,43.0,87.0,693.0,1096.0,6.0,1.2331842652930272,1350.0,-254.0,4.0
2012,UTTARAKHAND,UTTARKASHI,1.0,2.0,4.0,0.0,5.0,16.0,28.0,5.0,1.2129159057606878,33.0,-5.0,1.0
2012,WEST BENGAL,24 PARGANAS NORTH,328.0,314.0,497.0,95.0,699.0,1694.0,3627.0,6.0,1.4697912528125885,6135.0,-2508.0,5.0
2012,WEST BENGAL,24 PARGANAS SOUTH,260.0,327.0,419.0,69.0,1991.0,1584.0,4650.0,6.0,1.3573143436900375,5011.0,-361.0,5.0
2012,WEST BENGAL,ASANSOL,94.0,67.0,77.0,90.0,213.0,1003.0,1544.0,6.0,1.1752416564480885,1063.0,481.0,5.0
2012,WEST BENGAL,BANKURA,104.0,125.0,84.0,37.0,241.0,335.0,926.0,6.0,1.5804225784077235,872.0,54.0,5.0
2012,WEST BENGAL,BDN CP,54.0,71.0,53.0,20.0,32.0,1058.0,1288.0,6.0,0.742092371336783,,,3.0
2012,WEST BENGAL,BIRBHUM,362.0,136.0,76.0,52.0,268.0,491.0,1385.0,6.0,1.5465707587708635,996.0,389.0,5.0
2012,WEST BENGAL,BKP CP,156.0,124.0,214.0,64.0,125.0,1639.0,2322.0,6.0,1.0597718450573321,,,5.0
2012,WEST BENGAL,BURDWAN,281.0,203.0,99.0,47.0,372.0,710.0,1712.0,6.0,1.5096705235318981,1225.0,487.0,5.0
2012,WEST BENGAL,COOCHBEHAR,167.0,209.0,179.0,12.0,95.0,405.0,1067.0,6.0,1.542609689673455,1038.0,29.0,5.0
2012,WEST BENGAL,DAKSHIN DINAJPUR,299.0,149.0,142.0,4.0,25.0,355.0,974.0,6.0,1.414915452986452,710.0,264.0,5.0
2012,WEST BENGAL,DARJEELING,59.0,62.0,47.0,12.0,10.0,355.0,545.0,6.0,1.1359040986361342,1088.0,-543.0,2.0
2012,WEST BENGAL,HOOGHLY,185.0,154.0,177.0,36.0,562.0,1131.0,2245.0,6.0,1.3481554291345894,2157.0,88.0,5.0
2012,WEST BENGAL,HOWRAH,112.0,155.0,132.0,50.0,207.0,698.0,1354.0,6.0,1.431746448528048,1366.0,-12.0,5.0
2012,WEST BENGAL,HOWRAH G.R.P.,31.0,6.0,4.0,5.0,3.0,340.0,389.0,6.0,0.5241606443522955,574.0,-185.0,1.0
2012,WEST BENGAL,JALPAIGURI,300.0,342.0,334.0,41.0,63.0,1644.0,2724.0,6.0,1.2158514459269132,2837.0,-113.0,5.0
2012,WEST BENGAL,JHARGRAM,58.0,49.0,21.0,29.0,53.0,120.0,330.0,6.0,1.639347442239251,,,2.0
2012,WEST BENGAL,KHARAGPUR G.R.P.,6.0,5.0,4.0,3.0,0.0,150.0,168.0,5.0,0.48566603415051435,194.0,-26.0,1.0
2012,WEST BENGAL,KOLKATA,268.0,554.0,271.0,52.0,397.0,7584.0,9126.0,6.0,0.6977492394958604,6539.0,2587.0,5.0
2012,WEST BENGAL,MALDA,461.0,335.0,290.0,17.0,84.0,556.0,1743.0,6.0,1.5229177769013629,1287.0,456.0,5.0
2012,WEST BENGAL,MURSHIDABAD,599.0,866.0,579.0,51.0,240.0,1214.0,3549.0,6.0,1.5503605042897735,4202.0,-653.0,5.0
2012,WEST BENGAL,NADIA,524.0,230.0,433.0,63.0,150.0,1742.0,3142.0,6.0,1.3138494420010443,3421.0,-279.0,5.0
2012,WEST BENGAL,PASCHIM MIDNAPUR,201.0,163.0,115.0,50.0,457.0,718.0,1704.0,6.0,1.4792317270489828,2198.0,-494.0,5.0
2012,WEST BENGAL,PURAB MIDNAPUR,102.0,84.0,196.0,38.0,418.0,623.0,1461.0,6.0,1.4359330131630546,1444.0,17.0,5.0
2012,WEST BENGAL,PURULIA,84.0,114.0,44.0,34.0,102.0,305.0,683.0,6.0,1.5265561263798384,784.0,-101.0,4.0
2012,WEST BENGAL,SEALDAH G.R.P.,30.0,14.0,7.0,10.0,13.0,437.0,511.0,6.0,0.6279447488307517,441.0,70.0,2.0
2012,WEST BENGAL,SILIGURI G.R.P.,5.0,8.0,3.0,2.0,2.0,167.0,187.0,6.0,0.4960491828575203,162.0,25.0,1.0
2012,WEST BENGAL,SILIGURI_PC,44.0,56.0,123.0,32.0,12.0,1100.0,1367.0,6.0,0.7624973571068797,,,4.0
2012,WEST BENGAL,UTTAR DINAJPUR,403.0,242.0,306.0,42.0,84.0,524.0,1601.0,6.0,1.5648273213372357,1152.0,449.0,5.0
2012,A & N ISLANDS,CAR,2.0,1.0,1.0,1.0,0.0,6.0,11.0,5.0,1.294545165844896,,,1.0
2012,A & N ISLANDS,NORTH,5.0,6.0,0.0,1.0,0.0,22.0,34.0,4.0,0.9733993378096385,,,1.0
2012,A & N ISLANDS,SOUTH,11.0,22.0,7.0,5.0,12.0,150.0,207.0,6.0,0.9971510807430644,,,1.0
2012,CHANDIGARH,CHANDIGARH,70.0,72.0,87.0,66.0,58.0,2052.0,2405.0,6.0,0.65200222839041,2392.0,13.0,4.0
2012,D & N HAVELI,D and N HAVELI,9.0,5.0,13.0,4.0,23.0,104.0,158.0,6.0,1.126868765136149,184.0,-26.0,1.0
2012,DAMAN & DIU,DAMAN,7.0,5.0,2.0,4.0,16.0,89.0,123.0,6.0,0.9711267222573435,103.0,20.0,1.0
2012,DAMAN & DIU,DIU,1.0,0.0,1.0,0.0,4.0,6.0,12.0,4.0,1.1269287948006759,28.0,-16.0,1.0
2012,DELHI UT,CAW,0.0,0.0,0.0,0.0,0.0,0.0,0.0,0.0,0.0,2.0,-2.0,1.0
2012,DELHI UT,CENTRAL,70.0,78.0,180.0,49.0,13.0,1732.0,2122.0,6.0,0.727233403434124,1791.0,331.0,4.0
2012,DELHI UT,CRIME BRANCH,3.0,1.0,3.0,0.0,0.0,62.0,69.0,4.0,0.4301354088754574,86.0,-17.0,1.0
2012,DELHI UT,DELHI UT TOTAL,1042.0,1433.0,3970.0,636.0,158.0,26579.0,33818.0,6.0,0.7817682944098189,33928.0,-110.0,5.0
2012,DELHI UT,EAST,110.0,186.0,503.0,61.0,31.0,3674.0,4565.0,6.0,0.7295221552154407,4586.0,-21.0,5.0
2012,DELHI UT,EOW,0.0,0.0,0.0,0.0,0.0,122.0,122.0,1.0,-0.0,149.0,-27.0,1.0
2012,DELHI UT,GRP(RLY),14.0,16.0,27.0,12.0,5.0,651.0,725.0,6.0,0.48179694590298916,847.0,-122.0,1.0
2012,DELHI UT,IGI AIRPORT,1.0,6.0,1.0,1.0,0.0,317.0,326.0,5.0,0.15400652512601348,519.0,-193.0,1.0
2012,DELHI UT,NEW DELHI,16.0,34.0,28.0,9.0,13.0,545.0,645.0,6.0,0.6636580305753297,685.0,-40.0,1.0
2012,DELHI UT,NORTH,44.0,43.0,153.0,45.0,8.0,1286.0,1579.0,6.0,0.7194059852606829,1725.0,-146.0,4.0
2012,DELHI UT,NORTH-EAST,125.0,147.0,510.0,62.0,7.0,2821.0,3672.0,6.0,0.8014660022337238,3765.0,-93.0,5.0
2012,DELHI UT,NORTH-WEST,105.0,83.0,357.0,71.0,3.0,2254.0,2873.0,6.0,0.77144897193693,3254.0,-381.0,5.0
2012,DELHI UT,OUTER,171.0,146.0,572.0,97.0,13.0,2744.0,3743.0,6.0,0.8965313581969072,3642.0,101.0,5.0
2012,DELHI UT,SOUTH,61.0,129.0,245.0,54.0,7.0,2650.0,3146.0,6.0,0.6341005571349893,3137.0,9.0,5.0
2012,DELHI UT,SOUTH-EAST,121.0,276.0,538.0,74.0,23.0,3345.0,4377.0,6.0,0.8331880895540097,3757.0,620.0,5.0
2012,DELHI UT,SOUTH-WEST,101.0,156.0,399.0,47.0,12.0,1598.0,2313.0,6.0,0.9836823666767145,2264.0,49.0,5.0
2012,DELHI UT,STF,1.0,0.0,0.0,0.0,0.0,2.0,3.0,2.0,0.6365141682948128,7.0,-4.0,1.0
2012,DELHI UT,WEST,99.0,132.0,454.0,54.0,23.0,2776.0,3538.0,6.0,0.7731145962652239,3712.0,-174.0,5.0
2012,LAKSHADWEEP,LAKSHADWEEP,0.0,1.0,0.0,0.0,13.0,10.0,24.0,3.0,0.8292958063087608,14.0,10.0,1.0
2012,PUDUCHERRY,KARAIKAL,13.0,8.0,2.0,3.0,18.0,118.0,162.0,6.0,0.9540810109321229,108.0,54.0,1.0
2012,PUDUCHERRY,PUDUCHERRY,55.0,14.0,17.0,18.0,129.0,716.0,949.0,6.0,0.8583463686837276,998.0,-49.0,3.0
2013,Andhra Pradesh,ADILABAD,181.0,258.0,65.0,16.0,88.0,998.0,1606.0,6.0,1.170271796685494,,,4.0
2013,Andhra Pradesh,ANANTAPUR,308.0,365.0,110.0,28.0,85.0,1041.0,1937.0,6.0,1.3019283536675013,,,5.0
2013,Andhra Pradesh,CHITTOOR,135.0,150.0,52.0,14.0,75.0,924.0,1350.0,6.0,1.0672965915090578,,,4.0
2013,Andhra Pradesh,CUDDAPAH,207.0,337.0,84.0,11.0,190.0,1320.0,2149.0,6.0,1.1834830566634782,,,5.0
2013,Andhra Pradesh,CYBERABAD,301.0,488.0,192.0,104.0,74.0,8387.0,9546.0,6.0,0.540212758818602,,,5.0
2013,Andhra Pradesh,EAST GODAVARI,145.0,426.0,63.0,18.0,71.0,1422.0,2145.0,6.0,1.032211618880571,,,4.0
2013,Andhra Pradesh,GUNTAKAL RLY.,2.0,3.0,0.0,0.0,1.0,254.0,260.0,4.0,0.13312380390078735,,,1.0
2013,Andhra Pradesh,GUNTUR,198.0,334.0,61.0,25.0,62.0,1213.0,1893.0,6.0,1.1072235592970454,,,4.0
2013,Andhra Pradesh,KARIMNAGAR,200.0,411.0,118.0,23.0,141.0,1946.0,2839.0,6.0,1.0458780198164654,,,5.0
2013,Andhra Pradesh,KHAMMAM,212.0,354.0,114.0,22.0,177.0,2030.0,2909.0,6.0,1.0324600405959279,,,5.0
2013,Andhra Pradesh,KRISHNA,102.0,445.0,54.0,18.0,60.0,1129.0,1808.0,6.0,1.0650635728471058,,,4.0
2013,Andhra Pradesh,KURNOOL,302.0,400.0,72.0,39.0,163.0,1339.0,2315.0,6.0,1.2492884090816314,,,5.0
2013,Andhra Pradesh,MAHABOOBNAGAR,291.0,336.0,90.0,26.0,186.0,1922.0,2851.0,6.0,1.0807690464010635,,,5.0
2013,Andhra Pradesh,MEDAK,211.0,233.0,44.0,17.0,103.0,1572.0,2180.0,6.0,0.9616381705023014,,,4.0
2013,Andhra Pradesh,NALGONDA,203.0,444.0,118.0,40.0,280.0,1775.0,2860.0,6.0,1.191749860774151,,,5.0
2013,Andhra Pradesh,NELLORE,211.0,289.0,95.0,45.0,58.0,1793.0,2491.0,6.0,0.9803016089774135,,,4.0
2013,Andhra Pradesh,NIZAMABAD,185.0,191.0,54.0,23.0,144.0,1929.0,2526.0,6.0,0.8808923223437963,,,4.0
2013,Andhra Pradesh,PRAKASHAM,184.0,337.0,65.0,37.0,120.0,1307.0,2050.0,6.0,1.148171010141939,,,4.0
2013,Andhra Pradesh,RAJAHMUNDRY,31.0,81.0,15.0,19.0,23.0,544.0,713.0,6.0,0.8784381725262093,,,2.0
2013,Andhra Pradesh,RANGA REDDY,135.0,106.0,25.0,14.0,43.0,372.0,695.0,6.0,1.3100766569808795,,,3.0
2013,Andhra Pradesh,SECUNDERABAD RLY.,9.0,11.0,2.0,1.0,0.0,749.0,772.0,5.0,0.16585804456839617,,,1.0
2013,Andhra Pradesh,SRIKAKULAM,85.0,249.0,26.0,12.0,53.0,665.0,1090.0,6.0,1.1234885979187772,,,3.0
2013,Andhra Pradesh,VIJAYAWADA RLY.,8.0,7.0,1.0,12.0,1.0,629.0,658.0,6.0,0.23778495619027315,,,1.0
2013,Andhra Pradesh,VISAKHAPATNAM,81.0,216.0,58.0,31.0,30.0,1958.0,2374.0,6.0,0.6948181494746023,,,4.0
2013,Andhra Pradesh,VIZIANAGARAM,70.0,207.0,25.0,8.0,43.0,552.0,905.0,6.0,1.122647638037705,,,3.0
2013,Andhra Pradesh,WARANGAL,110.0,258.0,63.0,18.0,140.0,823.0,1412.0,6.0,1.2475545675756579,,,4.0
2013,Andhra Pradesh,WEST GODAVARI,154.0,465.0,96.0,24.0,60.0,2083.0,2882.0,6.0,0.919318118836007,,,5.0
2013,Andhra Pradesh,ZZ TOTAL,4903.0,8565.0,2119.0,834.0,2876.0,55422.0,74719.0,6.0,0.9252249326507719,,,5.0
2013,Arunachal Pradesh,ANJAW,2.0,0.0,0.0,1.0,0.0,9.0,12.0,3.0,0.7214636866925116,,,1.0
2013,Arunachal Pradesh,CHANGLANG,6.0,7.0,11.0,12.0,5.0,55.0,96.0,6.0,1.3454089163954401,,,1.0
2013,Arunachal Pradesh,DIBANG VALLEY,6.0,2.0,2.0,5.0,2.0,29.0,46.0,6.0,1.2067238197389591,,,1.0
2013,Arunachal Pradesh,K/KUMEY,4.0,1.0,1.0,0.0,2.0,10.0,18.0,5.0,1.2260760503661698,,,1.0
2013,Arunachal Pradesh,KAMENG EAST,9.0,8.0,16.0,3.0,2.0,37.0,75.0,6.0,1.396713885799488,,,1.0
2013,Arunachal Pradesh,KAMENG WEST,8.0,2.0,3.0,4.0,1.0,52.0,70.0,6.0,0.9295307510311206,,,1.0
2013,Arunachal Pradesh,LOHIT,16.0,20.0,29.0,12.0,9.0,78.0,164.0,6.0,1.49410524750838,,,2.0
2013,Arunachal Pradesh,LONGDING,3.0,3.0,3.0,0.0,0.0,18.0,27.0,4.0,1.0027182645175161,,,1.0
2013,Arunachal Pradesh,PAPUM PARE,10.0,42.0,44.0,17.0,10.0,238.0,361.0,6.0,1.124049102646032,,,2.0
2013,Arunachal Pradesh,SIANG EAST,6.0,16.0,6.0,8.0,2.0,83.0,121.0,6.0,1.0714258321401346,,,1.0
2013,Arunachal Pradesh,SIANG UPPER,4.0,4.0,2.0,2.0,1.0,20.0,33.0,6.0,1.2608230438216703,,,1.0
2013,Arunachal Pradesh,SIANG WEST,9.0,16.0,6.0,13.0,10.0,58.0,112.0,6.0,1.4438302574034554,,,1.0
2013,Arunachal Pradesh,SUBANSIRI LOWER,5.0,8.0,0.0,4.0,3.0,30.0,50.0,5.0,1.2008298523089913,,,1.0
2013,Arunachal Pradesh,SUBANSIRI UPPER,6.0,18.0,5.0,5.0,7.0,18.0,59.0,6.0,1.6280511681877796,,,1.0
2013,Arunachal Pradesh,TAWANG,0.0,8.0,1.0,0.0,0.0,15.0,24.0,3.0,0.792375274099119,,,1.0
2013,Arunachal Pradesh,TIRAP,7.0,5.0,3.0,8.0,2.0,25.0,50.0,6.0,1.4428606096716337,,,1.0
2013,Arunachal Pradesh,UPPER DIBANG VALLEY,2.0,0.0,1.0,0.0,0.0,2.0,5.0,3.0,1.0549201679861442,,,1.0
2013,Arunachal Pradesh,ZZ TOTAL,108.0,168.0,142.0,99.0,59.0,807.0,1383.0,6.0,1.326567571074626,,,5.0
2013,Assam,BAKSA,46.0,29.0,53.0,14.0,4.0,195.0,341.0,6.0,1.2719955309333926,,,2.0
2013,Assam,BARPETA,64.0,489.0,349.0,51.0,255.0,1166.0,2374.0,6.0,1.3760741789443445,,,5.0
2013,Assam,BIEO,0.0,0.0,0.0,0.0,0.0,7.0,7.0,1.0,-0.0,,,1.0
2013,Assam,BONGAIGAON,22.0,72.0,120.0,15.0,30.0,244.0,503.0,6.0,1.3808533408456167,,,4.0
2013,Assam,C.I.D.,1.0,0.0,0.0,0.0,0.0,41.0,42.0,2.0,0.11251593411963928,,,1.0
2013,Assam,CACHAR,62.0,104.0,227.0,29.0,278.0,1178.0,1878.0,6.0,1.167991248123604,,,5.0
2013,Assam,CHIRANG,33.0,51.0,70.0,12.0,47.0,139.0,352.0,6.0,1.5739430576328002,,,3.0
2013,Assam,DARRANG,35.0,331.0,147.0,19.0,71.0,532.0,1135.0,6.0,1.3283959450148317,,,5.0
2013,Assam,DHEMAJI,39.0,119.0,99.0,36.0,32.0,266.0,591.0,6.0,1.489038159787493,,,4.0
2013,Assam,DHUBRI,114.0,642.0,443.0,73.0,788.0,1162.0,3222.0,6.0,1.5105045657541945,,,5.0
2013,Assam,DIBRUGARH,94.0,216.0,149.0,45.0,36.0,936.0,1476.0,6.0,1.1739362456847104,,,5.0
2013,Assam,G.R.P.,13.0,0.0,8.0,6.0,9.0,161.0,197.0,5.0,0.7217237553657474,,,1.0
2013,Assam,GOALPARA,139.0,162.0,136.0,41.0,257.0,513.0,1248.0,6.0,1.5541099971677799,,,5.0
2013,Assam,GOLAGHAT,105.0,161.0,226.0,59.0,41.0,461.0,1053.0,6.0,1.4967769441270011,,,5.0
2013,Assam,HAILAKANDI,14.0,67.0,90.0,9.0,128.0,263.0,571.0,6.0,1.3912500084580746,,,4.0
2013,Assam,HAMREN,11.0,14.0,15.0,1.0,2.0,37.0,80.0,6.0,1.3953433751628186,,,1.0
2013,Assam,JORHAT,88.0,196.0,197.0,35.0,43.0,915.0,1474.0,6.0,1.1934341539577606,,,5.0
2013,Assam,KAMRUP,60.0,152.0,172.0,27.0,100.0,808.0,1319.0,6.0,1.2305955513679248,,,5.0
2013,Assam,KARBI ANGLONG,38.0,24.0,58.0,16.0,96.0,175.0,407.0,6.0,1.496814040521196,,,3.0
2013,Assam,KARIMGANJ,50.0,53.0,115.0,22.0,90.0,383.0,713.0,6.0,1.3762457659805825,,,4.0
2013,Assam,KOKRAJHAR,68.0,64.0,103.0,12.0,198.0,408.0,853.0,6.0,1.4029624946118213,,,4.0
2013,Assam,LAKHIMPUR,57.0,114.0,134.0,7.0,32.0,332.0,676.0,6.0,1.3704522355248923,,,4.0
2013,Assam,MORIGAON,45.0,121.0,123.0,13.0,91.0,292.0,685.0,6.0,1.5003183845833217,,,4.0
2013,Assam,N.C.HILLS,33.0,5.0,33.0,1.0,6.0,77.0,155.0,6.0,1.2754234206801487,,,2.0
2013,Assam,NAGAON,189.0,293.0,442.0,194.0,313.0,1275.0,2706.0,6.0,1.5155659927313097,,,5.0
2013,Assam,NALBARI,34.0,128.0,102.0,30.0,31.0,425.0,750.0,6.0,1.295632166323106,,,4.0
2013,Assam,R.P.O.,4.0,9.0,5.0,2.0,4.0,14.0,38.0,6.0,1.6048055643871986,,,1.0
2013,Assam,SIBSAGAR,128.0,113.0,200.0,41.0,64.0,765.0,1311.0,6.0,1.295366112632496,,,5.0
2013,Assam,SONITPUR,124.0,133.0,251.0,34.0,70.0,901.0,1513.0,6.0,1.2529341831894711,,,5.0
2013,Assam,STF,0.0,0.0,0.0,0.0,0.0,0.0,0.0,0.0,0.0,,,1.0
2013,Assam,TINSUKIA,118.0,111.0,201.0,52.0,13.0,755.0,1250.0,6.0,1.2159837580973551,,,5.0
2013,Assam,UDALGURI,66.0,63.0,82.0,19.0,33.0,235.0,498.0,6.0,1.4852640027906912,,,3.0
2013,Assam,ZZ TOTAL,1987.0,4346.0,4801.0,1169.0,3222.0,18836.0,34361.0,6.0,1.3678326919700563,,,5.0
2013,Bihar,ARARIA,91.0,62.0,114.0,35.0,250.0,371.0,923.0,6.0,1.5123415346893623,,,5.0
2013,Bihar,ARWAL,17.0,9.0,34.0,6.0,51.0,134.0,251.0,6.0,1.3205919703681894,,,2.0
2013,Bihar,AURANGABAD,382.0,56.0,59.0,61.0,356.0,612.0,1526.0,6.0,1.4284236396591101,,,5.0
2013,Bihar,BAGAHA,45.0,32.0,68.0,12.0,98.0,275.0,530.0,6.0,1.380636196269356,,,3.0
2013,Bihar,BANKA,113.0,34.0,87.0,25.0,214.0,307.0,780.0,6.0,1.4931937799143509,,,5.0
2013,Bihar,BEGUSARAI,328.0,79.0,175.0,76.0,488.0,855.0,2001.0,6.0,1.4688017362876136,,,5.0
2013,Bihar,BETTIAH,278.0,39.0,173.0,28.0,577.0,983.0,2078.0,6.0,1.3186017400817363,,,5.0
2013,Bihar,BHABHUA,90.0,16.0,59.0,25.0,151.0,295.0,636.0,6.0,1.414855984445463,,,4.0
2013,Bihar,BHAGALPUR,187.0,91.0,147.0,40.0,281.0,701.0,1447.0,6.0,1.4392795263827605,,,5.0
2013,Bihar,BHOJPUR,262.0,26.0,124.0,41.0,151.0,828.0,1432.0,6.0,1.251086924312549,,,5.0
2013,Bihar,BUXAR,121.0,45.0,77.0,59.0,250.0,634.0,1186.0,6.0,1.3468049342720012,,,5.0
2013,Bihar,DARBHANGA,201.0,42.0,227.0,50.0,620.0,835.0,1975.0,6.0,1.38384631968348,,,5.0
2013,Bihar,GAYA,263.0,45.0,208.0,112.0,507.0,1621.0,2756.0,6.0,1.2401874466402247,,,5.0
2013,Bihar,GOPALGANJ,94.0,11.0,125.0,41.0,435.0,519.0,1225.0,6.0,1.3174260263922963,,,5.0
2013,Bihar,JAMALPUR RLY.,8.0,1.0,3.0,10.0,3.0,224.0,249.0,6.0,0.463389552645765,,,1.0
2013,Bihar,JAMUI,239.0,26.0,62.0,34.0,225.0,199.0,785.0,6.0,1.5174618843733598,,,5.0
2013,Bihar,JEHANABAD,36.0,19.0,37.0,35.0,152.0,318.0,597.0,6.0,1.3015413241107288,,,3.0
2013,Bihar,KATIHAR,120.0,87.0,164.0,36.0,209.0,549.0,1165.0,6.0,1.4741143965115944,,,5.0
2013,Bihar,KATIHAR RLY.,16.0,2.0,5.0,9.0,2.0,158.0,192.0,6.0,0.7010045686187529,,,1.0
2013,Bihar,KHAGARIA,145.0,13.0,73.0,29.0,151.0,229.0,640.0,6.0,1.5118471658155959,,,4.0
2013,Bihar,KISHANGANJ,71.0,52.0,107.0,21.0,187.0,305.0,743.0,6.0,1.5030850025470301,,,5.0
2013,Bihar,LAKHISARAI,138.0,9.0,40.0,22.0,163.0,197.0,569.0,6.0,1.4469269030559502,,,4.0
2013,Bihar,MADHEPURA,118.0,17.0,87.0,24.0,341.0,377.0,964.0,6.0,1.3720860340205219,,,5.0
2013,Bihar,MADHUBANI,80.0,38.0,158.0,43.0,270.0,553.0,1142.0,6.0,1.3887159621879261,,,5.0
2013,Bihar,MOTIHARI,894.0,30.0,260.0,88.0,944.0,1065.0,3281.0,6.0,1.4188153335532037,,,5.0
2013,Bihar,MUNGER,92.0,12.0,75.0,29.0,129.0,471.0,808.0,6.0,1.2575068865963588,,,4.0
2013,Bihar,MUZAFFARPUR,262.0,48.0,382.0,174.0,551.0,2328.0,3745.0,6.0,1.194865131489591,,,5.0
2013,Bihar,MUZAFFARPUR RLY.,15.0,4.0,6.0,15.0,8.0,348.0,396.0,6.0,0.5502545254265262,,,1.0
2013,Bihar,NALANDA,235.0,29.0,136.0,43.0,185.0,656.0,1284.0,6.0,1.3702010998922558,,,5.0
2013,Bihar,NAUGACHIA,69.0,29.0,36.0,18.0,88.0,155.0,395.0,6.0,1.5571773241164764,,,3.0
2013,Bihar,NAWADAH,136.0,23.0,75.0,44.0,341.0,394.0,1013.0,6.0,1.4182948341093295,,,5.0
2013,Bihar,PATNA,412.0,93.0,544.0,223.0,622.0,5929.0,7823.0,6.0,0.9059259740517878,,,5.0
2013,Bihar,PATNA RLY.,37.0,14.0,26.0,9.0,15.0,791.0,892.0,6.0,0.5219013992977429,,,2.0
2013,Bihar,PURNEA,296.0,56.0,111.0,41.0,340.0,568.0,1412.0,6.0,1.4673892763657086,,,5.0
2013,Bihar,ROHTAS,209.0,65.0,168.0,67.0,276.0,1032.0,1817.0,6.0,1.3172898413760425,,,5.0
2013,Bihar,SAHARSA,127.0,14.0,100.0,30.0,257.0,327.0,855.0,6.0,1.4480125422174597,,,5.0
2013,Bihar,SAMASTIPUR,215.0,43.0,152.0,61.0,420.0,570.0,1461.0,6.0,1.4793941185855455,,,5.0
2013,Bihar,SARAN,390.0,16.0,199.0,61.0,395.0,969.0,2030.0,6.0,1.35960885543144,,,5.0
2013,Bihar,SHEIKHPURA,107.0,10.0,40.0,10.0,87.0,186.0,440.0,6.0,1.418314606581701,,,3.0
2013,Bihar,SHEOHAR,49.0,3.0,49.0,17.0,88.0,96.0,302.0,6.0,1.5215464909351482,,,3.0
2013,Bihar,SITAMARHI,134.0,29.0,220.0,121.0,281.0,894.0,1679.0,6.0,1.3624697657340867,,,5.0
2013,Bihar,SIWAN,125.0,20.0,234.0,66.0,409.0,880.0,1734.0,6.0,1.3206677063610168,,,5.0
2013,Bihar,SUPAUL,70.0,39.0,144.0,23.0,508.0,522.0,1306.0,6.0,1.3097701678054177,,,5.0
2013,Bihar,VAISHALI,272.0,31.0,200.0,86.0,515.0,1514.0,2618.0,6.0,1.2330399506437038,,,5.0
2013,Bihar,ZZ TOTAL,7589.0,1459.0,5570.0,2100.0,12591.0,31774.0,61083.0,6.0,1.3480668823425797,,,5.0
2013,Chhattisgarh,BALOD,29.0,87.0,30.0,2.0,24.0,132.0,304.0,6.0,1.4064653760335482,,,2.0
2013,Chhattisgarh,BALODA BAZAR,37.0,165.0,144.0,14.0,41.0,379.0,780.0,6.0,1.3627970476629887,,,4.0
2013,Chhattisgarh,BALRAMPUR,51.0,134.0,17.0,13.0,24.0,80.0,319.0,6.0,1.4856361446012094,,,3.0
2013,Chhattisgarh,BEMETARA,26.0,85.0,38.0,6.0,26.0,208.0,389.0,6.0,1.320306520375158,,,2.0
2013,Chhattisgarh,BILASPUR,114.0,404.0,305.0,61.0,130.0,1077.0,2091.0,6.0,1.3745800249906777,,,5.0
2013,Chhattisgarh,BIZAPUR,92.0,12.0,17.0,3.0,13.0,22.0,159.0,6.0,1.3039283014541267,,,2.0
2013,Chhattisgarh,DANTEWARA,43.0,18.0,6.0,2.0,15.0,37.0,121.0,6.0,1.4890148135487093,,,1.0
2013,Chhattisgarh,DHAMTARI,30.0,89.0,33.0,5.0,18.0,214.0,389.0,6.0,1.2712861397536734,,,2.0
2013,Chhattisgarh,DURG,100.0,342.0,108.0,45.0,71.0,1289.0,1955.0,6.0,1.0988752379939695,,,5.0
2013,Chhattisgarh,GARIYABAND,26.0,56.0,26.0,5.0,17.0,116.0,246.0,6.0,1.4302543276488267,,,2.0
2013,Chhattisgarh,GRP RAIPUR,4.0,5.0,2.0,3.0,3.0,197.0,214.0,6.0,0.40167008202576565,,,1.0
2013,Chhattisgarh,JAGDALPUR,54.0,83.0,51.0,11.0,22.0,169.0,390.0,6.0,1.494288582643709,,,3.0
2013,Chhattisgarh,JANJGIR,74.0,217.0,200.0,18.0,154.0,502.0,1165.0,6.0,1.4853204274383645,,,5.0
2013,Chhattisgarh,JASHPUR,70.0,140.0,68.0,10.0,19.0,164.0,471.0,6.0,1.5019930924070666,,,4.0
2013,Chhattisgarh,KABIRDHAM,30.0,102.0,33.0,4.0,13.0,151.0,333.0,6.0,1.346681011350452,,,2.0
2013,Chhattisgarh,KANKER,79.0,78.0,48.0,3.0,26.0,93.0,327.0,6.0,1.5686592012701057,,,3.0
2013,Chhattisgarh,KONDAGAON,41.0,32.0,29.0,4.0,17.0,34.0,157.0,6.0,1.652311761880408,,,2.0
2013,Chhattisgarh,KORBA,59.0,128.0,78.0,10.0,42.0,353.0,670.0,6.0,1.3545477564906354,,,4.0
2013,Chhattisgarh,KORIYA,44.0,151.0,68.0,10.0,19.0,244.0,536.0,6.0,1.3749562474344654,,,3.0
2013,Chhattisgarh,MAHASAMUND,33.0,153.0,116.0,13.0,44.0,400.0,759.0,6.0,1.3185726363516628,,,4.0
2013,Chhattisgarh,MUNGELI,34.0,67.0,61.0,6.0,47.0,172.0,387.0,6.0,1.489560317943551,,,3.0
2013,Chhattisgarh,NARAYANPUR,33.0,13.0,5.0,4.0,1.0,24.0,80.0,6.0,1.3995922582939493,,,1.0
2013,Chhattisgarh,RAIGARH,138.0,216.0,163.0,46.0,87.0,673.0,1323.0,6.0,1.4292606828184136,,,5.0
2013,Chhattisgarh,RAIPUR,152.0,402.0,428.0,58.0,127.0,2244.0,3411.0,6.0,1.1183538579271806,,,5.0
2013,Chhattisgarh,RAJNANDGAON,64.0,120.0,81.0,7.0,36.0,406.0,714.0,6.0,1.2798110525028301,,,3.0
2013,Chhattisgarh,SARGUJA,55.0,189.0,19.0,16.0,34.0,229.0,542.0,6.0,1.3587016696224365,,,3.0
2013,Chhattisgarh,SUKMA,56.0,10.0,5.0,5.0,5.0,23.0,104.0,6.0,1.329934348526077,,,1.0
2013,Chhattisgarh,SURAJPUR,48.0,143.0,56.0,14.0,39.0,196.0,496.0,6.0,1.4983898272193525,,,3.0
2013,Chhattisgarh,ZZ TOTAL,1616.0,3641.0,2235.0,398.0,1114.0,9828.0,18832.0,6.0,1.3695487852475268,,,5.0
2013,Goa,NORTH GOA,59.0,151.0,50.0,23.0,95.0,1082.0,1460.0,6.0,0.9451063067797287,,,3.0
2013,Goa,SOUTH GOA,27.0,97.0,58.0,25.0,71.0,732.0,1010.0,6.0,0.9974345622907943,,,3.0
2013,Goa,ZZ TOTAL,86.0,248.0,108.0,48.0,166.0,1814.0,2470.0,6.0,0.9692813727428745,,,5.0
2013,Gujarat,AHMEDABAD COMMR.,166.0,296.0,458.0,598.0,175.0,4605.0,6298.0,6.0,0.9821963048548066,,,5.0
2013,Gujarat,AHWA-DANG,7.0,11.0,6.0,0.0,3.0,25.0,52.0,5.0,1.3643877888266784,,,1.0
2013,Gujarat,AMRELI,42.0,27.0,64.0,12.0,42.0,200.0,387.0,6.0,1.4142316342184067,,,3.0
2013,Gujarat,ANAND,46.0,32.0,76.0,18.0,49.0,401.0,622.0,6.0,1.1878256142997314,,,3.0
2013,Gujarat,BHARUCH,47.0,53.0,44.0,27.0,42.0,648.0,861.0,6.0,0.952127439181121,,,3.0
2013,Gujarat,BHAVNAGAR,84.0,67.0,109.0,46.0,107.0,617.0,1030.0,6.0,1.3008924180775105,,,4.0
2013,Gujarat,CID CRIME,0.0,0.0,1.0,0.0,0.0,3.0,4.0,2.0,0.5623351446188083,,,1.0
2013,Gujarat,DAHOD,39.0,29.0,81.0,83.0,53.0,434.0,719.0,6.0,1.279709154018561,,,3.0
2013,Gujarat,GANDHINAGAR,31.0,53.0,71.0,27.0,36.0,551.0,769.0,6.0,1.033531147610939,,,3.0
2013,Gujarat,HIMATNAGAR,54.0,47.0,76.0,19.0,53.0,424.0,673.0,6.0,1.2265230314316824,,,3.0
2013,Gujarat,JAMNAGAR,81.0,53.0,64.0,33.0,100.0,597.0,928.0,6.0,1.203268095820322,,,4.0
2013,Gujarat,JUNAGADH,56.0,81.0,84.0,27.0,146.0,470.0,864.0,6.0,1.3658121021663967,,,4.0
2013,Gujarat,KHEDA NORTH,62.0,35.0,72.0,10.0,41.0,268.0,488.0,6.0,1.350343497992885,,,3.0
2013,Gujarat,KUTCH (EAST(G)),47.0,59.0,51.0,24.0,50.0,590.0,821.0,6.0,1.0367088674178726,,,3.0
2013,Gujarat,KUTCH (WEST-BHUJ),40.0,57.0,35.0,19.0,71.0,397.0,619.0,6.0,1.1992464715696258,,,3.0
2013,Gujarat,MEHSANA,41.0,48.0,139.0,71.0,91.0,818.0,1208.0,6.0,1.1171536155248636,,,4.0
2013,Gujarat,NARMADA,16.0,22.0,24.0,1.0,15.0,89.0,167.0,6.0,1.3530415047475113,,,1.0
2013,Gujarat,NAVSARI,25.0,22.0,39.0,16.0,18.0,454.0,574.0,6.0,0.838068467916459,,,2.0
2013,Gujarat,PALANPUR,84.0,158.0,104.0,82.0,94.0,797.0,1319.0,6.0,1.295199928580353,,,5.0
2013,Gujarat,PANCHMAHAL,76.0,62.0,96.0,26.0,71.0,433.0,764.0,6.0,1.351675499115422,,,4.0
2013,Gujarat,PATAN,23.0,66.0,74.0,50.0,74.0,426.0,713.0,6.0,1.2953895192691476,,,3.0
2013,Gujarat,PORBANDAR,18.0,12.0,16.0,6.0,26.0,111.0,189.0,6.0,1.3029855857209154,,,1.0
2013,Gujarat,RAJKOT COMMR.,65.0,32.0,63.0,45.0,90.0,1222.0,1517.0,6.0,0.794619689093552,,,3.0
2013,Gujarat,SURAT COMMR.,138.0,167.0,309.0,67.0,65.0,2146.0,2892.0,6.0,0.9427123837640534,,,5.0
2013,Gujarat,SURENDRANAGAR,64.0,69.0,71.0,27.0,83.0,472.0,786.0,6.0,1.2944153363887743,,,3.0
2013,Gujarat,TAPI,21.0,21.0,17.0,3.0,12.0,148.0,222.0,6.0,1.1290886322601676,,,1.0
2013,Gujarat,VADODARA COMMR.,56.0,126.0,82.0,161.0,101.0,1857.0,2383.0,6.0,0.8699090232052618,,,4.0
2013,Gujarat,VALSAD,34.0,52.0,73.0,39.0,39.0,775.0,1012.0,6.0,0.9114910370470426,,,3.0
2013,Gujarat,W.RLY AHMEDABAD,13.0,2.0,7.0,8.0,2.0,277.0,309.0,6.0,0.4769442446648704,,,1.0
2013,Gujarat,W.RLY VADODARA,7.0,7.0,2.0,8.0,3.0,422.0,449.0,6.0,0.3173733372510867,,,1.0
2013,Gujarat,ZZ TOTAL,1770.0,1975.0,2666.0,1717.0,2019.0,22789.0,32936.0,6.0,1.109320454810045,,,5.0
2013,Haryana,BHIWANI,111.0,149.0,169.0,42.0,198.0,1334.0,2003.0,6.0,1.1427218594214996,,,5.0
2013,Haryana,FARIDABAD,122.0,155.0,155.0,40.0,187.0,2378.0,3037.0,6.0,0.8530236550618773,,,5.0
2013,Haryana,FATEHABAD,47.0,76.0,47.0,15.0,25.0,523.0,733.0,6.0,1.0229255616865158,,,3.0
2013,Haryana,GRP,20.0,20.0,9.0,21.0,11.0,427.0,508.0,6.0,0.6868536818702491,,,1.0
2013,Haryana,GURGAON,164.0,179.0,263.0,168.0,169.0,5352.0,6295.0,6.0,0.6607273219971255,,,5.0
2013,Haryana,HISSAR,119.0,179.0,114.0,71.0,132.0,1850.0,2465.0,6.0,0.9532309803802552,,,5.0
2013,Haryana,I&P HARYANA,0.0,0.0,0.0,0.0,0.0,0.0,0.0,0.0,0.0,,,1.0
2013,Haryana,JHAJJAR,84.0,61.0,50.0,30.0,35.0,692.0,952.0,6.0,1.0072838877553998,,,3.0
2013,Haryana,JIND,99.0,107.0,100.0,35.0,179.0,1123.0,1643.0,6.0,1.1011220172348009,,,5.0
2013,Haryana,KAITHAL,46.0,65.0,106.0,22.0,2.0,573.0,814.0,6.0,0.9891545124765666,,,3.0
2013,Haryana,KARNAL,92.0,253.0,362.0,60.0,52.0,1665.0,2484.0,6.0,1.0744193192460907,,,5.0
2013,Haryana,KURUKSHETRA,44.0,95.0,56.0,25.0,5.0,1047.0,1272.0,6.0,0.706860840408754,,,3.0
2013,Haryana,MAHENDRAGARH,60.0,109.0,69.0,31.0,101.0,583.0,953.0,6.0,1.2621281807834177,,,4.0
2013,Haryana,MEWAT,92.0,114.0,44.0,28.0,176.0,705.0,1159.0,6.0,1.2319548826044993,,,4.0
2013,Haryana,PALWAL,99.0,128.0,66.0,32.0,166.0,887.0,1378.0,6.0,1.1813594436025197,,,4.0
2013,Haryana,PANCHKULA,15.0,56.0,163.0,28.0,15.0,825.0,1102.0,6.0,0.8611111154326834,,,4.0
2013,Haryana,PANIPAT,87.0,112.0,144.0,40.0,39.0,1250.0,1672.0,6.0,0.9404859519694132,,,4.0
2013,Haryana,REWARI,72.0,105.0,67.0,67.0,70.0,1024.0,1405.0,6.0,1.0163075965640165,,,4.0
2013,Haryana,ROHTAK,113.0,106.0,80.0,41.0,97.0,1238.0,1675.0,6.0,0.9810636949870886,,,4.0
2013,Haryana,SIRSA,64.0,122.0,140.0,16.0,55.0,801.0,1198.0,6.0,1.1082515271702553,,,4.0
2013,Haryana,SONIPAT,143.0,121.0,69.0,54.0,20.0,1193.0,1600.0,6.0,0.9346759754091551,,,4.0
2013,Haryana,YAMUNANAGAR,68.0,98.0,273.0,17.0,2.0,696.0,1154.0,6.0,1.0953972271806818,,,5.0
2013,Haryana,ZZ TOTAL,1818.0,2531.0,2772.0,917.0,1749.0,27481.0,37268.0,6.0,0.9826375980422459,,,5.0
2013,Himachal Pradesh,BADDIPOLICEDIST,15.0,23.0,24.0,1.0,32.0,112.0,207.0,6.0,1.3308548590339868,,,2.0
2013,Himachal Pradesh,BILASPUR,16.0,45.0,51.0,1.0,39.0,163.0,315.0,6.0,1.3419550966192841,,,2.0
2013,Himachal Pradesh,CHAMBA,8.0,50.0,14.0,0.0,44.0,133.0,249.0,5.0,1.2359096709010275,,,2.0
2013,Himachal Pradesh,CID,0.0,1.0,0.0,0.0,0.0,0.0,1.0,1.0,-0.0,,,1.0
2013,Himachal Pradesh,G.R.P.,1.0,1.0,0.0,1.0,0.0,5.0,8.0,4.0,1.073542846408523,,,1.0
2013,Himachal Pradesh,HAMIRPUR,8.0,43.0,16.0,0.0,19.0,160.0,246.0,5.0,1.0715888208686513,,,1.0
2013,Himachal Pradesh,KANGRA,44.0,133.0,61.0,6.0,94.0,337.0,675.0,6.0,1.3786055834088804,,,3.0
2013,Himachal Pradesh,KINNAUR,0.0,14.0,4.0,1.0,9.0,41.0,69.0,5.0,1.1250709105393497,,,1.0
2013,Himachal Pradesh,KULLU,14.0,73.0,29.0,4.0,70.0,173.0,363.0,6.0,1.3702672664298525,,,2.0
2013,Himachal Pradesh,LAHAUL-SPITI,1.0,1.0,0.0,0.0,0.0,3.0,5.0,3.0,0.9502705392332347,,,1.0
2013,Himachal Pradesh,MANDI,15.0,104.0,48.0,2.0,71.0,271.0,511.0,6.0,1.2820333453108141,,,3.0
2013,Himachal Pradesh,SHIMLA,26.0,95.0,49.0,3.0,121.0,389.0,683.0,6.0,1.2388713356340166,,,3.0
2013,Himachal Pradesh,SIRMAUR,9.0,65.0,17.0,2.0,43.0,136.0,272.0,6.0,1.3024425648833349,,,2.0
2013,Himachal Pradesh,SOLAN,6.0,36.0,16.0,4.0,29.0,217.0,308.0,6.0,1.0068753011943803,,,2.0
2013,Himachal Pradesh,UNA,17.0,59.0,23.0,3.0,54.0,217.0,373.0,6.0,1.2379473094440343,,,2.0
2013,Himachal Pradesh,ZZ TOTAL,180.0,743.0,352.0,28.0,625.0,2357.0,4285.0,6.0,1.2847379986429233,,,5.0
2013,Jammu & Kashmir,ANANTNAG,22.0,148.0,93.0,6.0,178.0,189.0,636.0,6.0,1.4977766797428633,,,4.0
2013,Jammu & Kashmir,AWANTIPORA,12.0,23.0,14.0,3.0,24.0,39.0,115.0,6.0,1.6029314120862823,,,1.0
2013,Jammu & Kashmir,BANDIPORA,15.0,55.0,51.0,0.0,113.0,83.0,317.0,5.0,1.460776286701029,,,3.0
2013,Jammu & Kashmir,BARAMULLA,25.0,154.0,95.0,12.0,234.0,202.0,722.0,6.0,1.5025029827132461,,,4.0
2013,Jammu & Kashmir,BUDGAM,39.0,37.0,63.0,2.0,218.0,218.0,577.0,6.0,1.355196692042377,,,4.0
2013,Jammu & Kashmir,CRIME JAMMU,0.0,0.0,0.0,0.0,0.0,18.0,18.0,1.0,-0.0,,,1.0
2013,Jammu & Kashmir,CRIME SRINAGAR,0.0,0.0,0.0,0.0,0.0,30.0,30.0,1.0,-0.0,,,1.0
2013,Jammu & Kashmir,DODA,24.0,70.0,37.0,1.0,34.0,121.0,287.0,6.0,1.4523085729240903,,,2.0
2013,Jammu & Kashmir,GANDERBAL,13.0,69.0,29.0,2.0,97.0,92.0,302.0,6.0,1.4578207991686498,,,2.0
2013,Jammu & Kashmir,HANDWARA,14.0,87.0,30.0,0.0,47.0,78.0,256.0,5.0,1.4502674595202345,,,2.0
2013,Jammu & Kashmir,JAMMU,104.0,122.0,96.0,2.0,115.0,882.0,1321.0,6.0,1.1026987860742132,,,4.0
2013,Jammu & Kashmir,KARGIL,2.0,1.0,1.0,0.0,14.0,10.0,28.0,5.0,1.1408135135439905,,,1.0
2013,Jammu & Kashmir,KATHUA,19.0,57.0,27.0,0.0,24.0,166.0,293.0,5.0,1.242462291445786,,,2.0
2013,Jammu & Kashmir,KISHTWAR,18.0,26.0,15.0,3.0,9.0,25.0,96.0,6.0,1.6382991463536904,,,1.0
2013,Jammu & Kashmir,KULGAM,52.0,149.0,61.0,18.0,111.0,94.0,485.0,6.0,1.640498927663545,,,3.0
2013,Jammu & Kashmir,KUPWARA,30.0,66.0,54.0,2.0,155.0,127.0,434.0,6.0,1.4825209847872167,,,3.0
2013,Jammu & Kashmir,LEH,1.0,4.0,0.0,0.0,0.0,20.0,25.0,3.0,0.6004829082458254,,,1.0
2013,Jammu & Kashmir,POONCH,30.0,65.0,27.0,1.0,78.0,74.0,275.0,6.0,1.5415609349244086,,,2.0
2013,Jammu & Kashmir,PULWAMA,16.0,29.0,28.0,4.0,87.0,46.0,210.0,6.0,1.511338897782818,,,2.0
2013,Jammu & Kashmir,RAJOURI,44.0,76.0,59.0,2.0,51.0,175.0,407.0,6.0,1.48310867927238,,,3.0
2013,Jammu & Kashmir,RAMBAN,21.0,34.0,21.0,0.0,7.0,65.0,148.0,5.0,1.397734275061839,,,1.0
2013,Jammu & Kashmir,REASI,17.0,18.0,19.0,0.0,27.0,63.0,144.0,5.0,1.4549470340202197,,,2.0
2013,Jammu & Kashmir,SAMBA,29.0,28.0,8.0,0.0,49.0,73.0,187.0,5.0,1.4263408548267504,,,2.0
2013,Jammu & Kashmir,SHOPIAN,23.0,32.0,17.0,3.0,52.0,103.0,230.0,6.0,1.4497221840327241,,,2.0
2013,Jammu & Kashmir,SOPORE,38.0,78.0,34.0,0.0,48.0,200.0,398.0,5.0,1.3547209946775873,,,2.0
2013,Jammu & Kashmir,SRINAGAR,58.0,288.0,90.0,32.0,140.0,681.0,1289.0,6.0,1.3302018308963013,,,4.0
2013,Jammu & Kashmir,UDHAMPUR,20.0,50.0,14.0,0.0,12.0,116.0,212.0,5.0,1.235369575035715,,,2.0
2013,Jammu & Kashmir,ZZ TOTAL,688.0,1767.0,983.0,93.0,1935.0,3994.0,9460.0,6.0,1.4733871625272388,,,5.0
2013,Jharkhand,BOKARO,54.0,66.0,78.0,41.0,139.0,1239.0,1617.0,6.0,0.8984539172465233,,,4.0
2013,Jharkhand,CHAIBASA,179.0,113.0,27.0,23.0,26.0,257.0,625.0,6.0,1.4222893954722302,,,4.0
2013,Jharkhand,CHATRA,44.0,41.0,29.0,25.0,59.0,179.0,377.0,6.0,1.5131442809373332,,,3.0
2013,Jharkhand,DEOGHAR,100.0,126.0,67.0,29.0,262.0,657.0,1241.0,6.0,1.345615425355055,,,5.0
2013,Jharkhand,DHANBAD,118.0,71.0,157.0,98.0,261.0,1451.0,2156.0,6.0,1.1248131497689333,,,5.0
2013,Jharkhand,DHANBAD RLY.,10.0,11.0,7.0,14.0,1.0,267.0,310.0,6.0,0.6018424123772887,,,1.0
2013,Jharkhand,DUMKA,126.0,56.0,38.0,22.0,130.0,347.0,719.0,6.0,1.4269328456190633,,,4.0
2013,Jharkhand,GARHWA,78.0,86.0,31.0,46.0,224.0,260.0,725.0,6.0,1.5331313745557869,,,4.0
2013,Jharkhand,GIRIDIH,157.0,77.0,84.0,51.0,331.0,712.0,1412.0,6.0,1.3760003908086182,,,5.0
2013,Jharkhand,GODDA,65.0,44.0,58.0,14.0,42.0,203.0,426.0,6.0,1.4867047186277975,,,3.0
2013,Jharkhand,GUMLA,218.0,74.0,39.0,24.0,29.0,117.0,501.0,6.0,1.4934546716367967,,,4.0
2013,Jharkhand,HAZARIBAGH,112.0,98.0,72.0,45.0,177.0,521.0,1025.0,6.0,1.4373818100869877,,,5.0
2013,Jharkhand,JAMSHEDPUR,141.0,171.0,86.0,64.0,112.0,1732.0,2306.0,6.0,0.9478258805934836,,,5.0
2013,Jharkhand,JAMSHEDPUR RLY.,8.0,7.0,1.0,9.0,0.0,156.0,181.0,5.0,0.5697154748913527,,,1.0
2013,Jharkhand,JAMTARA,33.0,41.0,24.0,12.0,89.0,260.0,459.0,6.0,1.2946292145065696,,,3.0
2013,Jharkhand,KHUNTI,104.0,17.0,16.0,13.0,40.0,52.0,242.0,6.0,1.514115853870378,,,2.0
2013,Jharkhand,KODERMA,89.0,40.0,32.0,10.0,125.0,327.0,623.0,6.0,1.333696746818851,,,3.0
2013,Jharkhand,LATEHAR,73.0,46.0,25.0,16.0,45.0,143.0,348.0,6.0,1.5558204315368205,,,3.0
2013,Jharkhand,LOHARDAGGA,32.0,36.0,29.0,9.0,11.0,109.0,226.0,6.0,1.4600456271333317,,,2.0
2013,Jharkhand,PAKUR,46.0,58.0,34.0,14.0,117.0,189.0,458.0,6.0,1.5060595869103341,,,3.0
2013,Jharkhand,PALAMU,152.0,49.0,53.0,62.0,146.0,435.0,897.0,6.0,1.4578976375770707,,,4.0
2013,Jharkhand,RAMGARH,74.0,54.0,40.0,23.0,47.0,370.0,608.0,6.0,1.2744338459315618,,,3.0
2013,Jharkhand,RANCHI,227.0,93.0,68.0,75.0,124.0,969.0,1556.0,6.0,1.2286983433270857,,,5.0
2013,Jharkhand,SAHEBGANJ,72.0,158.0,120.0,6.0,77.0,293.0,726.0,6.0,1.5023941833353127,,,5.0
2013,Jharkhand,SARAIKELA,98.0,57.0,33.0,27.0,25.0,295.0,535.0,6.0,1.3434205677768514,,,3.0
2013,Jharkhand,SIMDEGA,101.0,38.0,23.0,28.0,11.0,99.0,300.0,6.0,1.5335582990363594,,,3.0
2013,Jharkhand,ZZ TOTAL,2511.0,1728.0,1271.0,800.0,2650.0,11639.0,20599.0,6.0,1.348842800567033,,,5.0
2013,Karnataka,BAGALKOT,86.0,116.0,18.0,31.0,299.0,432.0,982.0,6.0,1.3712989385045866,,,4.0
2013,Karnataka,BANGALORE COMMR.,685.0,458.0,642.0,659.0,378.0,15167.0,17989.0,6.0,0.6830208578930452,,,5.0
2013,Karnataka,BELGAUM,216.0,307.0,40.0,75.0,489.0,1098.0,2225.0,6.0,1.3677359556635644,,,5.0
2013,Karnataka,BELLARY,98.0,135.0,58.0,60.0,209.0,767.0,1327.0,6.0,1.3097110669974272,,,4.0
2013,Karnataka,BIDAR,94.0,100.0,34.0,33.0,222.0,335.0,818.0,6.0,1.4868185194455634,,,4.0
2013,Karnataka,BIJAPUR,114.0,122.0,37.0,33.0,216.0,321.0,843.0,6.0,1.530918749869976,,,4.0
2013,Karnataka,CBPURA,87.0,90.0,26.0,27.0,228.0,366.0,824.0,6.0,1.4162705475674078,,,4.0
2013,Karnataka,CHAMARAJNAGAR,94.0,111.0,17.0,16.0,144.0,235.0,617.0,6.0,1.496166723667684,,,3.0
2013,Karnataka,CHICKMAGALUR,81.0,162.0,36.0,27.0,154.0,352.0,812.0,6.0,1.4805050943674911,,,4.0
2013,Karnataka,CHITRADURGA,74.0,209.0,28.0,29.0,210.0,412.0,962.0,6.0,1.432885363041028,,,4.0
2013,Karnataka,DAKSHIN KANNADA,41.0,86.0,17.0,35.0,175.0,262.0,616.0,6.0,1.4383834300338676,,,3.0
2013,Karnataka,DAVANAGERE,58.0,200.0,31.0,65.0,355.0,700.0,1409.0,6.0,1.329190519991149,,,5.0
2013,Karnataka,DHARWAD COMMR.,69.0,53.0,99.0,72.0,166.0,771.0,1230.0,6.0,1.2291000541774657,,,4.0
2013,Karnataka,GADAG,49.0,58.0,13.0,13.0,109.0,143.0,385.0,6.0,1.5014582075260794,,,2.0
2013,Karnataka,GULBARGA,213.0,179.0,60.0,75.0,489.0,552.0,1568.0,6.0,1.5201114613132094,,,5.0
2013,Karnataka,HASSAN,153.0,243.0,57.0,55.0,189.0,765.0,1462.0,6.0,1.3877498476402823,,,5.0
2013,Karnataka,HAVERI,47.0,98.0,14.0,25.0,254.0,282.0,720.0,6.0,1.377580175546679,,,4.0
2013,Karnataka,K.G.F.,43.0,36.0,12.0,18.0,50.0,158.0,317.0,6.0,1.4432076928410087,,,2.0
2013,Karnataka,KODAGU,64.0,66.0,23.0,20.0,50.0,292.0,515.0,6.0,1.335564952547311,,,2.0
2013,Karnataka,KOLAR,88.0,45.0,10.0,55.0,259.0,363.0,820.0,6.0,1.3585466272707452,,,4.0
2013,Karnataka,KOPPAL,36.0,61.0,14.0,10.0,138.0,190.0,449.0,6.0,1.392906577484498,,,3.0
2013,Karnataka,MANDYA,129.0,252.0,74.0,76.0,330.0,912.0,1773.0,6.0,1.3904493281305146,,,5.0
2013,Karnataka,MYSORE COMMR.,60.0,30.0,22.0,162.0,71.0,958.0,1303.0,6.0,0.9413696438702499,,,4.0
2013,Karnataka,RAICHUR,93.0,199.0,24.0,21.0,298.0,339.0,974.0,6.0,1.4524014766563416,,,4.0
2013,Karnataka,RAMANAGAR,123.0,162.0,43.0,111.0,303.0,858.0,1600.0,6.0,1.3607025977472749,,,5.0
2013,Karnataka,SHIMOGA,111.0,310.0,67.0,76.0,345.0,762.0,1671.0,6.0,1.4459773471266815,,,5.0
2013,Karnataka,TUMKUR,109.0,243.0,41.0,100.0,219.0,814.0,1526.0,6.0,1.370676004777366,,,5.0
2013,Karnataka,UDUPI,46.0,89.0,23.0,48.0,135.0,382.0,723.0,6.0,1.3733083587956836,,,3.0
2013,Karnataka,UTTAR KANNADA,42.0,172.0,51.0,39.0,139.0,311.0,754.0,6.0,1.5103782329406878,,,3.0
2013,Karnataka,YADGIRI,65.0,139.0,29.0,9.0,206.0,130.0,578.0,6.0,1.5066748741327656,,,3.0
2013,Karnataka,ZZ TOTAL,3677.0,4943.0,1836.0,2430.0,7569.0,32834.0,53289.0,6.0,1.2374806911666132,,,5.0
2013,Kerala,ALAPUZHA,56.0,338.0,14.0,42.0,508.0,652.0,1610.0,6.0,1.3109386730822414,,,5.0
2013,Kerala,ERNAKULAM COMMR.,31.0,209.0,10.0,44.0,338.0,954.0,1586.0,6.0,1.1105881121210515,,,4.0
2013,Kerala,IDUKKI,62.0,285.0,4.0,22.0,292.0,501.0,1166.0,6.0,1.3044547557838688,,,4.0
2013,Kerala,KANNUR,57.0,251.0,22.0,67.0,864.0,581.0,1842.0,6.0,1.271604496164118,,,5.0
2013,Kerala,KASARGOD,38.0,244.0,21.0,33.0,553.0,443.0,1332.0,6.0,1.3005168625616141,,,5.0
2013,Kerala,KOLLAM COMMR.,60.0,262.0,18.0,69.0,329.0,437.0,1175.0,6.0,1.4412951028023824,,,5.0
2013,Kerala,KOTTAYAM,64.0,298.0,12.0,35.0,495.0,692.0,1596.0,6.0,1.288283339399388,,,5.0
2013,Kerala,KOZHIKODE COMMR.,28.0,140.0,11.0,47.0,350.0,469.0,1045.0,6.0,1.2796432139664913,,,4.0
2013,Kerala,MALAPPURAM,67.0,371.0,11.0,36.0,975.0,1047.0,2507.0,6.0,1.1962506328547002,,,5.0
2013,Kerala,PALAKKAD,71.0,254.0,18.0,45.0,783.0,693.0,1864.0,6.0,1.262976578306782,,,5.0
2013,Kerala,PATHANAMTHITTA,59.0,232.0,4.0,37.0,443.0,561.0,1336.0,6.0,1.2889085908050006,,,5.0
2013,Kerala,THRISSUR COMMR.,33.0,114.0,2.0,23.0,392.0,599.0,1163.0,6.0,1.1255592080286627,,,4.0
2013,Kerala,TRIVANDRUM COMMR.,38.0,353.0,7.0,76.0,571.0,653.0,1698.0,6.0,1.3072430528528614,,,5.0
2013,Kerala,WAYANADU,38.0,164.0,7.0,17.0,255.0,277.0,758.0,6.0,1.3440509062829977,,,4.0
2013,Kerala,ZZ TOTAL,1079.0,5583.0,252.0,851.0,10521.0,12188.0,30474.0,6.0,1.3024819433416601,,,5.0
2013,Madhya Pradesh,AGAR,36.0,65.0,18.0,8.0,29.0,125.0,281.0,6.0,1.473960098032673,,,2.0
2013,Madhya Pradesh,ALIRAJPUR,80.0,43.0,18.0,11.0,24.0,103.0,279.0,6.0,1.529607290396097,,,2.0
2013,Madhya Pradesh,ANUPPUR,51.0,199.0,34.0,25.0,17.0,311.0,637.0,6.0,1.2958604822841466,,,3.0
2013,Madhya Pradesh,ASHOK NAGAR,52.0,205.0,28.0,24.0,23.0,174.0,506.0,6.0,1.4122111231756813,,,3.0
2013,Madhya Pradesh,BALAGHAT,69.0,239.0,5.0,12.0,58.0,242.0,625.0,6.0,1.3133951194482751,,,3.0
2013,Madhya Pradesh,BARWANI,54.0,127.0,43.0,14.0,23.0,265.0,526.0,6.0,1.3602820550630559,,,3.0
2013,Madhya Pradesh,BETUL,99.0,341.0,83.0,20.0,12.0,346.0,901.0,6.0,1.3396274531659076,,,4.0
2013,Madhya Pradesh,BHIND,164.0,174.0,55.0,79.0,73.0,548.0,1093.0,6.0,1.44436143491897,,,4.0
2013,Madhya Pradesh,BHOPAL,170.0,530.0,107.0,209.0,96.0,3554.0,4666.0,6.0,0.8806925115036489,,,5.0
2013,Madhya Pradesh,BHOPAL RLY.,10.0,20.0,5.0,31.0,4.0,1651.0,1721.0,6.0,0.22493695213318896,,,1.0
2013,Madhya Pradesh,BURHANPUR,22.0,126.0,22.0,8.0,11.0,164.0,353.0,6.0,1.2637262361938024,,,2.0
2013,Madhya Pradesh,CHHATARPUR,102.0,297.0,38.0,39.0,42.0,525.0,1043.0,6.0,1.303491102866007,,,4.0
2013,Madhya Pradesh,CHHINDWARA,115.0,345.0,192.0,18.0,76.0,433.0,1179.0,6.0,1.4906398888360164,,,5.0
2013,Madhya Pradesh,DAMOH,72.0,197.0,21.0,15.0,15.0,212.0,532.0,6.0,1.3340046498937788,,,3.0
2013,Madhya Pradesh,DATIYA,91.0,91.0,24.0,31.0,25.0,200.0,462.0,6.0,1.4952213967424113,,,3.0
2013,Madhya Pradesh,DEWAS,93.0,205.0,19.0,15.0,48.0,627.0,1007.0,6.0,1.1216772465341114,,,3.0
2013,Madhya Pradesh,DHAR,96.0,319.0,175.0,40.0,77.0,859.0,1566.0,6.0,1.311359931954542,,,5.0
2013,Madhya Pradesh,DINDORI,44.0,196.0,20.0,1.0,13.0,129.0,403.0,6.0,1.2317166999558138,,,3.0
2013,Madhya Pradesh,GUNA,78.0,262.0,26.0,40.0,44.0,503.0,953.0,6.0,1.2704685908809765,,,4.0
2013,Madhya Pradesh,GWALIOR,261.0,527.0,67.0,153.0,127.0,2654.0,3789.0,6.0,1.0228068712538152,,,5.0
2013,Madhya Pradesh,HARDA,25.0,81.0,9.0,9.0,18.0,116.0,258.0,6.0,1.3691786804538122,,,2.0
2013,Madhya Pradesh,HOSHANGABAD,85.0,231.0,106.0,26.0,33.0,471.0,952.0,6.0,1.3667774153514751,,,4.0
2013,Madhya Pradesh,INDORE,331.0,559.0,398.0,228.0,137.0,7529.0,9182.0,6.0,0.7434815753266635,,,5.0
2013,Madhya Pradesh,INDORE RLY.,3.0,12.0,6.0,6.0,2.0,369.0,398.0,6.0,0.36563269295712264,,,1.0
2013,Madhya Pradesh,JABALPUR,206.0,448.0,174.0,120.0,84.0,1620.0,2652.0,6.0,1.2281119550314714,,,5.0
2013,Madhya Pradesh,JABALPUR RLY.,6.0,14.0,2.0,18.0,2.0,770.0,812.0,6.0,0.2706612561381503,,,1.0
2013,Madhya Pradesh,JHABUA,28.0,109.0,96.0,26.0,41.0,245.0,545.0,6.0,1.4794806604693214,,,4.0
2013,Madhya Pradesh,KATNI,79.0,271.0,72.0,13.0,24.0,353.0,812.0,6.0,1.340188272371956,,,4.0
2013,Madhya Pradesh,KHANDWA,74.0,276.0,105.0,16.0,43.0,506.0,1020.0,6.0,1.3245011692276312,,,4.0
2013,Madhya Pradesh,KHARGON,80.0,308.0,177.0,30.0,42.0,646.0,1283.0,6.0,1.3340679067382661,,,5.0
2013,Madhya Pradesh,MANDLA,46.0,192.0,14.0,2.0,6.0,130.0,390.0,6.0,1.1778909749745639,,,3.0
2013,Madhya Pradesh,MANDSAUR,79.0,217.0,31.0,9.0,29.0,499.0,864.0,6.0,1.163662176850519,,,3.0
2013,Madhya Pradesh,MORENA,188.0,176.0,48.0,59.0,105.0,734.0,1310.0,6.0,1.3359350164834753,,,5.0
2013,Madhya Pradesh,NARSINGHPUR,71.0,290.0,69.0,12.0,31.0,404.0,877.0,6.0,1.3034018822418578,,,4.0
2013,Madhya Pradesh,NEEMUCH,19.0,133.0,48.0,27.0,36.0,379.0,642.0,6.0,1.2301663066899444,,,3.0
2013,Madhya Pradesh,PANNA,46.0,130.0,14.0,5.0,7.0,127.0,329.0,6.0,1.2892975501631334,,,2.0
2013,Madhya Pradesh,RAISEN,107.0,319.0,36.0,8.0,32.0,352.0,854.0,6.0,1.2936869503532427,,,4.0
2013,Madhya Pradesh,RAJGARH,61.0,323.0,82.0,24.0,95.0,497.0,1082.0,6.0,1.373944625772799,,,5.0
2013,Madhya Pradesh,RATLAM,91.0,177.0,61.0,41.0,34.0,474.0,878.0,6.0,1.3448504586368641,,,4.0
2013,Madhya Pradesh,REWA,101.0,291.0,32.0,68.0,70.0,1155.0,1717.0,6.0,1.0667484053081042,,,4.0
2013,Madhya Pradesh,SAGAR,128.0,557.0,55.0,47.0,145.0,809.0,1741.0,6.0,1.3263064438229448,,,5.0
2013,Madhya Pradesh,SATNA,123.0,328.0,41.0,54.0,69.0,976.0,1591.0,6.0,1.1684212554486963,,,5.0
2013,Madhya Pradesh,SEONI,49.0,205.0,47.0,13.0,17.0,206.0,537.0,6.0,1.366212923414309,,,3.0
2013,Madhya Pradesh,SHAHDOL,76.0,331.0,130.0,22.0,34.0,550.0,1143.0,6.0,1.3189526616021499,,,5.0
2013,Madhya Pradesh,SHAJAPUR,52.0,157.0,20.0,15.0,56.0,449.0,749.0,6.0,1.1884270548510352,,,3.0
2013,Madhya Pradesh,SHEOPUR,27.0,77.0,7.0,10.0,36.0,142.0,299.0,6.0,1.376557423551298,,,2.0
2013,Madhya Pradesh,SHIVPURI,108.0,317.0,32.0,54.0,81.0,433.0,1025.0,6.0,1.4279302915665366,,,4.0
2013,Madhya Pradesh,SIDHI,48.0,162.0,76.0,11.0,14.0,273.0,584.0,6.0,1.3461793400304942,,,3.0
2013,Madhya Pradesh,SIHORE,82.0,211.0,38.0,30.0,36.0,509.0,906.0,6.0,1.2547567870946106,,,4.0
2013,Madhya Pradesh,SINGRAULI,58.0,149.0,86.0,17.0,41.0,367.0,718.0,6.0,1.3788979235116963,,,4.0
2013,Madhya Pradesh,TIKAMGARH,45.0,207.0,36.0,21.0,43.0,222.0,574.0,6.0,1.4236394329525335,,,3.0
2013,Madhya Pradesh,UJJAIN,187.0,345.0,41.0,69.0,83.0,1394.0,2119.0,6.0,1.1000021814265972,,,5.0
2013,Madhya Pradesh,UMARIYA,23.0,111.0,38.0,9.0,18.0,182.0,381.0,6.0,1.3442864531640346,,,2.0
2013,Madhya Pradesh,VIDISHA,98.0,365.0,127.0,18.0,69.0,664.0,1341.0,6.0,1.3271660401353247,,,5.0
2013,Madhya Pradesh,ZZ TOTAL,4589.0,12587.0,3354.0,1930.0,2450.0,38177.0,63087.0,6.0,1.2050254953390858,,,5.0
2013,Maharashtra,AHMEDNAGAR,189.0,348.0,81.0,395.0,636.0,2458.0,4107.0,6.0,1.2495367234315582,,,5.0
2013,Maharashtra,AKOLA,84.0,246.0,31.0,96.0,183.0,1055.0,1695.0,6.0,1.2002554280343987,,,4.0
2013,Maharashtra,AMRAVATI COMMR.,62.0,122.0,27.0,77.0,111.0,948.0,1347.0,6.0,1.0540988492548085,,,3.0
2013,Maharashtra,AURANGABAD COMMR.,82.0,195.0,49.0,187.0,210.0,1736.0,2459.0,6.0,1.044269984587917,,,5.0
2013,Maharashtra,BEED,173.0,322.0,71.0,124.0,446.0,1251.0,2387.0,6.0,1.3706760288887136,,,5.0
2013,Maharashtra,BHANDARA,40.0,114.0,20.0,31.0,77.0,732.0,1014.0,6.0,0.988290922026806,,,3.0
2013,Maharashtra,BULDHANA,100.0,241.0,21.0,49.0,275.0,830.0,1516.0,6.0,1.2813618136401725,,,5.0
2013,Maharashtra,CHANDRAPUR,66.0,267.0,38.0,58.0,148.0,1196.0,1773.0,6.0,1.074690821787888,,,4.0
2013,Maharashtra,DHULE,100.0,98.0,27.0,131.0,220.0,680.0,1256.0,6.0,1.356146392264437,,,5.0
2013,Maharashtra,GADCHIROLI,104.0,86.0,6.0,9.0,38.0,255.0,498.0,6.0,1.295205343922444,,,2.0
2013,Maharashtra,GONDIA,45.0,146.0,24.0,14.0,43.0,482.0,754.0,6.0,1.1192555758338734,,,3.0
2013,Maharashtra,HINGOLI,50.0,70.0,15.0,9.0,96.0,254.0,494.0,6.0,1.3481794005258938,,,2.0
2013,Maharashtra,JALGAON,168.0,296.0,59.0,149.0,350.0,1673.0,2695.0,6.0,1.2203991747656773,,,5.0
2013,Maharashtra,JALNA,153.0,167.0,31.0,80.0,244.0,838.0,1513.0,6.0,1.3315787832297852,,,5.0
2013,Maharashtra,KOLHAPUR,125.0,201.0,53.0,183.0,370.0,1645.0,2577.0,6.0,1.1786724721501547,,,5.0
2013,Maharashtra,LATUR,119.0,153.0,38.0,74.0,291.0,805.0,1480.0,6.0,1.332117033860273,,,5.0
2013,Maharashtra,MUMBAI COMMR.,368.0,1554.0,381.0,2798.0,432.0,16328.0,21861.0,6.0,0.885903667832348,,,5.0
2013,Maharashtra,MUMBAI RLY.,11.0,47.0,7.0,516.0,5.0,1924.0,2510.0,6.0,0.6560888626623422,,,4.0
2013,Maharashtra,NAGPUR COMMR.,195.0,300.0,118.0,507.0,233.0,4260.0,5613.0,6.0,0.9130505576168064,,,5.0
2013,Maharashtra,NAGPUR RLY.,9.0,17.0,4.0,74.0,9.0,1338.0,1451.0,6.0,0.35793336410171217,,,2.0
2013,Maharashtra,NANDED,141.0,199.0,61.0,81.0,339.0,1228.0,2049.0,6.0,1.2474551044122468,,,5.0
2013,Maharashtra,NANDURBAR,41.0,67.0,20.0,27.0,103.0,328.0,586.0,6.0,1.3215132188860235,,,3.0
2013,Maharashtra,NASIK COMMR.,57.0,116.0,31.0,158.0,100.0,1370.0,1832.0,6.0,0.9391207136961985,,,4.0
2013,Maharashtra,NAVI MUMBAI,83.0,207.0,84.0,365.0,90.0,2495.0,3324.0,6.0,0.9135961245173545,,,5.0
2013,Maharashtra,OSMANABAD,91.0,175.0,37.0,48.0,229.0,702.0,1282.0,6.0,1.322377136496915,,,4.0
2013,Maharashtra,PARBHANI,141.0,172.0,66.0,103.0,234.0,1029.0,1745.0,6.0,1.3034322933851972,,,5.0
2013,Maharashtra,PUNE COMMR.,276.0,475.0,177.0,886.0,530.0,6296.0,8640.0,6.0,0.9845318544279921,,,5.0
2013,Maharashtra,PUNE RLY.,12.0,9.0,2.0,25.0,2.0,404.0,454.0,6.0,0.48503553276881184,,,1.0
2013,Maharashtra,RAIGAD,64.0,134.0,17.0,77.0,190.0,823.0,1305.0,6.0,1.1763995291607392,,,4.0
2013,Maharashtra,RATNAGIRI,32.0,109.0,15.0,46.0,91.0,518.0,811.0,6.0,1.165624261401424,,,3.0
2013,Maharashtra,SANGLI,106.0,218.0,45.0,48.0,254.0,1003.0,1674.0,6.0,1.232273597300512,,,5.0
2013,Maharashtra,SATARA,141.0,385.0,59.0,328.0,439.0,2333.0,3685.0,6.0,1.1852258296029345,,,5.0
2013,Maharashtra,SINDHUDURG,19.0,61.0,7.0,17.0,61.0,268.0,433.0,6.0,1.1801107979734855,,,2.0
2013,Maharashtra,SOLAPUR COMMR.,48.0,90.0,39.0,170.0,139.0,948.0,1434.0,6.0,1.138107887133185,,,4.0
2013,Maharashtra,THANE COMMR.,209.0,649.0,302.0,1103.0,429.0,5642.0,8334.0,6.0,1.0958976488316885,,,5.0
2013,Maharashtra,WARDHA,101.0,300.0,51.0,75.0,143.0,1124.0,1794.0,6.0,1.189533631950377,,,4.0
2013,Maharashtra,WASHIM,72.0,179.0,24.0,33.0,165.0,560.0,1033.0,6.0,1.311717470713694,,,4.0
2013,Maharashtra,YAVATMAL,192.0,492.0,124.0,168.0,317.0,2180.0,3473.0,6.0,1.2132295366068286,,,5.0
2013,Maharashtra,ZZ TOTAL,5143.0,11195.0,2640.0,10579.0,10807.0,83419.0,123783.0,6.0,1.120615535545901,,,5.0
2013,Manipur,BISHNUPUR,20.0,10.0,7.0,0.0,7.0,64.0,108.0,5.0,1.1973927472833525,,,1.0
2013,Manipur,CHANDEL,14.0,1.0,3.0,0.0,2.0,7.0,27.0,5.0,1.249529277666365,,,1.0
2013,Manipur,CHURACHANDPUR,16.0,2.0,5.0,0.0,5.0,34.0,62.0,5.0,1.1958706612024,,,1.0
2013,Manipur,CID,0.0,0.0,0.0,0.0,0.0,0.0,0.0,0.0,0.0,,,1.0
2013,Manipur,IMPHAL EAST,48.0,21.0,48.0,0.0,33.0,224.0,374.0,5.0,1.2099142643041785,,,2.0
2013,Manipur,IMPHAL WEST,93.0,60.0,55.0,3.0,20.0,575.0,806.0,6.0,0.9792189688342643,,,3.0
2013,Manipur,SENAPATI,19.0,0.0,12.0,0.0,4.0,28.0,63.0,4.0,1.2128152957406813,,,1.0
2013,Manipur,TAMENGLONG,15.0,1.0,6.0,0.0,5.0,11.0,38.0,5.0,1.3798138598618055,,,1.0
2013,Manipur,THOUBAL,57.0,33.0,41.0,0.0,20.0,147.0,298.0,5.0,1.362854015843009,,,2.0
2013,Manipur,UKHRUL,26.0,3.0,4.0,0.0,9.0,46.0,88.0,5.0,1.1881998856876748,,,1.0
2013,Manipur,ZZ TOTAL,308.0,131.0,181.0,3.0,105.0,1136.0,1864.0,6.0,1.1847308817422122,,,5.0
2013,Meghalaya,GARO HILLS EAST,35.0,11.0,7.0,13.0,0.0,44.0,110.0,5.0,1.3888068500133053,,,1.0
2013,Meghalaya,GARO HILLS NORTH,12.0,1.0,18.0,10.0,6.0,29.0,76.0,6.0,1.5245023106218114,,,1.0
2013,Meghalaya,GARO HILLS SOUTH,38.0,9.0,10.0,8.0,0.0,27.0,92.0,5.0,1.4060029910585548,,,1.0
2013,Meghalaya,GARO HILLS SOUTH W.,14.0,15.0,3.0,7.0,0.0,24.0,63.0,5.0,1.432689401488533,,,1.0
2013,Meghalaya,GARO HILLS WEST,28.0,31.0,18.0,9.0,15.0,151.0,252.0,6.0,1.2842423778380547,,,2.0
2013,Meghalaya,JAINTIA HILLS EAST,31.0,17.0,20.0,7.0,7.0,85.0,167.0,6.0,1.4090059408746813,,,2.0
2013,Meghalaya,JAINTIA HILLS WEST,22.0,34.0,2.0,11.0,15.0,74.0,158.0,6.0,1.4247222223537004,,,1.0
2013,Meghalaya,KHASI HILLS EAST,51.0,87.0,40.0,33.0,72.0,422.0,705.0,6.0,1.2944967469580932,,,3.0
2013,Meghalaya,KHASI HILLS SOUTH W.,12.0,13.0,2.0,7.0,1.0,15.0,50.0,6.0,1.536190208118222,,,1.0
2013,Meghalaya,KHASI HILLS WEST,19.0,26.0,6.0,10.0,3.0,42.0,106.0,6.0,1.5058049509806002,,,1.0
2013,Meghalaya,RI-BHOI,34.0,37.0,13.0,4.0,21.0,111.0,220.0,6.0,1.397797713469969,,,2.0
2013,Meghalaya,ZZ TOTAL,296.0,281.0,139.0,119.0,140.0,1024.0,1999.0,6.0,1.4408281969079613,,,5.0
2013,Mizoram,AIZAWL,17.0,74.0,2.0,1.0,24.0,575.0,693.0,6.0,0.6274833852014309,,,2.0
2013,Mizoram,CHAMPHAI,6.0,17.0,1.0,0.0,1.0,131.0,156.0,5.0,0.5782788726105956,,,1.0
2013,Mizoram,KOLASIB,8.0,16.0,1.0,3.0,2.0,110.0,140.0,6.0,0.7792715415124102,,,1.0
2013,Mizoram,LAWNGTLAI,2.0,9.0,0.0,1.0,0.0,45.0,57.0,4.0,0.6665402573641949,,,1.0
2013,Mizoram,LUNGLEI,8.0,28.0,0.0,0.0,0.0,87.0,123.0,3.0,0.759572445280603,,,1.0
2013,Mizoram,MAMIT,4.0,10.0,3.0,2.0,1.0,40.0,60.0,6.0,1.080872266120406,,,1.0
2013,Mizoram,SAIHA,1.0,5.0,0.0,0.0,0.0,46.0,52.0,3.0,0.40961499164548754,,,1.0
2013,Mizoram,SERCHHIP,2.0,11.0,0.0,0.0,0.0,55.0,68.0,3.0,0.5700008294454028,,,1.0
2013,Mizoram,SPL NARCOTIC,0.0,0.0,0.0,0.0,0.0,0.0,0.0,0.0,0.0,,,1.0
2013,Mizoram,TRAFFIC PS,0.0,0.0,0.0,0.0,0.0,0.0,0.0,0.0,0.0,,,1.0
2013,Mizoram,ZZ TOTAL,48.0,170.0,7.0,7.0,28.0,1089.0,1349.0,6.0,0.6875923031552745,,,3.0
2013,Nagaland,DIMAPUR,60.0,32.0,22.0,32.0,9.0,302.0,457.0,6.0,1.1360735748556312,,,2.0
2013,Nagaland,KIPHIRE,10.0,2.0,2.0,0.0,4.0,5.0,23.0,5.0,1.4228504481539193,,,1.0
2013,Nagaland,KOHIMA,27.0,5.0,7.0,11.0,0.0,62.0,112.0,5.0,1.21032622967677,,,1.0
2013,Nagaland,LONGLENG,2.0,0.0,0.0,0.0,0.0,5.0,7.0,2.0,0.5982695885852573,,,1.0
2013,Nagaland,MOKOKCHUNG,10.0,3.0,6.0,4.0,5.0,26.0,54.0,6.0,1.4820373501472055,,,1.0
2013,Nagaland,MON,9.0,1.0,2.0,1.0,1.0,15.0,29.0,6.0,1.2368796722734046,,,1.0
2013,Nagaland,PEREN,2.0,1.0,0.0,0.0,0.0,9.0,12.0,3.0,0.7214636866925116,,,1.0
2013,Nagaland,PHEK,14.0,4.0,0.0,2.0,0.0,20.0,40.0,4.0,1.094056456831614,,,1.0
2013,Nagaland,TUENSANG,4.0,1.0,0.0,0.0,1.0,13.0,19.0,4.0,0.8976221848780437,,,1.0
2013,Nagaland,WOKHA,11.0,0.0,1.0,0.0,0.0,34.0,46.0,3.0,0.6487912695818872,,,1.0
2013,Nagaland,ZUNHEBOTO,10.0,0.0,0.0,2.0,0.0,23.0,35.0,3.0,0.7973905684199625,,,1.0
2013,Nagaland,ZZ TOTAL,159.0,49.0,40.0,52.0,20.0,514.0,834.0,6.0,1.1889525651809723,,,3.0
2013,Odisha,ANGUL,192.0,352.0,127.0,110.0,178.0,969.0,1928.0,6.0,1.448491708401085,,,5.0
2013,Odisha,BALASORE,158.0,345.0,176.0,96.0,70.0,856.0,1701.0,6.0,1.4181405768035673,,,5.0
2013,Odisha,BARAGARH,115.0,198.0,45.0,55.0,113.0,266.0,792.0,6.0,1.6191926472220413,,,4.0
2013,Odisha,BERHAMPUR,127.0,216.0,71.0,83.0,48.0,501.0,1046.0,6.0,1.45939858446792,,,4.0
2013,Odisha,BHADRAK,99.0,205.0,111.0,35.0,39.0,326.0,815.0,6.0,1.521916461818655,,,4.0
2013,Odisha,BOLANGIR,92.0,145.0,50.0,72.0,99.0,378.0,836.0,6.0,1.537888273745483,,,4.0
2013,Odisha,BOUDH,39.0,156.0,39.0,14.0,28.0,87.0,363.0,6.0,1.5078521985857645,,,3.0
2013,Odisha,CUTTACK,58.0,56.0,61.0,74.0,52.0,394.0,695.0,6.0,1.377960128249452,,,4.0
2013,Odisha,DCP BBSR,123.0,143.0,119.0,99.0,92.0,2181.0,2757.0,6.0,0.846184005200135,,,5.0
2013,Odisha,DCP CTC,59.0,57.0,84.0,64.0,29.0,1097.0,1390.0,6.0,0.8439624492280473,,,4.0
2013,Odisha,DEOGARH,35.0,59.0,10.0,10.0,9.0,71.0,194.0,6.0,1.4869876143808165,,,2.0
2013,Odisha,DHENKANAL,195.0,413.0,56.0,83.0,139.0,346.0,1232.0,6.0,1.5832269948919537,,,5.0
2013,Odisha,GAJAPATI,32.0,99.0,8.0,4.0,42.0,80.0,265.0,6.0,1.4455963219385017,,,2.0
2013,Odisha,GANJAM,329.0,487.0,65.0,111.0,142.0,422.0,1556.0,6.0,1.5854776009243972,,,5.0
2013,Odisha,JAGATSINGHPUR,91.0,217.0,81.0,129.0,111.0,616.0,1245.0,6.0,1.4720553836901706,,,5.0
2013,Odisha,JAJPUR,81.0,247.0,108.0,67.0,83.0,657.0,1243.0,6.0,1.386484982664617,,,5.0
2013,Odisha,JHARSUGUDA,25.0,109.0,25.0,46.0,45.0,316.0,566.0,6.0,1.3235188729416747,,,2.0
2013,Odisha,KALAHANDI,92.0,212.0,58.0,37.0,95.0,240.0,734.0,6.0,1.6003044741150112,,,4.0
2013,Odisha,KANDHAMAL,35.0,144.0,53.0,20.0,13.0,176.0,441.0,6.0,1.4319475082039195,,,3.0
2013,Odisha,KENDRAPARA,143.0,79.0,109.0,56.0,61.0,340.0,788.0,6.0,1.562576018768731,,,5.0
2013,Odisha,KEONJHAR,212.0,359.0,88.0,64.0,92.0,480.0,1295.0,6.0,1.5390033767063787,,,5.0
2013,Odisha,KHURDA,115.0,138.0,76.0,90.0,79.0,362.0,860.0,6.0,1.5968063514210686,,,4.0
2013,Odisha,KORAPUT,96.0,189.0,58.0,63.0,83.0,274.0,763.0,6.0,1.6174000152962624,,,4.0
2013,Odisha,MALKANGIR,73.0,54.0,27.0,11.0,33.0,139.0,337.0,6.0,1.5315080124450553,,,2.0
2013,Odisha,MAYURBHANJ,175.0,485.0,126.0,44.0,41.0,502.0,1373.0,6.0,1.4323139763945487,,,5.0
2013,Odisha,NAYAGARH,180.0,43.0,55.0,77.0,58.0,249.0,662.0,6.0,1.5697494734037982,,,4.0
2013,Odisha,NOWRANGPUR,45.0,178.0,71.0,24.0,71.0,141.0,530.0,6.0,1.606827453709951,,,4.0
2013,Odisha,NUAPADA,63.0,144.0,49.0,33.0,32.0,171.0,492.0,6.0,1.5787987081813908,,,3.0
2013,Odisha,PURI,129.0,114.0,93.0,123.0,152.0,748.0,1359.0,6.0,1.4060275057278682,,,5.0
2013,Odisha,RAYAGADA,76.0,214.0,92.0,28.0,39.0,202.0,651.0,6.0,1.5600613234313736,,,4.0
2013,Odisha,ROURKELA,80.0,205.0,61.0,91.0,36.0,772.0,1245.0,6.0,1.2111852251972524,,,4.0
2013,Odisha,SAMBALPUR,143.0,144.0,56.0,133.0,87.0,843.0,1406.0,6.0,1.296176065315642,,,5.0
2013,Odisha,SONEPUR,31.0,84.0,13.0,13.0,15.0,163.0,319.0,6.0,1.3255894304214801,,,2.0
2013,Odisha,SRP(CUTTACK),5.0,3.0,0.0,14.0,0.0,391.0,413.0,4.0,0.25576118860978225,,,1.0
2013,Odisha,SRP(ROURKELA),8.0,16.0,5.0,13.0,0.0,308.0,350.0,5.0,0.5229068223282977,,,1.0
2013,Odisha,SUNDARGARH,115.0,141.0,44.0,28.0,47.0,313.0,688.0,6.0,1.4716275800818241,,,4.0
2013,Odisha,ZZ TOTAL,3666.0,6450.0,2370.0,2114.0,2353.0,16377.0,33330.0,6.0,1.459806026175774,,,5.0
2013,Punjab,BARNALA,38.0,28.0,44.0,2.0,4.0,222.0,338.0,6.0,1.0764181001334405,,,2.0
2013,Punjab,BATALA,52.0,57.0,31.0,10.0,1.0,192.0,343.0,6.0,1.246368460777842,,,2.0
2013,Punjab,BHATINDA,93.0,109.0,62.0,2.0,9.0,725.0,1000.0,6.0,0.9228485097563268,,,3.0
2013,Punjab,CP AMRITSAR,77.0,82.0,62.0,8.0,3.0,633.0,865.0,6.0,0.9190468779747641,,,3.0
2013,Punjab,CP JALANDHAR,60.0,119.0,67.0,11.0,2.0,805.0,1064.0,6.0,0.8513865809949749,,,3.0
2013,Punjab,CP LUDHIANA,149.0,190.0,145.0,13.0,2.0,1044.0,1543.0,6.0,1.0190404173602272,,,5.0
2013,Punjab,FARIDKOT,44.0,49.0,21.0,1.0,2.0,175.0,292.0,6.0,1.1344169889472169,,,2.0
2013,Punjab,FATEHGARH SAHIB,28.0,30.0,22.0,2.0,0.0,249.0,331.0,5.0,0.8517478397592823,,,2.0
2013,Punjab,FAZILKA,45.0,48.0,32.0,3.0,0.0,246.0,374.0,5.0,1.0428964280075799,,,2.0
2013,Punjab,FEROZPUR,80.0,25.0,33.0,2.0,5.0,387.0,532.0,6.0,0.8973904516540029,,,2.0
2013,Punjab,G.R.P,14.0,7.0,2.0,3.0,0.0,87.0,113.0,5.0,0.80009302926036,,,1.0
2013,Punjab,GURDASPUR,37.0,64.0,42.0,3.0,1.0,216.0,363.0,6.0,1.1530513824837467,,,2.0
2013,Punjab,HOSHIARPUR,94.0,90.0,39.0,25.0,7.0,468.0,723.0,6.0,1.1248920531176703,,,3.0
2013,Punjab,KAPURTHALA,56.0,70.0,42.0,8.0,2.0,435.0,613.0,6.0,0.9687828220525879,,,2.0
2013,Punjab,KHANNA,52.0,45.0,31.0,4.0,0.0,335.0,467.0,5.0,0.9289909400011993,,,2.0
2013,Punjab,MANSA,40.0,34.0,13.0,0.0,1.0,164.0,252.0,5.0,1.0168343581000125,,,2.0
2013,Punjab,MOGA,70.0,51.0,41.0,5.0,4.0,350.0,521.0,6.0,1.0464540724191382,,,2.0
2013,Punjab,MUKTSAR,46.0,38.0,55.0,2.0,0.0,250.0,391.0,5.0,1.0671714287256,,,2.0
2013,Punjab,PATHANKOT,15.0,21.0,20.0,1.0,1.0,127.0,185.0,6.0,1.0058578269159142,,,1.0
2013,Punjab,PATIALA,107.0,140.0,70.0,1.0,5.0,892.0,1215.0,6.0,0.8827164164991588,,,4.0
2013,Punjab,ROPAR,33.0,59.0,60.0,3.0,4.0,257.0,416.0,6.0,1.1350754030960883,,,2.0
2013,Punjab,SANGRUR,94.0,104.0,60.0,3.0,4.0,473.0,738.0,6.0,1.078415139174216,,,3.0
2013,Punjab,SAS NGR,65.0,143.0,91.0,8.0,0.0,1105.0,1412.0,5.0,0.7714986924769458,,,3.0
2013,Punjab,SBS NAGAR,31.0,34.0,13.0,10.0,0.0,249.0,337.0,5.0,0.9044573369617337,,,2.0
2013,Punjab,TARN TARAN,82.0,77.0,34.0,4.0,0.0,313.0,510.0,5.0,1.0974949812499413,,,2.0
2013,Punjab,ZZ TOTAL,1738.0,1933.0,1274.0,159.0,65.0,11687.0,16856.0,6.0,0.9971478503413169,,,5.0
2013,Rajasthan,AJMER,108.0,266.0,207.0,26.0,16.0,2672.0,3295.0,6.0,0.7230866539114363,,,5.0
2013,Rajasthan,ALWAR,206.0,604.0,363.0,70.0,27.0,5657.0,6927.0,6.0,0.7052431397227312,,,5.0
2013,Rajasthan,BANSWARA,47.0,225.0,110.0,20.0,52.0,352.0,806.0,6.0,1.4240814339937535,,,5.0
2013,Rajasthan,BARAN,81.0,274.0,102.0,4.0,12.0,616.0,1089.0,6.0,1.154834318146571,,,4.0
2013,Rajasthan,BARMER,59.0,245.0,27.0,12.0,26.0,896.0,1265.0,6.0,0.9113218154165101,,,3.0
2013,Rajasthan,BHARATPUR,182.0,320.0,293.0,39.0,25.0,2989.0,3848.0,6.0,0.8226980630768039,,,5.0
2013,Rajasthan,BHILWARA,75.0,236.0,128.0,35.0,13.0,1516.0,2003.0,6.0,0.8649852345950143,,,5.0
2013,Rajasthan,BIKANER,117.0,163.0,81.0,11.0,16.0,1233.0,1621.0,6.0,0.8580047724515536,,,4.0
2013,Rajasthan,BUNDI,48.0,180.0,104.0,7.0,9.0,594.0,942.0,6.0,1.0828574580844907,,,4.0
2013,Rajasthan,CHITTORGARH,91.0,235.0,165.0,17.0,38.0,1030.0,1576.0,6.0,1.101351984447357,,,5.0
2013,Rajasthan,CHURU,77.0,88.0,88.0,4.0,17.0,915.0,1189.0,6.0,0.8441062307097598,,,4.0
2013,Rajasthan,DAUSA,70.0,204.0,128.0,11.0,75.0,1703.0,2191.0,6.0,0.8349206088086341,,,4.0
2013,Rajasthan,DHOLPUR,93.0,84.0,91.0,12.0,11.0,664.0,955.0,6.0,1.0237389278004008,,,4.0
2013,Rajasthan,DISCOM,0.0,0.0,0.0,0.0,0.0,0.0,0.0,0.0,0.0,,,1.0
2013,Rajasthan,DUNGARPUR,42.0,185.0,109.0,9.0,23.0,240.0,608.0,6.0,1.4079551442443865,,,4.0
2013,Rajasthan,G.R.P.AJMER,6.0,11.0,9.0,9.0,3.0,678.0,716.0,6.0,0.28882661207545723,,,1.0
2013,Rajasthan,G.R.P.JODHPUR,4.0,3.0,1.0,1.0,0.0,111.0,120.0,5.0,0.3575011873141044,,,1.0
2013,Rajasthan,GANGANAGAR,104.0,278.0,156.0,3.0,3.0,1575.0,2119.0,6.0,0.845565460951774,,,5.0
2013,Rajasthan,HANUMANGARH,117.0,226.0,104.0,6.0,6.0,1128.0,1587.0,6.0,0.9332149343198921,,,4.0
2013,Rajasthan,JAIPUR EAST,75.0,156.0,125.0,119.0,81.0,4481.0,5037.0,6.0,0.520941401815854,,,5.0
2013,Rajasthan,JAIPUR NORTH,40.0,105.0,121.0,75.0,15.0,1869.0,2225.0,6.0,0.6691221525264051,,,4.0
2013,Rajasthan,JAIPUR SOUTH,42.0,81.0,95.0,99.0,26.0,2923.0,3266.0,6.0,0.49432576931409833,,,4.0
2013,Rajasthan,JAIPUR WEST,52.0,133.0,181.0,99.0,10.0,3324.0,3799.0,6.0,0.5486748639972773,,,5.0
2013,Rajasthan,JAISALMER,9.0,105.0,19.0,7.0,10.0,350.0,500.0,6.0,0.9119900492036583,,,1.0
2013,Rajasthan,JALORE,54.0,116.0,50.0,13.0,20.0,572.0,825.0,6.0,1.033699457678268,,,3.0
2013,Rajasthan,JHALAWAR,118.0,424.0,141.0,26.0,70.0,702.0,1481.0,6.0,1.3526204565319762,,,5.0
2013,Rajasthan,JHUNJHUNU,100.0,112.0,81.0,11.0,19.0,1226.0,1549.0,6.0,0.7953491418103098,,,4.0
2013,Rajasthan,JODHPUR EAST,76.0,71.0,65.0,20.0,10.0,1141.0,1383.0,6.0,0.7111758173707887,,,3.0
2013,Rajasthan,JODHPUR WEST,82.0,140.0,65.0,71.0,17.0,1260.0,1635.0,6.0,0.8732186288760408,,,4.0
2013,Rajasthan,KARAULI,67.0,127.0,119.0,17.0,14.0,1117.0,1461.0,6.0,0.859560805875563,,,4.0
2013,Rajasthan,NAGAUR,114.0,207.0,116.0,6.0,7.0,1212.0,1662.0,6.0,0.9026477760744425,,,4.0
2013,Rajasthan,PALI,111.0,314.0,140.0,38.0,8.0,1241.0,1852.0,6.0,1.036311414165022,,,5.0
2013,Rajasthan,PRATAPGARH,56.0,371.0,152.0,7.0,35.0,391.0,1012.0,6.0,1.330964770571763,,,5.0
2013,Rajasthan,RAJSAMAND,31.0,112.0,75.0,26.0,35.0,576.0,855.0,6.0,1.1031449892398775,,,3.0
2013,Rajasthan,SAWAI MADHOPUR,63.0,99.0,89.0,9.0,9.0,995.0,1264.0,6.0,0.7945665939338572,,,3.0
2013,Rajasthan,SIKAR,112.0,123.0,186.0,15.0,48.0,2195.0,2679.0,6.0,0.7237362858792571,,,5.0
2013,Rajasthan,SIROHI,66.0,156.0,63.0,6.0,10.0,426.0,727.0,6.0,1.1717603054243049,,,3.0
2013,Rajasthan,TONK,32.0,108.0,81.0,2.0,41.0,758.0,1022.0,6.0,0.9097272811742283,,,3.0
2013,Rajasthan,UDAIPUR,170.0,503.0,298.0,86.0,91.0,2153.0,3301.0,6.0,1.1293088132728744,,,5.0
2013,Rajasthan,ZZ TOTAL,3321.0,8114.0,4986.0,1124.0,1026.0,58157.0,76728.0,6.0,0.8807437429428389,,,5.0
2013,Sikkim,EAST,14.0,38.0,9.0,5.0,8.0,162.0,236.0,6.0,1.0408511860277385,,,1.0
2013,Sikkim,NORTH,0.0,1.0,0.0,0.0,1.0,7.0,9.0,3.0,0.6837389058487535,,,1.0
2013,Sikkim,SOUTH,10.0,23.0,5.0,1.0,26.0,54.0,119.0,6.0,1.3900053757879096,,,1.0
2013,Sikkim,WEST,3.0,10.0,2.0,0.0,16.0,15.0,46.0,5.0,1.3788554241100879,,,1.0
2013,Sikkim,ZZ TOTAL,27.0,72.0,16.0,6.0,51.0,238.0,410.0,6.0,1.2480033550026723,,,2.0
2013,Tamil Nadu,ARIYALUR,60.0,33.0,19.0,17.0,46.0,146.0,321.0,6.0,1.50702223925851,,,2.0
2013,Tamil Nadu,CHENNAI,404.0,138.0,60.0,86.0,119.0,2636.0,3443.0,6.0,0.8638771362981406,,,5.0
2013,Tamil Nadu,CHENNAI RLY.,6.0,5.0,0.0,19.0,16.0,275.0,321.0,5.0,0.5885266109934277,,,1.0
2013,Tamil Nadu,CUDDALORE,176.0,44.0,60.0,44.0,238.0,718.0,1280.0,6.0,1.2850996416360976,,,5.0
2013,Tamil Nadu,DHARMAPURI,136.0,71.0,157.0,35.0,135.0,443.0,977.0,6.0,1.5101748684798006,,,5.0
2013,Tamil Nadu,DINDIGUL,153.0,59.0,95.0,45.0,78.0,491.0,921.0,6.0,1.4004576658599825,,,4.0
2013,Tamil Nadu,ERODE,82.0,39.0,32.0,58.0,32.0,528.0,771.0,6.0,1.107318058825968,,,3.0
2013,Tamil Nadu,KANCHIPURAM,180.0,39.0,9.0,32.0,181.0,912.0,1353.0,6.0,1.0274622290194089,,,4.0
2013,Tamil Nadu,KANYAKUMARI,158.0,17.0,35.0,106.0,27.0,565.0,908.0,6.0,1.15473501552301,,,4.0
2013,Tamil Nadu,KARUR,37.0,16.0,17.0,22.0,22.0,190.0,304.0,6.0,1.2464012184098838,,,2.0
2013,Tamil Nadu,KRISHNAGIRI,127.0,56.0,70.0,58.0,188.0,380.0,879.0,6.0,1.5282183661011597,,,4.0
2013,Tamil Nadu,NAGAPATTINAM,121.0,39.0,24.0,33.0,38.0,357.0,612.0,6.0,1.2673735409470641,,,3.0
2013,Tamil Nadu,NAMAKKAL,79.0,80.0,44.0,51.0,67.0,336.0,657.0,6.0,1.4663145854146247,,,3.0
2013,Tamil Nadu,NILGIRIS,24.0,33.0,10.0,7.0,20.0,117.0,211.0,6.0,1.3452502696254056,,,1.0
2013,Tamil Nadu,PERAMBALUR,26.0,21.0,4.0,11.0,26.0,131.0,219.0,6.0,1.2615426615337544,,,1.0
2013,Tamil Nadu,PUDUKOTTAI,81.0,39.0,54.0,24.0,73.0,234.0,505.0,6.0,1.5111794265666867,,,3.0
2013,Tamil Nadu,RAMNATHAPURAM,141.0,33.0,25.0,67.0,91.0,320.0,677.0,6.0,1.448694716132872,,,3.0
2013,Tamil Nadu,SIVAGANGAI,147.0,51.0,34.0,90.0,65.0,420.0,807.0,6.0,1.405544266817881,,,4.0
2013,Tamil Nadu,THANJAVUR,180.0,99.0,61.0,145.0,182.0,679.0,1346.0,6.0,1.4569952149970586,,,5.0
2013,Tamil Nadu,THENI,117.0,66.0,38.0,39.0,77.0,496.0,833.0,6.0,1.2895793579507104,,,3.0
2013,Tamil Nadu,THIRUVALLUR,70.0,32.0,23.0,21.0,184.0,478.0,808.0,6.0,1.1834585145575087,,,3.0
2013,Tamil Nadu,THIRUVANNAMALAI,97.0,81.0,56.0,17.0,103.0,452.0,806.0,6.0,1.3396729496465283,,,4.0
2013,Tamil Nadu,THIRUVARUR,100.0,20.0,23.0,36.0,42.0,292.0,513.0,6.0,1.2965157144672235,,,3.0
2013,Tamil Nadu,THOOTHUGUDI,280.0,87.0,30.0,87.0,34.0,658.0,1176.0,6.0,1.2479029331931297,,,4.0
2013,Tamil Nadu,TIRUPPUR,118.0,60.0,53.0,146.0,72.0,824.0,1273.0,6.0,1.1891708956332,,,4.0
2013,Tamil Nadu,TRICHY RLY.,0.0,3.0,0.0,25.0,0.0,99.0,127.0,3.0,0.6025760813323413,,,1.0
2013,Tamil Nadu,VELLORE,160.0,84.0,97.0,37.0,78.0,1086.0,1542.0,6.0,1.0549670734221999,,,4.0
2013,Tamil Nadu,VILLUPURAM,213.0,194.0,166.0,31.0,330.0,783.0,1717.0,6.0,1.4786793662595075,,,5.0
2013,Tamil Nadu,VIRUDHUNAGAR,119.0,49.0,31.0,45.0,75.0,535.0,854.0,6.0,1.2206658263752406,,,3.0
2013,Tamil Nadu,ZZ TOTAL,4976.0,2194.0,1779.0,2269.0,3346.0,21960.0,36524.0,6.0,1.2851644954064967,,,5.0
2013,Tripura,DHALAI,22.0,55.0,14.0,4.0,12.0,76.0,183.0,6.0,1.4397984321857966,,,1.0
2013,Tripura,GOMATI,29.0,76.0,30.0,8.0,35.0,152.0,330.0,6.0,1.4550751149592056,,,2.0
2013,Tripura,GRP,0.0,0.0,0.0,1.0,0.0,5.0,6.0,2.0,0.45056120886630463,,,1.0
2013,Tripura,KHOWAI,12.0,66.0,3.0,5.0,19.0,67.0,172.0,6.0,1.3373906087743137,,,1.0
2013,Tripura,NORTH,22.0,71.0,11.0,11.0,9.0,105.0,229.0,6.0,1.3645178148732509,,,2.0
2013,Tripura,SIPAHIJALA,17.0,100.0,19.0,8.0,36.0,141.0,321.0,6.0,1.3850132579801477,,,2.0
2013,Tripura,SOUTH,38.0,70.0,15.0,4.0,24.0,86.0,237.0,6.0,1.497022036155288,,,2.0
2013,Tripura,UNAKOTI,16.0,55.0,18.0,3.0,9.0,69.0,170.0,6.0,1.418059359020882,,,2.0
2013,Tripura,WEST,46.0,147.0,34.0,9.0,62.0,308.0,606.0,6.0,1.340649889441254,,,3.0
2013,Tripura,ZZ TOTAL,202.0,640.0,144.0,53.0,206.0,1009.0,2254.0,6.0,1.416026805244764,,,5.0
2013,Uttar Pradesh,AGRA,362.0,317.0,424.0,215.0,440.0,3960.0,5718.0,6.0,1.1031163538666218,,,5.0
2013,Uttar Pradesh,ALIGARH,468.0,399.0,399.0,217.0,395.0,2907.0,4785.0,6.0,1.2906416955387905,,,5.0
2013,Uttar Pradesh,ALLAHABAD,262.0,317.0,306.0,63.0,122.0,2544.0,3614.0,6.0,1.0448778262854528,,,5.0
2013,Uttar Pradesh,AMBEDKAR NAGAR,66.0,31.0,60.0,11.0,39.0,184.0,391.0,6.0,1.4739878115301195,,,3.0
2013,Uttar Pradesh,AMETHI,104.0,121.0,116.0,40.0,64.0,249.0,694.0,6.0,1.6400321357005576,,,4.0
2013,Uttar Pradesh,AMROHA,154.0,80.0,113.0,41.0,34.0,486.0,908.0,6.0,1.371709401896921,,,4.0
2013,Uttar Pradesh,AURAIYA,69.0,54.0,78.0,15.0,12.0,266.0,494.0,6.0,1.3380994306223537,,,3.0
2013,Uttar Pradesh,AZAMGARH,181.0,59.0,154.0,63.0,191.0,564.0,1212.0,6.0,1.4941148869380645,,,5.0
2013,Uttar Pradesh,BADAUN,279.0,156.0,139.0,55.0,5.0,421.0,1055.0,6.0,1.4473847296120685,,,5.0
2013,Uttar Pradesh,BAGHPAT,202.0,81.0,98.0,86.0,51.0,468.0,986.0,6.0,1.4792269361955077,,,5.0
2013,Uttar Pradesh,BAHRAICH,126.0,79.0,151.0,19.0,73.0,569.0,1017.0,6.0,1.3287589026309479,,,5.0
2013,Uttar Pradesh,BALLIA,86.0,125.0,143.0,15.0,105.0,478.0,952.0,6.0,1.4229974017223053,,,4.0
2013,Uttar Pradesh,BALRAMPUR,51.0,47.0,71.0,6.0,18.0,151.0,344.0,6.0,1.4670462514553761,,,3.0
2013,Uttar Pradesh,BANDA,109.0,198.0,145.0,23.0,82.0,451.0,1008.0,6.0,1.489335254931686,,,5.0
2013,Uttar Pradesh,BARABANKI,127.0,78.0,81.0,18.0,17.0,485.0,806.0,6.0,1.2200130718040691,,,4.0
2013,Uttar Pradesh,BAREILLY,310.0,282.0,329.0,83.0,164.0,1484.0,2652.0,6.0,1.353542668181114,,,5.0
2013,Uttar Pradesh,BASTI,42.0,77.0,82.0,18.0,26.0,238.0,483.0,6.0,1.4347915155763733,,,3.0
2013,Uttar Pradesh,BIJNOR,181.0,249.0,168.0,61.0,73.0,810.0,1542.0,6.0,1.3977977668685206,,,5.0
2013,Uttar Pradesh,BULANDSHAHAR,403.0,294.0,335.0,129.0,142.0,1230.0,2533.0,6.0,1.4739195086450754,,,5.0
2013,Uttar Pradesh,CHANDOLI,65.0,88.0,53.0,15.0,36.0,238.0,495.0,6.0,1.4615393004064172,,,3.0
2013,Uttar Pradesh,CHITRAKOOT DHAM,38.0,58.0,27.0,4.0,19.0,188.0,334.0,6.0,1.2941883848207596,,,2.0
2013,Uttar Pradesh,DEORIA,98.0,131.0,180.0,31.0,90.0,438.0,968.0,6.0,1.5052338932446023,,,5.0
2013,Uttar Pradesh,ETAH,210.0,156.0,120.0,47.0,113.0,515.0,1161.0,6.0,1.530708952109491,,,5.0
2013,Uttar Pradesh,ETAWAH,143.0,53.0,88.0,41.0,16.0,538.0,879.0,6.0,1.2115452243322027,,,4.0
2013,Uttar Pradesh,FAIZABAD,82.0,114.0,138.0,29.0,40.0,505.0,908.0,6.0,1.3378441870125737,,,4.0
2013,Uttar Pradesh,FATEHGARH,141.0,55.0,105.0,14.0,25.0,370.0,710.0,6.0,1.3367310026830705,,,4.0
2013,Uttar Pradesh,FATEHPUR,130.0,129.0,123.0,16.0,50.0,345.0,793.0,6.0,1.496025809105527,,,4.0
2013,Uttar Pradesh,FIROZABAD,261.0,151.0,233.0,97.0,177.0,1092.0,2011.0,6.0,1.4008462900131406,,,5.0
2013,Uttar Pradesh,G.R.P.,48.0,87.0,55.0,60.0,28.0,3084.0,3362.0,6.0,0.41341441515369004,,,3.0
2013,Uttar Pradesh,GAUTAMBUDH NAGAR,220.0,175.0,204.0,210.0,199.0,3913.0,4921.0,6.0,0.8361254786512777,,,5.0
2013,Uttar Pradesh,GHAZIABAD,302.0,317.0,346.0,133.0,73.0,3783.0,4954.0,6.0,0.897536005693157,,,5.0
2013,Uttar Pradesh,GHAZIPUR,125.0,81.0,108.0,37.0,92.0,341.0,784.0,6.0,1.5579801838316603,,,4.0
2013,Uttar Pradesh,GONDA,82.0,86.0,166.0,29.0,59.0,558.0,980.0,6.0,1.315885828920257,,,4.0
2013,Uttar Pradesh,GORAKHPUR,281.0,198.0,337.0,91.0,186.0,1528.0,2621.0,6.0,1.3172631102922063,,,5.0
2013,Uttar Pradesh,HAMIRPUR,81.0,167.0,80.0,24.0,56.0,168.0,576.0,6.0,1.6273986083951226,,,4.0
2013,Uttar Pradesh,HAPUR,145.0,110.0,100.0,43.0,47.0,567.0,1012.0,6.0,1.3496556690610575,,,4.0
2013,Uttar Pradesh,HARDOI,148.0,159.0,145.0,19.0,35.0,412.0,918.0,6.0,1.453773948344471,,,4.0
2013,Uttar Pradesh,HATHRAS,139.0,110.0,104.0,46.0,80.0,566.0,1045.0,6.0,1.4012599598740834,,,4.0
2013,Uttar Pradesh,JALAUN,58.0,59.0,63.0,13.0,9.0,232.0,434.0,6.0,1.3406474727308055,,,3.0
2013,Uttar Pradesh,JAUNPUR,123.0,128.0,132.0,52.0,78.0,494.0,1007.0,6.0,1.4859037719511585,,,5.0
2013,Uttar Pradesh,JHANSI,104.0,112.0,85.0,25.0,86.0,453.0,865.0,6.0,1.4180372759021092,,,4.0
2013,Uttar Pradesh,KANNAUJ,75.0,56.0,86.0,6.0,21.0,241.0,485.0,6.0,1.38244423185913,,,3.0
2013,Uttar Pradesh,KANPUR DEHAT,79.0,74.0,78.0,14.0,34.0,228.0,507.0,6.0,1.4982460142875007,,,3.0
2013,Uttar Pradesh,KANPUR NAGAR,240.0,151.0,261.0,72.0,109.0,1914.0,2747.0,6.0,1.0713106643125374,,,5.0
2013,Uttar Pradesh,KASGANJ,113.0,60.0,101.0,8.0,52.0,280.0,614.0,6.0,1.459369579554552,,,4.0
2013,Uttar Pradesh,KAUSHAMBI,69.0,135.0,69.0,12.0,21.0,244.0,550.0,6.0,1.434315204254155,,,3.0
2013,Uttar Pradesh,KHIRI,254.0,134.0,204.0,33.0,63.0,791.0,1479.0,6.0,1.3473494237955697,,,5.0
2013,Uttar Pradesh,KUSHI NAGAR,101.0,99.0,145.0,18.0,167.0,350.0,880.0,6.0,1.5530143024720082,,,5.0
2013,Uttar Pradesh,LALITPUR,41.0,60.0,30.0,11.0,21.0,106.0,269.0,6.0,1.56278047593299,,,2.0
2013,Uttar Pradesh,LUCKNOW,271.0,436.0,381.0,80.0,169.0,4781.0,6118.0,6.0,0.8477391124324636,,,5.0
2013,Uttar Pradesh,MAHARAJGANJ,62.0,68.0,117.0,14.0,55.0,234.0,550.0,6.0,1.5210483236952255,,,4.0
2013,Uttar Pradesh,MAHOBA,58.0,91.0,49.0,11.0,26.0,168.0,403.0,6.0,1.5110794630850588,,,3.0
2013,Uttar Pradesh,MAINPURI,168.0,112.0,165.0,36.0,103.0,633.0,1217.0,6.0,1.4169539778620301,,,5.0
2013,Uttar Pradesh,MATHURA,253.0,158.0,174.0,76.0,166.0,1448.0,2275.0,6.0,1.218221512359153,,,5.0
2013,Uttar Pradesh,MAU,82.0,79.0,102.0,18.0,97.0,448.0,826.0,6.0,1.3788155843509642,,,4.0
2013,Uttar Pradesh,MEERUT,520.0,386.0,357.0,342.0,282.0,3495.0,5382.0,6.0,1.2047443920686591,,,5.0
2013,Uttar Pradesh,MIRZAPUR,34.0,10.0,9.0,4.0,0.0,174.0,231.0,5.0,0.8280543794797004,,,1.0
2013,Uttar Pradesh,MORADABAD,176.0,225.0,187.0,66.0,68.0,1088.0,1810.0,6.0,1.2703143149069862,,,5.0
2013,Uttar Pradesh,MUZAFFARNAGAR,364.0,174.0,270.0,451.0,205.0,1045.0,2509.0,6.0,1.582958682895475,,,5.0
2013,Uttar Pradesh,PILIBHIT,68.0,97.0,97.0,12.0,7.0,330.0,611.0,6.0,1.2897920809482757,,,3.0
2013,Uttar Pradesh,PRATAPGARH,206.0,217.0,184.0,72.0,272.0,651.0,1602.0,6.0,1.5895347845768484,,,5.0
2013,Uttar Pradesh,RAIBAREILLY,118.0,109.0,106.0,20.0,59.0,386.0,798.0,6.0,1.4589697151180467,,,4.0
2013,Uttar Pradesh,RAMPUR,134.0,72.0,100.0,33.0,42.0,508.0,889.0,6.0,1.3208070654041733,,,4.0
2013,Uttar Pradesh,SAHARANPUR,199.0,124.0,153.0,123.0,105.0,968.0,1672.0,6.0,1.3472968766653914,,,5.0
2013,Uttar Pradesh,SAMBHAL,169.0,136.0,131.0,62.0,68.0,523.0,1089.0,6.0,1.4922853174672315,,,5.0
2013,Uttar Pradesh,SANT KABIRNAGAR,41.0,40.0,64.0,16.0,38.0,115.0,314.0,6.0,1.6276189775589986,,,3.0
2013,Uttar Pradesh,SHAHJAHANPUR,205.0,140.0,136.0,26.0,29.0,472.0,1008.0,6.0,1.4200645006121397,,,5.0
2013,Uttar Pradesh,SHAMLI,146.0,100.0,91.0,50.0,108.0,350.0,845.0,6.0,1.5912186068467673,,,4.0
2013,Uttar Pradesh,SHRAWASTI,44.0,74.0,55.0,10.0,19.0,178.0,380.0,6.0,1.4487603330799264,,,3.0
2013,Uttar Pradesh,SIDHARTHNAGAR,26.0,43.0,60.0,14.0,24.0,149.0,316.0,6.0,1.4807077742655657,,,2.0
2013,Uttar Pradesh,SITAPUR,155.0,306.0,267.0,47.0,69.0,662.0,1506.0,6.0,1.4753004493686959,,,5.0
2013,Uttar Pradesh,SONBHADRA,53.0,54.0,20.0,1.0,1.0,162.0,291.0,6.0,1.171825460602904,,,2.0
2013,Uttar Pradesh,ST.RAVIDASNAGAR,37.0,25.0,18.0,7.0,4.0,133.0,224.0,6.0,1.2344784957254313,,,2.0
2013,Uttar Pradesh,SULTANPUR,116.0,116.0,115.0,41.0,87.0,506.0,981.0,6.0,1.4452308338612516,,,4.0
2013,Uttar Pradesh,UNNAO,150.0,160.0,189.0,38.0,32.0,504.0,1073.0,6.0,1.442683870808437,,,5.0
2013,Uttar Pradesh,VARANASI,141.0,264.0,228.0,89.0,110.0,1873.0,2705.0,6.0,1.0866395528344948,,,5.0
2013,Uttar Pradesh,ZZ TOTAL,11574.0,10353.0,11183.0,4187.0,6380.0,64411.0,108088.0,6.0,1.3000629905249155,,,5.0
2013,Uttarakhand,ALMORA,4.0,15.0,32.0,1.0,2.0,36.0,90.0,6.0,1.3057823870397782,,,1.0
2013,Uttarakhand,BAGESHWAR,3.0,5.0,16.0,1.0,3.0,22.0,50.0,6.0,1.371958668950174,,,1.0
2013,Uttarakhand,CHAMOLI,8.0,15.0,35.0,2.0,3.0,17.0,80.0,6.0,1.4502738149466163,,,1.0
2013,Uttarakhand,CHAMPAWAT,7.0,5.0,15.0,1.0,8.0,9.0,45.0,6.0,1.613332108624642,,,1.0
2013,Uttarakhand,DEHRADUN,76.0,103.0,279.0,31.0,95.0,721.0,1305.0,6.0,1.303204578146745,,,5.0
2013,Uttarakhand,HARIDWAR,113.0,151.0,312.0,55.0,96.0,760.0,1487.0,6.0,1.3976404694380362,,,5.0
2013,Uttarakhand,NAINITAL,27.0,53.0,117.0,11.0,34.0,176.0,418.0,6.0,1.459247685787524,,,3.0
2013,Uttarakhand,PAURI GARHWAL,14.0,14.0,43.0,4.0,19.0,86.0,180.0,6.0,1.4141313190541325,,,2.0
2013,Uttarakhand,PITHORAGARH,4.0,11.0,28.0,1.0,4.0,22.0,70.0,6.0,1.408897197070361,,,1.0
2013,Uttarakhand,RUDRA PRAYAG,9.0,6.0,19.0,0.0,4.0,28.0,66.0,5.0,1.381824100436396,,,1.0
2013,Uttarakhand,TEHRI GARHWAL,9.0,7.0,23.0,0.0,3.0,18.0,60.0,5.0,1.4137564336567856,,,1.0
2013,Uttarakhand,UDHAMSINGH NAGAR,139.0,130.0,94.0,48.0,77.0,628.0,1116.0,6.0,1.3616396954985022,,,4.0
2013,Uttarakhand,UTTARKASHI,7.0,8.0,19.0,0.0,3.0,19.0,56.0,5.0,1.4281834505359539,,,1.0
2013,Uttarakhand,ZZ TOTAL,420.0,523.0,1032.0,155.0,351.0,2542.0,5023.0,6.0,1.40613048076711,,,5.0
2013,West Bengal,24 PARGANAS NORTH,468.0,422.0,428.0,66.0,540.0,1695.0,3619.0,6.0,1.4797192228888143,,,5.0
2013,West Bengal,24 PARGANAS SOUTH,258.0,401.0,397.0,59.0,1935.0,1837.0,4887.0,6.0,1.352336371386021,,,5.0
2013,West Bengal,ASANSOL,112.0,104.0,125.0,51.0,265.0,991.0,1648.0,6.0,1.2599843616011837,,,5.0
2013,West Bengal,BANKURA,121.0,100.0,44.0,32.0,240.0,284.0,821.0,6.0,1.5486746409531955,,,4.0
2013,West Bengal,BDN CP,29.0,94.0,60.0,15.0,15.0,1046.0,1259.0,6.0,0.685191675309643,,,3.0
2013,West Bengal,BIRBHUM,188.0,140.0,58.0,21.0,245.0,417.0,1069.0,6.0,1.5120589764555639,,,5.0
2013,West Bengal,BKP CP,174.0,238.0,169.0,41.0,90.0,1845.0,2557.0,6.0,1.0029837934454977,,,5.0
2013,West Bengal,BURDWAN,394.0,164.0,122.0,41.0,313.0,856.0,1890.0,6.0,1.4554895603101499,,,5.0
2013,West Bengal,COOCHBEHAR,181.0,350.0,165.0,16.0,152.0,450.0,1314.0,6.0,1.5561445621416974,,,5.0
2013,West Bengal,DAKSHIN DINAJPUR,199.0,104.0,116.0,7.0,26.0,552.0,1004.0,6.0,1.2631305887216773,,,4.0
2013,West Bengal,DARJEELING,70.0,84.0,44.0,9.0,47.0,393.0,647.0,6.0,1.2412384770670284,,,3.0
2013,West Bengal,HOOGHLY,168.0,197.0,183.0,24.0,437.0,1253.0,2262.0,6.0,1.3021757536075387,,,5.0
2013,West Bengal,HOWRAH,149.0,154.0,106.0,29.0,200.0,532.0,1170.0,6.0,1.498867888439305,,,5.0
2013,West Bengal,HOWRAH G.R.P.,15.0,10.0,7.0,2.0,3.0,299.0,336.0,6.0,0.500495878234632,,,1.0
2013,West Bengal,JALPAIGURI,312.0,426.0,287.0,38.0,38.0,1420.0,2521.0,6.0,1.2561787359880539,,,5.0
2013,West Bengal,JHARGRAM,52.0,52.0,23.0,11.0,45.0,122.0,305.0,6.0,1.566826723503337,,,2.0
2013,West Bengal,KHARAGPUR G.R.P.,5.0,12.0,1.0,3.0,2.0,143.0,166.0,6.0,0.5804517479112572,,,1.0
2013,West Bengal,KOLKATA,229.0,782.0,210.0,46.0,362.0,7381.0,9010.0,6.0,0.7125533866952575,,,5.0
2013,West Bengal,MALDA,530.0,317.0,197.0,27.0,75.0,616.0,1762.0,6.0,1.480727426369031,,,5.0
2013,West Bengal,MURSHIDABAD,824.0,622.0,396.0,28.0,363.0,1119.0,3352.0,6.0,1.556760958108525,,,5.0
2013,West Bengal,NADIA,737.0,300.0,389.0,50.0,185.0,1766.0,3427.0,6.0,1.3516110539276198,,,5.0
2013,West Bengal,PASCHIM MIDNAPUR,288.0,373.0,170.0,46.0,339.0,843.0,2059.0,6.0,1.5381049982658297,,,5.0
2013,West Bengal,PURAB MIDNAPUR,161.0,179.0,221.0,30.0,374.0,748.0,1713.0,6.0,1.4873516814816063,,,5.0
2013,West Bengal,PURULIA,88.0,132.0,54.0,27.0,98.0,292.0,691.0,6.0,1.5455679706213237,,,4.0
2013,West Bengal,SEALDAH G.R.P.,29.0,47.0,14.0,4.0,7.0,375.0,476.0,6.0,0.792898679459645,,,2.0
2013,West Bengal,SILIGURI G.R.P.,5.0,11.0,3.0,1.0,0.0,174.0,194.0,5.0,0.44623188848453965,,,1.0
2013,West Bengal,SILIGURI_PC,67.0,241.0,122.0,28.0,7.0,1480.0,1945.0,6.0,0.8376628940688599,,,4.0
2013,West Bengal,UTTAR DINAJPUR,286.0,305.0,261.0,59.0,159.0,640.0,1710.0,6.0,1.59833128909858,,,5.0
2013,West Bengal,ZZ TOTAL,6202.0,6598.0,4573.0,853.0,6637.0,31103.0,55966.0,6.0,1.3435645022360871,,,5.0
2013,A&N Islands,CAR,0.0,3.0,0.0,0.0,0.0,4.0,7.0,2.0,0.6829081047004717,,,1.0
2013,A&N Islands,NORTH,2.0,15.0,6.0,0.0,1.0,15.0,39.0,5.0,1.2692447946026073,,,1.0
2013,A&N Islands,SOUTH,9.0,54.0,8.0,2.0,1.0,90.0,164.0,6.0,1.0865441306609105,,,1.0
2013,A&N Islands,ZZ TOTAL,11.0,72.0,14.0,2.0,2.0,109.0,210.0,6.0,1.131045058956668,,,1.0
2013,Chandigarh,CHANDIGARH,75.0,188.0,261.0,73.0,62.0,2086.0,2745.0,6.0,0.8964092214500929,,,5.0
2013,Chandigarh,ZZ TOTAL,75.0,188.0,261.0,73.0,62.0,2086.0,2745.0,6.0,0.8964092214500929,,,5.0
2013,D&N Haveli,D&N HAVELI,6.0,6.0,13.0,1.0,25.0,90.0,141.0,6.0,1.1168434277599733,,,1.0
2013,D&N Haveli,ZZ TOTAL,6.0,6.0,13.0,1.0,25.0,90.0,141.0,6.0,1.1168434277599733,,,1.0
2013,Daman & Diu,DAMAN,11.0,9.0,11.0,7.0,19.0,73.0,130.0,6.0,1.3652423885404115,,,1.0
2013,Daman & Diu,DIU,3.0,1.0,2.0,0.0,0.0,6.0,12.0,4.0,1.198849312913621,,,1.0
2013,Daman & Diu,ZZ TOTAL,14.0,10.0,13.0,7.0,19.0,79.0,142.0,6.0,1.3778757394040895,,,1.0
2013,Delhi UT,CAW,0.0,1.0,0.0,0.0,0.0,0.0,1.0,1.0,-0.0,,,1.0
2013,Delhi UT,CENTRAL,60.0,245.0,220.0,56.0,9.0,2417.0,3007.0,6.0,0.7408650517774162,,,5.0
2013,Delhi UT,CRIME BRANCH,8.0,4.0,1.0,0.0,0.0,50.0,63.0,4.0,0.6862798049736668,,,1.0
2013,Delhi UT,EAST,121.0,574.0,737.0,139.0,18.0,4762.0,6351.0,6.0,0.8588150122998452,,,5.0
2013,Delhi UT,EOW,0.0,0.0,0.0,0.0,0.0,79.0,79.0,1.0,-0.0,,,1.0
2013,Delhi UT,GRP(RLY),15.0,15.0,19.0,20.0,2.0,568.0,639.0,6.0,0.5118422442006298,,,1.0
2013,Delhi UT,IGI AIRPORT,0.0,9.0,1.0,2.0,0.0,96.0,108.0,4.0,0.4289947276977554,,,1.0
2013,Delhi UT,METRO RAIL,2.0,16.0,8.0,2.0,2.0,894.0,924.0,6.0,0.18313112144930696,,,1.0
2013,Delhi UT,NEW DELHI,15.0,85.0,74.0,14.0,20.0,581.0,789.0,6.0,0.9273841097787354,,,2.0
2013,Delhi UT,NORTH,56.0,217.0,266.0,89.0,23.0,1912.0,2563.0,6.0,0.9052883961288758,,,5.0
2013,Delhi UT,NORTH-EAST,165.0,516.0,923.0,228.0,25.0,4066.0,5923.0,6.0,1.0087520042558396,,,5.0
2013,Delhi UT,NORTH-WEST,106.0,444.0,597.0,204.0,9.0,3125.0,4485.0,6.0,0.9906600959835912,,,5.0
2013,Delhi UT,OUTER,180.0,510.0,923.0,140.0,16.0,4240.0,6009.0,6.0,0.9516034912132534,,,5.0
2013,Delhi UT,SOUTH,66.0,702.0,539.0,68.0,14.0,4271.0,5660.0,6.0,0.815159020728977,,,5.0
2013,Delhi UT,SOUTH-EAST,135.0,616.0,719.0,134.0,21.0,3727.0,5352.0,6.0,0.9773932655651498,,,5.0
2013,Delhi UT,SOUTH-WEST,118.0,613.0,556.0,117.0,16.0,1663.0,3083.0,6.0,1.2393934769149593,,,5.0
2013,Delhi UT,STF,5.0,0.0,0.0,0.0,0.0,1.0,6.0,2.0,0.45056120886630463,,,1.0
2013,Delhi UT,WEST,115.0,584.0,711.0,65.0,35.0,3793.0,5303.0,6.0,0.9222193609491417,,,5.0
2013,Delhi UT,ZZ TOTAL,1167.0,5151.0,6294.0,1278.0,210.0,36245.0,50345.0,6.0,0.9331340876931762,,,5.0
2013,Lakshadweep,LAKSHADWEEP,0.0,3.0,0.0,0.0,3.0,11.0,17.0,3.0,0.8938885362449964,,,1.0
2013,Lakshadweep,ZZ TOTAL,0.0,3.0,0.0,0.0,3.0,11.0,17.0,3.0,0.8938885362449964,,,1.0
2013,Puducherry,KARAIKAL,9.0,7.0,3.0,3.0,13.0,82.0,117.0,6.0,1.0469313203183497,,,1.0
2013,Puducherry,PUDUCHERRY,35.0,22.0,38.0,8.0,88.0,672.0,863.0,6.0,0.8320216817732398,,,2.0
2013,Puducherry,ZZ TOTAL,44.0,29.0,41.0,11.0,101.0,754.0,980.0,6.0,0.8625910988313156,,,3.0
2014,Andhra Pradesh,Anantapur,142.0,637.0,0.0,36.0,226.0,1072.0,2113.0,5.0,1.195673339609921,,,4.0
2014,Andhra Pradesh,Chittoor,86.0,167.0,4.0,34.0,157.0,747.0,1195.0,6.0,1.145105184728182,,,3.0
2014,Andhra Pradesh,Cuddapah,81.0,455.0,0.0,19.0,104.0,892.0,1551.0,5.0,1.06721061673722,,,4.0
2014,Andhra Pradesh,East Godavari,66.0,829.0,0.0,27.0,77.0,1235.0,2234.0,5.0,0.9690284997556367,,,3.0
2014,Andhra Pradesh,Guntur,109.0,322.0,12.0,29.0,130.0,1066.0,1668.0,6.0,1.0867599672758517,,,4.0
2014,Andhra Pradesh,Krishna,52.0,621.0,20.0,15.0,32.0,798.0,1538.0,6.0,1.0033338045590379,,,3.0
2014,Andhra Pradesh,Kurnool,123.0,558.0,4.0,31.0,141.0,1226.0,2083.0,6.0,1.0888141979240984,,,4.0
2014,Andhra Pradesh,Nellore,82.0,472.0,71.0,52.0,129.0,1554.0,2360.0,6.0,1.0621029881330653,,,4.0
2014,Andhra Pradesh,Prakasham,82.0,291.0,17.0,28.0,183.0,977.0,1578.0,6.0,1.1324598720191192,,,4.0
2014,Andhra Pradesh,Rajahmundry,19.0,210.0,5.0,17.0,29.0,525.0,805.0,6.0,0.9504889787897843,,,2.0
2014,Andhra Pradesh,Srikakulam,34.0,302.0,26.0,8.0,35.0,402.0,807.0,6.0,1.140904608563464,,,2.0
2014,Andhra Pradesh,Visakhapatnam,38.0,308.0,130.0,50.0,17.0,1849.0,2392.0,6.0,0.8030614149284462,,,4.0
2014,Andhra Pradesh,Vizianagaram,44.0,272.0,0.0,6.0,26.0,552.0,900.0,5.0,0.9448146585756461,,,2.0
2014,Andhra Pradesh,West Godavari,94.0,721.0,29.0,36.0,65.0,1572.0,2517.0,6.0,0.981483540843691,,,4.0
2014,Arunachal Pradesh,Anjaw,0.0,2.0,0.0,0.0,1.0,4.0,7.0,3.0,0.9556998911125343,,,1.0
2014,Arunachal Pradesh,Changlang,9.0,6.0,0.0,6.0,2.0,51.0,74.0,5.0,1.0177740600038572,,,1.0
2014,Arunachal Pradesh,Crime Branch,0.0,0.0,0.0,0.0,0.0,4.0,4.0,1.0,-0.0,,,1.0
2014,Arunachal Pradesh,Dibang Valley,0.0,1.0,0.0,0.0,0.0,0.0,1.0,1.0,-0.0,,,1.0
2014,Arunachal Pradesh,Kameng East,4.0,13.0,0.0,6.0,2.0,21.0,46.0,5.0,1.3294817995291028,,,1.0
2014,Arunachal Pradesh,Kameng West,7.0,18.0,0.0,4.0,13.0,27.0,69.0,5.0,1.4293937921463233,,,1.0
2014,Arunachal Pradesh,Kukung Kumey,4.0,4.0,0.0,0.0,2.0,6.0,16.0,4.0,1.320888343149322,,,1.0
2014,Arunachal Pradesh,Lohit,10.0,20.0,0.0,9.0,5.0,47.0,91.0,5.0,1.3051491280598224,,,1.0
2014,Arunachal Pradesh,Longding,5.0,7.0,5.0,2.0,1.0,5.0,25.0,6.0,1.6529064612274573,,,1.0
2014,Arunachal Pradesh,Lower Dibang Valley,2.0,3.0,4.0,2.0,0.0,23.0,34.0,5.0,1.0637143481722167,,,1.0
2014,Arunachal Pradesh,Siang East,6.0,40.0,1.0,3.0,14.0,56.0,120.0,6.0,1.2544244999344452,,,1.0
2014,Arunachal Pradesh,Siang Upper,1.0,2.0,0.0,1.0,1.0,10.0,15.0,5.0,1.0805738483648537,,,1.0
2014,Arunachal Pradesh,Siang West,10.0,17.0,0.0,4.0,6.0,49.0,86.0,5.0,1.2196332654841504,,,1.0
2014,Arunachal Pradesh,Subansiri Lower,5.0,7.0,0.0,11.0,9.0,24.0,56.0,5.0,1.4522495169723555,,,1.0
2014,Arunachal Pradesh,Subansiri Upper,3.0,21.0,0.0,6.0,11.0,41.0,82.0,5.0,1.2772720812981162,,,1.0
2014,Arunachal Pradesh,Tawang,1.0,1.0,0.0,0.0,0.0,14.0,16.0,3.0,0.4634135588264299,,,1.0
2014,Arunachal Pradesh,Tirap,2.0,7.0,3.0,3.0,0.0,18.0,33.0,5.0,1.2654157196893074,,,1.0
2014,Assam,Barpeta,46.0,897.0,0.0,14.0,477.0,880.0,2314.0,5.0,1.1693543166347053,,,5.0
2014,Assam,Baska,31.0,53.0,0.0,21.0,29.0,152.0,286.0,5.0,1.3130006772963014,,,2.0
2014,Assam,Bongaigaon,17.0,39.0,0.0,15.0,26.0,253.0,350.0,5.0,0.9541550553372703,,,2.0
2014,Assam,Cachar,58.0,131.0,0.0,33.0,257.0,929.0,1408.0,5.0,1.025109580996706,,,4.0
2014,Assam,Chirang,38.0,62.0,0.0,9.0,36.0,141.0,286.0,5.0,1.3179937217773143,,,2.0
2014,Assam,Darrang,33.0,597.0,0.0,23.0,120.0,609.0,1382.0,5.0,1.0932465069619708,,,4.0
2014,Assam,Dhemaji,20.0,99.0,0.0,18.0,5.0,172.0,314.0,5.0,1.0988374386132864,,,2.0
2014,Assam,Dhubri,59.0,386.0,0.0,44.0,878.0,894.0,2261.0,5.0,1.2077876160581469,,,5.0
2014,Assam,Dibrugarh,79.0,172.0,0.0,49.0,37.0,949.0,1286.0,5.0,0.8912969299819449,,,3.0
2014,Assam,G. R. P.,9.0,1.0,0.0,5.0,5.0,189.0,209.0,5.0,0.4305658971005077,,,1.0
2014,Assam,Goalpara,44.0,229.0,0.0,44.0,80.0,420.0,817.0,5.0,1.2407674472355814,,,4.0
2014,Assam,Golaghat,88.0,148.0,0.0,52.0,95.0,424.0,807.0,5.0,1.3193917980372265,,,3.0
2014,Assam,Hailakandi,24.0,100.0,0.0,6.0,296.0,250.0,676.0,5.0,1.1726242960311126,,,4.0
2014,Assam,Jorhat,32.0,193.0,0.0,84.0,29.0,762.0,1100.0,5.0,0.9548525306465485,,,2.0
2014,Assam,Kamrup,66.0,92.0,0.0,77.0,13.0,883.0,1131.0,5.0,0.7974222211866013,,,3.0
2014,Assam,Karbi Anglong,49.0,49.0,0.0,13.0,12.0,222.0,345.0,5.0,1.0784545925822484,,,2.0
2014,Assam,Karimganj,33.0,85.0,0.0,22.0,323.0,308.0,771.0,5.0,1.210508770631121,,,3.0
2014,Assam,Kokrajhar,60.0,92.0,0.0,12.0,45.0,271.0,480.0,5.0,1.2134566974074426,,,2.0
2014,Assam,Lakhimpur,40.0,122.0,0.0,8.0,43.0,390.0,603.0,5.0,1.0307561499800602,,,2.0
2014,Assam,Morigaon,28.0,409.0,0.0,20.0,235.0,376.0,1068.0,5.0,1.2381928469396448,,,3.0
2014,Assam,N. C. Hills,91.0,6.0,0.0,5.0,6.0,50.0,158.0,5.0,1.0395718143095756,,,2.0
2014,Assam,Nagaon,114.0,711.0,0.0,182.0,597.0,1136.0,2740.0,5.0,1.3595089719245383,,,5.0
2014,Assam,Nalbari,27.0,41.0,0.0,132.0,31.0,286.0,517.0,5.0,1.1999941992049246,,,3.0
2014,Assam,Sibsagar,83.0,197.0,0.0,45.0,79.0,838.0,1242.0,5.0,1.033790448003049,,,3.0
2014,Assam,Sonitpur,118.0,132.0,0.0,31.0,121.0,750.0,1152.0,5.0,1.0950275810801755,,,4.0
2014,Assam,Tinsukia,90.0,132.0,0.0,51.0,80.0,864.0,1217.0,5.0,0.9886167023542651,,,3.0
2014,Assam,Udalguri,46.0,69.0,0.0,23.0,39.0,180.0,357.0,5.0,1.3455274977982,,,2.0
2014,Bihar,Araria,58.0,36.0,0.0,44.0,323.0,442.0,903.0,5.0,1.1694463756010647,,,4.0
2014,Bihar,Arwal,27.0,11.0,0.0,13.0,88.0,129.0,268.0,5.0,1.2266950966801222,,,2.0
2014,Bihar,Aurangabad,77.0,67.0,3.0,60.0,270.0,529.0,1006.0,6.0,1.2536272681906384,,,4.0
2014,Bihar,Bagaha,29.0,78.0,20.0,10.0,125.0,229.0,491.0,6.0,1.3730695454541446,,,2.0
2014,Bihar,Banka,59.0,25.0,2.0,30.0,212.0,184.0,512.0,6.0,1.3172049175128535,,,4.0
2014,Bihar,Begusarai,126.0,72.0,48.0,86.0,494.0,736.0,1562.0,6.0,1.3302006212308033,,,5.0
2014,Bihar,Bettiah,75.0,33.0,0.0,18.0,527.0,701.0,1354.0,5.0,1.0163237949948984,,,5.0
2014,Bihar,Bhabhua,56.0,12.0,26.0,29.0,110.0,416.0,649.0,6.0,1.138886380736999,,,3.0
2014,Bihar,Bhagalpur,107.0,101.0,35.0,55.0,358.0,809.0,1465.0,6.0,1.2601958471439478,,,5.0
2014,Bihar,Bhojpur,123.0,41.0,13.0,35.0,256.0,972.0,1440.0,6.0,1.0166790023150962,,,5.0
2014,Bihar,Buxar,62.0,42.0,14.0,38.0,368.0,486.0,1010.0,6.0,1.206110119749444,,,4.0
2014,Bihar,Darbhanga,77.0,66.0,0.0,48.0,649.0,761.0,1601.0,5.0,1.1021065752991794,,,5.0
2014,Bihar,Gaya,154.0,48.0,0.0,127.0,548.0,1474.0,2351.0,5.0,1.0478055492821057,,,5.0
2014,Bihar,Gopalganj,89.0,14.0,0.0,46.0,416.0,452.0,1017.0,5.0,1.1382777280917,,,5.0
2014,Bihar,Jamui,64.0,33.0,4.0,41.0,136.0,174.0,452.0,6.0,1.456267167517629,,,3.0
2014,Bihar,Jehanabad,41.0,10.0,23.0,38.0,213.0,255.0,580.0,6.0,1.2930205483468507,,,3.0
2014,Bihar,Katihar,70.0,65.0,0.0,49.0,242.0,529.0,955.0,5.0,1.2019156920230856,,,4.0
2014,Bihar,Khagaria,56.0,18.0,13.0,29.0,191.0,240.0,547.0,6.0,1.3191108254587431,,,3.0
2014,Bihar,Kishanganj,47.0,87.0,14.0,19.0,184.0,340.0,691.0,6.0,1.322840581785584,,,4.0
2014,Bihar,Lakhisarai,52.0,116.0,10.0,26.0,214.0,267.0,685.0,6.0,1.4130221149620583,,,3.0
2014,Bihar,Madhepura,45.0,26.0,8.0,40.0,256.0,235.0,610.0,6.0,1.294165425795448,,,3.0
2014,Bihar,Madhubani,77.0,59.0,21.0,56.0,410.0,457.0,1080.0,6.0,1.3087837852464987,,,5.0
2014,Bihar,Motihari,146.0,31.0,0.0,47.0,969.0,894.0,2087.0,5.0,1.053411762220419,,,5.0
2014,Bihar,Munger,48.0,19.0,9.0,32.0,211.0,278.0,597.0,6.0,1.2559685455822076,,,3.0
2014,Bihar,Muzaffarpur,229.0,293.0,0.0,162.0,683.0,2797.0,4164.0,5.0,1.0363836531891586,,,5.0
2014,Bihar,Nalanda,138.0,37.0,51.0,67.0,343.0,630.0,1266.0,6.0,1.3308628525631283,,,5.0
2014,Bihar,Naugachia,37.0,16.0,0.0,20.0,87.0,110.0,270.0,5.0,1.3633594613877555,,,2.0
2014,Bihar,Nawadah,84.0,42.0,14.0,68.0,344.0,393.0,945.0,6.0,1.3380294044901475,,,5.0
2014,Bihar,Patna,322.0,86.0,0.0,222.0,638.0,5275.0,6543.0,5.0,0.720597746149162,,,5.0
2014,Bihar,Purnea,78.0,96.0,0.0,46.0,615.0,692.0,1527.0,5.0,1.1563324760833118,,,5.0
2014,Bihar,Rohtas,121.0,22.0,12.0,42.0,305.0,886.0,1388.0,6.0,1.0448259826677526,,,5.0
2014,Bihar,Saharsa,41.0,14.0,0.0,28.0,554.0,441.0,1078.0,5.0,0.983342333876688,,,5.0
2014,Bihar,Samastipur,137.0,38.0,79.0,79.0,395.0,736.0,1464.0,6.0,1.330728469030655,,,5.0
2014,Bihar,Saran,144.0,37.0,0.0,69.0,478.0,841.0,1569.0,5.0,1.1413193468106895,,,5.0
2014,Bihar,Sheikhpura,26.0,24.0,6.0,15.0,148.0,210.0,429.0,6.0,1.2250114417332194,,,2.0
2014,Bihar,Sheohar,13.0,34.0,0.0,14.0,63.0,117.0,241.0,5.0,1.3006507084592562,,,2.0
2014,Bihar,Sitamarhi,95.0,11.0,19.0,83.0,382.0,622.0,1212.0,6.0,1.1972691848424653,,,5.0
2014,Bihar,Siwan,103.0,24.0,0.0,69.0,428.0,670.0,1294.0,5.0,1.1384575233296395,,,5.0
2014,Bihar,Supaul,75.0,32.0,68.0,29.0,584.0,379.0,1167.0,6.0,1.2441610786238981,,,5.0
2014,Bihar,Vaishali,135.0,28.0,0.0,75.0,608.0,1280.0,2126.0,5.0,1.0135406374652822,,,5.0
2014,Bihar,Economic Offences Unit,0.0,0.0,0.0,0.0,0.0,11.0,11.0,1.0,-0.0,,,1.0
2014,Bihar,Anti Terrorist Squad,0.0,0.0,0.0,0.0,0.0,0.0,0.0,0.0,0.0,,,1.0
2014,Chhattisgarh,Balod,17.0,121.0,0.0,4.0,37.0,139.0,318.0,5.0,1.1913083016995374,,,2.0
2014,Chhattisgarh,Balodbazar,34.0,219.0,119.0,20.0,76.0,253.0,721.0,6.0,1.507384515470887,,,4.0
2014,Chhattisgarh,Balrampur,55.0,173.0,0.0,6.0,43.0,71.0,348.0,5.0,1.291699019728421,,,3.0
2014,Chhattisgarh,Bemetra,21.0,97.0,0.0,7.0,29.0,138.0,292.0,5.0,1.2284116968857157,,,2.0
2014,Chhattisgarh,Bilaspur,76.0,372.0,188.0,49.0,118.0,554.0,1357.0,6.0,1.4880762041121227,,,5.0
2014,Chhattisgarh,Bizapur,38.0,10.0,9.0,3.0,4.0,13.0,77.0,6.0,1.4449157835023467,,,1.0
2014,Chhattisgarh,Dantewara,22.0,24.0,8.0,3.0,16.0,32.0,105.0,6.0,1.6113645068517672,,,1.0
2014,Chhattisgarh,Dhamtari,22.0,92.0,17.0,4.0,10.0,111.0,256.0,6.0,1.3127516998255022,,,2.0
2014,Chhattisgarh,Durg,50.0,338.0,126.0,60.0,85.0,945.0,1604.0,6.0,1.2263792483783653,,,4.0
2014,Chhattisgarh,Gariyaband,15.0,89.0,12.0,6.0,14.0,54.0,190.0,6.0,1.3889674002415262,,,2.0
2014,Chhattisgarh,G. R. P. Raipur,2.0,15.0,5.0,9.0,2.0,293.0,326.0,6.0,0.46325895517354765,,,1.0
2014,Chhattisgarh,Jagdalpur,45.0,116.0,0.0,14.0,23.0,114.0,312.0,5.0,1.3465093836237156,,,2.0
2014,Chhattisgarh,Janjgir,51.0,261.0,112.0,22.0,119.0,297.0,862.0,6.0,1.5282902102880889,,,4.0
2014,Chhattisgarh,Jashpur,56.0,182.0,35.0,19.0,14.0,99.0,405.0,6.0,1.4488399010241317,,,3.0
2014,Chhattisgarh,Kabirdham,25.0,125.0,77.0,4.0,19.0,122.0,372.0,6.0,1.4402266075706587,,,2.0
2014,Chhattisgarh,Kanker,47.0,77.0,47.0,6.0,31.0,121.0,329.0,6.0,1.5593352333942694,,,2.0
2014,Chhattisgarh,Kondagaon,34.0,39.0,0.0,4.0,24.0,38.0,139.0,5.0,1.4609350447966012,,,2.0
2014,Chhattisgarh,Korba,40.0,161.0,0.0,26.0,44.0,289.0,560.0,5.0,1.2306627700282826,,,3.0
2014,Chhattisgarh,Koriya,41.0,206.0,73.0,7.0,33.0,114.0,474.0,6.0,1.4524832111505273,,,3.0
2014,Chhattisgarh,Mahasamund,23.0,144.0,72.0,10.0,41.0,270.0,560.0,6.0,1.3591052171776792,,,3.0
2014,Chhattisgarh,Mungali,21.0,48.0,36.0,5.0,38.0,95.0,243.0,6.0,1.5521023082211445,,,2.0
2014,Chhattisgarh,Narayanpur,5.0,13.0,5.0,4.0,2.0,11.0,40.0,6.0,1.6202034396708733,,,1.0
2014,Chhattisgarh,Raigarh,79.0,401.0,0.0,26.0,96.0,382.0,984.0,5.0,1.258695488970941,,,4.0
2014,Chhattisgarh,Raipur,51.0,431.0,226.0,80.0,113.0,1870.0,2771.0,6.0,1.0656063468678358,,,5.0
2014,Chhattisgarh,Rajnandgaon,34.0,195.0,50.0,22.0,46.0,344.0,691.0,6.0,1.332592080819598,,,3.0
2014,Chhattisgarh,Sarguja,63.0,188.0,30.0,16.0,43.0,155.0,495.0,6.0,1.486722578977368,,,3.0
2014,Chhattisgarh,Sukma,20.0,15.0,5.0,12.0,13.0,11.0,76.0,6.0,1.7238562679834164,,,1.0
2014,Chhattisgarh,Surajpur,40.0,136.0,22.0,15.0,38.0,284.0,535.0,6.0,1.297524901433461,,,2.0
2014,Goa,North Goa,23.0,261.0,84.0,21.0,148.0,950.0,1487.0,6.0,1.1082778311578216,,,3.0
2014,Goa,South Goa,17.0,113.0,50.0,24.0,58.0,481.0,743.0,6.0,1.1459157700262765,,,2.0
2014,Goa,C. I. D.,0.0,9.0,0.0,0.0,0.0,80.0,89.0,2.0,0.32754477456431397,,,1.0
2014,Gujarat,Amreli,28.0,28.0,6.0,17.0,31.0,127.0,237.0,6.0,1.3871149953401267,,,1.0
2014,Gujarat,Anand,37.0,35.0,1.0,38.0,51.0,434.0,596.0,6.0,0.9665932609276237,,,2.0
2014,Gujarat,Arvalli,31.0,43.0,8.0,9.0,10.0,100.0,201.0,6.0,1.382217189790036,,,1.0
2014,Gujarat,Banaskantha,52.0,151.0,0.0,97.0,101.0,496.0,897.0,5.0,1.2790896128986544,,,3.0
2014,Gujarat,Bharuch,47.0,115.0,12.0,39.0,62.0,496.0,771.0,6.0,1.1565523066800374,,,3.0
2014,Gujarat,Bhavnagar,45.0,66.0,0.0,52.0,73.0,411.0,647.0,5.0,1.1553029425048762,,,2.0
2014,Gujarat,Botad,15.0,22.0,24.0,6.0,13.0,64.0,144.0,6.0,1.531199447380486,,,1.0
2014,Gujarat,Chhotaudepur,22.0,26.0,1.0,10.0,18.0,123.0,200.0,6.0,1.1999940553214354,,,1.0
2014,Gujarat,C. I. D. Crime,2.0,0.0,0.0,0.0,0.0,6.0,8.0,2.0,0.5623351446188083,,,1.0
2014,Gujarat,Dahod,49.0,55.0,76.0,58.0,57.0,235.0,530.0,6.0,1.5762723530384188,,,3.0
2014,Gujarat,Dang,10.0,10.0,1.0,0.0,4.0,19.0,44.0,5.0,1.340070999633651,,,1.0
2014,Gujarat,Devbhumi Dwarka,9.0,17.0,1.0,7.0,27.0,64.0,125.0,6.0,1.3345766828582635,,,1.0
2014,Gujarat,Gandhinagar,21.0,46.0,4.0,63.0,60.0,469.0,663.0,6.0,1.011241788417435,,,2.0
2014,Gujarat,Gir Somnath,17.0,51.0,22.0,25.0,43.0,111.0,269.0,6.0,1.5737001489922608,,,2.0
2014,Gujarat,Jamnagar,24.0,60.0,0.0,33.0,54.0,336.0,507.0,5.0,1.0859603064468477,,,2.0
2014,Gujarat,Junagadh,13.0,64.0,33.0,30.0,60.0,191.0,391.0,6.0,1.452650198219356,,,2.0
2014,Gujarat,Kachchh East(G),36.0,75.0,0.0,26.0,52.0,395.0,584.0,5.0,1.0537137383241533,,,2.0
2014,Gujarat,Kachchh West(B),16.0,71.0,11.0,17.0,67.0,335.0,517.0,6.0,1.1203807868177142,,,2.0
2014,Gujarat,Kheda,22.0,45.0,68.0,14.0,43.0,228.0,420.0,6.0,1.3669249947141477,,,2.0
2014,Gujarat,Mahisagar,20.0,33.0,8.0,7.0,19.0,46.0,133.0,6.0,1.5999871491318267,,,1.0
2014,Gujarat,Mehsana,26.0,52.0,47.0,82.0,102.0,639.0,948.0,6.0,1.1242814303003017,,,3.0
2014,Gujarat,Morbi,36.0,26.0,8.0,12.0,28.0,219.0,329.0,6.0,1.134416294781808,,,2.0
2014,Gujarat,Narmada,13.0,50.0,0.0,0.0,12.0,46.0,121.0,4.0,1.2017254550648266,,,1.0
2014,Gujarat,Navsari,19.0,45.0,7.0,16.0,25.0,294.0,406.0,6.0,0.9899214096945211,,,1.0
2014,Gujarat,Panchmahal,34.0,74.0,66.0,14.0,35.0,180.0,403.0,6.0,1.5050643395278662,,,2.0
2014,Gujarat,Patan,17.0,76.0,36.0,39.0,35.0,314.0,517.0,6.0,1.2597788001921544,,,2.0
2014,Gujarat,Porbandar,8.0,29.0,17.0,12.0,27.0,82.0,175.0,6.0,1.4927334498821212,,,1.0
2014,Gujarat,Sabarkantha,23.0,76.0,26.0,24.0,30.0,249.0,428.0,6.0,1.2971661969495125,,,2.0
2014,Gujarat,Surendranagar,34.0,65.0,10.0,23.0,75.0,270.0,477.0,6.0,1.3000968143238523,,,2.0
2014,Gujarat,Tapi,13.0,24.0,0.0,5.0,17.0,130.0,189.0,5.0,1.0163029486802637,,,1.0
2014,Gujarat,Valsad,43.0,67.0,55.0,47.0,54.0,690.0,956.0,6.0,1.0358451371155772,,,3.0
2014,Gujarat,W.Rly  Ahmedabad,9.0,8.0,0.0,11.0,1.0,366.0,395.0,5.0,0.350654874888092,,,1.0
2014,Gujarat,W.Rly Vadodara,5.0,2.0,3.0,8.0,0.0,564.0,582.0,5.0,0.17689063507226493,,,1.0
2014,Haryana,Bhiwani,64.0,185.0,0.0,61.0,245.0,926.0,1481.0,5.0,1.1182341555541586,,,4.0
2014,Haryana,Faridabad,67.0,248.0,3.0,47.0,214.0,2333.0,2912.0,6.0,0.7397059723196124,,,5.0
2014,Haryana,Fatehabad,20.0,113.0,0.0,20.0,101.0,376.0,630.0,5.0,1.1287725105407822,,,2.0
2014,Haryana,G. R. P.,26.0,27.0,0.0,32.0,4.0,386.0,475.0,5.0,0.7125778433648078,,,1.0
2014,Haryana,Gurgaon,101.0,362.0,72.0,147.0,180.0,5396.0,6258.0,6.0,0.6008032234350044,,,5.0
2014,Haryana,Hissar,69.0,217.0,1.0,51.0,184.0,1365.0,1887.0,6.0,0.9325293895103088,,,4.0
2014,Haryana,Jhajjar,69.0,121.0,0.0,31.0,37.0,498.0,756.0,5.0,1.0653688771060283,,,3.0
2014,Haryana,Jind,53.0,119.0,0.0,43.0,169.0,617.0,1001.0,5.0,1.1425511403092452,,,3.0
2014,Haryana,Kaithal,52.0,123.0,1.0,13.0,4.0,411.0,604.0,6.0,0.9236161195797262,,,2.0
2014,Haryana,Karnal,56.0,230.0,0.0,30.0,31.0,1160.0,1507.0,5.0,0.7685525157606139,,,3.0
2014,Haryana,Kurukshetra,33.0,116.0,0.0,25.0,2.0,757.0,933.0,5.0,0.657175421070596,,,2.0
2014,Haryana,Mahendergarh,43.0,130.0,0.0,34.0,102.0,507.0,816.0,5.0,1.1357750814999845,,,3.0
2014,Haryana,Mewat,35.0,202.0,4.0,40.0,229.0,503.0,1013.0,6.0,1.271030036321438,,,4.0
2014,Haryana,Palwal,55.0,199.0,0.0,62.0,249.0,934.0,1499.0,5.0,1.1140411020344145,,,4.0
2014,Haryana,Panchkula,16.0,85.0,0.0,80.0,6.0,428.0,615.0,5.0,0.9312089480409873,,,2.0
2014,Haryana,Panipat,54.0,220.0,2.0,60.0,121.0,1321.0,1778.0,6.0,0.8903099677624698,,,4.0
2014,Haryana,Rewari,32.0,161.0,0.0,63.0,74.0,786.0,1116.0,5.0,0.9702337458433877,,,3.0
2014,Haryana,Rohtak,83.0,224.0,2.0,52.0,119.0,1053.0,1533.0,6.0,1.0187484915610843,,,4.0
2014,Haryana,Sirsa,39.0,204.0,63.0,33.0,29.0,621.0,989.0,6.0,1.1376591433672674,,,3.0
2014,Haryana,Sonipat,114.0,194.0,0.0,63.0,26.0,1082.0,1479.0,5.0,0.8981180733908288,,,3.0
2014,Haryana,Yamunanagar,47.0,167.0,1.0,37.0,10.0,851.0,1113.0,6.0,0.7852649900287443,,,2.0
2014,Haryana,Irrigation & Power,0.0,0.0,0.0,0.0,0.0,0.0,0.0,0.0,0.0,,,1.0
2014,Himachal Pradesh,Baddi,13.0,29.0,5.0,3.0,44.0,80.0,174.0,6.0,1.3693689669668476,,,1.0
2014,Himachal Pradesh,Bilaspur,4.0,105.0,3.0,0.0,46.0,61.0,219.0,5.0,1.1681235059347923,,,1.0
2014,Himachal Pradesh,Chamba,9.0,62.0,0.0,1.0,48.0,48.0,168.0,5.0,1.271031538236716,,,2.0
2014,Himachal Pradesh,C. I. D.,0.0,1.0,0.0,0.0,0.0,2.0,3.0,2.0,0.6365141682948128,,,1.0
2014,Himachal Pradesh,G. R. P.,1.0,0.0,0.0,0.0,0.0,1.0,2.0,2.0,0.6931471805599453,,,1.0
2014,Himachal Pradesh,Hamirpur,12.0,45.0,18.0,0.0,28.0,69.0,172.0,5.0,1.4347011129682905,,,1.0
2014,Himachal Pradesh,Kangra,28.0,149.0,0.0,3.0,88.0,186.0,454.0,5.0,1.2542644145137685,,,2.0
2014,Himachal Pradesh,Kinnaur,2.0,15.0,4.0,1.0,7.0,17.0,46.0,6.0,1.4517235113918021,,,1.0
2014,Himachal Pradesh,Kullu,9.0,58.0,0.0,0.0,31.0,80.0,178.0,4.0,1.1801181012995663,,,1.0
2014,Himachal Pradesh,Lahaul & Spiti,2.0,0.0,1.0,0.0,0.0,1.0,4.0,3.0,1.0397207708399179,,,1.0
2014,Himachal Pradesh,Mandi,15.0,182.0,13.0,1.0,80.0,125.0,416.0,6.0,1.2826187707223016,,,2.0
2014,Himachal Pradesh,Shimla,21.0,147.0,13.0,6.0,88.0,181.0,456.0,6.0,1.3493413572244057,,,2.0
2014,Himachal Pradesh,Sirmaur,7.0,120.0,0.0,2.0,45.0,91.0,265.0,5.0,1.1597498196803717,,,2.0
2014,Himachal Pradesh,Solan,5.0,58.0,10.0,1.0,41.0,114.0,229.0,6.0,1.2469891958876356,,,1.0
2014,Himachal Pradesh,Una,11.0,74.0,2.0,2.0,50.0,116.0,255.0,6.0,1.2484483841393046,,,2.0
2014,Jammu & Kashmir,Anantnag,9.0,142.0,35.0,0.0,194.0,115.0,495.0,5.0,1.324615695603854,,,3.0
2014,Jammu & Kashmir,Awantipora,9.0,44.0,0.0,3.0,15.0,37.0,108.0,5.0,1.3136134702834488,,,1.0
2014,Jammu & Kashmir,Bandipora,2.0,57.0,0.0,1.0,70.0,43.0,173.0,5.0,1.1592656491453655,,,1.0
2014,Jammu & Kashmir,Baramulla,6.0,93.0,33.0,11.0,160.0,100.0,403.0,6.0,1.4168305166761654,,,2.0
2014,Jammu & Kashmir,Budgam,14.0,39.0,0.0,2.0,149.0,91.0,295.0,5.0,1.153794963615425,,,2.0
2014,Jammu & Kashmir,Crime Jammu,0.0,0.0,0.0,0.0,0.0,14.0,14.0,1.0,-0.0,,,1.0
2014,Jammu & Kashmir,Crime Srinagar,1.0,1.0,0.0,0.0,0.0,41.0,43.0,3.0,0.22035233116154795,,,1.0
2014,Jammu & Kashmir,Doda,3.0,83.0,16.0,0.0,8.0,64.0,174.0,5.0,1.1520146294592637,,,1.0
2014,Jammu & Kashmir,Ganderbal,2.0,108.0,0.0,1.0,59.0,33.0,203.0,5.0,1.0618960006705218,,,2.0
2014,Jammu & Kashmir,Handwara,3.0,83.0,0.0,2.0,57.0,47.0,192.0,5.0,1.1801164073341153,,,1.0
2014,Jammu & Kashmir,Jammu,21.0,149.0,0.0,7.0,85.0,577.0,839.0,5.0,0.928581759627751,,,3.0
2014,Jammu & Kashmir,Kargil,1.0,2.0,0.0,0.0,11.0,3.0,17.0,4.0,1.006214565944081,,,1.0
2014,Jammu & Kashmir,Kathua,14.0,61.0,33.0,0.0,50.0,95.0,253.0,5.0,1.4570483312925868,,,2.0
2014,Jammu & Kashmir,Kishtwar,0.0,29.0,18.0,0.0,6.0,28.0,81.0,4.0,1.261973181684627,,,1.0
2014,Jammu & Kashmir,Kulgam,4.0,178.0,39.0,12.0,85.0,64.0,382.0,6.0,1.3789433637644841,,,2.0
2014,Jammu & Kashmir,Kupwara,7.0,130.0,0.0,0.0,163.0,45.0,345.0,4.0,1.0667851579769263,,,2.0
2014,Jammu & Kashmir,Leh,1.0,9.0,0.0,0.0,4.0,18.0,32.0,4.0,1.0486455814673359,,,1.0
2014,Jammu & Kashmir,Poonch,9.0,97.0,10.0,0.0,97.0,43.0,256.0,5.0,1.2794492924075083,,,2.0
2014,Jammu & Kashmir,Pulwama,5.0,27.0,20.0,5.0,65.0,28.0,150.0,6.0,1.4797451687251901,,,2.0
2014,Jammu & Kashmir,Rajouri,21.0,169.0,0.0,4.0,40.0,94.0,328.0,5.0,1.1861297085164344,,,2.0
2014,Jammu & Kashmir,Ramban,3.0,33.0,8.0,0.0,4.0,50.0,98.0,5.0,1.1516772088366563,,,1.0
2014,Jammu & Kashmir,Reasi,1.0,35.0,14.0,0.0,30.0,45.0,125.0,5.0,1.3505559912521239,,,1.0
2014,Jammu & Kashmir,Samba,4.0,17.0,6.0,1.0,38.0,46.0,112.0,6.0,1.336301197929875,,,1.0
2014,Jammu & Kashmir,Shopian,5.0,31.0,9.0,6.0,77.0,53.0,181.0,6.0,1.3867574742846078,,,1.0
2014,Jammu & Kashmir,Sopore,10.0,91.0,0.0,3.0,51.0,65.0,220.0,5.0,1.2633176249835654,,,1.0
2014,Jammu & Kashmir,Srinagar,9.0,231.0,37.0,37.0,157.0,466.0,937.0,6.0,1.2917734265239416,,,3.0
2014,Jammu & Kashmir,Udhampur,9.0,53.0,9.0,0.0,8.0,64.0,143.0,5.0,1.237113417121641,,,1.0
2014,Jharkhand,Bokaro,43.0,63.0,0.0,47.0,152.0,959.0,1264.0,5.0,0.8511145731247507,,,3.0
2014,Jharkhand,Chaibasa,122.0,87.0,0.0,27.0,21.0,207.0,464.0,5.0,1.3307898742938278,,,3.0
2014,Jharkhand,Chatra,60.0,37.0,0.0,14.0,91.0,178.0,380.0,5.0,1.3373893417709566,,,3.0
2014,Jharkhand,Deoghar,49.0,52.0,0.0,27.0,95.0,487.0,710.0,5.0,1.0280052573606506,,,3.0
2014,Jharkhand,Dhanbad,88.0,108.0,0.0,82.0,229.0,1314.0,1821.0,5.0,0.9497762665273698,,,4.0
2014,Jharkhand,Dumka,60.0,50.0,9.0,15.0,74.0,280.0,488.0,6.0,1.2765869140461985,,,3.0
2014,Jharkhand,Garhwa,71.0,88.0,0.0,33.0,149.0,312.0,653.0,5.0,1.352257596880043,,,4.0
2014,Jharkhand,Giridih,73.0,136.0,0.0,55.0,205.0,452.0,921.0,5.0,1.3354173436828163,,,5.0
2014,Jharkhand,Godda,50.0,34.0,0.0,9.0,74.0,210.0,377.0,5.0,1.2196037347897621,,,2.0
2014,Jharkhand,Gumla,190.0,82.0,2.0,40.0,20.0,178.0,512.0,6.0,1.3760216134478875,,,4.0
2014,Jharkhand,Hazaribagh,61.0,102.0,12.0,50.0,109.0,596.0,930.0,6.0,1.1708072533813274,,,4.0
2014,Jharkhand,Jamshedpur,103.0,113.0,8.0,54.0,106.0,1440.0,1824.0,6.0,0.8146036128344947,,,4.0
2014,Jharkhand,Jamtara,18.0,57.0,7.0,8.0,122.0,206.0,418.0,6.0,1.2594752710088777,,,3.0
2014,Jharkhand,Khunti,85.0,10.0,2.0,20.0,43.0,44.0,204.0,6.0,1.4446489329077274,,,2.0
2014,Jharkhand,Koderma,25.0,15.0,6.0,22.0,78.0,185.0,331.0,6.0,1.2539756093687013,,,2.0
2014,Jharkhand,Latehar,41.0,25.0,37.0,15.0,46.0,139.0,303.0,6.0,1.5257379306426508,,,2.0
2014,Jharkhand,Lohardagga,40.0,48.0,0.0,16.0,9.0,107.0,220.0,5.0,1.3140732157731676,,,2.0
2014,Jharkhand,Pakur,30.0,72.0,3.0,6.0,63.0,128.0,302.0,6.0,1.3856600066305953,,,2.0
2014,Jharkhand,Palamu,99.0,74.0,5.0,65.0,131.0,323.0,697.0,6.0,1.4425779589583878,,,4.0
2014,Jharkhand,Ramgarh,43.0,78.0,4.0,31.0,124.0,400.0,680.0,6.0,1.2164245522608172,,,3.0
2014,Jharkhand,Ranchi,134.0,76.0,0.0,61.0,93.0,665.0,1029.0,5.0,1.1247783940758853,,,4.0
2014,Jharkhand,Sahebganj,72.0,107.0,0.0,12.0,71.0,205.0,467.0,5.0,1.3677450121713748,,,3.0
2014,Jharkhand,Saraikela,58.0,58.0,0.0,14.0,22.0,273.0,425.0,5.0,1.0936258138717694,,,2.0
2014,Jharkhand,Simdega,78.0,29.0,0.0,18.0,15.0,57.0,197.0,5.0,1.4224106603287021,,,2.0
2014,Karnataka,Bagalkot,41.0,118.0,0.0,18.0,220.0,258.0,655.0,5.0,1.3144282659081483,,,3.0
2014,Karnataka,Bengaluru District,80.0,195.0,14.0,170.0,261.0,1017.0,1737.0,6.0,1.251797198768677,,,5.0
2014,Karnataka,Belagavi District,77.0,317.0,6.0,59.0,468.0,460.0,1387.0,6.0,1.3883104654054295,,,5.0
2014,Karnataka,Ballari,61.0,169.0,8.0,55.0,238.0,615.0,1146.0,6.0,1.279239562987935,,,4.0
2014,Karnataka,Bidar,47.0,115.0,6.0,41.0,241.0,332.0,782.0,6.0,1.3693074077525829,,,4.0
2014,Karnataka,Vijayapura,65.0,198.0,26.0,52.0,313.0,224.0,878.0,6.0,1.5164193245803057,,,4.0
2014,Karnataka,Chikkaballapura,38.0,142.0,0.0,27.0,190.0,338.0,735.0,5.0,1.2990985291246036,,,3.0
2014,Karnataka,Chamarajnagar,32.0,106.0,9.0,8.0,93.0,171.0,419.0,6.0,1.4020836468430382,,,2.0
2014,Karnataka,Chikkamagaluru,41.0,202.0,34.0,44.0,106.0,312.0,739.0,6.0,1.4671806409594188,,,3.0
2014,Karnataka,Chitradurga,54.0,265.0,0.0,28.0,260.0,348.0,955.0,5.0,1.343722905180961,,,4.0
2014,Karnataka,Dakshina Kannada,27.0,120.0,3.0,23.0,160.0,187.0,520.0,6.0,1.3900904843878632,,,3.0
2014,Karnataka,Davanagere,48.0,280.0,30.0,52.0,298.0,568.0,1276.0,6.0,1.374747096319083,,,4.0
2014,Karnataka,Dharwad,25.0,61.0,8.0,13.0,132.0,107.0,346.0,6.0,1.436792490706451,,,3.0
2014,Karnataka,Gadag,13.0,46.0,0.0,16.0,95.0,141.0,311.0,5.0,1.2889353086849964,,,2.0
2014,Karnataka,Kalaburgi,81.0,198.0,29.0,71.0,411.0,423.0,1213.0,6.0,1.4660544259761568,,,3.0
2014,Karnataka,Hassan,65.0,314.0,0.0,44.0,184.0,462.0,1069.0,5.0,1.326838056871043,,,4.0
2014,Karnataka,Haveri,34.0,134.0,0.0,22.0,250.0,296.0,736.0,5.0,1.2901956717862975,,,4.0
2014,Karnataka,K.G.F.,13.0,47.0,6.0,21.0,45.0,134.0,266.0,6.0,1.3857626540147083,317.0,-51.0,2.0
2014,Karnataka,Kodagu,34.0,85.0,0.0,10.0,40.0,213.0,382.0,5.0,1.2070492080064918,,,2.0
2014,Karnataka,Kolar,38.0,115.0,0.0,44.0,229.0,268.0,694.0,5.0,1.3650848390160113,,,4.0
2014,Karnataka,Koppal,26.0,62.0,0.0,17.0,179.0,304.0,588.0,5.0,1.180679415273973,,,3.0
2014,Karnataka,Mandya,46.0,314.0,50.0,78.0,250.0,515.0,1253.0,6.0,1.4565501257865143,,,4.0
2014,Karnataka,Mysuru District,56.0,242.0,0.0,33.0,284.0,591.0,1206.0,5.0,1.2533651037678382,,,4.0
2014,Karnataka,Raichur,55.0,253.0,12.0,13.0,315.0,353.0,1001.0,6.0,1.34787796352318,,,4.0
2014,Karnataka,Ramanagar,76.0,185.0,37.0,94.0,233.0,566.0,1191.0,6.0,1.445847106931893,,,4.0
2014,Karnataka,Shimoga,52.0,473.0,38.0,72.0,376.0,569.0,1580.0,6.0,1.4132443591259747,,,5.0
2014,Karnataka,Tumakuru,58.0,290.0,0.0,57.0,210.0,484.0,1099.0,5.0,1.337691203863011,,,4.0
2014,Karnataka,Udupi,22.0,196.0,11.0,44.0,90.0,273.0,636.0,6.0,1.373809774831525,,,2.0
2014,Karnataka,Uttara Kannada,21.0,190.0,29.0,33.0,116.0,228.0,617.0,6.0,1.4601799816515197,,,3.0
2014,Karnataka,Yadgiri,32.0,193.0,0.0,15.0,126.0,95.0,461.0,5.0,1.3411782309734275,,,3.0
2014,Kerala,Alapuzha,22.0,347.0,0.0,67.0,328.0,672.0,1436.0,5.0,1.242851355112213,,,4.0
2014,Kerala,Ernakulam Commr.,15.0,380.0,0.0,19.0,200.0,1098.0,1712.0,5.0,0.9612695800683047,,,2.0
2014,Kerala,Idukki,20.0,283.0,0.0,26.0,225.0,367.0,921.0,5.0,1.257406815598742,,,4.0
2014,Kerala,Kannur,28.0,308.0,0.0,84.0,831.0,353.0,1604.0,5.0,1.2158358045324846,,,5.0
2014,Kerala,Kasargod,18.0,201.0,2.0,38.0,466.0,396.0,1121.0,6.0,1.233005789930275,,,5.0
2014,Kerala,Kollam Commr.,14.0,652.0,0.0,65.0,314.0,341.0,1386.0,5.0,1.2260585997622016,,,4.0
2014,Kerala,Kottayam,28.0,320.0,0.0,44.0,203.0,487.0,1082.0,5.0,1.2583462833269254,,,4.0
2014,Kerala,Kozhikode Commr.,10.0,149.0,1.0,52.0,229.0,584.0,1025.0,6.0,1.1388644411650417,,,4.0
2014,Kerala,Malappuram,24.0,464.0,0.0,35.0,691.0,702.0,1916.0,5.0,1.2070905878820366,,,5.0
2014,Kerala,Palakkad,29.0,324.0,8.0,57.0,504.0,785.0,1707.0,6.0,1.2407105960495721,,,5.0
2014,Kerala,Pathanamthitta,13.0,244.0,0.0,47.0,234.0,514.0,1052.0,5.0,1.2163778368940705,,,3.0
2014,Kerala,Thrissur Commr.,19.0,179.0,0.0,39.0,194.0,544.0,975.0,5.0,1.1635060072064296,,,3.0
2014,Kerala,Trivandrum Commr.,15.0,367.0,10.0,60.0,238.0,652.0,1342.0,6.0,1.2377102440399612,,,4.0
2014,Kerala,Wayanadu,12.0,248.0,13.0,23.0,160.0,243.0,699.0,6.0,1.3286898572139139,,,3.0
2014,Kerala,Crime Branch,26.0,6.0,0.0,2.0,6.0,98.0,138.0,5.0,0.8915672294316168,,,1.0
2014,Madhya Pradesh,Agar,5.0,132.0,12.0,5.0,32.0,150.0,336.0,6.0,1.1952601013107411,,,2.0
2014,Madhya Pradesh,Alirajpur,49.0,32.0,0.0,14.0,19.0,99.0,213.0,5.0,1.3734482601736864,,,2.0
2014,Madhya Pradesh,Anuppur,35.0,245.0,76.0,24.0,31.0,216.0,627.0,6.0,1.4247293015188558,,,3.0
2014,Madhya Pradesh,Ashok Nagar,30.0,285.0,66.0,16.0,39.0,146.0,582.0,6.0,1.3761621293044892,,,3.0
2014,Madhya Pradesh,Balaghat,62.0,421.0,179.0,17.0,59.0,190.0,928.0,6.0,1.4299641424322576,,,5.0
2014,Madhya Pradesh,Barwani,44.0,189.0,14.0,8.0,35.0,233.0,523.0,6.0,1.2781168244479708,,,3.0
2014,Madhya Pradesh,Betul,68.0,734.0,0.0,19.0,18.0,395.0,1234.0,5.0,0.9592941134302715,,,4.0
2014,Madhya Pradesh,Bhind,63.0,220.0,59.0,98.0,84.0,487.0,1011.0,6.0,1.455401144733232,,,4.0
2014,Madhya Pradesh,Bhopal,85.0,909.0,0.0,122.0,84.0,3228.0,4428.0,5.0,0.8055196387156769,,,5.0
2014,Madhya Pradesh,Burhanpur,21.0,183.0,0.0,8.0,10.0,147.0,369.0,5.0,1.0584229023548217,,,2.0
2014,Madhya Pradesh,Chhatarpur,51.0,542.0,181.0,35.0,44.0,259.0,1112.0,6.0,1.3631553698347574,,,4.0
2014,Madhya Pradesh,Chhindwara,73.0,687.0,230.0,14.0,64.0,358.0,1426.0,6.0,1.3299346542042518,,,5.0
2014,Madhya Pradesh,Damoh,33.0,183.0,109.0,11.0,17.0,131.0,484.0,6.0,1.4439238347115921,,,3.0
2014,Madhya Pradesh,Datia,42.0,122.0,66.0,51.0,30.0,177.0,488.0,6.0,1.6035788571165164,,,3.0
2014,Madhya Pradesh,Dewas,65.0,435.0,13.0,14.0,61.0,563.0,1151.0,6.0,1.1397838225484462,,,4.0
2014,Madhya Pradesh,Dhar,52.0,626.0,0.0,81.0,99.0,919.0,1777.0,5.0,1.11353990423143,,,4.0
2014,Madhya Pradesh,Dindori,35.0,253.0,45.0,5.0,22.0,97.0,457.0,6.0,1.2768023771289134,,,3.0
2014,Madhya Pradesh,Guna,46.0,293.0,172.0,38.0,75.0,454.0,1078.0,6.0,1.4490657763409174,,,5.0
2014,Madhya Pradesh,Gwalior,103.0,606.0,83.0,106.0,126.0,2020.0,3044.0,6.0,1.0549852654195049,,,5.0
2014,Madhya Pradesh,Harda,13.0,175.0,79.0,8.0,13.0,87.0,375.0,6.0,1.3379069653520186,,,2.0
2014,Madhya Pradesh,Hoshangabad,59.0,321.0,80.0,45.0,57.0,455.0,1017.0,6.0,1.3884683445067711,,,4.0
2014,Madhya Pradesh,Indore,118.0,839.0,420.0,320.0,138.0,6748.0,8583.0,6.0,0.8120393041215328,,,5.0
2014,Madhya Pradesh,Jabalpur,94.0,568.0,172.0,139.0,76.0,1153.0,2202.0,6.0,1.3126605535151137,,,5.0
2014,Madhya Pradesh,Jhabua,33.0,150.0,0.0,47.0,48.0,229.0,507.0,5.0,1.3407852279290438,,,2.0
2014,Madhya Pradesh,Katni,41.0,327.0,118.0,16.0,21.0,205.0,728.0,6.0,1.3594938328441737,,,4.0
2014,Madhya Pradesh,Khandwa,31.0,624.0,0.0,20.0,65.0,421.0,1161.0,5.0,1.02963846817839,,,3.0
2014,Madhya Pradesh,Khargone,46.0,365.0,0.0,18.0,35.0,458.0,922.0,5.0,1.0649942491372175,,,4.0
2014,Madhya Pradesh,Mandla,39.0,163.0,0.0,5.0,10.0,80.0,297.0,5.0,1.132131606154282,,,2.0
2014,Madhya Pradesh,Mandsaur,30.0,273.0,0.0,13.0,50.0,430.0,796.0,5.0,1.0642790185209692,,,3.0
2014,Madhya Pradesh,Morena,46.0,177.0,0.0,75.0,108.0,529.0,935.0,5.0,1.2371982208376222,,,3.0
2014,Madhya Pradesh,Narsinghpur,44.0,278.0,0.0,7.0,41.0,178.0,548.0,5.0,1.1617163248519287,,,3.0
2014,Madhya Pradesh,Neemuch,8.0,175.0,27.0,9.0,22.0,311.0,552.0,6.0,1.0919643071288685,,,2.0
2014,Madhya Pradesh,Panna,33.0,125.0,145.0,14.0,12.0,93.0,422.0,6.0,1.4742759429045258,,,3.0
2014,Madhya Pradesh,Raisen,48.0,473.0,28.0,24.0,60.0,365.0,998.0,6.0,1.226627030535457,,,4.0
2014,Madhya Pradesh,Rajgarh,29.0,329.0,0.0,26.0,113.0,397.0,894.0,5.0,1.2038907684539586,,,3.0
2014,Madhya Pradesh,Ratlam,38.0,220.0,39.0,36.0,52.0,394.0,779.0,6.0,1.3218636108512123,,,3.0
2014,Madhya Pradesh,Rewa,77.0,298.0,228.0,101.0,73.0,597.0,1374.0,6.0,1.50102520788918,,,5.0
2014,Madhya Pradesh,Sagar,77.0,675.0,44.0,23.0,111.0,479.0,1409.0,6.0,1.253809938310346,,,4.0
2014,Madhya Pradesh,Satna,69.0,695.0,0.0,71.0,93.0,550.0,1478.0,5.0,1.1855836951194383,,,5.0
2014,Madhya Pradesh,Seoni,33.0,302.0,0.0,5.0,30.0,224.0,594.0,5.0,1.0632673068993983,,,3.0
2014,Madhya Pradesh,Shahdol,38.0,551.0,122.0,33.0,42.0,378.0,1164.0,6.0,1.2882760468387926,,,4.0
2014,Madhya Pradesh,Shajapur,20.0,329.0,16.0,15.0,46.0,347.0,773.0,6.0,1.1423449982312572,,,3.0
2014,Madhya Pradesh,Sheopur,19.0,96.0,13.0,9.0,31.0,106.0,274.0,6.0,1.4232767299536935,,,2.0
2014,Madhya Pradesh,Shivpuri,61.0,447.0,0.0,55.0,106.0,455.0,1124.0,5.0,1.261241386064682,,,4.0
2014,Madhya Pradesh,Sidhi,35.0,170.0,28.0,21.0,20.0,135.0,409.0,6.0,1.4247509641405052,,,2.0
2014,Madhya Pradesh,Sehore,40.0,307.0,71.0,21.0,56.0,515.0,1010.0,6.0,1.2608260774997164,,,4.0
2014,Madhya Pradesh,Singrauli,47.0,237.0,0.0,15.0,59.0,247.0,605.0,5.0,1.2500192479755028,,,3.0
2014,Madhya Pradesh,Tikamgarh,39.0,250.0,79.0,26.0,47.0,148.0,589.0,6.0,1.4995036407050115,,,4.0
2014,Madhya Pradesh,Ujjain,69.0,408.0,68.0,57.0,73.0,1178.0,1853.0,6.0,1.0994949745650842,,,4.0
2014,Madhya Pradesh,Umaria,17.0,259.0,49.0,13.0,16.0,98.0,452.0,6.0,1.2351094728651755,,,2.0
2014,Madhya Pradesh,Vidisha,54.0,546.0,93.0,36.0,50.0,494.0,1273.0,6.0,1.2835956757914184,,,4.0
2014,Madhya Pradesh,Cyber Cell,0.0,0.0,0.0,0.0,0.0,0.0,0.0,0.0,0.0,,,1.0
2014,Maharashtra,Ahmednagar,115.0,442.0,30.0,318.0,568.0,1719.0,3192.0,6.0,1.3076239921220776,,,5.0
2014,Maharashtra,Akola,55.0,406.0,17.0,122.0,167.0,866.0,1633.0,6.0,1.2711274305202696,,,4.0
2014,Maharashtra,Amravati Commr.,29.0,199.0,20.0,58.0,90.0,926.0,1322.0,6.0,1.0017179713309663,,,2.0
2014,Maharashtra,Aurangabad Commr.,35.0,431.0,32.0,229.0,205.0,1633.0,2565.0,6.0,1.1180993341216339,,,4.0
2014,Maharashtra,Beed,77.0,531.0,19.0,115.0,337.0,829.0,1908.0,6.0,1.369107685203177,,,5.0
2014,Maharashtra,Bhandara,23.0,157.0,15.0,26.0,45.0,542.0,808.0,6.0,1.0329132884331014,,,2.0
2014,Maharashtra,Buldhana,64.0,418.0,9.0,56.0,266.0,783.0,1596.0,6.0,1.2746057835835056,,,4.0
2014,Maharashtra,Chandrapur,54.0,323.0,0.0,50.0,102.0,912.0,1441.0,5.0,1.0518581150213249,,,4.0
2014,Maharashtra,Dhule,39.0,133.0,0.0,88.0,179.0,498.0,937.0,5.0,1.283748516464245,,,4.0
2014,Maharashtra,Gadchiroli,56.0,64.0,0.0,12.0,29.0,141.0,302.0,5.0,1.3500501451014497,,,2.0
2014,Maharashtra,Gondia,36.0,284.0,0.0,21.0,43.0,365.0,749.0,5.0,1.1281589092223905,,,2.0
2014,Maharashtra,Hingoli,28.0,163.0,12.0,21.0,87.0,179.0,490.0,6.0,1.4302973797281422,,,2.0
2014,Maharashtra,Jalgaon,82.0,643.0,0.0,172.0,368.0,1292.0,2557.0,5.0,1.2629197666916132,,,5.0
2014,Maharashtra,Jalna,68.0,373.0,7.0,87.0,194.0,711.0,1440.0,6.0,1.3080239256993211,,,4.0
2014,Maharashtra,Kolhapur,67.0,341.0,7.0,254.0,312.0,1276.0,2257.0,6.0,1.2496592771906108,,,5.0
2014,Maharashtra,Latur,75.0,231.0,0.0,110.0,338.0,690.0,1444.0,5.0,1.335719649858461,,,5.0
2014,Maharashtra,Mumbai Commr.,187.0,3026.0,451.0,2128.0,469.0,13406.0,19667.0,6.0,1.0097671273416182,,,5.0
2014,Maharashtra,Nagpur Commr.,108.0,646.0,97.0,521.0,216.0,3411.0,4999.0,6.0,1.055995261125295,,,5.0
2014,Maharashtra,Nanded,77.0,337.0,0.0,70.0,260.0,551.0,1295.0,5.0,1.3618036298384817,,,4.0
2014,Maharashtra,Nandurbar,41.0,73.0,4.0,19.0,99.0,210.0,446.0,6.0,1.3811284618825217,,,2.0
2014,Maharashtra,Nasik Commr.,26.0,183.0,50.0,137.0,72.0,1221.0,1689.0,6.0,0.9820568205812013,,,3.0
2014,Maharashtra,Navi Mumbai,53.0,303.0,134.0,428.0,99.0,2137.0,3154.0,6.0,1.0713488254905248,,,5.0
2014,Maharashtra,Osmanabad,41.0,226.0,14.0,59.0,181.0,517.0,1038.0,6.0,1.3323487466204036,,,4.0
2014,Maharashtra,Palghar,93.0,321.0,52.0,232.0,234.0,1378.0,2310.0,6.0,1.2599220570903267,,,5.0
2014,Maharashtra,Parbhani,47.0,254.0,15.0,74.0,207.0,643.0,1240.0,6.0,1.3098301594801764,,,4.0
2014,Maharashtra,Pune Commr.,147.0,793.0,106.0,965.0,307.0,5721.0,8039.0,6.0,0.9799806879338283,,,5.0
2014,Maharashtra,Raigad,31.0,198.0,41.0,78.0,226.0,593.0,1167.0,6.0,1.3577602637566417,,,4.0
2014,Maharashtra,Ratnagiri,14.0,128.0,18.0,40.0,86.0,342.0,628.0,6.0,1.289406908894591,,,2.0
2014,Maharashtra,Sangli,51.0,271.0,19.0,74.0,253.0,830.0,1498.0,6.0,1.2558959521059316,,,4.0
2014,Maharashtra,Satara,76.0,464.0,40.0,280.0,370.0,1443.0,2673.0,6.0,1.310931071341483,,,5.0
2014,Maharashtra,Sindhudurg,8.0,94.0,1.0,21.0,48.0,152.0,324.0,6.0,1.2835592542144785,,,1.0
2014,Maharashtra,Solapur Commr.,21.0,116.0,18.0,133.0,123.0,693.0,1104.0,6.0,1.1709823425928696,,,4.0
2014,Maharashtra,Thane Commr.,119.0,1148.0,317.0,1350.0,388.0,4264.0,7586.0,6.0,1.2666890324478024,,,5.0
2014,Maharashtra,Wardha,43.0,292.0,0.0,64.0,74.0,925.0,1398.0,5.0,1.0041911583672303,,,3.0
2014,Maharashtra,Washim,36.0,389.0,16.0,57.0,150.0,527.0,1175.0,6.0,1.3004580040504825,,,3.0
2014,Maharashtra,Yavatmal,80.0,646.0,42.0,165.0,320.0,2034.0,3287.0,6.0,1.139851828652149,,,5.0
2014,Manipur,Bishnupur,13.0,15.0,0.0,0.0,8.0,54.0,90.0,4.0,1.0997456090920137,,,1.0
2014,Manipur,Chandel,4.0,1.0,0.0,0.0,6.0,12.0,23.0,4.0,1.1305109960463715,,,1.0
2014,Manipur,Churachandpur,13.0,10.0,0.0,0.0,3.0,35.0,61.0,4.0,1.0927884281884876,,,1.0
2014,Manipur,C. I. D.,0.0,0.0,0.0,0.0,0.0,0.0,0.0,0.0,0.0,,,1.0
2014,Manipur,Imphal East,13.0,27.0,0.0,0.0,21.0,271.0,332.0,4.0,0.6712762078330315,,,1.0
2014,Manipur,Imphal West,21.0,69.0,7.0,4.0,50.0,545.0,696.0,6.0,0.7913492625468552,,,2.0
2014,Manipur,Senapati,7.0,3.0,0.0,3.0,5.0,15.0,33.0,5.0,1.409204914372556,,,1.0
2014,Manipur,Tamenglong,4.0,0.0,0.0,0.0,10.0,14.0,28.0,3.0,0.992281974852574,,,1.0
2014,Manipur,Thoubal,16.0,54.0,0.0,0.0,35.0,206.0,311.0,4.0,0.9753355777963064,,,1.0
2014,Manipur,Ukhrul,10.0,1.0,0.0,0.0,6.0,7.0,24.0,4.0,1.2031463808189464,,,1.0
2014,Meghalaya,Garo Hills East,8.0,6.0,0.0,9.0,0.0,62.0,85.0,4.0,0.8774342892240968,,,1.0
2014,Meghalaya,Garo Hills North,16.0,11.0,0.0,7.0,0.0,30.0,64.0,4.0,1.2464524575804463,,,1.0
2014,Meghalaya,Garo Hills South,21.0,6.0,0.0,6.0,4.0,30.0,67.0,5.0,1.323839131073462,,,1.0
2014,Meghalaya,Garo Hills South West,5.0,12.0,4.0,7.0,0.0,8.0,36.0,5.0,1.5371814334302225,,,1.0
2014,Meghalaya,Garo Hills West,29.0,22.0,0.0,22.0,6.0,91.0,170.0,5.0,1.2834677374868777,,,1.0
2014,Meghalaya,Jaintia Hills West,20.0,15.0,0.0,3.0,4.0,68.0,110.0,5.0,1.0977263953372152,,,1.0
2014,Meghalaya,Jaintia Hills East,19.0,18.0,0.0,7.0,9.0,88.0,141.0,5.0,1.1517878041385323,,,1.0
2014,Meghalaya,Khasi Hills East,27.0,64.0,21.0,60.0,12.0,545.0,729.0,6.0,0.9284379356690453,,,2.0
2014,Meghalaya,Khasi Hills South West,4.0,12.0,0.0,4.0,0.0,17.0,37.0,4.0,1.2035162495260945,,,1.0
2014,Meghalaya,Khasi Hills West,11.0,23.0,0.0,7.0,0.0,59.0,100.0,4.0,1.0782772339783198,,,1.0
2014,Meghalaya,Ri-Bhoi,11.0,39.0,3.0,21.0,11.0,102.0,187.0,6.0,1.302709498064147,,,2.0
2014,Mizoram,Aizawl,13.0,126.0,2.0,6.0,14.0,511.0,672.0,6.0,0.7385553995885052,,,2.0
2014,Mizoram,Champhai,10.0,22.0,0.0,0.0,1.0,90.0,123.0,4.0,0.7795692721728463,,,1.0
2014,Mizoram,Kolasib,1.0,30.0,2.0,5.0,1.0,143.0,182.0,6.0,0.6921595030090932,,,1.0
2014,Mizoram,Lawngtlai,6.0,14.0,0.0,0.0,0.0,30.0,50.0,3.0,0.9173573878312138,,,1.0
2014,Mizoram,Lunglei,10.0,40.0,0.0,1.0,0.0,58.0,109.0,4.0,0.9657816096952884,,,1.0
2014,Mizoram,Mamit,1.0,22.0,0.0,1.0,2.0,35.0,61.0,5.0,0.9333917250399946,,,1.0
2014,Mizoram,Saiha,4.0,6.0,0.0,0.0,1.0,30.0,41.0,4.0,0.8274341225649772,,,1.0
2014,Mizoram,Serchhip,3.0,18.0,0.0,1.0,3.0,41.0,66.0,5.0,0.9945817100716339,,,1.0
2014,Mizoram,Spl Traffic,0.0,0.0,0.0,0.0,0.0,0.0,0.0,0.0,0.0,,,1.0
2014,Nagaland,Dimapur,22.0,24.0,8.0,34.0,9.0,251.0,348.0,6.0,1.0031457987666423,,,2.0
2014,Nagaland,Kiphire,1.0,1.0,0.0,0.0,0.0,5.0,7.0,3.0,0.796311640173813,,,1.0
2014,Nagaland,Kohima,3.0,9.0,0.0,6.0,0.0,86.0,104.0,4.0,0.6357824149567545,,,1.0
2014,Nagaland,Longleng,1.0,1.0,0.0,0.0,0.0,2.0,4.0,3.0,1.0397207708399179,,,1.0
2014,Nagaland,Mokokchung,5.0,3.0,0.0,2.0,0.0,18.0,28.0,4.0,1.0194897804814294,,,1.0
2014,Nagaland,Mon,7.0,1.0,0.0,0.0,1.0,11.0,20.0,4.0,0.9958213213455276,,,1.0
2014,Nagaland,Peren,1.0,2.0,0.0,0.0,0.0,7.0,10.0,3.0,0.8018185525433373,,,1.0
2014,Nagaland,Phek,10.0,7.0,0.0,3.0,0.0,30.0,50.0,4.0,1.0724433996442133,,,1.0
2014,Nagaland,Tuensang,0.0,1.0,2.0,0.0,2.0,21.0,26.0,4.0,0.6924211566971873,,,1.0
2014,Nagaland,Wokha,10.0,0.0,0.0,0.0,6.0,29.0,45.0,3.0,0.8860405605499524,,,1.0
2014,Nagaland,Zunheboto,1.0,3.0,1.0,1.0,0.0,27.0,33.0,5.0,0.7000399175840192,,,1.0
2014,Odisha,Angul,58.0,244.0,0.0,146.0,89.0,636.0,1173.0,5.0,1.262190921506733,,,4.0
2014,Odisha,Balasore,71.0,737.0,97.0,105.0,106.0,517.0,1633.0,6.0,1.3811912028347766,,,5.0
2014,Odisha,Baragarh,27.0,223.0,23.0,85.0,108.0,244.0,710.0,6.0,1.5068032183639135,,,4.0
2014,Odisha,Berhampur,31.0,208.0,23.0,101.0,40.0,363.0,766.0,6.0,1.3642520521336077,,,3.0
2014,Odisha,Bhadrak,39.0,270.0,0.0,28.0,74.0,322.0,733.0,5.0,1.2415372789999788,,,3.0
2014,Odisha,Bolangir,26.0,295.0,24.0,72.0,84.0,255.0,756.0,6.0,1.4272843553798649,,,3.0
2014,Odisha,Boudh,22.0,128.0,0.0,32.0,18.0,53.0,253.0,5.0,1.3341068021442055,,,2.0
2014,Odisha,Cuttack,40.0,97.0,29.0,73.0,55.0,222.0,516.0,6.0,1.5523955923880397,,,3.0
2014,Odisha,DCP BBSR,42.0,146.0,7.0,153.0,107.0,1865.0,2320.0,6.0,0.7608719438127325,2757.0,-437.0,4.0
2014,Odisha,DCP CTC,57.0,163.0,83.0,53.0,32.0,789.0,1177.0,6.0,1.1131517853397688,1390.0,-213.0,4.0
2014,Odisha,Deogarh,12.0,120.0,14.0,23.0,18.0,84.0,271.0,6.0,1.4043462701149227,,,2.0
2014,Odisha,Dhenkanal,52.0,480.0,23.0,83.0,85.0,306.0,1029.0,6.0,1.3612168479314675,,,4.0
2014,Odisha,Gajapati,17.0,116.0,7.0,1.0,35.0,54.0,230.0,6.0,1.294406349239363,,,2.0
2014,Odisha,Ganjam,75.0,550.0,17.0,98.0,95.0,224.0,1059.0,6.0,1.359239815274627,,,4.0
2014,Odisha,Jagatsinghpur,43.0,270.0,35.0,74.0,88.0,422.0,932.0,6.0,1.4068162748241086,,,3.0
2014,Odisha,Jajpur,76.0,337.0,0.0,86.0,110.0,458.0,1067.0,5.0,1.3524221131295218,,,4.0
2014,Odisha,Jharsuguda,33.0,160.0,22.0,72.0,37.0,256.0,580.0,6.0,1.4380197534310695,,,3.0
2014,Odisha,Kalahandi,38.0,334.0,0.0,48.0,83.0,184.0,687.0,5.0,1.3048539951414608,,,4.0
2014,Odisha,Kandhamal,28.0,198.0,15.0,19.0,26.0,140.0,426.0,6.0,1.327950752051107,,,2.0
2014,Odisha,Kendrapara,34.0,266.0,7.0,43.0,83.0,169.0,602.0,6.0,1.3933207256074773,,,3.0
2014,Odisha,Keonjhar,75.0,423.0,0.0,65.0,69.0,330.0,962.0,5.0,1.2982876964201766,,,4.0
2014,Odisha,Khurda,40.0,161.0,57.0,80.0,65.0,295.0,698.0,6.0,1.5400955545804251,,,3.0
2014,Odisha,Koraput,71.0,256.0,38.0,52.0,67.0,134.0,618.0,6.0,1.5657545040836536,,,4.0
2014,Odisha,Malkangiri,33.0,51.0,14.0,30.0,25.0,74.0,227.0,6.0,1.6634377118398769,,,2.0
2014,Odisha,Mayurbhanj,111.0,514.0,75.0,52.0,78.0,350.0,1180.0,6.0,1.4371368486274387,,,5.0
2014,Odisha,Nayagarh,33.0,73.0,28.0,71.0,59.0,173.0,437.0,6.0,1.6025088442360507,,,3.0
2014,Odisha,Nabarangpur,23.0,303.0,15.0,15.0,101.0,94.0,551.0,6.0,1.2703268331036892,,,3.0
2014,Odisha,Nuapada,14.0,173.0,0.0,24.0,37.0,111.0,359.0,5.0,1.256299114102247,,,2.0
2014,Odisha,Puri,54.0,262.0,146.0,119.0,162.0,591.0,1334.0,6.0,1.5239150873869503,,,5.0
2014,Odisha,Rayagada,32.0,169.0,44.0,30.0,61.0,164.0,500.0,6.0,1.547531904558993,,,3.0
2014,Odisha,Rourkela,55.0,274.0,45.0,130.0,60.0,576.0,1140.0,6.0,1.3639954683787456,,,4.0
2014,Odisha,Sambalpur,49.0,229.0,63.0,141.0,101.0,631.0,1214.0,6.0,1.3947638322522256,,,4.0
2014,Odisha,Sonepur,16.0,68.0,27.0,23.0,24.0,95.0,253.0,6.0,1.5757471864085433,,,2.0
2014,Odisha,SRP (Cuttack),0.0,12.0,2.0,20.0,3.0,442.0,479.0,5.0,0.35379950268439625,,,1.0
2014,Odisha,SRP (Rourkela),4.0,12.0,0.0,22.0,0.0,323.0,361.0,4.0,0.43306440814801506,,,1.0
2014,Odisha,Sundargarh,51.0,163.0,42.0,43.0,36.0,216.0,551.0,6.0,1.5211995336767492,,,3.0
2014,Punjab,Barnala,19.0,53.0,3.0,1.0,2.0,160.0,238.0,6.0,0.9215154060792001,,,1.0
2014,Punjab,Batala,23.0,102.0,13.0,3.0,0.0,194.0,335.0,5.0,1.0306432025932573,,,1.0
2014,Punjab,Bathinda,60.0,164.0,8.0,3.0,8.0,432.0,675.0,6.0,0.9737267300564825,,,2.0
2014,Punjab,CP Amritsar,31.0,124.0,3.0,14.0,2.0,657.0,831.0,6.0,0.6959079519430642,,,2.0
2014,Punjab,CP Jalandhar,25.0,152.0,18.0,11.0,4.0,725.0,935.0,6.0,0.7410546558690391,,,2.0
2014,Punjab,CP Ludhiana,81.0,222.0,0.0,25.0,5.0,982.0,1315.0,5.0,0.7865786288004013,,,3.0
2014,Punjab,Faridkot,23.0,48.0,0.0,12.0,3.0,115.0,201.0,5.0,1.1405391025109002,,,1.0
2014,Punjab,Fatehgarh Sahib,20.0,48.0,0.0,3.0,0.0,217.0,288.0,4.0,0.7446762559035062,,,1.0
2014,Punjab,Fazilka,27.0,70.0,5.0,0.0,1.0,172.0,275.0,5.0,0.9629583634860024,,,2.0
2014,Punjab,Ferozepur,31.0,95.0,0.0,0.0,0.0,302.0,428.0,3.0,0.7702893935063259,,,2.0
2014,Punjab,G. R. P.,12.0,7.0,4.0,0.0,0.0,97.0,120.0,4.0,0.6813884661141218,,,1.0
2014,Punjab,Gurdaspur,16.0,69.0,0.0,3.0,6.0,148.0,242.0,5.0,0.9841915337124341,,,1.0
2014,Punjab,Hoshiarpur,37.0,125.0,52.0,11.0,0.0,385.0,610.0,5.0,1.0675845555305747,,,2.0
2014,Punjab,Kapurthala,27.0,69.0,5.0,12.0,2.0,238.0,353.0,6.0,0.9860325661290894,,,2.0
2014,Punjab,Khanna,25.0,90.0,0.0,10.0,4.0,351.0,480.0,5.0,0.817199106480337,,,1.0
2014,Punjab,Mansa,32.0,52.0,0.0,1.0,1.0,173.0,259.0,5.0,0.8931691114912705,,,1.0
2014,Punjab,Moga,25.0,82.0,9.0,5.0,5.0,252.0,378.0,6.0,0.9848719620994306,,,1.0
2014,Punjab,Muktsar,31.0,60.0,4.0,0.0,2.0,166.0,263.0,5.0,0.9803832270631212,,,1.0
2014,Punjab,Pathankot,10.0,24.0,0.0,1.0,1.0,187.0,223.0,5.0,0.5752594207421867,,,1.0
2014,Punjab,Patiala,52.0,129.0,1.0,6.0,2.0,669.0,859.0,6.0,0.7058424249747525,,,2.0
2014,Punjab,Ropar,23.0,73.0,14.0,4.0,3.0,240.0,357.0,6.0,0.9856879815068704,,,1.0
2014,Punjab,Sangrur,46.0,128.0,0.0,4.0,3.0,355.0,536.0,5.0,0.8911860125736641,,,2.0
2014,Punjab,SAS Nagar,29.0,173.0,0.0,13.0,0.0,737.0,952.0,4.0,0.6730370483331042,,,2.0
2014,Punjab,SBS Nagar,18.0,48.0,0.0,8.0,1.0,166.0,241.0,5.0,0.9077436332154076,,,1.0
2014,Punjab,Tarn Taran,38.0,91.0,1.0,3.0,0.0,241.0,374.0,5.0,0.9139659926019965,,,2.0
2014,Rajasthan,Ajmer,53.0,372.0,38.0,51.0,87.0,2662.0,3263.0,6.0,0.6940526747460247,,,4.0
2014,Rajasthan,Alwar,108.0,555.0,247.0,70.0,396.0,4658.0,6034.0,6.0,0.8525619120001613,,,5.0
2014,Rajasthan,Banswara,25.0,249.0,0.0,27.0,150.0,293.0,744.0,5.0,1.2905475794836656,,,4.0
2014,Rajasthan,Baran,37.0,279.0,0.0,24.0,95.0,806.0,1241.0,5.0,0.9935977304207702,,,2.0
2014,Rajasthan,Barmer,38.0,422.0,0.0,22.0,186.0,518.0,1186.0,5.0,1.2042273237669878,,,3.0
2014,Rajasthan,Bharatpur,102.0,370.0,72.0,29.0,25.0,1679.0,2277.0,6.0,0.8733619955609662,,,5.0
2014,Rajasthan,Bhilwara,37.0,227.0,0.0,22.0,319.0,1560.0,2165.0,5.0,0.8709494839107923,,,2.0
2014,Rajasthan,Bikaner,55.0,164.0,0.0,6.0,15.0,1222.0,1462.0,5.0,0.58822612051848,,,3.0
2014,Rajasthan,Bundi,30.0,259.0,0.0,15.0,148.0,626.0,1078.0,5.0,1.0900094200474872,,,2.0
2014,Rajasthan,Chittorgarh,35.0,277.0,90.0,44.0,142.0,691.0,1279.0,6.0,1.3091431792246686,,,4.0
2014,Rajasthan,Churu,36.0,117.0,58.0,12.0,184.0,289.0,696.0,6.0,1.4467130240852069,,,3.0
2014,Rajasthan,Dausa,42.0,187.0,0.0,13.0,1060.0,1600.0,2902.0,5.0,0.9583574773918296,,,2.0
2014,Rajasthan,Dholpur,46.0,131.0,32.0,11.0,9.0,695.0,924.0,6.0,0.854856547473092,,,3.0
2014,Rajasthan,Dungarpur,31.0,264.0,0.0,23.0,13.0,264.0,595.0,5.0,1.0843337779596383,,,3.0
2014,Rajasthan,G.R.P.Ajmer,5.0,10.0,10.0,10.0,2.0,1128.0,1165.0,6.0,0.18809675048517385,,,1.0
2014,Rajasthan,G.R.P.Jodhpur,6.0,10.0,1.0,0.0,0.0,144.0,161.0,4.0,0.42656260793941403,,,1.0
2014,Rajasthan,Ganganagar,44.0,361.0,31.0,13.0,1.0,1000.0,1450.0,6.0,0.8379791727809993,,,4.0
2014,Rajasthan,Hanumangarh,69.0,259.0,72.0,13.0,8.0,914.0,1335.0,6.0,0.9639009576088226,,,4.0
2014,Rajasthan,Jaipur East,38.0,304.0,66.0,120.0,222.0,4355.0,5105.0,6.0,0.6207361196245277,,,4.0
2014,Rajasthan,Jaipur North,16.0,117.0,104.0,37.0,53.0,1781.0,2108.0,6.0,0.6519566306466121,,,3.0
2014,Rajasthan,Jaipur South,23.0,166.0,18.0,117.0,132.0,2905.0,3361.0,6.0,0.5807330958285601,,,3.0
2014,Rajasthan,Jaipur West,37.0,218.0,50.0,85.0,41.0,2990.0,3421.0,6.0,0.5486900672476522,,,4.0
2014,Rajasthan,Jaisalmer,12.0,104.0,0.0,15.0,28.0,188.0,347.0,5.0,1.1484339971755968,,,1.0
2014,Rajasthan,Jalore,45.0,147.0,21.0,12.0,22.0,529.0,776.0,6.0,1.0046640308627164,,,2.0
2014,Rajasthan,Jhalawar,51.0,464.0,10.0,25.0,370.0,715.0,1635.0,6.0,1.2586608257375043,,,4.0
2014,Rajasthan,Jhunjhunu,38.0,132.0,0.0,17.0,25.0,1161.0,1373.0,5.0,0.5935701675502607,,,3.0
2014,Rajasthan,Jodhpur East,23.0,135.0,0.0,47.0,9.0,770.0,984.0,5.0,0.7404255749336469,,,2.0
2014,Rajasthan,Jodhpur West,29.0,163.0,0.0,20.0,18.0,410.0,640.0,5.0,0.9825640601183336,,,2.0
2014,Rajasthan,Karauli,35.0,153.0,0.0,17.0,341.0,946.0,1492.0,5.0,0.9987895327403256,,,2.0
2014,Rajasthan,Nagaur,70.0,198.0,0.0,16.0,22.0,641.0,947.0,5.0,0.9402708202855058,,,3.0
2014,Rajasthan,Pali,57.0,738.0,0.0,47.0,18.0,1065.0,1925.0,5.0,0.93360299894678,,,3.0
2014,Rajasthan,Praapgarh,40.0,572.0,0.0,12.0,122.0,348.0,1094.0,5.0,1.118493065751367,,,4.0
2014,Rajasthan,Rajsamand,20.0,135.0,10.0,25.0,122.0,524.0,836.0,6.0,1.1153072050062365,,,2.0
2014,Rajasthan,Sawai Madhopur,23.0,166.0,19.0,20.0,8.0,965.0,1201.0,6.0,0.6922383183044973,,,2.0
2014,Rajasthan,Sikar,65.0,139.0,149.0,17.0,56.0,2126.0,2552.0,6.0,0.687185081537641,,,4.0
2014,Rajasthan,Sirohi,41.0,131.0,20.0,13.0,29.0,413.0,647.0,6.0,1.1099015863790742,,,2.0
2014,Rajasthan,Tonk,32.0,181.0,0.0,7.0,235.0,755.0,1210.0,5.0,1.0226505318974117,,,2.0
2014,Rajasthan,Udaipur,92.0,730.0,82.0,131.0,378.0,1944.0,3357.0,6.0,1.2098769631845803,,,5.0
2014,Sikkim,East,8.0,36.0,11.0,13.0,46.0,99.0,213.0,6.0,1.4345420569419909,,,2.0
2014,Sikkim,North,0.0,4.0,0.0,0.0,3.0,14.0,21.0,3.0,0.8641502031949702,,,1.0
2014,Sikkim,South,3.0,34.0,2.0,1.0,57.0,46.0,143.0,6.0,1.2485102556505265,,,2.0
2014,Sikkim,West,3.0,23.0,0.0,0.0,16.0,12.0,54.0,4.0,1.2187525060889544,,,1.0
2014,Sikkim,CID,0.0,0.0,0.0,0.0,0.0,5.0,5.0,1.0,-0.0,,,1.0
2014,Tamil Nadu,Ariyalur,19.0,29.0,0.0,8.0,42.0,86.0,184.0,5.0,1.3546779127562034,,,1.0
2014,Tamil Nadu,Chennai,161.0,124.0,12.0,80.0,259.0,2153.0,2789.0,6.0,0.848866151243644,,,4.0
2014,Tamil Nadu,Coimbatore,44.0,28.0,0.0,109.0,54.0,477.0,712.0,5.0,1.050558959152853,,,2.0
2014,Tamil Nadu,Cuddalore,50.0,17.0,68.0,16.0,314.0,521.0,986.0,6.0,1.1739718820297445,,,4.0
2014,Tamil Nadu,Dharmapuri,47.0,37.0,0.0,35.0,141.0,350.0,610.0,5.0,1.188787103375765,,,3.0
2014,Tamil Nadu,Dindigul,61.0,44.0,0.0,72.0,89.0,460.0,726.0,5.0,1.1536100255072526,,,3.0
2014,Tamil Nadu,Erode,55.0,19.0,0.0,44.0,37.0,395.0,550.0,5.0,0.9678894607935508,,,2.0
2014,Tamil Nadu,Kanchipuram,66.0,24.0,0.0,28.0,129.0,603.0,850.0,5.0,0.9412785836300691,,,4.0
2014,Tamil Nadu,Kanyakumari,42.0,11.0,0.0,75.0,40.0,415.0,583.0,5.0,0.954016784044825,,,2.0
2014,Tamil Nadu,Karur,20.0,21.0,0.0,16.0,47.0,174.0,278.0,5.0,1.1425722087884462,,,1.0
2014,Tamil Nadu,Krishnagiri,63.0,47.0,0.0,60.0,154.0,376.0,700.0,5.0,1.2755784529538838,,,3.0
2014,Tamil Nadu,Madurai,71.0,131.0,0.0,172.0,241.0,1187.0,1802.0,5.0,1.0862761296254853,,,5.0
2014,Tamil Nadu,Nagapattinam,36.0,30.0,0.0,48.0,92.0,177.0,383.0,5.0,1.3813422907160433,,,2.0
2014,Tamil Nadu,Namakkal,36.0,48.0,11.0,31.0,54.0,175.0,355.0,6.0,1.4583221117320182,,,2.0
2014,Tamil Nadu,Nilgiris,7.0,18.0,5.0,3.0,18.0,68.0,119.0,6.0,1.2837932014493512,,,1.0
2014,Tamil Nadu,Perambalur,15.0,33.0,0.0,15.0,23.0,75.0,161.0,5.0,1.4009433026052462,,,1.0
2014,Tamil Nadu,Pudukottai,34.0,32.0,0.0,18.0,65.0,157.0,306.0,5.0,1.3183816302152158,,,2.0
2014,Tamil Nadu,Ramnathapuram,45.0,23.0,10.0,30.0,92.0,232.0,432.0,6.0,1.3273941745845372,,,2.0
2014,Tamil Nadu,Salem,62.0,52.0,10.0,25.0,121.0,212.0,482.0,6.0,1.446135611896352,,,2.0
2014,Tamil Nadu,Sivagangai,30.0,28.0,35.0,92.0,127.0,318.0,630.0,6.0,1.3928254087828023,,,3.0
2014,Tamil Nadu,Thanjavur,70.0,70.0,24.0,71.0,197.0,361.0,793.0,6.0,1.4546517530286083,,,4.0
2014,Tamil Nadu,Theni,48.0,38.0,0.0,40.0,85.0,342.0,553.0,5.0,1.171177658602214,,,2.0
2014,Tamil Nadu,Thirunelveli,108.0,83.0,1.0,109.0,75.0,575.0,951.0,6.0,1.219906024571458,,,3.0
2014,Tamil Nadu,Thiruvallur,39.0,10.0,0.0,28.0,153.0,245.0,475.0,5.0,1.1597953409390558,,,3.0
2014,Tamil Nadu,Thiruvannamalai,51.0,30.0,36.0,8.0,131.0,345.0,601.0,6.0,1.2357414968449683,,,4.0
2014,Tamil Nadu,Thiruvarur,26.0,4.0,0.0,41.0,60.0,211.0,342.0,5.0,1.1055274561716963,,,2.0
2014,Tamil Nadu,Thoothugudi,90.0,62.0,0.0,70.0,35.0,472.0,729.0,5.0,1.120080957667799,,,2.0
2014,Tamil Nadu,Tiruppur,36.0,21.0,4.0,64.0,40.0,322.0,487.0,6.0,1.1130770109964145,,,2.0
2014,Tamil Nadu,Trichy,39.0,59.0,0.0,35.0,66.0,198.0,397.0,5.0,1.3706242388915097,,,2.0
2014,Tamil Nadu,Vellore,99.0,56.0,0.0,38.0,31.0,853.0,1077.0,5.0,0.777932512566289,,,2.0
2014,Tamil Nadu,Villupuram,74.0,214.0,29.0,31.0,442.0,624.0,1414.0,6.0,1.328122921236364,,,5.0
2014,Tamil Nadu,Virudhunagar,50.0,38.0,11.0,60.0,88.0,446.0,693.0,6.0,1.1721774185980578,,,2.0
2014,Tamil Nadu,Cyber Cell,0.0,0.0,0.0,0.0,0.0,3.0,3.0,1.0,-0.0,,,1.0
2014,Tamil Nadu,Other Units,0.0,0.0,0.0,0.0,0.0,0.0,0.0,0.0,0.0,,,1.0
2014,Telangana,Adilabad,118.0,376.0,18.0,8.0,75.0,774.0,1369.0,6.0,1.1347235051636932,,,3.0
2014,Telangana,Cyberabad,156.0,714.0,55.0,77.0,109.0,6728.0,7839.0,6.0,0.5670149640886051,,,5.0
2014,Telangana,Karimnagar,123.0,446.0,37.0,41.0,125.0,1662.0,2434.0,6.0,1.0072083252657795,,,4.0
2014,Telangana,Khammam,83.0,596.0,0.0,16.0,110.0,1632.0,2437.0,5.0,0.9008694246607738,,,4.0
2014,Telangana,Mahaboob Nagar,267.0,485.0,0.0,29.0,170.0,1403.0,2354.0,5.0,1.1247466770940322,,,5.0
2014,Telangana,Medak,137.0,324.0,11.0,25.0,84.0,1121.0,1702.0,6.0,1.0366972580496623,,,4.0
2014,Telangana,Nalgonda,123.0,752.0,24.0,36.0,208.0,1131.0,2274.0,6.0,1.203533101267797,,,5.0
2014,Telangana,Nizamabad,134.0,232.0,14.0,26.0,119.0,1046.0,1571.0,6.0,1.068646012551571,,,4.0
2014,Telangana,Ranga Reddy,82.0,161.0,20.0,13.0,38.0,266.0,580.0,6.0,1.3696585167098068,,,3.0
2014,Telangana,Warangal,54.0,289.0,8.0,19.0,105.0,486.0,961.0,6.0,1.2272402234356987,,,3.0
2014,Tripura,Dhalai,20.0,101.0,2.0,2.0,9.0,21.0,155.0,6.0,1.09165480219341,,,2.0
2014,Tripura,Gomati,15.0,87.0,0.0,4.0,23.0,80.0,209.0,5.0,1.2400450915617371,,,2.0
2014,Tripura,G. R. P.,0.0,3.0,0.0,0.0,0.0,2.0,5.0,2.0,0.6730116670092565,,,1.0
2014,Tripura,Kowai,10.0,53.0,1.0,0.0,5.0,43.0,112.0,5.0,1.1182299705344105,,,1.0
2014,Tripura,North,12.0,67.0,0.0,7.0,11.0,59.0,156.0,5.0,1.2543033564081432,,,1.0
2014,Tripura,Sipahijala,20.0,95.0,1.0,3.0,28.0,69.0,216.0,6.0,1.2952605274005902,,,1.0
2014,Tripura,South,17.0,69.0,0.0,5.0,17.0,42.0,150.0,5.0,1.320555853794961,,,1.0
2014,Tripura,Unakoti,8.0,73.0,0.0,4.0,22.0,35.0,142.0,5.0,1.2387540638846184,,,1.0
2014,Tripura,West,41.0,274.0,0.0,19.0,37.0,210.0,581.0,5.0,1.196601977664519,,,2.0
2014,Uttar Pradesh,Agra,219.0,620.0,298.0,228.0,423.0,3999.0,5787.0,6.0,1.0899805828751514,,,5.0
2014,Uttar Pradesh,Aligarh,208.0,524.0,404.0,259.0,461.0,2782.0,4638.0,6.0,1.2953480206380672,,,5.0
2014,Uttar Pradesh,Allahabad,172.0,683.0,82.0,134.0,130.0,2886.0,4087.0,6.0,0.9781608562473032,,,5.0
2014,Uttar Pradesh,Ambedkar Nagar,34.0,52.0,0.0,14.0,37.0,148.0,285.0,5.0,1.3174045728906763,,,2.0
2014,Uttar Pradesh,Amethi,50.0,105.0,42.0,20.0,43.0,174.0,434.0,6.0,1.5555998716232626,,,2.0
2014,Uttar Pradesh,Amroha,69.0,166.0,0.0,49.0,44.0,566.0,894.0,5.0,1.1071251169551442,,,3.0
2014,Uttar Pradesh,Auraiya,48.0,156.0,9.0,17.0,21.0,271.0,522.0,6.0,1.2315296465989625,,,2.0
2014,Uttar Pradesh,Azamgarh,96.0,227.0,144.0,74.0,203.0,575.0,1319.0,6.0,1.546919827782362,,,5.0
2014,Uttar Pradesh,Badaun,153.0,364.0,0.0,56.0,11.0,427.0,1011.0,5.0,1.2270391100952596,,,4.0
2014,Uttar Pradesh,Baghpat,100.0,186.0,0.0,48.0,56.0,418.0,808.0,5.0,1.2903857195241155,,,3.0
2014,Uttar Pradesh,Bahraich,82.0,113.0,0.0,14.0,76.0,391.0,676.0,5.0,1.1975643863672005,,,3.0
2014,Uttar Pradesh,Ballia,43.0,161.0,27.0,28.0,114.0,401.0,774.0,6.0,1.3471375262108498,,,3.0
2014,Uttar Pradesh,Balrampur,37.0,64.0,1.0,5.0,22.0,108.0,237.0,6.0,1.3267404104670955,,,2.0
2014,Uttar Pradesh,Banda,63.0,300.0,9.0,25.0,87.0,337.0,821.0,6.0,1.3240418660554092,,,3.0
2014,Uttar Pradesh,Barabanki,68.0,112.0,0.0,19.0,3.0,326.0,528.0,5.0,1.0396130993639525,,,2.0
2014,Uttar Pradesh,Bareilly,153.0,580.0,144.0,84.0,157.0,1500.0,2618.0,6.0,1.257592913489161,,,5.0
2014,Uttar Pradesh,Basti,45.0,64.0,0.0,13.0,30.0,125.0,277.0,5.0,1.3771301067854047,,,2.0
2014,Uttar Pradesh,Bijnor,115.0,399.0,0.0,63.0,83.0,681.0,1341.0,5.0,1.2313051198227438,,,4.0
2014,Uttar Pradesh,Bulandshahar,191.0,403.0,27.0,133.0,165.0,924.0,1843.0,6.0,1.3811300737590573,,,5.0
2014,Uttar Pradesh,Chandoli,24.0,184.0,0.0,27.0,43.0,348.0,626.0,5.0,1.1308725202265184,,,2.0
2014,Uttar Pradesh,Chitrakoot,41.0,114.0,3.0,9.0,15.0,151.0,333.0,6.0,1.2631456602823472,,,2.0
2014,Uttar Pradesh,Deoria,61.0,110.0,0.0,13.0,86.0,240.0,510.0,5.0,1.3332583792897101,,,3.0
2014,Uttar Pradesh,Etah,75.0,194.0,137.0,69.0,111.0,465.0,1051.0,6.0,1.542871231035883,,,4.0
2014,Uttar Pradesh,Etawah,60.0,172.0,90.0,118.0,35.0,681.0,1156.0,6.0,1.2863400004417869,,,4.0
2014,Uttar Pradesh,Faizabad,42.0,173.0,0.0,25.0,28.0,481.0,749.0,5.0,1.020785247010545,,,2.0
2014,Uttar Pradesh,Fatehgarh,76.0,95.0,0.0,25.0,34.0,293.0,523.0,5.0,1.2377597308632635,,,2.0
2014,Uttar Pradesh,Fatehpur,81.0,237.0,91.0,24.0,47.0,380.0,860.0,6.0,1.434997324930095,,,4.0
2014,Uttar Pradesh,Firozabad,171.0,219.0,0.0,100.0,220.0,924.0,1634.0,5.0,1.2688742742051298,,,5.0
2014,Uttar Pradesh,G. R. P.,37.0,132.0,16.0,42.0,17.0,4100.0,4344.0,6.0,0.2885017771384566,,,2.0
2014,Uttar Pradesh,Gautambudh Nagar,131.0,362.0,135.0,233.0,191.0,4171.0,5223.0,6.0,0.8112581096458257,,,5.0
2014,Uttar Pradesh,Ghaziabad,206.0,625.0,127.0,122.0,73.0,4062.0,5215.0,6.0,0.8146058126752457,,,5.0
2014,Uttar Pradesh,Ghazipur,82.0,120.0,0.0,39.0,114.0,390.0,745.0,5.0,1.3174744962536764,,,3.0
2014,Uttar Pradesh,Gonda,56.0,113.0,0.0,18.0,50.0,351.0,588.0,5.0,1.1651991850657697,,,2.0
2014,Uttar Pradesh,Gorakhpur,142.0,343.0,0.0,93.0,193.0,1160.0,1931.0,5.0,1.1812965064390437,,,5.0
2014,Uttar Pradesh,Hamirpur,51.0,205.0,0.0,20.0,42.0,135.0,453.0,5.0,1.3237309389036,,,2.0
2014,Uttar Pradesh,Hapur,46.0,133.0,69.0,39.0,44.0,604.0,935.0,6.0,1.1765579188573603,,,3.0
2014,Uttar Pradesh,Hardoi,98.0,135.0,0.0,15.0,37.0,416.0,701.0,5.0,1.1394855017964176,,,3.0
2014,Uttar Pradesh,Hathras,89.0,245.0,32.0,65.0,119.0,478.0,1028.0,6.0,1.4418633976361082,,,4.0
2014,Uttar Pradesh,Jalaun,43.0,72.0,9.0,13.0,11.0,179.0,327.0,6.0,1.2710310099392033,,,2.0
2014,Uttar Pradesh,Jaunpur,84.0,139.0,0.0,62.0,107.0,405.0,797.0,5.0,1.353966639710701,,,4.0
2014,Uttar Pradesh,Jhansi,96.0,159.0,84.0,27.0,70.0,365.0,801.0,6.0,1.4971385974804083,,,4.0
2014,Uttar Pradesh,Kannauj,62.0,132.0,0.0,9.0,15.0,252.0,470.0,5.0,1.14374526934318,,,2.0
2014,Uttar Pradesh,Kanpur Dehat,66.0,115.0,2.0,25.0,52.0,213.0,473.0,6.0,1.3991323813446084,,,2.0
2014,Uttar Pradesh,Kanpur Nagar,170.0,540.0,0.0,142.0,236.0,2277.0,3365.0,5.0,1.0286622773678042,,,5.0
2014,Uttar Pradesh,Kasganj,36.0,123.0,96.0,7.0,41.0,212.0,515.0,6.0,1.4663865125377749,,,3.0
2014,Uttar Pradesh,Kaushambi,53.0,249.0,0.0,13.0,28.0,262.0,605.0,5.0,1.165850655460118,,,2.0
2014,Uttar Pradesh,Khiri,99.0,156.0,50.0,38.0,88.0,767.0,1198.0,6.0,1.1908154206136001,,,4.0
2014,Uttar Pradesh,Kushi Nagar,65.0,123.0,5.0,7.0,125.0,238.0,563.0,6.0,1.3761889596562444,,,3.0
2014,Uttar Pradesh,Lalitpur,36.0,93.0,0.0,15.0,26.0,114.0,284.0,5.0,1.3680012777043857,,,2.0
2014,Uttar Pradesh,Lucknow,160.0,812.0,280.0,67.0,217.0,4633.0,6169.0,6.0,0.8839004818131577,,,5.0
2014,Uttar Pradesh,Maharajganj,42.0,75.0,0.0,15.0,50.0,129.0,311.0,5.0,1.4184699670547296,,,2.0
2014,Uttar Pradesh,Mahoba,34.0,111.0,0.0,19.0,26.0,105.0,295.0,5.0,1.3751963816215844,,,2.0
2014,Uttar Pradesh,Mainpuri,79.0,92.0,0.0,38.0,85.0,591.0,885.0,5.0,1.0808443381246637,,,3.0
2014,Uttar Pradesh,Mathura,105.0,208.0,158.0,99.0,194.0,1503.0,2267.0,6.0,1.1666985965229655,,,5.0
2014,Uttar Pradesh,Mau,46.0,91.0,0.0,23.0,101.0,355.0,616.0,5.0,1.2130991165162437,,,3.0
2014,Uttar Pradesh,Meerut,250.0,740.0,0.0,359.0,294.0,4096.0,5739.0,5.0,0.9669514316229928,,,5.0
2014,Uttar Pradesh,Mirzapur,34.0,39.0,0.0,5.0,5.0,69.0,152.0,5.0,1.2671509815202395,,,2.0
2014,Uttar Pradesh,Moradabad,114.0,408.0,29.0,79.0,78.0,1069.0,1777.0,6.0,1.162533919288059,,,4.0
2014,Uttar Pradesh,Muzaffarnagar,166.0,254.0,0.0,98.0,144.0,1012.0,1674.0,5.0,1.1967031143802842,,,4.0
2014,Uttar Pradesh,Pilibhit,69.0,193.0,12.0,33.0,13.0,366.0,686.0,6.0,1.2148946448197575,,,3.0
2014,Uttar Pradesh,Pratapgarh,98.0,366.0,0.0,59.0,211.0,689.0,1423.0,5.0,1.2996732488158436,,,4.0
2014,Uttar Pradesh,Raibareilly,67.0,119.0,0.0,18.0,61.0,287.0,552.0,5.0,1.281860556314811,,,3.0
2014,Uttar Pradesh,Rampur,60.0,142.0,94.0,30.0,34.0,527.0,887.0,6.0,1.2622478077727164,,,3.0
2014,Uttar Pradesh,Saharanpur,114.0,331.0,0.0,118.0,207.0,1058.0,1828.0,5.0,1.2225221397612709,,,5.0
2014,Uttar Pradesh,Sambhal,92.0,187.0,9.0,54.0,68.0,409.0,819.0,6.0,1.365058390416809,,,3.0
2014,Uttar Pradesh,Sant Kabirnagar,41.0,70.0,2.0,11.0,22.0,103.0,249.0,6.0,1.4098453309957553,,,2.0
2014,Uttar Pradesh,Shahjahanpur,123.0,440.0,0.0,66.0,46.0,448.0,1123.0,5.0,1.2733924000755952,,,4.0
2014,Uttar Pradesh,Shamli,78.0,140.0,78.0,59.0,103.0,420.0,878.0,6.0,1.5084720038361614,,,4.0
2014,Uttar Pradesh,Shrawasti,24.0,42.0,0.0,5.0,16.0,119.0,206.0,5.0,1.1804017964860318,,,1.0
2014,Uttar Pradesh,Sidharthnagar,25.0,73.0,0.0,18.0,25.0,92.0,233.0,5.0,1.4073535987249912,,,2.0
2014,Uttar Pradesh,Sitapur,110.0,392.0,0.0,42.0,68.0,512.0,1124.0,5.0,1.2455401893725582,,,4.0
2014,Uttar Pradesh,Sonbhadra,46.0,72.0,0.0,2.0,4.0,108.0,232.0,5.0,1.150879142603079,,,2.0
2014,Uttar Pradesh,St.Ravidasnagar,22.0,42.0,0.0,8.0,1.0,116.0,189.0,5.0,1.0457837746175185,,,1.0
2014,Uttar Pradesh,Sultanpur,65.0,174.0,0.0,60.0,75.0,452.0,826.0,5.0,1.2663920832797404,,,3.0
2014,Uttar Pradesh,Unnao,101.0,341.0,0.0,46.0,46.0,522.0,1056.0,5.0,1.2107883635972856,,,3.0
2014,Uttar Pradesh,Varanasi,72.0,372.0,0.0,46.0,82.0,1258.0,1830.0,5.0,0.9405339611652486,,,3.0
2014,Uttarakhand,Almora,5.0,10.0,0.0,1.0,4.0,12.0,32.0,5.0,1.3895765986107724,,,1.0
2014,Uttarakhand,Bageshwar,5.0,7.0,0.0,0.0,0.0,10.0,22.0,3.0,1.0594782926538544,,,1.0
2014,Uttarakhand,Chamoli,3.0,13.0,0.0,1.0,3.0,13.0,33.0,5.0,1.2758906818904618,,,1.0
2014,Uttarakhand,Champawat,3.0,13.0,0.0,0.0,4.0,11.0,31.0,4.0,1.222303205831406,,,1.0
2014,Uttarakhand,Dehradun,36.0,153.0,9.0,42.0,101.0,610.0,951.0,6.0,1.122752795463955,,,3.0
2014,Uttarakhand,Haridwar,86.0,172.0,129.0,81.0,160.0,781.0,1409.0,6.0,1.3845985341534381,,,5.0
2014,Uttarakhand,Nainital,31.0,86.0,1.0,6.0,49.0,207.0,380.0,6.0,1.216881746284743,,,2.0
2014,Uttarakhand,Pauri Garhwal,7.0,20.0,2.0,3.0,11.0,55.0,98.0,6.0,1.2686580814240493,,,1.0
2014,Uttarakhand,Pithoragarh,4.0,17.0,0.0,2.0,12.0,13.0,48.0,5.0,1.4074651755118261,,,1.0
2014,Uttarakhand,Rudra Prayag,5.0,13.0,0.0,1.0,5.0,15.0,39.0,5.0,1.3543443695174893,,,1.0
2014,Uttarakhand,Tehri Garhwal,9.0,7.0,0.0,1.0,8.0,29.0,54.0,5.0,1.254104349481689,,,1.0
2014,Uttarakhand,Udhamsingh Nagar,59.0,116.0,0.0,35.0,109.0,506.0,825.0,5.0,1.1657920804760877,,,3.0
2014,Uttarakhand,Uttarkashi,3.0,16.0,0.0,1.0,8.0,11.0,39.0,5.0,1.3386991652049902,,,1.0
2014,West Bengal,North 24 Parganas,179.0,546.0,0.0,50.0,374.0,1895.0,3044.0,5.0,1.0949879058408163,,,5.0
2014,West Bengal,South 24 Parganas,279.0,828.0,349.0,76.0,2220.0,2132.0,5884.0,6.0,1.379843073886183,,,5.0
2014,West Bengal,Alipurduar,55.0,229.0,116.0,6.0,24.0,771.0,1201.0,6.0,1.0721473650182924,,,4.0
2014,West Bengal,Asansol-Durgapur PC,65.0,261.0,28.0,17.0,195.0,898.0,1464.0,6.0,1.1414352168958426,,,4.0
2014,West Bengal,Bankura,81.0,219.0,7.0,37.0,184.0,364.0,892.0,6.0,1.4240775547892788,,,4.0
2014,West Bengal,Barrackpur PC,102.0,342.0,70.0,16.0,74.0,1836.0,2440.0,6.0,0.8629983858634415,,,4.0
2014,West Bengal,Bidhannagar PC,20.0,175.0,30.0,9.0,65.0,887.0,1186.0,6.0,0.8576697368887004,,,2.0
2014,West Bengal,Birbhum,119.0,206.0,57.0,54.0,422.0,544.0,1402.0,6.0,1.4755139263357653,,,5.0
2014,West Bengal,Burdwan,161.0,485.0,98.0,35.0,309.0,1174.0,2262.0,6.0,1.3310697791579458,,,5.0
2014,West Bengal,Coochbehar,90.0,309.0,126.0,8.0,261.0,516.0,1310.0,6.0,1.4694440232179748,,,5.0
2014,West Bengal,Dakshin Dinajpur,49.0,117.0,187.0,5.0,33.0,259.0,650.0,6.0,1.4173704191953589,,,4.0
2014,West Bengal,Darjeeling,36.0,163.0,36.0,9.0,31.0,491.0,766.0,6.0,1.083770501878297,,,2.0
2014,West Bengal,Hooghly,145.0,380.0,277.0,24.0,442.0,1744.0,3012.0,6.0,1.2631876048895259,,,5.0
2014,West Bengal,Howrah G. R. P.,90.0,315.0,135.0,11.0,267.0,511.0,1329.0,6.0,1.4854759285125474,,,4.0
2014,West Bengal,Howrah PC,50.0,503.0,0.0,31.0,54.0,1637.0,2275.0,5.0,0.8017209872788379,,,2.0
2014,West Bengal,Jalpaiguri,72.0,399.0,15.0,9.0,16.0,826.0,1337.0,6.0,0.9527235601947368,,,4.0
2014,West Bengal,Jhargram Police District,29.0,108.0,1.0,5.0,33.0,138.0,314.0,6.0,1.2694098673054444,,,2.0
2014,West Bengal,Kharagpur G. R. P.,7.0,7.0,1.0,2.0,3.0,159.0,179.0,6.0,0.506488367478099,,,1.0
2014,West Bengal,Kolkata,110.0,1017.0,127.0,37.0,430.0,7058.0,8779.0,6.0,0.7120761827625852,,,5.0
2014,West Bengal,Malda,125.0,605.0,15.0,35.0,151.0,625.0,1556.0,6.0,1.292698636689228,,,5.0
2014,West Bengal,Murshidabad,180.0,1075.0,275.0,21.0,119.0,1280.0,2950.0,6.0,1.2866844341323764,,,5.0
2014,West Bengal,Nadia,184.0,396.0,0.0,54.0,146.0,1532.0,2312.0,5.0,1.038518542508039,,,5.0
2014,West Bengal,Paschim Medinipur,115.0,649.0,0.0,50.0,344.0,924.0,2082.0,5.0,1.2708945937918688,,,5.0
2014,West Bengal,Purab Medinipur,109.0,313.0,52.0,31.0,470.0,857.0,1832.0,6.0,1.3443221384346515,,,5.0
2014,West Bengal,Purulia,82.0,214.0,17.0,22.0,80.0,241.0,656.0,6.0,1.4583626211722263,,,3.0
2014,West Bengal,Sealdah G. R. P.,23.0,53.0,0.0,0.0,52.0,358.0,486.0,4.0,0.8503293628257658,,,1.0
2014,West Bengal,Siliguri G. R. P.,8.0,15.0,4.0,2.0,0.0,149.0,178.0,5.0,0.6324815461266654,,,1.0
2014,West Bengal,Siliguri PC,53.0,352.0,123.0,15.0,44.0,1499.0,2086.0,6.0,0.9148324411674624,,,3.0
2014,West Bengal,Uttar Dinajpur,100.0,358.0,284.0,72.0,148.0,935.0,1897.0,6.0,1.4260074130877767,,,5.0
2014,A&N Islands,South Andaman,7.0,59.0,10.0,2.0,14.0,106.0,198.0,6.0,1.1979661614249508,,,1.0
2014,A&N Islands,North & Middle Andaman,4.0,35.0,4.0,0.0,1.0,16.0,60.0,5.0,1.0961952856066823,,,1.0
2014,A&N Islands,Nicobar,1.0,2.0,0.0,0.0,1.0,1.0,5.0,4.0,1.3321790402101223,,,1.0
2014,Chandigarh,Chandigarh,30.0,189.0,115.0,71.0,46.0,1530.0,1981.0,6.0,0.8590570519597025,,,4.0
2014,D&N Haveli,D&N Haveli,6.0,7.0,14.0,2.0,11.0,62.0,102.0,6.0,1.2429708063424396,,,1.0
2014,Daman & Diu,Daman,6.0,6.0,6.0,5.0,4.0,66.0,93.0,6.0,1.0663494885672435,,,1.0
2014,Daman & Diu,Diu,1.0,2.0,0.0,0.0,0.0,4.0,7.0,3.0,0.9556998911125343,,,1.0
2014,Delhi UT,Central,41.0,383.0,286.0,292.0,6.0,4457.0,5465.0,6.0,0.7076611172829084,,,5.0
2014,Delhi UT,Crime Branch,0.0,3.0,1.0,0.0,0.0,39.0,43.0,3.0,0.36178753278517783,,,1.0
2014,Delhi UT,East,66.0,943.0,603.0,791.0,43.0,10043.0,12489.0,6.0,0.7386813837186438,,,5.0
2014,Delhi UT,EOW,0.0,4.0,0.0,0.0,0.0,46.0,50.0,2.0,0.2787693717685874,79.0,-29.0,1.0
2014,Delhi UT,IGI Airport,1.0,17.0,3.0,3.0,0.0,175.0,199.0,5.0,0.4762503221235914,,,1.0
2014,Delhi UT,Metro,0.0,36.0,5.0,4.0,2.0,2225.0,2272.0,5.0,0.11697212837187485,,,1.0
2014,Delhi UT,New Delhi,8.0,116.0,44.0,63.0,30.0,1433.0,1694.0,6.0,0.639113704205812,,,2.0
2014,Delhi UT,North,39.0,299.0,264.0,362.0,25.0,4677.0,5666.0,6.0,0.6903878406693,,,5.0
2014,Delhi UT,North-East,89.0,951.0,928.0,1300.0,44.0,8591.0,11903.0,6.0,0.9353298269990244,,,5.0
2014,Delhi UT,North-West,49.0,742.0,661.0,747.0,18.0,7789.0,10006.0,6.0,0.7985357950941822,,,5.0
2014,Delhi UT,Outer,90.0,876.0,1192.0,1020.0,44.0,10560.0,13782.0,6.0,0.8347897752893847,,,5.0
2014,Delhi UT,South,45.0,1025.0,626.0,498.0,48.0,9304.0,11546.0,6.0,0.7269854949041934,,,5.0
2014,Delhi UT,South-East,74.0,896.0,626.0,405.0,40.0,8064.0,10105.0,6.0,0.7540237613129193,,,5.0
2014,Delhi UT,South-West,71.0,917.0,619.0,413.0,26.0,5194.0,7240.0,6.0,0.9391700439147049,,,5.0
2014,Delhi UT,Spl Cell,0.0,0.0,0.0,0.0,0.0,9.0,9.0,1.0,-0.0,,,1.0
2014,Delhi UT,SPUWAC,0.0,0.0,0.0,0.0,0.0,1.0,1.0,1.0,-0.0,,,1.0
2014,Delhi UT,Vigilance,0.0,0.0,0.0,0.0,0.0,0.0,0.0,0.0,0.0,,,1.0
2014,Delhi UT,West,61.0,932.0,762.0,585.0,21.0,10031.0,12392.0,6.0,0.7182982366822569,,,5.0
2014,Lakshadweep,Lakshadweep,0.0,2.0,0.0,0.0,16.0,17.0,35.0,3.0,0.8721383253204975,,,1.0
2014,Puducherry,Karaikal,6.0,19.0,1.0,2.0,6.0,38.0,72.0,6.0,1.2619435819935334,,,1.0
2014,Puducherry,Puducherry,22.0,37.0,7.0,7.0,52.0,452.0,577.0,6.0,0.815903518711052,,,2.0
2001,ASSAM,N.C. HILLS,,,,,,,,,,,,
2001,HARYANA,HISAR,,,,,,,,,,,,
2001,HARYANA,MAHENDERGARH,,,,,,,,,,,,
2001,JHARKHAND,GUMALA,,,,,,,,,,,,
2001,DELHI,CENTRAL,,,,,,,,,,,,
2001,DELHI,EAST,,,,,,,,,,,,
2001,DELHI,G.R.P.(RLY),,,,,,,,,,,,
2001,DELHI,I.G.I.AIRPORT,,,,,,,,,,,,
2001,DELHI,NEW DELHI,,,,,,,,,,,,
2001,DELHI,NORTH,,,,,,,,,,,,
2001,DELHI,NORTH EAST,,,,,,,,,,,,
2001,DELHI,NORTH WEST,,,,,,,,,,,,
2001,DELHI,S.T.F.,,,,,,,,,,,,
2001,DELHI,SOUTH,,,,,,,,,,,,
2001,DELHI,SOUTH WEST,,,,,,,,,,,,
2001,DELHI,WEST,,,,,,,,,,,,
2002,DELHI,CENTRAL,,,,,,,,,,,,
2002,DELHI,DRP,,,,,,,,,,,,
2002,DELHI,EAST,,,,,,,,,,,,
2002,DELHI,IGI AIRPORT,,,,,,,,,,,,
2002,DELHI,NEW DELHI,,,,,,,,,,,,
2002,DELHI,NORTH,,,,,,,,,,,,
2002,DELHI,NORTH-EAST,,,,,,,,,,,,
2002,DELHI,NORTH-WEST,,,,,,,,,,,,
2002,DELHI,SOUTH,,,,,,,,,,,,
2002,DELHI,SOUTH-WEST,,,,,,,,,,,,
2002,DELHI,SPL CELL,,,,,,,,,,,,
2002,DELHI,STF,,,,,,,,,,,,
2002,DELHI,WEST,,,,,,,,,,,,
2003,DELHI,CENTRAL,,,,,,,,,,,,
2003,DELHI,EAST,,,,,,,,,,,,
2003,DELHI,GRP(RLY),,,,,,,,,,,,
2003,DELHI,IGI AIRPORT,,,,,,,,,,,,
2003,DELHI,NEW DELHI,,,,,,,,,,,,
2003,DELHI,NORTH,,,,,,,,,,,,
2003,DELHI,NORTH-EAST,,,,,,,,,,,,
2003,DELHI,NORTH-WEST,,,,,,,,,,,,
2003,DELHI,SOUTH,,,,,,,,,,,,
2003,DELHI,SOUTH-WEST,,,,,,,,,,,,
2003,DELHI,STF,,,,,,,,,,,,
2003,DELHI,WEST,,,,,,,,,,,,
2004,PUNJAB,FEROZPUR,,,,,,,,,,,,
2004,DELHI,CENTRAL,,,,,,,,,,,,
2004,DELHI,EAST,,,,,,,,,,,,
2004,DELHI,GRP(RLY),,,,,,,,,,,,
2004,DELHI,IGI AIRPORT,,,,,,,,,,,,
2004,DELHI,NEW DELHI,,,,,,,,,,,,
2004,DELHI,NORTH,,,,,,,,,,,,
2004,DELHI,NORTH-EAST,,,,,,,,,,,,
2004,DELHI,NORTH-WEST,,,,,,,,,,,,
2004,DELHI,SOUTH,,,,,,,,,,,,
2004,DELHI,SOUTH-WEST,,,,,,,,,,,,
2004,DELHI,STF,,,,,,,,,,,,
2004,DELHI,WEST,,,,,,,,,,,,
2005,DELHI,CENTRAL,,,,,,,,,,,,
2005,DELHI,DRP,,,,,,,,,,,,
2005,DELHI,EAST,,,,,,,,,,,,
2005,DELHI,IGI AIRPORT,,,,,,,,,,,,
2005,DELHI,NEW DELHI,,,,,,,,,,,,
2005,DELHI,NORTH,,,,,,,,,,,,
2005,DELHI,NORTH-EAST,,,,,,,,,,,,
2005,DELHI,NORTH-WEST,,,,,,,,,,,,
2005,DELHI,SOUTH,,,,,,,,,,,,
2005,DELHI,SOUTH-WEST,,,,,,,,,,,,
2005,DELHI,SPL CELL,,,,,,,,,,,,
2005,DELHI,WEST,,,,,,,,,,,,
2006,DELHI,CENTRAL,,,,,,,,,,,,
2006,DELHI,EAST,,,,,,,,,,,,
2006,DELHI,GRP(RLY),,,,,,,,,,,,
2006,DELHI,IGI AIRPORT,,,,,,,,,,,,
2006,DELHI,NEW DELHI,,,,,,,,,,,,
2006,DELHI,NORTH,,,,,,,,,,,,
2006,DELHI,NORTH-EAST,,,,,,,,,,,,
2006,DELHI,NORTH-WEST,,,,,,,,,,,,
2006,DELHI,SOUTH,,,,,,,,,,,,
2006,DELHI,SOUTH-WEST,,,,,,,,,,,,
2006,DELHI,STF,,,,,,,,,,,,
2006,DELHI,WEST,,,,,,,,,,,,
2007,DELHI,CENTRAL,,,,,,,,,,,,
2007,DELHI,EAST,,,,,,,,,,,,
2007,DELHI,GRP(RLY),,,,,,,,,,,,
2007,DELHI,IGI AIRPORT,,,,,,,,,,,,
2007,DELHI,NEW DELHI,,,,,,,,,,,,
2007,DELHI,NORTH,,,,,,,,,,,,
2007,DELHI,NORTH-EAST,,,,,,,,,,,,
2007,DELHI,NORTH-WEST,,,,,,,,,,,,
2007,DELHI,OUTER,,,,,,,,,,,,
2007,DELHI,SOUTH,,,,,,,,,,,,
2007,DELHI,SOUTH-WEST,,,,,,,,,,,,
2007,DELHI,STF,,,,,,,,,,,,
2007,DELHI,WEST,,,,,,,,,,,,
2008,CHHATTISGARH,DANTEWADA,,,,,,,,,,,,
2008,DELHI,CAW,,,,,,,,,,,,
2008,DELHI,CENTRAL,,,,,,,,,,,,
2008,DELHI,CRIME BRANCH,,,,,,,,,,,,
2008,DELHI,EAST,,,,,,,,,,,,
2008,DELHI,EOW,,,,,,,,,,,,
2008,DELHI,GRP(RLY),,,,,,,,,,,,
2008,DELHI,IGI AIRPORT,,,,,,,,,,,,
2008,DELHI,NEW DELHI,,,,,,,,,,,,
2008,DELHI,NORTH,,,,,,,,,,,,
2008,DELHI,NORTH-EAST,,,,,,,,,,,,
2008,DELHI,NORTH-WEST,,,,,,,,,,,,
2008,DELHI,OUTER,,,,,,,,,,,,
2008,DELHI,SOUTH,,,,,,,,,,,,
2008,DELHI,SOUTH-EAST,,,,,,,,,,,,
2008,DELHI,SOUTH-WEST,,,,,,,,,,,,
2008,DELHI,STF,,,,,,,,,,,,
2008,DELHI,WEST,,,,,,,,,,,,
2009,CHHATTISGARH,DANTEWADA,,,,,,,,,,,,
2009,DELHI,CAW,,,,,,,,,,,,
2009,DELHI,CENTRAL,,,,,,,,,,,,
2009,DELHI,CRIME BRANCH,,,,,,,,,,,,
2009,DELHI,EAST,,,,,,,,,,,,
2009,DELHI,EOW,,,,,,,,,,,,
2009,DELHI,GRP(RLY),,,,,,,,,,,,
2009,DELHI,IGI AIRPORT,,,,,,,,,,,,
2009,DELHI,NEW DELHI,,,,,,,,,,,,
2009,DELHI,NORTH,,,,,,,,,,,,
2009,DELHI,NORTH-EAST,,,,,,,,,,,,
2009,DELHI,NORTH-WEST,,,,,,,,,,,,
2009,DELHI,OUTER,,,,,,,,,,,,
2009,DELHI,SOUTH,,,,,,,,,,,,
2009,DELHI,SOUTH-EAST,,,,,,,,,,,,
2009,DELHI,SOUTH-WEST,,,,,,,,,,,,
2009,DELHI,STF,,,,,,,,,,,,
2009,DELHI,WEST,,,,,,,,,,,,
2010,CHHATTISGARH,DANTEWADA,,,,,,,,,,,,
2010,JAMMU & KASHMIR,C.B.KASHMIR,,,,,,,,,,,,
2010,DELHI,CAW,,,,,,,,,,,,
2010,DELHI,CENTRAL,,,,,,,,,,,,
2010,DELHI,CRIME BRANCH,,,,,,,,,,,,
2010,DELHI,EAST,,,,,,,,,,,,
2010,DELHI,EOW,,,,,,,,,,,,
2010,DELHI,GRP(RLY),,,,,,,,,,,,
2010,DELHI,IGI AIRPORT,,,,,,,,,,,,
2010,DELHI,NEW DELHI,,,,,,,,,,,,
2010,DELHI,NORTH,,,,,,,,,,,,
2010,DELHI,NORTH-EAST,,,,,,,,,,,,
2010,DELHI,NORTH-WEST,,,,,,,,,,,,
2010,DELHI,OUTER,,,,,,,,,,,,
2010,DELHI,SOUTH,,,,,,,,,,,,
2010,DELHI,SOUTH-EAST,,,,,,,,,,,,
2010,DELHI,SOUTH-WEST,,,,,,,,,,,,
2010,DELHI,STF,,,,,,,,,,,,
2010,DELHI,WEST,,,,,,,,,,,,
2011,DELHI,CAW,,,,,,,,,,,,
2011,DELHI,CENTRAL,,,,,,,,,,,,
2011,DELHI,CRIME BRANCH,,,,,,,,,,,,
2011,DELHI,EAST,,,,,,,,,,,,
2011,DELHI,EOW,,,,,,,,,,,,
2011,DELHI,GRP(RLY),,,,,,,,,,,,
2011,DELHI,IGI AIRPORT,,,,,,,,,,,,
2011,DELHI,NEW DELHI,,,,,,,,,,,,
2011,DELHI,NORTH,,,,,,,,,,,,
2011,DELHI,NORTH-EAST,,,,,,,,,,,,
2011,DELHI,NORTH-WEST,,,,,,,,,,,,
2011,DELHI,OUTER,,,,,,,,,,,,
2011,DELHI,SOUTH,,,,,,,,,,,,
2011,DELHI,SOUTH-EAST,,,,,,,,,,,,
2011,DELHI,SOUTH-WEST,,,,,,,,,,,,
2011,DELHI,STF,,,,,,,,,,,,
2011,DELHI,WEST,,,,,,,,,,,,
2012,DELHI,CAW,,,,,,,,,,,,
2012,DELHI,CENTRAL,,,,,,,,,,,,
2012,DELHI,CRIME BRANCH,,,,,,,,,,,,
2012,DELHI,EAST,,,,,,,,,,,,
2012,DELHI,EOW,,,,,,,,,,,,
2012,DELHI,GRP(RLY),,,,,,,,,,,,
2012,DELHI,IGI AIRPORT,,,,,,,,,,,,
2012,DELHI,NEW DELHI,,,,,,,,,,,,
2012,DELHI,NORTH,,,,,,,,,,,,
2012,DELHI,NORTH-EAST,,,,,,,,,,,,
2012,DELHI,NORTH-WEST,,,,,,,,,,,,
2012,DELHI,OUTER,,,,,,,,,,,,
2012,DELHI,SOUTH,,,,,,,,,,,,
2012,DELHI,SOUTH-EAST,,,,,,,,,,,,
2012,DELHI,SOUTH-WEST,,,,,,,,,,,,
2012,DELHI,STF,,,,,,,,,,,,
2012,DELHI,WEST,,,,,,,,,,,,
2001,DELHI,DELHI UT TOTAL,,,,,,,,,,,,
2002,DELHI,DELHI UT TOTAL,,,,,,,,,,,,
2003,KERALA,ERNAKULAM,,,,,,,,,,3363.0,,
2003,KERALA,KOZHIKODE,,,,,,,,,,2814.0,,
2003,KERALA,TRIVANDRUM,,,,,,,,,,3843.0,,
2003,MADHYA PRADESH,BADWANI,,,,,,,,,,,,
2003,MEGHALAYA,GARI HILLS EAST,,,,,,,,,,,,
2003,TAMIL NADU,KANCHEEPURAM,,,,,,,,,,,,
2003,UTTAR PRADESH,AMBEDKARNAGAR,,,,,,,,,,,,
2003,DELHI,DELHI UT TOTAL,,,,,,,,,,,,
2004,DELHI,DELHI UT TOTAL,,,,,,,,,,,,
2005,DELHI,DELHI UT TOTAL,,,,,,,,,,,,
2006,DELHI,ZDELHI UT TOTAL,,,,,,,,,,,,
2007,DELHI,ZDELHI UT TOTAL,,,,,,,,,,,,
2008,CHHATTISGARH,BIJAPUR,,,,,,,,,,,,
2008,CHHATTISGARH,SURGUJA,,,,,,,,,,,,
2009,CHHATTISGARH,BIJAPUR,,,,,,,,,,,,
2009,CHHATTISGARH,SURGUJA,,,,,,,,,,,,
2001,DELHI,I.G.I. AIRPORT,,,,,,,,,,,,
2002,DELHI,G.R.P.(RLY),,,,,,,,,,,,
2002,DELHI,I.G.I. AIRPORT,,,,,,,,,,,,
2002,DELHI,NORTH EAST,,,,,,,,,,,,
2002,DELHI,NORTH WEST,,,,,,,,,,,,
2002,DELHI,S.T.F.,,,,,,,,,,,,
2002,DELHI,SOUTH WEST,,,,,,,,,,,,
2003,DELHI,G.R.P.(RLY),,,,,,,,,,,,
2003,DELHI,I.G.I. AIRPORT,,,,,,,,,,,,
2003,DELHI,NORTH EAST,,,,,,,,,,,,
2003,DELHI,NORTH WEST,,,,,,,,,,,,
2003,DELHI,S.T.F.,,,,,,,,,,,,
2003,DELHI,SOUTH WEST,,,,,,,,,,,,
2004,DELHI,G.R.P.(RLY),,,,,,,,,,,,
2004,DELHI,I.G.I. AIRPORT,,,,,,,,,,,,
2004,DELHI,NORTH EAST,,,,,,,,,,,,
2004,DELHI,NORTH WEST,,,,,,,,,,,,
2004,DELHI,S.T.F.,,,,,,,,,,,,
2004,DELHI,SOUTH WEST,,,,,,,,,,,,
2005,DELHI,G.R.P.(RLY),,,,,,,,,,,,
2006,DELHI,DELHI UT TOTAL,,,,,,,,,,,,
2007,DELHI,DELHI UT TOTAL,,,,,,,,,,,,
2008,DELHI,DELHI UT TOTAL,,,,,,,,,,,,
2009,DELHI,DELHI UT TOTAL,,,,,,,,,,,,
2010,DELHI,DELHI UT TOTAL,,,,,,,,,,,,
2011,DELHI,DELHI UT TOTAL,,,,,,,,,,,,
2012,DELHI,DELHI UT TOTAL,,,,,,,,,,,,
