STATE,DISTRICT,YEAR,Murder,Rape,Kidnapping Abduction,Dacoity,Robbery,Arson,Hurt,Protection of Civil Rights (PCR) Act,Prevention of atrocities (POA) Act,Other Crimes Against STs,CRIME_GROUP,SOURCE_FILE,SOURCE_ROW_ID,SOURCE_RECORD_ID,DUPLICATE_KEY_FLAG,DATA_QUALITY_FLAG,UNIT_NAME,UNIT_TYPE,SOURCE_QUALITY_STATUS
Andhra Pradesh,ADILABAD,2013,0,7,0,0,0,0,2,0,6,25,ST,02_District_wise_crimes_committed_against_ST_2013.csv,0,02_District_wise_crimes_committed_against_ST_2013.csv::0,False,UNIQUE,ADILABAD,DISTRICT_OR_REPORTING_UNIT,VALID
Andhra Pradesh,ANANTAPUR,2013,0,0,0,0,0,0,3,0,1,9,ST,02_District_wise_crimes_committed_against_ST_2013.csv,1,02_District_wise_crimes_committed_against_ST_2013.csv::1,False,UNIQUE,ANANTAPUR,DISTRICT_OR_REPORTING_UNIT,VALID
Andhra Pradesh,CHITTOOR,2013,0,0,0,0,0,0,0,0,0,0,ST,02_District_wise_crimes_committed_against_ST_2013.csv,2,02_District_wise_crimes_committed_against_ST_2013.csv::2,False,UNIQUE,CHITTOOR,DISTRICT_OR_REPORTING_UNIT,VALID
Andhra Pradesh,CUDDAPAH,2013,0,1,0,0,0,0,17,0,2,10,ST,02_District_wise_crimes_committed_against_ST_2013.csv,3,02_District_wise_crimes_committed_against_ST_2013.csv::3,False,UNIQUE,CUDDAPAH,DISTRICT_OR_REPORTING_UNIT,VALID
Andhra Pradesh,CYBERABAD,2013,1,2,0,0,0,0,1,0,19,18,ST,02_District_wise_crimes_committed_against_ST_2013.csv,4,02_District_wise_crimes_committed_against_ST_2013.csv::4,False,UNIQUE,CYBERABAD,DISTRICT_OR_REPORTING_UNIT,VALID
Andhra Pradesh,EAST GODAVARI,2013,0,3,0,0,0,0,0,0,3,15,ST,02_District_wise_crimes_committed_against_ST_2013.csv,5,02_District_wise_crimes_committed_against_ST_2013.csv::5,False,UNIQUE,EAST GODAVARI,DISTRICT_OR_REPORTING_UNIT,VALID
Andhra Pradesh,GUNTAKAL RLY.,2013,0,0,0,0,0,0,0,0,0,0,ST,02_District_wise_crimes_committed_against_ST_2013.csv,6,02_District_wise_crimes_committed_against_ST_2013.csv::6,False,UNIQUE,GUNTAKAL RLY.,DISTRICT_OR_REPORTING_UNIT,VALID
Andhra Pradesh,GUNTUR,2013,1,0,0,0,0,0,3,0,2,40,ST,02_District_wise_crimes_committed_against_ST_2013.csv,7,02_District_wise_crimes_committed_against_ST_2013.csv::7,False,UNIQUE,GUNTUR,DISTRICT_OR_REPORTING_UNIT,VALID
Andhra Pradesh,GUNTUR URBAN,2013,0,0,0,0,0,1,3,0,0,10,ST,02_District_wise_crimes_committed_against_ST_2013.csv,8,02_District_wise_crimes_committed_against_ST_2013.csv::8,False,UNIQUE,GUNTUR URBAN,SPECIAL_UNIT,VALID
Andhra Pradesh,HYDERABAD CITY,2013,0,0,0,0,0,0,0,0,6,0,ST,02_District_wise_crimes_committed_against_ST_2013.csv,9,02_District_wise_crimes_committed_against_ST_2013.csv::9,False,UNIQUE,HYDERABAD CITY,SPECIAL_UNIT,VALID
Andhra Pradesh,KARIMNAGAR,2013,0,2,0,0,0,0,2,0,7,30,ST,02_District_wise_crimes_committed_against_ST_2013.csv,10,02_District_wise_crimes_committed_against_ST_2013.csv::10,False,UNIQUE,KARIMNAGAR,DISTRICT_OR_REPORTING_UNIT,VALID
Andhra Pradesh,KHAMMAM,2013,0,5,0,0,0,0,6,0,6,27,ST,02_District_wise_crimes_committed_against_ST_2013.csv,11,02_District_wise_crimes_committed_against_ST_2013.csv::11,False,UNIQUE,KHAMMAM,DISTRICT_OR_REPORTING_UNIT,VALID
Andhra Pradesh,KRISHNA,2013,1,0,0,0,0,0,1,0,2,10,ST,02_District_wise_crimes_committed_against_ST_2013.csv,12,02_District_wise_crimes_committed_against_ST_2013.csv::12,False,UNIQUE,KRISHNA,DISTRICT_OR_REPORTING_UNIT,VALID
Andhra Pradesh,KURNOOL,2013,0,0,0,0,0,0,1,0,0,1,ST,02_District_wise_crimes_committed_against_ST_2013.csv,13,02_District_wise_crimes_committed_against_ST_2013.csv::13,False,UNIQUE,KURNOOL,DISTRICT_OR_REPORTING_UNIT,VALID
Andhra Pradesh,MAHABOOBNAGAR,2013,3,1,0,0,0,0,10,0,6,41,ST,02_District_wise_crimes_committed_against_ST_2013.csv,14,02_District_wise_crimes_committed_against_ST_2013.csv::14,False,UNIQUE,MAHABOOBNAGAR,DISTRICT_OR_REPORTING_UNIT,VALID
Andhra Pradesh,MEDAK,2013,0,3,0,0,0,0,1,0,3,10,ST,02_District_wise_crimes_committed_against_ST_2013.csv,15,02_District_wise_crimes_committed_against_ST_2013.csv::15,False,UNIQUE,MEDAK,DISTRICT_OR_REPORTING_UNIT,VALID
Andhra Pradesh,NALGONDA,2013,1,4,0,0,0,0,4,0,7,32,ST,02_District_wise_crimes_committed_against_ST_2013.csv,16,02_District_wise_crimes_committed_against_ST_2013.csv::16,False,UNIQUE,NALGONDA,DISTRICT_OR_REPORTING_UNIT,VALID
Andhra Pradesh,NELLORE,2013,1,2,0,0,0,0,11,0,15,29,ST,02_District_wise_crimes_committed_against_ST_2013.csv,17,02_District_wise_crimes_committed_against_ST_2013.csv::17,False,UNIQUE,NELLORE,DISTRICT_OR_REPORTING_UNIT,VALID
Andhra Pradesh,NIZAMABAD,2013,1,4,0,0,0,0,1,0,3,12,ST,02_District_wise_crimes_committed_against_ST_2013.csv,18,02_District_wise_crimes_committed_against_ST_2013.csv::18,False,UNIQUE,NIZAMABAD,DISTRICT_OR_REPORTING_UNIT,VALID
Andhra Pradesh,PRAKASHAM,2013,0,0,0,0,0,0,1,0,2,1,ST,02_District_wise_crimes_committed_against_ST_2013.csv,19,02_District_wise_crimes_committed_against_ST_2013.csv::19,False,UNIQUE,PRAKASHAM,DISTRICT_OR_REPORTING_UNIT,VALID
Andhra Pradesh,RAJAHMUNDRY,2013,0,0,0,0,0,0,0,0,1,0,ST,02_District_wise_crimes_committed_against_ST_2013.csv,20,02_District_wise_crimes_committed_against_ST_2013.csv::20,False,UNIQUE,RAJAHMUNDRY,DISTRICT_OR_REPORTING_UNIT,VALID
Andhra Pradesh,RANGA REDDY,2013,0,0,0,0,0,0,1,0,2,12,ST,02_District_wise_crimes_committed_against_ST_2013.csv,21,02_District_wise_crimes_committed_against_ST_2013.csv::21,False,UNIQUE,RANGA REDDY,DISTRICT_OR_REPORTING_UNIT,VALID
Andhra Pradesh,SECUNDERABAD RLY.,2013,0,0,0,0,0,0,0,0,0,0,ST,02_District_wise_crimes_committed_against_ST_2013.csv,22,02_District_wise_crimes_committed_against_ST_2013.csv::22,False,UNIQUE,SECUNDERABAD RLY.,DISTRICT_OR_REPORTING_UNIT,VALID
Andhra Pradesh,SRIKAKULAM,2013,0,0,0,0,0,0,0,0,4,5,ST,02_District_wise_crimes_committed_against_ST_2013.csv,23,02_District_wise_crimes_committed_against_ST_2013.csv::23,False,UNIQUE,SRIKAKULAM,DISTRICT_OR_REPORTING_UNIT,VALID
Andhra Pradesh,TIRUPATHI URBAN,2013,0,0,0,0,0,0,4,0,4,2,ST,02_District_wise_crimes_committed_against_ST_2013.csv,24,02_District_wise_crimes_committed_against_ST_2013.csv::24,False,UNIQUE,TIRUPATHI URBAN,SPECIAL_UNIT,VALID
Andhra Pradesh,VIJAYAWADA CITY,2013,0,0,1,0,0,0,1,0,1,4,ST,02_District_wise_crimes_committed_against_ST_2013.csv,25,02_District_wise_crimes_committed_against_ST_2013.csv::25,False,UNIQUE,VIJAYAWADA CITY,SPECIAL_UNIT,VALID
Andhra Pradesh,VIJAYAWADA RLY.,2013,0,0,0,0,0,0,0,0,0,0,ST,02_District_wise_crimes_committed_against_ST_2013.csv,26,02_District_wise_crimes_committed_against_ST_2013.csv::26,False,UNIQUE,VIJAYAWADA RLY.,DISTRICT_OR_REPORTING_UNIT,VALID
Andhra Pradesh,VISAKHA RURAL,2013,0,0,0,0,0,0,2,0,4,6,ST,02_District_wise_crimes_committed_against_ST_2013.csv,27,02_District_wise_crimes_committed_against_ST_2013.csv::27,False,UNIQUE,VISAKHA RURAL,SPECIAL_UNIT,VALID
Andhra Pradesh,VISAKHAPATNAM,2013,0,0,0,0,0,0,1,0,1,0,ST,02_District_wise_crimes_committed_against_ST_2013.csv,28,02_District_wise_crimes_committed_against_ST_2013.csv::28,False,UNIQUE,VISAKHAPATNAM,DISTRICT_OR_REPORTING_UNIT,VALID
Andhra Pradesh,VIZIANAGARAM,2013,0,0,0,0,0,0,0,0,6,6,ST,02_District_wise_crimes_committed_against_ST_2013.csv,29,02_District_wise_crimes_committed_against_ST_2013.csv::29,False,UNIQUE,VIZIANAGARAM,DISTRICT_OR_REPORTING_UNIT,VALID
Andhra Pradesh,WARANGAL,2013,0,2,0,0,0,0,4,0,6,27,ST,02_District_wise_crimes_committed_against_ST_2013.csv,30,02_District_wise_crimes_committed_against_ST_2013.csv::30,False,UNIQUE,WARANGAL,DISTRICT_OR_REPORTING_UNIT,VALID
Andhra Pradesh,WARANGAL URBAN,2013,0,1,0,0,0,0,1,0,6,7,ST,02_District_wise_crimes_committed_against_ST_2013.csv,31,02_District_wise_crimes_committed_against_ST_2013.csv::31,False,UNIQUE,WARANGAL URBAN,SPECIAL_UNIT,VALID
Andhra Pradesh,WEST GODAVARI,2013,0,0,1,0,0,0,1,0,1,26,ST,02_District_wise_crimes_committed_against_ST_2013.csv,32,02_District_wise_crimes_committed_against_ST_2013.csv::32,False,UNIQUE,WEST GODAVARI,DISTRICT_OR_REPORTING_UNIT,VALID
Andhra Pradesh,ZZ TOTAL,2013,9,37,2,0,0,1,82,0,126,415,ST,02_District_wise_crimes_committed_against_ST_2013.csv,33,02_District_wise_crimes_committed_against_ST_2013.csv::33,False,UNIQUE,ZZ TOTAL,DISTRICT_OR_REPORTING_UNIT,VALID
Arunachal Pradesh,ANJAW,2013,0,0,0,0,0,0,0,0,0,0,ST,02_District_wise_crimes_committed_against_ST_2013.csv,34,02_District_wise_crimes_committed_against_ST_2013.csv::34,False,UNIQUE,ANJAW,DISTRICT_OR_REPORTING_UNIT,VALID
Arunachal Pradesh,CHANGLANG,2013,0,0,0,0,0,0,0,0,0,0,ST,02_District_wise_crimes_committed_against_ST_2013.csv,35,02_District_wise_crimes_committed_against_ST_2013.csv::35,False,UNIQUE,CHANGLANG,DISTRICT_OR_REPORTING_UNIT,VALID
Arunachal Pradesh,DIBANG VALLEY,2013,0,0,0,0,0,0,0,0,0,0,ST,02_District_wise_crimes_committed_against_ST_2013.csv,36,02_District_wise_crimes_committed_against_ST_2013.csv::36,False,UNIQUE,DIBANG VALLEY,DISTRICT_OR_REPORTING_UNIT,VALID
Arunachal Pradesh,K/KUMEY,2013,0,0,0,0,0,0,0,0,0,0,ST,02_District_wise_crimes_committed_against_ST_2013.csv,37,02_District_wise_crimes_committed_against_ST_2013.csv::37,False,UNIQUE,K/KUMEY,DISTRICT_OR_REPORTING_UNIT,VALID
Arunachal Pradesh,KAMENG EAST,2013,0,0,0,0,0,0,0,0,0,0,ST,02_District_wise_crimes_committed_against_ST_2013.csv,38,02_District_wise_crimes_committed_against_ST_2013.csv::38,False,UNIQUE,KAMENG EAST,DISTRICT_OR_REPORTING_UNIT,VALID
Arunachal Pradesh,KAMENG WEST,2013,0,0,0,0,0,0,0,0,0,0,ST,02_District_wise_crimes_committed_against_ST_2013.csv,39,02_District_wise_crimes_committed_against_ST_2013.csv::39,False,UNIQUE,KAMENG WEST,DISTRICT_OR_REPORTING_UNIT,VALID
Arunachal Pradesh,LOHIT,2013,0,1,0,0,0,0,0,0,0,0,ST,02_District_wise_crimes_committed_against_ST_2013.csv,40,02_District_wise_crimes_committed_against_ST_2013.csv::40,False,UNIQUE,LOHIT,DISTRICT_OR_REPORTING_UNIT,VALID
Arunachal Pradesh,LONGDING,2013,0,0,0,0,0,0,0,0,0,0,ST,02_District_wise_crimes_committed_against_ST_2013.csv,41,02_District_wise_crimes_committed_against_ST_2013.csv::41,False,UNIQUE,LONGDING,DISTRICT_OR_REPORTING_UNIT,VALID
Arunachal Pradesh,PAPUM PARE,2013,0,0,0,0,0,0,0,0,0,0,ST,02_District_wise_crimes_committed_against_ST_2013.csv,42,02_District_wise_crimes_committed_against_ST_2013.csv::42,False,UNIQUE,PAPUM PARE,DISTRICT_OR_REPORTING_UNIT,VALID
Arunachal Pradesh,RURAL,2013,0,0,0,0,0,0,0,0,0,0,ST,02_District_wise_crimes_committed_against_ST_2013.csv,43,02_District_wise_crimes_committed_against_ST_2013.csv::43,False,UNIQUE,RURAL,SPECIAL_UNIT,VALID
Arunachal Pradesh,SIANG EAST,2013,0,0,0,0,0,0,0,0,0,0,ST,02_District_wise_crimes_committed_against_ST_2013.csv,44,02_District_wise_crimes_committed_against_ST_2013.csv::44,False,UNIQUE,SIANG EAST,DISTRICT_OR_REPORTING_UNIT,VALID
Arunachal Pradesh,SIANG UPPER,2013,0,0,0,0,0,0,0,0,0,0,ST,02_District_wise_crimes_committed_against_ST_2013.csv,45,02_District_wise_crimes_committed_against_ST_2013.csv::45,False,UNIQUE,SIANG UPPER,DISTRICT_OR_REPORTING_UNIT,VALID
Arunachal Pradesh,SIANG WEST,2013,0,0,0,0,0,0,0,0,0,0,ST,02_District_wise_crimes_committed_against_ST_2013.csv,46,02_District_wise_crimes_committed_against_ST_2013.csv::46,False,UNIQUE,SIANG WEST,DISTRICT_OR_REPORTING_UNIT,VALID
Arunachal Pradesh,SUBANSIRI LOWER,2013,0,0,0,0,0,0,0,0,0,0,ST,02_District_wise_crimes_committed_against_ST_2013.csv,47,02_District_wise_crimes_committed_against_ST_2013.csv::47,False,UNIQUE,SUBANSIRI LOWER,DISTRICT_OR_REPORTING_UNIT,VALID
Arunachal Pradesh,SUBANSIRI UPPER,2013,0,0,0,0,0,0,0,0,0,0,ST,02_District_wise_crimes_committed_against_ST_2013.csv,48,02_District_wise_crimes_committed_against_ST_2013.csv::48,False,UNIQUE,SUBANSIRI UPPER,DISTRICT_OR_REPORTING_UNIT,VALID
Arunachal Pradesh,TAWANG,2013,0,0,0,0,0,0,0,0,0,0,ST,02_District_wise_crimes_committed_against_ST_2013.csv,49,02_District_wise_crimes_committed_against_ST_2013.csv::49,False,UNIQUE,TAWANG,DISTRICT_OR_REPORTING_UNIT,VALID
Arunachal Pradesh,TIRAP,2013,0,0,0,0,0,0,0,0,0,0,ST,02_District_wise_crimes_committed_against_ST_2013.csv,50,02_District_wise_crimes_committed_against_ST_2013.csv::50,False,UNIQUE,TIRAP,DISTRICT_OR_REPORTING_UNIT,VALID
Arunachal Pradesh,UPPER DIBANG VALLEY,2013,0,0,0,0,0,0,0,0,0,0,ST,02_District_wise_crimes_committed_against_ST_2013.csv,51,02_District_wise_crimes_committed_against_ST_2013.csv::51,False,UNIQUE,UPPER DIBANG VALLEY,DISTRICT_OR_REPORTING_UNIT,VALID
Arunachal Pradesh,ZZ TOTAL,2013,0,1,0,0,0,0,0,0,0,0,ST,02_District_wise_crimes_committed_against_ST_2013.csv,52,02_District_wise_crimes_committed_against_ST_2013.csv::52,False,UNIQUE,ZZ TOTAL,DISTRICT_OR_REPORTING_UNIT,VALID
Assam,BAKSA,2013,0,0,0,0,0,0,0,0,0,0,ST,02_District_wise_crimes_committed_against_ST_2013.csv,53,02_District_wise_crimes_committed_against_ST_2013.csv::53,False,UNIQUE,BAKSA,DISTRICT_OR_REPORTING_UNIT,VALID
Assam,BARPETA,2013,0,0,0,0,0,0,0,0,0,0,ST,02_District_wise_crimes_committed_against_ST_2013.csv,54,02_District_wise_crimes_committed_against_ST_2013.csv::54,False,UNIQUE,BARPETA,DISTRICT_OR_REPORTING_UNIT,VALID
Assam,BIEO,2013,0,0,0,0,0,0,0,0,0,0,ST,02_District_wise_crimes_committed_against_ST_2013.csv,55,02_District_wise_crimes_committed_against_ST_2013.csv::55,False,UNIQUE,BIEO,DISTRICT_OR_REPORTING_UNIT,VALID
Assam,BONGAIGAON,2013,0,0,0,0,0,0,0,0,0,0,ST,02_District_wise_crimes_committed_against_ST_2013.csv,56,02_District_wise_crimes_committed_against_ST_2013.csv::56,False,UNIQUE,BONGAIGAON,DISTRICT_OR_REPORTING_UNIT,VALID
Assam,C.I.D.,2013,0,0,0,0,0,0,0,0,0,0,ST,02_District_wise_crimes_committed_against_ST_2013.csv,57,02_District_wise_crimes_committed_against_ST_2013.csv::57,False,UNIQUE,C.I.D.,DISTRICT_OR_REPORTING_UNIT,VALID
Assam,CACHAR,2013,0,0,0,0,0,0,0,0,0,0,ST,02_District_wise_crimes_committed_against_ST_2013.csv,58,02_District_wise_crimes_committed_against_ST_2013.csv::58,False,UNIQUE,CACHAR,DISTRICT_OR_REPORTING_UNIT,VALID
Assam,CHIRANG,2013,0,0,0,0,0,0,0,0,0,0,ST,02_District_wise_crimes_committed_against_ST_2013.csv,59,02_District_wise_crimes_committed_against_ST_2013.csv::59,False,UNIQUE,CHIRANG,DISTRICT_OR_REPORTING_UNIT,VALID
Assam,DARRANG,2013,0,0,0,0,0,0,0,0,0,0,ST,02_District_wise_crimes_committed_against_ST_2013.csv,60,02_District_wise_crimes_committed_against_ST_2013.csv::60,False,UNIQUE,DARRANG,DISTRICT_OR_REPORTING_UNIT,VALID
Assam,DHEMAJI,2013,0,0,0,0,0,0,0,0,0,0,ST,02_District_wise_crimes_committed_against_ST_2013.csv,61,02_District_wise_crimes_committed_against_ST_2013.csv::61,False,UNIQUE,DHEMAJI,DISTRICT_OR_REPORTING_UNIT,VALID
Assam,DHUBRI,2013,0,0,0,0,0,0,0,0,0,0,ST,02_District_wise_crimes_committed_against_ST_2013.csv,62,02_District_wise_crimes_committed_against_ST_2013.csv::62,False,UNIQUE,DHUBRI,DISTRICT_OR_REPORTING_UNIT,VALID
Assam,DIBRUGARH,2013,0,0,0,0,0,0,0,0,0,0,ST,02_District_wise_crimes_committed_against_ST_2013.csv,63,02_District_wise_crimes_committed_against_ST_2013.csv::63,False,UNIQUE,DIBRUGARH,DISTRICT_OR_REPORTING_UNIT,VALID
Assam,G.R.P.,2013,0,0,0,0,0,0,0,0,0,0,ST,02_District_wise_crimes_committed_against_ST_2013.csv,64,02_District_wise_crimes_committed_against_ST_2013.csv::64,False,UNIQUE,G.R.P.,DISTRICT_OR_REPORTING_UNIT,VALID
Assam,GOALPARA,2013,0,0,0,0,0,0,0,0,0,0,ST,02_District_wise_crimes_committed_against_ST_2013.csv,65,02_District_wise_crimes_committed_against_ST_2013.csv::65,False,UNIQUE,GOALPARA,DISTRICT_OR_REPORTING_UNIT,VALID
Assam,GOLAGHAT,2013,0,0,0,0,0,0,0,0,0,0,ST,02_District_wise_crimes_committed_against_ST_2013.csv,66,02_District_wise_crimes_committed_against_ST_2013.csv::66,False,UNIQUE,GOLAGHAT,DISTRICT_OR_REPORTING_UNIT,VALID
Assam,GUWAHATI CITY,2013,0,0,0,0,0,0,0,0,0,0,ST,02_District_wise_crimes_committed_against_ST_2013.csv,67,02_District_wise_crimes_committed_against_ST_2013.csv::67,False,UNIQUE,GUWAHATI CITY,SPECIAL_UNIT,VALID
Assam,HAILAKANDI,2013,0,0,0,0,0,0,0,0,0,0,ST,02_District_wise_crimes_committed_against_ST_2013.csv,68,02_District_wise_crimes_committed_against_ST_2013.csv::68,False,UNIQUE,HAILAKANDI,DISTRICT_OR_REPORTING_UNIT,VALID
Assam,HAMREN,2013,0,0,0,0,0,0,0,0,0,0,ST,02_District_wise_crimes_committed_against_ST_2013.csv,69,02_District_wise_crimes_committed_against_ST_2013.csv::69,False,UNIQUE,HAMREN,DISTRICT_OR_REPORTING_UNIT,VALID
Assam,JORHAT,2013,0,0,0,0,0,0,0,0,0,0,ST,02_District_wise_crimes_committed_against_ST_2013.csv,70,02_District_wise_crimes_committed_against_ST_2013.csv::70,False,UNIQUE,JORHAT,DISTRICT_OR_REPORTING_UNIT,VALID
Assam,KAMRUP,2013,0,0,0,0,0,0,0,0,0,0,ST,02_District_wise_crimes_committed_against_ST_2013.csv,71,02_District_wise_crimes_committed_against_ST_2013.csv::71,False,UNIQUE,KAMRUP,DISTRICT_OR_REPORTING_UNIT,VALID
Assam,KARBI ANGLONG,2013,0,0,0,0,0,0,0,0,0,0,ST,02_District_wise_crimes_committed_against_ST_2013.csv,72,02_District_wise_crimes_committed_against_ST_2013.csv::72,False,UNIQUE,KARBI ANGLONG,DISTRICT_OR_REPORTING_UNIT,VALID
Assam,KARIMGANJ,2013,0,0,0,0,0,0,0,0,0,0,ST,02_District_wise_crimes_committed_against_ST_2013.csv,73,02_District_wise_crimes_committed_against_ST_2013.csv::73,False,UNIQUE,KARIMGANJ,DISTRICT_OR_REPORTING_UNIT,VALID
Assam,KOKRAJHAR,2013,0,0,0,0,0,0,0,0,0,0,ST,02_District_wise_crimes_committed_against_ST_2013.csv,74,02_District_wise_crimes_committed_against_ST_2013.csv::74,False,UNIQUE,KOKRAJHAR,DISTRICT_OR_REPORTING_UNIT,VALID
Assam,LAKHIMPUR,2013,0,0,0,0,0,0,0,0,0,0,ST,02_District_wise_crimes_committed_against_ST_2013.csv,75,02_District_wise_crimes_committed_against_ST_2013.csv::75,False,UNIQUE,LAKHIMPUR,DISTRICT_OR_REPORTING_UNIT,VALID
Assam,MORIGAON,2013,0,0,0,0,0,0,0,0,0,0,ST,02_District_wise_crimes_committed_against_ST_2013.csv,76,02_District_wise_crimes_committed_against_ST_2013.csv::76,False,UNIQUE,MORIGAON,DISTRICT_OR_REPORTING_UNIT,VALID
Assam,N.C.HILLS,2013,0,0,0,0,0,0,0,0,0,0,ST,02_District_wise_crimes_committed_against_ST_2013.csv,77,02_District_wise_crimes_committed_against_ST_2013.csv::77,False,UNIQUE,N.C.HILLS,DISTRICT_OR_REPORTING_UNIT,VALID
Assam,NAGAON,2013,0,0,0,0,0,0,0,0,0,0,ST,02_District_wise_crimes_committed_against_ST_2013.csv,78,02_District_wise_crimes_committed_against_ST_2013.csv::78,False,UNIQUE,NAGAON,DISTRICT_OR_REPORTING_UNIT,VALID
Assam,NALBARI,2013,0,0,0,0,0,0,0,0,0,0,ST,02_District_wise_crimes_committed_against_ST_2013.csv,79,02_District_wise_crimes_committed_against_ST_2013.csv::79,False,UNIQUE,NALBARI,DISTRICT_OR_REPORTING_UNIT,VALID
Assam,R.P.O.,2013,0,0,0,0,0,0,0,0,0,0,ST,02_District_wise_crimes_committed_against_ST_2013.csv,80,02_District_wise_crimes_committed_against_ST_2013.csv::80,False,UNIQUE,R.P.O.,DISTRICT_OR_REPORTING_UNIT,VALID
Assam,SIBSAGAR,2013,0,0,0,0,0,0,0,0,0,0,ST,02_District_wise_crimes_committed_against_ST_2013.csv,81,02_District_wise_crimes_committed_against_ST_2013.csv::81,False,UNIQUE,SIBSAGAR,DISTRICT_OR_REPORTING_UNIT,VALID
Assam,SONITPUR,2013,0,0,0,0,0,0,0,0,0,0,ST,02_District_wise_crimes_committed_against_ST_2013.csv,82,02_District_wise_crimes_committed_against_ST_2013.csv::82,False,UNIQUE,SONITPUR,DISTRICT_OR_REPORTING_UNIT,VALID
Assam,STF,2013,0,0,0,0,0,0,0,0,0,0,ST,02_District_wise_crimes_committed_against_ST_2013.csv,83,02_District_wise_crimes_committed_against_ST_2013.csv::83,False,UNIQUE,STF,DISTRICT_OR_REPORTING_UNIT,VALID
Assam,TINSUKIA,2013,0,0,0,0,0,0,0,0,0,0,ST,02_District_wise_crimes_committed_against_ST_2013.csv,84,02_District_wise_crimes_committed_against_ST_2013.csv::84,False,UNIQUE,TINSUKIA,DISTRICT_OR_REPORTING_UNIT,VALID
Assam,UDALGURI,2013,0,0,0,0,0,0,0,0,0,0,ST,02_District_wise_crimes_committed_against_ST_2013.csv,85,02_District_wise_crimes_committed_against_ST_2013.csv::85,False,UNIQUE,UDALGURI,DISTRICT_OR_REPORTING_UNIT,VALID
Assam,ZZ TOTAL,2013,0,0,0,0,0,0,0,0,0,0,ST,02_District_wise_crimes_committed_against_ST_2013.csv,86,02_District_wise_crimes_committed_against_ST_2013.csv::86,False,UNIQUE,ZZ TOTAL,DISTRICT_OR_REPORTING_UNIT,VALID
Bihar,ARARIA,2013,0,0,0,0,0,0,0,0,4,0,ST,02_District_wise_crimes_committed_against_ST_2013.csv,87,02_District_wise_crimes_committed_against_ST_2013.csv::87,False,UNIQUE,ARARIA,DISTRICT_OR_REPORTING_UNIT,VALID
Bihar,ARWAL,2013,0,0,0,0,0,0,0,0,0,0,ST,02_District_wise_crimes_committed_against_ST_2013.csv,88,02_District_wise_crimes_committed_against_ST_2013.csv::88,False,UNIQUE,ARWAL,DISTRICT_OR_REPORTING_UNIT,VALID
Bihar,AURANGABAD,2013,0,0,0,0,0,0,0,0,0,0,ST,02_District_wise_crimes_committed_against_ST_2013.csv,89,02_District_wise_crimes_committed_against_ST_2013.csv::89,False,UNIQUE,AURANGABAD,DISTRICT_OR_REPORTING_UNIT,VALID
Bihar,BAGAHA,2013,0,0,0,0,0,0,0,0,0,0,ST,02_District_wise_crimes_committed_against_ST_2013.csv,90,02_District_wise_crimes_committed_against_ST_2013.csv::90,False,UNIQUE,BAGAHA,DISTRICT_OR_REPORTING_UNIT,VALID
Bihar,BANKA,2013,0,0,0,0,0,0,0,0,1,0,ST,02_District_wise_crimes_committed_against_ST_2013.csv,91,02_District_wise_crimes_committed_against_ST_2013.csv::91,False,UNIQUE,BANKA,DISTRICT_OR_REPORTING_UNIT,VALID
Bihar,BEGUSARAI,2013,0,0,0,0,0,0,0,0,0,0,ST,02_District_wise_crimes_committed_against_ST_2013.csv,92,02_District_wise_crimes_committed_against_ST_2013.csv::92,False,UNIQUE,BEGUSARAI,DISTRICT_OR_REPORTING_UNIT,VALID
Bihar,BETTIAH,2013,0,0,0,0,0,0,0,0,0,0,ST,02_District_wise_crimes_committed_against_ST_2013.csv,93,02_District_wise_crimes_committed_against_ST_2013.csv::93,False,UNIQUE,BETTIAH,DISTRICT_OR_REPORTING_UNIT,VALID
Bihar,BHABHUA,2013,0,0,0,0,0,0,4,0,6,0,ST,02_District_wise_crimes_committed_against_ST_2013.csv,94,02_District_wise_crimes_committed_against_ST_2013.csv::94,False,UNIQUE,BHABHUA,DISTRICT_OR_REPORTING_UNIT,VALID
Bihar,BHAGALPUR,2013,0,0,0,0,0,0,1,0,1,0,ST,02_District_wise_crimes_committed_against_ST_2013.csv,95,02_District_wise_crimes_committed_against_ST_2013.csv::95,False,UNIQUE,BHAGALPUR,DISTRICT_OR_REPORTING_UNIT,VALID
Bihar,BHOJPUR,2013,0,0,0,0,0,0,0,0,0,0,ST,02_District_wise_crimes_committed_against_ST_2013.csv,96,02_District_wise_crimes_committed_against_ST_2013.csv::96,False,UNIQUE,BHOJPUR,DISTRICT_OR_REPORTING_UNIT,VALID
Bihar,BUXAR,2013,0,0,0,0,0,0,0,0,0,0,ST,02_District_wise_crimes_committed_against_ST_2013.csv,97,02_District_wise_crimes_committed_against_ST_2013.csv::97,False,UNIQUE,BUXAR,DISTRICT_OR_REPORTING_UNIT,VALID
Bihar,DARBHANGA,2013,0,0,0,0,0,0,0,0,0,0,ST,02_District_wise_crimes_committed_against_ST_2013.csv,98,02_District_wise_crimes_committed_against_ST_2013.csv::98,False,UNIQUE,DARBHANGA,DISTRICT_OR_REPORTING_UNIT,VALID
Bihar,GAYA,2013,0,0,0,0,0,0,0,0,0,0,ST,02_District_wise_crimes_committed_against_ST_2013.csv,99,02_District_wise_crimes_committed_against_ST_2013.csv::99,False,UNIQUE,GAYA,DISTRICT_OR_REPORTING_UNIT,VALID
Bihar,GOPALGANJ,2013,0,0,0,0,0,0,0,0,4,0,ST,02_District_wise_crimes_committed_against_ST_2013.csv,100,02_District_wise_crimes_committed_against_ST_2013.csv::100,False,UNIQUE,GOPALGANJ,DISTRICT_OR_REPORTING_UNIT,VALID
Bihar,JAMALPUR RLY.,2013,0,0,0,0,0,0,0,0,0,0,ST,02_District_wise_crimes_committed_against_ST_2013.csv,101,02_District_wise_crimes_committed_against_ST_2013.csv::101,False,UNIQUE,JAMALPUR RLY.,DISTRICT_OR_REPORTING_UNIT,VALID
Bihar,JAMUI,2013,0,0,0,0,0,0,0,0,0,0,ST,02_District_wise_crimes_committed_against_ST_2013.csv,102,02_District_wise_crimes_committed_against_ST_2013.csv::102,False,UNIQUE,JAMUI,DISTRICT_OR_REPORTING_UNIT,VALID
Bihar,JEHANABAD,2013,0,0,0,0,0,0,0,0,0,0,ST,02_District_wise_crimes_committed_against_ST_2013.csv,103,02_District_wise_crimes_committed_against_ST_2013.csv::103,False,UNIQUE,JEHANABAD,DISTRICT_OR_REPORTING_UNIT,VALID
Bihar,KATIHAR,2013,0,0,0,0,0,0,0,0,13,0,ST,02_District_wise_crimes_committed_against_ST_2013.csv,104,02_District_wise_crimes_committed_against_ST_2013.csv::104,False,UNIQUE,KATIHAR,DISTRICT_OR_REPORTING_UNIT,VALID
Bihar,KATIHAR RLY.,2013,0,0,0,0,0,0,0,0,0,0,ST,02_District_wise_crimes_committed_against_ST_2013.csv,105,02_District_wise_crimes_committed_against_ST_2013.csv::105,False,UNIQUE,KATIHAR RLY.,DISTRICT_OR_REPORTING_UNIT,VALID
Bihar,KHAGARIA,2013,0,0,0,0,0,0,0,0,0,0,ST,02_District_wise_crimes_committed_against_ST_2013.csv,106,02_District_wise_crimes_committed_against_ST_2013.csv::106,False,UNIQUE,KHAGARIA,DISTRICT_OR_REPORTING_UNIT,VALID
Bihar,KISHANGANJ,2013,0,0,0,0,0,0,0,0,18,0,ST,02_District_wise_crimes_committed_against_ST_2013.csv,107,02_District_wise_crimes_committed_against_ST_2013.csv::107,False,UNIQUE,KISHANGANJ,DISTRICT_OR_REPORTING_UNIT,VALID
Bihar,LAKHISARAI,2013,0,0,0,0,0,0,0,0,0,0,ST,02_District_wise_crimes_committed_against_ST_2013.csv,108,02_District_wise_crimes_committed_against_ST_2013.csv::108,False,UNIQUE,LAKHISARAI,DISTRICT_OR_REPORTING_UNIT,VALID
Bihar,MADHEPURA,2013,0,0,0,0,0,0,0,0,0,0,ST,02_District_wise_crimes_committed_against_ST_2013.csv,109,02_District_wise_crimes_committed_against_ST_2013.csv::109,False,UNIQUE,MADHEPURA,DISTRICT_OR_REPORTING_UNIT,VALID
Bihar,MADHUBANI,2013,0,0,1,0,0,0,0,0,0,0,ST,02_District_wise_crimes_committed_against_ST_2013.csv,110,02_District_wise_crimes_committed_against_ST_2013.csv::110,False,UNIQUE,MADHUBANI,DISTRICT_OR_REPORTING_UNIT,VALID
Bihar,MOTIHARI,2013,0,0,0,0,0,0,0,0,0,0,ST,02_District_wise_crimes_committed_against_ST_2013.csv,111,02_District_wise_crimes_committed_against_ST_2013.csv::111,False,UNIQUE,MOTIHARI,DISTRICT_OR_REPORTING_UNIT,VALID
Bihar,MUNGER,2013,0,0,0,0,0,0,0,0,0,0,ST,02_District_wise_crimes_committed_against_ST_2013.csv,112,02_District_wise_crimes_committed_against_ST_2013.csv::112,False,UNIQUE,MUNGER,DISTRICT_OR_REPORTING_UNIT,VALID
Bihar,MUZAFFARPUR,2013,0,0,0,0,0,0,0,0,0,0,ST,02_District_wise_crimes_committed_against_ST_2013.csv,113,02_District_wise_crimes_committed_against_ST_2013.csv::113,False,UNIQUE,MUZAFFARPUR,DISTRICT_OR_REPORTING_UNIT,VALID
Bihar,MUZAFFARPUR RLY.,2013,0,0,0,0,0,0,0,0,0,0,ST,02_District_wise_crimes_committed_against_ST_2013.csv,114,02_District_wise_crimes_committed_against_ST_2013.csv::114,False,UNIQUE,MUZAFFARPUR RLY.,DISTRICT_OR_REPORTING_UNIT,VALID
Bihar,NALANDA,2013,0,0,0,0,0,0,0,0,0,0,ST,02_District_wise_crimes_committed_against_ST_2013.csv,115,02_District_wise_crimes_committed_against_ST_2013.csv::115,False,UNIQUE,NALANDA,DISTRICT_OR_REPORTING_UNIT,VALID
Bihar,NAUGACHIA,2013,2,0,0,0,0,0,0,0,0,0,ST,02_District_wise_crimes_committed_against_ST_2013.csv,116,02_District_wise_crimes_committed_against_ST_2013.csv::116,False,UNIQUE,NAUGACHIA,DISTRICT_OR_REPORTING_UNIT,VALID
Bihar,NAWADAH,2013,0,0,0,0,0,0,0,0,0,0,ST,02_District_wise_crimes_committed_against_ST_2013.csv,117,02_District_wise_crimes_committed_against_ST_2013.csv::117,False,UNIQUE,NAWADAH,DISTRICT_OR_REPORTING_UNIT,VALID
Bihar,PATNA,2013,0,0,0,0,0,0,0,0,0,0,ST,02_District_wise_crimes_committed_against_ST_2013.csv,118,02_District_wise_crimes_committed_against_ST_2013.csv::118,False,UNIQUE,PATNA,DISTRICT_OR_REPORTING_UNIT,VALID
Bihar,PATNA RLY.,2013,0,0,0,0,0,0,0,0,0,0,ST,02_District_wise_crimes_committed_against_ST_2013.csv,119,02_District_wise_crimes_committed_against_ST_2013.csv::119,False,UNIQUE,PATNA RLY.,DISTRICT_OR_REPORTING_UNIT,VALID
Bihar,PURNEA,2013,0,0,0,0,0,0,10,0,10,0,ST,02_District_wise_crimes_committed_against_ST_2013.csv,120,02_District_wise_crimes_committed_against_ST_2013.csv::120,False,UNIQUE,PURNEA,DISTRICT_OR_REPORTING_UNIT,VALID
Bihar,ROHTAS,2013,0,0,0,0,0,0,0,0,9,0,ST,02_District_wise_crimes_committed_against_ST_2013.csv,121,02_District_wise_crimes_committed_against_ST_2013.csv::121,False,UNIQUE,ROHTAS,DISTRICT_OR_REPORTING_UNIT,VALID
Bihar,SAHARSA,2013,0,0,0,0,0,0,0,0,0,0,ST,02_District_wise_crimes_committed_against_ST_2013.csv,122,02_District_wise_crimes_committed_against_ST_2013.csv::122,False,UNIQUE,SAHARSA,DISTRICT_OR_REPORTING_UNIT,VALID
Bihar,SAMASTIPUR,2013,0,0,0,0,0,0,0,0,0,0,ST,02_District_wise_crimes_committed_against_ST_2013.csv,123,02_District_wise_crimes_committed_against_ST_2013.csv::123,False,UNIQUE,SAMASTIPUR,DISTRICT_OR_REPORTING_UNIT,VALID
Bihar,SARAN,2013,0,0,0,0,0,0,0,0,0,0,ST,02_District_wise_crimes_committed_against_ST_2013.csv,124,02_District_wise_crimes_committed_against_ST_2013.csv::124,False,UNIQUE,SARAN,DISTRICT_OR_REPORTING_UNIT,VALID
Bihar,SHEIKHPURA,2013,0,0,0,0,0,0,0,0,0,0,ST,02_District_wise_crimes_committed_against_ST_2013.csv,125,02_District_wise_crimes_committed_against_ST_2013.csv::125,False,UNIQUE,SHEIKHPURA,DISTRICT_OR_REPORTING_UNIT,VALID
Bihar,SHEOHAR,2013,0,0,0,0,0,0,0,0,0,5,ST,02_District_wise_crimes_committed_against_ST_2013.csv,126,02_District_wise_crimes_committed_against_ST_2013.csv::126,False,UNIQUE,SHEOHAR,DISTRICT_OR_REPORTING_UNIT,VALID
Bihar,SITAMARHI,2013,0,0,0,0,0,0,0,0,0,0,ST,02_District_wise_crimes_committed_against_ST_2013.csv,127,02_District_wise_crimes_committed_against_ST_2013.csv::127,False,UNIQUE,SITAMARHI,DISTRICT_OR_REPORTING_UNIT,VALID
Bihar,SIWAN,2013,0,0,0,0,0,0,0,0,2,0,ST,02_District_wise_crimes_committed_against_ST_2013.csv,128,02_District_wise_crimes_committed_against_ST_2013.csv::128,False,UNIQUE,SIWAN,DISTRICT_OR_REPORTING_UNIT,VALID
Bihar,SUPAUL,2013,0,0,0,0,0,0,0,0,0,0,ST,02_District_wise_crimes_committed_against_ST_2013.csv,129,02_District_wise_crimes_committed_against_ST_2013.csv::129,False,UNIQUE,SUPAUL,DISTRICT_OR_REPORTING_UNIT,VALID
Bihar,VAISHALI,2013,0,0,0,0,0,0,0,0,0,0,ST,02_District_wise_crimes_committed_against_ST_2013.csv,130,02_District_wise_crimes_committed_against_ST_2013.csv::130,False,UNIQUE,VAISHALI,DISTRICT_OR_REPORTING_UNIT,VALID
Bihar,ZZ TOTAL,2013,2,0,1,0,0,0,15,0,68,5,ST,02_District_wise_crimes_committed_against_ST_2013.csv,131,02_District_wise_crimes_committed_against_ST_2013.csv::131,False,UNIQUE,ZZ TOTAL,DISTRICT_OR_REPORTING_UNIT,VALID
Chhattisgarh,BALOD,2013,1,0,0,0,0,0,0,0,0,1,ST,02_District_wise_crimes_committed_against_ST_2013.csv,132,02_District_wise_crimes_committed_against_ST_2013.csv::132,False,UNIQUE,BALOD,DISTRICT_OR_REPORTING_UNIT,VALID
Chhattisgarh,BALODA BAZAR,2013,0,1,0,0,0,0,7,0,0,8,ST,02_District_wise_crimes_committed_against_ST_2013.csv,133,02_District_wise_crimes_committed_against_ST_2013.csv::133,False,UNIQUE,BALODA BAZAR,DISTRICT_OR_REPORTING_UNIT,VALID
Chhattisgarh,BALRAMPUR,2013,0,8,1,0,0,0,3,0,0,10,ST,02_District_wise_crimes_committed_against_ST_2013.csv,134,02_District_wise_crimes_committed_against_ST_2013.csv::134,False,UNIQUE,BALRAMPUR,DISTRICT_OR_REPORTING_UNIT,VALID
Chhattisgarh,BEMETARA,2013,0,2,0,0,0,0,0,0,0,0,ST,02_District_wise_crimes_committed_against_ST_2013.csv,135,02_District_wise_crimes_committed_against_ST_2013.csv::135,False,UNIQUE,BEMETARA,DISTRICT_OR_REPORTING_UNIT,VALID
Chhattisgarh,BILASPUR,2013,0,6,0,0,0,0,5,0,0,13,ST,02_District_wise_crimes_committed_against_ST_2013.csv,136,02_District_wise_crimes_committed_against_ST_2013.csv::136,False,UNIQUE,BILASPUR,DISTRICT_OR_REPORTING_UNIT,VALID
Chhattisgarh,BIZAPUR,2013,0,1,0,0,0,0,0,0,0,1,ST,02_District_wise_crimes_committed_against_ST_2013.csv,137,02_District_wise_crimes_committed_against_ST_2013.csv::137,False,UNIQUE,BIZAPUR,DISTRICT_OR_REPORTING_UNIT,VALID
Chhattisgarh,DANTEWARA,2013,0,2,0,0,0,0,1,0,0,1,ST,02_District_wise_crimes_committed_against_ST_2013.csv,138,02_District_wise_crimes_committed_against_ST_2013.csv::138,False,UNIQUE,DANTEWARA,DISTRICT_OR_REPORTING_UNIT,VALID
Chhattisgarh,DHAMTARI,2013,0,5,0,0,0,0,1,0,0,1,ST,02_District_wise_crimes_committed_against_ST_2013.csv,139,02_District_wise_crimes_committed_against_ST_2013.csv::139,False,UNIQUE,DHAMTARI,DISTRICT_OR_REPORTING_UNIT,VALID
Chhattisgarh,DURG,2013,0,1,0,0,0,0,0,0,0,4,ST,02_District_wise_crimes_committed_against_ST_2013.csv,140,02_District_wise_crimes_committed_against_ST_2013.csv::140,False,UNIQUE,DURG,DISTRICT_OR_REPORTING_UNIT,VALID
Chhattisgarh,GARIYABAND,2013,0,3,0,0,0,0,1,0,0,7,ST,02_District_wise_crimes_committed_against_ST_2013.csv,141,02_District_wise_crimes_committed_against_ST_2013.csv::141,False,UNIQUE,GARIYABAND,DISTRICT_OR_REPORTING_UNIT,VALID
Chhattisgarh,GRP RAIPUR,2013,0,0,0,0,0,0,0,0,0,0,ST,02_District_wise_crimes_committed_against_ST_2013.csv,142,02_District_wise_crimes_committed_against_ST_2013.csv::142,False,UNIQUE,GRP RAIPUR,DISTRICT_OR_REPORTING_UNIT,VALID
Chhattisgarh,JAGDALPUR,2013,0,7,1,0,0,0,0,0,0,3,ST,02_District_wise_crimes_committed_against_ST_2013.csv,143,02_District_wise_crimes_committed_against_ST_2013.csv::143,False,UNIQUE,JAGDALPUR,DISTRICT_OR_REPORTING_UNIT,VALID
Chhattisgarh,JANJGIR,2013,0,1,0,0,0,0,12,0,0,9,ST,02_District_wise_crimes_committed_against_ST_2013.csv,144,02_District_wise_crimes_committed_against_ST_2013.csv::144,False,UNIQUE,JANJGIR,DISTRICT_OR_REPORTING_UNIT,VALID
Chhattisgarh,JASHPUR,2013,2,17,1,0,0,0,6,0,0,12,ST,02_District_wise_crimes_committed_against_ST_2013.csv,145,02_District_wise_crimes_committed_against_ST_2013.csv::145,False,UNIQUE,JASHPUR,DISTRICT_OR_REPORTING_UNIT,VALID
Chhattisgarh,KABIRDHAM,2013,1,1,0,0,0,0,1,0,0,2,ST,02_District_wise_crimes_committed_against_ST_2013.csv,146,02_District_wise_crimes_committed_against_ST_2013.csv::146,False,UNIQUE,KABIRDHAM,DISTRICT_OR_REPORTING_UNIT,VALID
Chhattisgarh,KANKER,2013,0,7,0,0,0,0,0,0,0,5,ST,02_District_wise_crimes_committed_against_ST_2013.csv,147,02_District_wise_crimes_committed_against_ST_2013.csv::147,False,UNIQUE,KANKER,DISTRICT_OR_REPORTING_UNIT,VALID
Chhattisgarh,KONDAGAON,2013,0,0,0,0,0,0,0,0,0,2,ST,02_District_wise_crimes_committed_against_ST_2013.csv,148,02_District_wise_crimes_committed_against_ST_2013.csv::148,False,UNIQUE,KONDAGAON,DISTRICT_OR_REPORTING_UNIT,VALID
Chhattisgarh,KORBA,2013,0,7,1,0,0,0,6,0,0,0,ST,02_District_wise_crimes_committed_against_ST_2013.csv,149,02_District_wise_crimes_committed_against_ST_2013.csv::149,False,UNIQUE,KORBA,DISTRICT_OR_REPORTING_UNIT,VALID
Chhattisgarh,KORIYA,2013,1,7,0,0,0,0,6,0,0,14,ST,02_District_wise_crimes_committed_against_ST_2013.csv,150,02_District_wise_crimes_committed_against_ST_2013.csv::150,False,UNIQUE,KORIYA,DISTRICT_OR_REPORTING_UNIT,VALID
Chhattisgarh,MAHASAMUND,2013,0,1,0,0,0,0,0,0,0,2,ST,02_District_wise_crimes_committed_against_ST_2013.csv,151,02_District_wise_crimes_committed_against_ST_2013.csv::151,False,UNIQUE,MAHASAMUND,DISTRICT_OR_REPORTING_UNIT,VALID
Chhattisgarh,MUNGELI,2013,0,0,0,0,0,0,0,0,0,1,ST,02_District_wise_crimes_committed_against_ST_2013.csv,152,02_District_wise_crimes_committed_against_ST_2013.csv::152,False,UNIQUE,MUNGELI,DISTRICT_OR_REPORTING_UNIT,VALID
Chhattisgarh,NARAYANPUR,2013,0,1,0,0,0,0,0,0,0,2,ST,02_District_wise_crimes_committed_against_ST_2013.csv,153,02_District_wise_crimes_committed_against_ST_2013.csv::153,False,UNIQUE,NARAYANPUR,DISTRICT_OR_REPORTING_UNIT,VALID
Chhattisgarh,RAIGARH,2013,2,9,0,0,0,0,12,0,0,9,ST,02_District_wise_crimes_committed_against_ST_2013.csv,154,02_District_wise_crimes_committed_against_ST_2013.csv::154,False,UNIQUE,RAIGARH,DISTRICT_OR_REPORTING_UNIT,VALID
Chhattisgarh,RAIPUR,2013,0,0,0,0,0,0,0,0,0,4,ST,02_District_wise_crimes_committed_against_ST_2013.csv,155,02_District_wise_crimes_committed_against_ST_2013.csv::155,False,UNIQUE,RAIPUR,DISTRICT_OR_REPORTING_UNIT,VALID
Chhattisgarh,RAJNANDGAON,2013,0,4,0,0,0,0,0,0,0,4,ST,02_District_wise_crimes_committed_against_ST_2013.csv,156,02_District_wise_crimes_committed_against_ST_2013.csv::156,False,UNIQUE,RAJNANDGAON,DISTRICT_OR_REPORTING_UNIT,VALID
Chhattisgarh,SARGUJA,2013,1,6,0,0,0,0,2,0,0,13,ST,02_District_wise_crimes_committed_against_ST_2013.csv,157,02_District_wise_crimes_committed_against_ST_2013.csv::157,False,UNIQUE,SARGUJA,DISTRICT_OR_REPORTING_UNIT,VALID
Chhattisgarh,SUKMA,2013,0,0,0,0,0,0,0,0,0,0,ST,02_District_wise_crimes_committed_against_ST_2013.csv,158,02_District_wise_crimes_committed_against_ST_2013.csv::158,False,UNIQUE,SUKMA,DISTRICT_OR_REPORTING_UNIT,VALID
Chhattisgarh,SURAJPUR,2013,0,15,1,0,0,1,5,0,0,9,ST,02_District_wise_crimes_committed_against_ST_2013.csv,159,02_District_wise_crimes_committed_against_ST_2013.csv::159,False,UNIQUE,SURAJPUR,DISTRICT_OR_REPORTING_UNIT,VALID
Chhattisgarh,ZZ TOTAL,2013,8,112,5,0,0,1,68,0,0,137,ST,02_District_wise_crimes_committed_against_ST_2013.csv,160,02_District_wise_crimes_committed_against_ST_2013.csv::160,False,UNIQUE,ZZ TOTAL,DISTRICT_OR_REPORTING_UNIT,VALID
Goa,NORTH GOA,2013,0,0,0,0,0,0,0,1,1,4,ST,02_District_wise_crimes_committed_against_ST_2013.csv,161,02_District_wise_crimes_committed_against_ST_2013.csv::161,False,UNIQUE,NORTH GOA,DISTRICT_OR_REPORTING_UNIT,VALID
Goa,SOUTH GOA,2013,0,0,0,0,0,0,0,0,3,1,ST,02_District_wise_crimes_committed_against_ST_2013.csv,162,02_District_wise_crimes_committed_against_ST_2013.csv::162,False,UNIQUE,SOUTH GOA,DISTRICT_OR_REPORTING_UNIT,VALID
Goa,ZZ TOTAL,2013,0,0,0,0,0,0,0,1,4,5,ST,02_District_wise_crimes_committed_against_ST_2013.csv,163,02_District_wise_crimes_committed_against_ST_2013.csv::163,False,UNIQUE,ZZ TOTAL,DISTRICT_OR_REPORTING_UNIT,VALID
Gujarat,AHMEDABAD COMMR.,2013,0,2,2,0,0,0,0,0,3,1,ST,02_District_wise_crimes_committed_against_ST_2013.csv,164,02_District_wise_crimes_committed_against_ST_2013.csv::164,False,UNIQUE,AHMEDABAD COMMR.,DISTRICT_OR_REPORTING_UNIT,VALID
Gujarat,AHMEDABAD RURAL,2013,0,1,0,0,0,0,1,0,0,1,ST,02_District_wise_crimes_committed_against_ST_2013.csv,165,02_District_wise_crimes_committed_against_ST_2013.csv::165,False,UNIQUE,AHMEDABAD RURAL,SPECIAL_UNIT,VALID
Gujarat,AHWA-DANG,2013,0,1,0,0,0,0,0,0,0,1,ST,02_District_wise_crimes_committed_against_ST_2013.csv,166,02_District_wise_crimes_committed_against_ST_2013.csv::166,False,UNIQUE,AHWA-DANG,DISTRICT_OR_REPORTING_UNIT,VALID
Gujarat,AMRELI,2013,0,0,0,0,0,0,0,0,0,0,ST,02_District_wise_crimes_committed_against_ST_2013.csv,167,02_District_wise_crimes_committed_against_ST_2013.csv::167,False,UNIQUE,AMRELI,DISTRICT_OR_REPORTING_UNIT,VALID
Gujarat,ANAND,2013,1,0,5,0,0,0,1,0,3,0,ST,02_District_wise_crimes_committed_against_ST_2013.csv,168,02_District_wise_crimes_committed_against_ST_2013.csv::168,False,UNIQUE,ANAND,DISTRICT_OR_REPORTING_UNIT,VALID
Gujarat,BHARUCH,2013,2,4,1,0,0,0,5,0,16,9,ST,02_District_wise_crimes_committed_against_ST_2013.csv,169,02_District_wise_crimes_committed_against_ST_2013.csv::169,False,UNIQUE,BHARUCH,DISTRICT_OR_REPORTING_UNIT,VALID
Gujarat,BHAVNAGAR,2013,1,1,1,0,0,0,0,0,0,3,ST,02_District_wise_crimes_committed_against_ST_2013.csv,170,02_District_wise_crimes_committed_against_ST_2013.csv::170,False,UNIQUE,BHAVNAGAR,DISTRICT_OR_REPORTING_UNIT,VALID
Gujarat,CID CRIME,2013,0,0,0,0,0,0,0,0,0,0,ST,02_District_wise_crimes_committed_against_ST_2013.csv,171,02_District_wise_crimes_committed_against_ST_2013.csv::171,False,UNIQUE,CID CRIME,DISTRICT_OR_REPORTING_UNIT,VALID
Gujarat,DAHOD,2013,0,0,0,0,0,0,0,0,0,0,ST,02_District_wise_crimes_committed_against_ST_2013.csv,172,02_District_wise_crimes_committed_against_ST_2013.csv::172,False,UNIQUE,DAHOD,DISTRICT_OR_REPORTING_UNIT,VALID
Gujarat,GANDHINAGAR,2013,0,0,0,0,0,0,1,0,0,1,ST,02_District_wise_crimes_committed_against_ST_2013.csv,173,02_District_wise_crimes_committed_against_ST_2013.csv::173,False,UNIQUE,GANDHINAGAR,DISTRICT_OR_REPORTING_UNIT,VALID
Gujarat,HIMATNAGAR,2013,0,0,2,0,0,0,2,0,0,2,ST,02_District_wise_crimes_committed_against_ST_2013.csv,174,02_District_wise_crimes_committed_against_ST_2013.csv::174,False,UNIQUE,HIMATNAGAR,DISTRICT_OR_REPORTING_UNIT,VALID
Gujarat,JAMNAGAR,2013,0,0,0,0,0,0,1,0,0,0,ST,02_District_wise_crimes_committed_against_ST_2013.csv,175,02_District_wise_crimes_committed_against_ST_2013.csv::175,False,UNIQUE,JAMNAGAR,DISTRICT_OR_REPORTING_UNIT,VALID
Gujarat,JUNAGADH,2013,0,0,0,0,0,0,0,0,0,1,ST,02_District_wise_crimes_committed_against_ST_2013.csv,176,02_District_wise_crimes_committed_against_ST_2013.csv::176,False,UNIQUE,JUNAGADH,DISTRICT_OR_REPORTING_UNIT,VALID
Gujarat,KHEDA NORTH,2013,0,2,0,0,0,0,0,0,0,0,ST,02_District_wise_crimes_committed_against_ST_2013.csv,177,02_District_wise_crimes_committed_against_ST_2013.csv::177,False,UNIQUE,KHEDA NORTH,DISTRICT_OR_REPORTING_UNIT,VALID
Gujarat,KUTCH (EAST(G)),2013,0,0,1,0,0,0,0,0,0,1,ST,02_District_wise_crimes_committed_against_ST_2013.csv,178,02_District_wise_crimes_committed_against_ST_2013.csv::178,False,UNIQUE,KUTCH (EAST(G)),DISTRICT_OR_REPORTING_UNIT,VALID
Gujarat,KUTCH (WEST-BHUJ),2013,0,0,0,0,0,0,0,0,1,1,ST,02_District_wise_crimes_committed_against_ST_2013.csv,179,02_District_wise_crimes_committed_against_ST_2013.csv::179,False,UNIQUE,KUTCH (WEST-BHUJ),DISTRICT_OR_REPORTING_UNIT,VALID
Gujarat,MEHSANA,2013,0,3,0,0,0,0,3,0,0,0,ST,02_District_wise_crimes_committed_against_ST_2013.csv,180,02_District_wise_crimes_committed_against_ST_2013.csv::180,False,UNIQUE,MEHSANA,DISTRICT_OR_REPORTING_UNIT,VALID
Gujarat,NARMADA,2013,0,1,0,0,0,0,1,0,1,0,ST,02_District_wise_crimes_committed_against_ST_2013.csv,181,02_District_wise_crimes_committed_against_ST_2013.csv::181,False,UNIQUE,NARMADA,DISTRICT_OR_REPORTING_UNIT,VALID
Gujarat,NAVSARI,2013,0,3,2,0,0,0,0,0,0,11,ST,02_District_wise_crimes_committed_against_ST_2013.csv,182,02_District_wise_crimes_committed_against_ST_2013.csv::182,False,UNIQUE,NAVSARI,DISTRICT_OR_REPORTING_UNIT,VALID
Gujarat,PALANPUR,2013,0,2,3,1,0,0,9,0,22,1,ST,02_District_wise_crimes_committed_against_ST_2013.csv,183,02_District_wise_crimes_committed_against_ST_2013.csv::183,False,UNIQUE,PALANPUR,DISTRICT_OR_REPORTING_UNIT,VALID
Gujarat,PANCHMAHAL,2013,1,3,0,0,0,0,3,0,0,0,ST,02_District_wise_crimes_committed_against_ST_2013.csv,184,02_District_wise_crimes_committed_against_ST_2013.csv::184,False,UNIQUE,PANCHMAHAL,DISTRICT_OR_REPORTING_UNIT,VALID
Gujarat,PATAN,2013,0,1,0,0,0,0,0,0,0,4,ST,02_District_wise_crimes_committed_against_ST_2013.csv,185,02_District_wise_crimes_committed_against_ST_2013.csv::185,False,UNIQUE,PATAN,DISTRICT_OR_REPORTING_UNIT,VALID
Gujarat,PORBANDAR,2013,0,0,0,0,0,0,0,0,0,0,ST,02_District_wise_crimes_committed_against_ST_2013.csv,186,02_District_wise_crimes_committed_against_ST_2013.csv::186,False,UNIQUE,PORBANDAR,DISTRICT_OR_REPORTING_UNIT,VALID
Gujarat,RAJKOT COMMR.,2013,0,1,0,0,0,1,1,0,0,0,ST,02_District_wise_crimes_committed_against_ST_2013.csv,187,02_District_wise_crimes_committed_against_ST_2013.csv::187,False,UNIQUE,RAJKOT COMMR.,DISTRICT_OR_REPORTING_UNIT,VALID
Gujarat,RAJKOT RURAL,2013,0,2,2,0,0,0,0,0,0,1,ST,02_District_wise_crimes_committed_against_ST_2013.csv,188,02_District_wise_crimes_committed_against_ST_2013.csv::188,False,UNIQUE,RAJKOT RURAL,SPECIAL_UNIT,VALID
Gujarat,SURAT COMMR.,2013,0,1,0,0,0,0,0,0,9,0,ST,02_District_wise_crimes_committed_against_ST_2013.csv,189,02_District_wise_crimes_committed_against_ST_2013.csv::189,False,UNIQUE,SURAT COMMR.,DISTRICT_OR_REPORTING_UNIT,VALID
Gujarat,SURAT RURAL,2013,2,2,0,0,0,0,3,0,1,7,ST,02_District_wise_crimes_committed_against_ST_2013.csv,190,02_District_wise_crimes_committed_against_ST_2013.csv::190,False,UNIQUE,SURAT RURAL,SPECIAL_UNIT,VALID
Gujarat,SURENDRANAGAR,2013,0,0,0,0,0,0,0,0,0,4,ST,02_District_wise_crimes_committed_against_ST_2013.csv,191,02_District_wise_crimes_committed_against_ST_2013.csv::191,False,UNIQUE,SURENDRANAGAR,DISTRICT_OR_REPORTING_UNIT,VALID
Gujarat,TAPI,2013,0,0,1,0,0,0,2,0,0,0,ST,02_District_wise_crimes_committed_against_ST_2013.csv,192,02_District_wise_crimes_committed_against_ST_2013.csv::192,False,UNIQUE,TAPI,DISTRICT_OR_REPORTING_UNIT,VALID
Gujarat,VADODARA COMMR.,2013,0,2,2,0,0,0,0,0,0,4,ST,02_District_wise_crimes_committed_against_ST_2013.csv,193,02_District_wise_crimes_committed_against_ST_2013.csv::193,False,UNIQUE,VADODARA COMMR.,DISTRICT_OR_REPORTING_UNIT,VALID
Gujarat,VADODARA RURAL,2013,1,1,0,0,0,0,2,0,2,7,ST,02_District_wise_crimes_committed_against_ST_2013.csv,194,02_District_wise_crimes_committed_against_ST_2013.csv::194,False,UNIQUE,VADODARA RURAL,SPECIAL_UNIT,VALID
Gujarat,VALSAD,2013,0,1,0,0,0,0,1,0,0,4,ST,02_District_wise_crimes_committed_against_ST_2013.csv,195,02_District_wise_crimes_committed_against_ST_2013.csv::195,False,UNIQUE,VALSAD,DISTRICT_OR_REPORTING_UNIT,VALID
Gujarat,W.RLY AHMEDABAD,2013,0,0,0,0,0,0,0,0,0,0,ST,02_District_wise_crimes_committed_against_ST_2013.csv,196,02_District_wise_crimes_committed_against_ST_2013.csv::196,False,UNIQUE,W.RLY AHMEDABAD,DISTRICT_OR_REPORTING_UNIT,VALID
Gujarat,W.RLY VADODARA,2013,0,0,0,0,0,0,0,0,0,0,ST,02_District_wise_crimes_committed_against_ST_2013.csv,197,02_District_wise_crimes_committed_against_ST_2013.csv::197,False,UNIQUE,W.RLY VADODARA,DISTRICT_OR_REPORTING_UNIT,VALID
Gujarat,ZZ TOTAL,2013,8,34,22,1,0,1,36,0,58,64,ST,02_District_wise_crimes_committed_against_ST_2013.csv,198,02_District_wise_crimes_committed_against_ST_2013.csv::198,False,UNIQUE,ZZ TOTAL,DISTRICT_OR_REPORTING_UNIT,VALID
Haryana,AMBALA RURAL,2013,0,0,0,0,0,0,0,0,0,0,ST,02_District_wise_crimes_committed_against_ST_2013.csv,199,02_District_wise_crimes_committed_against_ST_2013.csv::199,False,UNIQUE,AMBALA RURAL,SPECIAL_UNIT,VALID
Haryana,AMBALA URBAN,2013,0,0,0,0,0,0,0,0,0,0,ST,02_District_wise_crimes_committed_against_ST_2013.csv,200,02_District_wise_crimes_committed_against_ST_2013.csv::200,False,UNIQUE,AMBALA URBAN,SPECIAL_UNIT,VALID
Haryana,BHIWANI,2013,0,0,0,0,0,0,0,0,0,0,ST,02_District_wise_crimes_committed_against_ST_2013.csv,201,02_District_wise_crimes_committed_against_ST_2013.csv::201,False,UNIQUE,BHIWANI,DISTRICT_OR_REPORTING_UNIT,VALID
Haryana,FARIDABAD,2013,0,0,0,0,0,0,0,0,0,0,ST,02_District_wise_crimes_committed_against_ST_2013.csv,202,02_District_wise_crimes_committed_against_ST_2013.csv::202,False,UNIQUE,FARIDABAD,DISTRICT_OR_REPORTING_UNIT,VALID
Haryana,FATEHABAD,2013,0,0,0,0,0,0,0,0,0,0,ST,02_District_wise_crimes_committed_against_ST_2013.csv,203,02_District_wise_crimes_committed_against_ST_2013.csv::203,False,UNIQUE,FATEHABAD,DISTRICT_OR_REPORTING_UNIT,VALID
Haryana,GRP,2013,0,0,0,0,0,0,0,0,0,0,ST,02_District_wise_crimes_committed_against_ST_2013.csv,204,02_District_wise_crimes_committed_against_ST_2013.csv::204,False,UNIQUE,GRP,DISTRICT_OR_REPORTING_UNIT,VALID
Haryana,GURGAON,2013,0,0,0,0,0,0,0,0,0,0,ST,02_District_wise_crimes_committed_against_ST_2013.csv,205,02_District_wise_crimes_committed_against_ST_2013.csv::205,False,UNIQUE,GURGAON,DISTRICT_OR_REPORTING_UNIT,VALID
Haryana,HISSAR,2013,0,0,0,0,0,0,0,0,0,0,ST,02_District_wise_crimes_committed_against_ST_2013.csv,206,02_District_wise_crimes_committed_against_ST_2013.csv::206,False,UNIQUE,HISSAR,DISTRICT_OR_REPORTING_UNIT,VALID
Haryana,I&P HARYANA,2013,0,0,0,0,0,0,0,0,0,0,ST,02_District_wise_crimes_committed_against_ST_2013.csv,207,02_District_wise_crimes_committed_against_ST_2013.csv::207,False,UNIQUE,I&P HARYANA,DISTRICT_OR_REPORTING_UNIT,VALID
Haryana,JHAJJAR,2013,0,0,0,0,0,0,0,0,0,0,ST,02_District_wise_crimes_committed_against_ST_2013.csv,208,02_District_wise_crimes_committed_against_ST_2013.csv::208,False,UNIQUE,JHAJJAR,DISTRICT_OR_REPORTING_UNIT,VALID
Haryana,JIND,2013,0,0,0,0,0,0,0,0,0,0,ST,02_District_wise_crimes_committed_against_ST_2013.csv,209,02_District_wise_crimes_committed_against_ST_2013.csv::209,False,UNIQUE,JIND,DISTRICT_OR_REPORTING_UNIT,VALID
Haryana,KAITHAL,2013,0,0,0,0,0,0,0,0,0,0,ST,02_District_wise_crimes_committed_against_ST_2013.csv,210,02_District_wise_crimes_committed_against_ST_2013.csv::210,False,UNIQUE,KAITHAL,DISTRICT_OR_REPORTING_UNIT,VALID
Haryana,KARNAL,2013,0,0,0,0,0,0,0,0,0,0,ST,02_District_wise_crimes_committed_against_ST_2013.csv,211,02_District_wise_crimes_committed_against_ST_2013.csv::211,False,UNIQUE,KARNAL,DISTRICT_OR_REPORTING_UNIT,VALID
Haryana,KURUKSHETRA,2013,0,0,0,0,0,0,0,0,0,0,ST,02_District_wise_crimes_committed_against_ST_2013.csv,212,02_District_wise_crimes_committed_against_ST_2013.csv::212,False,UNIQUE,KURUKSHETRA,DISTRICT_OR_REPORTING_UNIT,VALID
Haryana,MAHENDRAGARH,2013,0,0,0,0,0,0,0,0,0,0,ST,02_District_wise_crimes_committed_against_ST_2013.csv,213,02_District_wise_crimes_committed_against_ST_2013.csv::213,False,UNIQUE,MAHENDRAGARH,DISTRICT_OR_REPORTING_UNIT,VALID
Haryana,MEWAT,2013,0,0,0,0,0,0,0,0,0,0,ST,02_District_wise_crimes_committed_against_ST_2013.csv,214,02_District_wise_crimes_committed_against_ST_2013.csv::214,False,UNIQUE,MEWAT,DISTRICT_OR_REPORTING_UNIT,VALID
Haryana,PALWAL,2013,0,0,0,0,0,0,0,0,0,0,ST,02_District_wise_crimes_committed_against_ST_2013.csv,215,02_District_wise_crimes_committed_against_ST_2013.csv::215,False,UNIQUE,PALWAL,DISTRICT_OR_REPORTING_UNIT,VALID
Haryana,PANCHKULA,2013,0,0,0,0,0,0,0,0,0,0,ST,02_District_wise_crimes_committed_against_ST_2013.csv,216,02_District_wise_crimes_committed_against_ST_2013.csv::216,False,UNIQUE,PANCHKULA,DISTRICT_OR_REPORTING_UNIT,VALID
Haryana,PANIPAT,2013,0,0,0,0,0,0,0,0,0,0,ST,02_District_wise_crimes_committed_against_ST_2013.csv,217,02_District_wise_crimes_committed_against_ST_2013.csv::217,False,UNIQUE,PANIPAT,DISTRICT_OR_REPORTING_UNIT,VALID
Haryana,REWARI,2013,0,0,0,0,0,0,0,0,0,0,ST,02_District_wise_crimes_committed_against_ST_2013.csv,218,02_District_wise_crimes_committed_against_ST_2013.csv::218,False,UNIQUE,REWARI,DISTRICT_OR_REPORTING_UNIT,VALID
Haryana,ROHTAK,2013,0,0,0,0,0,0,0,0,0,0,ST,02_District_wise_crimes_committed_against_ST_2013.csv,219,02_District_wise_crimes_committed_against_ST_2013.csv::219,False,UNIQUE,ROHTAK,DISTRICT_OR_REPORTING_UNIT,VALID
Haryana,SIRSA,2013,0,0,0,0,0,0,0,0,0,0,ST,02_District_wise_crimes_committed_against_ST_2013.csv,220,02_District_wise_crimes_committed_against_ST_2013.csv::220,False,UNIQUE,SIRSA,DISTRICT_OR_REPORTING_UNIT,VALID
Haryana,SONIPAT,2013,0,0,0,0,0,0,0,0,0,0,ST,02_District_wise_crimes_committed_against_ST_2013.csv,221,02_District_wise_crimes_committed_against_ST_2013.csv::221,False,UNIQUE,SONIPAT,DISTRICT_OR_REPORTING_UNIT,VALID
Haryana,YAMUNANAGAR,2013,0,0,0,0,0,0,0,0,0,0,ST,02_District_wise_crimes_committed_against_ST_2013.csv,222,02_District_wise_crimes_committed_against_ST_2013.csv::222,False,UNIQUE,YAMUNANAGAR,DISTRICT_OR_REPORTING_UNIT,VALID
Haryana,ZZ TOTAL,2013,0,0,0,0,0,0,0,0,0,0,ST,02_District_wise_crimes_committed_against_ST_2013.csv,223,02_District_wise_crimes_committed_against_ST_2013.csv::223,False,UNIQUE,ZZ TOTAL,DISTRICT_OR_REPORTING_UNIT,VALID
Himachal Pradesh,BADDIPOLICEDIST,2013,0,0,0,0,0,0,0,0,0,0,ST,02_District_wise_crimes_committed_against_ST_2013.csv,224,02_District_wise_crimes_committed_against_ST_2013.csv::224,False,UNIQUE,BADDIPOLICEDIST,DISTRICT_OR_REPORTING_UNIT,VALID
Himachal Pradesh,BILASPUR,2013,0,0,0,0,0,0,0,0,0,0,ST,02_District_wise_crimes_committed_against_ST_2013.csv,225,02_District_wise_crimes_committed_against_ST_2013.csv::225,False,UNIQUE,BILASPUR,DISTRICT_OR_REPORTING_UNIT,VALID
Himachal Pradesh,CHAMBA,2013,0,0,0,0,0,0,0,0,0,0,ST,02_District_wise_crimes_committed_against_ST_2013.csv,226,02_District_wise_crimes_committed_against_ST_2013.csv::226,False,UNIQUE,CHAMBA,DISTRICT_OR_REPORTING_UNIT,VALID
Himachal Pradesh,CID,2013,0,0,0,0,0,0,0,0,0,0,ST,02_District_wise_crimes_committed_against_ST_2013.csv,227,02_District_wise_crimes_committed_against_ST_2013.csv::227,False,UNIQUE,CID,DISTRICT_OR_REPORTING_UNIT,VALID
Himachal Pradesh,G.R.P.,2013,0,0,0,0,0,0,0,0,0,0,ST,02_District_wise_crimes_committed_against_ST_2013.csv,228,02_District_wise_crimes_committed_against_ST_2013.csv::228,False,UNIQUE,G.R.P.,DISTRICT_OR_REPORTING_UNIT,VALID
Himachal Pradesh,HAMIRPUR,2013,0,0,0,0,0,0,0,0,0,0,ST,02_District_wise_crimes_committed_against_ST_2013.csv,229,02_District_wise_crimes_committed_against_ST_2013.csv::229,False,UNIQUE,HAMIRPUR,DISTRICT_OR_REPORTING_UNIT,VALID
Himachal Pradesh,KANGRA,2013,0,0,0,0,0,0,0,0,0,0,ST,02_District_wise_crimes_committed_against_ST_2013.csv,230,02_District_wise_crimes_committed_against_ST_2013.csv::230,False,UNIQUE,KANGRA,DISTRICT_OR_REPORTING_UNIT,VALID
Himachal Pradesh,KINNAUR,2013,0,0,0,0,0,0,0,0,0,0,ST,02_District_wise_crimes_committed_against_ST_2013.csv,231,02_District_wise_crimes_committed_against_ST_2013.csv::231,False,UNIQUE,KINNAUR,DISTRICT_OR_REPORTING_UNIT,VALID
Himachal Pradesh,KULLU,2013,0,0,0,0,0,0,0,0,0,0,ST,02_District_wise_crimes_committed_against_ST_2013.csv,232,02_District_wise_crimes_committed_against_ST_2013.csv::232,False,UNIQUE,KULLU,DISTRICT_OR_REPORTING_UNIT,VALID
Himachal Pradesh,LAHAUL-SPITI,2013,0,0,0,0,0,0,0,0,0,0,ST,02_District_wise_crimes_committed_against_ST_2013.csv,233,02_District_wise_crimes_committed_against_ST_2013.csv::233,False,UNIQUE,LAHAUL-SPITI,DISTRICT_OR_REPORTING_UNIT,VALID
Himachal Pradesh,MANDI,2013,0,0,0,0,0,0,0,0,0,0,ST,02_District_wise_crimes_committed_against_ST_2013.csv,234,02_District_wise_crimes_committed_against_ST_2013.csv::234,False,UNIQUE,MANDI,DISTRICT_OR_REPORTING_UNIT,VALID
Himachal Pradesh,SHIMLA,2013,0,0,0,0,0,0,0,0,2,0,ST,02_District_wise_crimes_committed_against_ST_2013.csv,235,02_District_wise_crimes_committed_against_ST_2013.csv::235,False,UNIQUE,SHIMLA,DISTRICT_OR_REPORTING_UNIT,VALID
Himachal Pradesh,SIRMAUR,2013,0,0,0,0,0,0,0,0,0,0,ST,02_District_wise_crimes_committed_against_ST_2013.csv,236,02_District_wise_crimes_committed_against_ST_2013.csv::236,False,UNIQUE,SIRMAUR,DISTRICT_OR_REPORTING_UNIT,VALID
Himachal Pradesh,SOLAN,2013,0,0,0,0,0,0,0,0,0,0,ST,02_District_wise_crimes_committed_against_ST_2013.csv,237,02_District_wise_crimes_committed_against_ST_2013.csv::237,False,UNIQUE,SOLAN,DISTRICT_OR_REPORTING_UNIT,VALID
Himachal Pradesh,UNA,2013,0,0,0,0,0,0,0,0,0,0,ST,02_District_wise_crimes_committed_against_ST_2013.csv,238,02_District_wise_crimes_committed_against_ST_2013.csv::238,False,UNIQUE,UNA,DISTRICT_OR_REPORTING_UNIT,VALID
Himachal Pradesh,ZZ TOTAL,2013,0,0,0,0,0,0,0,0,2,0,ST,02_District_wise_crimes_committed_against_ST_2013.csv,239,02_District_wise_crimes_committed_against_ST_2013.csv::239,False,UNIQUE,ZZ TOTAL,DISTRICT_OR_REPORTING_UNIT,VALID
Jammu & Kashmir,ANANTNAG,2013,0,0,0,0,0,0,0,0,0,0,ST,02_District_wise_crimes_committed_against_ST_2013.csv,240,02_District_wise_crimes_committed_against_ST_2013.csv::240,False,UNIQUE,ANANTNAG,DISTRICT_OR_REPORTING_UNIT,VALID
Jammu & Kashmir,AWANTIPORA,2013,0,0,0,0,0,0,0,0,0,0,ST,02_District_wise_crimes_committed_against_ST_2013.csv,241,02_District_wise_crimes_committed_against_ST_2013.csv::241,False,UNIQUE,AWANTIPORA,DISTRICT_OR_REPORTING_UNIT,VALID
Jammu & Kashmir,BANDIPORA,2013,0,0,0,0,0,0,0,0,0,0,ST,02_District_wise_crimes_committed_against_ST_2013.csv,242,02_District_wise_crimes_committed_against_ST_2013.csv::242,False,UNIQUE,BANDIPORA,DISTRICT_OR_REPORTING_UNIT,VALID
Jammu & Kashmir,BARAMULLA,2013,0,0,0,0,0,0,0,0,0,0,ST,02_District_wise_crimes_committed_against_ST_2013.csv,243,02_District_wise_crimes_committed_against_ST_2013.csv::243,False,UNIQUE,BARAMULLA,DISTRICT_OR_REPORTING_UNIT,VALID
Jammu & Kashmir,BUDGAM,2013,0,0,0,0,0,0,0,0,0,0,ST,02_District_wise_crimes_committed_against_ST_2013.csv,244,02_District_wise_crimes_committed_against_ST_2013.csv::244,False,UNIQUE,BUDGAM,DISTRICT_OR_REPORTING_UNIT,VALID
Jammu & Kashmir,CRIME JAMMU,2013,0,0,0,0,0,0,0,0,0,0,ST,02_District_wise_crimes_committed_against_ST_2013.csv,245,02_District_wise_crimes_committed_against_ST_2013.csv::245,False,UNIQUE,CRIME JAMMU,DISTRICT_OR_REPORTING_UNIT,VALID
Jammu & Kashmir,CRIME SRINAGAR,2013,0,0,0,0,0,0,0,0,0,0,ST,02_District_wise_crimes_committed_against_ST_2013.csv,246,02_District_wise_crimes_committed_against_ST_2013.csv::246,False,UNIQUE,CRIME SRINAGAR,DISTRICT_OR_REPORTING_UNIT,VALID
Jammu & Kashmir,DODA,2013,0,0,0,0,0,0,0,0,0,0,ST,02_District_wise_crimes_committed_against_ST_2013.csv,247,02_District_wise_crimes_committed_against_ST_2013.csv::247,False,UNIQUE,DODA,DISTRICT_OR_REPORTING_UNIT,VALID
Jammu & Kashmir,GANDERBAL,2013,0,0,0,0,0,0,0,0,0,0,ST,02_District_wise_crimes_committed_against_ST_2013.csv,248,02_District_wise_crimes_committed_against_ST_2013.csv::248,False,UNIQUE,GANDERBAL,DISTRICT_OR_REPORTING_UNIT,VALID
Jammu & Kashmir,HANDWARA,2013,0,0,0,0,0,0,0,0,0,0,ST,02_District_wise_crimes_committed_against_ST_2013.csv,249,02_District_wise_crimes_committed_against_ST_2013.csv::249,False,UNIQUE,HANDWARA,DISTRICT_OR_REPORTING_UNIT,VALID
Jammu & Kashmir,JAMMU,2013,0,0,0,0,0,0,0,0,0,0,ST,02_District_wise_crimes_committed_against_ST_2013.csv,250,02_District_wise_crimes_committed_against_ST_2013.csv::250,False,UNIQUE,JAMMU,DISTRICT_OR_REPORTING_UNIT,VALID
Jammu & Kashmir,KARGIL,2013,0,0,0,0,0,0,0,0,0,0,ST,02_District_wise_crimes_committed_against_ST_2013.csv,251,02_District_wise_crimes_committed_against_ST_2013.csv::251,False,UNIQUE,KARGIL,DISTRICT_OR_REPORTING_UNIT,VALID
Jammu & Kashmir,KATHUA,2013,0,0,0,0,0,0,0,0,0,0,ST,02_District_wise_crimes_committed_against_ST_2013.csv,252,02_District_wise_crimes_committed_against_ST_2013.csv::252,False,UNIQUE,KATHUA,DISTRICT_OR_REPORTING_UNIT,VALID
Jammu & Kashmir,KISHTWAR,2013,0,0,0,0,0,0,0,0,0,0,ST,02_District_wise_crimes_committed_against_ST_2013.csv,253,02_District_wise_crimes_committed_against_ST_2013.csv::253,False,UNIQUE,KISHTWAR,DISTRICT_OR_REPORTING_UNIT,VALID
Jammu & Kashmir,KULGAM,2013,0,0,0,0,0,0,0,0,0,0,ST,02_District_wise_crimes_committed_against_ST_2013.csv,254,02_District_wise_crimes_committed_against_ST_2013.csv::254,False,UNIQUE,KULGAM,DISTRICT_OR_REPORTING_UNIT,VALID
Jammu & Kashmir,KUPWARA,2013,0,0,0,0,0,0,0,0,0,0,ST,02_District_wise_crimes_committed_against_ST_2013.csv,255,02_District_wise_crimes_committed_against_ST_2013.csv::255,False,UNIQUE,KUPWARA,DISTRICT_OR_REPORTING_UNIT,VALID
Jammu & Kashmir,LEH,2013,0,0,0,0,0,0,0,0,0,0,ST,02_District_wise_crimes_committed_against_ST_2013.csv,256,02_District_wise_crimes_committed_against_ST_2013.csv::256,False,UNIQUE,LEH,DISTRICT_OR_REPORTING_UNIT,VALID
Jammu & Kashmir,POONCH,2013,0,0,0,0,0,0,0,0,0,0,ST,02_District_wise_crimes_committed_against_ST_2013.csv,257,02_District_wise_crimes_committed_against_ST_2013.csv::257,False,UNIQUE,POONCH,DISTRICT_OR_REPORTING_UNIT,VALID
Jammu & Kashmir,PULWAMA,2013,0,0,0,0,0,0,0,0,0,0,ST,02_District_wise_crimes_committed_against_ST_2013.csv,258,02_District_wise_crimes_committed_against_ST_2013.csv::258,False,UNIQUE,PULWAMA,DISTRICT_OR_REPORTING_UNIT,VALID
Jammu & Kashmir,RAILWAYS JAMMU,2013,0,0,0,0,0,0,0,0,0,0,ST,02_District_wise_crimes_committed_against_ST_2013.csv,259,02_District_wise_crimes_committed_against_ST_2013.csv::259,False,UNIQUE,RAILWAYS JAMMU,SPECIAL_UNIT,VALID
Jammu & Kashmir,RAILWAYS KASHMIR,2013,0,0,0,0,0,0,0,0,0,0,ST,02_District_wise_crimes_committed_against_ST_2013.csv,260,02_District_wise_crimes_committed_against_ST_2013.csv::260,False,UNIQUE,RAILWAYS KASHMIR,SPECIAL_UNIT,VALID
Jammu & Kashmir,RAILWAYS KATRA,2013,0,0,0,0,0,0,0,0,0,0,ST,02_District_wise_crimes_committed_against_ST_2013.csv,261,02_District_wise_crimes_committed_against_ST_2013.csv::261,False,UNIQUE,RAILWAYS KATRA,SPECIAL_UNIT,VALID
Jammu & Kashmir,RAJOURI,2013,0,0,0,0,0,0,0,0,0,0,ST,02_District_wise_crimes_committed_against_ST_2013.csv,262,02_District_wise_crimes_committed_against_ST_2013.csv::262,False,UNIQUE,RAJOURI,DISTRICT_OR_REPORTING_UNIT,VALID
Jammu & Kashmir,RAMBAN,2013,0,0,0,0,0,0,0,0,0,0,ST,02_District_wise_crimes_committed_against_ST_2013.csv,263,02_District_wise_crimes_committed_against_ST_2013.csv::263,False,UNIQUE,RAMBAN,DISTRICT_OR_REPORTING_UNIT,VALID
Jammu & Kashmir,REASI,2013,0,0,0,0,0,0,0,0,0,0,ST,02_District_wise_crimes_committed_against_ST_2013.csv,264,02_District_wise_crimes_committed_against_ST_2013.csv::264,False,UNIQUE,REASI,DISTRICT_OR_REPORTING_UNIT,VALID
Jammu & Kashmir,SAMBA,2013,0,0,0,0,0,0,0,0,0,0,ST,02_District_wise_crimes_committed_against_ST_2013.csv,265,02_District_wise_crimes_committed_against_ST_2013.csv::265,False,UNIQUE,SAMBA,DISTRICT_OR_REPORTING_UNIT,VALID
Jammu & Kashmir,SHOPIAN,2013,0,0,0,0,0,0,0,0,0,0,ST,02_District_wise_crimes_committed_against_ST_2013.csv,266,02_District_wise_crimes_committed_against_ST_2013.csv::266,False,UNIQUE,SHOPIAN,DISTRICT_OR_REPORTING_UNIT,VALID
Jammu & Kashmir,SOPORE,2013,0,0,0,0,0,0,0,0,0,0,ST,02_District_wise_crimes_committed_against_ST_2013.csv,267,02_District_wise_crimes_committed_against_ST_2013.csv::267,False,UNIQUE,SOPORE,DISTRICT_OR_REPORTING_UNIT,VALID
Jammu & Kashmir,SRINAGAR,2013,0,0,0,0,0,0,0,0,0,0,ST,02_District_wise_crimes_committed_against_ST_2013.csv,268,02_District_wise_crimes_committed_against_ST_2013.csv::268,False,UNIQUE,SRINAGAR,DISTRICT_OR_REPORTING_UNIT,VALID
Jammu & Kashmir,UDHAMPUR,2013,0,0,0,0,0,0,0,0,0,0,ST,02_District_wise_crimes_committed_against_ST_2013.csv,269,02_District_wise_crimes_committed_against_ST_2013.csv::269,False,UNIQUE,UDHAMPUR,DISTRICT_OR_REPORTING_UNIT,VALID
Jammu & Kashmir,ZZ TOTAL,2013,0,0,0,0,0,0,0,0,0,0,ST,02_District_wise_crimes_committed_against_ST_2013.csv,270,02_District_wise_crimes_committed_against_ST_2013.csv::270,False,UNIQUE,ZZ TOTAL,DISTRICT_OR_REPORTING_UNIT,VALID
Jharkhand,BOKARO,2013,0,0,0,0,0,0,0,0,4,0,ST,02_District_wise_crimes_committed_against_ST_2013.csv,271,02_District_wise_crimes_committed_against_ST_2013.csv::271,False,UNIQUE,BOKARO,DISTRICT_OR_REPORTING_UNIT,VALID
Jharkhand,CHAIBASA,2013,0,0,0,0,0,0,0,0,8,8,ST,02_District_wise_crimes_committed_against_ST_2013.csv,272,02_District_wise_crimes_committed_against_ST_2013.csv::272,False,UNIQUE,CHAIBASA,DISTRICT_OR_REPORTING_UNIT,VALID
Jharkhand,CHATRA,2013,0,0,0,0,0,0,0,0,2,0,ST,02_District_wise_crimes_committed_against_ST_2013.csv,273,02_District_wise_crimes_committed_against_ST_2013.csv::273,False,UNIQUE,CHATRA,DISTRICT_OR_REPORTING_UNIT,VALID
Jharkhand,DEOGHAR,2013,0,0,0,0,0,0,1,0,1,0,ST,02_District_wise_crimes_committed_against_ST_2013.csv,274,02_District_wise_crimes_committed_against_ST_2013.csv::274,False,UNIQUE,DEOGHAR,DISTRICT_OR_REPORTING_UNIT,VALID
Jharkhand,DHANBAD,2013,0,0,0,0,0,0,2,0,4,2,ST,02_District_wise_crimes_committed_against_ST_2013.csv,275,02_District_wise_crimes_committed_against_ST_2013.csv::275,False,UNIQUE,DHANBAD,DISTRICT_OR_REPORTING_UNIT,VALID
Jharkhand,DHANBAD RLY.,2013,0,0,0,0,0,0,0,0,1,1,ST,02_District_wise_crimes_committed_against_ST_2013.csv,276,02_District_wise_crimes_committed_against_ST_2013.csv::276,False,UNIQUE,DHANBAD RLY.,DISTRICT_OR_REPORTING_UNIT,VALID
Jharkhand,DUMKA,2013,0,0,0,0,0,0,1,0,7,6,ST,02_District_wise_crimes_committed_against_ST_2013.csv,277,02_District_wise_crimes_committed_against_ST_2013.csv::277,False,UNIQUE,DUMKA,DISTRICT_OR_REPORTING_UNIT,VALID
Jharkhand,GARHWA,2013,0,2,0,0,0,0,7,0,14,5,ST,02_District_wise_crimes_committed_against_ST_2013.csv,278,02_District_wise_crimes_committed_against_ST_2013.csv::278,False,UNIQUE,GARHWA,DISTRICT_OR_REPORTING_UNIT,VALID
Jharkhand,GIRIDIH,2013,1,1,1,0,0,0,0,0,5,20,ST,02_District_wise_crimes_committed_against_ST_2013.csv,279,02_District_wise_crimes_committed_against_ST_2013.csv::279,False,UNIQUE,GIRIDIH,DISTRICT_OR_REPORTING_UNIT,VALID
Jharkhand,GODDA,2013,0,0,0,0,0,0,0,0,7,0,ST,02_District_wise_crimes_committed_against_ST_2013.csv,280,02_District_wise_crimes_committed_against_ST_2013.csv::280,False,UNIQUE,GODDA,DISTRICT_OR_REPORTING_UNIT,VALID
Jharkhand,GUMLA,2013,0,6,6,0,0,0,7,0,19,0,ST,02_District_wise_crimes_committed_against_ST_2013.csv,281,02_District_wise_crimes_committed_against_ST_2013.csv::281,False,UNIQUE,GUMLA,DISTRICT_OR_REPORTING_UNIT,VALID
Jharkhand,HAZARIBAGH,2013,0,0,0,0,0,0,0,0,8,7,ST,02_District_wise_crimes_committed_against_ST_2013.csv,282,02_District_wise_crimes_committed_against_ST_2013.csv::282,False,UNIQUE,HAZARIBAGH,DISTRICT_OR_REPORTING_UNIT,VALID
Jharkhand,JAMSHEDPUR,2013,0,3,0,0,0,1,22,0,46,20,ST,02_District_wise_crimes_committed_against_ST_2013.csv,283,02_District_wise_crimes_committed_against_ST_2013.csv::283,False,UNIQUE,JAMSHEDPUR,DISTRICT_OR_REPORTING_UNIT,VALID
Jharkhand,JAMSHEDPUR RLY.,2013,0,0,0,0,0,0,0,0,0,0,ST,02_District_wise_crimes_committed_against_ST_2013.csv,284,02_District_wise_crimes_committed_against_ST_2013.csv::284,False,UNIQUE,JAMSHEDPUR RLY.,DISTRICT_OR_REPORTING_UNIT,VALID
Jharkhand,JAMTARA,2013,0,1,0,0,0,0,5,0,19,18,ST,02_District_wise_crimes_committed_against_ST_2013.csv,285,02_District_wise_crimes_committed_against_ST_2013.csv::285,False,UNIQUE,JAMTARA,DISTRICT_OR_REPORTING_UNIT,VALID
Jharkhand,KHUNTI,2013,0,0,0,0,0,0,0,0,0,0,ST,02_District_wise_crimes_committed_against_ST_2013.csv,286,02_District_wise_crimes_committed_against_ST_2013.csv::286,False,UNIQUE,KHUNTI,DISTRICT_OR_REPORTING_UNIT,VALID
Jharkhand,KODERMA,2013,0,0,0,0,0,0,1,0,1,0,ST,02_District_wise_crimes_committed_against_ST_2013.csv,287,02_District_wise_crimes_committed_against_ST_2013.csv::287,False,UNIQUE,KODERMA,DISTRICT_OR_REPORTING_UNIT,VALID
Jharkhand,LATEHAR,2013,0,0,0,0,0,0,0,0,8,8,ST,02_District_wise_crimes_committed_against_ST_2013.csv,288,02_District_wise_crimes_committed_against_ST_2013.csv::288,False,UNIQUE,LATEHAR,DISTRICT_OR_REPORTING_UNIT,VALID
Jharkhand,LOHARDAGGA,2013,0,0,0,0,0,0,0,0,6,0,ST,02_District_wise_crimes_committed_against_ST_2013.csv,289,02_District_wise_crimes_committed_against_ST_2013.csv::289,False,UNIQUE,LOHARDAGGA,DISTRICT_OR_REPORTING_UNIT,VALID
Jharkhand,PAKUR,2013,0,0,0,0,0,0,0,0,3,0,ST,02_District_wise_crimes_committed_against_ST_2013.csv,290,02_District_wise_crimes_committed_against_ST_2013.csv::290,False,UNIQUE,PAKUR,DISTRICT_OR_REPORTING_UNIT,VALID
Jharkhand,PALAMU,2013,0,0,0,0,0,0,7,0,7,0,ST,02_District_wise_crimes_committed_against_ST_2013.csv,291,02_District_wise_crimes_committed_against_ST_2013.csv::291,False,UNIQUE,PALAMU,DISTRICT_OR_REPORTING_UNIT,VALID
Jharkhand,RAMGARH,2013,0,0,0,0,0,0,6,0,10,8,ST,02_District_wise_crimes_committed_against_ST_2013.csv,292,02_District_wise_crimes_committed_against_ST_2013.csv::292,False,UNIQUE,RAMGARH,DISTRICT_OR_REPORTING_UNIT,VALID
Jharkhand,RANCHI,2013,0,0,0,0,0,0,3,0,8,0,ST,02_District_wise_crimes_committed_against_ST_2013.csv,293,02_District_wise_crimes_committed_against_ST_2013.csv::293,False,UNIQUE,RANCHI,DISTRICT_OR_REPORTING_UNIT,VALID
Jharkhand,SAHEBGANJ,2013,0,0,0,0,0,0,6,0,0,1,ST,02_District_wise_crimes_committed_against_ST_2013.csv,294,02_District_wise_crimes_committed_against_ST_2013.csv::294,False,UNIQUE,SAHEBGANJ,DISTRICT_OR_REPORTING_UNIT,VALID
Jharkhand,SARAIKELA,2013,0,2,0,0,0,0,3,0,5,0,ST,02_District_wise_crimes_committed_against_ST_2013.csv,295,02_District_wise_crimes_committed_against_ST_2013.csv::295,False,UNIQUE,SARAIKELA,DISTRICT_OR_REPORTING_UNIT,VALID
Jharkhand,SIMDEGA,2013,0,0,0,0,0,0,0,0,2,2,ST,02_District_wise_crimes_committed_against_ST_2013.csv,296,02_District_wise_crimes_committed_against_ST_2013.csv::296,False,UNIQUE,SIMDEGA,DISTRICT_OR_REPORTING_UNIT,VALID
Jharkhand,ZZ TOTAL,2013,1,15,7,0,0,1,71,0,195,106,ST,02_District_wise_crimes_committed_against_ST_2013.csv,297,02_District_wise_crimes_committed_against_ST_2013.csv::297,False,UNIQUE,ZZ TOTAL,DISTRICT_OR_REPORTING_UNIT,VALID
Karnataka,BAGALKOT,2013,2,0,0,0,0,0,0,0,11,11,ST,02_District_wise_crimes_committed_against_ST_2013.csv,298,02_District_wise_crimes_committed_against_ST_2013.csv::298,False,UNIQUE,BAGALKOT,DISTRICT_OR_REPORTING_UNIT,VALID
Karnataka,BANGALORE COMMR.,2013,0,0,0,0,0,0,1,0,8,0,ST,02_District_wise_crimes_committed_against_ST_2013.csv,299,02_District_wise_crimes_committed_against_ST_2013.csv::299,False,UNIQUE,BANGALORE COMMR.,DISTRICT_OR_REPORTING_UNIT,VALID
Karnataka,BANGALORE RURAL,2013,0,0,0,0,0,0,6,0,13,7,ST,02_District_wise_crimes_committed_against_ST_2013.csv,300,02_District_wise_crimes_committed_against_ST_2013.csv::300,False,UNIQUE,BANGALORE RURAL,SPECIAL_UNIT,VALID
Karnataka,BELGAUM,2013,0,1,0,0,0,0,0,0,10,0,ST,02_District_wise_crimes_committed_against_ST_2013.csv,301,02_District_wise_crimes_committed_against_ST_2013.csv::301,False,UNIQUE,BELGAUM,DISTRICT_OR_REPORTING_UNIT,VALID
Karnataka,BELLARY,2013,0,0,0,0,0,0,0,0,17,0,ST,02_District_wise_crimes_committed_against_ST_2013.csv,302,02_District_wise_crimes_committed_against_ST_2013.csv::302,False,UNIQUE,BELLARY,DISTRICT_OR_REPORTING_UNIT,VALID
Karnataka,BIDAR,2013,0,0,0,0,0,0,0,0,1,0,ST,02_District_wise_crimes_committed_against_ST_2013.csv,303,02_District_wise_crimes_committed_against_ST_2013.csv::303,False,UNIQUE,BIDAR,DISTRICT_OR_REPORTING_UNIT,VALID
Karnataka,BIJAPUR,2013,0,0,0,0,0,0,0,0,0,0,ST,02_District_wise_crimes_committed_against_ST_2013.csv,304,02_District_wise_crimes_committed_against_ST_2013.csv::304,False,UNIQUE,BIJAPUR,DISTRICT_OR_REPORTING_UNIT,VALID
Karnataka,CBPURA,2013,0,2,0,0,0,0,0,0,13,11,ST,02_District_wise_crimes_committed_against_ST_2013.csv,305,02_District_wise_crimes_committed_against_ST_2013.csv::305,False,UNIQUE,CBPURA,DISTRICT_OR_REPORTING_UNIT,VALID
Karnataka,CHAMARAJNAGAR,2013,0,0,0,0,0,0,0,0,6,6,ST,02_District_wise_crimes_committed_against_ST_2013.csv,306,02_District_wise_crimes_committed_against_ST_2013.csv::306,False,UNIQUE,CHAMARAJNAGAR,DISTRICT_OR_REPORTING_UNIT,VALID
Karnataka,CHICKMAGALUR,2013,0,0,0,0,0,0,0,0,1,1,ST,02_District_wise_crimes_committed_against_ST_2013.csv,307,02_District_wise_crimes_committed_against_ST_2013.csv::307,False,UNIQUE,CHICKMAGALUR,DISTRICT_OR_REPORTING_UNIT,VALID
Karnataka,CHITRADURGA,2013,0,2,0,0,0,0,3,0,6,3,ST,02_District_wise_crimes_committed_against_ST_2013.csv,308,02_District_wise_crimes_committed_against_ST_2013.csv::308,False,UNIQUE,CHITRADURGA,DISTRICT_OR_REPORTING_UNIT,VALID
Karnataka,DAKSHIN KANNADA,2013,0,1,0,0,0,0,0,0,12,0,ST,02_District_wise_crimes_committed_against_ST_2013.csv,309,02_District_wise_crimes_committed_against_ST_2013.csv::309,False,UNIQUE,DAKSHIN KANNADA,DISTRICT_OR_REPORTING_UNIT,VALID
Karnataka,DAVANAGERE,2013,0,1,1,0,0,0,5,0,20,16,ST,02_District_wise_crimes_committed_against_ST_2013.csv,310,02_District_wise_crimes_committed_against_ST_2013.csv::310,False,UNIQUE,DAVANAGERE,DISTRICT_OR_REPORTING_UNIT,VALID
Karnataka,DHARWAD COMMR.,2013,0,1,0,0,0,0,0,0,8,8,ST,02_District_wise_crimes_committed_against_ST_2013.csv,311,02_District_wise_crimes_committed_against_ST_2013.csv::311,False,UNIQUE,DHARWAD COMMR.,DISTRICT_OR_REPORTING_UNIT,VALID
Karnataka,DHARWAD RURAL,2013,0,0,0,0,0,0,0,0,7,7,ST,02_District_wise_crimes_committed_against_ST_2013.csv,312,02_District_wise_crimes_committed_against_ST_2013.csv::312,False,UNIQUE,DHARWAD RURAL,SPECIAL_UNIT,VALID
Karnataka,GADAG,2013,0,0,0,0,0,0,0,0,2,2,ST,02_District_wise_crimes_committed_against_ST_2013.csv,313,02_District_wise_crimes_committed_against_ST_2013.csv::313,False,UNIQUE,GADAG,DISTRICT_OR_REPORTING_UNIT,VALID
Karnataka,GULBARGA,2013,0,0,0,0,0,0,6,0,0,0,ST,02_District_wise_crimes_committed_against_ST_2013.csv,314,02_District_wise_crimes_committed_against_ST_2013.csv::314,False,UNIQUE,GULBARGA,DISTRICT_OR_REPORTING_UNIT,VALID
Karnataka,HASSAN,2013,0,0,0,0,0,0,0,0,2,2,ST,02_District_wise_crimes_committed_against_ST_2013.csv,315,02_District_wise_crimes_committed_against_ST_2013.csv::315,False,UNIQUE,HASSAN,DISTRICT_OR_REPORTING_UNIT,VALID
Karnataka,HAVERI,2013,0,0,0,0,0,0,14,0,14,0,ST,02_District_wise_crimes_committed_against_ST_2013.csv,316,02_District_wise_crimes_committed_against_ST_2013.csv::316,False,UNIQUE,HAVERI,DISTRICT_OR_REPORTING_UNIT,VALID
Karnataka,K.G.F.,2013,0,0,0,0,0,0,3,0,4,1,ST,02_District_wise_crimes_committed_against_ST_2013.csv,317,02_District_wise_crimes_committed_against_ST_2013.csv::317,False,UNIQUE,K.G.F.,DISTRICT_OR_REPORTING_UNIT,VALID
Karnataka,KODAGU,2013,1,4,0,0,0,0,0,0,6,0,ST,02_District_wise_crimes_committed_against_ST_2013.csv,318,02_District_wise_crimes_committed_against_ST_2013.csv::318,False,UNIQUE,KODAGU,DISTRICT_OR_REPORTING_UNIT,VALID
Karnataka,KOLAR,2013,0,0,0,0,0,0,0,0,10,10,ST,02_District_wise_crimes_committed_against_ST_2013.csv,319,02_District_wise_crimes_committed_against_ST_2013.csv::319,False,UNIQUE,KOLAR,DISTRICT_OR_REPORTING_UNIT,VALID
Karnataka,KOPPAL,2013,0,0,0,0,0,0,0,0,0,0,ST,02_District_wise_crimes_committed_against_ST_2013.csv,320,02_District_wise_crimes_committed_against_ST_2013.csv::320,False,UNIQUE,KOPPAL,DISTRICT_OR_REPORTING_UNIT,VALID
Karnataka,MANDYA,2013,0,0,0,0,0,0,0,0,0,0,ST,02_District_wise_crimes_committed_against_ST_2013.csv,321,02_District_wise_crimes_committed_against_ST_2013.csv::321,False,UNIQUE,MANDYA,DISTRICT_OR_REPORTING_UNIT,VALID
Karnataka,MANGALORE CITY,2013,0,0,0,0,0,0,0,0,0,0,ST,02_District_wise_crimes_committed_against_ST_2013.csv,322,02_District_wise_crimes_committed_against_ST_2013.csv::322,False,UNIQUE,MANGALORE CITY,SPECIAL_UNIT,VALID
Karnataka,MYSORE COMMR.,2013,0,0,0,0,0,0,0,0,16,0,ST,02_District_wise_crimes_committed_against_ST_2013.csv,323,02_District_wise_crimes_committed_against_ST_2013.csv::323,False,UNIQUE,MYSORE COMMR.,DISTRICT_OR_REPORTING_UNIT,VALID
Karnataka,MYSORE RURAL,2013,0,0,0,0,0,0,0,0,43,12,ST,02_District_wise_crimes_committed_against_ST_2013.csv,324,02_District_wise_crimes_committed_against_ST_2013.csv::324,False,UNIQUE,MYSORE RURAL,SPECIAL_UNIT,VALID
Karnataka,RAICHUR,2013,1,2,1,0,0,0,0,14,25,21,ST,02_District_wise_crimes_committed_against_ST_2013.csv,325,02_District_wise_crimes_committed_against_ST_2013.csv::325,False,UNIQUE,RAICHUR,DISTRICT_OR_REPORTING_UNIT,VALID
Karnataka,RAILWAYS,2013,0,0,0,0,0,0,0,0,0,0,ST,02_District_wise_crimes_committed_against_ST_2013.csv,326,02_District_wise_crimes_committed_against_ST_2013.csv::326,False,UNIQUE,RAILWAYS,SPECIAL_UNIT,VALID
Karnataka,RAMANAGAR,2013,0,0,0,0,0,0,0,0,2,2,ST,02_District_wise_crimes_committed_against_ST_2013.csv,327,02_District_wise_crimes_committed_against_ST_2013.csv::327,False,UNIQUE,RAMANAGAR,DISTRICT_OR_REPORTING_UNIT,VALID
Karnataka,SHIMOGA,2013,0,0,0,0,0,0,0,0,3,3,ST,02_District_wise_crimes_committed_against_ST_2013.csv,328,02_District_wise_crimes_committed_against_ST_2013.csv::328,False,UNIQUE,SHIMOGA,DISTRICT_OR_REPORTING_UNIT,VALID
Karnataka,TUMKUR,2013,1,3,0,0,0,0,5,0,16,8,ST,02_District_wise_crimes_committed_against_ST_2013.csv,329,02_District_wise_crimes_committed_against_ST_2013.csv::329,False,UNIQUE,TUMKUR,DISTRICT_OR_REPORTING_UNIT,VALID
Karnataka,UDUPI,2013,0,2,0,0,0,0,2,0,10,6,ST,02_District_wise_crimes_committed_against_ST_2013.csv,330,02_District_wise_crimes_committed_against_ST_2013.csv::330,False,UNIQUE,UDUPI,DISTRICT_OR_REPORTING_UNIT,VALID
Karnataka,UTTAR KANNADA,2013,0,0,0,0,0,0,0,0,0,10,ST,02_District_wise_crimes_committed_against_ST_2013.csv,331,02_District_wise_crimes_committed_against_ST_2013.csv::331,False,UNIQUE,UTTAR KANNADA,DISTRICT_OR_REPORTING_UNIT,VALID
Karnataka,YADGIRI,2013,0,0,0,0,0,0,0,0,17,0,ST,02_District_wise_crimes_committed_against_ST_2013.csv,332,02_District_wise_crimes_committed_against_ST_2013.csv::332,False,UNIQUE,YADGIRI,DISTRICT_OR_REPORTING_UNIT,VALID
Karnataka,ZZ TOTAL,2013,5,19,2,0,0,0,45,14,303,147,ST,02_District_wise_crimes_committed_against_ST_2013.csv,333,02_District_wise_crimes_committed_against_ST_2013.csv::333,False,UNIQUE,ZZ TOTAL,DISTRICT_OR_REPORTING_UNIT,VALID
Kerala,ALAPUZHA,2013,0,0,0,0,0,0,1,0,0,0,ST,02_District_wise_crimes_committed_against_ST_2013.csv,334,02_District_wise_crimes_committed_against_ST_2013.csv::334,False,UNIQUE,ALAPUZHA,DISTRICT_OR_REPORTING_UNIT,VALID
Kerala,ERNAKULAM COMMR.,2013,0,0,0,0,0,0,0,0,0,0,ST,02_District_wise_crimes_committed_against_ST_2013.csv,335,02_District_wise_crimes_committed_against_ST_2013.csv::335,False,UNIQUE,ERNAKULAM COMMR.,DISTRICT_OR_REPORTING_UNIT,VALID
Kerala,ERNAKULAM RURAL,2013,0,1,0,0,0,0,0,0,0,0,ST,02_District_wise_crimes_committed_against_ST_2013.csv,336,02_District_wise_crimes_committed_against_ST_2013.csv::336,False,UNIQUE,ERNAKULAM RURAL,SPECIAL_UNIT,VALID
Kerala,IDUKKI,2013,0,6,0,0,0,0,4,0,0,6,ST,02_District_wise_crimes_committed_against_ST_2013.csv,337,02_District_wise_crimes_committed_against_ST_2013.csv::337,False,UNIQUE,IDUKKI,DISTRICT_OR_REPORTING_UNIT,VALID
Kerala,KANNUR,2013,0,6,0,0,0,0,4,0,1,2,ST,02_District_wise_crimes_committed_against_ST_2013.csv,338,02_District_wise_crimes_committed_against_ST_2013.csv::338,False,UNIQUE,KANNUR,DISTRICT_OR_REPORTING_UNIT,VALID
Kerala,KASARGOD,2013,0,11,0,0,0,0,5,0,0,8,ST,02_District_wise_crimes_committed_against_ST_2013.csv,339,02_District_wise_crimes_committed_against_ST_2013.csv::339,False,UNIQUE,KASARGOD,DISTRICT_OR_REPORTING_UNIT,VALID
Kerala,KOLLAM COMMR.,2013,0,0,0,0,0,0,0,0,0,0,ST,02_District_wise_crimes_committed_against_ST_2013.csv,340,02_District_wise_crimes_committed_against_ST_2013.csv::340,False,UNIQUE,KOLLAM COMMR.,DISTRICT_OR_REPORTING_UNIT,VALID
Kerala,KOLLAM RURAL,2013,0,0,0,0,0,0,0,0,0,0,ST,02_District_wise_crimes_committed_against_ST_2013.csv,341,02_District_wise_crimes_committed_against_ST_2013.csv::341,False,UNIQUE,KOLLAM RURAL,SPECIAL_UNIT,VALID
Kerala,KOTTAYAM,2013,0,0,0,0,0,0,0,0,2,7,ST,02_District_wise_crimes_committed_against_ST_2013.csv,342,02_District_wise_crimes_committed_against_ST_2013.csv::342,False,UNIQUE,KOTTAYAM,DISTRICT_OR_REPORTING_UNIT,VALID
Kerala,KOZHIKODE COMMR.,2013,0,0,0,0,0,0,1,0,0,2,ST,02_District_wise_crimes_committed_against_ST_2013.csv,343,02_District_wise_crimes_committed_against_ST_2013.csv::343,False,UNIQUE,KOZHIKODE COMMR.,DISTRICT_OR_REPORTING_UNIT,VALID
Kerala,KOZHIKODE RURAL,2013,0,2,0,0,0,0,3,0,0,2,ST,02_District_wise_crimes_committed_against_ST_2013.csv,344,02_District_wise_crimes_committed_against_ST_2013.csv::344,False,UNIQUE,KOZHIKODE RURAL,SPECIAL_UNIT,VALID
Kerala,MALAPPURAM,2013,0,1,0,0,0,0,0,0,0,5,ST,02_District_wise_crimes_committed_against_ST_2013.csv,345,02_District_wise_crimes_committed_against_ST_2013.csv::345,False,UNIQUE,MALAPPURAM,DISTRICT_OR_REPORTING_UNIT,VALID
Kerala,PALAKKAD,2013,0,4,1,0,0,0,2,0,1,8,ST,02_District_wise_crimes_committed_against_ST_2013.csv,346,02_District_wise_crimes_committed_against_ST_2013.csv::346,False,UNIQUE,PALAKKAD,DISTRICT_OR_REPORTING_UNIT,VALID
Kerala,PATHANAMTHITTA,2013,0,0,0,0,0,0,0,0,0,1,ST,02_District_wise_crimes_committed_against_ST_2013.csv,347,02_District_wise_crimes_committed_against_ST_2013.csv::347,False,UNIQUE,PATHANAMTHITTA,DISTRICT_OR_REPORTING_UNIT,VALID
Kerala,RAILWAYS,2013,0,0,0,0,0,0,0,0,0,0,ST,02_District_wise_crimes_committed_against_ST_2013.csv,348,02_District_wise_crimes_committed_against_ST_2013.csv::348,False,UNIQUE,RAILWAYS,SPECIAL_UNIT,VALID
Kerala,THRISSUR COMMR.,2013,0,0,0,0,0,0,1,0,0,1,ST,02_District_wise_crimes_committed_against_ST_2013.csv,349,02_District_wise_crimes_committed_against_ST_2013.csv::349,False,UNIQUE,THRISSUR COMMR.,DISTRICT_OR_REPORTING_UNIT,VALID
Kerala,THRISSUR RURAL,2013,0,0,0,0,0,0,2,0,0,2,ST,02_District_wise_crimes_committed_against_ST_2013.csv,350,02_District_wise_crimes_committed_against_ST_2013.csv::350,False,UNIQUE,THRISSUR RURAL,SPECIAL_UNIT,VALID
Kerala,TRIVANDRUM COMMR.,2013,0,0,0,0,0,0,0,0,0,0,ST,02_District_wise_crimes_committed_against_ST_2013.csv,351,02_District_wise_crimes_committed_against_ST_2013.csv::351,False,UNIQUE,TRIVANDRUM COMMR.,DISTRICT_OR_REPORTING_UNIT,VALID
Kerala,TRIVANDRUM RURAL,2013,0,4,0,0,0,0,3,0,0,1,ST,02_District_wise_crimes_committed_against_ST_2013.csv,352,02_District_wise_crimes_committed_against_ST_2013.csv::352,False,UNIQUE,TRIVANDRUM RURAL,SPECIAL_UNIT,VALID
Kerala,WAYANADU,2013,0,9,0,0,0,0,5,0,1,9,ST,02_District_wise_crimes_committed_against_ST_2013.csv,353,02_District_wise_crimes_committed_against_ST_2013.csv::353,False,UNIQUE,WAYANADU,DISTRICT_OR_REPORTING_UNIT,VALID
Kerala,ZZ TOTAL,2013,0,44,1,0,0,0,31,0,5,54,ST,02_District_wise_crimes_committed_against_ST_2013.csv,354,02_District_wise_crimes_committed_against_ST_2013.csv::354,False,UNIQUE,ZZ TOTAL,DISTRICT_OR_REPORTING_UNIT,VALID
Madhya Pradesh,AGAR,2013,3,3,0,0,0,0,0,0,0,0,ST,02_District_wise_crimes_committed_against_ST_2013.csv,355,02_District_wise_crimes_committed_against_ST_2013.csv::355,False,UNIQUE,AGAR,DISTRICT_OR_REPORTING_UNIT,VALID
Madhya Pradesh,ALIRAJPUR,2013,0,3,0,0,0,0,0,0,0,1,ST,02_District_wise_crimes_committed_against_ST_2013.csv,356,02_District_wise_crimes_committed_against_ST_2013.csv::356,False,UNIQUE,ALIRAJPUR,DISTRICT_OR_REPORTING_UNIT,VALID
Madhya Pradesh,ANUPPUR,2013,1,9,2,0,0,0,3,0,0,15,ST,02_District_wise_crimes_committed_against_ST_2013.csv,357,02_District_wise_crimes_committed_against_ST_2013.csv::357,False,UNIQUE,ANUPPUR,DISTRICT_OR_REPORTING_UNIT,VALID
Madhya Pradesh,ASHOK NAGAR,2013,0,3,1,0,0,0,3,0,0,6,ST,02_District_wise_crimes_committed_against_ST_2013.csv,358,02_District_wise_crimes_committed_against_ST_2013.csv::358,False,UNIQUE,ASHOK NAGAR,DISTRICT_OR_REPORTING_UNIT,VALID
Madhya Pradesh,BALAGHAT,2013,1,7,0,0,0,0,7,0,0,16,ST,02_District_wise_crimes_committed_against_ST_2013.csv,359,02_District_wise_crimes_committed_against_ST_2013.csv::359,False,UNIQUE,BALAGHAT,DISTRICT_OR_REPORTING_UNIT,VALID
Madhya Pradesh,BARWANI,2013,1,10,0,0,0,0,2,0,0,18,ST,02_District_wise_crimes_committed_against_ST_2013.csv,360,02_District_wise_crimes_committed_against_ST_2013.csv::360,False,UNIQUE,BARWANI,DISTRICT_OR_REPORTING_UNIT,VALID
Madhya Pradesh,BETUL,2013,3,18,2,0,0,0,16,0,0,33,ST,02_District_wise_crimes_committed_against_ST_2013.csv,361,02_District_wise_crimes_committed_against_ST_2013.csv::361,False,UNIQUE,BETUL,DISTRICT_OR_REPORTING_UNIT,VALID
Madhya Pradesh,BHIND,2013,0,0,0,0,0,0,0,0,0,0,ST,02_District_wise_crimes_committed_against_ST_2013.csv,362,02_District_wise_crimes_committed_against_ST_2013.csv::362,False,UNIQUE,BHIND,DISTRICT_OR_REPORTING_UNIT,VALID
Madhya Pradesh,BHOPAL,2013,0,0,0,0,0,0,0,0,0,1,ST,02_District_wise_crimes_committed_against_ST_2013.csv,363,02_District_wise_crimes_committed_against_ST_2013.csv::363,False,UNIQUE,BHOPAL,DISTRICT_OR_REPORTING_UNIT,VALID
Madhya Pradesh,BHOPAL RLY.,2013,0,1,0,0,0,0,0,0,0,0,ST,02_District_wise_crimes_committed_against_ST_2013.csv,364,02_District_wise_crimes_committed_against_ST_2013.csv::364,False,UNIQUE,BHOPAL RLY.,DISTRICT_OR_REPORTING_UNIT,VALID
Madhya Pradesh,BURHANPUR,2013,0,2,0,0,0,0,1,0,0,15,ST,02_District_wise_crimes_committed_against_ST_2013.csv,365,02_District_wise_crimes_committed_against_ST_2013.csv::365,False,UNIQUE,BURHANPUR,DISTRICT_OR_REPORTING_UNIT,VALID
Madhya Pradesh,CHHATARPUR,2013,1,1,0,0,0,0,2,0,0,6,ST,02_District_wise_crimes_committed_against_ST_2013.csv,366,02_District_wise_crimes_committed_against_ST_2013.csv::366,False,UNIQUE,CHHATARPUR,DISTRICT_OR_REPORTING_UNIT,VALID
Madhya Pradesh,CHHINDWARA,2013,1,26,4,0,0,0,4,0,0,42,ST,02_District_wise_crimes_committed_against_ST_2013.csv,367,02_District_wise_crimes_committed_against_ST_2013.csv::367,False,UNIQUE,CHHINDWARA,DISTRICT_OR_REPORTING_UNIT,VALID
Madhya Pradesh,DAMOH,2013,1,4,0,0,0,0,7,0,0,7,ST,02_District_wise_crimes_committed_against_ST_2013.csv,368,02_District_wise_crimes_committed_against_ST_2013.csv::368,False,UNIQUE,DAMOH,DISTRICT_OR_REPORTING_UNIT,VALID
Madhya Pradesh,DATIYA,2013,0,1,0,0,0,0,0,0,0,1,ST,02_District_wise_crimes_committed_against_ST_2013.csv,369,02_District_wise_crimes_committed_against_ST_2013.csv::369,False,UNIQUE,DATIYA,DISTRICT_OR_REPORTING_UNIT,VALID
Madhya Pradesh,DEWAS,2013,1,6,2,0,0,0,0,0,0,19,ST,02_District_wise_crimes_committed_against_ST_2013.csv,370,02_District_wise_crimes_committed_against_ST_2013.csv::370,False,UNIQUE,DEWAS,DISTRICT_OR_REPORTING_UNIT,VALID
Madhya Pradesh,DHAR,2013,3,17,3,0,0,0,9,0,0,12,ST,02_District_wise_crimes_committed_against_ST_2013.csv,371,02_District_wise_crimes_committed_against_ST_2013.csv::371,False,UNIQUE,DHAR,DISTRICT_OR_REPORTING_UNIT,VALID
Madhya Pradesh,DINDORI,2013,0,15,3,0,0,0,0,0,0,20,ST,02_District_wise_crimes_committed_against_ST_2013.csv,372,02_District_wise_crimes_committed_against_ST_2013.csv::372,False,UNIQUE,DINDORI,DISTRICT_OR_REPORTING_UNIT,VALID
Madhya Pradesh,GUNA,2013,1,3,0,0,0,0,9,0,0,10,ST,02_District_wise_crimes_committed_against_ST_2013.csv,373,02_District_wise_crimes_committed_against_ST_2013.csv::373,False,UNIQUE,GUNA,DISTRICT_OR_REPORTING_UNIT,VALID
Madhya Pradesh,GWALIOR,2013,0,2,0,0,0,0,8,0,0,3,ST,02_District_wise_crimes_committed_against_ST_2013.csv,374,02_District_wise_crimes_committed_against_ST_2013.csv::374,False,UNIQUE,GWALIOR,DISTRICT_OR_REPORTING_UNIT,VALID
Madhya Pradesh,HARDA,2013,0,5,1,0,0,0,5,0,0,8,ST,02_District_wise_crimes_committed_against_ST_2013.csv,375,02_District_wise_crimes_committed_against_ST_2013.csv::375,False,UNIQUE,HARDA,DISTRICT_OR_REPORTING_UNIT,VALID
Madhya Pradesh,HOSHANGABAD,2013,3,12,0,0,0,0,13,0,0,7,ST,02_District_wise_crimes_committed_against_ST_2013.csv,376,02_District_wise_crimes_committed_against_ST_2013.csv::376,False,UNIQUE,HOSHANGABAD,DISTRICT_OR_REPORTING_UNIT,VALID
Madhya Pradesh,INDORE,2013,1,6,1,0,0,0,0,0,0,18,ST,02_District_wise_crimes_committed_against_ST_2013.csv,377,02_District_wise_crimes_committed_against_ST_2013.csv::377,False,UNIQUE,INDORE,DISTRICT_OR_REPORTING_UNIT,VALID
Madhya Pradesh,INDORE RLY.,2013,0,0,0,0,0,0,0,0,0,0,ST,02_District_wise_crimes_committed_against_ST_2013.csv,378,02_District_wise_crimes_committed_against_ST_2013.csv::378,False,UNIQUE,INDORE RLY.,DISTRICT_OR_REPORTING_UNIT,VALID
Madhya Pradesh,JABALPUR,2013,1,12,0,0,0,1,10,0,0,26,ST,02_District_wise_crimes_committed_against_ST_2013.csv,379,02_District_wise_crimes_committed_against_ST_2013.csv::379,False,UNIQUE,JABALPUR,DISTRICT_OR_REPORTING_UNIT,VALID
Madhya Pradesh,JABALPUR RLY.,2013,0,0,0,0,0,0,0,0,0,0,ST,02_District_wise_crimes_committed_against_ST_2013.csv,380,02_District_wise_crimes_committed_against_ST_2013.csv::380,False,UNIQUE,JABALPUR RLY.,DISTRICT_OR_REPORTING_UNIT,VALID
Madhya Pradesh,JHABUA,2013,0,1,1,0,0,0,0,0,0,0,ST,02_District_wise_crimes_committed_against_ST_2013.csv,381,02_District_wise_crimes_committed_against_ST_2013.csv::381,False,UNIQUE,JHABUA,DISTRICT_OR_REPORTING_UNIT,VALID
Madhya Pradesh,KATNI,2013,2,2,0,0,0,0,1,0,0,11,ST,02_District_wise_crimes_committed_against_ST_2013.csv,382,02_District_wise_crimes_committed_against_ST_2013.csv::382,False,UNIQUE,KATNI,DISTRICT_OR_REPORTING_UNIT,VALID
Madhya Pradesh,KHANDWA,2013,1,15,3,0,0,0,0,0,0,35,ST,02_District_wise_crimes_committed_against_ST_2013.csv,383,02_District_wise_crimes_committed_against_ST_2013.csv::383,False,UNIQUE,KHANDWA,DISTRICT_OR_REPORTING_UNIT,VALID
Madhya Pradesh,KHARGON,2013,0,11,2,0,0,0,11,0,0,18,ST,02_District_wise_crimes_committed_against_ST_2013.csv,384,02_District_wise_crimes_committed_against_ST_2013.csv::384,False,UNIQUE,KHARGON,DISTRICT_OR_REPORTING_UNIT,VALID
Madhya Pradesh,MANDLA,2013,0,15,1,0,0,0,1,0,0,23,ST,02_District_wise_crimes_committed_against_ST_2013.csv,385,02_District_wise_crimes_committed_against_ST_2013.csv::385,False,UNIQUE,MANDLA,DISTRICT_OR_REPORTING_UNIT,VALID
Madhya Pradesh,MANDSAUR,2013,1,4,0,0,0,0,4,0,0,2,ST,02_District_wise_crimes_committed_against_ST_2013.csv,386,02_District_wise_crimes_committed_against_ST_2013.csv::386,False,UNIQUE,MANDSAUR,DISTRICT_OR_REPORTING_UNIT,VALID
Madhya Pradesh,MORENA,2013,0,0,0,0,0,0,0,0,0,5,ST,02_District_wise_crimes_committed_against_ST_2013.csv,387,02_District_wise_crimes_committed_against_ST_2013.csv::387,False,UNIQUE,MORENA,DISTRICT_OR_REPORTING_UNIT,VALID
Madhya Pradesh,NARSINGHPUR,2013,0,11,0,0,0,0,13,0,0,13,ST,02_District_wise_crimes_committed_against_ST_2013.csv,388,02_District_wise_crimes_committed_against_ST_2013.csv::388,False,UNIQUE,NARSINGHPUR,DISTRICT_OR_REPORTING_UNIT,VALID
Madhya Pradesh,NEEMUCH,2013,1,1,0,0,0,0,3,0,0,4,ST,02_District_wise_crimes_committed_against_ST_2013.csv,389,02_District_wise_crimes_committed_against_ST_2013.csv::389,False,UNIQUE,NEEMUCH,DISTRICT_OR_REPORTING_UNIT,VALID
Madhya Pradesh,PANNA,2013,0,2,0,0,0,0,0,0,0,9,ST,02_District_wise_crimes_committed_against_ST_2013.csv,390,02_District_wise_crimes_committed_against_ST_2013.csv::390,False,UNIQUE,PANNA,DISTRICT_OR_REPORTING_UNIT,VALID
Madhya Pradesh,RAISEN,2013,0,9,1,0,0,0,16,0,0,12,ST,02_District_wise_crimes_committed_against_ST_2013.csv,391,02_District_wise_crimes_committed_against_ST_2013.csv::391,False,UNIQUE,RAISEN,DISTRICT_OR_REPORTING_UNIT,VALID
Madhya Pradesh,RAJGARH,2013,0,7,0,0,0,0,3,0,0,6,ST,02_District_wise_crimes_committed_against_ST_2013.csv,392,02_District_wise_crimes_committed_against_ST_2013.csv::392,False,UNIQUE,RAJGARH,DISTRICT_OR_REPORTING_UNIT,VALID
Madhya Pradesh,RATLAM,2013,0,3,0,0,0,0,4,0,0,8,ST,02_District_wise_crimes_committed_against_ST_2013.csv,393,02_District_wise_crimes_committed_against_ST_2013.csv::393,False,UNIQUE,RATLAM,DISTRICT_OR_REPORTING_UNIT,VALID
Madhya Pradesh,REWA,2013,1,4,0,0,0,1,2,0,0,60,ST,02_District_wise_crimes_committed_against_ST_2013.csv,394,02_District_wise_crimes_committed_against_ST_2013.csv::394,False,UNIQUE,REWA,DISTRICT_OR_REPORTING_UNIT,VALID
Madhya Pradesh,SAGAR,2013,1,10,4,0,0,1,12,0,0,26,ST,02_District_wise_crimes_committed_against_ST_2013.csv,395,02_District_wise_crimes_committed_against_ST_2013.csv::395,False,UNIQUE,SAGAR,DISTRICT_OR_REPORTING_UNIT,VALID
Madhya Pradesh,SATNA,2013,1,8,1,0,0,0,0,0,0,15,ST,02_District_wise_crimes_committed_against_ST_2013.csv,396,02_District_wise_crimes_committed_against_ST_2013.csv::396,False,UNIQUE,SATNA,DISTRICT_OR_REPORTING_UNIT,VALID
Madhya Pradesh,SEONI,2013,3,17,3,0,0,0,4,0,0,20,ST,02_District_wise_crimes_committed_against_ST_2013.csv,397,02_District_wise_crimes_committed_against_ST_2013.csv::397,False,UNIQUE,SEONI,DISTRICT_OR_REPORTING_UNIT,VALID
Madhya Pradesh,SHAHDOL,2013,1,6,3,0,0,0,1,0,0,34,ST,02_District_wise_crimes_committed_against_ST_2013.csv,398,02_District_wise_crimes_committed_against_ST_2013.csv::398,False,UNIQUE,SHAHDOL,DISTRICT_OR_REPORTING_UNIT,VALID
Madhya Pradesh,SHAJAPUR,2013,0,2,0,0,0,0,0,0,0,2,ST,02_District_wise_crimes_committed_against_ST_2013.csv,399,02_District_wise_crimes_committed_against_ST_2013.csv::399,False,UNIQUE,SHAJAPUR,DISTRICT_OR_REPORTING_UNIT,VALID
Madhya Pradesh,SHEOPUR,2013,1,1,0,0,0,0,11,0,0,12,ST,02_District_wise_crimes_committed_against_ST_2013.csv,400,02_District_wise_crimes_committed_against_ST_2013.csv::400,False,UNIQUE,SHEOPUR,DISTRICT_OR_REPORTING_UNIT,VALID
Madhya Pradesh,SHIVPURI,2013,1,9,0,0,0,2,1,0,0,16,ST,02_District_wise_crimes_committed_against_ST_2013.csv,401,02_District_wise_crimes_committed_against_ST_2013.csv::401,False,UNIQUE,SHIVPURI,DISTRICT_OR_REPORTING_UNIT,VALID
Madhya Pradesh,SIDHI,2013,0,5,2,0,0,0,2,0,0,3,ST,02_District_wise_crimes_committed_against_ST_2013.csv,402,02_District_wise_crimes_committed_against_ST_2013.csv::402,False,UNIQUE,SIDHI,DISTRICT_OR_REPORTING_UNIT,VALID
Madhya Pradesh,SIHORE,2013,1,7,0,0,0,0,7,0,0,3,ST,02_District_wise_crimes_committed_against_ST_2013.csv,403,02_District_wise_crimes_committed_against_ST_2013.csv::403,False,UNIQUE,SIHORE,DISTRICT_OR_REPORTING_UNIT,VALID
Madhya Pradesh,SINGRAULI,2013,0,5,4,0,0,0,1,0,0,12,ST,02_District_wise_crimes_committed_against_ST_2013.csv,404,02_District_wise_crimes_committed_against_ST_2013.csv::404,False,UNIQUE,SINGRAULI,DISTRICT_OR_REPORTING_UNIT,VALID
Madhya Pradesh,TIKAMGARH,2013,0,4,0,0,0,0,1,0,0,2,ST,02_District_wise_crimes_committed_against_ST_2013.csv,405,02_District_wise_crimes_committed_against_ST_2013.csv::405,False,UNIQUE,TIKAMGARH,DISTRICT_OR_REPORTING_UNIT,VALID
Madhya Pradesh,UJJAIN,2013,1,1,0,0,0,0,0,0,0,6,ST,02_District_wise_crimes_committed_against_ST_2013.csv,406,02_District_wise_crimes_committed_against_ST_2013.csv::406,False,UNIQUE,UJJAIN,DISTRICT_OR_REPORTING_UNIT,VALID
Madhya Pradesh,UMARIYA,2013,3,1,2,0,0,0,6,0,0,8,ST,02_District_wise_crimes_committed_against_ST_2013.csv,407,02_District_wise_crimes_committed_against_ST_2013.csv::407,False,UNIQUE,UMARIYA,DISTRICT_OR_REPORTING_UNIT,VALID
Madhya Pradesh,VIDISHA,2013,1,2,0,0,0,0,1,0,0,21,ST,02_District_wise_crimes_committed_against_ST_2013.csv,408,02_District_wise_crimes_committed_against_ST_2013.csv::408,False,UNIQUE,VIDISHA,DISTRICT_OR_REPORTING_UNIT,VALID
Madhya Pradesh,ZZ TOTAL,2013,42,329,46,0,0,5,204,0,0,670,ST,02_District_wise_crimes_committed_against_ST_2013.csv,409,02_District_wise_crimes_committed_against_ST_2013.csv::409,False,UNIQUE,ZZ TOTAL,DISTRICT_OR_REPORTING_UNIT,VALID
Maharashtra,AHMEDNAGAR,2013,1,7,2,0,0,2,0,0,0,14,ST,02_District_wise_crimes_committed_against_ST_2013.csv,410,02_District_wise_crimes_committed_against_ST_2013.csv::410,False,UNIQUE,AHMEDNAGAR,DISTRICT_OR_REPORTING_UNIT,VALID
Maharashtra,AKOLA,2013,0,0,0,0,0,0,0,0,0,5,ST,02_District_wise_crimes_committed_against_ST_2013.csv,411,02_District_wise_crimes_committed_against_ST_2013.csv::411,False,UNIQUE,AKOLA,DISTRICT_OR_REPORTING_UNIT,VALID
Maharashtra,AMRAVATI COMMR.,2013,0,1,0,0,0,0,0,0,1,0,ST,02_District_wise_crimes_committed_against_ST_2013.csv,412,02_District_wise_crimes_committed_against_ST_2013.csv::412,False,UNIQUE,AMRAVATI COMMR.,DISTRICT_OR_REPORTING_UNIT,VALID
Maharashtra,AMRAVATI RURAL,2013,0,4,0,0,0,0,3,0,3,4,ST,02_District_wise_crimes_committed_against_ST_2013.csv,413,02_District_wise_crimes_committed_against_ST_2013.csv::413,False,UNIQUE,AMRAVATI RURAL,SPECIAL_UNIT,VALID
Maharashtra,AURANGABAD COMMR.,2013,0,1,0,0,0,0,0,0,0,1,ST,02_District_wise_crimes_committed_against_ST_2013.csv,414,02_District_wise_crimes_committed_against_ST_2013.csv::414,False,UNIQUE,AURANGABAD COMMR.,DISTRICT_OR_REPORTING_UNIT,VALID
Maharashtra,AURANGABAD RURAL,2013,0,2,0,0,0,3,0,0,1,6,ST,02_District_wise_crimes_committed_against_ST_2013.csv,415,02_District_wise_crimes_committed_against_ST_2013.csv::415,False,UNIQUE,AURANGABAD RURAL,SPECIAL_UNIT,VALID
Maharashtra,BEED,2013,0,5,0,0,0,0,2,0,0,12,ST,02_District_wise_crimes_committed_against_ST_2013.csv,416,02_District_wise_crimes_committed_against_ST_2013.csv::416,False,UNIQUE,BEED,DISTRICT_OR_REPORTING_UNIT,VALID
Maharashtra,BHANDARA,2013,0,2,0,0,0,0,0,0,0,4,ST,02_District_wise_crimes_committed_against_ST_2013.csv,417,02_District_wise_crimes_committed_against_ST_2013.csv::417,False,UNIQUE,BHANDARA,DISTRICT_OR_REPORTING_UNIT,VALID
Maharashtra,BULDHANA,2013,0,3,0,0,1,0,0,0,0,4,ST,02_District_wise_crimes_committed_against_ST_2013.csv,418,02_District_wise_crimes_committed_against_ST_2013.csv::418,False,UNIQUE,BULDHANA,DISTRICT_OR_REPORTING_UNIT,VALID
Maharashtra,CHANDRAPUR,2013,1,4,0,0,0,0,2,0,0,11,ST,02_District_wise_crimes_committed_against_ST_2013.csv,419,02_District_wise_crimes_committed_against_ST_2013.csv::419,False,UNIQUE,CHANDRAPUR,DISTRICT_OR_REPORTING_UNIT,VALID
Maharashtra,DHULE,2013,0,2,0,2,0,0,1,0,1,11,ST,02_District_wise_crimes_committed_against_ST_2013.csv,420,02_District_wise_crimes_committed_against_ST_2013.csv::420,False,UNIQUE,DHULE,DISTRICT_OR_REPORTING_UNIT,VALID
Maharashtra,GADCHIROLI,2013,0,2,0,0,0,0,0,0,0,1,ST,02_District_wise_crimes_committed_against_ST_2013.csv,421,02_District_wise_crimes_committed_against_ST_2013.csv::421,False,UNIQUE,GADCHIROLI,DISTRICT_OR_REPORTING_UNIT,VALID
Maharashtra,GONDIA,2013,0,4,0,0,0,0,0,0,2,2,ST,02_District_wise_crimes_committed_against_ST_2013.csv,422,02_District_wise_crimes_committed_against_ST_2013.csv::422,False,UNIQUE,GONDIA,DISTRICT_OR_REPORTING_UNIT,VALID
Maharashtra,HINGOLI,2013,0,0,0,0,0,0,0,0,0,6,ST,02_District_wise_crimes_committed_against_ST_2013.csv,423,02_District_wise_crimes_committed_against_ST_2013.csv::423,False,UNIQUE,HINGOLI,DISTRICT_OR_REPORTING_UNIT,VALID
Maharashtra,JALGAON,2013,0,0,0,1,0,0,1,0,8,7,ST,02_District_wise_crimes_committed_against_ST_2013.csv,424,02_District_wise_crimes_committed_against_ST_2013.csv::424,False,UNIQUE,JALGAON,DISTRICT_OR_REPORTING_UNIT,VALID
Maharashtra,JALNA,2013,1,0,1,0,0,0,3,0,0,4,ST,02_District_wise_crimes_committed_against_ST_2013.csv,425,02_District_wise_crimes_committed_against_ST_2013.csv::425,False,UNIQUE,JALNA,DISTRICT_OR_REPORTING_UNIT,VALID
Maharashtra,KOLHAPUR,2013,0,0,0,0,0,0,0,0,0,0,ST,02_District_wise_crimes_committed_against_ST_2013.csv,426,02_District_wise_crimes_committed_against_ST_2013.csv::426,False,UNIQUE,KOLHAPUR,DISTRICT_OR_REPORTING_UNIT,VALID
Maharashtra,LATUR,2013,0,0,0,0,0,0,0,0,0,0,ST,02_District_wise_crimes_committed_against_ST_2013.csv,427,02_District_wise_crimes_committed_against_ST_2013.csv::427,False,UNIQUE,LATUR,DISTRICT_OR_REPORTING_UNIT,VALID
Maharashtra,MUMBAI COMMR.,2013,0,1,0,0,0,0,1,0,0,4,ST,02_District_wise_crimes_committed_against_ST_2013.csv,428,02_District_wise_crimes_committed_against_ST_2013.csv::428,False,UNIQUE,MUMBAI COMMR.,DISTRICT_OR_REPORTING_UNIT,VALID
Maharashtra,MUMBAI RLY.,2013,0,0,0,0,0,0,0,0,0,0,ST,02_District_wise_crimes_committed_against_ST_2013.csv,429,02_District_wise_crimes_committed_against_ST_2013.csv::429,False,UNIQUE,MUMBAI RLY.,DISTRICT_OR_REPORTING_UNIT,VALID
Maharashtra,NAGPUR COMMR.,2013,0,3,0,0,0,0,0,0,0,2,ST,02_District_wise_crimes_committed_against_ST_2013.csv,430,02_District_wise_crimes_committed_against_ST_2013.csv::430,False,UNIQUE,NAGPUR COMMR.,DISTRICT_OR_REPORTING_UNIT,VALID
Maharashtra,NAGPUR RLY.,2013,0,0,0,0,0,0,0,0,0,0,ST,02_District_wise_crimes_committed_against_ST_2013.csv,431,02_District_wise_crimes_committed_against_ST_2013.csv::431,False,UNIQUE,NAGPUR RLY.,DISTRICT_OR_REPORTING_UNIT,VALID
Maharashtra,NAGPUR RURAL,2013,0,1,1,0,0,0,0,0,0,3,ST,02_District_wise_crimes_committed_against_ST_2013.csv,432,02_District_wise_crimes_committed_against_ST_2013.csv::432,False,UNIQUE,NAGPUR RURAL,SPECIAL_UNIT,VALID
Maharashtra,NANDED,2013,0,4,0,0,0,0,0,8,1,2,ST,02_District_wise_crimes_committed_against_ST_2013.csv,433,02_District_wise_crimes_committed_against_ST_2013.csv::433,False,UNIQUE,NANDED,DISTRICT_OR_REPORTING_UNIT,VALID
Maharashtra,NANDURBAR,2013,1,4,0,0,1,0,1,0,3,4,ST,02_District_wise_crimes_committed_against_ST_2013.csv,434,02_District_wise_crimes_committed_against_ST_2013.csv::434,False,UNIQUE,NANDURBAR,DISTRICT_OR_REPORTING_UNIT,VALID
Maharashtra,NASIK COMMR.,2013,0,2,0,0,0,0,0,0,0,1,ST,02_District_wise_crimes_committed_against_ST_2013.csv,435,02_District_wise_crimes_committed_against_ST_2013.csv::435,False,UNIQUE,NASIK COMMR.,DISTRICT_OR_REPORTING_UNIT,VALID
Maharashtra,NASIK RURAL,2013,1,6,1,2,0,0,1,0,5,19,ST,02_District_wise_crimes_committed_against_ST_2013.csv,436,02_District_wise_crimes_committed_against_ST_2013.csv::436,False,UNIQUE,NASIK RURAL,SPECIAL_UNIT,VALID
Maharashtra,NAVI MUMBAI,2013,0,1,0,0,0,0,0,0,0,0,ST,02_District_wise_crimes_committed_against_ST_2013.csv,437,02_District_wise_crimes_committed_against_ST_2013.csv::437,False,UNIQUE,NAVI MUMBAI,DISTRICT_OR_REPORTING_UNIT,VALID
Maharashtra,OSMANABAD,2013,0,1,0,0,0,0,0,0,0,2,ST,02_District_wise_crimes_committed_against_ST_2013.csv,438,02_District_wise_crimes_committed_against_ST_2013.csv::438,False,UNIQUE,OSMANABAD,DISTRICT_OR_REPORTING_UNIT,VALID
Maharashtra,PARBHANI,2013,0,1,0,0,0,0,0,0,0,3,ST,02_District_wise_crimes_committed_against_ST_2013.csv,439,02_District_wise_crimes_committed_against_ST_2013.csv::439,False,UNIQUE,PARBHANI,DISTRICT_OR_REPORTING_UNIT,VALID
Maharashtra,PUNE COMMR.,2013,0,0,0,0,0,0,0,0,0,0,ST,02_District_wise_crimes_committed_against_ST_2013.csv,440,02_District_wise_crimes_committed_against_ST_2013.csv::440,False,UNIQUE,PUNE COMMR.,DISTRICT_OR_REPORTING_UNIT,VALID
Maharashtra,PUNE RLY.,2013,0,0,0,0,0,0,0,0,0,0,ST,02_District_wise_crimes_committed_against_ST_2013.csv,441,02_District_wise_crimes_committed_against_ST_2013.csv::441,False,UNIQUE,PUNE RLY.,DISTRICT_OR_REPORTING_UNIT,VALID
Maharashtra,PUNE RURAL,2013,0,6,0,0,0,0,0,0,1,3,ST,02_District_wise_crimes_committed_against_ST_2013.csv,442,02_District_wise_crimes_committed_against_ST_2013.csv::442,False,UNIQUE,PUNE RURAL,SPECIAL_UNIT,VALID
Maharashtra,RAIGAD,2013,0,1,1,0,0,0,4,0,5,2,ST,02_District_wise_crimes_committed_against_ST_2013.csv,443,02_District_wise_crimes_committed_against_ST_2013.csv::443,False,UNIQUE,RAIGAD,DISTRICT_OR_REPORTING_UNIT,VALID
Maharashtra,RATNAGIRI,2013,0,0,0,0,0,0,0,0,1,0,ST,02_District_wise_crimes_committed_against_ST_2013.csv,444,02_District_wise_crimes_committed_against_ST_2013.csv::444,False,UNIQUE,RATNAGIRI,DISTRICT_OR_REPORTING_UNIT,VALID
Maharashtra,SANGLI,2013,0,0,0,0,0,0,0,0,0,0,ST,02_District_wise_crimes_committed_against_ST_2013.csv,445,02_District_wise_crimes_committed_against_ST_2013.csv::445,False,UNIQUE,SANGLI,DISTRICT_OR_REPORTING_UNIT,VALID
Maharashtra,SATARA,2013,0,1,0,0,0,0,0,0,0,0,ST,02_District_wise_crimes_committed_against_ST_2013.csv,446,02_District_wise_crimes_committed_against_ST_2013.csv::446,False,UNIQUE,SATARA,DISTRICT_OR_REPORTING_UNIT,VALID
Maharashtra,SINDHUDURG,2013,0,0,0,0,0,0,0,0,0,0,ST,02_District_wise_crimes_committed_against_ST_2013.csv,447,02_District_wise_crimes_committed_against_ST_2013.csv::447,False,UNIQUE,SINDHUDURG,DISTRICT_OR_REPORTING_UNIT,VALID
Maharashtra,SOLAPUR COMMR.,2013,0,0,0,0,0,0,0,0,0,0,ST,02_District_wise_crimes_committed_against_ST_2013.csv,448,02_District_wise_crimes_committed_against_ST_2013.csv::448,False,UNIQUE,SOLAPUR COMMR.,DISTRICT_OR_REPORTING_UNIT,VALID
Maharashtra,SOLAPUR RURAL,2013,0,4,1,0,0,0,0,0,0,1,ST,02_District_wise_crimes_committed_against_ST_2013.csv,449,02_District_wise_crimes_committed_against_ST_2013.csv::449,False,UNIQUE,SOLAPUR RURAL,SPECIAL_UNIT,VALID
Maharashtra,THANE COMMR.,2013,0,2,0,0,0,0,0,0,0,1,ST,02_District_wise_crimes_committed_against_ST_2013.csv,450,02_District_wise_crimes_committed_against_ST_2013.csv::450,False,UNIQUE,THANE COMMR.,DISTRICT_OR_REPORTING_UNIT,VALID
Maharashtra,THANE RURAL,2013,0,1,0,1,0,0,7,0,3,23,ST,02_District_wise_crimes_committed_against_ST_2013.csv,451,02_District_wise_crimes_committed_against_ST_2013.csv::451,False,UNIQUE,THANE RURAL,SPECIAL_UNIT,VALID
Maharashtra,WARDHA,2013,1,3,0,0,0,0,0,0,3,3,ST,02_District_wise_crimes_committed_against_ST_2013.csv,452,02_District_wise_crimes_committed_against_ST_2013.csv::452,False,UNIQUE,WARDHA,DISTRICT_OR_REPORTING_UNIT,VALID
Maharashtra,WASHIM,2013,0,0,0,0,0,0,0,0,0,9,ST,02_District_wise_crimes_committed_against_ST_2013.csv,453,02_District_wise_crimes_committed_against_ST_2013.csv::453,False,UNIQUE,WASHIM,DISTRICT_OR_REPORTING_UNIT,VALID
Maharashtra,YAVATMAL,2013,1,12,2,0,0,0,3,0,7,39,ST,02_District_wise_crimes_committed_against_ST_2013.csv,454,02_District_wise_crimes_committed_against_ST_2013.csv::454,False,UNIQUE,YAVATMAL,DISTRICT_OR_REPORTING_UNIT,VALID
Maharashtra,ZZ TOTAL,2013,7,91,9,6,2,5,29,8,45,213,ST,02_District_wise_crimes_committed_against_ST_2013.csv,455,02_District_wise_crimes_committed_against_ST_2013.csv::455,False,UNIQUE,ZZ TOTAL,DISTRICT_OR_REPORTING_UNIT,VALID
Manipur,BISHNUPUR,2013,0,0,0,0,0,0,0,0,0,0,ST,02_District_wise_crimes_committed_against_ST_2013.csv,456,02_District_wise_crimes_committed_against_ST_2013.csv::456,False,UNIQUE,BISHNUPUR,DISTRICT_OR_REPORTING_UNIT,VALID
Manipur,CHANDEL,2013,0,0,0,0,0,0,0,0,0,0,ST,02_District_wise_crimes_committed_against_ST_2013.csv,457,02_District_wise_crimes_committed_against_ST_2013.csv::457,False,UNIQUE,CHANDEL,DISTRICT_OR_REPORTING_UNIT,VALID
Manipur,CHURACHANDPUR,2013,0,0,0,0,0,0,0,0,0,0,ST,02_District_wise_crimes_committed_against_ST_2013.csv,458,02_District_wise_crimes_committed_against_ST_2013.csv::458,False,UNIQUE,CHURACHANDPUR,DISTRICT_OR_REPORTING_UNIT,VALID
Manipur,CID,2013,0,0,0,0,0,0,0,0,0,0,ST,02_District_wise_crimes_committed_against_ST_2013.csv,459,02_District_wise_crimes_committed_against_ST_2013.csv::459,False,UNIQUE,CID,DISTRICT_OR_REPORTING_UNIT,VALID
Manipur,IMPHAL EAST,2013,0,0,0,0,0,0,0,0,0,0,ST,02_District_wise_crimes_committed_against_ST_2013.csv,460,02_District_wise_crimes_committed_against_ST_2013.csv::460,False,UNIQUE,IMPHAL EAST,DISTRICT_OR_REPORTING_UNIT,VALID
Manipur,IMPHAL WEST,2013,0,1,0,0,0,0,0,0,0,0,ST,02_District_wise_crimes_committed_against_ST_2013.csv,461,02_District_wise_crimes_committed_against_ST_2013.csv::461,False,UNIQUE,IMPHAL WEST,DISTRICT_OR_REPORTING_UNIT,VALID
Manipur,SENAPATI,2013,0,0,0,0,0,0,0,0,0,0,ST,02_District_wise_crimes_committed_against_ST_2013.csv,462,02_District_wise_crimes_committed_against_ST_2013.csv::462,False,UNIQUE,SENAPATI,DISTRICT_OR_REPORTING_UNIT,VALID
Manipur,TAMENGLONG,2013,0,0,0,0,0,0,0,0,0,0,ST,02_District_wise_crimes_committed_against_ST_2013.csv,463,02_District_wise_crimes_committed_against_ST_2013.csv::463,False,UNIQUE,TAMENGLONG,DISTRICT_OR_REPORTING_UNIT,VALID
Manipur,THOUBAL,2013,0,1,0,0,0,0,0,0,0,0,ST,02_District_wise_crimes_committed_against_ST_2013.csv,464,02_District_wise_crimes_committed_against_ST_2013.csv::464,False,UNIQUE,THOUBAL,DISTRICT_OR_REPORTING_UNIT,VALID
Manipur,UKHRUL,2013,0,0,0,0,0,0,0,0,0,0,ST,02_District_wise_crimes_committed_against_ST_2013.csv,465,02_District_wise_crimes_committed_against_ST_2013.csv::465,False,UNIQUE,UKHRUL,DISTRICT_OR_REPORTING_UNIT,VALID
Manipur,ZZ TOTAL,2013,0,2,0,0,0,0,0,0,0,0,ST,02_District_wise_crimes_committed_against_ST_2013.csv,466,02_District_wise_crimes_committed_against_ST_2013.csv::466,False,UNIQUE,ZZ TOTAL,DISTRICT_OR_REPORTING_UNIT,VALID
Meghalaya,GARO HILLS EAST,2013,0,0,0,0,0,0,0,0,0,0,ST,02_District_wise_crimes_committed_against_ST_2013.csv,467,02_District_wise_crimes_committed_against_ST_2013.csv::467,False,UNIQUE,GARO HILLS EAST,DISTRICT_OR_REPORTING_UNIT,VALID
Meghalaya,GARO HILLS NORTH,2013,0,0,0,0,0,0,0,0,0,0,ST,02_District_wise_crimes_committed_against_ST_2013.csv,468,02_District_wise_crimes_committed_against_ST_2013.csv::468,False,UNIQUE,GARO HILLS NORTH,DISTRICT_OR_REPORTING_UNIT,VALID
Meghalaya,GARO HILLS SOUTH,2013,0,0,0,0,0,0,0,0,0,0,ST,02_District_wise_crimes_committed_against_ST_2013.csv,469,02_District_wise_crimes_committed_against_ST_2013.csv::469,False,UNIQUE,GARO HILLS SOUTH,DISTRICT_OR_REPORTING_UNIT,VALID
Meghalaya,GARO HILLS SOUTH W.,2013,0,0,0,0,0,0,0,0,0,0,ST,02_District_wise_crimes_committed_against_ST_2013.csv,470,02_District_wise_crimes_committed_against_ST_2013.csv::470,False,UNIQUE,GARO HILLS SOUTH W.,DISTRICT_OR_REPORTING_UNIT,VALID
Meghalaya,GARO HILLS WEST,2013,0,0,0,0,0,0,0,0,0,0,ST,02_District_wise_crimes_committed_against_ST_2013.csv,471,02_District_wise_crimes_committed_against_ST_2013.csv::471,False,UNIQUE,GARO HILLS WEST,DISTRICT_OR_REPORTING_UNIT,VALID
Meghalaya,JAINTIA HILLS EAST,2013,0,0,0,0,0,0,0,0,0,0,ST,02_District_wise_crimes_committed_against_ST_2013.csv,472,02_District_wise_crimes_committed_against_ST_2013.csv::472,False,UNIQUE,JAINTIA HILLS EAST,DISTRICT_OR_REPORTING_UNIT,VALID
Meghalaya,JAINTIA HILLS WEST,2013,0,0,0,0,0,0,0,0,0,0,ST,02_District_wise_crimes_committed_against_ST_2013.csv,473,02_District_wise_crimes_committed_against_ST_2013.csv::473,False,UNIQUE,JAINTIA HILLS WEST,DISTRICT_OR_REPORTING_UNIT,VALID
Meghalaya,KHASI HILLS EAST,2013,0,0,0,0,0,0,0,0,0,0,ST,02_District_wise_crimes_committed_against_ST_2013.csv,474,02_District_wise_crimes_committed_against_ST_2013.csv::474,False,UNIQUE,KHASI HILLS EAST,DISTRICT_OR_REPORTING_UNIT,VALID
Meghalaya,KHASI HILLS SOUTH W.,2013,0,0,0,0,0,0,0,0,0,0,ST,02_District_wise_crimes_committed_against_ST_2013.csv,475,02_District_wise_crimes_committed_against_ST_2013.csv::475,False,UNIQUE,KHASI HILLS SOUTH W.,DISTRICT_OR_REPORTING_UNIT,VALID
Meghalaya,KHASI HILLS WEST,2013,0,0,0,0,0,0,0,0,0,0,ST,02_District_wise_crimes_committed_against_ST_2013.csv,476,02_District_wise_crimes_committed_against_ST_2013.csv::476,False,UNIQUE,KHASI HILLS WEST,DISTRICT_OR_REPORTING_UNIT,VALID
Meghalaya,RI-BHOI,2013,0,0,0,0,0,0,0,0,0,0,ST,02_District_wise_crimes_committed_against_ST_2013.csv,477,02_District_wise_crimes_committed_against_ST_2013.csv::477,False,UNIQUE,RI-BHOI,DISTRICT_OR_REPORTING_UNIT,VALID
Meghalaya,ZZ TOTAL,2013,0,0,0,0,0,0,0,0,0,0,ST,02_District_wise_crimes_committed_against_ST_2013.csv,478,02_District_wise_crimes_committed_against_ST_2013.csv::478,False,UNIQUE,ZZ TOTAL,DISTRICT_OR_REPORTING_UNIT,VALID
Mizoram,AIZAWL,2013,0,0,0,0,0,0,0,0,0,0,ST,02_District_wise_crimes_committed_against_ST_2013.csv,479,02_District_wise_crimes_committed_against_ST_2013.csv::479,False,UNIQUE,AIZAWL,DISTRICT_OR_REPORTING_UNIT,VALID
Mizoram,CHAMPHAI,2013,0,0,0,0,0,0,0,0,0,0,ST,02_District_wise_crimes_committed_against_ST_2013.csv,480,02_District_wise_crimes_committed_against_ST_2013.csv::480,False,UNIQUE,CHAMPHAI,DISTRICT_OR_REPORTING_UNIT,VALID
Mizoram,KOLASIB,2013,0,0,0,0,0,0,0,0,0,0,ST,02_District_wise_crimes_committed_against_ST_2013.csv,481,02_District_wise_crimes_committed_against_ST_2013.csv::481,False,UNIQUE,KOLASIB,DISTRICT_OR_REPORTING_UNIT,VALID
Mizoram,LAWNGTLAI,2013,0,0,0,0,0,0,0,0,0,0,ST,02_District_wise_crimes_committed_against_ST_2013.csv,482,02_District_wise_crimes_committed_against_ST_2013.csv::482,False,UNIQUE,LAWNGTLAI,DISTRICT_OR_REPORTING_UNIT,VALID
Mizoram,LUNGLEI,2013,0,0,0,0,0,0,0,0,0,0,ST,02_District_wise_crimes_committed_against_ST_2013.csv,483,02_District_wise_crimes_committed_against_ST_2013.csv::483,False,UNIQUE,LUNGLEI,DISTRICT_OR_REPORTING_UNIT,VALID
Mizoram,MAMIT,2013,0,0,0,0,0,0,0,0,0,0,ST,02_District_wise_crimes_committed_against_ST_2013.csv,484,02_District_wise_crimes_committed_against_ST_2013.csv::484,False,UNIQUE,MAMIT,DISTRICT_OR_REPORTING_UNIT,VALID
Mizoram,SAIHA,2013,0,0,0,0,0,0,0,0,0,0,ST,02_District_wise_crimes_committed_against_ST_2013.csv,485,02_District_wise_crimes_committed_against_ST_2013.csv::485,False,UNIQUE,SAIHA,DISTRICT_OR_REPORTING_UNIT,VALID
Mizoram,SERCHHIP,2013,0,0,0,0,0,0,0,0,0,0,ST,02_District_wise_crimes_committed_against_ST_2013.csv,486,02_District_wise_crimes_committed_against_ST_2013.csv::486,False,UNIQUE,SERCHHIP,DISTRICT_OR_REPORTING_UNIT,VALID
Mizoram,SPL NARCOTIC,2013,0,0,0,0,0,0,0,0,0,0,ST,02_District_wise_crimes_committed_against_ST_2013.csv,487,02_District_wise_crimes_committed_against_ST_2013.csv::487,False,UNIQUE,SPL NARCOTIC,DISTRICT_OR_REPORTING_UNIT,VALID
Mizoram,TRAFFIC PS,2013,0,0,0,0,0,0,0,0,0,0,ST,02_District_wise_crimes_committed_against_ST_2013.csv,488,02_District_wise_crimes_committed_against_ST_2013.csv::488,False,UNIQUE,TRAFFIC PS,DISTRICT_OR_REPORTING_UNIT,VALID
Mizoram,ZZ TOTAL,2013,0,0,0,0,0,0,0,0,0,0,ST,02_District_wise_crimes_committed_against_ST_2013.csv,489,02_District_wise_crimes_committed_against_ST_2013.csv::489,False,UNIQUE,ZZ TOTAL,DISTRICT_OR_REPORTING_UNIT,VALID
Nagaland,DIMAPUR,2013,10,6,0,0,0,0,2,0,0,0,ST,02_District_wise_crimes_committed_against_ST_2013.csv,490,02_District_wise_crimes_committed_against_ST_2013.csv::490,False,UNIQUE,DIMAPUR,DISTRICT_OR_REPORTING_UNIT,VALID
Nagaland,KIPHIRE,2013,0,0,0,0,0,0,0,0,0,0,ST,02_District_wise_crimes_committed_against_ST_2013.csv,491,02_District_wise_crimes_committed_against_ST_2013.csv::491,False,UNIQUE,KIPHIRE,DISTRICT_OR_REPORTING_UNIT,VALID
Nagaland,KOHIMA,2013,0,0,0,0,0,0,0,0,0,0,ST,02_District_wise_crimes_committed_against_ST_2013.csv,492,02_District_wise_crimes_committed_against_ST_2013.csv::492,False,UNIQUE,KOHIMA,DISTRICT_OR_REPORTING_UNIT,VALID
Nagaland,LONGLENG,2013,0,0,0,0,0,0,0,0,0,0,ST,02_District_wise_crimes_committed_against_ST_2013.csv,493,02_District_wise_crimes_committed_against_ST_2013.csv::493,False,UNIQUE,LONGLENG,DISTRICT_OR_REPORTING_UNIT,VALID
Nagaland,MOKOKCHUNG,2013,0,0,0,0,0,0,0,0,0,0,ST,02_District_wise_crimes_committed_against_ST_2013.csv,494,02_District_wise_crimes_committed_against_ST_2013.csv::494,False,UNIQUE,MOKOKCHUNG,DISTRICT_OR_REPORTING_UNIT,VALID
Nagaland,MON,2013,0,0,0,0,0,0,0,0,0,0,ST,02_District_wise_crimes_committed_against_ST_2013.csv,495,02_District_wise_crimes_committed_against_ST_2013.csv::495,False,UNIQUE,MON,DISTRICT_OR_REPORTING_UNIT,VALID
Nagaland,PEREN,2013,0,0,0,0,0,0,0,0,0,0,ST,02_District_wise_crimes_committed_against_ST_2013.csv,496,02_District_wise_crimes_committed_against_ST_2013.csv::496,False,UNIQUE,PEREN,DISTRICT_OR_REPORTING_UNIT,VALID
Nagaland,PHEK,2013,0,0,0,0,0,0,0,0,0,0,ST,02_District_wise_crimes_committed_against_ST_2013.csv,497,02_District_wise_crimes_committed_against_ST_2013.csv::497,False,UNIQUE,PHEK,DISTRICT_OR_REPORTING_UNIT,VALID
Nagaland,TUENSANG,2013,0,0,0,0,0,0,0,0,0,0,ST,02_District_wise_crimes_committed_against_ST_2013.csv,498,02_District_wise_crimes_committed_against_ST_2013.csv::498,False,UNIQUE,TUENSANG,DISTRICT_OR_REPORTING_UNIT,VALID
Nagaland,WOKHA,2013,0,0,0,0,0,0,0,0,0,0,ST,02_District_wise_crimes_committed_against_ST_2013.csv,499,02_District_wise_crimes_committed_against_ST_2013.csv::499,False,UNIQUE,WOKHA,DISTRICT_OR_REPORTING_UNIT,VALID
Nagaland,ZUNHEBOTO,2013,0,0,0,0,0,0,0,0,0,0,ST,02_District_wise_crimes_committed_against_ST_2013.csv,500,02_District_wise_crimes_committed_against_ST_2013.csv::500,False,UNIQUE,ZUNHEBOTO,DISTRICT_OR_REPORTING_UNIT,VALID
Nagaland,ZZ TOTAL,2013,10,6,0,0,0,0,2,0,0,0,ST,02_District_wise_crimes_committed_against_ST_2013.csv,501,02_District_wise_crimes_committed_against_ST_2013.csv::501,False,UNIQUE,ZZ TOTAL,DISTRICT_OR_REPORTING_UNIT,VALID
Odisha,ANGUL,2013,0,1,0,0,0,0,0,0,24,0,ST,02_District_wise_crimes_committed_against_ST_2013.csv,502,02_District_wise_crimes_committed_against_ST_2013.csv::502,False,UNIQUE,ANGUL,DISTRICT_OR_REPORTING_UNIT,VALID
Odisha,BALASORE,2013,0,5,1,0,0,1,25,0,43,0,ST,02_District_wise_crimes_committed_against_ST_2013.csv,503,02_District_wise_crimes_committed_against_ST_2013.csv::503,False,UNIQUE,BALASORE,DISTRICT_OR_REPORTING_UNIT,VALID
Odisha,BARAGARH,2013,0,1,1,0,0,0,19,0,30,0,ST,02_District_wise_crimes_committed_against_ST_2013.csv,504,02_District_wise_crimes_committed_against_ST_2013.csv::504,False,UNIQUE,BARAGARH,DISTRICT_OR_REPORTING_UNIT,VALID
Odisha,BERHAMPUR,2013,0,0,0,0,0,0,0,0,3,0,ST,02_District_wise_crimes_committed_against_ST_2013.csv,505,02_District_wise_crimes_committed_against_ST_2013.csv::505,False,UNIQUE,BERHAMPUR,DISTRICT_OR_REPORTING_UNIT,VALID
Odisha,BHADRAK,2013,0,0,0,0,0,0,0,0,4,0,ST,02_District_wise_crimes_committed_against_ST_2013.csv,506,02_District_wise_crimes_committed_against_ST_2013.csv::506,False,UNIQUE,BHADRAK,DISTRICT_OR_REPORTING_UNIT,VALID
Odisha,BOLANGIR,2013,1,3,0,0,1,1,0,0,33,0,ST,02_District_wise_crimes_committed_against_ST_2013.csv,507,02_District_wise_crimes_committed_against_ST_2013.csv::507,False,UNIQUE,BOLANGIR,DISTRICT_OR_REPORTING_UNIT,VALID
Odisha,BOUDH,2013,0,0,0,0,0,0,3,0,8,0,ST,02_District_wise_crimes_committed_against_ST_2013.csv,508,02_District_wise_crimes_committed_against_ST_2013.csv::508,False,UNIQUE,BOUDH,DISTRICT_OR_REPORTING_UNIT,VALID
Odisha,CUTTACK,2013,0,0,1,0,0,0,3,0,5,0,ST,02_District_wise_crimes_committed_against_ST_2013.csv,509,02_District_wise_crimes_committed_against_ST_2013.csv::509,False,UNIQUE,CUTTACK,DISTRICT_OR_REPORTING_UNIT,VALID
Odisha,DCP BBSR,2013,0,0,0,0,0,0,1,0,1,0,ST,02_District_wise_crimes_committed_against_ST_2013.csv,510,02_District_wise_crimes_committed_against_ST_2013.csv::510,False,UNIQUE,DCP BBSR,DISTRICT_OR_REPORTING_UNIT,VALID
Odisha,DCP CTC,2013,0,0,0,0,0,0,0,0,0,0,ST,02_District_wise_crimes_committed_against_ST_2013.csv,511,02_District_wise_crimes_committed_against_ST_2013.csv::511,False,UNIQUE,DCP CTC,DISTRICT_OR_REPORTING_UNIT,VALID
Odisha,DEOGARH,2013,0,0,0,0,0,0,0,0,5,0,ST,02_District_wise_crimes_committed_against_ST_2013.csv,512,02_District_wise_crimes_committed_against_ST_2013.csv::512,False,UNIQUE,DEOGARH,DISTRICT_OR_REPORTING_UNIT,VALID
Odisha,DHENKANAL,2013,0,1,2,1,0,0,4,0,31,0,ST,02_District_wise_crimes_committed_against_ST_2013.csv,513,02_District_wise_crimes_committed_against_ST_2013.csv::513,False,UNIQUE,DHENKANAL,DISTRICT_OR_REPORTING_UNIT,VALID
Odisha,GAJAPATI,2013,0,0,0,0,0,0,5,0,8,2,ST,02_District_wise_crimes_committed_against_ST_2013.csv,514,02_District_wise_crimes_committed_against_ST_2013.csv::514,False,UNIQUE,GAJAPATI,DISTRICT_OR_REPORTING_UNIT,VALID
Odisha,GANJAM,2013,0,0,0,0,0,0,0,0,0,0,ST,02_District_wise_crimes_committed_against_ST_2013.csv,515,02_District_wise_crimes_committed_against_ST_2013.csv::515,False,UNIQUE,GANJAM,DISTRICT_OR_REPORTING_UNIT,VALID
Odisha,JAGATSINGHPUR,2013,0,0,0,0,0,0,0,0,2,0,ST,02_District_wise_crimes_committed_against_ST_2013.csv,516,02_District_wise_crimes_committed_against_ST_2013.csv::516,False,UNIQUE,JAGATSINGHPUR,DISTRICT_OR_REPORTING_UNIT,VALID
Odisha,JAJPUR,2013,0,1,0,0,0,0,7,0,6,0,ST,02_District_wise_crimes_committed_against_ST_2013.csv,517,02_District_wise_crimes_committed_against_ST_2013.csv::517,False,UNIQUE,JAJPUR,DISTRICT_OR_REPORTING_UNIT,VALID
Odisha,JHARSUGUDA,2013,0,2,0,0,0,0,13,0,15,0,ST,02_District_wise_crimes_committed_against_ST_2013.csv,518,02_District_wise_crimes_committed_against_ST_2013.csv::518,False,UNIQUE,JHARSUGUDA,DISTRICT_OR_REPORTING_UNIT,VALID
Odisha,KALAHANDI,2013,2,4,0,0,0,0,0,0,34,0,ST,02_District_wise_crimes_committed_against_ST_2013.csv,519,02_District_wise_crimes_committed_against_ST_2013.csv::519,False,UNIQUE,KALAHANDI,DISTRICT_OR_REPORTING_UNIT,VALID
Odisha,KANDHAMAL,2013,0,2,0,0,0,0,7,0,13,0,ST,02_District_wise_crimes_committed_against_ST_2013.csv,520,02_District_wise_crimes_committed_against_ST_2013.csv::520,False,UNIQUE,KANDHAMAL,DISTRICT_OR_REPORTING_UNIT,VALID
Odisha,KENDRAPARA,2013,0,0,0,0,0,1,0,0,1,0,ST,02_District_wise_crimes_committed_against_ST_2013.csv,521,02_District_wise_crimes_committed_against_ST_2013.csv::521,False,UNIQUE,KENDRAPARA,DISTRICT_OR_REPORTING_UNIT,VALID
Odisha,KEONJHAR,2013,0,6,0,0,0,0,23,0,29,0,ST,02_District_wise_crimes_committed_against_ST_2013.csv,522,02_District_wise_crimes_committed_against_ST_2013.csv::522,False,UNIQUE,KEONJHAR,DISTRICT_OR_REPORTING_UNIT,VALID
Odisha,KHURDA,2013,0,0,0,0,0,0,0,0,0,0,ST,02_District_wise_crimes_committed_against_ST_2013.csv,523,02_District_wise_crimes_committed_against_ST_2013.csv::523,False,UNIQUE,KHURDA,DISTRICT_OR_REPORTING_UNIT,VALID
Odisha,KORAPUT,2013,0,3,0,0,0,0,0,0,10,0,ST,02_District_wise_crimes_committed_against_ST_2013.csv,524,02_District_wise_crimes_committed_against_ST_2013.csv::524,False,UNIQUE,KORAPUT,DISTRICT_OR_REPORTING_UNIT,VALID
Odisha,MALKANGIR,2013,0,0,0,0,0,0,0,0,2,0,ST,02_District_wise_crimes_committed_against_ST_2013.csv,525,02_District_wise_crimes_committed_against_ST_2013.csv::525,False,UNIQUE,MALKANGIR,DISTRICT_OR_REPORTING_UNIT,VALID
Odisha,MAYURBHANJ,2013,1,9,2,0,0,0,36,1,76,0,ST,02_District_wise_crimes_committed_against_ST_2013.csv,526,02_District_wise_crimes_committed_against_ST_2013.csv::526,False,UNIQUE,MAYURBHANJ,DISTRICT_OR_REPORTING_UNIT,VALID
Odisha,NAYAGARH,2013,0,0,0,0,0,0,5,0,5,0,ST,02_District_wise_crimes_committed_against_ST_2013.csv,527,02_District_wise_crimes_committed_against_ST_2013.csv::527,False,UNIQUE,NAYAGARH,DISTRICT_OR_REPORTING_UNIT,VALID
Odisha,NOWRANGPUR,2013,0,8,0,0,1,0,11,0,25,0,ST,02_District_wise_crimes_committed_against_ST_2013.csv,528,02_District_wise_crimes_committed_against_ST_2013.csv::528,False,UNIQUE,NOWRANGPUR,DISTRICT_OR_REPORTING_UNIT,VALID
Odisha,NUAPADA,2013,0,0,0,0,0,0,6,0,6,0,ST,02_District_wise_crimes_committed_against_ST_2013.csv,529,02_District_wise_crimes_committed_against_ST_2013.csv::529,False,UNIQUE,NUAPADA,DISTRICT_OR_REPORTING_UNIT,VALID
Odisha,PURI,2013,0,0,0,0,0,0,0,0,0,0,ST,02_District_wise_crimes_committed_against_ST_2013.csv,530,02_District_wise_crimes_committed_against_ST_2013.csv::530,False,UNIQUE,PURI,DISTRICT_OR_REPORTING_UNIT,VALID
Odisha,RAYAGADA,2013,0,3,1,0,0,0,6,0,21,0,ST,02_District_wise_crimes_committed_against_ST_2013.csv,531,02_District_wise_crimes_committed_against_ST_2013.csv::531,False,UNIQUE,RAYAGADA,DISTRICT_OR_REPORTING_UNIT,VALID
Odisha,ROURKELA,2013,0,1,0,0,0,0,0,0,11,0,ST,02_District_wise_crimes_committed_against_ST_2013.csv,532,02_District_wise_crimes_committed_against_ST_2013.csv::532,False,UNIQUE,ROURKELA,DISTRICT_OR_REPORTING_UNIT,VALID
Odisha,SAMBALPUR,2013,0,3,0,0,0,2,11,0,28,0,ST,02_District_wise_crimes_committed_against_ST_2013.csv,533,02_District_wise_crimes_committed_against_ST_2013.csv::533,False,UNIQUE,SAMBALPUR,DISTRICT_OR_REPORTING_UNIT,VALID
Odisha,SONEPUR,2013,0,2,0,0,0,0,2,0,12,0,ST,02_District_wise_crimes_committed_against_ST_2013.csv,534,02_District_wise_crimes_committed_against_ST_2013.csv::534,False,UNIQUE,SONEPUR,DISTRICT_OR_REPORTING_UNIT,VALID
Odisha,SRP(CUTTACK),2013,0,0,0,0,1,0,0,0,1,0,ST,02_District_wise_crimes_committed_against_ST_2013.csv,535,02_District_wise_crimes_committed_against_ST_2013.csv::535,False,UNIQUE,SRP(CUTTACK),DISTRICT_OR_REPORTING_UNIT,VALID
Odisha,SRP(ROURKELA),2013,0,0,0,0,0,0,0,0,2,0,ST,02_District_wise_crimes_committed_against_ST_2013.csv,536,02_District_wise_crimes_committed_against_ST_2013.csv::536,False,UNIQUE,SRP(ROURKELA),DISTRICT_OR_REPORTING_UNIT,VALID
Odisha,SUNDARGARH,2013,0,3,0,0,0,0,9,0,19,0,ST,02_District_wise_crimes_committed_against_ST_2013.csv,537,02_District_wise_crimes_committed_against_ST_2013.csv::537,False,UNIQUE,SUNDARGARH,DISTRICT_OR_REPORTING_UNIT,VALID
Odisha,ZZ TOTAL,2013,4,58,8,1,3,5,196,1,513,2,ST,02_District_wise_crimes_committed_against_ST_2013.csv,538,02_District_wise_crimes_committed_against_ST_2013.csv::538,False,UNIQUE,ZZ TOTAL,DISTRICT_OR_REPORTING_UNIT,VALID
Punjab,AMRITSAR RURAL,2013,0,0,0,0,0,0,0,0,0,0,ST,02_District_wise_crimes_committed_against_ST_2013.csv,539,02_District_wise_crimes_committed_against_ST_2013.csv::539,False,UNIQUE,AMRITSAR RURAL,SPECIAL_UNIT,VALID
Punjab,BARNALA,2013,0,0,0,0,0,0,0,0,0,0,ST,02_District_wise_crimes_committed_against_ST_2013.csv,540,02_District_wise_crimes_committed_against_ST_2013.csv::540,False,UNIQUE,BARNALA,DISTRICT_OR_REPORTING_UNIT,VALID
Punjab,BATALA,2013,0,0,0,0,0,0,0,0,0,0,ST,02_District_wise_crimes_committed_against_ST_2013.csv,541,02_District_wise_crimes_committed_against_ST_2013.csv::541,False,UNIQUE,BATALA,DISTRICT_OR_REPORTING_UNIT,VALID
Punjab,BHATINDA,2013,0,0,0,0,0,0,0,0,0,0,ST,02_District_wise_crimes_committed_against_ST_2013.csv,542,02_District_wise_crimes_committed_against_ST_2013.csv::542,False,UNIQUE,BHATINDA,DISTRICT_OR_REPORTING_UNIT,VALID
Punjab,CP AMRITSAR,2013,0,0,0,0,0,0,0,0,0,0,ST,02_District_wise_crimes_committed_against_ST_2013.csv,543,02_District_wise_crimes_committed_against_ST_2013.csv::543,False,UNIQUE,CP AMRITSAR,DISTRICT_OR_REPORTING_UNIT,VALID
Punjab,CP JALANDHAR,2013,0,0,0,0,0,0,0,0,0,0,ST,02_District_wise_crimes_committed_against_ST_2013.csv,544,02_District_wise_crimes_committed_against_ST_2013.csv::544,False,UNIQUE,CP JALANDHAR,DISTRICT_OR_REPORTING_UNIT,VALID
Punjab,CP LUDHIANA,2013,0,0,0,0,0,0,0,0,0,0,ST,02_District_wise_crimes_committed_against_ST_2013.csv,545,02_District_wise_crimes_committed_against_ST_2013.csv::545,False,UNIQUE,CP LUDHIANA,DISTRICT_OR_REPORTING_UNIT,VALID
Punjab,FARIDKOT,2013,0,0,0,0,0,0,0,0,0,0,ST,02_District_wise_crimes_committed_against_ST_2013.csv,546,02_District_wise_crimes_committed_against_ST_2013.csv::546,False,UNIQUE,FARIDKOT,DISTRICT_OR_REPORTING_UNIT,VALID
Punjab,FATEHGARH SAHIB,2013,0,0,0,0,0,0,0,0,0,0,ST,02_District_wise_crimes_committed_against_ST_2013.csv,547,02_District_wise_crimes_committed_against_ST_2013.csv::547,False,UNIQUE,FATEHGARH SAHIB,DISTRICT_OR_REPORTING_UNIT,VALID
Punjab,FAZILKA,2013,0,0,0,0,0,0,0,0,0,0,ST,02_District_wise_crimes_committed_against_ST_2013.csv,548,02_District_wise_crimes_committed_against_ST_2013.csv::548,False,UNIQUE,FAZILKA,DISTRICT_OR_REPORTING_UNIT,VALID
Punjab,FEROZPUR,2013,0,0,0,0,0,0,0,0,0,0,ST,02_District_wise_crimes_committed_against_ST_2013.csv,549,02_District_wise_crimes_committed_against_ST_2013.csv::549,False,UNIQUE,FEROZPUR,DISTRICT_OR_REPORTING_UNIT,VALID
Punjab,G.R.P,2013,0,0,0,0,0,0,0,0,0,0,ST,02_District_wise_crimes_committed_against_ST_2013.csv,550,02_District_wise_crimes_committed_against_ST_2013.csv::550,False,UNIQUE,G.R.P,DISTRICT_OR_REPORTING_UNIT,VALID
Punjab,GURDASPUR,2013,0,0,0,0,0,0,0,0,0,0,ST,02_District_wise_crimes_committed_against_ST_2013.csv,551,02_District_wise_crimes_committed_against_ST_2013.csv::551,False,UNIQUE,GURDASPUR,DISTRICT_OR_REPORTING_UNIT,VALID
Punjab,HOSHIARPUR,2013,0,0,0,0,0,0,0,0,0,0,ST,02_District_wise_crimes_committed_against_ST_2013.csv,552,02_District_wise_crimes_committed_against_ST_2013.csv::552,False,UNIQUE,HOSHIARPUR,DISTRICT_OR_REPORTING_UNIT,VALID
Punjab,JALANDHAR RURAL,2013,0,0,0,0,0,0,0,0,0,0,ST,02_District_wise_crimes_committed_against_ST_2013.csv,553,02_District_wise_crimes_committed_against_ST_2013.csv::553,False,UNIQUE,JALANDHAR RURAL,SPECIAL_UNIT,VALID
Punjab,KAPURTHALA,2013,0,0,0,0,0,0,0,0,0,0,ST,02_District_wise_crimes_committed_against_ST_2013.csv,554,02_District_wise_crimes_committed_against_ST_2013.csv::554,False,UNIQUE,KAPURTHALA,DISTRICT_OR_REPORTING_UNIT,VALID
Punjab,KHANNA,2013,0,0,0,0,0,0,0,0,0,0,ST,02_District_wise_crimes_committed_against_ST_2013.csv,555,02_District_wise_crimes_committed_against_ST_2013.csv::555,False,UNIQUE,KHANNA,DISTRICT_OR_REPORTING_UNIT,VALID
Punjab,LUDHIANA RURAL,2013,0,0,0,0,0,0,0,0,0,0,ST,02_District_wise_crimes_committed_against_ST_2013.csv,556,02_District_wise_crimes_committed_against_ST_2013.csv::556,False,UNIQUE,LUDHIANA RURAL,SPECIAL_UNIT,VALID
Punjab,MANSA,2013,0,0,0,0,0,0,0,0,0,0,ST,02_District_wise_crimes_committed_against_ST_2013.csv,557,02_District_wise_crimes_committed_against_ST_2013.csv::557,False,UNIQUE,MANSA,DISTRICT_OR_REPORTING_UNIT,VALID
Punjab,MOGA,2013,0,0,0,0,0,0,0,0,0,0,ST,02_District_wise_crimes_committed_against_ST_2013.csv,558,02_District_wise_crimes_committed_against_ST_2013.csv::558,False,UNIQUE,MOGA,DISTRICT_OR_REPORTING_UNIT,VALID
Punjab,MUKTSAR,2013,0,0,0,0,0,0,0,0,0,0,ST,02_District_wise_crimes_committed_against_ST_2013.csv,559,02_District_wise_crimes_committed_against_ST_2013.csv::559,False,UNIQUE,MUKTSAR,DISTRICT_OR_REPORTING_UNIT,VALID
Punjab,PATHANKOT,2013,0,0,0,0,0,0,0,0,0,0,ST,02_District_wise_crimes_committed_against_ST_2013.csv,560,02_District_wise_crimes_committed_against_ST_2013.csv::560,False,UNIQUE,PATHANKOT,DISTRICT_OR_REPORTING_UNIT,VALID
Punjab,PATIALA,2013,0,0,0,0,0,0,0,0,0,0,ST,02_District_wise_crimes_committed_against_ST_2013.csv,561,02_District_wise_crimes_committed_against_ST_2013.csv::561,False,UNIQUE,PATIALA,DISTRICT_OR_REPORTING_UNIT,VALID
Punjab,ROPAR,2013,0,0,0,0,0,0,0,0,0,0,ST,02_District_wise_crimes_committed_against_ST_2013.csv,562,02_District_wise_crimes_committed_against_ST_2013.csv::562,False,UNIQUE,ROPAR,DISTRICT_OR_REPORTING_UNIT,VALID
Punjab,SANGRUR,2013,0,0,0,0,0,0,0,0,0,0,ST,02_District_wise_crimes_committed_against_ST_2013.csv,563,02_District_wise_crimes_committed_against_ST_2013.csv::563,False,UNIQUE,SANGRUR,DISTRICT_OR_REPORTING_UNIT,VALID
Punjab,SAS NGR,2013,0,0,0,0,0,0,0,0,0,0,ST,02_District_wise_crimes_committed_against_ST_2013.csv,564,02_District_wise_crimes_committed_against_ST_2013.csv::564,False,UNIQUE,SAS NGR,DISTRICT_OR_REPORTING_UNIT,VALID
Punjab,SBS NAGAR,2013,0,0,0,0,0,0,0,0,0,0,ST,02_District_wise_crimes_committed_against_ST_2013.csv,565,02_District_wise_crimes_committed_against_ST_2013.csv::565,False,UNIQUE,SBS NAGAR,DISTRICT_OR_REPORTING_UNIT,VALID
Punjab,TARN TARAN,2013,0,0,0,0,0,0,0,0,0,0,ST,02_District_wise_crimes_committed_against_ST_2013.csv,566,02_District_wise_crimes_committed_against_ST_2013.csv::566,False,UNIQUE,TARN TARAN,DISTRICT_OR_REPORTING_UNIT,VALID
Punjab,ZZ TOTAL,2013,0,0,0,0,0,0,0,0,0,0,ST,02_District_wise_crimes_committed_against_ST_2013.csv,567,02_District_wise_crimes_committed_against_ST_2013.csv::567,False,UNIQUE,ZZ TOTAL,DISTRICT_OR_REPORTING_UNIT,VALID
Rajasthan,AJMER,2013,0,1,0,0,0,0,0,0,0,18,ST,02_District_wise_crimes_committed_against_ST_2013.csv,568,02_District_wise_crimes_committed_against_ST_2013.csv::568,False,UNIQUE,AJMER,DISTRICT_OR_REPORTING_UNIT,VALID
Rajasthan,ALWAR,2013,3,4,0,0,0,0,0,0,0,116,ST,02_District_wise_crimes_committed_against_ST_2013.csv,569,02_District_wise_crimes_committed_against_ST_2013.csv::569,False,UNIQUE,ALWAR,DISTRICT_OR_REPORTING_UNIT,VALID
Rajasthan,BANSWARA,2013,0,3,1,0,0,0,0,0,1,44,ST,02_District_wise_crimes_committed_against_ST_2013.csv,570,02_District_wise_crimes_committed_against_ST_2013.csv::570,False,UNIQUE,BANSWARA,DISTRICT_OR_REPORTING_UNIT,VALID
Rajasthan,BARAN,2013,1,10,2,0,0,0,4,0,1,55,ST,02_District_wise_crimes_committed_against_ST_2013.csv,571,02_District_wise_crimes_committed_against_ST_2013.csv::571,False,UNIQUE,BARAN,DISTRICT_OR_REPORTING_UNIT,VALID
Rajasthan,BARMER,2013,0,6,0,0,0,1,1,0,1,68,ST,02_District_wise_crimes_committed_against_ST_2013.csv,572,02_District_wise_crimes_committed_against_ST_2013.csv::572,False,UNIQUE,BARMER,DISTRICT_OR_REPORTING_UNIT,VALID
Rajasthan,BHARATPUR,2013,0,0,0,0,0,0,0,0,0,29,ST,02_District_wise_crimes_committed_against_ST_2013.csv,573,02_District_wise_crimes_committed_against_ST_2013.csv::573,False,UNIQUE,BHARATPUR,DISTRICT_OR_REPORTING_UNIT,VALID
Rajasthan,BHILWARA,2013,0,2,0,0,0,0,0,0,1,54,ST,02_District_wise_crimes_committed_against_ST_2013.csv,574,02_District_wise_crimes_committed_against_ST_2013.csv::574,False,UNIQUE,BHILWARA,DISTRICT_OR_REPORTING_UNIT,VALID
Rajasthan,BIKANER,2013,0,0,0,0,0,0,0,0,0,5,ST,02_District_wise_crimes_committed_against_ST_2013.csv,575,02_District_wise_crimes_committed_against_ST_2013.csv::575,False,UNIQUE,BIKANER,DISTRICT_OR_REPORTING_UNIT,VALID
Rajasthan,BUNDI,2013,1,4,0,0,0,0,2,0,3,39,ST,02_District_wise_crimes_committed_against_ST_2013.csv,576,02_District_wise_crimes_committed_against_ST_2013.csv::576,False,UNIQUE,BUNDI,DISTRICT_OR_REPORTING_UNIT,VALID
Rajasthan,CHITTORGARH,2013,1,7,0,0,0,0,0,0,1,45,ST,02_District_wise_crimes_committed_against_ST_2013.csv,577,02_District_wise_crimes_committed_against_ST_2013.csv::577,False,UNIQUE,CHITTORGARH,DISTRICT_OR_REPORTING_UNIT,VALID
Rajasthan,CHURU,2013,0,0,0,0,0,0,5,0,0,5,ST,02_District_wise_crimes_committed_against_ST_2013.csv,578,02_District_wise_crimes_committed_against_ST_2013.csv::578,False,UNIQUE,CHURU,DISTRICT_OR_REPORTING_UNIT,VALID
Rajasthan,DAUSA,2013,0,1,1,0,0,0,0,0,0,90,ST,02_District_wise_crimes_committed_against_ST_2013.csv,579,02_District_wise_crimes_committed_against_ST_2013.csv::579,False,UNIQUE,DAUSA,DISTRICT_OR_REPORTING_UNIT,VALID
Rajasthan,DHOLPUR,2013,0,1,0,0,0,0,6,0,0,8,ST,02_District_wise_crimes_committed_against_ST_2013.csv,580,02_District_wise_crimes_committed_against_ST_2013.csv::580,False,UNIQUE,DHOLPUR,DISTRICT_OR_REPORTING_UNIT,VALID
Rajasthan,DISCOM,2013,0,0,0,0,0,0,0,0,0,0,ST,02_District_wise_crimes_committed_against_ST_2013.csv,581,02_District_wise_crimes_committed_against_ST_2013.csv::581,False,UNIQUE,DISCOM,DISTRICT_OR_REPORTING_UNIT,VALID
Rajasthan,DUNGARPUR,2013,0,1,0,0,0,0,0,0,0,15,ST,02_District_wise_crimes_committed_against_ST_2013.csv,582,02_District_wise_crimes_committed_against_ST_2013.csv::582,False,UNIQUE,DUNGARPUR,DISTRICT_OR_REPORTING_UNIT,VALID
Rajasthan,G.R.P.AJMER,2013,0,1,0,0,0,0,0,0,1,0,ST,02_District_wise_crimes_committed_against_ST_2013.csv,583,02_District_wise_crimes_committed_against_ST_2013.csv::583,False,UNIQUE,G.R.P.AJMER,DISTRICT_OR_REPORTING_UNIT,VALID
Rajasthan,G.R.P.JODHPUR,2013,0,0,0,0,0,0,0,0,0,0,ST,02_District_wise_crimes_committed_against_ST_2013.csv,584,02_District_wise_crimes_committed_against_ST_2013.csv::584,False,UNIQUE,G.R.P.JODHPUR,DISTRICT_OR_REPORTING_UNIT,VALID
Rajasthan,GANGANAGAR,2013,0,0,0,0,0,0,0,0,0,2,ST,02_District_wise_crimes_committed_against_ST_2013.csv,585,02_District_wise_crimes_committed_against_ST_2013.csv::585,False,UNIQUE,GANGANAGAR,DISTRICT_OR_REPORTING_UNIT,VALID
Rajasthan,HANUMANGARH,2013,0,0,0,0,0,0,0,0,0,4,ST,02_District_wise_crimes_committed_against_ST_2013.csv,586,02_District_wise_crimes_committed_against_ST_2013.csv::586,False,UNIQUE,HANUMANGARH,DISTRICT_OR_REPORTING_UNIT,VALID
Rajasthan,JAIPUR EAST,2013,0,0,0,0,0,0,0,0,0,51,ST,02_District_wise_crimes_committed_against_ST_2013.csv,587,02_District_wise_crimes_committed_against_ST_2013.csv::587,False,UNIQUE,JAIPUR EAST,DISTRICT_OR_REPORTING_UNIT,VALID
Rajasthan,JAIPUR NORTH,2013,0,1,0,0,0,0,1,0,0,12,ST,02_District_wise_crimes_committed_against_ST_2013.csv,588,02_District_wise_crimes_committed_against_ST_2013.csv::588,False,UNIQUE,JAIPUR NORTH,DISTRICT_OR_REPORTING_UNIT,VALID
Rajasthan,JAIPUR RURAL,2013,2,3,0,0,0,3,0,0,2,72,ST,02_District_wise_crimes_committed_against_ST_2013.csv,589,02_District_wise_crimes_committed_against_ST_2013.csv::589,False,UNIQUE,JAIPUR RURAL,SPECIAL_UNIT,VALID
Rajasthan,JAIPUR SOUTH,2013,0,1,0,0,0,0,0,0,2,24,ST,02_District_wise_crimes_committed_against_ST_2013.csv,590,02_District_wise_crimes_committed_against_ST_2013.csv::590,False,UNIQUE,JAIPUR SOUTH,DISTRICT_OR_REPORTING_UNIT,VALID
Rajasthan,JAIPUR WEST,2013,0,0,1,0,0,0,0,0,2,46,ST,02_District_wise_crimes_committed_against_ST_2013.csv,591,02_District_wise_crimes_committed_against_ST_2013.csv::591,False,UNIQUE,JAIPUR WEST,DISTRICT_OR_REPORTING_UNIT,VALID
Rajasthan,JAISALMER,2013,0,1,0,0,0,0,0,0,0,29,ST,02_District_wise_crimes_committed_against_ST_2013.csv,592,02_District_wise_crimes_committed_against_ST_2013.csv::592,False,UNIQUE,JAISALMER,DISTRICT_OR_REPORTING_UNIT,VALID
Rajasthan,JALORE,2013,1,2,0,0,0,0,0,0,1,26,ST,02_District_wise_crimes_committed_against_ST_2013.csv,593,02_District_wise_crimes_committed_against_ST_2013.csv::593,False,UNIQUE,JALORE,DISTRICT_OR_REPORTING_UNIT,VALID
Rajasthan,JHALAWAR,2013,0,4,7,0,0,0,2,0,1,52,ST,02_District_wise_crimes_committed_against_ST_2013.csv,594,02_District_wise_crimes_committed_against_ST_2013.csv::594,False,UNIQUE,JHALAWAR,DISTRICT_OR_REPORTING_UNIT,VALID
Rajasthan,JHUNJHUNU,2013,0,0,0,0,0,0,2,0,0,23,ST,02_District_wise_crimes_committed_against_ST_2013.csv,595,02_District_wise_crimes_committed_against_ST_2013.csv::595,False,UNIQUE,JHUNJHUNU,DISTRICT_OR_REPORTING_UNIT,VALID
Rajasthan,JODHPUR EAST,2013,1,0,0,0,0,0,1,0,0,3,ST,02_District_wise_crimes_committed_against_ST_2013.csv,596,02_District_wise_crimes_committed_against_ST_2013.csv::596,False,UNIQUE,JODHPUR EAST,DISTRICT_OR_REPORTING_UNIT,VALID
Rajasthan,JODHPUR RURAL,2013,0,0,0,0,0,0,23,0,0,0,ST,02_District_wise_crimes_committed_against_ST_2013.csv,597,02_District_wise_crimes_committed_against_ST_2013.csv::597,False,UNIQUE,JODHPUR RURAL,SPECIAL_UNIT,VALID
Rajasthan,JODHPUR WEST,2013,0,0,0,0,0,0,1,0,0,7,ST,02_District_wise_crimes_committed_against_ST_2013.csv,598,02_District_wise_crimes_committed_against_ST_2013.csv::598,False,UNIQUE,JODHPUR WEST,DISTRICT_OR_REPORTING_UNIT,VALID
Rajasthan,KARAULI,2013,0,2,0,0,0,0,0,0,0,59,ST,02_District_wise_crimes_committed_against_ST_2013.csv,599,02_District_wise_crimes_committed_against_ST_2013.csv::599,False,UNIQUE,KARAULI,DISTRICT_OR_REPORTING_UNIT,VALID
Rajasthan,KOTA CITY,2013,2,4,0,0,0,0,0,0,0,27,ST,02_District_wise_crimes_committed_against_ST_2013.csv,600,02_District_wise_crimes_committed_against_ST_2013.csv::600,False,UNIQUE,KOTA CITY,SPECIAL_UNIT,VALID
Rajasthan,KOTA RURAL,2013,1,1,0,0,0,0,1,0,0,29,ST,02_District_wise_crimes_committed_against_ST_2013.csv,601,02_District_wise_crimes_committed_against_ST_2013.csv::601,False,UNIQUE,KOTA RURAL,SPECIAL_UNIT,VALID
Rajasthan,NAGAUR,2013,0,0,0,0,0,1,0,0,0,1,ST,02_District_wise_crimes_committed_against_ST_2013.csv,602,02_District_wise_crimes_committed_against_ST_2013.csv::602,False,UNIQUE,NAGAUR,DISTRICT_OR_REPORTING_UNIT,VALID
Rajasthan,PALI,2013,1,0,1,0,0,0,1,0,0,40,ST,02_District_wise_crimes_committed_against_ST_2013.csv,603,02_District_wise_crimes_committed_against_ST_2013.csv::603,False,UNIQUE,PALI,DISTRICT_OR_REPORTING_UNIT,VALID
Rajasthan,PRATAPGARH,2013,0,5,2,0,0,0,25,0,0,20,ST,02_District_wise_crimes_committed_against_ST_2013.csv,604,02_District_wise_crimes_committed_against_ST_2013.csv::604,False,UNIQUE,PRATAPGARH,DISTRICT_OR_REPORTING_UNIT,VALID
Rajasthan,RAJSAMAND,2013,1,1,1,0,0,0,2,0,0,16,ST,02_District_wise_crimes_committed_against_ST_2013.csv,605,02_District_wise_crimes_committed_against_ST_2013.csv::605,False,UNIQUE,RAJSAMAND,DISTRICT_OR_REPORTING_UNIT,VALID
Rajasthan,SAWAI MADHOPUR,2013,1,1,0,0,0,0,0,0,1,46,ST,02_District_wise_crimes_committed_against_ST_2013.csv,606,02_District_wise_crimes_committed_against_ST_2013.csv::606,False,UNIQUE,SAWAI MADHOPUR,DISTRICT_OR_REPORTING_UNIT,VALID
Rajasthan,SIKAR,2013,1,0,0,0,0,0,2,0,0,50,ST,02_District_wise_crimes_committed_against_ST_2013.csv,607,02_District_wise_crimes_committed_against_ST_2013.csv::607,False,UNIQUE,SIKAR,DISTRICT_OR_REPORTING_UNIT,VALID
Rajasthan,SIROHI,2013,2,2,2,0,0,0,6,0,2,29,ST,02_District_wise_crimes_committed_against_ST_2013.csv,608,02_District_wise_crimes_committed_against_ST_2013.csv::608,False,UNIQUE,SIROHI,DISTRICT_OR_REPORTING_UNIT,VALID
Rajasthan,TONK,2013,1,4,1,0,0,1,27,0,2,49,ST,02_District_wise_crimes_committed_against_ST_2013.csv,609,02_District_wise_crimes_committed_against_ST_2013.csv::609,False,UNIQUE,TONK,DISTRICT_OR_REPORTING_UNIT,VALID
Rajasthan,UDAIPUR,2013,1,10,3,0,0,0,8,0,2,67,ST,02_District_wise_crimes_committed_against_ST_2013.csv,610,02_District_wise_crimes_committed_against_ST_2013.csv::610,False,UNIQUE,UDAIPUR,DISTRICT_OR_REPORTING_UNIT,VALID
Rajasthan,ZZ TOTAL,2013,21,83,22,0,0,6,120,0,24,1375,ST,02_District_wise_crimes_committed_against_ST_2013.csv,611,02_District_wise_crimes_committed_against_ST_2013.csv::611,False,UNIQUE,ZZ TOTAL,DISTRICT_OR_REPORTING_UNIT,VALID
Sikkim,EAST,2013,0,0,0,0,0,2,3,0,0,0,ST,02_District_wise_crimes_committed_against_ST_2013.csv,612,02_District_wise_crimes_committed_against_ST_2013.csv::612,False,UNIQUE,EAST,DISTRICT_OR_REPORTING_UNIT,VALID
Sikkim,NORTH,2013,0,0,0,0,0,0,0,0,0,0,ST,02_District_wise_crimes_committed_against_ST_2013.csv,613,02_District_wise_crimes_committed_against_ST_2013.csv::613,False,UNIQUE,NORTH,DISTRICT_OR_REPORTING_UNIT,VALID
Sikkim,SOUTH,2013,0,0,0,0,0,4,2,0,0,0,ST,02_District_wise_crimes_committed_against_ST_2013.csv,614,02_District_wise_crimes_committed_against_ST_2013.csv::614,False,UNIQUE,SOUTH,DISTRICT_OR_REPORTING_UNIT,VALID
Sikkim,WEST,2013,0,0,0,0,0,2,4,0,0,0,ST,02_District_wise_crimes_committed_against_ST_2013.csv,615,02_District_wise_crimes_committed_against_ST_2013.csv::615,False,UNIQUE,WEST,DISTRICT_OR_REPORTING_UNIT,VALID
Sikkim,ZZ TOTAL,2013,0,0,0,0,0,8,9,0,0,0,ST,02_District_wise_crimes_committed_against_ST_2013.csv,616,02_District_wise_crimes_committed_against_ST_2013.csv::616,False,UNIQUE,ZZ TOTAL,DISTRICT_OR_REPORTING_UNIT,VALID
Tamil Nadu,ARIYALUR,2013,0,0,0,0,0,0,0,0,0,0,ST,02_District_wise_crimes_committed_against_ST_2013.csv,617,02_District_wise_crimes_committed_against_ST_2013.csv::617,False,UNIQUE,ARIYALUR,DISTRICT_OR_REPORTING_UNIT,VALID
Tamil Nadu,CHENNAI,2013,0,0,0,0,0,0,0,0,0,0,ST,02_District_wise_crimes_committed_against_ST_2013.csv,618,02_District_wise_crimes_committed_against_ST_2013.csv::618,False,UNIQUE,CHENNAI,DISTRICT_OR_REPORTING_UNIT,VALID
Tamil Nadu,CHENNAI RLY.,2013,0,0,0,0,0,0,0,0,0,0,ST,02_District_wise_crimes_committed_against_ST_2013.csv,619,02_District_wise_crimes_committed_against_ST_2013.csv::619,False,UNIQUE,CHENNAI RLY.,DISTRICT_OR_REPORTING_UNIT,VALID
Tamil Nadu,COIMBATORE RURAL,2013,0,0,0,0,0,0,0,0,0,0,ST,02_District_wise_crimes_committed_against_ST_2013.csv,620,02_District_wise_crimes_committed_against_ST_2013.csv::620,False,UNIQUE,COIMBATORE RURAL,SPECIAL_UNIT,VALID
Tamil Nadu,COIMBATORE URBAN,2013,0,0,0,0,0,0,0,0,0,0,ST,02_District_wise_crimes_committed_against_ST_2013.csv,621,02_District_wise_crimes_committed_against_ST_2013.csv::621,False,UNIQUE,COIMBATORE URBAN,SPECIAL_UNIT,VALID
Tamil Nadu,CUDDALORE,2013,0,0,0,0,0,0,0,0,0,0,ST,02_District_wise_crimes_committed_against_ST_2013.csv,622,02_District_wise_crimes_committed_against_ST_2013.csv::622,False,UNIQUE,CUDDALORE,DISTRICT_OR_REPORTING_UNIT,VALID
Tamil Nadu,DHARMAPURI,2013,0,0,0,0,0,0,0,0,0,0,ST,02_District_wise_crimes_committed_against_ST_2013.csv,623,02_District_wise_crimes_committed_against_ST_2013.csv::623,False,UNIQUE,DHARMAPURI,DISTRICT_OR_REPORTING_UNIT,VALID
Tamil Nadu,DINDIGUL,2013,0,0,0,0,0,0,0,0,0,0,ST,02_District_wise_crimes_committed_against_ST_2013.csv,624,02_District_wise_crimes_committed_against_ST_2013.csv::624,False,UNIQUE,DINDIGUL,DISTRICT_OR_REPORTING_UNIT,VALID
Tamil Nadu,ERODE,2013,0,0,0,0,0,0,0,0,0,0,ST,02_District_wise_crimes_committed_against_ST_2013.csv,625,02_District_wise_crimes_committed_against_ST_2013.csv::625,False,UNIQUE,ERODE,DISTRICT_OR_REPORTING_UNIT,VALID
Tamil Nadu,KANCHIPURAM,2013,0,0,0,0,0,0,0,0,0,0,ST,02_District_wise_crimes_committed_against_ST_2013.csv,626,02_District_wise_crimes_committed_against_ST_2013.csv::626,False,UNIQUE,KANCHIPURAM,DISTRICT_OR_REPORTING_UNIT,VALID
Tamil Nadu,KANYAKUMARI,2013,0,0,0,0,0,0,0,0,0,0,ST,02_District_wise_crimes_committed_against_ST_2013.csv,627,02_District_wise_crimes_committed_against_ST_2013.csv::627,False,UNIQUE,KANYAKUMARI,DISTRICT_OR_REPORTING_UNIT,VALID
Tamil Nadu,KARUR,2013,0,0,0,0,0,0,0,0,0,0,ST,02_District_wise_crimes_committed_against_ST_2013.csv,628,02_District_wise_crimes_committed_against_ST_2013.csv::628,False,UNIQUE,KARUR,DISTRICT_OR_REPORTING_UNIT,VALID
Tamil Nadu,KRISHNAGIRI,2013,0,0,0,0,0,0,0,0,0,0,ST,02_District_wise_crimes_committed_against_ST_2013.csv,629,02_District_wise_crimes_committed_against_ST_2013.csv::629,False,UNIQUE,KRISHNAGIRI,DISTRICT_OR_REPORTING_UNIT,VALID
Tamil Nadu,MADURAI RURAL,2013,0,0,0,0,0,0,0,0,0,1,ST,02_District_wise_crimes_committed_against_ST_2013.csv,630,02_District_wise_crimes_committed_against_ST_2013.csv::630,False,UNIQUE,MADURAI RURAL,SPECIAL_UNIT,VALID
Tamil Nadu,MADURAI URBAN,2013,0,0,0,0,0,0,0,0,0,0,ST,02_District_wise_crimes_committed_against_ST_2013.csv,631,02_District_wise_crimes_committed_against_ST_2013.csv::631,False,UNIQUE,MADURAI URBAN,SPECIAL_UNIT,VALID
Tamil Nadu,NAGAPATTINAM,2013,0,0,0,0,0,0,0,0,0,0,ST,02_District_wise_crimes_committed_against_ST_2013.csv,632,02_District_wise_crimes_committed_against_ST_2013.csv::632,False,UNIQUE,NAGAPATTINAM,DISTRICT_OR_REPORTING_UNIT,VALID
Tamil Nadu,NAMAKKAL,2013,0,0,0,0,1,0,3,0,1,0,ST,02_District_wise_crimes_committed_against_ST_2013.csv,633,02_District_wise_crimes_committed_against_ST_2013.csv::633,False,UNIQUE,NAMAKKAL,DISTRICT_OR_REPORTING_UNIT,VALID
Tamil Nadu,NILGIRIS,2013,0,1,0,0,0,0,0,0,0,0,ST,02_District_wise_crimes_committed_against_ST_2013.csv,634,02_District_wise_crimes_committed_against_ST_2013.csv::634,False,UNIQUE,NILGIRIS,DISTRICT_OR_REPORTING_UNIT,VALID
Tamil Nadu,PERAMBALUR,2013,0,0,0,0,0,0,0,0,0,0,ST,02_District_wise_crimes_committed_against_ST_2013.csv,635,02_District_wise_crimes_committed_against_ST_2013.csv::635,False,UNIQUE,PERAMBALUR,DISTRICT_OR_REPORTING_UNIT,VALID
Tamil Nadu,PUDUKOTTAI,2013,0,0,0,0,0,0,0,0,0,0,ST,02_District_wise_crimes_committed_against_ST_2013.csv,636,02_District_wise_crimes_committed_against_ST_2013.csv::636,False,UNIQUE,PUDUKOTTAI,DISTRICT_OR_REPORTING_UNIT,VALID
Tamil Nadu,RAMNATHAPURAM,2013,0,0,0,0,0,0,0,0,0,0,ST,02_District_wise_crimes_committed_against_ST_2013.csv,637,02_District_wise_crimes_committed_against_ST_2013.csv::637,False,UNIQUE,RAMNATHAPURAM,DISTRICT_OR_REPORTING_UNIT,VALID
Tamil Nadu,SALEM RURAL,2013,0,0,0,0,0,0,0,0,0,0,ST,02_District_wise_crimes_committed_against_ST_2013.csv,638,02_District_wise_crimes_committed_against_ST_2013.csv::638,False,UNIQUE,SALEM RURAL,SPECIAL_UNIT,VALID
Tamil Nadu,SALEM URBAN,2013,0,0,0,0,0,0,0,0,0,0,ST,02_District_wise_crimes_committed_against_ST_2013.csv,639,02_District_wise_crimes_committed_against_ST_2013.csv::639,False,UNIQUE,SALEM URBAN,SPECIAL_UNIT,VALID
Tamil Nadu,SIVAGANGAI,2013,0,0,0,0,0,0,0,0,0,0,ST,02_District_wise_crimes_committed_against_ST_2013.csv,640,02_District_wise_crimes_committed_against_ST_2013.csv::640,False,UNIQUE,SIVAGANGAI,DISTRICT_OR_REPORTING_UNIT,VALID
Tamil Nadu,THANJAVUR,2013,0,0,0,0,0,0,0,0,0,0,ST,02_District_wise_crimes_committed_against_ST_2013.csv,641,02_District_wise_crimes_committed_against_ST_2013.csv::641,False,UNIQUE,THANJAVUR,DISTRICT_OR_REPORTING_UNIT,VALID
Tamil Nadu,THENI,2013,0,0,0,0,0,0,0,0,0,0,ST,02_District_wise_crimes_committed_against_ST_2013.csv,642,02_District_wise_crimes_committed_against_ST_2013.csv::642,False,UNIQUE,THENI,DISTRICT_OR_REPORTING_UNIT,VALID
Tamil Nadu,THIRUNELVELI RURAL,2013,0,0,0,0,0,0,0,0,1,0,ST,02_District_wise_crimes_committed_against_ST_2013.csv,643,02_District_wise_crimes_committed_against_ST_2013.csv::643,False,UNIQUE,THIRUNELVELI RURAL,SPECIAL_UNIT,VALID
Tamil Nadu,THIRUNELVELI URBAN,2013,0,0,0,0,0,0,0,0,0,0,ST,02_District_wise_crimes_committed_against_ST_2013.csv,644,02_District_wise_crimes_committed_against_ST_2013.csv::644,False,UNIQUE,THIRUNELVELI URBAN,SPECIAL_UNIT,VALID
Tamil Nadu,THIRUVALLUR,2013,0,0,0,0,0,0,0,0,0,0,ST,02_District_wise_crimes_committed_against_ST_2013.csv,645,02_District_wise_crimes_committed_against_ST_2013.csv::645,False,UNIQUE,THIRUVALLUR,DISTRICT_OR_REPORTING_UNIT,VALID
Tamil Nadu,THIRUVANNAMALAI,2013,0,0,0,0,0,0,0,0,4,0,ST,02_District_wise_crimes_committed_against_ST_2013.csv,646,02_District_wise_crimes_committed_against_ST_2013.csv::646,False,UNIQUE,THIRUVANNAMALAI,DISTRICT_OR_REPORTING_UNIT,VALID
Tamil Nadu,THIRUVARUR,2013,0,0,0,0,0,0,0,0,0,0,ST,02_District_wise_crimes_committed_against_ST_2013.csv,647,02_District_wise_crimes_committed_against_ST_2013.csv::647,False,UNIQUE,THIRUVARUR,DISTRICT_OR_REPORTING_UNIT,VALID
Tamil Nadu,THOOTHUGUDI,2013,0,0,0,0,0,0,0,0,0,0,ST,02_District_wise_crimes_committed_against_ST_2013.csv,648,02_District_wise_crimes_committed_against_ST_2013.csv::648,False,UNIQUE,THOOTHUGUDI,DISTRICT_OR_REPORTING_UNIT,VALID
Tamil Nadu,TIRUPPUR,2013,1,0,0,0,0,0,0,0,0,0,ST,02_District_wise_crimes_committed_against_ST_2013.csv,649,02_District_wise_crimes_committed_against_ST_2013.csv::649,False,UNIQUE,TIRUPPUR,DISTRICT_OR_REPORTING_UNIT,VALID
Tamil Nadu,TRICHY RLY.,2013,0,0,0,0,0,0,0,0,0,0,ST,02_District_wise_crimes_committed_against_ST_2013.csv,650,02_District_wise_crimes_committed_against_ST_2013.csv::650,False,UNIQUE,TRICHY RLY.,DISTRICT_OR_REPORTING_UNIT,VALID
Tamil Nadu,TRICHY RURAL,2013,0,0,0,0,0,0,0,0,0,0,ST,02_District_wise_crimes_committed_against_ST_2013.csv,651,02_District_wise_crimes_committed_against_ST_2013.csv::651,False,UNIQUE,TRICHY RURAL,SPECIAL_UNIT,VALID
Tamil Nadu,TRICHY URBAN,2013,0,0,0,0,0,0,0,0,0,0,ST,02_District_wise_crimes_committed_against_ST_2013.csv,652,02_District_wise_crimes_committed_against_ST_2013.csv::652,False,UNIQUE,TRICHY URBAN,SPECIAL_UNIT,VALID
Tamil Nadu,VELLORE,2013,0,0,0,0,0,0,0,0,0,0,ST,02_District_wise_crimes_committed_against_ST_2013.csv,653,02_District_wise_crimes_committed_against_ST_2013.csv::653,False,UNIQUE,VELLORE,DISTRICT_OR_REPORTING_UNIT,VALID
Tamil Nadu,VILLUPURAM,2013,0,1,0,0,0,0,8,0,0,0,ST,02_District_wise_crimes_committed_against_ST_2013.csv,654,02_District_wise_crimes_committed_against_ST_2013.csv::654,False,UNIQUE,VILLUPURAM,DISTRICT_OR_REPORTING_UNIT,VALID
Tamil Nadu,VIRUDHUNAGAR,2013,0,0,0,0,1,0,0,0,0,0,ST,02_District_wise_crimes_committed_against_ST_2013.csv,655,02_District_wise_crimes_committed_against_ST_2013.csv::655,False,UNIQUE,VIRUDHUNAGAR,DISTRICT_OR_REPORTING_UNIT,VALID
Tamil Nadu,ZZ TOTAL,2013,1,2,0,0,2,0,11,0,6,1,ST,02_District_wise_crimes_committed_against_ST_2013.csv,656,02_District_wise_crimes_committed_against_ST_2013.csv::656,False,UNIQUE,ZZ TOTAL,DISTRICT_OR_REPORTING_UNIT,VALID
Tripura,DHALAI,2013,0,0,0,0,0,0,0,0,0,0,ST,02_District_wise_crimes_committed_against_ST_2013.csv,657,02_District_wise_crimes_committed_against_ST_2013.csv::657,False,UNIQUE,DHALAI,DISTRICT_OR_REPORTING_UNIT,VALID
Tripura,GOMATI,2013,0,0,2,0,0,0,3,0,0,4,ST,02_District_wise_crimes_committed_against_ST_2013.csv,658,02_District_wise_crimes_committed_against_ST_2013.csv::658,False,UNIQUE,GOMATI,DISTRICT_OR_REPORTING_UNIT,VALID
Tripura,GRP,2013,0,0,0,0,0,0,0,0,0,0,ST,02_District_wise_crimes_committed_against_ST_2013.csv,659,02_District_wise_crimes_committed_against_ST_2013.csv::659,False,UNIQUE,GRP,DISTRICT_OR_REPORTING_UNIT,VALID
Tripura,KHOWAI,2013,0,1,0,0,0,0,0,0,0,3,ST,02_District_wise_crimes_committed_against_ST_2013.csv,660,02_District_wise_crimes_committed_against_ST_2013.csv::660,False,UNIQUE,KHOWAI,DISTRICT_OR_REPORTING_UNIT,VALID
Tripura,NORTH,2013,0,0,0,0,0,0,0,0,0,0,ST,02_District_wise_crimes_committed_against_ST_2013.csv,661,02_District_wise_crimes_committed_against_ST_2013.csv::661,False,UNIQUE,NORTH,DISTRICT_OR_REPORTING_UNIT,VALID
Tripura,SIPAHIJALA,2013,0,0,0,0,0,0,0,0,0,0,ST,02_District_wise_crimes_committed_against_ST_2013.csv,662,02_District_wise_crimes_committed_against_ST_2013.csv::662,False,UNIQUE,SIPAHIJALA,DISTRICT_OR_REPORTING_UNIT,VALID
Tripura,SOUTH,2013,0,2,0,0,0,0,4,0,0,5,ST,02_District_wise_crimes_committed_against_ST_2013.csv,663,02_District_wise_crimes_committed_against_ST_2013.csv::663,False,UNIQUE,SOUTH,DISTRICT_OR_REPORTING_UNIT,VALID
Tripura,UNAKOTI,2013,0,0,0,0,0,0,0,0,0,0,ST,02_District_wise_crimes_committed_against_ST_2013.csv,664,02_District_wise_crimes_committed_against_ST_2013.csv::664,False,UNIQUE,UNAKOTI,DISTRICT_OR_REPORTING_UNIT,VALID
Tripura,WEST,2013,0,0,0,0,0,0,0,0,0,0,ST,02_District_wise_crimes_committed_against_ST_2013.csv,665,02_District_wise_crimes_committed_against_ST_2013.csv::665,False,UNIQUE,WEST,DISTRICT_OR_REPORTING_UNIT,VALID
Tripura,ZZ TOTAL,2013,0,3,2,0,0,0,7,0,0,12,ST,02_District_wise_crimes_committed_against_ST_2013.csv,666,02_District_wise_crimes_committed_against_ST_2013.csv::666,False,UNIQUE,ZZ TOTAL,DISTRICT_OR_REPORTING_UNIT,VALID
Uttar Pradesh,AGRA,2013,0,0,0,0,0,0,0,0,0,0,ST,02_District_wise_crimes_committed_against_ST_2013.csv,667,02_District_wise_crimes_committed_against_ST_2013.csv::667,False,UNIQUE,AGRA,DISTRICT_OR_REPORTING_UNIT,VALID
Uttar Pradesh,ALIGARH,2013,0,0,0,0,0,0,0,0,0,0,ST,02_District_wise_crimes_committed_against_ST_2013.csv,668,02_District_wise_crimes_committed_against_ST_2013.csv::668,False,UNIQUE,ALIGARH,DISTRICT_OR_REPORTING_UNIT,VALID
Uttar Pradesh,ALLAHABAD,2013,0,0,0,0,0,0,0,0,0,0,ST,02_District_wise_crimes_committed_against_ST_2013.csv,669,02_District_wise_crimes_committed_against_ST_2013.csv::669,False,UNIQUE,ALLAHABAD,DISTRICT_OR_REPORTING_UNIT,VALID
Uttar Pradesh,AMBEDKAR NAGAR,2013,0,0,0,0,0,0,0,0,0,0,ST,02_District_wise_crimes_committed_against_ST_2013.csv,670,02_District_wise_crimes_committed_against_ST_2013.csv::670,False,UNIQUE,AMBEDKAR NAGAR,DISTRICT_OR_REPORTING_UNIT,VALID
Uttar Pradesh,AMETHI,2013,0,0,0,0,0,0,0,0,0,0,ST,02_District_wise_crimes_committed_against_ST_2013.csv,671,02_District_wise_crimes_committed_against_ST_2013.csv::671,False,UNIQUE,AMETHI,DISTRICT_OR_REPORTING_UNIT,VALID
Uttar Pradesh,AMROHA,2013,0,0,0,0,0,0,0,0,0,0,ST,02_District_wise_crimes_committed_against_ST_2013.csv,672,02_District_wise_crimes_committed_against_ST_2013.csv::672,False,UNIQUE,AMROHA,DISTRICT_OR_REPORTING_UNIT,VALID
Uttar Pradesh,AURAIYA,2013,0,0,0,0,0,0,0,0,0,0,ST,02_District_wise_crimes_committed_against_ST_2013.csv,673,02_District_wise_crimes_committed_against_ST_2013.csv::673,False,UNIQUE,AURAIYA,DISTRICT_OR_REPORTING_UNIT,VALID
Uttar Pradesh,AZAMGARH,2013,0,0,0,0,0,0,0,0,0,0,ST,02_District_wise_crimes_committed_against_ST_2013.csv,674,02_District_wise_crimes_committed_against_ST_2013.csv::674,False,UNIQUE,AZAMGARH,DISTRICT_OR_REPORTING_UNIT,VALID
Uttar Pradesh,BADAUN,2013,0,0,0,0,0,0,0,0,0,0,ST,02_District_wise_crimes_committed_against_ST_2013.csv,675,02_District_wise_crimes_committed_against_ST_2013.csv::675,False,UNIQUE,BADAUN,DISTRICT_OR_REPORTING_UNIT,VALID
Uttar Pradesh,BAGHPAT,2013,0,0,0,0,0,0,0,0,0,0,ST,02_District_wise_crimes_committed_against_ST_2013.csv,676,02_District_wise_crimes_committed_against_ST_2013.csv::676,False,UNIQUE,BAGHPAT,DISTRICT_OR_REPORTING_UNIT,VALID
Uttar Pradesh,BAHRAICH,2013,0,0,0,0,0,0,0,0,0,0,ST,02_District_wise_crimes_committed_against_ST_2013.csv,677,02_District_wise_crimes_committed_against_ST_2013.csv::677,False,UNIQUE,BAHRAICH,DISTRICT_OR_REPORTING_UNIT,VALID
Uttar Pradesh,BALLIA,2013,0,0,0,0,0,0,0,0,0,0,ST,02_District_wise_crimes_committed_against_ST_2013.csv,678,02_District_wise_crimes_committed_against_ST_2013.csv::678,False,UNIQUE,BALLIA,DISTRICT_OR_REPORTING_UNIT,VALID
Uttar Pradesh,BALRAMPUR,2013,0,0,0,0,0,0,0,0,0,0,ST,02_District_wise_crimes_committed_against_ST_2013.csv,679,02_District_wise_crimes_committed_against_ST_2013.csv::679,False,UNIQUE,BALRAMPUR,DISTRICT_OR_REPORTING_UNIT,VALID
Uttar Pradesh,BANDA,2013,0,0,0,0,0,0,0,0,0,0,ST,02_District_wise_crimes_committed_against_ST_2013.csv,680,02_District_wise_crimes_committed_against_ST_2013.csv::680,False,UNIQUE,BANDA,DISTRICT_OR_REPORTING_UNIT,VALID
Uttar Pradesh,BARABANKI,2013,0,0,0,0,0,0,0,0,0,0,ST,02_District_wise_crimes_committed_against_ST_2013.csv,681,02_District_wise_crimes_committed_against_ST_2013.csv::681,False,UNIQUE,BARABANKI,DISTRICT_OR_REPORTING_UNIT,VALID
Uttar Pradesh,BAREILLY,2013,1,0,0,0,0,0,0,0,0,1,ST,02_District_wise_crimes_committed_against_ST_2013.csv,682,02_District_wise_crimes_committed_against_ST_2013.csv::682,False,UNIQUE,BAREILLY,DISTRICT_OR_REPORTING_UNIT,VALID
Uttar Pradesh,BASTI,2013,0,0,0,0,0,0,0,0,0,0,ST,02_District_wise_crimes_committed_against_ST_2013.csv,683,02_District_wise_crimes_committed_against_ST_2013.csv::683,False,UNIQUE,BASTI,DISTRICT_OR_REPORTING_UNIT,VALID
Uttar Pradesh,BIJNOR,2013,0,0,0,0,0,0,0,0,0,0,ST,02_District_wise_crimes_committed_against_ST_2013.csv,684,02_District_wise_crimes_committed_against_ST_2013.csv::684,False,UNIQUE,BIJNOR,DISTRICT_OR_REPORTING_UNIT,VALID
Uttar Pradesh,BULANDSHAHAR,2013,0,0,0,0,0,0,0,0,0,0,ST,02_District_wise_crimes_committed_against_ST_2013.csv,685,02_District_wise_crimes_committed_against_ST_2013.csv::685,False,UNIQUE,BULANDSHAHAR,DISTRICT_OR_REPORTING_UNIT,VALID
Uttar Pradesh,CHANDOLI,2013,0,0,0,0,0,0,0,0,0,0,ST,02_District_wise_crimes_committed_against_ST_2013.csv,686,02_District_wise_crimes_committed_against_ST_2013.csv::686,False,UNIQUE,CHANDOLI,DISTRICT_OR_REPORTING_UNIT,VALID
Uttar Pradesh,CHITRAKOOT DHAM,2013,0,0,0,0,0,0,0,0,0,0,ST,02_District_wise_crimes_committed_against_ST_2013.csv,687,02_District_wise_crimes_committed_against_ST_2013.csv::687,False,UNIQUE,CHITRAKOOT DHAM,DISTRICT_OR_REPORTING_UNIT,VALID
Uttar Pradesh,DEORIA,2013,0,0,0,0,0,0,0,0,0,0,ST,02_District_wise_crimes_committed_against_ST_2013.csv,688,02_District_wise_crimes_committed_against_ST_2013.csv::688,False,UNIQUE,DEORIA,DISTRICT_OR_REPORTING_UNIT,VALID
Uttar Pradesh,ETAH,2013,0,0,0,0,0,0,0,0,0,1,ST,02_District_wise_crimes_committed_against_ST_2013.csv,689,02_District_wise_crimes_committed_against_ST_2013.csv::689,False,UNIQUE,ETAH,DISTRICT_OR_REPORTING_UNIT,VALID
Uttar Pradesh,ETAWAH,2013,0,0,0,0,0,0,0,0,0,0,ST,02_District_wise_crimes_committed_against_ST_2013.csv,690,02_District_wise_crimes_committed_against_ST_2013.csv::690,False,UNIQUE,ETAWAH,DISTRICT_OR_REPORTING_UNIT,VALID
Uttar Pradesh,FAIZABAD,2013,0,0,0,0,0,0,0,0,0,0,ST,02_District_wise_crimes_committed_against_ST_2013.csv,691,02_District_wise_crimes_committed_against_ST_2013.csv::691,False,UNIQUE,FAIZABAD,DISTRICT_OR_REPORTING_UNIT,VALID
Uttar Pradesh,FATEHGARH,2013,0,0,0,0,0,0,0,0,0,0,ST,02_District_wise_crimes_committed_against_ST_2013.csv,692,02_District_wise_crimes_committed_against_ST_2013.csv::692,False,UNIQUE,FATEHGARH,DISTRICT_OR_REPORTING_UNIT,VALID
Uttar Pradesh,FATEHPUR,2013,0,0,0,0,0,0,0,0,0,0,ST,02_District_wise_crimes_committed_against_ST_2013.csv,693,02_District_wise_crimes_committed_against_ST_2013.csv::693,False,UNIQUE,FATEHPUR,DISTRICT_OR_REPORTING_UNIT,VALID
Uttar Pradesh,FIROZABAD,2013,0,0,0,0,0,0,0,0,0,0,ST,02_District_wise_crimes_committed_against_ST_2013.csv,694,02_District_wise_crimes_committed_against_ST_2013.csv::694,False,UNIQUE,FIROZABAD,DISTRICT_OR_REPORTING_UNIT,VALID
Uttar Pradesh,G.R.P.,2013,0,0,0,0,0,0,0,0,0,0,ST,02_District_wise_crimes_committed_against_ST_2013.csv,695,02_District_wise_crimes_committed_against_ST_2013.csv::695,False,UNIQUE,G.R.P.,DISTRICT_OR_REPORTING_UNIT,VALID
Uttar Pradesh,GAUTAMBUDH NAGAR,2013,0,0,0,0,0,0,0,0,0,0,ST,02_District_wise_crimes_committed_against_ST_2013.csv,696,02_District_wise_crimes_committed_against_ST_2013.csv::696,False,UNIQUE,GAUTAMBUDH NAGAR,DISTRICT_OR_REPORTING_UNIT,VALID
Uttar Pradesh,GHAZIABAD,2013,0,0,0,0,0,0,0,0,0,0,ST,02_District_wise_crimes_committed_against_ST_2013.csv,697,02_District_wise_crimes_committed_against_ST_2013.csv::697,False,UNIQUE,GHAZIABAD,DISTRICT_OR_REPORTING_UNIT,VALID
Uttar Pradesh,GHAZIPUR,2013,0,0,0,0,0,0,0,0,0,0,ST,02_District_wise_crimes_committed_against_ST_2013.csv,698,02_District_wise_crimes_committed_against_ST_2013.csv::698,False,UNIQUE,GHAZIPUR,DISTRICT_OR_REPORTING_UNIT,VALID
Uttar Pradesh,GONDA,2013,0,0,0,0,0,0,0,0,0,0,ST,02_District_wise_crimes_committed_against_ST_2013.csv,699,02_District_wise_crimes_committed_against_ST_2013.csv::699,False,UNIQUE,GONDA,DISTRICT_OR_REPORTING_UNIT,VALID
Uttar Pradesh,GORAKHPUR,2013,0,0,0,0,0,0,0,0,0,0,ST,02_District_wise_crimes_committed_against_ST_2013.csv,700,02_District_wise_crimes_committed_against_ST_2013.csv::700,False,UNIQUE,GORAKHPUR,DISTRICT_OR_REPORTING_UNIT,VALID
Uttar Pradesh,HAMIRPUR,2013,0,0,0,0,0,0,0,0,0,0,ST,02_District_wise_crimes_committed_against_ST_2013.csv,701,02_District_wise_crimes_committed_against_ST_2013.csv::701,False,UNIQUE,HAMIRPUR,DISTRICT_OR_REPORTING_UNIT,VALID
Uttar Pradesh,HAPUR,2013,0,0,0,0,0,0,0,0,0,0,ST,02_District_wise_crimes_committed_against_ST_2013.csv,702,02_District_wise_crimes_committed_against_ST_2013.csv::702,False,UNIQUE,HAPUR,DISTRICT_OR_REPORTING_UNIT,VALID
Uttar Pradesh,HARDOI,2013,0,0,0,0,0,0,0,0,0,0,ST,02_District_wise_crimes_committed_against_ST_2013.csv,703,02_District_wise_crimes_committed_against_ST_2013.csv::703,False,UNIQUE,HARDOI,DISTRICT_OR_REPORTING_UNIT,VALID
Uttar Pradesh,HATHRAS,2013,0,0,0,0,0,0,0,0,0,0,ST,02_District_wise_crimes_committed_against_ST_2013.csv,704,02_District_wise_crimes_committed_against_ST_2013.csv::704,False,UNIQUE,HATHRAS,DISTRICT_OR_REPORTING_UNIT,VALID
Uttar Pradesh,JALAUN,2013,0,0,0,0,0,0,0,0,0,0,ST,02_District_wise_crimes_committed_against_ST_2013.csv,705,02_District_wise_crimes_committed_against_ST_2013.csv::705,False,UNIQUE,JALAUN,DISTRICT_OR_REPORTING_UNIT,VALID
Uttar Pradesh,JAUNPUR,2013,0,0,0,0,0,0,0,0,0,0,ST,02_District_wise_crimes_committed_against_ST_2013.csv,706,02_District_wise_crimes_committed_against_ST_2013.csv::706,False,UNIQUE,JAUNPUR,DISTRICT_OR_REPORTING_UNIT,VALID
Uttar Pradesh,JHANSI,2013,0,0,0,0,0,0,0,0,0,0,ST,02_District_wise_crimes_committed_against_ST_2013.csv,707,02_District_wise_crimes_committed_against_ST_2013.csv::707,False,UNIQUE,JHANSI,DISTRICT_OR_REPORTING_UNIT,VALID
Uttar Pradesh,KANNAUJ,2013,0,0,0,0,0,0,0,0,0,0,ST,02_District_wise_crimes_committed_against_ST_2013.csv,708,02_District_wise_crimes_committed_against_ST_2013.csv::708,False,UNIQUE,KANNAUJ,DISTRICT_OR_REPORTING_UNIT,VALID
Uttar Pradesh,KANPUR DEHAT,2013,0,0,0,0,0,0,0,0,0,1,ST,02_District_wise_crimes_committed_against_ST_2013.csv,709,02_District_wise_crimes_committed_against_ST_2013.csv::709,False,UNIQUE,KANPUR DEHAT,DISTRICT_OR_REPORTING_UNIT,VALID
Uttar Pradesh,KANPUR NAGAR,2013,0,0,0,0,0,0,0,0,0,0,ST,02_District_wise_crimes_committed_against_ST_2013.csv,710,02_District_wise_crimes_committed_against_ST_2013.csv::710,False,UNIQUE,KANPUR NAGAR,DISTRICT_OR_REPORTING_UNIT,VALID
Uttar Pradesh,KASGANJ,2013,0,0,0,0,0,0,0,0,0,1,ST,02_District_wise_crimes_committed_against_ST_2013.csv,711,02_District_wise_crimes_committed_against_ST_2013.csv::711,False,UNIQUE,KASGANJ,DISTRICT_OR_REPORTING_UNIT,VALID
Uttar Pradesh,KAUSHAMBI,2013,0,0,0,0,0,0,0,0,0,0,ST,02_District_wise_crimes_committed_against_ST_2013.csv,712,02_District_wise_crimes_committed_against_ST_2013.csv::712,False,UNIQUE,KAUSHAMBI,DISTRICT_OR_REPORTING_UNIT,VALID
Uttar Pradesh,KHIRI,2013,0,0,0,0,0,0,0,0,0,0,ST,02_District_wise_crimes_committed_against_ST_2013.csv,713,02_District_wise_crimes_committed_against_ST_2013.csv::713,False,UNIQUE,KHIRI,DISTRICT_OR_REPORTING_UNIT,VALID
Uttar Pradesh,KUSHI NAGAR,2013,0,0,0,0,0,0,0,0,0,0,ST,02_District_wise_crimes_committed_against_ST_2013.csv,714,02_District_wise_crimes_committed_against_ST_2013.csv::714,False,UNIQUE,KUSHI NAGAR,DISTRICT_OR_REPORTING_UNIT,VALID
Uttar Pradesh,LALITPUR,2013,0,0,0,0,0,0,0,0,5,3,ST,02_District_wise_crimes_committed_against_ST_2013.csv,715,02_District_wise_crimes_committed_against_ST_2013.csv::715,False,UNIQUE,LALITPUR,DISTRICT_OR_REPORTING_UNIT,VALID
Uttar Pradesh,LUCKNOW,2013,0,0,0,0,0,0,0,0,3,0,ST,02_District_wise_crimes_committed_against_ST_2013.csv,716,02_District_wise_crimes_committed_against_ST_2013.csv::716,False,UNIQUE,LUCKNOW,DISTRICT_OR_REPORTING_UNIT,VALID
Uttar Pradesh,MAHARAJGANJ,2013,0,0,1,0,0,0,0,0,0,0,ST,02_District_wise_crimes_committed_against_ST_2013.csv,717,02_District_wise_crimes_committed_against_ST_2013.csv::717,False,UNIQUE,MAHARAJGANJ,DISTRICT_OR_REPORTING_UNIT,VALID
Uttar Pradesh,MAHOBA,2013,0,0,0,0,0,0,0,0,0,0,ST,02_District_wise_crimes_committed_against_ST_2013.csv,718,02_District_wise_crimes_committed_against_ST_2013.csv::718,False,UNIQUE,MAHOBA,DISTRICT_OR_REPORTING_UNIT,VALID
Uttar Pradesh,MAINPURI,2013,0,0,0,0,0,0,0,0,0,0,ST,02_District_wise_crimes_committed_against_ST_2013.csv,719,02_District_wise_crimes_committed_against_ST_2013.csv::719,False,UNIQUE,MAINPURI,DISTRICT_OR_REPORTING_UNIT,VALID
Uttar Pradesh,MATHURA,2013,0,0,0,0,0,0,0,0,0,0,ST,02_District_wise_crimes_committed_against_ST_2013.csv,720,02_District_wise_crimes_committed_against_ST_2013.csv::720,False,UNIQUE,MATHURA,DISTRICT_OR_REPORTING_UNIT,VALID
Uttar Pradesh,MAU,2013,0,0,0,0,0,0,0,0,0,0,ST,02_District_wise_crimes_committed_against_ST_2013.csv,721,02_District_wise_crimes_committed_against_ST_2013.csv::721,False,UNIQUE,MAU,DISTRICT_OR_REPORTING_UNIT,VALID
Uttar Pradesh,MEERUT,2013,0,0,0,0,0,0,0,0,0,0,ST,02_District_wise_crimes_committed_against_ST_2013.csv,722,02_District_wise_crimes_committed_against_ST_2013.csv::722,False,UNIQUE,MEERUT,DISTRICT_OR_REPORTING_UNIT,VALID
Uttar Pradesh,MIRZAPUR,2013,0,0,0,0,0,0,0,0,0,0,ST,02_District_wise_crimes_committed_against_ST_2013.csv,723,02_District_wise_crimes_committed_against_ST_2013.csv::723,False,UNIQUE,MIRZAPUR,DISTRICT_OR_REPORTING_UNIT,VALID
Uttar Pradesh,MORADABAD,2013,0,0,0,0,0,0,0,0,0,0,ST,02_District_wise_crimes_committed_against_ST_2013.csv,724,02_District_wise_crimes_committed_against_ST_2013.csv::724,False,UNIQUE,MORADABAD,DISTRICT_OR_REPORTING_UNIT,VALID
Uttar Pradesh,MUZAFFARNAGAR,2013,0,0,0,0,0,0,0,0,0,0,ST,02_District_wise_crimes_committed_against_ST_2013.csv,725,02_District_wise_crimes_committed_against_ST_2013.csv::725,False,UNIQUE,MUZAFFARNAGAR,DISTRICT_OR_REPORTING_UNIT,VALID
Uttar Pradesh,PILIBHIT,2013,0,0,0,0,0,0,0,0,0,0,ST,02_District_wise_crimes_committed_against_ST_2013.csv,726,02_District_wise_crimes_committed_against_ST_2013.csv::726,False,UNIQUE,PILIBHIT,DISTRICT_OR_REPORTING_UNIT,VALID
Uttar Pradesh,PRATAPGARH,2013,0,0,0,0,0,0,0,0,0,0,ST,02_District_wise_crimes_committed_against_ST_2013.csv,727,02_District_wise_crimes_committed_against_ST_2013.csv::727,False,UNIQUE,PRATAPGARH,DISTRICT_OR_REPORTING_UNIT,VALID
Uttar Pradesh,RAIBAREILLY,2013,0,0,0,0,0,0,0,0,0,0,ST,02_District_wise_crimes_committed_against_ST_2013.csv,728,02_District_wise_crimes_committed_against_ST_2013.csv::728,False,UNIQUE,RAIBAREILLY,DISTRICT_OR_REPORTING_UNIT,VALID
Uttar Pradesh,RAMPUR,2013,0,0,0,0,0,0,0,0,0,0,ST,02_District_wise_crimes_committed_against_ST_2013.csv,729,02_District_wise_crimes_committed_against_ST_2013.csv::729,False,UNIQUE,RAMPUR,DISTRICT_OR_REPORTING_UNIT,VALID
Uttar Pradesh,SAHARANPUR,2013,0,0,0,0,0,0,0,0,0,0,ST,02_District_wise_crimes_committed_against_ST_2013.csv,730,02_District_wise_crimes_committed_against_ST_2013.csv::730,False,UNIQUE,SAHARANPUR,DISTRICT_OR_REPORTING_UNIT,VALID
Uttar Pradesh,SAMBHAL,2013,0,0,0,0,0,0,0,0,0,0,ST,02_District_wise_crimes_committed_against_ST_2013.csv,731,02_District_wise_crimes_committed_against_ST_2013.csv::731,False,UNIQUE,SAMBHAL,DISTRICT_OR_REPORTING_UNIT,VALID
Uttar Pradesh,SANT KABIRNAGAR,2013,0,0,0,0,0,0,0,0,0,0,ST,02_District_wise_crimes_committed_against_ST_2013.csv,732,02_District_wise_crimes_committed_against_ST_2013.csv::732,False,UNIQUE,SANT KABIRNAGAR,DISTRICT_OR_REPORTING_UNIT,VALID
Uttar Pradesh,SHAHJAHANPUR,2013,0,0,0,0,0,0,0,0,0,0,ST,02_District_wise_crimes_committed_against_ST_2013.csv,733,02_District_wise_crimes_committed_against_ST_2013.csv::733,False,UNIQUE,SHAHJAHANPUR,DISTRICT_OR_REPORTING_UNIT,VALID
Uttar Pradesh,SHAMLI,2013,0,0,0,0,0,0,0,0,0,0,ST,02_District_wise_crimes_committed_against_ST_2013.csv,734,02_District_wise_crimes_committed_against_ST_2013.csv::734,False,UNIQUE,SHAMLI,DISTRICT_OR_REPORTING_UNIT,VALID
Uttar Pradesh,SHRAWASTI,2013,0,0,0,0,0,0,0,0,0,0,ST,02_District_wise_crimes_committed_against_ST_2013.csv,735,02_District_wise_crimes_committed_against_ST_2013.csv::735,False,UNIQUE,SHRAWASTI,DISTRICT_OR_REPORTING_UNIT,VALID
Uttar Pradesh,SIDHARTHNAGAR,2013,0,0,0,0,0,0,0,0,0,0,ST,02_District_wise_crimes_committed_against_ST_2013.csv,736,02_District_wise_crimes_committed_against_ST_2013.csv::736,False,UNIQUE,SIDHARTHNAGAR,DISTRICT_OR_REPORTING_UNIT,VALID
Uttar Pradesh,SITAPUR,2013,0,0,0,0,0,0,0,0,0,0,ST,02_District_wise_crimes_committed_against_ST_2013.csv,737,02_District_wise_crimes_committed_against_ST_2013.csv::737,False,UNIQUE,SITAPUR,DISTRICT_OR_REPORTING_UNIT,VALID
Uttar Pradesh,SONBHADRA,2013,2,2,1,0,0,0,0,0,2,1,ST,02_District_wise_crimes_committed_against_ST_2013.csv,738,02_District_wise_crimes_committed_against_ST_2013.csv::738,False,UNIQUE,SONBHADRA,DISTRICT_OR_REPORTING_UNIT,VALID
Uttar Pradesh,ST.RAVIDASNAGAR,2013,0,0,0,0,0,0,0,0,0,0,ST,02_District_wise_crimes_committed_against_ST_2013.csv,739,02_District_wise_crimes_committed_against_ST_2013.csv::739,False,UNIQUE,ST.RAVIDASNAGAR,DISTRICT_OR_REPORTING_UNIT,VALID
Uttar Pradesh,SULTANPUR,2013,0,0,0,0,0,0,0,0,0,0,ST,02_District_wise_crimes_committed_against_ST_2013.csv,740,02_District_wise_crimes_committed_against_ST_2013.csv::740,False,UNIQUE,SULTANPUR,DISTRICT_OR_REPORTING_UNIT,VALID
Uttar Pradesh,UNNAO,2013,0,0,0,0,0,0,0,0,0,0,ST,02_District_wise_crimes_committed_against_ST_2013.csv,741,02_District_wise_crimes_committed_against_ST_2013.csv::741,False,UNIQUE,UNNAO,DISTRICT_OR_REPORTING_UNIT,VALID
Uttar Pradesh,VARANASI,2013,0,0,0,0,0,0,0,0,0,0,ST,02_District_wise_crimes_committed_against_ST_2013.csv,742,02_District_wise_crimes_committed_against_ST_2013.csv::742,False,UNIQUE,VARANASI,DISTRICT_OR_REPORTING_UNIT,VALID
Uttar Pradesh,ZZ TOTAL,2013,3,2,2,0,0,0,0,0,10,8,ST,02_District_wise_crimes_committed_against_ST_2013.csv,743,02_District_wise_crimes_committed_against_ST_2013.csv::743,False,UNIQUE,ZZ TOTAL,DISTRICT_OR_REPORTING_UNIT,VALID
Uttarakhand,ALMORA,2013,0,0,0,0,0,0,0,0,0,0,ST,02_District_wise_crimes_committed_against_ST_2013.csv,744,02_District_wise_crimes_committed_against_ST_2013.csv::744,False,UNIQUE,ALMORA,DISTRICT_OR_REPORTING_UNIT,VALID
Uttarakhand,BAGESHWAR,2013,0,0,0,0,0,0,0,0,0,0,ST,02_District_wise_crimes_committed_against_ST_2013.csv,745,02_District_wise_crimes_committed_against_ST_2013.csv::745,False,UNIQUE,BAGESHWAR,DISTRICT_OR_REPORTING_UNIT,VALID
Uttarakhand,CHAMOLI,2013,0,0,0,0,0,0,0,0,0,0,ST,02_District_wise_crimes_committed_against_ST_2013.csv,746,02_District_wise_crimes_committed_against_ST_2013.csv::746,False,UNIQUE,CHAMOLI,DISTRICT_OR_REPORTING_UNIT,VALID
Uttarakhand,CHAMPAWAT,2013,0,0,0,0,0,0,0,0,0,0,ST,02_District_wise_crimes_committed_against_ST_2013.csv,747,02_District_wise_crimes_committed_against_ST_2013.csv::747,False,UNIQUE,CHAMPAWAT,DISTRICT_OR_REPORTING_UNIT,VALID
Uttarakhand,DEHRADUN,2013,0,0,0,0,0,0,1,0,1,0,ST,02_District_wise_crimes_committed_against_ST_2013.csv,748,02_District_wise_crimes_committed_against_ST_2013.csv::748,False,UNIQUE,DEHRADUN,DISTRICT_OR_REPORTING_UNIT,VALID
Uttarakhand,HARIDWAR,2013,0,0,0,0,0,0,0,0,0,0,ST,02_District_wise_crimes_committed_against_ST_2013.csv,749,02_District_wise_crimes_committed_against_ST_2013.csv::749,False,UNIQUE,HARIDWAR,DISTRICT_OR_REPORTING_UNIT,VALID
Uttarakhand,NAINITAL,2013,0,0,0,0,0,0,0,0,0,0,ST,02_District_wise_crimes_committed_against_ST_2013.csv,750,02_District_wise_crimes_committed_against_ST_2013.csv::750,False,UNIQUE,NAINITAL,DISTRICT_OR_REPORTING_UNIT,VALID
Uttarakhand,PAURI GARHWAL,2013,0,0,0,0,0,0,0,0,0,0,ST,02_District_wise_crimes_committed_against_ST_2013.csv,751,02_District_wise_crimes_committed_against_ST_2013.csv::751,False,UNIQUE,PAURI GARHWAL,DISTRICT_OR_REPORTING_UNIT,VALID
Uttarakhand,PITHORAGARH,2013,0,0,0,0,0,0,0,0,0,0,ST,02_District_wise_crimes_committed_against_ST_2013.csv,752,02_District_wise_crimes_committed_against_ST_2013.csv::752,False,UNIQUE,PITHORAGARH,DISTRICT_OR_REPORTING_UNIT,VALID
Uttarakhand,RUDRA PRAYAG,2013,0,0,0,0,0,0,0,0,0,0,ST,02_District_wise_crimes_committed_against_ST_2013.csv,753,02_District_wise_crimes_committed_against_ST_2013.csv::753,False,UNIQUE,RUDRA PRAYAG,DISTRICT_OR_REPORTING_UNIT,VALID
Uttarakhand,TEHRI GARHWAL,2013,0,0,0,0,0,0,0,0,0,0,ST,02_District_wise_crimes_committed_against_ST_2013.csv,754,02_District_wise_crimes_committed_against_ST_2013.csv::754,False,UNIQUE,TEHRI GARHWAL,DISTRICT_OR_REPORTING_UNIT,VALID
Uttarakhand,UDHAMSINGH NAGAR,2013,0,0,0,0,0,0,0,0,0,0,ST,02_District_wise_crimes_committed_against_ST_2013.csv,755,02_District_wise_crimes_committed_against_ST_2013.csv::755,False,UNIQUE,UDHAMSINGH NAGAR,DISTRICT_OR_REPORTING_UNIT,VALID
Uttarakhand,UTTARKASHI,2013,0,0,0,0,0,0,0,0,0,0,ST,02_District_wise_crimes_committed_against_ST_2013.csv,756,02_District_wise_crimes_committed_against_ST_2013.csv::756,False,UNIQUE,UTTARKASHI,DISTRICT_OR_REPORTING_UNIT,VALID
Uttarakhand,ZZ TOTAL,2013,0,0,0,0,0,0,1,0,1,0,ST,02_District_wise_crimes_committed_against_ST_2013.csv,757,02_District_wise_crimes_committed_against_ST_2013.csv::757,False,UNIQUE,ZZ TOTAL,DISTRICT_OR_REPORTING_UNIT,VALID
West Bengal,24 PARGANAS NORTH,2013,0,0,0,0,0,0,0,0,0,0,ST,02_District_wise_crimes_committed_against_ST_2013.csv,758,02_District_wise_crimes_committed_against_ST_2013.csv::758,False,UNIQUE,24 PARGANAS NORTH,DISTRICT_OR_REPORTING_UNIT,VALID
West Bengal,24 PARGANAS SOUTH,2013,0,0,0,0,0,0,0,0,0,0,ST,02_District_wise_crimes_committed_against_ST_2013.csv,759,02_District_wise_crimes_committed_against_ST_2013.csv::759,False,UNIQUE,24 PARGANAS SOUTH,DISTRICT_OR_REPORTING_UNIT,VALID
West Bengal,ASANSOL,2013,0,0,0,0,0,0,0,0,1,5,ST,02_District_wise_crimes_committed_against_ST_2013.csv,760,02_District_wise_crimes_committed_against_ST_2013.csv::760,False,UNIQUE,ASANSOL,DISTRICT_OR_REPORTING_UNIT,VALID
West Bengal,BANKURA,2013,0,0,0,0,0,0,0,0,0,4,ST,02_District_wise_crimes_committed_against_ST_2013.csv,761,02_District_wise_crimes_committed_against_ST_2013.csv::761,False,UNIQUE,BANKURA,DISTRICT_OR_REPORTING_UNIT,VALID
West Bengal,BDN CP,2013,0,0,0,0,0,0,0,0,0,0,ST,02_District_wise_crimes_committed_against_ST_2013.csv,762,02_District_wise_crimes_committed_against_ST_2013.csv::762,False,UNIQUE,BDN CP,DISTRICT_OR_REPORTING_UNIT,VALID
West Bengal,BIRBHUM,2013,1,1,0,0,0,0,0,0,0,7,ST,02_District_wise_crimes_committed_against_ST_2013.csv,763,02_District_wise_crimes_committed_against_ST_2013.csv::763,False,UNIQUE,BIRBHUM,DISTRICT_OR_REPORTING_UNIT,VALID
West Bengal,BKP CP,2013,0,0,0,0,0,0,0,0,3,5,ST,02_District_wise_crimes_committed_against_ST_2013.csv,764,02_District_wise_crimes_committed_against_ST_2013.csv::764,False,UNIQUE,BKP CP,DISTRICT_OR_REPORTING_UNIT,VALID
West Bengal,BURDWAN,2013,0,2,0,0,0,0,0,0,1,11,ST,02_District_wise_crimes_committed_against_ST_2013.csv,765,02_District_wise_crimes_committed_against_ST_2013.csv::765,False,UNIQUE,BURDWAN,DISTRICT_OR_REPORTING_UNIT,VALID
West Bengal,COOCHBEHAR,2013,0,0,0,0,0,0,0,0,0,0,ST,02_District_wise_crimes_committed_against_ST_2013.csv,766,02_District_wise_crimes_committed_against_ST_2013.csv::766,False,UNIQUE,COOCHBEHAR,DISTRICT_OR_REPORTING_UNIT,VALID
West Bengal,DAKSHIN DINAJPUR,2013,0,0,0,0,0,0,2,0,0,11,ST,02_District_wise_crimes_committed_against_ST_2013.csv,767,02_District_wise_crimes_committed_against_ST_2013.csv::767,False,UNIQUE,DAKSHIN DINAJPUR,DISTRICT_OR_REPORTING_UNIT,VALID
West Bengal,DARJEELING,2013,0,0,0,0,0,0,0,0,4,11,ST,02_District_wise_crimes_committed_against_ST_2013.csv,768,02_District_wise_crimes_committed_against_ST_2013.csv::768,False,UNIQUE,DARJEELING,DISTRICT_OR_REPORTING_UNIT,VALID
West Bengal,HOOGHLY,2013,0,0,0,0,0,0,0,0,0,1,ST,02_District_wise_crimes_committed_against_ST_2013.csv,769,02_District_wise_crimes_committed_against_ST_2013.csv::769,False,UNIQUE,HOOGHLY,DISTRICT_OR_REPORTING_UNIT,VALID
West Bengal,HOWRAH,2013,0,0,0,0,0,0,0,0,0,0,ST,02_District_wise_crimes_committed_against_ST_2013.csv,770,02_District_wise_crimes_committed_against_ST_2013.csv::770,False,UNIQUE,HOWRAH,DISTRICT_OR_REPORTING_UNIT,VALID
West Bengal,HOWRAH CITY,2013,0,0,0,0,0,0,0,0,1,0,ST,02_District_wise_crimes_committed_against_ST_2013.csv,771,02_District_wise_crimes_committed_against_ST_2013.csv::771,False,UNIQUE,HOWRAH CITY,SPECIAL_UNIT,VALID
West Bengal,HOWRAH G.R.P.,2013,0,0,0,0,0,0,0,0,0,0,ST,02_District_wise_crimes_committed_against_ST_2013.csv,772,02_District_wise_crimes_committed_against_ST_2013.csv::772,False,UNIQUE,HOWRAH G.R.P.,DISTRICT_OR_REPORTING_UNIT,VALID
West Bengal,JALPAIGURI,2013,0,1,0,0,0,0,0,0,8,2,ST,02_District_wise_crimes_committed_against_ST_2013.csv,773,02_District_wise_crimes_committed_against_ST_2013.csv::773,False,UNIQUE,JALPAIGURI,DISTRICT_OR_REPORTING_UNIT,VALID
West Bengal,JHARGRAM,2013,0,1,0,0,0,0,0,0,0,2,ST,02_District_wise_crimes_committed_against_ST_2013.csv,774,02_District_wise_crimes_committed_against_ST_2013.csv::774,False,UNIQUE,JHARGRAM,DISTRICT_OR_REPORTING_UNIT,VALID
West Bengal,KHARAGPUR G.R.P.,2013,0,0,0,0,0,0,0,0,0,1,ST,02_District_wise_crimes_committed_against_ST_2013.csv,775,02_District_wise_crimes_committed_against_ST_2013.csv::775,False,UNIQUE,KHARAGPUR G.R.P.,DISTRICT_OR_REPORTING_UNIT,VALID
West Bengal,KOLKATA,2013,0,0,0,0,0,0,0,0,1,3,ST,02_District_wise_crimes_committed_against_ST_2013.csv,776,02_District_wise_crimes_committed_against_ST_2013.csv::776,False,UNIQUE,KOLKATA,DISTRICT_OR_REPORTING_UNIT,VALID
West Bengal,MALDA,2013,0,2,0,0,0,0,0,0,0,2,ST,02_District_wise_crimes_committed_against_ST_2013.csv,777,02_District_wise_crimes_committed_against_ST_2013.csv::777,False,UNIQUE,MALDA,DISTRICT_OR_REPORTING_UNIT,VALID
West Bengal,MURSHIDABAD,2013,0,0,0,0,0,0,0,0,1,0,ST,02_District_wise_crimes_committed_against_ST_2013.csv,778,02_District_wise_crimes_committed_against_ST_2013.csv::778,False,UNIQUE,MURSHIDABAD,DISTRICT_OR_REPORTING_UNIT,VALID
West Bengal,NADIA,2013,0,0,0,0,0,0,0,0,3,0,ST,02_District_wise_crimes_committed_against_ST_2013.csv,779,02_District_wise_crimes_committed_against_ST_2013.csv::779,False,UNIQUE,NADIA,DISTRICT_OR_REPORTING_UNIT,VALID
West Bengal,PASCHIM MIDNAPUR,2013,0,0,0,0,0,0,0,0,0,5,ST,02_District_wise_crimes_committed_against_ST_2013.csv,780,02_District_wise_crimes_committed_against_ST_2013.csv::780,False,UNIQUE,PASCHIM MIDNAPUR,DISTRICT_OR_REPORTING_UNIT,VALID
West Bengal,PURAB MIDNAPUR,2013,0,0,0,0,0,0,0,0,0,0,ST,02_District_wise_crimes_committed_against_ST_2013.csv,781,02_District_wise_crimes_committed_against_ST_2013.csv::781,False,UNIQUE,PURAB MIDNAPUR,DISTRICT_OR_REPORTING_UNIT,VALID
West Bengal,PURULIA,2013,0,0,0,0,0,0,0,0,0,1,ST,02_District_wise_crimes_committed_against_ST_2013.csv,782,02_District_wise_crimes_committed_against_ST_2013.csv::782,False,UNIQUE,PURULIA,DISTRICT_OR_REPORTING_UNIT,VALID
West Bengal,SEALDAH G.R.P.,2013,0,0,0,0,0,0,0,0,0,0,ST,02_District_wise_crimes_committed_against_ST_2013.csv,783,02_District_wise_crimes_committed_against_ST_2013.csv::783,False,UNIQUE,SEALDAH G.R.P.,DISTRICT_OR_REPORTING_UNIT,VALID
West Bengal,SILIGURI G.R.P.,2013,0,0,0,0,0,0,0,0,0,0,ST,02_District_wise_crimes_committed_against_ST_2013.csv,784,02_District_wise_crimes_committed_against_ST_2013.csv::784,False,UNIQUE,SILIGURI G.R.P.,DISTRICT_OR_REPORTING_UNIT,VALID
West Bengal,SILIGURI_PC,2013,0,0,0,0,0,0,0,0,3,6,ST,02_District_wise_crimes_committed_against_ST_2013.csv,785,02_District_wise_crimes_committed_against_ST_2013.csv::785,False,UNIQUE,SILIGURI_PC,DISTRICT_OR_REPORTING_UNIT,VALID
West Bengal,UTTAR DINAJPUR,2013,0,2,1,0,0,0,1,0,0,5,ST,02_District_wise_crimes_committed_against_ST_2013.csv,786,02_District_wise_crimes_committed_against_ST_2013.csv::786,False,UNIQUE,UTTAR DINAJPUR,DISTRICT_OR_REPORTING_UNIT,VALID
West Bengal,ZZ TOTAL,2013,1,9,1,0,0,0,3,0,26,82,ST,02_District_wise_crimes_committed_against_ST_2013.csv,787,02_District_wise_crimes_committed_against_ST_2013.csv::787,False,UNIQUE,ZZ TOTAL,DISTRICT_OR_REPORTING_UNIT,VALID
A&N Islands,CAR,2013,0,0,0,0,0,0,0,1,0,1,ST,02_District_wise_crimes_committed_against_ST_2013.csv,788,02_District_wise_crimes_committed_against_ST_2013.csv::788,False,UNIQUE,CAR,DISTRICT_OR_REPORTING_UNIT,VALID
A&N Islands,NORTH,2013,0,0,0,0,0,0,0,0,0,0,ST,02_District_wise_crimes_committed_against_ST_2013.csv,789,02_District_wise_crimes_committed_against_ST_2013.csv::789,False,UNIQUE,NORTH,DISTRICT_OR_REPORTING_UNIT,VALID
A&N Islands,SOUTH,2013,0,0,0,0,0,0,0,0,0,0,ST,02_District_wise_crimes_committed_against_ST_2013.csv,790,02_District_wise_crimes_committed_against_ST_2013.csv::790,False,UNIQUE,SOUTH,DISTRICT_OR_REPORTING_UNIT,VALID
A&N Islands,ZZ TOTAL,2013,0,0,0,0,0,0,0,1,0,1,ST,02_District_wise_crimes_committed_against_ST_2013.csv,791,02_District_wise_crimes_committed_against_ST_2013.csv::791,False,UNIQUE,ZZ TOTAL,DISTRICT_OR_REPORTING_UNIT,VALID
Chandigarh,CHANDIGARH,2013,0,0,0,0,0,0,0,0,0,0,ST,02_District_wise_crimes_committed_against_ST_2013.csv,792,02_District_wise_crimes_committed_against_ST_2013.csv::792,False,UNIQUE,CHANDIGARH,DISTRICT_OR_REPORTING_UNIT,VALID
Chandigarh,ZZ TOTAL,2013,0,0,0,0,0,0,0,0,0,0,ST,02_District_wise_crimes_committed_against_ST_2013.csv,793,02_District_wise_crimes_committed_against_ST_2013.csv::793,False,UNIQUE,ZZ TOTAL,DISTRICT_OR_REPORTING_UNIT,VALID
D&N Haveli,D&N HAVELI,2013,0,0,0,0,0,0,0,0,4,3,ST,02_District_wise_crimes_committed_against_ST_2013.csv,794,02_District_wise_crimes_committed_against_ST_2013.csv::794,False,UNIQUE,D&N HAVELI,DISTRICT_OR_REPORTING_UNIT,VALID
D&N Haveli,ZZ TOTAL,2013,0,0,0,0,0,0,0,0,4,3,ST,02_District_wise_crimes_committed_against_ST_2013.csv,795,02_District_wise_crimes_committed_against_ST_2013.csv::795,False,UNIQUE,ZZ TOTAL,DISTRICT_OR_REPORTING_UNIT,VALID
Daman & Diu,DAMAN,2013,0,0,0,0,0,0,0,0,0,1,ST,02_District_wise_crimes_committed_against_ST_2013.csv,796,02_District_wise_crimes_committed_against_ST_2013.csv::796,False,UNIQUE,DAMAN,DISTRICT_OR_REPORTING_UNIT,VALID
Daman & Diu,DIU,2013,0,0,0,0,0,0,0,0,0,0,ST,02_District_wise_crimes_committed_against_ST_2013.csv,797,02_District_wise_crimes_committed_against_ST_2013.csv::797,False,UNIQUE,DIU,DISTRICT_OR_REPORTING_UNIT,VALID
Daman & Diu,ZZ TOTAL,2013,0,0,0,0,0,0,0,0,0,1,ST,02_District_wise_crimes_committed_against_ST_2013.csv,798,02_District_wise_crimes_committed_against_ST_2013.csv::798,False,UNIQUE,ZZ TOTAL,DISTRICT_OR_REPORTING_UNIT,VALID
Delhi UT,CAW,2013,0,0,0,0,0,0,0,0,0,0,ST,02_District_wise_crimes_committed_against_ST_2013.csv,799,02_District_wise_crimes_committed_against_ST_2013.csv::799,False,UNIQUE,CAW,DISTRICT_OR_REPORTING_UNIT,VALID
Delhi UT,CENTRAL,2013,0,0,0,0,0,0,0,0,0,0,ST,02_District_wise_crimes_committed_against_ST_2013.csv,800,02_District_wise_crimes_committed_against_ST_2013.csv::800,False,UNIQUE,CENTRAL,DISTRICT_OR_REPORTING_UNIT,VALID
Delhi UT,CRIME BRANCH,2013,0,0,0,0,0,0,0,0,0,0,ST,02_District_wise_crimes_committed_against_ST_2013.csv,801,02_District_wise_crimes_committed_against_ST_2013.csv::801,False,UNIQUE,CRIME BRANCH,DISTRICT_OR_REPORTING_UNIT,VALID
Delhi UT,EAST,2013,0,0,0,0,0,0,0,0,0,0,ST,02_District_wise_crimes_committed_against_ST_2013.csv,802,02_District_wise_crimes_committed_against_ST_2013.csv::802,False,UNIQUE,EAST,DISTRICT_OR_REPORTING_UNIT,VALID
Delhi UT,EOW,2013,0,0,0,0,0,0,0,0,0,0,ST,02_District_wise_crimes_committed_against_ST_2013.csv,803,02_District_wise_crimes_committed_against_ST_2013.csv::803,False,UNIQUE,EOW,DISTRICT_OR_REPORTING_UNIT,VALID
Delhi UT,GRP(RLY),2013,0,0,0,0,0,0,0,0,0,0,ST,02_District_wise_crimes_committed_against_ST_2013.csv,804,02_District_wise_crimes_committed_against_ST_2013.csv::804,False,UNIQUE,GRP(RLY),DISTRICT_OR_REPORTING_UNIT,VALID
Delhi UT,IGI AIRPORT,2013,0,0,0,0,0,0,0,0,0,0,ST,02_District_wise_crimes_committed_against_ST_2013.csv,805,02_District_wise_crimes_committed_against_ST_2013.csv::805,False,UNIQUE,IGI AIRPORT,DISTRICT_OR_REPORTING_UNIT,VALID
Delhi UT,METRO RAIL,2013,0,0,0,0,0,0,0,0,0,0,ST,02_District_wise_crimes_committed_against_ST_2013.csv,806,02_District_wise_crimes_committed_against_ST_2013.csv::806,False,UNIQUE,METRO RAIL,DISTRICT_OR_REPORTING_UNIT,VALID
Delhi UT,NEW DELHI,2013,0,0,0,0,0,0,0,0,0,0,ST,02_District_wise_crimes_committed_against_ST_2013.csv,807,02_District_wise_crimes_committed_against_ST_2013.csv::807,False,UNIQUE,NEW DELHI,DISTRICT_OR_REPORTING_UNIT,VALID
Delhi UT,NORTH,2013,0,0,0,0,0,0,0,0,0,0,ST,02_District_wise_crimes_committed_against_ST_2013.csv,808,02_District_wise_crimes_committed_against_ST_2013.csv::808,False,UNIQUE,NORTH,DISTRICT_OR_REPORTING_UNIT,VALID
Delhi UT,NORTH-EAST,2013,0,0,0,0,0,0,0,0,0,0,ST,02_District_wise_crimes_committed_against_ST_2013.csv,809,02_District_wise_crimes_committed_against_ST_2013.csv::809,False,UNIQUE,NORTH-EAST,DISTRICT_OR_REPORTING_UNIT,VALID
Delhi UT,NORTH-WEST,2013,0,0,0,0,0,0,0,0,0,0,ST,02_District_wise_crimes_committed_against_ST_2013.csv,810,02_District_wise_crimes_committed_against_ST_2013.csv::810,False,UNIQUE,NORTH-WEST,DISTRICT_OR_REPORTING_UNIT,VALID
Delhi UT,OUTER,2013,0,0,0,0,0,0,0,0,0,0,ST,02_District_wise_crimes_committed_against_ST_2013.csv,811,02_District_wise_crimes_committed_against_ST_2013.csv::811,False,UNIQUE,OUTER,DISTRICT_OR_REPORTING_UNIT,VALID
Delhi UT,SOUTH,2013,0,0,0,0,0,0,0,0,0,0,ST,02_District_wise_crimes_committed_against_ST_2013.csv,812,02_District_wise_crimes_committed_against_ST_2013.csv::812,False,UNIQUE,SOUTH,DISTRICT_OR_REPORTING_UNIT,VALID
Delhi UT,SOUTH-EAST,2013,0,0,0,0,0,0,0,0,0,0,ST,02_District_wise_crimes_committed_against_ST_2013.csv,813,02_District_wise_crimes_committed_against_ST_2013.csv::813,False,UNIQUE,SOUTH-EAST,DISTRICT_OR_REPORTING_UNIT,VALID
Delhi UT,SOUTH-WEST,2013,0,0,0,0,0,0,0,0,0,0,ST,02_District_wise_crimes_committed_against_ST_2013.csv,814,02_District_wise_crimes_committed_against_ST_2013.csv::814,False,UNIQUE,SOUTH-WEST,DISTRICT_OR_REPORTING_UNIT,VALID
Delhi UT,STF,2013,0,0,0,0,0,0,0,0,0,0,ST,02_District_wise_crimes_committed_against_ST_2013.csv,815,02_District_wise_crimes_committed_against_ST_2013.csv::815,False,UNIQUE,STF,DISTRICT_OR_REPORTING_UNIT,VALID
Delhi UT,WEST,2013,0,0,0,0,0,0,0,0,0,0,ST,02_District_wise_crimes_committed_against_ST_2013.csv,816,02_District_wise_crimes_committed_against_ST_2013.csv::816,False,UNIQUE,WEST,DISTRICT_OR_REPORTING_UNIT,VALID
Delhi UT,ZZ TOTAL,2013,0,0,0,0,0,0,0,0,0,0,ST,02_District_wise_crimes_committed_against_ST_2013.csv,817,02_District_wise_crimes_committed_against_ST_2013.csv::817,False,UNIQUE,ZZ TOTAL,DISTRICT_OR_REPORTING_UNIT,VALID
Lakshadweep,LAKSHADWEEP,2013,0,0,0,0,0,0,0,0,0,0,ST,02_District_wise_crimes_committed_against_ST_2013.csv,818,02_District_wise_crimes_committed_against_ST_2013.csv::818,False,UNIQUE,LAKSHADWEEP,DISTRICT_OR_REPORTING_UNIT,VALID
Lakshadweep,ZZ TOTAL,2013,0,0,0,0,0,0,0,0,0,0,ST,02_District_wise_crimes_committed_against_ST_2013.csv,819,02_District_wise_crimes_committed_against_ST_2013.csv::819,False,UNIQUE,ZZ TOTAL,DISTRICT_OR_REPORTING_UNIT,VALID
Puducherry,KARAIKAL,2013,0,0,0,0,0,0,0,0,0,0,ST,02_District_wise_crimes_committed_against_ST_2013.csv,820,02_District_wise_crimes_committed_against_ST_2013.csv::820,False,UNIQUE,KARAIKAL,DISTRICT_OR_REPORTING_UNIT,VALID
Puducherry,PUDUCHERRY,2013,0,0,0,0,0,0,0,0,0,0,ST,02_District_wise_crimes_committed_against_ST_2013.csv,821,02_District_wise_crimes_committed_against_ST_2013.csv::821,False,UNIQUE,PUDUCHERRY,DISTRICT_OR_REPORTING_UNIT,VALID
Puducherry,ZZ TOTAL,2013,0,0,0,0,0,0,0,0,0,0,ST,02_District_wise_crimes_committed_against_ST_2013.csv,822,02_District_wise_crimes_committed_against_ST_2013.csv::822,False,UNIQUE,ZZ TOTAL,DISTRICT_OR_REPORTING_UNIT,VALID
