STATE,DISTRICT,YEAR,Rape,Kidnapping and Abduction,Dowry Deaths,Assault on women with intent to outrage her modesty,Insult to modesty of Women,Cruelty by Husband or his Relatives,Importation of Girls,CRIME_GROUP,SOURCE_FILE,SOURCE_ROW_ID,SOURCE_RECORD_ID,DUPLICATE_KEY_FLAG,DATA_QUALITY_FLAG,UNIT_NAME,UNIT_TYPE,SOURCE_QUALITY_STATUS
Andhra Pradesh,ADILABAD,2013,61,47,12,197,138,464,0,WOMEN,42_District_wise_crimes_committed_against_women_2013.csv,0,42_District_wise_crimes_committed_against_women_2013.csv::0,False,UNIQUE,ADILABAD,DISTRICT_OR_REPORTING_UNIT,VALID
Andhra Pradesh,ANANTAPUR,2013,28,84,23,337,43,161,0,WOMEN,42_District_wise_crimes_committed_against_women_2013.csv,1,42_District_wise_crimes_committed_against_women_2013.csv::1,False,UNIQUE,ANANTAPUR,DISTRICT_OR_REPORTING_UNIT,VALID
Andhra Pradesh,CHITTOOR,2013,31,27,13,119,84,435,0,WOMEN,42_District_wise_crimes_committed_against_women_2013.csv,2,42_District_wise_crimes_committed_against_women_2013.csv::2,False,UNIQUE,CHITTOOR,DISTRICT_OR_REPORTING_UNIT,VALID
Andhra Pradesh,CUDDAPAH,2013,19,50,9,318,163,207,0,WOMEN,42_District_wise_crimes_committed_against_women_2013.csv,3,42_District_wise_crimes_committed_against_women_2013.csv::3,False,UNIQUE,CUDDAPAH,DISTRICT_OR_REPORTING_UNIT,VALID
Andhra Pradesh,CYBERABAD,2013,138,129,43,350,338,1526,0,WOMEN,42_District_wise_crimes_committed_against_women_2013.csv,4,42_District_wise_crimes_committed_against_women_2013.csv::4,False,UNIQUE,CYBERABAD,DISTRICT_OR_REPORTING_UNIT,VALID
Andhra Pradesh,EAST GODAVARI,2013,74,33,15,352,222,483,0,WOMEN,42_District_wise_crimes_committed_against_women_2013.csv,5,42_District_wise_crimes_committed_against_women_2013.csv::5,False,UNIQUE,EAST GODAVARI,DISTRICT_OR_REPORTING_UNIT,VALID
Andhra Pradesh,GUNTAKAL RLY.,2013,0,0,0,3,2,0,0,WOMEN,42_District_wise_crimes_committed_against_women_2013.csv,6,42_District_wise_crimes_committed_against_women_2013.csv::6,False,UNIQUE,GUNTAKAL RLY.,DISTRICT_OR_REPORTING_UNIT,VALID
Andhra Pradesh,GUNTUR,2013,38,54,16,296,135,608,0,WOMEN,42_District_wise_crimes_committed_against_women_2013.csv,7,42_District_wise_crimes_committed_against_women_2013.csv::7,False,UNIQUE,GUNTUR,DISTRICT_OR_REPORTING_UNIT,VALID
Andhra Pradesh,GUNTUR URBAN,2013,28,34,7,124,93,326,0,WOMEN,42_District_wise_crimes_committed_against_women_2013.csv,8,42_District_wise_crimes_committed_against_women_2013.csv::8,False,UNIQUE,GUNTUR URBAN,SPECIAL_UNIT,VALID
Andhra Pradesh,HYDERABAD CITY,2013,101,52,39,225,90,1480,0,WOMEN,42_District_wise_crimes_committed_against_women_2013.csv,9,42_District_wise_crimes_committed_against_women_2013.csv::9,False,UNIQUE,HYDERABAD CITY,SPECIAL_UNIT,VALID
Andhra Pradesh,KARIMNAGAR,2013,57,103,39,354,276,670,0,WOMEN,42_District_wise_crimes_committed_against_women_2013.csv,10,42_District_wise_crimes_committed_against_women_2013.csv::10,False,UNIQUE,KARIMNAGAR,DISTRICT_OR_REPORTING_UNIT,VALID
Andhra Pradesh,KHAMMAM,2013,100,104,15,254,297,768,0,WOMEN,42_District_wise_crimes_committed_against_women_2013.csv,11,42_District_wise_crimes_committed_against_women_2013.csv::11,False,UNIQUE,KHAMMAM,DISTRICT_OR_REPORTING_UNIT,VALID
Andhra Pradesh,KRISHNA,2013,58,37,14,387,274,708,0,WOMEN,42_District_wise_crimes_committed_against_women_2013.csv,12,42_District_wise_crimes_committed_against_women_2013.csv::12,False,UNIQUE,KRISHNA,DISTRICT_OR_REPORTING_UNIT,VALID
Andhra Pradesh,KURNOOL,2013,26,50,11,374,199,203,0,WOMEN,42_District_wise_crimes_committed_against_women_2013.csv,13,42_District_wise_crimes_committed_against_women_2013.csv::13,False,UNIQUE,KURNOOL,DISTRICT_OR_REPORTING_UNIT,VALID
Andhra Pradesh,MAHABOOBNAGAR,2013,117,63,33,219,98,234,0,WOMEN,42_District_wise_crimes_committed_against_women_2013.csv,14,42_District_wise_crimes_committed_against_women_2013.csv::14,False,UNIQUE,MAHABOOBNAGAR,DISTRICT_OR_REPORTING_UNIT,VALID
Andhra Pradesh,MEDAK,2013,64,38,25,169,73,476,0,WOMEN,42_District_wise_crimes_committed_against_women_2013.csv,15,42_District_wise_crimes_committed_against_women_2013.csv::15,False,UNIQUE,MEDAK,DISTRICT_OR_REPORTING_UNIT,VALID
Andhra Pradesh,NALGONDA,2013,77,110,27,367,313,327,0,WOMEN,42_District_wise_crimes_committed_against_women_2013.csv,16,42_District_wise_crimes_committed_against_women_2013.csv::16,False,UNIQUE,NALGONDA,DISTRICT_OR_REPORTING_UNIT,VALID
Andhra Pradesh,NELLORE,2013,26,81,8,263,221,374,0,WOMEN,42_District_wise_crimes_committed_against_women_2013.csv,17,42_District_wise_crimes_committed_against_women_2013.csv::17,False,UNIQUE,NELLORE,DISTRICT_OR_REPORTING_UNIT,VALID
Andhra Pradesh,NIZAMABAD,2013,49,33,17,142,295,732,0,WOMEN,42_District_wise_crimes_committed_against_women_2013.csv,18,42_District_wise_crimes_committed_against_women_2013.csv::18,False,UNIQUE,NIZAMABAD,DISTRICT_OR_REPORTING_UNIT,VALID
Andhra Pradesh,PRAKASHAM,2013,39,57,8,298,26,484,0,WOMEN,42_District_wise_crimes_committed_against_women_2013.csv,19,42_District_wise_crimes_committed_against_women_2013.csv::19,False,UNIQUE,PRAKASHAM,DISTRICT_OR_REPORTING_UNIT,VALID
Andhra Pradesh,RAJAHMUNDRY,2013,14,4,2,67,68,209,0,WOMEN,42_District_wise_crimes_committed_against_women_2013.csv,20,42_District_wise_crimes_committed_against_women_2013.csv::20,False,UNIQUE,RAJAHMUNDRY,DISTRICT_OR_REPORTING_UNIT,VALID
Andhra Pradesh,RANGA REDDY,2013,37,25,14,69,23,168,0,WOMEN,42_District_wise_crimes_committed_against_women_2013.csv,21,42_District_wise_crimes_committed_against_women_2013.csv::21,False,UNIQUE,RANGA REDDY,DISTRICT_OR_REPORTING_UNIT,VALID
Andhra Pradesh,SECUNDERABAD RLY.,2013,0,2,0,11,0,0,0,WOMEN,42_District_wise_crimes_committed_against_women_2013.csv,22,42_District_wise_crimes_committed_against_women_2013.csv::22,False,UNIQUE,SECUNDERABAD RLY.,DISTRICT_OR_REPORTING_UNIT,VALID
Andhra Pradesh,SRIKAKULAM,2013,42,23,3,207,129,361,0,WOMEN,42_District_wise_crimes_committed_against_women_2013.csv,23,42_District_wise_crimes_committed_against_women_2013.csv::23,False,UNIQUE,SRIKAKULAM,DISTRICT_OR_REPORTING_UNIT,VALID
Andhra Pradesh,TIRUPATHI URBAN,2013,10,15,7,45,31,133,0,WOMEN,42_District_wise_crimes_committed_against_women_2013.csv,24,42_District_wise_crimes_committed_against_women_2013.csv::24,False,UNIQUE,TIRUPATHI URBAN,SPECIAL_UNIT,VALID
Andhra Pradesh,VIJAYAWADA CITY,2013,48,45,12,249,456,1227,0,WOMEN,42_District_wise_crimes_committed_against_women_2013.csv,25,42_District_wise_crimes_committed_against_women_2013.csv::25,False,UNIQUE,VIJAYAWADA CITY,SPECIAL_UNIT,VALID
Andhra Pradesh,VIJAYAWADA RLY.,2013,1,1,2,6,5,0,0,WOMEN,42_District_wise_crimes_committed_against_women_2013.csv,26,42_District_wise_crimes_committed_against_women_2013.csv::26,False,UNIQUE,VIJAYAWADA RLY.,DISTRICT_OR_REPORTING_UNIT,VALID
Andhra Pradesh,VISAKHA RURAL,2013,32,23,8,139,79,210,0,WOMEN,42_District_wise_crimes_committed_against_women_2013.csv,27,42_District_wise_crimes_committed_against_women_2013.csv::27,False,UNIQUE,VISAKHA RURAL,SPECIAL_UNIT,VALID
Andhra Pradesh,VISAKHAPATNAM,2013,67,50,8,149,100,548,0,WOMEN,42_District_wise_crimes_committed_against_women_2013.csv,28,42_District_wise_crimes_committed_against_women_2013.csv::28,False,UNIQUE,VISAKHAPATNAM,DISTRICT_OR_REPORTING_UNIT,VALID
Andhra Pradesh,VIZIANAGARAM,2013,42,25,10,165,95,383,0,WOMEN,42_District_wise_crimes_committed_against_women_2013.csv,29,42_District_wise_crimes_committed_against_women_2013.csv::29,False,UNIQUE,VIZIANAGARAM,DISTRICT_OR_REPORTING_UNIT,VALID
Andhra Pradesh,WARANGAL,2013,52,63,20,206,10,129,0,WOMEN,42_District_wise_crimes_committed_against_women_2013.csv,30,42_District_wise_crimes_committed_against_women_2013.csv::30,False,UNIQUE,WARANGAL,DISTRICT_OR_REPORTING_UNIT,VALID
Andhra Pradesh,WARANGAL URBAN,2013,36,47,16,127,81,195,0,WOMEN,42_District_wise_crimes_committed_against_women_2013.csv,31,42_District_wise_crimes_committed_against_women_2013.csv::31,False,UNIQUE,WARANGAL URBAN,SPECIAL_UNIT,VALID
Andhra Pradesh,WEST GODAVARI,2013,123,86,16,342,245,855,0,WOMEN,42_District_wise_crimes_committed_against_women_2013.csv,32,42_District_wise_crimes_committed_against_women_2013.csv::32,False,UNIQUE,WEST GODAVARI,DISTRICT_OR_REPORTING_UNIT,VALID
Andhra Pradesh,ZZ TOTAL,2013,1635,1595,492,6930,4702,15084,0,WOMEN,42_District_wise_crimes_committed_against_women_2013.csv,33,42_District_wise_crimes_committed_against_women_2013.csv::33,False,UNIQUE,ZZ TOTAL,DISTRICT_OR_REPORTING_UNIT,VALID
Arunachal Pradesh,ANJAW,2013,0,0,0,0,0,0,0,WOMEN,42_District_wise_crimes_committed_against_women_2013.csv,34,42_District_wise_crimes_committed_against_women_2013.csv::34,False,UNIQUE,ANJAW,DISTRICT_OR_REPORTING_UNIT,VALID
Arunachal Pradesh,CHANGLANG,2013,5,5,0,2,0,1,0,WOMEN,42_District_wise_crimes_committed_against_women_2013.csv,35,42_District_wise_crimes_committed_against_women_2013.csv::35,False,UNIQUE,CHANGLANG,DISTRICT_OR_REPORTING_UNIT,VALID
Arunachal Pradesh,DIBANG VALLEY,2013,0,1,0,2,0,0,0,WOMEN,42_District_wise_crimes_committed_against_women_2013.csv,36,42_District_wise_crimes_committed_against_women_2013.csv::36,False,UNIQUE,DIBANG VALLEY,DISTRICT_OR_REPORTING_UNIT,VALID
Arunachal Pradesh,K/KUMEY,2013,0,1,0,1,0,0,0,WOMEN,42_District_wise_crimes_committed_against_women_2013.csv,37,42_District_wise_crimes_committed_against_women_2013.csv::37,False,UNIQUE,K/KUMEY,DISTRICT_OR_REPORTING_UNIT,VALID
Arunachal Pradesh,KAMENG EAST,2013,2,12,0,6,0,0,0,WOMEN,42_District_wise_crimes_committed_against_women_2013.csv,38,42_District_wise_crimes_committed_against_women_2013.csv::38,False,UNIQUE,KAMENG EAST,DISTRICT_OR_REPORTING_UNIT,VALID
Arunachal Pradesh,KAMENG WEST,2013,2,0,0,0,0,0,0,WOMEN,42_District_wise_crimes_committed_against_women_2013.csv,39,42_District_wise_crimes_committed_against_women_2013.csv::39,False,UNIQUE,KAMENG WEST,DISTRICT_OR_REPORTING_UNIT,VALID
Arunachal Pradesh,LOHIT,2013,10,22,0,10,0,2,0,WOMEN,42_District_wise_crimes_committed_against_women_2013.csv,40,42_District_wise_crimes_committed_against_women_2013.csv::40,False,UNIQUE,LOHIT,DISTRICT_OR_REPORTING_UNIT,VALID
Arunachal Pradesh,LONGDING,2013,1,2,0,2,0,0,0,WOMEN,42_District_wise_crimes_committed_against_women_2013.csv,41,42_District_wise_crimes_committed_against_women_2013.csv::41,False,UNIQUE,LONGDING,DISTRICT_OR_REPORTING_UNIT,VALID
Arunachal Pradesh,PAPUM PARE,2013,18,22,0,24,1,20,0,WOMEN,42_District_wise_crimes_committed_against_women_2013.csv,42,42_District_wise_crimes_committed_against_women_2013.csv::42,False,UNIQUE,PAPUM PARE,DISTRICT_OR_REPORTING_UNIT,VALID
Arunachal Pradesh,RURAL,2013,3,5,0,5,0,1,0,WOMEN,42_District_wise_crimes_committed_against_women_2013.csv,43,42_District_wise_crimes_committed_against_women_2013.csv::43,False,UNIQUE,RURAL,SPECIAL_UNIT,VALID
Arunachal Pradesh,SIANG EAST,2013,10,2,0,6,0,1,0,WOMEN,42_District_wise_crimes_committed_against_women_2013.csv,44,42_District_wise_crimes_committed_against_women_2013.csv::44,False,UNIQUE,SIANG EAST,DISTRICT_OR_REPORTING_UNIT,VALID
Arunachal Pradesh,SIANG UPPER,2013,0,2,0,4,0,0,0,WOMEN,42_District_wise_crimes_committed_against_women_2013.csv,45,42_District_wise_crimes_committed_against_women_2013.csv::45,False,UNIQUE,SIANG UPPER,DISTRICT_OR_REPORTING_UNIT,VALID
Arunachal Pradesh,SIANG WEST,2013,7,6,0,9,2,3,0,WOMEN,42_District_wise_crimes_committed_against_women_2013.csv,46,42_District_wise_crimes_committed_against_women_2013.csv::46,False,UNIQUE,SIANG WEST,DISTRICT_OR_REPORTING_UNIT,VALID
Arunachal Pradesh,SUBANSIRI LOWER,2013,5,0,0,3,0,0,0,WOMEN,42_District_wise_crimes_committed_against_women_2013.csv,47,42_District_wise_crimes_committed_against_women_2013.csv::47,False,UNIQUE,SUBANSIRI LOWER,DISTRICT_OR_REPORTING_UNIT,VALID
Arunachal Pradesh,SUBANSIRI UPPER,2013,10,2,0,8,0,0,0,WOMEN,42_District_wise_crimes_committed_against_women_2013.csv,48,42_District_wise_crimes_committed_against_women_2013.csv::48,False,UNIQUE,SUBANSIRI UPPER,DISTRICT_OR_REPORTING_UNIT,VALID
Arunachal Pradesh,TAWANG,2013,2,1,0,6,0,1,0,WOMEN,42_District_wise_crimes_committed_against_women_2013.csv,49,42_District_wise_crimes_committed_against_women_2013.csv::49,False,UNIQUE,TAWANG,DISTRICT_OR_REPORTING_UNIT,VALID
Arunachal Pradesh,TIRAP,2013,0,2,0,5,0,0,0,WOMEN,42_District_wise_crimes_committed_against_women_2013.csv,50,42_District_wise_crimes_committed_against_women_2013.csv::50,False,UNIQUE,TIRAP,DISTRICT_OR_REPORTING_UNIT,VALID
Arunachal Pradesh,UPPER DIBANG VALLEY,2013,0,1,0,0,0,0,0,WOMEN,42_District_wise_crimes_committed_against_women_2013.csv,51,42_District_wise_crimes_committed_against_women_2013.csv::51,False,UNIQUE,UPPER DIBANG VALLEY,DISTRICT_OR_REPORTING_UNIT,VALID
Arunachal Pradesh,ZZ TOTAL,2013,75,86,0,93,3,29,0,WOMEN,42_District_wise_crimes_committed_against_women_2013.csv,52,42_District_wise_crimes_committed_against_women_2013.csv::52,False,UNIQUE,ZZ TOTAL,DISTRICT_OR_REPORTING_UNIT,VALID
Assam,BAKSA,2013,20,46,1,9,0,32,0,WOMEN,42_District_wise_crimes_committed_against_women_2013.csv,53,42_District_wise_crimes_committed_against_women_2013.csv::53,False,UNIQUE,BAKSA,DISTRICT_OR_REPORTING_UNIT,VALID
Assam,BARPETA,2013,148,348,18,341,0,1016,0,WOMEN,42_District_wise_crimes_committed_against_women_2013.csv,54,42_District_wise_crimes_committed_against_women_2013.csv::54,False,UNIQUE,BARPETA,DISTRICT_OR_REPORTING_UNIT,VALID
Assam,BIEO,2013,0,0,0,0,0,0,0,WOMEN,42_District_wise_crimes_committed_against_women_2013.csv,55,42_District_wise_crimes_committed_against_women_2013.csv::55,False,UNIQUE,BIEO,DISTRICT_OR_REPORTING_UNIT,VALID
Assam,BONGAIGAON,2013,68,95,9,4,0,100,0,WOMEN,42_District_wise_crimes_committed_against_women_2013.csv,56,42_District_wise_crimes_committed_against_women_2013.csv::56,False,UNIQUE,BONGAIGAON,DISTRICT_OR_REPORTING_UNIT,VALID
Assam,C.I.D.,2013,0,0,0,0,0,0,0,WOMEN,42_District_wise_crimes_committed_against_women_2013.csv,57,42_District_wise_crimes_committed_against_women_2013.csv::57,False,UNIQUE,C.I.D.,DISTRICT_OR_REPORTING_UNIT,VALID
Assam,CACHAR,2013,79,221,12,25,0,537,0,WOMEN,42_District_wise_crimes_committed_against_women_2013.csv,58,42_District_wise_crimes_committed_against_women_2013.csv::58,False,UNIQUE,CACHAR,DISTRICT_OR_REPORTING_UNIT,VALID
Assam,CHIRANG,2013,30,50,1,21,0,78,0,WOMEN,42_District_wise_crimes_committed_against_women_2013.csv,59,42_District_wise_crimes_committed_against_women_2013.csv::59,False,UNIQUE,CHIRANG,DISTRICT_OR_REPORTING_UNIT,VALID
Assam,DARRANG,2013,92,145,3,239,0,378,0,WOMEN,42_District_wise_crimes_committed_against_women_2013.csv,60,42_District_wise_crimes_committed_against_women_2013.csv::60,False,UNIQUE,DARRANG,DISTRICT_OR_REPORTING_UNIT,VALID
Assam,DHEMAJI,2013,42,70,1,77,0,85,0,WOMEN,42_District_wise_crimes_committed_against_women_2013.csv,61,42_District_wise_crimes_committed_against_women_2013.csv::61,False,UNIQUE,DHEMAJI,DISTRICT_OR_REPORTING_UNIT,VALID
Assam,DHUBRI,2013,190,350,9,452,11,1080,0,WOMEN,42_District_wise_crimes_committed_against_women_2013.csv,62,42_District_wise_crimes_committed_against_women_2013.csv::62,False,UNIQUE,DHUBRI,DISTRICT_OR_REPORTING_UNIT,VALID
Assam,DIBRUGARH,2013,65,108,0,151,0,239,0,WOMEN,42_District_wise_crimes_committed_against_women_2013.csv,63,42_District_wise_crimes_committed_against_women_2013.csv::63,False,UNIQUE,DIBRUGARH,DISTRICT_OR_REPORTING_UNIT,VALID
Assam,G.R.P.,2013,0,6,0,0,0,0,0,WOMEN,42_District_wise_crimes_committed_against_women_2013.csv,64,42_District_wise_crimes_committed_against_women_2013.csv::64,False,UNIQUE,G.R.P.,DISTRICT_OR_REPORTING_UNIT,VALID
Assam,GOALPARA,2013,73,103,7,89,0,326,0,WOMEN,42_District_wise_crimes_committed_against_women_2013.csv,65,42_District_wise_crimes_committed_against_women_2013.csv::65,False,UNIQUE,GOALPARA,DISTRICT_OR_REPORTING_UNIT,VALID
Assam,GOLAGHAT,2013,85,181,3,76,0,284,0,WOMEN,42_District_wise_crimes_committed_against_women_2013.csv,66,42_District_wise_crimes_committed_against_women_2013.csv::66,False,UNIQUE,GOLAGHAT,DISTRICT_OR_REPORTING_UNIT,VALID
Assam,GUWAHATI CITY,2013,103,432,15,207,0,561,0,WOMEN,42_District_wise_crimes_committed_against_women_2013.csv,67,42_District_wise_crimes_committed_against_women_2013.csv::67,False,UNIQUE,GUWAHATI CITY,SPECIAL_UNIT,VALID
Assam,HAILAKANDI,2013,60,71,2,7,0,169,0,WOMEN,42_District_wise_crimes_committed_against_women_2013.csv,68,42_District_wise_crimes_committed_against_women_2013.csv::68,False,UNIQUE,HAILAKANDI,DISTRICT_OR_REPORTING_UNIT,VALID
Assam,HAMREN,2013,14,9,0,0,0,0,0,WOMEN,42_District_wise_crimes_committed_against_women_2013.csv,69,42_District_wise_crimes_committed_against_women_2013.csv::69,False,UNIQUE,HAMREN,DISTRICT_OR_REPORTING_UNIT,VALID
Assam,JORHAT,2013,79,160,0,117,0,307,0,WOMEN,42_District_wise_crimes_committed_against_women_2013.csv,70,42_District_wise_crimes_committed_against_women_2013.csv::70,False,UNIQUE,JORHAT,DISTRICT_OR_REPORTING_UNIT,VALID
Assam,KAMRUP,2013,66,154,3,86,0,305,0,WOMEN,42_District_wise_crimes_committed_against_women_2013.csv,71,42_District_wise_crimes_committed_against_women_2013.csv::71,False,UNIQUE,KAMRUP,DISTRICT_OR_REPORTING_UNIT,VALID
Assam,KARBI ANGLONG,2013,8,43,0,16,0,39,0,WOMEN,42_District_wise_crimes_committed_against_women_2013.csv,72,42_District_wise_crimes_committed_against_women_2013.csv::72,False,UNIQUE,KARBI ANGLONG,DISTRICT_OR_REPORTING_UNIT,VALID
Assam,KARIMGANJ,2013,44,108,9,9,0,266,0,WOMEN,42_District_wise_crimes_committed_against_women_2013.csv,73,42_District_wise_crimes_committed_against_women_2013.csv::73,False,UNIQUE,KARIMGANJ,DISTRICT_OR_REPORTING_UNIT,VALID
Assam,KOKRAJHAR,2013,32,79,5,32,0,134,2,WOMEN,42_District_wise_crimes_committed_against_women_2013.csv,74,42_District_wise_crimes_committed_against_women_2013.csv::74,False,UNIQUE,KOKRAJHAR,DISTRICT_OR_REPORTING_UNIT,VALID
Assam,LAKHIMPUR,2013,59,123,3,55,0,300,0,WOMEN,42_District_wise_crimes_committed_against_women_2013.csv,75,42_District_wise_crimes_committed_against_women_2013.csv::75,False,UNIQUE,LAKHIMPUR,DISTRICT_OR_REPORTING_UNIT,VALID
Assam,MORIGAON,2013,76,123,8,45,0,271,0,WOMEN,42_District_wise_crimes_committed_against_women_2013.csv,76,42_District_wise_crimes_committed_against_women_2013.csv::76,False,UNIQUE,MORIGAON,DISTRICT_OR_REPORTING_UNIT,VALID
Assam,N.C.HILLS,2013,5,24,3,0,0,0,0,WOMEN,42_District_wise_crimes_committed_against_women_2013.csv,77,42_District_wise_crimes_committed_against_women_2013.csv::77,False,UNIQUE,N.C.HILLS,DISTRICT_OR_REPORTING_UNIT,VALID
Assam,NAGAON,2013,190,438,23,103,3,1120,0,WOMEN,42_District_wise_crimes_committed_against_women_2013.csv,78,42_District_wise_crimes_committed_against_women_2013.csv::78,False,UNIQUE,NAGAON,DISTRICT_OR_REPORTING_UNIT,VALID
Assam,NALBARI,2013,44,90,3,84,0,178,0,WOMEN,42_District_wise_crimes_committed_against_women_2013.csv,79,42_District_wise_crimes_committed_against_women_2013.csv::79,False,UNIQUE,NALBARI,DISTRICT_OR_REPORTING_UNIT,VALID
Assam,R.P.O.,2013,9,3,0,0,0,0,0,WOMEN,42_District_wise_crimes_committed_against_women_2013.csv,80,42_District_wise_crimes_committed_against_women_2013.csv::80,False,UNIQUE,R.P.O.,DISTRICT_OR_REPORTING_UNIT,VALID
Assam,SIBSAGAR,2013,60,179,5,53,0,311,0,WOMEN,42_District_wise_crimes_committed_against_women_2013.csv,81,42_District_wise_crimes_committed_against_women_2013.csv::81,False,UNIQUE,SIBSAGAR,DISTRICT_OR_REPORTING_UNIT,VALID
Assam,SONITPUR,2013,99,205,15,34,0,300,0,WOMEN,42_District_wise_crimes_committed_against_women_2013.csv,82,42_District_wise_crimes_committed_against_women_2013.csv::82,False,UNIQUE,SONITPUR,DISTRICT_OR_REPORTING_UNIT,VALID
Assam,STF,2013,0,0,0,0,0,0,0,WOMEN,42_District_wise_crimes_committed_against_women_2013.csv,83,42_District_wise_crimes_committed_against_women_2013.csv::83,False,UNIQUE,STF,DISTRICT_OR_REPORTING_UNIT,VALID
Assam,TINSUKIA,2013,77,201,7,34,0,140,0,WOMEN,42_District_wise_crimes_committed_against_women_2013.csv,84,42_District_wise_crimes_committed_against_women_2013.csv::84,False,UNIQUE,TINSUKIA,DISTRICT_OR_REPORTING_UNIT,VALID
Assam,UDALGURI,2013,20,57,5,43,0,80,0,WOMEN,42_District_wise_crimes_committed_against_women_2013.csv,85,42_District_wise_crimes_committed_against_women_2013.csv::85,False,UNIQUE,UDALGURI,DISTRICT_OR_REPORTING_UNIT,VALID
Assam,ZZ TOTAL,2013,1937,4222,170,2409,14,8636,2,WOMEN,42_District_wise_crimes_committed_against_women_2013.csv,86,42_District_wise_crimes_committed_against_women_2013.csv::86,False,UNIQUE,ZZ TOTAL,DISTRICT_OR_REPORTING_UNIT,VALID
Bihar,ARARIA,2013,52,90,12,10,0,19,5,WOMEN,42_District_wise_crimes_committed_against_women_2013.csv,87,42_District_wise_crimes_committed_against_women_2013.csv::87,False,UNIQUE,ARARIA,DISTRICT_OR_REPORTING_UNIT,VALID
Bihar,ARWAL,2013,6,32,15,3,0,30,0,WOMEN,42_District_wise_crimes_committed_against_women_2013.csv,88,42_District_wise_crimes_committed_against_women_2013.csv::88,False,UNIQUE,ARWAL,DISTRICT_OR_REPORTING_UNIT,VALID
Bihar,AURANGABAD,2013,19,52,28,37,0,141,0,WOMEN,42_District_wise_crimes_committed_against_women_2013.csv,89,42_District_wise_crimes_committed_against_women_2013.csv::89,False,UNIQUE,AURANGABAD,DISTRICT_OR_REPORTING_UNIT,VALID
Bihar,BAGAHA,2013,15,64,14,17,0,55,0,WOMEN,42_District_wise_crimes_committed_against_women_2013.csv,90,42_District_wise_crimes_committed_against_women_2013.csv::90,False,UNIQUE,BAGAHA,DISTRICT_OR_REPORTING_UNIT,VALID
Bihar,BANKA,2013,33,69,28,1,1,69,0,WOMEN,42_District_wise_crimes_committed_against_women_2013.csv,91,42_District_wise_crimes_committed_against_women_2013.csv::91,False,UNIQUE,BANKA,DISTRICT_OR_REPORTING_UNIT,VALID
Bihar,BEGUSARAI,2013,24,125,28,55,0,93,0,WOMEN,42_District_wise_crimes_committed_against_women_2013.csv,92,42_District_wise_crimes_committed_against_women_2013.csv::92,False,UNIQUE,BEGUSARAI,DISTRICT_OR_REPORTING_UNIT,VALID
Bihar,BETTIAH,2013,39,154,26,0,0,148,0,WOMEN,42_District_wise_crimes_committed_against_women_2013.csv,93,42_District_wise_crimes_committed_against_women_2013.csv::93,False,UNIQUE,BETTIAH,DISTRICT_OR_REPORTING_UNIT,VALID
Bihar,BHABHUA,2013,16,52,27,0,0,49,0,WOMEN,42_District_wise_crimes_committed_against_women_2013.csv,94,42_District_wise_crimes_committed_against_women_2013.csv::94,False,UNIQUE,BHABHUA,DISTRICT_OR_REPORTING_UNIT,VALID
Bihar,BHAGALPUR,2013,51,123,19,40,0,115,0,WOMEN,42_District_wise_crimes_committed_against_women_2013.csv,95,42_District_wise_crimes_committed_against_women_2013.csv::95,False,UNIQUE,BHAGALPUR,DISTRICT_OR_REPORTING_UNIT,VALID
Bihar,BHOJPUR,2013,23,93,38,3,0,137,0,WOMEN,42_District_wise_crimes_committed_against_women_2013.csv,96,42_District_wise_crimes_committed_against_women_2013.csv::96,False,UNIQUE,BHOJPUR,DISTRICT_OR_REPORTING_UNIT,VALID
Bihar,BUXAR,2013,16,63,9,29,0,78,0,WOMEN,42_District_wise_crimes_committed_against_women_2013.csv,97,42_District_wise_crimes_committed_against_women_2013.csv::97,False,UNIQUE,BUXAR,DISTRICT_OR_REPORTING_UNIT,VALID
Bihar,DARBHANGA,2013,38,196,33,4,1,343,0,WOMEN,42_District_wise_crimes_committed_against_women_2013.csv,98,42_District_wise_crimes_committed_against_women_2013.csv::98,False,UNIQUE,DARBHANGA,DISTRICT_OR_REPORTING_UNIT,VALID
Bihar,GAYA,2013,45,175,37,0,0,212,0,WOMEN,42_District_wise_crimes_committed_against_women_2013.csv,99,42_District_wise_crimes_committed_against_women_2013.csv::99,False,UNIQUE,GAYA,DISTRICT_OR_REPORTING_UNIT,VALID
Bihar,GOPALGANJ,2013,11,85,33,0,0,143,0,WOMEN,42_District_wise_crimes_committed_against_women_2013.csv,100,42_District_wise_crimes_committed_against_women_2013.csv::100,False,UNIQUE,GOPALGANJ,DISTRICT_OR_REPORTING_UNIT,VALID
Bihar,JAMALPUR RLY.,2013,1,0,0,0,0,1,0,WOMEN,42_District_wise_crimes_committed_against_women_2013.csv,101,42_District_wise_crimes_committed_against_women_2013.csv::101,False,UNIQUE,JAMALPUR RLY.,DISTRICT_OR_REPORTING_UNIT,VALID
Bihar,JAMUI,2013,24,37,19,2,0,104,0,WOMEN,42_District_wise_crimes_committed_against_women_2013.csv,102,42_District_wise_crimes_committed_against_women_2013.csv::102,False,UNIQUE,JAMUI,DISTRICT_OR_REPORTING_UNIT,VALID
Bihar,JEHANABAD,2013,14,26,30,5,0,57,0,WOMEN,42_District_wise_crimes_committed_against_women_2013.csv,103,42_District_wise_crimes_committed_against_women_2013.csv::103,False,UNIQUE,JEHANABAD,DISTRICT_OR_REPORTING_UNIT,VALID
Bihar,KATIHAR,2013,86,148,21,1,0,99,0,WOMEN,42_District_wise_crimes_committed_against_women_2013.csv,104,42_District_wise_crimes_committed_against_women_2013.csv::104,False,UNIQUE,KATIHAR,DISTRICT_OR_REPORTING_UNIT,VALID
Bihar,KATIHAR RLY.,2013,1,4,0,1,0,2,0,WOMEN,42_District_wise_crimes_committed_against_women_2013.csv,105,42_District_wise_crimes_committed_against_women_2013.csv::105,False,UNIQUE,KATIHAR RLY.,DISTRICT_OR_REPORTING_UNIT,VALID
Bihar,KHAGARIA,2013,8,59,13,5,0,25,0,WOMEN,42_District_wise_crimes_committed_against_women_2013.csv,106,42_District_wise_crimes_committed_against_women_2013.csv::106,False,UNIQUE,KHAGARIA,DISTRICT_OR_REPORTING_UNIT,VALID
Bihar,KISHANGANJ,2013,52,90,7,0,0,65,0,WOMEN,42_District_wise_crimes_committed_against_women_2013.csv,107,42_District_wise_crimes_committed_against_women_2013.csv::107,False,UNIQUE,KISHANGANJ,DISTRICT_OR_REPORTING_UNIT,VALID
Bihar,LAKHISARAI,2013,9,26,11,0,0,70,0,WOMEN,42_District_wise_crimes_committed_against_women_2013.csv,108,42_District_wise_crimes_committed_against_women_2013.csv::108,False,UNIQUE,LAKHISARAI,DISTRICT_OR_REPORTING_UNIT,VALID
Bihar,MADHEPURA,2013,14,70,17,3,0,64,0,WOMEN,42_District_wise_crimes_committed_against_women_2013.csv,109,42_District_wise_crimes_committed_against_women_2013.csv::109,False,UNIQUE,MADHEPURA,DISTRICT_OR_REPORTING_UNIT,VALID
Bihar,MADHUBANI,2013,37,141,28,1,0,210,0,WOMEN,42_District_wise_crimes_committed_against_women_2013.csv,110,42_District_wise_crimes_committed_against_women_2013.csv::110,False,UNIQUE,MADHUBANI,DISTRICT_OR_REPORTING_UNIT,VALID
Bihar,MOTIHARI,2013,25,226,65,5,14,196,0,WOMEN,42_District_wise_crimes_committed_against_women_2013.csv,111,42_District_wise_crimes_committed_against_women_2013.csv::111,False,UNIQUE,MOTIHARI,DISTRICT_OR_REPORTING_UNIT,VALID
Bihar,MUNGER,2013,7,55,13,5,0,66,0,WOMEN,42_District_wise_crimes_committed_against_women_2013.csv,112,42_District_wise_crimes_committed_against_women_2013.csv::112,False,UNIQUE,MUNGER,DISTRICT_OR_REPORTING_UNIT,VALID
Bihar,MUZAFFARPUR,2013,43,295,48,5,27,81,2,WOMEN,42_District_wise_crimes_committed_against_women_2013.csv,113,42_District_wise_crimes_committed_against_women_2013.csv::113,False,UNIQUE,MUZAFFARPUR,DISTRICT_OR_REPORTING_UNIT,VALID
Bihar,MUZAFFARPUR RLY.,2013,3,5,0,1,0,0,0,WOMEN,42_District_wise_crimes_committed_against_women_2013.csv,114,42_District_wise_crimes_committed_against_women_2013.csv::114,False,UNIQUE,MUZAFFARPUR RLY.,DISTRICT_OR_REPORTING_UNIT,VALID
Bihar,NALANDA,2013,11,107,81,18,0,174,0,WOMEN,42_District_wise_crimes_committed_against_women_2013.csv,115,42_District_wise_crimes_committed_against_women_2013.csv::115,False,UNIQUE,NALANDA,DISTRICT_OR_REPORTING_UNIT,VALID
Bihar,NAUGACHIA,2013,10,26,16,19,0,69,0,WOMEN,42_District_wise_crimes_committed_against_women_2013.csv,116,42_District_wise_crimes_committed_against_women_2013.csv::116,False,UNIQUE,NAUGACHIA,DISTRICT_OR_REPORTING_UNIT,VALID
Bihar,NAWADAH,2013,20,51,23,3,0,122,0,WOMEN,42_District_wise_crimes_committed_against_women_2013.csv,117,42_District_wise_crimes_committed_against_women_2013.csv::117,False,UNIQUE,NAWADAH,DISTRICT_OR_REPORTING_UNIT,VALID
Bihar,PATNA,2013,76,412,96,17,2,459,0,WOMEN,42_District_wise_crimes_committed_against_women_2013.csv,118,42_District_wise_crimes_committed_against_women_2013.csv::118,False,UNIQUE,PATNA,DISTRICT_OR_REPORTING_UNIT,VALID
Bihar,PATNA RLY.,2013,2,11,3,12,0,1,0,WOMEN,42_District_wise_crimes_committed_against_women_2013.csv,119,42_District_wise_crimes_committed_against_women_2013.csv::119,False,UNIQUE,PATNA RLY.,DISTRICT_OR_REPORTING_UNIT,VALID
Bihar,PURNEA,2013,56,93,21,0,7,19,0,WOMEN,42_District_wise_crimes_committed_against_women_2013.csv,120,42_District_wise_crimes_committed_against_women_2013.csv::120,False,UNIQUE,PURNEA,DISTRICT_OR_REPORTING_UNIT,VALID
Bihar,ROHTAS,2013,60,135,48,5,0,97,0,WOMEN,42_District_wise_crimes_committed_against_women_2013.csv,121,42_District_wise_crimes_committed_against_women_2013.csv::121,False,UNIQUE,ROHTAS,DISTRICT_OR_REPORTING_UNIT,VALID
Bihar,SAHARSA,2013,14,64,10,0,0,79,0,WOMEN,42_District_wise_crimes_committed_against_women_2013.csv,122,42_District_wise_crimes_committed_against_women_2013.csv::122,False,UNIQUE,SAHARSA,DISTRICT_OR_REPORTING_UNIT,VALID
Bihar,SAMASTIPUR,2013,35,128,32,8,0,116,0,WOMEN,42_District_wise_crimes_committed_against_women_2013.csv,123,42_District_wise_crimes_committed_against_women_2013.csv::123,False,UNIQUE,SAMASTIPUR,DISTRICT_OR_REPORTING_UNIT,VALID
Bihar,SARAN,2013,16,125,69,0,0,116,0,WOMEN,42_District_wise_crimes_committed_against_women_2013.csv,124,42_District_wise_crimes_committed_against_women_2013.csv::124,False,UNIQUE,SARAN,DISTRICT_OR_REPORTING_UNIT,VALID
Bihar,SHEIKHPURA,2013,10,34,8,0,0,47,0,WOMEN,42_District_wise_crimes_committed_against_women_2013.csv,125,42_District_wise_crimes_committed_against_women_2013.csv::125,False,UNIQUE,SHEIKHPURA,DISTRICT_OR_REPORTING_UNIT,VALID
Bihar,SHEOHAR,2013,3,41,7,0,0,19,0,WOMEN,42_District_wise_crimes_committed_against_women_2013.csv,126,42_District_wise_crimes_committed_against_women_2013.csv::126,False,UNIQUE,SHEOHAR,DISTRICT_OR_REPORTING_UNIT,VALID
Bihar,SITAMARHI,2013,26,182,24,3,0,140,0,WOMEN,42_District_wise_crimes_committed_against_women_2013.csv,127,42_District_wise_crimes_committed_against_women_2013.csv::127,False,UNIQUE,SITAMARHI,DISTRICT_OR_REPORTING_UNIT,VALID
Bihar,SIWAN,2013,19,190,45,1,0,112,0,WOMEN,42_District_wise_crimes_committed_against_women_2013.csv,128,42_District_wise_crimes_committed_against_women_2013.csv::128,False,UNIQUE,SIWAN,DISTRICT_OR_REPORTING_UNIT,VALID
Bihar,SUPAUL,2013,34,103,19,5,0,78,0,WOMEN,42_District_wise_crimes_committed_against_women_2013.csv,129,42_District_wise_crimes_committed_against_women_2013.csv::129,False,UNIQUE,SUPAUL,DISTRICT_OR_REPORTING_UNIT,VALID
Bihar,VAISHALI,2013,24,162,61,7,0,213,0,WOMEN,42_District_wise_crimes_committed_against_women_2013.csv,130,42_District_wise_crimes_committed_against_women_2013.csv::130,False,UNIQUE,VAISHALI,DISTRICT_OR_REPORTING_UNIT,VALID
Bihar,ZZ TOTAL,2013,1128,4419,1182,331,52,4533,7,WOMEN,42_District_wise_crimes_committed_against_women_2013.csv,131,42_District_wise_crimes_committed_against_women_2013.csv::131,False,UNIQUE,ZZ TOTAL,DISTRICT_OR_REPORTING_UNIT,VALID
Chhattisgarh,BALOD,2013,20,20,3,67,2,11,0,WOMEN,42_District_wise_crimes_committed_against_women_2013.csv,132,42_District_wise_crimes_committed_against_women_2013.csv::132,False,UNIQUE,BALOD,DISTRICT_OR_REPORTING_UNIT,VALID
Chhattisgarh,BALODA BAZAR,2013,55,129,4,110,22,31,0,WOMEN,42_District_wise_crimes_committed_against_women_2013.csv,133,42_District_wise_crimes_committed_against_women_2013.csv::133,False,UNIQUE,BALODA BAZAR,DISTRICT_OR_REPORTING_UNIT,VALID
Chhattisgarh,BALRAMPUR,2013,84,0,8,50,2,31,1,WOMEN,42_District_wise_crimes_committed_against_women_2013.csv,134,42_District_wise_crimes_committed_against_women_2013.csv::134,False,UNIQUE,BALRAMPUR,DISTRICT_OR_REPORTING_UNIT,VALID
Chhattisgarh,BEMETARA,2013,28,27,5,57,2,19,0,WOMEN,42_District_wise_crimes_committed_against_women_2013.csv,135,42_District_wise_crimes_committed_against_women_2013.csv::135,False,UNIQUE,BEMETARA,DISTRICT_OR_REPORTING_UNIT,VALID
Chhattisgarh,BILASPUR,2013,96,295,13,308,10,130,0,WOMEN,42_District_wise_crimes_committed_against_women_2013.csv,136,42_District_wise_crimes_committed_against_women_2013.csv::136,False,UNIQUE,BILASPUR,DISTRICT_OR_REPORTING_UNIT,VALID
Chhattisgarh,BIZAPUR,2013,6,10,0,6,1,1,0,WOMEN,42_District_wise_crimes_committed_against_women_2013.csv,137,42_District_wise_crimes_committed_against_women_2013.csv::137,False,UNIQUE,BIZAPUR,DISTRICT_OR_REPORTING_UNIT,VALID
Chhattisgarh,DANTEWARA,2013,9,6,0,9,0,1,0,WOMEN,42_District_wise_crimes_committed_against_women_2013.csv,138,42_District_wise_crimes_committed_against_women_2013.csv::138,False,UNIQUE,DANTEWARA,DISTRICT_OR_REPORTING_UNIT,VALID
Chhattisgarh,DHAMTARI,2013,30,29,0,59,1,14,0,WOMEN,42_District_wise_crimes_committed_against_women_2013.csv,139,42_District_wise_crimes_committed_against_women_2013.csv::139,False,UNIQUE,DHAMTARI,DISTRICT_OR_REPORTING_UNIT,VALID
Chhattisgarh,DURG,2013,106,83,9,236,34,147,0,WOMEN,42_District_wise_crimes_committed_against_women_2013.csv,140,42_District_wise_crimes_committed_against_women_2013.csv::140,False,UNIQUE,DURG,DISTRICT_OR_REPORTING_UNIT,VALID
Chhattisgarh,GARIYABAND,2013,32,23,0,24,8,12,0,WOMEN,42_District_wise_crimes_committed_against_women_2013.csv,141,42_District_wise_crimes_committed_against_women_2013.csv::141,False,UNIQUE,GARIYABAND,DISTRICT_OR_REPORTING_UNIT,VALID
Chhattisgarh,GRP RAIPUR,2013,2,1,0,3,0,1,0,WOMEN,42_District_wise_crimes_committed_against_women_2013.csv,142,42_District_wise_crimes_committed_against_women_2013.csv::142,False,UNIQUE,GRP RAIPUR,DISTRICT_OR_REPORTING_UNIT,VALID
Chhattisgarh,JAGDALPUR,2013,53,40,2,30,1,16,0,WOMEN,42_District_wise_crimes_committed_against_women_2013.csv,143,42_District_wise_crimes_committed_against_women_2013.csv::143,False,UNIQUE,JAGDALPUR,DISTRICT_OR_REPORTING_UNIT,VALID
Chhattisgarh,JANJGIR,2013,56,158,11,161,11,138,0,WOMEN,42_District_wise_crimes_committed_against_women_2013.csv,144,42_District_wise_crimes_committed_against_women_2013.csv::144,False,UNIQUE,JANJGIR,DISTRICT_OR_REPORTING_UNIT,VALID
Chhattisgarh,JASHPUR,2013,88,41,3,52,3,25,0,WOMEN,42_District_wise_crimes_committed_against_women_2013.csv,145,42_District_wise_crimes_committed_against_women_2013.csv::145,False,UNIQUE,JASHPUR,DISTRICT_OR_REPORTING_UNIT,VALID
Chhattisgarh,KABIRDHAM,2013,30,29,3,72,3,11,0,WOMEN,42_District_wise_crimes_committed_against_women_2013.csv,146,42_District_wise_crimes_committed_against_women_2013.csv::146,False,UNIQUE,KABIRDHAM,DISTRICT_OR_REPORTING_UNIT,VALID
Chhattisgarh,KANKER,2013,51,39,2,27,2,29,0,WOMEN,42_District_wise_crimes_committed_against_women_2013.csv,147,42_District_wise_crimes_committed_against_women_2013.csv::147,False,UNIQUE,KANKER,DISTRICT_OR_REPORTING_UNIT,VALID
Chhattisgarh,KONDAGAON,2013,19,25,0,13,0,6,0,WOMEN,42_District_wise_crimes_committed_against_women_2013.csv,148,42_District_wise_crimes_committed_against_women_2013.csv::148,False,UNIQUE,KONDAGAON,DISTRICT_OR_REPORTING_UNIT,VALID
Chhattisgarh,KORBA,2013,57,63,4,71,9,66,0,WOMEN,42_District_wise_crimes_committed_against_women_2013.csv,149,42_District_wise_crimes_committed_against_women_2013.csv::149,False,UNIQUE,KORBA,DISTRICT_OR_REPORTING_UNIT,VALID
Chhattisgarh,KORIYA,2013,63,64,3,88,4,55,0,WOMEN,42_District_wise_crimes_committed_against_women_2013.csv,150,42_District_wise_crimes_committed_against_women_2013.csv::150,False,UNIQUE,KORIYA,DISTRICT_OR_REPORTING_UNIT,VALID
Chhattisgarh,MAHASAMUND,2013,49,102,8,104,11,48,0,WOMEN,42_District_wise_crimes_committed_against_women_2013.csv,151,42_District_wise_crimes_committed_against_women_2013.csv::151,False,UNIQUE,MAHASAMUND,DISTRICT_OR_REPORTING_UNIT,VALID
Chhattisgarh,MUNGELI,2013,23,61,4,44,3,23,0,WOMEN,42_District_wise_crimes_committed_against_women_2013.csv,152,42_District_wise_crimes_committed_against_women_2013.csv::152,False,UNIQUE,MUNGELI,DISTRICT_OR_REPORTING_UNIT,VALID
Chhattisgarh,NARAYANPUR,2013,10,3,0,3,0,2,0,WOMEN,42_District_wise_crimes_committed_against_women_2013.csv,153,42_District_wise_crimes_committed_against_women_2013.csv::153,False,UNIQUE,NARAYANPUR,DISTRICT_OR_REPORTING_UNIT,VALID
Chhattisgarh,RAIGARH,2013,90,163,5,126,10,53,0,WOMEN,42_District_wise_crimes_committed_against_women_2013.csv,154,42_District_wise_crimes_committed_against_women_2013.csv::154,False,UNIQUE,RAIGARH,DISTRICT_OR_REPORTING_UNIT,VALID
Chhattisgarh,RAIPUR,2013,139,327,11,263,32,173,0,WOMEN,42_District_wise_crimes_committed_against_women_2013.csv,155,42_District_wise_crimes_committed_against_women_2013.csv::155,False,UNIQUE,RAIPUR,DISTRICT_OR_REPORTING_UNIT,VALID
Chhattisgarh,RAJNANDGAON,2013,46,72,7,74,4,32,0,WOMEN,42_District_wise_crimes_committed_against_women_2013.csv,156,42_District_wise_crimes_committed_against_women_2013.csv::156,False,UNIQUE,RAJNANDGAON,DISTRICT_OR_REPORTING_UNIT,VALID
Chhattisgarh,SARGUJA,2013,71,19,0,118,1,35,0,WOMEN,42_District_wise_crimes_committed_against_women_2013.csv,157,42_District_wise_crimes_committed_against_women_2013.csv::157,False,UNIQUE,SARGUJA,DISTRICT_OR_REPORTING_UNIT,VALID
Chhattisgarh,SUKMA,2013,8,3,1,2,1,4,0,WOMEN,42_District_wise_crimes_committed_against_women_2013.csv,158,42_District_wise_crimes_committed_against_women_2013.csv::158,False,UNIQUE,SUKMA,DISTRICT_OR_REPORTING_UNIT,VALID
Chhattisgarh,SURAJPUR,2013,59,49,3,84,3,67,0,WOMEN,42_District_wise_crimes_committed_against_women_2013.csv,159,42_District_wise_crimes_committed_against_women_2013.csv::159,False,UNIQUE,SURAJPUR,DISTRICT_OR_REPORTING_UNIT,VALID
Chhattisgarh,ZZ TOTAL,2013,1380,1881,109,2261,180,1181,1,WOMEN,42_District_wise_crimes_committed_against_women_2013.csv,160,42_District_wise_crimes_committed_against_women_2013.csv::160,False,UNIQUE,ZZ TOTAL,DISTRICT_OR_REPORTING_UNIT,VALID
Goa,NORTH GOA,2013,48,31,0,103,36,17,0,WOMEN,42_District_wise_crimes_committed_against_women_2013.csv,161,42_District_wise_crimes_committed_against_women_2013.csv::161,False,UNIQUE,NORTH GOA,DISTRICT_OR_REPORTING_UNIT,VALID
Goa,SOUTH GOA,2013,38,39,0,59,18,23,0,WOMEN,42_District_wise_crimes_committed_against_women_2013.csv,162,42_District_wise_crimes_committed_against_women_2013.csv::162,False,UNIQUE,SOUTH GOA,DISTRICT_OR_REPORTING_UNIT,VALID
Goa,ZZ TOTAL,2013,86,70,0,162,54,40,0,WOMEN,42_District_wise_crimes_committed_against_women_2013.csv,163,42_District_wise_crimes_committed_against_women_2013.csv::163,False,UNIQUE,ZZ TOTAL,DISTRICT_OR_REPORTING_UNIT,VALID
Gujarat,AHMEDABAD COMMR.,2013,116,353,20,180,8,1756,0,WOMEN,42_District_wise_crimes_committed_against_women_2013.csv,164,42_District_wise_crimes_committed_against_women_2013.csv::164,False,UNIQUE,AHMEDABAD COMMR.,DISTRICT_OR_REPORTING_UNIT,VALID
Gujarat,AHMEDABAD RURAL,2013,17,62,0,33,0,167,0,WOMEN,42_District_wise_crimes_committed_against_women_2013.csv,165,42_District_wise_crimes_committed_against_women_2013.csv::165,False,UNIQUE,AHMEDABAD RURAL,SPECIAL_UNIT,VALID
Gujarat,AHWA-DANG,2013,4,5,0,7,1,20,0,WOMEN,42_District_wise_crimes_committed_against_women_2013.csv,166,42_District_wise_crimes_committed_against_women_2013.csv::166,False,UNIQUE,AHWA-DANG,DISTRICT_OR_REPORTING_UNIT,VALID
Gujarat,AMRELI,2013,11,60,0,16,2,157,0,WOMEN,42_District_wise_crimes_committed_against_women_2013.csv,167,42_District_wise_crimes_committed_against_women_2013.csv::167,False,UNIQUE,AMRELI,DISTRICT_OR_REPORTING_UNIT,VALID
Gujarat,ANAND,2013,12,70,1,20,4,162,0,WOMEN,42_District_wise_crimes_committed_against_women_2013.csv,168,42_District_wise_crimes_committed_against_women_2013.csv::168,False,UNIQUE,ANAND,DISTRICT_OR_REPORTING_UNIT,VALID
Gujarat,BHARUCH,2013,23,41,0,30,0,53,0,WOMEN,42_District_wise_crimes_committed_against_women_2013.csv,169,42_District_wise_crimes_committed_against_women_2013.csv::169,False,UNIQUE,BHARUCH,DISTRICT_OR_REPORTING_UNIT,VALID
Gujarat,BHAVNAGAR,2013,17,100,1,50,7,220,0,WOMEN,42_District_wise_crimes_committed_against_women_2013.csv,170,42_District_wise_crimes_committed_against_women_2013.csv::170,False,UNIQUE,BHAVNAGAR,DISTRICT_OR_REPORTING_UNIT,VALID
Gujarat,CID CRIME,2013,0,1,0,0,0,0,0,WOMEN,42_District_wise_crimes_committed_against_women_2013.csv,171,42_District_wise_crimes_committed_against_women_2013.csv::171,False,UNIQUE,CID CRIME,DISTRICT_OR_REPORTING_UNIT,VALID
Gujarat,DAHOD,2013,14,75,0,15,0,1,0,WOMEN,42_District_wise_crimes_committed_against_women_2013.csv,172,42_District_wise_crimes_committed_against_women_2013.csv::172,False,UNIQUE,DAHOD,DISTRICT_OR_REPORTING_UNIT,VALID
Gujarat,GANDHINAGAR,2013,22,61,0,31,6,200,0,WOMEN,42_District_wise_crimes_committed_against_women_2013.csv,173,42_District_wise_crimes_committed_against_women_2013.csv::173,False,UNIQUE,GANDHINAGAR,DISTRICT_OR_REPORTING_UNIT,VALID
Gujarat,HIMATNAGAR,2013,14,74,0,33,8,304,0,WOMEN,42_District_wise_crimes_committed_against_women_2013.csv,174,42_District_wise_crimes_committed_against_women_2013.csv::174,False,UNIQUE,HIMATNAGAR,DISTRICT_OR_REPORTING_UNIT,VALID
Gujarat,JAMNAGAR,2013,27,46,1,26,3,480,0,WOMEN,42_District_wise_crimes_committed_against_women_2013.csv,175,42_District_wise_crimes_committed_against_women_2013.csv::175,False,UNIQUE,JAMNAGAR,DISTRICT_OR_REPORTING_UNIT,VALID
Gujarat,JUNAGADH,2013,29,76,1,52,12,461,0,WOMEN,42_District_wise_crimes_committed_against_women_2013.csv,176,42_District_wise_crimes_committed_against_women_2013.csv::176,False,UNIQUE,JUNAGADH,DISTRICT_OR_REPORTING_UNIT,VALID
Gujarat,KHEDA NORTH,2013,14,64,0,21,1,148,0,WOMEN,42_District_wise_crimes_committed_against_women_2013.csv,177,42_District_wise_crimes_committed_against_women_2013.csv::177,False,UNIQUE,KHEDA NORTH,DISTRICT_OR_REPORTING_UNIT,VALID
Gujarat,KUTCH (EAST(G)),2013,25,41,0,34,0,249,0,WOMEN,42_District_wise_crimes_committed_against_women_2013.csv,178,42_District_wise_crimes_committed_against_women_2013.csv::178,False,UNIQUE,KUTCH (EAST(G)),DISTRICT_OR_REPORTING_UNIT,VALID
Gujarat,KUTCH (WEST-BHUJ),2013,28,26,0,29,0,200,0,WOMEN,42_District_wise_crimes_committed_against_women_2013.csv,179,42_District_wise_crimes_committed_against_women_2013.csv::179,False,UNIQUE,KUTCH (WEST-BHUJ),DISTRICT_OR_REPORTING_UNIT,VALID
Gujarat,MEHSANA,2013,11,124,0,37,0,321,0,WOMEN,42_District_wise_crimes_committed_against_women_2013.csv,180,42_District_wise_crimes_committed_against_women_2013.csv::180,False,UNIQUE,MEHSANA,DISTRICT_OR_REPORTING_UNIT,VALID
Gujarat,NARMADA,2013,7,21,0,15,0,10,0,WOMEN,42_District_wise_crimes_committed_against_women_2013.csv,181,42_District_wise_crimes_committed_against_women_2013.csv::181,False,UNIQUE,NARMADA,DISTRICT_OR_REPORTING_UNIT,VALID
Gujarat,NAVSARI,2013,9,31,0,13,1,88,0,WOMEN,42_District_wise_crimes_committed_against_women_2013.csv,182,42_District_wise_crimes_committed_against_women_2013.csv::182,False,UNIQUE,NAVSARI,DISTRICT_OR_REPORTING_UNIT,VALID
Gujarat,PALANPUR,2013,62,94,0,96,3,377,0,WOMEN,42_District_wise_crimes_committed_against_women_2013.csv,183,42_District_wise_crimes_committed_against_women_2013.csv::183,False,UNIQUE,PALANPUR,DISTRICT_OR_REPORTING_UNIT,VALID
Gujarat,PANCHMAHAL,2013,16,96,0,46,0,217,0,WOMEN,42_District_wise_crimes_committed_against_women_2013.csv,184,42_District_wise_crimes_committed_against_women_2013.csv::184,False,UNIQUE,PANCHMAHAL,DISTRICT_OR_REPORTING_UNIT,VALID
Gujarat,PATAN,2013,19,74,0,47,1,174,0,WOMEN,42_District_wise_crimes_committed_against_women_2013.csv,185,42_District_wise_crimes_committed_against_women_2013.csv::185,False,UNIQUE,PATAN,DISTRICT_OR_REPORTING_UNIT,VALID
Gujarat,PORBANDAR,2013,6,14,0,6,0,79,0,WOMEN,42_District_wise_crimes_committed_against_women_2013.csv,186,42_District_wise_crimes_committed_against_women_2013.csv::186,False,UNIQUE,PORBANDAR,DISTRICT_OR_REPORTING_UNIT,VALID
Gujarat,RAJKOT COMMR.,2013,14,47,1,18,4,254,0,WOMEN,42_District_wise_crimes_committed_against_women_2013.csv,187,42_District_wise_crimes_committed_against_women_2013.csv::187,False,UNIQUE,RAJKOT COMMR.,DISTRICT_OR_REPORTING_UNIT,VALID
Gujarat,RAJKOT RURAL,2013,30,74,1,41,2,404,0,WOMEN,42_District_wise_crimes_committed_against_women_2013.csv,188,42_District_wise_crimes_committed_against_women_2013.csv::188,False,UNIQUE,RAJKOT RURAL,SPECIAL_UNIT,VALID
Gujarat,SURAT COMMR.,2013,76,195,2,91,0,491,0,WOMEN,42_District_wise_crimes_committed_against_women_2013.csv,189,42_District_wise_crimes_committed_against_women_2013.csv::189,False,UNIQUE,SURAT COMMR.,DISTRICT_OR_REPORTING_UNIT,VALID
Gujarat,SURAT RURAL,2013,19,27,1,15,0,114,0,WOMEN,42_District_wise_crimes_committed_against_women_2013.csv,190,42_District_wise_crimes_committed_against_women_2013.csv::190,False,UNIQUE,SURAT RURAL,SPECIAL_UNIT,VALID
Gujarat,SURENDRANAGAR,2013,18,66,0,51,7,133,0,WOMEN,42_District_wise_crimes_committed_against_women_2013.csv,191,42_District_wise_crimes_committed_against_women_2013.csv::191,False,UNIQUE,SURENDRANAGAR,DISTRICT_OR_REPORTING_UNIT,VALID
Gujarat,TAPI,2013,8,17,0,13,0,12,0,WOMEN,42_District_wise_crimes_committed_against_women_2013.csv,192,42_District_wise_crimes_committed_against_women_2013.csv::192,False,UNIQUE,TAPI,DISTRICT_OR_REPORTING_UNIT,VALID
Gujarat,VADODARA COMMR.,2013,19,68,0,107,7,417,0,WOMEN,42_District_wise_crimes_committed_against_women_2013.csv,193,42_District_wise_crimes_committed_against_women_2013.csv::193,False,UNIQUE,VADODARA COMMR.,DISTRICT_OR_REPORTING_UNIT,VALID
Gujarat,VADODARA RURAL,2013,25,71,0,29,0,110,0,WOMEN,42_District_wise_crimes_committed_against_women_2013.csv,194,42_District_wise_crimes_committed_against_women_2013.csv::194,False,UNIQUE,VADODARA RURAL,SPECIAL_UNIT,VALID
Gujarat,VALSAD,2013,19,49,0,33,0,28,0,WOMEN,42_District_wise_crimes_committed_against_women_2013.csv,195,42_District_wise_crimes_committed_against_women_2013.csv::195,False,UNIQUE,VALSAD,DISTRICT_OR_REPORTING_UNIT,VALID
Gujarat,W.RLY AHMEDABAD,2013,0,5,0,2,0,5,0,WOMEN,42_District_wise_crimes_committed_against_women_2013.csv,196,42_District_wise_crimes_committed_against_women_2013.csv::196,False,UNIQUE,W.RLY AHMEDABAD,DISTRICT_OR_REPORTING_UNIT,VALID
Gujarat,W.RLY VADODARA,2013,1,2,0,6,0,0,0,WOMEN,42_District_wise_crimes_committed_against_women_2013.csv,197,42_District_wise_crimes_committed_against_women_2013.csv::197,False,UNIQUE,W.RLY VADODARA,DISTRICT_OR_REPORTING_UNIT,VALID
Gujarat,ZZ TOTAL,2013,732,2230,29,1243,77,7812,0,WOMEN,42_District_wise_crimes_committed_against_women_2013.csv,198,42_District_wise_crimes_committed_against_women_2013.csv::198,False,UNIQUE,ZZ TOTAL,DISTRICT_OR_REPORTING_UNIT,VALID
Haryana,AMBALA RURAL,2013,17,58,3,32,0,79,0,WOMEN,42_District_wise_crimes_committed_against_women_2013.csv,199,42_District_wise_crimes_committed_against_women_2013.csv::199,False,UNIQUE,AMBALA RURAL,SPECIAL_UNIT,VALID
Haryana,AMBALA URBAN,2013,24,92,1,48,18,170,0,WOMEN,42_District_wise_crimes_committed_against_women_2013.csv,200,42_District_wise_crimes_committed_against_women_2013.csv::200,False,UNIQUE,AMBALA URBAN,SPECIAL_UNIT,VALID
Haryana,BHIWANI,2013,52,118,20,97,36,144,0,WOMEN,42_District_wise_crimes_committed_against_women_2013.csv,201,42_District_wise_crimes_committed_against_women_2013.csv::201,False,UNIQUE,BHIWANI,DISTRICT_OR_REPORTING_UNIT,VALID
Haryana,FARIDABAD,2013,65,115,22,90,56,255,0,WOMEN,42_District_wise_crimes_committed_against_women_2013.csv,202,42_District_wise_crimes_committed_against_women_2013.csv::202,False,UNIQUE,FARIDABAD,DISTRICT_OR_REPORTING_UNIT,VALID
Haryana,FATEHABAD,2013,30,41,2,46,25,193,0,WOMEN,42_District_wise_crimes_committed_against_women_2013.csv,203,42_District_wise_crimes_committed_against_women_2013.csv::203,False,UNIQUE,FATEHABAD,DISTRICT_OR_REPORTING_UNIT,VALID
Haryana,GRP,2013,2,7,3,18,51,0,0,WOMEN,42_District_wise_crimes_committed_against_women_2013.csv,204,42_District_wise_crimes_committed_against_women_2013.csv::204,False,UNIQUE,GRP,DISTRICT_OR_REPORTING_UNIT,VALID
Haryana,GURGAON,2013,82,184,18,97,42,290,0,WOMEN,42_District_wise_crimes_committed_against_women_2013.csv,205,42_District_wise_crimes_committed_against_women_2013.csv::205,False,UNIQUE,GURGAON,DISTRICT_OR_REPORTING_UNIT,VALID
Haryana,HISSAR,2013,61,97,17,118,31,319,0,WOMEN,42_District_wise_crimes_committed_against_women_2013.csv,206,42_District_wise_crimes_committed_against_women_2013.csv::206,False,UNIQUE,HISSAR,DISTRICT_OR_REPORTING_UNIT,VALID
Haryana,I&P HARYANA,2013,0,0,0,0,0,0,0,WOMEN,42_District_wise_crimes_committed_against_women_2013.csv,207,42_District_wise_crimes_committed_against_women_2013.csv::207,False,UNIQUE,I&P HARYANA,DISTRICT_OR_REPORTING_UNIT,VALID
Haryana,JHAJJAR,2013,17,38,22,44,16,109,0,WOMEN,42_District_wise_crimes_committed_against_women_2013.csv,208,42_District_wise_crimes_committed_against_women_2013.csv::208,False,UNIQUE,JHAJJAR,DISTRICT_OR_REPORTING_UNIT,VALID
Haryana,JIND,2013,38,73,9,69,34,121,0,WOMEN,42_District_wise_crimes_committed_against_women_2013.csv,209,42_District_wise_crimes_committed_against_women_2013.csv::209,False,UNIQUE,JIND,DISTRICT_OR_REPORTING_UNIT,VALID
Haryana,KAITHAL,2013,26,72,4,39,11,146,0,WOMEN,42_District_wise_crimes_committed_against_women_2013.csv,210,42_District_wise_crimes_committed_against_women_2013.csv::210,False,UNIQUE,KAITHAL,DISTRICT_OR_REPORTING_UNIT,VALID
Haryana,KARNAL,2013,72,218,12,181,21,213,0,WOMEN,42_District_wise_crimes_committed_against_women_2013.csv,211,42_District_wise_crimes_committed_against_women_2013.csv::211,False,UNIQUE,KARNAL,DISTRICT_OR_REPORTING_UNIT,VALID
Haryana,KURUKSHETRA,2013,25,56,8,70,26,137,0,WOMEN,42_District_wise_crimes_committed_against_women_2013.csv,212,42_District_wise_crimes_committed_against_women_2013.csv::212,False,UNIQUE,KURUKSHETRA,DISTRICT_OR_REPORTING_UNIT,VALID
Haryana,MAHENDRAGARH,2013,28,53,9,81,48,84,0,WOMEN,42_District_wise_crimes_committed_against_women_2013.csv,213,42_District_wise_crimes_committed_against_women_2013.csv::213,False,UNIQUE,MAHENDRAGARH,DISTRICT_OR_REPORTING_UNIT,VALID
Haryana,MEWAT,2013,68,33,10,46,7,198,0,WOMEN,42_District_wise_crimes_committed_against_women_2013.csv,214,42_District_wise_crimes_committed_against_women_2013.csv::214,False,UNIQUE,MEWAT,DISTRICT_OR_REPORTING_UNIT,VALID
Haryana,PALWAL,2013,51,49,12,77,23,192,0,WOMEN,42_District_wise_crimes_committed_against_women_2013.csv,215,42_District_wise_crimes_committed_against_women_2013.csv::215,False,UNIQUE,PALWAL,DISTRICT_OR_REPORTING_UNIT,VALID
Haryana,PANCHKULA,2013,15,102,4,41,9,80,0,WOMEN,42_District_wise_crimes_committed_against_women_2013.csv,216,42_District_wise_crimes_committed_against_women_2013.csv::216,False,UNIQUE,PANCHKULA,DISTRICT_OR_REPORTING_UNIT,VALID
Haryana,PANIPAT,2013,52,114,14,60,19,118,0,WOMEN,42_District_wise_crimes_committed_against_women_2013.csv,217,42_District_wise_crimes_committed_against_women_2013.csv::217,False,UNIQUE,PANIPAT,DISTRICT_OR_REPORTING_UNIT,VALID
Haryana,REWARI,2013,43,48,13,62,52,117,0,WOMEN,42_District_wise_crimes_committed_against_women_2013.csv,218,42_District_wise_crimes_committed_against_women_2013.csv::218,False,UNIQUE,REWARI,DISTRICT_OR_REPORTING_UNIT,VALID
Haryana,ROHTAK,2013,51,57,17,55,39,127,0,WOMEN,42_District_wise_crimes_committed_against_women_2013.csv,219,42_District_wise_crimes_committed_against_women_2013.csv::219,False,UNIQUE,ROHTAK,DISTRICT_OR_REPORTING_UNIT,VALID
Haryana,SIRSA,2013,64,113,5,58,13,187,2,WOMEN,42_District_wise_crimes_committed_against_women_2013.csv,220,42_District_wise_crimes_committed_against_women_2013.csv::220,False,UNIQUE,SIRSA,DISTRICT_OR_REPORTING_UNIT,VALID
Haryana,SONIPAT,2013,50,57,27,71,48,167,0,WOMEN,42_District_wise_crimes_committed_against_women_2013.csv,221,42_District_wise_crimes_committed_against_women_2013.csv::221,False,UNIQUE,SONIPAT,DISTRICT_OR_REPORTING_UNIT,VALID
Haryana,YAMUNANAGAR,2013,38,162,11,60,18,171,0,WOMEN,42_District_wise_crimes_committed_against_women_2013.csv,222,42_District_wise_crimes_committed_against_women_2013.csv::222,False,UNIQUE,YAMUNANAGAR,DISTRICT_OR_REPORTING_UNIT,VALID
Haryana,ZZ TOTAL,2013,971,1957,263,1560,643,3617,2,WOMEN,42_District_wise_crimes_committed_against_women_2013.csv,223,42_District_wise_crimes_committed_against_women_2013.csv::223,False,UNIQUE,ZZ TOTAL,DISTRICT_OR_REPORTING_UNIT,VALID
Himachal Pradesh,BADDIPOLICEDIST,2013,6,23,0,17,1,20,0,WOMEN,42_District_wise_crimes_committed_against_women_2013.csv,224,42_District_wise_crimes_committed_against_women_2013.csv::224,False,UNIQUE,BADDIPOLICEDIST,DISTRICT_OR_REPORTING_UNIT,VALID
Himachal Pradesh,BILASPUR,2013,13,43,0,32,23,32,0,WOMEN,42_District_wise_crimes_committed_against_women_2013.csv,225,42_District_wise_crimes_committed_against_women_2013.csv::225,False,UNIQUE,BILASPUR,DISTRICT_OR_REPORTING_UNIT,VALID
Himachal Pradesh,CHAMBA,2013,19,13,0,31,1,7,0,WOMEN,42_District_wise_crimes_committed_against_women_2013.csv,226,42_District_wise_crimes_committed_against_women_2013.csv::226,False,UNIQUE,CHAMBA,DISTRICT_OR_REPORTING_UNIT,VALID
Himachal Pradesh,CID,2013,1,0,0,0,0,0,0,WOMEN,42_District_wise_crimes_committed_against_women_2013.csv,227,42_District_wise_crimes_committed_against_women_2013.csv::227,False,UNIQUE,CID,DISTRICT_OR_REPORTING_UNIT,VALID
Himachal Pradesh,G.R.P.,2013,0,0,0,1,0,0,0,WOMEN,42_District_wise_crimes_committed_against_women_2013.csv,228,42_District_wise_crimes_committed_against_women_2013.csv::228,False,UNIQUE,G.R.P.,DISTRICT_OR_REPORTING_UNIT,VALID
Himachal Pradesh,HAMIRPUR,2013,12,11,0,31,20,23,0,WOMEN,42_District_wise_crimes_committed_against_women_2013.csv,229,42_District_wise_crimes_committed_against_women_2013.csv::229,False,UNIQUE,HAMIRPUR,DISTRICT_OR_REPORTING_UNIT,VALID
Himachal Pradesh,KANGRA,2013,33,53,0,100,31,53,0,WOMEN,42_District_wise_crimes_committed_against_women_2013.csv,230,42_District_wise_crimes_committed_against_women_2013.csv::230,False,UNIQUE,KANGRA,DISTRICT_OR_REPORTING_UNIT,VALID
Himachal Pradesh,KINNAUR,2013,6,2,0,8,0,4,0,WOMEN,42_District_wise_crimes_committed_against_women_2013.csv,231,42_District_wise_crimes_committed_against_women_2013.csv::231,False,UNIQUE,KINNAUR,DISTRICT_OR_REPORTING_UNIT,VALID
Himachal Pradesh,KULLU,2013,29,26,0,44,2,30,0,WOMEN,42_District_wise_crimes_committed_against_women_2013.csv,232,42_District_wise_crimes_committed_against_women_2013.csv::232,False,UNIQUE,KULLU,DISTRICT_OR_REPORTING_UNIT,VALID
Himachal Pradesh,LAHAUL-SPITI,2013,1,0,0,0,1,0,0,WOMEN,42_District_wise_crimes_committed_against_women_2013.csv,233,42_District_wise_crimes_committed_against_women_2013.csv::233,False,UNIQUE,LAHAUL-SPITI,DISTRICT_OR_REPORTING_UNIT,VALID
Himachal Pradesh,MANDI,2013,31,36,0,73,14,34,0,WOMEN,42_District_wise_crimes_committed_against_women_2013.csv,234,42_District_wise_crimes_committed_against_women_2013.csv::234,False,UNIQUE,MANDI,DISTRICT_OR_REPORTING_UNIT,VALID
Himachal Pradesh,SHIMLA,2013,32,40,0,63,11,29,0,WOMEN,42_District_wise_crimes_committed_against_women_2013.csv,235,42_District_wise_crimes_committed_against_women_2013.csv::235,False,UNIQUE,SHIMLA,DISTRICT_OR_REPORTING_UNIT,VALID
Himachal Pradesh,SIRMAUR,2013,25,11,0,40,4,23,0,WOMEN,42_District_wise_crimes_committed_against_women_2013.csv,236,42_District_wise_crimes_committed_against_women_2013.csv::236,False,UNIQUE,SIRMAUR,DISTRICT_OR_REPORTING_UNIT,VALID
Himachal Pradesh,SOLAN,2013,17,14,0,19,1,16,0,WOMEN,42_District_wise_crimes_committed_against_women_2013.csv,237,42_District_wise_crimes_committed_against_women_2013.csv::237,False,UNIQUE,SOLAN,DISTRICT_OR_REPORTING_UNIT,VALID
Himachal Pradesh,UNA,2013,25,18,0,34,2,57,0,WOMEN,42_District_wise_crimes_committed_against_women_2013.csv,238,42_District_wise_crimes_committed_against_women_2013.csv::238,False,UNIQUE,UNA,DISTRICT_OR_REPORTING_UNIT,VALID
Himachal Pradesh,ZZ TOTAL,2013,250,290,0,493,111,328,0,WOMEN,42_District_wise_crimes_committed_against_women_2013.csv,239,42_District_wise_crimes_committed_against_women_2013.csv::239,False,UNIQUE,ZZ TOTAL,DISTRICT_OR_REPORTING_UNIT,VALID
Jammu & Kashmir,ANANTNAG,2013,19,88,0,129,26,4,0,WOMEN,42_District_wise_crimes_committed_against_women_2013.csv,240,42_District_wise_crimes_committed_against_women_2013.csv::240,False,UNIQUE,ANANTNAG,DISTRICT_OR_REPORTING_UNIT,VALID
Jammu & Kashmir,AWANTIPORA,2013,5,14,0,18,4,1,0,WOMEN,42_District_wise_crimes_committed_against_women_2013.csv,241,42_District_wise_crimes_committed_against_women_2013.csv::241,False,UNIQUE,AWANTIPORA,DISTRICT_OR_REPORTING_UNIT,VALID
Jammu & Kashmir,BANDIPORA,2013,8,50,0,47,9,5,0,WOMEN,42_District_wise_crimes_committed_against_women_2013.csv,242,42_District_wise_crimes_committed_against_women_2013.csv::242,False,UNIQUE,BANDIPORA,DISTRICT_OR_REPORTING_UNIT,VALID
Jammu & Kashmir,BARAMULLA,2013,19,92,0,135,18,13,0,WOMEN,42_District_wise_crimes_committed_against_women_2013.csv,243,42_District_wise_crimes_committed_against_women_2013.csv::243,False,UNIQUE,BARAMULLA,DISTRICT_OR_REPORTING_UNIT,VALID
Jammu & Kashmir,BUDGAM,2013,11,61,0,26,13,2,0,WOMEN,42_District_wise_crimes_committed_against_women_2013.csv,244,42_District_wise_crimes_committed_against_women_2013.csv::244,False,UNIQUE,BUDGAM,DISTRICT_OR_REPORTING_UNIT,VALID
Jammu & Kashmir,CRIME JAMMU,2013,0,0,0,0,0,0,0,WOMEN,42_District_wise_crimes_committed_against_women_2013.csv,245,42_District_wise_crimes_committed_against_women_2013.csv::245,False,UNIQUE,CRIME JAMMU,DISTRICT_OR_REPORTING_UNIT,VALID
Jammu & Kashmir,CRIME SRINAGAR,2013,0,0,0,0,0,0,0,WOMEN,42_District_wise_crimes_committed_against_women_2013.csv,246,42_District_wise_crimes_committed_against_women_2013.csv::246,False,UNIQUE,CRIME SRINAGAR,DISTRICT_OR_REPORTING_UNIT,VALID
Jammu & Kashmir,DODA,2013,29,36,0,41,9,41,0,WOMEN,42_District_wise_crimes_committed_against_women_2013.csv,247,42_District_wise_crimes_committed_against_women_2013.csv::247,False,UNIQUE,DODA,DISTRICT_OR_REPORTING_UNIT,VALID
Jammu & Kashmir,GANDERBAL,2013,5,28,0,64,4,5,0,WOMEN,42_District_wise_crimes_committed_against_women_2013.csv,248,42_District_wise_crimes_committed_against_women_2013.csv::248,False,UNIQUE,GANDERBAL,DISTRICT_OR_REPORTING_UNIT,VALID
Jammu & Kashmir,HANDWARA,2013,10,28,0,77,5,5,0,WOMEN,42_District_wise_crimes_committed_against_women_2013.csv,249,42_District_wise_crimes_committed_against_women_2013.csv::249,False,UNIQUE,HANDWARA,DISTRICT_OR_REPORTING_UNIT,VALID
Jammu & Kashmir,JAMMU,2013,50,96,5,72,53,92,0,WOMEN,42_District_wise_crimes_committed_against_women_2013.csv,250,42_District_wise_crimes_committed_against_women_2013.csv::250,False,UNIQUE,JAMMU,DISTRICT_OR_REPORTING_UNIT,VALID
Jammu & Kashmir,KARGIL,2013,0,1,0,1,0,0,0,WOMEN,42_District_wise_crimes_committed_against_women_2013.csv,251,42_District_wise_crimes_committed_against_women_2013.csv::251,False,UNIQUE,KARGIL,DISTRICT_OR_REPORTING_UNIT,VALID
Jammu & Kashmir,KATHUA,2013,20,24,0,37,15,21,0,WOMEN,42_District_wise_crimes_committed_against_women_2013.csv,252,42_District_wise_crimes_committed_against_women_2013.csv::252,False,UNIQUE,KATHUA,DISTRICT_OR_REPORTING_UNIT,VALID
Jammu & Kashmir,KISHTWAR,2013,12,14,0,14,5,19,0,WOMEN,42_District_wise_crimes_committed_against_women_2013.csv,253,42_District_wise_crimes_committed_against_women_2013.csv::253,False,UNIQUE,KISHTWAR,DISTRICT_OR_REPORTING_UNIT,VALID
Jammu & Kashmir,KULGAM,2013,13,60,0,136,18,0,0,WOMEN,42_District_wise_crimes_committed_against_women_2013.csv,254,42_District_wise_crimes_committed_against_women_2013.csv::254,False,UNIQUE,KULGAM,DISTRICT_OR_REPORTING_UNIT,VALID
Jammu & Kashmir,KUPWARA,2013,19,51,0,47,14,10,0,WOMEN,42_District_wise_crimes_committed_against_women_2013.csv,255,42_District_wise_crimes_committed_against_women_2013.csv::255,False,UNIQUE,KUPWARA,DISTRICT_OR_REPORTING_UNIT,VALID
Jammu & Kashmir,LEH,2013,2,0,0,2,1,0,0,WOMEN,42_District_wise_crimes_committed_against_women_2013.csv,256,42_District_wise_crimes_committed_against_women_2013.csv::256,False,UNIQUE,LEH,DISTRICT_OR_REPORTING_UNIT,VALID
Jammu & Kashmir,POONCH,2013,20,24,0,45,4,14,0,WOMEN,42_District_wise_crimes_committed_against_women_2013.csv,257,42_District_wise_crimes_committed_against_women_2013.csv::257,False,UNIQUE,POONCH,DISTRICT_OR_REPORTING_UNIT,VALID
Jammu & Kashmir,PULWAMA,2013,10,28,0,19,9,3,0,WOMEN,42_District_wise_crimes_committed_against_women_2013.csv,258,42_District_wise_crimes_committed_against_women_2013.csv::258,False,UNIQUE,PULWAMA,DISTRICT_OR_REPORTING_UNIT,VALID
Jammu & Kashmir,RAILWAYS JAMMU,2013,0,0,0,1,0,0,0,WOMEN,42_District_wise_crimes_committed_against_women_2013.csv,259,42_District_wise_crimes_committed_against_women_2013.csv::259,False,UNIQUE,RAILWAYS JAMMU,SPECIAL_UNIT,VALID
Jammu & Kashmir,RAILWAYS KASHMIR,2013,0,0,0,0,2,0,0,WOMEN,42_District_wise_crimes_committed_against_women_2013.csv,260,42_District_wise_crimes_committed_against_women_2013.csv::260,False,UNIQUE,RAILWAYS KASHMIR,SPECIAL_UNIT,VALID
Jammu & Kashmir,RAILWAYS KATRA,2013,0,0,0,0,0,0,0,WOMEN,42_District_wise_crimes_committed_against_women_2013.csv,261,42_District_wise_crimes_committed_against_women_2013.csv::261,False,UNIQUE,RAILWAYS KATRA,SPECIAL_UNIT,VALID
Jammu & Kashmir,RAJOURI,2013,30,58,1,46,16,57,0,WOMEN,42_District_wise_crimes_committed_against_women_2013.csv,262,42_District_wise_crimes_committed_against_women_2013.csv::262,False,UNIQUE,RAJOURI,DISTRICT_OR_REPORTING_UNIT,VALID
Jammu & Kashmir,RAMBAN,2013,13,21,0,21,6,9,0,WOMEN,42_District_wise_crimes_committed_against_women_2013.csv,263,42_District_wise_crimes_committed_against_women_2013.csv::263,False,UNIQUE,RAMBAN,DISTRICT_OR_REPORTING_UNIT,VALID
Jammu & Kashmir,REASI,2013,13,17,0,5,8,14,0,WOMEN,42_District_wise_crimes_committed_against_women_2013.csv,264,42_District_wise_crimes_committed_against_women_2013.csv::264,False,UNIQUE,REASI,DISTRICT_OR_REPORTING_UNIT,VALID
Jammu & Kashmir,SAMBA,2013,5,8,1,23,7,12,0,WOMEN,42_District_wise_crimes_committed_against_women_2013.csv,265,42_District_wise_crimes_committed_against_women_2013.csv::265,False,UNIQUE,SAMBA,DISTRICT_OR_REPORTING_UNIT,VALID
Jammu & Kashmir,SHOPIAN,2013,5,17,0,27,4,2,0,WOMEN,42_District_wise_crimes_committed_against_women_2013.csv,266,42_District_wise_crimes_committed_against_women_2013.csv::266,False,UNIQUE,SHOPIAN,DISTRICT_OR_REPORTING_UNIT,VALID
Jammu & Kashmir,SOPORE,2013,15,34,0,63,3,5,0,WOMEN,42_District_wise_crimes_committed_against_women_2013.csv,267,42_District_wise_crimes_committed_against_women_2013.csv::267,False,UNIQUE,SOPORE,DISTRICT_OR_REPORTING_UNIT,VALID
Jammu & Kashmir,SRINAGAR,2013,22,86,0,266,90,72,0,WOMEN,42_District_wise_crimes_committed_against_women_2013.csv,268,42_District_wise_crimes_committed_against_women_2013.csv::268,False,UNIQUE,SRINAGAR,DISTRICT_OR_REPORTING_UNIT,VALID
Jammu & Kashmir,UDHAMPUR,2013,23,13,0,27,11,22,0,WOMEN,42_District_wise_crimes_committed_against_women_2013.csv,269,42_District_wise_crimes_committed_against_women_2013.csv::269,False,UNIQUE,UDHAMPUR,DISTRICT_OR_REPORTING_UNIT,VALID
Jammu & Kashmir,ZZ TOTAL,2013,378,949,7,1389,354,428,0,WOMEN,42_District_wise_crimes_committed_against_women_2013.csv,270,42_District_wise_crimes_committed_against_women_2013.csv::270,False,UNIQUE,ZZ TOTAL,DISTRICT_OR_REPORTING_UNIT,VALID
Jharkhand,BOKARO,2013,58,78,15,8,0,243,0,WOMEN,42_District_wise_crimes_committed_against_women_2013.csv,271,42_District_wise_crimes_committed_against_women_2013.csv::271,False,UNIQUE,BOKARO,DISTRICT_OR_REPORTING_UNIT,VALID
Jharkhand,CHAIBASA,2013,77,27,0,36,0,55,0,WOMEN,42_District_wise_crimes_committed_against_women_2013.csv,272,42_District_wise_crimes_committed_against_women_2013.csv::272,False,UNIQUE,CHAIBASA,DISTRICT_OR_REPORTING_UNIT,VALID
Jharkhand,CHATRA,2013,25,25,10,16,0,19,0,WOMEN,42_District_wise_crimes_committed_against_women_2013.csv,273,42_District_wise_crimes_committed_against_women_2013.csv::273,False,UNIQUE,CHATRA,DISTRICT_OR_REPORTING_UNIT,VALID
Jharkhand,DEOGHAR,2013,61,5,24,65,0,252,0,WOMEN,42_District_wise_crimes_committed_against_women_2013.csv,274,42_District_wise_crimes_committed_against_women_2013.csv::274,False,UNIQUE,DEOGHAR,DISTRICT_OR_REPORTING_UNIT,VALID
Jharkhand,DHANBAD,2013,65,144,37,6,0,89,0,WOMEN,42_District_wise_crimes_committed_against_women_2013.csv,275,42_District_wise_crimes_committed_against_women_2013.csv::275,False,UNIQUE,DHANBAD,DISTRICT_OR_REPORTING_UNIT,VALID
Jharkhand,DHANBAD RLY.,2013,0,5,0,11,0,0,0,WOMEN,42_District_wise_crimes_committed_against_women_2013.csv,276,42_District_wise_crimes_committed_against_women_2013.csv::276,False,UNIQUE,DHANBAD RLY.,DISTRICT_OR_REPORTING_UNIT,VALID
Jharkhand,DUMKA,2013,41,26,10,15,0,73,0,WOMEN,42_District_wise_crimes_committed_against_women_2013.csv,277,42_District_wise_crimes_committed_against_women_2013.csv::277,False,UNIQUE,DUMKA,DISTRICT_OR_REPORTING_UNIT,VALID
Jharkhand,GARHWA,2013,53,28,30,33,0,125,0,WOMEN,42_District_wise_crimes_committed_against_women_2013.csv,278,42_District_wise_crimes_committed_against_women_2013.csv::278,False,UNIQUE,GARHWA,DISTRICT_OR_REPORTING_UNIT,VALID
Jharkhand,GIRIDIH,2013,53,29,44,24,0,323,0,WOMEN,42_District_wise_crimes_committed_against_women_2013.csv,279,42_District_wise_crimes_committed_against_women_2013.csv::279,False,UNIQUE,GIRIDIH,DISTRICT_OR_REPORTING_UNIT,VALID
Jharkhand,GODDA,2013,44,28,8,0,0,0,0,WOMEN,42_District_wise_crimes_committed_against_women_2013.csv,280,42_District_wise_crimes_committed_against_women_2013.csv::280,False,UNIQUE,GODDA,DISTRICT_OR_REPORTING_UNIT,VALID
Jharkhand,GUMLA,2013,59,34,1,15,0,17,0,WOMEN,42_District_wise_crimes_committed_against_women_2013.csv,281,42_District_wise_crimes_committed_against_women_2013.csv::281,False,UNIQUE,GUMLA,DISTRICT_OR_REPORTING_UNIT,VALID
Jharkhand,HAZARIBAGH,2013,63,62,28,35,0,50,0,WOMEN,42_District_wise_crimes_committed_against_women_2013.csv,282,42_District_wise_crimes_committed_against_women_2013.csv::282,False,UNIQUE,HAZARIBAGH,DISTRICT_OR_REPORTING_UNIT,VALID
Jharkhand,JAMSHEDPUR,2013,85,81,15,86,5,186,0,WOMEN,42_District_wise_crimes_committed_against_women_2013.csv,283,42_District_wise_crimes_committed_against_women_2013.csv::283,False,UNIQUE,JAMSHEDPUR,DISTRICT_OR_REPORTING_UNIT,VALID
Jharkhand,JAMSHEDPUR RLY.,2013,3,1,1,4,0,0,0,WOMEN,42_District_wise_crimes_committed_against_women_2013.csv,284,42_District_wise_crimes_committed_against_women_2013.csv::284,False,UNIQUE,JAMSHEDPUR RLY.,DISTRICT_OR_REPORTING_UNIT,VALID
Jharkhand,JAMTARA,2013,32,21,8,9,1,150,0,WOMEN,42_District_wise_crimes_committed_against_women_2013.csv,285,42_District_wise_crimes_committed_against_women_2013.csv::285,False,UNIQUE,JAMTARA,DISTRICT_OR_REPORTING_UNIT,VALID
Jharkhand,KHUNTI,2013,9,7,0,8,1,8,0,WOMEN,42_District_wise_crimes_committed_against_women_2013.csv,286,42_District_wise_crimes_committed_against_women_2013.csv::286,False,UNIQUE,KHUNTI,DISTRICT_OR_REPORTING_UNIT,VALID
Jharkhand,KODERMA,2013,23,25,6,17,0,48,0,WOMEN,42_District_wise_crimes_committed_against_women_2013.csv,287,42_District_wise_crimes_committed_against_women_2013.csv::287,False,UNIQUE,KODERMA,DISTRICT_OR_REPORTING_UNIT,VALID
Jharkhand,LATEHAR,2013,27,10,5,19,0,16,0,WOMEN,42_District_wise_crimes_committed_against_women_2013.csv,288,42_District_wise_crimes_committed_against_women_2013.csv::288,False,UNIQUE,LATEHAR,DISTRICT_OR_REPORTING_UNIT,VALID
Jharkhand,LOHARDAGGA,2013,34,10,3,2,0,35,0,WOMEN,42_District_wise_crimes_committed_against_women_2013.csv,289,42_District_wise_crimes_committed_against_women_2013.csv::289,False,UNIQUE,LOHARDAGGA,DISTRICT_OR_REPORTING_UNIT,VALID
Jharkhand,PAKUR,2013,48,26,2,10,0,147,0,WOMEN,42_District_wise_crimes_committed_against_women_2013.csv,290,42_District_wise_crimes_committed_against_women_2013.csv::290,False,UNIQUE,PAKUR,DISTRICT_OR_REPORTING_UNIT,VALID
Jharkhand,PALAMU,2013,31,24,22,18,0,31,0,WOMEN,42_District_wise_crimes_committed_against_women_2013.csv,291,42_District_wise_crimes_committed_against_women_2013.csv::291,False,UNIQUE,PALAMU,DISTRICT_OR_REPORTING_UNIT,VALID
Jharkhand,RAMGARH,2013,36,35,14,18,9,25,0,WOMEN,42_District_wise_crimes_committed_against_women_2013.csv,292,42_District_wise_crimes_committed_against_women_2013.csv::292,False,UNIQUE,RAMGARH,DISTRICT_OR_REPORTING_UNIT,VALID
Jharkhand,RANCHI,2013,70,59,13,23,2,47,2,WOMEN,42_District_wise_crimes_committed_against_women_2013.csv,293,42_District_wise_crimes_committed_against_women_2013.csv::293,False,UNIQUE,RANCHI,DISTRICT_OR_REPORTING_UNIT,VALID
Jharkhand,SAHEBGANJ,2013,145,83,5,13,0,104,0,WOMEN,42_District_wise_crimes_committed_against_women_2013.csv,294,42_District_wise_crimes_committed_against_women_2013.csv::294,False,UNIQUE,SAHEBGANJ,DISTRICT_OR_REPORTING_UNIT,VALID
Jharkhand,SARAIKELA,2013,33,33,6,24,0,28,0,WOMEN,42_District_wise_crimes_committed_against_women_2013.csv,295,42_District_wise_crimes_committed_against_women_2013.csv::295,False,UNIQUE,SARAIKELA,DISTRICT_OR_REPORTING_UNIT,VALID
Jharkhand,SIMDEGA,2013,29,20,0,9,0,13,0,WOMEN,42_District_wise_crimes_committed_against_women_2013.csv,296,42_District_wise_crimes_committed_against_women_2013.csv::296,False,UNIQUE,SIMDEGA,DISTRICT_OR_REPORTING_UNIT,VALID
Jharkhand,ZZ TOTAL,2013,1204,926,307,524,18,2084,2,WOMEN,42_District_wise_crimes_committed_against_women_2013.csv,297,42_District_wise_crimes_committed_against_women_2013.csv::297,False,UNIQUE,ZZ TOTAL,DISTRICT_OR_REPORTING_UNIT,VALID
Karnataka,BAGALKOT,2013,30,11,3,86,2,46,0,WOMEN,42_District_wise_crimes_committed_against_women_2013.csv,298,42_District_wise_crimes_committed_against_women_2013.csv::298,False,UNIQUE,BAGALKOT,DISTRICT_OR_REPORTING_UNIT,VALID
Karnataka,BANGALORE COMMR.,2013,80,538,52,378,73,482,0,WOMEN,42_District_wise_crimes_committed_against_women_2013.csv,299,42_District_wise_crimes_committed_against_women_2013.csv::299,False,UNIQUE,BANGALORE COMMR.,DISTRICT_OR_REPORTING_UNIT,VALID
Karnataka,BANGALORE RURAL,2013,57,85,22,130,0,112,0,WOMEN,42_District_wise_crimes_committed_against_women_2013.csv,300,42_District_wise_crimes_committed_against_women_2013.csv::300,False,UNIQUE,BANGALORE RURAL,SPECIAL_UNIT,VALID
Karnataka,BELGAUM,2013,61,25,7,246,12,200,0,WOMEN,42_District_wise_crimes_committed_against_women_2013.csv,301,42_District_wise_crimes_committed_against_women_2013.csv::301,False,UNIQUE,BELGAUM,DISTRICT_OR_REPORTING_UNIT,VALID
Karnataka,BELLARY,2013,36,23,5,99,0,58,0,WOMEN,42_District_wise_crimes_committed_against_women_2013.csv,302,42_District_wise_crimes_committed_against_women_2013.csv::302,False,UNIQUE,BELLARY,DISTRICT_OR_REPORTING_UNIT,VALID
Karnataka,BIDAR,2013,18,31,7,82,9,112,0,WOMEN,42_District_wise_crimes_committed_against_women_2013.csv,303,42_District_wise_crimes_committed_against_women_2013.csv::303,False,UNIQUE,BIDAR,DISTRICT_OR_REPORTING_UNIT,VALID
Karnataka,BIJAPUR,2013,28,21,2,94,0,92,0,WOMEN,42_District_wise_crimes_committed_against_women_2013.csv,304,42_District_wise_crimes_committed_against_women_2013.csv::304,False,UNIQUE,BIJAPUR,DISTRICT_OR_REPORTING_UNIT,VALID
Karnataka,CBPURA,2013,33,16,17,57,0,51,0,WOMEN,42_District_wise_crimes_committed_against_women_2013.csv,305,42_District_wise_crimes_committed_against_women_2013.csv::305,False,UNIQUE,CBPURA,DISTRICT_OR_REPORTING_UNIT,VALID
Karnataka,CHAMARAJNAGAR,2013,16,15,4,95,0,25,0,WOMEN,42_District_wise_crimes_committed_against_women_2013.csv,306,42_District_wise_crimes_committed_against_women_2013.csv::306,False,UNIQUE,CHAMARAJNAGAR,DISTRICT_OR_REPORTING_UNIT,VALID
Karnataka,CHICKMAGALUR,2013,21,36,7,141,0,69,0,WOMEN,42_District_wise_crimes_committed_against_women_2013.csv,307,42_District_wise_crimes_committed_against_women_2013.csv::307,False,UNIQUE,CHICKMAGALUR,DISTRICT_OR_REPORTING_UNIT,VALID
Karnataka,CHITRADURGA,2013,31,27,7,178,0,64,0,WOMEN,42_District_wise_crimes_committed_against_women_2013.csv,308,42_District_wise_crimes_committed_against_women_2013.csv::308,False,UNIQUE,CHITRADURGA,DISTRICT_OR_REPORTING_UNIT,VALID
Karnataka,DAKSHIN KANNADA,2013,14,15,0,72,2,45,0,WOMEN,42_District_wise_crimes_committed_against_women_2013.csv,309,42_District_wise_crimes_committed_against_women_2013.csv::309,False,UNIQUE,DAKSHIN KANNADA,DISTRICT_OR_REPORTING_UNIT,VALID
Karnataka,DAVANAGERE,2013,33,21,14,167,5,127,0,WOMEN,42_District_wise_crimes_committed_against_women_2013.csv,310,42_District_wise_crimes_committed_against_women_2013.csv::310,False,UNIQUE,DAVANAGERE,DISTRICT_OR_REPORTING_UNIT,VALID
Karnataka,DHARWAD COMMR.,2013,16,75,4,37,5,85,0,WOMEN,42_District_wise_crimes_committed_against_women_2013.csv,311,42_District_wise_crimes_committed_against_women_2013.csv::311,False,UNIQUE,DHARWAD COMMR.,DISTRICT_OR_REPORTING_UNIT,VALID
Karnataka,DHARWAD RURAL,2013,18,0,1,34,0,27,0,WOMEN,42_District_wise_crimes_committed_against_women_2013.csv,312,42_District_wise_crimes_committed_against_women_2013.csv::312,False,UNIQUE,DHARWAD RURAL,SPECIAL_UNIT,VALID
Karnataka,GADAG,2013,18,10,1,40,0,36,0,WOMEN,42_District_wise_crimes_committed_against_women_2013.csv,313,42_District_wise_crimes_committed_against_women_2013.csv::313,False,UNIQUE,GADAG,DISTRICT_OR_REPORTING_UNIT,VALID
Karnataka,GULBARGA,2013,54,46,8,125,0,122,0,WOMEN,42_District_wise_crimes_committed_against_women_2013.csv,314,42_District_wise_crimes_committed_against_women_2013.csv::314,False,UNIQUE,GULBARGA,DISTRICT_OR_REPORTING_UNIT,VALID
Karnataka,HASSAN,2013,61,47,12,182,0,157,0,WOMEN,42_District_wise_crimes_committed_against_women_2013.csv,315,42_District_wise_crimes_committed_against_women_2013.csv::315,False,UNIQUE,HASSAN,DISTRICT_OR_REPORTING_UNIT,VALID
Karnataka,HAVERI,2013,18,0,1,80,0,55,0,WOMEN,42_District_wise_crimes_committed_against_women_2013.csv,316,42_District_wise_crimes_committed_against_women_2013.csv::316,False,UNIQUE,HAVERI,DISTRICT_OR_REPORTING_UNIT,VALID
Karnataka,K.G.F.,2013,23,7,6,13,0,15,0,WOMEN,42_District_wise_crimes_committed_against_women_2013.csv,317,42_District_wise_crimes_committed_against_women_2013.csv::317,False,UNIQUE,K.G.F.,DISTRICT_OR_REPORTING_UNIT,VALID
Karnataka,KODAGU,2013,26,17,2,40,2,41,0,WOMEN,42_District_wise_crimes_committed_against_women_2013.csv,318,42_District_wise_crimes_committed_against_women_2013.csv::318,False,UNIQUE,KODAGU,DISTRICT_OR_REPORTING_UNIT,VALID
Karnataka,KOLAR,2013,20,9,3,25,0,25,0,WOMEN,42_District_wise_crimes_committed_against_women_2013.csv,319,42_District_wise_crimes_committed_against_women_2013.csv::319,False,UNIQUE,KOLAR,DISTRICT_OR_REPORTING_UNIT,VALID
Karnataka,KOPPAL,2013,22,0,0,39,0,59,0,WOMEN,42_District_wise_crimes_committed_against_women_2013.csv,320,42_District_wise_crimes_committed_against_women_2013.csv::320,False,UNIQUE,KOPPAL,DISTRICT_OR_REPORTING_UNIT,VALID
Karnataka,MANDYA,2013,31,64,19,221,4,160,0,WOMEN,42_District_wise_crimes_committed_against_women_2013.csv,321,42_District_wise_crimes_committed_against_women_2013.csv::321,False,UNIQUE,MANDYA,DISTRICT_OR_REPORTING_UNIT,VALID
Karnataka,MANGALORE CITY,2013,20,6,1,54,5,65,0,WOMEN,42_District_wise_crimes_committed_against_women_2013.csv,322,42_District_wise_crimes_committed_against_women_2013.csv::322,False,UNIQUE,MANGALORE CITY,SPECIAL_UNIT,VALID
Karnataka,MYSORE COMMR.,2013,19,16,12,11,1,43,0,WOMEN,42_District_wise_crimes_committed_against_women_2013.csv,323,42_District_wise_crimes_committed_against_women_2013.csv::323,False,UNIQUE,MYSORE COMMR.,DISTRICT_OR_REPORTING_UNIT,VALID
Karnataka,MYSORE RURAL,2013,26,6,14,69,0,64,0,WOMEN,42_District_wise_crimes_committed_against_women_2013.csv,324,42_District_wise_crimes_committed_against_women_2013.csv::324,False,UNIQUE,MYSORE RURAL,SPECIAL_UNIT,VALID
Karnataka,RAICHUR,2013,43,12,3,156,0,162,0,WOMEN,42_District_wise_crimes_committed_against_women_2013.csv,325,42_District_wise_crimes_committed_against_women_2013.csv::325,False,UNIQUE,RAICHUR,DISTRICT_OR_REPORTING_UNIT,VALID
Karnataka,RAILWAYS,2013,1,0,2,3,0,0,0,WOMEN,42_District_wise_crimes_committed_against_women_2013.csv,326,42_District_wise_crimes_committed_against_women_2013.csv::326,False,UNIQUE,RAILWAYS,SPECIAL_UNIT,VALID
Karnataka,RAMANAGAR,2013,21,41,11,141,0,57,0,WOMEN,42_District_wise_crimes_committed_against_women_2013.csv,327,42_District_wise_crimes_committed_against_women_2013.csv::327,False,UNIQUE,RAMANAGAR,DISTRICT_OR_REPORTING_UNIT,VALID
Karnataka,SHIMOGA,2013,43,51,5,267,4,300,0,WOMEN,42_District_wise_crimes_committed_against_women_2013.csv,328,42_District_wise_crimes_committed_against_women_2013.csv::328,False,UNIQUE,SHIMOGA,DISTRICT_OR_REPORTING_UNIT,VALID
Karnataka,TUMKUR,2013,37,16,14,206,0,87,0,WOMEN,42_District_wise_crimes_committed_against_women_2013.csv,329,42_District_wise_crimes_committed_against_women_2013.csv::329,False,UNIQUE,TUMKUR,DISTRICT_OR_REPORTING_UNIT,VALID
Karnataka,UDUPI,2013,22,11,2,67,0,78,0,WOMEN,42_District_wise_crimes_committed_against_women_2013.csv,330,42_District_wise_crimes_committed_against_women_2013.csv::330,False,UNIQUE,UDUPI,DISTRICT_OR_REPORTING_UNIT,VALID
Karnataka,UTTAR KANNADA,2013,17,38,6,155,13,94,0,WOMEN,42_District_wise_crimes_committed_against_women_2013.csv,331,42_District_wise_crimes_committed_against_women_2013.csv::331,False,UNIQUE,UTTAR KANNADA,DISTRICT_OR_REPORTING_UNIT,VALID
Karnataka,YADGIRI,2013,16,23,3,123,0,61,0,WOMEN,42_District_wise_crimes_committed_against_women_2013.csv,332,42_District_wise_crimes_committed_against_women_2013.csv::332,False,UNIQUE,YADGIRI,DISTRICT_OR_REPORTING_UNIT,VALID
Karnataka,ZZ TOTAL,2013,1030,1359,277,3913,137,3276,0,WOMEN,42_District_wise_crimes_committed_against_women_2013.csv,333,42_District_wise_crimes_committed_against_women_2013.csv::333,False,UNIQUE,ZZ TOTAL,DISTRICT_OR_REPORTING_UNIT,VALID
Kerala,ALAPUZHA,2013,45,10,1,293,26,327,0,WOMEN,42_District_wise_crimes_committed_against_women_2013.csv,334,42_District_wise_crimes_committed_against_women_2013.csv::334,False,UNIQUE,ALAPUZHA,DISTRICT_OR_REPORTING_UNIT,VALID
Kerala,ERNAKULAM COMMR.,2013,40,9,0,169,23,130,0,WOMEN,42_District_wise_crimes_committed_against_women_2013.csv,335,42_District_wise_crimes_committed_against_women_2013.csv::335,False,UNIQUE,ERNAKULAM COMMR.,DISTRICT_OR_REPORTING_UNIT,VALID
Kerala,ERNAKULAM RURAL,2013,67,11,2,238,41,177,0,WOMEN,42_District_wise_crimes_committed_against_women_2013.csv,336,42_District_wise_crimes_committed_against_women_2013.csv::336,False,UNIQUE,ERNAKULAM RURAL,SPECIAL_UNIT,VALID
Kerala,IDUKKI,2013,67,3,0,218,12,146,0,WOMEN,42_District_wise_crimes_committed_against_women_2013.csv,337,42_District_wise_crimes_committed_against_women_2013.csv::337,False,UNIQUE,IDUKKI,DISTRICT_OR_REPORTING_UNIT,VALID
Kerala,KANNUR,2013,60,12,0,191,11,341,0,WOMEN,42_District_wise_crimes_committed_against_women_2013.csv,338,42_District_wise_crimes_committed_against_women_2013.csv::338,False,UNIQUE,KANNUR,DISTRICT_OR_REPORTING_UNIT,VALID
Kerala,KASARGOD,2013,81,9,2,163,8,232,0,WOMEN,42_District_wise_crimes_committed_against_women_2013.csv,339,42_District_wise_crimes_committed_against_women_2013.csv::339,False,UNIQUE,KASARGOD,DISTRICT_OR_REPORTING_UNIT,VALID
Kerala,KOLLAM COMMR.,2013,64,16,1,198,17,304,0,WOMEN,42_District_wise_crimes_committed_against_women_2013.csv,340,42_District_wise_crimes_committed_against_women_2013.csv::340,False,UNIQUE,KOLLAM COMMR.,DISTRICT_OR_REPORTING_UNIT,VALID
Kerala,KOLLAM RURAL,2013,92,12,2,273,14,254,0,WOMEN,42_District_wise_crimes_committed_against_women_2013.csv,341,42_District_wise_crimes_committed_against_women_2013.csv::341,False,UNIQUE,KOLLAM RURAL,SPECIAL_UNIT,VALID
Kerala,KOTTAYAM,2013,47,9,0,251,30,216,0,WOMEN,42_District_wise_crimes_committed_against_women_2013.csv,342,42_District_wise_crimes_committed_against_women_2013.csv::342,False,UNIQUE,KOTTAYAM,DISTRICT_OR_REPORTING_UNIT,VALID
Kerala,KOZHIKODE COMMR.,2013,30,9,0,110,44,136,0,WOMEN,42_District_wise_crimes_committed_against_women_2013.csv,343,42_District_wise_crimes_committed_against_women_2013.csv::343,False,UNIQUE,KOZHIKODE COMMR.,DISTRICT_OR_REPORTING_UNIT,VALID
Kerala,KOZHIKODE RURAL,2013,64,17,0,208,15,292,0,WOMEN,42_District_wise_crimes_committed_against_women_2013.csv,344,42_District_wise_crimes_committed_against_women_2013.csv::344,False,UNIQUE,KOZHIKODE RURAL,SPECIAL_UNIT,VALID
Kerala,MALAPPURAM,2013,99,5,0,272,20,651,0,WOMEN,42_District_wise_crimes_committed_against_women_2013.csv,345,42_District_wise_crimes_committed_against_women_2013.csv::345,False,UNIQUE,MALAPPURAM,DISTRICT_OR_REPORTING_UNIT,VALID
Kerala,PALAKKAD,2013,93,12,0,161,19,402,0,WOMEN,42_District_wise_crimes_committed_against_women_2013.csv,346,42_District_wise_crimes_committed_against_women_2013.csv::346,False,UNIQUE,PALAKKAD,DISTRICT_OR_REPORTING_UNIT,VALID
Kerala,PATHANAMTHITTA,2013,45,4,1,187,1,113,0,WOMEN,42_District_wise_crimes_committed_against_women_2013.csv,347,42_District_wise_crimes_committed_against_women_2013.csv::347,False,UNIQUE,PATHANAMTHITTA,DISTRICT_OR_REPORTING_UNIT,VALID
Kerala,RAILWAYS,2013,0,1,0,33,12,0,0,WOMEN,42_District_wise_crimes_committed_against_women_2013.csv,348,42_District_wise_crimes_committed_against_women_2013.csv::348,False,UNIQUE,RAILWAYS,SPECIAL_UNIT,VALID
Kerala,THRISSUR COMMR.,2013,29,2,1,85,17,125,0,WOMEN,42_District_wise_crimes_committed_against_women_2013.csv,349,42_District_wise_crimes_committed_against_women_2013.csv::349,False,UNIQUE,THRISSUR COMMR.,DISTRICT_OR_REPORTING_UNIT,VALID
Kerala,THRISSUR RURAL,2013,64,9,3,258,27,387,0,WOMEN,42_District_wise_crimes_committed_against_women_2013.csv,350,42_District_wise_crimes_committed_against_women_2013.csv::350,False,UNIQUE,THRISSUR RURAL,SPECIAL_UNIT,VALID
Kerala,TRIVANDRUM COMMR.,2013,54,4,1,299,33,154,0,WOMEN,42_District_wise_crimes_committed_against_women_2013.csv,351,42_District_wise_crimes_committed_against_women_2013.csv::351,False,UNIQUE,TRIVANDRUM COMMR.,DISTRICT_OR_REPORTING_UNIT,VALID
Kerala,TRIVANDRUM RURAL,2013,130,26,6,641,27,349,0,WOMEN,42_District_wise_crimes_committed_against_women_2013.csv,352,42_District_wise_crimes_committed_against_women_2013.csv::352,False,UNIQUE,TRIVANDRUM RURAL,SPECIAL_UNIT,VALID
Kerala,WAYANADU,2013,50,5,1,114,7,84,0,WOMEN,42_District_wise_crimes_committed_against_women_2013.csv,353,42_District_wise_crimes_committed_against_women_2013.csv::353,False,UNIQUE,WAYANADU,DISTRICT_OR_REPORTING_UNIT,VALID
Kerala,ZZ TOTAL,2013,1221,185,21,4362,404,4820,0,WOMEN,42_District_wise_crimes_committed_against_women_2013.csv,354,42_District_wise_crimes_committed_against_women_2013.csv::354,False,UNIQUE,ZZ TOTAL,DISTRICT_OR_REPORTING_UNIT,VALID
Madhya Pradesh,AGAR,2013,24,8,1,41,1,30,0,WOMEN,42_District_wise_crimes_committed_against_women_2013.csv,355,42_District_wise_crimes_committed_against_women_2013.csv::355,False,UNIQUE,AGAR,DISTRICT_OR_REPORTING_UNIT,VALID
Madhya Pradesh,ALIRAJPUR,2013,29,14,0,14,0,19,0,WOMEN,42_District_wise_crimes_committed_against_women_2013.csv,356,42_District_wise_crimes_committed_against_women_2013.csv::356,False,UNIQUE,ALIRAJPUR,DISTRICT_OR_REPORTING_UNIT,VALID
Madhya Pradesh,ANUPPUR,2013,84,32,9,115,13,85,0,WOMEN,42_District_wise_crimes_committed_against_women_2013.csv,357,42_District_wise_crimes_committed_against_women_2013.csv::357,False,UNIQUE,ANUPPUR,DISTRICT_OR_REPORTING_UNIT,VALID
Madhya Pradesh,ASHOK NAGAR,2013,64,23,8,141,6,40,0,WOMEN,42_District_wise_crimes_committed_against_women_2013.csv,358,42_District_wise_crimes_committed_against_women_2013.csv::358,False,UNIQUE,ASHOK NAGAR,DISTRICT_OR_REPORTING_UNIT,VALID
Madhya Pradesh,BALAGHAT,2013,99,5,6,140,10,92,0,WOMEN,42_District_wise_crimes_committed_against_women_2013.csv,359,42_District_wise_crimes_committed_against_women_2013.csv::359,False,UNIQUE,BALAGHAT,DISTRICT_OR_REPORTING_UNIT,VALID
Madhya Pradesh,BARWANI,2013,51,39,7,76,9,17,0,WOMEN,42_District_wise_crimes_committed_against_women_2013.csv,360,42_District_wise_crimes_committed_against_women_2013.csv::360,False,UNIQUE,BARWANI,DISTRICT_OR_REPORTING_UNIT,VALID
Madhya Pradesh,BETUL,2013,119,66,7,222,18,92,0,WOMEN,42_District_wise_crimes_committed_against_women_2013.csv,361,42_District_wise_crimes_committed_against_women_2013.csv::361,False,UNIQUE,BETUL,DISTRICT_OR_REPORTING_UNIT,VALID
Madhya Pradesh,BHIND,2013,57,49,28,117,0,53,0,WOMEN,42_District_wise_crimes_committed_against_women_2013.csv,362,42_District_wise_crimes_committed_against_women_2013.csv::362,False,UNIQUE,BHIND,DISTRICT_OR_REPORTING_UNIT,VALID
Madhya Pradesh,BHOPAL,2013,173,102,18,357,52,344,0,WOMEN,42_District_wise_crimes_committed_against_women_2013.csv,363,42_District_wise_crimes_committed_against_women_2013.csv::363,False,UNIQUE,BHOPAL,DISTRICT_OR_REPORTING_UNIT,VALID
Madhya Pradesh,BHOPAL RLY.,2013,5,2,0,15,4,2,0,WOMEN,42_District_wise_crimes_committed_against_women_2013.csv,364,42_District_wise_crimes_committed_against_women_2013.csv::364,False,UNIQUE,BHOPAL RLY.,DISTRICT_OR_REPORTING_UNIT,VALID
Madhya Pradesh,BURHANPUR,2013,34,18,5,92,9,42,0,WOMEN,42_District_wise_crimes_committed_against_women_2013.csv,365,42_District_wise_crimes_committed_against_women_2013.csv::365,False,UNIQUE,BURHANPUR,DISTRICT_OR_REPORTING_UNIT,VALID
Madhya Pradesh,CHHATARPUR,2013,77,38,24,220,0,81,0,WOMEN,42_District_wise_crimes_committed_against_women_2013.csv,366,42_District_wise_crimes_committed_against_women_2013.csv::366,False,UNIQUE,CHHATARPUR,DISTRICT_OR_REPORTING_UNIT,VALID
Madhya Pradesh,CHHINDWARA,2013,151,187,9,194,39,145,0,WOMEN,42_District_wise_crimes_committed_against_women_2013.csv,367,42_District_wise_crimes_committed_against_women_2013.csv::367,False,UNIQUE,CHHINDWARA,DISTRICT_OR_REPORTING_UNIT,VALID
Madhya Pradesh,DAMOH,2013,50,20,25,147,0,59,0,WOMEN,42_District_wise_crimes_committed_against_women_2013.csv,368,42_District_wise_crimes_committed_against_women_2013.csv::368,False,UNIQUE,DAMOH,DISTRICT_OR_REPORTING_UNIT,VALID
Madhya Pradesh,DATIYA,2013,27,20,16,64,0,40,0,WOMEN,42_District_wise_crimes_committed_against_women_2013.csv,369,42_District_wise_crimes_committed_against_women_2013.csv::369,False,UNIQUE,DATIYA,DISTRICT_OR_REPORTING_UNIT,VALID
Madhya Pradesh,DEWAS,2013,81,16,8,124,14,101,0,WOMEN,42_District_wise_crimes_committed_against_women_2013.csv,370,42_District_wise_crimes_committed_against_women_2013.csv::370,False,UNIQUE,DEWAS,DISTRICT_OR_REPORTING_UNIT,VALID
Madhya Pradesh,DHAR,2013,108,169,48,211,18,115,0,WOMEN,42_District_wise_crimes_committed_against_women_2013.csv,371,42_District_wise_crimes_committed_against_women_2013.csv::371,False,UNIQUE,DHAR,DISTRICT_OR_REPORTING_UNIT,VALID
Madhya Pradesh,DINDORI,2013,76,20,6,120,8,47,0,WOMEN,42_District_wise_crimes_committed_against_women_2013.csv,372,42_District_wise_crimes_committed_against_women_2013.csv::372,False,UNIQUE,DINDORI,DISTRICT_OR_REPORTING_UNIT,VALID
Madhya Pradesh,GUNA,2013,105,23,5,157,18,36,0,WOMEN,42_District_wise_crimes_committed_against_women_2013.csv,373,42_District_wise_crimes_committed_against_women_2013.csv::373,False,UNIQUE,GUNA,DISTRICT_OR_REPORTING_UNIT,VALID
Madhya Pradesh,GWALIOR,2013,158,53,43,369,47,446,0,WOMEN,42_District_wise_crimes_committed_against_women_2013.csv,374,42_District_wise_crimes_committed_against_women_2013.csv::374,False,UNIQUE,GWALIOR,DISTRICT_OR_REPORTING_UNIT,VALID
Madhya Pradesh,HARDA,2013,33,5,3,48,3,16,0,WOMEN,42_District_wise_crimes_committed_against_women_2013.csv,375,42_District_wise_crimes_committed_against_women_2013.csv::375,False,UNIQUE,HARDA,DISTRICT_OR_REPORTING_UNIT,VALID
Madhya Pradesh,HOSHANGABAD,2013,79,76,10,152,17,84,0,WOMEN,42_District_wise_crimes_committed_against_women_2013.csv,376,42_District_wise_crimes_committed_against_women_2013.csv::376,False,UNIQUE,HOSHANGABAD,DISTRICT_OR_REPORTING_UNIT,VALID
Madhya Pradesh,INDORE,2013,190,288,31,369,69,350,0,WOMEN,42_District_wise_crimes_committed_against_women_2013.csv,377,42_District_wise_crimes_committed_against_women_2013.csv::377,False,UNIQUE,INDORE,DISTRICT_OR_REPORTING_UNIT,VALID
Madhya Pradesh,INDORE RLY.,2013,3,6,1,9,0,0,0,WOMEN,42_District_wise_crimes_committed_against_women_2013.csv,378,42_District_wise_crimes_committed_against_women_2013.csv::378,False,UNIQUE,INDORE RLY.,DISTRICT_OR_REPORTING_UNIT,VALID
Madhya Pradesh,JABALPUR,2013,145,151,37,303,67,218,0,WOMEN,42_District_wise_crimes_committed_against_women_2013.csv,379,42_District_wise_crimes_committed_against_women_2013.csv::379,False,UNIQUE,JABALPUR,DISTRICT_OR_REPORTING_UNIT,VALID
Madhya Pradesh,JABALPUR RLY.,2013,1,1,1,13,1,1,0,WOMEN,42_District_wise_crimes_committed_against_women_2013.csv,380,42_District_wise_crimes_committed_against_women_2013.csv::380,False,UNIQUE,JABALPUR RLY.,DISTRICT_OR_REPORTING_UNIT,VALID
Madhya Pradesh,JHABUA,2013,49,73,0,60,0,10,0,WOMEN,42_District_wise_crimes_committed_against_women_2013.csv,381,42_District_wise_crimes_committed_against_women_2013.csv::381,False,UNIQUE,JHABUA,DISTRICT_OR_REPORTING_UNIT,VALID
Madhya Pradesh,KATNI,2013,65,61,13,206,8,60,0,WOMEN,42_District_wise_crimes_committed_against_women_2013.csv,382,42_District_wise_crimes_committed_against_women_2013.csv::382,False,UNIQUE,KATNI,DISTRICT_OR_REPORTING_UNIT,VALID
Madhya Pradesh,KHANDWA,2013,97,101,6,179,13,46,1,WOMEN,42_District_wise_crimes_committed_against_women_2013.csv,383,42_District_wise_crimes_committed_against_women_2013.csv::383,False,UNIQUE,KHANDWA,DISTRICT_OR_REPORTING_UNIT,VALID
Madhya Pradesh,KHARGON,2013,95,167,34,213,16,111,0,WOMEN,42_District_wise_crimes_committed_against_women_2013.csv,384,42_District_wise_crimes_committed_against_women_2013.csv::384,False,UNIQUE,KHARGON,DISTRICT_OR_REPORTING_UNIT,VALID
Madhya Pradesh,MANDLA,2013,88,14,2,104,11,46,0,WOMEN,42_District_wise_crimes_committed_against_women_2013.csv,385,42_District_wise_crimes_committed_against_women_2013.csv::385,False,UNIQUE,MANDLA,DISTRICT_OR_REPORTING_UNIT,VALID
Madhya Pradesh,MANDSAUR,2013,74,27,4,143,17,145,1,WOMEN,42_District_wise_crimes_committed_against_women_2013.csv,386,42_District_wise_crimes_committed_against_women_2013.csv::386,False,UNIQUE,MANDSAUR,DISTRICT_OR_REPORTING_UNIT,VALID
Madhya Pradesh,MORENA,2013,60,42,40,116,5,151,0,WOMEN,42_District_wise_crimes_committed_against_women_2013.csv,387,42_District_wise_crimes_committed_against_women_2013.csv::387,False,UNIQUE,MORENA,DISTRICT_OR_REPORTING_UNIT,VALID
Madhya Pradesh,NARSINGHPUR,2013,101,57,16,189,12,115,0,WOMEN,42_District_wise_crimes_committed_against_women_2013.csv,388,42_District_wise_crimes_committed_against_women_2013.csv::388,False,UNIQUE,NARSINGHPUR,DISTRICT_OR_REPORTING_UNIT,VALID
Madhya Pradesh,NEEMUCH,2013,49,41,0,84,10,62,3,WOMEN,42_District_wise_crimes_committed_against_women_2013.csv,389,42_District_wise_crimes_committed_against_women_2013.csv::389,False,UNIQUE,NEEMUCH,DISTRICT_OR_REPORTING_UNIT,VALID
Madhya Pradesh,PANNA,2013,45,12,14,85,2,29,0,WOMEN,42_District_wise_crimes_committed_against_women_2013.csv,390,42_District_wise_crimes_committed_against_women_2013.csv::390,False,UNIQUE,PANNA,DISTRICT_OR_REPORTING_UNIT,VALID
Madhya Pradesh,RAISEN,2013,115,32,9,204,33,94,0,WOMEN,42_District_wise_crimes_committed_against_women_2013.csv,391,42_District_wise_crimes_committed_against_women_2013.csv::391,False,UNIQUE,RAISEN,DISTRICT_OR_REPORTING_UNIT,VALID
Madhya Pradesh,RAJGARH,2013,120,71,8,203,10,83,0,WOMEN,42_District_wise_crimes_committed_against_women_2013.csv,392,42_District_wise_crimes_committed_against_women_2013.csv::392,False,UNIQUE,RAJGARH,DISTRICT_OR_REPORTING_UNIT,VALID
Madhya Pradesh,RATLAM,2013,88,49,10,89,5,77,2,WOMEN,42_District_wise_crimes_committed_against_women_2013.csv,393,42_District_wise_crimes_committed_against_women_2013.csv::393,False,UNIQUE,RATLAM,DISTRICT_OR_REPORTING_UNIT,VALID
Madhya Pradesh,REWA,2013,113,30,47,178,3,127,0,WOMEN,42_District_wise_crimes_committed_against_women_2013.csv,394,42_District_wise_crimes_committed_against_women_2013.csv::394,False,UNIQUE,REWA,DISTRICT_OR_REPORTING_UNIT,VALID
Madhya Pradesh,SAGAR,2013,135,55,36,422,40,130,0,WOMEN,42_District_wise_crimes_committed_against_women_2013.csv,395,42_District_wise_crimes_committed_against_women_2013.csv::395,False,UNIQUE,SAGAR,DISTRICT_OR_REPORTING_UNIT,VALID
Madhya Pradesh,SATNA,2013,124,33,35,204,11,135,0,WOMEN,42_District_wise_crimes_committed_against_women_2013.csv,396,42_District_wise_crimes_committed_against_women_2013.csv::396,False,UNIQUE,SATNA,DISTRICT_OR_REPORTING_UNIT,VALID
Madhya Pradesh,SEONI,2013,75,39,15,130,8,24,0,WOMEN,42_District_wise_crimes_committed_against_women_2013.csv,397,42_District_wise_crimes_committed_against_women_2013.csv::397,False,UNIQUE,SEONI,DISTRICT_OR_REPORTING_UNIT,VALID
Madhya Pradesh,SHAHDOL,2013,115,96,9,216,9,193,0,WOMEN,42_District_wise_crimes_committed_against_women_2013.csv,398,42_District_wise_crimes_committed_against_women_2013.csv::398,False,UNIQUE,SHAHDOL,DISTRICT_OR_REPORTING_UNIT,VALID
Madhya Pradesh,SHAJAPUR,2013,44,20,2,113,7,37,0,WOMEN,42_District_wise_crimes_committed_against_women_2013.csv,399,42_District_wise_crimes_committed_against_women_2013.csv::399,False,UNIQUE,SHAJAPUR,DISTRICT_OR_REPORTING_UNIT,VALID
Madhya Pradesh,SHEOPUR,2013,32,6,5,45,3,39,0,WOMEN,42_District_wise_crimes_committed_against_women_2013.csv,400,42_District_wise_crimes_committed_against_women_2013.csv::400,False,UNIQUE,SHEOPUR,DISTRICT_OR_REPORTING_UNIT,VALID
Madhya Pradesh,SHIVPURI,2013,106,30,14,211,13,78,0,WOMEN,42_District_wise_crimes_committed_against_women_2013.csv,401,42_District_wise_crimes_committed_against_women_2013.csv::401,False,UNIQUE,SHIVPURI,DISTRICT_OR_REPORTING_UNIT,VALID
Madhya Pradesh,SIDHI,2013,46,60,17,116,4,70,0,WOMEN,42_District_wise_crimes_committed_against_women_2013.csv,402,42_District_wise_crimes_committed_against_women_2013.csv::402,False,UNIQUE,SIDHI,DISTRICT_OR_REPORTING_UNIT,VALID
Madhya Pradesh,SIHORE,2013,95,36,14,116,11,69,0,WOMEN,42_District_wise_crimes_committed_against_women_2013.csv,403,42_District_wise_crimes_committed_against_women_2013.csv::403,False,UNIQUE,SIHORE,DISTRICT_OR_REPORTING_UNIT,VALID
Madhya Pradesh,SINGRAULI,2013,38,78,18,111,2,74,0,WOMEN,42_District_wise_crimes_committed_against_women_2013.csv,404,42_District_wise_crimes_committed_against_women_2013.csv::404,False,UNIQUE,SINGRAULI,DISTRICT_OR_REPORTING_UNIT,VALID
Madhya Pradesh,TIKAMGARH,2013,67,34,14,140,5,40,0,WOMEN,42_District_wise_crimes_committed_against_women_2013.csv,405,42_District_wise_crimes_committed_against_women_2013.csv::405,False,UNIQUE,TIKAMGARH,DISTRICT_OR_REPORTING_UNIT,VALID
Madhya Pradesh,UJJAIN,2013,113,35,13,232,37,207,0,WOMEN,42_District_wise_crimes_committed_against_women_2013.csv,406,42_District_wise_crimes_committed_against_women_2013.csv::406,False,UNIQUE,UJJAIN,DISTRICT_OR_REPORTING_UNIT,VALID
Madhya Pradesh,UMARIYA,2013,38,35,5,73,7,58,0,WOMEN,42_District_wise_crimes_committed_against_women_2013.csv,407,42_District_wise_crimes_committed_against_women_2013.csv::407,False,UNIQUE,UMARIYA,DISTRICT_OR_REPORTING_UNIT,VALID
Madhya Pradesh,VIDISHA,2013,125,108,20,240,11,123,0,WOMEN,42_District_wise_crimes_committed_against_women_2013.csv,408,42_District_wise_crimes_committed_against_women_2013.csv::408,False,UNIQUE,VIDISHA,DISTRICT_OR_REPORTING_UNIT,VALID
Madhya Pradesh,ZZ TOTAL,2013,4335,2873,776,8252,736,4988,7,WOMEN,42_District_wise_crimes_committed_against_women_2013.csv,409,42_District_wise_crimes_committed_against_women_2013.csv::409,False,UNIQUE,ZZ TOTAL,DISTRICT_OR_REPORTING_UNIT,VALID
Maharashtra,AHMEDNAGAR,2013,105,54,10,243,34,397,0,WOMEN,42_District_wise_crimes_committed_against_women_2013.csv,410,42_District_wise_crimes_committed_against_women_2013.csv::410,False,UNIQUE,AHMEDNAGAR,DISTRICT_OR_REPORTING_UNIT,VALID
Maharashtra,AKOLA,2013,46,24,4,200,35,121,0,WOMEN,42_District_wise_crimes_committed_against_women_2013.csv,411,42_District_wise_crimes_committed_against_women_2013.csv::411,False,UNIQUE,AKOLA,DISTRICT_OR_REPORTING_UNIT,VALID
Maharashtra,AMRAVATI COMMR.,2013,26,22,2,96,27,38,0,WOMEN,42_District_wise_crimes_committed_against_women_2013.csv,412,42_District_wise_crimes_committed_against_women_2013.csv::412,False,UNIQUE,AMRAVATI COMMR.,DISTRICT_OR_REPORTING_UNIT,VALID
Maharashtra,AMRAVATI RURAL,2013,78,45,1,317,35,175,0,WOMEN,42_District_wise_crimes_committed_against_women_2013.csv,413,42_District_wise_crimes_committed_against_women_2013.csv::413,False,UNIQUE,AMRAVATI RURAL,SPECIAL_UNIT,VALID
Maharashtra,AURANGABAD COMMR.,2013,22,35,5,173,38,151,0,WOMEN,42_District_wise_crimes_committed_against_women_2013.csv,414,42_District_wise_crimes_committed_against_women_2013.csv::414,False,UNIQUE,AURANGABAD COMMR.,DISTRICT_OR_REPORTING_UNIT,VALID
Maharashtra,AURANGABAD RURAL,2013,36,15,14,167,31,273,0,WOMEN,42_District_wise_crimes_committed_against_women_2013.csv,415,42_District_wise_crimes_committed_against_women_2013.csv::415,False,UNIQUE,AURANGABAD RURAL,SPECIAL_UNIT,VALID
Maharashtra,BEED,2013,92,52,5,230,12,382,0,WOMEN,42_District_wise_crimes_committed_against_women_2013.csv,416,42_District_wise_crimes_committed_against_women_2013.csv::416,False,UNIQUE,BEED,DISTRICT_OR_REPORTING_UNIT,VALID
Maharashtra,BHANDARA,2013,40,13,0,74,41,52,0,WOMEN,42_District_wise_crimes_committed_against_women_2013.csv,417,42_District_wise_crimes_committed_against_women_2013.csv::417,False,UNIQUE,BHANDARA,DISTRICT_OR_REPORTING_UNIT,VALID
Maharashtra,BULDHANA,2013,56,15,20,185,66,140,0,WOMEN,42_District_wise_crimes_committed_against_women_2013.csv,418,42_District_wise_crimes_committed_against_women_2013.csv::418,False,UNIQUE,BULDHANA,DISTRICT_OR_REPORTING_UNIT,VALID
Maharashtra,CHANDRAPUR,2013,88,25,8,179,123,180,0,WOMEN,42_District_wise_crimes_committed_against_women_2013.csv,419,42_District_wise_crimes_committed_against_women_2013.csv::419,False,UNIQUE,CHANDRAPUR,DISTRICT_OR_REPORTING_UNIT,VALID
Maharashtra,DHULE,2013,40,25,6,58,9,228,0,WOMEN,42_District_wise_crimes_committed_against_women_2013.csv,420,42_District_wise_crimes_committed_against_women_2013.csv::420,False,UNIQUE,DHULE,DISTRICT_OR_REPORTING_UNIT,VALID
Maharashtra,GADCHIROLI,2013,33,5,0,53,6,14,0,WOMEN,42_District_wise_crimes_committed_against_women_2013.csv,421,42_District_wise_crimes_committed_against_women_2013.csv::421,False,UNIQUE,GADCHIROLI,DISTRICT_OR_REPORTING_UNIT,VALID
Maharashtra,GONDIA,2013,52,21,1,94,10,55,0,WOMEN,42_District_wise_crimes_committed_against_women_2013.csv,422,42_District_wise_crimes_committed_against_women_2013.csv::422,False,UNIQUE,GONDIA,DISTRICT_OR_REPORTING_UNIT,VALID
Maharashtra,HINGOLI,2013,15,12,4,55,2,86,0,WOMEN,42_District_wise_crimes_committed_against_women_2013.csv,423,42_District_wise_crimes_committed_against_women_2013.csv::423,False,UNIQUE,HINGOLI,DISTRICT_OR_REPORTING_UNIT,VALID
Maharashtra,JALGAON,2013,58,53,2,238,42,425,0,WOMEN,42_District_wise_crimes_committed_against_women_2013.csv,424,42_District_wise_crimes_committed_against_women_2013.csv::424,False,UNIQUE,JALGAON,DISTRICT_OR_REPORTING_UNIT,VALID
Maharashtra,JALNA,2013,35,29,50,132,6,351,0,WOMEN,42_District_wise_crimes_committed_against_women_2013.csv,425,42_District_wise_crimes_committed_against_women_2013.csv::425,False,UNIQUE,JALNA,DISTRICT_OR_REPORTING_UNIT,VALID
Maharashtra,KOLHAPUR,2013,84,43,14,117,37,204,0,WOMEN,42_District_wise_crimes_committed_against_women_2013.csv,426,42_District_wise_crimes_committed_against_women_2013.csv::426,False,UNIQUE,KOLHAPUR,DISTRICT_OR_REPORTING_UNIT,VALID
Maharashtra,LATUR,2013,37,38,4,116,3,297,0,WOMEN,42_District_wise_crimes_committed_against_women_2013.csv,427,42_District_wise_crimes_committed_against_women_2013.csv::427,False,UNIQUE,LATUR,DISTRICT_OR_REPORTING_UNIT,VALID
Maharashtra,MUMBAI COMMR.,2013,391,251,21,1163,444,602,0,WOMEN,42_District_wise_crimes_committed_against_women_2013.csv,428,42_District_wise_crimes_committed_against_women_2013.csv::428,False,UNIQUE,MUMBAI COMMR.,DISTRICT_OR_REPORTING_UNIT,VALID
Maharashtra,MUMBAI RLY.,2013,6,5,0,41,5,0,0,WOMEN,42_District_wise_crimes_committed_against_women_2013.csv,429,42_District_wise_crimes_committed_against_women_2013.csv::429,False,UNIQUE,MUMBAI RLY.,DISTRICT_OR_REPORTING_UNIT,VALID
Maharashtra,NAGPUR COMMR.,2013,91,80,4,209,52,218,0,WOMEN,42_District_wise_crimes_committed_against_women_2013.csv,430,42_District_wise_crimes_committed_against_women_2013.csv::430,False,UNIQUE,NAGPUR COMMR.,DISTRICT_OR_REPORTING_UNIT,VALID
Maharashtra,NAGPUR RLY.,2013,2,2,0,15,3,1,0,WOMEN,42_District_wise_crimes_committed_against_women_2013.csv,431,42_District_wise_crimes_committed_against_women_2013.csv::431,False,UNIQUE,NAGPUR RLY.,DISTRICT_OR_REPORTING_UNIT,VALID
Maharashtra,NAGPUR RURAL,2013,75,29,4,149,28,82,0,WOMEN,42_District_wise_crimes_committed_against_women_2013.csv,432,42_District_wise_crimes_committed_against_women_2013.csv::432,False,UNIQUE,NAGPUR RURAL,SPECIAL_UNIT,VALID
Maharashtra,NANDED,2013,64,48,30,135,6,341,0,WOMEN,42_District_wise_crimes_committed_against_women_2013.csv,433,42_District_wise_crimes_committed_against_women_2013.csv::433,False,UNIQUE,NANDED,DISTRICT_OR_REPORTING_UNIT,VALID
Maharashtra,NANDURBAR,2013,23,19,1,44,13,75,0,WOMEN,42_District_wise_crimes_committed_against_women_2013.csv,434,42_District_wise_crimes_committed_against_women_2013.csv::434,False,UNIQUE,NANDURBAR,DISTRICT_OR_REPORTING_UNIT,VALID
Maharashtra,NASIK COMMR.,2013,20,16,7,96,9,181,0,WOMEN,42_District_wise_crimes_committed_against_women_2013.csv,435,42_District_wise_crimes_committed_against_women_2013.csv::435,False,UNIQUE,NASIK COMMR.,DISTRICT_OR_REPORTING_UNIT,VALID
Maharashtra,NASIK RURAL,2013,85,36,9,224,21,405,0,WOMEN,42_District_wise_crimes_committed_against_women_2013.csv,436,42_District_wise_crimes_committed_against_women_2013.csv::436,False,UNIQUE,NASIK RURAL,SPECIAL_UNIT,VALID
Maharashtra,NAVI MUMBAI,2013,69,36,8,138,55,139,0,WOMEN,42_District_wise_crimes_committed_against_women_2013.csv,437,42_District_wise_crimes_committed_against_women_2013.csv::437,False,UNIQUE,NAVI MUMBAI,DISTRICT_OR_REPORTING_UNIT,VALID
Maharashtra,OSMANABAD,2013,48,26,4,127,12,166,0,WOMEN,42_District_wise_crimes_committed_against_women_2013.csv,438,42_District_wise_crimes_committed_against_women_2013.csv::438,False,UNIQUE,OSMANABAD,DISTRICT_OR_REPORTING_UNIT,VALID
Maharashtra,PARBHANI,2013,40,37,4,132,6,271,0,WOMEN,42_District_wise_crimes_committed_against_women_2013.csv,439,42_District_wise_crimes_committed_against_women_2013.csv::439,False,UNIQUE,PARBHANI,DISTRICT_OR_REPORTING_UNIT,VALID
Maharashtra,PUNE COMMR.,2013,171,125,9,304,128,344,0,WOMEN,42_District_wise_crimes_committed_against_women_2013.csv,440,42_District_wise_crimes_committed_against_women_2013.csv::440,False,UNIQUE,PUNE COMMR.,DISTRICT_OR_REPORTING_UNIT,VALID
Maharashtra,PUNE RLY.,2013,3,2,0,6,1,0,0,WOMEN,42_District_wise_crimes_committed_against_women_2013.csv,441,42_District_wise_crimes_committed_against_women_2013.csv::441,False,UNIQUE,PUNE RLY.,DISTRICT_OR_REPORTING_UNIT,VALID
Maharashtra,PUNE RURAL,2013,150,76,6,277,72,224,0,WOMEN,42_District_wise_crimes_committed_against_women_2013.csv,442,42_District_wise_crimes_committed_against_women_2013.csv::442,False,UNIQUE,PUNE RURAL,SPECIAL_UNIT,VALID
Maharashtra,RAIGAD,2013,42,14,4,92,45,80,0,WOMEN,42_District_wise_crimes_committed_against_women_2013.csv,443,42_District_wise_crimes_committed_against_women_2013.csv::443,False,UNIQUE,RAIGAD,DISTRICT_OR_REPORTING_UNIT,VALID
Maharashtra,RATNAGIRI,2013,27,8,0,82,26,39,0,WOMEN,42_District_wise_crimes_committed_against_women_2013.csv,444,42_District_wise_crimes_committed_against_women_2013.csv::444,False,UNIQUE,RATNAGIRI,DISTRICT_OR_REPORTING_UNIT,VALID
Maharashtra,SANGLI,2013,77,33,8,141,15,141,0,WOMEN,42_District_wise_crimes_committed_against_women_2013.csv,445,42_District_wise_crimes_committed_against_women_2013.csv::445,False,UNIQUE,SANGLI,DISTRICT_OR_REPORTING_UNIT,VALID
Maharashtra,SATARA,2013,88,47,4,297,45,201,0,WOMEN,42_District_wise_crimes_committed_against_women_2013.csv,446,42_District_wise_crimes_committed_against_women_2013.csv::446,False,UNIQUE,SATARA,DISTRICT_OR_REPORTING_UNIT,VALID
Maharashtra,SINDHUDURG,2013,11,5,0,50,12,12,0,WOMEN,42_District_wise_crimes_committed_against_women_2013.csv,447,42_District_wise_crimes_committed_against_women_2013.csv::447,False,UNIQUE,SINDHUDURG,DISTRICT_OR_REPORTING_UNIT,VALID
Maharashtra,SOLAPUR COMMR.,2013,37,25,1,53,23,63,0,WOMEN,42_District_wise_crimes_committed_against_women_2013.csv,448,42_District_wise_crimes_committed_against_women_2013.csv::448,False,UNIQUE,SOLAPUR COMMR.,DISTRICT_OR_REPORTING_UNIT,VALID
Maharashtra,SOLAPUR RURAL,2013,82,25,1,149,28,109,0,WOMEN,42_District_wise_crimes_committed_against_women_2013.csv,449,42_District_wise_crimes_committed_against_women_2013.csv::449,False,UNIQUE,SOLAPUR RURAL,SPECIAL_UNIT,VALID
Maharashtra,THANE COMMR.,2013,182,178,14,467,119,423,0,WOMEN,42_District_wise_crimes_committed_against_women_2013.csv,450,42_District_wise_crimes_committed_against_women_2013.csv::450,False,UNIQUE,THANE COMMR.,DISTRICT_OR_REPORTING_UNIT,VALID
Maharashtra,THANE RURAL,2013,133,52,8,246,100,217,0,WOMEN,42_District_wise_crimes_committed_against_women_2013.csv,451,42_District_wise_crimes_committed_against_women_2013.csv::451,False,UNIQUE,THANE RURAL,SPECIAL_UNIT,VALID
Maharashtra,WARDHA,2013,73,47,1,227,35,116,0,WOMEN,42_District_wise_crimes_committed_against_women_2013.csv,452,42_District_wise_crimes_committed_against_women_2013.csv::452,False,UNIQUE,WARDHA,DISTRICT_OR_REPORTING_UNIT,VALID
Maharashtra,WASHIM,2013,26,21,10,153,22,142,0,WOMEN,42_District_wise_crimes_committed_against_women_2013.csv,453,42_District_wise_crimes_committed_against_women_2013.csv::453,False,UNIQUE,WASHIM,DISTRICT_OR_REPORTING_UNIT,VALID
Maharashtra,YAVATMAL,2013,104,105,12,388,750,381,0,WOMEN,42_District_wise_crimes_committed_against_women_2013.csv,454,42_District_wise_crimes_committed_against_women_2013.csv::454,False,UNIQUE,YAVATMAL,DISTRICT_OR_REPORTING_UNIT,VALID
Maharashtra,ZZ TOTAL,2013,3063,1874,320,8132,2632,8542,0,WOMEN,42_District_wise_crimes_committed_against_women_2013.csv,455,42_District_wise_crimes_committed_against_women_2013.csv::455,False,UNIQUE,ZZ TOTAL,DISTRICT_OR_REPORTING_UNIT,VALID
Manipur,BISHNUPUR,2013,7,4,0,3,0,1,0,WOMEN,42_District_wise_crimes_committed_against_women_2013.csv,456,42_District_wise_crimes_committed_against_women_2013.csv::456,False,UNIQUE,BISHNUPUR,DISTRICT_OR_REPORTING_UNIT,VALID
Manipur,CHANDEL,2013,1,2,0,0,0,0,0,WOMEN,42_District_wise_crimes_committed_against_women_2013.csv,457,42_District_wise_crimes_committed_against_women_2013.csv::457,False,UNIQUE,CHANDEL,DISTRICT_OR_REPORTING_UNIT,VALID
Manipur,CHURACHANDPUR,2013,0,3,0,2,0,0,0,WOMEN,42_District_wise_crimes_committed_against_women_2013.csv,458,42_District_wise_crimes_committed_against_women_2013.csv::458,False,UNIQUE,CHURACHANDPUR,DISTRICT_OR_REPORTING_UNIT,VALID
Manipur,CID,2013,0,0,0,0,0,0,0,WOMEN,42_District_wise_crimes_committed_against_women_2013.csv,459,42_District_wise_crimes_committed_against_women_2013.csv::459,False,UNIQUE,CID,DISTRICT_OR_REPORTING_UNIT,VALID
Manipur,IMPHAL EAST,2013,12,34,0,9,0,8,0,WOMEN,42_District_wise_crimes_committed_against_women_2013.csv,460,42_District_wise_crimes_committed_against_women_2013.csv::460,False,UNIQUE,IMPHAL EAST,DISTRICT_OR_REPORTING_UNIT,VALID
Manipur,IMPHAL WEST,2013,26,42,0,34,0,9,0,WOMEN,42_District_wise_crimes_committed_against_women_2013.csv,461,42_District_wise_crimes_committed_against_women_2013.csv::461,False,UNIQUE,IMPHAL WEST,DISTRICT_OR_REPORTING_UNIT,VALID
Manipur,SENAPATI,2013,0,3,0,0,0,1,0,WOMEN,42_District_wise_crimes_committed_against_women_2013.csv,462,42_District_wise_crimes_committed_against_women_2013.csv::462,False,UNIQUE,SENAPATI,DISTRICT_OR_REPORTING_UNIT,VALID
Manipur,TAMENGLONG,2013,0,2,0,1,0,0,0,WOMEN,42_District_wise_crimes_committed_against_women_2013.csv,463,42_District_wise_crimes_committed_against_women_2013.csv::463,False,UNIQUE,TAMENGLONG,DISTRICT_OR_REPORTING_UNIT,VALID
Manipur,THOUBAL,2013,24,32,0,9,0,9,0,WOMEN,42_District_wise_crimes_committed_against_women_2013.csv,464,42_District_wise_crimes_committed_against_women_2013.csv::464,False,UNIQUE,THOUBAL,DISTRICT_OR_REPORTING_UNIT,VALID
Manipur,UKHRUL,2013,2,3,0,1,0,1,0,WOMEN,42_District_wise_crimes_committed_against_women_2013.csv,465,42_District_wise_crimes_committed_against_women_2013.csv::465,False,UNIQUE,UKHRUL,DISTRICT_OR_REPORTING_UNIT,VALID
Manipur,ZZ TOTAL,2013,72,125,0,59,0,29,0,WOMEN,42_District_wise_crimes_committed_against_women_2013.csv,466,42_District_wise_crimes_committed_against_women_2013.csv::466,False,UNIQUE,ZZ TOTAL,DISTRICT_OR_REPORTING_UNIT,VALID
Meghalaya,GARO HILLS EAST,2013,5,1,0,6,0,0,0,WOMEN,42_District_wise_crimes_committed_against_women_2013.csv,467,42_District_wise_crimes_committed_against_women_2013.csv::467,False,UNIQUE,GARO HILLS EAST,DISTRICT_OR_REPORTING_UNIT,VALID
Meghalaya,GARO HILLS NORTH,2013,1,5,0,0,0,1,0,WOMEN,42_District_wise_crimes_committed_against_women_2013.csv,468,42_District_wise_crimes_committed_against_women_2013.csv::468,False,UNIQUE,GARO HILLS NORTH,DISTRICT_OR_REPORTING_UNIT,VALID
Meghalaya,GARO HILLS SOUTH,2013,7,1,0,2,0,1,0,WOMEN,42_District_wise_crimes_committed_against_women_2013.csv,469,42_District_wise_crimes_committed_against_women_2013.csv::469,False,UNIQUE,GARO HILLS SOUTH,DISTRICT_OR_REPORTING_UNIT,VALID
Meghalaya,GARO HILLS SOUTH W.,2013,10,1,0,5,0,0,0,WOMEN,42_District_wise_crimes_committed_against_women_2013.csv,470,42_District_wise_crimes_committed_against_women_2013.csv::470,False,UNIQUE,GARO HILLS SOUTH W.,DISTRICT_OR_REPORTING_UNIT,VALID
Meghalaya,GARO HILLS WEST,2013,15,1,0,16,0,6,0,WOMEN,42_District_wise_crimes_committed_against_women_2013.csv,471,42_District_wise_crimes_committed_against_women_2013.csv::471,False,UNIQUE,GARO HILLS WEST,DISTRICT_OR_REPORTING_UNIT,VALID
Meghalaya,JAINTIA HILLS EAST,2013,14,1,0,3,0,0,0,WOMEN,42_District_wise_crimes_committed_against_women_2013.csv,472,42_District_wise_crimes_committed_against_women_2013.csv::472,False,UNIQUE,JAINTIA HILLS EAST,DISTRICT_OR_REPORTING_UNIT,VALID
Meghalaya,JAINTIA HILLS WEST,2013,24,0,0,10,0,2,0,WOMEN,42_District_wise_crimes_committed_against_women_2013.csv,473,42_District_wise_crimes_committed_against_women_2013.csv::473,False,UNIQUE,JAINTIA HILLS WEST,DISTRICT_OR_REPORTING_UNIT,VALID
Meghalaya,KHASI HILLS EAST,2013,55,11,2,32,0,11,0,WOMEN,42_District_wise_crimes_committed_against_women_2013.csv,474,42_District_wise_crimes_committed_against_women_2013.csv::474,False,UNIQUE,KHASI HILLS EAST,DISTRICT_OR_REPORTING_UNIT,VALID
Meghalaya,KHASI HILLS SOUTH W.,2013,11,2,0,2,0,2,0,WOMEN,42_District_wise_crimes_committed_against_women_2013.csv,475,42_District_wise_crimes_committed_against_women_2013.csv::475,False,UNIQUE,KHASI HILLS SOUTH W.,DISTRICT_OR_REPORTING_UNIT,VALID
Meghalaya,KHASI HILLS WEST,2013,12,4,0,14,0,0,0,WOMEN,42_District_wise_crimes_committed_against_women_2013.csv,476,42_District_wise_crimes_committed_against_women_2013.csv::476,False,UNIQUE,KHASI HILLS WEST,DISTRICT_OR_REPORTING_UNIT,VALID
Meghalaya,RI-BHOI,2013,29,6,0,8,0,0,0,WOMEN,42_District_wise_crimes_committed_against_women_2013.csv,477,42_District_wise_crimes_committed_against_women_2013.csv::477,False,UNIQUE,RI-BHOI,DISTRICT_OR_REPORTING_UNIT,VALID
Meghalaya,ZZ TOTAL,2013,183,33,2,98,0,23,0,WOMEN,42_District_wise_crimes_committed_against_women_2013.csv,478,42_District_wise_crimes_committed_against_women_2013.csv::478,False,UNIQUE,ZZ TOTAL,DISTRICT_OR_REPORTING_UNIT,VALID
Mizoram,AIZAWL,2013,37,1,0,37,0,5,0,WOMEN,42_District_wise_crimes_committed_against_women_2013.csv,479,42_District_wise_crimes_committed_against_women_2013.csv::479,False,UNIQUE,AIZAWL,DISTRICT_OR_REPORTING_UNIT,VALID
Mizoram,CHAMPHAI,2013,12,0,0,5,0,0,0,WOMEN,42_District_wise_crimes_committed_against_women_2013.csv,480,42_District_wise_crimes_committed_against_women_2013.csv::480,False,UNIQUE,CHAMPHAI,DISTRICT_OR_REPORTING_UNIT,VALID
Mizoram,KOLASIB,2013,9,1,0,7,0,0,0,WOMEN,42_District_wise_crimes_committed_against_women_2013.csv,481,42_District_wise_crimes_committed_against_women_2013.csv::481,False,UNIQUE,KOLASIB,DISTRICT_OR_REPORTING_UNIT,VALID
Mizoram,LAWNGTLAI,2013,3,0,0,6,0,0,0,WOMEN,42_District_wise_crimes_committed_against_women_2013.csv,482,42_District_wise_crimes_committed_against_women_2013.csv::482,False,UNIQUE,LAWNGTLAI,DISTRICT_OR_REPORTING_UNIT,VALID
Mizoram,LUNGLEI,2013,15,0,0,13,0,0,0,WOMEN,42_District_wise_crimes_committed_against_women_2013.csv,483,42_District_wise_crimes_committed_against_women_2013.csv::483,False,UNIQUE,LUNGLEI,DISTRICT_OR_REPORTING_UNIT,VALID
Mizoram,MAMIT,2013,5,0,0,5,0,0,0,WOMEN,42_District_wise_crimes_committed_against_women_2013.csv,484,42_District_wise_crimes_committed_against_women_2013.csv::484,False,UNIQUE,MAMIT,DISTRICT_OR_REPORTING_UNIT,VALID
Mizoram,SAIHA,2013,4,0,0,1,0,0,0,WOMEN,42_District_wise_crimes_committed_against_women_2013.csv,485,42_District_wise_crimes_committed_against_women_2013.csv::485,False,UNIQUE,SAIHA,DISTRICT_OR_REPORTING_UNIT,VALID
Mizoram,SERCHHIP,2013,4,0,0,7,0,0,0,WOMEN,42_District_wise_crimes_committed_against_women_2013.csv,486,42_District_wise_crimes_committed_against_women_2013.csv::486,False,UNIQUE,SERCHHIP,DISTRICT_OR_REPORTING_UNIT,VALID
Mizoram,SPL NARCOTIC,2013,0,0,0,0,0,0,0,WOMEN,42_District_wise_crimes_committed_against_women_2013.csv,487,42_District_wise_crimes_committed_against_women_2013.csv::487,False,UNIQUE,SPL NARCOTIC,DISTRICT_OR_REPORTING_UNIT,VALID
Mizoram,TRAFFIC PS,2013,0,0,0,0,0,0,0,WOMEN,42_District_wise_crimes_committed_against_women_2013.csv,488,42_District_wise_crimes_committed_against_women_2013.csv::488,False,UNIQUE,TRAFFIC PS,DISTRICT_OR_REPORTING_UNIT,VALID
Mizoram,ZZ TOTAL,2013,89,2,0,81,0,5,0,WOMEN,42_District_wise_crimes_committed_against_women_2013.csv,489,42_District_wise_crimes_committed_against_women_2013.csv::489,False,UNIQUE,ZZ TOTAL,DISTRICT_OR_REPORTING_UNIT,VALID
Nagaland,DIMAPUR,2013,14,10,1,18,1,4,0,WOMEN,42_District_wise_crimes_committed_against_women_2013.csv,490,42_District_wise_crimes_committed_against_women_2013.csv::490,False,UNIQUE,DIMAPUR,DISTRICT_OR_REPORTING_UNIT,VALID
Nagaland,KIPHIRE,2013,2,0,0,0,0,0,0,WOMEN,42_District_wise_crimes_committed_against_women_2013.csv,491,42_District_wise_crimes_committed_against_women_2013.csv::491,False,UNIQUE,KIPHIRE,DISTRICT_OR_REPORTING_UNIT,VALID
Nagaland,KOHIMA,2013,5,0,0,0,0,0,0,WOMEN,42_District_wise_crimes_committed_against_women_2013.csv,492,42_District_wise_crimes_committed_against_women_2013.csv::492,False,UNIQUE,KOHIMA,DISTRICT_OR_REPORTING_UNIT,VALID
Nagaland,LONGLENG,2013,0,0,0,0,0,0,0,WOMEN,42_District_wise_crimes_committed_against_women_2013.csv,493,42_District_wise_crimes_committed_against_women_2013.csv::493,False,UNIQUE,LONGLENG,DISTRICT_OR_REPORTING_UNIT,VALID
Nagaland,MOKOKCHUNG,2013,3,0,0,0,0,0,0,WOMEN,42_District_wise_crimes_committed_against_women_2013.csv,494,42_District_wise_crimes_committed_against_women_2013.csv::494,False,UNIQUE,MOKOKCHUNG,DISTRICT_OR_REPORTING_UNIT,VALID
Nagaland,MON,2013,1,1,0,0,0,0,0,WOMEN,42_District_wise_crimes_committed_against_women_2013.csv,495,42_District_wise_crimes_committed_against_women_2013.csv::495,False,UNIQUE,MON,DISTRICT_OR_REPORTING_UNIT,VALID
Nagaland,PEREN,2013,1,0,0,0,0,0,0,WOMEN,42_District_wise_crimes_committed_against_women_2013.csv,496,42_District_wise_crimes_committed_against_women_2013.csv::496,False,UNIQUE,PEREN,DISTRICT_OR_REPORTING_UNIT,VALID
Nagaland,PHEK,2013,4,0,0,0,0,0,0,WOMEN,42_District_wise_crimes_committed_against_women_2013.csv,497,42_District_wise_crimes_committed_against_women_2013.csv::497,False,UNIQUE,PHEK,DISTRICT_OR_REPORTING_UNIT,VALID
Nagaland,TUENSANG,2013,1,0,0,0,0,0,0,WOMEN,42_District_wise_crimes_committed_against_women_2013.csv,498,42_District_wise_crimes_committed_against_women_2013.csv::498,False,UNIQUE,TUENSANG,DISTRICT_OR_REPORTING_UNIT,VALID
Nagaland,WOKHA,2013,0,0,0,0,0,0,0,WOMEN,42_District_wise_crimes_committed_against_women_2013.csv,499,42_District_wise_crimes_committed_against_women_2013.csv::499,False,UNIQUE,WOKHA,DISTRICT_OR_REPORTING_UNIT,VALID
Nagaland,ZUNHEBOTO,2013,0,0,0,0,0,0,0,WOMEN,42_District_wise_crimes_committed_against_women_2013.csv,500,42_District_wise_crimes_committed_against_women_2013.csv::500,False,UNIQUE,ZUNHEBOTO,DISTRICT_OR_REPORTING_UNIT,VALID
Nagaland,ZZ TOTAL,2013,31,11,1,18,1,4,0,WOMEN,42_District_wise_crimes_committed_against_women_2013.csv,501,42_District_wise_crimes_committed_against_women_2013.csv::501,False,UNIQUE,ZZ TOTAL,DISTRICT_OR_REPORTING_UNIT,VALID
Odisha,ANGUL,2013,64,113,0,288,7,68,0,WOMEN,42_District_wise_crimes_committed_against_women_2013.csv,502,42_District_wise_crimes_committed_against_women_2013.csv::502,False,UNIQUE,ANGUL,DISTRICT_OR_REPORTING_UNIT,VALID
Odisha,BALASORE,2013,94,154,49,251,30,396,0,WOMEN,42_District_wise_crimes_committed_against_women_2013.csv,503,42_District_wise_crimes_committed_against_women_2013.csv::503,False,UNIQUE,BALASORE,DISTRICT_OR_REPORTING_UNIT,VALID
Odisha,BARAGARH,2013,49,42,4,149,14,79,0,WOMEN,42_District_wise_crimes_committed_against_women_2013.csv,504,42_District_wise_crimes_committed_against_women_2013.csv::504,False,UNIQUE,BARAGARH,DISTRICT_OR_REPORTING_UNIT,VALID
Odisha,BERHAMPUR,2013,33,60,1,183,27,71,0,WOMEN,42_District_wise_crimes_committed_against_women_2013.csv,505,42_District_wise_crimes_committed_against_women_2013.csv::505,False,UNIQUE,BERHAMPUR,DISTRICT_OR_REPORTING_UNIT,VALID
Odisha,BHADRAK,2013,69,100,12,136,19,202,0,WOMEN,42_District_wise_crimes_committed_against_women_2013.csv,506,42_District_wise_crimes_committed_against_women_2013.csv::506,False,UNIQUE,BHADRAK,DISTRICT_OR_REPORTING_UNIT,VALID
Odisha,BOLANGIR,2013,44,44,11,101,8,42,0,WOMEN,42_District_wise_crimes_committed_against_women_2013.csv,507,42_District_wise_crimes_committed_against_women_2013.csv::507,False,UNIQUE,BOLANGIR,DISTRICT_OR_REPORTING_UNIT,VALID
Odisha,BOUDH,2013,49,37,1,107,8,31,0,WOMEN,42_District_wise_crimes_committed_against_women_2013.csv,508,42_District_wise_crimes_committed_against_women_2013.csv::508,False,UNIQUE,BOUDH,DISTRICT_OR_REPORTING_UNIT,VALID
Odisha,CUTTACK,2013,44,57,29,12,1,28,0,WOMEN,42_District_wise_crimes_committed_against_women_2013.csv,509,42_District_wise_crimes_committed_against_women_2013.csv::509,False,UNIQUE,CUTTACK,DISTRICT_OR_REPORTING_UNIT,VALID
Odisha,DCP BBSR,2013,51,91,18,92,26,58,0,WOMEN,42_District_wise_crimes_committed_against_women_2013.csv,510,42_District_wise_crimes_committed_against_women_2013.csv::510,False,UNIQUE,DCP BBSR,DISTRICT_OR_REPORTING_UNIT,VALID
Odisha,DCP CTC,2013,30,76,2,27,6,183,0,WOMEN,42_District_wise_crimes_committed_against_women_2013.csv,511,42_District_wise_crimes_committed_against_women_2013.csv::511,False,UNIQUE,DCP CTC,DISTRICT_OR_REPORTING_UNIT,VALID
Odisha,DEOGARH,2013,19,7,1,40,1,18,0,WOMEN,42_District_wise_crimes_committed_against_women_2013.csv,512,42_District_wise_crimes_committed_against_women_2013.csv::512,False,UNIQUE,DEOGARH,DISTRICT_OR_REPORTING_UNIT,VALID
Odisha,DHENKANAL,2013,37,54,17,376,44,54,0,WOMEN,42_District_wise_crimes_committed_against_women_2013.csv,513,42_District_wise_crimes_committed_against_women_2013.csv::513,False,UNIQUE,DHENKANAL,DISTRICT_OR_REPORTING_UNIT,VALID
Odisha,GAJAPATI,2013,19,8,4,80,6,10,0,WOMEN,42_District_wise_crimes_committed_against_women_2013.csv,514,42_District_wise_crimes_committed_against_women_2013.csv::514,False,UNIQUE,GAJAPATI,DISTRICT_OR_REPORTING_UNIT,VALID
Odisha,GANJAM,2013,80,50,20,407,39,40,0,WOMEN,42_District_wise_crimes_committed_against_women_2013.csv,515,42_District_wise_crimes_committed_against_women_2013.csv::515,False,UNIQUE,GANJAM,DISTRICT_OR_REPORTING_UNIT,VALID
Odisha,JAGATSINGHPUR,2013,40,66,30,177,7,113,0,WOMEN,42_District_wise_crimes_committed_against_women_2013.csv,516,42_District_wise_crimes_committed_against_women_2013.csv::516,False,UNIQUE,JAGATSINGHPUR,DISTRICT_OR_REPORTING_UNIT,VALID
Odisha,JAJPUR,2013,76,97,35,171,20,169,0,WOMEN,42_District_wise_crimes_committed_against_women_2013.csv,517,42_District_wise_crimes_committed_against_women_2013.csv::517,False,UNIQUE,JAJPUR,DISTRICT_OR_REPORTING_UNIT,VALID
Odisha,JHARSUGUDA,2013,21,20,6,88,5,54,0,WOMEN,42_District_wise_crimes_committed_against_women_2013.csv,518,42_District_wise_crimes_committed_against_women_2013.csv::518,False,UNIQUE,JHARSUGUDA,DISTRICT_OR_REPORTING_UNIT,VALID
Odisha,KALAHANDI,2013,55,54,9,157,21,116,0,WOMEN,42_District_wise_crimes_committed_against_women_2013.csv,519,42_District_wise_crimes_committed_against_women_2013.csv::519,False,UNIQUE,KALAHANDI,DISTRICT_OR_REPORTING_UNIT,VALID
Odisha,KANDHAMAL,2013,43,45,4,101,6,37,0,WOMEN,42_District_wise_crimes_committed_against_women_2013.csv,520,42_District_wise_crimes_committed_against_women_2013.csv::520,False,UNIQUE,KANDHAMAL,DISTRICT_OR_REPORTING_UNIT,VALID
Odisha,KENDRAPARA,2013,53,98,0,26,4,41,0,WOMEN,42_District_wise_crimes_committed_against_women_2013.csv,521,42_District_wise_crimes_committed_against_women_2013.csv::521,False,UNIQUE,KENDRAPARA,DISTRICT_OR_REPORTING_UNIT,VALID
Odisha,KEONJHAR,2013,115,83,29,244,20,194,0,WOMEN,42_District_wise_crimes_committed_against_women_2013.csv,522,42_District_wise_crimes_committed_against_women_2013.csv::522,False,UNIQUE,KEONJHAR,DISTRICT_OR_REPORTING_UNIT,VALID
Odisha,KHURDA,2013,33,56,17,105,8,127,0,WOMEN,42_District_wise_crimes_committed_against_women_2013.csv,523,42_District_wise_crimes_committed_against_women_2013.csv::523,False,UNIQUE,KHURDA,DISTRICT_OR_REPORTING_UNIT,VALID
Odisha,KORAPUT,2013,77,52,5,112,8,63,0,WOMEN,42_District_wise_crimes_committed_against_women_2013.csv,524,42_District_wise_crimes_committed_against_women_2013.csv::524,False,UNIQUE,KORAPUT,DISTRICT_OR_REPORTING_UNIT,VALID
Odisha,MALKANGIR,2013,15,16,2,39,6,14,0,WOMEN,42_District_wise_crimes_committed_against_women_2013.csv,525,42_District_wise_crimes_committed_against_women_2013.csv::525,False,UNIQUE,MALKANGIR,DISTRICT_OR_REPORTING_UNIT,VALID
Odisha,MAYURBHANJ,2013,142,117,19,343,13,102,0,WOMEN,42_District_wise_crimes_committed_against_women_2013.csv,526,42_District_wise_crimes_committed_against_women_2013.csv::526,False,UNIQUE,MAYURBHANJ,DISTRICT_OR_REPORTING_UNIT,VALID
Odisha,NAYAGARH,2013,30,46,13,13,2,23,0,WOMEN,42_District_wise_crimes_committed_against_women_2013.csv,527,42_District_wise_crimes_committed_against_women_2013.csv::527,False,UNIQUE,NAYAGARH,DISTRICT_OR_REPORTING_UNIT,VALID
Odisha,NOWRANGPUR,2013,67,70,0,111,13,68,0,WOMEN,42_District_wise_crimes_committed_against_women_2013.csv,528,42_District_wise_crimes_committed_against_women_2013.csv::528,False,UNIQUE,NOWRANGPUR,DISTRICT_OR_REPORTING_UNIT,VALID
Odisha,NUAPADA,2013,24,40,7,120,14,23,0,WOMEN,42_District_wise_crimes_committed_against_women_2013.csv,529,42_District_wise_crimes_committed_against_women_2013.csv::529,False,UNIQUE,NUAPADA,DISTRICT_OR_REPORTING_UNIT,VALID
Odisha,PURI,2013,58,78,24,56,5,181,0,WOMEN,42_District_wise_crimes_committed_against_women_2013.csv,530,42_District_wise_crimes_committed_against_women_2013.csv::530,False,UNIQUE,PURI,DISTRICT_OR_REPORTING_UNIT,VALID
Odisha,RAYAGADA,2013,78,82,3,136,10,48,0,WOMEN,42_District_wise_crimes_committed_against_women_2013.csv,531,42_District_wise_crimes_committed_against_women_2013.csv::531,False,UNIQUE,RAYAGADA,DISTRICT_OR_REPORTING_UNIT,VALID
Odisha,ROURKELA,2013,71,59,5,134,17,32,0,WOMEN,42_District_wise_crimes_committed_against_women_2013.csv,532,42_District_wise_crimes_committed_against_women_2013.csv::532,False,UNIQUE,ROURKELA,DISTRICT_OR_REPORTING_UNIT,VALID
Odisha,SAMBALPUR,2013,81,46,9,63,7,37,0,WOMEN,42_District_wise_crimes_committed_against_women_2013.csv,533,42_District_wise_crimes_committed_against_women_2013.csv::533,False,UNIQUE,SAMBALPUR,DISTRICT_OR_REPORTING_UNIT,VALID
Odisha,SONEPUR,2013,17,12,1,67,1,44,0,WOMEN,42_District_wise_crimes_committed_against_women_2013.csv,534,42_District_wise_crimes_committed_against_women_2013.csv::534,False,UNIQUE,SONEPUR,DISTRICT_OR_REPORTING_UNIT,VALID
Odisha,SRP(CUTTACK),2013,0,0,0,3,0,1,0,WOMEN,42_District_wise_crimes_committed_against_women_2013.csv,535,42_District_wise_crimes_committed_against_women_2013.csv::535,False,UNIQUE,SRP(CUTTACK),DISTRICT_OR_REPORTING_UNIT,VALID
Odisha,SRP(ROURKELA),2013,1,5,0,15,0,0,0,WOMEN,42_District_wise_crimes_committed_against_women_2013.csv,536,42_District_wise_crimes_committed_against_women_2013.csv::536,False,UNIQUE,SRP(ROURKELA),DISTRICT_OR_REPORTING_UNIT,VALID
Odisha,SUNDARGARH,2013,53,32,8,88,3,25,0,WOMEN,42_District_wise_crimes_committed_against_women_2013.csv,537,42_District_wise_crimes_committed_against_women_2013.csv::537,False,UNIQUE,SUNDARGARH,DISTRICT_OR_REPORTING_UNIT,VALID
Odisha,ZZ TOTAL,2013,1832,2067,395,4618,426,2792,0,WOMEN,42_District_wise_crimes_committed_against_women_2013.csv,538,42_District_wise_crimes_committed_against_women_2013.csv::538,False,UNIQUE,ZZ TOTAL,DISTRICT_OR_REPORTING_UNIT,VALID
Punjab,AMRITSAR RURAL,2013,34,45,3,60,1,50,0,WOMEN,42_District_wise_crimes_committed_against_women_2013.csv,539,42_District_wise_crimes_committed_against_women_2013.csv::539,False,UNIQUE,AMRITSAR RURAL,SPECIAL_UNIT,VALID
Punjab,BARNALA,2013,17,37,2,11,0,17,0,WOMEN,42_District_wise_crimes_committed_against_women_2013.csv,540,42_District_wise_crimes_committed_against_women_2013.csv::540,False,UNIQUE,BARNALA,DISTRICT_OR_REPORTING_UNIT,VALID
Punjab,BATALA,2013,31,29,1,26,0,35,0,WOMEN,42_District_wise_crimes_committed_against_women_2013.csv,541,42_District_wise_crimes_committed_against_women_2013.csv::541,False,UNIQUE,BATALA,DISTRICT_OR_REPORTING_UNIT,VALID
Punjab,BHATINDA,2013,52,48,4,57,2,89,0,WOMEN,42_District_wise_crimes_committed_against_women_2013.csv,542,42_District_wise_crimes_committed_against_women_2013.csv::542,False,UNIQUE,BHATINDA,DISTRICT_OR_REPORTING_UNIT,VALID
Punjab,CP AMRITSAR,2013,29,53,4,53,4,101,0,WOMEN,42_District_wise_crimes_committed_against_women_2013.csv,543,42_District_wise_crimes_committed_against_women_2013.csv::543,False,UNIQUE,CP AMRITSAR,DISTRICT_OR_REPORTING_UNIT,VALID
Punjab,CP JALANDHAR,2013,41,59,11,78,14,162,0,WOMEN,42_District_wise_crimes_committed_against_women_2013.csv,544,42_District_wise_crimes_committed_against_women_2013.csv::544,False,UNIQUE,CP JALANDHAR,DISTRICT_OR_REPORTING_UNIT,VALID
Punjab,CP LUDHIANA,2013,109,110,13,81,21,140,0,WOMEN,42_District_wise_crimes_committed_against_women_2013.csv,545,42_District_wise_crimes_committed_against_women_2013.csv::545,False,UNIQUE,CP LUDHIANA,DISTRICT_OR_REPORTING_UNIT,VALID
Punjab,FARIDKOT,2013,20,17,3,29,0,21,0,WOMEN,42_District_wise_crimes_committed_against_women_2013.csv,546,42_District_wise_crimes_committed_against_women_2013.csv::546,False,UNIQUE,FARIDKOT,DISTRICT_OR_REPORTING_UNIT,VALID
Punjab,FATEHGARH SAHIB,2013,17,20,1,13,0,47,0,WOMEN,42_District_wise_crimes_committed_against_women_2013.csv,547,42_District_wise_crimes_committed_against_women_2013.csv::547,False,UNIQUE,FATEHGARH SAHIB,DISTRICT_OR_REPORTING_UNIT,VALID
Punjab,FAZILKA,2013,34,32,4,14,4,33,0,WOMEN,42_District_wise_crimes_committed_against_women_2013.csv,548,42_District_wise_crimes_committed_against_women_2013.csv::548,False,UNIQUE,FAZILKA,DISTRICT_OR_REPORTING_UNIT,VALID
Punjab,FEROZPUR,2013,17,28,3,8,0,48,0,WOMEN,42_District_wise_crimes_committed_against_women_2013.csv,549,42_District_wise_crimes_committed_against_women_2013.csv::549,False,UNIQUE,FEROZPUR,DISTRICT_OR_REPORTING_UNIT,VALID
Punjab,G.R.P,2013,2,2,0,5,0,0,0,WOMEN,42_District_wise_crimes_committed_against_women_2013.csv,550,42_District_wise_crimes_committed_against_women_2013.csv::550,False,UNIQUE,G.R.P,DISTRICT_OR_REPORTING_UNIT,VALID
Punjab,GURDASPUR,2013,23,36,3,41,1,44,0,WOMEN,42_District_wise_crimes_committed_against_women_2013.csv,551,42_District_wise_crimes_committed_against_women_2013.csv::551,False,UNIQUE,GURDASPUR,DISTRICT_OR_REPORTING_UNIT,VALID
Punjab,HOSHIARPUR,2013,36,28,5,54,0,154,0,WOMEN,42_District_wise_crimes_committed_against_women_2013.csv,552,42_District_wise_crimes_committed_against_women_2013.csv::552,False,UNIQUE,HOSHIARPUR,DISTRICT_OR_REPORTING_UNIT,VALID
Punjab,JALANDHAR RURAL,2013,39,21,5,51,5,71,0,WOMEN,42_District_wise_crimes_committed_against_women_2013.csv,553,42_District_wise_crimes_committed_against_women_2013.csv::553,False,UNIQUE,JALANDHAR RURAL,SPECIAL_UNIT,VALID
Punjab,KAPURTHALA,2013,30,39,7,40,0,62,0,WOMEN,42_District_wise_crimes_committed_against_women_2013.csv,554,42_District_wise_crimes_committed_against_women_2013.csv::554,False,UNIQUE,KAPURTHALA,DISTRICT_OR_REPORTING_UNIT,VALID
Punjab,KHANNA,2013,16,17,2,29,6,24,0,WOMEN,42_District_wise_crimes_committed_against_women_2013.csv,555,42_District_wise_crimes_committed_against_women_2013.csv::555,False,UNIQUE,KHANNA,DISTRICT_OR_REPORTING_UNIT,VALID
Punjab,LUDHIANA RURAL,2013,17,38,2,18,1,20,0,WOMEN,42_District_wise_crimes_committed_against_women_2013.csv,556,42_District_wise_crimes_committed_against_women_2013.csv::556,False,UNIQUE,LUDHIANA RURAL,SPECIAL_UNIT,VALID
Punjab,MANSA,2013,18,9,1,16,2,23,0,WOMEN,42_District_wise_crimes_committed_against_women_2013.csv,557,42_District_wise_crimes_committed_against_women_2013.csv::557,False,UNIQUE,MANSA,DISTRICT_OR_REPORTING_UNIT,VALID
Punjab,MOGA,2013,29,35,5,22,0,24,0,WOMEN,42_District_wise_crimes_committed_against_women_2013.csv,558,42_District_wise_crimes_committed_against_women_2013.csv::558,False,UNIQUE,MOGA,DISTRICT_OR_REPORTING_UNIT,VALID
Punjab,MUKTSAR,2013,18,42,3,20,1,39,0,WOMEN,42_District_wise_crimes_committed_against_women_2013.csv,559,42_District_wise_crimes_committed_against_women_2013.csv::559,False,UNIQUE,MUKTSAR,DISTRICT_OR_REPORTING_UNIT,VALID
Punjab,PATHANKOT,2013,11,15,0,10,0,32,0,WOMEN,42_District_wise_crimes_committed_against_women_2013.csv,560,42_District_wise_crimes_committed_against_women_2013.csv::560,False,UNIQUE,PATHANKOT,DISTRICT_OR_REPORTING_UNIT,VALID
Punjab,PATIALA,2013,56,56,11,84,2,159,0,WOMEN,42_District_wise_crimes_committed_against_women_2013.csv,561,42_District_wise_crimes_committed_against_women_2013.csv::561,False,UNIQUE,PATIALA,DISTRICT_OR_REPORTING_UNIT,VALID
Punjab,ROPAR,2013,30,42,4,29,0,27,0,WOMEN,42_District_wise_crimes_committed_against_women_2013.csv,562,42_District_wise_crimes_committed_against_women_2013.csv::562,False,UNIQUE,ROPAR,DISTRICT_OR_REPORTING_UNIT,VALID
Punjab,SANGRUR,2013,56,39,11,48,2,63,0,WOMEN,42_District_wise_crimes_committed_against_women_2013.csv,563,42_District_wise_crimes_committed_against_women_2013.csv::563,False,UNIQUE,SANGRUR,DISTRICT_OR_REPORTING_UNIT,VALID
Punjab,SAS NGR,2013,51,51,10,92,0,191,0,WOMEN,42_District_wise_crimes_committed_against_women_2013.csv,564,42_District_wise_crimes_committed_against_women_2013.csv::564,False,UNIQUE,SAS NGR,DISTRICT_OR_REPORTING_UNIT,VALID
Punjab,SBS NAGAR,2013,21,8,1,13,1,31,0,WOMEN,42_District_wise_crimes_committed_against_women_2013.csv,565,42_District_wise_crimes_committed_against_women_2013.csv::565,False,UNIQUE,SBS NAGAR,DISTRICT_OR_REPORTING_UNIT,VALID
Punjab,TARN TARAN,2013,34,31,7,43,0,34,0,WOMEN,42_District_wise_crimes_committed_against_women_2013.csv,566,42_District_wise_crimes_committed_against_women_2013.csv::566,False,UNIQUE,TARN TARAN,DISTRICT_OR_REPORTING_UNIT,VALID
Punjab,ZZ TOTAL,2013,888,987,126,1045,67,1741,0,WOMEN,42_District_wise_crimes_committed_against_women_2013.csv,567,42_District_wise_crimes_committed_against_women_2013.csv::567,False,UNIQUE,ZZ TOTAL,DISTRICT_OR_REPORTING_UNIT,VALID
Rajasthan,AJMER,2013,100,155,16,166,1,863,0,WOMEN,42_District_wise_crimes_committed_against_women_2013.csv,568,42_District_wise_crimes_committed_against_women_2013.csv::568,False,UNIQUE,AJMER,DISTRICT_OR_REPORTING_UNIT,VALID
Rajasthan,ALWAR,2013,316,253,42,288,0,707,0,WOMEN,42_District_wise_crimes_committed_against_women_2013.csv,569,42_District_wise_crimes_committed_against_women_2013.csv::569,False,UNIQUE,ALWAR,DISTRICT_OR_REPORTING_UNIT,VALID
Rajasthan,BANSWARA,2013,117,105,13,108,0,205,0,WOMEN,42_District_wise_crimes_committed_against_women_2013.csv,570,42_District_wise_crimes_committed_against_women_2013.csv::570,False,UNIQUE,BANSWARA,DISTRICT_OR_REPORTING_UNIT,VALID
Rajasthan,BARAN,2013,66,102,1,208,0,289,0,WOMEN,42_District_wise_crimes_committed_against_women_2013.csv,571,42_District_wise_crimes_committed_against_women_2013.csv::571,False,UNIQUE,BARAN,DISTRICT_OR_REPORTING_UNIT,VALID
Rajasthan,BARMER,2013,55,25,21,190,0,274,0,WOMEN,42_District_wise_crimes_committed_against_women_2013.csv,572,42_District_wise_crimes_committed_against_women_2013.csv::572,False,UNIQUE,BARMER,DISTRICT_OR_REPORTING_UNIT,VALID
Rajasthan,BHARATPUR,2013,164,201,34,156,0,574,0,WOMEN,42_District_wise_crimes_committed_against_women_2013.csv,573,42_District_wise_crimes_committed_against_women_2013.csv::573,False,UNIQUE,BHARATPUR,DISTRICT_OR_REPORTING_UNIT,VALID
Rajasthan,BHILWARA,2013,101,107,8,135,0,652,0,WOMEN,42_District_wise_crimes_committed_against_women_2013.csv,574,42_District_wise_crimes_committed_against_women_2013.csv::574,False,UNIQUE,BHILWARA,DISTRICT_OR_REPORTING_UNIT,VALID
Rajasthan,BIKANER,2013,100,71,18,63,0,516,0,WOMEN,42_District_wise_crimes_committed_against_women_2013.csv,575,42_District_wise_crimes_committed_against_women_2013.csv::575,False,UNIQUE,BIKANER,DISTRICT_OR_REPORTING_UNIT,VALID
Rajasthan,BUNDI,2013,63,98,2,117,0,326,0,WOMEN,42_District_wise_crimes_committed_against_women_2013.csv,576,42_District_wise_crimes_committed_against_women_2013.csv::576,False,UNIQUE,BUNDI,DISTRICT_OR_REPORTING_UNIT,VALID
Rajasthan,CHITTORGARH,2013,93,150,4,142,0,782,1,WOMEN,42_District_wise_crimes_committed_against_women_2013.csv,577,42_District_wise_crimes_committed_against_women_2013.csv::577,False,UNIQUE,CHITTORGARH,DISTRICT_OR_REPORTING_UNIT,VALID
Rajasthan,CHURU,2013,73,54,10,15,0,420,0,WOMEN,42_District_wise_crimes_committed_against_women_2013.csv,578,42_District_wise_crimes_committed_against_women_2013.csv::578,False,UNIQUE,CHURU,DISTRICT_OR_REPORTING_UNIT,VALID
Rajasthan,DAUSA,2013,41,103,11,163,0,221,0,WOMEN,42_District_wise_crimes_committed_against_women_2013.csv,579,42_District_wise_crimes_committed_against_women_2013.csv::579,False,UNIQUE,DAUSA,DISTRICT_OR_REPORTING_UNIT,VALID
Rajasthan,DHOLPUR,2013,56,72,40,28,0,196,0,WOMEN,42_District_wise_crimes_committed_against_women_2013.csv,580,42_District_wise_crimes_committed_against_women_2013.csv::580,False,UNIQUE,DHOLPUR,DISTRICT_OR_REPORTING_UNIT,VALID
Rajasthan,DISCOM,2013,0,0,0,0,0,0,0,WOMEN,42_District_wise_crimes_committed_against_women_2013.csv,581,42_District_wise_crimes_committed_against_women_2013.csv::581,False,UNIQUE,DISCOM,DISTRICT_OR_REPORTING_UNIT,VALID
Rajasthan,DUNGARPUR,2013,86,104,6,99,0,175,0,WOMEN,42_District_wise_crimes_committed_against_women_2013.csv,582,42_District_wise_crimes_committed_against_women_2013.csv::582,False,UNIQUE,DUNGARPUR,DISTRICT_OR_REPORTING_UNIT,VALID
Rajasthan,G.R.P.AJMER,2013,1,5,1,10,1,0,0,WOMEN,42_District_wise_crimes_committed_against_women_2013.csv,583,42_District_wise_crimes_committed_against_women_2013.csv::583,False,UNIQUE,G.R.P.AJMER,DISTRICT_OR_REPORTING_UNIT,VALID
Rajasthan,G.R.P.JODHPUR,2013,0,0,0,3,0,0,0,WOMEN,42_District_wise_crimes_committed_against_women_2013.csv,584,42_District_wise_crimes_committed_against_women_2013.csv::584,False,UNIQUE,G.R.P.JODHPUR,DISTRICT_OR_REPORTING_UNIT,VALID
Rajasthan,GANGANAGAR,2013,151,139,20,127,3,957,0,WOMEN,42_District_wise_crimes_committed_against_women_2013.csv,585,42_District_wise_crimes_committed_against_women_2013.csv::585,False,UNIQUE,GANGANAGAR,DISTRICT_OR_REPORTING_UNIT,VALID
Rajasthan,HANUMANGARH,2013,105,92,15,121,1,599,0,WOMEN,42_District_wise_crimes_committed_against_women_2013.csv,586,42_District_wise_crimes_committed_against_women_2013.csv::586,False,UNIQUE,HANUMANGARH,DISTRICT_OR_REPORTING_UNIT,VALID
Rajasthan,JAIPUR EAST,2013,49,94,5,107,0,267,0,WOMEN,42_District_wise_crimes_committed_against_women_2013.csv,587,42_District_wise_crimes_committed_against_women_2013.csv::587,False,UNIQUE,JAIPUR EAST,DISTRICT_OR_REPORTING_UNIT,VALID
Rajasthan,JAIPUR NORTH,2013,37,86,4,68,0,300,0,WOMEN,42_District_wise_crimes_committed_against_women_2013.csv,588,42_District_wise_crimes_committed_against_women_2013.csv::588,False,UNIQUE,JAIPUR NORTH,DISTRICT_OR_REPORTING_UNIT,VALID
Rajasthan,JAIPUR RURAL,2013,68,99,8,120,0,269,0,WOMEN,42_District_wise_crimes_committed_against_women_2013.csv,589,42_District_wise_crimes_committed_against_women_2013.csv::589,False,UNIQUE,JAIPUR RURAL,SPECIAL_UNIT,VALID
Rajasthan,JAIPUR SOUTH,2013,42,71,7,39,0,214,0,WOMEN,42_District_wise_crimes_committed_against_women_2013.csv,590,42_District_wise_crimes_committed_against_women_2013.csv::590,False,UNIQUE,JAIPUR SOUTH,DISTRICT_OR_REPORTING_UNIT,VALID
Rajasthan,JAIPUR WEST,2013,64,128,5,69,0,329,0,WOMEN,42_District_wise_crimes_committed_against_women_2013.csv,591,42_District_wise_crimes_committed_against_women_2013.csv::591,False,UNIQUE,JAIPUR WEST,DISTRICT_OR_REPORTING_UNIT,VALID
Rajasthan,JAISALMER,2013,17,9,4,88,0,37,0,WOMEN,42_District_wise_crimes_committed_against_women_2013.csv,592,42_District_wise_crimes_committed_against_women_2013.csv::592,False,UNIQUE,JAISALMER,DISTRICT_OR_REPORTING_UNIT,VALID
Rajasthan,JALORE,2013,44,38,12,72,0,180,0,WOMEN,42_District_wise_crimes_committed_against_women_2013.csv,593,42_District_wise_crimes_committed_against_women_2013.csv::593,False,UNIQUE,JALORE,DISTRICT_OR_REPORTING_UNIT,VALID
Rajasthan,JHALAWAR,2013,117,113,5,307,5,478,0,WOMEN,42_District_wise_crimes_committed_against_women_2013.csv,594,42_District_wise_crimes_committed_against_women_2013.csv::594,False,UNIQUE,JHALAWAR,DISTRICT_OR_REPORTING_UNIT,VALID
Rajasthan,JHUNJHUNU,2013,72,72,12,40,0,405,0,WOMEN,42_District_wise_crimes_committed_against_women_2013.csv,595,42_District_wise_crimes_committed_against_women_2013.csv::595,False,UNIQUE,JHUNJHUNU,DISTRICT_OR_REPORTING_UNIT,VALID
Rajasthan,JODHPUR EAST,2013,20,49,1,51,0,205,0,WOMEN,42_District_wise_crimes_committed_against_women_2013.csv,596,42_District_wise_crimes_committed_against_women_2013.csv::596,False,UNIQUE,JODHPUR EAST,DISTRICT_OR_REPORTING_UNIT,VALID
Rajasthan,JODHPUR RURAL,2013,50,49,11,88,0,166,0,WOMEN,42_District_wise_crimes_committed_against_women_2013.csv,597,42_District_wise_crimes_committed_against_women_2013.csv::597,False,UNIQUE,JODHPUR RURAL,SPECIAL_UNIT,VALID
Rajasthan,JODHPUR WEST,2013,50,55,6,90,0,168,0,WOMEN,42_District_wise_crimes_committed_against_women_2013.csv,598,42_District_wise_crimes_committed_against_women_2013.csv::598,False,UNIQUE,JODHPUR WEST,DISTRICT_OR_REPORTING_UNIT,VALID
Rajasthan,KARAULI,2013,48,77,13,79,0,179,0,WOMEN,42_District_wise_crimes_committed_against_women_2013.csv,599,42_District_wise_crimes_committed_against_women_2013.csv::599,False,UNIQUE,KARAULI,DISTRICT_OR_REPORTING_UNIT,VALID
Rajasthan,KOTA CITY,2013,86,154,6,101,5,512,0,WOMEN,42_District_wise_crimes_committed_against_women_2013.csv,600,42_District_wise_crimes_committed_against_women_2013.csv::600,False,UNIQUE,KOTA CITY,SPECIAL_UNIT,VALID
Rajasthan,KOTA RURAL,2013,45,65,0,166,0,247,0,WOMEN,42_District_wise_crimes_committed_against_women_2013.csv,601,42_District_wise_crimes_committed_against_women_2013.csv::601,False,UNIQUE,KOTA RURAL,SPECIAL_UNIT,VALID
Rajasthan,NAGAUR,2013,97,106,20,110,0,500,0,WOMEN,42_District_wise_crimes_committed_against_women_2013.csv,602,42_District_wise_crimes_committed_against_women_2013.csv::602,False,UNIQUE,NAGAUR,DISTRICT_OR_REPORTING_UNIT,VALID
Rajasthan,PALI,2013,92,138,16,222,0,512,0,WOMEN,42_District_wise_crimes_committed_against_women_2013.csv,603,42_District_wise_crimes_committed_against_women_2013.csv::603,False,UNIQUE,PALI,DISTRICT_OR_REPORTING_UNIT,VALID
Rajasthan,PRATAPGARH,2013,200,138,6,171,0,333,0,WOMEN,42_District_wise_crimes_committed_against_women_2013.csv,604,42_District_wise_crimes_committed_against_women_2013.csv::604,False,UNIQUE,PRATAPGARH,DISTRICT_OR_REPORTING_UNIT,VALID
Rajasthan,RAJSAMAND,2013,40,67,9,72,1,271,0,WOMEN,42_District_wise_crimes_committed_against_women_2013.csv,605,42_District_wise_crimes_committed_against_women_2013.csv::605,False,UNIQUE,RAJSAMAND,DISTRICT_OR_REPORTING_UNIT,VALID
Rajasthan,SAWAI MADHOPUR,2013,39,68,5,60,0,206,0,WOMEN,42_District_wise_crimes_committed_against_women_2013.csv,606,42_District_wise_crimes_committed_against_women_2013.csv::606,False,UNIQUE,SAWAI MADHOPUR,DISTRICT_OR_REPORTING_UNIT,VALID
Rajasthan,SIKAR,2013,73,133,13,50,0,397,0,WOMEN,42_District_wise_crimes_committed_against_women_2013.csv,607,42_District_wise_crimes_committed_against_women_2013.csv::607,False,UNIQUE,SIKAR,DISTRICT_OR_REPORTING_UNIT,VALID
Rajasthan,SIROHI,2013,47,61,8,109,0,213,0,WOMEN,42_District_wise_crimes_committed_against_women_2013.csv,608,42_District_wise_crimes_committed_against_women_2013.csv::608,False,UNIQUE,SIROHI,DISTRICT_OR_REPORTING_UNIT,VALID
Rajasthan,TONK,2013,33,76,5,75,8,352,0,WOMEN,42_District_wise_crimes_committed_against_women_2013.csv,609,42_District_wise_crimes_committed_against_women_2013.csv::609,False,UNIQUE,TONK,DISTRICT_OR_REPORTING_UNIT,VALID
Rajasthan,UDAIPUR,2013,167,265,10,336,0,598,0,WOMEN,42_District_wise_crimes_committed_against_women_2013.csv,610,42_District_wise_crimes_committed_against_women_2013.csv::610,False,UNIQUE,UDAIPUR,DISTRICT_OR_REPORTING_UNIT,VALID
Rajasthan,ZZ TOTAL,2013,3285,4047,453,4829,25,15094,1,WOMEN,42_District_wise_crimes_committed_against_women_2013.csv,611,42_District_wise_crimes_committed_against_women_2013.csv::611,False,UNIQUE,ZZ TOTAL,DISTRICT_OR_REPORTING_UNIT,VALID
Sikkim,EAST,2013,22,9,0,16,0,3,0,WOMEN,42_District_wise_crimes_committed_against_women_2013.csv,612,42_District_wise_crimes_committed_against_women_2013.csv::612,False,UNIQUE,EAST,DISTRICT_OR_REPORTING_UNIT,VALID
Sikkim,NORTH,2013,1,0,0,0,0,0,0,WOMEN,42_District_wise_crimes_committed_against_women_2013.csv,613,42_District_wise_crimes_committed_against_women_2013.csv::613,False,UNIQUE,NORTH,DISTRICT_OR_REPORTING_UNIT,VALID
Sikkim,SOUTH,2013,15,5,0,8,0,1,0,WOMEN,42_District_wise_crimes_committed_against_women_2013.csv,614,42_District_wise_crimes_committed_against_women_2013.csv::614,False,UNIQUE,SOUTH,DISTRICT_OR_REPORTING_UNIT,VALID
Sikkim,WEST,2013,5,2,0,5,0,1,0,WOMEN,42_District_wise_crimes_committed_against_women_2013.csv,615,42_District_wise_crimes_committed_against_women_2013.csv::615,False,UNIQUE,WEST,DISTRICT_OR_REPORTING_UNIT,VALID
Sikkim,ZZ TOTAL,2013,43,16,0,29,0,5,0,WOMEN,42_District_wise_crimes_committed_against_women_2013.csv,616,42_District_wise_crimes_committed_against_women_2013.csv::616,False,UNIQUE,ZZ TOTAL,DISTRICT_OR_REPORTING_UNIT,VALID
Tamil Nadu,ARIYALUR,2013,10,18,3,23,0,8,0,WOMEN,42_District_wise_crimes_committed_against_women_2013.csv,617,42_District_wise_crimes_committed_against_women_2013.csv::617,False,UNIQUE,ARIYALUR,DISTRICT_OR_REPORTING_UNIT,VALID
Tamil Nadu,CHENNAI,2013,83,42,12,55,155,221,0,WOMEN,42_District_wise_crimes_committed_against_women_2013.csv,618,42_District_wise_crimes_committed_against_women_2013.csv::618,False,UNIQUE,CHENNAI,DISTRICT_OR_REPORTING_UNIT,VALID
Tamil Nadu,CHENNAI RLY.,2013,0,0,0,5,0,1,0,WOMEN,42_District_wise_crimes_committed_against_women_2013.csv,619,42_District_wise_crimes_committed_against_women_2013.csv::619,False,UNIQUE,CHENNAI RLY.,DISTRICT_OR_REPORTING_UNIT,VALID
Tamil Nadu,COIMBATORE RURAL,2013,11,17,1,41,7,49,0,WOMEN,42_District_wise_crimes_committed_against_women_2013.csv,620,42_District_wise_crimes_committed_against_women_2013.csv::620,False,UNIQUE,COIMBATORE RURAL,SPECIAL_UNIT,VALID
Tamil Nadu,COIMBATORE URBAN,2013,17,3,1,15,4,48,0,WOMEN,42_District_wise_crimes_committed_against_women_2013.csv,621,42_District_wise_crimes_committed_against_women_2013.csv::621,False,UNIQUE,COIMBATORE URBAN,SPECIAL_UNIT,VALID
Tamil Nadu,CUDDALORE,2013,36,48,6,8,0,66,0,WOMEN,42_District_wise_crimes_committed_against_women_2013.csv,622,42_District_wise_crimes_committed_against_women_2013.csv::622,False,UNIQUE,CUDDALORE,DISTRICT_OR_REPORTING_UNIT,VALID
Tamil Nadu,DHARMAPURI,2013,23,151,2,48,1,65,0,WOMEN,42_District_wise_crimes_committed_against_women_2013.csv,623,42_District_wise_crimes_committed_against_women_2013.csv::623,False,UNIQUE,DHARMAPURI,DISTRICT_OR_REPORTING_UNIT,VALID
Tamil Nadu,DINDIGUL,2013,13,95,1,46,0,95,0,WOMEN,42_District_wise_crimes_committed_against_women_2013.csv,624,42_District_wise_crimes_committed_against_women_2013.csv::624,False,UNIQUE,DINDIGUL,DISTRICT_OR_REPORTING_UNIT,VALID
Tamil Nadu,ERODE,2013,14,26,0,25,0,21,0,WOMEN,42_District_wise_crimes_committed_against_women_2013.csv,625,42_District_wise_crimes_committed_against_women_2013.csv::625,False,UNIQUE,ERODE,DISTRICT_OR_REPORTING_UNIT,VALID
Tamil Nadu,KANCHIPURAM,2013,24,9,3,15,0,18,0,WOMEN,42_District_wise_crimes_committed_against_women_2013.csv,626,42_District_wise_crimes_committed_against_women_2013.csv::626,False,UNIQUE,KANCHIPURAM,DISTRICT_OR_REPORTING_UNIT,VALID
Tamil Nadu,KANYAKUMARI,2013,12,30,1,5,0,118,0,WOMEN,42_District_wise_crimes_committed_against_women_2013.csv,627,42_District_wise_crimes_committed_against_women_2013.csv::627,False,UNIQUE,KANYAKUMARI,DISTRICT_OR_REPORTING_UNIT,VALID
Tamil Nadu,KARUR,2013,7,17,0,9,1,11,0,WOMEN,42_District_wise_crimes_committed_against_women_2013.csv,628,42_District_wise_crimes_committed_against_women_2013.csv::628,False,UNIQUE,KARUR,DISTRICT_OR_REPORTING_UNIT,VALID
Tamil Nadu,KRISHNAGIRI,2013,8,66,12,48,2,47,0,WOMEN,42_District_wise_crimes_committed_against_women_2013.csv,629,42_District_wise_crimes_committed_against_women_2013.csv::629,False,UNIQUE,KRISHNAGIRI,DISTRICT_OR_REPORTING_UNIT,VALID
Tamil Nadu,MADURAI RURAL,2013,33,96,4,73,17,263,0,WOMEN,42_District_wise_crimes_committed_against_women_2013.csv,630,42_District_wise_crimes_committed_against_women_2013.csv::630,False,UNIQUE,MADURAI RURAL,SPECIAL_UNIT,VALID
Tamil Nadu,MADURAI URBAN,2013,16,20,3,23,2,91,0,WOMEN,42_District_wise_crimes_committed_against_women_2013.csv,631,42_District_wise_crimes_committed_against_women_2013.csv::631,False,UNIQUE,MADURAI URBAN,SPECIAL_UNIT,VALID
Tamil Nadu,NAGAPATTINAM,2013,9,21,3,30,23,9,0,WOMEN,42_District_wise_crimes_committed_against_women_2013.csv,632,42_District_wise_crimes_committed_against_women_2013.csv::632,False,UNIQUE,NAGAPATTINAM,DISTRICT_OR_REPORTING_UNIT,VALID
Tamil Nadu,NAMAKKAL,2013,23,38,0,57,11,15,0,WOMEN,42_District_wise_crimes_committed_against_women_2013.csv,633,42_District_wise_crimes_committed_against_women_2013.csv::633,False,UNIQUE,NAMAKKAL,DISTRICT_OR_REPORTING_UNIT,VALID
Tamil Nadu,NILGIRIS,2013,15,9,0,18,1,1,0,WOMEN,42_District_wise_crimes_committed_against_women_2013.csv,634,42_District_wise_crimes_committed_against_women_2013.csv::634,False,UNIQUE,NILGIRIS,DISTRICT_OR_REPORTING_UNIT,VALID
Tamil Nadu,PERAMBALUR,2013,8,4,0,13,1,5,0,WOMEN,42_District_wise_crimes_committed_against_women_2013.csv,635,42_District_wise_crimes_committed_against_women_2013.csv::635,False,UNIQUE,PERAMBALUR,DISTRICT_OR_REPORTING_UNIT,VALID
Tamil Nadu,PUDUKOTTAI,2013,10,49,3,29,0,39,0,WOMEN,42_District_wise_crimes_committed_against_women_2013.csv,636,42_District_wise_crimes_committed_against_women_2013.csv::636,False,UNIQUE,PUDUKOTTAI,DISTRICT_OR_REPORTING_UNIT,VALID
Tamil Nadu,RAMNATHAPURAM,2013,9,23,2,24,2,20,0,WOMEN,42_District_wise_crimes_committed_against_women_2013.csv,637,42_District_wise_crimes_committed_against_women_2013.csv::637,False,UNIQUE,RAMNATHAPURAM,DISTRICT_OR_REPORTING_UNIT,VALID
Tamil Nadu,SALEM RURAL,2013,26,62,5,62,0,47,0,WOMEN,42_District_wise_crimes_committed_against_women_2013.csv,638,42_District_wise_crimes_committed_against_women_2013.csv::638,False,UNIQUE,SALEM RURAL,SPECIAL_UNIT,VALID
Tamil Nadu,SALEM URBAN,2013,16,17,1,10,9,49,0,WOMEN,42_District_wise_crimes_committed_against_women_2013.csv,639,42_District_wise_crimes_committed_against_women_2013.csv::639,False,UNIQUE,SALEM URBAN,SPECIAL_UNIT,VALID
Tamil Nadu,SIVAGANGAI,2013,16,26,4,35,0,87,0,WOMEN,42_District_wise_crimes_committed_against_women_2013.csv,640,42_District_wise_crimes_committed_against_women_2013.csv::640,False,UNIQUE,SIVAGANGAI,DISTRICT_OR_REPORTING_UNIT,VALID
Tamil Nadu,THANJAVUR,2013,31,39,0,68,4,46,0,WOMEN,42_District_wise_crimes_committed_against_women_2013.csv,641,42_District_wise_crimes_committed_against_women_2013.csv::641,False,UNIQUE,THANJAVUR,DISTRICT_OR_REPORTING_UNIT,VALID
Tamil Nadu,THENI,2013,25,34,5,41,0,62,0,WOMEN,42_District_wise_crimes_committed_against_women_2013.csv,642,42_District_wise_crimes_committed_against_women_2013.csv::642,False,UNIQUE,THENI,DISTRICT_OR_REPORTING_UNIT,VALID
Tamil Nadu,THIRUNELVELI RURAL,2013,74,112,6,82,0,486,0,WOMEN,42_District_wise_crimes_committed_against_women_2013.csv,643,42_District_wise_crimes_committed_against_women_2013.csv::643,False,UNIQUE,THIRUNELVELI RURAL,SPECIAL_UNIT,VALID
Tamil Nadu,THIRUNELVELI URBAN,2013,12,6,0,4,0,18,0,WOMEN,42_District_wise_crimes_committed_against_women_2013.csv,644,42_District_wise_crimes_committed_against_women_2013.csv::644,False,UNIQUE,THIRUNELVELI URBAN,SPECIAL_UNIT,VALID
Tamil Nadu,THIRUVALLUR,2013,21,23,9,11,0,19,0,WOMEN,42_District_wise_crimes_committed_against_women_2013.csv,645,42_District_wise_crimes_committed_against_women_2013.csv::645,False,UNIQUE,THIRUVALLUR,DISTRICT_OR_REPORTING_UNIT,VALID
Tamil Nadu,THIRUVANNAMALAI,2013,50,44,2,31,2,34,0,WOMEN,42_District_wise_crimes_committed_against_women_2013.csv,646,42_District_wise_crimes_committed_against_women_2013.csv::646,False,UNIQUE,THIRUVANNAMALAI,DISTRICT_OR_REPORTING_UNIT,VALID
Tamil Nadu,THIRUVARUR,2013,15,17,1,5,0,15,0,WOMEN,42_District_wise_crimes_committed_against_women_2013.csv,647,42_District_wise_crimes_committed_against_women_2013.csv::647,False,UNIQUE,THIRUVARUR,DISTRICT_OR_REPORTING_UNIT,VALID
Tamil Nadu,THOOTHUGUDI,2013,52,24,2,35,1,64,0,WOMEN,42_District_wise_crimes_committed_against_women_2013.csv,648,42_District_wise_crimes_committed_against_women_2013.csv::648,False,UNIQUE,THOOTHUGUDI,DISTRICT_OR_REPORTING_UNIT,VALID
Tamil Nadu,TIRUPPUR,2013,20,39,8,40,7,91,0,WOMEN,42_District_wise_crimes_committed_against_women_2013.csv,649,42_District_wise_crimes_committed_against_women_2013.csv::649,False,UNIQUE,TIRUPPUR,DISTRICT_OR_REPORTING_UNIT,VALID
Tamil Nadu,TRICHY RLY.,2013,0,0,0,3,0,0,0,WOMEN,42_District_wise_crimes_committed_against_women_2013.csv,650,42_District_wise_crimes_committed_against_women_2013.csv::650,False,UNIQUE,TRICHY RLY.,DISTRICT_OR_REPORTING_UNIT,VALID
Tamil Nadu,TRICHY RURAL,2013,23,24,3,40,0,49,0,WOMEN,42_District_wise_crimes_committed_against_women_2013.csv,651,42_District_wise_crimes_committed_against_women_2013.csv::651,False,UNIQUE,TRICHY RURAL,SPECIAL_UNIT,VALID
Tamil Nadu,TRICHY URBAN,2013,10,5,0,18,6,25,0,WOMEN,42_District_wise_crimes_committed_against_women_2013.csv,652,42_District_wise_crimes_committed_against_women_2013.csv::652,False,UNIQUE,TRICHY URBAN,SPECIAL_UNIT,VALID
Tamil Nadu,VELLORE,2013,51,82,8,33,57,40,0,WOMEN,42_District_wise_crimes_committed_against_women_2013.csv,653,42_District_wise_crimes_committed_against_women_2013.csv::653,False,UNIQUE,VELLORE,DISTRICT_OR_REPORTING_UNIT,VALID
Tamil Nadu,VILLUPURAM,2013,67,155,4,127,0,80,0,WOMEN,42_District_wise_crimes_committed_against_women_2013.csv,654,42_District_wise_crimes_committed_against_women_2013.csv::654,False,UNIQUE,VILLUPURAM,DISTRICT_OR_REPORTING_UNIT,VALID
Tamil Nadu,VIRUDHUNAGAR,2013,33,25,3,16,0,48,0,WOMEN,42_District_wise_crimes_committed_against_women_2013.csv,655,42_District_wise_crimes_committed_against_women_2013.csv::655,False,UNIQUE,VIRUDHUNAGAR,DISTRICT_OR_REPORTING_UNIT,VALID
Tamil Nadu,ZZ TOTAL,2013,923,1516,118,1271,313,2471,0,WOMEN,42_District_wise_crimes_committed_against_women_2013.csv,656,42_District_wise_crimes_committed_against_women_2013.csv::656,False,UNIQUE,ZZ TOTAL,DISTRICT_OR_REPORTING_UNIT,VALID
Tripura,DHALAI,2013,17,12,1,38,0,51,0,WOMEN,42_District_wise_crimes_committed_against_women_2013.csv,657,42_District_wise_crimes_committed_against_women_2013.csv::657,False,UNIQUE,DHALAI,DISTRICT_OR_REPORTING_UNIT,VALID
Tripura,GOMATI,2013,31,28,6,45,2,164,0,WOMEN,42_District_wise_crimes_committed_against_women_2013.csv,658,42_District_wise_crimes_committed_against_women_2013.csv::658,False,UNIQUE,GOMATI,DISTRICT_OR_REPORTING_UNIT,VALID
Tripura,GRP,2013,0,0,0,0,0,0,0,WOMEN,42_District_wise_crimes_committed_against_women_2013.csv,659,42_District_wise_crimes_committed_against_women_2013.csv::659,False,UNIQUE,GRP,DISTRICT_OR_REPORTING_UNIT,VALID
Tripura,KHOWAI,2013,23,3,4,43,1,42,0,WOMEN,42_District_wise_crimes_committed_against_women_2013.csv,660,42_District_wise_crimes_committed_against_women_2013.csv::660,False,UNIQUE,KHOWAI,DISTRICT_OR_REPORTING_UNIT,VALID
Tripura,NORTH,2013,20,9,4,51,0,113,0,WOMEN,42_District_wise_crimes_committed_against_women_2013.csv,661,42_District_wise_crimes_committed_against_women_2013.csv::661,False,UNIQUE,NORTH,DISTRICT_OR_REPORTING_UNIT,VALID
Tripura,SIPAHIJALA,2013,27,13,1,73,0,118,0,WOMEN,42_District_wise_crimes_committed_against_women_2013.csv,662,42_District_wise_crimes_committed_against_women_2013.csv::662,False,UNIQUE,SIPAHIJALA,DISTRICT_OR_REPORTING_UNIT,VALID
Tripura,SOUTH,2013,32,14,5,38,0,93,0,WOMEN,42_District_wise_crimes_committed_against_women_2013.csv,663,42_District_wise_crimes_committed_against_women_2013.csv::663,False,UNIQUE,SOUTH,DISTRICT_OR_REPORTING_UNIT,VALID
Tripura,UNAKOTI,2013,37,16,5,18,1,51,0,WOMEN,42_District_wise_crimes_committed_against_women_2013.csv,664,42_District_wise_crimes_committed_against_women_2013.csv::664,False,UNIQUE,UNAKOTI,DISTRICT_OR_REPORTING_UNIT,VALID
Tripura,WEST,2013,46,29,3,101,3,195,0,WOMEN,42_District_wise_crimes_committed_against_women_2013.csv,665,42_District_wise_crimes_committed_against_women_2013.csv::665,False,UNIQUE,WEST,DISTRICT_OR_REPORTING_UNIT,VALID
Tripura,ZZ TOTAL,2013,233,124,29,407,7,827,0,WOMEN,42_District_wise_crimes_committed_against_women_2013.csv,666,42_District_wise_crimes_committed_against_women_2013.csv::666,False,UNIQUE,ZZ TOTAL,DISTRICT_OR_REPORTING_UNIT,VALID
Uttar Pradesh,AGRA,2013,78,335,98,239,0,399,0,WOMEN,42_District_wise_crimes_committed_against_women_2013.csv,667,42_District_wise_crimes_committed_against_women_2013.csv::667,False,UNIQUE,AGRA,DISTRICT_OR_REPORTING_UNIT,VALID
Uttar Pradesh,ALIGARH,2013,99,346,73,300,0,455,0,WOMEN,42_District_wise_crimes_committed_against_women_2013.csv,668,42_District_wise_crimes_committed_against_women_2013.csv::668,False,UNIQUE,ALIGARH,DISTRICT_OR_REPORTING_UNIT,VALID
Uttar Pradesh,ALLAHABAD,2013,102,239,66,215,0,322,0,WOMEN,42_District_wise_crimes_committed_against_women_2013.csv,669,42_District_wise_crimes_committed_against_women_2013.csv::669,False,UNIQUE,ALLAHABAD,DISTRICT_OR_REPORTING_UNIT,VALID
Uttar Pradesh,AMBEDKAR NAGAR,2013,15,55,17,16,0,4,0,WOMEN,42_District_wise_crimes_committed_against_women_2013.csv,670,42_District_wise_crimes_committed_against_women_2013.csv::670,False,UNIQUE,AMBEDKAR NAGAR,DISTRICT_OR_REPORTING_UNIT,VALID
Uttar Pradesh,AMETHI,2013,38,110,16,83,0,35,0,WOMEN,42_District_wise_crimes_committed_against_women_2013.csv,671,42_District_wise_crimes_committed_against_women_2013.csv::671,False,UNIQUE,AMETHI,DISTRICT_OR_REPORTING_UNIT,VALID
Uttar Pradesh,AMROHA,2013,23,92,16,57,0,171,0,WOMEN,42_District_wise_crimes_committed_against_women_2013.csv,672,42_District_wise_crimes_committed_against_women_2013.csv::672,False,UNIQUE,AMROHA,DISTRICT_OR_REPORTING_UNIT,VALID
Uttar Pradesh,AURAIYA,2013,16,70,28,38,0,68,0,WOMEN,42_District_wise_crimes_committed_against_women_2013.csv,673,42_District_wise_crimes_committed_against_women_2013.csv::673,False,UNIQUE,AURAIYA,DISTRICT_OR_REPORTING_UNIT,VALID
Uttar Pradesh,AZAMGARH,2013,39,135,36,20,0,155,0,WOMEN,42_District_wise_crimes_committed_against_women_2013.csv,674,42_District_wise_crimes_committed_against_women_2013.csv::674,False,UNIQUE,AZAMGARH,DISTRICT_OR_REPORTING_UNIT,VALID
Uttar Pradesh,BADAUN,2013,54,128,58,102,0,58,0,WOMEN,42_District_wise_crimes_committed_against_women_2013.csv,675,42_District_wise_crimes_committed_against_women_2013.csv::675,False,UNIQUE,BADAUN,DISTRICT_OR_REPORTING_UNIT,VALID
Uttar Pradesh,BAGHPAT,2013,25,72,12,56,0,106,0,WOMEN,42_District_wise_crimes_committed_against_women_2013.csv,676,42_District_wise_crimes_committed_against_women_2013.csv::676,False,UNIQUE,BAGHPAT,DISTRICT_OR_REPORTING_UNIT,VALID
Uttar Pradesh,BAHRAICH,2013,35,140,42,44,0,1,0,WOMEN,42_District_wise_crimes_committed_against_women_2013.csv,677,42_District_wise_crimes_committed_against_women_2013.csv::677,False,UNIQUE,BAHRAICH,DISTRICT_OR_REPORTING_UNIT,VALID
Uttar Pradesh,BALLIA,2013,18,123,24,107,0,4,0,WOMEN,42_District_wise_crimes_committed_against_women_2013.csv,678,42_District_wise_crimes_committed_against_women_2013.csv::678,False,UNIQUE,BALLIA,DISTRICT_OR_REPORTING_UNIT,VALID
Uttar Pradesh,BALRAMPUR,2013,23,65,7,24,0,8,0,WOMEN,42_District_wise_crimes_committed_against_women_2013.csv,679,42_District_wise_crimes_committed_against_women_2013.csv::679,False,UNIQUE,BALRAMPUR,DISTRICT_OR_REPORTING_UNIT,VALID
Uttar Pradesh,BANDA,2013,47,113,32,151,0,129,0,WOMEN,42_District_wise_crimes_committed_against_women_2013.csv,680,42_District_wise_crimes_committed_against_women_2013.csv::680,False,UNIQUE,BANDA,DISTRICT_OR_REPORTING_UNIT,VALID
Uttar Pradesh,BARABANKI,2013,39,78,26,39,0,98,0,WOMEN,42_District_wise_crimes_committed_against_women_2013.csv,681,42_District_wise_crimes_committed_against_women_2013.csv::681,False,UNIQUE,BARABANKI,DISTRICT_OR_REPORTING_UNIT,VALID
Uttar Pradesh,BAREILLY,2013,84,291,58,198,0,257,0,WOMEN,42_District_wise_crimes_committed_against_women_2013.csv,682,42_District_wise_crimes_committed_against_women_2013.csv::682,False,UNIQUE,BAREILLY,DISTRICT_OR_REPORTING_UNIT,VALID
Uttar Pradesh,BASTI,2013,24,80,11,53,0,44,0,WOMEN,42_District_wise_crimes_committed_against_women_2013.csv,683,42_District_wise_crimes_committed_against_women_2013.csv::683,False,UNIQUE,BASTI,DISTRICT_OR_REPORTING_UNIT,VALID
Uttar Pradesh,BIJNOR,2013,71,149,31,178,1,6,0,WOMEN,42_District_wise_crimes_committed_against_women_2013.csv,684,42_District_wise_crimes_committed_against_women_2013.csv::684,False,UNIQUE,BIJNOR,DISTRICT_OR_REPORTING_UNIT,VALID
Uttar Pradesh,BULANDSHAHAR,2013,97,255,52,197,2,162,0,WOMEN,42_District_wise_crimes_committed_against_women_2013.csv,685,42_District_wise_crimes_committed_against_women_2013.csv::685,False,UNIQUE,BULANDSHAHAR,DISTRICT_OR_REPORTING_UNIT,VALID
Uttar Pradesh,CHANDOLI,2013,20,46,16,68,1,0,0,WOMEN,42_District_wise_crimes_committed_against_women_2013.csv,686,42_District_wise_crimes_committed_against_women_2013.csv::686,False,UNIQUE,CHANDOLI,DISTRICT_OR_REPORTING_UNIT,VALID
Uttar Pradesh,CHITRAKOOT DHAM,2013,23,22,14,35,0,7,0,WOMEN,42_District_wise_crimes_committed_against_women_2013.csv,687,42_District_wise_crimes_committed_against_women_2013.csv::687,False,UNIQUE,CHITRAKOOT DHAM,DISTRICT_OR_REPORTING_UNIT,VALID
Uttar Pradesh,DEORIA,2013,44,145,37,87,0,27,0,WOMEN,42_District_wise_crimes_committed_against_women_2013.csv,688,42_District_wise_crimes_committed_against_women_2013.csv::688,False,UNIQUE,DEORIA,DISTRICT_OR_REPORTING_UNIT,VALID
Uttar Pradesh,ETAH,2013,34,101,32,122,1,99,0,WOMEN,42_District_wise_crimes_committed_against_women_2013.csv,689,42_District_wise_crimes_committed_against_women_2013.csv::689,False,UNIQUE,ETAH,DISTRICT_OR_REPORTING_UNIT,VALID
Uttar Pradesh,ETAWAH,2013,23,74,30,30,0,62,0,WOMEN,42_District_wise_crimes_committed_against_women_2013.csv,690,42_District_wise_crimes_committed_against_women_2013.csv::690,False,UNIQUE,ETAWAH,DISTRICT_OR_REPORTING_UNIT,VALID
Uttar Pradesh,FAIZABAD,2013,35,135,11,79,1,7,0,WOMEN,42_District_wise_crimes_committed_against_women_2013.csv,691,42_District_wise_crimes_committed_against_women_2013.csv::691,False,UNIQUE,FAIZABAD,DISTRICT_OR_REPORTING_UNIT,VALID
Uttar Pradesh,FATEHGARH,2013,25,95,34,30,0,38,0,WOMEN,42_District_wise_crimes_committed_against_women_2013.csv,692,42_District_wise_crimes_committed_against_women_2013.csv::692,False,UNIQUE,FATEHGARH,DISTRICT_OR_REPORTING_UNIT,VALID
Uttar Pradesh,FATEHPUR,2013,42,112,39,87,0,80,0,WOMEN,42_District_wise_crimes_committed_against_women_2013.csv,693,42_District_wise_crimes_committed_against_women_2013.csv::693,False,UNIQUE,FATEHPUR,DISTRICT_OR_REPORTING_UNIT,VALID
Uttar Pradesh,FIROZABAD,2013,39,187,66,112,0,165,0,WOMEN,42_District_wise_crimes_committed_against_women_2013.csv,694,42_District_wise_crimes_committed_against_women_2013.csv::694,False,UNIQUE,FIROZABAD,DISTRICT_OR_REPORTING_UNIT,VALID
Uttar Pradesh,G.R.P.,2013,3,28,3,84,0,1,0,WOMEN,42_District_wise_crimes_committed_against_women_2013.csv,695,42_District_wise_crimes_committed_against_women_2013.csv::695,False,UNIQUE,G.R.P.,DISTRICT_OR_REPORTING_UNIT,VALID
Uttar Pradesh,GAUTAMBUDH NAGAR,2013,39,150,31,136,6,164,0,WOMEN,42_District_wise_crimes_committed_against_women_2013.csv,696,42_District_wise_crimes_committed_against_women_2013.csv::696,False,UNIQUE,GAUTAMBUDH NAGAR,DISTRICT_OR_REPORTING_UNIT,VALID
Uttar Pradesh,GHAZIABAD,2013,84,289,44,233,0,491,0,WOMEN,42_District_wise_crimes_committed_against_women_2013.csv,697,42_District_wise_crimes_committed_against_women_2013.csv::697,False,UNIQUE,GHAZIABAD,DISTRICT_OR_REPORTING_UNIT,VALID
Uttar Pradesh,GHAZIPUR,2013,22,93,27,59,1,76,0,WOMEN,42_District_wise_crimes_committed_against_women_2013.csv,698,42_District_wise_crimes_committed_against_women_2013.csv::698,False,UNIQUE,GHAZIPUR,DISTRICT_OR_REPORTING_UNIT,VALID
Uttar Pradesh,GONDA,2013,24,149,32,62,0,4,0,WOMEN,42_District_wise_crimes_committed_against_women_2013.csv,699,42_District_wise_crimes_committed_against_women_2013.csv::699,False,UNIQUE,GONDA,DISTRICT_OR_REPORTING_UNIT,VALID
Uttar Pradesh,GORAKHPUR,2013,87,282,39,111,0,95,0,WOMEN,42_District_wise_crimes_committed_against_women_2013.csv,700,42_District_wise_crimes_committed_against_women_2013.csv::700,False,UNIQUE,GORAKHPUR,DISTRICT_OR_REPORTING_UNIT,VALID
Uttar Pradesh,HAMIRPUR,2013,50,68,15,117,5,0,0,WOMEN,42_District_wise_crimes_committed_against_women_2013.csv,701,42_District_wise_crimes_committed_against_women_2013.csv::701,False,UNIQUE,HAMIRPUR,DISTRICT_OR_REPORTING_UNIT,VALID
Uttar Pradesh,HAPUR,2013,35,71,21,75,0,52,0,WOMEN,42_District_wise_crimes_committed_against_women_2013.csv,702,42_District_wise_crimes_committed_against_women_2013.csv::702,False,UNIQUE,HAPUR,DISTRICT_OR_REPORTING_UNIT,VALID
Uttar Pradesh,HARDOI,2013,28,130,24,131,0,122,0,WOMEN,42_District_wise_crimes_committed_against_women_2013.csv,703,42_District_wise_crimes_committed_against_women_2013.csv::703,False,UNIQUE,HARDOI,DISTRICT_OR_REPORTING_UNIT,VALID
Uttar Pradesh,HATHRAS,2013,37,86,21,73,0,76,0,WOMEN,42_District_wise_crimes_committed_against_women_2013.csv,704,42_District_wise_crimes_committed_against_women_2013.csv::704,False,UNIQUE,HATHRAS,DISTRICT_OR_REPORTING_UNIT,VALID
Uttar Pradesh,JALAUN,2013,7,52,22,52,0,33,0,WOMEN,42_District_wise_crimes_committed_against_women_2013.csv,705,42_District_wise_crimes_committed_against_women_2013.csv::705,False,UNIQUE,JALAUN,DISTRICT_OR_REPORTING_UNIT,VALID
Uttar Pradesh,JAUNPUR,2013,53,131,60,75,0,77,0,WOMEN,42_District_wise_crimes_committed_against_women_2013.csv,706,42_District_wise_crimes_committed_against_women_2013.csv::706,False,UNIQUE,JAUNPUR,DISTRICT_OR_REPORTING_UNIT,VALID
Uttar Pradesh,JHANSI,2013,40,74,24,72,1,65,0,WOMEN,42_District_wise_crimes_committed_against_women_2013.csv,707,42_District_wise_crimes_committed_against_women_2013.csv::707,False,UNIQUE,JHANSI,DISTRICT_OR_REPORTING_UNIT,VALID
Uttar Pradesh,KANNAUJ,2013,16,84,26,40,0,59,0,WOMEN,42_District_wise_crimes_committed_against_women_2013.csv,708,42_District_wise_crimes_committed_against_women_2013.csv::708,False,UNIQUE,KANNAUJ,DISTRICT_OR_REPORTING_UNIT,VALID
Uttar Pradesh,KANPUR DEHAT,2013,29,74,32,45,0,67,0,WOMEN,42_District_wise_crimes_committed_against_women_2013.csv,709,42_District_wise_crimes_committed_against_women_2013.csv::709,False,UNIQUE,KANPUR DEHAT,DISTRICT_OR_REPORTING_UNIT,VALID
Uttar Pradesh,KANPUR NAGAR,2013,41,248,56,110,0,239,0,WOMEN,42_District_wise_crimes_committed_against_women_2013.csv,710,42_District_wise_crimes_committed_against_women_2013.csv::710,False,UNIQUE,KANPUR NAGAR,DISTRICT_OR_REPORTING_UNIT,VALID
Uttar Pradesh,KASGANJ,2013,17,89,24,43,0,27,0,WOMEN,42_District_wise_crimes_committed_against_women_2013.csv,711,42_District_wise_crimes_committed_against_women_2013.csv::711,False,UNIQUE,KASGANJ,DISTRICT_OR_REPORTING_UNIT,VALID
Uttar Pradesh,KAUSHAMBI,2013,27,56,22,108,0,67,0,WOMEN,42_District_wise_crimes_committed_against_women_2013.csv,712,42_District_wise_crimes_committed_against_women_2013.csv::712,False,UNIQUE,KAUSHAMBI,DISTRICT_OR_REPORTING_UNIT,VALID
Uttar Pradesh,KHIRI,2013,49,189,57,85,0,152,0,WOMEN,42_District_wise_crimes_committed_against_women_2013.csv,713,42_District_wise_crimes_committed_against_women_2013.csv::713,False,UNIQUE,KHIRI,DISTRICT_OR_REPORTING_UNIT,VALID
Uttar Pradesh,KUSHI NAGAR,2013,33,143,29,66,0,48,0,WOMEN,42_District_wise_crimes_committed_against_women_2013.csv,714,42_District_wise_crimes_committed_against_women_2013.csv::714,False,UNIQUE,KUSHI NAGAR,DISTRICT_OR_REPORTING_UNIT,VALID
Uttar Pradesh,LALITPUR,2013,10,26,11,50,0,18,0,WOMEN,42_District_wise_crimes_committed_against_women_2013.csv,715,42_District_wise_crimes_committed_against_women_2013.csv::715,False,UNIQUE,LALITPUR,DISTRICT_OR_REPORTING_UNIT,VALID
Uttar Pradesh,LUCKNOW,2013,76,375,60,360,1,920,0,WOMEN,42_District_wise_crimes_committed_against_women_2013.csv,716,42_District_wise_crimes_committed_against_women_2013.csv::716,False,UNIQUE,LUCKNOW,DISTRICT_OR_REPORTING_UNIT,VALID
Uttar Pradesh,MAHARAJGANJ,2013,28,116,23,40,0,58,0,WOMEN,42_District_wise_crimes_committed_against_women_2013.csv,717,42_District_wise_crimes_committed_against_women_2013.csv::717,False,UNIQUE,MAHARAJGANJ,DISTRICT_OR_REPORTING_UNIT,VALID
Uttar Pradesh,MAHOBA,2013,30,45,16,61,0,26,0,WOMEN,42_District_wise_crimes_committed_against_women_2013.csv,718,42_District_wise_crimes_committed_against_women_2013.csv::718,False,UNIQUE,MAHOBA,DISTRICT_OR_REPORTING_UNIT,VALID
Uttar Pradesh,MAINPURI,2013,20,142,38,92,0,94,0,WOMEN,42_District_wise_crimes_committed_against_women_2013.csv,719,42_District_wise_crimes_committed_against_women_2013.csv::719,False,UNIQUE,MAINPURI,DISTRICT_OR_REPORTING_UNIT,VALID
Uttar Pradesh,MATHURA,2013,59,138,32,99,0,196,0,WOMEN,42_District_wise_crimes_committed_against_women_2013.csv,720,42_District_wise_crimes_committed_against_women_2013.csv::720,False,UNIQUE,MATHURA,DISTRICT_OR_REPORTING_UNIT,VALID
Uttar Pradesh,MAU,2013,26,94,11,53,1,94,0,WOMEN,42_District_wise_crimes_committed_against_women_2013.csv,721,42_District_wise_crimes_committed_against_women_2013.csv::721,False,UNIQUE,MAU,DISTRICT_OR_REPORTING_UNIT,VALID
Uttar Pradesh,MEERUT,2013,109,282,42,277,0,209,0,WOMEN,42_District_wise_crimes_committed_against_women_2013.csv,722,42_District_wise_crimes_committed_against_women_2013.csv::722,False,UNIQUE,MEERUT,DISTRICT_OR_REPORTING_UNIT,VALID
Uttar Pradesh,MIRZAPUR,2013,5,8,19,5,0,30,0,WOMEN,42_District_wise_crimes_committed_against_women_2013.csv,723,42_District_wise_crimes_committed_against_women_2013.csv::723,False,UNIQUE,MIRZAPUR,DISTRICT_OR_REPORTING_UNIT,VALID
Uttar Pradesh,MORADABAD,2013,69,173,27,156,1,299,0,WOMEN,42_District_wise_crimes_committed_against_women_2013.csv,724,42_District_wise_crimes_committed_against_women_2013.csv::724,False,UNIQUE,MORADABAD,DISTRICT_OR_REPORTING_UNIT,VALID
Uttar Pradesh,MUZAFFARNAGAR,2013,49,214,25,125,0,270,0,WOMEN,42_District_wise_crimes_committed_against_women_2013.csv,725,42_District_wise_crimes_committed_against_women_2013.csv::725,False,UNIQUE,MUZAFFARNAGAR,DISTRICT_OR_REPORTING_UNIT,VALID
Uttar Pradesh,PILIBHIT,2013,30,91,35,67,0,125,0,WOMEN,42_District_wise_crimes_committed_against_women_2013.csv,726,42_District_wise_crimes_committed_against_women_2013.csv::726,False,UNIQUE,PILIBHIT,DISTRICT_OR_REPORTING_UNIT,VALID
Uttar Pradesh,PRATAPGARH,2013,66,157,30,151,0,39,0,WOMEN,42_District_wise_crimes_committed_against_women_2013.csv,727,42_District_wise_crimes_committed_against_women_2013.csv::727,False,UNIQUE,PRATAPGARH,DISTRICT_OR_REPORTING_UNIT,VALID
Uttar Pradesh,RAIBAREILLY,2013,43,104,23,66,0,72,0,WOMEN,42_District_wise_crimes_committed_against_women_2013.csv,728,42_District_wise_crimes_committed_against_women_2013.csv::728,False,UNIQUE,RAIBAREILLY,DISTRICT_OR_REPORTING_UNIT,VALID
Uttar Pradesh,RAMPUR,2013,26,93,19,46,0,119,0,WOMEN,42_District_wise_crimes_committed_against_women_2013.csv,729,42_District_wise_crimes_committed_against_women_2013.csv::729,False,UNIQUE,RAMPUR,DISTRICT_OR_REPORTING_UNIT,VALID
Uttar Pradesh,SAHARANPUR,2013,34,137,34,90,0,198,0,WOMEN,42_District_wise_crimes_committed_against_women_2013.csv,730,42_District_wise_crimes_committed_against_women_2013.csv::730,False,UNIQUE,SAHARANPUR,DISTRICT_OR_REPORTING_UNIT,VALID
Uttar Pradesh,SAMBHAL,2013,42,112,30,94,0,88,0,WOMEN,42_District_wise_crimes_committed_against_women_2013.csv,731,42_District_wise_crimes_committed_against_women_2013.csv::731,False,UNIQUE,SAMBHAL,DISTRICT_OR_REPORTING_UNIT,VALID
Uttar Pradesh,SANT KABIRNAGAR,2013,23,60,5,17,0,8,0,WOMEN,42_District_wise_crimes_committed_against_women_2013.csv,732,42_District_wise_crimes_committed_against_women_2013.csv::732,False,UNIQUE,SANT KABIRNAGAR,DISTRICT_OR_REPORTING_UNIT,VALID
Uttar Pradesh,SHAHJAHANPUR,2013,36,116,43,104,0,142,0,WOMEN,42_District_wise_crimes_committed_against_women_2013.csv,733,42_District_wise_crimes_committed_against_women_2013.csv::733,False,UNIQUE,SHAHJAHANPUR,DISTRICT_OR_REPORTING_UNIT,VALID
Uttar Pradesh,SHAMLI,2013,34,87,11,66,0,52,0,WOMEN,42_District_wise_crimes_committed_against_women_2013.csv,734,42_District_wise_crimes_committed_against_women_2013.csv::734,False,UNIQUE,SHAMLI,DISTRICT_OR_REPORTING_UNIT,VALID
Uttar Pradesh,SHRAWASTI,2013,21,50,18,53,0,0,0,WOMEN,42_District_wise_crimes_committed_against_women_2013.csv,735,42_District_wise_crimes_committed_against_women_2013.csv::735,False,UNIQUE,SHRAWASTI,DISTRICT_OR_REPORTING_UNIT,VALID
Uttar Pradesh,SIDHARTHNAGAR,2013,17,59,8,26,0,33,0,WOMEN,42_District_wise_crimes_committed_against_women_2013.csv,736,42_District_wise_crimes_committed_against_women_2013.csv::736,False,UNIQUE,SIDHARTHNAGAR,DISTRICT_OR_REPORTING_UNIT,VALID
Uttar Pradesh,SITAPUR,2013,95,256,63,211,0,130,0,WOMEN,42_District_wise_crimes_committed_against_women_2013.csv,737,42_District_wise_crimes_committed_against_women_2013.csv::737,False,UNIQUE,SITAPUR,DISTRICT_OR_REPORTING_UNIT,VALID
Uttar Pradesh,SONBHADRA,2013,32,17,13,22,0,12,0,WOMEN,42_District_wise_crimes_committed_against_women_2013.csv,738,42_District_wise_crimes_committed_against_women_2013.csv::738,False,UNIQUE,SONBHADRA,DISTRICT_OR_REPORTING_UNIT,VALID
Uttar Pradesh,ST.RAVIDASNAGAR,2013,10,18,13,15,0,19,0,WOMEN,42_District_wise_crimes_committed_against_women_2013.csv,739,42_District_wise_crimes_committed_against_women_2013.csv::739,False,UNIQUE,ST.RAVIDASNAGAR,DISTRICT_OR_REPORTING_UNIT,VALID
Uttar Pradesh,SULTANPUR,2013,29,107,15,87,0,111,0,WOMEN,42_District_wise_crimes_committed_against_women_2013.csv,740,42_District_wise_crimes_committed_against_women_2013.csv::740,False,UNIQUE,SULTANPUR,DISTRICT_OR_REPORTING_UNIT,VALID
Uttar Pradesh,UNNAO,2013,41,173,44,119,0,190,0,WOMEN,42_District_wise_crimes_committed_against_women_2013.csv,741,42_District_wise_crimes_committed_against_women_2013.csv::741,False,UNIQUE,UNNAO,DISTRICT_OR_REPORTING_UNIT,VALID
Uttar Pradesh,VARANASI,2013,57,208,36,207,3,347,0,WOMEN,42_District_wise_crimes_committed_against_women_2013.csv,742,42_District_wise_crimes_committed_against_women_2013.csv::742,False,UNIQUE,VARANASI,DISTRICT_OR_REPORTING_UNIT,VALID
Uttar Pradesh,ZZ TOTAL,2013,3050,9737,2335,7303,25,8781,0,WOMEN,42_District_wise_crimes_committed_against_women_2013.csv,743,42_District_wise_crimes_committed_against_women_2013.csv::743,False,UNIQUE,ZZ TOTAL,DISTRICT_OR_REPORTING_UNIT,VALID
Uttarakhand,ALMORA,2013,8,18,2,7,3,9,0,WOMEN,42_District_wise_crimes_committed_against_women_2013.csv,744,42_District_wise_crimes_committed_against_women_2013.csv::744,False,UNIQUE,ALMORA,DISTRICT_OR_REPORTING_UNIT,VALID
Uttarakhand,BAGESHWAR,2013,2,4,1,3,1,2,0,WOMEN,42_District_wise_crimes_committed_against_women_2013.csv,745,42_District_wise_crimes_committed_against_women_2013.csv::745,False,UNIQUE,BAGESHWAR,DISTRICT_OR_REPORTING_UNIT,VALID
Uttarakhand,CHAMOLI,2013,8,35,0,7,0,2,0,WOMEN,42_District_wise_crimes_committed_against_women_2013.csv,746,42_District_wise_crimes_committed_against_women_2013.csv::746,False,UNIQUE,CHAMOLI,DISTRICT_OR_REPORTING_UNIT,VALID
Uttarakhand,CHAMPAWAT,2013,0,15,1,5,0,1,0,WOMEN,42_District_wise_crimes_committed_against_women_2013.csv,747,42_District_wise_crimes_committed_against_women_2013.csv::747,False,UNIQUE,CHAMPAWAT,DISTRICT_OR_REPORTING_UNIT,VALID
Uttarakhand,DEHRADUN,2013,41,148,9,62,27,159,0,WOMEN,42_District_wise_crimes_committed_against_women_2013.csv,748,42_District_wise_crimes_committed_against_women_2013.csv::748,False,UNIQUE,DEHRADUN,DISTRICT_OR_REPORTING_UNIT,VALID
Uttarakhand,HARIDWAR,2013,75,192,5,76,17,101,0,WOMEN,42_District_wise_crimes_committed_against_women_2013.csv,749,42_District_wise_crimes_committed_against_women_2013.csv::749,False,UNIQUE,HARIDWAR,DISTRICT_OR_REPORTING_UNIT,VALID
Uttarakhand,NAINITAL,2013,20,55,5,33,11,31,0,WOMEN,42_District_wise_crimes_committed_against_women_2013.csv,750,42_District_wise_crimes_committed_against_women_2013.csv::750,False,UNIQUE,NAINITAL,DISTRICT_OR_REPORTING_UNIT,VALID
Uttarakhand,PAURI GARHWAL,2013,3,25,2,11,7,6,0,WOMEN,42_District_wise_crimes_committed_against_women_2013.csv,751,42_District_wise_crimes_committed_against_women_2013.csv::751,False,UNIQUE,PAURI GARHWAL,DISTRICT_OR_REPORTING_UNIT,VALID
Uttarakhand,PITHORAGARH,2013,7,19,2,4,2,5,0,WOMEN,42_District_wise_crimes_committed_against_women_2013.csv,752,42_District_wise_crimes_committed_against_women_2013.csv::752,False,UNIQUE,PITHORAGARH,DISTRICT_OR_REPORTING_UNIT,VALID
Uttarakhand,RUDRA PRAYAG,2013,5,10,4,1,3,3,0,WOMEN,42_District_wise_crimes_committed_against_women_2013.csv,753,42_District_wise_crimes_committed_against_women_2013.csv::753,False,UNIQUE,RUDRA PRAYAG,DISTRICT_OR_REPORTING_UNIT,VALID
Uttarakhand,TEHRI GARHWAL,2013,5,14,0,2,0,0,0,WOMEN,42_District_wise_crimes_committed_against_women_2013.csv,754,42_District_wise_crimes_committed_against_women_2013.csv::754,False,UNIQUE,TEHRI GARHWAL,DISTRICT_OR_REPORTING_UNIT,VALID
Uttarakhand,UDHAMSINGH NAGAR,2013,48,87,12,82,0,116,0,WOMEN,42_District_wise_crimes_committed_against_women_2013.csv,755,42_District_wise_crimes_committed_against_women_2013.csv::755,False,UNIQUE,UDHAMSINGH NAGAR,DISTRICT_OR_REPORTING_UNIT,VALID
Uttarakhand,UTTARKASHI,2013,6,11,0,2,1,0,0,WOMEN,42_District_wise_crimes_committed_against_women_2013.csv,756,42_District_wise_crimes_committed_against_women_2013.csv::756,False,UNIQUE,UTTARKASHI,DISTRICT_OR_REPORTING_UNIT,VALID
Uttarakhand,ZZ TOTAL,2013,228,633,43,295,72,435,0,WOMEN,42_District_wise_crimes_committed_against_women_2013.csv,757,42_District_wise_crimes_committed_against_women_2013.csv::757,False,UNIQUE,ZZ TOTAL,DISTRICT_OR_REPORTING_UNIT,VALID
West Bengal,24 PARGANAS NORTH,2013,115,258,35,307,8,1716,0,WOMEN,42_District_wise_crimes_committed_against_women_2013.csv,758,42_District_wise_crimes_committed_against_women_2013.csv::758,False,UNIQUE,24 PARGANAS NORTH,DISTRICT_OR_REPORTING_UNIT,VALID
West Bengal,24 PARGANAS SOUTH,2013,189,397,49,212,2,1978,0,WOMEN,42_District_wise_crimes_committed_against_women_2013.csv,759,42_District_wise_crimes_committed_against_women_2013.csv::759,False,UNIQUE,24 PARGANAS SOUTH,DISTRICT_OR_REPORTING_UNIT,VALID
West Bengal,ASANSOL,2013,31,87,15,73,1,467,0,WOMEN,42_District_wise_crimes_committed_against_women_2013.csv,760,42_District_wise_crimes_committed_against_women_2013.csv::760,False,UNIQUE,ASANSOL,DISTRICT_OR_REPORTING_UNIT,VALID
West Bengal,BANKURA,2013,24,36,19,76,0,278,0,WOMEN,42_District_wise_crimes_committed_against_women_2013.csv,761,42_District_wise_crimes_committed_against_women_2013.csv::761,False,UNIQUE,BANKURA,DISTRICT_OR_REPORTING_UNIT,VALID
West Bengal,BDN CP,2013,17,43,6,77,6,229,0,WOMEN,42_District_wise_crimes_committed_against_women_2013.csv,762,42_District_wise_crimes_committed_against_women_2013.csv::762,False,UNIQUE,BDN CP,DISTRICT_OR_REPORTING_UNIT,VALID
West Bengal,BIRBHUM,2013,41,45,12,99,0,245,0,WOMEN,42_District_wise_crimes_committed_against_women_2013.csv,763,42_District_wise_crimes_committed_against_women_2013.csv::763,False,UNIQUE,BIRBHUM,DISTRICT_OR_REPORTING_UNIT,VALID
West Bengal,BKP CP,2013,41,132,21,197,7,705,0,WOMEN,42_District_wise_crimes_committed_against_women_2013.csv,764,42_District_wise_crimes_committed_against_women_2013.csv::764,False,UNIQUE,BKP CP,DISTRICT_OR_REPORTING_UNIT,VALID
West Bengal,BURDWAN,2013,41,107,25,123,0,378,0,WOMEN,42_District_wise_crimes_committed_against_women_2013.csv,765,42_District_wise_crimes_committed_against_women_2013.csv::765,False,UNIQUE,BURDWAN,DISTRICT_OR_REPORTING_UNIT,VALID
West Bengal,COOCHBEHAR,2013,110,141,15,240,1,631,0,WOMEN,42_District_wise_crimes_committed_against_women_2013.csv,766,42_District_wise_crimes_committed_against_women_2013.csv::766,False,UNIQUE,COOCHBEHAR,DISTRICT_OR_REPORTING_UNIT,VALID
West Bengal,DAKSHIN DINAJPUR,2013,35,100,32,69,0,345,0,WOMEN,42_District_wise_crimes_committed_against_women_2013.csv,767,42_District_wise_crimes_committed_against_women_2013.csv::767,False,UNIQUE,DAKSHIN DINAJPUR,DISTRICT_OR_REPORTING_UNIT,VALID
West Bengal,DARJEELING,2013,30,35,0,54,2,158,0,WOMEN,42_District_wise_crimes_committed_against_women_2013.csv,768,42_District_wise_crimes_committed_against_women_2013.csv::768,False,UNIQUE,DARJEELING,DISTRICT_OR_REPORTING_UNIT,VALID
West Bengal,HOOGHLY,2013,54,163,19,143,11,922,0,WOMEN,42_District_wise_crimes_committed_against_women_2013.csv,769,42_District_wise_crimes_committed_against_women_2013.csv::769,False,UNIQUE,HOOGHLY,DISTRICT_OR_REPORTING_UNIT,VALID
West Bengal,HOWRAH,2013,23,92,10,131,4,682,0,WOMEN,42_District_wise_crimes_committed_against_women_2013.csv,770,42_District_wise_crimes_committed_against_women_2013.csv::770,False,UNIQUE,HOWRAH,DISTRICT_OR_REPORTING_UNIT,VALID
West Bengal,HOWRAH CITY,2013,22,141,3,215,48,609,0,WOMEN,42_District_wise_crimes_committed_against_women_2013.csv,771,42_District_wise_crimes_committed_against_women_2013.csv::771,False,UNIQUE,HOWRAH CITY,SPECIAL_UNIT,VALID
West Bengal,HOWRAH G.R.P.,2013,1,6,2,9,2,1,0,WOMEN,42_District_wise_crimes_committed_against_women_2013.csv,772,42_District_wise_crimes_committed_against_women_2013.csv::772,False,UNIQUE,HOWRAH G.R.P.,DISTRICT_OR_REPORTING_UNIT,VALID
West Bengal,JALPAIGURI,2013,121,263,12,305,2,779,0,WOMEN,42_District_wise_crimes_committed_against_women_2013.csv,773,42_District_wise_crimes_committed_against_women_2013.csv::773,False,UNIQUE,JALPAIGURI,DISTRICT_OR_REPORTING_UNIT,VALID
West Bengal,JHARGRAM,2013,10,17,6,42,2,62,0,WOMEN,42_District_wise_crimes_committed_against_women_2013.csv,774,42_District_wise_crimes_committed_against_women_2013.csv::774,False,UNIQUE,JHARGRAM,DISTRICT_OR_REPORTING_UNIT,VALID
West Bengal,KHARAGPUR G.R.P.,2013,2,1,0,10,0,0,0,WOMEN,42_District_wise_crimes_committed_against_women_2013.csv,775,42_District_wise_crimes_committed_against_women_2013.csv::775,False,UNIQUE,KHARAGPUR G.R.P.,DISTRICT_OR_REPORTING_UNIT,VALID
West Bengal,KOLKATA,2013,75,145,15,707,412,1005,9,WOMEN,42_District_wise_crimes_committed_against_women_2013.csv,776,42_District_wise_crimes_committed_against_women_2013.csv::776,False,UNIQUE,KOLKATA,DISTRICT_OR_REPORTING_UNIT,VALID
West Bengal,MALDA,2013,140,182,14,177,0,597,0,WOMEN,42_District_wise_crimes_committed_against_women_2013.csv,777,42_District_wise_crimes_committed_against_women_2013.csv::777,False,UNIQUE,MALDA,DISTRICT_OR_REPORTING_UNIT,VALID
West Bengal,MURSHIDABAD,2013,215,341,35,407,7,1939,0,WOMEN,42_District_wise_crimes_committed_against_women_2013.csv,778,42_District_wise_crimes_committed_against_women_2013.csv::778,False,UNIQUE,MURSHIDABAD,DISTRICT_OR_REPORTING_UNIT,VALID
West Bengal,NADIA,2013,87,346,69,213,13,1666,0,WOMEN,42_District_wise_crimes_committed_against_women_2013.csv,779,42_District_wise_crimes_committed_against_women_2013.csv::779,False,UNIQUE,NADIA,DISTRICT_OR_REPORTING_UNIT,VALID
West Bengal,PASCHIM MIDNAPUR,2013,46,155,25,327,17,549,0,WOMEN,42_District_wise_crimes_committed_against_women_2013.csv,780,42_District_wise_crimes_committed_against_women_2013.csv::780,False,UNIQUE,PASCHIM MIDNAPUR,DISTRICT_OR_REPORTING_UNIT,VALID
West Bengal,PURAB MIDNAPUR,2013,53,199,24,126,2,606,0,WOMEN,42_District_wise_crimes_committed_against_women_2013.csv,781,42_District_wise_crimes_committed_against_women_2013.csv::781,False,UNIQUE,PURAB MIDNAPUR,DISTRICT_OR_REPORTING_UNIT,VALID
West Bengal,PURULIA,2013,54,49,8,78,0,158,0,WOMEN,42_District_wise_crimes_committed_against_women_2013.csv,782,42_District_wise_crimes_committed_against_women_2013.csv::782,False,UNIQUE,PURULIA,DISTRICT_OR_REPORTING_UNIT,VALID
West Bengal,SEALDAH G.R.P.,2013,2,10,0,45,1,2,0,WOMEN,42_District_wise_crimes_committed_against_women_2013.csv,783,42_District_wise_crimes_committed_against_women_2013.csv::783,False,UNIQUE,SEALDAH G.R.P.,DISTRICT_OR_REPORTING_UNIT,VALID
West Bengal,SILIGURI G.R.P.,2013,0,1,0,11,2,0,0,WOMEN,42_District_wise_crimes_committed_against_women_2013.csv,784,42_District_wise_crimes_committed_against_women_2013.csv::784,False,UNIQUE,SILIGURI G.R.P.,DISTRICT_OR_REPORTING_UNIT,VALID
West Bengal,SILIGURI_PC,2013,35,115,5,206,24,616,0,WOMEN,42_District_wise_crimes_committed_against_women_2013.csv,785,42_District_wise_crimes_committed_against_women_2013.csv::785,False,UNIQUE,SILIGURI_PC,DISTRICT_OR_REPORTING_UNIT,VALID
West Bengal,UTTAR DINAJPUR,2013,71,223,5,234,3,793,0,WOMEN,42_District_wise_crimes_committed_against_women_2013.csv,786,42_District_wise_crimes_committed_against_women_2013.csv::786,False,UNIQUE,UTTAR DINAJPUR,DISTRICT_OR_REPORTING_UNIT,VALID
West Bengal,ZZ TOTAL,2013,1685,3830,481,4913,577,18116,9,WOMEN,42_District_wise_crimes_committed_against_women_2013.csv,787,42_District_wise_crimes_committed_against_women_2013.csv::787,False,UNIQUE,ZZ TOTAL,DISTRICT_OR_REPORTING_UNIT,VALID
A&N Islands,CAR,2013,1,0,0,2,2,0,0,WOMEN,42_District_wise_crimes_committed_against_women_2013.csv,788,42_District_wise_crimes_committed_against_women_2013.csv::788,False,UNIQUE,CAR,DISTRICT_OR_REPORTING_UNIT,VALID
A&N Islands,NORTH,2013,5,5,0,10,1,5,0,WOMEN,42_District_wise_crimes_committed_against_women_2013.csv,789,42_District_wise_crimes_committed_against_women_2013.csv::789,False,UNIQUE,NORTH,DISTRICT_OR_REPORTING_UNIT,VALID
A&N Islands,SOUTH,2013,21,7,1,33,5,4,0,WOMEN,42_District_wise_crimes_committed_against_women_2013.csv,790,42_District_wise_crimes_committed_against_women_2013.csv::790,False,UNIQUE,SOUTH,DISTRICT_OR_REPORTING_UNIT,VALID
A&N Islands,ZZ TOTAL,2013,27,12,1,45,8,9,0,WOMEN,42_District_wise_crimes_committed_against_women_2013.csv,791,42_District_wise_crimes_committed_against_women_2013.csv::791,False,UNIQUE,ZZ TOTAL,DISTRICT_OR_REPORTING_UNIT,VALID
Chandigarh,CHANDIGARH,2013,45,174,1,143,26,92,0,WOMEN,42_District_wise_crimes_committed_against_women_2013.csv,792,42_District_wise_crimes_committed_against_women_2013.csv::792,False,UNIQUE,CHANDIGARH,DISTRICT_OR_REPORTING_UNIT,VALID
Chandigarh,ZZ TOTAL,2013,45,174,1,143,26,92,0,WOMEN,42_District_wise_crimes_committed_against_women_2013.csv,793,42_District_wise_crimes_committed_against_women_2013.csv::793,False,UNIQUE,ZZ TOTAL,DISTRICT_OR_REPORTING_UNIT,VALID
D&N Haveli,D&N HAVELI,2013,5,11,0,1,1,1,0,WOMEN,42_District_wise_crimes_committed_against_women_2013.csv,794,42_District_wise_crimes_committed_against_women_2013.csv::794,False,UNIQUE,D&N HAVELI,DISTRICT_OR_REPORTING_UNIT,VALID
D&N Haveli,ZZ TOTAL,2013,5,11,0,1,1,1,0,WOMEN,42_District_wise_crimes_committed_against_women_2013.csv,795,42_District_wise_crimes_committed_against_women_2013.csv::795,False,UNIQUE,ZZ TOTAL,DISTRICT_OR_REPORTING_UNIT,VALID
Daman & Diu,DAMAN,2013,7,4,0,2,0,2,0,WOMEN,42_District_wise_crimes_committed_against_women_2013.csv,796,42_District_wise_crimes_committed_against_women_2013.csv::796,False,UNIQUE,DAMAN,DISTRICT_OR_REPORTING_UNIT,VALID
Daman & Diu,DIU,2013,1,2,0,0,0,0,0,WOMEN,42_District_wise_crimes_committed_against_women_2013.csv,797,42_District_wise_crimes_committed_against_women_2013.csv::797,False,UNIQUE,DIU,DISTRICT_OR_REPORTING_UNIT,VALID
Daman & Diu,ZZ TOTAL,2013,8,6,0,2,0,2,0,WOMEN,42_District_wise_crimes_committed_against_women_2013.csv,798,42_District_wise_crimes_committed_against_women_2013.csv::798,False,UNIQUE,ZZ TOTAL,DISTRICT_OR_REPORTING_UNIT,VALID
Delhi UT,CAW,2013,0,0,0,1,0,202,0,WOMEN,42_District_wise_crimes_committed_against_women_2013.csv,799,42_District_wise_crimes_committed_against_women_2013.csv::799,False,UNIQUE,CAW,DISTRICT_OR_REPORTING_UNIT,VALID
Delhi UT,CENTRAL,2013,71,113,2,174,28,50,0,WOMEN,42_District_wise_crimes_committed_against_women_2013.csv,800,42_District_wise_crimes_committed_against_women_2013.csv::800,False,UNIQUE,CENTRAL,DISTRICT_OR_REPORTING_UNIT,VALID
Delhi UT,CRIME BRANCH,2013,4,0,0,0,0,0,0,WOMEN,42_District_wise_crimes_committed_against_women_2013.csv,801,42_District_wise_crimes_committed_against_women_2013.csv::801,False,UNIQUE,CRIME BRANCH,DISTRICT_OR_REPORTING_UNIT,VALID
Delhi UT,EAST,2013,210,428,11,364,133,246,0,WOMEN,42_District_wise_crimes_committed_against_women_2013.csv,802,42_District_wise_crimes_committed_against_women_2013.csv::802,False,UNIQUE,EAST,DISTRICT_OR_REPORTING_UNIT,VALID
Delhi UT,EOW,2013,0,0,0,0,0,0,0,WOMEN,42_District_wise_crimes_committed_against_women_2013.csv,803,42_District_wise_crimes_committed_against_women_2013.csv::803,False,UNIQUE,EOW,DISTRICT_OR_REPORTING_UNIT,VALID
Delhi UT,GRP(RLY),2013,4,5,0,11,1,0,0,WOMEN,42_District_wise_crimes_committed_against_women_2013.csv,804,42_District_wise_crimes_committed_against_women_2013.csv::804,False,UNIQUE,GRP(RLY),DISTRICT_OR_REPORTING_UNIT,VALID
Delhi UT,IGI AIRPORT,2013,0,1,0,9,5,0,0,WOMEN,42_District_wise_crimes_committed_against_women_2013.csv,805,42_District_wise_crimes_committed_against_women_2013.csv::805,False,UNIQUE,IGI AIRPORT,DISTRICT_OR_REPORTING_UNIT,VALID
Delhi UT,METRO RAIL,2013,0,4,1,16,12,2,0,WOMEN,42_District_wise_crimes_committed_against_women_2013.csv,806,42_District_wise_crimes_committed_against_women_2013.csv::806,False,UNIQUE,METRO RAIL,DISTRICT_OR_REPORTING_UNIT,VALID
Delhi UT,NEW DELHI,2013,19,35,1,66,25,17,0,WOMEN,42_District_wise_crimes_committed_against_women_2013.csv,807,42_District_wise_crimes_committed_against_women_2013.csv::807,False,UNIQUE,NEW DELHI,DISTRICT_OR_REPORTING_UNIT,VALID
Delhi UT,NORTH,2013,53,151,9,164,25,107,0,WOMEN,42_District_wise_crimes_committed_against_women_2013.csv,808,42_District_wise_crimes_committed_against_women_2013.csv::808,False,UNIQUE,NORTH,DISTRICT_OR_REPORTING_UNIT,VALID
Delhi UT,NORTH-EAST,2013,183,513,27,333,30,438,0,WOMEN,42_District_wise_crimes_committed_against_women_2013.csv,809,42_District_wise_crimes_committed_against_women_2013.csv::809,False,UNIQUE,NORTH-EAST,DISTRICT_OR_REPORTING_UNIT,VALID
Delhi UT,NORTH-WEST,2013,143,343,17,301,45,236,0,WOMEN,42_District_wise_crimes_committed_against_women_2013.csv,810,42_District_wise_crimes_committed_against_women_2013.csv::810,False,UNIQUE,NORTH-WEST,DISTRICT_OR_REPORTING_UNIT,VALID
Delhi UT,OUTER,2013,178,530,14,332,155,466,0,WOMEN,42_District_wise_crimes_committed_against_women_2013.csv,811,42_District_wise_crimes_committed_against_women_2013.csv::811,False,UNIQUE,OUTER,DISTRICT_OR_REPORTING_UNIT,VALID
Delhi UT,SOUTH,2013,163,328,10,539,140,117,0,WOMEN,42_District_wise_crimes_committed_against_women_2013.csv,812,42_District_wise_crimes_committed_against_women_2013.csv::812,False,UNIQUE,SOUTH,DISTRICT_OR_REPORTING_UNIT,VALID
Delhi UT,SOUTH-EAST,2013,230,404,16,386,95,220,0,WOMEN,42_District_wise_crimes_committed_against_women_2013.csv,813,42_District_wise_crimes_committed_against_women_2013.csv::813,False,UNIQUE,SOUTH-EAST,DISTRICT_OR_REPORTING_UNIT,VALID
Delhi UT,SOUTH-WEST,2013,194,330,14,419,128,403,0,WOMEN,42_District_wise_crimes_committed_against_women_2013.csv,814,42_District_wise_crimes_committed_against_women_2013.csv::814,False,UNIQUE,SOUTH-WEST,DISTRICT_OR_REPORTING_UNIT,VALID
Delhi UT,STF,2013,0,0,0,0,0,0,0,WOMEN,42_District_wise_crimes_committed_against_women_2013.csv,815,42_District_wise_crimes_committed_against_women_2013.csv::815,False,UNIQUE,STF,DISTRICT_OR_REPORTING_UNIT,VALID
Delhi UT,WEST,2013,184,424,22,400,94,529,0,WOMEN,42_District_wise_crimes_committed_against_women_2013.csv,816,42_District_wise_crimes_committed_against_women_2013.csv::816,False,UNIQUE,WEST,DISTRICT_OR_REPORTING_UNIT,VALID
Delhi UT,ZZ TOTAL,2013,1636,3609,144,3515,916,3033,0,WOMEN,42_District_wise_crimes_committed_against_women_2013.csv,817,42_District_wise_crimes_committed_against_women_2013.csv::817,False,UNIQUE,ZZ TOTAL,DISTRICT_OR_REPORTING_UNIT,VALID
Lakshadweep,LAKSHADWEEP,2013,2,0,0,1,0,0,0,WOMEN,42_District_wise_crimes_committed_against_women_2013.csv,818,42_District_wise_crimes_committed_against_women_2013.csv::818,False,UNIQUE,LAKSHADWEEP,DISTRICT_OR_REPORTING_UNIT,VALID
Lakshadweep,ZZ TOTAL,2013,2,0,0,1,0,0,0,WOMEN,42_District_wise_crimes_committed_against_women_2013.csv,819,42_District_wise_crimes_committed_against_women_2013.csv::819,False,UNIQUE,ZZ TOTAL,DISTRICT_OR_REPORTING_UNIT,VALID
Puducherry,KARAIKAL,2013,6,2,1,1,1,1,0,WOMEN,42_District_wise_crimes_committed_against_women_2013.csv,820,42_District_wise_crimes_committed_against_women_2013.csv::820,False,UNIQUE,KARAIKAL,DISTRICT_OR_REPORTING_UNIT,VALID
Puducherry,PUDUCHERRY,2013,11,23,0,11,7,7,0,WOMEN,42_District_wise_crimes_committed_against_women_2013.csv,821,42_District_wise_crimes_committed_against_women_2013.csv::821,False,UNIQUE,PUDUCHERRY,DISTRICT_OR_REPORTING_UNIT,VALID
Puducherry,ZZ TOTAL,2013,17,25,1,12,8,8,0,WOMEN,42_District_wise_crimes_committed_against_women_2013.csv,822,42_District_wise_crimes_committed_against_women_2013.csv::822,False,UNIQUE,ZZ TOTAL,DISTRICT_OR_REPORTING_UNIT,VALID
