STATE,DISTRICT,YEAR,"Protection of Civil Rights Act, 1955",POA_Murder,POA_Attempt to commit Murder,POA_Rape,POA_Attempt to commit Rape,POA_Assault on women with intent to outrage her Modesty,POA_Sexual Harassment,POA_Assault on women with intent to Disrobe,POA_Voyeurism,POA_Stalking,POA_Other Sexual Harassment,POA_Insult to the Modesty of women,POA_Kidnapping & Abduction_GrandTotal,POA_Kidnaping & Abduction_Total,POA_Kidnaping & Abduction in order to Murder,POA_Kidnapping for Ransom,POA_Kidnapping & Abduction of Women to compel her for marriage,POA_Other Kidnapping,POA_Dacoity,POA_Dacoity with Murder,POA_Other Dacoity,POA_Robbery,POA_Arson,POA_Grievous Hurt,POA_Hurt,POA_Acid attack,POA_Attempt to Acid Attack,POA_Riots,POA_Other IPC crimes,POA_SC / ST (Prevention of Atrocities) Act only,"Total of SC/ST (Prevention of Atrocities) Act ,1989",IPC_Murder,IPC_Attempt to commit Murder,IPC_Rape,IPC_Attempt to commit Rape,IPC_Assault on women with intent to outrage her Modesty,IPC_Sexual Harassment,IPC_Assault on women with intent to Disrobe,IPC_Voyeurism,IPC_Stalking,IPC_Other Sexual Harassment,IPC_Insult to the Modesty of women,IPC_Kidnapping & Abduction,IPC_Kidnaping & Abduction,IPC_Kidnaping & Abduction in order to Murder,IPC_Kidnapping for Ransom,IPC_Kidnapping & Abduction of Women to compel her for marriage,IPC_Other Kidnapping,IPC_Dacoity,IPC_Dacoity with Murder,IPC_Other Dacoity,IPC_Robbery,IPC_Arson,IPC_Grievous Hurt,IPC_Hurt,IPC_Acid attack,IPC_Attempt to Acid Attack,IPC_Riots,IPC_Other IPC crimes,Total IPC Crimes against STs,"Manual Scavengers and Construction of Dry Latrines (P) Act, 1993",Other SLL Crime against STs,Total crimes against STs,CRIME_GROUP,SOURCE_FILE,SOURCE_ROW_ID,SOURCE_RECORD_ID,DUPLICATE_KEY_FLAG,DATA_QUALITY_FLAG,UNIT_NAME,UNIT_TYPE,SOURCE_QUALITY_STATUS
Andhra Pradesh,Anantapur,2014,0,1,2,0,1,2,1,0,0,1,0,0,0,0,0,0,0,0,0,0,0,0,0,0,0,0,0,0,15,2,23,0,0,0,0,0,0,0,0,0,0,0,0,0,0,0,0,0,0,0,0,0,0,0,0,0,0,0,0,0,0,0,23,ST,02_District_wise_crimes_committed_against_ST_2014.csv,0,02_District_wise_crimes_committed_against_ST_2014.csv::0,False,UNIQUE,Anantapur,DISTRICT_OR_REPORTING_UNIT,VALID
Andhra Pradesh,Chittoor,2014,0,0,0,0,0,1,0,0,0,0,1,0,1,0,0,0,0,1,0,0,0,0,0,1,1,0,0,1,13,0,17,0,0,0,0,0,0,0,0,0,0,0,0,0,0,0,0,0,0,0,0,0,0,0,0,0,0,0,0,0,0,0,17,ST,02_District_wise_crimes_committed_against_ST_2014.csv,1,02_District_wise_crimes_committed_against_ST_2014.csv::1,False,UNIQUE,Chittoor,DISTRICT_OR_REPORTING_UNIT,VALID
Andhra Pradesh,Cuddapah,2014,0,1,0,1,0,0,0,0,0,0,0,0,1,0,0,0,0,1,0,0,0,0,0,0,0,0,0,0,13,17,33,0,0,0,0,0,0,0,0,0,0,0,0,0,0,0,0,0,0,0,0,0,0,0,0,0,0,0,0,0,0,0,33,ST,02_District_wise_crimes_committed_against_ST_2014.csv,2,02_District_wise_crimes_committed_against_ST_2014.csv::2,False,UNIQUE,Cuddapah,DISTRICT_OR_REPORTING_UNIT,VALID
Andhra Pradesh,East Godavari,2014,0,1,0,7,0,3,0,0,0,0,3,2,0,0,0,0,0,0,0,0,0,0,0,1,1,0,0,0,12,9,35,0,0,0,0,0,0,0,0,0,0,0,0,0,0,0,0,0,0,0,0,0,0,0,0,0,0,0,0,0,0,0,35,ST,02_District_wise_crimes_committed_against_ST_2014.csv,3,02_District_wise_crimes_committed_against_ST_2014.csv::3,False,UNIQUE,East Godavari,DISTRICT_OR_REPORTING_UNIT,VALID
Andhra Pradesh,Guntur,2014,0,0,3,2,0,2,1,0,1,0,0,0,3,0,0,0,0,3,0,0,0,0,0,0,0,0,0,1,33,6,50,0,0,0,0,0,0,0,0,0,0,0,0,0,0,0,0,0,0,0,0,0,0,0,0,0,0,0,0,0,0,0,50,ST,02_District_wise_crimes_committed_against_ST_2014.csv,5,02_District_wise_crimes_committed_against_ST_2014.csv::5,False,UNIQUE,Guntur,DISTRICT_OR_REPORTING_UNIT,VALID
Andhra Pradesh,Krishna,2014,0,0,0,0,0,0,0,0,0,0,0,0,0,0,0,0,0,0,0,0,0,0,0,0,0,0,0,0,14,1,15,2,1,1,0,4,0,0,0,1,3,2,0,0,0,0,0,0,0,0,0,0,0,0,0,0,0,0,37,47,0,0,62,ST,02_District_wise_crimes_committed_against_ST_2014.csv,7,02_District_wise_crimes_committed_against_ST_2014.csv::7,False,UNIQUE,Krishna,DISTRICT_OR_REPORTING_UNIT,VALID
Andhra Pradesh,Kurnool,2014,0,0,0,1,0,2,1,0,0,0,1,0,0,0,0,0,0,0,0,0,0,0,0,0,0,0,0,1,10,9,23,0,0,0,0,0,0,0,0,0,0,0,0,0,0,0,0,0,0,0,0,0,0,0,0,0,0,0,0,0,0,0,23,ST,02_District_wise_crimes_committed_against_ST_2014.csv,8,02_District_wise_crimes_committed_against_ST_2014.csv::8,False,UNIQUE,Kurnool,DISTRICT_OR_REPORTING_UNIT,VALID
Andhra Pradesh,Nellore,2014,1,0,1,2,0,7,2,0,0,0,5,2,1,0,0,0,1,0,0,0,0,0,1,0,0,0,0,1,77,1,93,0,0,0,0,0,0,0,0,0,0,0,0,0,0,0,0,0,0,0,0,0,0,0,0,0,0,0,0,0,0,0,94,ST,02_District_wise_crimes_committed_against_ST_2014.csv,9,02_District_wise_crimes_committed_against_ST_2014.csv::9,False,UNIQUE,Nellore,DISTRICT_OR_REPORTING_UNIT,VALID
Andhra Pradesh,Prakasham,2014,0,0,0,0,0,7,0,0,0,0,7,0,1,0,0,0,0,1,0,0,0,0,0,1,1,0,0,0,19,2,30,0,2,0,0,7,0,0,0,0,7,0,0,0,0,0,0,0,0,0,0,0,0,0,0,0,0,0,21,30,0,0,60,ST,02_District_wise_crimes_committed_against_ST_2014.csv,10,02_District_wise_crimes_committed_against_ST_2014.csv::10,False,UNIQUE,Prakasham,DISTRICT_OR_REPORTING_UNIT,VALID
Andhra Pradesh,Rajahmundry,2014,0,0,0,0,0,2,0,0,0,0,2,0,1,0,0,0,0,1,0,0,0,0,0,0,0,0,0,0,2,3,8,0,0,0,0,0,0,0,0,0,0,0,0,0,0,0,0,0,0,0,0,0,0,0,0,0,0,0,6,6,0,0,14,ST,02_District_wise_crimes_committed_against_ST_2014.csv,11,02_District_wise_crimes_committed_against_ST_2014.csv::11,False,UNIQUE,Rajahmundry,DISTRICT_OR_REPORTING_UNIT,VALID
Andhra Pradesh,Srikakulam,2014,0,0,0,1,0,0,0,0,0,0,0,0,0,0,0,0,0,0,0,0,0,0,0,0,0,0,0,0,2,3,6,0,0,0,0,0,0,0,0,0,0,0,0,0,0,0,0,0,0,0,0,0,0,0,0,0,0,0,0,0,0,0,6,ST,02_District_wise_crimes_committed_against_ST_2014.csv,12,02_District_wise_crimes_committed_against_ST_2014.csv::12,False,UNIQUE,Srikakulam,DISTRICT_OR_REPORTING_UNIT,VALID
Andhra Pradesh,Visakhapatnam,2014,0,0,0,0,0,0,0,0,0,0,0,0,1,1,0,0,0,0,0,0,0,0,0,0,0,0,0,0,0,6,7,0,0,0,0,0,0,0,0,0,0,0,0,0,0,0,0,0,0,0,0,0,0,0,0,0,0,0,0,0,0,0,7,ST,02_District_wise_crimes_committed_against_ST_2014.csv,17,02_District_wise_crimes_committed_against_ST_2014.csv::17,False,UNIQUE,Visakhapatnam,DISTRICT_OR_REPORTING_UNIT,VALID
Andhra Pradesh,Vizianagaram,2014,0,0,0,0,0,2,0,0,0,0,2,0,0,0,0,0,0,0,0,0,0,0,0,0,0,0,0,0,11,6,19,0,0,0,0,0,0,0,0,0,0,0,0,0,0,0,0,0,0,0,0,0,0,0,0,0,0,0,0,0,0,0,19,ST,02_District_wise_crimes_committed_against_ST_2014.csv,18,02_District_wise_crimes_committed_against_ST_2014.csv::18,False,UNIQUE,Vizianagaram,DISTRICT_OR_REPORTING_UNIT,VALID
Andhra Pradesh,West Godavari,2014,0,1,0,2,0,0,0,0,0,0,0,0,1,0,0,0,0,1,0,0,0,0,0,0,0,0,0,0,5,1,10,0,0,0,0,0,0,0,0,0,0,0,0,0,0,0,0,0,0,0,0,0,0,0,0,0,0,0,4,4,0,0,14,ST,02_District_wise_crimes_committed_against_ST_2014.csv,19,02_District_wise_crimes_committed_against_ST_2014.csv::19,False,UNIQUE,West Godavari,DISTRICT_OR_REPORTING_UNIT,VALID
Arunachal Pradesh,Anjaw,2014,0,0,0,0,0,0,0,0,0,0,0,0,0,0,0,0,0,0,0,0,0,0,0,0,0,0,0,0,0,0,0,0,0,0,0,0,0,0,0,0,0,0,0,0,0,0,0,0,0,0,0,0,0,0,0,0,0,0,0,0,0,0,0,ST,02_District_wise_crimes_committed_against_ST_2014.csv,21,02_District_wise_crimes_committed_against_ST_2014.csv::21,False,UNIQUE,Anjaw,DISTRICT_OR_REPORTING_UNIT,VALID
Arunachal Pradesh,Changlang,2014,0,0,0,0,0,0,0,0,0,0,0,0,0,0,0,0,0,0,0,0,0,0,0,0,0,0,0,0,0,0,0,0,0,0,0,0,0,0,0,0,0,0,0,0,0,0,0,0,0,0,0,0,0,0,0,0,0,0,0,0,0,0,0,ST,02_District_wise_crimes_committed_against_ST_2014.csv,22,02_District_wise_crimes_committed_against_ST_2014.csv::22,False,UNIQUE,Changlang,DISTRICT_OR_REPORTING_UNIT,VALID
Arunachal Pradesh,Crime Branch,2014,0,0,0,0,0,0,0,0,0,0,0,0,0,0,0,0,0,0,0,0,0,0,0,0,0,0,0,0,0,0,0,0,0,0,0,0,0,0,0,0,0,0,0,0,0,0,0,0,0,0,0,0,0,0,0,0,0,0,0,0,0,0,0,ST,02_District_wise_crimes_committed_against_ST_2014.csv,23,02_District_wise_crimes_committed_against_ST_2014.csv::23,False,UNIQUE,Crime Branch,DISTRICT_OR_REPORTING_UNIT,VALID
Arunachal Pradesh,Dibang Valley,2014,0,0,0,0,0,0,0,0,0,0,0,0,0,0,0,0,0,0,0,0,0,0,0,0,0,0,0,0,0,0,0,0,0,0,0,0,0,0,0,0,0,0,0,0,0,0,0,0,0,0,0,0,0,0,0,0,0,0,0,0,0,0,0,ST,02_District_wise_crimes_committed_against_ST_2014.csv,24,02_District_wise_crimes_committed_against_ST_2014.csv::24,False,UNIQUE,Dibang Valley,DISTRICT_OR_REPORTING_UNIT,VALID
Arunachal Pradesh,Kameng East,2014,0,0,0,0,0,0,0,0,0,0,0,0,0,0,0,0,0,0,0,0,0,0,0,0,0,0,0,0,0,0,0,0,0,0,0,0,0,0,0,0,0,0,0,0,0,0,0,0,0,0,0,0,0,0,0,0,0,0,0,0,0,0,0,ST,02_District_wise_crimes_committed_against_ST_2014.csv,25,02_District_wise_crimes_committed_against_ST_2014.csv::25,False,UNIQUE,Kameng East,DISTRICT_OR_REPORTING_UNIT,VALID
Arunachal Pradesh,Kameng West,2014,0,0,0,0,0,0,0,0,0,0,0,0,0,0,0,0,0,0,0,0,0,0,0,0,0,0,0,0,0,0,0,0,0,0,0,0,0,0,0,0,0,0,0,0,0,0,0,0,0,0,0,0,0,0,0,0,0,0,0,0,0,0,0,ST,02_District_wise_crimes_committed_against_ST_2014.csv,26,02_District_wise_crimes_committed_against_ST_2014.csv::26,False,UNIQUE,Kameng West,DISTRICT_OR_REPORTING_UNIT,VALID
Arunachal Pradesh,Kukung Kumey,2014,0,0,0,0,0,0,0,0,0,0,0,0,0,0,0,0,0,0,0,0,0,0,0,0,0,0,0,0,0,0,0,0,0,0,0,0,0,0,0,0,0,0,0,0,0,0,0,0,0,0,0,0,0,0,0,0,0,0,0,0,0,0,0,ST,02_District_wise_crimes_committed_against_ST_2014.csv,27,02_District_wise_crimes_committed_against_ST_2014.csv::27,False,UNIQUE,Kukung Kumey,DISTRICT_OR_REPORTING_UNIT,VALID
Arunachal Pradesh,Lohit,2014,0,0,0,0,0,0,0,0,0,0,0,0,0,0,0,0,0,0,0,0,0,0,0,0,0,0,0,0,0,0,0,0,0,0,0,0,0,0,0,0,0,0,0,0,0,0,0,0,0,0,0,0,0,0,0,0,0,0,0,0,0,0,0,ST,02_District_wise_crimes_committed_against_ST_2014.csv,28,02_District_wise_crimes_committed_against_ST_2014.csv::28,False,UNIQUE,Lohit,DISTRICT_OR_REPORTING_UNIT,VALID
Arunachal Pradesh,Longding,2014,0,0,0,0,0,0,0,0,0,0,0,0,0,0,0,0,0,0,0,0,0,0,0,0,0,0,0,0,0,0,0,0,0,0,0,0,0,0,0,0,0,0,0,0,0,0,0,0,0,0,0,0,0,0,0,0,0,0,0,0,0,0,0,ST,02_District_wise_crimes_committed_against_ST_2014.csv,29,02_District_wise_crimes_committed_against_ST_2014.csv::29,False,UNIQUE,Longding,DISTRICT_OR_REPORTING_UNIT,VALID
Arunachal Pradesh,Lower Dibang Valley,2014,0,0,0,0,0,0,0,0,0,0,0,0,0,0,0,0,0,0,0,0,0,0,0,0,0,0,0,0,0,0,0,0,0,0,0,0,0,0,0,0,0,0,0,0,0,0,0,0,0,0,0,0,0,0,0,0,0,0,0,0,0,0,0,ST,02_District_wise_crimes_committed_against_ST_2014.csv,30,02_District_wise_crimes_committed_against_ST_2014.csv::30,False,UNIQUE,Lower Dibang Valley,DISTRICT_OR_REPORTING_UNIT,VALID
Arunachal Pradesh,Siang East,2014,0,0,0,0,0,0,0,0,0,0,0,0,0,0,0,0,0,0,0,0,0,0,0,0,0,0,0,0,0,0,0,0,0,0,0,0,0,0,0,0,0,0,0,0,0,0,0,0,0,0,0,0,0,0,0,0,0,0,0,0,0,0,0,ST,02_District_wise_crimes_committed_against_ST_2014.csv,33,02_District_wise_crimes_committed_against_ST_2014.csv::33,False,UNIQUE,Siang East,DISTRICT_OR_REPORTING_UNIT,VALID
Arunachal Pradesh,Siang Upper,2014,0,0,0,0,0,0,0,0,0,0,0,0,0,0,0,0,0,0,0,0,0,0,0,0,0,0,0,0,0,0,0,0,0,0,0,0,0,0,0,0,0,0,0,0,0,0,0,0,0,0,0,0,0,0,0,0,0,0,0,0,0,0,0,ST,02_District_wise_crimes_committed_against_ST_2014.csv,34,02_District_wise_crimes_committed_against_ST_2014.csv::34,False,UNIQUE,Siang Upper,DISTRICT_OR_REPORTING_UNIT,VALID
Arunachal Pradesh,Siang West,2014,0,0,0,0,0,0,0,0,0,0,0,0,0,0,0,0,0,0,0,0,0,0,0,0,0,0,0,0,0,0,0,1,0,0,0,0,0,0,0,0,0,0,0,0,0,0,0,0,0,0,0,0,0,0,0,0,0,0,0,1,0,0,1,ST,02_District_wise_crimes_committed_against_ST_2014.csv,35,02_District_wise_crimes_committed_against_ST_2014.csv::35,False,UNIQUE,Siang West,DISTRICT_OR_REPORTING_UNIT,VALID
Arunachal Pradesh,Subansiri Lower,2014,0,0,0,0,0,0,0,0,0,0,0,0,0,0,0,0,0,0,0,0,0,0,0,0,0,0,0,0,0,0,0,0,0,0,0,0,0,0,0,0,0,0,0,0,0,0,0,0,0,0,0,0,0,0,0,0,0,0,0,0,0,0,0,ST,02_District_wise_crimes_committed_against_ST_2014.csv,36,02_District_wise_crimes_committed_against_ST_2014.csv::36,False,UNIQUE,Subansiri Lower,DISTRICT_OR_REPORTING_UNIT,VALID
Arunachal Pradesh,Subansiri Upper,2014,0,0,0,0,0,0,0,0,0,0,0,0,0,0,0,0,0,0,0,0,0,0,0,0,0,0,0,0,0,0,0,0,0,0,0,0,0,0,0,0,0,0,0,0,0,0,0,0,0,0,0,0,0,0,0,0,0,0,0,0,0,0,0,ST,02_District_wise_crimes_committed_against_ST_2014.csv,37,02_District_wise_crimes_committed_against_ST_2014.csv::37,False,UNIQUE,Subansiri Upper,DISTRICT_OR_REPORTING_UNIT,VALID
Arunachal Pradesh,Tawang,2014,0,0,0,0,0,0,0,0,0,0,0,0,0,0,0,0,0,0,0,0,0,0,0,0,0,0,0,0,0,0,0,0,0,0,0,0,0,0,0,0,0,0,0,0,0,0,0,0,0,0,0,0,0,0,0,0,0,0,0,0,0,0,0,ST,02_District_wise_crimes_committed_against_ST_2014.csv,38,02_District_wise_crimes_committed_against_ST_2014.csv::38,False,UNIQUE,Tawang,DISTRICT_OR_REPORTING_UNIT,VALID
Arunachal Pradesh,Tirap,2014,0,0,0,0,0,0,0,0,0,0,0,0,0,0,0,0,0,0,0,0,0,0,0,0,0,0,0,0,0,0,0,0,0,0,0,0,0,0,0,0,0,0,0,0,0,0,0,0,0,0,0,0,0,0,0,0,0,0,0,0,0,0,0,ST,02_District_wise_crimes_committed_against_ST_2014.csv,39,02_District_wise_crimes_committed_against_ST_2014.csv::39,False,UNIQUE,Tirap,DISTRICT_OR_REPORTING_UNIT,VALID
Assam,Barpeta,2014,0,0,0,0,0,0,0,0,0,0,0,0,0,0,0,0,0,0,0,0,0,0,0,0,0,0,0,0,0,0,0,0,0,0,0,0,0,0,0,0,0,0,0,0,0,0,0,0,0,0,0,0,0,0,0,0,0,0,0,0,0,0,0,ST,02_District_wise_crimes_committed_against_ST_2014.csv,41,02_District_wise_crimes_committed_against_ST_2014.csv::41,False,UNIQUE,Barpeta,DISTRICT_OR_REPORTING_UNIT,VALID
Assam,Baska,2014,0,0,0,0,0,0,0,0,0,0,0,0,0,0,0,0,0,0,0,0,0,0,0,0,0,0,0,0,0,0,0,0,0,0,0,0,0,0,0,0,0,0,0,0,0,0,0,0,0,0,0,0,0,0,0,0,0,0,0,0,0,0,0,ST,02_District_wise_crimes_committed_against_ST_2014.csv,42,02_District_wise_crimes_committed_against_ST_2014.csv::42,False,UNIQUE,Baska,DISTRICT_OR_REPORTING_UNIT,VALID
Assam,Bongaigaon,2014,0,0,0,0,0,0,0,0,0,0,0,0,0,0,0,0,0,0,0,0,0,0,0,0,0,0,0,0,0,0,0,0,0,0,0,0,0,0,0,0,0,0,0,0,0,0,0,0,0,0,0,0,0,0,0,0,0,0,0,0,0,0,0,ST,02_District_wise_crimes_committed_against_ST_2014.csv,43,02_District_wise_crimes_committed_against_ST_2014.csv::43,False,UNIQUE,Bongaigaon,DISTRICT_OR_REPORTING_UNIT,VALID
Assam,Cachar,2014,0,0,0,0,0,1,0,0,0,0,1,0,0,0,0,0,0,0,0,0,0,0,0,0,0,0,0,0,0,0,1,0,0,0,0,0,0,0,0,0,0,0,0,0,0,0,0,0,0,0,0,0,0,0,0,0,0,0,0,0,0,0,1,ST,02_District_wise_crimes_committed_against_ST_2014.csv,44,02_District_wise_crimes_committed_against_ST_2014.csv::44,False,UNIQUE,Cachar,DISTRICT_OR_REPORTING_UNIT,VALID
Assam,Chirang,2014,0,0,0,0,0,0,0,0,0,0,0,0,0,0,0,0,0,0,0,0,0,0,0,0,0,0,0,0,0,0,0,0,0,0,0,0,0,0,0,0,0,0,0,0,0,0,0,0,0,0,0,0,0,0,0,0,0,0,0,0,0,0,0,ST,02_District_wise_crimes_committed_against_ST_2014.csv,45,02_District_wise_crimes_committed_against_ST_2014.csv::45,False,UNIQUE,Chirang,DISTRICT_OR_REPORTING_UNIT,VALID
Assam,Darrang,2014,0,0,0,0,0,0,0,0,0,0,0,0,0,0,0,0,0,0,0,0,0,0,0,0,0,0,0,0,0,0,0,0,0,0,0,0,0,0,0,0,0,0,0,0,0,0,0,0,0,0,0,0,0,0,0,0,0,0,0,0,0,0,0,ST,02_District_wise_crimes_committed_against_ST_2014.csv,46,02_District_wise_crimes_committed_against_ST_2014.csv::46,False,UNIQUE,Darrang,DISTRICT_OR_REPORTING_UNIT,VALID
Assam,Dhemaji,2014,0,0,0,0,0,0,0,0,0,0,0,0,0,0,0,0,0,0,0,0,0,0,0,0,0,0,0,0,0,0,0,0,0,0,0,0,0,0,0,0,0,0,0,0,0,0,0,0,0,0,0,0,0,0,0,0,0,0,0,0,0,0,0,ST,02_District_wise_crimes_committed_against_ST_2014.csv,47,02_District_wise_crimes_committed_against_ST_2014.csv::47,False,UNIQUE,Dhemaji,DISTRICT_OR_REPORTING_UNIT,VALID
Assam,Dhubri,2014,0,0,0,0,0,0,0,0,0,0,0,0,0,0,0,0,0,0,0,0,0,0,0,0,0,0,0,0,0,0,0,0,0,0,0,0,0,0,0,0,0,0,0,0,0,0,0,0,0,0,0,0,0,0,0,0,0,0,0,0,0,0,0,ST,02_District_wise_crimes_committed_against_ST_2014.csv,48,02_District_wise_crimes_committed_against_ST_2014.csv::48,False,UNIQUE,Dhubri,DISTRICT_OR_REPORTING_UNIT,VALID
Assam,Dibrugarh,2014,0,0,0,0,0,0,0,0,0,0,0,0,0,0,0,0,0,0,0,0,0,0,0,0,0,0,0,0,0,0,0,0,0,0,0,0,0,0,0,0,0,0,0,0,0,0,0,0,0,0,0,0,0,0,0,0,0,0,0,0,0,0,0,ST,02_District_wise_crimes_committed_against_ST_2014.csv,49,02_District_wise_crimes_committed_against_ST_2014.csv::49,False,UNIQUE,Dibrugarh,DISTRICT_OR_REPORTING_UNIT,VALID
Assam,Goalpara,2014,0,0,0,0,0,0,0,0,0,0,0,0,0,0,0,0,0,0,0,0,0,0,0,0,0,0,0,0,0,0,0,0,0,0,0,0,0,0,0,0,0,0,0,0,0,0,0,0,0,0,0,0,0,0,0,0,0,0,0,0,0,0,0,ST,02_District_wise_crimes_committed_against_ST_2014.csv,50,02_District_wise_crimes_committed_against_ST_2014.csv::50,False,UNIQUE,Goalpara,DISTRICT_OR_REPORTING_UNIT,VALID
Assam,Golaghat,2014,0,0,0,0,0,0,0,0,0,0,0,0,0,0,0,0,0,0,0,0,0,0,0,0,0,0,0,0,0,0,0,0,0,0,0,0,0,0,0,0,0,0,0,0,0,0,0,0,0,0,0,0,0,0,0,0,0,0,0,0,0,0,0,ST,02_District_wise_crimes_committed_against_ST_2014.csv,51,02_District_wise_crimes_committed_against_ST_2014.csv::51,False,UNIQUE,Golaghat,DISTRICT_OR_REPORTING_UNIT,VALID
Assam,Hailakandi,2014,0,0,0,0,0,0,0,0,0,0,0,0,0,0,0,0,0,0,0,0,0,0,0,0,0,0,0,0,0,0,0,0,0,0,0,0,0,0,0,0,0,0,0,0,0,0,0,0,0,0,0,0,0,0,0,0,0,0,0,0,0,0,0,ST,02_District_wise_crimes_committed_against_ST_2014.csv,53,02_District_wise_crimes_committed_against_ST_2014.csv::53,False,UNIQUE,Hailakandi,DISTRICT_OR_REPORTING_UNIT,VALID
Assam,Jorhat,2014,0,0,0,0,0,0,0,0,0,0,0,0,0,0,0,0,0,0,0,0,0,0,0,0,0,0,0,0,0,0,0,0,0,0,0,0,0,0,0,0,0,0,0,0,0,0,0,0,0,0,0,0,0,0,0,0,0,0,0,0,0,0,0,ST,02_District_wise_crimes_committed_against_ST_2014.csv,54,02_District_wise_crimes_committed_against_ST_2014.csv::54,False,UNIQUE,Jorhat,DISTRICT_OR_REPORTING_UNIT,VALID
Assam,Kamrup,2014,0,0,0,0,0,0,0,0,0,0,0,0,0,0,0,0,0,0,0,0,0,0,0,0,0,0,0,0,0,0,0,0,0,0,0,0,0,0,0,0,0,0,0,0,0,0,0,0,0,0,0,0,0,0,0,0,0,0,0,0,0,0,0,ST,02_District_wise_crimes_committed_against_ST_2014.csv,55,02_District_wise_crimes_committed_against_ST_2014.csv::55,False,UNIQUE,Kamrup,DISTRICT_OR_REPORTING_UNIT,VALID
Assam,Karbi Anglong,2014,0,0,0,0,0,0,0,0,0,0,0,0,0,0,0,0,0,0,0,0,0,0,0,0,0,0,0,0,0,0,0,0,0,0,0,0,0,0,0,0,0,0,0,0,0,0,0,0,0,0,0,0,0,0,0,0,0,0,0,0,0,0,0,ST,02_District_wise_crimes_committed_against_ST_2014.csv,56,02_District_wise_crimes_committed_against_ST_2014.csv::56,False,UNIQUE,Karbi Anglong,DISTRICT_OR_REPORTING_UNIT,VALID
Assam,Karimganj,2014,0,0,0,0,0,0,0,0,0,0,0,0,0,0,0,0,0,0,0,0,0,0,0,0,0,0,0,0,0,0,0,0,0,0,0,0,0,0,0,0,0,0,0,0,0,0,0,0,0,0,0,0,0,0,0,0,0,0,0,0,0,0,0,ST,02_District_wise_crimes_committed_against_ST_2014.csv,57,02_District_wise_crimes_committed_against_ST_2014.csv::57,False,UNIQUE,Karimganj,DISTRICT_OR_REPORTING_UNIT,VALID
Assam,Kokrajhar,2014,0,0,0,0,0,0,0,0,0,0,0,0,0,0,0,0,0,0,0,0,0,0,0,0,0,0,0,0,0,0,0,0,0,0,0,0,0,0,0,0,0,0,0,0,0,0,0,0,0,0,0,0,0,0,0,0,0,0,0,0,0,0,0,ST,02_District_wise_crimes_committed_against_ST_2014.csv,58,02_District_wise_crimes_committed_against_ST_2014.csv::58,False,UNIQUE,Kokrajhar,DISTRICT_OR_REPORTING_UNIT,VALID
Assam,Lakhimpur,2014,0,0,0,0,0,0,0,0,0,0,0,0,0,0,0,0,0,0,0,0,0,0,0,0,0,0,0,0,0,0,0,0,0,0,0,0,0,0,0,0,0,0,0,0,0,0,0,0,0,0,0,0,0,0,0,0,0,0,0,0,0,0,0,ST,02_District_wise_crimes_committed_against_ST_2014.csv,59,02_District_wise_crimes_committed_against_ST_2014.csv::59,False,UNIQUE,Lakhimpur,DISTRICT_OR_REPORTING_UNIT,VALID
Assam,Morigaon,2014,0,0,0,0,0,0,0,0,0,0,0,0,0,0,0,0,0,0,0,0,0,0,0,0,0,0,0,0,0,0,0,0,0,0,0,0,0,0,0,0,0,0,0,0,0,0,0,0,0,0,0,0,0,0,0,0,0,0,0,0,0,0,0,ST,02_District_wise_crimes_committed_against_ST_2014.csv,60,02_District_wise_crimes_committed_against_ST_2014.csv::60,False,UNIQUE,Morigaon,DISTRICT_OR_REPORTING_UNIT,VALID
Assam,N. C. Hills,2014,0,0,0,0,0,0,0,0,0,0,0,0,0,0,0,0,0,0,0,0,0,0,0,0,0,0,0,0,0,0,0,0,0,0,0,0,0,0,0,0,0,0,0,0,0,0,0,0,0,0,0,0,0,0,0,0,0,0,0,0,0,0,0,ST,02_District_wise_crimes_committed_against_ST_2014.csv,61,02_District_wise_crimes_committed_against_ST_2014.csv::61,False,UNIQUE,N. C. Hills,DISTRICT_OR_REPORTING_UNIT,VALID
Assam,Nagaon,2014,0,0,0,0,0,0,0,0,0,0,0,0,0,0,0,0,0,0,0,0,0,0,0,0,0,0,0,0,0,0,0,0,0,0,0,0,0,0,0,0,0,0,0,0,0,0,0,0,0,0,0,0,0,0,0,0,0,0,0,0,0,0,0,ST,02_District_wise_crimes_committed_against_ST_2014.csv,62,02_District_wise_crimes_committed_against_ST_2014.csv::62,False,UNIQUE,Nagaon,DISTRICT_OR_REPORTING_UNIT,VALID
Assam,Nalbari,2014,0,0,0,0,0,0,0,0,0,0,0,0,0,0,0,0,0,0,0,0,0,0,0,0,0,0,0,0,0,0,0,0,0,0,0,0,0,0,0,0,0,0,0,0,0,0,0,0,0,0,0,0,0,0,0,0,0,0,0,0,0,0,0,ST,02_District_wise_crimes_committed_against_ST_2014.csv,63,02_District_wise_crimes_committed_against_ST_2014.csv::63,False,UNIQUE,Nalbari,DISTRICT_OR_REPORTING_UNIT,VALID
Assam,Sibsagar,2014,0,0,0,0,0,0,0,0,0,0,0,0,0,0,0,0,0,0,0,0,0,0,0,0,0,0,0,0,0,0,0,0,0,0,0,0,0,0,0,0,0,0,0,0,0,0,0,0,0,0,0,0,0,0,0,0,0,0,0,0,0,0,0,ST,02_District_wise_crimes_committed_against_ST_2014.csv,64,02_District_wise_crimes_committed_against_ST_2014.csv::64,False,UNIQUE,Sibsagar,DISTRICT_OR_REPORTING_UNIT,VALID
Assam,Sonitpur,2014,0,0,0,0,0,0,0,0,0,0,0,0,0,0,0,0,0,0,0,0,0,0,0,0,0,0,0,0,0,0,0,0,0,0,0,0,0,0,0,0,0,0,0,0,0,0,0,0,0,0,0,0,0,0,0,0,0,0,0,0,0,0,0,ST,02_District_wise_crimes_committed_against_ST_2014.csv,65,02_District_wise_crimes_committed_against_ST_2014.csv::65,False,UNIQUE,Sonitpur,DISTRICT_OR_REPORTING_UNIT,VALID
Assam,Tinsukia,2014,0,0,0,0,0,0,0,0,0,0,0,0,0,0,0,0,0,0,0,0,0,0,0,0,0,0,0,0,0,0,0,0,0,0,0,0,0,0,0,0,0,0,0,0,0,0,0,0,0,0,0,0,0,0,0,0,0,0,0,0,0,0,0,ST,02_District_wise_crimes_committed_against_ST_2014.csv,66,02_District_wise_crimes_committed_against_ST_2014.csv::66,False,UNIQUE,Tinsukia,DISTRICT_OR_REPORTING_UNIT,VALID
Assam,Udalguri,2014,0,0,0,0,0,0,0,0,0,0,0,0,0,0,0,0,0,0,0,0,0,0,0,0,0,0,0,0,0,0,0,0,0,0,0,0,0,0,0,0,0,0,0,0,0,0,0,0,0,0,0,0,0,0,0,0,0,0,0,0,0,0,0,ST,02_District_wise_crimes_committed_against_ST_2014.csv,67,02_District_wise_crimes_committed_against_ST_2014.csv::67,False,UNIQUE,Udalguri,DISTRICT_OR_REPORTING_UNIT,VALID
Bihar,Araria,2014,0,0,0,0,0,0,0,0,0,0,0,0,0,0,0,0,0,0,0,0,0,0,0,0,0,0,0,0,0,0,0,0,0,0,0,0,0,0,0,0,0,0,0,0,0,0,0,0,0,0,0,0,0,0,0,0,0,0,0,0,0,0,0,ST,02_District_wise_crimes_committed_against_ST_2014.csv,69,02_District_wise_crimes_committed_against_ST_2014.csv::69,False,UNIQUE,Araria,DISTRICT_OR_REPORTING_UNIT,VALID
Bihar,Arwal,2014,0,0,0,0,0,0,0,0,0,0,0,0,0,0,0,0,0,0,0,0,0,0,0,0,0,0,0,0,0,0,0,0,0,0,0,0,0,0,0,0,0,0,0,0,0,0,0,0,0,0,0,0,0,0,0,0,0,0,0,0,0,0,0,ST,02_District_wise_crimes_committed_against_ST_2014.csv,70,02_District_wise_crimes_committed_against_ST_2014.csv::70,False,UNIQUE,Arwal,DISTRICT_OR_REPORTING_UNIT,VALID
Bihar,Aurangabad,2014,0,0,0,0,0,0,0,0,0,0,0,0,0,0,0,0,0,0,0,0,0,0,0,0,0,0,0,0,0,0,0,0,0,0,0,0,0,0,0,0,0,0,0,0,0,0,0,0,0,0,0,0,0,0,0,0,0,0,0,0,0,0,0,ST,02_District_wise_crimes_committed_against_ST_2014.csv,71,02_District_wise_crimes_committed_against_ST_2014.csv::71,False,UNIQUE,Aurangabad,DISTRICT_OR_REPORTING_UNIT,VALID
Bihar,Bagaha,2014,0,0,0,0,0,0,0,0,0,0,0,0,0,0,0,0,0,0,0,0,0,0,0,0,0,0,0,0,0,0,0,0,0,0,0,0,0,0,0,0,0,0,0,0,0,0,0,0,0,0,0,0,0,0,0,0,0,0,0,0,0,0,0,ST,02_District_wise_crimes_committed_against_ST_2014.csv,72,02_District_wise_crimes_committed_against_ST_2014.csv::72,False,UNIQUE,Bagaha,DISTRICT_OR_REPORTING_UNIT,VALID
Bihar,Banka,2014,0,0,2,0,0,1,0,1,0,0,0,0,0,0,0,0,0,0,0,0,0,0,0,3,3,0,0,1,5,0,12,0,0,0,0,0,0,0,0,0,0,0,0,0,0,0,0,0,0,0,0,0,0,0,0,0,0,0,0,0,0,0,12,ST,02_District_wise_crimes_committed_against_ST_2014.csv,73,02_District_wise_crimes_committed_against_ST_2014.csv::73,False,UNIQUE,Banka,DISTRICT_OR_REPORTING_UNIT,VALID
Bihar,Begusarai,2014,0,0,0,0,0,0,0,0,0,0,0,0,0,0,0,0,0,0,0,0,0,0,0,0,0,0,0,0,0,0,0,0,0,0,0,0,0,0,0,0,0,0,0,0,0,0,0,0,0,0,0,0,0,0,0,0,0,0,0,0,0,0,0,ST,02_District_wise_crimes_committed_against_ST_2014.csv,74,02_District_wise_crimes_committed_against_ST_2014.csv::74,False,UNIQUE,Begusarai,DISTRICT_OR_REPORTING_UNIT,VALID
Bihar,Bettiah,2014,0,0,0,0,0,0,0,0,0,0,0,0,0,0,0,0,0,0,0,0,0,0,0,0,0,0,0,0,0,0,0,0,0,0,0,0,0,0,0,0,0,0,0,0,0,0,0,0,0,0,0,0,0,0,0,0,0,0,0,0,0,0,0,ST,02_District_wise_crimes_committed_against_ST_2014.csv,75,02_District_wise_crimes_committed_against_ST_2014.csv::75,False,UNIQUE,Bettiah,DISTRICT_OR_REPORTING_UNIT,VALID
Bihar,Bhabhua,2014,0,0,0,0,0,0,0,0,0,0,0,0,0,0,0,0,0,0,0,0,0,0,0,0,0,0,0,0,0,0,0,0,0,0,0,0,0,0,0,0,0,0,0,0,0,0,0,0,0,0,0,0,0,0,0,0,0,0,0,0,0,0,0,ST,02_District_wise_crimes_committed_against_ST_2014.csv,76,02_District_wise_crimes_committed_against_ST_2014.csv::76,False,UNIQUE,Bhabhua,DISTRICT_OR_REPORTING_UNIT,VALID
Bihar,Bhagalpur,2014,0,0,0,0,0,0,0,0,0,0,0,0,0,0,0,0,0,0,0,0,0,0,0,0,0,0,0,0,7,0,7,0,0,0,0,0,0,0,0,0,0,0,0,0,0,0,0,0,0,0,0,0,0,0,0,0,0,0,0,0,0,0,7,ST,02_District_wise_crimes_committed_against_ST_2014.csv,77,02_District_wise_crimes_committed_against_ST_2014.csv::77,False,UNIQUE,Bhagalpur,DISTRICT_OR_REPORTING_UNIT,VALID
Bihar,Bhojpur,2014,0,0,0,0,0,0,0,0,0,0,0,0,0,0,0,0,0,0,0,0,0,0,0,0,0,0,0,0,0,0,0,0,0,0,0,0,0,0,0,0,0,0,0,0,0,0,0,0,0,0,0,0,0,0,0,0,0,0,0,0,0,0,0,ST,02_District_wise_crimes_committed_against_ST_2014.csv,78,02_District_wise_crimes_committed_against_ST_2014.csv::78,False,UNIQUE,Bhojpur,DISTRICT_OR_REPORTING_UNIT,VALID
Bihar,Buxar,2014,0,0,0,0,0,0,0,0,0,0,0,0,0,0,0,0,0,0,0,0,0,0,0,0,0,0,0,0,0,0,0,0,0,0,0,0,0,0,0,0,0,0,0,0,0,0,0,0,0,0,0,0,0,0,0,0,0,0,0,0,0,0,0,ST,02_District_wise_crimes_committed_against_ST_2014.csv,79,02_District_wise_crimes_committed_against_ST_2014.csv::79,False,UNIQUE,Buxar,DISTRICT_OR_REPORTING_UNIT,VALID
Bihar,Darbhanga,2014,0,0,0,0,0,0,0,0,0,0,0,0,0,0,0,0,0,0,0,0,0,0,0,0,0,0,0,0,0,0,0,0,0,0,0,0,0,0,0,0,0,0,0,0,0,0,0,0,0,0,0,0,0,0,0,0,0,0,0,0,0,0,0,ST,02_District_wise_crimes_committed_against_ST_2014.csv,80,02_District_wise_crimes_committed_against_ST_2014.csv::80,False,UNIQUE,Darbhanga,DISTRICT_OR_REPORTING_UNIT,VALID
Bihar,Gaya,2014,0,0,0,0,0,0,0,0,0,0,0,0,0,0,0,0,0,0,0,0,0,0,0,0,0,0,0,0,0,0,0,0,0,0,0,0,0,0,0,0,0,0,0,0,0,0,0,0,0,0,0,0,0,0,0,0,0,0,0,0,0,0,0,ST,02_District_wise_crimes_committed_against_ST_2014.csv,81,02_District_wise_crimes_committed_against_ST_2014.csv::81,False,UNIQUE,Gaya,DISTRICT_OR_REPORTING_UNIT,VALID
Bihar,Gopalganj,2014,0,0,0,0,0,0,0,0,0,0,0,0,0,0,0,0,0,0,0,0,0,0,0,0,0,0,0,0,0,0,0,0,0,0,0,0,0,0,0,0,0,0,0,0,0,0,0,0,0,0,0,0,0,0,0,0,0,0,0,0,0,0,0,ST,02_District_wise_crimes_committed_against_ST_2014.csv,82,02_District_wise_crimes_committed_against_ST_2014.csv::82,False,UNIQUE,Gopalganj,DISTRICT_OR_REPORTING_UNIT,VALID
Bihar,Jamui,2014,0,0,0,0,0,0,0,0,0,0,0,0,0,0,0,0,0,0,0,0,0,0,0,0,0,0,0,0,0,0,0,0,0,0,0,0,0,0,0,0,0,0,0,0,0,0,0,0,0,0,0,0,0,0,0,0,0,0,0,0,0,0,0,ST,02_District_wise_crimes_committed_against_ST_2014.csv,84,02_District_wise_crimes_committed_against_ST_2014.csv::84,False,UNIQUE,Jamui,DISTRICT_OR_REPORTING_UNIT,VALID
Bihar,Jehanabad,2014,0,0,0,0,0,0,0,0,0,0,0,0,0,0,0,0,0,0,0,0,0,0,0,0,0,0,0,0,0,0,0,0,0,0,0,0,0,0,0,0,0,0,0,0,0,0,0,0,0,0,0,0,0,0,0,0,0,0,0,0,0,0,0,ST,02_District_wise_crimes_committed_against_ST_2014.csv,85,02_District_wise_crimes_committed_against_ST_2014.csv::85,False,UNIQUE,Jehanabad,DISTRICT_OR_REPORTING_UNIT,VALID
Bihar,Katihar,2014,0,0,0,0,0,0,0,0,0,0,0,0,0,0,0,0,0,0,0,0,0,0,0,0,0,0,0,0,0,28,28,0,0,0,0,0,0,0,0,0,0,0,0,0,0,0,0,0,0,0,0,0,0,0,0,0,0,0,0,0,0,0,28,ST,02_District_wise_crimes_committed_against_ST_2014.csv,86,02_District_wise_crimes_committed_against_ST_2014.csv::86,False,UNIQUE,Katihar,DISTRICT_OR_REPORTING_UNIT,VALID
Bihar,Khagaria,2014,0,0,0,0,0,0,0,0,0,0,0,0,0,0,0,0,0,0,0,0,0,0,0,0,0,0,0,0,0,0,0,0,0,0,0,0,0,0,0,0,0,0,0,0,0,0,0,0,0,0,0,0,0,0,0,0,0,0,0,0,0,0,0,ST,02_District_wise_crimes_committed_against_ST_2014.csv,88,02_District_wise_crimes_committed_against_ST_2014.csv::88,False,UNIQUE,Khagaria,DISTRICT_OR_REPORTING_UNIT,VALID
Bihar,Kishanganj,2014,0,0,0,0,0,0,0,0,0,0,0,0,0,0,0,0,0,0,0,0,0,0,0,0,0,0,0,0,0,0,0,0,0,0,0,0,0,0,0,0,0,0,0,0,0,0,0,0,0,0,0,0,0,0,0,0,0,0,0,0,0,0,0,ST,02_District_wise_crimes_committed_against_ST_2014.csv,89,02_District_wise_crimes_committed_against_ST_2014.csv::89,False,UNIQUE,Kishanganj,DISTRICT_OR_REPORTING_UNIT,VALID
Bihar,Lakhisarai,2014,0,0,0,0,0,0,0,0,0,0,0,0,0,0,0,0,0,0,0,0,0,0,0,0,0,0,0,0,0,0,0,0,0,0,0,0,0,0,0,0,0,0,0,0,0,0,0,0,0,0,0,0,0,0,0,0,0,0,0,0,0,0,0,ST,02_District_wise_crimes_committed_against_ST_2014.csv,90,02_District_wise_crimes_committed_against_ST_2014.csv::90,False,UNIQUE,Lakhisarai,DISTRICT_OR_REPORTING_UNIT,VALID
Bihar,Madhepura,2014,0,0,0,0,0,0,0,0,0,0,0,0,0,0,0,0,0,0,0,0,0,0,0,0,0,0,0,0,0,0,0,0,0,0,0,0,0,0,0,0,0,0,0,0,0,0,0,0,0,0,0,0,0,0,0,0,0,0,0,0,0,0,0,ST,02_District_wise_crimes_committed_against_ST_2014.csv,91,02_District_wise_crimes_committed_against_ST_2014.csv::91,False,UNIQUE,Madhepura,DISTRICT_OR_REPORTING_UNIT,VALID
Bihar,Madhubani,2014,0,0,0,0,0,0,0,0,0,0,0,0,0,0,0,0,0,0,0,0,0,0,0,0,0,0,0,0,0,0,0,0,0,0,0,0,0,0,0,0,0,0,0,0,0,0,0,0,0,0,0,0,0,0,0,0,0,0,0,0,0,0,0,ST,02_District_wise_crimes_committed_against_ST_2014.csv,92,02_District_wise_crimes_committed_against_ST_2014.csv::92,False,UNIQUE,Madhubani,DISTRICT_OR_REPORTING_UNIT,VALID
Bihar,Motihari,2014,0,0,0,0,0,0,0,0,0,0,0,0,0,0,0,0,0,0,0,0,0,0,0,0,0,0,0,0,0,0,0,0,0,0,0,0,0,0,0,0,0,0,0,0,0,0,0,0,0,0,0,0,0,0,0,0,0,0,0,0,0,0,0,ST,02_District_wise_crimes_committed_against_ST_2014.csv,93,02_District_wise_crimes_committed_against_ST_2014.csv::93,False,UNIQUE,Motihari,DISTRICT_OR_REPORTING_UNIT,VALID
Bihar,Munger,2014,0,0,0,0,0,0,0,0,0,0,0,0,0,0,0,0,0,0,0,0,0,0,0,0,0,0,0,0,0,0,0,0,0,0,0,0,0,0,0,0,0,0,0,0,0,0,0,0,0,0,0,0,0,0,0,0,0,0,0,0,0,0,0,ST,02_District_wise_crimes_committed_against_ST_2014.csv,94,02_District_wise_crimes_committed_against_ST_2014.csv::94,False,UNIQUE,Munger,DISTRICT_OR_REPORTING_UNIT,VALID
Bihar,Muzaffarpur,2014,0,0,0,0,0,0,0,0,0,0,0,0,0,0,0,0,0,0,0,0,0,0,0,0,0,0,0,0,0,0,0,0,0,0,0,0,0,0,0,0,0,0,0,0,0,0,0,0,0,0,0,0,0,0,0,0,0,0,0,0,0,0,0,ST,02_District_wise_crimes_committed_against_ST_2014.csv,95,02_District_wise_crimes_committed_against_ST_2014.csv::95,False,UNIQUE,Muzaffarpur,DISTRICT_OR_REPORTING_UNIT,VALID
Bihar,Nalanda,2014,0,0,0,0,0,0,0,0,0,0,0,0,0,0,0,0,0,0,0,0,0,0,0,0,0,0,0,0,0,0,0,0,0,0,0,0,0,0,0,0,0,0,0,0,0,0,0,0,0,0,0,0,0,0,0,0,0,0,0,0,0,0,0,ST,02_District_wise_crimes_committed_against_ST_2014.csv,97,02_District_wise_crimes_committed_against_ST_2014.csv::97,False,UNIQUE,Nalanda,DISTRICT_OR_REPORTING_UNIT,VALID
Bihar,Naugachia,2014,0,0,0,0,0,0,0,0,0,0,0,0,0,0,0,0,0,0,0,0,0,0,0,0,0,0,0,0,0,0,0,0,0,0,0,0,0,0,0,0,0,0,0,0,0,0,0,0,0,0,0,0,0,0,0,0,0,0,0,0,0,0,0,ST,02_District_wise_crimes_committed_against_ST_2014.csv,98,02_District_wise_crimes_committed_against_ST_2014.csv::98,False,UNIQUE,Naugachia,DISTRICT_OR_REPORTING_UNIT,VALID
Bihar,Nawadah,2014,0,0,0,0,0,0,0,0,0,0,0,0,0,0,0,0,0,0,0,0,0,0,0,0,0,0,0,0,0,0,0,0,0,0,0,0,0,0,0,0,0,0,0,0,0,0,0,0,0,0,0,0,0,0,0,0,0,0,0,0,0,0,0,ST,02_District_wise_crimes_committed_against_ST_2014.csv,99,02_District_wise_crimes_committed_against_ST_2014.csv::99,False,UNIQUE,Nawadah,DISTRICT_OR_REPORTING_UNIT,VALID
Bihar,Patna,2014,0,0,0,0,0,0,0,0,0,0,0,0,0,0,0,0,0,0,0,0,0,0,0,0,0,0,0,0,0,0,0,0,0,0,0,0,0,0,0,0,0,0,0,0,0,0,0,0,0,0,0,0,0,0,0,0,0,0,0,0,0,0,0,ST,02_District_wise_crimes_committed_against_ST_2014.csv,100,02_District_wise_crimes_committed_against_ST_2014.csv::100,False,UNIQUE,Patna,DISTRICT_OR_REPORTING_UNIT,VALID
Bihar,Purnea,2014,0,0,0,0,0,0,0,0,0,0,0,0,0,0,0,0,0,0,0,0,0,0,0,15,15,0,0,0,0,15,30,0,0,0,0,0,0,0,0,0,0,0,0,0,0,0,0,0,0,0,0,0,0,0,0,0,0,0,0,0,0,0,30,ST,02_District_wise_crimes_committed_against_ST_2014.csv,102,02_District_wise_crimes_committed_against_ST_2014.csv::102,False,UNIQUE,Purnea,DISTRICT_OR_REPORTING_UNIT,VALID
Bihar,Rohtas,2014,0,0,0,0,0,0,0,0,0,0,0,0,0,0,0,0,0,0,0,0,0,0,0,0,0,0,0,0,0,0,0,0,0,0,0,0,0,0,0,0,0,0,0,0,0,0,0,0,0,0,0,0,0,0,0,0,0,0,0,0,0,0,0,ST,02_District_wise_crimes_committed_against_ST_2014.csv,103,02_District_wise_crimes_committed_against_ST_2014.csv::103,False,UNIQUE,Rohtas,DISTRICT_OR_REPORTING_UNIT,VALID
Bihar,Saharsa,2014,0,0,0,0,0,0,0,0,0,0,0,0,0,0,0,0,0,0,0,0,0,0,0,0,0,0,0,0,0,0,0,0,0,0,0,0,0,0,0,0,0,0,0,0,0,0,0,0,0,0,0,0,0,0,0,0,0,0,0,0,0,0,0,ST,02_District_wise_crimes_committed_against_ST_2014.csv,104,02_District_wise_crimes_committed_against_ST_2014.csv::104,False,UNIQUE,Saharsa,DISTRICT_OR_REPORTING_UNIT,VALID
Bihar,Samastipur,2014,0,0,0,0,0,0,0,0,0,0,0,0,0,0,0,0,0,0,0,0,0,0,0,0,0,0,0,0,0,0,0,0,0,0,0,0,0,0,0,0,0,0,0,0,0,0,0,0,0,0,0,0,0,0,0,0,0,0,0,0,0,0,0,ST,02_District_wise_crimes_committed_against_ST_2014.csv,105,02_District_wise_crimes_committed_against_ST_2014.csv::105,False,UNIQUE,Samastipur,DISTRICT_OR_REPORTING_UNIT,VALID
Bihar,Saran,2014,0,0,0,0,0,0,0,0,0,0,0,0,0,0,0,0,0,0,0,0,0,0,0,0,0,0,0,0,0,0,0,0,0,0,0,0,0,0,0,0,0,0,0,0,0,0,0,0,0,0,0,0,0,0,0,0,0,0,0,0,0,0,0,ST,02_District_wise_crimes_committed_against_ST_2014.csv,106,02_District_wise_crimes_committed_against_ST_2014.csv::106,False,UNIQUE,Saran,DISTRICT_OR_REPORTING_UNIT,VALID
Bihar,Sheikhpura,2014,0,0,0,0,0,0,0,0,0,0,0,0,0,0,0,0,0,0,0,0,0,0,0,0,0,0,0,0,0,0,0,0,0,0,0,0,0,0,0,0,0,0,0,0,0,0,0,0,0,0,0,0,0,0,0,0,0,0,0,0,0,0,0,ST,02_District_wise_crimes_committed_against_ST_2014.csv,107,02_District_wise_crimes_committed_against_ST_2014.csv::107,False,UNIQUE,Sheikhpura,DISTRICT_OR_REPORTING_UNIT,VALID
Bihar,Sheohar,2014,0,0,0,0,0,0,0,0,0,0,0,0,0,0,0,0,0,0,0,0,0,0,0,0,0,0,0,0,0,0,0,0,0,0,0,0,0,0,0,0,0,0,0,0,0,0,0,0,0,0,0,0,0,0,0,0,0,0,0,0,0,0,0,ST,02_District_wise_crimes_committed_against_ST_2014.csv,108,02_District_wise_crimes_committed_against_ST_2014.csv::108,False,UNIQUE,Sheohar,DISTRICT_OR_REPORTING_UNIT,VALID
Bihar,Sitamarhi,2014,0,0,0,0,0,0,0,0,0,0,0,0,0,0,0,0,0,0,0,0,0,0,0,0,0,0,0,0,0,0,0,0,0,0,0,0,0,0,0,0,0,0,0,0,0,0,0,0,0,0,0,0,0,0,0,0,0,0,0,0,0,0,0,ST,02_District_wise_crimes_committed_against_ST_2014.csv,109,02_District_wise_crimes_committed_against_ST_2014.csv::109,False,UNIQUE,Sitamarhi,DISTRICT_OR_REPORTING_UNIT,VALID
Bihar,Siwan,2014,0,0,0,0,0,0,0,0,0,0,0,0,0,0,0,0,0,0,0,0,0,0,0,0,0,0,0,0,0,0,0,0,0,0,0,0,0,0,0,0,0,0,0,0,0,0,0,0,0,0,0,0,0,0,0,0,0,0,0,0,0,0,0,ST,02_District_wise_crimes_committed_against_ST_2014.csv,110,02_District_wise_crimes_committed_against_ST_2014.csv::110,False,UNIQUE,Siwan,DISTRICT_OR_REPORTING_UNIT,VALID
Bihar,Supaul,2014,0,0,0,0,0,0,0,0,0,0,0,0,0,0,0,0,0,0,0,0,0,0,0,0,0,0,0,0,0,0,0,0,0,0,0,0,0,0,0,0,0,0,0,0,0,0,0,0,0,0,0,0,0,0,0,0,0,0,0,0,0,0,0,ST,02_District_wise_crimes_committed_against_ST_2014.csv,111,02_District_wise_crimes_committed_against_ST_2014.csv::111,False,UNIQUE,Supaul,DISTRICT_OR_REPORTING_UNIT,VALID
Bihar,Vaishali,2014,0,0,0,0,0,0,0,0,0,0,0,0,0,0,0,0,0,0,0,0,0,0,0,0,0,0,0,0,0,0,0,0,0,0,0,0,0,0,0,0,0,0,0,0,0,0,0,0,0,0,0,0,0,0,0,0,0,0,0,0,0,0,0,ST,02_District_wise_crimes_committed_against_ST_2014.csv,112,02_District_wise_crimes_committed_against_ST_2014.csv::112,False,UNIQUE,Vaishali,DISTRICT_OR_REPORTING_UNIT,VALID
Bihar,Economic Offences Unit,2014,0,0,0,0,0,0,0,0,0,0,0,0,0,0,0,0,0,0,0,0,0,0,0,0,0,0,0,0,0,0,0,0,0,0,0,0,0,0,0,0,0,0,0,0,0,0,0,0,0,0,0,0,0,0,0,0,0,0,0,0,0,0,0,ST,02_District_wise_crimes_committed_against_ST_2014.csv,113,02_District_wise_crimes_committed_against_ST_2014.csv::113,False,UNIQUE,Economic Offences Unit,DISTRICT_OR_REPORTING_UNIT,VALID
Bihar,Anti Terrorist Squad,2014,0,0,0,0,0,0,0,0,0,0,0,0,0,0,0,0,0,0,0,0,0,0,0,0,0,0,0,0,0,0,0,0,0,0,0,0,0,0,0,0,0,0,0,0,0,0,0,0,0,0,0,0,0,0,0,0,0,0,0,0,0,0,0,ST,02_District_wise_crimes_committed_against_ST_2014.csv,114,02_District_wise_crimes_committed_against_ST_2014.csv::114,False,UNIQUE,Anti Terrorist Squad,DISTRICT_OR_REPORTING_UNIT,VALID
Chhattisgarh,Balod,2014,0,1,0,8,0,4,1,1,0,2,0,0,1,0,0,0,0,1,0,0,0,0,0,0,0,0,0,0,2,0,16,0,0,0,0,0,0,0,0,0,0,0,0,0,0,0,0,0,0,0,0,0,0,0,0,0,0,0,0,0,0,0,16,ST,02_District_wise_crimes_committed_against_ST_2014.csv,116,02_District_wise_crimes_committed_against_ST_2014.csv::116,False,UNIQUE,Balod,DISTRICT_OR_REPORTING_UNIT,VALID
Chhattisgarh,Balodbazar,2014,0,0,0,3,0,2,2,0,0,0,0,0,1,1,0,0,0,0,0,0,0,0,0,1,1,0,0,0,0,7,14,0,0,0,0,0,0,0,0,0,0,0,0,0,0,0,0,0,0,0,0,0,0,0,0,0,0,0,0,0,0,0,14,ST,02_District_wise_crimes_committed_against_ST_2014.csv,117,02_District_wise_crimes_committed_against_ST_2014.csv::117,False,UNIQUE,Balodbazar,DISTRICT_OR_REPORTING_UNIT,VALID
Chhattisgarh,Balrampur,2014,0,1,0,13,0,9,0,0,0,0,9,0,1,0,0,0,0,1,0,0,0,0,0,1,1,0,0,0,0,40,65,1,0,0,0,9,0,0,0,0,9,0,1,0,0,0,0,1,0,0,0,0,0,0,0,0,0,0,0,11,0,0,76,ST,02_District_wise_crimes_committed_against_ST_2014.csv,118,02_District_wise_crimes_committed_against_ST_2014.csv::118,False,UNIQUE,Balrampur,DISTRICT_OR_REPORTING_UNIT,VALID
Chhattisgarh,Bemetra,2014,0,1,0,1,0,1,0,0,0,0,1,0,0,0,0,0,0,0,0,0,0,0,0,0,0,0,0,1,0,0,4,0,0,0,0,0,0,0,0,0,0,0,0,0,0,0,0,0,0,0,0,0,0,0,0,0,0,0,0,0,0,1,5,ST,02_District_wise_crimes_committed_against_ST_2014.csv,119,02_District_wise_crimes_committed_against_ST_2014.csv::119,False,UNIQUE,Bemetra,DISTRICT_OR_REPORTING_UNIT,VALID
Chhattisgarh,Bilaspur,2014,0,0,0,3,0,6,0,0,0,0,6,0,1,1,0,0,0,0,0,0,0,0,0,0,0,0,0,1,4,3,18,0,0,0,0,0,0,0,0,0,0,0,0,0,0,0,0,0,0,0,0,0,0,0,0,0,0,0,0,0,0,0,18,ST,02_District_wise_crimes_committed_against_ST_2014.csv,120,02_District_wise_crimes_committed_against_ST_2014.csv::120,False,UNIQUE,Bilaspur,DISTRICT_OR_REPORTING_UNIT,VALID
Chhattisgarh,Bizapur,2014,0,0,0,0,0,0,0,0,0,0,0,0,0,0,0,0,0,0,0,0,0,0,0,0,0,0,0,0,0,0,0,0,0,0,0,0,0,0,0,0,0,0,0,0,0,0,0,0,0,0,0,0,0,0,0,0,0,0,0,0,0,0,0,ST,02_District_wise_crimes_committed_against_ST_2014.csv,121,02_District_wise_crimes_committed_against_ST_2014.csv::121,False,UNIQUE,Bizapur,DISTRICT_OR_REPORTING_UNIT,VALID
Chhattisgarh,Dantewara,2014,0,0,0,1,0,1,1,0,0,0,0,0,0,0,0,0,0,0,0,0,0,0,0,1,1,0,0,0,2,0,5,0,0,0,0,0,0,0,0,0,0,0,0,0,0,0,0,0,0,0,0,0,0,0,0,0,0,0,0,0,0,0,5,ST,02_District_wise_crimes_committed_against_ST_2014.csv,122,02_District_wise_crimes_committed_against_ST_2014.csv::122,False,UNIQUE,Dantewara,DISTRICT_OR_REPORTING_UNIT,VALID
Chhattisgarh,Dhamtari,2014,0,0,0,3,0,0,0,0,0,0,0,0,0,0,0,0,0,0,0,0,0,0,0,0,0,0,0,0,2,5,10,2,0,1,0,1,0,0,0,0,1,1,3,3,0,0,0,0,0,0,0,0,0,2,2,0,0,0,49,59,0,0,69,ST,02_District_wise_crimes_committed_against_ST_2014.csv,123,02_District_wise_crimes_committed_against_ST_2014.csv::123,False,UNIQUE,Dhamtari,DISTRICT_OR_REPORTING_UNIT,VALID
Chhattisgarh,Durg,2014,0,1,1,0,0,3,0,0,0,0,3,0,0,0,0,0,0,0,0,0,0,0,0,0,0,0,0,0,2,0,7,0,0,0,0,0,0,0,0,0,0,0,0,0,0,0,0,0,0,0,0,0,0,0,0,0,0,0,0,0,0,0,7,ST,02_District_wise_crimes_committed_against_ST_2014.csv,124,02_District_wise_crimes_committed_against_ST_2014.csv::124,False,UNIQUE,Durg,DISTRICT_OR_REPORTING_UNIT,VALID
Chhattisgarh,Gariyaband,2014,0,0,0,4,0,0,0,0,0,0,0,0,0,0,0,0,0,0,0,0,0,0,0,0,0,0,0,0,6,10,20,0,0,0,0,0,0,0,0,0,0,0,0,0,0,0,0,0,0,0,0,0,0,0,0,0,0,0,0,0,0,0,20,ST,02_District_wise_crimes_committed_against_ST_2014.csv,125,02_District_wise_crimes_committed_against_ST_2014.csv::125,False,UNIQUE,Gariyaband,DISTRICT_OR_REPORTING_UNIT,VALID
Chhattisgarh,G. R. P. Raipur,2014,0,0,0,0,0,0,0,0,0,0,0,0,0,0,0,0,0,0,0,0,0,0,0,0,0,0,0,0,0,0,0,0,0,0,0,0,0,0,0,0,0,0,0,0,0,0,0,0,0,0,0,0,0,0,0,0,0,0,0,0,0,0,0,ST,02_District_wise_crimes_committed_against_ST_2014.csv,126,02_District_wise_crimes_committed_against_ST_2014.csv::126,False,UNIQUE,G. R. P. Raipur,DISTRICT_OR_REPORTING_UNIT,VALID
Chhattisgarh,Jagdalpur,2014,0,0,0,2,0,2,2,0,0,0,0,0,0,0,0,0,0,0,0,0,0,0,0,0,0,0,0,0,0,0,4,0,0,0,0,0,0,0,0,0,0,0,0,0,0,0,0,0,0,0,0,0,0,0,0,0,0,0,0,0,0,0,4,ST,02_District_wise_crimes_committed_against_ST_2014.csv,127,02_District_wise_crimes_committed_against_ST_2014.csv::127,False,UNIQUE,Jagdalpur,DISTRICT_OR_REPORTING_UNIT,VALID
Chhattisgarh,Janjgir,2014,0,1,0,1,0,2,1,0,0,0,1,0,0,0,0,0,0,0,0,0,0,0,0,0,0,0,0,0,4,1,9,0,0,0,0,0,0,0,0,0,0,0,0,0,0,0,0,0,0,0,0,0,0,0,0,0,0,0,0,0,0,0,9,ST,02_District_wise_crimes_committed_against_ST_2014.csv,128,02_District_wise_crimes_committed_against_ST_2014.csv::128,False,UNIQUE,Janjgir,DISTRICT_OR_REPORTING_UNIT,VALID
Chhattisgarh,Jashpur,2014,0,0,0,0,0,0,0,0,0,0,0,0,0,0,0,0,0,0,0,0,0,0,0,0,0,0,0,0,0,29,29,0,0,0,0,0,0,0,0,0,0,0,0,0,0,0,0,0,0,0,0,0,0,0,0,0,0,0,0,0,0,0,29,ST,02_District_wise_crimes_committed_against_ST_2014.csv,129,02_District_wise_crimes_committed_against_ST_2014.csv::129,False,UNIQUE,Jashpur,DISTRICT_OR_REPORTING_UNIT,VALID
Chhattisgarh,Kabirdham,2014,0,0,0,1,0,1,0,0,0,0,1,0,0,0,0,0,0,0,0,0,0,0,0,0,0,0,0,0,4,0,6,0,0,0,0,0,0,0,0,0,0,0,0,0,0,0,0,0,0,0,0,0,0,0,0,0,0,0,0,0,0,0,6,ST,02_District_wise_crimes_committed_against_ST_2014.csv,130,02_District_wise_crimes_committed_against_ST_2014.csv::130,False,UNIQUE,Kabirdham,DISTRICT_OR_REPORTING_UNIT,VALID
Chhattisgarh,Kanker,2014,0,0,0,8,0,3,0,0,0,0,3,0,0,0,0,0,0,0,0,0,0,0,0,0,0,0,0,0,7,0,18,0,0,0,0,0,0,0,0,0,0,0,0,0,0,0,0,0,0,0,0,0,0,0,0,0,0,0,0,0,0,0,18,ST,02_District_wise_crimes_committed_against_ST_2014.csv,131,02_District_wise_crimes_committed_against_ST_2014.csv::131,False,UNIQUE,Kanker,DISTRICT_OR_REPORTING_UNIT,VALID
Chhattisgarh,Kondagaon,2014,0,0,0,3,0,1,0,1,0,0,0,0,1,0,0,0,1,0,0,0,0,0,0,0,0,0,0,3,2,0,10,0,0,0,0,0,0,0,0,0,0,0,0,0,0,0,0,0,0,0,0,0,0,0,0,0,0,0,0,0,0,0,10,ST,02_District_wise_crimes_committed_against_ST_2014.csv,132,02_District_wise_crimes_committed_against_ST_2014.csv::132,False,UNIQUE,Kondagaon,DISTRICT_OR_REPORTING_UNIT,VALID
Chhattisgarh,Korba,2014,0,0,0,6,0,3,0,0,0,0,3,0,0,0,0,0,0,0,0,0,0,0,0,0,0,0,0,0,1,0,10,0,0,0,0,0,0,0,0,0,0,0,0,0,0,0,0,0,0,0,0,0,0,0,0,0,0,0,0,0,0,0,10,ST,02_District_wise_crimes_committed_against_ST_2014.csv,133,02_District_wise_crimes_committed_against_ST_2014.csv::133,False,UNIQUE,Korba,DISTRICT_OR_REPORTING_UNIT,VALID
Chhattisgarh,Koriya,2014,0,0,1,14,0,6,6,0,0,0,0,0,0,0,0,0,0,0,0,0,0,0,0,0,0,0,0,1,5,27,54,0,0,0,0,0,0,0,0,0,0,0,0,0,0,0,0,0,0,0,0,0,0,0,0,0,0,0,0,0,0,0,54,ST,02_District_wise_crimes_committed_against_ST_2014.csv,134,02_District_wise_crimes_committed_against_ST_2014.csv::134,False,UNIQUE,Koriya,DISTRICT_OR_REPORTING_UNIT,VALID
Chhattisgarh,Mahasamund,2014,0,0,0,1,0,1,0,0,0,0,1,0,0,0,0,0,0,0,0,0,0,0,0,0,0,0,0,0,1,1,4,0,0,0,0,2,0,0,0,0,2,0,4,3,0,0,0,1,0,0,0,0,0,0,0,0,0,0,28,34,0,0,38,ST,02_District_wise_crimes_committed_against_ST_2014.csv,135,02_District_wise_crimes_committed_against_ST_2014.csv::135,False,UNIQUE,Mahasamund,DISTRICT_OR_REPORTING_UNIT,VALID
Chhattisgarh,Mungali,2014,0,0,0,0,0,1,0,0,0,0,1,0,0,0,0,0,0,0,0,0,0,0,0,0,0,0,0,0,1,0,2,0,0,0,0,0,0,0,0,0,0,0,0,0,0,0,0,0,0,0,0,0,0,0,0,0,0,0,0,0,0,0,2,ST,02_District_wise_crimes_committed_against_ST_2014.csv,136,02_District_wise_crimes_committed_against_ST_2014.csv::136,False,UNIQUE,Mungali,DISTRICT_OR_REPORTING_UNIT,VALID
Chhattisgarh,Narayanpur,2014,0,0,0,0,0,1,0,0,0,0,1,0,0,0,0,0,0,0,0,0,0,0,0,0,0,0,0,0,0,3,4,0,0,0,0,0,0,0,0,0,0,0,0,0,0,0,0,0,0,0,0,0,0,0,0,0,0,0,0,0,0,0,4,ST,02_District_wise_crimes_committed_against_ST_2014.csv,137,02_District_wise_crimes_committed_against_ST_2014.csv::137,False,UNIQUE,Narayanpur,DISTRICT_OR_REPORTING_UNIT,VALID
Chhattisgarh,Raigarh,2014,0,1,0,12,0,0,0,0,0,0,0,0,1,0,0,0,0,1,0,0,0,0,0,3,3,0,0,0,0,27,44,0,0,0,0,9,9,0,0,0,0,0,0,0,0,0,0,0,0,0,0,0,0,0,0,0,0,0,0,9,0,1,54,ST,02_District_wise_crimes_committed_against_ST_2014.csv,138,02_District_wise_crimes_committed_against_ST_2014.csv::138,False,UNIQUE,Raigarh,DISTRICT_OR_REPORTING_UNIT,VALID
Chhattisgarh,Raipur,2014,0,1,0,3,0,0,0,0,0,0,0,0,0,0,0,0,0,0,0,0,0,0,0,0,0,0,0,0,1,0,5,0,1,12,0,9,0,0,0,0,9,0,13,12,0,0,1,0,0,0,0,0,1,0,0,0,0,2,89,127,0,4,136,ST,02_District_wise_crimes_committed_against_ST_2014.csv,139,02_District_wise_crimes_committed_against_ST_2014.csv::139,False,UNIQUE,Raipur,DISTRICT_OR_REPORTING_UNIT,VALID
Chhattisgarh,Rajnandgaon,2014,0,0,0,4,0,3,3,0,0,0,0,0,0,0,0,0,0,0,0,0,0,0,0,0,0,0,0,0,0,0,7,0,0,0,0,0,0,0,0,0,0,0,0,0,0,0,0,0,0,0,0,0,0,0,0,0,0,0,0,0,0,0,7,ST,02_District_wise_crimes_committed_against_ST_2014.csv,140,02_District_wise_crimes_committed_against_ST_2014.csv::140,False,UNIQUE,Rajnandgaon,DISTRICT_OR_REPORTING_UNIT,VALID
Chhattisgarh,Sarguja,2014,0,0,0,9,0,0,0,0,0,0,0,0,2,0,0,0,0,2,0,0,0,0,0,0,0,0,0,0,0,1,12,0,0,0,0,0,0,0,0,0,0,0,0,0,0,0,0,0,0,0,0,0,0,0,0,0,0,0,0,0,0,0,12,ST,02_District_wise_crimes_committed_against_ST_2014.csv,141,02_District_wise_crimes_committed_against_ST_2014.csv::141,False,UNIQUE,Sarguja,DISTRICT_OR_REPORTING_UNIT,VALID
Chhattisgarh,Sukma,2014,0,0,0,0,0,0,0,0,0,0,0,0,1,0,0,0,1,0,0,0,0,0,0,0,0,0,0,0,0,0,1,0,0,0,0,0,0,0,0,0,0,0,0,0,0,0,0,0,0,0,0,0,0,0,0,0,0,0,0,0,0,0,1,ST,02_District_wise_crimes_committed_against_ST_2014.csv,142,02_District_wise_crimes_committed_against_ST_2014.csv::142,False,UNIQUE,Sukma,DISTRICT_OR_REPORTING_UNIT,VALID
Chhattisgarh,Surajpur,2014,0,2,0,9,0,16,2,0,0,0,14,0,0,0,0,0,0,0,0,0,0,0,0,16,16,0,0,0,4,50,97,0,0,0,0,0,0,0,0,0,0,0,0,0,0,0,0,0,0,0,0,0,0,0,0,0,0,0,0,0,0,0,97,ST,02_District_wise_crimes_committed_against_ST_2014.csv,143,02_District_wise_crimes_committed_against_ST_2014.csv::143,False,UNIQUE,Surajpur,DISTRICT_OR_REPORTING_UNIT,VALID
Goa,North Goa,2014,0,0,0,0,0,0,0,0,0,0,0,0,0,0,0,0,0,0,0,0,0,0,0,0,0,0,0,0,0,2,2,0,0,0,0,0,0,0,0,0,0,0,0,0,0,0,0,0,0,0,0,0,0,0,0,0,0,0,0,0,0,0,2,ST,02_District_wise_crimes_committed_against_ST_2014.csv,145,02_District_wise_crimes_committed_against_ST_2014.csv::145,False,UNIQUE,North Goa,DISTRICT_OR_REPORTING_UNIT,VALID
Goa,South Goa,2014,0,0,0,0,0,0,0,0,0,0,0,0,0,0,0,0,0,0,0,0,0,0,0,0,0,0,0,0,2,2,4,0,0,0,0,0,0,0,0,0,0,0,0,0,0,0,0,0,0,0,0,0,0,0,0,0,0,0,0,0,0,0,4,ST,02_District_wise_crimes_committed_against_ST_2014.csv,146,02_District_wise_crimes_committed_against_ST_2014.csv::146,False,UNIQUE,South Goa,DISTRICT_OR_REPORTING_UNIT,VALID
Goa,C. I. D.,2014,0,0,0,0,0,0,0,0,0,0,0,0,0,0,0,0,0,0,0,0,0,0,0,0,0,0,0,0,0,0,0,0,0,0,0,0,0,0,0,0,0,0,0,0,0,0,0,0,0,0,0,0,0,0,0,0,0,0,0,0,0,0,0,ST,02_District_wise_crimes_committed_against_ST_2014.csv,147,02_District_wise_crimes_committed_against_ST_2014.csv::147,False,UNIQUE,C. I. D.,DISTRICT_OR_REPORTING_UNIT,VALID
Gujarat,Amreli,2014,0,0,0,0,0,1,0,0,0,0,1,0,0,0,0,0,0,0,0,0,0,0,0,0,0,0,0,0,0,1,2,0,0,0,0,0,0,0,0,0,0,0,0,0,0,0,0,0,0,0,0,0,0,0,0,0,0,0,0,0,0,0,2,ST,02_District_wise_crimes_committed_against_ST_2014.csv,151,02_District_wise_crimes_committed_against_ST_2014.csv::151,False,UNIQUE,Amreli,DISTRICT_OR_REPORTING_UNIT,VALID
Gujarat,Anand,2014,0,0,0,0,0,0,0,0,0,0,0,0,1,0,0,0,1,0,0,0,0,0,0,0,0,0,0,0,0,3,4,0,0,0,0,0,0,0,0,0,0,0,1,0,0,0,1,0,0,0,0,0,0,0,0,0,0,0,0,1,0,0,5,ST,02_District_wise_crimes_committed_against_ST_2014.csv,152,02_District_wise_crimes_committed_against_ST_2014.csv::152,False,UNIQUE,Anand,DISTRICT_OR_REPORTING_UNIT,VALID
Gujarat,Arvalli,2014,0,0,0,1,0,1,1,0,0,0,0,0,2,1,0,0,1,0,0,0,0,0,0,0,0,0,0,0,0,0,4,0,0,0,0,0,0,0,0,0,0,0,0,0,0,0,0,0,0,0,0,0,0,0,0,0,0,0,0,0,0,0,4,ST,02_District_wise_crimes_committed_against_ST_2014.csv,153,02_District_wise_crimes_committed_against_ST_2014.csv::153,False,UNIQUE,Arvalli,DISTRICT_OR_REPORTING_UNIT,VALID
Gujarat,Banaskantha,2014,0,1,0,1,0,2,0,0,0,0,2,0,1,0,0,0,1,0,0,0,0,1,0,0,0,0,0,0,16,0,22,0,0,0,0,0,0,0,0,0,0,0,0,0,0,0,0,0,0,0,0,0,0,0,0,0,0,0,0,0,0,0,22,ST,02_District_wise_crimes_committed_against_ST_2014.csv,154,02_District_wise_crimes_committed_against_ST_2014.csv::154,False,UNIQUE,Banaskantha,DISTRICT_OR_REPORTING_UNIT,VALID
Gujarat,Bharuch,2014,0,0,0,6,0,4,3,0,0,0,1,0,1,0,0,0,1,0,1,0,1,0,0,0,0,0,0,3,5,16,36,0,0,0,0,0,0,0,0,0,0,0,0,0,0,0,0,0,0,0,0,0,0,0,0,0,0,0,0,0,0,0,36,ST,02_District_wise_crimes_committed_against_ST_2014.csv,155,02_District_wise_crimes_committed_against_ST_2014.csv::155,False,UNIQUE,Bharuch,DISTRICT_OR_REPORTING_UNIT,VALID
Gujarat,Bhavnagar,2014,0,0,0,0,0,0,0,0,0,0,0,0,0,0,0,0,0,0,0,0,0,0,0,0,0,0,0,0,0,0,0,0,0,0,0,0,0,0,0,0,0,0,0,0,0,0,0,0,0,0,0,0,0,0,0,0,0,0,0,0,0,0,0,ST,02_District_wise_crimes_committed_against_ST_2014.csv,156,02_District_wise_crimes_committed_against_ST_2014.csv::156,False,UNIQUE,Bhavnagar,DISTRICT_OR_REPORTING_UNIT,VALID
Gujarat,Botad,2014,0,0,0,0,0,0,0,0,0,0,0,0,0,0,0,0,0,0,0,0,0,0,0,0,0,0,0,0,0,0,0,0,0,0,0,0,0,0,0,0,0,0,0,0,0,0,0,0,0,0,0,0,0,0,0,0,0,0,0,0,0,0,0,ST,02_District_wise_crimes_committed_against_ST_2014.csv,157,02_District_wise_crimes_committed_against_ST_2014.csv::157,False,UNIQUE,Botad,DISTRICT_OR_REPORTING_UNIT,VALID
Gujarat,Chhotaudepur,2014,0,0,1,1,0,0,0,0,0,0,0,0,1,0,0,0,1,0,0,0,0,0,0,0,0,0,0,2,4,0,9,0,0,0,0,0,0,0,0,0,0,0,0,0,0,0,0,0,0,0,0,0,0,0,0,0,0,0,0,0,0,0,9,ST,02_District_wise_crimes_committed_against_ST_2014.csv,158,02_District_wise_crimes_committed_against_ST_2014.csv::158,False,UNIQUE,Chhotaudepur,DISTRICT_OR_REPORTING_UNIT,VALID
Gujarat,C. I. D. Crime,2014,0,0,0,0,0,0,0,0,0,0,0,0,0,0,0,0,0,0,0,0,0,0,0,0,0,0,0,0,0,0,0,0,0,0,0,0,0,0,0,0,0,0,0,0,0,0,0,0,0,0,0,0,0,0,0,0,0,0,0,0,0,0,0,ST,02_District_wise_crimes_committed_against_ST_2014.csv,159,02_District_wise_crimes_committed_against_ST_2014.csv::159,False,UNIQUE,C. I. D. Crime,DISTRICT_OR_REPORTING_UNIT,VALID
Gujarat,Dahod,2014,0,1,0,0,0,1,0,0,0,0,1,0,0,0,0,0,0,0,0,0,0,0,0,0,0,0,0,2,0,0,4,0,0,0,0,0,0,0,0,0,0,0,0,0,0,0,0,0,0,0,0,0,0,0,0,0,0,0,0,0,0,0,4,ST,02_District_wise_crimes_committed_against_ST_2014.csv,160,02_District_wise_crimes_committed_against_ST_2014.csv::160,False,UNIQUE,Dahod,DISTRICT_OR_REPORTING_UNIT,VALID
Gujarat,Dang,2014,0,1,0,1,0,0,0,0,0,0,0,0,1,0,0,0,0,1,0,0,0,0,0,0,0,0,0,0,1,5,9,0,0,0,0,0,0,0,0,0,0,0,0,0,0,0,0,0,0,0,0,0,0,0,0,0,0,0,0,0,0,0,9,ST,02_District_wise_crimes_committed_against_ST_2014.csv,161,02_District_wise_crimes_committed_against_ST_2014.csv::161,False,UNIQUE,Dang,DISTRICT_OR_REPORTING_UNIT,VALID
Gujarat,Devbhumi Dwarka,2014,0,0,0,0,0,0,0,0,0,0,0,0,0,0,0,0,0,0,0,0,0,0,0,0,0,0,0,0,0,0,0,0,0,0,0,0,0,0,0,0,0,0,0,0,0,0,0,0,0,0,0,0,0,0,0,0,0,0,0,0,0,0,0,ST,02_District_wise_crimes_committed_against_ST_2014.csv,162,02_District_wise_crimes_committed_against_ST_2014.csv::162,False,UNIQUE,Devbhumi Dwarka,DISTRICT_OR_REPORTING_UNIT,VALID
Gujarat,Gandhinagar,2014,0,0,0,0,0,0,0,0,0,0,0,0,0,0,0,0,0,0,0,0,0,0,0,2,2,0,0,0,4,0,6,0,0,0,0,0,0,0,0,0,0,0,0,0,0,0,0,0,0,0,0,0,0,0,0,0,0,0,0,0,0,0,6,ST,02_District_wise_crimes_committed_against_ST_2014.csv,163,02_District_wise_crimes_committed_against_ST_2014.csv::163,False,UNIQUE,Gandhinagar,DISTRICT_OR_REPORTING_UNIT,VALID
Gujarat,Gir Somnath,2014,0,0,1,0,0,0,0,0,0,0,0,0,1,0,0,0,1,0,0,0,0,0,0,0,0,0,0,0,1,0,3,0,0,0,0,0,0,0,0,0,0,0,0,0,0,0,0,0,0,0,0,0,0,0,0,0,0,0,0,0,0,0,3,ST,02_District_wise_crimes_committed_against_ST_2014.csv,164,02_District_wise_crimes_committed_against_ST_2014.csv::164,False,UNIQUE,Gir Somnath,DISTRICT_OR_REPORTING_UNIT,VALID
Gujarat,Jamnagar,2014,0,0,0,0,0,0,0,0,0,0,0,0,0,0,0,0,0,0,0,0,0,0,0,0,0,0,0,0,0,0,0,0,0,0,0,0,0,0,0,0,0,0,0,0,0,0,0,0,0,0,0,0,0,0,0,0,0,0,0,0,0,0,0,ST,02_District_wise_crimes_committed_against_ST_2014.csv,165,02_District_wise_crimes_committed_against_ST_2014.csv::165,False,UNIQUE,Jamnagar,DISTRICT_OR_REPORTING_UNIT,VALID
Gujarat,Junagadh,2014,0,0,0,0,0,0,0,0,0,0,0,0,0,0,0,0,0,0,0,0,0,0,0,0,0,0,0,0,2,0,2,0,0,0,0,0,0,0,0,0,0,0,1,0,0,0,0,1,0,0,0,0,0,0,0,0,0,0,0,1,0,0,3,ST,02_District_wise_crimes_committed_against_ST_2014.csv,166,02_District_wise_crimes_committed_against_ST_2014.csv::166,False,UNIQUE,Junagadh,DISTRICT_OR_REPORTING_UNIT,VALID
Gujarat,Kachchh East(G),2014,0,0,0,3,0,0,0,0,0,0,0,0,0,0,0,0,0,0,0,0,0,0,0,0,0,0,0,0,2,0,5,0,0,0,0,0,0,0,0,0,0,0,0,0,0,0,0,0,0,0,0,0,0,0,0,0,0,0,0,0,0,0,5,ST,02_District_wise_crimes_committed_against_ST_2014.csv,167,02_District_wise_crimes_committed_against_ST_2014.csv::167,False,UNIQUE,Kachchh East(G),DISTRICT_OR_REPORTING_UNIT,VALID
Gujarat,Kachchh West(B),2014,0,0,0,1,0,0,0,0,0,0,0,0,0,0,0,0,0,0,0,0,0,0,0,0,0,0,0,0,0,0,1,0,0,0,0,0,0,0,0,0,0,0,0,0,0,0,0,0,0,0,0,0,0,0,0,0,0,0,0,0,0,0,1,ST,02_District_wise_crimes_committed_against_ST_2014.csv,168,02_District_wise_crimes_committed_against_ST_2014.csv::168,False,UNIQUE,Kachchh West(B),DISTRICT_OR_REPORTING_UNIT,VALID
Gujarat,Kheda,2014,0,0,0,0,0,0,0,0,0,0,0,0,3,3,0,0,0,0,0,0,0,0,0,0,0,0,0,0,0,0,3,0,0,0,0,0,0,0,0,0,0,0,0,0,0,0,0,0,0,0,0,0,0,0,0,0,0,0,0,0,0,0,3,ST,02_District_wise_crimes_committed_against_ST_2014.csv,169,02_District_wise_crimes_committed_against_ST_2014.csv::169,False,UNIQUE,Kheda,DISTRICT_OR_REPORTING_UNIT,VALID
Gujarat,Mahisagar,2014,0,0,0,0,0,0,0,0,0,0,0,0,1,1,0,0,0,0,0,0,0,0,0,0,0,0,0,0,1,0,2,0,0,0,0,0,0,0,0,0,0,0,0,0,0,0,0,0,0,0,0,0,0,0,0,0,0,0,0,0,0,0,2,ST,02_District_wise_crimes_committed_against_ST_2014.csv,170,02_District_wise_crimes_committed_against_ST_2014.csv::170,False,UNIQUE,Mahisagar,DISTRICT_OR_REPORTING_UNIT,VALID
Gujarat,Mehsana,2014,0,0,0,2,0,0,0,0,0,0,0,0,0,0,0,0,0,0,0,0,0,0,0,0,0,0,0,0,3,0,5,0,0,0,0,0,0,0,0,0,0,0,0,0,0,0,0,0,0,0,0,0,0,0,0,0,0,0,0,0,0,1,6,ST,02_District_wise_crimes_committed_against_ST_2014.csv,171,02_District_wise_crimes_committed_against_ST_2014.csv::171,False,UNIQUE,Mehsana,DISTRICT_OR_REPORTING_UNIT,VALID
Gujarat,Morbi,2014,0,1,0,0,0,0,0,0,0,0,0,0,0,0,0,0,0,0,0,0,0,0,0,1,1,0,0,0,0,0,2,0,0,0,0,0,0,0,0,0,0,0,0,0,0,0,0,0,0,0,0,0,0,0,0,0,0,0,0,0,0,0,2,ST,02_District_wise_crimes_committed_against_ST_2014.csv,172,02_District_wise_crimes_committed_against_ST_2014.csv::172,False,UNIQUE,Morbi,DISTRICT_OR_REPORTING_UNIT,VALID
Gujarat,Narmada,2014,0,0,0,2,0,0,0,0,0,0,0,0,1,0,0,0,1,0,0,0,0,0,0,0,0,0,0,0,6,0,9,0,0,0,0,0,0,0,0,0,0,0,0,0,0,0,0,0,0,0,0,0,0,0,0,0,0,0,0,0,0,0,9,ST,02_District_wise_crimes_committed_against_ST_2014.csv,173,02_District_wise_crimes_committed_against_ST_2014.csv::173,False,UNIQUE,Narmada,DISTRICT_OR_REPORTING_UNIT,VALID
Gujarat,Navsari,2014,0,0,0,3,0,1,1,0,0,0,0,0,1,0,0,0,1,0,0,0,0,0,0,0,0,0,0,0,18,0,23,0,0,0,0,0,0,0,0,0,0,0,0,0,0,0,0,0,0,0,0,0,0,0,0,0,0,0,0,0,0,0,23,ST,02_District_wise_crimes_committed_against_ST_2014.csv,174,02_District_wise_crimes_committed_against_ST_2014.csv::174,False,UNIQUE,Navsari,DISTRICT_OR_REPORTING_UNIT,VALID
Gujarat,Panchmahal,2014,0,3,1,4,0,1,0,0,0,0,1,0,1,1,0,0,0,0,1,0,1,0,0,1,1,0,0,0,5,0,17,0,0,0,0,0,0,0,0,0,0,0,0,0,0,0,0,0,0,0,0,0,0,0,0,0,0,0,0,0,0,0,17,ST,02_District_wise_crimes_committed_against_ST_2014.csv,175,02_District_wise_crimes_committed_against_ST_2014.csv::175,False,UNIQUE,Panchmahal,DISTRICT_OR_REPORTING_UNIT,VALID
Gujarat,Patan,2014,0,0,0,0,0,1,0,0,0,0,1,0,0,0,0,0,0,0,0,0,0,0,0,0,0,0,0,0,0,0,1,0,0,0,0,0,0,0,0,0,0,0,0,0,0,0,0,0,0,0,0,0,0,0,0,0,0,0,0,0,0,0,1,ST,02_District_wise_crimes_committed_against_ST_2014.csv,176,02_District_wise_crimes_committed_against_ST_2014.csv::176,False,UNIQUE,Patan,DISTRICT_OR_REPORTING_UNIT,VALID
Gujarat,Porbandar,2014,0,0,0,0,0,0,0,0,0,0,0,0,0,0,0,0,0,0,0,0,0,0,0,0,0,0,0,0,0,0,0,0,0,0,0,0,0,0,0,0,0,0,0,0,0,0,0,0,0,0,0,0,0,0,0,0,0,0,0,0,0,0,0,ST,02_District_wise_crimes_committed_against_ST_2014.csv,177,02_District_wise_crimes_committed_against_ST_2014.csv::177,False,UNIQUE,Porbandar,DISTRICT_OR_REPORTING_UNIT,VALID
Gujarat,Sabarkantha,2014,0,0,0,1,0,0,0,0,0,0,0,0,1,1,0,0,0,0,0,0,0,0,0,0,0,0,0,1,1,0,4,0,0,0,0,0,0,0,0,0,0,0,0,0,0,0,0,0,0,0,0,0,0,0,0,0,0,0,0,0,0,0,4,ST,02_District_wise_crimes_committed_against_ST_2014.csv,180,02_District_wise_crimes_committed_against_ST_2014.csv::180,False,UNIQUE,Sabarkantha,DISTRICT_OR_REPORTING_UNIT,VALID
Gujarat,Surendranagar,2014,0,0,1,0,0,0,0,0,0,0,0,0,0,0,0,0,0,0,0,0,0,0,0,0,0,0,0,0,0,0,1,0,0,0,0,0,0,0,0,0,0,0,0,0,0,0,0,0,0,0,0,0,0,0,0,0,0,0,0,0,0,0,1,ST,02_District_wise_crimes_committed_against_ST_2014.csv,183,02_District_wise_crimes_committed_against_ST_2014.csv::183,False,UNIQUE,Surendranagar,DISTRICT_OR_REPORTING_UNIT,VALID
Gujarat,Tapi,2014,0,0,0,0,0,1,0,0,0,0,1,0,1,0,0,0,1,0,0,0,0,0,0,0,0,0,0,0,2,1,5,0,0,0,0,0,0,0,0,0,0,0,0,0,0,0,0,0,0,0,0,0,0,0,0,0,0,0,0,0,0,0,5,ST,02_District_wise_crimes_committed_against_ST_2014.csv,184,02_District_wise_crimes_committed_against_ST_2014.csv::184,False,UNIQUE,Tapi,DISTRICT_OR_REPORTING_UNIT,VALID
Gujarat,Valsad,2014,0,0,0,1,0,1,0,1,0,0,0,0,0,0,0,0,0,0,0,0,0,0,0,0,0,0,0,1,1,0,4,0,0,0,0,0,0,0,0,0,0,0,0,0,0,0,0,0,0,0,0,0,0,0,0,0,0,0,0,0,0,0,4,ST,02_District_wise_crimes_committed_against_ST_2014.csv,187,02_District_wise_crimes_committed_against_ST_2014.csv::187,False,UNIQUE,Valsad,DISTRICT_OR_REPORTING_UNIT,VALID
Gujarat,W.Rly  Ahmedabad,2014,0,0,0,0,0,0,0,0,0,0,0,0,0,0,0,0,0,0,0,0,0,0,0,0,0,0,0,0,0,0,0,0,0,0,0,0,0,0,0,0,0,0,0,0,0,0,0,0,0,0,0,0,0,0,0,0,0,0,0,0,0,0,0,ST,02_District_wise_crimes_committed_against_ST_2014.csv,188,02_District_wise_crimes_committed_against_ST_2014.csv::188,False,UNIQUE,W.Rly  Ahmedabad,DISTRICT_OR_REPORTING_UNIT,VALID
Gujarat,W.Rly Vadodara,2014,0,0,0,0,0,0,0,0,0,0,0,0,0,0,0,0,0,0,0,0,0,0,0,1,1,0,0,0,0,0,1,0,0,0,0,0,0,0,0,0,0,0,0,0,0,0,0,0,0,0,0,0,0,0,0,0,0,0,0,0,0,0,1,ST,02_District_wise_crimes_committed_against_ST_2014.csv,189,02_District_wise_crimes_committed_against_ST_2014.csv::189,False,UNIQUE,W.Rly Vadodara,DISTRICT_OR_REPORTING_UNIT,VALID
Haryana,Bhiwani,2014,0,0,0,0,0,0,0,0,0,0,0,0,0,0,0,0,0,0,0,0,0,0,0,0,0,0,0,0,0,0,0,0,0,0,0,0,0,0,0,0,0,0,0,0,0,0,0,0,0,0,0,0,0,0,0,0,0,0,0,0,0,0,0,ST,02_District_wise_crimes_committed_against_ST_2014.csv,193,02_District_wise_crimes_committed_against_ST_2014.csv::193,False,UNIQUE,Bhiwani,DISTRICT_OR_REPORTING_UNIT,VALID
Haryana,Faridabad,2014,0,0,0,0,0,0,0,0,0,0,0,0,0,0,0,0,0,0,0,0,0,0,0,0,0,0,0,0,0,0,0,0,0,0,0,0,0,0,0,0,0,0,0,0,0,0,0,0,0,0,0,0,0,0,0,0,0,0,0,0,0,0,0,ST,02_District_wise_crimes_committed_against_ST_2014.csv,194,02_District_wise_crimes_committed_against_ST_2014.csv::194,False,UNIQUE,Faridabad,DISTRICT_OR_REPORTING_UNIT,VALID
Haryana,Fatehabad,2014,0,0,0,0,0,0,0,0,0,0,0,0,0,0,0,0,0,0,0,0,0,0,0,0,0,0,0,0,0,0,0,0,0,0,0,0,0,0,0,0,0,0,0,0,0,0,0,0,0,0,0,0,0,0,0,0,0,0,0,0,0,0,0,ST,02_District_wise_crimes_committed_against_ST_2014.csv,195,02_District_wise_crimes_committed_against_ST_2014.csv::195,False,UNIQUE,Fatehabad,DISTRICT_OR_REPORTING_UNIT,VALID
Haryana,G. R. P.,2014,0,0,0,0,0,0,0,0,0,0,0,0,0,0,0,0,0,0,0,0,0,0,0,0,0,0,0,0,0,0,0,0,0,0,0,0,0,0,0,0,0,0,0,0,0,0,0,0,0,0,0,0,0,0,0,0,0,0,0,0,0,0,0,ST,02_District_wise_crimes_committed_against_ST_2014.csv,196,02_District_wise_crimes_committed_against_ST_2014.csv::196,False,UNIQUE,G. R. P.,DISTRICT_OR_REPORTING_UNIT,VALID
Haryana,Gurgaon,2014,0,0,0,0,0,0,0,0,0,0,0,0,0,0,0,0,0,0,0,0,0,0,0,0,0,0,0,0,0,0,0,0,0,0,0,0,0,0,0,0,0,0,0,0,0,0,0,0,0,0,0,0,0,0,0,0,0,0,0,0,0,0,0,ST,02_District_wise_crimes_committed_against_ST_2014.csv,197,02_District_wise_crimes_committed_against_ST_2014.csv::197,False,UNIQUE,Gurgaon,DISTRICT_OR_REPORTING_UNIT,VALID
Haryana,Hissar,2014,0,0,0,0,0,0,0,0,0,0,0,0,0,0,0,0,0,0,0,0,0,0,0,0,0,0,0,0,0,0,0,0,0,0,0,0,0,0,0,0,0,0,0,0,0,0,0,0,0,0,0,0,0,0,0,0,0,0,0,0,0,0,0,ST,02_District_wise_crimes_committed_against_ST_2014.csv,198,02_District_wise_crimes_committed_against_ST_2014.csv::198,False,UNIQUE,Hissar,DISTRICT_OR_REPORTING_UNIT,VALID
Haryana,Jhajjar,2014,0,0,0,0,0,0,0,0,0,0,0,0,0,0,0,0,0,0,0,0,0,0,0,0,0,0,0,0,0,0,0,0,0,0,0,0,0,0,0,0,0,0,0,0,0,0,0,0,0,0,0,0,0,0,0,0,0,0,0,0,0,0,0,ST,02_District_wise_crimes_committed_against_ST_2014.csv,199,02_District_wise_crimes_committed_against_ST_2014.csv::199,False,UNIQUE,Jhajjar,DISTRICT_OR_REPORTING_UNIT,VALID
Haryana,Jind,2014,0,0,0,0,0,0,0,0,0,0,0,0,0,0,0,0,0,0,0,0,0,0,0,0,0,0,0,0,0,0,0,0,0,0,0,0,0,0,0,0,0,0,0,0,0,0,0,0,0,0,0,0,0,0,0,0,0,0,0,0,0,0,0,ST,02_District_wise_crimes_committed_against_ST_2014.csv,200,02_District_wise_crimes_committed_against_ST_2014.csv::200,False,UNIQUE,Jind,DISTRICT_OR_REPORTING_UNIT,VALID
Haryana,Kaithal,2014,0,0,0,0,0,0,0,0,0,0,0,0,0,0,0,0,0,0,0,0,0,0,0,0,0,0,0,0,0,0,0,0,0,0,0,0,0,0,0,0,0,0,0,0,0,0,0,0,0,0,0,0,0,0,0,0,0,0,0,0,0,0,0,ST,02_District_wise_crimes_committed_against_ST_2014.csv,201,02_District_wise_crimes_committed_against_ST_2014.csv::201,False,UNIQUE,Kaithal,DISTRICT_OR_REPORTING_UNIT,VALID
Haryana,Karnal,2014,0,0,0,0,0,0,0,0,0,0,0,0,0,0,0,0,0,0,0,0,0,0,0,0,0,0,0,0,0,0,0,0,0,0,0,0,0,0,0,0,0,0,0,0,0,0,0,0,0,0,0,0,0,0,0,0,0,0,0,0,0,0,0,ST,02_District_wise_crimes_committed_against_ST_2014.csv,202,02_District_wise_crimes_committed_against_ST_2014.csv::202,False,UNIQUE,Karnal,DISTRICT_OR_REPORTING_UNIT,VALID
Haryana,Kurukshetra,2014,0,0,0,0,0,0,0,0,0,0,0,0,0,0,0,0,0,0,0,0,0,0,0,0,0,0,0,0,0,0,0,0,0,0,0,0,0,0,0,0,0,0,0,0,0,0,0,0,0,0,0,0,0,0,0,0,0,0,0,0,0,0,0,ST,02_District_wise_crimes_committed_against_ST_2014.csv,203,02_District_wise_crimes_committed_against_ST_2014.csv::203,False,UNIQUE,Kurukshetra,DISTRICT_OR_REPORTING_UNIT,VALID
Haryana,Mahendergarh,2014,0,0,0,0,0,0,0,0,0,0,0,0,0,0,0,0,0,0,0,0,0,0,0,0,0,0,0,0,0,0,0,0,0,0,0,0,0,0,0,0,0,0,0,0,0,0,0,0,0,0,0,0,0,0,0,0,0,0,0,0,0,0,0,ST,02_District_wise_crimes_committed_against_ST_2014.csv,204,02_District_wise_crimes_committed_against_ST_2014.csv::204,False,UNIQUE,Mahendergarh,DISTRICT_OR_REPORTING_UNIT,VALID
Haryana,Mewat,2014,0,0,0,0,0,0,0,0,0,0,0,0,0,0,0,0,0,0,0,0,0,0,0,0,0,0,0,0,0,0,0,0,0,0,0,0,0,0,0,0,0,0,0,0,0,0,0,0,0,0,0,0,0,0,0,0,0,0,0,0,0,0,0,ST,02_District_wise_crimes_committed_against_ST_2014.csv,205,02_District_wise_crimes_committed_against_ST_2014.csv::205,False,UNIQUE,Mewat,DISTRICT_OR_REPORTING_UNIT,VALID
Haryana,Palwal,2014,0,0,0,0,0,0,0,0,0,0,0,0,0,0,0,0,0,0,0,0,0,0,0,0,0,0,0,0,0,0,0,0,0,0,0,0,0,0,0,0,0,0,0,0,0,0,0,0,0,0,0,0,0,0,0,0,0,0,0,0,0,0,0,ST,02_District_wise_crimes_committed_against_ST_2014.csv,206,02_District_wise_crimes_committed_against_ST_2014.csv::206,False,UNIQUE,Palwal,DISTRICT_OR_REPORTING_UNIT,VALID
Haryana,Panchkula,2014,0,0,0,0,0,0,0,0,0,0,0,0,0,0,0,0,0,0,0,0,0,0,0,0,0,0,0,0,0,0,0,0,0,0,0,0,0,0,0,0,0,0,0,0,0,0,0,0,0,0,0,0,0,0,0,0,0,0,0,0,0,0,0,ST,02_District_wise_crimes_committed_against_ST_2014.csv,207,02_District_wise_crimes_committed_against_ST_2014.csv::207,False,UNIQUE,Panchkula,DISTRICT_OR_REPORTING_UNIT,VALID
Haryana,Panipat,2014,0,0,0,0,0,0,0,0,0,0,0,0,0,0,0,0,0,0,0,0,0,0,0,0,0,0,0,0,0,0,0,0,0,0,0,0,0,0,0,0,0,0,0,0,0,0,0,0,0,0,0,0,0,0,0,0,0,0,0,0,0,0,0,ST,02_District_wise_crimes_committed_against_ST_2014.csv,208,02_District_wise_crimes_committed_against_ST_2014.csv::208,False,UNIQUE,Panipat,DISTRICT_OR_REPORTING_UNIT,VALID
Haryana,Rewari,2014,0,0,0,0,0,0,0,0,0,0,0,0,0,0,0,0,0,0,0,0,0,0,0,0,0,0,0,0,0,0,0,0,0,0,0,0,0,0,0,0,0,0,0,0,0,0,0,0,0,0,0,0,0,0,0,0,0,0,0,0,0,0,0,ST,02_District_wise_crimes_committed_against_ST_2014.csv,209,02_District_wise_crimes_committed_against_ST_2014.csv::209,False,UNIQUE,Rewari,DISTRICT_OR_REPORTING_UNIT,VALID
Haryana,Rohtak,2014,0,0,0,0,0,0,0,0,0,0,0,0,0,0,0,0,0,0,0,0,0,0,0,0,0,0,0,0,0,0,0,0,0,0,0,0,0,0,0,0,0,0,0,0,0,0,0,0,0,0,0,0,0,0,0,0,0,0,0,0,0,0,0,ST,02_District_wise_crimes_committed_against_ST_2014.csv,210,02_District_wise_crimes_committed_against_ST_2014.csv::210,False,UNIQUE,Rohtak,DISTRICT_OR_REPORTING_UNIT,VALID
Haryana,Sirsa,2014,0,0,0,0,0,0,0,0,0,0,0,0,0,0,0,0,0,0,0,0,0,0,0,0,0,0,0,0,0,0,0,0,0,0,0,0,0,0,0,0,0,0,0,0,0,0,0,0,0,0,0,0,0,0,0,0,0,0,0,0,0,0,0,ST,02_District_wise_crimes_committed_against_ST_2014.csv,211,02_District_wise_crimes_committed_against_ST_2014.csv::211,False,UNIQUE,Sirsa,DISTRICT_OR_REPORTING_UNIT,VALID
Haryana,Sonipat,2014,0,0,0,0,0,0,0,0,0,0,0,0,0,0,0,0,0,0,0,0,0,0,0,0,0,0,0,0,0,0,0,0,0,0,0,0,0,0,0,0,0,0,0,0,0,0,0,0,0,0,0,0,0,0,0,0,0,0,0,0,0,0,0,ST,02_District_wise_crimes_committed_against_ST_2014.csv,212,02_District_wise_crimes_committed_against_ST_2014.csv::212,False,UNIQUE,Sonipat,DISTRICT_OR_REPORTING_UNIT,VALID
Haryana,Yamunanagar,2014,0,0,0,0,0,0,0,0,0,0,0,0,0,0,0,0,0,0,0,0,0,0,0,0,0,0,0,0,0,0,0,0,0,0,0,0,0,0,0,0,0,0,0,0,0,0,0,0,0,0,0,0,0,0,0,0,0,0,0,0,0,0,0,ST,02_District_wise_crimes_committed_against_ST_2014.csv,213,02_District_wise_crimes_committed_against_ST_2014.csv::213,False,UNIQUE,Yamunanagar,DISTRICT_OR_REPORTING_UNIT,VALID
Haryana,Irrigation & Power,2014,0,0,0,0,0,0,0,0,0,0,0,0,0,0,0,0,0,0,0,0,0,0,0,0,0,0,0,0,0,0,0,0,0,0,0,0,0,0,0,0,0,0,0,0,0,0,0,0,0,0,0,0,0,0,0,0,0,0,0,0,0,0,0,ST,02_District_wise_crimes_committed_against_ST_2014.csv,214,02_District_wise_crimes_committed_against_ST_2014.csv::214,False,UNIQUE,Irrigation & Power,DISTRICT_OR_REPORTING_UNIT,VALID
Himachal Pradesh,Baddi,2014,0,0,0,0,0,0,0,0,0,0,0,0,0,0,0,0,0,0,0,0,0,0,0,0,0,0,0,0,0,0,0,0,0,0,0,0,0,0,0,0,0,0,0,0,0,0,0,0,0,0,0,0,0,0,0,0,0,0,0,0,0,0,0,ST,02_District_wise_crimes_committed_against_ST_2014.csv,216,02_District_wise_crimes_committed_against_ST_2014.csv::216,False,UNIQUE,Baddi,DISTRICT_OR_REPORTING_UNIT,VALID
Himachal Pradesh,Bilaspur,2014,0,0,0,0,0,0,0,0,0,0,0,0,0,0,0,0,0,0,0,0,0,0,0,0,0,0,0,0,0,0,0,0,0,0,0,0,0,0,0,0,0,0,0,0,0,0,0,0,0,0,0,0,0,0,0,0,0,0,0,0,0,0,0,ST,02_District_wise_crimes_committed_against_ST_2014.csv,217,02_District_wise_crimes_committed_against_ST_2014.csv::217,False,UNIQUE,Bilaspur,DISTRICT_OR_REPORTING_UNIT,VALID
Himachal Pradesh,Chamba,2014,0,0,0,0,0,0,0,0,0,0,0,0,0,0,0,0,0,0,0,0,0,0,0,0,0,0,0,0,0,1,1,0,0,0,0,0,0,0,0,0,0,0,0,0,0,0,0,0,0,0,0,0,0,0,0,0,0,0,0,0,0,0,1,ST,02_District_wise_crimes_committed_against_ST_2014.csv,218,02_District_wise_crimes_committed_against_ST_2014.csv::218,False,UNIQUE,Chamba,DISTRICT_OR_REPORTING_UNIT,VALID
Himachal Pradesh,C. I. D.,2014,0,0,0,0,0,0,0,0,0,0,0,0,0,0,0,0,0,0,0,0,0,0,0,0,0,0,0,0,0,0,0,0,0,0,0,0,0,0,0,0,0,0,0,0,0,0,0,0,0,0,0,0,0,0,0,0,0,0,0,0,0,0,0,ST,02_District_wise_crimes_committed_against_ST_2014.csv,219,02_District_wise_crimes_committed_against_ST_2014.csv::219,False,UNIQUE,C. I. D.,DISTRICT_OR_REPORTING_UNIT,VALID
Himachal Pradesh,G. R. P.,2014,0,0,0,0,0,0,0,0,0,0,0,0,0,0,0,0,0,0,0,0,0,0,0,0,0,0,0,0,0,0,0,0,0,0,0,0,0,0,0,0,0,0,0,0,0,0,0,0,0,0,0,0,0,0,0,0,0,0,0,0,0,0,0,ST,02_District_wise_crimes_committed_against_ST_2014.csv,220,02_District_wise_crimes_committed_against_ST_2014.csv::220,False,UNIQUE,G. R. P.,DISTRICT_OR_REPORTING_UNIT,VALID
Himachal Pradesh,Hamirpur,2014,0,0,0,0,0,0,0,0,0,0,0,0,0,0,0,0,0,0,0,0,0,0,0,0,0,0,0,0,0,0,0,0,0,0,0,0,0,0,0,0,0,0,0,0,0,0,0,0,0,0,0,0,0,0,0,0,0,0,0,0,0,0,0,ST,02_District_wise_crimes_committed_against_ST_2014.csv,221,02_District_wise_crimes_committed_against_ST_2014.csv::221,False,UNIQUE,Hamirpur,DISTRICT_OR_REPORTING_UNIT,VALID
Himachal Pradesh,Kangra,2014,0,0,0,0,0,0,0,0,0,0,0,0,0,0,0,0,0,0,0,0,0,0,0,0,0,0,0,0,0,1,1,0,0,0,0,0,0,0,0,0,0,0,0,0,0,0,0,0,0,0,0,0,0,0,0,0,0,0,0,0,0,0,1,ST,02_District_wise_crimes_committed_against_ST_2014.csv,222,02_District_wise_crimes_committed_against_ST_2014.csv::222,False,UNIQUE,Kangra,DISTRICT_OR_REPORTING_UNIT,VALID
Himachal Pradesh,Kinnaur,2014,0,0,0,0,0,0,0,0,0,0,0,0,0,0,0,0,0,0,0,0,0,0,0,0,0,0,0,0,0,0,0,0,0,0,0,0,0,0,0,0,0,0,0,0,0,0,0,0,0,0,0,0,0,0,0,0,0,0,0,0,0,0,0,ST,02_District_wise_crimes_committed_against_ST_2014.csv,223,02_District_wise_crimes_committed_against_ST_2014.csv::223,False,UNIQUE,Kinnaur,DISTRICT_OR_REPORTING_UNIT,VALID
Himachal Pradesh,Kullu,2014,0,0,0,0,0,0,0,0,0,0,0,0,0,0,0,0,0,0,0,0,0,0,0,0,0,0,0,0,0,0,0,0,0,0,0,0,0,0,0,0,0,0,0,0,0,0,0,0,0,0,0,0,0,0,0,0,0,0,0,0,0,0,0,ST,02_District_wise_crimes_committed_against_ST_2014.csv,224,02_District_wise_crimes_committed_against_ST_2014.csv::224,False,UNIQUE,Kullu,DISTRICT_OR_REPORTING_UNIT,VALID
Himachal Pradesh,Lahaul & Spiti,2014,0,0,0,0,0,0,0,0,0,0,0,0,0,0,0,0,0,0,0,0,0,0,0,0,0,0,0,0,0,0,0,0,0,0,0,0,0,0,0,0,0,0,0,0,0,0,0,0,0,0,0,0,0,0,0,0,0,0,0,0,0,0,0,ST,02_District_wise_crimes_committed_against_ST_2014.csv,225,02_District_wise_crimes_committed_against_ST_2014.csv::225,False,UNIQUE,Lahaul & Spiti,DISTRICT_OR_REPORTING_UNIT,VALID
Himachal Pradesh,Mandi,2014,0,0,0,0,0,0,0,0,0,0,0,0,0,0,0,0,0,0,0,0,0,0,0,0,0,0,0,0,0,0,0,0,0,0,0,0,0,0,0,0,0,0,0,0,0,0,0,0,0,0,0,0,0,0,0,0,0,0,0,0,0,0,0,ST,02_District_wise_crimes_committed_against_ST_2014.csv,226,02_District_wise_crimes_committed_against_ST_2014.csv::226,False,UNIQUE,Mandi,DISTRICT_OR_REPORTING_UNIT,VALID
Himachal Pradesh,Shimla,2014,0,0,0,0,0,0,0,0,0,0,0,0,0,0,0,0,0,0,0,0,0,0,0,0,0,0,0,0,0,1,1,0,0,0,0,0,0,0,0,0,0,0,0,0,0,0,0,0,0,0,0,0,0,0,0,0,0,0,0,0,0,0,1,ST,02_District_wise_crimes_committed_against_ST_2014.csv,227,02_District_wise_crimes_committed_against_ST_2014.csv::227,False,UNIQUE,Shimla,DISTRICT_OR_REPORTING_UNIT,VALID
Himachal Pradesh,Sirmaur,2014,0,0,0,0,0,0,0,0,0,0,0,0,0,0,0,0,0,0,0,0,0,0,0,0,0,0,0,0,0,0,0,0,0,0,0,0,0,0,0,0,0,0,0,0,0,0,0,0,0,0,0,0,0,0,0,0,0,0,0,0,0,0,0,ST,02_District_wise_crimes_committed_against_ST_2014.csv,228,02_District_wise_crimes_committed_against_ST_2014.csv::228,False,UNIQUE,Sirmaur,DISTRICT_OR_REPORTING_UNIT,VALID
Himachal Pradesh,Solan,2014,0,0,0,0,0,0,0,0,0,0,0,0,0,0,0,0,0,0,0,0,0,0,0,0,0,0,0,0,0,0,0,0,0,0,0,0,0,0,0,0,0,0,0,0,0,0,0,0,0,0,0,0,0,0,0,0,0,0,0,0,0,0,0,ST,02_District_wise_crimes_committed_against_ST_2014.csv,229,02_District_wise_crimes_committed_against_ST_2014.csv::229,False,UNIQUE,Solan,DISTRICT_OR_REPORTING_UNIT,VALID
Himachal Pradesh,Una,2014,0,0,0,0,0,0,0,0,0,0,0,0,0,0,0,0,0,0,0,0,0,0,0,0,0,0,0,0,0,0,0,0,0,0,0,0,0,0,0,0,0,0,0,0,0,0,0,0,0,0,0,0,0,0,0,0,0,0,0,0,0,0,0,ST,02_District_wise_crimes_committed_against_ST_2014.csv,230,02_District_wise_crimes_committed_against_ST_2014.csv::230,False,UNIQUE,Una,DISTRICT_OR_REPORTING_UNIT,VALID
Jammu & Kashmir,Anantnag,2014,0,0,0,0,0,0,0,0,0,0,0,0,0,0,0,0,0,0,0,0,0,0,0,0,0,0,0,0,0,0,0,0,0,0,0,0,0,0,0,0,0,0,0,0,0,0,0,0,0,0,0,0,0,0,0,0,0,0,0,0,0,0,0,ST,02_District_wise_crimes_committed_against_ST_2014.csv,232,02_District_wise_crimes_committed_against_ST_2014.csv::232,False,UNIQUE,Anantnag,DISTRICT_OR_REPORTING_UNIT,VALID
Jammu & Kashmir,Awantipora,2014,0,0,0,0,0,0,0,0,0,0,0,0,0,0,0,0,0,0,0,0,0,0,0,0,0,0,0,0,0,0,0,0,0,0,0,0,0,0,0,0,0,0,0,0,0,0,0,0,0,0,0,0,0,0,0,0,0,0,0,0,0,0,0,ST,02_District_wise_crimes_committed_against_ST_2014.csv,233,02_District_wise_crimes_committed_against_ST_2014.csv::233,False,UNIQUE,Awantipora,DISTRICT_OR_REPORTING_UNIT,VALID
Jammu & Kashmir,Bandipora,2014,0,0,0,0,0,0,0,0,0,0,0,0,0,0,0,0,0,0,0,0,0,0,0,0,0,0,0,0,0,0,0,0,0,0,0,0,0,0,0,0,0,0,0,0,0,0,0,0,0,0,0,0,0,0,0,0,0,0,0,0,0,0,0,ST,02_District_wise_crimes_committed_against_ST_2014.csv,234,02_District_wise_crimes_committed_against_ST_2014.csv::234,False,UNIQUE,Bandipora,DISTRICT_OR_REPORTING_UNIT,VALID
Jammu & Kashmir,Baramulla,2014,0,0,0,0,0,0,0,0,0,0,0,0,0,0,0,0,0,0,0,0,0,0,0,0,0,0,0,0,0,0,0,0,0,0,0,0,0,0,0,0,0,0,0,0,0,0,0,0,0,0,0,0,0,0,0,0,0,0,0,0,0,0,0,ST,02_District_wise_crimes_committed_against_ST_2014.csv,235,02_District_wise_crimes_committed_against_ST_2014.csv::235,False,UNIQUE,Baramulla,DISTRICT_OR_REPORTING_UNIT,VALID
Jammu & Kashmir,Budgam,2014,0,0,0,0,0,0,0,0,0,0,0,0,0,0,0,0,0,0,0,0,0,0,0,0,0,0,0,0,0,0,0,0,0,0,0,0,0,0,0,0,0,0,0,0,0,0,0,0,0,0,0,0,0,0,0,0,0,0,0,0,0,0,0,ST,02_District_wise_crimes_committed_against_ST_2014.csv,236,02_District_wise_crimes_committed_against_ST_2014.csv::236,False,UNIQUE,Budgam,DISTRICT_OR_REPORTING_UNIT,VALID
Jammu & Kashmir,Crime Jammu,2014,0,0,0,0,0,0,0,0,0,0,0,0,0,0,0,0,0,0,0,0,0,0,0,0,0,0,0,0,0,0,0,0,0,0,0,0,0,0,0,0,0,0,0,0,0,0,0,0,0,0,0,0,0,0,0,0,0,0,0,0,0,0,0,ST,02_District_wise_crimes_committed_against_ST_2014.csv,237,02_District_wise_crimes_committed_against_ST_2014.csv::237,False,UNIQUE,Crime Jammu,DISTRICT_OR_REPORTING_UNIT,VALID
Jammu & Kashmir,Crime Srinagar,2014,0,0,0,0,0,0,0,0,0,0,0,0,0,0,0,0,0,0,0,0,0,0,0,0,0,0,0,0,0,0,0,0,0,0,0,0,0,0,0,0,0,0,0,0,0,0,0,0,0,0,0,0,0,0,0,0,0,0,0,0,0,0,0,ST,02_District_wise_crimes_committed_against_ST_2014.csv,238,02_District_wise_crimes_committed_against_ST_2014.csv::238,False,UNIQUE,Crime Srinagar,DISTRICT_OR_REPORTING_UNIT,VALID
Jammu & Kashmir,Doda,2014,0,0,0,0,0,0,0,0,0,0,0,0,0,0,0,0,0,0,0,0,0,0,0,0,0,0,0,0,0,0,0,0,0,0,0,0,0,0,0,0,0,0,0,0,0,0,0,0,0,0,0,0,0,0,0,0,0,0,0,0,0,0,0,ST,02_District_wise_crimes_committed_against_ST_2014.csv,239,02_District_wise_crimes_committed_against_ST_2014.csv::239,False,UNIQUE,Doda,DISTRICT_OR_REPORTING_UNIT,VALID
Jammu & Kashmir,Ganderbal,2014,0,0,0,0,0,0,0,0,0,0,0,0,0,0,0,0,0,0,0,0,0,0,0,0,0,0,0,0,0,0,0,0,0,0,0,0,0,0,0,0,0,0,0,0,0,0,0,0,0,0,0,0,0,0,0,0,0,0,0,0,0,0,0,ST,02_District_wise_crimes_committed_against_ST_2014.csv,240,02_District_wise_crimes_committed_against_ST_2014.csv::240,False,UNIQUE,Ganderbal,DISTRICT_OR_REPORTING_UNIT,VALID
Jammu & Kashmir,Handwara,2014,0,0,0,0,0,0,0,0,0,0,0,0,0,0,0,0,0,0,0,0,0,0,0,0,0,0,0,0,0,0,0,0,0,0,0,0,0,0,0,0,0,0,0,0,0,0,0,0,0,0,0,0,0,0,0,0,0,0,0,0,0,0,0,ST,02_District_wise_crimes_committed_against_ST_2014.csv,241,02_District_wise_crimes_committed_against_ST_2014.csv::241,False,UNIQUE,Handwara,DISTRICT_OR_REPORTING_UNIT,VALID
Jammu & Kashmir,Jammu,2014,0,0,0,0,0,0,0,0,0,0,0,0,0,0,0,0,0,0,0,0,0,0,0,0,0,0,0,0,0,0,0,0,0,0,0,0,0,0,0,0,0,0,0,0,0,0,0,0,0,0,0,0,0,0,0,0,0,0,0,0,0,0,0,ST,02_District_wise_crimes_committed_against_ST_2014.csv,242,02_District_wise_crimes_committed_against_ST_2014.csv::242,False,UNIQUE,Jammu,DISTRICT_OR_REPORTING_UNIT,VALID
Jammu & Kashmir,Kargil,2014,0,0,0,0,0,0,0,0,0,0,0,0,0,0,0,0,0,0,0,0,0,0,0,0,0,0,0,0,0,0,0,0,0,0,0,0,0,0,0,0,0,0,0,0,0,0,0,0,0,0,0,0,0,0,0,0,0,0,0,0,0,0,0,ST,02_District_wise_crimes_committed_against_ST_2014.csv,243,02_District_wise_crimes_committed_against_ST_2014.csv::243,False,UNIQUE,Kargil,DISTRICT_OR_REPORTING_UNIT,VALID
Jammu & Kashmir,Kathua,2014,0,0,0,0,0,0,0,0,0,0,0,0,0,0,0,0,0,0,0,0,0,0,0,0,0,0,0,0,0,0,0,0,0,0,0,0,0,0,0,0,0,0,0,0,0,0,0,0,0,0,0,0,0,0,0,0,0,0,0,0,0,0,0,ST,02_District_wise_crimes_committed_against_ST_2014.csv,244,02_District_wise_crimes_committed_against_ST_2014.csv::244,False,UNIQUE,Kathua,DISTRICT_OR_REPORTING_UNIT,VALID
Jammu & Kashmir,Kishtwar,2014,0,0,0,0,0,0,0,0,0,0,0,0,0,0,0,0,0,0,0,0,0,0,0,0,0,0,0,0,0,0,0,0,0,0,0,0,0,0,0,0,0,0,0,0,0,0,0,0,0,0,0,0,0,0,0,0,0,0,0,0,0,0,0,ST,02_District_wise_crimes_committed_against_ST_2014.csv,245,02_District_wise_crimes_committed_against_ST_2014.csv::245,False,UNIQUE,Kishtwar,DISTRICT_OR_REPORTING_UNIT,VALID
Jammu & Kashmir,Kulgam,2014,0,0,0,0,0,0,0,0,0,0,0,0,0,0,0,0,0,0,0,0,0,0,0,0,0,0,0,0,0,0,0,0,0,0,0,0,0,0,0,0,0,0,0,0,0,0,0,0,0,0,0,0,0,0,0,0,0,0,0,0,0,0,0,ST,02_District_wise_crimes_committed_against_ST_2014.csv,246,02_District_wise_crimes_committed_against_ST_2014.csv::246,False,UNIQUE,Kulgam,DISTRICT_OR_REPORTING_UNIT,VALID
Jammu & Kashmir,Kupwara,2014,0,0,0,0,0,0,0,0,0,0,0,0,0,0,0,0,0,0,0,0,0,0,0,0,0,0,0,0,0,0,0,0,0,0,0,0,0,0,0,0,0,0,0,0,0,0,0,0,0,0,0,0,0,0,0,0,0,0,0,0,0,0,0,ST,02_District_wise_crimes_committed_against_ST_2014.csv,247,02_District_wise_crimes_committed_against_ST_2014.csv::247,False,UNIQUE,Kupwara,DISTRICT_OR_REPORTING_UNIT,VALID
Jammu & Kashmir,Leh,2014,0,0,0,0,0,0,0,0,0,0,0,0,0,0,0,0,0,0,0,0,0,0,0,0,0,0,0,0,0,0,0,0,0,0,0,0,0,0,0,0,0,0,0,0,0,0,0,0,0,0,0,0,0,0,0,0,0,0,0,0,0,0,0,ST,02_District_wise_crimes_committed_against_ST_2014.csv,248,02_District_wise_crimes_committed_against_ST_2014.csv::248,False,UNIQUE,Leh,DISTRICT_OR_REPORTING_UNIT,VALID
Jammu & Kashmir,Poonch,2014,0,0,0,0,0,0,0,0,0,0,0,0,0,0,0,0,0,0,0,0,0,0,0,0,0,0,0,0,0,0,0,0,0,0,0,0,0,0,0,0,0,0,0,0,0,0,0,0,0,0,0,0,0,0,0,0,0,0,0,0,0,0,0,ST,02_District_wise_crimes_committed_against_ST_2014.csv,249,02_District_wise_crimes_committed_against_ST_2014.csv::249,False,UNIQUE,Poonch,DISTRICT_OR_REPORTING_UNIT,VALID
Jammu & Kashmir,Pulwama,2014,0,0,0,0,0,0,0,0,0,0,0,0,0,0,0,0,0,0,0,0,0,0,0,0,0,0,0,0,0,0,0,0,0,0,0,0,0,0,0,0,0,0,0,0,0,0,0,0,0,0,0,0,0,0,0,0,0,0,0,0,0,0,0,ST,02_District_wise_crimes_committed_against_ST_2014.csv,250,02_District_wise_crimes_committed_against_ST_2014.csv::250,False,UNIQUE,Pulwama,DISTRICT_OR_REPORTING_UNIT,VALID
Jammu & Kashmir,Rajouri,2014,0,0,0,0,0,0,0,0,0,0,0,0,0,0,0,0,0,0,0,0,0,0,0,0,0,0,0,0,0,0,0,0,0,0,0,0,0,0,0,0,0,0,0,0,0,0,0,0,0,0,0,0,0,0,0,0,0,0,0,0,0,0,0,ST,02_District_wise_crimes_committed_against_ST_2014.csv,254,02_District_wise_crimes_committed_against_ST_2014.csv::254,False,UNIQUE,Rajouri,DISTRICT_OR_REPORTING_UNIT,VALID
Jammu & Kashmir,Ramban,2014,0,0,0,0,0,0,0,0,0,0,0,0,0,0,0,0,0,0,0,0,0,0,0,0,0,0,0,0,0,0,0,0,0,0,0,0,0,0,0,0,0,0,0,0,0,0,0,0,0,0,0,0,0,0,0,0,0,0,0,0,0,0,0,ST,02_District_wise_crimes_committed_against_ST_2014.csv,255,02_District_wise_crimes_committed_against_ST_2014.csv::255,False,UNIQUE,Ramban,DISTRICT_OR_REPORTING_UNIT,VALID
Jammu & Kashmir,Reasi,2014,0,0,0,0,0,0,0,0,0,0,0,0,0,0,0,0,0,0,0,0,0,0,0,0,0,0,0,0,0,0,0,0,0,0,0,0,0,0,0,0,0,0,0,0,0,0,0,0,0,0,0,0,0,0,0,0,0,0,0,0,0,0,0,ST,02_District_wise_crimes_committed_against_ST_2014.csv,256,02_District_wise_crimes_committed_against_ST_2014.csv::256,False,UNIQUE,Reasi,DISTRICT_OR_REPORTING_UNIT,VALID
Jammu & Kashmir,Samba,2014,0,0,0,0,0,0,0,0,0,0,0,0,0,0,0,0,0,0,0,0,0,0,0,0,0,0,0,0,0,0,0,0,0,0,0,0,0,0,0,0,0,0,0,0,0,0,0,0,0,0,0,0,0,0,0,0,0,0,0,0,0,0,0,ST,02_District_wise_crimes_committed_against_ST_2014.csv,257,02_District_wise_crimes_committed_against_ST_2014.csv::257,False,UNIQUE,Samba,DISTRICT_OR_REPORTING_UNIT,VALID
Jammu & Kashmir,Shopian,2014,0,0,0,0,0,0,0,0,0,0,0,0,0,0,0,0,0,0,0,0,0,0,0,0,0,0,0,0,0,0,0,0,0,0,0,0,0,0,0,0,0,0,0,0,0,0,0,0,0,0,0,0,0,0,0,0,0,0,0,0,0,0,0,ST,02_District_wise_crimes_committed_against_ST_2014.csv,258,02_District_wise_crimes_committed_against_ST_2014.csv::258,False,UNIQUE,Shopian,DISTRICT_OR_REPORTING_UNIT,VALID
Jammu & Kashmir,Sopore,2014,0,0,0,0,0,0,0,0,0,0,0,0,0,0,0,0,0,0,0,0,0,0,0,0,0,0,0,0,0,0,0,0,0,0,0,0,0,0,0,0,0,0,0,0,0,0,0,0,0,0,0,0,0,0,0,0,0,0,0,0,0,0,0,ST,02_District_wise_crimes_committed_against_ST_2014.csv,259,02_District_wise_crimes_committed_against_ST_2014.csv::259,False,UNIQUE,Sopore,DISTRICT_OR_REPORTING_UNIT,VALID
Jammu & Kashmir,Srinagar,2014,0,0,0,0,0,0,0,0,0,0,0,0,0,0,0,0,0,0,0,0,0,0,0,0,0,0,0,0,0,0,0,0,0,0,0,0,0,0,0,0,0,0,0,0,0,0,0,0,0,0,0,0,0,0,0,0,0,0,0,0,0,0,0,ST,02_District_wise_crimes_committed_against_ST_2014.csv,260,02_District_wise_crimes_committed_against_ST_2014.csv::260,False,UNIQUE,Srinagar,DISTRICT_OR_REPORTING_UNIT,VALID
Jammu & Kashmir,Udhampur,2014,0,0,0,0,0,0,0,0,0,0,0,0,0,0,0,0,0,0,0,0,0,0,0,0,0,0,0,0,0,0,0,0,0,0,0,0,0,0,0,0,0,0,0,0,0,0,0,0,0,0,0,0,0,0,0,0,0,0,0,0,0,0,0,ST,02_District_wise_crimes_committed_against_ST_2014.csv,261,02_District_wise_crimes_committed_against_ST_2014.csv::261,False,UNIQUE,Udhampur,DISTRICT_OR_REPORTING_UNIT,VALID
Jharkhand,Bokaro,2014,0,0,0,0,0,0,0,0,0,0,0,0,0,0,0,0,0,0,0,0,0,0,0,0,0,0,0,0,0,9,9,0,0,0,0,0,0,0,0,0,0,0,0,0,0,0,0,0,0,0,0,0,0,0,0,0,0,0,0,0,0,0,9,ST,02_District_wise_crimes_committed_against_ST_2014.csv,263,02_District_wise_crimes_committed_against_ST_2014.csv::263,False,UNIQUE,Bokaro,DISTRICT_OR_REPORTING_UNIT,VALID
Jharkhand,Chaibasa,2014,0,0,0,0,0,0,0,0,0,0,0,0,0,0,0,0,0,0,0,0,0,0,0,0,0,0,0,0,0,11,11,0,0,0,0,0,0,0,0,0,0,0,0,0,0,0,0,0,0,0,0,0,0,0,0,0,0,0,0,0,0,0,11,ST,02_District_wise_crimes_committed_against_ST_2014.csv,264,02_District_wise_crimes_committed_against_ST_2014.csv::264,False,UNIQUE,Chaibasa,DISTRICT_OR_REPORTING_UNIT,VALID
Jharkhand,Chatra,2014,0,0,0,0,0,0,0,0,0,0,0,0,0,0,0,0,0,0,0,0,0,0,0,0,0,0,0,0,0,0,0,0,0,0,0,0,0,0,0,0,0,0,0,0,0,0,0,0,0,0,0,0,0,0,0,0,0,0,0,0,0,0,0,ST,02_District_wise_crimes_committed_against_ST_2014.csv,265,02_District_wise_crimes_committed_against_ST_2014.csv::265,False,UNIQUE,Chatra,DISTRICT_OR_REPORTING_UNIT,VALID
Jharkhand,Deoghar,2014,0,0,0,0,0,0,0,0,0,0,0,0,0,0,0,0,0,0,0,0,0,0,0,0,0,0,0,0,0,0,0,0,0,0,0,0,0,0,0,0,0,0,0,0,0,0,0,0,0,0,0,0,0,0,0,0,0,0,0,0,0,0,0,ST,02_District_wise_crimes_committed_against_ST_2014.csv,266,02_District_wise_crimes_committed_against_ST_2014.csv::266,False,UNIQUE,Deoghar,DISTRICT_OR_REPORTING_UNIT,VALID
Jharkhand,Dhanbad,2014,0,0,0,1,1,0,0,0,0,0,0,0,0,0,0,0,0,0,0,0,0,0,0,0,0,0,0,1,6,10,19,0,0,0,0,0,0,0,0,0,0,0,0,0,0,0,0,0,0,0,0,0,0,0,0,0,0,0,0,0,0,0,19,ST,02_District_wise_crimes_committed_against_ST_2014.csv,267,02_District_wise_crimes_committed_against_ST_2014.csv::267,False,UNIQUE,Dhanbad,DISTRICT_OR_REPORTING_UNIT,VALID
Jharkhand,Dumka,2014,0,0,0,1,0,1,0,1,0,0,0,0,1,0,0,0,1,0,0,0,0,0,0,7,7,0,0,0,7,17,34,0,0,0,0,0,0,0,0,0,0,0,0,0,0,0,0,0,0,0,0,0,0,0,0,0,0,0,0,0,0,0,34,ST,02_District_wise_crimes_committed_against_ST_2014.csv,269,02_District_wise_crimes_committed_against_ST_2014.csv::269,False,UNIQUE,Dumka,DISTRICT_OR_REPORTING_UNIT,VALID
Jharkhand,Garhwa,2014,0,0,0,0,0,0,0,0,0,0,0,0,0,0,0,0,0,0,0,0,0,0,0,0,0,0,0,0,0,14,14,0,0,0,0,0,0,0,0,0,0,0,0,0,0,0,0,0,0,0,0,0,0,0,0,0,0,0,0,0,0,0,14,ST,02_District_wise_crimes_committed_against_ST_2014.csv,270,02_District_wise_crimes_committed_against_ST_2014.csv::270,False,UNIQUE,Garhwa,DISTRICT_OR_REPORTING_UNIT,VALID
Jharkhand,Giridih,2014,0,0,0,0,0,0,0,0,0,0,0,0,0,0,0,0,0,0,0,0,0,0,0,0,0,0,0,0,0,5,5,0,0,0,0,0,0,0,0,0,0,0,0,0,0,0,0,0,0,0,0,0,0,0,0,0,0,0,0,0,0,0,5,ST,02_District_wise_crimes_committed_against_ST_2014.csv,271,02_District_wise_crimes_committed_against_ST_2014.csv::271,False,UNIQUE,Giridih,DISTRICT_OR_REPORTING_UNIT,VALID
Jharkhand,Godda,2014,0,0,0,0,0,0,0,0,0,0,0,0,0,0,0,0,0,0,0,0,0,0,0,0,0,0,0,0,7,7,14,0,0,0,0,0,0,0,0,0,0,0,0,0,0,0,0,0,0,0,0,0,0,0,0,0,0,0,0,0,0,0,14,ST,02_District_wise_crimes_committed_against_ST_2014.csv,272,02_District_wise_crimes_committed_against_ST_2014.csv::272,False,UNIQUE,Godda,DISTRICT_OR_REPORTING_UNIT,VALID
Jharkhand,Gumla,2014,0,3,1,3,0,2,0,1,0,0,1,0,3,0,0,0,3,0,0,0,0,0,0,0,0,0,0,1,6,28,47,0,0,0,0,0,0,0,0,0,0,0,0,0,0,0,0,0,0,0,0,0,0,0,0,0,0,0,0,0,0,0,47,ST,02_District_wise_crimes_committed_against_ST_2014.csv,273,02_District_wise_crimes_committed_against_ST_2014.csv::273,False,UNIQUE,Gumla,DISTRICT_OR_REPORTING_UNIT,VALID
Jharkhand,Hazaribagh,2014,0,0,0,0,0,0,0,0,0,0,0,0,0,0,0,0,0,0,0,0,0,0,0,0,0,0,0,0,0,6,6,0,0,0,0,0,0,0,0,0,0,0,0,0,0,0,0,0,0,0,0,0,0,0,0,0,0,0,0,0,0,0,6,ST,02_District_wise_crimes_committed_against_ST_2014.csv,274,02_District_wise_crimes_committed_against_ST_2014.csv::274,False,UNIQUE,Hazaribagh,DISTRICT_OR_REPORTING_UNIT,VALID
Jharkhand,Jamshedpur,2014,0,0,0,0,0,0,0,0,0,0,0,0,0,0,0,0,0,0,0,0,0,0,0,0,0,0,0,0,38,38,76,0,0,0,0,0,0,0,0,0,0,0,0,0,0,0,0,0,0,0,0,0,0,0,0,0,0,0,0,0,0,0,76,ST,02_District_wise_crimes_committed_against_ST_2014.csv,275,02_District_wise_crimes_committed_against_ST_2014.csv::275,False,UNIQUE,Jamshedpur,DISTRICT_OR_REPORTING_UNIT,VALID
Jharkhand,Jamtara,2014,0,0,0,0,0,0,0,0,0,0,0,0,0,0,0,0,0,0,0,0,0,0,0,0,0,0,0,0,0,14,14,0,0,0,0,0,0,0,0,0,0,0,0,0,0,0,0,0,0,0,0,0,0,0,0,0,0,0,0,0,0,0,14,ST,02_District_wise_crimes_committed_against_ST_2014.csv,277,02_District_wise_crimes_committed_against_ST_2014.csv::277,False,UNIQUE,Jamtara,DISTRICT_OR_REPORTING_UNIT,VALID
Jharkhand,Khunti,2014,0,0,0,0,0,0,0,0,0,0,0,0,0,0,0,0,0,0,0,0,0,0,0,0,0,0,0,0,3,3,6,0,0,0,0,0,0,0,0,0,0,0,0,0,0,0,0,0,0,0,0,0,0,0,0,0,0,0,0,0,0,0,6,ST,02_District_wise_crimes_committed_against_ST_2014.csv,278,02_District_wise_crimes_committed_against_ST_2014.csv::278,False,UNIQUE,Khunti,DISTRICT_OR_REPORTING_UNIT,VALID
Jharkhand,Koderma,2014,0,0,0,0,0,0,0,0,0,0,0,0,0,0,0,0,0,0,0,0,0,0,0,0,0,0,0,0,1,1,2,0,0,0,0,0,0,0,0,0,0,0,0,0,0,0,0,0,0,0,0,0,0,0,0,0,0,0,0,0,0,0,2,ST,02_District_wise_crimes_committed_against_ST_2014.csv,279,02_District_wise_crimes_committed_against_ST_2014.csv::279,False,UNIQUE,Koderma,DISTRICT_OR_REPORTING_UNIT,VALID
Jharkhand,Latehar,2014,0,0,0,0,0,0,0,0,0,0,0,0,0,0,0,0,0,0,0,0,0,0,0,0,0,0,0,0,0,11,11,0,0,0,0,0,0,0,0,0,0,0,0,0,0,0,0,0,0,0,0,0,0,0,0,0,0,0,0,0,0,0,11,ST,02_District_wise_crimes_committed_against_ST_2014.csv,280,02_District_wise_crimes_committed_against_ST_2014.csv::280,False,UNIQUE,Latehar,DISTRICT_OR_REPORTING_UNIT,VALID
Jharkhand,Lohardagga,2014,0,1,0,7,0,0,0,0,0,0,0,0,3,0,0,0,3,0,0,0,0,0,0,0,0,0,0,0,0,16,27,0,0,0,0,0,0,0,0,0,0,0,0,0,0,0,0,0,0,0,0,0,0,0,0,0,0,0,6,6,0,0,33,ST,02_District_wise_crimes_committed_against_ST_2014.csv,281,02_District_wise_crimes_committed_against_ST_2014.csv::281,False,UNIQUE,Lohardagga,DISTRICT_OR_REPORTING_UNIT,VALID
Jharkhand,Pakur,2014,0,0,0,0,0,2,1,1,0,0,0,0,1,0,0,0,1,0,0,0,0,0,0,0,0,0,0,0,0,5,8,0,0,0,0,0,0,0,0,0,0,0,0,0,0,0,0,0,0,0,0,0,0,0,0,0,0,0,0,0,0,5,13,ST,02_District_wise_crimes_committed_against_ST_2014.csv,282,02_District_wise_crimes_committed_against_ST_2014.csv::282,False,UNIQUE,Pakur,DISTRICT_OR_REPORTING_UNIT,VALID
Jharkhand,Palamu,2014,0,0,0,0,0,0,0,0,0,0,0,0,0,0,0,0,0,0,0,0,0,0,0,0,0,0,0,0,9,9,18,0,0,0,0,0,0,0,0,0,0,0,0,0,0,0,0,0,0,0,0,0,0,0,0,0,0,0,0,0,0,0,18,ST,02_District_wise_crimes_committed_against_ST_2014.csv,283,02_District_wise_crimes_committed_against_ST_2014.csv::283,False,UNIQUE,Palamu,DISTRICT_OR_REPORTING_UNIT,VALID
Jharkhand,Ramgarh,2014,0,0,0,0,0,0,0,0,0,0,0,0,0,0,0,0,0,0,0,0,0,0,0,6,6,0,0,0,6,12,24,0,0,0,0,0,0,0,0,0,0,0,0,0,0,0,0,0,0,0,0,0,0,0,0,0,0,0,0,0,0,0,24,ST,02_District_wise_crimes_committed_against_ST_2014.csv,284,02_District_wise_crimes_committed_against_ST_2014.csv::284,False,UNIQUE,Ramgarh,DISTRICT_OR_REPORTING_UNIT,VALID
Jharkhand,Ranchi,2014,0,0,0,1,0,0,0,0,0,0,0,0,0,0,0,0,0,0,0,0,0,0,0,16,16,0,0,0,0,17,34,0,0,0,0,0,0,0,0,0,0,0,0,0,0,0,0,0,0,0,0,0,0,0,0,0,0,0,0,0,0,0,34,ST,02_District_wise_crimes_committed_against_ST_2014.csv,285,02_District_wise_crimes_committed_against_ST_2014.csv::285,False,UNIQUE,Ranchi,DISTRICT_OR_REPORTING_UNIT,VALID
Jharkhand,Sahebganj,2014,0,0,0,0,0,0,0,0,0,0,0,0,3,0,0,0,3,0,0,0,0,0,0,0,0,0,0,0,0,4,7,0,0,7,0,0,0,0,0,0,0,0,0,0,0,0,0,0,0,0,0,0,0,0,0,0,0,0,0,7,0,8,22,ST,02_District_wise_crimes_committed_against_ST_2014.csv,286,02_District_wise_crimes_committed_against_ST_2014.csv::286,False,UNIQUE,Sahebganj,DISTRICT_OR_REPORTING_UNIT,VALID
Jharkhand,Saraikela,2014,0,0,0,0,0,0,0,0,0,0,0,0,0,0,0,0,0,0,0,0,0,0,0,0,0,0,0,0,0,7,7,0,0,0,0,0,0,0,0,0,0,0,0,0,0,0,0,0,0,0,0,0,0,0,0,0,0,0,0,0,0,0,7,ST,02_District_wise_crimes_committed_against_ST_2014.csv,287,02_District_wise_crimes_committed_against_ST_2014.csv::287,False,UNIQUE,Saraikela,DISTRICT_OR_REPORTING_UNIT,VALID
Jharkhand,Simdega,2014,0,0,0,0,0,0,0,0,0,0,0,0,0,0,0,0,0,0,0,0,0,0,0,0,0,0,0,0,4,4,8,0,0,0,0,0,0,0,0,0,0,0,0,0,0,0,0,0,0,0,0,0,0,0,0,0,0,0,0,0,0,4,12,ST,02_District_wise_crimes_committed_against_ST_2014.csv,288,02_District_wise_crimes_committed_against_ST_2014.csv::288,False,UNIQUE,Simdega,DISTRICT_OR_REPORTING_UNIT,VALID
Karnataka,Bagalkot,2014,0,0,0,1,0,0,0,0,0,0,0,0,0,0,0,0,0,0,0,0,0,0,1,8,8,0,0,0,0,10,20,0,0,0,0,0,0,0,0,0,0,0,0,0,0,0,0,0,0,0,0,0,0,0,0,0,0,0,0,0,0,0,20,ST,02_District_wise_crimes_committed_against_ST_2014.csv,290,02_District_wise_crimes_committed_against_ST_2014.csv::290,False,UNIQUE,Bagalkot,DISTRICT_OR_REPORTING_UNIT,VALID
Karnataka,Bengaluru District,2014,0,0,0,0,0,0,0,0,0,0,0,0,0,0,0,0,0,0,0,0,0,0,0,0,0,0,0,0,0,11,11,0,0,0,0,0,0,0,0,0,0,0,0,0,0,0,0,0,0,0,0,0,0,0,0,0,0,0,0,0,0,0,11,ST,02_District_wise_crimes_committed_against_ST_2014.csv,292,02_District_wise_crimes_committed_against_ST_2014.csv::292,False,UNIQUE,Bengaluru District,DISTRICT_OR_REPORTING_UNIT,VALID
Karnataka,Belagavi District,2014,0,2,0,2,0,1,0,0,0,0,1,0,0,0,0,0,0,0,0,0,0,0,0,0,0,0,0,0,0,21,26,0,0,0,0,0,0,0,0,0,0,0,0,0,0,0,0,0,0,0,0,0,0,0,0,0,0,0,0,0,0,0,26,ST,02_District_wise_crimes_committed_against_ST_2014.csv,293,02_District_wise_crimes_committed_against_ST_2014.csv::293,False,UNIQUE,Belagavi District,DISTRICT_OR_REPORTING_UNIT,VALID
Karnataka,Ballari,2014,0,0,0,0,0,0,0,0,0,0,0,0,0,0,0,0,0,0,0,0,0,0,0,0,0,0,0,0,0,22,22,0,0,0,0,0,0,0,0,0,0,0,0,0,0,0,0,0,0,0,0,0,0,0,0,0,0,0,0,0,0,0,22,ST,02_District_wise_crimes_committed_against_ST_2014.csv,294,02_District_wise_crimes_committed_against_ST_2014.csv::294,False,UNIQUE,Ballari,DISTRICT_OR_REPORTING_UNIT,VALID
Karnataka,Bidar,2014,0,0,0,0,0,0,0,0,0,0,0,0,0,0,0,0,0,0,0,0,0,0,0,0,0,0,0,0,0,4,4,0,0,0,1,0,0,0,0,0,0,0,0,0,0,0,0,0,0,0,0,0,0,1,1,0,0,1,1,4,0,0,8,ST,02_District_wise_crimes_committed_against_ST_2014.csv,295,02_District_wise_crimes_committed_against_ST_2014.csv::295,False,UNIQUE,Bidar,DISTRICT_OR_REPORTING_UNIT,VALID
Karnataka,Vijayapura,2014,0,0,0,0,0,0,0,0,0,0,0,0,0,0,0,0,0,0,0,0,0,0,0,0,0,0,0,0,0,8,8,0,0,0,0,0,0,0,0,0,0,0,0,0,0,0,0,0,0,0,0,0,0,0,0,0,0,0,0,0,0,0,8,ST,02_District_wise_crimes_committed_against_ST_2014.csv,296,02_District_wise_crimes_committed_against_ST_2014.csv::296,False,UNIQUE,Vijayapura,DISTRICT_OR_REPORTING_UNIT,VALID
Karnataka,Chikkaballapura,2014,0,0,0,1,0,1,0,0,0,0,1,0,0,0,0,0,0,0,0,0,0,0,0,1,0,1,0,0,8,11,22,0,0,0,0,0,0,0,0,0,0,0,0,0,0,0,0,0,0,0,0,0,0,0,0,0,0,0,0,0,0,0,22,ST,02_District_wise_crimes_committed_against_ST_2014.csv,297,02_District_wise_crimes_committed_against_ST_2014.csv::297,False,UNIQUE,Chikkaballapura,DISTRICT_OR_REPORTING_UNIT,VALID
Karnataka,Chamarajnagar,2014,0,0,0,0,0,0,0,0,0,0,0,0,0,0,0,0,0,0,0,0,0,0,0,0,0,0,0,0,0,3,3,0,0,0,0,0,0,0,0,0,0,0,0,0,0,0,0,0,0,0,0,0,0,0,0,0,0,0,0,0,0,0,3,ST,02_District_wise_crimes_committed_against_ST_2014.csv,298,02_District_wise_crimes_committed_against_ST_2014.csv::298,False,UNIQUE,Chamarajnagar,DISTRICT_OR_REPORTING_UNIT,VALID
Karnataka,Chikkamagaluru,2014,0,0,0,0,0,0,0,0,0,0,0,0,0,0,0,0,0,0,0,0,0,0,0,0,0,0,0,0,0,3,3,0,0,0,0,0,0,0,0,0,0,0,0,0,0,0,0,0,0,0,0,0,0,0,0,0,0,0,0,0,0,0,3,ST,02_District_wise_crimes_committed_against_ST_2014.csv,299,02_District_wise_crimes_committed_against_ST_2014.csv::299,False,UNIQUE,Chikkamagaluru,DISTRICT_OR_REPORTING_UNIT,VALID
Karnataka,Chitradurga,2014,0,6,0,1,0,0,0,0,0,0,0,0,0,0,0,0,0,0,0,0,0,0,0,0,0,0,0,0,0,10,17,0,0,0,0,0,0,0,0,0,0,0,0,0,0,0,0,0,0,0,0,0,0,0,0,0,0,0,0,0,0,0,17,ST,02_District_wise_crimes_committed_against_ST_2014.csv,300,02_District_wise_crimes_committed_against_ST_2014.csv::300,False,UNIQUE,Chitradurga,DISTRICT_OR_REPORTING_UNIT,VALID
Karnataka,Dakshina Kannada,2014,0,0,0,1,0,0,0,0,0,0,0,0,0,0,0,0,0,0,0,0,0,0,0,0,0,0,0,0,0,12,13,0,0,0,0,0,0,0,0,0,0,0,0,0,0,0,0,0,0,0,0,0,0,0,0,0,0,0,0,0,0,0,13,ST,02_District_wise_crimes_committed_against_ST_2014.csv,301,02_District_wise_crimes_committed_against_ST_2014.csv::301,False,UNIQUE,Dakshina Kannada,DISTRICT_OR_REPORTING_UNIT,VALID
Karnataka,Davanagere,2014,0,0,0,0,0,0,0,0,0,0,0,0,0,0,0,0,0,0,0,0,0,0,0,0,0,0,0,0,0,17,17,0,0,0,0,0,0,0,0,0,0,0,0,0,0,0,0,0,0,0,0,0,0,0,0,0,0,0,0,0,0,0,17,ST,02_District_wise_crimes_committed_against_ST_2014.csv,302,02_District_wise_crimes_committed_against_ST_2014.csv::302,False,UNIQUE,Davanagere,DISTRICT_OR_REPORTING_UNIT,VALID
Karnataka,Dharwad,2014,0,1,1,1,0,0,0,0,0,0,0,0,0,0,0,0,0,0,0,0,0,0,0,1,1,0,0,0,0,15,19,0,0,0,0,0,0,0,0,0,0,0,0,0,0,0,0,0,0,0,0,0,0,0,0,0,0,0,0,0,0,5,24,ST,02_District_wise_crimes_committed_against_ST_2014.csv,303,02_District_wise_crimes_committed_against_ST_2014.csv::303,False,UNIQUE,Dharwad,DISTRICT_OR_REPORTING_UNIT,VALID
Karnataka,Gadag,2014,0,0,0,0,0,0,0,0,0,0,0,0,0,0,0,0,0,0,0,0,0,0,0,0,0,0,0,0,0,0,0,0,0,0,0,0,0,0,0,0,0,0,0,0,0,0,0,0,0,0,0,0,0,0,0,0,0,0,0,0,0,0,0,ST,02_District_wise_crimes_committed_against_ST_2014.csv,304,02_District_wise_crimes_committed_against_ST_2014.csv::304,False,UNIQUE,Gadag,DISTRICT_OR_REPORTING_UNIT,VALID
Karnataka,Kalaburgi,2014,0,0,0,0,0,0,0,0,0,0,0,0,0,0,0,0,0,0,0,0,0,0,0,0,0,0,0,0,8,8,16,0,0,0,0,0,0,0,0,0,0,0,0,0,0,0,0,0,0,0,0,0,0,0,0,0,0,0,0,0,0,0,16,ST,02_District_wise_crimes_committed_against_ST_2014.csv,305,02_District_wise_crimes_committed_against_ST_2014.csv::305,False,UNIQUE,Kalaburgi,DISTRICT_OR_REPORTING_UNIT,VALID
Karnataka,Hassan,2014,0,0,0,0,0,0,0,0,0,0,0,0,0,0,0,0,0,0,0,0,0,0,0,0,0,0,0,0,0,0,0,0,0,0,0,0,0,0,0,0,0,0,0,0,0,0,0,0,0,0,0,0,0,0,0,0,0,0,0,0,0,0,0,ST,02_District_wise_crimes_committed_against_ST_2014.csv,306,02_District_wise_crimes_committed_against_ST_2014.csv::306,False,UNIQUE,Hassan,DISTRICT_OR_REPORTING_UNIT,VALID
Karnataka,Haveri,2014,0,0,0,0,0,0,0,0,0,0,0,0,0,0,0,0,0,0,0,0,0,0,0,0,0,0,0,0,0,11,11,0,0,0,0,0,0,0,0,0,0,0,0,0,0,0,0,0,0,0,0,0,0,0,0,0,0,0,0,0,0,0,11,ST,02_District_wise_crimes_committed_against_ST_2014.csv,307,02_District_wise_crimes_committed_against_ST_2014.csv::307,False,UNIQUE,Haveri,DISTRICT_OR_REPORTING_UNIT,VALID
Karnataka,K.G.F.,2014,0,0,0,0,0,0,0,0,0,0,0,0,0,0,0,0,0,0,0,0,0,0,0,0,0,0,0,0,0,2,2,0,0,0,0,0,0,0,0,0,0,0,0,0,0,0,0,0,0,0,0,0,0,0,0,0,0,0,0,0,0,0,2,ST,02_District_wise_crimes_committed_against_ST_2014.csv,309,02_District_wise_crimes_committed_against_ST_2014.csv::309,False,UNIQUE,K.G.F.,DISTRICT_OR_REPORTING_UNIT,VALID
Karnataka,Kodagu,2014,0,2,0,2,0,0,0,0,0,0,0,0,1,0,0,0,0,1,0,0,0,0,0,1,1,0,0,0,15,10,31,0,0,0,0,0,0,0,0,0,0,0,0,0,0,0,0,0,0,0,0,0,0,0,0,0,0,0,0,0,0,0,31,ST,02_District_wise_crimes_committed_against_ST_2014.csv,310,02_District_wise_crimes_committed_against_ST_2014.csv::310,False,UNIQUE,Kodagu,DISTRICT_OR_REPORTING_UNIT,VALID
Karnataka,Kolar,2014,0,1,0,0,0,0,0,0,0,0,0,0,0,0,0,0,0,0,0,0,0,0,0,0,0,0,0,0,0,4,5,0,0,0,0,0,0,0,0,0,0,0,0,0,0,0,0,0,0,0,0,0,0,0,0,0,0,0,0,0,0,0,5,ST,02_District_wise_crimes_committed_against_ST_2014.csv,311,02_District_wise_crimes_committed_against_ST_2014.csv::311,False,UNIQUE,Kolar,DISTRICT_OR_REPORTING_UNIT,VALID
Karnataka,Koppal,2014,0,0,0,0,0,0,0,0,0,0,0,0,0,0,0,0,0,0,0,0,0,0,0,0,0,0,0,0,0,0,0,0,0,0,0,0,0,0,0,0,0,0,0,0,0,0,0,0,0,0,0,0,0,0,0,0,0,0,0,0,0,0,0,ST,02_District_wise_crimes_committed_against_ST_2014.csv,312,02_District_wise_crimes_committed_against_ST_2014.csv::312,False,UNIQUE,Koppal,DISTRICT_OR_REPORTING_UNIT,VALID
Karnataka,Mandya,2014,0,0,0,0,0,0,0,0,0,0,0,0,0,0,0,0,0,0,0,0,0,0,0,0,0,0,0,0,0,0,0,0,0,0,0,0,0,0,0,0,0,0,0,0,0,0,0,0,0,0,0,0,0,0,0,0,0,0,0,0,0,0,0,ST,02_District_wise_crimes_committed_against_ST_2014.csv,313,02_District_wise_crimes_committed_against_ST_2014.csv::313,False,UNIQUE,Mandya,DISTRICT_OR_REPORTING_UNIT,VALID
Karnataka,Mysuru District,2014,0,0,0,2,0,0,0,0,0,0,0,0,0,0,0,0,0,0,0,0,0,0,0,0,0,0,0,0,0,11,13,0,2,0,0,0,0,0,0,0,0,0,0,0,0,0,0,0,0,0,0,0,0,0,0,0,0,0,79,81,0,0,94,ST,02_District_wise_crimes_committed_against_ST_2014.csv,316,02_District_wise_crimes_committed_against_ST_2014.csv::316,False,UNIQUE,Mysuru District,DISTRICT_OR_REPORTING_UNIT,VALID
Karnataka,Raichur,2014,0,1,1,1,0,0,0,0,0,0,0,0,0,0,0,0,0,0,0,0,0,0,0,0,0,0,0,0,0,26,29,0,0,0,0,0,0,0,0,0,0,0,0,0,0,0,0,0,0,0,0,0,0,0,0,0,0,0,0,0,0,0,29,ST,02_District_wise_crimes_committed_against_ST_2014.csv,317,02_District_wise_crimes_committed_against_ST_2014.csv::317,False,UNIQUE,Raichur,DISTRICT_OR_REPORTING_UNIT,VALID
Karnataka,Ramanagar,2014,0,0,0,0,0,0,0,0,0,0,0,0,0,0,0,0,0,0,0,0,0,0,0,0,0,0,0,0,0,3,3,0,0,0,0,0,0,0,0,0,0,0,0,0,0,0,0,0,0,0,0,0,0,0,0,0,0,0,0,0,0,0,3,ST,02_District_wise_crimes_committed_against_ST_2014.csv,319,02_District_wise_crimes_committed_against_ST_2014.csv::319,False,UNIQUE,Ramanagar,DISTRICT_OR_REPORTING_UNIT,VALID
Karnataka,Shimoga,2014,0,0,0,4,0,0,0,0,0,0,0,0,0,0,0,0,0,0,0,0,0,0,0,0,0,0,0,0,0,7,11,0,0,0,0,0,0,0,0,0,0,0,0,0,0,0,0,0,0,0,0,0,0,0,0,0,0,0,0,0,0,0,11,ST,02_District_wise_crimes_committed_against_ST_2014.csv,320,02_District_wise_crimes_committed_against_ST_2014.csv::320,False,UNIQUE,Shimoga,DISTRICT_OR_REPORTING_UNIT,VALID
Karnataka,Tumakuru,2014,0,2,1,1,0,4,0,0,0,0,4,0,1,0,0,0,0,1,0,0,0,0,0,0,0,0,0,0,9,2,20,0,0,0,0,0,0,0,0,0,0,0,0,0,0,0,0,0,0,0,0,0,0,0,0,0,0,0,0,0,0,0,20,ST,02_District_wise_crimes_committed_against_ST_2014.csv,321,02_District_wise_crimes_committed_against_ST_2014.csv::321,False,UNIQUE,Tumakuru,DISTRICT_OR_REPORTING_UNIT,VALID
Karnataka,Udupi,2014,0,0,0,0,0,0,0,0,0,0,0,0,0,0,0,0,0,0,0,0,0,0,0,0,0,0,0,1,2,9,12,0,0,0,0,0,0,0,0,0,0,0,0,0,0,0,0,0,0,0,0,0,0,0,0,0,0,0,0,0,0,0,12,ST,02_District_wise_crimes_committed_against_ST_2014.csv,322,02_District_wise_crimes_committed_against_ST_2014.csv::322,False,UNIQUE,Udupi,DISTRICT_OR_REPORTING_UNIT,VALID
Karnataka,Uttara Kannada,2014,0,0,0,0,0,0,0,0,0,0,0,0,0,0,0,0,0,0,0,0,0,0,0,0,0,0,0,0,0,2,2,0,0,0,0,0,0,0,0,0,0,0,0,0,0,0,0,0,0,0,0,0,0,0,0,0,0,0,0,0,0,0,2,ST,02_District_wise_crimes_committed_against_ST_2014.csv,323,02_District_wise_crimes_committed_against_ST_2014.csv::323,False,UNIQUE,Uttara Kannada,DISTRICT_OR_REPORTING_UNIT,VALID
Karnataka,Yadgiri,2014,0,2,2,1,0,3,0,0,0,0,3,0,0,0,0,0,0,0,0,0,0,0,0,0,0,0,0,4,5,14,31,0,0,0,0,0,0,0,0,0,0,0,0,0,0,0,0,0,0,0,0,0,0,0,0,0,0,0,0,0,0,0,31,ST,02_District_wise_crimes_committed_against_ST_2014.csv,324,02_District_wise_crimes_committed_against_ST_2014.csv::324,False,UNIQUE,Yadgiri,DISTRICT_OR_REPORTING_UNIT,VALID
Kerala,Alapuzha,2014,0,0,0,0,0,0,0,0,0,0,0,0,0,0,0,0,0,0,0,0,0,0,0,0,0,0,0,0,1,0,1,0,0,0,0,0,0,0,0,0,0,0,0,0,0,0,0,0,0,0,0,0,0,0,0,0,0,0,0,0,0,0,1,ST,02_District_wise_crimes_committed_against_ST_2014.csv,327,02_District_wise_crimes_committed_against_ST_2014.csv::327,False,UNIQUE,Alapuzha,DISTRICT_OR_REPORTING_UNIT,VALID
Kerala,Ernakulam Commr.,2014,0,0,0,0,0,0,0,0,0,0,0,0,0,0,0,0,0,0,0,0,0,0,0,0,0,0,0,0,0,0,0,0,0,0,0,0,0,0,0,0,0,0,0,0,0,0,0,0,0,0,0,0,0,0,0,0,0,0,0,0,0,0,0,ST,02_District_wise_crimes_committed_against_ST_2014.csv,328,02_District_wise_crimes_committed_against_ST_2014.csv::328,False,UNIQUE,Ernakulam Commr.,DISTRICT_OR_REPORTING_UNIT,VALID
Kerala,Idukki,2014,0,0,0,4,0,1,0,1,0,0,0,0,0,0,0,0,0,0,0,0,0,0,1,0,0,0,0,0,3,0,9,0,0,0,0,0,0,0,0,0,0,0,0,0,0,0,0,0,0,0,0,0,0,0,0,0,0,0,0,0,0,0,9,ST,02_District_wise_crimes_committed_against_ST_2014.csv,330,02_District_wise_crimes_committed_against_ST_2014.csv::330,False,UNIQUE,Idukki,DISTRICT_OR_REPORTING_UNIT,VALID
Kerala,Kannur,2014,0,0,0,4,0,6,0,0,0,0,6,0,0,0,0,0,0,0,0,0,0,0,0,1,1,0,0,0,5,0,16,0,0,1,0,0,0,0,0,0,0,0,0,0,0,0,0,0,0,0,0,0,1,0,0,0,0,0,2,4,0,0,20,ST,02_District_wise_crimes_committed_against_ST_2014.csv,331,02_District_wise_crimes_committed_against_ST_2014.csv::331,False,UNIQUE,Kannur,DISTRICT_OR_REPORTING_UNIT,VALID
Kerala,Kasargod,2014,0,0,0,11,0,6,0,0,0,0,6,0,0,0,0,0,0,0,0,0,0,0,0,0,0,0,0,0,4,1,22,0,0,0,0,0,0,0,0,0,0,0,0,0,0,0,0,0,0,0,0,0,0,0,0,0,0,0,2,2,0,1,25,ST,02_District_wise_crimes_committed_against_ST_2014.csv,332,02_District_wise_crimes_committed_against_ST_2014.csv::332,False,UNIQUE,Kasargod,DISTRICT_OR_REPORTING_UNIT,VALID
Kerala,Kollam Commr.,2014,0,0,0,0,0,0,0,0,0,0,0,0,0,0,0,0,0,0,0,0,0,0,0,0,0,0,0,0,0,0,0,0,0,0,0,0,0,0,0,0,0,0,0,0,0,0,0,0,0,0,0,0,0,0,0,0,0,0,0,0,0,0,0,ST,02_District_wise_crimes_committed_against_ST_2014.csv,333,02_District_wise_crimes_committed_against_ST_2014.csv::333,False,UNIQUE,Kollam Commr.,DISTRICT_OR_REPORTING_UNIT,VALID
Kerala,Kottayam,2014,0,0,0,0,0,0,0,0,0,0,0,0,0,0,0,0,0,0,0,0,0,0,0,0,0,0,0,0,3,0,3,0,0,0,0,0,0,0,0,0,0,0,0,0,0,0,0,0,0,0,0,0,0,0,0,0,0,0,0,0,0,0,3,ST,02_District_wise_crimes_committed_against_ST_2014.csv,335,02_District_wise_crimes_committed_against_ST_2014.csv::335,False,UNIQUE,Kottayam,DISTRICT_OR_REPORTING_UNIT,VALID
Kerala,Kozhikode Commr.,2014,0,0,0,1,0,1,0,0,0,0,1,0,0,0,0,0,0,0,0,0,0,0,0,0,0,0,0,0,1,0,3,0,0,0,0,0,0,0,0,0,0,0,0,0,0,0,0,0,0,0,0,0,0,0,0,0,0,0,0,0,0,0,3,ST,02_District_wise_crimes_committed_against_ST_2014.csv,336,02_District_wise_crimes_committed_against_ST_2014.csv::336,False,UNIQUE,Kozhikode Commr.,DISTRICT_OR_REPORTING_UNIT,VALID
Kerala,Malappuram,2014,0,0,0,0,0,0,0,0,0,0,0,0,0,0,0,0,0,0,0,0,0,0,0,0,0,0,0,0,2,0,2,0,0,0,0,0,0,0,0,0,0,0,0,0,0,0,0,0,0,0,0,0,0,1,1,0,0,0,3,4,0,0,6,ST,02_District_wise_crimes_committed_against_ST_2014.csv,338,02_District_wise_crimes_committed_against_ST_2014.csv::338,False,UNIQUE,Malappuram,DISTRICT_OR_REPORTING_UNIT,VALID
Kerala,Palakkad,2014,0,1,0,2,0,3,3,0,0,0,0,0,1,0,0,0,0,1,0,0,0,0,0,0,0,0,0,4,4,2,17,0,0,0,0,0,0,0,0,0,0,0,0,0,0,0,0,0,0,0,0,0,0,0,0,0,0,0,0,0,0,0,17,ST,02_District_wise_crimes_committed_against_ST_2014.csv,339,02_District_wise_crimes_committed_against_ST_2014.csv::339,False,UNIQUE,Palakkad,DISTRICT_OR_REPORTING_UNIT,VALID
Kerala,Pathanamthitta,2014,0,1,0,0,0,0,0,0,0,0,0,0,0,0,0,0,0,0,0,0,0,0,0,0,0,0,0,0,0,0,1,0,0,0,0,0,0,0,0,0,0,0,0,0,0,0,0,0,0,0,0,0,0,0,0,0,0,0,0,0,0,0,1,ST,02_District_wise_crimes_committed_against_ST_2014.csv,340,02_District_wise_crimes_committed_against_ST_2014.csv::340,False,UNIQUE,Pathanamthitta,DISTRICT_OR_REPORTING_UNIT,VALID
Kerala,Thrissur Commr.,2014,0,0,0,1,0,0,0,0,0,0,0,0,0,0,0,0,0,0,0,0,0,0,0,0,0,0,0,0,0,1,2,0,0,0,0,0,0,0,0,0,0,0,0,0,0,0,0,0,0,0,0,0,0,0,0,0,0,0,0,0,0,0,2,ST,02_District_wise_crimes_committed_against_ST_2014.csv,342,02_District_wise_crimes_committed_against_ST_2014.csv::342,False,UNIQUE,Thrissur Commr.,DISTRICT_OR_REPORTING_UNIT,VALID
Kerala,Trivandrum Commr.,2014,0,0,0,1,0,0,0,0,0,0,0,0,0,0,0,0,0,0,0,0,0,0,0,0,0,0,0,0,0,0,1,0,0,0,0,0,0,0,0,0,0,0,0,0,0,0,0,0,0,0,0,0,0,0,0,0,0,0,0,0,0,0,1,ST,02_District_wise_crimes_committed_against_ST_2014.csv,344,02_District_wise_crimes_committed_against_ST_2014.csv::344,False,UNIQUE,Trivandrum Commr.,DISTRICT_OR_REPORTING_UNIT,VALID
Kerala,Wayanadu,2014,0,0,0,11,0,7,4,1,0,0,2,0,0,0,0,0,0,0,0,0,0,0,0,2,2,0,0,0,5,0,25,0,0,0,0,1,0,0,0,0,1,0,0,0,0,0,0,0,0,0,0,0,0,0,0,0,0,0,0,1,0,0,26,ST,02_District_wise_crimes_committed_against_ST_2014.csv,346,02_District_wise_crimes_committed_against_ST_2014.csv::346,False,UNIQUE,Wayanadu,DISTRICT_OR_REPORTING_UNIT,VALID
Kerala,Crime Branch,2014,0,0,0,0,0,0,0,0,0,0,0,0,0,0,0,0,0,0,0,0,0,0,0,0,0,0,0,0,0,0,0,0,0,0,0,0,0,0,0,0,0,0,0,0,0,0,0,0,0,0,0,0,0,0,0,0,0,0,0,0,0,0,0,ST,02_District_wise_crimes_committed_against_ST_2014.csv,347,02_District_wise_crimes_committed_against_ST_2014.csv::347,False,UNIQUE,Crime Branch,DISTRICT_OR_REPORTING_UNIT,VALID
Madhya Pradesh,Agar,2014,0,0,0,2,0,0,0,0,0,0,0,0,0,0,0,0,0,0,0,0,0,0,0,0,0,0,0,0,1,0,3,0,0,0,0,0,0,0,0,0,0,0,0,0,0,0,0,0,0,0,0,0,0,0,0,0,0,0,2,2,0,0,5,ST,02_District_wise_crimes_committed_against_ST_2014.csv,349,02_District_wise_crimes_committed_against_ST_2014.csv::349,False,UNIQUE,Agar,DISTRICT_OR_REPORTING_UNIT,VALID
Madhya Pradesh,Alirajpur,2014,0,0,0,0,0,3,0,0,0,0,3,0,0,0,0,0,0,0,0,0,0,0,0,0,0,0,0,0,2,0,5,0,0,0,0,0,0,0,0,0,0,0,0,0,0,0,0,0,0,0,0,0,0,0,0,0,0,0,0,0,0,0,5,ST,02_District_wise_crimes_committed_against_ST_2014.csv,350,02_District_wise_crimes_committed_against_ST_2014.csv::350,False,UNIQUE,Alirajpur,DISTRICT_OR_REPORTING_UNIT,VALID
Madhya Pradesh,Anuppur,2014,0,2,0,9,2,20,6,0,0,2,12,0,1,0,0,0,1,0,0,0,0,0,0,0,0,0,0,0,9,0,43,0,0,0,0,0,0,0,0,0,0,0,0,0,0,0,0,0,0,0,0,0,0,0,0,0,0,0,0,0,0,0,43,ST,02_District_wise_crimes_committed_against_ST_2014.csv,351,02_District_wise_crimes_committed_against_ST_2014.csv::351,False,UNIQUE,Anuppur,DISTRICT_OR_REPORTING_UNIT,VALID
Madhya Pradesh,Ashok Nagar,2014,0,0,0,6,0,5,0,0,0,0,5,0,1,1,0,0,0,0,0,0,0,0,0,0,0,0,0,0,15,0,27,0,0,0,0,0,0,0,0,0,0,0,0,0,0,0,0,0,0,0,0,0,0,1,1,0,0,0,17,18,0,0,45,ST,02_District_wise_crimes_committed_against_ST_2014.csv,352,02_District_wise_crimes_committed_against_ST_2014.csv::352,False,UNIQUE,Ashok Nagar,DISTRICT_OR_REPORTING_UNIT,VALID
Madhya Pradesh,Balaghat,2014,0,2,0,9,0,21,7,2,0,2,10,0,0,0,0,0,0,0,0,0,0,0,0,0,0,0,0,0,16,0,48,0,0,0,0,0,0,0,0,0,0,0,0,0,0,0,0,0,0,0,0,0,0,0,0,0,0,0,0,0,0,0,48,ST,02_District_wise_crimes_committed_against_ST_2014.csv,353,02_District_wise_crimes_committed_against_ST_2014.csv::353,False,UNIQUE,Balaghat,DISTRICT_OR_REPORTING_UNIT,VALID
Madhya Pradesh,Barwani,2014,0,1,1,8,0,4,1,0,0,1,2,0,0,0,0,0,0,0,0,0,0,0,0,0,0,0,0,1,2,0,17,0,0,0,0,2,2,0,0,0,0,0,0,0,0,0,0,0,0,0,0,0,0,0,0,0,0,0,0,2,0,0,19,ST,02_District_wise_crimes_committed_against_ST_2014.csv,354,02_District_wise_crimes_committed_against_ST_2014.csv::354,False,UNIQUE,Barwani,DISTRICT_OR_REPORTING_UNIT,VALID
Madhya Pradesh,Betul,2014,0,1,1,26,0,41,7,4,0,12,18,0,3,0,0,0,3,0,0,0,0,0,0,0,0,0,0,0,0,0,72,0,0,0,0,0,0,0,0,0,0,0,0,0,0,0,0,0,0,0,0,0,0,0,0,0,0,0,48,48,0,0,120,ST,02_District_wise_crimes_committed_against_ST_2014.csv,355,02_District_wise_crimes_committed_against_ST_2014.csv::355,False,UNIQUE,Betul,DISTRICT_OR_REPORTING_UNIT,VALID
Madhya Pradesh,Bhind,2014,0,0,0,0,0,0,0,0,0,0,0,0,0,0,0,0,0,0,0,0,0,0,0,0,0,0,0,0,0,0,0,0,0,0,0,0,0,0,0,0,0,0,0,0,0,0,0,0,0,0,0,0,0,0,0,0,0,0,0,0,0,0,0,ST,02_District_wise_crimes_committed_against_ST_2014.csv,356,02_District_wise_crimes_committed_against_ST_2014.csv::356,False,UNIQUE,Bhind,DISTRICT_OR_REPORTING_UNIT,VALID
Madhya Pradesh,Bhopal,2014,0,1,0,3,0,3,3,0,0,0,0,0,1,0,0,0,1,0,0,0,0,0,0,0,0,0,0,0,1,3,12,0,0,0,0,0,0,0,0,0,0,0,0,0,0,0,0,0,0,0,0,0,0,0,0,0,0,0,0,0,0,0,12,ST,02_District_wise_crimes_committed_against_ST_2014.csv,357,02_District_wise_crimes_committed_against_ST_2014.csv::357,False,UNIQUE,Bhopal,DISTRICT_OR_REPORTING_UNIT,VALID
Madhya Pradesh,Burhanpur,2014,0,1,0,7,0,2,2,0,0,0,0,0,0,0,0,0,0,0,0,0,0,0,0,0,0,0,0,0,0,13,23,0,0,0,0,0,0,0,0,0,0,0,0,0,0,0,0,0,0,0,0,0,0,0,0,0,0,0,0,0,0,0,23,ST,02_District_wise_crimes_committed_against_ST_2014.csv,359,02_District_wise_crimes_committed_against_ST_2014.csv::359,False,UNIQUE,Burhanpur,DISTRICT_OR_REPORTING_UNIT,VALID
Madhya Pradesh,Chhatarpur,2014,0,1,0,3,0,0,0,0,0,0,0,0,1,1,0,0,0,0,0,0,0,0,0,4,4,0,0,0,0,0,9,0,0,0,0,0,0,0,0,0,0,0,0,0,0,0,0,0,0,0,0,0,0,0,0,0,0,0,0,0,0,0,9,ST,02_District_wise_crimes_committed_against_ST_2014.csv,360,02_District_wise_crimes_committed_against_ST_2014.csv::360,False,UNIQUE,Chhatarpur,DISTRICT_OR_REPORTING_UNIT,VALID
Madhya Pradesh,Chhindwara,2014,0,2,1,30,0,19,19,0,0,0,0,0,1,1,0,0,0,0,0,0,0,1,0,9,9,0,0,0,17,0,80,0,0,0,0,0,0,0,0,0,0,0,0,0,0,0,0,0,0,0,0,0,0,0,0,0,0,0,0,0,0,0,80,ST,02_District_wise_crimes_committed_against_ST_2014.csv,361,02_District_wise_crimes_committed_against_ST_2014.csv::361,False,UNIQUE,Chhindwara,DISTRICT_OR_REPORTING_UNIT,VALID
Madhya Pradesh,Damoh,2014,0,1,5,2,0,10,0,0,0,0,10,0,6,6,0,0,0,0,0,0,0,0,0,0,0,0,0,0,19,0,43,0,0,0,0,0,0,0,0,0,0,0,0,0,0,0,0,0,0,0,0,0,0,0,0,0,0,0,0,0,0,0,43,ST,02_District_wise_crimes_committed_against_ST_2014.csv,362,02_District_wise_crimes_committed_against_ST_2014.csv::362,False,UNIQUE,Damoh,DISTRICT_OR_REPORTING_UNIT,VALID
Madhya Pradesh,Datia,2014,0,0,0,2,0,0,0,0,0,0,0,0,0,0,0,0,0,0,0,0,0,0,0,0,0,0,0,0,3,0,5,0,0,0,0,0,0,0,0,0,0,0,0,0,0,0,0,0,0,0,0,0,0,0,0,0,0,0,0,0,0,0,5,ST,02_District_wise_crimes_committed_against_ST_2014.csv,363,02_District_wise_crimes_committed_against_ST_2014.csv::363,False,UNIQUE,Datia,DISTRICT_OR_REPORTING_UNIT,VALID
Madhya Pradesh,Dewas,2014,0,0,0,20,0,9,8,0,0,1,0,0,15,0,0,0,1,14,0,0,0,0,0,0,0,0,0,0,4,0,48,0,0,0,0,0,0,0,0,0,0,0,0,0,0,0,0,0,0,0,0,0,0,0,0,0,0,0,0,0,0,0,48,ST,02_District_wise_crimes_committed_against_ST_2014.csv,364,02_District_wise_crimes_committed_against_ST_2014.csv::364,False,UNIQUE,Dewas,DISTRICT_OR_REPORTING_UNIT,VALID
Madhya Pradesh,Dhar,2014,0,1,3,18,0,24,24,0,0,0,0,1,0,0,0,0,0,0,0,0,0,0,1,3,3,0,0,2,14,0,67,0,0,0,0,0,0,0,0,0,0,0,0,0,0,0,0,0,0,0,0,0,0,0,0,0,0,0,0,0,0,0,67,ST,02_District_wise_crimes_committed_against_ST_2014.csv,365,02_District_wise_crimes_committed_against_ST_2014.csv::365,False,UNIQUE,Dhar,DISTRICT_OR_REPORTING_UNIT,VALID
Madhya Pradesh,Dindori,2014,0,1,1,11,0,23,0,0,0,0,23,0,4,0,0,0,4,0,0,0,0,0,0,0,0,0,0,1,8,0,49,0,0,0,0,0,0,0,0,0,0,0,0,0,0,0,0,0,0,0,0,0,0,0,0,0,0,0,0,0,0,0,49,ST,02_District_wise_crimes_committed_against_ST_2014.csv,366,02_District_wise_crimes_committed_against_ST_2014.csv::366,False,UNIQUE,Dindori,DISTRICT_OR_REPORTING_UNIT,VALID
Madhya Pradesh,Guna,2014,0,0,0,5,0,8,0,0,0,0,8,0,3,3,0,0,0,0,0,0,0,1,0,3,3,0,0,4,20,0,44,0,0,0,0,0,0,0,0,0,0,0,0,0,0,0,0,0,0,0,0,0,0,0,0,0,0,0,0,0,0,0,44,ST,02_District_wise_crimes_committed_against_ST_2014.csv,367,02_District_wise_crimes_committed_against_ST_2014.csv::367,False,UNIQUE,Guna,DISTRICT_OR_REPORTING_UNIT,VALID
Madhya Pradesh,Gwalior,2014,0,0,0,4,0,4,4,0,0,0,0,0,0,0,0,0,0,0,0,0,0,0,0,1,1,0,0,0,5,0,14,0,0,0,0,0,0,0,0,0,0,0,1,0,0,0,1,0,0,0,0,0,0,0,0,0,0,0,6,7,0,0,21,ST,02_District_wise_crimes_committed_against_ST_2014.csv,368,02_District_wise_crimes_committed_against_ST_2014.csv::368,False,UNIQUE,Gwalior,DISTRICT_OR_REPORTING_UNIT,VALID
Madhya Pradesh,Harda,2014,0,0,1,9,0,7,5,1,0,0,1,0,1,1,0,0,0,0,0,0,0,1,0,0,0,0,0,0,6,0,25,0,0,0,0,0,0,0,0,0,0,0,0,0,0,0,0,0,0,0,0,0,0,0,0,0,0,0,1,1,0,0,26,ST,02_District_wise_crimes_committed_against_ST_2014.csv,369,02_District_wise_crimes_committed_against_ST_2014.csv::369,False,UNIQUE,Harda,DISTRICT_OR_REPORTING_UNIT,VALID
Madhya Pradesh,Hoshangabad,2014,0,1,0,9,0,8,0,0,0,0,8,0,1,0,0,0,1,0,0,0,0,0,0,0,0,0,0,0,9,0,28,0,0,0,0,0,0,0,0,0,0,0,0,0,0,0,0,0,0,0,0,0,0,0,0,0,0,0,0,0,0,0,28,ST,02_District_wise_crimes_committed_against_ST_2014.csv,370,02_District_wise_crimes_committed_against_ST_2014.csv::370,False,UNIQUE,Hoshangabad,DISTRICT_OR_REPORTING_UNIT,VALID
Madhya Pradesh,Indore,2014,0,1,1,3,0,11,6,0,0,0,5,1,0,0,0,0,0,0,0,0,0,0,0,1,1,0,0,1,3,0,22,0,0,0,0,0,0,0,0,0,0,0,0,0,0,0,0,0,0,0,0,0,0,1,1,0,0,0,1,2,0,0,24,ST,02_District_wise_crimes_committed_against_ST_2014.csv,371,02_District_wise_crimes_committed_against_ST_2014.csv::371,False,UNIQUE,Indore,DISTRICT_OR_REPORTING_UNIT,VALID
Madhya Pradesh,Jabalpur,2014,0,0,6,5,1,18,0,0,0,0,18,0,1,0,0,0,0,1,0,0,0,0,0,0,0,0,0,1,19,0,51,0,0,0,0,0,0,0,0,0,0,0,0,0,0,0,0,0,0,0,0,0,0,0,0,0,0,0,0,0,0,0,51,ST,02_District_wise_crimes_committed_against_ST_2014.csv,373,02_District_wise_crimes_committed_against_ST_2014.csv::373,False,UNIQUE,Jabalpur,DISTRICT_OR_REPORTING_UNIT,VALID
Madhya Pradesh,Jhabua,2014,0,0,0,5,0,2,0,0,0,0,2,0,0,0,0,0,0,0,0,0,0,0,0,0,0,0,0,0,0,0,7,7,5,49,0,83,0,0,0,0,83,0,77,0,0,0,77,0,0,0,0,5,2,19,19,0,0,0,216,463,0,0,470,ST,02_District_wise_crimes_committed_against_ST_2014.csv,375,02_District_wise_crimes_committed_against_ST_2014.csv::375,False,UNIQUE,Jhabua,DISTRICT_OR_REPORTING_UNIT,VALID
Madhya Pradesh,Katni,2014,0,0,0,7,0,11,6,0,0,0,5,0,0,0,0,0,0,0,0,0,0,0,0,0,0,0,0,0,0,0,18,0,0,1,0,0,0,0,0,0,0,0,0,0,0,0,0,0,0,0,0,0,0,0,0,0,0,0,5,6,0,0,24,ST,02_District_wise_crimes_committed_against_ST_2014.csv,376,02_District_wise_crimes_committed_against_ST_2014.csv::376,False,UNIQUE,Katni,DISTRICT_OR_REPORTING_UNIT,VALID
Madhya Pradesh,Khandwa,2014,0,2,2,13,0,24,24,0,0,0,0,1,0,0,0,0,0,0,0,0,0,0,0,1,1,0,0,0,21,0,64,0,0,0,0,0,0,0,0,0,0,0,0,0,0,0,0,0,0,0,0,0,0,0,0,0,0,0,0,0,0,0,64,ST,02_District_wise_crimes_committed_against_ST_2014.csv,377,02_District_wise_crimes_committed_against_ST_2014.csv::377,False,UNIQUE,Khandwa,DISTRICT_OR_REPORTING_UNIT,VALID
Madhya Pradesh,Khargone,2014,0,3,2,17,0,4,0,0,0,0,4,0,0,0,0,0,0,0,0,0,0,1,0,1,1,0,0,0,0,0,28,0,0,0,0,0,0,0,0,0,0,0,0,0,0,0,0,0,0,0,0,0,0,0,0,0,0,0,0,0,0,0,28,ST,02_District_wise_crimes_committed_against_ST_2014.csv,378,02_District_wise_crimes_committed_against_ST_2014.csv::378,False,UNIQUE,Khargone,DISTRICT_OR_REPORTING_UNIT,VALID
Madhya Pradesh,Mandla,2014,0,2,0,17,0,10,0,0,0,0,10,0,1,0,0,0,0,1,0,0,0,0,0,9,9,0,0,0,12,0,51,0,0,0,0,0,0,0,0,0,0,0,0,0,0,0,0,0,0,0,0,0,0,0,0,0,0,0,0,0,0,0,51,ST,02_District_wise_crimes_committed_against_ST_2014.csv,379,02_District_wise_crimes_committed_against_ST_2014.csv::379,False,UNIQUE,Mandla,DISTRICT_OR_REPORTING_UNIT,VALID
Madhya Pradesh,Mandsaur,2014,0,0,0,3,0,2,0,0,0,0,2,0,0,0,0,0,0,0,0,0,0,0,0,0,0,0,0,1,4,0,10,0,0,0,0,0,0,0,0,0,0,0,0,0,0,0,0,0,0,0,0,0,0,0,0,0,0,0,0,0,0,0,10,ST,02_District_wise_crimes_committed_against_ST_2014.csv,380,02_District_wise_crimes_committed_against_ST_2014.csv::380,False,UNIQUE,Mandsaur,DISTRICT_OR_REPORTING_UNIT,VALID
Madhya Pradesh,Morena,2014,0,0,0,1,0,1,0,0,0,0,1,0,0,0,0,0,0,0,0,0,0,0,0,0,0,0,0,0,4,0,6,0,0,0,0,0,0,0,0,0,0,0,0,0,0,0,0,0,0,0,0,0,0,0,0,0,0,0,0,0,0,0,6,ST,02_District_wise_crimes_committed_against_ST_2014.csv,381,02_District_wise_crimes_committed_against_ST_2014.csv::381,False,UNIQUE,Morena,DISTRICT_OR_REPORTING_UNIT,VALID
Madhya Pradesh,Narsinghpur,2014,0,1,2,9,0,10,0,0,0,0,10,0,1,0,0,0,0,1,0,0,0,0,0,16,16,0,0,0,2,0,41,0,0,0,0,0,0,0,0,0,0,0,0,0,0,0,0,0,0,0,0,0,0,0,0,0,0,0,0,0,0,0,41,ST,02_District_wise_crimes_committed_against_ST_2014.csv,382,02_District_wise_crimes_committed_against_ST_2014.csv::382,False,UNIQUE,Narsinghpur,DISTRICT_OR_REPORTING_UNIT,VALID
Madhya Pradesh,Neemuch,2014,0,0,0,3,0,3,3,0,0,0,0,0,1,1,0,0,0,0,0,0,0,0,0,0,0,0,0,0,6,0,13,0,0,0,0,0,0,0,0,0,0,0,0,0,0,0,0,0,0,0,0,0,0,0,0,0,0,0,0,0,0,3,16,ST,02_District_wise_crimes_committed_against_ST_2014.csv,383,02_District_wise_crimes_committed_against_ST_2014.csv::383,False,UNIQUE,Neemuch,DISTRICT_OR_REPORTING_UNIT,VALID
Madhya Pradesh,Panna,2014,0,1,0,1,0,3,0,0,0,0,3,0,0,0,0,0,0,0,0,0,0,0,0,0,0,0,0,0,3,0,8,0,0,0,0,0,0,0,0,0,0,0,0,0,0,0,0,0,0,0,0,0,0,0,0,0,0,0,0,0,0,0,8,ST,02_District_wise_crimes_committed_against_ST_2014.csv,384,02_District_wise_crimes_committed_against_ST_2014.csv::384,False,UNIQUE,Panna,DISTRICT_OR_REPORTING_UNIT,VALID
Madhya Pradesh,Raisen,2014,0,1,2,9,2,9,2,0,0,2,5,0,0,0,0,0,0,0,0,0,0,0,0,1,1,0,0,1,31,11,67,0,0,0,0,2,0,0,0,0,2,0,0,0,0,0,0,0,0,0,0,0,0,0,0,0,0,0,2,4,0,0,71,ST,02_District_wise_crimes_committed_against_ST_2014.csv,385,02_District_wise_crimes_committed_against_ST_2014.csv::385,False,UNIQUE,Raisen,DISTRICT_OR_REPORTING_UNIT,VALID
Madhya Pradesh,Rajgarh,2014,0,0,0,2,0,0,0,0,0,0,0,0,1,0,0,0,0,1,0,0,0,0,0,2,2,0,0,0,0,0,5,0,0,0,0,0,0,0,0,0,0,0,0,0,0,0,0,0,0,0,0,0,0,0,0,0,0,0,0,0,0,0,5,ST,02_District_wise_crimes_committed_against_ST_2014.csv,386,02_District_wise_crimes_committed_against_ST_2014.csv::386,False,UNIQUE,Rajgarh,DISTRICT_OR_REPORTING_UNIT,VALID
Madhya Pradesh,Ratlam,2014,0,0,0,6,0,6,0,0,0,0,6,0,0,0,0,0,0,0,0,0,0,0,0,0,0,0,0,0,18,0,30,0,0,0,0,0,0,0,0,0,0,0,1,0,0,0,1,0,0,0,0,0,0,1,1,0,0,0,14,16,0,0,46,ST,02_District_wise_crimes_committed_against_ST_2014.csv,387,02_District_wise_crimes_committed_against_ST_2014.csv::387,False,UNIQUE,Ratlam,DISTRICT_OR_REPORTING_UNIT,VALID
Madhya Pradesh,Rewa,2014,0,0,0,6,0,8,2,0,0,0,6,0,0,0,0,0,0,0,0,0,0,0,1,0,0,0,0,0,8,0,23,0,0,0,0,0,0,0,0,0,0,0,0,0,0,0,0,0,0,0,0,0,0,0,0,0,0,0,0,0,0,0,23,ST,02_District_wise_crimes_committed_against_ST_2014.csv,388,02_District_wise_crimes_committed_against_ST_2014.csv::388,False,UNIQUE,Rewa,DISTRICT_OR_REPORTING_UNIT,VALID
Madhya Pradesh,Sagar,2014,0,2,0,13,0,14,0,0,0,0,14,0,4,0,0,0,4,0,0,0,0,0,2,2,2,0,0,0,14,0,51,0,0,0,0,0,0,0,0,0,0,0,0,0,0,0,0,0,0,0,0,0,0,0,0,0,0,0,0,0,0,0,51,ST,02_District_wise_crimes_committed_against_ST_2014.csv,389,02_District_wise_crimes_committed_against_ST_2014.csv::389,False,UNIQUE,Sagar,DISTRICT_OR_REPORTING_UNIT,VALID
Madhya Pradesh,Satna,2014,0,1,0,9,0,8,8,0,0,0,0,0,0,0,0,0,0,0,0,0,0,1,2,0,0,0,0,0,15,0,36,0,0,0,0,0,0,0,0,0,0,0,0,0,0,0,0,0,0,0,0,0,0,0,0,0,0,1,30,31,0,0,67,ST,02_District_wise_crimes_committed_against_ST_2014.csv,390,02_District_wise_crimes_committed_against_ST_2014.csv::390,False,UNIQUE,Satna,DISTRICT_OR_REPORTING_UNIT,VALID
Madhya Pradesh,Seoni,2014,0,2,0,18,0,15,5,0,0,1,9,0,2,0,0,0,0,2,0,0,0,0,0,1,1,0,0,1,25,0,64,0,0,0,0,0,0,0,0,0,0,0,0,0,0,0,0,0,0,0,0,0,0,0,0,0,0,0,0,0,0,0,64,ST,02_District_wise_crimes_committed_against_ST_2014.csv,391,02_District_wise_crimes_committed_against_ST_2014.csv::391,False,UNIQUE,Seoni,DISTRICT_OR_REPORTING_UNIT,VALID
Madhya Pradesh,Shahdol,2014,0,3,0,20,0,27,0,0,0,0,27,0,7,0,0,0,0,7,0,0,0,0,1,2,2,0,0,0,0,0,60,0,0,0,0,0,0,0,0,0,0,0,0,0,0,0,0,0,0,0,0,0,0,0,0,0,0,0,0,0,0,0,60,ST,02_District_wise_crimes_committed_against_ST_2014.csv,392,02_District_wise_crimes_committed_against_ST_2014.csv::392,False,UNIQUE,Shahdol,DISTRICT_OR_REPORTING_UNIT,VALID
Madhya Pradesh,Shajapur,2014,0,0,0,1,0,7,7,0,0,0,0,0,1,0,0,0,1,0,0,0,0,0,0,0,0,0,0,0,2,0,11,0,0,0,0,0,0,0,0,0,0,0,0,0,0,0,0,0,0,0,0,0,0,0,0,0,0,0,8,8,0,0,19,ST,02_District_wise_crimes_committed_against_ST_2014.csv,393,02_District_wise_crimes_committed_against_ST_2014.csv::393,False,UNIQUE,Shajapur,DISTRICT_OR_REPORTING_UNIT,VALID
Madhya Pradesh,Sheopur,2014,0,0,0,2,0,0,0,0,0,0,0,0,0,0,0,0,0,0,0,0,0,0,0,1,1,0,0,0,24,0,27,0,0,0,0,0,0,0,0,0,0,0,0,0,0,0,0,0,0,0,0,0,0,0,0,0,0,0,0,0,0,0,27,ST,02_District_wise_crimes_committed_against_ST_2014.csv,394,02_District_wise_crimes_committed_against_ST_2014.csv::394,False,UNIQUE,Sheopur,DISTRICT_OR_REPORTING_UNIT,VALID
Madhya Pradesh,Shivpuri,2014,0,3,0,8,0,9,2,1,0,0,6,0,0,0,0,0,0,0,0,0,0,0,1,1,1,0,0,0,14,0,36,0,0,0,0,6,0,0,0,0,6,0,0,0,0,0,0,0,0,0,0,0,0,0,0,0,0,0,0,6,0,25,67,ST,02_District_wise_crimes_committed_against_ST_2014.csv,395,02_District_wise_crimes_committed_against_ST_2014.csv::395,False,UNIQUE,Shivpuri,DISTRICT_OR_REPORTING_UNIT,VALID
Madhya Pradesh,Sidhi,2014,0,2,0,5,0,6,1,0,0,0,5,0,5,0,0,0,0,5,0,0,0,0,0,1,1,0,0,0,9,0,28,0,0,0,0,0,0,0,0,0,0,0,0,0,0,0,0,0,0,0,0,0,0,0,0,0,0,0,24,24,0,0,52,ST,02_District_wise_crimes_committed_against_ST_2014.csv,396,02_District_wise_crimes_committed_against_ST_2014.csv::396,False,UNIQUE,Sidhi,DISTRICT_OR_REPORTING_UNIT,VALID
Madhya Pradesh,Sehore,2014,0,1,1,8,0,3,0,0,0,0,3,0,3,0,0,0,3,0,0,0,0,0,0,0,0,0,0,1,14,0,31,0,0,0,0,0,0,0,0,0,0,0,0,0,0,0,0,0,0,0,0,0,0,0,0,0,0,0,0,0,0,0,31,ST,02_District_wise_crimes_committed_against_ST_2014.csv,397,02_District_wise_crimes_committed_against_ST_2014.csv::397,False,UNIQUE,Sehore,DISTRICT_OR_REPORTING_UNIT,VALID
Madhya Pradesh,Singrauli,2014,0,3,2,16,0,6,2,0,0,0,4,0,2,0,0,0,2,0,0,0,0,0,1,1,1,0,0,1,25,0,57,0,0,0,0,0,0,0,0,0,0,0,1,0,0,0,1,0,0,0,0,0,1,1,1,0,0,0,32,35,0,0,92,ST,02_District_wise_crimes_committed_against_ST_2014.csv,398,02_District_wise_crimes_committed_against_ST_2014.csv::398,False,UNIQUE,Singrauli,DISTRICT_OR_REPORTING_UNIT,VALID
Madhya Pradesh,Tikamgarh,2014,0,0,1,0,0,4,4,0,0,0,0,0,1,1,0,0,0,0,0,0,0,0,1,0,0,0,0,0,1,0,8,0,0,0,0,0,0,0,0,0,0,0,0,0,0,0,0,0,0,0,0,0,0,0,0,0,0,0,0,0,0,0,8,ST,02_District_wise_crimes_committed_against_ST_2014.csv,399,02_District_wise_crimes_committed_against_ST_2014.csv::399,False,UNIQUE,Tikamgarh,DISTRICT_OR_REPORTING_UNIT,VALID
Madhya Pradesh,Ujjain,2014,0,0,0,1,0,1,0,0,0,0,1,0,0,0,0,0,0,0,0,0,0,0,0,0,0,0,0,0,1,0,3,0,0,0,0,0,0,0,0,0,0,0,0,0,0,0,0,0,0,0,0,0,0,0,0,0,0,0,0,0,0,0,3,ST,02_District_wise_crimes_committed_against_ST_2014.csv,400,02_District_wise_crimes_committed_against_ST_2014.csv::400,False,UNIQUE,Ujjain,DISTRICT_OR_REPORTING_UNIT,VALID
Madhya Pradesh,Umaria,2014,0,4,0,3,0,6,6,0,0,0,0,0,3,0,0,0,3,0,0,0,0,0,0,1,1,0,0,0,24,0,41,0,0,0,0,0,0,0,0,0,0,0,0,0,0,0,0,0,0,0,0,0,0,0,0,0,0,0,0,0,0,0,41,ST,02_District_wise_crimes_committed_against_ST_2014.csv,401,02_District_wise_crimes_committed_against_ST_2014.csv::401,False,UNIQUE,Umaria,DISTRICT_OR_REPORTING_UNIT,VALID
Madhya Pradesh,Vidisha,2014,0,0,0,4,0,3,0,0,0,0,3,0,0,0,0,0,0,0,0,0,0,0,0,0,0,0,0,0,10,0,17,0,0,0,0,0,0,0,0,0,0,0,0,0,0,0,0,0,0,0,0,0,0,0,0,0,0,0,1,1,0,0,18,ST,02_District_wise_crimes_committed_against_ST_2014.csv,402,02_District_wise_crimes_committed_against_ST_2014.csv::402,False,UNIQUE,Vidisha,DISTRICT_OR_REPORTING_UNIT,VALID
Madhya Pradesh,Cyber Cell,2014,0,0,0,0,0,0,0,0,0,0,0,0,0,0,0,0,0,0,0,0,0,0,0,0,0,0,0,0,0,0,0,0,0,0,0,0,0,0,0,0,0,0,0,0,0,0,0,0,0,0,0,0,0,0,0,0,0,0,0,0,0,0,0,ST,02_District_wise_crimes_committed_against_ST_2014.csv,403,02_District_wise_crimes_committed_against_ST_2014.csv::403,False,UNIQUE,Cyber Cell,DISTRICT_OR_REPORTING_UNIT,VALID
Maharashtra,Ahmednagar,2014,0,0,2,2,0,6,3,0,0,0,3,0,2,0,0,0,0,2,0,0,0,0,2,0,0,0,0,2,6,0,22,0,0,0,0,0,0,0,0,0,0,0,0,0,0,0,0,0,0,0,0,0,0,0,0,0,0,0,0,0,0,0,22,ST,02_District_wise_crimes_committed_against_ST_2014.csv,405,02_District_wise_crimes_committed_against_ST_2014.csv::405,False,UNIQUE,Ahmednagar,DISTRICT_OR_REPORTING_UNIT,VALID
Maharashtra,Akola,2014,0,0,0,2,0,3,1,0,1,0,1,0,0,0,0,0,0,0,0,0,0,0,0,0,0,0,0,4,1,1,11,0,0,0,0,0,0,0,0,0,0,0,0,0,0,0,0,0,0,0,0,0,0,0,0,0,0,0,0,0,0,0,11,ST,02_District_wise_crimes_committed_against_ST_2014.csv,406,02_District_wise_crimes_committed_against_ST_2014.csv::406,False,UNIQUE,Akola,DISTRICT_OR_REPORTING_UNIT,VALID
Maharashtra,Amravati Commr.,2014,0,0,0,1,0,2,0,0,0,0,2,0,0,0,0,0,0,0,0,0,0,0,0,0,0,0,0,1,0,0,4,0,0,0,0,0,0,0,0,0,0,0,0,0,0,0,0,0,0,0,0,0,0,0,0,0,0,0,0,0,0,0,4,ST,02_District_wise_crimes_committed_against_ST_2014.csv,407,02_District_wise_crimes_committed_against_ST_2014.csv::407,False,UNIQUE,Amravati Commr.,DISTRICT_OR_REPORTING_UNIT,VALID
Maharashtra,Aurangabad Commr.,2014,0,0,0,1,0,0,0,0,0,0,0,0,0,0,0,0,0,0,0,0,0,0,0,0,0,0,0,0,0,1,2,0,0,0,0,0,0,0,0,0,0,0,0,0,0,0,0,0,0,0,0,0,0,0,0,0,0,0,0,0,0,0,2,ST,02_District_wise_crimes_committed_against_ST_2014.csv,409,02_District_wise_crimes_committed_against_ST_2014.csv::409,False,UNIQUE,Aurangabad Commr.,DISTRICT_OR_REPORTING_UNIT,VALID
Maharashtra,Beed,2014,0,4,1,4,0,4,3,0,0,1,0,0,0,0,0,0,0,0,0,0,0,2,0,0,0,0,0,1,1,1,18,0,0,0,0,0,0,0,0,0,0,0,0,0,0,0,0,0,0,0,0,0,0,0,0,0,0,0,0,0,0,0,18,ST,02_District_wise_crimes_committed_against_ST_2014.csv,411,02_District_wise_crimes_committed_against_ST_2014.csv::411,False,UNIQUE,Beed,DISTRICT_OR_REPORTING_UNIT,VALID
Maharashtra,Bhandara,2014,0,0,0,0,0,0,0,0,0,0,0,0,0,0,0,0,0,0,0,0,0,0,0,0,0,0,0,0,0,0,0,0,0,0,0,0,0,0,0,0,0,0,0,0,0,0,0,0,0,0,0,0,0,0,0,0,0,0,0,0,0,0,0,ST,02_District_wise_crimes_committed_against_ST_2014.csv,412,02_District_wise_crimes_committed_against_ST_2014.csv::412,False,UNIQUE,Bhandara,DISTRICT_OR_REPORTING_UNIT,VALID
Maharashtra,Buldhana,2014,0,0,0,1,0,2,0,0,0,0,2,0,0,0,0,0,0,0,0,0,0,0,0,0,0,0,0,1,2,0,6,0,0,0,0,0,0,0,0,0,0,0,0,0,0,0,0,0,0,0,0,0,0,0,0,0,0,0,0,0,0,0,6,ST,02_District_wise_crimes_committed_against_ST_2014.csv,413,02_District_wise_crimes_committed_against_ST_2014.csv::413,False,UNIQUE,Buldhana,DISTRICT_OR_REPORTING_UNIT,VALID
Maharashtra,Chandrapur,2014,0,2,0,9,0,8,0,0,0,0,8,0,0,0,0,0,0,0,0,0,0,0,0,0,0,0,0,0,13,0,32,0,0,0,0,0,0,0,0,0,0,0,0,0,0,0,0,0,0,0,0,0,0,0,0,0,0,0,0,0,0,0,32,ST,02_District_wise_crimes_committed_against_ST_2014.csv,414,02_District_wise_crimes_committed_against_ST_2014.csv::414,False,UNIQUE,Chandrapur,DISTRICT_OR_REPORTING_UNIT,VALID
Maharashtra,Dhule,2014,0,0,1,1,0,4,0,0,0,0,4,0,0,0,0,0,0,0,0,0,0,0,0,0,0,0,0,2,3,1,12,0,0,0,0,0,0,0,0,0,0,0,0,0,0,0,0,0,0,0,0,0,0,0,0,0,0,0,0,0,0,0,12,ST,02_District_wise_crimes_committed_against_ST_2014.csv,415,02_District_wise_crimes_committed_against_ST_2014.csv::415,False,UNIQUE,Dhule,DISTRICT_OR_REPORTING_UNIT,VALID
Maharashtra,Gadchiroli,2014,0,0,0,3,0,2,1,0,0,0,1,1,0,0,0,0,0,0,0,0,0,0,0,0,0,0,0,0,2,1,9,0,0,0,0,0,0,0,0,0,0,0,0,0,0,0,0,0,0,0,0,0,0,0,0,0,0,0,0,0,0,0,9,ST,02_District_wise_crimes_committed_against_ST_2014.csv,416,02_District_wise_crimes_committed_against_ST_2014.csv::416,False,UNIQUE,Gadchiroli,DISTRICT_OR_REPORTING_UNIT,VALID
Maharashtra,Gondia,2014,0,0,0,1,0,4,4,0,0,0,0,0,0,0,0,0,0,0,0,0,0,0,0,0,0,0,0,1,3,3,12,0,0,0,0,0,0,0,0,0,0,0,0,0,0,0,0,0,0,0,0,0,0,0,0,0,0,0,0,0,0,0,12,ST,02_District_wise_crimes_committed_against_ST_2014.csv,417,02_District_wise_crimes_committed_against_ST_2014.csv::417,False,UNIQUE,Gondia,DISTRICT_OR_REPORTING_UNIT,VALID
Maharashtra,Hingoli,2014,0,1,0,0,0,2,1,0,0,0,1,0,0,0,0,0,0,0,0,0,0,0,0,0,0,0,0,0,2,0,5,0,0,0,0,0,0,0,0,0,0,0,0,0,0,0,0,0,0,0,0,0,0,0,0,0,0,0,0,0,0,0,5,ST,02_District_wise_crimes_committed_against_ST_2014.csv,418,02_District_wise_crimes_committed_against_ST_2014.csv::418,False,UNIQUE,Hingoli,DISTRICT_OR_REPORTING_UNIT,VALID
Maharashtra,Jalgaon,2014,0,1,0,1,0,5,3,0,1,0,1,0,2,0,0,0,0,2,0,0,0,1,0,1,1,0,0,4,5,1,21,0,0,0,0,0,0,0,0,0,0,0,0,0,0,0,0,0,0,0,0,0,0,0,0,0,0,0,0,0,0,0,21,ST,02_District_wise_crimes_committed_against_ST_2014.csv,419,02_District_wise_crimes_committed_against_ST_2014.csv::419,False,UNIQUE,Jalgaon,DISTRICT_OR_REPORTING_UNIT,VALID
Maharashtra,Jalna,2014,0,0,0,1,0,1,1,0,0,0,0,0,0,0,0,0,0,0,0,0,0,0,0,2,2,0,0,2,0,0,6,0,0,0,0,0,0,0,0,0,0,0,0,0,0,0,0,0,0,0,0,0,0,0,0,0,0,0,0,0,0,0,6,ST,02_District_wise_crimes_committed_against_ST_2014.csv,420,02_District_wise_crimes_committed_against_ST_2014.csv::420,False,UNIQUE,Jalna,DISTRICT_OR_REPORTING_UNIT,VALID
Maharashtra,Kolhapur,2014,0,0,0,0,0,0,0,0,0,0,0,0,0,0,0,0,0,0,0,0,0,0,0,0,0,0,0,0,1,0,1,0,0,0,0,0,0,0,0,0,0,0,0,0,0,0,0,0,0,0,0,0,0,0,0,0,0,0,0,0,0,0,1,ST,02_District_wise_crimes_committed_against_ST_2014.csv,421,02_District_wise_crimes_committed_against_ST_2014.csv::421,False,UNIQUE,Kolhapur,DISTRICT_OR_REPORTING_UNIT,VALID
Maharashtra,Latur,2014,0,0,0,0,0,0,0,0,0,0,0,0,0,0,0,0,0,0,0,0,0,0,0,0,0,0,0,0,0,0,0,0,0,0,0,0,0,0,0,0,0,0,0,0,0,0,0,0,0,0,0,0,0,0,0,0,0,0,0,0,0,0,0,ST,02_District_wise_crimes_committed_against_ST_2014.csv,422,02_District_wise_crimes_committed_against_ST_2014.csv::422,False,UNIQUE,Latur,DISTRICT_OR_REPORTING_UNIT,VALID
Maharashtra,Mumbai Commr.,2014,0,0,0,0,0,0,0,0,0,0,0,0,0,0,0,0,0,0,0,0,0,0,0,0,0,0,0,0,3,1,4,0,0,0,0,0,0,0,0,0,0,0,0,0,0,0,0,0,0,0,0,0,0,0,0,0,0,0,0,0,0,0,4,ST,02_District_wise_crimes_committed_against_ST_2014.csv,423,02_District_wise_crimes_committed_against_ST_2014.csv::423,False,UNIQUE,Mumbai Commr.,DISTRICT_OR_REPORTING_UNIT,VALID
Maharashtra,Nagpur Commr.,2014,0,0,0,5,0,1,1,0,0,0,0,0,0,0,0,0,0,0,0,0,0,0,0,0,0,0,0,0,2,1,9,0,0,0,0,0,0,0,0,0,0,0,0,0,0,0,0,0,0,0,0,0,0,0,0,0,0,0,0,0,0,0,9,ST,02_District_wise_crimes_committed_against_ST_2014.csv,425,02_District_wise_crimes_committed_against_ST_2014.csv::425,False,UNIQUE,Nagpur Commr.,DISTRICT_OR_REPORTING_UNIT,VALID
Maharashtra,Nanded,2014,0,1,0,0,0,0,0,0,0,0,0,0,1,0,0,0,1,0,0,0,0,0,0,0,0,0,0,0,1,3,6,0,0,0,0,0,0,0,0,0,0,0,0,0,0,0,0,0,0,0,0,0,0,0,0,0,0,0,0,0,0,0,6,ST,02_District_wise_crimes_committed_against_ST_2014.csv,428,02_District_wise_crimes_committed_against_ST_2014.csv::428,False,UNIQUE,Nanded,DISTRICT_OR_REPORTING_UNIT,VALID
Maharashtra,Nandurbar,2014,0,0,0,1,0,2,1,0,0,0,1,0,0,0,0,0,0,0,0,0,0,0,0,0,0,0,0,2,3,5,13,0,0,0,0,0,0,0,0,0,0,0,0,0,0,0,0,0,0,0,0,0,0,0,0,0,0,0,0,0,0,0,13,ST,02_District_wise_crimes_committed_against_ST_2014.csv,429,02_District_wise_crimes_committed_against_ST_2014.csv::429,False,UNIQUE,Nandurbar,DISTRICT_OR_REPORTING_UNIT,VALID
Maharashtra,Nasik Commr.,2014,0,0,0,1,0,0,0,0,0,0,0,0,0,0,0,0,0,0,0,0,0,0,0,0,0,0,0,0,0,1,2,0,0,0,0,0,0,0,0,0,0,0,0,0,0,0,0,0,0,0,0,0,0,0,0,0,0,0,0,0,0,0,2,ST,02_District_wise_crimes_committed_against_ST_2014.csv,430,02_District_wise_crimes_committed_against_ST_2014.csv::430,False,UNIQUE,Nasik Commr.,DISTRICT_OR_REPORTING_UNIT,VALID
Maharashtra,Navi Mumbai,2014,0,0,0,1,0,0,0,0,0,0,0,0,0,0,0,0,0,0,0,0,0,0,0,0,0,0,0,0,0,1,2,0,0,0,0,0,0,0,0,0,0,0,0,0,0,0,0,0,0,0,0,0,0,0,0,0,0,0,0,0,0,0,2,ST,02_District_wise_crimes_committed_against_ST_2014.csv,432,02_District_wise_crimes_committed_against_ST_2014.csv::432,False,UNIQUE,Navi Mumbai,DISTRICT_OR_REPORTING_UNIT,VALID
Maharashtra,Osmanabad,2014,0,0,0,1,0,0,0,0,0,0,0,0,0,0,0,0,0,0,0,0,0,0,0,0,0,0,0,2,1,0,4,0,0,0,0,0,0,0,0,0,0,0,0,0,0,0,0,0,0,0,0,0,0,0,0,0,0,0,0,0,0,0,4,ST,02_District_wise_crimes_committed_against_ST_2014.csv,433,02_District_wise_crimes_committed_against_ST_2014.csv::433,False,UNIQUE,Osmanabad,DISTRICT_OR_REPORTING_UNIT,VALID
Maharashtra,Palghar,2014,0,1,0,2,0,1,0,0,0,0,1,0,0,0,0,0,0,0,0,0,0,0,0,3,3,0,0,1,5,3,16,0,0,0,0,0,0,0,0,0,0,0,0,0,0,0,0,0,0,0,0,0,0,0,0,0,0,0,0,0,0,0,16,ST,02_District_wise_crimes_committed_against_ST_2014.csv,434,02_District_wise_crimes_committed_against_ST_2014.csv::434,False,UNIQUE,Palghar,DISTRICT_OR_REPORTING_UNIT,VALID
Maharashtra,Parbhani,2014,0,0,0,0,0,3,3,0,0,0,0,0,0,0,0,0,0,0,0,0,0,0,0,0,0,0,0,1,4,1,9,0,0,0,0,0,0,0,0,0,0,0,0,0,0,0,0,0,0,0,0,0,0,0,0,0,0,0,0,0,0,0,9,ST,02_District_wise_crimes_committed_against_ST_2014.csv,435,02_District_wise_crimes_committed_against_ST_2014.csv::435,False,UNIQUE,Parbhani,DISTRICT_OR_REPORTING_UNIT,VALID
Maharashtra,Pune Commr.,2014,0,0,0,0,0,0,0,0,0,0,0,0,0,0,0,0,0,0,0,0,0,0,0,0,0,0,0,0,0,0,0,0,0,0,0,0,0,0,0,0,0,0,0,0,0,0,0,0,0,0,0,0,0,0,0,0,0,0,0,0,0,0,0,ST,02_District_wise_crimes_committed_against_ST_2014.csv,436,02_District_wise_crimes_committed_against_ST_2014.csv::436,False,UNIQUE,Pune Commr.,DISTRICT_OR_REPORTING_UNIT,VALID
Maharashtra,Raigad,2014,0,1,0,2,0,2,1,0,0,1,0,0,0,0,0,0,0,0,0,0,0,0,0,0,0,0,0,1,1,3,10,0,0,0,0,0,0,0,0,0,0,0,0,0,0,0,0,0,0,0,0,0,0,0,0,0,0,0,0,0,0,0,10,ST,02_District_wise_crimes_committed_against_ST_2014.csv,439,02_District_wise_crimes_committed_against_ST_2014.csv::439,False,UNIQUE,Raigad,DISTRICT_OR_REPORTING_UNIT,VALID
Maharashtra,Ratnagiri,2014,0,0,0,0,0,0,0,0,0,0,0,0,0,0,0,0,0,0,0,0,0,0,0,0,0,0,0,0,1,0,1,0,0,0,0,0,0,0,0,0,0,0,0,0,0,0,0,0,0,0,0,0,0,0,0,0,0,0,0,0,0,0,1,ST,02_District_wise_crimes_committed_against_ST_2014.csv,440,02_District_wise_crimes_committed_against_ST_2014.csv::440,False,UNIQUE,Ratnagiri,DISTRICT_OR_REPORTING_UNIT,VALID
Maharashtra,Sangli,2014,0,0,0,0,0,0,0,0,0,0,0,0,0,0,0,0,0,0,0,0,0,0,0,0,0,0,0,0,0,0,0,0,0,0,0,0,0,0,0,0,0,0,0,0,0,0,0,0,0,0,0,0,0,0,0,0,0,0,0,0,0,0,0,ST,02_District_wise_crimes_committed_against_ST_2014.csv,441,02_District_wise_crimes_committed_against_ST_2014.csv::441,False,UNIQUE,Sangli,DISTRICT_OR_REPORTING_UNIT,VALID
Maharashtra,Satara,2014,0,0,0,3,0,1,1,0,0,0,0,0,0,0,0,0,0,0,0,0,0,0,0,2,2,0,0,1,1,0,8,0,0,0,0,0,0,0,0,0,0,0,0,0,0,0,0,0,0,0,0,0,0,0,0,0,0,0,0,0,0,0,8,ST,02_District_wise_crimes_committed_against_ST_2014.csv,442,02_District_wise_crimes_committed_against_ST_2014.csv::442,False,UNIQUE,Satara,DISTRICT_OR_REPORTING_UNIT,VALID
Maharashtra,Sindhudurg,2014,0,0,0,0,0,0,0,0,0,0,0,0,0,0,0,0,0,0,0,0,0,0,0,0,0,0,0,0,0,0,0,0,0,0,0,0,0,0,0,0,0,0,0,0,0,0,0,0,0,0,0,0,0,0,0,0,0,0,0,0,0,0,0,ST,02_District_wise_crimes_committed_against_ST_2014.csv,443,02_District_wise_crimes_committed_against_ST_2014.csv::443,False,UNIQUE,Sindhudurg,DISTRICT_OR_REPORTING_UNIT,VALID
Maharashtra,Solapur Commr.,2014,0,0,0,0,0,0,0,0,0,0,0,0,0,0,0,0,0,0,0,0,0,0,0,0,0,0,0,0,0,1,1,0,0,0,0,0,0,0,0,0,0,0,0,0,0,0,0,0,0,0,0,0,0,0,0,0,0,0,0,0,0,0,1,ST,02_District_wise_crimes_committed_against_ST_2014.csv,444,02_District_wise_crimes_committed_against_ST_2014.csv::444,False,UNIQUE,Solapur Commr.,DISTRICT_OR_REPORTING_UNIT,VALID
Maharashtra,Thane Commr.,2014,0,0,0,1,0,0,0,0,0,0,0,0,0,0,0,0,0,0,0,0,0,0,0,0,0,0,0,0,4,0,5,0,0,0,0,0,0,0,0,0,0,0,0,0,0,0,0,0,0,0,0,0,0,0,0,0,0,0,0,0,0,0,5,ST,02_District_wise_crimes_committed_against_ST_2014.csv,446,02_District_wise_crimes_committed_against_ST_2014.csv::446,False,UNIQUE,Thane Commr.,DISTRICT_OR_REPORTING_UNIT,VALID
Maharashtra,Wardha,2014,0,2,0,8,0,3,2,0,0,0,1,0,0,0,0,0,0,0,0,0,0,0,0,0,0,0,0,0,0,0,13,0,0,0,0,0,0,0,0,0,0,0,0,0,0,0,0,0,0,0,0,0,0,0,0,0,0,0,0,0,0,0,13,ST,02_District_wise_crimes_committed_against_ST_2014.csv,448,02_District_wise_crimes_committed_against_ST_2014.csv::448,False,UNIQUE,Wardha,DISTRICT_OR_REPORTING_UNIT,VALID
Maharashtra,Washim,2014,0,1,1,2,0,6,6,0,0,0,0,0,0,0,0,0,0,0,0,0,0,0,0,0,0,0,0,2,0,1,13,0,0,0,0,0,0,0,0,0,0,0,0,0,0,0,0,0,0,0,0,0,0,0,0,0,0,0,0,0,0,0,13,ST,02_District_wise_crimes_committed_against_ST_2014.csv,449,02_District_wise_crimes_committed_against_ST_2014.csv::449,False,UNIQUE,Washim,DISTRICT_OR_REPORTING_UNIT,VALID
Maharashtra,Yavatmal,2014,0,1,0,5,0,19,5,5,0,0,9,0,2,0,0,0,2,0,0,0,0,2,0,0,0,0,0,2,5,10,46,0,0,0,0,0,0,0,0,0,0,0,0,0,0,0,0,0,0,0,0,0,0,0,0,0,0,0,0,0,0,0,46,ST,02_District_wise_crimes_committed_against_ST_2014.csv,450,02_District_wise_crimes_committed_against_ST_2014.csv::450,False,UNIQUE,Yavatmal,DISTRICT_OR_REPORTING_UNIT,VALID
Manipur,Bishnupur,2014,0,0,0,0,0,0,0,0,0,0,0,0,0,0,0,0,0,0,0,0,0,0,0,0,0,0,0,0,0,0,0,0,0,0,0,0,0,0,0,0,0,0,0,0,0,0,0,0,0,0,0,0,0,0,0,0,0,0,0,0,0,0,0,ST,02_District_wise_crimes_committed_against_ST_2014.csv,452,02_District_wise_crimes_committed_against_ST_2014.csv::452,False,UNIQUE,Bishnupur,DISTRICT_OR_REPORTING_UNIT,VALID
Manipur,Chandel,2014,0,0,0,0,0,0,0,0,0,0,0,0,0,0,0,0,0,0,0,0,0,0,0,0,0,0,0,0,0,0,0,0,0,0,0,0,0,0,0,0,0,0,0,0,0,0,0,0,0,0,0,0,0,0,0,0,0,0,0,0,0,0,0,ST,02_District_wise_crimes_committed_against_ST_2014.csv,453,02_District_wise_crimes_committed_against_ST_2014.csv::453,False,UNIQUE,Chandel,DISTRICT_OR_REPORTING_UNIT,VALID
Manipur,Churachandpur,2014,0,0,0,0,0,0,0,0,0,0,0,0,0,0,0,0,0,0,0,0,0,0,0,0,0,0,0,0,0,0,0,0,0,0,0,0,0,0,0,0,0,0,0,0,0,0,0,0,0,0,0,0,0,0,0,0,0,0,0,0,0,0,0,ST,02_District_wise_crimes_committed_against_ST_2014.csv,454,02_District_wise_crimes_committed_against_ST_2014.csv::454,False,UNIQUE,Churachandpur,DISTRICT_OR_REPORTING_UNIT,VALID
Manipur,C. I. D.,2014,0,0,0,0,0,0,0,0,0,0,0,0,0,0,0,0,0,0,0,0,0,0,0,0,0,0,0,0,0,0,0,0,0,0,0,0,0,0,0,0,0,0,0,0,0,0,0,0,0,0,0,0,0,0,0,0,0,0,0,0,0,0,0,ST,02_District_wise_crimes_committed_against_ST_2014.csv,455,02_District_wise_crimes_committed_against_ST_2014.csv::455,False,UNIQUE,C. I. D.,DISTRICT_OR_REPORTING_UNIT,VALID
Manipur,Imphal East,2014,0,0,0,0,0,0,0,0,0,0,0,0,0,0,0,0,0,0,0,0,0,0,0,0,0,0,0,0,0,0,0,0,0,0,0,0,0,0,0,0,0,0,0,0,0,0,0,0,0,0,0,0,0,1,1,0,0,0,0,1,0,0,1,ST,02_District_wise_crimes_committed_against_ST_2014.csv,456,02_District_wise_crimes_committed_against_ST_2014.csv::456,False,UNIQUE,Imphal East,DISTRICT_OR_REPORTING_UNIT,VALID
Manipur,Imphal West,2014,0,0,0,0,0,1,0,0,0,0,1,0,0,0,0,0,0,0,0,0,0,0,0,0,0,0,0,0,0,0,1,0,0,0,0,0,0,0,0,0,0,0,0,0,0,0,0,0,0,0,0,0,0,0,0,0,0,0,0,0,0,0,1,ST,02_District_wise_crimes_committed_against_ST_2014.csv,457,02_District_wise_crimes_committed_against_ST_2014.csv::457,False,UNIQUE,Imphal West,DISTRICT_OR_REPORTING_UNIT,VALID
Manipur,Senapati,2014,0,0,0,0,0,0,0,0,0,0,0,0,0,0,0,0,0,0,0,0,0,0,0,0,0,0,0,0,0,0,0,0,0,0,0,0,0,0,0,0,0,0,0,0,0,0,0,0,0,0,0,0,0,0,0,0,0,0,0,0,0,0,0,ST,02_District_wise_crimes_committed_against_ST_2014.csv,458,02_District_wise_crimes_committed_against_ST_2014.csv::458,False,UNIQUE,Senapati,DISTRICT_OR_REPORTING_UNIT,VALID
Manipur,Tamenglong,2014,0,0,0,0,0,0,0,0,0,0,0,0,0,0,0,0,0,0,0,0,0,0,0,0,0,0,0,0,0,0,0,0,0,0,0,0,0,0,0,0,0,0,0,0,0,0,0,0,0,0,0,0,0,0,0,0,0,0,0,0,0,0,0,ST,02_District_wise_crimes_committed_against_ST_2014.csv,459,02_District_wise_crimes_committed_against_ST_2014.csv::459,False,UNIQUE,Tamenglong,DISTRICT_OR_REPORTING_UNIT,VALID
Manipur,Thoubal,2014,0,0,0,0,0,0,0,0,0,0,0,0,0,0,0,0,0,0,0,0,0,0,0,0,0,0,0,0,0,0,0,0,0,0,0,0,0,0,0,0,0,0,0,0,0,0,0,0,0,0,0,0,0,0,0,0,0,0,0,0,0,0,0,ST,02_District_wise_crimes_committed_against_ST_2014.csv,460,02_District_wise_crimes_committed_against_ST_2014.csv::460,False,UNIQUE,Thoubal,DISTRICT_OR_REPORTING_UNIT,VALID
Manipur,Ukhrul,2014,0,0,0,0,0,0,0,0,0,0,0,0,0,0,0,0,0,0,0,0,0,0,0,0,0,0,0,0,0,0,0,0,0,0,0,0,0,0,0,0,0,0,0,0,0,0,0,0,0,0,0,0,0,0,0,0,0,0,0,0,0,0,0,ST,02_District_wise_crimes_committed_against_ST_2014.csv,461,02_District_wise_crimes_committed_against_ST_2014.csv::461,False,UNIQUE,Ukhrul,DISTRICT_OR_REPORTING_UNIT,VALID
Meghalaya,Garo Hills East,2014,0,0,0,0,0,0,0,0,0,0,0,0,0,0,0,0,0,0,0,0,0,0,0,0,0,0,0,0,0,0,0,0,0,0,0,0,0,0,0,0,0,0,0,0,0,0,0,0,0,0,0,0,0,0,0,0,0,0,0,0,0,0,0,ST,02_District_wise_crimes_committed_against_ST_2014.csv,463,02_District_wise_crimes_committed_against_ST_2014.csv::463,False,UNIQUE,Garo Hills East,DISTRICT_OR_REPORTING_UNIT,VALID
Meghalaya,Garo Hills North,2014,0,0,0,0,0,0,0,0,0,0,0,0,0,0,0,0,0,0,0,0,0,0,0,0,0,0,0,0,0,0,0,0,0,0,0,0,0,0,0,0,0,0,0,0,0,0,0,0,0,0,0,0,0,0,0,0,0,0,0,0,0,0,0,ST,02_District_wise_crimes_committed_against_ST_2014.csv,464,02_District_wise_crimes_committed_against_ST_2014.csv::464,False,UNIQUE,Garo Hills North,DISTRICT_OR_REPORTING_UNIT,VALID
Meghalaya,Garo Hills South,2014,0,0,0,0,0,0,0,0,0,0,0,0,0,0,0,0,0,0,0,0,0,0,0,0,0,0,0,0,0,0,0,0,0,0,0,0,0,0,0,0,0,0,0,0,0,0,0,0,0,0,0,0,0,0,0,0,0,0,0,0,0,0,0,ST,02_District_wise_crimes_committed_against_ST_2014.csv,465,02_District_wise_crimes_committed_against_ST_2014.csv::465,False,UNIQUE,Garo Hills South,DISTRICT_OR_REPORTING_UNIT,VALID
Meghalaya,Garo Hills South West,2014,0,0,0,0,0,0,0,0,0,0,0,0,0,0,0,0,0,0,0,0,0,0,0,0,0,0,0,0,0,0,0,0,0,0,0,0,0,0,0,0,0,0,0,0,0,0,0,0,0,0,0,0,0,0,0,0,0,0,0,0,0,0,0,ST,02_District_wise_crimes_committed_against_ST_2014.csv,466,02_District_wise_crimes_committed_against_ST_2014.csv::466,False,UNIQUE,Garo Hills South West,DISTRICT_OR_REPORTING_UNIT,VALID
Meghalaya,Garo Hills West,2014,0,0,0,0,0,0,0,0,0,0,0,0,0,0,0,0,0,0,0,0,0,0,0,0,0,0,0,0,0,0,0,0,0,0,0,0,0,0,0,0,0,0,0,0,0,0,0,0,0,0,0,0,0,0,0,0,0,0,0,0,0,0,0,ST,02_District_wise_crimes_committed_against_ST_2014.csv,467,02_District_wise_crimes_committed_against_ST_2014.csv::467,False,UNIQUE,Garo Hills West,DISTRICT_OR_REPORTING_UNIT,VALID
Meghalaya,Jaintia Hills West,2014,0,0,0,0,0,0,0,0,0,0,0,0,0,0,0,0,0,0,0,0,0,0,0,0,0,0,0,0,0,0,0,0,0,0,0,0,0,0,0,0,0,0,0,0,0,0,0,0,0,0,0,0,0,0,0,0,0,0,0,0,0,0,0,ST,02_District_wise_crimes_committed_against_ST_2014.csv,468,02_District_wise_crimes_committed_against_ST_2014.csv::468,False,UNIQUE,Jaintia Hills West,DISTRICT_OR_REPORTING_UNIT,VALID
Meghalaya,Jaintia Hills East,2014,0,0,0,0,0,0,0,0,0,0,0,0,0,0,0,0,0,0,0,0,0,0,0,0,0,0,0,0,0,0,0,0,0,0,0,0,0,0,0,0,0,0,0,0,0,0,0,0,0,0,0,0,0,0,0,0,0,0,0,0,0,0,0,ST,02_District_wise_crimes_committed_against_ST_2014.csv,469,02_District_wise_crimes_committed_against_ST_2014.csv::469,False,UNIQUE,Jaintia Hills East,DISTRICT_OR_REPORTING_UNIT,VALID
Meghalaya,Khasi Hills East,2014,0,0,0,0,0,0,0,0,0,0,0,0,0,0,0,0,0,0,0,0,0,0,0,0,0,0,0,0,0,0,0,0,0,0,0,0,0,0,0,0,0,0,0,0,0,0,0,0,0,0,0,0,0,0,0,0,0,0,0,0,0,0,0,ST,02_District_wise_crimes_committed_against_ST_2014.csv,470,02_District_wise_crimes_committed_against_ST_2014.csv::470,False,UNIQUE,Khasi Hills East,DISTRICT_OR_REPORTING_UNIT,VALID
Meghalaya,Khasi Hills South West,2014,0,1,0,0,0,0,0,0,0,0,0,0,0,0,0,0,0,0,0,0,0,0,0,0,0,0,0,0,0,0,1,0,0,0,0,0,0,0,0,0,0,0,0,0,0,0,0,0,0,0,0,0,0,0,0,0,0,0,0,0,0,0,1,ST,02_District_wise_crimes_committed_against_ST_2014.csv,471,02_District_wise_crimes_committed_against_ST_2014.csv::471,False,UNIQUE,Khasi Hills South West,DISTRICT_OR_REPORTING_UNIT,VALID
Meghalaya,Khasi Hills West,2014,0,0,0,0,0,0,0,0,0,0,0,0,0,0,0,0,0,0,0,0,0,0,0,0,0,0,0,0,0,0,0,0,0,0,0,0,0,0,0,0,0,0,0,0,0,0,0,0,0,0,0,0,0,0,0,0,0,0,0,0,0,0,0,ST,02_District_wise_crimes_committed_against_ST_2014.csv,472,02_District_wise_crimes_committed_against_ST_2014.csv::472,False,UNIQUE,Khasi Hills West,DISTRICT_OR_REPORTING_UNIT,VALID
Meghalaya,Ri-Bhoi,2014,0,0,0,0,0,0,0,0,0,0,0,0,0,0,0,0,0,0,0,0,0,0,0,0,0,0,0,0,0,0,0,0,0,0,0,0,0,0,0,0,0,0,0,0,0,0,0,0,0,0,0,0,0,0,0,0,0,0,0,0,0,0,0,ST,02_District_wise_crimes_committed_against_ST_2014.csv,473,02_District_wise_crimes_committed_against_ST_2014.csv::473,False,UNIQUE,Ri-Bhoi,DISTRICT_OR_REPORTING_UNIT,VALID
Mizoram,Aizawl,2014,0,0,0,0,0,0,0,0,0,0,0,0,0,0,0,0,0,0,0,0,0,0,0,0,0,0,0,0,0,0,0,0,0,0,0,0,0,0,0,0,0,0,0,0,0,0,0,0,0,0,0,0,0,0,0,0,0,0,0,0,0,0,0,ST,02_District_wise_crimes_committed_against_ST_2014.csv,475,02_District_wise_crimes_committed_against_ST_2014.csv::475,False,UNIQUE,Aizawl,DISTRICT_OR_REPORTING_UNIT,VALID
Mizoram,Champhai,2014,0,0,0,0,0,0,0,0,0,0,0,0,0,0,0,0,0,0,0,0,0,0,0,0,0,0,0,0,0,0,0,0,0,0,0,0,0,0,0,0,0,0,0,0,0,0,0,0,0,0,0,0,0,0,0,0,0,0,0,0,0,0,0,ST,02_District_wise_crimes_committed_against_ST_2014.csv,476,02_District_wise_crimes_committed_against_ST_2014.csv::476,False,UNIQUE,Champhai,DISTRICT_OR_REPORTING_UNIT,VALID
Mizoram,Kolasib,2014,0,0,0,0,0,0,0,0,0,0,0,0,0,0,0,0,0,0,0,0,0,0,0,0,0,0,0,0,0,1,1,0,0,0,0,0,0,0,0,0,0,0,0,0,0,0,0,0,0,0,0,0,0,0,0,0,0,0,0,0,0,0,1,ST,02_District_wise_crimes_committed_against_ST_2014.csv,477,02_District_wise_crimes_committed_against_ST_2014.csv::477,False,UNIQUE,Kolasib,DISTRICT_OR_REPORTING_UNIT,VALID
Mizoram,Lawngtlai,2014,0,0,0,0,0,0,0,0,0,0,0,0,0,0,0,0,0,0,0,0,0,0,0,0,0,0,0,0,0,0,0,0,0,0,0,0,0,0,0,0,0,0,0,0,0,0,0,0,0,0,0,0,0,0,0,0,0,0,0,0,0,0,0,ST,02_District_wise_crimes_committed_against_ST_2014.csv,478,02_District_wise_crimes_committed_against_ST_2014.csv::478,False,UNIQUE,Lawngtlai,DISTRICT_OR_REPORTING_UNIT,VALID
Mizoram,Lunglei,2014,0,0,0,0,0,0,0,0,0,0,0,0,0,0,0,0,0,0,0,0,0,0,0,0,0,0,0,0,0,0,0,0,0,0,0,0,0,0,0,0,0,0,0,0,0,0,0,0,0,0,0,0,0,0,0,0,0,0,0,0,0,0,0,ST,02_District_wise_crimes_committed_against_ST_2014.csv,479,02_District_wise_crimes_committed_against_ST_2014.csv::479,False,UNIQUE,Lunglei,DISTRICT_OR_REPORTING_UNIT,VALID
Mizoram,Mamit,2014,0,0,0,0,0,0,0,0,0,0,0,0,0,0,0,0,0,0,0,0,0,0,0,0,0,0,0,0,0,0,0,0,0,0,0,0,0,0,0,0,0,0,0,0,0,0,0,0,0,0,0,0,0,0,0,0,0,0,0,0,0,0,0,ST,02_District_wise_crimes_committed_against_ST_2014.csv,480,02_District_wise_crimes_committed_against_ST_2014.csv::480,False,UNIQUE,Mamit,DISTRICT_OR_REPORTING_UNIT,VALID
Mizoram,Saiha,2014,0,0,0,0,0,0,0,0,0,0,0,0,0,0,0,0,0,0,0,0,0,0,0,0,0,0,0,0,0,0,0,0,0,0,0,0,0,0,0,0,0,0,0,0,0,0,0,0,0,0,0,0,0,0,0,0,0,0,0,0,0,0,0,ST,02_District_wise_crimes_committed_against_ST_2014.csv,481,02_District_wise_crimes_committed_against_ST_2014.csv::481,False,UNIQUE,Saiha,DISTRICT_OR_REPORTING_UNIT,VALID
Mizoram,Serchhip,2014,0,0,0,0,0,0,0,0,0,0,0,0,0,0,0,0,0,0,0,0,0,0,0,0,0,0,0,0,0,0,0,0,0,0,0,0,0,0,0,0,0,0,0,0,0,0,0,0,0,0,0,0,0,0,0,0,0,0,0,0,0,0,0,ST,02_District_wise_crimes_committed_against_ST_2014.csv,482,02_District_wise_crimes_committed_against_ST_2014.csv::482,False,UNIQUE,Serchhip,DISTRICT_OR_REPORTING_UNIT,VALID
Mizoram,Spl Traffic,2014,0,0,0,0,0,0,0,0,0,0,0,0,0,0,0,0,0,0,0,0,0,0,0,0,0,0,0,0,0,0,0,0,0,0,0,0,0,0,0,0,0,0,0,0,0,0,0,0,0,0,0,0,0,0,0,0,0,0,0,0,0,0,0,ST,02_District_wise_crimes_committed_against_ST_2014.csv,483,02_District_wise_crimes_committed_against_ST_2014.csv::483,False,UNIQUE,Spl Traffic,DISTRICT_OR_REPORTING_UNIT,VALID
Nagaland,Dimapur,2014,0,0,0,0,0,0,0,0,0,0,0,0,0,0,0,0,0,0,0,0,0,0,0,0,0,0,0,0,0,0,0,0,0,0,0,0,0,0,0,0,0,0,0,0,0,0,0,0,0,0,0,0,0,0,0,0,0,0,0,0,0,0,0,ST,02_District_wise_crimes_committed_against_ST_2014.csv,485,02_District_wise_crimes_committed_against_ST_2014.csv::485,False,UNIQUE,Dimapur,DISTRICT_OR_REPORTING_UNIT,VALID
Nagaland,Kiphire,2014,0,0,0,0,0,0,0,0,0,0,0,0,0,0,0,0,0,0,0,0,0,0,0,0,0,0,0,0,0,0,0,0,0,0,0,0,0,0,0,0,0,0,0,0,0,0,0,0,0,0,0,0,0,0,0,0,0,0,0,0,0,0,0,ST,02_District_wise_crimes_committed_against_ST_2014.csv,486,02_District_wise_crimes_committed_against_ST_2014.csv::486,False,UNIQUE,Kiphire,DISTRICT_OR_REPORTING_UNIT,VALID
Nagaland,Kohima,2014,0,0,0,0,0,0,0,0,0,0,0,0,0,0,0,0,0,0,0,0,0,0,0,0,0,0,0,0,0,0,0,0,0,0,0,0,0,0,0,0,0,0,0,0,0,0,0,0,0,0,0,0,0,0,0,0,0,0,0,0,0,0,0,ST,02_District_wise_crimes_committed_against_ST_2014.csv,487,02_District_wise_crimes_committed_against_ST_2014.csv::487,False,UNIQUE,Kohima,DISTRICT_OR_REPORTING_UNIT,VALID
Nagaland,Longleng,2014,0,0,0,0,0,0,0,0,0,0,0,0,0,0,0,0,0,0,0,0,0,0,0,0,0,0,0,0,0,0,0,0,0,0,0,0,0,0,0,0,0,0,0,0,0,0,0,0,0,0,0,0,0,0,0,0,0,0,0,0,0,0,0,ST,02_District_wise_crimes_committed_against_ST_2014.csv,488,02_District_wise_crimes_committed_against_ST_2014.csv::488,False,UNIQUE,Longleng,DISTRICT_OR_REPORTING_UNIT,VALID
Nagaland,Mokokchung,2014,0,0,0,0,0,0,0,0,0,0,0,0,0,0,0,0,0,0,0,0,0,0,0,0,0,0,0,0,0,0,0,0,0,0,0,0,0,0,0,0,0,0,0,0,0,0,0,0,0,0,0,0,0,0,0,0,0,0,0,0,0,0,0,ST,02_District_wise_crimes_committed_against_ST_2014.csv,489,02_District_wise_crimes_committed_against_ST_2014.csv::489,False,UNIQUE,Mokokchung,DISTRICT_OR_REPORTING_UNIT,VALID
Nagaland,Mon,2014,0,0,0,0,0,0,0,0,0,0,0,0,0,0,0,0,0,0,0,0,0,0,0,0,0,0,0,0,0,0,0,0,0,0,0,0,0,0,0,0,0,0,0,0,0,0,0,0,0,0,0,0,0,0,0,0,0,0,0,0,0,0,0,ST,02_District_wise_crimes_committed_against_ST_2014.csv,490,02_District_wise_crimes_committed_against_ST_2014.csv::490,False,UNIQUE,Mon,DISTRICT_OR_REPORTING_UNIT,VALID
Nagaland,Peren,2014,0,0,0,0,0,0,0,0,0,0,0,0,0,0,0,0,0,0,0,0,0,0,0,0,0,0,0,0,0,0,0,0,0,0,0,0,0,0,0,0,0,0,0,0,0,0,0,0,0,0,0,0,0,0,0,0,0,0,0,0,0,0,0,ST,02_District_wise_crimes_committed_against_ST_2014.csv,491,02_District_wise_crimes_committed_against_ST_2014.csv::491,False,UNIQUE,Peren,DISTRICT_OR_REPORTING_UNIT,VALID
Nagaland,Phek,2014,0,0,0,0,0,0,0,0,0,0,0,0,0,0,0,0,0,0,0,0,0,0,0,0,0,0,0,0,0,0,0,0,0,0,0,0,0,0,0,0,0,0,0,0,0,0,0,0,0,0,0,0,0,0,0,0,0,0,0,0,0,0,0,ST,02_District_wise_crimes_committed_against_ST_2014.csv,492,02_District_wise_crimes_committed_against_ST_2014.csv::492,False,UNIQUE,Phek,DISTRICT_OR_REPORTING_UNIT,VALID
Nagaland,Tuensang,2014,0,0,0,0,0,0,0,0,0,0,0,0,0,0,0,0,0,0,0,0,0,0,0,0,0,0,0,0,0,0,0,0,0,0,0,0,0,0,0,0,0,0,0,0,0,0,0,0,0,0,0,0,0,0,0,0,0,0,0,0,0,0,0,ST,02_District_wise_crimes_committed_against_ST_2014.csv,493,02_District_wise_crimes_committed_against_ST_2014.csv::493,False,UNIQUE,Tuensang,DISTRICT_OR_REPORTING_UNIT,VALID
Nagaland,Wokha,2014,0,0,0,0,0,0,0,0,0,0,0,0,0,0,0,0,0,0,0,0,0,0,0,0,0,0,0,0,0,0,0,0,0,0,0,0,0,0,0,0,0,0,0,0,0,0,0,0,0,0,0,0,0,0,0,0,0,0,0,0,0,0,0,ST,02_District_wise_crimes_committed_against_ST_2014.csv,494,02_District_wise_crimes_committed_against_ST_2014.csv::494,False,UNIQUE,Wokha,DISTRICT_OR_REPORTING_UNIT,VALID
Nagaland,Zunheboto,2014,0,0,0,0,0,0,0,0,0,0,0,0,0,0,0,0,0,0,0,0,0,0,0,0,0,0,0,0,0,0,0,0,0,0,0,0,0,0,0,0,0,0,0,0,0,0,0,0,0,0,0,0,0,0,0,0,0,0,0,0,0,0,0,ST,02_District_wise_crimes_committed_against_ST_2014.csv,495,02_District_wise_crimes_committed_against_ST_2014.csv::495,False,UNIQUE,Zunheboto,DISTRICT_OR_REPORTING_UNIT,VALID
Odisha,Angul,2014,0,0,1,0,0,0,0,0,0,0,0,0,0,0,0,0,0,0,0,0,0,0,0,0,0,0,0,0,15,0,16,0,0,0,0,0,0,0,0,0,0,0,0,0,0,0,0,0,0,0,0,0,0,0,0,0,0,0,0,0,0,0,16,ST,02_District_wise_crimes_committed_against_ST_2014.csv,497,02_District_wise_crimes_committed_against_ST_2014.csv::497,False,UNIQUE,Angul,DISTRICT_OR_REPORTING_UNIT,VALID
Odisha,Balasore,2014,0,0,2,8,1,9,1,0,0,0,8,0,0,0,0,0,0,0,0,0,0,0,1,0,0,0,0,0,18,0,39,0,0,0,0,0,0,0,0,0,0,0,0,0,0,0,0,0,0,0,0,0,0,0,0,0,0,0,0,0,0,0,39,ST,02_District_wise_crimes_committed_against_ST_2014.csv,498,02_District_wise_crimes_committed_against_ST_2014.csv::498,False,UNIQUE,Balasore,DISTRICT_OR_REPORTING_UNIT,VALID
Odisha,Baragarh,2014,0,0,2,3,0,5,3,2,0,0,0,0,0,0,0,0,0,0,0,0,0,0,0,0,0,0,0,0,13,0,23,0,0,0,0,0,0,0,0,0,0,0,0,0,0,0,0,0,0,0,0,0,0,0,0,0,0,0,0,0,0,0,23,ST,02_District_wise_crimes_committed_against_ST_2014.csv,499,02_District_wise_crimes_committed_against_ST_2014.csv::499,False,UNIQUE,Baragarh,DISTRICT_OR_REPORTING_UNIT,VALID
Odisha,Berhampur,2014,0,0,0,0,0,0,0,0,0,0,0,0,0,0,0,0,0,0,0,0,0,0,0,0,0,0,0,0,1,0,1,0,0,0,0,0,0,0,0,0,0,0,0,0,0,0,0,0,0,0,0,0,0,0,0,0,0,0,0,0,0,0,1,ST,02_District_wise_crimes_committed_against_ST_2014.csv,500,02_District_wise_crimes_committed_against_ST_2014.csv::500,False,UNIQUE,Berhampur,DISTRICT_OR_REPORTING_UNIT,VALID
Odisha,Bhadrak,2014,0,2,0,0,0,0,0,0,0,0,0,0,0,0,0,0,0,0,0,0,0,0,0,0,0,0,0,0,2,0,4,0,0,0,0,0,0,0,0,0,0,0,0,0,0,0,0,0,0,0,0,0,0,0,0,0,0,0,0,0,0,0,4,ST,02_District_wise_crimes_committed_against_ST_2014.csv,501,02_District_wise_crimes_committed_against_ST_2014.csv::501,False,UNIQUE,Bhadrak,DISTRICT_OR_REPORTING_UNIT,VALID
Odisha,Bolangir,2014,0,0,0,4,0,0,0,0,0,0,0,0,0,0,0,0,0,0,0,0,0,0,0,0,0,0,0,0,42,0,46,0,0,0,0,0,0,0,0,0,0,0,0,0,0,0,0,0,0,0,0,0,0,0,0,0,0,0,131,131,0,0,177,ST,02_District_wise_crimes_committed_against_ST_2014.csv,502,02_District_wise_crimes_committed_against_ST_2014.csv::502,False,UNIQUE,Bolangir,DISTRICT_OR_REPORTING_UNIT,VALID
Odisha,Boudh,2014,0,0,0,0,0,0,0,0,0,0,0,0,0,0,0,0,0,0,0,0,0,0,0,5,5,0,0,0,0,0,5,0,0,0,0,0,0,0,0,0,0,0,0,0,0,0,0,0,0,0,0,0,0,0,0,0,0,0,0,0,0,0,5,ST,02_District_wise_crimes_committed_against_ST_2014.csv,503,02_District_wise_crimes_committed_against_ST_2014.csv::503,False,UNIQUE,Boudh,DISTRICT_OR_REPORTING_UNIT,VALID
Odisha,Cuttack,2014,0,0,0,0,0,0,0,0,0,0,0,0,1,0,0,0,0,1,0,0,0,0,0,2,2,0,0,0,3,0,6,0,0,0,0,0,0,0,0,0,0,0,0,0,0,0,0,0,0,0,0,0,0,0,0,0,0,0,0,0,0,0,6,ST,02_District_wise_crimes_committed_against_ST_2014.csv,504,02_District_wise_crimes_committed_against_ST_2014.csv::504,False,UNIQUE,Cuttack,DISTRICT_OR_REPORTING_UNIT,VALID
Odisha,DCP BBSR,2014,0,0,0,0,0,0,0,0,0,0,0,0,0,0,0,0,0,0,0,0,0,0,0,0,0,0,0,0,5,0,5,0,0,0,0,0,0,0,0,0,0,0,0,0,0,0,0,0,0,0,0,0,0,0,0,0,0,0,0,0,0,0,5,ST,02_District_wise_crimes_committed_against_ST_2014.csv,505,02_District_wise_crimes_committed_against_ST_2014.csv::505,False,UNIQUE,DCP BBSR,DISTRICT_OR_REPORTING_UNIT,VALID
Odisha,DCP CTC,2014,0,0,0,0,0,0,0,0,0,0,0,0,0,0,0,0,0,0,0,0,0,0,0,0,0,0,0,0,4,0,4,0,0,0,0,0,0,0,0,0,0,0,0,0,0,0,0,0,0,0,0,0,0,0,0,0,0,0,0,0,0,0,4,ST,02_District_wise_crimes_committed_against_ST_2014.csv,506,02_District_wise_crimes_committed_against_ST_2014.csv::506,False,UNIQUE,DCP CTC,DISTRICT_OR_REPORTING_UNIT,VALID
Odisha,Deogarh,2014,0,0,0,4,0,0,0,0,0,0,0,0,0,0,0,0,0,0,0,0,0,0,0,0,0,0,0,0,8,0,12,0,0,0,0,0,0,0,0,0,0,0,0,0,0,0,0,0,0,0,0,0,0,0,0,0,0,0,0,0,0,0,12,ST,02_District_wise_crimes_committed_against_ST_2014.csv,507,02_District_wise_crimes_committed_against_ST_2014.csv::507,False,UNIQUE,Deogarh,DISTRICT_OR_REPORTING_UNIT,VALID
Odisha,Dhenkanal,2014,0,1,0,1,0,5,0,2,0,0,3,0,0,0,0,0,0,0,0,0,0,0,1,0,0,0,0,1,7,0,16,2,2,1,0,3,0,2,0,0,1,0,2,0,0,0,2,0,0,0,0,0,0,1,1,0,0,0,27,38,0,0,54,ST,02_District_wise_crimes_committed_against_ST_2014.csv,508,02_District_wise_crimes_committed_against_ST_2014.csv::508,False,UNIQUE,Dhenkanal,DISTRICT_OR_REPORTING_UNIT,VALID
Odisha,Gajapati,2014,0,0,0,0,0,0,0,0,0,0,0,0,0,0,0,0,0,0,0,0,0,0,0,0,0,0,0,0,5,5,10,0,0,0,0,0,0,0,0,0,0,0,0,0,0,0,0,0,0,0,0,0,0,0,0,0,0,0,0,0,0,0,10,ST,02_District_wise_crimes_committed_against_ST_2014.csv,509,02_District_wise_crimes_committed_against_ST_2014.csv::509,False,UNIQUE,Gajapati,DISTRICT_OR_REPORTING_UNIT,VALID
Odisha,Ganjam,2014,0,0,0,0,0,0,0,0,0,0,0,0,0,0,0,0,0,0,0,0,0,0,0,1,1,0,0,0,1,0,2,0,0,0,0,0,0,0,0,0,0,0,0,0,0,0,0,0,0,0,0,0,0,0,0,0,0,0,0,0,0,0,2,ST,02_District_wise_crimes_committed_against_ST_2014.csv,510,02_District_wise_crimes_committed_against_ST_2014.csv::510,False,UNIQUE,Ganjam,DISTRICT_OR_REPORTING_UNIT,VALID
Odisha,Jagatsinghpur,2014,0,0,0,0,0,0,0,0,0,0,0,0,0,0,0,0,0,0,0,0,0,0,0,0,0,0,0,0,0,0,0,0,0,0,0,0,0,0,0,0,0,0,0,0,0,0,0,0,0,0,0,0,0,0,0,0,0,0,0,0,0,0,0,ST,02_District_wise_crimes_committed_against_ST_2014.csv,511,02_District_wise_crimes_committed_against_ST_2014.csv::511,False,UNIQUE,Jagatsinghpur,DISTRICT_OR_REPORTING_UNIT,VALID
Odisha,Jajpur,2014,0,0,0,0,0,0,0,0,0,0,0,0,0,0,0,0,0,0,0,0,0,0,0,0,0,0,0,0,4,0,4,0,0,0,0,0,0,0,0,0,0,0,0,0,0,0,0,0,0,0,0,0,0,0,0,0,0,0,0,0,0,0,4,ST,02_District_wise_crimes_committed_against_ST_2014.csv,512,02_District_wise_crimes_committed_against_ST_2014.csv::512,False,UNIQUE,Jajpur,DISTRICT_OR_REPORTING_UNIT,VALID
Odisha,Jharsuguda,2014,0,0,0,0,0,0,0,0,0,0,0,0,0,0,0,0,0,0,0,0,0,0,0,0,0,0,0,0,15,0,15,0,0,0,0,0,0,0,0,0,0,0,0,0,0,0,0,0,0,0,0,0,0,0,0,0,0,0,0,0,0,0,15,ST,02_District_wise_crimes_committed_against_ST_2014.csv,513,02_District_wise_crimes_committed_against_ST_2014.csv::513,False,UNIQUE,Jharsuguda,DISTRICT_OR_REPORTING_UNIT,VALID
Odisha,Kalahandi,2014,0,2,0,5,0,0,0,0,0,0,0,0,0,0,0,0,0,0,0,0,0,1,0,11,11,0,0,0,17,0,36,0,0,0,0,0,0,0,0,0,0,0,0,0,0,0,0,0,0,0,0,0,0,0,0,0,0,0,0,0,0,0,36,ST,02_District_wise_crimes_committed_against_ST_2014.csv,514,02_District_wise_crimes_committed_against_ST_2014.csv::514,False,UNIQUE,Kalahandi,DISTRICT_OR_REPORTING_UNIT,VALID
Odisha,Kandhamal,2014,0,0,0,4,0,5,0,0,0,0,5,0,5,0,0,0,0,5,0,0,0,0,0,4,4,0,0,0,3,0,21,0,0,0,0,0,0,0,0,0,0,0,0,0,0,0,0,0,0,0,0,0,0,0,0,0,0,0,0,0,0,0,21,ST,02_District_wise_crimes_committed_against_ST_2014.csv,515,02_District_wise_crimes_committed_against_ST_2014.csv::515,False,UNIQUE,Kandhamal,DISTRICT_OR_REPORTING_UNIT,VALID
Odisha,Kendrapara,2014,0,0,0,0,0,0,0,0,0,0,0,0,0,0,0,0,0,0,0,0,0,0,0,0,0,0,0,0,0,0,0,0,0,0,0,0,0,0,0,0,0,0,0,0,0,0,0,0,0,0,0,0,0,0,0,0,0,0,0,0,0,0,0,ST,02_District_wise_crimes_committed_against_ST_2014.csv,516,02_District_wise_crimes_committed_against_ST_2014.csv::516,False,UNIQUE,Kendrapara,DISTRICT_OR_REPORTING_UNIT,VALID
Odisha,Keonjhar,2014,0,0,0,10,0,0,0,0,0,0,0,0,0,0,0,0,0,0,0,0,0,0,0,25,25,0,0,0,0,0,35,0,0,0,0,0,0,0,0,0,0,0,0,0,0,0,0,0,0,0,0,0,0,0,0,0,0,0,0,0,0,0,35,ST,02_District_wise_crimes_committed_against_ST_2014.csv,517,02_District_wise_crimes_committed_against_ST_2014.csv::517,False,UNIQUE,Keonjhar,DISTRICT_OR_REPORTING_UNIT,VALID
Odisha,Khurda,2014,0,0,0,0,0,0,0,0,0,0,0,0,0,0,0,0,0,0,0,0,0,0,0,0,0,0,0,0,0,0,0,0,0,0,0,0,0,0,0,0,0,0,0,0,0,0,0,0,0,0,0,0,0,0,0,0,0,0,0,0,0,0,0,ST,02_District_wise_crimes_committed_against_ST_2014.csv,518,02_District_wise_crimes_committed_against_ST_2014.csv::518,False,UNIQUE,Khurda,DISTRICT_OR_REPORTING_UNIT,VALID
Odisha,Koraput,2014,0,1,0,4,0,0,0,0,0,0,0,0,0,0,0,0,0,0,0,0,0,0,0,0,0,0,0,1,8,0,14,0,0,0,0,0,0,0,0,0,0,0,0,0,0,0,0,0,0,0,0,0,0,0,0,0,0,0,0,0,0,0,14,ST,02_District_wise_crimes_committed_against_ST_2014.csv,519,02_District_wise_crimes_committed_against_ST_2014.csv::519,False,UNIQUE,Koraput,DISTRICT_OR_REPORTING_UNIT,VALID
Odisha,Malkangiri,2014,0,0,0,0,0,0,0,0,0,0,0,0,0,0,0,0,0,0,0,0,0,0,0,1,1,0,0,0,1,0,2,0,0,0,0,0,0,0,0,0,0,0,0,0,0,0,0,0,0,0,0,0,0,0,0,0,0,0,0,0,0,0,2,ST,02_District_wise_crimes_committed_against_ST_2014.csv,520,02_District_wise_crimes_committed_against_ST_2014.csv::520,False,UNIQUE,Malkangiri,DISTRICT_OR_REPORTING_UNIT,VALID
Odisha,Mayurbhanj,2014,0,0,2,11,1,12,0,0,0,0,12,2,5,5,0,0,0,0,0,0,0,0,0,0,0,0,0,0,34,0,67,0,0,4,1,10,4,6,0,0,0,3,12,12,0,0,0,0,0,0,0,2,0,15,15,0,0,0,24,71,0,0,138,ST,02_District_wise_crimes_committed_against_ST_2014.csv,521,02_District_wise_crimes_committed_against_ST_2014.csv::521,False,UNIQUE,Mayurbhanj,DISTRICT_OR_REPORTING_UNIT,VALID
Odisha,Nayagarh,2014,0,0,0,0,0,1,0,1,0,0,0,0,0,0,0,0,0,0,0,0,0,0,1,1,1,0,0,0,0,0,3,0,0,0,0,0,0,0,0,0,0,0,0,0,0,0,0,0,0,0,0,0,0,0,0,0,0,0,0,0,0,0,3,ST,02_District_wise_crimes_committed_against_ST_2014.csv,522,02_District_wise_crimes_committed_against_ST_2014.csv::522,False,UNIQUE,Nayagarh,DISTRICT_OR_REPORTING_UNIT,VALID
Odisha,Nabarangpur,2014,0,2,0,6,0,0,0,0,0,0,0,0,0,0,0,0,0,0,0,0,0,0,0,3,3,0,0,0,18,0,29,0,0,0,0,0,0,0,0,0,0,0,0,0,0,0,0,0,0,0,0,0,0,0,0,0,0,0,0,0,0,0,29,ST,02_District_wise_crimes_committed_against_ST_2014.csv,523,02_District_wise_crimes_committed_against_ST_2014.csv::523,False,UNIQUE,Nabarangpur,DISTRICT_OR_REPORTING_UNIT,VALID
Odisha,Nuapada,2014,0,0,0,3,0,0,0,0,0,0,0,0,0,0,0,0,0,0,0,0,0,0,0,7,7,0,0,0,5,0,15,0,0,0,0,0,0,0,0,0,0,0,0,0,0,0,0,0,0,0,0,0,0,0,0,0,0,0,0,0,0,0,15,ST,02_District_wise_crimes_committed_against_ST_2014.csv,524,02_District_wise_crimes_committed_against_ST_2014.csv::524,False,UNIQUE,Nuapada,DISTRICT_OR_REPORTING_UNIT,VALID
Odisha,Puri,2014,0,0,0,0,0,0,0,0,0,0,0,0,0,0,0,0,0,0,0,0,0,0,0,0,0,0,0,0,0,0,0,0,0,0,0,0,0,0,0,0,0,0,0,0,0,0,0,0,0,0,0,0,0,0,0,0,0,0,0,0,0,0,0,ST,02_District_wise_crimes_committed_against_ST_2014.csv,525,02_District_wise_crimes_committed_against_ST_2014.csv::525,False,UNIQUE,Puri,DISTRICT_OR_REPORTING_UNIT,VALID
Odisha,Rayagada,2014,0,0,0,2,0,2,2,0,0,0,0,1,1,0,0,0,1,0,0,0,0,0,0,0,0,0,0,0,6,0,12,0,0,0,0,0,0,0,0,0,0,0,0,0,0,0,0,0,0,0,0,0,0,0,0,0,0,0,0,0,0,0,12,ST,02_District_wise_crimes_committed_against_ST_2014.csv,526,02_District_wise_crimes_committed_against_ST_2014.csv::526,False,UNIQUE,Rayagada,DISTRICT_OR_REPORTING_UNIT,VALID
Odisha,Rourkela,2014,0,0,0,1,0,0,0,0,0,0,0,0,0,0,0,0,0,0,0,0,0,0,0,0,0,0,0,0,13,0,14,0,0,0,0,0,0,0,0,0,0,0,0,0,0,0,0,0,0,0,0,0,0,0,0,0,0,0,0,0,0,0,14,ST,02_District_wise_crimes_committed_against_ST_2014.csv,527,02_District_wise_crimes_committed_against_ST_2014.csv::527,False,UNIQUE,Rourkela,DISTRICT_OR_REPORTING_UNIT,VALID
Odisha,Sambalpur,2014,0,1,0,4,0,0,0,0,0,0,0,0,0,0,0,0,0,0,0,0,0,0,0,14,14,0,0,0,16,0,35,0,0,0,0,0,0,0,0,0,0,0,0,0,0,0,0,0,0,0,0,0,0,0,0,0,0,0,0,0,0,0,35,ST,02_District_wise_crimes_committed_against_ST_2014.csv,528,02_District_wise_crimes_committed_against_ST_2014.csv::528,False,UNIQUE,Sambalpur,DISTRICT_OR_REPORTING_UNIT,VALID
Odisha,Sonepur,2014,0,0,0,1,0,1,0,0,0,0,1,0,0,0,0,0,0,0,0,0,0,0,0,0,0,0,0,0,5,0,7,0,0,0,0,0,0,0,0,0,0,0,0,0,0,0,0,0,0,0,0,0,0,0,0,0,0,0,0,0,0,0,7,ST,02_District_wise_crimes_committed_against_ST_2014.csv,529,02_District_wise_crimes_committed_against_ST_2014.csv::529,False,UNIQUE,Sonepur,DISTRICT_OR_REPORTING_UNIT,VALID
Odisha,SRP (Cuttack),2014,0,0,0,0,0,0,0,0,0,0,0,0,0,0,0,0,0,0,0,0,0,0,0,0,0,0,0,0,1,0,1,0,0,0,0,0,0,0,0,0,0,0,0,0,0,0,0,0,0,0,0,0,0,0,0,0,0,0,0,0,0,0,1,ST,02_District_wise_crimes_committed_against_ST_2014.csv,530,02_District_wise_crimes_committed_against_ST_2014.csv::530,False,UNIQUE,SRP (Cuttack),DISTRICT_OR_REPORTING_UNIT,VALID
Odisha,SRP (Rourkela),2014,0,0,0,0,0,0,0,0,0,0,0,0,0,0,0,0,0,0,0,0,0,0,0,0,0,0,0,0,1,0,1,0,0,0,0,0,0,0,0,0,0,0,0,0,0,0,0,0,0,0,0,0,0,0,0,0,0,0,0,0,0,0,1,ST,02_District_wise_crimes_committed_against_ST_2014.csv,531,02_District_wise_crimes_committed_against_ST_2014.csv::531,False,UNIQUE,SRP (Rourkela),DISTRICT_OR_REPORTING_UNIT,VALID
Odisha,Sundargarh,2014,0,0,0,5,0,0,0,0,0,0,0,0,0,0,0,0,0,0,0,0,0,0,0,1,1,0,0,2,25,0,33,25,10,27,0,33,3,9,0,2,19,0,23,20,0,1,1,1,0,0,0,9,2,13,13,0,0,3,341,486,0,0,519,ST,02_District_wise_crimes_committed_against_ST_2014.csv,532,02_District_wise_crimes_committed_against_ST_2014.csv::532,False,UNIQUE,Sundargarh,DISTRICT_OR_REPORTING_UNIT,VALID
Punjab,Barnala,2014,0,0,0,0,0,0,0,0,0,0,0,0,0,0,0,0,0,0,0,0,0,0,0,0,0,0,0,0,0,0,0,0,0,0,0,0,0,0,0,0,0,0,0,0,0,0,0,0,0,0,0,0,0,0,0,0,0,0,0,0,0,0,0,ST,02_District_wise_crimes_committed_against_ST_2014.csv,535,02_District_wise_crimes_committed_against_ST_2014.csv::535,False,UNIQUE,Barnala,DISTRICT_OR_REPORTING_UNIT,VALID
Punjab,Batala,2014,0,0,0,0,0,0,0,0,0,0,0,0,0,0,0,0,0,0,0,0,0,0,0,0,0,0,0,0,0,0,0,0,0,0,0,0,0,0,0,0,0,0,0,0,0,0,0,0,0,0,0,0,0,0,0,0,0,0,0,0,0,0,0,ST,02_District_wise_crimes_committed_against_ST_2014.csv,536,02_District_wise_crimes_committed_against_ST_2014.csv::536,False,UNIQUE,Batala,DISTRICT_OR_REPORTING_UNIT,VALID
Punjab,Bathinda,2014,0,0,0,0,0,0,0,0,0,0,0,0,0,0,0,0,0,0,0,0,0,0,0,0,0,0,0,0,0,0,0,0,0,0,0,0,0,0,0,0,0,0,0,0,0,0,0,0,0,0,0,0,0,0,0,0,0,0,0,0,0,0,0,ST,02_District_wise_crimes_committed_against_ST_2014.csv,537,02_District_wise_crimes_committed_against_ST_2014.csv::537,False,UNIQUE,Bathinda,DISTRICT_OR_REPORTING_UNIT,VALID
Punjab,CP Amritsar,2014,0,0,0,0,0,0,0,0,0,0,0,0,0,0,0,0,0,0,0,0,0,0,0,0,0,0,0,0,0,0,0,0,0,0,0,0,0,0,0,0,0,0,0,0,0,0,0,0,0,0,0,0,0,0,0,0,0,0,0,0,0,0,0,ST,02_District_wise_crimes_committed_against_ST_2014.csv,538,02_District_wise_crimes_committed_against_ST_2014.csv::538,False,UNIQUE,CP Amritsar,DISTRICT_OR_REPORTING_UNIT,VALID
Punjab,CP Jalandhar,2014,0,0,0,0,0,0,0,0,0,0,0,0,0,0,0,0,0,0,0,0,0,0,0,0,0,0,0,0,0,0,0,0,0,0,0,0,0,0,0,0,0,0,0,0,0,0,0,0,0,0,0,0,0,0,0,0,0,0,0,0,0,0,0,ST,02_District_wise_crimes_committed_against_ST_2014.csv,539,02_District_wise_crimes_committed_against_ST_2014.csv::539,False,UNIQUE,CP Jalandhar,DISTRICT_OR_REPORTING_UNIT,VALID
Punjab,CP Ludhiana,2014,0,0,0,0,0,0,0,0,0,0,0,0,0,0,0,0,0,0,0,0,0,0,0,0,0,0,0,0,0,0,0,0,0,0,0,0,0,0,0,0,0,0,0,0,0,0,0,0,0,0,0,0,0,0,0,0,0,0,0,0,0,0,0,ST,02_District_wise_crimes_committed_against_ST_2014.csv,540,02_District_wise_crimes_committed_against_ST_2014.csv::540,False,UNIQUE,CP Ludhiana,DISTRICT_OR_REPORTING_UNIT,VALID
Punjab,Faridkot,2014,0,0,0,0,0,0,0,0,0,0,0,0,0,0,0,0,0,0,0,0,0,0,0,0,0,0,0,0,0,0,0,0,0,0,0,0,0,0,0,0,0,0,0,0,0,0,0,0,0,0,0,0,0,0,0,0,0,0,0,0,0,0,0,ST,02_District_wise_crimes_committed_against_ST_2014.csv,541,02_District_wise_crimes_committed_against_ST_2014.csv::541,False,UNIQUE,Faridkot,DISTRICT_OR_REPORTING_UNIT,VALID
Punjab,Fatehgarh Sahib,2014,0,0,0,0,0,0,0,0,0,0,0,0,0,0,0,0,0,0,0,0,0,0,0,0,0,0,0,0,0,0,0,0,0,0,0,0,0,0,0,0,0,0,0,0,0,0,0,0,0,0,0,0,0,0,0,0,0,0,0,0,0,0,0,ST,02_District_wise_crimes_committed_against_ST_2014.csv,542,02_District_wise_crimes_committed_against_ST_2014.csv::542,False,UNIQUE,Fatehgarh Sahib,DISTRICT_OR_REPORTING_UNIT,VALID
Punjab,Fazilka,2014,0,0,0,0,0,0,0,0,0,0,0,0,0,0,0,0,0,0,0,0,0,0,0,0,0,0,0,0,0,0,0,0,0,0,0,0,0,0,0,0,0,0,0,0,0,0,0,0,0,0,0,0,0,0,0,0,0,0,0,0,0,0,0,ST,02_District_wise_crimes_committed_against_ST_2014.csv,543,02_District_wise_crimes_committed_against_ST_2014.csv::543,False,UNIQUE,Fazilka,DISTRICT_OR_REPORTING_UNIT,VALID
Punjab,Ferozepur,2014,0,0,0,0,0,0,0,0,0,0,0,0,0,0,0,0,0,0,0,0,0,0,0,0,0,0,0,0,0,0,0,0,0,0,0,0,0,0,0,0,0,0,0,0,0,0,0,0,0,0,0,0,0,0,0,0,0,0,0,0,0,0,0,ST,02_District_wise_crimes_committed_against_ST_2014.csv,544,02_District_wise_crimes_committed_against_ST_2014.csv::544,False,UNIQUE,Ferozepur,DISTRICT_OR_REPORTING_UNIT,VALID
Punjab,G. R. P.,2014,0,0,0,0,0,0,0,0,0,0,0,0,0,0,0,0,0,0,0,0,0,0,0,0,0,0,0,0,0,0,0,0,0,0,0,0,0,0,0,0,0,0,0,0,0,0,0,0,0,0,0,0,0,0,0,0,0,0,0,0,0,0,0,ST,02_District_wise_crimes_committed_against_ST_2014.csv,545,02_District_wise_crimes_committed_against_ST_2014.csv::545,False,UNIQUE,G. R. P.,DISTRICT_OR_REPORTING_UNIT,VALID
Punjab,Gurdaspur,2014,0,0,0,0,0,0,0,0,0,0,0,0,0,0,0,0,0,0,0,0,0,0,0,0,0,0,0,0,0,0,0,0,0,0,0,0,0,0,0,0,0,0,0,0,0,0,0,0,0,0,0,0,0,0,0,0,0,0,0,0,0,0,0,ST,02_District_wise_crimes_committed_against_ST_2014.csv,546,02_District_wise_crimes_committed_against_ST_2014.csv::546,False,UNIQUE,Gurdaspur,DISTRICT_OR_REPORTING_UNIT,VALID
Punjab,Hoshiarpur,2014,0,0,0,0,0,0,0,0,0,0,0,0,0,0,0,0,0,0,0,0,0,0,0,0,0,0,0,0,0,0,0,0,0,0,0,0,0,0,0,0,0,0,0,0,0,0,0,0,0,0,0,0,0,0,0,0,0,0,0,0,0,0,0,ST,02_District_wise_crimes_committed_against_ST_2014.csv,547,02_District_wise_crimes_committed_against_ST_2014.csv::547,False,UNIQUE,Hoshiarpur,DISTRICT_OR_REPORTING_UNIT,VALID
Punjab,Kapurthala,2014,0,0,0,0,0,0,0,0,0,0,0,0,0,0,0,0,0,0,0,0,0,0,0,0,0,0,0,0,0,0,0,0,0,0,0,0,0,0,0,0,0,0,0,0,0,0,0,0,0,0,0,0,0,0,0,0,0,0,0,0,0,0,0,ST,02_District_wise_crimes_committed_against_ST_2014.csv,549,02_District_wise_crimes_committed_against_ST_2014.csv::549,False,UNIQUE,Kapurthala,DISTRICT_OR_REPORTING_UNIT,VALID
Punjab,Khanna,2014,0,0,0,0,0,0,0,0,0,0,0,0,0,0,0,0,0,0,0,0,0,0,0,0,0,0,0,0,0,0,0,0,0,0,0,0,0,0,0,0,0,0,0,0,0,0,0,0,0,0,0,0,0,0,0,0,0,0,0,0,0,0,0,ST,02_District_wise_crimes_committed_against_ST_2014.csv,550,02_District_wise_crimes_committed_against_ST_2014.csv::550,False,UNIQUE,Khanna,DISTRICT_OR_REPORTING_UNIT,VALID
Punjab,Mansa,2014,0,0,0,0,0,0,0,0,0,0,0,0,0,0,0,0,0,0,0,0,0,0,0,0,0,0,0,0,0,0,0,0,0,0,0,0,0,0,0,0,0,0,0,0,0,0,0,0,0,0,0,0,0,0,0,0,0,0,0,0,0,0,0,ST,02_District_wise_crimes_committed_against_ST_2014.csv,552,02_District_wise_crimes_committed_against_ST_2014.csv::552,False,UNIQUE,Mansa,DISTRICT_OR_REPORTING_UNIT,VALID
Punjab,Moga,2014,0,0,0,0,0,0,0,0,0,0,0,0,0,0,0,0,0,0,0,0,0,0,0,0,0,0,0,0,0,0,0,0,0,0,0,0,0,0,0,0,0,0,0,0,0,0,0,0,0,0,0,0,0,0,0,0,0,0,0,0,0,0,0,ST,02_District_wise_crimes_committed_against_ST_2014.csv,553,02_District_wise_crimes_committed_against_ST_2014.csv::553,False,UNIQUE,Moga,DISTRICT_OR_REPORTING_UNIT,VALID
Punjab,Muktsar,2014,0,0,0,0,0,0,0,0,0,0,0,0,0,0,0,0,0,0,0,0,0,0,0,0,0,0,0,0,0,0,0,0,0,0,0,0,0,0,0,0,0,0,0,0,0,0,0,0,0,0,0,0,0,0,0,0,0,0,0,0,0,0,0,ST,02_District_wise_crimes_committed_against_ST_2014.csv,554,02_District_wise_crimes_committed_against_ST_2014.csv::554,False,UNIQUE,Muktsar,DISTRICT_OR_REPORTING_UNIT,VALID
Punjab,Pathankot,2014,0,0,0,0,0,0,0,0,0,0,0,0,0,0,0,0,0,0,0,0,0,0,0,0,0,0,0,0,0,0,0,0,0,0,0,0,0,0,0,0,0,0,0,0,0,0,0,0,0,0,0,0,0,0,0,0,0,0,0,0,0,0,0,ST,02_District_wise_crimes_committed_against_ST_2014.csv,555,02_District_wise_crimes_committed_against_ST_2014.csv::555,False,UNIQUE,Pathankot,DISTRICT_OR_REPORTING_UNIT,VALID
Punjab,Patiala,2014,0,0,0,0,0,0,0,0,0,0,0,0,0,0,0,0,0,0,0,0,0,0,0,0,0,0,0,0,0,0,0,0,0,0,0,0,0,0,0,0,0,0,0,0,0,0,0,0,0,0,0,0,0,0,0,0,0,0,0,0,0,0,0,ST,02_District_wise_crimes_committed_against_ST_2014.csv,556,02_District_wise_crimes_committed_against_ST_2014.csv::556,False,UNIQUE,Patiala,DISTRICT_OR_REPORTING_UNIT,VALID
Punjab,Ropar,2014,0,0,0,0,0,0,0,0,0,0,0,0,0,0,0,0,0,0,0,0,0,0,0,0,0,0,0,0,0,0,0,0,0,0,0,0,0,0,0,0,0,0,0,0,0,0,0,0,0,0,0,0,0,0,0,0,0,0,0,0,0,0,0,ST,02_District_wise_crimes_committed_against_ST_2014.csv,557,02_District_wise_crimes_committed_against_ST_2014.csv::557,False,UNIQUE,Ropar,DISTRICT_OR_REPORTING_UNIT,VALID
Punjab,Sangrur,2014,0,0,0,0,0,0,0,0,0,0,0,0,0,0,0,0,0,0,0,0,0,0,0,0,0,0,0,0,0,0,0,0,0,0,0,0,0,0,0,0,0,0,0,0,0,0,0,0,0,0,0,0,0,0,0,0,0,0,0,0,0,0,0,ST,02_District_wise_crimes_committed_against_ST_2014.csv,558,02_District_wise_crimes_committed_against_ST_2014.csv::558,False,UNIQUE,Sangrur,DISTRICT_OR_REPORTING_UNIT,VALID
Punjab,SAS Nagar,2014,0,0,0,0,0,0,0,0,0,0,0,0,0,0,0,0,0,0,0,0,0,0,0,0,0,0,0,0,0,0,0,0,0,0,0,0,0,0,0,0,0,0,0,0,0,0,0,0,0,0,0,0,0,0,0,0,0,0,0,0,0,0,0,ST,02_District_wise_crimes_committed_against_ST_2014.csv,559,02_District_wise_crimes_committed_against_ST_2014.csv::559,False,UNIQUE,SAS Nagar,DISTRICT_OR_REPORTING_UNIT,VALID
Punjab,SBS Nagar,2014,0,0,0,0,0,0,0,0,0,0,0,0,0,0,0,0,0,0,0,0,0,0,0,0,0,0,0,0,0,0,0,0,0,0,0,0,0,0,0,0,0,0,0,0,0,0,0,0,0,0,0,0,0,0,0,0,0,0,0,0,0,0,0,ST,02_District_wise_crimes_committed_against_ST_2014.csv,560,02_District_wise_crimes_committed_against_ST_2014.csv::560,False,UNIQUE,SBS Nagar,DISTRICT_OR_REPORTING_UNIT,VALID
Punjab,Tarn Taran,2014,0,0,0,0,0,0,0,0,0,0,0,0,0,0,0,0,0,0,0,0,0,0,0,0,0,0,0,0,0,0,0,0,0,0,0,0,0,0,0,0,0,0,0,0,0,0,0,0,0,0,0,0,0,0,0,0,0,0,0,0,0,0,0,ST,02_District_wise_crimes_committed_against_ST_2014.csv,561,02_District_wise_crimes_committed_against_ST_2014.csv::561,False,UNIQUE,Tarn Taran,DISTRICT_OR_REPORTING_UNIT,VALID
Rajasthan,Ajmer,2014,0,0,0,0,1,0,0,0,0,0,0,0,1,0,0,0,0,1,0,0,0,0,0,1,1,0,0,0,22,1,26,0,0,0,0,0,0,0,0,0,0,0,0,0,0,0,0,0,0,0,0,0,0,0,0,0,0,0,0,0,0,0,26,ST,02_District_wise_crimes_committed_against_ST_2014.csv,563,02_District_wise_crimes_committed_against_ST_2014.csv::563,False,UNIQUE,Ajmer,DISTRICT_OR_REPORTING_UNIT,VALID
Rajasthan,Alwar,2014,0,2,3,6,4,4,0,0,0,0,4,0,0,0,0,0,0,0,0,0,0,0,0,0,0,0,0,0,69,0,88,0,0,0,0,0,0,0,0,0,0,0,0,0,0,0,0,0,0,0,0,0,0,0,0,0,0,0,0,0,0,0,88,ST,02_District_wise_crimes_committed_against_ST_2014.csv,564,02_District_wise_crimes_committed_against_ST_2014.csv::564,False,UNIQUE,Alwar,DISTRICT_OR_REPORTING_UNIT,VALID
Rajasthan,Banswara,2014,0,2,0,6,1,5,0,0,0,0,5,0,0,0,0,0,0,0,0,0,0,0,0,0,0,0,0,0,18,2,34,0,0,0,0,0,0,0,0,0,0,0,0,0,0,0,0,0,0,0,0,0,0,0,0,0,0,0,0,0,0,0,34,ST,02_District_wise_crimes_committed_against_ST_2014.csv,565,02_District_wise_crimes_committed_against_ST_2014.csv::565,False,UNIQUE,Banswara,DISTRICT_OR_REPORTING_UNIT,VALID
Rajasthan,Baran,2014,0,1,0,6,0,0,0,0,0,0,0,0,3,0,0,0,3,0,0,0,0,0,0,4,4,0,0,0,68,1,83,0,0,0,0,0,0,0,0,0,0,0,0,0,0,0,0,0,0,0,0,0,0,0,0,0,0,0,0,0,0,0,83,ST,02_District_wise_crimes_committed_against_ST_2014.csv,566,02_District_wise_crimes_committed_against_ST_2014.csv::566,False,UNIQUE,Baran,DISTRICT_OR_REPORTING_UNIT,VALID
Rajasthan,Barmer,2014,0,1,0,0,0,6,0,0,0,0,6,0,0,0,0,0,0,0,0,0,0,0,0,1,1,0,0,0,59,1,68,1,0,2,2,8,0,0,0,0,8,0,4,0,0,0,4,0,0,0,0,0,0,0,0,0,0,0,13,30,0,0,98,ST,02_District_wise_crimes_committed_against_ST_2014.csv,567,02_District_wise_crimes_committed_against_ST_2014.csv::567,False,UNIQUE,Barmer,DISTRICT_OR_REPORTING_UNIT,VALID
Rajasthan,Bharatpur,2014,0,1,0,0,0,0,0,0,0,0,0,0,0,0,0,0,0,0,0,0,0,0,0,0,0,0,0,0,24,0,25,0,0,0,0,0,0,0,0,0,0,0,0,0,0,0,0,0,0,0,0,0,0,0,0,0,0,0,0,0,0,0,25,ST,02_District_wise_crimes_committed_against_ST_2014.csv,568,02_District_wise_crimes_committed_against_ST_2014.csv::568,False,UNIQUE,Bharatpur,DISTRICT_OR_REPORTING_UNIT,VALID
Rajasthan,Bhilwara,2014,0,1,0,4,0,0,0,0,0,0,0,0,0,0,0,0,0,0,0,0,0,0,1,1,1,0,0,0,82,0,89,0,0,0,0,0,0,0,0,0,0,0,0,0,0,0,0,0,0,0,0,0,0,0,0,0,0,0,0,0,0,0,89,ST,02_District_wise_crimes_committed_against_ST_2014.csv,569,02_District_wise_crimes_committed_against_ST_2014.csv::569,False,UNIQUE,Bhilwara,DISTRICT_OR_REPORTING_UNIT,VALID
Rajasthan,Bikaner,2014,0,0,0,0,0,0,0,0,0,0,0,0,0,0,0,0,0,0,0,0,0,0,0,0,0,0,0,0,8,0,8,0,0,0,0,0,0,0,0,0,0,0,0,0,0,0,0,0,0,0,0,0,0,0,0,0,0,0,0,0,0,0,8,ST,02_District_wise_crimes_committed_against_ST_2014.csv,570,02_District_wise_crimes_committed_against_ST_2014.csv::570,False,UNIQUE,Bikaner,DISTRICT_OR_REPORTING_UNIT,VALID
Rajasthan,Bundi,2014,0,1,0,4,0,2,0,0,0,0,2,0,0,0,0,0,0,0,0,0,0,0,0,3,3,0,0,0,46,0,56,0,0,0,0,0,0,0,0,0,0,0,0,0,0,0,0,0,0,0,0,0,0,0,0,0,0,0,0,0,0,0,56,ST,02_District_wise_crimes_committed_against_ST_2014.csv,571,02_District_wise_crimes_committed_against_ST_2014.csv::571,False,UNIQUE,Bundi,DISTRICT_OR_REPORTING_UNIT,VALID
Rajasthan,Chittorgarh,2014,0,1,0,5,0,2,0,0,0,0,2,0,2,2,0,0,0,0,0,0,0,0,0,0,0,0,0,0,45,0,55,0,0,9,0,10,1,0,0,0,9,0,13,7,0,0,6,0,0,0,0,0,1,2,2,0,0,0,164,199,0,0,254,ST,02_District_wise_crimes_committed_against_ST_2014.csv,572,02_District_wise_crimes_committed_against_ST_2014.csv::572,False,UNIQUE,Chittorgarh,DISTRICT_OR_REPORTING_UNIT,VALID
Rajasthan,Churu,2014,0,0,0,0,0,0,0,0,0,0,0,0,0,0,0,0,0,0,0,0,0,0,0,0,0,0,0,0,5,0,5,0,0,0,0,0,0,0,0,0,0,0,0,0,0,0,0,0,0,0,0,0,0,0,0,0,0,0,0,0,0,0,5,ST,02_District_wise_crimes_committed_against_ST_2014.csv,573,02_District_wise_crimes_committed_against_ST_2014.csv::573,False,UNIQUE,Churu,DISTRICT_OR_REPORTING_UNIT,VALID
Rajasthan,Dausa,2014,0,0,0,3,0,0,0,0,0,0,0,0,0,0,0,0,0,0,0,0,0,0,0,0,0,0,0,0,80,0,83,0,0,0,0,0,0,0,0,0,0,0,0,0,0,0,0,0,0,0,0,0,0,0,0,0,0,0,0,0,0,0,83,ST,02_District_wise_crimes_committed_against_ST_2014.csv,574,02_District_wise_crimes_committed_against_ST_2014.csv::574,False,UNIQUE,Dausa,DISTRICT_OR_REPORTING_UNIT,VALID
Rajasthan,Dholpur,2014,0,0,0,0,0,1,0,0,0,0,1,0,1,0,0,0,0,1,0,0,0,0,0,0,0,0,0,0,25,0,27,0,0,0,0,0,0,0,0,0,0,0,0,0,0,0,0,0,0,0,0,0,0,0,0,0,0,0,0,0,0,0,27,ST,02_District_wise_crimes_committed_against_ST_2014.csv,575,02_District_wise_crimes_committed_against_ST_2014.csv::575,False,UNIQUE,Dholpur,DISTRICT_OR_REPORTING_UNIT,VALID
Rajasthan,Dungarpur,2014,0,0,0,4,0,4,0,0,0,0,4,0,0,0,0,0,0,0,0,0,0,0,0,1,1,0,0,0,7,2,18,0,0,0,0,0,0,0,0,0,0,0,0,0,0,0,0,0,0,0,0,0,0,0,0,0,0,0,0,0,0,0,18,ST,02_District_wise_crimes_committed_against_ST_2014.csv,576,02_District_wise_crimes_committed_against_ST_2014.csv::576,False,UNIQUE,Dungarpur,DISTRICT_OR_REPORTING_UNIT,VALID
Rajasthan,G.R.P.Ajmer,2014,0,0,0,1,0,0,0,0,0,0,0,0,1,0,0,0,0,1,0,0,0,0,0,0,0,0,0,0,0,2,4,0,0,0,0,0,0,0,0,0,0,0,0,0,0,0,0,0,0,0,0,0,0,0,0,0,0,0,0,0,0,0,4,ST,02_District_wise_crimes_committed_against_ST_2014.csv,577,02_District_wise_crimes_committed_against_ST_2014.csv::577,False,UNIQUE,G.R.P.Ajmer,DISTRICT_OR_REPORTING_UNIT,VALID
Rajasthan,G.R.P.Jodhpur,2014,0,0,0,0,0,0,0,0,0,0,0,0,0,0,0,0,0,0,0,0,0,0,0,0,0,0,0,0,1,0,1,0,0,0,0,0,0,0,0,0,0,0,0,0,0,0,0,0,0,0,0,0,0,0,0,0,0,0,0,0,0,0,1,ST,02_District_wise_crimes_committed_against_ST_2014.csv,578,02_District_wise_crimes_committed_against_ST_2014.csv::578,False,UNIQUE,G.R.P.Jodhpur,DISTRICT_OR_REPORTING_UNIT,VALID
Rajasthan,Ganganagar,2014,0,1,0,0,0,0,0,0,0,0,0,0,0,0,0,0,0,0,0,0,0,0,0,0,0,0,0,0,1,0,2,0,0,0,0,0,0,0,0,0,0,0,0,0,0,0,0,0,0,0,0,0,0,0,0,0,0,0,0,0,0,0,2,ST,02_District_wise_crimes_committed_against_ST_2014.csv,579,02_District_wise_crimes_committed_against_ST_2014.csv::579,False,UNIQUE,Ganganagar,DISTRICT_OR_REPORTING_UNIT,VALID
Rajasthan,Hanumangarh,2014,0,0,0,0,0,0,0,0,0,0,0,0,0,0,0,0,0,0,0,0,0,0,0,0,0,0,0,0,1,0,1,0,1,0,0,0,0,0,0,0,0,0,0,0,0,0,0,0,0,0,0,0,0,0,0,0,0,0,0,1,0,0,2,ST,02_District_wise_crimes_committed_against_ST_2014.csv,580,02_District_wise_crimes_committed_against_ST_2014.csv::580,False,UNIQUE,Hanumangarh,DISTRICT_OR_REPORTING_UNIT,VALID
Rajasthan,Jaipur East,2014,0,0,0,2,0,0,0,0,0,0,0,0,0,0,0,0,0,0,0,0,0,0,1,0,0,0,0,0,45,0,48,0,0,0,0,0,0,0,0,0,0,0,0,0,0,0,0,0,0,0,0,0,0,0,0,0,0,0,0,0,0,0,48,ST,02_District_wise_crimes_committed_against_ST_2014.csv,581,02_District_wise_crimes_committed_against_ST_2014.csv::581,False,UNIQUE,Jaipur East,DISTRICT_OR_REPORTING_UNIT,VALID
Rajasthan,Jaipur North,2014,0,0,0,0,0,0,0,0,0,0,0,0,0,0,0,0,0,0,0,0,0,0,0,0,0,0,0,0,12,1,13,0,0,0,0,0,0,0,0,0,0,0,0,0,0,0,0,0,0,0,0,0,0,0,0,0,0,0,0,0,0,0,13,ST,02_District_wise_crimes_committed_against_ST_2014.csv,582,02_District_wise_crimes_committed_against_ST_2014.csv::582,False,UNIQUE,Jaipur North,DISTRICT_OR_REPORTING_UNIT,VALID
Rajasthan,Jaipur South,2014,0,0,0,1,0,0,0,0,0,0,0,0,0,0,0,0,0,0,0,0,0,0,0,0,0,0,0,0,32,2,35,0,0,0,0,0,0,0,0,0,0,0,0,0,0,0,0,0,0,0,0,0,0,0,0,0,0,0,0,0,0,0,35,ST,02_District_wise_crimes_committed_against_ST_2014.csv,584,02_District_wise_crimes_committed_against_ST_2014.csv::584,False,UNIQUE,Jaipur South,DISTRICT_OR_REPORTING_UNIT,VALID
Rajasthan,Jaipur West,2014,0,1,1,0,0,0,0,0,0,0,0,0,0,0,0,0,0,0,0,0,0,0,0,0,0,0,0,0,31,0,33,0,0,0,0,0,0,0,0,0,0,0,0,0,0,0,0,0,0,0,0,0,0,0,0,0,0,0,0,0,0,0,33,ST,02_District_wise_crimes_committed_against_ST_2014.csv,585,02_District_wise_crimes_committed_against_ST_2014.csv::585,False,UNIQUE,Jaipur West,DISTRICT_OR_REPORTING_UNIT,VALID
Rajasthan,Jaisalmer,2014,0,0,0,1,0,0,0,0,0,0,0,0,0,0,0,0,0,0,0,0,0,0,0,0,0,0,0,0,39,0,40,0,0,0,0,0,0,0,0,0,0,0,0,0,0,0,0,0,0,0,0,0,0,0,0,0,0,0,0,0,0,0,40,ST,02_District_wise_crimes_committed_against_ST_2014.csv,586,02_District_wise_crimes_committed_against_ST_2014.csv::586,False,UNIQUE,Jaisalmer,DISTRICT_OR_REPORTING_UNIT,VALID
Rajasthan,Jalore,2014,0,1,0,3,0,0,0,0,0,0,0,0,0,0,0,0,0,0,0,0,0,0,0,0,0,0,0,0,47,0,51,0,0,0,0,0,0,0,0,0,0,0,0,0,0,0,0,0,0,0,0,0,0,0,0,0,0,0,0,0,0,0,51,ST,02_District_wise_crimes_committed_against_ST_2014.csv,587,02_District_wise_crimes_committed_against_ST_2014.csv::587,False,UNIQUE,Jalore,DISTRICT_OR_REPORTING_UNIT,VALID
Rajasthan,Jhalawar,2014,0,0,2,13,4,9,2,0,0,0,7,0,4,2,0,0,2,0,0,0,0,0,0,2,2,0,0,0,30,0,64,1,1,4,1,5,2,0,0,0,3,0,1,1,0,0,0,0,0,0,0,0,1,2,2,0,0,0,42,58,0,0,122,ST,02_District_wise_crimes_committed_against_ST_2014.csv,588,02_District_wise_crimes_committed_against_ST_2014.csv::588,False,UNIQUE,Jhalawar,DISTRICT_OR_REPORTING_UNIT,VALID
Rajasthan,Jhunjhunu,2014,0,0,0,2,0,0,0,0,0,0,0,0,0,0,0,0,0,0,0,0,0,0,0,0,0,0,0,0,23,0,25,0,0,0,0,0,0,0,0,0,0,0,0,0,0,0,0,0,0,0,0,0,0,0,0,0,0,0,0,0,0,0,25,ST,02_District_wise_crimes_committed_against_ST_2014.csv,589,02_District_wise_crimes_committed_against_ST_2014.csv::589,False,UNIQUE,Jhunjhunu,DISTRICT_OR_REPORTING_UNIT,VALID
Rajasthan,Jodhpur East,2014,0,1,0,0,0,0,0,0,0,0,0,0,1,0,0,0,0,1,0,0,0,0,0,0,0,0,0,0,4,1,7,0,0,0,0,0,0,0,0,0,0,0,0,0,0,0,0,0,0,0,0,0,0,0,0,0,0,0,0,0,0,0,7,ST,02_District_wise_crimes_committed_against_ST_2014.csv,590,02_District_wise_crimes_committed_against_ST_2014.csv::590,False,UNIQUE,Jodhpur East,DISTRICT_OR_REPORTING_UNIT,VALID
Rajasthan,Jodhpur West,2014,0,0,0,0,0,0,0,0,0,0,0,0,0,0,0,0,0,0,0,0,0,0,0,0,0,0,0,0,20,0,20,0,0,0,0,0,0,0,0,0,0,0,0,0,0,0,0,0,0,0,0,0,0,0,0,0,0,0,0,0,0,0,20,ST,02_District_wise_crimes_committed_against_ST_2014.csv,591,02_District_wise_crimes_committed_against_ST_2014.csv::591,False,UNIQUE,Jodhpur West,DISTRICT_OR_REPORTING_UNIT,VALID
Rajasthan,Karauli,2014,0,0,0,0,0,0,0,0,0,0,0,0,0,0,0,0,0,0,0,0,0,0,0,0,0,0,0,0,50,0,50,0,0,0,0,0,0,0,0,0,0,0,0,0,0,0,0,0,0,0,0,0,0,0,0,0,0,0,0,0,0,0,50,ST,02_District_wise_crimes_committed_against_ST_2014.csv,593,02_District_wise_crimes_committed_against_ST_2014.csv::593,False,UNIQUE,Karauli,DISTRICT_OR_REPORTING_UNIT,VALID
Rajasthan,Nagaur,2014,0,0,0,0,0,0,0,0,0,0,0,0,0,0,0,0,0,0,0,0,0,0,0,0,0,0,0,0,4,0,4,0,0,0,0,0,0,0,0,0,0,0,0,0,0,0,0,0,0,0,0,0,0,0,0,0,0,0,0,0,0,0,4,ST,02_District_wise_crimes_committed_against_ST_2014.csv,596,02_District_wise_crimes_committed_against_ST_2014.csv::596,False,UNIQUE,Nagaur,DISTRICT_OR_REPORTING_UNIT,VALID
Rajasthan,Pali,2014,0,0,0,2,0,0,0,0,0,0,0,0,0,0,0,0,0,0,0,0,0,0,0,0,0,0,0,0,45,0,47,0,0,0,0,0,0,0,0,0,0,0,0,0,0,0,0,0,0,0,0,0,0,0,0,0,0,0,0,0,0,0,47,ST,02_District_wise_crimes_committed_against_ST_2014.csv,597,02_District_wise_crimes_committed_against_ST_2014.csv::597,False,UNIQUE,Pali,DISTRICT_OR_REPORTING_UNIT,VALID
Rajasthan,Praapgarh,2014,0,0,0,5,0,1,0,0,0,0,1,0,3,0,0,0,3,0,0,0,0,0,0,1,1,0,0,0,56,0,66,0,0,0,0,0,0,0,0,0,0,0,0,0,0,0,0,0,0,0,0,0,0,0,0,0,0,0,0,0,0,0,66,ST,02_District_wise_crimes_committed_against_ST_2014.csv,598,02_District_wise_crimes_committed_against_ST_2014.csv::598,False,UNIQUE,Praapgarh,DISTRICT_OR_REPORTING_UNIT,VALID
Rajasthan,Rajsamand,2014,0,3,0,1,0,0,0,0,0,0,0,0,0,0,0,0,0,0,0,0,0,0,1,0,0,0,0,0,12,2,19,0,0,0,0,0,0,0,0,0,0,0,0,0,0,0,0,0,0,0,0,0,0,0,0,0,0,0,0,0,0,0,19,ST,02_District_wise_crimes_committed_against_ST_2014.csv,599,02_District_wise_crimes_committed_against_ST_2014.csv::599,False,UNIQUE,Rajsamand,DISTRICT_OR_REPORTING_UNIT,VALID
Rajasthan,Sawai Madhopur,2014,0,1,0,0,0,0,0,0,0,0,0,0,0,0,0,0,0,0,0,0,0,0,0,0,0,0,0,0,55,0,56,0,0,0,0,0,0,0,0,0,0,0,0,0,0,0,0,0,0,0,0,0,0,0,0,0,0,0,0,0,0,0,56,ST,02_District_wise_crimes_committed_against_ST_2014.csv,600,02_District_wise_crimes_committed_against_ST_2014.csv::600,False,UNIQUE,Sawai Madhopur,DISTRICT_OR_REPORTING_UNIT,VALID
Rajasthan,Sikar,2014,0,1,0,1,0,0,0,0,0,0,0,0,0,0,0,0,0,0,0,0,0,0,0,1,1,0,0,0,46,0,49,0,0,0,0,0,0,0,0,0,0,0,0,0,0,0,0,0,0,0,0,0,0,0,0,0,0,0,0,0,0,0,49,ST,02_District_wise_crimes_committed_against_ST_2014.csv,601,02_District_wise_crimes_committed_against_ST_2014.csv::601,False,UNIQUE,Sikar,DISTRICT_OR_REPORTING_UNIT,VALID
Rajasthan,Sirohi,2014,0,0,0,1,0,1,0,0,0,0,1,0,1,1,0,0,0,0,0,0,0,0,0,0,0,0,0,0,42,1,46,0,0,0,0,0,0,0,0,0,0,0,0,0,0,0,0,0,0,0,0,0,0,0,0,0,0,0,0,0,0,0,46,ST,02_District_wise_crimes_committed_against_ST_2014.csv,602,02_District_wise_crimes_committed_against_ST_2014.csv::602,False,UNIQUE,Sirohi,DISTRICT_OR_REPORTING_UNIT,VALID
Rajasthan,Tonk,2014,0,0,0,1,0,0,0,0,0,0,0,0,1,0,0,0,1,0,0,0,0,0,0,2,2,0,0,0,76,3,83,0,0,0,0,0,0,0,0,0,0,0,0,0,0,0,0,0,0,0,0,0,0,0,0,0,0,0,0,0,0,0,83,ST,02_District_wise_crimes_committed_against_ST_2014.csv,603,02_District_wise_crimes_committed_against_ST_2014.csv::603,False,UNIQUE,Tonk,DISTRICT_OR_REPORTING_UNIT,VALID
Rajasthan,Udaipur,2014,0,3,0,5,1,2,0,0,0,0,2,0,1,0,0,0,1,0,0,0,0,0,0,0,0,0,0,0,86,2,100,41,18,95,30,218,5,4,0,0,209,0,139,9,0,0,87,43,0,0,0,17,8,22,22,0,0,23,1318,1929,0,31,2060,ST,02_District_wise_crimes_committed_against_ST_2014.csv,604,02_District_wise_crimes_committed_against_ST_2014.csv::604,False,UNIQUE,Udaipur,DISTRICT_OR_REPORTING_UNIT,VALID
Sikkim,East,2014,0,0,0,0,0,0,0,0,0,0,0,0,0,0,0,0,0,0,0,0,0,0,0,0,0,0,0,0,0,0,0,0,0,1,0,0,0,0,0,0,0,0,0,0,0,0,0,0,0,0,0,0,0,0,0,0,0,0,1,2,0,0,2,ST,02_District_wise_crimes_committed_against_ST_2014.csv,606,02_District_wise_crimes_committed_against_ST_2014.csv::606,False,UNIQUE,East,DISTRICT_OR_REPORTING_UNIT,VALID
Sikkim,North,2014,0,0,0,0,0,0,0,0,0,0,0,0,0,0,0,0,0,0,0,0,0,0,0,0,0,0,0,0,0,0,0,0,0,0,0,0,0,0,0,0,0,0,0,0,0,0,0,0,0,0,0,0,0,0,0,0,0,0,0,0,0,0,0,ST,02_District_wise_crimes_committed_against_ST_2014.csv,607,02_District_wise_crimes_committed_against_ST_2014.csv::607,False,UNIQUE,North,DISTRICT_OR_REPORTING_UNIT,VALID
Sikkim,South,2014,0,0,0,0,0,0,0,0,0,0,0,0,0,0,0,0,0,0,0,0,0,0,0,0,0,0,0,0,0,0,0,0,0,0,0,0,0,0,0,0,0,0,0,0,0,0,0,0,0,0,0,0,0,1,1,0,0,1,2,4,0,0,4,ST,02_District_wise_crimes_committed_against_ST_2014.csv,608,02_District_wise_crimes_committed_against_ST_2014.csv::608,False,UNIQUE,South,DISTRICT_OR_REPORTING_UNIT,VALID
Sikkim,West,2014,0,0,0,0,0,1,1,0,0,0,0,0,0,0,0,0,0,0,0,0,0,0,0,0,0,0,0,0,0,0,1,0,0,0,1,1,0,0,0,1,0,0,0,0,0,0,0,0,0,0,0,0,0,1,1,0,0,0,0,3,0,0,4,ST,02_District_wise_crimes_committed_against_ST_2014.csv,609,02_District_wise_crimes_committed_against_ST_2014.csv::609,False,UNIQUE,West,DISTRICT_OR_REPORTING_UNIT,VALID
Sikkim,CID,2014,0,0,0,0,0,0,0,0,0,0,0,0,0,0,0,0,0,0,0,0,0,0,0,0,0,0,0,0,0,0,0,0,0,0,0,0,0,0,0,0,0,0,0,0,0,0,0,0,0,0,0,0,0,0,0,0,0,0,0,0,0,0,0,ST,02_District_wise_crimes_committed_against_ST_2014.csv,610,02_District_wise_crimes_committed_against_ST_2014.csv::610,False,UNIQUE,CID,DISTRICT_OR_REPORTING_UNIT,VALID
Tamil Nadu,Ariyalur,2014,0,0,0,0,0,0,0,0,0,0,0,0,0,0,0,0,0,0,0,0,0,0,0,0,0,0,0,0,0,0,0,0,0,0,0,0,0,0,0,0,0,0,0,0,0,0,0,0,0,0,0,0,0,0,0,0,0,0,0,0,0,0,0,ST,02_District_wise_crimes_committed_against_ST_2014.csv,612,02_District_wise_crimes_committed_against_ST_2014.csv::612,False,UNIQUE,Ariyalur,DISTRICT_OR_REPORTING_UNIT,VALID
Tamil Nadu,Chennai,2014,0,0,0,0,0,0,0,0,0,0,0,0,0,0,0,0,0,0,0,0,0,0,0,0,0,0,0,0,0,0,0,0,0,0,0,0,0,0,0,0,0,0,0,0,0,0,0,0,0,0,0,0,0,0,0,0,0,0,0,0,0,0,0,ST,02_District_wise_crimes_committed_against_ST_2014.csv,613,02_District_wise_crimes_committed_against_ST_2014.csv::613,False,UNIQUE,Chennai,DISTRICT_OR_REPORTING_UNIT,VALID
Tamil Nadu,Coimbatore,2014,0,0,0,0,0,0,0,0,0,0,0,0,0,0,0,0,0,0,0,0,0,0,0,0,0,0,0,0,0,0,0,0,0,0,0,0,0,0,0,0,0,0,0,0,0,0,0,0,0,0,0,0,0,0,0,0,0,0,0,0,0,0,0,ST,02_District_wise_crimes_committed_against_ST_2014.csv,614,02_District_wise_crimes_committed_against_ST_2014.csv::614,False,UNIQUE,Coimbatore,DISTRICT_OR_REPORTING_UNIT,VALID
Tamil Nadu,Cuddalore,2014,0,0,0,0,0,0,0,0,0,0,0,0,0,0,0,0,0,0,0,0,0,0,0,0,0,0,0,0,0,0,0,0,0,0,0,0,0,0,0,0,0,0,0,0,0,0,0,0,0,0,0,0,0,0,0,0,0,0,0,0,0,0,0,ST,02_District_wise_crimes_committed_against_ST_2014.csv,616,02_District_wise_crimes_committed_against_ST_2014.csv::616,False,UNIQUE,Cuddalore,DISTRICT_OR_REPORTING_UNIT,VALID
Tamil Nadu,Dharmapuri,2014,0,0,0,0,0,0,0,0,0,0,0,0,0,0,0,0,0,0,0,0,0,0,0,0,0,0,0,0,0,0,0,0,0,0,0,0,0,0,0,0,0,0,0,0,0,0,0,0,0,0,0,0,0,0,0,0,0,0,0,0,0,0,0,ST,02_District_wise_crimes_committed_against_ST_2014.csv,617,02_District_wise_crimes_committed_against_ST_2014.csv::617,False,UNIQUE,Dharmapuri,DISTRICT_OR_REPORTING_UNIT,VALID
Tamil Nadu,Dindigul,2014,0,0,0,0,0,0,0,0,0,0,0,0,0,0,0,0,0,0,0,0,0,0,0,0,0,0,0,0,0,0,0,0,0,0,0,0,0,0,0,0,0,0,0,0,0,0,0,0,0,0,0,0,0,0,0,0,0,0,0,0,0,0,0,ST,02_District_wise_crimes_committed_against_ST_2014.csv,618,02_District_wise_crimes_committed_against_ST_2014.csv::618,False,UNIQUE,Dindigul,DISTRICT_OR_REPORTING_UNIT,VALID
Tamil Nadu,Erode,2014,0,0,0,0,0,0,0,0,0,0,0,0,0,0,0,0,0,0,0,0,0,0,0,0,0,0,0,0,0,0,0,0,0,0,0,0,0,0,0,0,0,0,0,0,0,0,0,0,0,0,0,0,0,0,0,0,0,0,0,0,0,0,0,ST,02_District_wise_crimes_committed_against_ST_2014.csv,619,02_District_wise_crimes_committed_against_ST_2014.csv::619,False,UNIQUE,Erode,DISTRICT_OR_REPORTING_UNIT,VALID
Tamil Nadu,Kanchipuram,2014,0,0,0,0,0,0,0,0,0,0,0,0,0,0,0,0,0,0,0,0,0,0,0,0,0,0,0,0,0,0,0,0,0,0,0,0,0,0,0,0,0,0,0,0,0,0,0,0,0,0,0,0,0,0,0,0,0,0,0,0,0,0,0,ST,02_District_wise_crimes_committed_against_ST_2014.csv,620,02_District_wise_crimes_committed_against_ST_2014.csv::620,False,UNIQUE,Kanchipuram,DISTRICT_OR_REPORTING_UNIT,VALID
Tamil Nadu,Kanyakumari,2014,0,0,0,0,0,0,0,0,0,0,0,0,0,0,0,0,0,0,0,0,0,0,0,0,0,0,0,0,0,1,1,0,0,0,0,0,0,0,0,0,0,0,0,0,0,0,0,0,0,0,0,0,0,0,0,0,0,0,0,0,0,0,1,ST,02_District_wise_crimes_committed_against_ST_2014.csv,621,02_District_wise_crimes_committed_against_ST_2014.csv::621,False,UNIQUE,Kanyakumari,DISTRICT_OR_REPORTING_UNIT,VALID
Tamil Nadu,Karur,2014,0,0,0,0,0,0,0,0,0,0,0,0,0,0,0,0,0,0,0,0,0,0,0,0,0,0,0,0,0,0,0,0,0,0,0,0,0,0,0,0,0,0,0,0,0,0,0,0,0,0,0,0,0,0,0,0,0,0,0,0,0,0,0,ST,02_District_wise_crimes_committed_against_ST_2014.csv,622,02_District_wise_crimes_committed_against_ST_2014.csv::622,False,UNIQUE,Karur,DISTRICT_OR_REPORTING_UNIT,VALID
Tamil Nadu,Krishnagiri,2014,0,0,0,0,0,0,0,0,0,0,0,0,0,0,0,0,0,0,0,0,0,0,0,0,0,0,0,0,0,0,0,0,0,0,0,0,0,0,0,0,0,0,0,0,0,0,0,0,0,0,0,0,0,0,0,0,0,0,0,0,0,0,0,ST,02_District_wise_crimes_committed_against_ST_2014.csv,623,02_District_wise_crimes_committed_against_ST_2014.csv::623,False,UNIQUE,Krishnagiri,DISTRICT_OR_REPORTING_UNIT,VALID
Tamil Nadu,Madurai,2014,0,0,0,0,0,0,0,0,0,0,0,0,0,0,0,0,0,0,0,0,0,0,0,0,0,0,0,0,0,0,0,0,0,0,0,0,0,0,0,0,0,0,0,0,0,0,0,0,0,0,0,0,0,0,0,0,0,0,0,0,0,0,0,ST,02_District_wise_crimes_committed_against_ST_2014.csv,624,02_District_wise_crimes_committed_against_ST_2014.csv::624,False,UNIQUE,Madurai,DISTRICT_OR_REPORTING_UNIT,VALID
Tamil Nadu,Nagapattinam,2014,0,0,0,0,0,0,0,0,0,0,0,0,0,0,0,0,0,0,0,0,0,0,0,0,0,0,0,0,0,0,0,0,0,0,0,0,0,0,0,0,0,0,0,0,0,0,0,0,0,0,0,0,0,0,0,0,0,0,0,0,0,0,0,ST,02_District_wise_crimes_committed_against_ST_2014.csv,626,02_District_wise_crimes_committed_against_ST_2014.csv::626,False,UNIQUE,Nagapattinam,DISTRICT_OR_REPORTING_UNIT,VALID
Tamil Nadu,Namakkal,2014,0,0,0,0,0,0,0,0,0,0,0,0,0,0,0,0,0,0,0,0,0,0,0,0,0,0,0,0,0,1,1,0,0,0,0,0,0,0,0,0,0,0,0,0,0,0,0,0,0,0,0,0,0,0,0,0,0,0,0,0,0,0,1,ST,02_District_wise_crimes_committed_against_ST_2014.csv,627,02_District_wise_crimes_committed_against_ST_2014.csv::627,False,UNIQUE,Namakkal,DISTRICT_OR_REPORTING_UNIT,VALID
Tamil Nadu,Nilgiris,2014,0,0,0,0,0,0,0,0,0,0,0,0,0,0,0,0,0,0,0,0,0,0,0,0,0,0,0,0,0,0,0,0,0,0,0,0,0,0,0,0,0,0,0,0,0,0,0,0,0,0,0,0,0,0,0,0,0,0,0,0,0,0,0,ST,02_District_wise_crimes_committed_against_ST_2014.csv,628,02_District_wise_crimes_committed_against_ST_2014.csv::628,False,UNIQUE,Nilgiris,DISTRICT_OR_REPORTING_UNIT,VALID
Tamil Nadu,Perambalur,2014,0,0,0,0,0,0,0,0,0,0,0,0,0,0,0,0,0,0,0,0,0,0,0,0,0,0,0,0,0,0,0,0,0,0,0,0,0,0,0,0,0,0,0,0,0,0,0,0,0,0,0,0,0,0,0,0,0,0,0,0,0,0,0,ST,02_District_wise_crimes_committed_against_ST_2014.csv,629,02_District_wise_crimes_committed_against_ST_2014.csv::629,False,UNIQUE,Perambalur,DISTRICT_OR_REPORTING_UNIT,VALID
Tamil Nadu,Pudukottai,2014,0,0,0,0,0,0,0,0,0,0,0,0,0,0,0,0,0,0,0,0,0,0,0,0,0,0,0,0,0,0,0,0,0,0,0,0,0,0,0,0,0,0,0,0,0,0,0,0,0,0,0,0,0,0,0,0,0,0,0,0,0,0,0,ST,02_District_wise_crimes_committed_against_ST_2014.csv,630,02_District_wise_crimes_committed_against_ST_2014.csv::630,False,UNIQUE,Pudukottai,DISTRICT_OR_REPORTING_UNIT,VALID
Tamil Nadu,Ramnathapuram,2014,0,0,0,0,0,0,0,0,0,0,0,0,0,0,0,0,0,0,0,0,0,0,0,0,0,0,0,0,0,0,0,0,0,0,0,0,0,0,0,0,0,0,0,0,0,0,0,0,0,0,0,0,0,0,0,0,0,0,0,0,0,0,0,ST,02_District_wise_crimes_committed_against_ST_2014.csv,631,02_District_wise_crimes_committed_against_ST_2014.csv::631,False,UNIQUE,Ramnathapuram,DISTRICT_OR_REPORTING_UNIT,VALID
Tamil Nadu,Salem,2014,0,0,0,0,0,0,0,0,0,0,0,0,0,0,0,0,0,0,0,0,0,0,0,0,0,0,0,0,0,0,0,0,0,0,0,0,0,0,0,0,0,0,0,0,0,0,0,0,0,0,0,0,0,0,0,0,0,0,0,0,0,0,0,ST,02_District_wise_crimes_committed_against_ST_2014.csv,634,02_District_wise_crimes_committed_against_ST_2014.csv::634,False,UNIQUE,Salem,DISTRICT_OR_REPORTING_UNIT,VALID
Tamil Nadu,Sivagangai,2014,0,0,0,0,0,0,0,0,0,0,0,0,0,0,0,0,0,0,0,0,0,0,0,0,0,0,0,0,0,0,0,0,0,0,0,0,0,0,0,0,0,0,0,0,0,0,0,0,0,0,0,0,0,0,0,0,0,0,0,0,0,0,0,ST,02_District_wise_crimes_committed_against_ST_2014.csv,636,02_District_wise_crimes_committed_against_ST_2014.csv::636,False,UNIQUE,Sivagangai,DISTRICT_OR_REPORTING_UNIT,VALID
Tamil Nadu,Thanjavur,2014,0,0,0,0,0,0,0,0,0,0,0,0,0,0,0,0,0,0,0,0,0,0,0,0,0,0,0,0,0,0,0,0,0,0,0,0,0,0,0,0,0,0,0,0,0,0,0,0,0,0,0,0,0,0,0,0,0,0,0,0,0,0,0,ST,02_District_wise_crimes_committed_against_ST_2014.csv,637,02_District_wise_crimes_committed_against_ST_2014.csv::637,False,UNIQUE,Thanjavur,DISTRICT_OR_REPORTING_UNIT,VALID
Tamil Nadu,Theni,2014,0,0,0,0,0,0,0,0,0,0,0,0,0,0,0,0,0,0,0,0,0,0,0,0,0,0,0,0,0,0,0,0,0,0,0,0,0,0,0,0,0,0,0,0,0,0,0,0,0,0,0,0,0,0,0,0,0,0,0,0,0,0,0,ST,02_District_wise_crimes_committed_against_ST_2014.csv,638,02_District_wise_crimes_committed_against_ST_2014.csv::638,False,UNIQUE,Theni,DISTRICT_OR_REPORTING_UNIT,VALID
Tamil Nadu,Thirunelveli,2014,0,0,0,0,0,0,0,0,0,0,0,0,0,0,0,0,0,0,0,0,0,0,0,0,0,0,0,0,0,0,0,0,0,0,0,0,0,0,0,0,0,0,0,0,0,0,0,0,0,0,0,0,0,0,0,0,0,0,0,0,0,0,0,ST,02_District_wise_crimes_committed_against_ST_2014.csv,639,02_District_wise_crimes_committed_against_ST_2014.csv::639,False,UNIQUE,Thirunelveli,DISTRICT_OR_REPORTING_UNIT,VALID
Tamil Nadu,Thiruvallur,2014,0,0,0,0,0,0,0,0,0,0,0,0,0,0,0,0,0,0,0,0,0,0,0,0,0,0,0,0,0,0,0,0,0,0,0,0,0,0,0,0,0,0,0,0,0,0,0,0,0,0,0,0,0,0,0,0,0,0,0,0,0,0,0,ST,02_District_wise_crimes_committed_against_ST_2014.csv,641,02_District_wise_crimes_committed_against_ST_2014.csv::641,False,UNIQUE,Thiruvallur,DISTRICT_OR_REPORTING_UNIT,VALID
Tamil Nadu,Thiruvannamalai,2014,0,0,0,0,0,0,0,0,0,0,0,0,0,0,0,0,0,0,0,0,0,0,0,0,0,0,0,0,0,4,4,0,0,0,0,0,0,0,0,0,0,0,0,0,0,0,0,0,0,0,0,0,0,0,0,0,0,0,0,0,0,0,4,ST,02_District_wise_crimes_committed_against_ST_2014.csv,642,02_District_wise_crimes_committed_against_ST_2014.csv::642,False,UNIQUE,Thiruvannamalai,DISTRICT_OR_REPORTING_UNIT,VALID
Tamil Nadu,Thiruvarur,2014,0,0,0,0,0,0,0,0,0,0,0,0,0,0,0,0,0,0,0,0,0,0,0,0,0,0,0,0,0,0,0,0,0,0,0,0,0,0,0,0,0,0,0,0,0,0,0,0,0,0,0,0,0,0,0,0,0,0,0,0,0,0,0,ST,02_District_wise_crimes_committed_against_ST_2014.csv,643,02_District_wise_crimes_committed_against_ST_2014.csv::643,False,UNIQUE,Thiruvarur,DISTRICT_OR_REPORTING_UNIT,VALID
Tamil Nadu,Thoothugudi,2014,0,0,0,0,0,0,0,0,0,0,0,0,0,0,0,0,0,0,0,0,0,0,0,0,0,0,0,0,0,0,0,0,0,0,0,0,0,0,0,0,0,0,0,0,0,0,0,0,0,0,0,0,0,0,0,0,0,0,0,0,0,0,0,ST,02_District_wise_crimes_committed_against_ST_2014.csv,644,02_District_wise_crimes_committed_against_ST_2014.csv::644,False,UNIQUE,Thoothugudi,DISTRICT_OR_REPORTING_UNIT,VALID
Tamil Nadu,Tiruppur,2014,0,0,0,0,0,0,0,0,0,0,0,0,0,0,0,0,0,0,0,0,0,0,0,0,0,0,0,0,0,0,0,0,0,0,0,0,0,0,0,0,0,0,0,0,0,0,0,0,0,0,0,0,0,0,0,0,0,0,0,0,0,0,0,ST,02_District_wise_crimes_committed_against_ST_2014.csv,645,02_District_wise_crimes_committed_against_ST_2014.csv::645,False,UNIQUE,Tiruppur,DISTRICT_OR_REPORTING_UNIT,VALID
Tamil Nadu,Trichy,2014,0,0,0,0,0,0,0,0,0,0,0,0,0,0,0,0,0,0,0,0,0,0,0,0,0,0,0,0,0,0,0,0,0,0,0,0,0,0,0,0,0,0,0,0,0,0,0,0,0,0,0,0,0,0,0,0,0,0,0,0,0,0,0,ST,02_District_wise_crimes_committed_against_ST_2014.csv,647,02_District_wise_crimes_committed_against_ST_2014.csv::647,False,UNIQUE,Trichy,DISTRICT_OR_REPORTING_UNIT,VALID
Tamil Nadu,Vellore,2014,0,0,0,0,0,0,0,0,0,0,0,0,0,0,0,0,0,0,0,0,0,0,0,0,0,0,0,0,0,0,0,0,0,0,0,0,0,0,0,0,0,0,0,0,0,0,0,0,0,0,0,0,0,0,0,0,0,0,0,0,0,0,0,ST,02_District_wise_crimes_committed_against_ST_2014.csv,649,02_District_wise_crimes_committed_against_ST_2014.csv::649,False,UNIQUE,Vellore,DISTRICT_OR_REPORTING_UNIT,VALID
Tamil Nadu,Villupuram,2014,0,0,0,0,0,0,0,0,0,0,0,0,0,0,0,0,0,0,0,0,0,0,1,0,0,0,0,0,10,0,11,0,0,0,0,0,0,0,0,0,0,0,0,0,0,0,0,0,0,0,0,0,0,0,0,0,0,0,0,0,0,0,11,ST,02_District_wise_crimes_committed_against_ST_2014.csv,650,02_District_wise_crimes_committed_against_ST_2014.csv::650,False,UNIQUE,Villupuram,DISTRICT_OR_REPORTING_UNIT,VALID
Tamil Nadu,Virudhunagar,2014,0,0,0,0,0,0,0,0,0,0,0,0,0,0,0,0,0,0,0,0,0,0,0,0,0,0,0,0,0,0,0,0,0,0,0,0,0,0,0,0,0,0,0,0,0,0,0,0,0,0,0,0,0,0,0,0,0,0,0,0,0,0,0,ST,02_District_wise_crimes_committed_against_ST_2014.csv,651,02_District_wise_crimes_committed_against_ST_2014.csv::651,False,UNIQUE,Virudhunagar,DISTRICT_OR_REPORTING_UNIT,VALID
Tamil Nadu,Cyber Cell,2014,0,0,0,0,0,0,0,0,0,0,0,0,0,0,0,0,0,0,0,0,0,0,0,0,0,0,0,0,0,0,0,0,0,0,0,0,0,0,0,0,0,0,0,0,0,0,0,0,0,0,0,0,0,0,0,0,0,0,0,0,0,0,0,ST,02_District_wise_crimes_committed_against_ST_2014.csv,652,02_District_wise_crimes_committed_against_ST_2014.csv::652,False,UNIQUE,Cyber Cell,DISTRICT_OR_REPORTING_UNIT,VALID
Tamil Nadu,Other Units,2014,0,0,0,0,0,0,0,0,0,0,0,0,0,0,0,0,0,0,0,0,0,0,0,0,0,0,0,0,0,0,0,0,0,0,0,0,0,0,0,0,0,0,0,0,0,0,0,0,0,0,0,0,0,0,0,0,0,0,0,0,0,0,0,ST,02_District_wise_crimes_committed_against_ST_2014.csv,653,02_District_wise_crimes_committed_against_ST_2014.csv::653,False,UNIQUE,Other Units,DISTRICT_OR_REPORTING_UNIT,VALID
Telangana,Adilabad,2014,0,0,0,3,0,6,1,0,0,1,4,0,0,0,0,0,0,0,0,0,0,0,0,0,0,0,0,0,24,7,40,0,0,0,0,0,0,0,0,0,0,0,0,0,0,0,0,0,0,0,0,0,0,0,0,0,0,0,0,0,0,0,40,ST,02_District_wise_crimes_committed_against_ST_2014.csv,655,02_District_wise_crimes_committed_against_ST_2014.csv::655,False,UNIQUE,Adilabad,DISTRICT_OR_REPORTING_UNIT,VALID
Telangana,Cyberabad,2014,0,0,1,1,0,3,0,0,0,0,3,0,0,0,0,0,0,0,0,0,0,0,0,5,5,0,0,0,2,9,21,0,0,0,0,0,0,0,0,0,0,0,0,0,0,0,0,0,0,0,0,0,0,0,0,0,0,0,2,2,0,4,27,ST,02_District_wise_crimes_committed_against_ST_2014.csv,656,02_District_wise_crimes_committed_against_ST_2014.csv::656,False,UNIQUE,Cyberabad,DISTRICT_OR_REPORTING_UNIT,VALID
Telangana,Karimnagar,2014,0,0,0,3,0,5,2,2,0,1,0,0,0,0,0,0,0,0,0,0,0,0,0,1,1,0,0,1,12,3,25,0,0,0,0,0,0,0,0,0,0,0,0,0,0,0,0,0,0,0,0,0,0,0,0,0,0,0,0,0,0,0,25,ST,02_District_wise_crimes_committed_against_ST_2014.csv,658,02_District_wise_crimes_committed_against_ST_2014.csv::658,False,UNIQUE,Karimnagar,DISTRICT_OR_REPORTING_UNIT,VALID
Telangana,Khammam,2014,0,3,0,7,0,9,0,1,0,1,7,1,0,0,0,0,0,0,0,0,0,0,1,2,2,0,0,2,25,4,54,0,0,0,0,0,0,0,0,0,0,0,0,0,0,0,0,0,0,0,0,0,0,0,0,0,0,0,0,0,0,0,54,ST,02_District_wise_crimes_committed_against_ST_2014.csv,659,02_District_wise_crimes_committed_against_ST_2014.csv::659,False,UNIQUE,Khammam,DISTRICT_OR_REPORTING_UNIT,VALID
Telangana,Mahaboob Nagar,2014,0,0,0,6,0,3,0,0,0,0,3,0,0,0,0,0,0,0,0,0,0,0,0,7,7,0,0,0,22,6,44,0,0,0,0,0,0,0,0,0,0,0,0,0,0,0,0,0,0,0,0,0,0,0,0,0,0,0,0,0,0,0,44,ST,02_District_wise_crimes_committed_against_ST_2014.csv,660,02_District_wise_crimes_committed_against_ST_2014.csv::660,False,UNIQUE,Mahaboob Nagar,DISTRICT_OR_REPORTING_UNIT,VALID
Telangana,Medak,2014,0,0,0,3,0,2,0,0,0,0,2,0,0,0,0,0,0,0,0,0,0,0,0,2,2,0,0,0,2,3,12,0,0,0,0,0,0,0,0,0,0,0,0,0,0,0,0,0,0,0,0,0,0,0,0,0,0,0,0,0,0,0,12,ST,02_District_wise_crimes_committed_against_ST_2014.csv,661,02_District_wise_crimes_committed_against_ST_2014.csv::661,False,UNIQUE,Medak,DISTRICT_OR_REPORTING_UNIT,VALID
Telangana,Nalgonda,2014,0,3,1,6,0,8,2,0,0,2,4,2,0,0,0,0,0,0,0,0,0,0,0,3,3,0,0,0,25,10,58,0,0,0,0,0,0,0,0,0,0,0,0,0,0,0,0,0,0,0,0,0,0,0,0,0,0,0,0,0,0,2,60,ST,02_District_wise_crimes_committed_against_ST_2014.csv,662,02_District_wise_crimes_committed_against_ST_2014.csv::662,False,UNIQUE,Nalgonda,DISTRICT_OR_REPORTING_UNIT,VALID
Telangana,Nizamabad,2014,0,0,0,0,0,4,1,0,0,0,3,0,0,0,0,0,0,0,0,0,0,0,0,0,0,0,0,0,9,3,16,6,2,2,0,7,0,0,0,0,7,7,0,0,0,0,0,0,0,0,0,0,2,4,4,0,0,8,190,228,0,0,244,ST,02_District_wise_crimes_committed_against_ST_2014.csv,663,02_District_wise_crimes_committed_against_ST_2014.csv::663,False,UNIQUE,Nizamabad,DISTRICT_OR_REPORTING_UNIT,VALID
Telangana,Ranga Reddy,2014,0,0,0,0,0,0,0,0,0,0,0,0,0,0,0,0,0,0,0,0,0,0,0,2,2,0,0,0,1,8,11,0,0,0,0,0,0,0,0,0,0,0,0,0,0,0,0,0,0,0,0,0,0,0,0,0,0,0,0,0,0,0,11,ST,02_District_wise_crimes_committed_against_ST_2014.csv,664,02_District_wise_crimes_committed_against_ST_2014.csv::664,False,UNIQUE,Ranga Reddy,DISTRICT_OR_REPORTING_UNIT,VALID
Telangana,Warangal,2014,0,0,0,2,0,1,0,0,0,0,1,0,1,0,0,0,0,1,0,0,0,0,0,3,3,0,0,0,12,7,26,0,0,0,0,0,0,0,0,0,0,0,0,0,0,0,0,0,0,0,0,0,0,0,0,0,0,0,0,0,0,0,26,ST,02_District_wise_crimes_committed_against_ST_2014.csv,666,02_District_wise_crimes_committed_against_ST_2014.csv::666,False,UNIQUE,Warangal,DISTRICT_OR_REPORTING_UNIT,VALID
Tripura,Dhalai,2014,0,0,0,0,0,0,0,0,0,0,0,0,0,0,0,0,0,0,0,0,0,0,0,0,0,0,0,0,0,0,0,0,0,7,0,9,3,1,0,1,4,0,2,0,0,0,0,2,0,0,0,0,0,0,0,0,0,0,0,18,0,0,18,ST,02_District_wise_crimes_committed_against_ST_2014.csv,669,02_District_wise_crimes_committed_against_ST_2014.csv::669,False,UNIQUE,Dhalai,DISTRICT_OR_REPORTING_UNIT,VALID
Tripura,Gomati,2014,0,0,0,0,0,0,0,0,0,0,0,0,0,0,0,0,0,0,0,0,0,0,0,0,0,0,0,0,0,0,0,0,0,0,0,0,0,0,0,0,0,0,0,0,0,0,0,0,0,0,0,0,0,0,0,0,0,0,0,0,0,0,0,ST,02_District_wise_crimes_committed_against_ST_2014.csv,670,02_District_wise_crimes_committed_against_ST_2014.csv::670,False,UNIQUE,Gomati,DISTRICT_OR_REPORTING_UNIT,VALID
Tripura,G. R. P.,2014,0,0,0,0,0,0,0,0,0,0,0,0,0,0,0,0,0,0,0,0,0,0,0,0,0,0,0,0,0,0,0,0,0,0,0,0,0,0,0,0,0,0,0,0,0,0,0,0,0,0,0,0,0,0,0,0,0,0,0,0,0,0,0,ST,02_District_wise_crimes_committed_against_ST_2014.csv,671,02_District_wise_crimes_committed_against_ST_2014.csv::671,False,UNIQUE,G. R. P.,DISTRICT_OR_REPORTING_UNIT,VALID
Tripura,Kowai,2014,0,0,0,0,0,0,0,0,0,0,0,0,0,0,0,0,0,0,0,0,0,0,0,0,0,0,0,0,0,0,0,0,0,0,0,0,0,0,0,0,0,0,0,0,0,0,0,0,0,0,0,0,0,0,0,0,0,0,0,0,0,0,0,ST,02_District_wise_crimes_committed_against_ST_2014.csv,672,02_District_wise_crimes_committed_against_ST_2014.csv::672,False,UNIQUE,Kowai,DISTRICT_OR_REPORTING_UNIT,VALID
Tripura,North,2014,0,0,0,0,0,0,0,0,0,0,0,0,0,0,0,0,0,0,0,0,0,0,0,0,0,0,0,0,0,0,0,0,0,0,0,0,0,0,0,0,0,0,0,0,0,0,0,0,0,0,0,0,0,0,0,0,0,0,0,0,0,0,0,ST,02_District_wise_crimes_committed_against_ST_2014.csv,673,02_District_wise_crimes_committed_against_ST_2014.csv::673,False,UNIQUE,North,DISTRICT_OR_REPORTING_UNIT,VALID
Tripura,Sipahijala,2014,0,0,0,0,0,0,0,0,0,0,0,0,0,0,0,0,0,0,0,0,0,0,0,0,0,0,0,0,0,0,0,0,0,0,0,0,0,0,0,0,0,0,0,0,0,0,0,0,0,0,0,0,0,0,0,0,0,0,0,0,0,0,0,ST,02_District_wise_crimes_committed_against_ST_2014.csv,674,02_District_wise_crimes_committed_against_ST_2014.csv::674,False,UNIQUE,Sipahijala,DISTRICT_OR_REPORTING_UNIT,VALID
Tripura,South,2014,0,0,0,0,0,0,0,0,0,0,0,0,0,0,0,0,0,0,0,0,0,0,0,0,0,0,0,0,0,0,0,0,0,0,0,0,0,0,0,0,0,0,0,0,0,0,0,0,0,0,0,0,0,0,0,0,0,0,0,0,0,0,0,ST,02_District_wise_crimes_committed_against_ST_2014.csv,675,02_District_wise_crimes_committed_against_ST_2014.csv::675,False,UNIQUE,South,DISTRICT_OR_REPORTING_UNIT,VALID
Tripura,Unakoti,2014,0,0,0,0,0,0,0,0,0,0,0,0,0,0,0,0,0,0,0,0,0,0,0,0,0,0,0,0,0,0,0,0,0,0,0,0,0,0,0,0,0,0,0,0,0,0,0,0,0,0,0,0,0,0,0,0,0,0,0,0,0,0,0,ST,02_District_wise_crimes_committed_against_ST_2014.csv,676,02_District_wise_crimes_committed_against_ST_2014.csv::676,False,UNIQUE,Unakoti,DISTRICT_OR_REPORTING_UNIT,VALID
Tripura,West,2014,0,0,0,0,0,0,0,0,0,0,0,0,0,0,0,0,0,0,0,0,0,0,0,0,0,0,0,0,0,0,0,0,0,0,0,0,0,0,0,0,0,0,0,0,0,0,0,0,0,0,0,0,0,0,0,0,0,0,0,0,0,0,0,ST,02_District_wise_crimes_committed_against_ST_2014.csv,677,02_District_wise_crimes_committed_against_ST_2014.csv::677,False,UNIQUE,West,DISTRICT_OR_REPORTING_UNIT,VALID
Uttar Pradesh,Agra,2014,0,0,0,0,0,0,0,0,0,0,0,0,0,0,0,0,0,0,0,0,0,0,0,0,0,0,0,0,0,0,0,0,0,0,0,0,0,0,0,0,0,0,0,0,0,0,0,0,0,0,0,0,0,0,0,0,0,0,0,0,0,0,0,ST,02_District_wise_crimes_committed_against_ST_2014.csv,679,02_District_wise_crimes_committed_against_ST_2014.csv::679,False,UNIQUE,Agra,DISTRICT_OR_REPORTING_UNIT,VALID
Uttar Pradesh,Aligarh,2014,0,0,0,0,0,0,0,0,0,0,0,0,0,0,0,0,0,0,0,0,0,0,0,0,0,0,0,0,0,0,0,0,0,0,0,0,0,0,0,0,0,0,0,0,0,0,0,0,0,0,0,0,0,0,0,0,0,0,0,0,0,0,0,ST,02_District_wise_crimes_committed_against_ST_2014.csv,680,02_District_wise_crimes_committed_against_ST_2014.csv::680,False,UNIQUE,Aligarh,DISTRICT_OR_REPORTING_UNIT,VALID
Uttar Pradesh,Allahabad,2014,0,0,0,0,0,0,0,0,0,0,0,0,0,0,0,0,0,0,0,0,0,0,0,0,0,0,0,0,0,0,0,0,0,0,0,0,0,0,0,0,0,0,0,0,0,0,0,0,0,0,0,0,0,0,0,0,0,0,0,0,0,0,0,ST,02_District_wise_crimes_committed_against_ST_2014.csv,681,02_District_wise_crimes_committed_against_ST_2014.csv::681,False,UNIQUE,Allahabad,DISTRICT_OR_REPORTING_UNIT,VALID
Uttar Pradesh,Ambedkar Nagar,2014,0,0,0,0,0,0,0,0,0,0,0,0,0,0,0,0,0,0,0,0,0,0,0,0,0,0,0,0,0,0,0,0,0,0,0,0,0,0,0,0,0,0,0,0,0,0,0,0,0,0,0,0,0,0,0,0,0,0,0,0,0,0,0,ST,02_District_wise_crimes_committed_against_ST_2014.csv,682,02_District_wise_crimes_committed_against_ST_2014.csv::682,False,UNIQUE,Ambedkar Nagar,DISTRICT_OR_REPORTING_UNIT,VALID
Uttar Pradesh,Amethi,2014,0,0,0,0,0,0,0,0,0,0,0,0,0,0,0,0,0,0,0,0,0,0,0,0,0,0,0,0,0,0,0,0,0,0,0,0,0,0,0,0,0,0,0,0,0,0,0,0,0,0,0,0,0,0,0,0,0,0,0,0,0,0,0,ST,02_District_wise_crimes_committed_against_ST_2014.csv,683,02_District_wise_crimes_committed_against_ST_2014.csv::683,False,UNIQUE,Amethi,DISTRICT_OR_REPORTING_UNIT,VALID
Uttar Pradesh,Amroha,2014,0,0,0,0,0,0,0,0,0,0,0,0,0,0,0,0,0,0,0,0,0,0,0,0,0,0,0,0,0,0,0,0,0,0,0,0,0,0,0,0,0,0,0,0,0,0,0,0,0,0,0,0,0,0,0,0,0,0,0,0,0,0,0,ST,02_District_wise_crimes_committed_against_ST_2014.csv,684,02_District_wise_crimes_committed_against_ST_2014.csv::684,False,UNIQUE,Amroha,DISTRICT_OR_REPORTING_UNIT,VALID
Uttar Pradesh,Auraiya,2014,0,0,0,0,0,0,0,0,0,0,0,0,0,0,0,0,0,0,0,0,0,0,0,0,0,0,0,0,0,0,0,0,0,0,0,0,0,0,0,0,0,0,0,0,0,0,0,0,0,0,0,0,0,0,0,0,0,0,0,0,0,0,0,ST,02_District_wise_crimes_committed_against_ST_2014.csv,685,02_District_wise_crimes_committed_against_ST_2014.csv::685,False,UNIQUE,Auraiya,DISTRICT_OR_REPORTING_UNIT,VALID
Uttar Pradesh,Azamgarh,2014,0,0,0,0,0,0,0,0,0,0,0,0,0,0,0,0,0,0,0,0,0,0,0,0,0,0,0,0,0,0,0,0,0,0,0,0,0,0,0,0,0,0,0,0,0,0,0,0,0,0,0,0,0,0,0,0,0,0,0,0,0,0,0,ST,02_District_wise_crimes_committed_against_ST_2014.csv,686,02_District_wise_crimes_committed_against_ST_2014.csv::686,False,UNIQUE,Azamgarh,DISTRICT_OR_REPORTING_UNIT,VALID
Uttar Pradesh,Badaun,2014,0,0,0,0,0,0,0,0,0,0,0,0,0,0,0,0,0,0,0,0,0,0,0,0,0,0,0,0,0,0,0,0,0,0,0,0,0,0,0,0,0,0,0,0,0,0,0,0,0,0,0,0,0,0,0,0,0,0,0,0,0,0,0,ST,02_District_wise_crimes_committed_against_ST_2014.csv,687,02_District_wise_crimes_committed_against_ST_2014.csv::687,False,UNIQUE,Badaun,DISTRICT_OR_REPORTING_UNIT,VALID
Uttar Pradesh,Baghpat,2014,0,0,0,0,0,0,0,0,0,0,0,0,0,0,0,0,0,0,0,0,0,0,0,0,0,0,0,0,0,0,0,0,0,0,0,0,0,0,0,0,0,0,0,0,0,0,0,0,0,0,0,0,0,0,0,0,0,0,0,0,0,0,0,ST,02_District_wise_crimes_committed_against_ST_2014.csv,688,02_District_wise_crimes_committed_against_ST_2014.csv::688,False,UNIQUE,Baghpat,DISTRICT_OR_REPORTING_UNIT,VALID
Uttar Pradesh,Bahraich,2014,0,0,0,0,0,0,0,0,0,0,0,0,0,0,0,0,0,0,0,0,0,0,0,0,0,0,0,0,0,0,0,0,0,0,0,0,0,0,0,0,0,0,0,0,0,0,0,0,0,0,0,0,0,0,0,0,0,0,0,0,0,0,0,ST,02_District_wise_crimes_committed_against_ST_2014.csv,689,02_District_wise_crimes_committed_against_ST_2014.csv::689,False,UNIQUE,Bahraich,DISTRICT_OR_REPORTING_UNIT,VALID
Uttar Pradesh,Ballia,2014,0,0,0,0,0,0,0,0,0,0,0,0,0,0,0,0,0,0,0,0,0,0,0,0,0,0,0,0,0,0,0,0,0,0,0,0,0,0,0,0,0,0,0,0,0,0,0,0,0,0,0,0,0,0,0,0,0,0,0,0,0,0,0,ST,02_District_wise_crimes_committed_against_ST_2014.csv,690,02_District_wise_crimes_committed_against_ST_2014.csv::690,False,UNIQUE,Ballia,DISTRICT_OR_REPORTING_UNIT,VALID
Uttar Pradesh,Balrampur,2014,0,0,0,0,0,0,0,0,0,0,0,0,0,0,0,0,0,0,0,0,0,0,0,0,0,0,0,0,0,0,0,0,0,0,0,0,0,0,0,0,0,0,0,0,0,0,0,0,0,0,0,0,0,0,0,0,0,0,0,0,0,0,0,ST,02_District_wise_crimes_committed_against_ST_2014.csv,691,02_District_wise_crimes_committed_against_ST_2014.csv::691,False,UNIQUE,Balrampur,DISTRICT_OR_REPORTING_UNIT,VALID
Uttar Pradesh,Banda,2014,0,0,0,0,0,0,0,0,0,0,0,0,0,0,0,0,0,0,0,0,0,0,0,0,0,0,0,0,0,0,0,0,0,0,0,0,0,0,0,0,0,0,0,0,0,0,0,0,0,0,0,0,0,0,0,0,0,0,0,0,0,0,0,ST,02_District_wise_crimes_committed_against_ST_2014.csv,692,02_District_wise_crimes_committed_against_ST_2014.csv::692,False,UNIQUE,Banda,DISTRICT_OR_REPORTING_UNIT,VALID
Uttar Pradesh,Barabanki,2014,0,0,0,0,0,0,0,0,0,0,0,0,0,0,0,0,0,0,0,0,0,0,0,0,0,0,0,0,0,0,0,0,0,0,0,0,0,0,0,0,0,0,0,0,0,0,0,0,0,0,0,0,0,0,0,0,0,0,0,0,0,0,0,ST,02_District_wise_crimes_committed_against_ST_2014.csv,693,02_District_wise_crimes_committed_against_ST_2014.csv::693,False,UNIQUE,Barabanki,DISTRICT_OR_REPORTING_UNIT,VALID
Uttar Pradesh,Bareilly,2014,0,0,0,0,0,0,0,0,0,0,0,0,0,0,0,0,0,0,0,0,0,0,0,0,0,0,0,0,0,0,0,0,0,0,0,0,0,0,0,0,0,0,0,0,0,0,0,0,0,0,0,0,0,0,0,0,0,0,0,0,0,0,0,ST,02_District_wise_crimes_committed_against_ST_2014.csv,694,02_District_wise_crimes_committed_against_ST_2014.csv::694,False,UNIQUE,Bareilly,DISTRICT_OR_REPORTING_UNIT,VALID
Uttar Pradesh,Basti,2014,0,0,0,0,0,0,0,0,0,0,0,0,0,0,0,0,0,0,0,0,0,0,0,0,0,0,0,0,0,0,0,0,0,0,0,0,0,0,0,0,0,0,0,0,0,0,0,0,0,0,0,0,0,0,0,0,0,0,0,0,0,0,0,ST,02_District_wise_crimes_committed_against_ST_2014.csv,695,02_District_wise_crimes_committed_against_ST_2014.csv::695,False,UNIQUE,Basti,DISTRICT_OR_REPORTING_UNIT,VALID
Uttar Pradesh,Bijnor,2014,0,0,0,0,0,0,0,0,0,0,0,0,0,0,0,0,0,0,0,0,0,0,0,0,0,0,0,0,0,0,0,0,0,0,0,0,0,0,0,0,0,0,0,0,0,0,0,0,0,0,0,0,0,0,0,0,0,0,0,0,0,0,0,ST,02_District_wise_crimes_committed_against_ST_2014.csv,696,02_District_wise_crimes_committed_against_ST_2014.csv::696,False,UNIQUE,Bijnor,DISTRICT_OR_REPORTING_UNIT,VALID
Uttar Pradesh,Bulandshahar,2014,0,0,0,0,0,0,0,0,0,0,0,0,0,0,0,0,0,0,0,0,0,0,0,0,0,0,0,0,0,0,0,0,0,0,0,0,0,0,0,0,0,0,0,0,0,0,0,0,0,0,0,0,0,0,0,0,0,0,0,0,0,0,0,ST,02_District_wise_crimes_committed_against_ST_2014.csv,697,02_District_wise_crimes_committed_against_ST_2014.csv::697,False,UNIQUE,Bulandshahar,DISTRICT_OR_REPORTING_UNIT,VALID
Uttar Pradesh,Chandoli,2014,0,0,0,0,0,0,0,0,0,0,0,0,0,0,0,0,0,0,0,0,0,0,0,0,0,0,0,0,0,0,0,0,0,0,0,0,0,0,0,0,0,0,0,0,0,0,0,0,0,0,0,0,0,0,0,0,0,0,0,0,0,0,0,ST,02_District_wise_crimes_committed_against_ST_2014.csv,698,02_District_wise_crimes_committed_against_ST_2014.csv::698,False,UNIQUE,Chandoli,DISTRICT_OR_REPORTING_UNIT,VALID
Uttar Pradesh,Chitrakoot,2014,0,0,0,0,0,0,0,0,0,0,0,0,0,0,0,0,0,0,0,0,0,0,0,0,0,0,0,0,0,0,0,0,0,0,0,0,0,0,0,0,0,0,0,0,0,0,0,0,0,0,0,0,0,0,0,0,0,0,0,0,0,0,0,ST,02_District_wise_crimes_committed_against_ST_2014.csv,699,02_District_wise_crimes_committed_against_ST_2014.csv::699,False,UNIQUE,Chitrakoot,DISTRICT_OR_REPORTING_UNIT,VALID
Uttar Pradesh,Deoria,2014,0,0,0,0,0,0,0,0,0,0,0,0,0,0,0,0,0,0,0,0,0,0,0,0,0,0,0,0,0,0,0,0,0,0,0,0,0,0,0,0,0,0,0,0,0,0,0,0,0,0,0,0,0,0,0,0,0,0,0,0,0,0,0,ST,02_District_wise_crimes_committed_against_ST_2014.csv,700,02_District_wise_crimes_committed_against_ST_2014.csv::700,False,UNIQUE,Deoria,DISTRICT_OR_REPORTING_UNIT,VALID
Uttar Pradesh,Etah,2014,0,0,0,0,0,0,0,0,0,0,0,0,0,0,0,0,0,0,0,0,0,0,0,0,0,0,0,0,0,0,0,0,0,0,0,0,0,0,0,0,0,0,0,0,0,0,0,0,0,0,0,0,0,0,0,0,0,0,0,0,0,0,0,ST,02_District_wise_crimes_committed_against_ST_2014.csv,701,02_District_wise_crimes_committed_against_ST_2014.csv::701,False,UNIQUE,Etah,DISTRICT_OR_REPORTING_UNIT,VALID
Uttar Pradesh,Etawah,2014,0,0,0,0,0,0,0,0,0,0,0,0,0,0,0,0,0,0,0,0,0,0,0,0,0,0,0,0,0,0,0,0,0,0,0,0,0,0,0,0,0,0,0,0,0,0,0,0,0,0,0,0,0,0,0,0,0,0,0,0,0,0,0,ST,02_District_wise_crimes_committed_against_ST_2014.csv,702,02_District_wise_crimes_committed_against_ST_2014.csv::702,False,UNIQUE,Etawah,DISTRICT_OR_REPORTING_UNIT,VALID
Uttar Pradesh,Faizabad,2014,0,0,0,0,0,0,0,0,0,0,0,0,0,0,0,0,0,0,0,0,0,0,0,0,0,0,0,0,0,0,0,0,0,0,0,0,0,0,0,0,0,0,0,0,0,0,0,0,0,0,0,0,0,0,0,0,0,0,0,0,0,0,0,ST,02_District_wise_crimes_committed_against_ST_2014.csv,703,02_District_wise_crimes_committed_against_ST_2014.csv::703,False,UNIQUE,Faizabad,DISTRICT_OR_REPORTING_UNIT,VALID
Uttar Pradesh,Fatehgarh,2014,0,0,0,0,0,0,0,0,0,0,0,0,0,0,0,0,0,0,0,0,0,0,0,0,0,0,0,0,0,0,0,0,0,0,0,0,0,0,0,0,0,0,0,0,0,0,0,0,0,0,0,0,0,0,0,0,0,0,0,0,0,0,0,ST,02_District_wise_crimes_committed_against_ST_2014.csv,704,02_District_wise_crimes_committed_against_ST_2014.csv::704,False,UNIQUE,Fatehgarh,DISTRICT_OR_REPORTING_UNIT,VALID
Uttar Pradesh,Fatehpur,2014,0,0,0,0,0,0,0,0,0,0,0,0,0,0,0,0,0,0,0,0,0,0,0,0,0,0,0,0,0,0,0,0,0,0,0,0,0,0,0,0,0,0,0,0,0,0,0,0,0,0,0,0,0,0,0,0,0,0,0,0,0,0,0,ST,02_District_wise_crimes_committed_against_ST_2014.csv,705,02_District_wise_crimes_committed_against_ST_2014.csv::705,False,UNIQUE,Fatehpur,DISTRICT_OR_REPORTING_UNIT,VALID
Uttar Pradesh,Firozabad,2014,0,0,0,0,0,0,0,0,0,0,0,0,0,0,0,0,0,0,0,0,0,0,0,0,0,0,0,0,0,0,0,0,0,0,0,0,0,0,0,0,0,0,0,0,0,0,0,0,0,0,0,0,0,0,0,0,0,0,0,0,0,0,0,ST,02_District_wise_crimes_committed_against_ST_2014.csv,706,02_District_wise_crimes_committed_against_ST_2014.csv::706,False,UNIQUE,Firozabad,DISTRICT_OR_REPORTING_UNIT,VALID
Uttar Pradesh,G. R. P.,2014,0,0,0,0,0,0,0,0,0,0,0,0,0,0,0,0,0,0,0,0,0,0,0,0,0,0,0,0,0,0,0,0,0,0,0,0,0,0,0,0,0,0,0,0,0,0,0,0,0,0,0,0,0,0,0,0,0,0,0,0,0,0,0,ST,02_District_wise_crimes_committed_against_ST_2014.csv,707,02_District_wise_crimes_committed_against_ST_2014.csv::707,False,UNIQUE,G. R. P.,DISTRICT_OR_REPORTING_UNIT,VALID
Uttar Pradesh,Gautambudh Nagar,2014,0,0,0,0,0,0,0,0,0,0,0,0,0,0,0,0,0,0,0,0,0,0,0,0,0,0,0,0,0,0,0,0,0,0,0,0,0,0,0,0,0,0,0,0,0,0,0,0,0,0,0,0,0,0,0,0,0,0,0,0,0,0,0,ST,02_District_wise_crimes_committed_against_ST_2014.csv,708,02_District_wise_crimes_committed_against_ST_2014.csv::708,False,UNIQUE,Gautambudh Nagar,DISTRICT_OR_REPORTING_UNIT,VALID
Uttar Pradesh,Ghaziabad,2014,0,0,0,0,0,0,0,0,0,0,0,0,0,0,0,0,0,0,0,0,0,0,0,0,0,0,0,0,0,0,0,0,0,0,0,0,0,0,0,0,0,0,0,0,0,0,0,0,0,0,0,0,0,0,0,0,0,0,0,0,0,0,0,ST,02_District_wise_crimes_committed_against_ST_2014.csv,709,02_District_wise_crimes_committed_against_ST_2014.csv::709,False,UNIQUE,Ghaziabad,DISTRICT_OR_REPORTING_UNIT,VALID
Uttar Pradesh,Ghazipur,2014,0,0,0,0,0,0,0,0,0,0,0,0,0,0,0,0,0,0,0,0,0,0,0,0,0,0,0,0,0,0,0,0,0,0,0,0,0,0,0,0,0,0,0,0,0,0,0,0,0,0,0,0,0,0,0,0,0,0,0,0,0,0,0,ST,02_District_wise_crimes_committed_against_ST_2014.csv,710,02_District_wise_crimes_committed_against_ST_2014.csv::710,False,UNIQUE,Ghazipur,DISTRICT_OR_REPORTING_UNIT,VALID
Uttar Pradesh,Gonda,2014,0,0,0,0,0,0,0,0,0,0,0,0,0,0,0,0,0,0,0,0,0,0,0,0,0,0,0,0,0,0,0,0,0,0,0,0,0,0,0,0,0,0,0,0,0,0,0,0,0,0,0,0,0,0,0,0,0,0,0,0,0,0,0,ST,02_District_wise_crimes_committed_against_ST_2014.csv,711,02_District_wise_crimes_committed_against_ST_2014.csv::711,False,UNIQUE,Gonda,DISTRICT_OR_REPORTING_UNIT,VALID
Uttar Pradesh,Gorakhpur,2014,0,0,0,0,0,0,0,0,0,0,0,0,0,0,0,0,0,0,0,0,0,0,0,0,0,0,0,0,0,0,0,0,0,0,0,0,0,0,0,0,0,0,0,0,0,0,0,0,0,0,0,0,0,0,0,0,0,0,0,0,0,0,0,ST,02_District_wise_crimes_committed_against_ST_2014.csv,712,02_District_wise_crimes_committed_against_ST_2014.csv::712,False,UNIQUE,Gorakhpur,DISTRICT_OR_REPORTING_UNIT,VALID
Uttar Pradesh,Hamirpur,2014,0,0,0,0,0,0,0,0,0,0,0,0,0,0,0,0,0,0,0,0,0,0,0,0,0,0,0,0,0,0,0,0,0,0,0,0,0,0,0,0,0,0,0,0,0,0,0,0,0,0,0,0,0,0,0,0,0,0,0,0,0,0,0,ST,02_District_wise_crimes_committed_against_ST_2014.csv,713,02_District_wise_crimes_committed_against_ST_2014.csv::713,False,UNIQUE,Hamirpur,DISTRICT_OR_REPORTING_UNIT,VALID
Uttar Pradesh,Hapur,2014,0,0,0,0,0,0,0,0,0,0,0,0,0,0,0,0,0,0,0,0,0,0,0,0,0,0,0,0,0,0,0,0,0,0,0,0,0,0,0,0,0,0,0,0,0,0,0,0,0,0,0,0,0,0,0,0,0,0,0,0,0,0,0,ST,02_District_wise_crimes_committed_against_ST_2014.csv,714,02_District_wise_crimes_committed_against_ST_2014.csv::714,False,UNIQUE,Hapur,DISTRICT_OR_REPORTING_UNIT,VALID
Uttar Pradesh,Hardoi,2014,0,0,0,0,0,0,0,0,0,0,0,0,0,0,0,0,0,0,0,0,0,0,0,0,0,0,0,0,0,0,0,0,0,0,0,0,0,0,0,0,0,0,0,0,0,0,0,0,0,0,0,0,0,0,0,0,0,0,0,0,0,0,0,ST,02_District_wise_crimes_committed_against_ST_2014.csv,715,02_District_wise_crimes_committed_against_ST_2014.csv::715,False,UNIQUE,Hardoi,DISTRICT_OR_REPORTING_UNIT,VALID
Uttar Pradesh,Hathras,2014,0,0,0,0,0,0,0,0,0,0,0,0,0,0,0,0,0,0,0,0,0,0,0,0,0,0,0,0,0,0,0,0,0,0,0,0,0,0,0,0,0,0,0,0,0,0,0,0,0,0,0,0,0,0,0,0,0,0,0,0,0,0,0,ST,02_District_wise_crimes_committed_against_ST_2014.csv,716,02_District_wise_crimes_committed_against_ST_2014.csv::716,False,UNIQUE,Hathras,DISTRICT_OR_REPORTING_UNIT,VALID
Uttar Pradesh,Jalaun,2014,0,0,0,0,0,0,0,0,0,0,0,0,0,0,0,0,0,0,0,0,0,0,0,0,0,0,0,0,0,0,0,0,0,0,0,0,0,0,0,0,0,0,0,0,0,0,0,0,0,0,0,0,0,0,0,0,0,0,0,0,0,0,0,ST,02_District_wise_crimes_committed_against_ST_2014.csv,717,02_District_wise_crimes_committed_against_ST_2014.csv::717,False,UNIQUE,Jalaun,DISTRICT_OR_REPORTING_UNIT,VALID
Uttar Pradesh,Jaunpur,2014,0,0,0,0,0,0,0,0,0,0,0,0,0,0,0,0,0,0,0,0,0,0,0,0,0,0,0,0,0,0,0,0,0,0,0,0,0,0,0,0,0,0,0,0,0,0,0,0,0,0,0,0,0,0,0,0,0,0,0,0,0,0,0,ST,02_District_wise_crimes_committed_against_ST_2014.csv,718,02_District_wise_crimes_committed_against_ST_2014.csv::718,False,UNIQUE,Jaunpur,DISTRICT_OR_REPORTING_UNIT,VALID
Uttar Pradesh,Jhansi,2014,0,0,0,0,0,0,0,0,0,0,0,0,0,0,0,0,0,0,0,0,0,0,0,0,0,0,0,0,0,0,0,0,0,0,0,0,0,0,0,0,0,0,0,0,0,0,0,0,0,0,0,0,0,0,0,0,0,0,0,0,0,0,0,ST,02_District_wise_crimes_committed_against_ST_2014.csv,719,02_District_wise_crimes_committed_against_ST_2014.csv::719,False,UNIQUE,Jhansi,DISTRICT_OR_REPORTING_UNIT,VALID
Uttar Pradesh,Kannauj,2014,0,0,0,0,0,0,0,0,0,0,0,0,0,0,0,0,0,0,0,0,0,0,0,0,0,0,0,0,0,0,0,0,0,0,0,0,0,0,0,0,0,0,0,0,0,0,0,0,0,0,0,0,0,0,0,0,0,0,0,0,0,0,0,ST,02_District_wise_crimes_committed_against_ST_2014.csv,720,02_District_wise_crimes_committed_against_ST_2014.csv::720,False,UNIQUE,Kannauj,DISTRICT_OR_REPORTING_UNIT,VALID
Uttar Pradesh,Kanpur Dehat,2014,0,0,0,0,0,0,0,0,0,0,0,0,0,0,0,0,0,0,0,0,0,0,0,0,0,0,0,0,0,0,0,0,0,0,0,0,0,0,0,0,0,0,0,0,0,0,0,0,0,0,0,0,0,0,0,0,0,0,0,0,0,0,0,ST,02_District_wise_crimes_committed_against_ST_2014.csv,721,02_District_wise_crimes_committed_against_ST_2014.csv::721,False,UNIQUE,Kanpur Dehat,DISTRICT_OR_REPORTING_UNIT,VALID
Uttar Pradesh,Kanpur Nagar,2014,0,0,0,0,0,0,0,0,0,0,0,0,0,0,0,0,0,0,0,0,0,0,0,0,0,0,0,0,0,0,0,0,0,0,0,0,0,0,0,0,0,0,0,0,0,0,0,0,0,0,0,0,0,0,0,0,0,0,0,0,0,0,0,ST,02_District_wise_crimes_committed_against_ST_2014.csv,722,02_District_wise_crimes_committed_against_ST_2014.csv::722,False,UNIQUE,Kanpur Nagar,DISTRICT_OR_REPORTING_UNIT,VALID
Uttar Pradesh,Kasganj,2014,0,0,0,0,0,0,0,0,0,0,0,0,0,0,0,0,0,0,0,0,0,0,0,0,0,0,0,0,0,0,0,0,0,0,0,0,0,0,0,0,0,0,0,0,0,0,0,0,0,0,0,0,0,0,0,0,0,0,0,0,0,0,0,ST,02_District_wise_crimes_committed_against_ST_2014.csv,723,02_District_wise_crimes_committed_against_ST_2014.csv::723,False,UNIQUE,Kasganj,DISTRICT_OR_REPORTING_UNIT,VALID
Uttar Pradesh,Kaushambi,2014,0,0,0,0,0,0,0,0,0,0,0,0,0,0,0,0,0,0,0,0,0,0,0,0,0,0,0,0,0,0,0,0,0,0,0,0,0,0,0,0,0,0,0,0,0,0,0,0,0,0,0,0,0,0,0,0,0,0,0,0,0,0,0,ST,02_District_wise_crimes_committed_against_ST_2014.csv,724,02_District_wise_crimes_committed_against_ST_2014.csv::724,False,UNIQUE,Kaushambi,DISTRICT_OR_REPORTING_UNIT,VALID
Uttar Pradesh,Khiri,2014,0,0,0,0,0,0,0,0,0,0,0,0,0,0,0,0,0,0,0,0,0,0,0,0,0,0,0,0,0,0,0,0,0,0,0,0,0,0,0,0,0,0,0,0,0,0,0,0,0,0,0,0,0,0,0,0,0,0,0,0,0,0,0,ST,02_District_wise_crimes_committed_against_ST_2014.csv,725,02_District_wise_crimes_committed_against_ST_2014.csv::725,False,UNIQUE,Khiri,DISTRICT_OR_REPORTING_UNIT,VALID
Uttar Pradesh,Kushi Nagar,2014,0,0,0,0,0,0,0,0,0,0,0,0,0,0,0,0,0,0,0,0,0,0,0,0,0,0,0,0,0,0,0,0,0,0,0,0,0,0,0,0,0,0,0,0,0,0,0,0,0,0,0,0,0,0,0,0,0,0,0,0,0,0,0,ST,02_District_wise_crimes_committed_against_ST_2014.csv,726,02_District_wise_crimes_committed_against_ST_2014.csv::726,False,UNIQUE,Kushi Nagar,DISTRICT_OR_REPORTING_UNIT,VALID
Uttar Pradesh,Lalitpur,2014,0,0,0,0,0,0,0,0,0,0,0,0,0,0,0,0,0,0,0,0,0,0,0,0,0,0,0,0,0,0,0,0,0,0,0,0,0,0,0,0,0,0,0,0,0,0,0,0,0,0,0,0,0,0,0,0,0,0,0,0,0,0,0,ST,02_District_wise_crimes_committed_against_ST_2014.csv,727,02_District_wise_crimes_committed_against_ST_2014.csv::727,False,UNIQUE,Lalitpur,DISTRICT_OR_REPORTING_UNIT,VALID
Uttar Pradesh,Lucknow,2014,0,0,0,0,0,0,0,0,0,0,0,0,0,0,0,0,0,0,0,0,0,0,0,0,0,0,0,0,0,19,19,0,0,0,0,0,0,0,0,0,0,0,0,0,0,0,0,0,0,0,0,0,0,0,0,0,0,0,0,0,0,0,19,ST,02_District_wise_crimes_committed_against_ST_2014.csv,728,02_District_wise_crimes_committed_against_ST_2014.csv::728,False,UNIQUE,Lucknow,DISTRICT_OR_REPORTING_UNIT,VALID
Uttar Pradesh,Maharajganj,2014,0,1,0,0,0,0,0,0,0,0,0,0,0,0,0,0,0,0,0,0,0,0,0,0,0,0,0,0,0,0,1,0,0,0,0,0,0,0,0,0,0,0,0,0,0,0,0,0,0,0,0,0,0,0,0,0,0,0,0,0,0,0,1,ST,02_District_wise_crimes_committed_against_ST_2014.csv,729,02_District_wise_crimes_committed_against_ST_2014.csv::729,False,UNIQUE,Maharajganj,DISTRICT_OR_REPORTING_UNIT,VALID
Uttar Pradesh,Mahoba,2014,0,0,0,0,0,0,0,0,0,0,0,0,0,0,0,0,0,0,0,0,0,0,0,0,0,0,0,0,0,0,0,0,0,0,0,0,0,0,0,0,0,0,0,0,0,0,0,0,0,0,0,0,0,0,0,0,0,0,0,0,0,0,0,ST,02_District_wise_crimes_committed_against_ST_2014.csv,730,02_District_wise_crimes_committed_against_ST_2014.csv::730,False,UNIQUE,Mahoba,DISTRICT_OR_REPORTING_UNIT,VALID
Uttar Pradesh,Mainpuri,2014,0,0,0,0,0,0,0,0,0,0,0,0,0,0,0,0,0,0,0,0,0,0,0,0,0,0,0,0,0,0,0,0,0,0,0,0,0,0,0,0,0,0,0,0,0,0,0,0,0,0,0,0,0,0,0,0,0,0,0,0,0,0,0,ST,02_District_wise_crimes_committed_against_ST_2014.csv,731,02_District_wise_crimes_committed_against_ST_2014.csv::731,False,UNIQUE,Mainpuri,DISTRICT_OR_REPORTING_UNIT,VALID
Uttar Pradesh,Mathura,2014,0,0,0,0,0,0,0,0,0,0,0,0,0,0,0,0,0,0,0,0,0,0,0,0,0,0,0,0,0,0,0,0,0,0,0,0,0,0,0,0,0,0,0,0,0,0,0,0,0,0,0,0,0,0,0,0,0,0,0,0,0,0,0,ST,02_District_wise_crimes_committed_against_ST_2014.csv,732,02_District_wise_crimes_committed_against_ST_2014.csv::732,False,UNIQUE,Mathura,DISTRICT_OR_REPORTING_UNIT,VALID
Uttar Pradesh,Mau,2014,0,0,0,0,0,0,0,0,0,0,0,0,0,0,0,0,0,0,0,0,0,0,0,0,0,0,0,0,0,0,0,0,0,0,0,0,0,0,0,0,0,0,0,0,0,0,0,0,0,0,0,0,0,0,0,0,0,0,0,0,0,0,0,ST,02_District_wise_crimes_committed_against_ST_2014.csv,733,02_District_wise_crimes_committed_against_ST_2014.csv::733,False,UNIQUE,Mau,DISTRICT_OR_REPORTING_UNIT,VALID
Uttar Pradesh,Meerut,2014,0,0,0,0,0,0,0,0,0,0,0,0,0,0,0,0,0,0,0,0,0,0,0,0,0,0,0,0,0,0,0,0,0,0,0,0,0,0,0,0,0,0,0,0,0,0,0,0,0,0,0,0,0,0,0,0,0,0,0,0,0,0,0,ST,02_District_wise_crimes_committed_against_ST_2014.csv,734,02_District_wise_crimes_committed_against_ST_2014.csv::734,False,UNIQUE,Meerut,DISTRICT_OR_REPORTING_UNIT,VALID
Uttar Pradesh,Mirzapur,2014,0,0,0,0,0,0,0,0,0,0,0,0,0,0,0,0,0,0,0,0,0,0,0,0,0,0,0,0,0,0,0,0,0,0,0,0,0,0,0,0,0,0,0,0,0,0,0,0,0,0,0,0,0,0,0,0,0,0,0,0,0,0,0,ST,02_District_wise_crimes_committed_against_ST_2014.csv,735,02_District_wise_crimes_committed_against_ST_2014.csv::735,False,UNIQUE,Mirzapur,DISTRICT_OR_REPORTING_UNIT,VALID
Uttar Pradesh,Moradabad,2014,0,0,0,0,0,0,0,0,0,0,0,0,0,0,0,0,0,0,0,0,0,0,0,0,0,0,0,0,0,0,0,0,0,0,0,0,0,0,0,0,0,0,0,0,0,0,0,0,0,0,0,0,0,0,0,0,0,0,0,0,0,0,0,ST,02_District_wise_crimes_committed_against_ST_2014.csv,736,02_District_wise_crimes_committed_against_ST_2014.csv::736,False,UNIQUE,Moradabad,DISTRICT_OR_REPORTING_UNIT,VALID
Uttar Pradesh,Muzaffarnagar,2014,0,0,0,0,0,0,0,0,0,0,0,0,0,0,0,0,0,0,0,0,0,0,0,0,0,0,0,0,0,0,0,0,0,0,0,0,0,0,0,0,0,0,0,0,0,0,0,0,0,0,0,0,0,0,0,0,0,0,0,0,0,0,0,ST,02_District_wise_crimes_committed_against_ST_2014.csv,737,02_District_wise_crimes_committed_against_ST_2014.csv::737,False,UNIQUE,Muzaffarnagar,DISTRICT_OR_REPORTING_UNIT,VALID
Uttar Pradesh,Pilibhit,2014,0,0,0,0,0,0,0,0,0,0,0,0,0,0,0,0,0,0,0,0,0,0,0,0,0,0,0,0,0,0,0,0,0,0,0,0,0,0,0,0,0,0,0,0,0,0,0,0,0,0,0,0,0,0,0,0,0,0,0,0,0,0,0,ST,02_District_wise_crimes_committed_against_ST_2014.csv,738,02_District_wise_crimes_committed_against_ST_2014.csv::738,False,UNIQUE,Pilibhit,DISTRICT_OR_REPORTING_UNIT,VALID
Uttar Pradesh,Pratapgarh,2014,0,0,0,0,0,0,0,0,0,0,0,0,0,0,0,0,0,0,0,0,0,0,0,0,0,0,0,0,0,0,0,0,0,0,0,0,0,0,0,0,0,0,0,0,0,0,0,0,0,0,0,0,0,0,0,0,0,0,0,0,0,0,0,ST,02_District_wise_crimes_committed_against_ST_2014.csv,739,02_District_wise_crimes_committed_against_ST_2014.csv::739,False,UNIQUE,Pratapgarh,DISTRICT_OR_REPORTING_UNIT,VALID
Uttar Pradesh,Raibareilly,2014,0,0,0,0,0,0,0,0,0,0,0,0,0,0,0,0,0,0,0,0,0,0,0,0,0,0,0,0,0,0,0,0,0,0,0,0,0,0,0,0,0,0,0,0,0,0,0,0,0,0,0,0,0,0,0,0,0,0,0,0,0,0,0,ST,02_District_wise_crimes_committed_against_ST_2014.csv,740,02_District_wise_crimes_committed_against_ST_2014.csv::740,False,UNIQUE,Raibareilly,DISTRICT_OR_REPORTING_UNIT,VALID
Uttar Pradesh,Rampur,2014,0,0,0,0,0,0,0,0,0,0,0,0,0,0,0,0,0,0,0,0,0,0,0,0,0,0,0,0,0,0,0,0,0,0,0,0,0,0,0,0,0,0,0,0,0,0,0,0,0,0,0,0,0,0,0,0,0,0,0,0,0,0,0,ST,02_District_wise_crimes_committed_against_ST_2014.csv,741,02_District_wise_crimes_committed_against_ST_2014.csv::741,False,UNIQUE,Rampur,DISTRICT_OR_REPORTING_UNIT,VALID
Uttar Pradesh,Saharanpur,2014,0,0,0,0,0,0,0,0,0,0,0,0,0,0,0,0,0,0,0,0,0,0,0,0,0,0,0,0,0,0,0,0,0,0,0,0,0,0,0,0,0,0,0,0,0,0,0,0,0,0,0,0,0,0,0,0,0,0,0,0,0,0,0,ST,02_District_wise_crimes_committed_against_ST_2014.csv,742,02_District_wise_crimes_committed_against_ST_2014.csv::742,False,UNIQUE,Saharanpur,DISTRICT_OR_REPORTING_UNIT,VALID
Uttar Pradesh,Sambhal,2014,0,0,0,0,0,0,0,0,0,0,0,0,0,0,0,0,0,0,0,0,0,0,0,0,0,0,0,0,0,0,0,0,0,0,0,0,0,0,0,0,0,0,0,0,0,0,0,0,0,0,0,0,0,0,0,0,0,0,0,0,0,0,0,ST,02_District_wise_crimes_committed_against_ST_2014.csv,743,02_District_wise_crimes_committed_against_ST_2014.csv::743,False,UNIQUE,Sambhal,DISTRICT_OR_REPORTING_UNIT,VALID
Uttar Pradesh,Sant Kabirnagar,2014,0,0,0,0,0,0,0,0,0,0,0,0,0,0,0,0,0,0,0,0,0,0,0,0,0,0,0,0,0,0,0,0,0,0,0,0,0,0,0,0,0,0,0,0,0,0,0,0,0,0,0,0,0,0,0,0,0,0,0,0,0,0,0,ST,02_District_wise_crimes_committed_against_ST_2014.csv,744,02_District_wise_crimes_committed_against_ST_2014.csv::744,False,UNIQUE,Sant Kabirnagar,DISTRICT_OR_REPORTING_UNIT,VALID
Uttar Pradesh,Shahjahanpur,2014,0,0,0,0,0,0,0,0,0,0,0,0,0,0,0,0,0,0,0,0,0,0,0,0,0,0,0,0,0,0,0,0,0,0,0,0,0,0,0,0,0,0,0,0,0,0,0,0,0,0,0,0,0,0,0,0,0,0,0,0,0,0,0,ST,02_District_wise_crimes_committed_against_ST_2014.csv,745,02_District_wise_crimes_committed_against_ST_2014.csv::745,False,UNIQUE,Shahjahanpur,DISTRICT_OR_REPORTING_UNIT,VALID
Uttar Pradesh,Shamli,2014,0,0,0,0,0,0,0,0,0,0,0,0,0,0,0,0,0,0,0,0,0,0,0,0,0,0,0,0,0,0,0,0,0,0,0,0,0,0,0,0,0,0,0,0,0,0,0,0,0,0,0,0,0,0,0,0,0,0,0,0,0,0,0,ST,02_District_wise_crimes_committed_against_ST_2014.csv,746,02_District_wise_crimes_committed_against_ST_2014.csv::746,False,UNIQUE,Shamli,DISTRICT_OR_REPORTING_UNIT,VALID
Uttar Pradesh,Shrawasti,2014,0,0,0,0,0,0,0,0,0,0,0,0,0,0,0,0,0,0,0,0,0,0,0,0,0,0,0,0,0,0,0,0,0,0,0,0,0,0,0,0,0,0,0,0,0,0,0,0,0,0,0,0,0,0,0,0,0,0,0,0,0,0,0,ST,02_District_wise_crimes_committed_against_ST_2014.csv,747,02_District_wise_crimes_committed_against_ST_2014.csv::747,False,UNIQUE,Shrawasti,DISTRICT_OR_REPORTING_UNIT,VALID
Uttar Pradesh,Sidharthnagar,2014,0,0,0,0,0,0,0,0,0,0,0,0,0,0,0,0,0,0,0,0,0,0,0,0,0,0,0,0,0,0,0,0,0,0,0,0,0,0,0,0,0,0,0,0,0,0,0,0,0,0,0,0,0,0,0,0,0,0,0,0,0,0,0,ST,02_District_wise_crimes_committed_against_ST_2014.csv,748,02_District_wise_crimes_committed_against_ST_2014.csv::748,False,UNIQUE,Sidharthnagar,DISTRICT_OR_REPORTING_UNIT,VALID
Uttar Pradesh,Sitapur,2014,0,0,0,0,0,0,0,0,0,0,0,0,0,0,0,0,0,0,0,0,0,0,0,0,0,0,0,0,0,0,0,0,0,0,0,0,0,0,0,0,0,0,0,0,0,0,0,0,0,0,0,0,0,0,0,0,0,0,0,0,0,0,0,ST,02_District_wise_crimes_committed_against_ST_2014.csv,749,02_District_wise_crimes_committed_against_ST_2014.csv::749,False,UNIQUE,Sitapur,DISTRICT_OR_REPORTING_UNIT,VALID
Uttar Pradesh,Sonbhadra,2014,0,0,0,0,0,0,0,0,0,0,0,0,0,0,0,0,0,0,0,0,0,0,0,0,0,0,0,0,0,4,4,0,0,0,0,0,0,0,0,0,0,0,0,0,0,0,0,0,0,0,0,0,0,0,0,0,0,0,0,0,0,0,4,ST,02_District_wise_crimes_committed_against_ST_2014.csv,750,02_District_wise_crimes_committed_against_ST_2014.csv::750,False,UNIQUE,Sonbhadra,DISTRICT_OR_REPORTING_UNIT,VALID
Uttar Pradesh,St.Ravidasnagar,2014,0,0,0,0,0,0,0,0,0,0,0,0,0,0,0,0,0,0,0,0,0,0,0,0,0,0,0,0,0,0,0,0,0,0,0,0,0,0,0,0,0,0,0,0,0,0,0,0,0,0,0,0,0,0,0,0,0,0,0,0,0,0,0,ST,02_District_wise_crimes_committed_against_ST_2014.csv,751,02_District_wise_crimes_committed_against_ST_2014.csv::751,False,UNIQUE,St.Ravidasnagar,DISTRICT_OR_REPORTING_UNIT,VALID
Uttar Pradesh,Sultanpur,2014,0,0,0,0,0,0,0,0,0,0,0,0,0,0,0,0,0,0,0,0,0,0,0,0,0,0,0,0,0,0,0,0,0,0,0,0,0,0,0,0,0,0,0,0,0,0,0,0,0,0,0,0,0,0,0,0,0,0,0,0,0,0,0,ST,02_District_wise_crimes_committed_against_ST_2014.csv,752,02_District_wise_crimes_committed_against_ST_2014.csv::752,False,UNIQUE,Sultanpur,DISTRICT_OR_REPORTING_UNIT,VALID
Uttar Pradesh,Unnao,2014,0,0,0,0,0,0,0,0,0,0,0,0,0,0,0,0,0,0,0,0,0,0,0,0,0,0,0,0,0,0,0,0,0,0,0,0,0,0,0,0,0,0,0,0,0,0,0,0,0,0,0,0,0,0,0,0,0,0,0,0,0,0,0,ST,02_District_wise_crimes_committed_against_ST_2014.csv,753,02_District_wise_crimes_committed_against_ST_2014.csv::753,False,UNIQUE,Unnao,DISTRICT_OR_REPORTING_UNIT,VALID
Uttar Pradesh,Varanasi,2014,0,0,0,0,0,0,0,0,0,0,0,0,0,0,0,0,0,0,0,0,0,0,0,0,0,0,0,0,0,0,0,0,0,0,0,0,0,0,0,0,0,0,0,0,0,0,0,0,0,0,0,0,0,0,0,0,0,0,0,0,0,0,0,ST,02_District_wise_crimes_committed_against_ST_2014.csv,754,02_District_wise_crimes_committed_against_ST_2014.csv::754,False,UNIQUE,Varanasi,DISTRICT_OR_REPORTING_UNIT,VALID
Uttarakhand,Almora,2014,0,0,0,0,0,0,0,0,0,0,0,0,0,0,0,0,0,0,0,0,0,0,0,0,0,0,0,0,0,0,0,0,0,0,0,0,0,0,0,0,0,0,0,0,0,0,0,0,0,0,0,0,0,0,0,0,0,0,0,0,0,0,0,ST,02_District_wise_crimes_committed_against_ST_2014.csv,756,02_District_wise_crimes_committed_against_ST_2014.csv::756,False,UNIQUE,Almora,DISTRICT_OR_REPORTING_UNIT,VALID
Uttarakhand,Bageshwar,2014,0,0,0,0,0,0,0,0,0,0,0,0,0,0,0,0,0,0,0,0,0,0,0,0,0,0,0,0,0,0,0,0,0,0,0,0,0,0,0,0,0,0,0,0,0,0,0,0,0,0,0,0,0,0,0,0,0,0,0,0,0,0,0,ST,02_District_wise_crimes_committed_against_ST_2014.csv,757,02_District_wise_crimes_committed_against_ST_2014.csv::757,False,UNIQUE,Bageshwar,DISTRICT_OR_REPORTING_UNIT,VALID
Uttarakhand,Chamoli,2014,0,0,0,0,0,0,0,0,0,0,0,0,0,0,0,0,0,0,0,0,0,0,0,0,0,0,0,0,0,0,0,0,0,0,0,0,0,0,0,0,0,0,0,0,0,0,0,0,0,0,0,0,0,0,0,0,0,0,0,0,0,0,0,ST,02_District_wise_crimes_committed_against_ST_2014.csv,758,02_District_wise_crimes_committed_against_ST_2014.csv::758,False,UNIQUE,Chamoli,DISTRICT_OR_REPORTING_UNIT,VALID
Uttarakhand,Champawat,2014,0,0,0,0,0,0,0,0,0,0,0,0,0,0,0,0,0,0,0,0,0,0,0,0,0,0,0,0,0,0,0,0,0,0,0,0,0,0,0,0,0,0,0,0,0,0,0,0,0,0,0,0,0,0,0,0,0,0,0,0,0,0,0,ST,02_District_wise_crimes_committed_against_ST_2014.csv,759,02_District_wise_crimes_committed_against_ST_2014.csv::759,False,UNIQUE,Champawat,DISTRICT_OR_REPORTING_UNIT,VALID
Uttarakhand,Dehradun,2014,0,0,0,0,0,0,0,0,0,0,0,0,0,0,0,0,0,0,0,0,0,0,0,0,0,0,0,0,0,0,0,0,0,0,0,0,0,0,0,0,0,0,0,0,0,0,0,0,0,0,0,0,0,0,0,0,0,0,0,0,0,0,0,ST,02_District_wise_crimes_committed_against_ST_2014.csv,760,02_District_wise_crimes_committed_against_ST_2014.csv::760,False,UNIQUE,Dehradun,DISTRICT_OR_REPORTING_UNIT,VALID
Uttarakhand,Haridwar,2014,0,0,0,0,0,0,0,0,0,0,0,0,0,0,0,0,0,0,0,0,0,0,0,0,0,0,0,0,0,0,0,0,0,0,0,0,0,0,0,0,0,0,0,0,0,0,0,0,0,0,0,0,0,0,0,0,0,0,0,0,0,0,0,ST,02_District_wise_crimes_committed_against_ST_2014.csv,761,02_District_wise_crimes_committed_against_ST_2014.csv::761,False,UNIQUE,Haridwar,DISTRICT_OR_REPORTING_UNIT,VALID
Uttarakhand,Nainital,2014,0,0,0,0,0,0,0,0,0,0,0,0,0,0,0,0,0,0,0,0,0,0,0,0,0,0,0,0,0,1,1,0,0,0,0,0,0,0,0,0,0,0,0,0,0,0,0,0,0,0,0,0,0,0,0,0,0,0,0,0,0,0,1,ST,02_District_wise_crimes_committed_against_ST_2014.csv,762,02_District_wise_crimes_committed_against_ST_2014.csv::762,False,UNIQUE,Nainital,DISTRICT_OR_REPORTING_UNIT,VALID
Uttarakhand,Pauri Garhwal,2014,0,0,0,0,0,0,0,0,0,0,0,0,0,0,0,0,0,0,0,0,0,0,0,0,0,0,0,0,0,0,0,0,0,0,0,0,0,0,0,0,0,0,0,0,0,0,0,0,0,0,0,0,0,0,0,0,0,0,0,0,0,0,0,ST,02_District_wise_crimes_committed_against_ST_2014.csv,763,02_District_wise_crimes_committed_against_ST_2014.csv::763,False,UNIQUE,Pauri Garhwal,DISTRICT_OR_REPORTING_UNIT,VALID
Uttarakhand,Pithoragarh,2014,0,0,0,0,0,0,0,0,0,0,0,0,0,0,0,0,0,0,0,0,0,0,0,0,0,0,0,0,0,0,0,0,0,0,0,0,0,0,0,0,0,0,0,0,0,0,0,0,0,0,0,0,0,0,0,0,0,0,0,0,0,0,0,ST,02_District_wise_crimes_committed_against_ST_2014.csv,764,02_District_wise_crimes_committed_against_ST_2014.csv::764,False,UNIQUE,Pithoragarh,DISTRICT_OR_REPORTING_UNIT,VALID
Uttarakhand,Rudra Prayag,2014,0,0,0,0,0,0,0,0,0,0,0,0,0,0,0,0,0,0,0,0,0,0,0,0,0,0,0,0,0,0,0,0,0,0,0,0,0,0,0,0,0,0,0,0,0,0,0,0,0,0,0,0,0,0,0,0,0,0,0,0,0,0,0,ST,02_District_wise_crimes_committed_against_ST_2014.csv,765,02_District_wise_crimes_committed_against_ST_2014.csv::765,False,UNIQUE,Rudra Prayag,DISTRICT_OR_REPORTING_UNIT,VALID
Uttarakhand,Tehri Garhwal,2014,0,0,0,0,0,0,0,0,0,0,0,0,0,0,0,0,0,0,0,0,0,0,0,0,0,0,0,0,0,0,0,0,0,0,0,0,0,0,0,0,0,0,0,0,0,0,0,0,0,0,0,0,0,0,0,0,0,0,0,0,0,0,0,ST,02_District_wise_crimes_committed_against_ST_2014.csv,766,02_District_wise_crimes_committed_against_ST_2014.csv::766,False,UNIQUE,Tehri Garhwal,DISTRICT_OR_REPORTING_UNIT,VALID
Uttarakhand,Udhamsingh Nagar,2014,0,0,0,0,0,0,0,0,0,0,0,0,0,0,0,0,0,0,0,0,0,0,0,0,0,0,0,0,0,0,0,0,0,0,0,0,0,0,0,0,0,0,0,0,0,0,0,0,0,0,0,0,0,0,0,0,0,0,0,0,0,0,0,ST,02_District_wise_crimes_committed_against_ST_2014.csv,767,02_District_wise_crimes_committed_against_ST_2014.csv::767,False,UNIQUE,Udhamsingh Nagar,DISTRICT_OR_REPORTING_UNIT,VALID
Uttarakhand,Uttarkashi,2014,0,0,0,0,0,0,0,0,0,0,0,0,0,0,0,0,0,0,0,0,0,0,0,0,0,0,0,0,0,0,0,0,0,0,0,0,0,0,0,0,0,0,0,0,0,0,0,0,0,0,0,0,0,0,0,0,0,0,0,0,0,0,0,ST,02_District_wise_crimes_committed_against_ST_2014.csv,768,02_District_wise_crimes_committed_against_ST_2014.csv::768,False,UNIQUE,Uttarkashi,DISTRICT_OR_REPORTING_UNIT,VALID
West Bengal,North 24 Parganas,2014,0,0,0,0,0,0,0,0,0,0,0,0,0,0,0,0,0,0,0,0,0,0,0,0,0,0,0,0,0,0,0,0,0,0,0,0,0,0,0,0,0,0,0,0,0,0,0,0,0,0,0,0,0,0,0,0,0,0,0,0,0,0,0,ST,02_District_wise_crimes_committed_against_ST_2014.csv,770,02_District_wise_crimes_committed_against_ST_2014.csv::770,False,UNIQUE,North 24 Parganas,DISTRICT_OR_REPORTING_UNIT,VALID
West Bengal,South 24 Parganas,2014,0,0,0,0,0,0,0,0,0,0,0,0,0,0,0,0,0,0,0,0,0,0,0,0,0,0,0,0,0,0,0,0,0,0,0,0,0,0,0,0,0,0,0,0,0,0,0,0,0,0,0,0,0,0,0,0,0,0,0,0,0,0,0,ST,02_District_wise_crimes_committed_against_ST_2014.csv,771,02_District_wise_crimes_committed_against_ST_2014.csv::771,False,UNIQUE,South 24 Parganas,DISTRICT_OR_REPORTING_UNIT,VALID
West Bengal,Alipurduar,2014,0,0,0,0,0,0,0,0,0,0,0,0,0,0,0,0,0,0,0,0,0,0,0,0,0,0,0,0,0,0,0,0,0,0,0,0,0,0,0,0,0,0,0,0,0,0,0,0,0,0,0,0,0,0,0,0,0,0,0,0,0,0,0,ST,02_District_wise_crimes_committed_against_ST_2014.csv,772,02_District_wise_crimes_committed_against_ST_2014.csv::772,False,UNIQUE,Alipurduar,DISTRICT_OR_REPORTING_UNIT,VALID
West Bengal,Asansol-Durgapur PC,2014,0,0,0,0,0,0,0,0,0,0,0,0,0,0,0,0,0,0,0,0,0,0,0,0,0,0,0,0,0,3,3,0,0,0,0,0,0,0,0,0,0,0,0,0,0,0,0,0,0,0,0,0,0,0,0,0,0,0,0,0,0,0,3,ST,02_District_wise_crimes_committed_against_ST_2014.csv,773,02_District_wise_crimes_committed_against_ST_2014.csv::773,False,UNIQUE,Asansol-Durgapur PC,DISTRICT_OR_REPORTING_UNIT,VALID
West Bengal,Bankura,2014,0,0,0,0,0,0,0,0,0,0,0,0,0,0,0,0,0,0,0,0,0,0,0,0,0,0,0,0,5,0,5,0,0,0,0,0,0,0,0,0,0,0,0,0,0,0,0,0,0,0,0,0,0,0,0,0,0,0,0,0,0,0,5,ST,02_District_wise_crimes_committed_against_ST_2014.csv,774,02_District_wise_crimes_committed_against_ST_2014.csv::774,False,UNIQUE,Bankura,DISTRICT_OR_REPORTING_UNIT,VALID
West Bengal,Barrackpur PC,2014,0,0,1,0,0,1,0,0,0,0,1,0,0,0,0,0,0,0,0,0,0,0,0,0,0,0,0,1,0,0,3,0,0,0,0,0,0,0,0,0,0,0,0,0,0,0,0,0,0,0,0,0,0,0,0,0,0,0,0,0,0,0,3,ST,02_District_wise_crimes_committed_against_ST_2014.csv,775,02_District_wise_crimes_committed_against_ST_2014.csv::775,False,UNIQUE,Barrackpur PC,DISTRICT_OR_REPORTING_UNIT,VALID
West Bengal,Bidhannagar PC,2014,0,0,0,0,0,1,1,0,0,0,0,0,0,0,0,0,0,0,0,0,0,0,0,0,0,0,0,0,0,2,3,0,0,0,0,0,0,0,0,0,0,0,0,0,0,0,0,0,0,0,0,0,0,0,0,0,0,0,1,1,0,0,4,ST,02_District_wise_crimes_committed_against_ST_2014.csv,776,02_District_wise_crimes_committed_against_ST_2014.csv::776,False,UNIQUE,Bidhannagar PC,DISTRICT_OR_REPORTING_UNIT,VALID
West Bengal,Birbhum,2014,0,0,0,1,0,0,0,0,0,0,0,0,0,0,0,0,0,0,0,0,0,0,0,0,0,0,0,0,3,1,5,0,0,0,0,0,0,0,0,0,0,0,0,0,0,0,0,0,0,0,0,0,0,0,0,0,0,0,0,0,0,0,5,ST,02_District_wise_crimes_committed_against_ST_2014.csv,777,02_District_wise_crimes_committed_against_ST_2014.csv::777,False,UNIQUE,Birbhum,DISTRICT_OR_REPORTING_UNIT,VALID
West Bengal,Burdwan,2014,0,0,0,0,0,0,0,0,0,0,0,0,0,0,0,0,0,0,0,0,0,0,0,0,0,0,0,0,0,0,0,0,1,0,0,3,3,0,0,0,0,0,0,0,0,0,0,0,0,0,0,0,0,0,0,0,0,0,12,16,0,0,16,ST,02_District_wise_crimes_committed_against_ST_2014.csv,778,02_District_wise_crimes_committed_against_ST_2014.csv::778,False,UNIQUE,Burdwan,DISTRICT_OR_REPORTING_UNIT,VALID
West Bengal,Coochbehar,2014,0,0,0,0,0,0,0,0,0,0,0,0,0,0,0,0,0,0,0,0,0,0,0,0,0,0,0,0,0,0,0,0,0,0,0,0,0,0,0,0,0,0,0,0,0,0,0,0,0,0,0,0,0,0,0,0,0,0,0,0,0,0,0,ST,02_District_wise_crimes_committed_against_ST_2014.csv,779,02_District_wise_crimes_committed_against_ST_2014.csv::779,False,UNIQUE,Coochbehar,DISTRICT_OR_REPORTING_UNIT,VALID
West Bengal,Dakshin Dinajpur,2014,0,0,1,2,0,0,0,0,0,0,0,0,1,1,0,0,0,0,0,0,0,0,0,1,1,0,0,0,3,0,8,0,0,0,0,0,0,0,0,0,0,0,0,0,0,0,0,0,0,0,0,0,0,0,0,0,0,0,0,0,0,0,8,ST,02_District_wise_crimes_committed_against_ST_2014.csv,780,02_District_wise_crimes_committed_against_ST_2014.csv::780,False,UNIQUE,Dakshin Dinajpur,DISTRICT_OR_REPORTING_UNIT,VALID
West Bengal,Darjeeling,2014,0,0,0,2,0,2,1,1,0,0,0,0,0,0,0,0,0,0,0,0,0,0,0,2,2,0,0,0,4,2,12,0,0,0,0,0,0,0,0,0,0,0,0,0,0,0,0,0,0,0,0,0,0,2,2,0,0,0,4,6,0,0,18,ST,02_District_wise_crimes_committed_against_ST_2014.csv,781,02_District_wise_crimes_committed_against_ST_2014.csv::781,False,UNIQUE,Darjeeling,DISTRICT_OR_REPORTING_UNIT,VALID
West Bengal,Hooghly,2014,0,0,0,0,0,0,0,0,0,0,0,0,0,0,0,0,0,0,0,0,0,0,0,0,0,0,0,0,0,0,0,0,0,0,0,0,0,0,0,0,0,0,1,1,0,0,0,0,0,0,0,0,0,0,0,0,0,0,0,1,0,0,1,ST,02_District_wise_crimes_committed_against_ST_2014.csv,782,02_District_wise_crimes_committed_against_ST_2014.csv::782,False,UNIQUE,Hooghly,DISTRICT_OR_REPORTING_UNIT,VALID
West Bengal,Howrah G. R. P.,2014,0,0,0,0,0,0,0,0,0,0,0,0,0,0,0,0,0,0,0,0,0,0,0,0,0,0,0,0,0,0,0,0,0,0,0,0,0,0,0,0,0,0,0,0,0,0,0,0,0,0,0,0,0,0,0,0,0,0,0,0,0,0,0,ST,02_District_wise_crimes_committed_against_ST_2014.csv,783,02_District_wise_crimes_committed_against_ST_2014.csv::783,False,UNIQUE,Howrah G. R. P.,DISTRICT_OR_REPORTING_UNIT,VALID
West Bengal,Howrah PC,2014,0,0,0,0,0,0,0,0,0,0,0,0,0,0,0,0,0,0,0,0,0,0,0,0,0,0,0,0,1,2,3,0,0,0,0,0,0,0,0,0,0,0,0,0,0,0,0,0,0,0,0,0,0,0,0,0,0,0,0,0,0,0,3,ST,02_District_wise_crimes_committed_against_ST_2014.csv,784,02_District_wise_crimes_committed_against_ST_2014.csv::784,False,UNIQUE,Howrah PC,DISTRICT_OR_REPORTING_UNIT,VALID
West Bengal,Jalpaiguri,2014,0,0,0,0,0,0,0,0,0,0,0,0,0,0,0,0,0,0,0,0,0,0,0,0,0,0,0,0,1,2,3,0,0,0,0,0,0,0,0,0,0,0,0,0,0,0,0,0,0,0,0,0,0,0,0,0,0,0,0,0,0,0,3,ST,02_District_wise_crimes_committed_against_ST_2014.csv,786,02_District_wise_crimes_committed_against_ST_2014.csv::786,False,UNIQUE,Jalpaiguri,DISTRICT_OR_REPORTING_UNIT,VALID
West Bengal,Jhargram Police District,2014,0,0,0,0,0,0,0,0,0,0,0,0,0,0,0,0,0,0,0,0,0,0,0,0,0,0,0,0,0,0,0,0,0,0,0,0,0,0,0,0,0,0,0,0,0,0,0,0,0,0,0,0,0,0,0,0,0,0,0,0,0,0,0,ST,02_District_wise_crimes_committed_against_ST_2014.csv,787,02_District_wise_crimes_committed_against_ST_2014.csv::787,False,UNIQUE,Jhargram Police District,DISTRICT_OR_REPORTING_UNIT,VALID
West Bengal,Kharagpur G. R. P.,2014,0,0,0,0,0,0,0,0,0,0,0,0,0,0,0,0,0,0,0,0,0,0,0,0,0,0,0,0,0,1,1,0,0,0,0,0,0,0,0,0,0,0,0,0,0,0,0,0,0,0,0,0,0,0,0,0,0,0,0,0,0,0,1,ST,02_District_wise_crimes_committed_against_ST_2014.csv,788,02_District_wise_crimes_committed_against_ST_2014.csv::788,False,UNIQUE,Kharagpur G. R. P.,DISTRICT_OR_REPORTING_UNIT,VALID
West Bengal,Kolkata,2014,0,0,0,0,0,0,0,0,0,0,0,0,0,0,0,0,0,0,0,0,0,0,0,0,0,0,0,0,0,0,0,0,0,0,0,0,0,0,0,0,0,0,0,0,0,0,0,0,0,0,0,0,0,0,0,0,0,0,0,0,0,0,0,ST,02_District_wise_crimes_committed_against_ST_2014.csv,789,02_District_wise_crimes_committed_against_ST_2014.csv::789,False,UNIQUE,Kolkata,DISTRICT_OR_REPORTING_UNIT,VALID
West Bengal,Malda,2014,0,0,0,0,0,0,0,0,0,0,0,0,0,0,0,0,0,0,0,0,0,0,0,0,0,0,0,0,0,1,1,0,0,0,0,0,0,0,0,0,0,0,0,0,0,0,0,0,0,0,0,0,0,0,0,0,0,0,0,0,0,0,1,ST,02_District_wise_crimes_committed_against_ST_2014.csv,790,02_District_wise_crimes_committed_against_ST_2014.csv::790,False,UNIQUE,Malda,DISTRICT_OR_REPORTING_UNIT,VALID
West Bengal,Murshidabad,2014,0,0,0,1,1,1,0,0,0,0,1,0,1,1,0,0,0,0,0,0,0,0,0,0,0,0,0,0,1,5,10,0,0,0,0,0,0,0,0,0,0,0,0,0,0,0,0,0,0,0,0,0,0,0,0,0,0,0,0,0,0,0,10,ST,02_District_wise_crimes_committed_against_ST_2014.csv,791,02_District_wise_crimes_committed_against_ST_2014.csv::791,False,UNIQUE,Murshidabad,DISTRICT_OR_REPORTING_UNIT,VALID
West Bengal,Nadia,2014,0,0,0,0,0,0,0,0,0,0,0,0,0,0,0,0,0,0,0,0,0,0,0,0,0,0,0,0,0,0,0,0,0,0,0,0,0,0,0,0,0,0,0,0,0,0,0,0,0,0,0,0,0,0,0,0,0,0,0,0,0,0,0,ST,02_District_wise_crimes_committed_against_ST_2014.csv,792,02_District_wise_crimes_committed_against_ST_2014.csv::792,False,UNIQUE,Nadia,DISTRICT_OR_REPORTING_UNIT,VALID
West Bengal,Paschim Medinipur,2014,0,0,0,0,0,5,0,0,0,0,5,1,0,0,0,0,0,0,0,0,0,0,0,0,0,0,0,2,5,1,14,0,0,0,0,0,0,0,0,0,0,0,0,0,0,0,0,0,0,0,0,0,0,0,0,0,0,0,0,0,0,5,19,ST,02_District_wise_crimes_committed_against_ST_2014.csv,793,02_District_wise_crimes_committed_against_ST_2014.csv::793,False,UNIQUE,Paschim Medinipur,DISTRICT_OR_REPORTING_UNIT,VALID
West Bengal,Purab Medinipur,2014,0,0,0,0,0,1,0,0,0,0,1,0,0,0,0,0,0,0,0,0,0,0,0,0,0,0,0,0,0,0,1,0,0,0,0,0,0,0,0,0,0,0,0,0,0,0,0,0,0,0,0,0,0,0,0,0,0,0,0,0,0,0,1,ST,02_District_wise_crimes_committed_against_ST_2014.csv,794,02_District_wise_crimes_committed_against_ST_2014.csv::794,False,UNIQUE,Purab Medinipur,DISTRICT_OR_REPORTING_UNIT,VALID
West Bengal,Purulia,2014,0,0,0,0,0,0,0,0,0,0,0,0,0,0,0,0,0,0,0,0,0,0,0,0,0,0,0,0,0,1,1,0,0,0,0,0,0,0,0,0,0,0,0,0,0,0,0,0,0,0,0,0,0,0,0,0,0,0,0,0,0,0,1,ST,02_District_wise_crimes_committed_against_ST_2014.csv,795,02_District_wise_crimes_committed_against_ST_2014.csv::795,False,UNIQUE,Purulia,DISTRICT_OR_REPORTING_UNIT,VALID
West Bengal,Sealdah G. R. P.,2014,0,0,0,0,0,0,0,0,0,0,0,0,0,0,0,0,0,0,0,0,0,0,0,0,0,0,0,0,0,0,0,0,0,0,0,0,0,0,0,0,0,0,0,0,0,0,0,0,0,0,0,0,0,0,0,0,0,0,0,0,0,0,0,ST,02_District_wise_crimes_committed_against_ST_2014.csv,796,02_District_wise_crimes_committed_against_ST_2014.csv::796,False,UNIQUE,Sealdah G. R. P.,DISTRICT_OR_REPORTING_UNIT,VALID
West Bengal,Siliguri G. R. P.,2014,0,0,0,0,0,0,0,0,0,0,0,0,0,0,0,0,0,0,0,0,0,0,0,0,0,0,0,0,0,0,0,0,0,0,0,0,0,0,0,0,0,0,0,0,0,0,0,0,0,0,0,0,0,0,0,0,0,0,0,0,0,0,0,ST,02_District_wise_crimes_committed_against_ST_2014.csv,797,02_District_wise_crimes_committed_against_ST_2014.csv::797,False,UNIQUE,Siliguri G. R. P.,DISTRICT_OR_REPORTING_UNIT,VALID
West Bengal,Siliguri PC,2014,0,0,0,0,0,0,0,0,0,0,0,0,0,0,0,0,0,0,0,0,0,0,0,0,0,0,0,0,0,6,6,0,0,0,0,0,0,0,0,0,0,0,0,0,0,0,0,0,0,0,0,0,0,0,0,0,0,0,0,0,0,0,6,ST,02_District_wise_crimes_committed_against_ST_2014.csv,798,02_District_wise_crimes_committed_against_ST_2014.csv::798,False,UNIQUE,Siliguri PC,DISTRICT_OR_REPORTING_UNIT,VALID
West Bengal,Uttar Dinajpur,2014,0,0,0,1,1,0,0,0,0,0,0,0,0,0,0,0,0,0,0,0,0,0,0,2,2,0,0,0,3,0,7,0,0,1,1,0,0,0,0,0,0,0,1,1,0,0,0,0,0,0,0,0,0,4,4,0,0,0,1,8,0,0,15,ST,02_District_wise_crimes_committed_against_ST_2014.csv,799,02_District_wise_crimes_committed_against_ST_2014.csv::799,False,UNIQUE,Uttar Dinajpur,DISTRICT_OR_REPORTING_UNIT,VALID
A&N Islands,South Andaman,2014,0,0,0,0,0,0,0,0,0,0,0,0,0,0,0,0,0,0,0,0,0,0,0,0,0,0,0,0,2,2,4,0,0,0,0,0,0,0,0,0,0,0,0,0,0,0,0,0,0,0,0,0,0,0,0,0,0,0,0,0,0,0,4,ST,02_District_wise_crimes_committed_against_ST_2014.csv,801,02_District_wise_crimes_committed_against_ST_2014.csv::801,False,UNIQUE,South Andaman,DISTRICT_OR_REPORTING_UNIT,VALID
A&N Islands,North & Middle Andaman,2014,0,0,0,0,0,0,0,0,0,0,0,0,0,0,0,0,0,0,0,0,0,0,0,0,0,0,0,0,1,0,1,0,0,0,0,0,0,0,0,0,0,0,0,0,0,0,0,0,0,0,0,0,0,0,0,0,0,0,0,0,0,1,2,ST,02_District_wise_crimes_committed_against_ST_2014.csv,802,02_District_wise_crimes_committed_against_ST_2014.csv::802,False,UNIQUE,North & Middle Andaman,DISTRICT_OR_REPORTING_UNIT,VALID
A&N Islands,Nicobar,2014,0,0,0,1,0,0,0,0,0,0,0,0,0,0,0,0,0,0,0,0,0,0,0,0,0,0,0,0,0,0,1,0,0,0,0,0,0,0,0,0,0,0,0,0,0,0,0,0,0,0,0,0,0,0,0,0,0,0,0,0,0,0,1,ST,02_District_wise_crimes_committed_against_ST_2014.csv,803,02_District_wise_crimes_committed_against_ST_2014.csv::803,False,UNIQUE,Nicobar,DISTRICT_OR_REPORTING_UNIT,VALID
Chandigarh,Chandigarh,2014,0,0,0,0,0,0,0,0,0,0,0,0,0,0,0,0,0,0,0,0,0,0,0,0,0,0,0,0,0,0,0,0,0,0,0,0,0,0,0,0,0,0,0,0,0,0,0,0,0,0,0,0,0,0,0,0,0,0,0,0,0,0,0,ST,02_District_wise_crimes_committed_against_ST_2014.csv,805,02_District_wise_crimes_committed_against_ST_2014.csv::805,False,UNIQUE,Chandigarh,DISTRICT_OR_REPORTING_UNIT,VALID
D&N Haveli,D&N Haveli,2014,0,0,0,0,0,0,0,0,0,0,0,0,0,0,0,0,0,0,0,0,0,0,0,0,0,0,0,0,0,3,3,0,0,0,0,0,0,0,0,0,0,0,0,0,0,0,0,0,0,0,0,0,0,0,0,0,0,0,0,0,0,0,3,ST,02_District_wise_crimes_committed_against_ST_2014.csv,807,02_District_wise_crimes_committed_against_ST_2014.csv::807,False,UNIQUE,D&N Haveli,DISTRICT_OR_REPORTING_UNIT,VALID
Daman & Diu,Daman,2014,0,0,0,0,0,0,0,0,0,0,0,0,0,0,0,0,0,0,0,0,0,0,0,0,0,0,0,0,0,0,0,0,0,0,0,0,0,0,0,0,0,0,0,0,0,0,0,0,0,0,0,0,0,0,0,0,0,0,0,0,0,0,0,ST,02_District_wise_crimes_committed_against_ST_2014.csv,809,02_District_wise_crimes_committed_against_ST_2014.csv::809,False,UNIQUE,Daman,DISTRICT_OR_REPORTING_UNIT,VALID
Daman & Diu,Diu,2014,0,0,0,0,0,0,0,0,0,0,0,0,0,0,0,0,0,0,0,0,0,0,0,0,0,0,0,0,0,0,0,0,0,0,0,0,0,0,0,0,0,0,0,0,0,0,0,0,0,0,0,0,0,0,0,0,0,0,0,0,0,0,0,ST,02_District_wise_crimes_committed_against_ST_2014.csv,810,02_District_wise_crimes_committed_against_ST_2014.csv::810,False,UNIQUE,Diu,DISTRICT_OR_REPORTING_UNIT,VALID
Delhi UT,Central,2014,0,0,0,0,0,0,0,0,0,0,0,0,0,0,0,0,0,0,0,0,0,0,0,0,0,0,0,0,0,0,0,0,0,0,0,0,0,0,0,0,0,0,0,0,0,0,0,0,0,0,0,0,0,0,0,0,0,0,0,0,0,0,0,ST,02_District_wise_crimes_committed_against_ST_2014.csv,812,02_District_wise_crimes_committed_against_ST_2014.csv::812,False,UNIQUE,Central,DISTRICT_OR_REPORTING_UNIT,VALID
Delhi UT,Crime Branch,2014,0,0,0,0,0,0,0,0,0,0,0,0,0,0,0,0,0,0,0,0,0,0,0,0,0,0,0,0,0,0,0,0,0,0,0,0,0,0,0,0,0,0,0,0,0,0,0,0,0,0,0,0,0,0,0,0,0,0,0,0,0,0,0,ST,02_District_wise_crimes_committed_against_ST_2014.csv,813,02_District_wise_crimes_committed_against_ST_2014.csv::813,False,UNIQUE,Crime Branch,DISTRICT_OR_REPORTING_UNIT,VALID
Delhi UT,East,2014,0,0,0,0,0,0,0,0,0,0,0,0,0,0,0,0,0,0,0,0,0,0,0,0,0,0,0,0,0,0,0,0,0,0,0,0,0,0,0,0,0,0,0,0,0,0,0,0,0,0,0,0,0,0,0,0,0,0,0,0,0,0,0,ST,02_District_wise_crimes_committed_against_ST_2014.csv,814,02_District_wise_crimes_committed_against_ST_2014.csv::814,False,UNIQUE,East,DISTRICT_OR_REPORTING_UNIT,VALID
Delhi UT,EOW,2014,0,0,0,0,0,0,0,0,0,0,0,0,0,0,0,0,0,0,0,0,0,0,0,0,0,0,0,0,0,0,0,0,0,0,0,0,0,0,0,0,0,0,0,0,0,0,0,0,0,0,0,0,0,0,0,0,0,0,0,0,0,0,0,ST,02_District_wise_crimes_committed_against_ST_2014.csv,815,02_District_wise_crimes_committed_against_ST_2014.csv::815,False,UNIQUE,EOW,DISTRICT_OR_REPORTING_UNIT,VALID
Delhi UT,IGI Airport,2014,0,0,0,0,0,0,0,0,0,0,0,0,0,0,0,0,0,0,0,0,0,0,0,0,0,0,0,0,0,0,0,0,0,0,0,0,0,0,0,0,0,0,0,0,0,0,0,0,0,0,0,0,0,0,0,0,0,0,0,0,0,0,0,ST,02_District_wise_crimes_committed_against_ST_2014.csv,816,02_District_wise_crimes_committed_against_ST_2014.csv::816,False,UNIQUE,IGI Airport,DISTRICT_OR_REPORTING_UNIT,VALID
Delhi UT,Metro,2014,0,0,0,0,0,0,0,0,0,0,0,0,0,0,0,0,0,0,0,0,0,0,0,0,0,0,0,0,0,0,0,0,0,0,0,0,0,0,0,0,0,0,0,0,0,0,0,0,0,0,0,0,0,0,0,0,0,0,0,0,0,0,0,ST,02_District_wise_crimes_committed_against_ST_2014.csv,817,02_District_wise_crimes_committed_against_ST_2014.csv::817,False,UNIQUE,Metro,DISTRICT_OR_REPORTING_UNIT,VALID
Delhi UT,New Delhi,2014,0,0,0,0,0,0,0,0,0,0,0,0,0,0,0,0,0,0,0,0,0,0,0,0,0,0,0,0,0,0,0,0,0,0,0,0,0,0,0,0,0,0,0,0,0,0,0,0,0,0,0,0,0,0,0,0,0,0,0,0,0,0,0,ST,02_District_wise_crimes_committed_against_ST_2014.csv,818,02_District_wise_crimes_committed_against_ST_2014.csv::818,False,UNIQUE,New Delhi,DISTRICT_OR_REPORTING_UNIT,VALID
Delhi UT,North,2014,0,0,0,0,0,0,0,0,0,0,0,0,0,0,0,0,0,0,0,0,0,0,0,0,0,0,0,0,0,0,0,0,0,0,0,0,0,0,0,0,0,0,0,0,0,0,0,0,0,0,0,0,0,0,0,0,0,0,0,0,0,0,0,ST,02_District_wise_crimes_committed_against_ST_2014.csv,819,02_District_wise_crimes_committed_against_ST_2014.csv::819,False,UNIQUE,North,DISTRICT_OR_REPORTING_UNIT,VALID
Delhi UT,North-East,2014,0,0,0,1,0,0,0,0,0,0,0,0,0,0,0,0,0,0,0,0,0,0,0,0,0,0,0,0,0,0,1,0,0,0,0,0,0,0,0,0,0,0,0,0,0,0,0,0,0,0,0,0,0,0,0,0,0,0,0,0,0,0,1,ST,02_District_wise_crimes_committed_against_ST_2014.csv,820,02_District_wise_crimes_committed_against_ST_2014.csv::820,False,UNIQUE,North-East,DISTRICT_OR_REPORTING_UNIT,VALID
Delhi UT,North-West,2014,0,0,0,0,0,0,0,0,0,0,0,0,0,0,0,0,0,0,0,0,0,0,0,0,0,0,0,0,0,0,0,0,0,0,0,0,0,0,0,0,0,0,0,0,0,0,0,0,0,0,0,0,0,0,0,0,0,0,0,0,0,0,0,ST,02_District_wise_crimes_committed_against_ST_2014.csv,821,02_District_wise_crimes_committed_against_ST_2014.csv::821,False,UNIQUE,North-West,DISTRICT_OR_REPORTING_UNIT,VALID
Delhi UT,Outer,2014,0,0,0,0,0,0,0,0,0,0,0,0,0,0,0,0,0,0,0,0,0,0,0,0,0,0,0,0,0,0,0,0,0,0,0,0,0,0,0,0,0,0,0,0,0,0,0,0,0,0,0,0,0,0,0,0,0,0,0,0,0,0,0,ST,02_District_wise_crimes_committed_against_ST_2014.csv,822,02_District_wise_crimes_committed_against_ST_2014.csv::822,False,UNIQUE,Outer,DISTRICT_OR_REPORTING_UNIT,VALID
Delhi UT,South,2014,0,0,0,0,0,0,0,0,0,0,0,0,0,0,0,0,0,0,0,0,0,0,0,0,0,0,0,0,0,0,0,0,0,0,0,0,0,0,0,0,0,0,0,0,0,0,0,0,0,0,0,0,0,0,0,0,0,0,0,0,0,0,0,ST,02_District_wise_crimes_committed_against_ST_2014.csv,824,02_District_wise_crimes_committed_against_ST_2014.csv::824,False,UNIQUE,South,DISTRICT_OR_REPORTING_UNIT,VALID
Delhi UT,South-East,2014,0,0,0,0,0,0,0,0,0,0,0,0,0,0,0,0,0,0,0,0,0,0,0,0,0,0,0,0,0,0,0,0,0,0,0,0,0,0,0,0,0,0,0,0,0,0,0,0,0,0,0,0,0,0,0,0,0,0,0,0,0,0,0,ST,02_District_wise_crimes_committed_against_ST_2014.csv,825,02_District_wise_crimes_committed_against_ST_2014.csv::825,False,UNIQUE,South-East,DISTRICT_OR_REPORTING_UNIT,VALID
Delhi UT,South-West,2014,0,0,0,0,0,0,0,0,0,0,0,0,0,0,0,0,0,0,0,0,0,0,0,0,0,0,0,0,0,1,1,0,0,0,0,0,0,0,0,0,0,0,0,0,0,0,0,0,0,0,0,0,0,0,0,0,0,0,0,0,0,0,1,ST,02_District_wise_crimes_committed_against_ST_2014.csv,826,02_District_wise_crimes_committed_against_ST_2014.csv::826,False,UNIQUE,South-West,DISTRICT_OR_REPORTING_UNIT,VALID
Delhi UT,Spl Cell,2014,0,0,0,0,0,0,0,0,0,0,0,0,0,0,0,0,0,0,0,0,0,0,0,0,0,0,0,0,0,0,0,0,0,0,0,0,0,0,0,0,0,0,0,0,0,0,0,0,0,0,0,0,0,0,0,0,0,0,0,0,0,0,0,ST,02_District_wise_crimes_committed_against_ST_2014.csv,827,02_District_wise_crimes_committed_against_ST_2014.csv::827,False,UNIQUE,Spl Cell,DISTRICT_OR_REPORTING_UNIT,VALID
Delhi UT,SPUWAC,2014,0,0,0,0,0,0,0,0,0,0,0,0,0,0,0,0,0,0,0,0,0,0,0,0,0,0,0,0,0,0,0,0,0,0,0,0,0,0,0,0,0,0,0,0,0,0,0,0,0,0,0,0,0,0,0,0,0,0,0,0,0,0,0,ST,02_District_wise_crimes_committed_against_ST_2014.csv,828,02_District_wise_crimes_committed_against_ST_2014.csv::828,False,UNIQUE,SPUWAC,DISTRICT_OR_REPORTING_UNIT,VALID
Delhi UT,Vigilance,2014,0,0,0,0,0,0,0,0,0,0,0,0,0,0,0,0,0,0,0,0,0,0,0,0,0,0,0,0,0,0,0,0,0,0,0,0,0,0,0,0,0,0,0,0,0,0,0,0,0,0,0,0,0,0,0,0,0,0,0,0,0,0,0,ST,02_District_wise_crimes_committed_against_ST_2014.csv,829,02_District_wise_crimes_committed_against_ST_2014.csv::829,False,UNIQUE,Vigilance,DISTRICT_OR_REPORTING_UNIT,VALID
Delhi UT,West,2014,0,0,0,0,0,0,0,0,0,0,0,0,0,0,0,0,0,0,0,0,0,0,0,0,0,0,0,0,0,0,0,0,0,0,0,0,0,0,0,0,0,0,0,0,0,0,0,0,0,0,0,0,0,0,0,0,0,0,0,0,0,0,0,ST,02_District_wise_crimes_committed_against_ST_2014.csv,830,02_District_wise_crimes_committed_against_ST_2014.csv::830,False,UNIQUE,West,DISTRICT_OR_REPORTING_UNIT,VALID
Lakshadweep,Lakshadweep,2014,0,0,0,0,0,0,0,0,0,0,0,0,0,0,0,0,0,0,0,0,0,0,0,0,0,0,0,0,0,0,0,0,0,0,0,0,0,0,0,0,0,0,0,0,0,0,0,0,0,0,0,0,0,0,0,0,0,0,0,0,0,0,0,ST,02_District_wise_crimes_committed_against_ST_2014.csv,832,02_District_wise_crimes_committed_against_ST_2014.csv::832,False,UNIQUE,Lakshadweep,DISTRICT_OR_REPORTING_UNIT,VALID
Puducherry,Karaikal,2014,0,0,0,0,0,0,0,0,0,0,0,0,0,0,0,0,0,0,0,0,0,0,0,0,0,0,0,0,0,0,0,0,0,0,0,0,0,0,0,0,0,0,0,0,0,0,0,0,0,0,0,0,0,0,0,0,0,0,0,0,0,0,0,ST,02_District_wise_crimes_committed_against_ST_2014.csv,834,02_District_wise_crimes_committed_against_ST_2014.csv::834,False,UNIQUE,Karaikal,DISTRICT_OR_REPORTING_UNIT,VALID
Puducherry,Puducherry,2014,0,0,0,0,0,1,1,0,0,0,0,0,0,0,0,0,0,0,0,0,0,0,0,0,0,0,0,0,0,0,1,0,0,0,0,0,0,0,0,0,0,0,0,0,0,0,0,0,0,0,0,0,0,0,0,0,0,0,0,0,0,1,2,ST,02_District_wise_crimes_committed_against_ST_2014.csv,835,02_District_wise_crimes_committed_against_ST_2014.csv::835,False,UNIQUE,Puducherry,DISTRICT_OR_REPORTING_UNIT,VALID
