STATE,DISTRICT,YEAR,Infanticid,Other murder,Rape,Kidnapping and Abduction,Foeticide,Abetment of suicide,Exposure and abandonment,Procuration of minor girls,Buying of girls for prostitution,Selling of girls for prostitution,Prohibition of child marriage act,Other Crimes,Total,CRIME_GROUP,SOURCE_FILE,SOURCE_ROW_ID,SOURCE_RECORD_ID,DUPLICATE_KEY_FLAG,DATA_QUALITY_FLAG,UNIT_NAME,UNIT_TYPE,SOURCE_QUALITY_STATUS
Andhra Pradesh,ADILABAD,2013,0,1,21,9,0,0,0,0,0,0,1,1,33,CHILDREN,03_District_wise_crimes_committed_against_children_2013.csv,0,03_District_wise_crimes_committed_against_children_2013.csv::0,False,UNIQUE,ADILABAD,DISTRICT_OR_REPORTING_UNIT,VALID
Andhra Pradesh,ANANTAPUR,2013,0,1,15,68,0,3,0,0,0,0,0,0,87,CHILDREN,03_District_wise_crimes_committed_against_children_2013.csv,1,03_District_wise_crimes_committed_against_children_2013.csv::1,False,UNIQUE,ANANTAPUR,DISTRICT_OR_REPORTING_UNIT,VALID
Andhra Pradesh,CHITTOOR,2013,0,6,1,0,0,0,0,0,0,0,0,0,7,CHILDREN,03_District_wise_crimes_committed_against_children_2013.csv,2,03_District_wise_crimes_committed_against_children_2013.csv::2,False,UNIQUE,CHITTOOR,DISTRICT_OR_REPORTING_UNIT,VALID
Andhra Pradesh,CUDDAPAH,2013,2,0,14,32,0,0,0,0,0,0,1,0,49,CHILDREN,03_District_wise_crimes_committed_against_children_2013.csv,3,03_District_wise_crimes_committed_against_children_2013.csv::3,False,UNIQUE,CUDDAPAH,DISTRICT_OR_REPORTING_UNIT,VALID
Andhra Pradesh,CYBERABAD,2013,1,8,45,69,2,0,2,9,0,0,1,19,156,CHILDREN,03_District_wise_crimes_committed_against_children_2013.csv,4,03_District_wise_crimes_committed_against_children_2013.csv::4,False,UNIQUE,CYBERABAD,DISTRICT_OR_REPORTING_UNIT,VALID
Andhra Pradesh,EAST GODAVARI,2013,0,0,4,1,0,0,0,0,0,0,0,20,25,CHILDREN,03_District_wise_crimes_committed_against_children_2013.csv,5,03_District_wise_crimes_committed_against_children_2013.csv::5,False,UNIQUE,EAST GODAVARI,DISTRICT_OR_REPORTING_UNIT,VALID
Andhra Pradesh,GUNTAKAL RLY.,2013,0,0,0,0,0,0,0,0,0,0,0,0,0,CHILDREN,03_District_wise_crimes_committed_against_children_2013.csv,6,03_District_wise_crimes_committed_against_children_2013.csv::6,False,UNIQUE,GUNTAKAL RLY.,DISTRICT_OR_REPORTING_UNIT,VALID
Andhra Pradesh,GUNTUR,2013,1,9,21,46,0,0,7,0,0,0,0,0,84,CHILDREN,03_District_wise_crimes_committed_against_children_2013.csv,7,03_District_wise_crimes_committed_against_children_2013.csv::7,False,UNIQUE,GUNTUR,DISTRICT_OR_REPORTING_UNIT,VALID
Andhra Pradesh,KARIMNAGAR,2013,1,3,33,84,0,0,0,0,0,0,1,4,126,CHILDREN,03_District_wise_crimes_committed_against_children_2013.csv,10,03_District_wise_crimes_committed_against_children_2013.csv::10,False,UNIQUE,KARIMNAGAR,DISTRICT_OR_REPORTING_UNIT,VALID
Andhra Pradesh,KHAMMAM,2013,1,4,46,83,1,0,0,0,0,0,2,89,226,CHILDREN,03_District_wise_crimes_committed_against_children_2013.csv,11,03_District_wise_crimes_committed_against_children_2013.csv::11,False,UNIQUE,KHAMMAM,DISTRICT_OR_REPORTING_UNIT,VALID
Andhra Pradesh,KRISHNA,2013,0,2,49,35,0,3,0,0,0,0,0,81,170,CHILDREN,03_District_wise_crimes_committed_against_children_2013.csv,12,03_District_wise_crimes_committed_against_children_2013.csv::12,False,UNIQUE,KRISHNA,DISTRICT_OR_REPORTING_UNIT,VALID
Andhra Pradesh,KURNOOL,2013,1,0,15,50,0,0,6,0,0,0,0,27,99,CHILDREN,03_District_wise_crimes_committed_against_children_2013.csv,13,03_District_wise_crimes_committed_against_children_2013.csv::13,False,UNIQUE,KURNOOL,DISTRICT_OR_REPORTING_UNIT,VALID
Andhra Pradesh,MAHABOOBNAGAR,2013,0,12,70,35,0,0,2,6,0,0,0,0,125,CHILDREN,03_District_wise_crimes_committed_against_children_2013.csv,14,03_District_wise_crimes_committed_against_children_2013.csv::14,False,UNIQUE,MAHABOOBNAGAR,DISTRICT_OR_REPORTING_UNIT,VALID
Andhra Pradesh,MEDAK,2013,0,1,35,11,0,0,2,17,0,0,0,0,66,CHILDREN,03_District_wise_crimes_committed_against_children_2013.csv,15,03_District_wise_crimes_committed_against_children_2013.csv::15,False,UNIQUE,MEDAK,DISTRICT_OR_REPORTING_UNIT,VALID
Andhra Pradesh,NALGONDA,2013,0,1,53,70,2,0,1,0,0,0,3,0,130,CHILDREN,03_District_wise_crimes_committed_against_children_2013.csv,16,03_District_wise_crimes_committed_against_children_2013.csv::16,False,UNIQUE,NALGONDA,DISTRICT_OR_REPORTING_UNIT,VALID
Andhra Pradesh,NELLORE,2013,0,4,13,61,0,1,3,0,0,0,0,55,137,CHILDREN,03_District_wise_crimes_committed_against_children_2013.csv,17,03_District_wise_crimes_committed_against_children_2013.csv::17,False,UNIQUE,NELLORE,DISTRICT_OR_REPORTING_UNIT,VALID
Andhra Pradesh,NIZAMABAD,2013,0,6,24,9,2,0,5,6,0,0,2,11,65,CHILDREN,03_District_wise_crimes_committed_against_children_2013.csv,18,03_District_wise_crimes_committed_against_children_2013.csv::18,False,UNIQUE,NIZAMABAD,DISTRICT_OR_REPORTING_UNIT,VALID
Andhra Pradesh,PRAKASHAM,2013,0,3,35,36,0,0,1,1,0,1,0,57,134,CHILDREN,03_District_wise_crimes_committed_against_children_2013.csv,19,03_District_wise_crimes_committed_against_children_2013.csv::19,False,UNIQUE,PRAKASHAM,DISTRICT_OR_REPORTING_UNIT,VALID
Andhra Pradesh,RAJAHMUNDRY,2013,0,0,10,2,0,0,1,0,0,0,0,9,22,CHILDREN,03_District_wise_crimes_committed_against_children_2013.csv,20,03_District_wise_crimes_committed_against_children_2013.csv::20,False,UNIQUE,RAJAHMUNDRY,DISTRICT_OR_REPORTING_UNIT,VALID
Andhra Pradesh,RANGA REDDY,2013,0,5,21,13,0,0,0,0,0,0,1,6,46,CHILDREN,03_District_wise_crimes_committed_against_children_2013.csv,21,03_District_wise_crimes_committed_against_children_2013.csv::21,False,UNIQUE,RANGA REDDY,DISTRICT_OR_REPORTING_UNIT,VALID
Andhra Pradesh,SECUNDERABAD RLY.,2013,0,1,0,2,0,0,0,0,0,0,0,0,3,CHILDREN,03_District_wise_crimes_committed_against_children_2013.csv,22,03_District_wise_crimes_committed_against_children_2013.csv::22,False,UNIQUE,SECUNDERABAD RLY.,DISTRICT_OR_REPORTING_UNIT,VALID
Andhra Pradesh,SRIKAKULAM,2013,0,2,18,15,0,2,0,0,0,0,1,32,70,CHILDREN,03_District_wise_crimes_committed_against_children_2013.csv,23,03_District_wise_crimes_committed_against_children_2013.csv::23,False,UNIQUE,SRIKAKULAM,DISTRICT_OR_REPORTING_UNIT,VALID
Andhra Pradesh,VIJAYAWADA RLY.,2013,0,0,0,1,0,0,4,0,0,0,0,1,6,CHILDREN,03_District_wise_crimes_committed_against_children_2013.csv,26,03_District_wise_crimes_committed_against_children_2013.csv::26,False,UNIQUE,VIJAYAWADA RLY.,DISTRICT_OR_REPORTING_UNIT,VALID
Andhra Pradesh,VISAKHAPATNAM,2013,0,2,33,54,0,0,0,0,0,0,0,3,92,CHILDREN,03_District_wise_crimes_committed_against_children_2013.csv,28,03_District_wise_crimes_committed_against_children_2013.csv::28,False,UNIQUE,VISAKHAPATNAM,DISTRICT_OR_REPORTING_UNIT,VALID
Andhra Pradesh,VIZIANAGARAM,2013,0,0,13,10,0,0,0,0,0,0,0,17,40,CHILDREN,03_District_wise_crimes_committed_against_children_2013.csv,29,03_District_wise_crimes_committed_against_children_2013.csv::29,False,UNIQUE,VIZIANAGARAM,DISTRICT_OR_REPORTING_UNIT,VALID
Andhra Pradesh,WARANGAL,2013,0,3,33,45,0,4,0,0,0,0,1,1,87,CHILDREN,03_District_wise_crimes_committed_against_children_2013.csv,30,03_District_wise_crimes_committed_against_children_2013.csv::30,False,UNIQUE,WARANGAL,DISTRICT_OR_REPORTING_UNIT,VALID
Andhra Pradesh,WEST GODAVARI,2013,0,8,41,48,0,0,0,0,0,1,1,17,116,CHILDREN,03_District_wise_crimes_committed_against_children_2013.csv,32,03_District_wise_crimes_committed_against_children_2013.csv::32,False,UNIQUE,WEST GODAVARI,DISTRICT_OR_REPORTING_UNIT,VALID
Arunachal Pradesh,ANJAW,2013,0,0,0,0,0,0,0,0,0,0,0,0,0,CHILDREN,03_District_wise_crimes_committed_against_children_2013.csv,34,03_District_wise_crimes_committed_against_children_2013.csv::34,False,UNIQUE,ANJAW,DISTRICT_OR_REPORTING_UNIT,VALID
Arunachal Pradesh,CHANGLANG,2013,0,0,4,5,0,0,0,0,0,0,0,0,9,CHILDREN,03_District_wise_crimes_committed_against_children_2013.csv,35,03_District_wise_crimes_committed_against_children_2013.csv::35,False,UNIQUE,CHANGLANG,DISTRICT_OR_REPORTING_UNIT,VALID
Arunachal Pradesh,DIBANG VALLEY,2013,0,0,0,1,0,0,0,0,0,0,0,2,3,CHILDREN,03_District_wise_crimes_committed_against_children_2013.csv,36,03_District_wise_crimes_committed_against_children_2013.csv::36,False,UNIQUE,DIBANG VALLEY,DISTRICT_OR_REPORTING_UNIT,VALID
Arunachal Pradesh,K/KUMEY,2013,0,0,0,0,0,0,0,0,0,0,0,0,0,CHILDREN,03_District_wise_crimes_committed_against_children_2013.csv,37,03_District_wise_crimes_committed_against_children_2013.csv::37,False,UNIQUE,K/KUMEY,DISTRICT_OR_REPORTING_UNIT,VALID
Arunachal Pradesh,KAMENG EAST,2013,0,0,1,7,0,0,0,0,0,0,0,0,8,CHILDREN,03_District_wise_crimes_committed_against_children_2013.csv,38,03_District_wise_crimes_committed_against_children_2013.csv::38,False,UNIQUE,KAMENG EAST,DISTRICT_OR_REPORTING_UNIT,VALID
Arunachal Pradesh,KAMENG WEST,2013,0,0,1,0,0,0,0,0,0,0,0,0,1,CHILDREN,03_District_wise_crimes_committed_against_children_2013.csv,39,03_District_wise_crimes_committed_against_children_2013.csv::39,False,UNIQUE,KAMENG WEST,DISTRICT_OR_REPORTING_UNIT,VALID
Arunachal Pradesh,LOHIT,2013,0,0,7,14,0,0,0,0,0,0,0,0,21,CHILDREN,03_District_wise_crimes_committed_against_children_2013.csv,40,03_District_wise_crimes_committed_against_children_2013.csv::40,False,UNIQUE,LOHIT,DISTRICT_OR_REPORTING_UNIT,VALID
Arunachal Pradesh,LONGDING,2013,0,0,0,0,0,0,0,0,0,0,0,0,0,CHILDREN,03_District_wise_crimes_committed_against_children_2013.csv,41,03_District_wise_crimes_committed_against_children_2013.csv::41,False,UNIQUE,LONGDING,DISTRICT_OR_REPORTING_UNIT,VALID
Arunachal Pradesh,PAPUM PARE,2013,0,0,0,0,0,0,0,0,0,0,0,0,0,CHILDREN,03_District_wise_crimes_committed_against_children_2013.csv,42,03_District_wise_crimes_committed_against_children_2013.csv::42,False,UNIQUE,PAPUM PARE,DISTRICT_OR_REPORTING_UNIT,VALID
Arunachal Pradesh,SIANG EAST,2013,0,0,8,5,0,0,0,0,0,0,0,2,15,CHILDREN,03_District_wise_crimes_committed_against_children_2013.csv,44,03_District_wise_crimes_committed_against_children_2013.csv::44,False,UNIQUE,SIANG EAST,DISTRICT_OR_REPORTING_UNIT,VALID
Arunachal Pradesh,SIANG UPPER,2013,0,0,0,1,0,0,0,0,0,0,0,0,1,CHILDREN,03_District_wise_crimes_committed_against_children_2013.csv,45,03_District_wise_crimes_committed_against_children_2013.csv::45,False,UNIQUE,SIANG UPPER,DISTRICT_OR_REPORTING_UNIT,VALID
Arunachal Pradesh,SIANG WEST,2013,0,0,5,4,0,0,0,0,0,0,0,1,10,CHILDREN,03_District_wise_crimes_committed_against_children_2013.csv,46,03_District_wise_crimes_committed_against_children_2013.csv::46,False,UNIQUE,SIANG WEST,DISTRICT_OR_REPORTING_UNIT,VALID
Arunachal Pradesh,SUBANSIRI LOWER,2013,0,0,0,0,0,0,0,0,0,0,0,0,0,CHILDREN,03_District_wise_crimes_committed_against_children_2013.csv,47,03_District_wise_crimes_committed_against_children_2013.csv::47,False,UNIQUE,SUBANSIRI LOWER,DISTRICT_OR_REPORTING_UNIT,VALID
Arunachal Pradesh,SUBANSIRI UPPER,2013,0,0,9,1,0,0,0,0,0,0,0,1,11,CHILDREN,03_District_wise_crimes_committed_against_children_2013.csv,48,03_District_wise_crimes_committed_against_children_2013.csv::48,False,UNIQUE,SUBANSIRI UPPER,DISTRICT_OR_REPORTING_UNIT,VALID
Arunachal Pradesh,TAWANG,2013,0,0,0,0,0,0,0,0,0,0,0,0,0,CHILDREN,03_District_wise_crimes_committed_against_children_2013.csv,49,03_District_wise_crimes_committed_against_children_2013.csv::49,False,UNIQUE,TAWANG,DISTRICT_OR_REPORTING_UNIT,VALID
Arunachal Pradesh,TIRAP,2013,0,0,0,2,0,0,0,0,0,0,0,1,3,CHILDREN,03_District_wise_crimes_committed_against_children_2013.csv,50,03_District_wise_crimes_committed_against_children_2013.csv::50,False,UNIQUE,TIRAP,DISTRICT_OR_REPORTING_UNIT,VALID
Arunachal Pradesh,UPPER DIBANG VALLEY,2013,0,0,0,0,0,0,0,0,0,0,0,0,0,CHILDREN,03_District_wise_crimes_committed_against_children_2013.csv,51,03_District_wise_crimes_committed_against_children_2013.csv::51,False,UNIQUE,UPPER DIBANG VALLEY,DISTRICT_OR_REPORTING_UNIT,VALID
Assam,BAKSA,2013,0,0,1,4,0,0,0,0,0,0,0,0,5,CHILDREN,03_District_wise_crimes_committed_against_children_2013.csv,53,03_District_wise_crimes_committed_against_children_2013.csv::53,False,UNIQUE,BAKSA,DISTRICT_OR_REPORTING_UNIT,VALID
Assam,BARPETA,2013,0,0,0,0,0,0,0,0,0,0,0,0,0,CHILDREN,03_District_wise_crimes_committed_against_children_2013.csv,54,03_District_wise_crimes_committed_against_children_2013.csv::54,False,UNIQUE,BARPETA,DISTRICT_OR_REPORTING_UNIT,VALID
Assam,BIEO,2013,0,0,0,0,0,0,0,0,0,0,0,0,0,CHILDREN,03_District_wise_crimes_committed_against_children_2013.csv,55,03_District_wise_crimes_committed_against_children_2013.csv::55,False,UNIQUE,BIEO,DISTRICT_OR_REPORTING_UNIT,VALID
Assam,BONGAIGAON,2013,0,0,3,0,0,0,0,0,0,0,0,0,3,CHILDREN,03_District_wise_crimes_committed_against_children_2013.csv,56,03_District_wise_crimes_committed_against_children_2013.csv::56,False,UNIQUE,BONGAIGAON,DISTRICT_OR_REPORTING_UNIT,VALID
Assam,C.I.D.,2013,0,0,0,0,0,0,0,0,0,0,0,0,0,CHILDREN,03_District_wise_crimes_committed_against_children_2013.csv,57,03_District_wise_crimes_committed_against_children_2013.csv::57,False,UNIQUE,C.I.D.,DISTRICT_OR_REPORTING_UNIT,VALID
Assam,CACHAR,2013,0,0,3,5,0,0,0,0,0,0,0,0,8,CHILDREN,03_District_wise_crimes_committed_against_children_2013.csv,58,03_District_wise_crimes_committed_against_children_2013.csv::58,False,UNIQUE,CACHAR,DISTRICT_OR_REPORTING_UNIT,VALID
Assam,CHIRANG,2013,0,1,10,10,0,0,0,0,0,0,0,0,21,CHILDREN,03_District_wise_crimes_committed_against_children_2013.csv,59,03_District_wise_crimes_committed_against_children_2013.csv::59,False,UNIQUE,CHIRANG,DISTRICT_OR_REPORTING_UNIT,VALID
Assam,DARRANG,2013,0,0,0,0,0,0,0,0,0,0,0,0,0,CHILDREN,03_District_wise_crimes_committed_against_children_2013.csv,60,03_District_wise_crimes_committed_against_children_2013.csv::60,False,UNIQUE,DARRANG,DISTRICT_OR_REPORTING_UNIT,VALID
Assam,DHEMAJI,2013,0,0,0,0,0,0,0,0,0,0,0,0,0,CHILDREN,03_District_wise_crimes_committed_against_children_2013.csv,61,03_District_wise_crimes_committed_against_children_2013.csv::61,False,UNIQUE,DHEMAJI,DISTRICT_OR_REPORTING_UNIT,VALID
Assam,DHUBRI,2013,0,1,138,7,0,0,0,127,0,0,1,7,281,CHILDREN,03_District_wise_crimes_committed_against_children_2013.csv,62,03_District_wise_crimes_committed_against_children_2013.csv::62,False,UNIQUE,DHUBRI,DISTRICT_OR_REPORTING_UNIT,VALID
Assam,DIBRUGARH,2013,0,0,0,0,0,0,0,0,0,0,0,0,0,CHILDREN,03_District_wise_crimes_committed_against_children_2013.csv,63,03_District_wise_crimes_committed_against_children_2013.csv::63,False,UNIQUE,DIBRUGARH,DISTRICT_OR_REPORTING_UNIT,VALID
Assam,G.R.P.,2013,0,0,0,0,0,0,0,0,0,0,0,0,0,CHILDREN,03_District_wise_crimes_committed_against_children_2013.csv,64,03_District_wise_crimes_committed_against_children_2013.csv::64,False,UNIQUE,G.R.P.,DISTRICT_OR_REPORTING_UNIT,VALID
Assam,GOALPARA,2013,0,0,26,2,0,0,0,0,0,0,0,0,28,CHILDREN,03_District_wise_crimes_committed_against_children_2013.csv,65,03_District_wise_crimes_committed_against_children_2013.csv::65,False,UNIQUE,GOALPARA,DISTRICT_OR_REPORTING_UNIT,VALID
Assam,GOLAGHAT,2013,0,0,0,0,0,0,0,0,0,0,0,0,0,CHILDREN,03_District_wise_crimes_committed_against_children_2013.csv,66,03_District_wise_crimes_committed_against_children_2013.csv::66,False,UNIQUE,GOLAGHAT,DISTRICT_OR_REPORTING_UNIT,VALID
Assam,HAILAKANDI,2013,0,0,0,0,0,0,0,0,0,0,0,0,0,CHILDREN,03_District_wise_crimes_committed_against_children_2013.csv,68,03_District_wise_crimes_committed_against_children_2013.csv::68,False,UNIQUE,HAILAKANDI,DISTRICT_OR_REPORTING_UNIT,VALID
Assam,HAMREN,2013,0,0,0,0,0,0,0,0,0,0,0,0,0,CHILDREN,03_District_wise_crimes_committed_against_children_2013.csv,69,03_District_wise_crimes_committed_against_children_2013.csv::69,False,UNIQUE,HAMREN,DISTRICT_OR_REPORTING_UNIT,VALID
Assam,JORHAT,2013,0,7,8,0,0,0,0,0,0,0,0,0,15,CHILDREN,03_District_wise_crimes_committed_against_children_2013.csv,70,03_District_wise_crimes_committed_against_children_2013.csv::70,False,UNIQUE,JORHAT,DISTRICT_OR_REPORTING_UNIT,VALID
Assam,KAMRUP,2013,0,0,2,0,0,0,0,0,0,0,0,1,3,CHILDREN,03_District_wise_crimes_committed_against_children_2013.csv,71,03_District_wise_crimes_committed_against_children_2013.csv::71,False,UNIQUE,KAMRUP,DISTRICT_OR_REPORTING_UNIT,VALID
Assam,KARBI ANGLONG,2013,0,0,4,0,0,0,0,0,0,0,0,0,4,CHILDREN,03_District_wise_crimes_committed_against_children_2013.csv,72,03_District_wise_crimes_committed_against_children_2013.csv::72,False,UNIQUE,KARBI ANGLONG,DISTRICT_OR_REPORTING_UNIT,VALID
Assam,KARIMGANJ,2013,0,0,0,0,0,0,0,0,0,0,0,0,0,CHILDREN,03_District_wise_crimes_committed_against_children_2013.csv,73,03_District_wise_crimes_committed_against_children_2013.csv::73,False,UNIQUE,KARIMGANJ,DISTRICT_OR_REPORTING_UNIT,VALID
Assam,KOKRAJHAR,2013,0,0,1,7,0,0,0,0,0,0,0,0,8,CHILDREN,03_District_wise_crimes_committed_against_children_2013.csv,74,03_District_wise_crimes_committed_against_children_2013.csv::74,False,UNIQUE,KOKRAJHAR,DISTRICT_OR_REPORTING_UNIT,VALID
Assam,LAKHIMPUR,2013,0,0,5,0,0,0,0,0,0,0,0,0,5,CHILDREN,03_District_wise_crimes_committed_against_children_2013.csv,75,03_District_wise_crimes_committed_against_children_2013.csv::75,False,UNIQUE,LAKHIMPUR,DISTRICT_OR_REPORTING_UNIT,VALID
Assam,MORIGAON,2013,0,2,6,10,0,0,0,0,0,0,0,8,26,CHILDREN,03_District_wise_crimes_committed_against_children_2013.csv,76,03_District_wise_crimes_committed_against_children_2013.csv::76,False,UNIQUE,MORIGAON,DISTRICT_OR_REPORTING_UNIT,VALID
Assam,N.C.HILLS,2013,0,0,0,0,0,0,0,0,0,0,0,0,0,CHILDREN,03_District_wise_crimes_committed_against_children_2013.csv,77,03_District_wise_crimes_committed_against_children_2013.csv::77,False,UNIQUE,N.C.HILLS,DISTRICT_OR_REPORTING_UNIT,VALID
Assam,NAGAON,2013,0,0,7,0,0,0,0,0,0,0,0,0,7,CHILDREN,03_District_wise_crimes_committed_against_children_2013.csv,78,03_District_wise_crimes_committed_against_children_2013.csv::78,False,UNIQUE,NAGAON,DISTRICT_OR_REPORTING_UNIT,VALID
Assam,NALBARI,2013,0,0,6,29,0,0,0,0,0,0,0,1,36,CHILDREN,03_District_wise_crimes_committed_against_children_2013.csv,79,03_District_wise_crimes_committed_against_children_2013.csv::79,False,UNIQUE,NALBARI,DISTRICT_OR_REPORTING_UNIT,VALID
Assam,R.P.O.,2013,0,0,0,0,0,0,0,0,0,0,0,0,0,CHILDREN,03_District_wise_crimes_committed_against_children_2013.csv,80,03_District_wise_crimes_committed_against_children_2013.csv::80,False,UNIQUE,R.P.O.,DISTRICT_OR_REPORTING_UNIT,VALID
Assam,SIBSAGAR,2013,0,0,2,4,0,0,0,2,0,0,0,23,31,CHILDREN,03_District_wise_crimes_committed_against_children_2013.csv,81,03_District_wise_crimes_committed_against_children_2013.csv::81,False,UNIQUE,SIBSAGAR,DISTRICT_OR_REPORTING_UNIT,VALID
Assam,SONITPUR,2013,0,2,4,2,0,0,0,0,0,0,0,24,32,CHILDREN,03_District_wise_crimes_committed_against_children_2013.csv,82,03_District_wise_crimes_committed_against_children_2013.csv::82,False,UNIQUE,SONITPUR,DISTRICT_OR_REPORTING_UNIT,VALID
Assam,STF,2013,0,0,0,0,0,0,0,0,0,0,0,0,0,CHILDREN,03_District_wise_crimes_committed_against_children_2013.csv,83,03_District_wise_crimes_committed_against_children_2013.csv::83,False,UNIQUE,STF,DISTRICT_OR_REPORTING_UNIT,VALID
Assam,TINSUKIA,2013,0,1,4,0,0,0,0,0,0,0,0,0,5,CHILDREN,03_District_wise_crimes_committed_against_children_2013.csv,84,03_District_wise_crimes_committed_against_children_2013.csv::84,False,UNIQUE,TINSUKIA,DISTRICT_OR_REPORTING_UNIT,VALID
Assam,UDALGURI,2013,0,0,0,0,0,0,0,0,0,0,0,0,0,CHILDREN,03_District_wise_crimes_committed_against_children_2013.csv,85,03_District_wise_crimes_committed_against_children_2013.csv::85,False,UNIQUE,UDALGURI,DISTRICT_OR_REPORTING_UNIT,VALID
Bihar,ARARIA,2013,0,0,1,25,0,0,0,0,0,0,0,0,26,CHILDREN,03_District_wise_crimes_committed_against_children_2013.csv,87,03_District_wise_crimes_committed_against_children_2013.csv::87,False,UNIQUE,ARARIA,DISTRICT_OR_REPORTING_UNIT,VALID
Bihar,ARWAL,2013,0,0,0,0,0,0,0,0,0,0,0,0,0,CHILDREN,03_District_wise_crimes_committed_against_children_2013.csv,88,03_District_wise_crimes_committed_against_children_2013.csv::88,False,UNIQUE,ARWAL,DISTRICT_OR_REPORTING_UNIT,VALID
Bihar,AURANGABAD,2013,0,3,6,0,0,0,0,0,0,0,0,0,9,CHILDREN,03_District_wise_crimes_committed_against_children_2013.csv,89,03_District_wise_crimes_committed_against_children_2013.csv::89,False,UNIQUE,AURANGABAD,DISTRICT_OR_REPORTING_UNIT,VALID
Bihar,BAGAHA,2013,0,0,0,0,0,0,0,0,0,0,0,0,0,CHILDREN,03_District_wise_crimes_committed_against_children_2013.csv,90,03_District_wise_crimes_committed_against_children_2013.csv::90,False,UNIQUE,BAGAHA,DISTRICT_OR_REPORTING_UNIT,VALID
Bihar,BANKA,2013,0,0,0,0,0,0,0,0,0,0,0,0,0,CHILDREN,03_District_wise_crimes_committed_against_children_2013.csv,91,03_District_wise_crimes_committed_against_children_2013.csv::91,False,UNIQUE,BANKA,DISTRICT_OR_REPORTING_UNIT,VALID
Bihar,BEGUSARAI,2013,0,4,1,0,0,0,0,0,0,0,0,0,5,CHILDREN,03_District_wise_crimes_committed_against_children_2013.csv,92,03_District_wise_crimes_committed_against_children_2013.csv::92,False,UNIQUE,BEGUSARAI,DISTRICT_OR_REPORTING_UNIT,VALID
Bihar,BETTIAH,2013,0,0,0,0,0,0,0,0,0,0,0,0,0,CHILDREN,03_District_wise_crimes_committed_against_children_2013.csv,93,03_District_wise_crimes_committed_against_children_2013.csv::93,False,UNIQUE,BETTIAH,DISTRICT_OR_REPORTING_UNIT,VALID
Bihar,BHABHUA,2013,0,0,0,48,0,0,0,0,0,0,0,0,48,CHILDREN,03_District_wise_crimes_committed_against_children_2013.csv,94,03_District_wise_crimes_committed_against_children_2013.csv::94,False,UNIQUE,BHABHUA,DISTRICT_OR_REPORTING_UNIT,VALID
Bihar,BHAGALPUR,2013,0,0,0,0,0,0,0,0,0,0,0,0,0,CHILDREN,03_District_wise_crimes_committed_against_children_2013.csv,95,03_District_wise_crimes_committed_against_children_2013.csv::95,False,UNIQUE,BHAGALPUR,DISTRICT_OR_REPORTING_UNIT,VALID
Bihar,BHOJPUR,2013,0,3,1,50,0,0,0,3,0,0,0,0,57,CHILDREN,03_District_wise_crimes_committed_against_children_2013.csv,96,03_District_wise_crimes_committed_against_children_2013.csv::96,False,UNIQUE,BHOJPUR,DISTRICT_OR_REPORTING_UNIT,VALID
Bihar,BUXAR,2013,0,0,1,0,0,0,0,0,0,0,0,0,1,CHILDREN,03_District_wise_crimes_committed_against_children_2013.csv,97,03_District_wise_crimes_committed_against_children_2013.csv::97,False,UNIQUE,BUXAR,DISTRICT_OR_REPORTING_UNIT,VALID
Bihar,DARBHANGA,2013,0,1,2,4,1,0,1,25,0,2,0,1,37,CHILDREN,03_District_wise_crimes_committed_against_children_2013.csv,98,03_District_wise_crimes_committed_against_children_2013.csv::98,False,UNIQUE,DARBHANGA,DISTRICT_OR_REPORTING_UNIT,VALID
Bihar,GAYA,2013,0,9,21,91,0,0,0,0,0,0,0,3,124,CHILDREN,03_District_wise_crimes_committed_against_children_2013.csv,99,03_District_wise_crimes_committed_against_children_2013.csv::99,False,UNIQUE,GAYA,DISTRICT_OR_REPORTING_UNIT,VALID
Bihar,GOPALGANJ,2013,0,4,2,41,0,0,0,0,0,0,0,0,47,CHILDREN,03_District_wise_crimes_committed_against_children_2013.csv,100,03_District_wise_crimes_committed_against_children_2013.csv::100,False,UNIQUE,GOPALGANJ,DISTRICT_OR_REPORTING_UNIT,VALID
Bihar,JAMALPUR RLY.,2013,0,0,0,0,0,0,0,0,0,0,0,0,0,CHILDREN,03_District_wise_crimes_committed_against_children_2013.csv,101,03_District_wise_crimes_committed_against_children_2013.csv::101,False,UNIQUE,JAMALPUR RLY.,DISTRICT_OR_REPORTING_UNIT,VALID
Bihar,JAMUI,2013,0,2,1,1,0,0,0,12,0,0,1,0,17,CHILDREN,03_District_wise_crimes_committed_against_children_2013.csv,102,03_District_wise_crimes_committed_against_children_2013.csv::102,False,UNIQUE,JAMUI,DISTRICT_OR_REPORTING_UNIT,VALID
Bihar,JEHANABAD,2013,0,0,0,0,0,0,0,0,0,0,0,0,0,CHILDREN,03_District_wise_crimes_committed_against_children_2013.csv,103,03_District_wise_crimes_committed_against_children_2013.csv::103,False,UNIQUE,JEHANABAD,DISTRICT_OR_REPORTING_UNIT,VALID
Bihar,KATIHAR,2013,0,7,5,13,0,0,0,0,0,0,0,0,25,CHILDREN,03_District_wise_crimes_committed_against_children_2013.csv,104,03_District_wise_crimes_committed_against_children_2013.csv::104,False,UNIQUE,KATIHAR,DISTRICT_OR_REPORTING_UNIT,VALID
Bihar,KATIHAR RLY.,2013,0,0,0,0,0,0,0,0,0,0,0,0,0,CHILDREN,03_District_wise_crimes_committed_against_children_2013.csv,105,03_District_wise_crimes_committed_against_children_2013.csv::105,False,UNIQUE,KATIHAR RLY.,DISTRICT_OR_REPORTING_UNIT,VALID
Bihar,KHAGARIA,2013,0,1,1,26,0,0,0,0,0,0,0,0,28,CHILDREN,03_District_wise_crimes_committed_against_children_2013.csv,106,03_District_wise_crimes_committed_against_children_2013.csv::106,False,UNIQUE,KHAGARIA,DISTRICT_OR_REPORTING_UNIT,VALID
Bihar,KISHANGANJ,2013,0,0,0,0,0,0,0,0,0,0,0,0,0,CHILDREN,03_District_wise_crimes_committed_against_children_2013.csv,107,03_District_wise_crimes_committed_against_children_2013.csv::107,False,UNIQUE,KISHANGANJ,DISTRICT_OR_REPORTING_UNIT,VALID
Bihar,LAKHISARAI,2013,0,9,1,30,0,0,0,0,0,0,0,0,40,CHILDREN,03_District_wise_crimes_committed_against_children_2013.csv,108,03_District_wise_crimes_committed_against_children_2013.csv::108,False,UNIQUE,LAKHISARAI,DISTRICT_OR_REPORTING_UNIT,VALID
Bihar,MADHEPURA,2013,0,0,0,20,0,0,0,42,0,0,0,0,62,CHILDREN,03_District_wise_crimes_committed_against_children_2013.csv,109,03_District_wise_crimes_committed_against_children_2013.csv::109,False,UNIQUE,MADHEPURA,DISTRICT_OR_REPORTING_UNIT,VALID
Bihar,MADHUBANI,2013,0,1,0,12,0,0,0,0,0,0,0,0,13,CHILDREN,03_District_wise_crimes_committed_against_children_2013.csv,110,03_District_wise_crimes_committed_against_children_2013.csv::110,False,UNIQUE,MADHUBANI,DISTRICT_OR_REPORTING_UNIT,VALID
Bihar,MOTIHARI,2013,0,1,1,128,0,0,0,1,0,1,0,0,132,CHILDREN,03_District_wise_crimes_committed_against_children_2013.csv,111,03_District_wise_crimes_committed_against_children_2013.csv::111,False,UNIQUE,MOTIHARI,DISTRICT_OR_REPORTING_UNIT,VALID
Bihar,MUNGER,2013,0,1,1,11,0,0,0,0,0,0,0,0,13,CHILDREN,03_District_wise_crimes_committed_against_children_2013.csv,112,03_District_wise_crimes_committed_against_children_2013.csv::112,False,UNIQUE,MUNGER,DISTRICT_OR_REPORTING_UNIT,VALID
Bihar,MUZAFFARPUR,2013,0,6,6,226,0,0,0,0,0,0,0,0,238,CHILDREN,03_District_wise_crimes_committed_against_children_2013.csv,113,03_District_wise_crimes_committed_against_children_2013.csv::113,False,UNIQUE,MUZAFFARPUR,DISTRICT_OR_REPORTING_UNIT,VALID
Bihar,MUZAFFARPUR RLY.,2013,0,0,1,0,0,0,0,0,0,0,0,0,1,CHILDREN,03_District_wise_crimes_committed_against_children_2013.csv,114,03_District_wise_crimes_committed_against_children_2013.csv::114,False,UNIQUE,MUZAFFARPUR RLY.,DISTRICT_OR_REPORTING_UNIT,VALID
Bihar,NALANDA,2013,0,1,1,1,0,0,0,23,0,0,0,0,26,CHILDREN,03_District_wise_crimes_committed_against_children_2013.csv,115,03_District_wise_crimes_committed_against_children_2013.csv::115,False,UNIQUE,NALANDA,DISTRICT_OR_REPORTING_UNIT,VALID
Bihar,NAUGACHIA,2013,0,0,0,0,0,0,0,0,0,0,0,2,2,CHILDREN,03_District_wise_crimes_committed_against_children_2013.csv,116,03_District_wise_crimes_committed_against_children_2013.csv::116,False,UNIQUE,NAUGACHIA,DISTRICT_OR_REPORTING_UNIT,VALID
Bihar,NAWADAH,2013,0,7,0,39,0,0,0,0,0,0,0,0,46,CHILDREN,03_District_wise_crimes_committed_against_children_2013.csv,117,03_District_wise_crimes_committed_against_children_2013.csv::117,False,UNIQUE,NAWADAH,DISTRICT_OR_REPORTING_UNIT,VALID
Bihar,PATNA,2013,0,10,0,0,0,0,0,15,0,0,0,0,25,CHILDREN,03_District_wise_crimes_committed_against_children_2013.csv,118,03_District_wise_crimes_committed_against_children_2013.csv::118,False,UNIQUE,PATNA,DISTRICT_OR_REPORTING_UNIT,VALID
Bihar,PATNA RLY.,2013,0,0,0,6,0,0,0,0,0,0,0,6,12,CHILDREN,03_District_wise_crimes_committed_against_children_2013.csv,119,03_District_wise_crimes_committed_against_children_2013.csv::119,False,UNIQUE,PATNA RLY.,DISTRICT_OR_REPORTING_UNIT,VALID
Bihar,PURNEA,2013,0,3,2,35,0,0,0,0,0,0,0,0,40,CHILDREN,03_District_wise_crimes_committed_against_children_2013.csv,120,03_District_wise_crimes_committed_against_children_2013.csv::120,False,UNIQUE,PURNEA,DISTRICT_OR_REPORTING_UNIT,VALID
Bihar,ROHTAS,2013,0,8,4,110,0,0,0,4,0,0,0,0,126,CHILDREN,03_District_wise_crimes_committed_against_children_2013.csv,121,03_District_wise_crimes_committed_against_children_2013.csv::121,False,UNIQUE,ROHTAS,DISTRICT_OR_REPORTING_UNIT,VALID
Bihar,SAHARSA,2013,0,4,5,15,0,0,0,38,0,0,0,0,62,CHILDREN,03_District_wise_crimes_committed_against_children_2013.csv,122,03_District_wise_crimes_committed_against_children_2013.csv::122,False,UNIQUE,SAHARSA,DISTRICT_OR_REPORTING_UNIT,VALID
Bihar,SAMASTIPUR,2013,0,1,3,24,0,0,0,8,0,0,0,2,38,CHILDREN,03_District_wise_crimes_committed_against_children_2013.csv,123,03_District_wise_crimes_committed_against_children_2013.csv::123,False,UNIQUE,SAMASTIPUR,DISTRICT_OR_REPORTING_UNIT,VALID
Bihar,SARAN,2013,0,1,0,107,0,0,0,0,0,0,0,0,108,CHILDREN,03_District_wise_crimes_committed_against_children_2013.csv,124,03_District_wise_crimes_committed_against_children_2013.csv::124,False,UNIQUE,SARAN,DISTRICT_OR_REPORTING_UNIT,VALID
Bihar,SHEIKHPURA,2013,0,0,8,36,0,0,0,0,0,0,0,0,44,CHILDREN,03_District_wise_crimes_committed_against_children_2013.csv,125,03_District_wise_crimes_committed_against_children_2013.csv::125,False,UNIQUE,SHEIKHPURA,DISTRICT_OR_REPORTING_UNIT,VALID
Bihar,SHEOHAR,2013,0,0,0,0,0,0,0,22,0,0,0,0,22,CHILDREN,03_District_wise_crimes_committed_against_children_2013.csv,126,03_District_wise_crimes_committed_against_children_2013.csv::126,False,UNIQUE,SHEOHAR,DISTRICT_OR_REPORTING_UNIT,VALID
Bihar,SITAMARHI,2013,0,0,0,0,0,0,0,0,0,0,0,0,0,CHILDREN,03_District_wise_crimes_committed_against_children_2013.csv,127,03_District_wise_crimes_committed_against_children_2013.csv::127,False,UNIQUE,SITAMARHI,DISTRICT_OR_REPORTING_UNIT,VALID
Bihar,SIWAN,2013,0,1,1,5,0,0,0,0,0,0,0,0,7,CHILDREN,03_District_wise_crimes_committed_against_children_2013.csv,128,03_District_wise_crimes_committed_against_children_2013.csv::128,False,UNIQUE,SIWAN,DISTRICT_OR_REPORTING_UNIT,VALID
Bihar,SUPAUL,2013,0,0,0,0,0,0,0,0,0,0,0,0,0,CHILDREN,03_District_wise_crimes_committed_against_children_2013.csv,129,03_District_wise_crimes_committed_against_children_2013.csv::129,False,UNIQUE,SUPAUL,DISTRICT_OR_REPORTING_UNIT,VALID
Bihar,VAISHALI,2013,0,13,10,76,0,0,0,0,0,0,0,0,99,CHILDREN,03_District_wise_crimes_committed_against_children_2013.csv,130,03_District_wise_crimes_committed_against_children_2013.csv::130,False,UNIQUE,VAISHALI,DISTRICT_OR_REPORTING_UNIT,VALID
Chhattisgarh,BALOD,2013,0,0,10,30,3,0,0,0,0,0,0,35,78,CHILDREN,03_District_wise_crimes_committed_against_children_2013.csv,132,03_District_wise_crimes_committed_against_children_2013.csv::132,False,UNIQUE,BALOD,DISTRICT_OR_REPORTING_UNIT,VALID
Chhattisgarh,BALODA BAZAR,2013,0,2,26,96,0,0,0,0,0,0,0,43,167,CHILDREN,03_District_wise_crimes_committed_against_children_2013.csv,133,03_District_wise_crimes_committed_against_children_2013.csv::133,False,UNIQUE,BALODA BAZAR,DISTRICT_OR_REPORTING_UNIT,VALID
Chhattisgarh,BALRAMPUR,2013,0,4,4,13,0,0,0,0,0,0,0,40,61,CHILDREN,03_District_wise_crimes_committed_against_children_2013.csv,134,03_District_wise_crimes_committed_against_children_2013.csv::134,False,UNIQUE,BALRAMPUR,DISTRICT_OR_REPORTING_UNIT,VALID
Chhattisgarh,BEMETARA,2013,0,1,16,38,0,0,0,0,0,0,0,29,84,CHILDREN,03_District_wise_crimes_committed_against_children_2013.csv,135,03_District_wise_crimes_committed_against_children_2013.csv::135,False,UNIQUE,BEMETARA,DISTRICT_OR_REPORTING_UNIT,VALID
Chhattisgarh,BILASPUR,2013,0,1,13,25,2,0,0,0,0,0,0,75,116,CHILDREN,03_District_wise_crimes_committed_against_children_2013.csv,136,03_District_wise_crimes_committed_against_children_2013.csv::136,False,UNIQUE,BILASPUR,DISTRICT_OR_REPORTING_UNIT,VALID
Chhattisgarh,BIZAPUR,2013,0,0,1,14,0,1,0,0,0,0,0,21,37,CHILDREN,03_District_wise_crimes_committed_against_children_2013.csv,137,03_District_wise_crimes_committed_against_children_2013.csv::137,False,UNIQUE,BIZAPUR,DISTRICT_OR_REPORTING_UNIT,VALID
Chhattisgarh,DANTEWARA,2013,1,6,1,6,0,0,0,0,0,0,0,5,19,CHILDREN,03_District_wise_crimes_committed_against_children_2013.csv,138,03_District_wise_crimes_committed_against_children_2013.csv::138,False,UNIQUE,DANTEWARA,DISTRICT_OR_REPORTING_UNIT,VALID
Chhattisgarh,DHAMTARI,2013,0,0,21,33,0,0,3,0,0,0,0,34,91,CHILDREN,03_District_wise_crimes_committed_against_children_2013.csv,139,03_District_wise_crimes_committed_against_children_2013.csv::139,False,UNIQUE,DHAMTARI,DISTRICT_OR_REPORTING_UNIT,VALID
Chhattisgarh,DURG,2013,0,6,60,103,0,0,0,0,0,0,0,202,371,CHILDREN,03_District_wise_crimes_committed_against_children_2013.csv,140,03_District_wise_crimes_committed_against_children_2013.csv::140,False,UNIQUE,DURG,DISTRICT_OR_REPORTING_UNIT,VALID
Chhattisgarh,GARIYABAND,2013,0,0,24,16,0,0,0,0,0,0,0,14,54,CHILDREN,03_District_wise_crimes_committed_against_children_2013.csv,141,03_District_wise_crimes_committed_against_children_2013.csv::141,False,UNIQUE,GARIYABAND,DISTRICT_OR_REPORTING_UNIT,VALID
Chhattisgarh,GRP RAIPUR,2013,0,0,1,2,0,0,3,0,0,0,0,0,6,CHILDREN,03_District_wise_crimes_committed_against_children_2013.csv,142,03_District_wise_crimes_committed_against_children_2013.csv::142,False,UNIQUE,GRP RAIPUR,DISTRICT_OR_REPORTING_UNIT,VALID
Chhattisgarh,JAGDALPUR,2013,0,0,34,42,0,0,0,0,0,0,0,0,76,CHILDREN,03_District_wise_crimes_committed_against_children_2013.csv,143,03_District_wise_crimes_committed_against_children_2013.csv::143,False,UNIQUE,JAGDALPUR,DISTRICT_OR_REPORTING_UNIT,VALID
Chhattisgarh,JANJGIR,2013,0,7,25,191,1,2,1,0,0,0,0,109,336,CHILDREN,03_District_wise_crimes_committed_against_children_2013.csv,144,03_District_wise_crimes_committed_against_children_2013.csv::144,False,UNIQUE,JANJGIR,DISTRICT_OR_REPORTING_UNIT,VALID
Chhattisgarh,JASHPUR,2013,0,0,52,60,0,0,0,0,0,0,0,44,156,CHILDREN,03_District_wise_crimes_committed_against_children_2013.csv,145,03_District_wise_crimes_committed_against_children_2013.csv::145,False,UNIQUE,JASHPUR,DISTRICT_OR_REPORTING_UNIT,VALID
Chhattisgarh,KABIRDHAM,2013,0,1,4,1,0,0,0,0,0,0,0,35,41,CHILDREN,03_District_wise_crimes_committed_against_children_2013.csv,146,03_District_wise_crimes_committed_against_children_2013.csv::146,False,UNIQUE,KABIRDHAM,DISTRICT_OR_REPORTING_UNIT,VALID
Chhattisgarh,KANKER,2013,0,1,24,48,0,0,0,0,0,0,0,27,100,CHILDREN,03_District_wise_crimes_committed_against_children_2013.csv,147,03_District_wise_crimes_committed_against_children_2013.csv::147,False,UNIQUE,KANKER,DISTRICT_OR_REPORTING_UNIT,VALID
Chhattisgarh,KONDAGAON,2013,10,1,0,0,9,25,0,0,0,0,0,35,80,CHILDREN,03_District_wise_crimes_committed_against_children_2013.csv,148,03_District_wise_crimes_committed_against_children_2013.csv::148,False,UNIQUE,KONDAGAON,DISTRICT_OR_REPORTING_UNIT,VALID
Chhattisgarh,KORBA,2013,0,4,26,73,0,0,0,0,0,0,0,40,143,CHILDREN,03_District_wise_crimes_committed_against_children_2013.csv,149,03_District_wise_crimes_committed_against_children_2013.csv::149,False,UNIQUE,KORBA,DISTRICT_OR_REPORTING_UNIT,VALID
Chhattisgarh,KORIYA,2013,0,2,32,70,0,0,0,0,0,0,0,30,134,CHILDREN,03_District_wise_crimes_committed_against_children_2013.csv,150,03_District_wise_crimes_committed_against_children_2013.csv::150,False,UNIQUE,KORIYA,DISTRICT_OR_REPORTING_UNIT,VALID
Chhattisgarh,MAHASAMUND,2013,0,2,24,108,0,0,0,0,0,0,0,23,157,CHILDREN,03_District_wise_crimes_committed_against_children_2013.csv,151,03_District_wise_crimes_committed_against_children_2013.csv::151,False,UNIQUE,MAHASAMUND,DISTRICT_OR_REPORTING_UNIT,VALID
Chhattisgarh,MUNGELI,2013,0,0,16,55,0,0,0,0,0,0,0,17,88,CHILDREN,03_District_wise_crimes_committed_against_children_2013.csv,152,03_District_wise_crimes_committed_against_children_2013.csv::152,False,UNIQUE,MUNGELI,DISTRICT_OR_REPORTING_UNIT,VALID
Chhattisgarh,NARAYANPUR,2013,0,0,5,2,0,0,0,0,0,0,0,6,13,CHILDREN,03_District_wise_crimes_committed_against_children_2013.csv,153,03_District_wise_crimes_committed_against_children_2013.csv::153,False,UNIQUE,NARAYANPUR,DISTRICT_OR_REPORTING_UNIT,VALID
Chhattisgarh,RAIGARH,2013,1,3,15,106,0,0,0,0,0,0,1,27,153,CHILDREN,03_District_wise_crimes_committed_against_children_2013.csv,154,03_District_wise_crimes_committed_against_children_2013.csv::154,False,UNIQUE,RAIGARH,DISTRICT_OR_REPORTING_UNIT,VALID
Chhattisgarh,RAIPUR,2013,1,5,76,427,0,0,0,0,0,0,0,229,738,CHILDREN,03_District_wise_crimes_committed_against_children_2013.csv,155,03_District_wise_crimes_committed_against_children_2013.csv::155,False,UNIQUE,RAIPUR,DISTRICT_OR_REPORTING_UNIT,VALID
Chhattisgarh,RAJNANDGAON,2013,2,0,21,0,0,67,0,0,0,0,0,39,129,CHILDREN,03_District_wise_crimes_committed_against_children_2013.csv,156,03_District_wise_crimes_committed_against_children_2013.csv::156,False,UNIQUE,RAJNANDGAON,DISTRICT_OR_REPORTING_UNIT,VALID
Chhattisgarh,SARGUJA,2013,0,1,28,18,0,0,0,0,0,0,0,66,113,CHILDREN,03_District_wise_crimes_committed_against_children_2013.csv,157,03_District_wise_crimes_committed_against_children_2013.csv::157,False,UNIQUE,SARGUJA,DISTRICT_OR_REPORTING_UNIT,VALID
Chhattisgarh,SUKMA,2013,0,0,0,0,0,0,0,0,0,0,0,0,0,CHILDREN,03_District_wise_crimes_committed_against_children_2013.csv,158,03_District_wise_crimes_committed_against_children_2013.csv::158,False,UNIQUE,SUKMA,DISTRICT_OR_REPORTING_UNIT,VALID
Chhattisgarh,SURAJPUR,2013,0,2,36,57,0,0,0,44,0,0,0,57,196,CHILDREN,03_District_wise_crimes_committed_against_children_2013.csv,159,03_District_wise_crimes_committed_against_children_2013.csv::159,False,UNIQUE,SURAJPUR,DISTRICT_OR_REPORTING_UNIT,VALID
Goa,NORTH GOA,2013,0,0,33,43,0,1,0,0,0,0,0,79,156,CHILDREN,03_District_wise_crimes_committed_against_children_2013.csv,161,03_District_wise_crimes_committed_against_children_2013.csv::161,False,UNIQUE,NORTH GOA,DISTRICT_OR_REPORTING_UNIT,VALID
Goa,SOUTH GOA,2013,0,0,26,47,0,0,2,0,0,0,0,39,114,CHILDREN,03_District_wise_crimes_committed_against_children_2013.csv,162,03_District_wise_crimes_committed_against_children_2013.csv::162,False,UNIQUE,SOUTH GOA,DISTRICT_OR_REPORTING_UNIT,VALID
Gujarat,AHMEDABAD COMMR.,2013,0,0,49,344,0,0,24,0,0,2,0,0,419,CHILDREN,03_District_wise_crimes_committed_against_children_2013.csv,164,03_District_wise_crimes_committed_against_children_2013.csv::164,False,UNIQUE,AHMEDABAD COMMR.,DISTRICT_OR_REPORTING_UNIT,VALID
Gujarat,AHWA-DANG,2013,0,0,0,1,0,0,0,0,0,0,0,1,2,CHILDREN,03_District_wise_crimes_committed_against_children_2013.csv,166,03_District_wise_crimes_committed_against_children_2013.csv::166,False,UNIQUE,AHWA-DANG,DISTRICT_OR_REPORTING_UNIT,VALID
Gujarat,AMRELI,2013,0,2,5,47,0,0,2,0,0,0,1,0,57,CHILDREN,03_District_wise_crimes_committed_against_children_2013.csv,167,03_District_wise_crimes_committed_against_children_2013.csv::167,False,UNIQUE,AMRELI,DISTRICT_OR_REPORTING_UNIT,VALID
Gujarat,ANAND,2013,0,2,3,59,0,0,6,0,0,0,0,0,70,CHILDREN,03_District_wise_crimes_committed_against_children_2013.csv,168,03_District_wise_crimes_committed_against_children_2013.csv::168,False,UNIQUE,ANAND,DISTRICT_OR_REPORTING_UNIT,VALID
Gujarat,BHARUCH,2013,0,1,14,40,0,0,2,0,0,0,0,0,57,CHILDREN,03_District_wise_crimes_committed_against_children_2013.csv,169,03_District_wise_crimes_committed_against_children_2013.csv::169,False,UNIQUE,BHARUCH,DISTRICT_OR_REPORTING_UNIT,VALID
Gujarat,BHAVNAGAR,2013,0,8,5,22,0,0,9,0,0,0,1,23,68,CHILDREN,03_District_wise_crimes_committed_against_children_2013.csv,170,03_District_wise_crimes_committed_against_children_2013.csv::170,False,UNIQUE,BHAVNAGAR,DISTRICT_OR_REPORTING_UNIT,VALID
Gujarat,CID CRIME,2013,0,0,0,0,0,0,0,0,0,0,0,0,0,CHILDREN,03_District_wise_crimes_committed_against_children_2013.csv,171,03_District_wise_crimes_committed_against_children_2013.csv::171,False,UNIQUE,CID CRIME,DISTRICT_OR_REPORTING_UNIT,VALID
Gujarat,DAHOD,2013,0,5,7,61,0,0,4,0,0,0,0,12,89,CHILDREN,03_District_wise_crimes_committed_against_children_2013.csv,172,03_District_wise_crimes_committed_against_children_2013.csv::172,False,UNIQUE,DAHOD,DISTRICT_OR_REPORTING_UNIT,VALID
Gujarat,GANDHINAGAR,2013,0,2,9,25,0,0,1,0,0,0,0,0,37,CHILDREN,03_District_wise_crimes_committed_against_children_2013.csv,173,03_District_wise_crimes_committed_against_children_2013.csv::173,False,UNIQUE,GANDHINAGAR,DISTRICT_OR_REPORTING_UNIT,VALID
Gujarat,HIMATNAGAR,2013,0,4,1,57,0,0,7,0,0,0,1,0,70,CHILDREN,03_District_wise_crimes_committed_against_children_2013.csv,174,03_District_wise_crimes_committed_against_children_2013.csv::174,False,UNIQUE,HIMATNAGAR,DISTRICT_OR_REPORTING_UNIT,VALID
Gujarat,JAMNAGAR,2013,0,6,9,16,0,0,3,0,0,0,1,0,35,CHILDREN,03_District_wise_crimes_committed_against_children_2013.csv,175,03_District_wise_crimes_committed_against_children_2013.csv::175,False,UNIQUE,JAMNAGAR,DISTRICT_OR_REPORTING_UNIT,VALID
Gujarat,JUNAGADH,2013,0,6,14,46,0,0,4,0,0,0,2,8,80,CHILDREN,03_District_wise_crimes_committed_against_children_2013.csv,176,03_District_wise_crimes_committed_against_children_2013.csv::176,False,UNIQUE,JUNAGADH,DISTRICT_OR_REPORTING_UNIT,VALID
Gujarat,KHEDA NORTH,2013,0,2,2,63,0,0,9,0,0,0,1,0,77,CHILDREN,03_District_wise_crimes_committed_against_children_2013.csv,177,03_District_wise_crimes_committed_against_children_2013.csv::177,False,UNIQUE,KHEDA NORTH,DISTRICT_OR_REPORTING_UNIT,VALID
Gujarat,KUTCH (EAST(G)),2013,0,0,4,12,0,0,2,0,0,0,0,0,18,CHILDREN,03_District_wise_crimes_committed_against_children_2013.csv,178,03_District_wise_crimes_committed_against_children_2013.csv::178,False,UNIQUE,KUTCH (EAST(G)),DISTRICT_OR_REPORTING_UNIT,VALID
Gujarat,KUTCH (WEST-BHUJ),2013,0,0,13,26,0,0,2,0,0,0,0,0,41,CHILDREN,03_District_wise_crimes_committed_against_children_2013.csv,179,03_District_wise_crimes_committed_against_children_2013.csv::179,False,UNIQUE,KUTCH (WEST-BHUJ),DISTRICT_OR_REPORTING_UNIT,VALID
Gujarat,MEHSANA,2013,0,4,0,4,0,0,0,0,0,0,1,45,54,CHILDREN,03_District_wise_crimes_committed_against_children_2013.csv,180,03_District_wise_crimes_committed_against_children_2013.csv::180,False,UNIQUE,MEHSANA,DISTRICT_OR_REPORTING_UNIT,VALID
Gujarat,NARMADA,2013,0,0,1,3,0,0,0,0,0,0,0,0,4,CHILDREN,03_District_wise_crimes_committed_against_children_2013.csv,181,03_District_wise_crimes_committed_against_children_2013.csv::181,False,UNIQUE,NARMADA,DISTRICT_OR_REPORTING_UNIT,VALID
Gujarat,NAVSARI,2013,0,2,3,15,0,0,2,0,0,0,1,0,23,CHILDREN,03_District_wise_crimes_committed_against_children_2013.csv,182,03_District_wise_crimes_committed_against_children_2013.csv::182,False,UNIQUE,NAVSARI,DISTRICT_OR_REPORTING_UNIT,VALID
Gujarat,PALANPUR,2013,0,0,6,7,0,0,0,0,0,0,0,3,16,CHILDREN,03_District_wise_crimes_committed_against_children_2013.csv,183,03_District_wise_crimes_committed_against_children_2013.csv::183,False,UNIQUE,PALANPUR,DISTRICT_OR_REPORTING_UNIT,VALID
Gujarat,PANCHMAHAL,2013,0,4,9,79,0,0,6,0,0,0,0,0,98,CHILDREN,03_District_wise_crimes_committed_against_children_2013.csv,184,03_District_wise_crimes_committed_against_children_2013.csv::184,False,UNIQUE,PANCHMAHAL,DISTRICT_OR_REPORTING_UNIT,VALID
Gujarat,PATAN,2013,0,0,3,5,0,0,2,0,0,0,0,3,13,CHILDREN,03_District_wise_crimes_committed_against_children_2013.csv,185,03_District_wise_crimes_committed_against_children_2013.csv::185,False,UNIQUE,PATAN,DISTRICT_OR_REPORTING_UNIT,VALID
Gujarat,PORBANDAR,2013,0,1,3,8,0,0,0,0,0,0,1,5,18,CHILDREN,03_District_wise_crimes_committed_against_children_2013.csv,186,03_District_wise_crimes_committed_against_children_2013.csv::186,False,UNIQUE,PORBANDAR,DISTRICT_OR_REPORTING_UNIT,VALID
Gujarat,RAJKOT COMMR.,2013,0,1,5,39,1,0,10,0,0,0,0,18,74,CHILDREN,03_District_wise_crimes_committed_against_children_2013.csv,187,03_District_wise_crimes_committed_against_children_2013.csv::187,False,UNIQUE,RAJKOT COMMR.,DISTRICT_OR_REPORTING_UNIT,VALID
Gujarat,SURAT COMMR.,2013,0,4,40,78,0,0,8,0,0,0,0,2,132,CHILDREN,03_District_wise_crimes_committed_against_children_2013.csv,189,03_District_wise_crimes_committed_against_children_2013.csv::189,False,UNIQUE,SURAT COMMR.,DISTRICT_OR_REPORTING_UNIT,VALID
Gujarat,SURENDRANAGAR,2013,0,3,10,57,0,0,1,0,0,0,0,0,71,CHILDREN,03_District_wise_crimes_committed_against_children_2013.csv,191,03_District_wise_crimes_committed_against_children_2013.csv::191,False,UNIQUE,SURENDRANAGAR,DISTRICT_OR_REPORTING_UNIT,VALID
Gujarat,TAPI,2013,0,0,1,0,0,0,0,0,0,0,0,3,4,CHILDREN,03_District_wise_crimes_committed_against_children_2013.csv,192,03_District_wise_crimes_committed_against_children_2013.csv::192,False,UNIQUE,TAPI,DISTRICT_OR_REPORTING_UNIT,VALID
Gujarat,VADODARA COMMR.,2013,0,3,12,73,1,0,2,0,0,0,1,47,139,CHILDREN,03_District_wise_crimes_committed_against_children_2013.csv,193,03_District_wise_crimes_committed_against_children_2013.csv::193,False,UNIQUE,VADODARA COMMR.,DISTRICT_OR_REPORTING_UNIT,VALID
Gujarat,VALSAD,2013,0,1,7,68,0,0,0,0,0,0,1,0,77,CHILDREN,03_District_wise_crimes_committed_against_children_2013.csv,195,03_District_wise_crimes_committed_against_children_2013.csv::195,False,UNIQUE,VALSAD,DISTRICT_OR_REPORTING_UNIT,VALID
Gujarat,W.RLY AHMEDABAD,2013,0,2,0,6,0,0,0,0,0,0,0,0,8,CHILDREN,03_District_wise_crimes_committed_against_children_2013.csv,196,03_District_wise_crimes_committed_against_children_2013.csv::196,False,UNIQUE,W.RLY AHMEDABAD,DISTRICT_OR_REPORTING_UNIT,VALID
Gujarat,W.RLY VADODARA,2013,0,1,1,1,0,0,5,0,0,0,0,0,8,CHILDREN,03_District_wise_crimes_committed_against_children_2013.csv,197,03_District_wise_crimes_committed_against_children_2013.csv::197,False,UNIQUE,W.RLY VADODARA,DISTRICT_OR_REPORTING_UNIT,VALID
Haryana,BHIWANI,2013,0,2,23,58,0,0,0,0,0,0,0,15,98,CHILDREN,03_District_wise_crimes_committed_against_children_2013.csv,201,03_District_wise_crimes_committed_against_children_2013.csv::201,False,UNIQUE,BHIWANI,DISTRICT_OR_REPORTING_UNIT,VALID
Haryana,FARIDABAD,2013,0,5,31,41,4,0,0,0,0,0,0,13,94,CHILDREN,03_District_wise_crimes_committed_against_children_2013.csv,202,03_District_wise_crimes_committed_against_children_2013.csv::202,False,UNIQUE,FARIDABAD,DISTRICT_OR_REPORTING_UNIT,VALID
Haryana,FATEHABAD,2013,0,2,10,28,3,0,0,0,0,0,0,8,51,CHILDREN,03_District_wise_crimes_committed_against_children_2013.csv,203,03_District_wise_crimes_committed_against_children_2013.csv::203,False,UNIQUE,FATEHABAD,DISTRICT_OR_REPORTING_UNIT,VALID
Haryana,GRP,2013,0,1,2,3,6,0,0,0,0,0,0,0,12,CHILDREN,03_District_wise_crimes_committed_against_children_2013.csv,204,03_District_wise_crimes_committed_against_children_2013.csv::204,False,UNIQUE,GRP,DISTRICT_OR_REPORTING_UNIT,VALID
Haryana,GURGAON,2013,0,8,17,184,0,0,3,0,0,0,0,0,212,CHILDREN,03_District_wise_crimes_committed_against_children_2013.csv,205,03_District_wise_crimes_committed_against_children_2013.csv::205,False,UNIQUE,GURGAON,DISTRICT_OR_REPORTING_UNIT,VALID
Haryana,HISSAR,2013,0,6,28,77,0,0,0,0,0,0,6,0,117,CHILDREN,03_District_wise_crimes_committed_against_children_2013.csv,206,03_District_wise_crimes_committed_against_children_2013.csv::206,False,UNIQUE,HISSAR,DISTRICT_OR_REPORTING_UNIT,VALID
Haryana,I&P HARYANA,2013,0,0,0,0,0,0,0,0,0,0,0,0,0,CHILDREN,03_District_wise_crimes_committed_against_children_2013.csv,207,03_District_wise_crimes_committed_against_children_2013.csv::207,False,UNIQUE,I&P HARYANA,DISTRICT_OR_REPORTING_UNIT,VALID
Haryana,JHAJJAR,2013,0,3,9,33,0,1,0,0,0,0,0,8,54,CHILDREN,03_District_wise_crimes_committed_against_children_2013.csv,208,03_District_wise_crimes_committed_against_children_2013.csv::208,False,UNIQUE,JHAJJAR,DISTRICT_OR_REPORTING_UNIT,VALID
Haryana,JIND,2013,0,4,12,26,0,0,0,0,0,0,0,6,48,CHILDREN,03_District_wise_crimes_committed_against_children_2013.csv,209,03_District_wise_crimes_committed_against_children_2013.csv::209,False,UNIQUE,JIND,DISTRICT_OR_REPORTING_UNIT,VALID
Haryana,KAITHAL,2013,0,0,11,23,0,0,0,0,0,1,4,25,64,CHILDREN,03_District_wise_crimes_committed_against_children_2013.csv,210,03_District_wise_crimes_committed_against_children_2013.csv::210,False,UNIQUE,KAITHAL,DISTRICT_OR_REPORTING_UNIT,VALID
Haryana,KARNAL,2013,0,2,43,137,0,0,1,0,0,1,1,37,222,CHILDREN,03_District_wise_crimes_committed_against_children_2013.csv,211,03_District_wise_crimes_committed_against_children_2013.csv::211,False,UNIQUE,KARNAL,DISTRICT_OR_REPORTING_UNIT,VALID
Haryana,KURUKSHETRA,2013,0,0,6,4,0,0,0,0,0,0,1,23,34,CHILDREN,03_District_wise_crimes_committed_against_children_2013.csv,212,03_District_wise_crimes_committed_against_children_2013.csv::212,False,UNIQUE,KURUKSHETRA,DISTRICT_OR_REPORTING_UNIT,VALID
Haryana,MAHENDRAGARH,2013,0,4,16,4,0,0,0,0,0,0,1,17,42,CHILDREN,03_District_wise_crimes_committed_against_children_2013.csv,213,03_District_wise_crimes_committed_against_children_2013.csv::213,False,UNIQUE,MAHENDRAGARH,DISTRICT_OR_REPORTING_UNIT,VALID
Haryana,MEWAT,2013,0,1,35,15,6,0,1,0,0,0,0,0,58,CHILDREN,03_District_wise_crimes_committed_against_children_2013.csv,214,03_District_wise_crimes_committed_against_children_2013.csv::214,False,UNIQUE,MEWAT,DISTRICT_OR_REPORTING_UNIT,VALID
Haryana,PALWAL,2013,0,0,22,32,0,0,0,0,0,0,0,1,55,CHILDREN,03_District_wise_crimes_committed_against_children_2013.csv,215,03_District_wise_crimes_committed_against_children_2013.csv::215,False,UNIQUE,PALWAL,DISTRICT_OR_REPORTING_UNIT,VALID
Haryana,PANCHKULA,2013,0,3,5,20,0,0,0,0,0,0,0,0,28,CHILDREN,03_District_wise_crimes_committed_against_children_2013.csv,216,03_District_wise_crimes_committed_against_children_2013.csv::216,False,UNIQUE,PANCHKULA,DISTRICT_OR_REPORTING_UNIT,VALID
Haryana,PANIPAT,2013,0,6,20,50,1,5,2,0,0,0,2,0,86,CHILDREN,03_District_wise_crimes_committed_against_children_2013.csv,217,03_District_wise_crimes_committed_against_children_2013.csv::217,False,UNIQUE,PANIPAT,DISTRICT_OR_REPORTING_UNIT,VALID
Haryana,REWARI,2013,0,4,18,21,0,0,0,0,0,0,0,15,58,CHILDREN,03_District_wise_crimes_committed_against_children_2013.csv,218,03_District_wise_crimes_committed_against_children_2013.csv::218,False,UNIQUE,REWARI,DISTRICT_OR_REPORTING_UNIT,VALID
Haryana,ROHTAK,2013,0,3,6,2,0,0,0,0,0,0,0,28,39,CHILDREN,03_District_wise_crimes_committed_against_children_2013.csv,219,03_District_wise_crimes_committed_against_children_2013.csv::219,False,UNIQUE,ROHTAK,DISTRICT_OR_REPORTING_UNIT,VALID
Haryana,SIRSA,2013,0,1,28,62,0,0,0,0,0,0,0,0,91,CHILDREN,03_District_wise_crimes_committed_against_children_2013.csv,220,03_District_wise_crimes_committed_against_children_2013.csv::220,False,UNIQUE,SIRSA,DISTRICT_OR_REPORTING_UNIT,VALID
Haryana,SONIPAT,2013,0,2,5,6,0,0,1,0,0,0,1,7,22,CHILDREN,03_District_wise_crimes_committed_against_children_2013.csv,221,03_District_wise_crimes_committed_against_children_2013.csv::221,False,UNIQUE,SONIPAT,DISTRICT_OR_REPORTING_UNIT,VALID
Haryana,YAMUNANAGAR,2013,0,1,13,35,0,0,0,0,0,0,1,10,60,CHILDREN,03_District_wise_crimes_committed_against_children_2013.csv,222,03_District_wise_crimes_committed_against_children_2013.csv::222,False,UNIQUE,YAMUNANAGAR,DISTRICT_OR_REPORTING_UNIT,VALID
Himachal Pradesh,BADDIPOLICEDIST,2013,0,1,3,15,1,0,0,0,0,0,0,0,20,CHILDREN,03_District_wise_crimes_committed_against_children_2013.csv,224,03_District_wise_crimes_committed_against_children_2013.csv::224,False,UNIQUE,BADDIPOLICEDIST,DISTRICT_OR_REPORTING_UNIT,VALID
Himachal Pradesh,BILASPUR,2013,0,0,8,21,0,0,0,0,0,0,0,4,33,CHILDREN,03_District_wise_crimes_committed_against_children_2013.csv,225,03_District_wise_crimes_committed_against_children_2013.csv::225,False,UNIQUE,BILASPUR,DISTRICT_OR_REPORTING_UNIT,VALID
Himachal Pradesh,CHAMBA,2013,0,0,10,10,0,0,0,0,0,0,0,2,22,CHILDREN,03_District_wise_crimes_committed_against_children_2013.csv,226,03_District_wise_crimes_committed_against_children_2013.csv::226,False,UNIQUE,CHAMBA,DISTRICT_OR_REPORTING_UNIT,VALID
Himachal Pradesh,CID,2013,0,0,0,0,0,0,0,0,0,0,0,0,0,CHILDREN,03_District_wise_crimes_committed_against_children_2013.csv,227,03_District_wise_crimes_committed_against_children_2013.csv::227,False,UNIQUE,CID,DISTRICT_OR_REPORTING_UNIT,VALID
Himachal Pradesh,G.R.P.,2013,0,0,0,0,0,0,0,0,0,0,0,0,0,CHILDREN,03_District_wise_crimes_committed_against_children_2013.csv,228,03_District_wise_crimes_committed_against_children_2013.csv::228,False,UNIQUE,G.R.P.,DISTRICT_OR_REPORTING_UNIT,VALID
Himachal Pradesh,HAMIRPUR,2013,0,0,5,9,0,0,0,0,0,0,1,4,19,CHILDREN,03_District_wise_crimes_committed_against_children_2013.csv,229,03_District_wise_crimes_committed_against_children_2013.csv::229,False,UNIQUE,HAMIRPUR,DISTRICT_OR_REPORTING_UNIT,VALID
Himachal Pradesh,KANGRA,2013,0,2,17,31,0,0,2,0,0,0,1,19,72,CHILDREN,03_District_wise_crimes_committed_against_children_2013.csv,230,03_District_wise_crimes_committed_against_children_2013.csv::230,False,UNIQUE,KANGRA,DISTRICT_OR_REPORTING_UNIT,VALID
Himachal Pradesh,KINNAUR,2013,0,0,4,3,0,0,0,0,0,0,0,0,7,CHILDREN,03_District_wise_crimes_committed_against_children_2013.csv,231,03_District_wise_crimes_committed_against_children_2013.csv::231,False,UNIQUE,KINNAUR,DISTRICT_OR_REPORTING_UNIT,VALID
Himachal Pradesh,KULLU,2013,0,2,14,20,0,0,0,0,0,0,0,10,46,CHILDREN,03_District_wise_crimes_committed_against_children_2013.csv,232,03_District_wise_crimes_committed_against_children_2013.csv::232,False,UNIQUE,KULLU,DISTRICT_OR_REPORTING_UNIT,VALID
Himachal Pradesh,LAHAUL-SPITI,2013,0,0,1,0,0,0,0,0,0,0,0,0,1,CHILDREN,03_District_wise_crimes_committed_against_children_2013.csv,233,03_District_wise_crimes_committed_against_children_2013.csv::233,False,UNIQUE,LAHAUL-SPITI,DISTRICT_OR_REPORTING_UNIT,VALID
Himachal Pradesh,MANDI,2013,0,0,19,27,0,0,1,0,0,0,0,17,64,CHILDREN,03_District_wise_crimes_committed_against_children_2013.csv,234,03_District_wise_crimes_committed_against_children_2013.csv::234,False,UNIQUE,MANDI,DISTRICT_OR_REPORTING_UNIT,VALID
Himachal Pradesh,SHIMLA,2013,0,0,9,25,0,0,0,0,0,0,0,10,44,CHILDREN,03_District_wise_crimes_committed_against_children_2013.csv,235,03_District_wise_crimes_committed_against_children_2013.csv::235,False,UNIQUE,SHIMLA,DISTRICT_OR_REPORTING_UNIT,VALID
Himachal Pradesh,SIRMAUR,2013,0,0,13,16,1,1,3,0,0,0,0,6,40,CHILDREN,03_District_wise_crimes_committed_against_children_2013.csv,236,03_District_wise_crimes_committed_against_children_2013.csv::236,False,UNIQUE,SIRMAUR,DISTRICT_OR_REPORTING_UNIT,VALID
Himachal Pradesh,SOLAN,2013,0,0,13,9,0,0,1,1,0,0,0,5,29,CHILDREN,03_District_wise_crimes_committed_against_children_2013.csv,237,03_District_wise_crimes_committed_against_children_2013.csv::237,False,UNIQUE,SOLAN,DISTRICT_OR_REPORTING_UNIT,VALID
Himachal Pradesh,UNA,2013,0,0,14,12,0,0,0,0,0,0,0,5,31,CHILDREN,03_District_wise_crimes_committed_against_children_2013.csv,238,03_District_wise_crimes_committed_against_children_2013.csv::238,False,UNIQUE,UNA,DISTRICT_OR_REPORTING_UNIT,VALID
Jammu & Kashmir,ANANTNAG,2013,0,0,0,0,0,0,0,0,0,0,0,0,0,CHILDREN,03_District_wise_crimes_committed_against_children_2013.csv,240,03_District_wise_crimes_committed_against_children_2013.csv::240,False,UNIQUE,ANANTNAG,DISTRICT_OR_REPORTING_UNIT,VALID
Jammu & Kashmir,AWANTIPORA,2013,0,0,0,0,0,0,0,0,0,0,0,0,0,CHILDREN,03_District_wise_crimes_committed_against_children_2013.csv,241,03_District_wise_crimes_committed_against_children_2013.csv::241,False,UNIQUE,AWANTIPORA,DISTRICT_OR_REPORTING_UNIT,VALID
Jammu & Kashmir,BANDIPORA,2013,0,0,0,0,0,0,0,0,0,0,0,0,0,CHILDREN,03_District_wise_crimes_committed_against_children_2013.csv,242,03_District_wise_crimes_committed_against_children_2013.csv::242,False,UNIQUE,BANDIPORA,DISTRICT_OR_REPORTING_UNIT,VALID
Jammu & Kashmir,BARAMULLA,2013,0,0,0,0,0,0,0,0,0,0,0,0,0,CHILDREN,03_District_wise_crimes_committed_against_children_2013.csv,243,03_District_wise_crimes_committed_against_children_2013.csv::243,False,UNIQUE,BARAMULLA,DISTRICT_OR_REPORTING_UNIT,VALID
Jammu & Kashmir,BUDGAM,2013,0,0,0,0,0,0,0,0,0,0,0,0,0,CHILDREN,03_District_wise_crimes_committed_against_children_2013.csv,244,03_District_wise_crimes_committed_against_children_2013.csv::244,False,UNIQUE,BUDGAM,DISTRICT_OR_REPORTING_UNIT,VALID
Jammu & Kashmir,CRIME JAMMU,2013,0,0,0,0,0,0,0,0,0,0,0,0,0,CHILDREN,03_District_wise_crimes_committed_against_children_2013.csv,245,03_District_wise_crimes_committed_against_children_2013.csv::245,False,UNIQUE,CRIME JAMMU,DISTRICT_OR_REPORTING_UNIT,VALID
Jammu & Kashmir,CRIME SRINAGAR,2013,0,0,0,0,0,0,0,0,0,0,0,0,0,CHILDREN,03_District_wise_crimes_committed_against_children_2013.csv,246,03_District_wise_crimes_committed_against_children_2013.csv::246,False,UNIQUE,CRIME SRINAGAR,DISTRICT_OR_REPORTING_UNIT,VALID
Jammu & Kashmir,DODA,2013,0,0,0,0,0,0,0,0,0,0,0,0,0,CHILDREN,03_District_wise_crimes_committed_against_children_2013.csv,247,03_District_wise_crimes_committed_against_children_2013.csv::247,False,UNIQUE,DODA,DISTRICT_OR_REPORTING_UNIT,VALID
Jammu & Kashmir,GANDERBAL,2013,0,0,0,0,0,0,0,0,0,0,0,0,0,CHILDREN,03_District_wise_crimes_committed_against_children_2013.csv,248,03_District_wise_crimes_committed_against_children_2013.csv::248,False,UNIQUE,GANDERBAL,DISTRICT_OR_REPORTING_UNIT,VALID
Jammu & Kashmir,HANDWARA,2013,0,0,0,0,0,0,0,0,0,0,0,0,0,CHILDREN,03_District_wise_crimes_committed_against_children_2013.csv,249,03_District_wise_crimes_committed_against_children_2013.csv::249,False,UNIQUE,HANDWARA,DISTRICT_OR_REPORTING_UNIT,VALID
Jammu & Kashmir,JAMMU,2013,0,1,0,0,0,0,0,0,0,0,0,2,3,CHILDREN,03_District_wise_crimes_committed_against_children_2013.csv,250,03_District_wise_crimes_committed_against_children_2013.csv::250,False,UNIQUE,JAMMU,DISTRICT_OR_REPORTING_UNIT,VALID
Jammu & Kashmir,KARGIL,2013,0,0,0,0,0,0,0,0,0,0,0,0,0,CHILDREN,03_District_wise_crimes_committed_against_children_2013.csv,251,03_District_wise_crimes_committed_against_children_2013.csv::251,False,UNIQUE,KARGIL,DISTRICT_OR_REPORTING_UNIT,VALID
Jammu & Kashmir,KATHUA,2013,0,2,6,11,0,0,3,0,0,0,0,6,28,CHILDREN,03_District_wise_crimes_committed_against_children_2013.csv,252,03_District_wise_crimes_committed_against_children_2013.csv::252,False,UNIQUE,KATHUA,DISTRICT_OR_REPORTING_UNIT,VALID
Jammu & Kashmir,KISHTWAR,2013,0,0,0,0,0,0,0,0,0,0,0,0,0,CHILDREN,03_District_wise_crimes_committed_against_children_2013.csv,253,03_District_wise_crimes_committed_against_children_2013.csv::253,False,UNIQUE,KISHTWAR,DISTRICT_OR_REPORTING_UNIT,VALID
Jammu & Kashmir,KULGAM,2013,0,0,0,0,0,0,0,0,0,0,0,0,0,CHILDREN,03_District_wise_crimes_committed_against_children_2013.csv,254,03_District_wise_crimes_committed_against_children_2013.csv::254,False,UNIQUE,KULGAM,DISTRICT_OR_REPORTING_UNIT,VALID
Jammu & Kashmir,KUPWARA,2013,0,0,0,0,0,0,0,0,0,0,0,0,0,CHILDREN,03_District_wise_crimes_committed_against_children_2013.csv,255,03_District_wise_crimes_committed_against_children_2013.csv::255,False,UNIQUE,KUPWARA,DISTRICT_OR_REPORTING_UNIT,VALID
Jammu & Kashmir,LEH,2013,0,0,0,0,0,0,0,0,0,0,0,0,0,CHILDREN,03_District_wise_crimes_committed_against_children_2013.csv,256,03_District_wise_crimes_committed_against_children_2013.csv::256,False,UNIQUE,LEH,DISTRICT_OR_REPORTING_UNIT,VALID
Jammu & Kashmir,POONCH,2013,0,1,8,10,0,0,0,0,0,0,0,1,20,CHILDREN,03_District_wise_crimes_committed_against_children_2013.csv,257,03_District_wise_crimes_committed_against_children_2013.csv::257,False,UNIQUE,POONCH,DISTRICT_OR_REPORTING_UNIT,VALID
Jammu & Kashmir,PULWAMA,2013,0,0,0,0,0,0,0,0,0,0,0,0,0,CHILDREN,03_District_wise_crimes_committed_against_children_2013.csv,258,03_District_wise_crimes_committed_against_children_2013.csv::258,False,UNIQUE,PULWAMA,DISTRICT_OR_REPORTING_UNIT,VALID
Jammu & Kashmir,RAJOURI,2013,0,4,0,0,0,0,0,0,0,0,0,0,4,CHILDREN,03_District_wise_crimes_committed_against_children_2013.csv,262,03_District_wise_crimes_committed_against_children_2013.csv::262,False,UNIQUE,RAJOURI,DISTRICT_OR_REPORTING_UNIT,VALID
Jammu & Kashmir,RAMBAN,2013,0,0,0,0,0,0,0,0,0,0,0,0,0,CHILDREN,03_District_wise_crimes_committed_against_children_2013.csv,263,03_District_wise_crimes_committed_against_children_2013.csv::263,False,UNIQUE,RAMBAN,DISTRICT_OR_REPORTING_UNIT,VALID
Jammu & Kashmir,REASI,2013,0,0,1,1,0,0,0,0,0,0,0,0,2,CHILDREN,03_District_wise_crimes_committed_against_children_2013.csv,264,03_District_wise_crimes_committed_against_children_2013.csv::264,False,UNIQUE,REASI,DISTRICT_OR_REPORTING_UNIT,VALID
Jammu & Kashmir,SAMBA,2013,0,0,3,1,0,0,0,1,0,0,0,0,5,CHILDREN,03_District_wise_crimes_committed_against_children_2013.csv,265,03_District_wise_crimes_committed_against_children_2013.csv::265,False,UNIQUE,SAMBA,DISTRICT_OR_REPORTING_UNIT,VALID
Jammu & Kashmir,SHOPIAN,2013,0,0,0,0,0,0,0,0,0,0,0,0,0,CHILDREN,03_District_wise_crimes_committed_against_children_2013.csv,266,03_District_wise_crimes_committed_against_children_2013.csv::266,False,UNIQUE,SHOPIAN,DISTRICT_OR_REPORTING_UNIT,VALID
Jammu & Kashmir,SOPORE,2013,0,2,2,0,0,0,0,0,0,0,0,0,4,CHILDREN,03_District_wise_crimes_committed_against_children_2013.csv,267,03_District_wise_crimes_committed_against_children_2013.csv::267,False,UNIQUE,SOPORE,DISTRICT_OR_REPORTING_UNIT,VALID
Jammu & Kashmir,SRINAGAR,2013,0,1,0,0,0,0,0,0,0,0,0,0,1,CHILDREN,03_District_wise_crimes_committed_against_children_2013.csv,268,03_District_wise_crimes_committed_against_children_2013.csv::268,False,UNIQUE,SRINAGAR,DISTRICT_OR_REPORTING_UNIT,VALID
Jammu & Kashmir,UDHAMPUR,2013,0,0,5,3,0,0,0,0,0,0,0,0,8,CHILDREN,03_District_wise_crimes_committed_against_children_2013.csv,269,03_District_wise_crimes_committed_against_children_2013.csv::269,False,UNIQUE,UDHAMPUR,DISTRICT_OR_REPORTING_UNIT,VALID
Jharkhand,BOKARO,2013,0,0,0,0,0,0,0,0,0,0,0,0,0,CHILDREN,03_District_wise_crimes_committed_against_children_2013.csv,271,03_District_wise_crimes_committed_against_children_2013.csv::271,False,UNIQUE,BOKARO,DISTRICT_OR_REPORTING_UNIT,VALID
Jharkhand,CHAIBASA,2013,0,10,12,14,4,1,0,0,0,1,1,0,43,CHILDREN,03_District_wise_crimes_committed_against_children_2013.csv,272,03_District_wise_crimes_committed_against_children_2013.csv::272,False,UNIQUE,CHAIBASA,DISTRICT_OR_REPORTING_UNIT,VALID
Jharkhand,CHATRA,2013,0,0,0,0,0,0,0,0,0,0,0,0,0,CHILDREN,03_District_wise_crimes_committed_against_children_2013.csv,273,03_District_wise_crimes_committed_against_children_2013.csv::273,False,UNIQUE,CHATRA,DISTRICT_OR_REPORTING_UNIT,VALID
Jharkhand,DEOGHAR,2013,0,0,0,0,0,0,0,0,0,0,0,0,0,CHILDREN,03_District_wise_crimes_committed_against_children_2013.csv,274,03_District_wise_crimes_committed_against_children_2013.csv::274,False,UNIQUE,DEOGHAR,DISTRICT_OR_REPORTING_UNIT,VALID
Jharkhand,DHANBAD,2013,0,0,0,0,0,0,0,0,0,0,0,3,3,CHILDREN,03_District_wise_crimes_committed_against_children_2013.csv,275,03_District_wise_crimes_committed_against_children_2013.csv::275,False,UNIQUE,DHANBAD,DISTRICT_OR_REPORTING_UNIT,VALID
Jharkhand,DHANBAD RLY.,2013,1,0,0,3,0,0,0,0,0,0,0,0,4,CHILDREN,03_District_wise_crimes_committed_against_children_2013.csv,276,03_District_wise_crimes_committed_against_children_2013.csv::276,False,UNIQUE,DHANBAD RLY.,DISTRICT_OR_REPORTING_UNIT,VALID
Jharkhand,DUMKA,2013,0,0,6,9,0,0,0,0,0,0,0,13,28,CHILDREN,03_District_wise_crimes_committed_against_children_2013.csv,277,03_District_wise_crimes_committed_against_children_2013.csv::277,False,UNIQUE,DUMKA,DISTRICT_OR_REPORTING_UNIT,VALID
Jharkhand,GARHWA,2013,0,0,0,0,0,0,0,0,0,0,0,0,0,CHILDREN,03_District_wise_crimes_committed_against_children_2013.csv,278,03_District_wise_crimes_committed_against_children_2013.csv::278,False,UNIQUE,GARHWA,DISTRICT_OR_REPORTING_UNIT,VALID
Jharkhand,GIRIDIH,2013,0,0,0,0,0,0,0,0,0,0,0,0,0,CHILDREN,03_District_wise_crimes_committed_against_children_2013.csv,279,03_District_wise_crimes_committed_against_children_2013.csv::279,False,UNIQUE,GIRIDIH,DISTRICT_OR_REPORTING_UNIT,VALID
Jharkhand,GODDA,2013,0,0,0,0,0,0,0,0,0,0,0,0,0,CHILDREN,03_District_wise_crimes_committed_against_children_2013.csv,280,03_District_wise_crimes_committed_against_children_2013.csv::280,False,UNIQUE,GODDA,DISTRICT_OR_REPORTING_UNIT,VALID
Jharkhand,GUMLA,2013,0,0,3,21,0,0,0,7,2,4,0,0,37,CHILDREN,03_District_wise_crimes_committed_against_children_2013.csv,281,03_District_wise_crimes_committed_against_children_2013.csv::281,False,UNIQUE,GUMLA,DISTRICT_OR_REPORTING_UNIT,VALID
Jharkhand,HAZARIBAGH,2013,0,0,0,0,0,0,0,0,0,0,0,0,0,CHILDREN,03_District_wise_crimes_committed_against_children_2013.csv,282,03_District_wise_crimes_committed_against_children_2013.csv::282,False,UNIQUE,HAZARIBAGH,DISTRICT_OR_REPORTING_UNIT,VALID
Jharkhand,JAMSHEDPUR,2013,0,0,0,0,0,0,0,0,0,0,0,0,0,CHILDREN,03_District_wise_crimes_committed_against_children_2013.csv,283,03_District_wise_crimes_committed_against_children_2013.csv::283,False,UNIQUE,JAMSHEDPUR,DISTRICT_OR_REPORTING_UNIT,VALID
Jharkhand,JAMSHEDPUR RLY.,2013,0,0,0,0,0,0,0,0,0,0,0,0,0,CHILDREN,03_District_wise_crimes_committed_against_children_2013.csv,284,03_District_wise_crimes_committed_against_children_2013.csv::284,False,UNIQUE,JAMSHEDPUR RLY.,DISTRICT_OR_REPORTING_UNIT,VALID
Jharkhand,JAMTARA,2013,0,1,2,0,0,0,0,8,0,0,0,0,11,CHILDREN,03_District_wise_crimes_committed_against_children_2013.csv,285,03_District_wise_crimes_committed_against_children_2013.csv::285,False,UNIQUE,JAMTARA,DISTRICT_OR_REPORTING_UNIT,VALID
Jharkhand,KHUNTI,2013,0,0,0,0,0,0,0,0,0,0,0,0,0,CHILDREN,03_District_wise_crimes_committed_against_children_2013.csv,286,03_District_wise_crimes_committed_against_children_2013.csv::286,False,UNIQUE,KHUNTI,DISTRICT_OR_REPORTING_UNIT,VALID
Jharkhand,KODERMA,2013,0,0,0,0,0,0,0,0,0,0,0,0,0,CHILDREN,03_District_wise_crimes_committed_against_children_2013.csv,287,03_District_wise_crimes_committed_against_children_2013.csv::287,False,UNIQUE,KODERMA,DISTRICT_OR_REPORTING_UNIT,VALID
Jharkhand,LATEHAR,2013,0,0,0,0,0,0,0,0,0,0,0,0,0,CHILDREN,03_District_wise_crimes_committed_against_children_2013.csv,288,03_District_wise_crimes_committed_against_children_2013.csv::288,False,UNIQUE,LATEHAR,DISTRICT_OR_REPORTING_UNIT,VALID
Jharkhand,LOHARDAGGA,2013,0,0,0,0,0,0,0,0,0,0,0,0,0,CHILDREN,03_District_wise_crimes_committed_against_children_2013.csv,289,03_District_wise_crimes_committed_against_children_2013.csv::289,False,UNIQUE,LOHARDAGGA,DISTRICT_OR_REPORTING_UNIT,VALID
Jharkhand,PAKUR,2013,0,0,0,0,0,0,0,0,0,0,0,0,0,CHILDREN,03_District_wise_crimes_committed_against_children_2013.csv,290,03_District_wise_crimes_committed_against_children_2013.csv::290,False,UNIQUE,PAKUR,DISTRICT_OR_REPORTING_UNIT,VALID
Jharkhand,PALAMU,2013,0,0,0,0,0,0,0,0,0,0,0,0,0,CHILDREN,03_District_wise_crimes_committed_against_children_2013.csv,291,03_District_wise_crimes_committed_against_children_2013.csv::291,False,UNIQUE,PALAMU,DISTRICT_OR_REPORTING_UNIT,VALID
Jharkhand,RAMGARH,2013,0,0,0,0,0,0,0,0,0,0,0,0,0,CHILDREN,03_District_wise_crimes_committed_against_children_2013.csv,292,03_District_wise_crimes_committed_against_children_2013.csv::292,False,UNIQUE,RAMGARH,DISTRICT_OR_REPORTING_UNIT,VALID
Jharkhand,RANCHI,2013,0,0,0,0,0,0,0,0,0,0,0,0,0,CHILDREN,03_District_wise_crimes_committed_against_children_2013.csv,293,03_District_wise_crimes_committed_against_children_2013.csv::293,False,UNIQUE,RANCHI,DISTRICT_OR_REPORTING_UNIT,VALID
Jharkhand,SAHEBGANJ,2013,0,0,0,1,0,0,0,2,0,0,0,0,3,CHILDREN,03_District_wise_crimes_committed_against_children_2013.csv,294,03_District_wise_crimes_committed_against_children_2013.csv::294,False,UNIQUE,SAHEBGANJ,DISTRICT_OR_REPORTING_UNIT,VALID
Jharkhand,SARAIKELA,2013,0,0,0,0,0,0,0,0,0,0,0,0,0,CHILDREN,03_District_wise_crimes_committed_against_children_2013.csv,295,03_District_wise_crimes_committed_against_children_2013.csv::295,False,UNIQUE,SARAIKELA,DISTRICT_OR_REPORTING_UNIT,VALID
Jharkhand,SIMDEGA,2013,0,0,0,0,0,0,0,0,0,0,0,0,0,CHILDREN,03_District_wise_crimes_committed_against_children_2013.csv,296,03_District_wise_crimes_committed_against_children_2013.csv::296,False,UNIQUE,SIMDEGA,DISTRICT_OR_REPORTING_UNIT,VALID
Karnataka,BAGALKOT,2013,0,2,2,5,0,0,0,0,0,0,1,0,10,CHILDREN,03_District_wise_crimes_committed_against_children_2013.csv,298,03_District_wise_crimes_committed_against_children_2013.csv::298,False,UNIQUE,BAGALKOT,DISTRICT_OR_REPORTING_UNIT,VALID
Karnataka,BANGALORE COMMR.,2013,0,11,34,479,0,0,26,47,0,1,3,80,681,CHILDREN,03_District_wise_crimes_committed_against_children_2013.csv,299,03_District_wise_crimes_committed_against_children_2013.csv::299,False,UNIQUE,BANGALORE COMMR.,DISTRICT_OR_REPORTING_UNIT,VALID
Karnataka,BELGAUM,2013,1,17,40,12,0,0,12,8,0,0,2,15,107,CHILDREN,03_District_wise_crimes_committed_against_children_2013.csv,301,03_District_wise_crimes_committed_against_children_2013.csv::301,False,UNIQUE,BELGAUM,DISTRICT_OR_REPORTING_UNIT,VALID
Karnataka,BELLARY,2013,0,0,0,0,0,0,0,0,0,0,1,0,1,CHILDREN,03_District_wise_crimes_committed_against_children_2013.csv,302,03_District_wise_crimes_committed_against_children_2013.csv::302,False,UNIQUE,BELLARY,DISTRICT_OR_REPORTING_UNIT,VALID
Karnataka,BIDAR,2013,0,2,13,13,0,0,15,0,0,0,0,0,43,CHILDREN,03_District_wise_crimes_committed_against_children_2013.csv,303,03_District_wise_crimes_committed_against_children_2013.csv::303,False,UNIQUE,BIDAR,DISTRICT_OR_REPORTING_UNIT,VALID
Karnataka,BIJAPUR,2013,0,10,19,13,0,0,0,0,0,0,1,0,43,CHILDREN,03_District_wise_crimes_committed_against_children_2013.csv,304,03_District_wise_crimes_committed_against_children_2013.csv::304,False,UNIQUE,BIJAPUR,DISTRICT_OR_REPORTING_UNIT,VALID
Karnataka,CBPURA,2013,0,1,1,1,0,0,0,0,0,0,1,4,8,CHILDREN,03_District_wise_crimes_committed_against_children_2013.csv,305,03_District_wise_crimes_committed_against_children_2013.csv::305,False,UNIQUE,CBPURA,DISTRICT_OR_REPORTING_UNIT,VALID
Karnataka,CHAMARAJNAGAR,2013,0,0,2,0,0,0,0,0,0,0,0,0,2,CHILDREN,03_District_wise_crimes_committed_against_children_2013.csv,306,03_District_wise_crimes_committed_against_children_2013.csv::306,False,UNIQUE,CHAMARAJNAGAR,DISTRICT_OR_REPORTING_UNIT,VALID
Karnataka,CHICKMAGALUR,2013,0,1,0,2,0,0,0,0,0,0,0,5,8,CHILDREN,03_District_wise_crimes_committed_against_children_2013.csv,307,03_District_wise_crimes_committed_against_children_2013.csv::307,False,UNIQUE,CHICKMAGALUR,DISTRICT_OR_REPORTING_UNIT,VALID
Karnataka,CHITRADURGA,2013,0,1,15,12,0,0,0,0,0,0,0,0,28,CHILDREN,03_District_wise_crimes_committed_against_children_2013.csv,308,03_District_wise_crimes_committed_against_children_2013.csv::308,False,UNIQUE,CHITRADURGA,DISTRICT_OR_REPORTING_UNIT,VALID
Karnataka,DAKSHIN KANNADA,2013,0,3,9,7,0,0,0,0,0,0,0,5,24,CHILDREN,03_District_wise_crimes_committed_against_children_2013.csv,309,03_District_wise_crimes_committed_against_children_2013.csv::309,False,UNIQUE,DAKSHIN KANNADA,DISTRICT_OR_REPORTING_UNIT,VALID
Karnataka,DAVANAGERE,2013,0,2,9,11,0,0,0,0,0,0,4,4,30,CHILDREN,03_District_wise_crimes_committed_against_children_2013.csv,310,03_District_wise_crimes_committed_against_children_2013.csv::310,False,UNIQUE,DAVANAGERE,DISTRICT_OR_REPORTING_UNIT,VALID
Karnataka,DHARWAD COMMR.,2013,2,1,14,37,0,0,4,0,0,0,0,1,59,CHILDREN,03_District_wise_crimes_committed_against_children_2013.csv,311,03_District_wise_crimes_committed_against_children_2013.csv::311,False,UNIQUE,DHARWAD COMMR.,DISTRICT_OR_REPORTING_UNIT,VALID
Karnataka,GADAG,2013,0,0,0,0,0,0,0,0,0,0,0,0,0,CHILDREN,03_District_wise_crimes_committed_against_children_2013.csv,313,03_District_wise_crimes_committed_against_children_2013.csv::313,False,UNIQUE,GADAG,DISTRICT_OR_REPORTING_UNIT,VALID
Karnataka,GULBARGA,2013,0,0,0,0,0,0,0,16,0,0,1,1,18,CHILDREN,03_District_wise_crimes_committed_against_children_2013.csv,314,03_District_wise_crimes_committed_against_children_2013.csv::314,False,UNIQUE,GULBARGA,DISTRICT_OR_REPORTING_UNIT,VALID
Karnataka,HASSAN,2013,0,0,0,0,0,0,0,0,0,0,0,0,0,CHILDREN,03_District_wise_crimes_committed_against_children_2013.csv,315,03_District_wise_crimes_committed_against_children_2013.csv::315,False,UNIQUE,HASSAN,DISTRICT_OR_REPORTING_UNIT,VALID
Karnataka,HAVERI,2013,0,0,0,0,0,0,0,0,0,0,0,0,0,CHILDREN,03_District_wise_crimes_committed_against_children_2013.csv,316,03_District_wise_crimes_committed_against_children_2013.csv::316,False,UNIQUE,HAVERI,DISTRICT_OR_REPORTING_UNIT,VALID
Karnataka,K.G.F.,2013,0,0,18,2,0,0,0,0,0,0,0,1,21,CHILDREN,03_District_wise_crimes_committed_against_children_2013.csv,317,03_District_wise_crimes_committed_against_children_2013.csv::317,False,UNIQUE,K.G.F.,DISTRICT_OR_REPORTING_UNIT,VALID
Karnataka,KODAGU,2013,0,0,13,14,0,0,0,0,0,0,0,0,27,CHILDREN,03_District_wise_crimes_committed_against_children_2013.csv,318,03_District_wise_crimes_committed_against_children_2013.csv::318,False,UNIQUE,KODAGU,DISTRICT_OR_REPORTING_UNIT,VALID
Karnataka,KOLAR,2013,0,0,11,4,0,0,0,0,0,0,1,0,16,CHILDREN,03_District_wise_crimes_committed_against_children_2013.csv,319,03_District_wise_crimes_committed_against_children_2013.csv::319,False,UNIQUE,KOLAR,DISTRICT_OR_REPORTING_UNIT,VALID
Karnataka,KOPPAL,2013,0,0,0,0,0,0,0,0,0,0,5,0,5,CHILDREN,03_District_wise_crimes_committed_against_children_2013.csv,320,03_District_wise_crimes_committed_against_children_2013.csv::320,False,UNIQUE,KOPPAL,DISTRICT_OR_REPORTING_UNIT,VALID
Karnataka,MANDYA,2013,0,2,17,20,0,0,0,0,0,0,0,6,45,CHILDREN,03_District_wise_crimes_committed_against_children_2013.csv,321,03_District_wise_crimes_committed_against_children_2013.csv::321,False,UNIQUE,MANDYA,DISTRICT_OR_REPORTING_UNIT,VALID
Karnataka,MYSORE COMMR.,2013,0,1,9,12,0,0,0,0,0,0,0,0,22,CHILDREN,03_District_wise_crimes_committed_against_children_2013.csv,323,03_District_wise_crimes_committed_against_children_2013.csv::323,False,UNIQUE,MYSORE COMMR.,DISTRICT_OR_REPORTING_UNIT,VALID
Karnataka,RAICHUR,2013,0,0,0,0,0,0,0,0,0,0,1,0,1,CHILDREN,03_District_wise_crimes_committed_against_children_2013.csv,325,03_District_wise_crimes_committed_against_children_2013.csv::325,False,UNIQUE,RAICHUR,DISTRICT_OR_REPORTING_UNIT,VALID
Karnataka,RAMANAGAR,2013,0,0,0,0,0,0,0,0,0,0,1,0,1,CHILDREN,03_District_wise_crimes_committed_against_children_2013.csv,327,03_District_wise_crimes_committed_against_children_2013.csv::327,False,UNIQUE,RAMANAGAR,DISTRICT_OR_REPORTING_UNIT,VALID
Karnataka,SHIMOGA,2013,0,5,34,43,0,0,0,0,0,0,2,8,92,CHILDREN,03_District_wise_crimes_committed_against_children_2013.csv,328,03_District_wise_crimes_committed_against_children_2013.csv::328,False,UNIQUE,SHIMOGA,DISTRICT_OR_REPORTING_UNIT,VALID
Karnataka,TUMKUR,2013,1,0,0,0,0,0,0,0,0,0,1,1,3,CHILDREN,03_District_wise_crimes_committed_against_children_2013.csv,329,03_District_wise_crimes_committed_against_children_2013.csv::329,False,UNIQUE,TUMKUR,DISTRICT_OR_REPORTING_UNIT,VALID
Karnataka,UDUPI,2013,0,1,3,13,0,0,0,0,0,0,0,13,30,CHILDREN,03_District_wise_crimes_committed_against_children_2013.csv,330,03_District_wise_crimes_committed_against_children_2013.csv::330,False,UNIQUE,UDUPI,DISTRICT_OR_REPORTING_UNIT,VALID
Karnataka,UTTAR KANNADA,2013,0,0,0,0,0,0,0,0,0,0,0,0,0,CHILDREN,03_District_wise_crimes_committed_against_children_2013.csv,331,03_District_wise_crimes_committed_against_children_2013.csv::331,False,UNIQUE,UTTAR KANNADA,DISTRICT_OR_REPORTING_UNIT,VALID
Karnataka,YADGIRI,2013,0,1,0,0,0,0,0,0,0,0,0,0,1,CHILDREN,03_District_wise_crimes_committed_against_children_2013.csv,332,03_District_wise_crimes_committed_against_children_2013.csv::332,False,UNIQUE,YADGIRI,DISTRICT_OR_REPORTING_UNIT,VALID
Kerala,ALAPUZHA,2013,0,0,28,6,0,3,0,0,0,0,1,73,111,CHILDREN,03_District_wise_crimes_committed_against_children_2013.csv,334,03_District_wise_crimes_committed_against_children_2013.csv::334,False,UNIQUE,ALAPUZHA,DISTRICT_OR_REPORTING_UNIT,VALID
Kerala,ERNAKULAM COMMR.,2013,0,0,22,6,0,0,0,0,0,0,0,43,71,CHILDREN,03_District_wise_crimes_committed_against_children_2013.csv,335,03_District_wise_crimes_committed_against_children_2013.csv::335,False,UNIQUE,ERNAKULAM COMMR.,DISTRICT_OR_REPORTING_UNIT,VALID
Kerala,IDUKKI,2013,0,5,40,2,0,0,0,0,0,0,0,58,105,CHILDREN,03_District_wise_crimes_committed_against_children_2013.csv,337,03_District_wise_crimes_committed_against_children_2013.csv::337,False,UNIQUE,IDUKKI,DISTRICT_OR_REPORTING_UNIT,VALID
Kerala,KANNUR,2013,0,4,28,7,0,0,0,3,0,0,1,56,99,CHILDREN,03_District_wise_crimes_committed_against_children_2013.csv,338,03_District_wise_crimes_committed_against_children_2013.csv::338,False,UNIQUE,KANNUR,DISTRICT_OR_REPORTING_UNIT,VALID
Kerala,KASARGOD,2013,0,1,36,2,0,0,0,2,0,0,0,93,134,CHILDREN,03_District_wise_crimes_committed_against_children_2013.csv,339,03_District_wise_crimes_committed_against_children_2013.csv::339,False,UNIQUE,KASARGOD,DISTRICT_OR_REPORTING_UNIT,VALID
Kerala,KOLLAM COMMR.,2013,0,2,33,11,0,1,0,0,0,0,1,24,72,CHILDREN,03_District_wise_crimes_committed_against_children_2013.csv,340,03_District_wise_crimes_committed_against_children_2013.csv::340,False,UNIQUE,KOLLAM COMMR.,DISTRICT_OR_REPORTING_UNIT,VALID
Kerala,KOTTAYAM,2013,0,1,24,9,0,0,0,0,0,0,0,34,68,CHILDREN,03_District_wise_crimes_committed_against_children_2013.csv,342,03_District_wise_crimes_committed_against_children_2013.csv::342,False,UNIQUE,KOTTAYAM,DISTRICT_OR_REPORTING_UNIT,VALID
Kerala,KOZHIKODE COMMR.,2013,0,4,12,7,0,0,0,1,0,0,2,47,73,CHILDREN,03_District_wise_crimes_committed_against_children_2013.csv,343,03_District_wise_crimes_committed_against_children_2013.csv::343,False,UNIQUE,KOZHIKODE COMMR.,DISTRICT_OR_REPORTING_UNIT,VALID
Kerala,MALAPPURAM,2013,0,3,40,6,0,0,1,0,0,0,1,91,142,CHILDREN,03_District_wise_crimes_committed_against_children_2013.csv,345,03_District_wise_crimes_committed_against_children_2013.csv::345,False,UNIQUE,MALAPPURAM,DISTRICT_OR_REPORTING_UNIT,VALID
Kerala,PALAKKAD,2013,0,3,50,12,0,2,1,0,0,0,2,34,104,CHILDREN,03_District_wise_crimes_committed_against_children_2013.csv,346,03_District_wise_crimes_committed_against_children_2013.csv::346,False,UNIQUE,PALAKKAD,DISTRICT_OR_REPORTING_UNIT,VALID
Kerala,PATHANAMTHITTA,2013,0,2,26,4,0,0,0,0,0,0,0,34,66,CHILDREN,03_District_wise_crimes_committed_against_children_2013.csv,347,03_District_wise_crimes_committed_against_children_2013.csv::347,False,UNIQUE,PATHANAMTHITTA,DISTRICT_OR_REPORTING_UNIT,VALID
Kerala,THRISSUR COMMR.,2013,0,1,16,1,0,0,0,0,0,0,0,31,49,CHILDREN,03_District_wise_crimes_committed_against_children_2013.csv,349,03_District_wise_crimes_committed_against_children_2013.csv::349,False,UNIQUE,THRISSUR COMMR.,DISTRICT_OR_REPORTING_UNIT,VALID
Kerala,TRIVANDRUM COMMR.,2013,0,1,38,4,0,0,0,3,0,0,0,44,90,CHILDREN,03_District_wise_crimes_committed_against_children_2013.csv,351,03_District_wise_crimes_committed_against_children_2013.csv::351,False,UNIQUE,TRIVANDRUM COMMR.,DISTRICT_OR_REPORTING_UNIT,VALID
Kerala,WAYANADU,2013,0,1,20,5,0,0,0,0,0,0,0,46,72,CHILDREN,03_District_wise_crimes_committed_against_children_2013.csv,353,03_District_wise_crimes_committed_against_children_2013.csv::353,False,UNIQUE,WAYANADU,DISTRICT_OR_REPORTING_UNIT,VALID
Madhya Pradesh,AGAR,2013,0,0,24,18,0,1,0,0,0,0,0,0,43,CHILDREN,03_District_wise_crimes_committed_against_children_2013.csv,355,03_District_wise_crimes_committed_against_children_2013.csv::355,False,UNIQUE,AGAR,DISTRICT_OR_REPORTING_UNIT,VALID
Madhya Pradesh,ALIRAJPUR,2013,0,0,14,0,0,0,0,0,0,0,0,0,14,CHILDREN,03_District_wise_crimes_committed_against_children_2013.csv,356,03_District_wise_crimes_committed_against_children_2013.csv::356,False,UNIQUE,ALIRAJPUR,DISTRICT_OR_REPORTING_UNIT,VALID
Madhya Pradesh,ANUPPUR,2013,0,0,39,33,1,0,0,0,0,0,1,38,112,CHILDREN,03_District_wise_crimes_committed_against_children_2013.csv,357,03_District_wise_crimes_committed_against_children_2013.csv::357,False,UNIQUE,ANUPPUR,DISTRICT_OR_REPORTING_UNIT,VALID
Madhya Pradesh,ASHOK NAGAR,2013,0,3,42,24,0,0,3,0,0,0,1,58,131,CHILDREN,03_District_wise_crimes_committed_against_children_2013.csv,358,03_District_wise_crimes_committed_against_children_2013.csv::358,False,UNIQUE,ASHOK NAGAR,DISTRICT_OR_REPORTING_UNIT,VALID
Madhya Pradesh,BALAGHAT,2013,0,5,53,4,2,0,4,0,0,0,0,92,160,CHILDREN,03_District_wise_crimes_committed_against_children_2013.csv,359,03_District_wise_crimes_committed_against_children_2013.csv::359,False,UNIQUE,BALAGHAT,DISTRICT_OR_REPORTING_UNIT,VALID
Madhya Pradesh,BARWANI,2013,0,1,18,3,2,0,0,0,0,0,0,0,24,CHILDREN,03_District_wise_crimes_committed_against_children_2013.csv,360,03_District_wise_crimes_committed_against_children_2013.csv::360,False,UNIQUE,BARWANI,DISTRICT_OR_REPORTING_UNIT,VALID
Madhya Pradesh,BETUL,2013,3,3,52,74,1,0,0,0,0,0,0,75,208,CHILDREN,03_District_wise_crimes_committed_against_children_2013.csv,361,03_District_wise_crimes_committed_against_children_2013.csv::361,False,UNIQUE,BETUL,DISTRICT_OR_REPORTING_UNIT,VALID
Madhya Pradesh,BHIND,2013,0,1,1,1,0,0,0,0,0,0,0,6,9,CHILDREN,03_District_wise_crimes_committed_against_children_2013.csv,362,03_District_wise_crimes_committed_against_children_2013.csv::362,False,UNIQUE,BHIND,DISTRICT_OR_REPORTING_UNIT,VALID
Madhya Pradesh,BHOPAL,2013,0,8,96,52,0,0,0,0,0,0,0,54,210,CHILDREN,03_District_wise_crimes_committed_against_children_2013.csv,363,03_District_wise_crimes_committed_against_children_2013.csv::363,False,UNIQUE,BHOPAL,DISTRICT_OR_REPORTING_UNIT,VALID
Madhya Pradesh,BHOPAL RLY.,2013,0,0,1,3,0,0,5,0,0,0,0,4,13,CHILDREN,03_District_wise_crimes_committed_against_children_2013.csv,364,03_District_wise_crimes_committed_against_children_2013.csv::364,False,UNIQUE,BHOPAL RLY.,DISTRICT_OR_REPORTING_UNIT,VALID
Madhya Pradesh,BURHANPUR,2013,0,0,1,1,1,0,4,0,0,0,0,0,7,CHILDREN,03_District_wise_crimes_committed_against_children_2013.csv,365,03_District_wise_crimes_committed_against_children_2013.csv::365,False,UNIQUE,BURHANPUR,DISTRICT_OR_REPORTING_UNIT,VALID
Madhya Pradesh,CHHATARPUR,2013,0,1,31,8,0,0,0,0,0,0,0,125,165,CHILDREN,03_District_wise_crimes_committed_against_children_2013.csv,366,03_District_wise_crimes_committed_against_children_2013.csv::366,False,UNIQUE,CHHATARPUR,DISTRICT_OR_REPORTING_UNIT,VALID
Madhya Pradesh,CHHINDWARA,2013,0,4,68,171,0,0,0,0,0,0,1,210,454,CHILDREN,03_District_wise_crimes_committed_against_children_2013.csv,367,03_District_wise_crimes_committed_against_children_2013.csv::367,False,UNIQUE,CHHINDWARA,DISTRICT_OR_REPORTING_UNIT,VALID
Madhya Pradesh,DAMOH,2013,0,0,0,0,0,0,0,0,0,0,0,0,0,CHILDREN,03_District_wise_crimes_committed_against_children_2013.csv,368,03_District_wise_crimes_committed_against_children_2013.csv::368,False,UNIQUE,DAMOH,DISTRICT_OR_REPORTING_UNIT,VALID
Madhya Pradesh,DATIYA,2013,0,4,10,19,6,0,0,0,0,0,0,49,88,CHILDREN,03_District_wise_crimes_committed_against_children_2013.csv,369,03_District_wise_crimes_committed_against_children_2013.csv::369,False,UNIQUE,DATIYA,DISTRICT_OR_REPORTING_UNIT,VALID
Madhya Pradesh,DEWAS,2013,0,1,29,3,0,0,0,0,0,0,1,91,125,CHILDREN,03_District_wise_crimes_committed_against_children_2013.csv,370,03_District_wise_crimes_committed_against_children_2013.csv::370,False,UNIQUE,DEWAS,DISTRICT_OR_REPORTING_UNIT,VALID
Madhya Pradesh,DHAR,2013,0,2,53,163,0,0,0,0,0,0,0,2,220,CHILDREN,03_District_wise_crimes_committed_against_children_2013.csv,371,03_District_wise_crimes_committed_against_children_2013.csv::371,False,UNIQUE,DHAR,DISTRICT_OR_REPORTING_UNIT,VALID
Madhya Pradesh,DINDORI,2013,0,1,47,14,5,0,0,0,0,0,0,48,115,CHILDREN,03_District_wise_crimes_committed_against_children_2013.csv,372,03_District_wise_crimes_committed_against_children_2013.csv::372,False,UNIQUE,DINDORI,DISTRICT_OR_REPORTING_UNIT,VALID
Madhya Pradesh,GUNA,2013,0,5,48,19,1,0,0,0,0,0,0,63,136,CHILDREN,03_District_wise_crimes_committed_against_children_2013.csv,373,03_District_wise_crimes_committed_against_children_2013.csv::373,False,UNIQUE,GUNA,DISTRICT_OR_REPORTING_UNIT,VALID
Madhya Pradesh,GWALIOR,2013,0,12,87,51,0,1,13,0,0,0,0,220,384,CHILDREN,03_District_wise_crimes_committed_against_children_2013.csv,374,03_District_wise_crimes_committed_against_children_2013.csv::374,False,UNIQUE,GWALIOR,DISTRICT_OR_REPORTING_UNIT,VALID
Madhya Pradesh,HARDA,2013,0,0,15,3,0,1,0,0,0,0,0,12,31,CHILDREN,03_District_wise_crimes_committed_against_children_2013.csv,375,03_District_wise_crimes_committed_against_children_2013.csv::375,False,UNIQUE,HARDA,DISTRICT_OR_REPORTING_UNIT,VALID
Madhya Pradesh,HOSHANGABAD,2013,0,1,45,87,0,0,0,0,0,0,0,21,154,CHILDREN,03_District_wise_crimes_committed_against_children_2013.csv,376,03_District_wise_crimes_committed_against_children_2013.csv::376,False,UNIQUE,HOSHANGABAD,DISTRICT_OR_REPORTING_UNIT,VALID
Madhya Pradesh,INDORE,2013,0,4,128,367,5,0,22,0,0,0,0,219,745,CHILDREN,03_District_wise_crimes_committed_against_children_2013.csv,377,03_District_wise_crimes_committed_against_children_2013.csv::377,False,UNIQUE,INDORE,DISTRICT_OR_REPORTING_UNIT,VALID
Madhya Pradesh,INDORE RLY.,2013,0,0,0,0,0,0,0,0,0,0,0,0,0,CHILDREN,03_District_wise_crimes_committed_against_children_2013.csv,378,03_District_wise_crimes_committed_against_children_2013.csv::378,False,UNIQUE,INDORE RLY.,DISTRICT_OR_REPORTING_UNIT,VALID
Madhya Pradesh,JABALPUR,2013,1,5,61,105,7,0,0,0,0,0,0,208,387,CHILDREN,03_District_wise_crimes_committed_against_children_2013.csv,379,03_District_wise_crimes_committed_against_children_2013.csv::379,False,UNIQUE,JABALPUR,DISTRICT_OR_REPORTING_UNIT,VALID
Madhya Pradesh,JABALPUR RLY.,2013,0,0,1,1,0,0,3,0,0,0,0,0,5,CHILDREN,03_District_wise_crimes_committed_against_children_2013.csv,380,03_District_wise_crimes_committed_against_children_2013.csv::380,False,UNIQUE,JABALPUR RLY.,DISTRICT_OR_REPORTING_UNIT,VALID
Madhya Pradesh,JHABUA,2013,0,0,20,63,0,0,0,0,0,0,0,0,83,CHILDREN,03_District_wise_crimes_committed_against_children_2013.csv,381,03_District_wise_crimes_committed_against_children_2013.csv::381,False,UNIQUE,JHABUA,DISTRICT_OR_REPORTING_UNIT,VALID
Madhya Pradesh,KATNI,2013,0,1,32,33,4,2,0,0,0,0,0,5,77,CHILDREN,03_District_wise_crimes_committed_against_children_2013.csv,382,03_District_wise_crimes_committed_against_children_2013.csv::382,False,UNIQUE,KATNI,DISTRICT_OR_REPORTING_UNIT,VALID
Madhya Pradesh,KHANDWA,2013,0,3,68,97,0,0,0,0,0,0,1,33,202,CHILDREN,03_District_wise_crimes_committed_against_children_2013.csv,383,03_District_wise_crimes_committed_against_children_2013.csv::383,False,UNIQUE,KHANDWA,DISTRICT_OR_REPORTING_UNIT,VALID
Madhya Pradesh,KHARGON,2013,0,0,46,1,0,0,0,0,0,0,0,9,56,CHILDREN,03_District_wise_crimes_committed_against_children_2013.csv,384,03_District_wise_crimes_committed_against_children_2013.csv::384,False,UNIQUE,KHARGON,DISTRICT_OR_REPORTING_UNIT,VALID
Madhya Pradesh,MANDLA,2013,1,4,61,11,0,0,0,0,0,0,0,0,77,CHILDREN,03_District_wise_crimes_committed_against_children_2013.csv,385,03_District_wise_crimes_committed_against_children_2013.csv::385,False,UNIQUE,MANDLA,DISTRICT_OR_REPORTING_UNIT,VALID
Madhya Pradesh,MANDSAUR,2013,0,2,30,21,0,0,0,0,0,0,0,55,108,CHILDREN,03_District_wise_crimes_committed_against_children_2013.csv,386,03_District_wise_crimes_committed_against_children_2013.csv::386,False,UNIQUE,MANDSAUR,DISTRICT_OR_REPORTING_UNIT,VALID
Madhya Pradesh,MORENA,2013,0,1,10,16,0,0,15,0,0,0,1,3,46,CHILDREN,03_District_wise_crimes_committed_against_children_2013.csv,387,03_District_wise_crimes_committed_against_children_2013.csv::387,False,UNIQUE,MORENA,DISTRICT_OR_REPORTING_UNIT,VALID
Madhya Pradesh,NARSINGHPUR,2013,0,2,45,51,0,2,2,0,0,0,0,89,191,CHILDREN,03_District_wise_crimes_committed_against_children_2013.csv,388,03_District_wise_crimes_committed_against_children_2013.csv::388,False,UNIQUE,NARSINGHPUR,DISTRICT_OR_REPORTING_UNIT,VALID
Madhya Pradesh,NEEMUCH,2013,0,1,34,40,1,0,0,0,0,3,0,2,81,CHILDREN,03_District_wise_crimes_committed_against_children_2013.csv,389,03_District_wise_crimes_committed_against_children_2013.csv::389,False,UNIQUE,NEEMUCH,DISTRICT_OR_REPORTING_UNIT,VALID
Madhya Pradesh,PANNA,2013,0,0,29,12,0,0,0,0,0,0,0,16,57,CHILDREN,03_District_wise_crimes_committed_against_children_2013.csv,390,03_District_wise_crimes_committed_against_children_2013.csv::390,False,UNIQUE,PANNA,DISTRICT_OR_REPORTING_UNIT,VALID
Madhya Pradesh,RAISEN,2013,0,0,56,13,0,0,0,0,0,0,0,68,137,CHILDREN,03_District_wise_crimes_committed_against_children_2013.csv,391,03_District_wise_crimes_committed_against_children_2013.csv::391,False,UNIQUE,RAISEN,DISTRICT_OR_REPORTING_UNIT,VALID
Madhya Pradesh,RAJGARH,2013,0,0,30,32,0,0,0,0,0,0,0,138,200,CHILDREN,03_District_wise_crimes_committed_against_children_2013.csv,392,03_District_wise_crimes_committed_against_children_2013.csv::392,False,UNIQUE,RAJGARH,DISTRICT_OR_REPORTING_UNIT,VALID
Madhya Pradesh,RATLAM,2013,1,2,48,51,4,0,3,0,0,0,0,65,174,CHILDREN,03_District_wise_crimes_committed_against_children_2013.csv,393,03_District_wise_crimes_committed_against_children_2013.csv::393,False,UNIQUE,RATLAM,DISTRICT_OR_REPORTING_UNIT,VALID
Madhya Pradesh,REWA,2013,0,4,58,20,0,0,23,0,0,0,0,159,264,CHILDREN,03_District_wise_crimes_committed_against_children_2013.csv,394,03_District_wise_crimes_committed_against_children_2013.csv::394,False,UNIQUE,REWA,DISTRICT_OR_REPORTING_UNIT,VALID
Madhya Pradesh,SAGAR,2013,0,1,32,17,16,0,0,0,0,0,0,289,355,CHILDREN,03_District_wise_crimes_committed_against_children_2013.csv,395,03_District_wise_crimes_committed_against_children_2013.csv::395,False,UNIQUE,SAGAR,DISTRICT_OR_REPORTING_UNIT,VALID
Madhya Pradesh,SATNA,2013,0,8,79,4,0,4,10,21,0,0,0,110,236,CHILDREN,03_District_wise_crimes_committed_against_children_2013.csv,396,03_District_wise_crimes_committed_against_children_2013.csv::396,False,UNIQUE,SATNA,DISTRICT_OR_REPORTING_UNIT,VALID
Madhya Pradesh,SEONI,2013,0,2,47,44,5,0,0,0,0,0,0,74,172,CHILDREN,03_District_wise_crimes_committed_against_children_2013.csv,397,03_District_wise_crimes_committed_against_children_2013.csv::397,False,UNIQUE,SEONI,DISTRICT_OR_REPORTING_UNIT,VALID
Madhya Pradesh,SHAHDOL,2013,1,3,49,96,0,0,0,0,0,0,0,118,267,CHILDREN,03_District_wise_crimes_committed_against_children_2013.csv,398,03_District_wise_crimes_committed_against_children_2013.csv::398,False,UNIQUE,SHAHDOL,DISTRICT_OR_REPORTING_UNIT,VALID
Madhya Pradesh,SHAJAPUR,2013,0,1,29,18,0,1,0,0,0,0,0,40,89,CHILDREN,03_District_wise_crimes_committed_against_children_2013.csv,399,03_District_wise_crimes_committed_against_children_2013.csv::399,False,UNIQUE,SHAJAPUR,DISTRICT_OR_REPORTING_UNIT,VALID
Madhya Pradesh,SHEOPUR,2013,0,0,0,0,0,0,0,0,0,0,0,0,0,CHILDREN,03_District_wise_crimes_committed_against_children_2013.csv,400,03_District_wise_crimes_committed_against_children_2013.csv::400,False,UNIQUE,SHEOPUR,DISTRICT_OR_REPORTING_UNIT,VALID
Madhya Pradesh,SHIVPURI,2013,0,5,33,25,1,0,1,0,0,0,0,0,65,CHILDREN,03_District_wise_crimes_committed_against_children_2013.csv,401,03_District_wise_crimes_committed_against_children_2013.csv::401,False,UNIQUE,SHIVPURI,DISTRICT_OR_REPORTING_UNIT,VALID
Madhya Pradesh,SIDHI,2013,0,0,30,61,0,0,10,0,0,0,0,11,112,CHILDREN,03_District_wise_crimes_committed_against_children_2013.csv,402,03_District_wise_crimes_committed_against_children_2013.csv::402,False,UNIQUE,SIDHI,DISTRICT_OR_REPORTING_UNIT,VALID
Madhya Pradesh,SIHORE,2013,0,3,45,36,4,0,0,0,0,0,0,66,154,CHILDREN,03_District_wise_crimes_committed_against_children_2013.csv,403,03_District_wise_crimes_committed_against_children_2013.csv::403,False,UNIQUE,SIHORE,DISTRICT_OR_REPORTING_UNIT,VALID
Madhya Pradesh,SINGRAULI,2013,0,1,17,79,2,2,0,0,0,0,0,60,161,CHILDREN,03_District_wise_crimes_committed_against_children_2013.csv,404,03_District_wise_crimes_committed_against_children_2013.csv::404,False,UNIQUE,SINGRAULI,DISTRICT_OR_REPORTING_UNIT,VALID
Madhya Pradesh,TIKAMGARH,2013,1,2,46,32,0,0,6,0,0,0,0,101,188,CHILDREN,03_District_wise_crimes_committed_against_children_2013.csv,405,03_District_wise_crimes_committed_against_children_2013.csv::405,False,UNIQUE,TIKAMGARH,DISTRICT_OR_REPORTING_UNIT,VALID
Madhya Pradesh,UJJAIN,2013,0,3,77,32,0,0,0,0,0,0,0,150,262,CHILDREN,03_District_wise_crimes_committed_against_children_2013.csv,406,03_District_wise_crimes_committed_against_children_2013.csv::406,False,UNIQUE,UJJAIN,DISTRICT_OR_REPORTING_UNIT,VALID
Madhya Pradesh,UMARIYA,2013,0,1,15,28,0,0,0,0,0,0,0,24,68,CHILDREN,03_District_wise_crimes_committed_against_children_2013.csv,407,03_District_wise_crimes_committed_against_children_2013.csv::407,False,UNIQUE,UMARIYA,DISTRICT_OR_REPORTING_UNIT,VALID
Madhya Pradesh,VIDISHA,2013,0,3,82,105,11,2,0,0,0,0,0,222,425,CHILDREN,03_District_wise_crimes_committed_against_children_2013.csv,408,03_District_wise_crimes_committed_against_children_2013.csv::408,False,UNIQUE,VIDISHA,DISTRICT_OR_REPORTING_UNIT,VALID
Maharashtra,AHMEDNAGAR,2013,0,6,59,30,1,3,0,0,0,0,0,60,159,CHILDREN,03_District_wise_crimes_committed_against_children_2013.csv,410,03_District_wise_crimes_committed_against_children_2013.csv::410,False,UNIQUE,AHMEDNAGAR,DISTRICT_OR_REPORTING_UNIT,VALID
Maharashtra,AKOLA,2013,0,3,29,24,0,0,12,0,0,0,0,63,131,CHILDREN,03_District_wise_crimes_committed_against_children_2013.csv,411,03_District_wise_crimes_committed_against_children_2013.csv::411,False,UNIQUE,AKOLA,DISTRICT_OR_REPORTING_UNIT,VALID
Maharashtra,AMRAVATI COMMR.,2013,0,2,14,22,0,1,0,0,0,0,0,64,103,CHILDREN,03_District_wise_crimes_committed_against_children_2013.csv,412,03_District_wise_crimes_committed_against_children_2013.csv::412,False,UNIQUE,AMRAVATI COMMR.,DISTRICT_OR_REPORTING_UNIT,VALID
Maharashtra,AURANGABAD COMMR.,2013,0,4,6,39,1,0,4,0,0,0,2,36,92,CHILDREN,03_District_wise_crimes_committed_against_children_2013.csv,414,03_District_wise_crimes_committed_against_children_2013.csv::414,False,UNIQUE,AURANGABAD COMMR.,DISTRICT_OR_REPORTING_UNIT,VALID
Maharashtra,BEED,2013,0,12,37,23,0,1,6,1,0,0,2,63,145,CHILDREN,03_District_wise_crimes_committed_against_children_2013.csv,416,03_District_wise_crimes_committed_against_children_2013.csv::416,False,UNIQUE,BEED,DISTRICT_OR_REPORTING_UNIT,VALID
Maharashtra,BHANDARA,2013,1,3,19,18,0,2,1,0,0,0,0,43,87,CHILDREN,03_District_wise_crimes_committed_against_children_2013.csv,417,03_District_wise_crimes_committed_against_children_2013.csv::417,False,UNIQUE,BHANDARA,DISTRICT_OR_REPORTING_UNIT,VALID
Maharashtra,BULDHANA,2013,0,6,33,19,0,0,4,0,0,0,1,59,122,CHILDREN,03_District_wise_crimes_committed_against_children_2013.csv,418,03_District_wise_crimes_committed_against_children_2013.csv::418,False,UNIQUE,BULDHANA,DISTRICT_OR_REPORTING_UNIT,VALID
Maharashtra,CHANDRAPUR,2013,0,4,52,33,2,2,3,0,0,0,0,93,189,CHILDREN,03_District_wise_crimes_committed_against_children_2013.csv,419,03_District_wise_crimes_committed_against_children_2013.csv::419,False,UNIQUE,CHANDRAPUR,DISTRICT_OR_REPORTING_UNIT,VALID
Maharashtra,DHULE,2013,0,2,21,13,0,1,9,10,0,0,0,0,56,CHILDREN,03_District_wise_crimes_committed_against_children_2013.csv,420,03_District_wise_crimes_committed_against_children_2013.csv::420,False,UNIQUE,DHULE,DISTRICT_OR_REPORTING_UNIT,VALID
Maharashtra,GADCHIROLI,2013,0,1,17,3,0,0,0,0,0,0,0,29,50,CHILDREN,03_District_wise_crimes_committed_against_children_2013.csv,421,03_District_wise_crimes_committed_against_children_2013.csv::421,False,UNIQUE,GADCHIROLI,DISTRICT_OR_REPORTING_UNIT,VALID
Maharashtra,GONDIA,2013,0,2,23,9,0,0,0,0,0,0,0,32,66,CHILDREN,03_District_wise_crimes_committed_against_children_2013.csv,422,03_District_wise_crimes_committed_against_children_2013.csv::422,False,UNIQUE,GONDIA,DISTRICT_OR_REPORTING_UNIT,VALID
Maharashtra,HINGOLI,2013,0,1,7,6,0,0,4,0,0,0,0,0,18,CHILDREN,03_District_wise_crimes_committed_against_children_2013.csv,423,03_District_wise_crimes_committed_against_children_2013.csv::423,False,UNIQUE,HINGOLI,DISTRICT_OR_REPORTING_UNIT,VALID
Maharashtra,JALGAON,2013,0,9,23,34,0,1,9,3,0,0,4,54,137,CHILDREN,03_District_wise_crimes_committed_against_children_2013.csv,424,03_District_wise_crimes_committed_against_children_2013.csv::424,False,UNIQUE,JALGAON,DISTRICT_OR_REPORTING_UNIT,VALID
Maharashtra,JALNA,2013,0,3,4,2,0,0,6,0,0,0,0,5,20,CHILDREN,03_District_wise_crimes_committed_against_children_2013.csv,425,03_District_wise_crimes_committed_against_children_2013.csv::425,False,UNIQUE,JALNA,DISTRICT_OR_REPORTING_UNIT,VALID
Maharashtra,KOLHAPUR,2013,0,10,41,40,0,0,2,0,0,0,0,17,110,CHILDREN,03_District_wise_crimes_committed_against_children_2013.csv,426,03_District_wise_crimes_committed_against_children_2013.csv::426,False,UNIQUE,KOLHAPUR,DISTRICT_OR_REPORTING_UNIT,VALID
Maharashtra,LATUR,2013,0,4,7,2,0,0,0,0,0,0,0,25,38,CHILDREN,03_District_wise_crimes_committed_against_children_2013.csv,427,03_District_wise_crimes_committed_against_children_2013.csv::427,False,UNIQUE,LATUR,DISTRICT_OR_REPORTING_UNIT,VALID
Maharashtra,MUMBAI COMMR.,2013,2,7,221,279,9,2,26,2,0,2,0,352,902,CHILDREN,03_District_wise_crimes_committed_against_children_2013.csv,428,03_District_wise_crimes_committed_against_children_2013.csv::428,False,UNIQUE,MUMBAI COMMR.,DISTRICT_OR_REPORTING_UNIT,VALID
Maharashtra,MUMBAI RLY.,2013,0,0,4,6,0,1,6,0,0,0,0,4,21,CHILDREN,03_District_wise_crimes_committed_against_children_2013.csv,429,03_District_wise_crimes_committed_against_children_2013.csv::429,False,UNIQUE,MUMBAI RLY.,DISTRICT_OR_REPORTING_UNIT,VALID
Maharashtra,NAGPUR COMMR.,2013,1,4,54,101,0,2,6,0,0,0,1,187,356,CHILDREN,03_District_wise_crimes_committed_against_children_2013.csv,430,03_District_wise_crimes_committed_against_children_2013.csv::430,False,UNIQUE,NAGPUR COMMR.,DISTRICT_OR_REPORTING_UNIT,VALID
Maharashtra,NAGPUR RLY.,2013,0,0,1,3,0,0,23,0,0,0,0,0,27,CHILDREN,03_District_wise_crimes_committed_against_children_2013.csv,431,03_District_wise_crimes_committed_against_children_2013.csv::431,False,UNIQUE,NAGPUR RLY.,DISTRICT_OR_REPORTING_UNIT,VALID
Maharashtra,NANDED,2013,0,4,22,25,1,0,22,0,0,0,0,45,119,CHILDREN,03_District_wise_crimes_committed_against_children_2013.csv,433,03_District_wise_crimes_committed_against_children_2013.csv::433,False,UNIQUE,NANDED,DISTRICT_OR_REPORTING_UNIT,VALID
Maharashtra,NANDURBAR,2013,0,1,10,8,0,0,3,0,0,0,0,14,36,CHILDREN,03_District_wise_crimes_committed_against_children_2013.csv,434,03_District_wise_crimes_committed_against_children_2013.csv::434,False,UNIQUE,NANDURBAR,DISTRICT_OR_REPORTING_UNIT,VALID
Maharashtra,NASIK COMMR.,2013,0,1,8,26,0,1,5,0,0,0,0,31,72,CHILDREN,03_District_wise_crimes_committed_against_children_2013.csv,435,03_District_wise_crimes_committed_against_children_2013.csv::435,False,UNIQUE,NASIK COMMR.,DISTRICT_OR_REPORTING_UNIT,VALID
Maharashtra,NAVI MUMBAI,2013,1,7,33,63,0,2,5,0,0,0,0,69,180,CHILDREN,03_District_wise_crimes_committed_against_children_2013.csv,437,03_District_wise_crimes_committed_against_children_2013.csv::437,False,UNIQUE,NAVI MUMBAI,DISTRICT_OR_REPORTING_UNIT,VALID
Maharashtra,OSMANABAD,2013,0,0,23,28,0,3,3,0,0,0,0,34,91,CHILDREN,03_District_wise_crimes_committed_against_children_2013.csv,438,03_District_wise_crimes_committed_against_children_2013.csv::438,False,UNIQUE,OSMANABAD,DISTRICT_OR_REPORTING_UNIT,VALID
Maharashtra,PARBHANI,2013,0,4,16,38,0,0,5,0,0,0,0,20,83,CHILDREN,03_District_wise_crimes_committed_against_children_2013.csv,439,03_District_wise_crimes_committed_against_children_2013.csv::439,False,UNIQUE,PARBHANI,DISTRICT_OR_REPORTING_UNIT,VALID
Maharashtra,PUNE COMMR.,2013,0,6,83,126,1,0,4,0,2,0,0,218,440,CHILDREN,03_District_wise_crimes_committed_against_children_2013.csv,440,03_District_wise_crimes_committed_against_children_2013.csv::440,False,UNIQUE,PUNE COMMR.,DISTRICT_OR_REPORTING_UNIT,VALID
Maharashtra,PUNE RLY.,2013,0,1,3,2,0,0,8,0,0,0,0,0,14,CHILDREN,03_District_wise_crimes_committed_against_children_2013.csv,441,03_District_wise_crimes_committed_against_children_2013.csv::441,False,UNIQUE,PUNE RLY.,DISTRICT_OR_REPORTING_UNIT,VALID
Maharashtra,RAIGAD,2013,0,2,21,9,0,0,0,0,0,0,0,19,51,CHILDREN,03_District_wise_crimes_committed_against_children_2013.csv,443,03_District_wise_crimes_committed_against_children_2013.csv::443,False,UNIQUE,RAIGAD,DISTRICT_OR_REPORTING_UNIT,VALID
Maharashtra,RATNAGIRI,2013,0,2,18,13,0,0,3,0,0,0,0,24,60,CHILDREN,03_District_wise_crimes_committed_against_children_2013.csv,444,03_District_wise_crimes_committed_against_children_2013.csv::444,False,UNIQUE,RATNAGIRI,DISTRICT_OR_REPORTING_UNIT,VALID
Maharashtra,SANGLI,2013,0,7,42,32,0,1,6,0,0,1,2,45,136,CHILDREN,03_District_wise_crimes_committed_against_children_2013.csv,445,03_District_wise_crimes_committed_against_children_2013.csv::445,False,UNIQUE,SANGLI,DISTRICT_OR_REPORTING_UNIT,VALID
Maharashtra,SATARA,2013,0,9,44,43,1,0,5,0,0,0,0,90,192,CHILDREN,03_District_wise_crimes_committed_against_children_2013.csv,446,03_District_wise_crimes_committed_against_children_2013.csv::446,False,UNIQUE,SATARA,DISTRICT_OR_REPORTING_UNIT,VALID
Maharashtra,SINDHUDURG,2013,0,0,4,5,0,1,1,0,0,0,0,13,24,CHILDREN,03_District_wise_crimes_committed_against_children_2013.csv,447,03_District_wise_crimes_committed_against_children_2013.csv::447,False,UNIQUE,SINDHUDURG,DISTRICT_OR_REPORTING_UNIT,VALID
Maharashtra,SOLAPUR COMMR.,2013,0,4,19,17,0,0,1,4,0,0,0,0,45,CHILDREN,03_District_wise_crimes_committed_against_children_2013.csv,448,03_District_wise_crimes_committed_against_children_2013.csv::448,False,UNIQUE,SOLAPUR COMMR.,DISTRICT_OR_REPORTING_UNIT,VALID
Maharashtra,THANE COMMR.,2013,0,6,81,241,0,0,17,1,0,0,0,120,466,CHILDREN,03_District_wise_crimes_committed_against_children_2013.csv,450,03_District_wise_crimes_committed_against_children_2013.csv::450,False,UNIQUE,THANE COMMR.,DISTRICT_OR_REPORTING_UNIT,VALID
Maharashtra,WARDHA,2013,0,5,43,40,0,0,0,0,0,0,0,83,171,CHILDREN,03_District_wise_crimes_committed_against_children_2013.csv,452,03_District_wise_crimes_committed_against_children_2013.csv::452,False,UNIQUE,WARDHA,DISTRICT_OR_REPORTING_UNIT,VALID
Maharashtra,WASHIM,2013,0,3,18,11,0,1,1,0,0,0,0,56,90,CHILDREN,03_District_wise_crimes_committed_against_children_2013.csv,453,03_District_wise_crimes_committed_against_children_2013.csv::453,False,UNIQUE,WASHIM,DISTRICT_OR_REPORTING_UNIT,VALID
Maharashtra,YAVATMAL,2013,0,5,44,56,0,0,7,0,0,0,0,68,180,CHILDREN,03_District_wise_crimes_committed_against_children_2013.csv,454,03_District_wise_crimes_committed_against_children_2013.csv::454,False,UNIQUE,YAVATMAL,DISTRICT_OR_REPORTING_UNIT,VALID
Manipur,BISHNUPUR,2013,0,0,7,4,0,0,0,0,0,0,0,0,11,CHILDREN,03_District_wise_crimes_committed_against_children_2013.csv,456,03_District_wise_crimes_committed_against_children_2013.csv::456,False,UNIQUE,BISHNUPUR,DISTRICT_OR_REPORTING_UNIT,VALID
Manipur,CHANDEL,2013,0,0,0,1,0,0,0,0,0,0,0,0,1,CHILDREN,03_District_wise_crimes_committed_against_children_2013.csv,457,03_District_wise_crimes_committed_against_children_2013.csv::457,False,UNIQUE,CHANDEL,DISTRICT_OR_REPORTING_UNIT,VALID
Manipur,CHURACHANDPUR,2013,0,0,0,0,0,0,0,2,0,0,0,0,2,CHILDREN,03_District_wise_crimes_committed_against_children_2013.csv,458,03_District_wise_crimes_committed_against_children_2013.csv::458,False,UNIQUE,CHURACHANDPUR,DISTRICT_OR_REPORTING_UNIT,VALID
Manipur,CID,2013,0,0,0,0,0,0,0,0,0,0,0,0,0,CHILDREN,03_District_wise_crimes_committed_against_children_2013.csv,459,03_District_wise_crimes_committed_against_children_2013.csv::459,False,UNIQUE,CID,DISTRICT_OR_REPORTING_UNIT,VALID
Manipur,IMPHAL EAST,2013,0,0,4,22,0,0,0,0,0,0,0,0,26,CHILDREN,03_District_wise_crimes_committed_against_children_2013.csv,460,03_District_wise_crimes_committed_against_children_2013.csv::460,False,UNIQUE,IMPHAL EAST,DISTRICT_OR_REPORTING_UNIT,VALID
Manipur,IMPHAL WEST,2013,0,3,16,20,0,0,0,5,0,0,0,0,44,CHILDREN,03_District_wise_crimes_committed_against_children_2013.csv,461,03_District_wise_crimes_committed_against_children_2013.csv::461,False,UNIQUE,IMPHAL WEST,DISTRICT_OR_REPORTING_UNIT,VALID
Manipur,SENAPATI,2013,0,0,0,3,0,0,0,0,0,0,0,0,3,CHILDREN,03_District_wise_crimes_committed_against_children_2013.csv,462,03_District_wise_crimes_committed_against_children_2013.csv::462,False,UNIQUE,SENAPATI,DISTRICT_OR_REPORTING_UNIT,VALID
Manipur,TAMENGLONG,2013,0,0,0,1,0,0,0,0,0,0,0,0,1,CHILDREN,03_District_wise_crimes_committed_against_children_2013.csv,463,03_District_wise_crimes_committed_against_children_2013.csv::463,False,UNIQUE,TAMENGLONG,DISTRICT_OR_REPORTING_UNIT,VALID
Manipur,THOUBAL,2013,0,0,13,5,0,0,0,15,0,0,0,2,35,CHILDREN,03_District_wise_crimes_committed_against_children_2013.csv,464,03_District_wise_crimes_committed_against_children_2013.csv::464,False,UNIQUE,THOUBAL,DISTRICT_OR_REPORTING_UNIT,VALID
Manipur,UKHRUL,2013,0,0,0,0,0,0,0,0,0,0,0,0,0,CHILDREN,03_District_wise_crimes_committed_against_children_2013.csv,465,03_District_wise_crimes_committed_against_children_2013.csv::465,False,UNIQUE,UKHRUL,DISTRICT_OR_REPORTING_UNIT,VALID
Meghalaya,GARO HILLS EAST,2013,0,4,4,0,0,0,0,0,0,0,0,0,8,CHILDREN,03_District_wise_crimes_committed_against_children_2013.csv,467,03_District_wise_crimes_committed_against_children_2013.csv::467,False,UNIQUE,GARO HILLS EAST,DISTRICT_OR_REPORTING_UNIT,VALID
Meghalaya,GARO HILLS NORTH,2013,0,1,0,2,0,0,0,0,0,0,0,3,6,CHILDREN,03_District_wise_crimes_committed_against_children_2013.csv,468,03_District_wise_crimes_committed_against_children_2013.csv::468,False,UNIQUE,GARO HILLS NORTH,DISTRICT_OR_REPORTING_UNIT,VALID
Meghalaya,GARO HILLS SOUTH,2013,0,0,6,2,0,0,0,0,0,0,0,1,9,CHILDREN,03_District_wise_crimes_committed_against_children_2013.csv,469,03_District_wise_crimes_committed_against_children_2013.csv::469,False,UNIQUE,GARO HILLS SOUTH,DISTRICT_OR_REPORTING_UNIT,VALID
Meghalaya,GARO HILLS SOUTH W.,2013,0,0,5,0,0,0,0,0,0,0,0,0,5,CHILDREN,03_District_wise_crimes_committed_against_children_2013.csv,470,03_District_wise_crimes_committed_against_children_2013.csv::470,False,UNIQUE,GARO HILLS SOUTH W.,DISTRICT_OR_REPORTING_UNIT,VALID
Meghalaya,GARO HILLS WEST,2013,0,0,12,0,0,0,0,7,0,0,0,4,23,CHILDREN,03_District_wise_crimes_committed_against_children_2013.csv,471,03_District_wise_crimes_committed_against_children_2013.csv::471,False,UNIQUE,GARO HILLS WEST,DISTRICT_OR_REPORTING_UNIT,VALID
Meghalaya,JAINTIA HILLS EAST,2013,0,0,8,1,0,0,0,0,0,0,0,0,9,CHILDREN,03_District_wise_crimes_committed_against_children_2013.csv,472,03_District_wise_crimes_committed_against_children_2013.csv::472,False,UNIQUE,JAINTIA HILLS EAST,DISTRICT_OR_REPORTING_UNIT,VALID
Meghalaya,JAINTIA HILLS WEST,2013,0,0,13,2,0,0,0,0,0,0,0,0,15,CHILDREN,03_District_wise_crimes_committed_against_children_2013.csv,473,03_District_wise_crimes_committed_against_children_2013.csv::473,False,UNIQUE,JAINTIA HILLS WEST,DISTRICT_OR_REPORTING_UNIT,VALID
Meghalaya,KHASI HILLS EAST,2013,0,1,38,23,0,0,0,0,0,0,0,6,68,CHILDREN,03_District_wise_crimes_committed_against_children_2013.csv,474,03_District_wise_crimes_committed_against_children_2013.csv::474,False,UNIQUE,KHASI HILLS EAST,DISTRICT_OR_REPORTING_UNIT,VALID
Meghalaya,KHASI HILLS SOUTH W.,2013,0,2,5,0,0,0,0,0,0,0,0,0,7,CHILDREN,03_District_wise_crimes_committed_against_children_2013.csv,475,03_District_wise_crimes_committed_against_children_2013.csv::475,False,UNIQUE,KHASI HILLS SOUTH W.,DISTRICT_OR_REPORTING_UNIT,VALID
Meghalaya,KHASI HILLS WEST,2013,1,0,9,4,0,0,0,0,0,0,0,5,19,CHILDREN,03_District_wise_crimes_committed_against_children_2013.csv,476,03_District_wise_crimes_committed_against_children_2013.csv::476,False,UNIQUE,KHASI HILLS WEST,DISTRICT_OR_REPORTING_UNIT,VALID
Meghalaya,RI-BHOI,2013,0,0,12,1,0,0,0,1,0,0,0,0,14,CHILDREN,03_District_wise_crimes_committed_against_children_2013.csv,477,03_District_wise_crimes_committed_against_children_2013.csv::477,False,UNIQUE,RI-BHOI,DISTRICT_OR_REPORTING_UNIT,VALID
Mizoram,AIZAWL,2013,0,0,22,0,0,0,0,0,0,0,0,11,33,CHILDREN,03_District_wise_crimes_committed_against_children_2013.csv,479,03_District_wise_crimes_committed_against_children_2013.csv::479,False,UNIQUE,AIZAWL,DISTRICT_OR_REPORTING_UNIT,VALID
Mizoram,CHAMPHAI,2013,0,0,8,1,0,0,0,0,0,0,0,0,9,CHILDREN,03_District_wise_crimes_committed_against_children_2013.csv,480,03_District_wise_crimes_committed_against_children_2013.csv::480,False,UNIQUE,CHAMPHAI,DISTRICT_OR_REPORTING_UNIT,VALID
Mizoram,KOLASIB,2013,0,1,3,1,0,0,0,0,0,0,0,0,5,CHILDREN,03_District_wise_crimes_committed_against_children_2013.csv,481,03_District_wise_crimes_committed_against_children_2013.csv::481,False,UNIQUE,KOLASIB,DISTRICT_OR_REPORTING_UNIT,VALID
Mizoram,LAWNGTLAI,2013,0,0,3,0,0,0,0,0,0,0,0,0,3,CHILDREN,03_District_wise_crimes_committed_against_children_2013.csv,482,03_District_wise_crimes_committed_against_children_2013.csv::482,False,UNIQUE,LAWNGTLAI,DISTRICT_OR_REPORTING_UNIT,VALID
Mizoram,LUNGLEI,2013,0,0,11,0,0,0,0,0,0,0,0,0,11,CHILDREN,03_District_wise_crimes_committed_against_children_2013.csv,483,03_District_wise_crimes_committed_against_children_2013.csv::483,False,UNIQUE,LUNGLEI,DISTRICT_OR_REPORTING_UNIT,VALID
Mizoram,MAMIT,2013,0,1,3,0,0,0,0,0,0,0,0,6,10,CHILDREN,03_District_wise_crimes_committed_against_children_2013.csv,484,03_District_wise_crimes_committed_against_children_2013.csv::484,False,UNIQUE,MAMIT,DISTRICT_OR_REPORTING_UNIT,VALID
Mizoram,SAIHA,2013,0,0,3,0,0,0,0,0,0,0,0,0,3,CHILDREN,03_District_wise_crimes_committed_against_children_2013.csv,485,03_District_wise_crimes_committed_against_children_2013.csv::485,False,UNIQUE,SAIHA,DISTRICT_OR_REPORTING_UNIT,VALID
Mizoram,SERCHHIP,2013,0,0,4,0,0,0,0,0,0,0,0,0,4,CHILDREN,03_District_wise_crimes_committed_against_children_2013.csv,486,03_District_wise_crimes_committed_against_children_2013.csv::486,False,UNIQUE,SERCHHIP,DISTRICT_OR_REPORTING_UNIT,VALID
Mizoram,SPL NARCOTIC,2013,0,0,0,0,0,0,0,0,0,0,0,0,0,CHILDREN,03_District_wise_crimes_committed_against_children_2013.csv,487,03_District_wise_crimes_committed_against_children_2013.csv::487,False,UNIQUE,SPL NARCOTIC,DISTRICT_OR_REPORTING_UNIT,VALID
Mizoram,TRAFFIC PS,2013,0,0,0,0,0,0,0,0,0,0,0,0,0,CHILDREN,03_District_wise_crimes_committed_against_children_2013.csv,488,03_District_wise_crimes_committed_against_children_2013.csv::488,False,UNIQUE,TRAFFIC PS,DISTRICT_OR_REPORTING_UNIT,VALID
Nagaland,DIMAPUR,2013,0,0,2,4,0,0,0,0,0,0,0,1,7,CHILDREN,03_District_wise_crimes_committed_against_children_2013.csv,490,03_District_wise_crimes_committed_against_children_2013.csv::490,False,UNIQUE,DIMAPUR,DISTRICT_OR_REPORTING_UNIT,VALID
Nagaland,KIPHIRE,2013,0,0,0,0,0,0,0,0,0,0,0,0,0,CHILDREN,03_District_wise_crimes_committed_against_children_2013.csv,491,03_District_wise_crimes_committed_against_children_2013.csv::491,False,UNIQUE,KIPHIRE,DISTRICT_OR_REPORTING_UNIT,VALID
Nagaland,KOHIMA,2013,0,0,0,0,0,0,0,0,0,0,0,0,0,CHILDREN,03_District_wise_crimes_committed_against_children_2013.csv,492,03_District_wise_crimes_committed_against_children_2013.csv::492,False,UNIQUE,KOHIMA,DISTRICT_OR_REPORTING_UNIT,VALID
Nagaland,LONGLENG,2013,0,0,0,0,0,0,0,0,0,0,0,0,0,CHILDREN,03_District_wise_crimes_committed_against_children_2013.csv,493,03_District_wise_crimes_committed_against_children_2013.csv::493,False,UNIQUE,LONGLENG,DISTRICT_OR_REPORTING_UNIT,VALID
Nagaland,MOKOKCHUNG,2013,0,0,0,0,0,0,0,0,0,0,0,0,0,CHILDREN,03_District_wise_crimes_committed_against_children_2013.csv,494,03_District_wise_crimes_committed_against_children_2013.csv::494,False,UNIQUE,MOKOKCHUNG,DISTRICT_OR_REPORTING_UNIT,VALID
Nagaland,MON,2013,0,0,0,0,0,0,0,0,0,0,0,0,0,CHILDREN,03_District_wise_crimes_committed_against_children_2013.csv,495,03_District_wise_crimes_committed_against_children_2013.csv::495,False,UNIQUE,MON,DISTRICT_OR_REPORTING_UNIT,VALID
Nagaland,PEREN,2013,0,0,1,0,0,0,0,0,0,0,0,0,1,CHILDREN,03_District_wise_crimes_committed_against_children_2013.csv,496,03_District_wise_crimes_committed_against_children_2013.csv::496,False,UNIQUE,PEREN,DISTRICT_OR_REPORTING_UNIT,VALID
Nagaland,PHEK,2013,0,0,0,0,0,0,0,0,0,0,0,0,0,CHILDREN,03_District_wise_crimes_committed_against_children_2013.csv,497,03_District_wise_crimes_committed_against_children_2013.csv::497,False,UNIQUE,PHEK,DISTRICT_OR_REPORTING_UNIT,VALID
Nagaland,TUENSANG,2013,0,0,0,0,0,0,0,0,0,0,0,0,0,CHILDREN,03_District_wise_crimes_committed_against_children_2013.csv,498,03_District_wise_crimes_committed_against_children_2013.csv::498,False,UNIQUE,TUENSANG,DISTRICT_OR_REPORTING_UNIT,VALID
Nagaland,WOKHA,2013,0,0,0,0,0,0,0,0,0,0,0,0,0,CHILDREN,03_District_wise_crimes_committed_against_children_2013.csv,499,03_District_wise_crimes_committed_against_children_2013.csv::499,False,UNIQUE,WOKHA,DISTRICT_OR_REPORTING_UNIT,VALID
Nagaland,ZUNHEBOTO,2013,0,0,0,0,0,0,0,0,0,0,0,0,0,CHILDREN,03_District_wise_crimes_committed_against_children_2013.csv,500,03_District_wise_crimes_committed_against_children_2013.csv::500,False,UNIQUE,ZUNHEBOTO,DISTRICT_OR_REPORTING_UNIT,VALID
Odisha,ANGUL,2013,0,3,10,1,0,0,0,0,0,0,0,49,63,CHILDREN,03_District_wise_crimes_committed_against_children_2013.csv,502,03_District_wise_crimes_committed_against_children_2013.csv::502,False,UNIQUE,ANGUL,DISTRICT_OR_REPORTING_UNIT,VALID
Odisha,BALASORE,2013,0,1,49,61,1,0,0,68,0,0,0,2,182,CHILDREN,03_District_wise_crimes_committed_against_children_2013.csv,503,03_District_wise_crimes_committed_against_children_2013.csv::503,False,UNIQUE,BALASORE,DISTRICT_OR_REPORTING_UNIT,VALID
Odisha,BARAGARH,2013,0,1,32,27,0,0,0,0,0,0,0,0,60,CHILDREN,03_District_wise_crimes_committed_against_children_2013.csv,504,03_District_wise_crimes_committed_against_children_2013.csv::504,False,UNIQUE,BARAGARH,DISTRICT_OR_REPORTING_UNIT,VALID
Odisha,BERHAMPUR,2013,0,0,0,0,0,0,0,0,0,0,0,0,0,CHILDREN,03_District_wise_crimes_committed_against_children_2013.csv,505,03_District_wise_crimes_committed_against_children_2013.csv::505,False,UNIQUE,BERHAMPUR,DISTRICT_OR_REPORTING_UNIT,VALID
Odisha,BHADRAK,2013,0,0,0,0,0,0,0,0,0,0,0,0,0,CHILDREN,03_District_wise_crimes_committed_against_children_2013.csv,506,03_District_wise_crimes_committed_against_children_2013.csv::506,False,UNIQUE,BHADRAK,DISTRICT_OR_REPORTING_UNIT,VALID
Odisha,BOLANGIR,2013,0,0,24,0,0,0,0,0,0,0,0,0,24,CHILDREN,03_District_wise_crimes_committed_against_children_2013.csv,507,03_District_wise_crimes_committed_against_children_2013.csv::507,False,UNIQUE,BOLANGIR,DISTRICT_OR_REPORTING_UNIT,VALID
Odisha,BOUDH,2013,0,0,39,36,0,0,0,0,0,0,0,0,75,CHILDREN,03_District_wise_crimes_committed_against_children_2013.csv,508,03_District_wise_crimes_committed_against_children_2013.csv::508,False,UNIQUE,BOUDH,DISTRICT_OR_REPORTING_UNIT,VALID
Odisha,CUTTACK,2013,0,0,9,0,0,0,0,8,0,0,0,0,17,CHILDREN,03_District_wise_crimes_committed_against_children_2013.csv,509,03_District_wise_crimes_committed_against_children_2013.csv::509,False,UNIQUE,CUTTACK,DISTRICT_OR_REPORTING_UNIT,VALID
Odisha,DCP BBSR,2013,0,0,27,0,0,0,0,0,0,0,0,0,27,CHILDREN,03_District_wise_crimes_committed_against_children_2013.csv,510,03_District_wise_crimes_committed_against_children_2013.csv::510,False,UNIQUE,DCP BBSR,DISTRICT_OR_REPORTING_UNIT,VALID
Odisha,DCP CTC,2013,0,0,0,0,0,0,0,0,0,0,0,26,26,CHILDREN,03_District_wise_crimes_committed_against_children_2013.csv,511,03_District_wise_crimes_committed_against_children_2013.csv::511,False,UNIQUE,DCP CTC,DISTRICT_OR_REPORTING_UNIT,VALID
Odisha,DEOGARH,2013,0,2,5,10,0,0,0,0,0,0,0,0,17,CHILDREN,03_District_wise_crimes_committed_against_children_2013.csv,512,03_District_wise_crimes_committed_against_children_2013.csv::512,False,UNIQUE,DEOGARH,DISTRICT_OR_REPORTING_UNIT,VALID
Odisha,DHENKANAL,2013,0,0,10,0,0,0,0,0,0,0,0,0,10,CHILDREN,03_District_wise_crimes_committed_against_children_2013.csv,513,03_District_wise_crimes_committed_against_children_2013.csv::513,False,UNIQUE,DHENKANAL,DISTRICT_OR_REPORTING_UNIT,VALID
Odisha,GAJAPATI,2013,0,1,16,4,0,0,0,0,0,0,0,1,22,CHILDREN,03_District_wise_crimes_committed_against_children_2013.csv,514,03_District_wise_crimes_committed_against_children_2013.csv::514,False,UNIQUE,GAJAPATI,DISTRICT_OR_REPORTING_UNIT,VALID
Odisha,GANJAM,2013,0,0,2,0,0,0,0,0,0,0,0,0,2,CHILDREN,03_District_wise_crimes_committed_against_children_2013.csv,515,03_District_wise_crimes_committed_against_children_2013.csv::515,False,UNIQUE,GANJAM,DISTRICT_OR_REPORTING_UNIT,VALID
Odisha,JAGATSINGHPUR,2013,0,0,0,0,0,0,0,0,0,0,0,0,0,CHILDREN,03_District_wise_crimes_committed_against_children_2013.csv,516,03_District_wise_crimes_committed_against_children_2013.csv::516,False,UNIQUE,JAGATSINGHPUR,DISTRICT_OR_REPORTING_UNIT,VALID
Odisha,JAJPUR,2013,0,0,24,0,0,0,0,0,0,0,0,0,24,CHILDREN,03_District_wise_crimes_committed_against_children_2013.csv,517,03_District_wise_crimes_committed_against_children_2013.csv::517,False,UNIQUE,JAJPUR,DISTRICT_OR_REPORTING_UNIT,VALID
Odisha,JHARSUGUDA,2013,0,0,4,24,0,0,0,1,0,0,0,0,29,CHILDREN,03_District_wise_crimes_committed_against_children_2013.csv,518,03_District_wise_crimes_committed_against_children_2013.csv::518,False,UNIQUE,JHARSUGUDA,DISTRICT_OR_REPORTING_UNIT,VALID
Odisha,KALAHANDI,2013,0,7,41,46,0,0,0,0,0,0,0,0,94,CHILDREN,03_District_wise_crimes_committed_against_children_2013.csv,519,03_District_wise_crimes_committed_against_children_2013.csv::519,False,UNIQUE,KALAHANDI,DISTRICT_OR_REPORTING_UNIT,VALID
Odisha,KANDHAMAL,2013,0,0,1,2,0,0,0,0,0,0,0,3,6,CHILDREN,03_District_wise_crimes_committed_against_children_2013.csv,520,03_District_wise_crimes_committed_against_children_2013.csv::520,False,UNIQUE,KANDHAMAL,DISTRICT_OR_REPORTING_UNIT,VALID
Odisha,KENDRAPARA,2013,0,3,23,37,0,0,0,0,0,0,0,0,63,CHILDREN,03_District_wise_crimes_committed_against_children_2013.csv,521,03_District_wise_crimes_committed_against_children_2013.csv::521,False,UNIQUE,KENDRAPARA,DISTRICT_OR_REPORTING_UNIT,VALID
Odisha,KEONJHAR,2013,0,2,60,6,0,0,0,0,0,0,0,0,68,CHILDREN,03_District_wise_crimes_committed_against_children_2013.csv,522,03_District_wise_crimes_committed_against_children_2013.csv::522,False,UNIQUE,KEONJHAR,DISTRICT_OR_REPORTING_UNIT,VALID
Odisha,KHURDA,2013,0,0,0,0,0,0,0,0,0,0,0,0,0,CHILDREN,03_District_wise_crimes_committed_against_children_2013.csv,523,03_District_wise_crimes_committed_against_children_2013.csv::523,False,UNIQUE,KHURDA,DISTRICT_OR_REPORTING_UNIT,VALID
Odisha,KORAPUT,2013,0,0,0,0,0,0,0,0,0,0,0,0,0,CHILDREN,03_District_wise_crimes_committed_against_children_2013.csv,524,03_District_wise_crimes_committed_against_children_2013.csv::524,False,UNIQUE,KORAPUT,DISTRICT_OR_REPORTING_UNIT,VALID
Odisha,MALKANGIR,2013,0,0,9,0,0,0,0,0,0,0,0,0,9,CHILDREN,03_District_wise_crimes_committed_against_children_2013.csv,525,03_District_wise_crimes_committed_against_children_2013.csv::525,False,UNIQUE,MALKANGIR,DISTRICT_OR_REPORTING_UNIT,VALID
Odisha,MAYURBHANJ,2013,0,1,4,2,0,0,0,0,0,0,0,43,50,CHILDREN,03_District_wise_crimes_committed_against_children_2013.csv,526,03_District_wise_crimes_committed_against_children_2013.csv::526,False,UNIQUE,MAYURBHANJ,DISTRICT_OR_REPORTING_UNIT,VALID
Odisha,NAYAGARH,2013,0,0,12,23,0,0,0,0,0,0,0,0,35,CHILDREN,03_District_wise_crimes_committed_against_children_2013.csv,527,03_District_wise_crimes_committed_against_children_2013.csv::527,False,UNIQUE,NAYAGARH,DISTRICT_OR_REPORTING_UNIT,VALID
Odisha,NOWRANGPUR,2013,0,0,0,0,0,0,0,0,0,0,0,0,0,CHILDREN,03_District_wise_crimes_committed_against_children_2013.csv,528,03_District_wise_crimes_committed_against_children_2013.csv::528,False,UNIQUE,NOWRANGPUR,DISTRICT_OR_REPORTING_UNIT,VALID
Odisha,NUAPADA,2013,0,0,0,32,0,0,0,0,0,0,0,15,47,CHILDREN,03_District_wise_crimes_committed_against_children_2013.csv,529,03_District_wise_crimes_committed_against_children_2013.csv::529,False,UNIQUE,NUAPADA,DISTRICT_OR_REPORTING_UNIT,VALID
Odisha,PURI,2013,0,0,0,0,0,0,0,0,0,0,0,0,0,CHILDREN,03_District_wise_crimes_committed_against_children_2013.csv,530,03_District_wise_crimes_committed_against_children_2013.csv::530,False,UNIQUE,PURI,DISTRICT_OR_REPORTING_UNIT,VALID
Odisha,RAYAGADA,2013,0,3,58,7,0,1,0,1,0,0,0,0,70,CHILDREN,03_District_wise_crimes_committed_against_children_2013.csv,531,03_District_wise_crimes_committed_against_children_2013.csv::531,False,UNIQUE,RAYAGADA,DISTRICT_OR_REPORTING_UNIT,VALID
Odisha,ROURKELA,2013,0,0,0,0,0,0,0,0,0,0,0,0,0,CHILDREN,03_District_wise_crimes_committed_against_children_2013.csv,532,03_District_wise_crimes_committed_against_children_2013.csv::532,False,UNIQUE,ROURKELA,DISTRICT_OR_REPORTING_UNIT,VALID
Odisha,SAMBALPUR,2013,0,2,6,2,0,0,0,0,0,0,0,0,10,CHILDREN,03_District_wise_crimes_committed_against_children_2013.csv,533,03_District_wise_crimes_committed_against_children_2013.csv::533,False,UNIQUE,SAMBALPUR,DISTRICT_OR_REPORTING_UNIT,VALID
Odisha,SONEPUR,2013,0,0,5,5,0,0,0,0,0,0,0,0,10,CHILDREN,03_District_wise_crimes_committed_against_children_2013.csv,534,03_District_wise_crimes_committed_against_children_2013.csv::534,False,UNIQUE,SONEPUR,DISTRICT_OR_REPORTING_UNIT,VALID
Odisha,SRP(CUTTACK),2013,0,0,0,0,0,0,0,1,0,0,0,0,1,CHILDREN,03_District_wise_crimes_committed_against_children_2013.csv,535,03_District_wise_crimes_committed_against_children_2013.csv::535,False,UNIQUE,SRP(CUTTACK),DISTRICT_OR_REPORTING_UNIT,VALID
Odisha,SRP(ROURKELA),2013,0,0,1,3,0,0,0,0,0,0,0,0,4,CHILDREN,03_District_wise_crimes_committed_against_children_2013.csv,536,03_District_wise_crimes_committed_against_children_2013.csv::536,False,UNIQUE,SRP(ROURKELA),DISTRICT_OR_REPORTING_UNIT,VALID
Odisha,SUNDARGARH,2013,0,2,38,38,0,0,0,0,0,0,0,0,78,CHILDREN,03_District_wise_crimes_committed_against_children_2013.csv,537,03_District_wise_crimes_committed_against_children_2013.csv::537,False,UNIQUE,SUNDARGARH,DISTRICT_OR_REPORTING_UNIT,VALID
Punjab,BARNALA,2013,0,1,10,25,0,0,0,0,0,0,0,0,36,CHILDREN,03_District_wise_crimes_committed_against_children_2013.csv,540,03_District_wise_crimes_committed_against_children_2013.csv::540,False,UNIQUE,BARNALA,DISTRICT_OR_REPORTING_UNIT,VALID
Punjab,BATALA,2013,0,0,26,26,1,0,0,0,0,0,0,6,59,CHILDREN,03_District_wise_crimes_committed_against_children_2013.csv,541,03_District_wise_crimes_committed_against_children_2013.csv::541,False,UNIQUE,BATALA,DISTRICT_OR_REPORTING_UNIT,VALID
Punjab,BHATINDA,2013,0,4,35,44,3,0,0,0,0,0,0,0,86,CHILDREN,03_District_wise_crimes_committed_against_children_2013.csv,542,03_District_wise_crimes_committed_against_children_2013.csv::542,False,UNIQUE,BHATINDA,DISTRICT_OR_REPORTING_UNIT,VALID
Punjab,CP AMRITSAR,2013,0,0,16,52,0,0,0,1,0,0,0,9,78,CHILDREN,03_District_wise_crimes_committed_against_children_2013.csv,543,03_District_wise_crimes_committed_against_children_2013.csv::543,False,UNIQUE,CP AMRITSAR,DISTRICT_OR_REPORTING_UNIT,VALID
Punjab,CP JALANDHAR,2013,0,1,25,51,6,0,0,0,0,0,0,0,83,CHILDREN,03_District_wise_crimes_committed_against_children_2013.csv,544,03_District_wise_crimes_committed_against_children_2013.csv::544,False,UNIQUE,CP JALANDHAR,DISTRICT_OR_REPORTING_UNIT,VALID
Punjab,CP LUDHIANA,2013,0,7,68,70,0,0,8,0,0,0,0,2,155,CHILDREN,03_District_wise_crimes_committed_against_children_2013.csv,545,03_District_wise_crimes_committed_against_children_2013.csv::545,False,UNIQUE,CP LUDHIANA,DISTRICT_OR_REPORTING_UNIT,VALID
Punjab,FARIDKOT,2013,0,0,7,0,0,0,0,0,0,0,0,0,7,CHILDREN,03_District_wise_crimes_committed_against_children_2013.csv,546,03_District_wise_crimes_committed_against_children_2013.csv::546,False,UNIQUE,FARIDKOT,DISTRICT_OR_REPORTING_UNIT,VALID
Punjab,FATEHGARH SAHIB,2013,1,0,8,14,0,0,0,0,0,0,0,8,31,CHILDREN,03_District_wise_crimes_committed_against_children_2013.csv,547,03_District_wise_crimes_committed_against_children_2013.csv::547,False,UNIQUE,FATEHGARH SAHIB,DISTRICT_OR_REPORTING_UNIT,VALID
Punjab,FAZILKA,2013,0,1,21,22,0,0,0,0,0,0,0,3,47,CHILDREN,03_District_wise_crimes_committed_against_children_2013.csv,548,03_District_wise_crimes_committed_against_children_2013.csv::548,False,UNIQUE,FAZILKA,DISTRICT_OR_REPORTING_UNIT,VALID
Punjab,FEROZPUR,2013,0,0,8,22,0,0,0,0,0,0,0,0,30,CHILDREN,03_District_wise_crimes_committed_against_children_2013.csv,549,03_District_wise_crimes_committed_against_children_2013.csv::549,False,UNIQUE,FEROZPUR,DISTRICT_OR_REPORTING_UNIT,VALID
Punjab,G.R.P,2013,3,0,1,0,0,0,0,0,0,0,0,0,4,CHILDREN,03_District_wise_crimes_committed_against_children_2013.csv,550,03_District_wise_crimes_committed_against_children_2013.csv::550,False,UNIQUE,G.R.P,DISTRICT_OR_REPORTING_UNIT,VALID
Punjab,GURDASPUR,2013,0,0,12,9,0,0,0,0,0,0,0,4,25,CHILDREN,03_District_wise_crimes_committed_against_children_2013.csv,551,03_District_wise_crimes_committed_against_children_2013.csv::551,False,UNIQUE,GURDASPUR,DISTRICT_OR_REPORTING_UNIT,VALID
Punjab,HOSHIARPUR,2013,0,0,21,0,0,0,0,0,0,0,0,0,21,CHILDREN,03_District_wise_crimes_committed_against_children_2013.csv,552,03_District_wise_crimes_committed_against_children_2013.csv::552,False,UNIQUE,HOSHIARPUR,DISTRICT_OR_REPORTING_UNIT,VALID
Punjab,KAPURTHALA,2013,0,2,9,27,0,0,0,0,0,0,0,6,44,CHILDREN,03_District_wise_crimes_committed_against_children_2013.csv,554,03_District_wise_crimes_committed_against_children_2013.csv::554,False,UNIQUE,KAPURTHALA,DISTRICT_OR_REPORTING_UNIT,VALID
Punjab,KHANNA,2013,0,0,13,6,0,0,0,0,0,0,0,0,19,CHILDREN,03_District_wise_crimes_committed_against_children_2013.csv,555,03_District_wise_crimes_committed_against_children_2013.csv::555,False,UNIQUE,KHANNA,DISTRICT_OR_REPORTING_UNIT,VALID
Punjab,MANSA,2013,0,1,11,8,0,0,0,0,0,0,0,11,31,CHILDREN,03_District_wise_crimes_committed_against_children_2013.csv,557,03_District_wise_crimes_committed_against_children_2013.csv::557,False,UNIQUE,MANSA,DISTRICT_OR_REPORTING_UNIT,VALID
Punjab,MOGA,2013,3,1,9,22,0,0,0,0,0,0,0,0,35,CHILDREN,03_District_wise_crimes_committed_against_children_2013.csv,558,03_District_wise_crimes_committed_against_children_2013.csv::558,False,UNIQUE,MOGA,DISTRICT_OR_REPORTING_UNIT,VALID
Punjab,MUKTSAR,2013,0,1,10,38,0,0,0,0,0,0,0,8,57,CHILDREN,03_District_wise_crimes_committed_against_children_2013.csv,559,03_District_wise_crimes_committed_against_children_2013.csv::559,False,UNIQUE,MUKTSAR,DISTRICT_OR_REPORTING_UNIT,VALID
Punjab,PATHANKOT,2013,0,1,6,9,0,0,0,0,0,0,0,0,16,CHILDREN,03_District_wise_crimes_committed_against_children_2013.csv,560,03_District_wise_crimes_committed_against_children_2013.csv::560,False,UNIQUE,PATHANKOT,DISTRICT_OR_REPORTING_UNIT,VALID
Punjab,PATIALA,2013,0,3,37,44,2,0,0,0,0,0,0,4,90,CHILDREN,03_District_wise_crimes_committed_against_children_2013.csv,561,03_District_wise_crimes_committed_against_children_2013.csv::561,False,UNIQUE,PATIALA,DISTRICT_OR_REPORTING_UNIT,VALID
Punjab,ROPAR,2013,0,0,7,19,0,0,0,0,0,0,0,0,26,CHILDREN,03_District_wise_crimes_committed_against_children_2013.csv,562,03_District_wise_crimes_committed_against_children_2013.csv::562,False,UNIQUE,ROPAR,DISTRICT_OR_REPORTING_UNIT,VALID
Punjab,SANGRUR,2013,0,4,32,21,0,0,0,0,0,0,0,0,57,CHILDREN,03_District_wise_crimes_committed_against_children_2013.csv,563,03_District_wise_crimes_committed_against_children_2013.csv::563,False,UNIQUE,SANGRUR,DISTRICT_OR_REPORTING_UNIT,VALID
Punjab,SAS NGR,2013,0,0,21,57,0,0,0,0,0,0,0,18,96,CHILDREN,03_District_wise_crimes_committed_against_children_2013.csv,564,03_District_wise_crimes_committed_against_children_2013.csv::564,False,UNIQUE,SAS NGR,DISTRICT_OR_REPORTING_UNIT,VALID
Punjab,SBS NAGAR,2013,0,0,17,7,0,0,0,0,0,0,0,0,24,CHILDREN,03_District_wise_crimes_committed_against_children_2013.csv,565,03_District_wise_crimes_committed_against_children_2013.csv::565,False,UNIQUE,SBS NAGAR,DISTRICT_OR_REPORTING_UNIT,VALID
Punjab,TARN TARAN,2013,0,1,13,14,0,0,0,0,0,0,0,0,28,CHILDREN,03_District_wise_crimes_committed_against_children_2013.csv,566,03_District_wise_crimes_committed_against_children_2013.csv::566,False,UNIQUE,TARN TARAN,DISTRICT_OR_REPORTING_UNIT,VALID
Rajasthan,AJMER,2013,4,2,12,13,0,0,2,4,0,0,1,0,38,CHILDREN,03_District_wise_crimes_committed_against_children_2013.csv,568,03_District_wise_crimes_committed_against_children_2013.csv::568,False,UNIQUE,AJMER,DISTRICT_OR_REPORTING_UNIT,VALID
Rajasthan,ALWAR,2013,0,11,83,101,0,0,7,0,0,0,0,0,202,CHILDREN,03_District_wise_crimes_committed_against_children_2013.csv,569,03_District_wise_crimes_committed_against_children_2013.csv::569,False,UNIQUE,ALWAR,DISTRICT_OR_REPORTING_UNIT,VALID
Rajasthan,BANSWARA,2013,0,0,0,32,0,0,9,0,0,0,0,0,41,CHILDREN,03_District_wise_crimes_committed_against_children_2013.csv,570,03_District_wise_crimes_committed_against_children_2013.csv::570,False,UNIQUE,BANSWARA,DISTRICT_OR_REPORTING_UNIT,VALID
Rajasthan,BARAN,2013,0,1,5,2,0,0,4,0,0,0,0,64,76,CHILDREN,03_District_wise_crimes_committed_against_children_2013.csv,571,03_District_wise_crimes_committed_against_children_2013.csv::571,False,UNIQUE,BARAN,DISTRICT_OR_REPORTING_UNIT,VALID
Rajasthan,BARMER,2013,0,0,18,12,1,0,9,0,0,0,0,0,40,CHILDREN,03_District_wise_crimes_committed_against_children_2013.csv,572,03_District_wise_crimes_committed_against_children_2013.csv::572,False,UNIQUE,BARMER,DISTRICT_OR_REPORTING_UNIT,VALID
Rajasthan,BHARATPUR,2013,0,11,34,97,1,0,11,0,0,0,0,0,154,CHILDREN,03_District_wise_crimes_committed_against_children_2013.csv,573,03_District_wise_crimes_committed_against_children_2013.csv::573,False,UNIQUE,BHARATPUR,DISTRICT_OR_REPORTING_UNIT,VALID
Rajasthan,BHILWARA,2013,0,2,41,40,1,0,11,0,0,0,0,0,95,CHILDREN,03_District_wise_crimes_committed_against_children_2013.csv,574,03_District_wise_crimes_committed_against_children_2013.csv::574,False,UNIQUE,BHILWARA,DISTRICT_OR_REPORTING_UNIT,VALID
Rajasthan,BIKANER,2013,0,0,0,0,0,0,2,0,0,0,0,2,4,CHILDREN,03_District_wise_crimes_committed_against_children_2013.csv,575,03_District_wise_crimes_committed_against_children_2013.csv::575,False,UNIQUE,BIKANER,DISTRICT_OR_REPORTING_UNIT,VALID
Rajasthan,BUNDI,2013,0,0,32,45,0,0,1,0,0,0,0,0,78,CHILDREN,03_District_wise_crimes_committed_against_children_2013.csv,576,03_District_wise_crimes_committed_against_children_2013.csv::576,False,UNIQUE,BUNDI,DISTRICT_OR_REPORTING_UNIT,VALID
Rajasthan,CHITTORGARH,2013,0,1,34,10,0,0,1,0,1,0,1,13,61,CHILDREN,03_District_wise_crimes_committed_against_children_2013.csv,577,03_District_wise_crimes_committed_against_children_2013.csv::577,False,UNIQUE,CHITTORGARH,DISTRICT_OR_REPORTING_UNIT,VALID
Rajasthan,CHURU,2013,0,0,28,11,4,0,1,0,0,0,0,0,44,CHILDREN,03_District_wise_crimes_committed_against_children_2013.csv,578,03_District_wise_crimes_committed_against_children_2013.csv::578,False,UNIQUE,CHURU,DISTRICT_OR_REPORTING_UNIT,VALID
Rajasthan,DAUSA,2013,0,1,12,43,0,0,0,0,0,0,0,0,56,CHILDREN,03_District_wise_crimes_committed_against_children_2013.csv,579,03_District_wise_crimes_committed_against_children_2013.csv::579,False,UNIQUE,DAUSA,DISTRICT_OR_REPORTING_UNIT,VALID
Rajasthan,DHOLPUR,2013,0,4,19,15,0,0,4,0,0,0,0,10,52,CHILDREN,03_District_wise_crimes_committed_against_children_2013.csv,580,03_District_wise_crimes_committed_against_children_2013.csv::580,False,UNIQUE,DHOLPUR,DISTRICT_OR_REPORTING_UNIT,VALID
Rajasthan,DISCOM,2013,0,0,0,0,0,0,0,0,0,0,0,0,0,CHILDREN,03_District_wise_crimes_committed_against_children_2013.csv,581,03_District_wise_crimes_committed_against_children_2013.csv::581,False,UNIQUE,DISCOM,DISTRICT_OR_REPORTING_UNIT,VALID
Rajasthan,DUNGARPUR,2013,0,1,48,57,0,0,0,0,0,0,0,0,106,CHILDREN,03_District_wise_crimes_committed_against_children_2013.csv,582,03_District_wise_crimes_committed_against_children_2013.csv::582,False,UNIQUE,DUNGARPUR,DISTRICT_OR_REPORTING_UNIT,VALID
Rajasthan,G.R.P.AJMER,2013,0,0,0,7,0,0,12,0,0,0,0,0,19,CHILDREN,03_District_wise_crimes_committed_against_children_2013.csv,583,03_District_wise_crimes_committed_against_children_2013.csv::583,False,UNIQUE,G.R.P.AJMER,DISTRICT_OR_REPORTING_UNIT,VALID
Rajasthan,G.R.P.JODHPUR,2013,0,0,0,0,0,0,1,0,0,0,0,0,1,CHILDREN,03_District_wise_crimes_committed_against_children_2013.csv,584,03_District_wise_crimes_committed_against_children_2013.csv::584,False,UNIQUE,G.R.P.JODHPUR,DISTRICT_OR_REPORTING_UNIT,VALID
Rajasthan,GANGANAGAR,2013,0,1,25,42,2,0,7,13,0,0,0,10,100,CHILDREN,03_District_wise_crimes_committed_against_children_2013.csv,585,03_District_wise_crimes_committed_against_children_2013.csv::585,False,UNIQUE,GANGANAGAR,DISTRICT_OR_REPORTING_UNIT,VALID
Rajasthan,HANUMANGARH,2013,0,0,38,28,3,0,0,24,0,0,0,3,96,CHILDREN,03_District_wise_crimes_committed_against_children_2013.csv,586,03_District_wise_crimes_committed_against_children_2013.csv::586,False,UNIQUE,HANUMANGARH,DISTRICT_OR_REPORTING_UNIT,VALID
Rajasthan,JAIPUR EAST,2013,0,1,8,68,0,0,12,0,0,0,1,2,92,CHILDREN,03_District_wise_crimes_committed_against_children_2013.csv,587,03_District_wise_crimes_committed_against_children_2013.csv::587,False,UNIQUE,JAIPUR EAST,DISTRICT_OR_REPORTING_UNIT,VALID
Rajasthan,JAIPUR NORTH,2013,1,1,5,28,5,0,4,1,0,0,0,23,68,CHILDREN,03_District_wise_crimes_committed_against_children_2013.csv,588,03_District_wise_crimes_committed_against_children_2013.csv::588,False,UNIQUE,JAIPUR NORTH,DISTRICT_OR_REPORTING_UNIT,VALID
Rajasthan,JAIPUR SOUTH,2013,0,0,15,38,0,1,1,0,0,0,0,11,66,CHILDREN,03_District_wise_crimes_committed_against_children_2013.csv,590,03_District_wise_crimes_committed_against_children_2013.csv::590,False,UNIQUE,JAIPUR SOUTH,DISTRICT_OR_REPORTING_UNIT,VALID
Rajasthan,JAIPUR WEST,2013,0,0,13,116,5,0,1,0,0,0,0,9,144,CHILDREN,03_District_wise_crimes_committed_against_children_2013.csv,591,03_District_wise_crimes_committed_against_children_2013.csv::591,False,UNIQUE,JAIPUR WEST,DISTRICT_OR_REPORTING_UNIT,VALID
Rajasthan,JAISALMER,2013,0,0,9,2,0,0,1,0,0,0,0,0,12,CHILDREN,03_District_wise_crimes_committed_against_children_2013.csv,592,03_District_wise_crimes_committed_against_children_2013.csv::592,False,UNIQUE,JAISALMER,DISTRICT_OR_REPORTING_UNIT,VALID
Rajasthan,JALORE,2013,0,3,18,19,0,0,4,0,0,0,1,0,45,CHILDREN,03_District_wise_crimes_committed_against_children_2013.csv,593,03_District_wise_crimes_committed_against_children_2013.csv::593,False,UNIQUE,JALORE,DISTRICT_OR_REPORTING_UNIT,VALID
Rajasthan,JHALAWAR,2013,0,0,37,76,0,0,4,0,0,0,0,0,117,CHILDREN,03_District_wise_crimes_committed_against_children_2013.csv,594,03_District_wise_crimes_committed_against_children_2013.csv::594,False,UNIQUE,JHALAWAR,DISTRICT_OR_REPORTING_UNIT,VALID
Rajasthan,JHUNJHUNU,2013,1,2,34,29,0,0,5,0,0,0,0,0,71,CHILDREN,03_District_wise_crimes_committed_against_children_2013.csv,595,03_District_wise_crimes_committed_against_children_2013.csv::595,False,UNIQUE,JHUNJHUNU,DISTRICT_OR_REPORTING_UNIT,VALID
Rajasthan,JODHPUR EAST,2013,0,1,2,5,0,0,6,0,0,0,0,0,14,CHILDREN,03_District_wise_crimes_committed_against_children_2013.csv,596,03_District_wise_crimes_committed_against_children_2013.csv::596,False,UNIQUE,JODHPUR EAST,DISTRICT_OR_REPORTING_UNIT,VALID
Rajasthan,JODHPUR WEST,2013,0,1,19,26,0,0,8,0,0,0,0,0,54,CHILDREN,03_District_wise_crimes_committed_against_children_2013.csv,598,03_District_wise_crimes_committed_against_children_2013.csv::598,False,UNIQUE,JODHPUR WEST,DISTRICT_OR_REPORTING_UNIT,VALID
Rajasthan,KARAULI,2013,0,0,9,25,1,0,1,0,0,0,0,0,36,CHILDREN,03_District_wise_crimes_committed_against_children_2013.csv,599,03_District_wise_crimes_committed_against_children_2013.csv::599,False,UNIQUE,KARAULI,DISTRICT_OR_REPORTING_UNIT,VALID
Rajasthan,NAGAUR,2013,0,1,27,36,1,0,4,0,0,0,0,15,84,CHILDREN,03_District_wise_crimes_committed_against_children_2013.csv,602,03_District_wise_crimes_committed_against_children_2013.csv::602,False,UNIQUE,NAGAUR,DISTRICT_OR_REPORTING_UNIT,VALID
Rajasthan,PALI,2013,0,0,0,0,0,0,0,0,0,0,0,0,0,CHILDREN,03_District_wise_crimes_committed_against_children_2013.csv,603,03_District_wise_crimes_committed_against_children_2013.csv::603,False,UNIQUE,PALI,DISTRICT_OR_REPORTING_UNIT,VALID
Rajasthan,PRATAPGARH,2013,0,1,55,42,0,0,6,0,0,0,0,0,104,CHILDREN,03_District_wise_crimes_committed_against_children_2013.csv,604,03_District_wise_crimes_committed_against_children_2013.csv::604,False,UNIQUE,PRATAPGARH,DISTRICT_OR_REPORTING_UNIT,VALID
Rajasthan,RAJSAMAND,2013,0,1,9,8,0,0,4,0,0,0,0,1,23,CHILDREN,03_District_wise_crimes_committed_against_children_2013.csv,605,03_District_wise_crimes_committed_against_children_2013.csv::605,False,UNIQUE,RAJSAMAND,DISTRICT_OR_REPORTING_UNIT,VALID
Rajasthan,SAWAI MADHOPUR,2013,0,3,12,32,1,0,5,0,0,0,0,0,53,CHILDREN,03_District_wise_crimes_committed_against_children_2013.csv,606,03_District_wise_crimes_committed_against_children_2013.csv::606,False,UNIQUE,SAWAI MADHOPUR,DISTRICT_OR_REPORTING_UNIT,VALID
Rajasthan,SIKAR,2013,0,0,26,45,0,0,16,0,0,0,0,0,87,CHILDREN,03_District_wise_crimes_committed_against_children_2013.csv,607,03_District_wise_crimes_committed_against_children_2013.csv::607,False,UNIQUE,SIKAR,DISTRICT_OR_REPORTING_UNIT,VALID
Rajasthan,SIROHI,2013,0,3,18,20,0,0,0,0,0,0,1,2,44,CHILDREN,03_District_wise_crimes_committed_against_children_2013.csv,608,03_District_wise_crimes_committed_against_children_2013.csv::608,False,UNIQUE,SIROHI,DISTRICT_OR_REPORTING_UNIT,VALID
Rajasthan,TONK,2013,0,1,14,25,4,0,6,0,0,0,0,0,50,CHILDREN,03_District_wise_crimes_committed_against_children_2013.csv,609,03_District_wise_crimes_committed_against_children_2013.csv::609,False,UNIQUE,TONK,DISTRICT_OR_REPORTING_UNIT,VALID
Rajasthan,UDAIPUR,2013,1,4,52,136,0,0,24,0,0,0,0,7,224,CHILDREN,03_District_wise_crimes_committed_against_children_2013.csv,610,03_District_wise_crimes_committed_against_children_2013.csv::610,False,UNIQUE,UDAIPUR,DISTRICT_OR_REPORTING_UNIT,VALID
Sikkim,EAST,2013,0,0,16,8,0,0,0,0,0,0,0,0,24,CHILDREN,03_District_wise_crimes_committed_against_children_2013.csv,612,03_District_wise_crimes_committed_against_children_2013.csv::612,False,UNIQUE,EAST,DISTRICT_OR_REPORTING_UNIT,VALID
Sikkim,NORTH,2013,0,0,0,0,0,0,0,0,0,0,0,0,0,CHILDREN,03_District_wise_crimes_committed_against_children_2013.csv,613,03_District_wise_crimes_committed_against_children_2013.csv::613,False,UNIQUE,NORTH,DISTRICT_OR_REPORTING_UNIT,VALID
Sikkim,SOUTH,2013,0,0,5,5,0,0,0,0,0,0,0,0,10,CHILDREN,03_District_wise_crimes_committed_against_children_2013.csv,614,03_District_wise_crimes_committed_against_children_2013.csv::614,False,UNIQUE,SOUTH,DISTRICT_OR_REPORTING_UNIT,VALID
Sikkim,WEST,2013,0,0,4,1,0,0,0,0,0,0,0,0,5,CHILDREN,03_District_wise_crimes_committed_against_children_2013.csv,615,03_District_wise_crimes_committed_against_children_2013.csv::615,False,UNIQUE,WEST,DISTRICT_OR_REPORTING_UNIT,VALID
Tamil Nadu,ARIYALUR,2013,0,3,2,3,0,0,0,0,0,0,1,4,13,CHILDREN,03_District_wise_crimes_committed_against_children_2013.csv,617,03_District_wise_crimes_committed_against_children_2013.csv::617,False,UNIQUE,ARIYALUR,DISTRICT_OR_REPORTING_UNIT,VALID
Tamil Nadu,CHENNAI,2013,0,12,48,52,0,0,0,0,0,0,0,0,112,CHILDREN,03_District_wise_crimes_committed_against_children_2013.csv,618,03_District_wise_crimes_committed_against_children_2013.csv::618,False,UNIQUE,CHENNAI,DISTRICT_OR_REPORTING_UNIT,VALID
Tamil Nadu,CHENNAI RLY.,2013,0,0,0,0,0,0,0,0,0,0,0,0,0,CHILDREN,03_District_wise_crimes_committed_against_children_2013.csv,619,03_District_wise_crimes_committed_against_children_2013.csv::619,False,UNIQUE,CHENNAI RLY.,DISTRICT_OR_REPORTING_UNIT,VALID
Tamil Nadu,CUDDALORE,2013,0,0,11,0,0,0,0,0,0,0,0,0,11,CHILDREN,03_District_wise_crimes_committed_against_children_2013.csv,622,03_District_wise_crimes_committed_against_children_2013.csv::622,False,UNIQUE,CUDDALORE,DISTRICT_OR_REPORTING_UNIT,VALID
Tamil Nadu,DHARMAPURI,2013,1,4,14,89,0,0,0,0,0,0,11,11,130,CHILDREN,03_District_wise_crimes_committed_against_children_2013.csv,623,03_District_wise_crimes_committed_against_children_2013.csv::623,False,UNIQUE,DHARMAPURI,DISTRICT_OR_REPORTING_UNIT,VALID
Tamil Nadu,DINDIGUL,2013,0,4,1,1,0,0,0,0,0,0,0,4,10,CHILDREN,03_District_wise_crimes_committed_against_children_2013.csv,624,03_District_wise_crimes_committed_against_children_2013.csv::624,False,UNIQUE,DINDIGUL,DISTRICT_OR_REPORTING_UNIT,VALID
Tamil Nadu,ERODE,2013,0,1,9,5,0,0,0,0,0,0,0,0,15,CHILDREN,03_District_wise_crimes_committed_against_children_2013.csv,625,03_District_wise_crimes_committed_against_children_2013.csv::625,False,UNIQUE,ERODE,DISTRICT_OR_REPORTING_UNIT,VALID
Tamil Nadu,KANCHIPURAM,2013,0,1,0,0,0,0,0,0,0,0,0,0,1,CHILDREN,03_District_wise_crimes_committed_against_children_2013.csv,626,03_District_wise_crimes_committed_against_children_2013.csv::626,False,UNIQUE,KANCHIPURAM,DISTRICT_OR_REPORTING_UNIT,VALID
Tamil Nadu,KANYAKUMARI,2013,0,3,5,17,0,0,0,0,0,0,2,8,35,CHILDREN,03_District_wise_crimes_committed_against_children_2013.csv,627,03_District_wise_crimes_committed_against_children_2013.csv::627,False,UNIQUE,KANYAKUMARI,DISTRICT_OR_REPORTING_UNIT,VALID
Tamil Nadu,KARUR,2013,0,4,3,0,0,0,0,0,0,0,0,0,7,CHILDREN,03_District_wise_crimes_committed_against_children_2013.csv,628,03_District_wise_crimes_committed_against_children_2013.csv::628,False,UNIQUE,KARUR,DISTRICT_OR_REPORTING_UNIT,VALID
Tamil Nadu,KRISHNAGIRI,2013,1,5,4,43,0,0,0,0,0,0,2,0,55,CHILDREN,03_District_wise_crimes_committed_against_children_2013.csv,629,03_District_wise_crimes_committed_against_children_2013.csv::629,False,UNIQUE,KRISHNAGIRI,DISTRICT_OR_REPORTING_UNIT,VALID
Tamil Nadu,NAGAPATTINAM,2013,0,0,5,0,0,0,0,0,0,0,0,0,5,CHILDREN,03_District_wise_crimes_committed_against_children_2013.csv,632,03_District_wise_crimes_committed_against_children_2013.csv::632,False,UNIQUE,NAGAPATTINAM,DISTRICT_OR_REPORTING_UNIT,VALID
Tamil Nadu,NAMAKKAL,2013,0,2,16,22,0,0,0,0,0,0,10,0,50,CHILDREN,03_District_wise_crimes_committed_against_children_2013.csv,633,03_District_wise_crimes_committed_against_children_2013.csv::633,False,UNIQUE,NAMAKKAL,DISTRICT_OR_REPORTING_UNIT,VALID
Tamil Nadu,NILGIRIS,2013,0,1,13,7,0,1,0,0,0,0,0,0,22,CHILDREN,03_District_wise_crimes_committed_against_children_2013.csv,634,03_District_wise_crimes_committed_against_children_2013.csv::634,False,UNIQUE,NILGIRIS,DISTRICT_OR_REPORTING_UNIT,VALID
Tamil Nadu,PERAMBALUR,2013,0,1,4,0,0,0,0,0,0,0,1,0,6,CHILDREN,03_District_wise_crimes_committed_against_children_2013.csv,635,03_District_wise_crimes_committed_against_children_2013.csv::635,False,UNIQUE,PERAMBALUR,DISTRICT_OR_REPORTING_UNIT,VALID
Tamil Nadu,PUDUKOTTAI,2013,0,1,1,1,0,0,0,0,0,0,1,1,5,CHILDREN,03_District_wise_crimes_committed_against_children_2013.csv,636,03_District_wise_crimes_committed_against_children_2013.csv::636,False,UNIQUE,PUDUKOTTAI,DISTRICT_OR_REPORTING_UNIT,VALID
Tamil Nadu,RAMNATHAPURAM,2013,0,1,0,0,0,0,0,0,0,0,1,12,14,CHILDREN,03_District_wise_crimes_committed_against_children_2013.csv,637,03_District_wise_crimes_committed_against_children_2013.csv::637,False,UNIQUE,RAMNATHAPURAM,DISTRICT_OR_REPORTING_UNIT,VALID
Tamil Nadu,SIVAGANGAI,2013,0,3,6,11,0,0,0,0,0,0,0,0,20,CHILDREN,03_District_wise_crimes_committed_against_children_2013.csv,640,03_District_wise_crimes_committed_against_children_2013.csv::640,False,UNIQUE,SIVAGANGAI,DISTRICT_OR_REPORTING_UNIT,VALID
Tamil Nadu,THANJAVUR,2013,0,2,22,1,0,0,0,0,0,0,0,9,34,CHILDREN,03_District_wise_crimes_committed_against_children_2013.csv,641,03_District_wise_crimes_committed_against_children_2013.csv::641,False,UNIQUE,THANJAVUR,DISTRICT_OR_REPORTING_UNIT,VALID
Tamil Nadu,THENI,2013,0,3,14,16,0,0,0,0,0,0,3,0,36,CHILDREN,03_District_wise_crimes_committed_against_children_2013.csv,642,03_District_wise_crimes_committed_against_children_2013.csv::642,False,UNIQUE,THENI,DISTRICT_OR_REPORTING_UNIT,VALID
Tamil Nadu,THIRUVALLUR,2013,0,1,8,11,0,0,0,0,0,0,0,0,20,CHILDREN,03_District_wise_crimes_committed_against_children_2013.csv,645,03_District_wise_crimes_committed_against_children_2013.csv::645,False,UNIQUE,THIRUVALLUR,DISTRICT_OR_REPORTING_UNIT,VALID
Tamil Nadu,THIRUVANNAMALAI,2013,0,4,14,6,0,0,0,0,0,0,2,0,26,CHILDREN,03_District_wise_crimes_committed_against_children_2013.csv,646,03_District_wise_crimes_committed_against_children_2013.csv::646,False,UNIQUE,THIRUVANNAMALAI,DISTRICT_OR_REPORTING_UNIT,VALID
Tamil Nadu,THIRUVARUR,2013,0,0,1,0,0,0,0,0,0,0,1,1,3,CHILDREN,03_District_wise_crimes_committed_against_children_2013.csv,647,03_District_wise_crimes_committed_against_children_2013.csv::647,False,UNIQUE,THIRUVARUR,DISTRICT_OR_REPORTING_UNIT,VALID
Tamil Nadu,THOOTHUGUDI,2013,0,3,20,10,0,0,0,0,0,0,2,10,45,CHILDREN,03_District_wise_crimes_committed_against_children_2013.csv,648,03_District_wise_crimes_committed_against_children_2013.csv::648,False,UNIQUE,THOOTHUGUDI,DISTRICT_OR_REPORTING_UNIT,VALID
Tamil Nadu,TIRUPPUR,2013,0,6,11,0,0,0,0,0,0,0,0,0,17,CHILDREN,03_District_wise_crimes_committed_against_children_2013.csv,649,03_District_wise_crimes_committed_against_children_2013.csv::649,False,UNIQUE,TIRUPPUR,DISTRICT_OR_REPORTING_UNIT,VALID
Tamil Nadu,TRICHY RLY.,2013,0,0,0,0,0,0,0,0,0,0,0,1,1,CHILDREN,03_District_wise_crimes_committed_against_children_2013.csv,650,03_District_wise_crimes_committed_against_children_2013.csv::650,False,UNIQUE,TRICHY RLY.,DISTRICT_OR_REPORTING_UNIT,VALID
Tamil Nadu,VELLORE,2013,0,2,32,2,0,0,0,0,0,0,2,2,40,CHILDREN,03_District_wise_crimes_committed_against_children_2013.csv,653,03_District_wise_crimes_committed_against_children_2013.csv::653,False,UNIQUE,VELLORE,DISTRICT_OR_REPORTING_UNIT,VALID
Tamil Nadu,VILLUPURAM,2013,0,2,16,48,0,0,0,0,0,0,0,19,85,CHILDREN,03_District_wise_crimes_committed_against_children_2013.csv,654,03_District_wise_crimes_committed_against_children_2013.csv::654,False,UNIQUE,VILLUPURAM,DISTRICT_OR_REPORTING_UNIT,VALID
Tamil Nadu,VIRUDHUNAGAR,2013,2,0,9,4,0,1,1,0,0,0,0,3,20,CHILDREN,03_District_wise_crimes_committed_against_children_2013.csv,655,03_District_wise_crimes_committed_against_children_2013.csv::655,False,UNIQUE,VIRUDHUNAGAR,DISTRICT_OR_REPORTING_UNIT,VALID
Tripura,DHALAI,2013,0,0,6,10,0,0,0,0,0,0,0,8,24,CHILDREN,03_District_wise_crimes_committed_against_children_2013.csv,657,03_District_wise_crimes_committed_against_children_2013.csv::657,False,UNIQUE,DHALAI,DISTRICT_OR_REPORTING_UNIT,VALID
Tripura,GOMATI,2013,0,4,2,0,0,0,0,0,0,0,0,1,7,CHILDREN,03_District_wise_crimes_committed_against_children_2013.csv,658,03_District_wise_crimes_committed_against_children_2013.csv::658,False,UNIQUE,GOMATI,DISTRICT_OR_REPORTING_UNIT,VALID
Tripura,GRP,2013,0,0,0,0,0,0,0,0,0,0,0,0,0,CHILDREN,03_District_wise_crimes_committed_against_children_2013.csv,659,03_District_wise_crimes_committed_against_children_2013.csv::659,False,UNIQUE,GRP,DISTRICT_OR_REPORTING_UNIT,VALID
Tripura,KHOWAI,2013,0,1,9,1,0,0,0,0,0,0,0,11,22,CHILDREN,03_District_wise_crimes_committed_against_children_2013.csv,660,03_District_wise_crimes_committed_against_children_2013.csv::660,False,UNIQUE,KHOWAI,DISTRICT_OR_REPORTING_UNIT,VALID
Tripura,NORTH,2013,0,0,1,0,0,0,0,0,0,0,0,1,2,CHILDREN,03_District_wise_crimes_committed_against_children_2013.csv,661,03_District_wise_crimes_committed_against_children_2013.csv::661,False,UNIQUE,NORTH,DISTRICT_OR_REPORTING_UNIT,VALID
Tripura,SIPAHIJALA,2013,0,2,14,9,0,0,0,0,0,0,0,0,25,CHILDREN,03_District_wise_crimes_committed_against_children_2013.csv,662,03_District_wise_crimes_committed_against_children_2013.csv::662,False,UNIQUE,SIPAHIJALA,DISTRICT_OR_REPORTING_UNIT,VALID
Tripura,SOUTH,2013,0,1,1,0,0,0,0,0,0,0,0,0,2,CHILDREN,03_District_wise_crimes_committed_against_children_2013.csv,663,03_District_wise_crimes_committed_against_children_2013.csv::663,False,UNIQUE,SOUTH,DISTRICT_OR_REPORTING_UNIT,VALID
Tripura,UNAKOTI,2013,0,1,1,1,0,0,0,0,0,0,1,5,9,CHILDREN,03_District_wise_crimes_committed_against_children_2013.csv,664,03_District_wise_crimes_committed_against_children_2013.csv::664,False,UNIQUE,UNAKOTI,DISTRICT_OR_REPORTING_UNIT,VALID
Tripura,WEST,2013,0,0,9,0,0,0,0,0,0,0,0,0,9,CHILDREN,03_District_wise_crimes_committed_against_children_2013.csv,665,03_District_wise_crimes_committed_against_children_2013.csv::665,False,UNIQUE,WEST,DISTRICT_OR_REPORTING_UNIT,VALID
Uttar Pradesh,AGRA,2013,1,18,30,126,0,3,0,0,0,0,0,9,187,CHILDREN,03_District_wise_crimes_committed_against_children_2013.csv,667,03_District_wise_crimes_committed_against_children_2013.csv::667,False,UNIQUE,AGRA,DISTRICT_OR_REPORTING_UNIT,VALID
Uttar Pradesh,ALIGARH,2013,1,22,52,212,0,0,0,0,0,0,0,10,297,CHILDREN,03_District_wise_crimes_committed_against_children_2013.csv,668,03_District_wise_crimes_committed_against_children_2013.csv::668,False,UNIQUE,ALIGARH,DISTRICT_OR_REPORTING_UNIT,VALID
Uttar Pradesh,ALLAHABAD,2013,0,13,30,130,0,0,0,0,0,0,0,0,173,CHILDREN,03_District_wise_crimes_committed_against_children_2013.csv,669,03_District_wise_crimes_committed_against_children_2013.csv::669,False,UNIQUE,ALLAHABAD,DISTRICT_OR_REPORTING_UNIT,VALID
Uttar Pradesh,AMBEDKAR NAGAR,2013,0,3,1,14,0,0,0,0,0,0,0,34,52,CHILDREN,03_District_wise_crimes_committed_against_children_2013.csv,670,03_District_wise_crimes_committed_against_children_2013.csv::670,False,UNIQUE,AMBEDKAR NAGAR,DISTRICT_OR_REPORTING_UNIT,VALID
Uttar Pradesh,AMETHI,2013,0,2,18,44,0,0,0,0,0,0,0,15,79,CHILDREN,03_District_wise_crimes_committed_against_children_2013.csv,671,03_District_wise_crimes_committed_against_children_2013.csv::671,False,UNIQUE,AMETHI,DISTRICT_OR_REPORTING_UNIT,VALID
Uttar Pradesh,AMROHA,2013,0,11,9,39,0,0,0,0,0,0,0,0,59,CHILDREN,03_District_wise_crimes_committed_against_children_2013.csv,672,03_District_wise_crimes_committed_against_children_2013.csv::672,False,UNIQUE,AMROHA,DISTRICT_OR_REPORTING_UNIT,VALID
Uttar Pradesh,AURAIYA,2013,0,3,8,65,0,0,0,0,0,0,0,17,93,CHILDREN,03_District_wise_crimes_committed_against_children_2013.csv,673,03_District_wise_crimes_committed_against_children_2013.csv::673,False,UNIQUE,AURAIYA,DISTRICT_OR_REPORTING_UNIT,VALID
Uttar Pradesh,AZAMGARH,2013,0,3,34,60,1,0,0,0,0,0,0,12,110,CHILDREN,03_District_wise_crimes_committed_against_children_2013.csv,674,03_District_wise_crimes_committed_against_children_2013.csv::674,False,UNIQUE,AZAMGARH,DISTRICT_OR_REPORTING_UNIT,VALID
Uttar Pradesh,BADAUN,2013,0,13,27,121,0,0,0,0,0,0,0,10,171,CHILDREN,03_District_wise_crimes_committed_against_children_2013.csv,675,03_District_wise_crimes_committed_against_children_2013.csv::675,False,UNIQUE,BADAUN,DISTRICT_OR_REPORTING_UNIT,VALID
Uttar Pradesh,BAGHPAT,2013,0,5,10,36,0,0,0,0,0,0,0,7,58,CHILDREN,03_District_wise_crimes_committed_against_children_2013.csv,676,03_District_wise_crimes_committed_against_children_2013.csv::676,False,UNIQUE,BAGHPAT,DISTRICT_OR_REPORTING_UNIT,VALID
Uttar Pradesh,BAHRAICH,2013,0,3,20,98,0,0,0,0,0,0,0,23,144,CHILDREN,03_District_wise_crimes_committed_against_children_2013.csv,677,03_District_wise_crimes_committed_against_children_2013.csv::677,False,UNIQUE,BAHRAICH,DISTRICT_OR_REPORTING_UNIT,VALID
Uttar Pradesh,BALLIA,2013,0,2,13,56,0,0,0,0,0,0,0,26,97,CHILDREN,03_District_wise_crimes_committed_against_children_2013.csv,678,03_District_wise_crimes_committed_against_children_2013.csv::678,False,UNIQUE,BALLIA,DISTRICT_OR_REPORTING_UNIT,VALID
Uttar Pradesh,BALRAMPUR,2013,0,2,11,44,0,0,0,0,0,0,0,6,63,CHILDREN,03_District_wise_crimes_committed_against_children_2013.csv,679,03_District_wise_crimes_committed_against_children_2013.csv::679,False,UNIQUE,BALRAMPUR,DISTRICT_OR_REPORTING_UNIT,VALID
Uttar Pradesh,BANDA,2013,0,6,19,37,0,0,0,0,0,0,0,103,165,CHILDREN,03_District_wise_crimes_committed_against_children_2013.csv,680,03_District_wise_crimes_committed_against_children_2013.csv::680,False,UNIQUE,BANDA,DISTRICT_OR_REPORTING_UNIT,VALID
Uttar Pradesh,BARABANKI,2013,1,14,23,55,0,0,0,0,0,0,0,37,130,CHILDREN,03_District_wise_crimes_committed_against_children_2013.csv,681,03_District_wise_crimes_committed_against_children_2013.csv::681,False,UNIQUE,BARABANKI,DISTRICT_OR_REPORTING_UNIT,VALID
Uttar Pradesh,BAREILLY,2013,1,5,41,190,0,0,0,0,0,0,0,67,304,CHILDREN,03_District_wise_crimes_committed_against_children_2013.csv,682,03_District_wise_crimes_committed_against_children_2013.csv::682,False,UNIQUE,BAREILLY,DISTRICT_OR_REPORTING_UNIT,VALID
Uttar Pradesh,BASTI,2013,0,0,12,73,0,0,0,0,0,0,0,20,105,CHILDREN,03_District_wise_crimes_committed_against_children_2013.csv,683,03_District_wise_crimes_committed_against_children_2013.csv::683,False,UNIQUE,BASTI,DISTRICT_OR_REPORTING_UNIT,VALID
Uttar Pradesh,BIJNOR,2013,0,28,34,67,0,0,0,0,0,0,0,78,207,CHILDREN,03_District_wise_crimes_committed_against_children_2013.csv,684,03_District_wise_crimes_committed_against_children_2013.csv::684,False,UNIQUE,BIJNOR,DISTRICT_OR_REPORTING_UNIT,VALID
Uttar Pradesh,BULANDSHAHAR,2013,0,18,27,112,1,0,0,0,0,0,1,38,197,CHILDREN,03_District_wise_crimes_committed_against_children_2013.csv,685,03_District_wise_crimes_committed_against_children_2013.csv::685,False,UNIQUE,BULANDSHAHAR,DISTRICT_OR_REPORTING_UNIT,VALID
Uttar Pradesh,CHANDOLI,2013,0,1,11,35,0,0,0,0,0,0,1,23,71,CHILDREN,03_District_wise_crimes_committed_against_children_2013.csv,686,03_District_wise_crimes_committed_against_children_2013.csv::686,False,UNIQUE,CHANDOLI,DISTRICT_OR_REPORTING_UNIT,VALID
Uttar Pradesh,CHITRAKOOT DHAM,2013,0,0,17,21,0,0,0,0,0,0,0,1,39,CHILDREN,03_District_wise_crimes_committed_against_children_2013.csv,687,03_District_wise_crimes_committed_against_children_2013.csv::687,False,UNIQUE,CHITRAKOOT DHAM,DISTRICT_OR_REPORTING_UNIT,VALID
Uttar Pradesh,DEORIA,2013,0,8,30,161,0,1,0,0,0,0,0,23,223,CHILDREN,03_District_wise_crimes_committed_against_children_2013.csv,688,03_District_wise_crimes_committed_against_children_2013.csv::688,False,UNIQUE,DEORIA,DISTRICT_OR_REPORTING_UNIT,VALID
Uttar Pradesh,ETAH,2013,1,7,23,13,0,8,0,0,0,0,1,41,94,CHILDREN,03_District_wise_crimes_committed_against_children_2013.csv,689,03_District_wise_crimes_committed_against_children_2013.csv::689,False,UNIQUE,ETAH,DISTRICT_OR_REPORTING_UNIT,VALID
Uttar Pradesh,ETAWAH,2013,1,6,18,55,0,0,0,0,0,0,0,1,81,CHILDREN,03_District_wise_crimes_committed_against_children_2013.csv,690,03_District_wise_crimes_committed_against_children_2013.csv::690,False,UNIQUE,ETAWAH,DISTRICT_OR_REPORTING_UNIT,VALID
Uttar Pradesh,FAIZABAD,2013,0,11,22,94,0,0,0,0,0,0,0,0,127,CHILDREN,03_District_wise_crimes_committed_against_children_2013.csv,691,03_District_wise_crimes_committed_against_children_2013.csv::691,False,UNIQUE,FAIZABAD,DISTRICT_OR_REPORTING_UNIT,VALID
Uttar Pradesh,FATEHGARH,2013,0,7,7,10,0,0,0,0,0,0,0,11,35,CHILDREN,03_District_wise_crimes_committed_against_children_2013.csv,692,03_District_wise_crimes_committed_against_children_2013.csv::692,False,UNIQUE,FATEHGARH,DISTRICT_OR_REPORTING_UNIT,VALID
Uttar Pradesh,FATEHPUR,2013,0,3,27,75,0,0,0,0,0,0,0,36,141,CHILDREN,03_District_wise_crimes_committed_against_children_2013.csv,693,03_District_wise_crimes_committed_against_children_2013.csv::693,False,UNIQUE,FATEHPUR,DISTRICT_OR_REPORTING_UNIT,VALID
Uttar Pradesh,FIROZABAD,2013,0,4,39,169,0,0,0,0,0,0,0,0,212,CHILDREN,03_District_wise_crimes_committed_against_children_2013.csv,694,03_District_wise_crimes_committed_against_children_2013.csv::694,False,UNIQUE,FIROZABAD,DISTRICT_OR_REPORTING_UNIT,VALID
Uttar Pradesh,G.R.P.,2013,0,1,3,33,0,0,1,0,0,0,0,3,41,CHILDREN,03_District_wise_crimes_committed_against_children_2013.csv,695,03_District_wise_crimes_committed_against_children_2013.csv::695,False,UNIQUE,G.R.P.,DISTRICT_OR_REPORTING_UNIT,VALID
Uttar Pradesh,GAUTAMBUDH NAGAR,2013,0,12,8,133,1,0,0,0,0,0,0,21,175,CHILDREN,03_District_wise_crimes_committed_against_children_2013.csv,696,03_District_wise_crimes_committed_against_children_2013.csv::696,False,UNIQUE,GAUTAMBUDH NAGAR,DISTRICT_OR_REPORTING_UNIT,VALID
Uttar Pradesh,GHAZIABAD,2013,1,3,14,180,4,4,0,0,0,0,0,34,240,CHILDREN,03_District_wise_crimes_committed_against_children_2013.csv,697,03_District_wise_crimes_committed_against_children_2013.csv::697,False,UNIQUE,GHAZIABAD,DISTRICT_OR_REPORTING_UNIT,VALID
Uttar Pradesh,GHAZIPUR,2013,0,1,13,91,2,3,0,0,0,0,0,17,127,CHILDREN,03_District_wise_crimes_committed_against_children_2013.csv,698,03_District_wise_crimes_committed_against_children_2013.csv::698,False,UNIQUE,GHAZIPUR,DISTRICT_OR_REPORTING_UNIT,VALID
Uttar Pradesh,GONDA,2013,0,1,14,93,0,0,0,0,0,0,0,32,140,CHILDREN,03_District_wise_crimes_committed_against_children_2013.csv,699,03_District_wise_crimes_committed_against_children_2013.csv::699,False,UNIQUE,GONDA,DISTRICT_OR_REPORTING_UNIT,VALID
Uttar Pradesh,GORAKHPUR,2013,0,8,21,170,0,2,0,0,0,0,0,36,237,CHILDREN,03_District_wise_crimes_committed_against_children_2013.csv,700,03_District_wise_crimes_committed_against_children_2013.csv::700,False,UNIQUE,GORAKHPUR,DISTRICT_OR_REPORTING_UNIT,VALID
Uttar Pradesh,HAMIRPUR,2013,0,0,15,15,0,0,0,0,0,0,0,25,55,CHILDREN,03_District_wise_crimes_committed_against_children_2013.csv,701,03_District_wise_crimes_committed_against_children_2013.csv::701,False,UNIQUE,HAMIRPUR,DISTRICT_OR_REPORTING_UNIT,VALID
Uttar Pradesh,HAPUR,2013,0,2,15,38,0,0,0,0,0,0,0,5,60,CHILDREN,03_District_wise_crimes_committed_against_children_2013.csv,702,03_District_wise_crimes_committed_against_children_2013.csv::702,False,UNIQUE,HAPUR,DISTRICT_OR_REPORTING_UNIT,VALID
Uttar Pradesh,HARDOI,2013,0,1,19,130,1,7,0,0,0,0,0,17,175,CHILDREN,03_District_wise_crimes_committed_against_children_2013.csv,703,03_District_wise_crimes_committed_against_children_2013.csv::703,False,UNIQUE,HARDOI,DISTRICT_OR_REPORTING_UNIT,VALID
Uttar Pradesh,HATHRAS,2013,0,9,21,71,0,0,0,0,0,0,0,26,127,CHILDREN,03_District_wise_crimes_committed_against_children_2013.csv,704,03_District_wise_crimes_committed_against_children_2013.csv::704,False,UNIQUE,HATHRAS,DISTRICT_OR_REPORTING_UNIT,VALID
Uttar Pradesh,JALAUN,2013,0,6,6,33,0,0,0,0,0,0,0,20,65,CHILDREN,03_District_wise_crimes_committed_against_children_2013.csv,705,03_District_wise_crimes_committed_against_children_2013.csv::705,False,UNIQUE,JALAUN,DISTRICT_OR_REPORTING_UNIT,VALID
Uttar Pradesh,JAUNPUR,2013,0,0,53,131,0,0,0,0,0,0,0,39,223,CHILDREN,03_District_wise_crimes_committed_against_children_2013.csv,706,03_District_wise_crimes_committed_against_children_2013.csv::706,False,UNIQUE,JAUNPUR,DISTRICT_OR_REPORTING_UNIT,VALID
Uttar Pradesh,JHANSI,2013,0,5,9,41,0,0,0,0,0,0,0,33,88,CHILDREN,03_District_wise_crimes_committed_against_children_2013.csv,707,03_District_wise_crimes_committed_against_children_2013.csv::707,False,UNIQUE,JHANSI,DISTRICT_OR_REPORTING_UNIT,VALID
Uttar Pradesh,KANNAUJ,2013,0,7,12,83,0,0,0,0,0,0,0,21,123,CHILDREN,03_District_wise_crimes_committed_against_children_2013.csv,708,03_District_wise_crimes_committed_against_children_2013.csv::708,False,UNIQUE,KANNAUJ,DISTRICT_OR_REPORTING_UNIT,VALID
Uttar Pradesh,KANPUR DEHAT,2013,0,11,22,74,0,0,0,0,0,0,1,1,109,CHILDREN,03_District_wise_crimes_committed_against_children_2013.csv,709,03_District_wise_crimes_committed_against_children_2013.csv::709,False,UNIQUE,KANPUR DEHAT,DISTRICT_OR_REPORTING_UNIT,VALID
Uttar Pradesh,KANPUR NAGAR,2013,0,10,19,152,0,0,0,0,0,0,0,32,213,CHILDREN,03_District_wise_crimes_committed_against_children_2013.csv,710,03_District_wise_crimes_committed_against_children_2013.csv::710,False,UNIQUE,KANPUR NAGAR,DISTRICT_OR_REPORTING_UNIT,VALID
Uttar Pradesh,KASGANJ,2013,0,3,9,70,0,0,0,0,0,0,0,10,92,CHILDREN,03_District_wise_crimes_committed_against_children_2013.csv,711,03_District_wise_crimes_committed_against_children_2013.csv::711,False,UNIQUE,KASGANJ,DISTRICT_OR_REPORTING_UNIT,VALID
Uttar Pradesh,KAUSHAMBI,2013,0,1,7,37,0,0,0,0,0,0,0,0,45,CHILDREN,03_District_wise_crimes_committed_against_children_2013.csv,712,03_District_wise_crimes_committed_against_children_2013.csv::712,False,UNIQUE,KAUSHAMBI,DISTRICT_OR_REPORTING_UNIT,VALID
Uttar Pradesh,KHIRI,2013,0,7,23,127,0,0,0,0,0,0,0,75,232,CHILDREN,03_District_wise_crimes_committed_against_children_2013.csv,713,03_District_wise_crimes_committed_against_children_2013.csv::713,False,UNIQUE,KHIRI,DISTRICT_OR_REPORTING_UNIT,VALID
Uttar Pradesh,KUSHI NAGAR,2013,0,6,22,117,1,0,0,0,0,0,0,77,223,CHILDREN,03_District_wise_crimes_committed_against_children_2013.csv,714,03_District_wise_crimes_committed_against_children_2013.csv::714,False,UNIQUE,KUSHI NAGAR,DISTRICT_OR_REPORTING_UNIT,VALID
Uttar Pradesh,LALITPUR,2013,0,6,6,20,0,0,0,0,0,0,0,15,47,CHILDREN,03_District_wise_crimes_committed_against_children_2013.csv,715,03_District_wise_crimes_committed_against_children_2013.csv::715,False,UNIQUE,LALITPUR,DISTRICT_OR_REPORTING_UNIT,VALID
Uttar Pradesh,LUCKNOW,2013,1,4,32,54,3,2,0,0,0,0,0,118,214,CHILDREN,03_District_wise_crimes_committed_against_children_2013.csv,716,03_District_wise_crimes_committed_against_children_2013.csv::716,False,UNIQUE,LUCKNOW,DISTRICT_OR_REPORTING_UNIT,VALID
Uttar Pradesh,MAHARAJGANJ,2013,0,4,6,60,0,0,0,0,0,0,0,30,100,CHILDREN,03_District_wise_crimes_committed_against_children_2013.csv,717,03_District_wise_crimes_committed_against_children_2013.csv::717,False,UNIQUE,MAHARAJGANJ,DISTRICT_OR_REPORTING_UNIT,VALID
Uttar Pradesh,MAHOBA,2013,0,1,9,7,0,0,0,0,0,0,0,0,17,CHILDREN,03_District_wise_crimes_committed_against_children_2013.csv,718,03_District_wise_crimes_committed_against_children_2013.csv::718,False,UNIQUE,MAHOBA,DISTRICT_OR_REPORTING_UNIT,VALID
Uttar Pradesh,MAINPURI,2013,0,5,13,88,0,0,0,0,0,0,0,15,121,CHILDREN,03_District_wise_crimes_committed_against_children_2013.csv,719,03_District_wise_crimes_committed_against_children_2013.csv::719,False,UNIQUE,MAINPURI,DISTRICT_OR_REPORTING_UNIT,VALID
Uttar Pradesh,MATHURA,2013,0,11,13,44,0,0,0,0,0,0,1,6,75,CHILDREN,03_District_wise_crimes_committed_against_children_2013.csv,720,03_District_wise_crimes_committed_against_children_2013.csv::720,False,UNIQUE,MATHURA,DISTRICT_OR_REPORTING_UNIT,VALID
Uttar Pradesh,MAU,2013,0,1,14,80,0,0,0,0,0,0,0,7,102,CHILDREN,03_District_wise_crimes_committed_against_children_2013.csv,721,03_District_wise_crimes_committed_against_children_2013.csv::721,False,UNIQUE,MAU,DISTRICT_OR_REPORTING_UNIT,VALID
Uttar Pradesh,MEERUT,2013,0,28,27,115,0,0,1,0,0,0,0,63,234,CHILDREN,03_District_wise_crimes_committed_against_children_2013.csv,722,03_District_wise_crimes_committed_against_children_2013.csv::722,False,UNIQUE,MEERUT,DISTRICT_OR_REPORTING_UNIT,VALID
Uttar Pradesh,MIRZAPUR,2013,0,2,4,6,0,0,0,0,0,0,0,2,14,CHILDREN,03_District_wise_crimes_committed_against_children_2013.csv,723,03_District_wise_crimes_committed_against_children_2013.csv::723,False,UNIQUE,MIRZAPUR,DISTRICT_OR_REPORTING_UNIT,VALID
Uttar Pradesh,MORADABAD,2013,0,14,30,108,1,2,1,0,0,0,0,50,206,CHILDREN,03_District_wise_crimes_committed_against_children_2013.csv,724,03_District_wise_crimes_committed_against_children_2013.csv::724,False,UNIQUE,MORADABAD,DISTRICT_OR_REPORTING_UNIT,VALID
Uttar Pradesh,MUZAFFARNAGAR,2013,0,16,20,200,0,0,0,0,0,0,0,10,246,CHILDREN,03_District_wise_crimes_committed_against_children_2013.csv,725,03_District_wise_crimes_committed_against_children_2013.csv::725,False,UNIQUE,MUZAFFARNAGAR,DISTRICT_OR_REPORTING_UNIT,VALID
Uttar Pradesh,PILIBHIT,2013,0,2,14,10,0,0,0,0,0,0,0,15,41,CHILDREN,03_District_wise_crimes_committed_against_children_2013.csv,726,03_District_wise_crimes_committed_against_children_2013.csv::726,False,UNIQUE,PILIBHIT,DISTRICT_OR_REPORTING_UNIT,VALID
Uttar Pradesh,PRATAPGARH,2013,0,7,15,89,0,0,0,0,0,0,0,13,124,CHILDREN,03_District_wise_crimes_committed_against_children_2013.csv,727,03_District_wise_crimes_committed_against_children_2013.csv::727,False,UNIQUE,PRATAPGARH,DISTRICT_OR_REPORTING_UNIT,VALID
Uttar Pradesh,RAIBAREILLY,2013,0,1,22,60,0,0,0,0,0,0,0,18,101,CHILDREN,03_District_wise_crimes_committed_against_children_2013.csv,728,03_District_wise_crimes_committed_against_children_2013.csv::728,False,UNIQUE,RAIBAREILLY,DISTRICT_OR_REPORTING_UNIT,VALID
Uttar Pradesh,RAMPUR,2013,0,6,9,9,0,2,0,0,0,0,0,7,33,CHILDREN,03_District_wise_crimes_committed_against_children_2013.csv,729,03_District_wise_crimes_committed_against_children_2013.csv::729,False,UNIQUE,RAMPUR,DISTRICT_OR_REPORTING_UNIT,VALID
Uttar Pradesh,SAHARANPUR,2013,0,13,18,38,1,0,0,0,0,0,0,49,119,CHILDREN,03_District_wise_crimes_committed_against_children_2013.csv,730,03_District_wise_crimes_committed_against_children_2013.csv::730,False,UNIQUE,SAHARANPUR,DISTRICT_OR_REPORTING_UNIT,VALID
Uttar Pradesh,SAMBHAL,2013,0,9,9,116,0,0,0,0,0,0,0,22,156,CHILDREN,03_District_wise_crimes_committed_against_children_2013.csv,731,03_District_wise_crimes_committed_against_children_2013.csv::731,False,UNIQUE,SAMBHAL,DISTRICT_OR_REPORTING_UNIT,VALID
Uttar Pradesh,SANT KABIRNAGAR,2013,0,0,15,59,0,0,0,0,0,0,0,22,96,CHILDREN,03_District_wise_crimes_committed_against_children_2013.csv,732,03_District_wise_crimes_committed_against_children_2013.csv::732,False,UNIQUE,SANT KABIRNAGAR,DISTRICT_OR_REPORTING_UNIT,VALID
Uttar Pradesh,SHAHJAHANPUR,2013,0,10,11,35,0,0,0,0,0,0,0,31,87,CHILDREN,03_District_wise_crimes_committed_against_children_2013.csv,733,03_District_wise_crimes_committed_against_children_2013.csv::733,False,UNIQUE,SHAHJAHANPUR,DISTRICT_OR_REPORTING_UNIT,VALID
Uttar Pradesh,SHAMLI,2013,0,4,12,51,0,0,0,0,0,0,0,4,71,CHILDREN,03_District_wise_crimes_committed_against_children_2013.csv,734,03_District_wise_crimes_committed_against_children_2013.csv::734,False,UNIQUE,SHAMLI,DISTRICT_OR_REPORTING_UNIT,VALID
Uttar Pradesh,SHRAWASTI,2013,0,1,6,28,0,0,0,0,0,0,0,5,40,CHILDREN,03_District_wise_crimes_committed_against_children_2013.csv,735,03_District_wise_crimes_committed_against_children_2013.csv::735,False,UNIQUE,SHRAWASTI,DISTRICT_OR_REPORTING_UNIT,VALID
Uttar Pradesh,SIDHARTHNAGAR,2013,0,1,9,54,0,0,0,0,0,0,0,20,84,CHILDREN,03_District_wise_crimes_committed_against_children_2013.csv,736,03_District_wise_crimes_committed_against_children_2013.csv::736,False,UNIQUE,SIDHARTHNAGAR,DISTRICT_OR_REPORTING_UNIT,VALID
Uttar Pradesh,SITAPUR,2013,0,1,52,225,1,0,0,0,0,0,0,75,354,CHILDREN,03_District_wise_crimes_committed_against_children_2013.csv,737,03_District_wise_crimes_committed_against_children_2013.csv::737,False,UNIQUE,SITAPUR,DISTRICT_OR_REPORTING_UNIT,VALID
Uttar Pradesh,SONBHADRA,2013,0,7,15,12,0,0,0,0,0,0,0,3,37,CHILDREN,03_District_wise_crimes_committed_against_children_2013.csv,738,03_District_wise_crimes_committed_against_children_2013.csv::738,False,UNIQUE,SONBHADRA,DISTRICT_OR_REPORTING_UNIT,VALID
Uttar Pradesh,ST.RAVIDASNAGAR,2013,0,2,3,15,0,0,0,0,0,0,0,4,24,CHILDREN,03_District_wise_crimes_committed_against_children_2013.csv,739,03_District_wise_crimes_committed_against_children_2013.csv::739,False,UNIQUE,ST.RAVIDASNAGAR,DISTRICT_OR_REPORTING_UNIT,VALID
Uttar Pradesh,SULTANPUR,2013,0,7,15,99,0,2,0,0,0,0,0,29,152,CHILDREN,03_District_wise_crimes_committed_against_children_2013.csv,740,03_District_wise_crimes_committed_against_children_2013.csv::740,False,UNIQUE,SULTANPUR,DISTRICT_OR_REPORTING_UNIT,VALID
Uttar Pradesh,UNNAO,2013,2,6,18,155,0,0,0,0,0,0,0,85,266,CHILDREN,03_District_wise_crimes_committed_against_children_2013.csv,741,03_District_wise_crimes_committed_against_children_2013.csv::741,False,UNIQUE,UNNAO,DISTRICT_OR_REPORTING_UNIT,VALID
Uttar Pradesh,VARANASI,2013,0,1,26,134,0,0,0,0,0,0,0,31,192,CHILDREN,03_District_wise_crimes_committed_against_children_2013.csv,742,03_District_wise_crimes_committed_against_children_2013.csv::742,False,UNIQUE,VARANASI,DISTRICT_OR_REPORTING_UNIT,VALID
Uttarakhand,ALMORA,2013,0,0,3,0,0,0,0,0,0,0,0,1,4,CHILDREN,03_District_wise_crimes_committed_against_children_2013.csv,744,03_District_wise_crimes_committed_against_children_2013.csv::744,False,UNIQUE,ALMORA,DISTRICT_OR_REPORTING_UNIT,VALID
Uttarakhand,BAGESHWAR,2013,0,0,0,0,0,0,0,0,0,0,0,2,2,CHILDREN,03_District_wise_crimes_committed_against_children_2013.csv,745,03_District_wise_crimes_committed_against_children_2013.csv::745,False,UNIQUE,BAGESHWAR,DISTRICT_OR_REPORTING_UNIT,VALID
Uttarakhand,CHAMOLI,2013,0,0,3,9,0,0,0,1,0,0,0,0,13,CHILDREN,03_District_wise_crimes_committed_against_children_2013.csv,746,03_District_wise_crimes_committed_against_children_2013.csv::746,False,UNIQUE,CHAMOLI,DISTRICT_OR_REPORTING_UNIT,VALID
Uttarakhand,CHAMPAWAT,2013,0,0,0,0,0,0,0,0,0,0,0,0,0,CHILDREN,03_District_wise_crimes_committed_against_children_2013.csv,747,03_District_wise_crimes_committed_against_children_2013.csv::747,False,UNIQUE,CHAMPAWAT,DISTRICT_OR_REPORTING_UNIT,VALID
Uttarakhand,DEHRADUN,2013,0,2,10,115,0,0,0,0,0,0,0,4,131,CHILDREN,03_District_wise_crimes_committed_against_children_2013.csv,748,03_District_wise_crimes_committed_against_children_2013.csv::748,False,UNIQUE,DEHRADUN,DISTRICT_OR_REPORTING_UNIT,VALID
Uttarakhand,HARIDWAR,2013,0,0,0,0,0,0,0,0,0,0,0,0,0,CHILDREN,03_District_wise_crimes_committed_against_children_2013.csv,749,03_District_wise_crimes_committed_against_children_2013.csv::749,False,UNIQUE,HARIDWAR,DISTRICT_OR_REPORTING_UNIT,VALID
Uttarakhand,NAINITAL,2013,0,3,0,12,0,0,0,0,0,0,0,0,15,CHILDREN,03_District_wise_crimes_committed_against_children_2013.csv,750,03_District_wise_crimes_committed_against_children_2013.csv::750,False,UNIQUE,NAINITAL,DISTRICT_OR_REPORTING_UNIT,VALID
Uttarakhand,PAURI GARHWAL,2013,0,0,2,8,0,0,0,0,0,0,0,0,10,CHILDREN,03_District_wise_crimes_committed_against_children_2013.csv,751,03_District_wise_crimes_committed_against_children_2013.csv::751,False,UNIQUE,PAURI GARHWAL,DISTRICT_OR_REPORTING_UNIT,VALID
Uttarakhand,PITHORAGARH,2013,0,0,4,0,0,0,0,0,0,0,0,0,4,CHILDREN,03_District_wise_crimes_committed_against_children_2013.csv,752,03_District_wise_crimes_committed_against_children_2013.csv::752,False,UNIQUE,PITHORAGARH,DISTRICT_OR_REPORTING_UNIT,VALID
Uttarakhand,RUDRA PRAYAG,2013,0,0,1,0,0,0,0,0,0,0,0,0,1,CHILDREN,03_District_wise_crimes_committed_against_children_2013.csv,753,03_District_wise_crimes_committed_against_children_2013.csv::753,False,UNIQUE,RUDRA PRAYAG,DISTRICT_OR_REPORTING_UNIT,VALID
Uttarakhand,TEHRI GARHWAL,2013,0,0,0,0,0,0,0,0,0,0,0,0,0,CHILDREN,03_District_wise_crimes_committed_against_children_2013.csv,754,03_District_wise_crimes_committed_against_children_2013.csv::754,False,UNIQUE,TEHRI GARHWAL,DISTRICT_OR_REPORTING_UNIT,VALID
Uttarakhand,UDHAMSINGH NAGAR,2013,0,1,5,31,0,0,0,0,0,0,0,1,38,CHILDREN,03_District_wise_crimes_committed_against_children_2013.csv,755,03_District_wise_crimes_committed_against_children_2013.csv::755,False,UNIQUE,UDHAMSINGH NAGAR,DISTRICT_OR_REPORTING_UNIT,VALID
Uttarakhand,UTTARKASHI,2013,0,1,4,6,0,0,0,0,0,0,0,3,14,CHILDREN,03_District_wise_crimes_committed_against_children_2013.csv,756,03_District_wise_crimes_committed_against_children_2013.csv::756,False,UNIQUE,UTTARKASHI,DISTRICT_OR_REPORTING_UNIT,VALID
West Bengal,24 PARGANAS NORTH,2013,0,5,51,163,0,0,0,78,0,23,6,0,326,CHILDREN,03_District_wise_crimes_committed_against_children_2013.csv,758,03_District_wise_crimes_committed_against_children_2013.csv::758,False,UNIQUE,24 PARGANAS NORTH,DISTRICT_OR_REPORTING_UNIT,VALID
West Bengal,24 PARGANAS SOUTH,2013,0,3,14,367,1,0,1,50,0,10,1,10,457,CHILDREN,03_District_wise_crimes_committed_against_children_2013.csv,759,03_District_wise_crimes_committed_against_children_2013.csv::759,False,UNIQUE,24 PARGANAS SOUTH,DISTRICT_OR_REPORTING_UNIT,VALID
West Bengal,ASANSOL,2013,0,0,0,0,0,0,0,0,0,0,0,0,0,CHILDREN,03_District_wise_crimes_committed_against_children_2013.csv,760,03_District_wise_crimes_committed_against_children_2013.csv::760,False,UNIQUE,ASANSOL,DISTRICT_OR_REPORTING_UNIT,VALID
West Bengal,BANKURA,2013,0,0,8,1,0,0,0,0,0,0,1,0,10,CHILDREN,03_District_wise_crimes_committed_against_children_2013.csv,761,03_District_wise_crimes_committed_against_children_2013.csv::761,False,UNIQUE,BANKURA,DISTRICT_OR_REPORTING_UNIT,VALID
West Bengal,BDN CP,2013,0,0,0,0,0,0,0,0,0,0,1,0,1,CHILDREN,03_District_wise_crimes_committed_against_children_2013.csv,762,03_District_wise_crimes_committed_against_children_2013.csv::762,False,UNIQUE,BDN CP,DISTRICT_OR_REPORTING_UNIT,VALID
West Bengal,BIRBHUM,2013,0,5,25,52,0,0,0,0,0,0,0,0,82,CHILDREN,03_District_wise_crimes_committed_against_children_2013.csv,763,03_District_wise_crimes_committed_against_children_2013.csv::763,False,UNIQUE,BIRBHUM,DISTRICT_OR_REPORTING_UNIT,VALID
West Bengal,BKP CP,2013,0,0,0,27,0,0,0,0,0,0,0,0,27,CHILDREN,03_District_wise_crimes_committed_against_children_2013.csv,764,03_District_wise_crimes_committed_against_children_2013.csv::764,False,UNIQUE,BKP CP,DISTRICT_OR_REPORTING_UNIT,VALID
West Bengal,BURDWAN,2013,0,5,12,0,1,0,0,10,0,5,1,5,39,CHILDREN,03_District_wise_crimes_committed_against_children_2013.csv,765,03_District_wise_crimes_committed_against_children_2013.csv::765,False,UNIQUE,BURDWAN,DISTRICT_OR_REPORTING_UNIT,VALID
West Bengal,COOCHBEHAR,2013,0,2,7,88,1,0,0,12,0,2,1,4,117,CHILDREN,03_District_wise_crimes_committed_against_children_2013.csv,766,03_District_wise_crimes_committed_against_children_2013.csv::766,False,UNIQUE,COOCHBEHAR,DISTRICT_OR_REPORTING_UNIT,VALID
West Bengal,DAKSHIN DINAJPUR,2013,0,1,15,33,0,1,0,0,0,0,0,12,62,CHILDREN,03_District_wise_crimes_committed_against_children_2013.csv,767,03_District_wise_crimes_committed_against_children_2013.csv::767,False,UNIQUE,DAKSHIN DINAJPUR,DISTRICT_OR_REPORTING_UNIT,VALID
West Bengal,DARJEELING,2013,0,1,2,0,0,0,0,5,0,1,0,2,11,CHILDREN,03_District_wise_crimes_committed_against_children_2013.csv,768,03_District_wise_crimes_committed_against_children_2013.csv::768,False,UNIQUE,DARJEELING,DISTRICT_OR_REPORTING_UNIT,VALID
West Bengal,HOOGHLY,2013,0,5,12,5,0,0,0,0,0,0,0,0,22,CHILDREN,03_District_wise_crimes_committed_against_children_2013.csv,769,03_District_wise_crimes_committed_against_children_2013.csv::769,False,UNIQUE,HOOGHLY,DISTRICT_OR_REPORTING_UNIT,VALID
West Bengal,HOWRAH,2013,0,0,0,0,0,0,0,0,0,0,1,0,1,CHILDREN,03_District_wise_crimes_committed_against_children_2013.csv,770,03_District_wise_crimes_committed_against_children_2013.csv::770,False,UNIQUE,HOWRAH,DISTRICT_OR_REPORTING_UNIT,VALID
West Bengal,HOWRAH G.R.P.,2013,0,0,0,0,0,0,0,0,0,0,0,0,0,CHILDREN,03_District_wise_crimes_committed_against_children_2013.csv,772,03_District_wise_crimes_committed_against_children_2013.csv::772,False,UNIQUE,HOWRAH G.R.P.,DISTRICT_OR_REPORTING_UNIT,VALID
West Bengal,JALPAIGURI,2013,0,2,2,51,0,0,0,5,0,2,5,2,69,CHILDREN,03_District_wise_crimes_committed_against_children_2013.csv,773,03_District_wise_crimes_committed_against_children_2013.csv::773,False,UNIQUE,JALPAIGURI,DISTRICT_OR_REPORTING_UNIT,VALID
West Bengal,JHARGRAM,2013,0,2,0,0,0,0,0,0,0,0,0,0,2,CHILDREN,03_District_wise_crimes_committed_against_children_2013.csv,774,03_District_wise_crimes_committed_against_children_2013.csv::774,False,UNIQUE,JHARGRAM,DISTRICT_OR_REPORTING_UNIT,VALID
West Bengal,KHARAGPUR G.R.P.,2013,0,0,0,0,0,0,0,0,0,0,0,0,0,CHILDREN,03_District_wise_crimes_committed_against_children_2013.csv,775,03_District_wise_crimes_committed_against_children_2013.csv::775,False,UNIQUE,KHARAGPUR G.R.P.,DISTRICT_OR_REPORTING_UNIT,VALID
West Bengal,KOLKATA,2013,0,4,58,156,0,4,0,8,0,9,0,42,281,CHILDREN,03_District_wise_crimes_committed_against_children_2013.csv,776,03_District_wise_crimes_committed_against_children_2013.csv::776,False,UNIQUE,KOLKATA,DISTRICT_OR_REPORTING_UNIT,VALID
West Bengal,MALDA,2013,0,0,7,154,0,0,0,3,0,0,3,1,168,CHILDREN,03_District_wise_crimes_committed_against_children_2013.csv,777,03_District_wise_crimes_committed_against_children_2013.csv::777,False,UNIQUE,MALDA,DISTRICT_OR_REPORTING_UNIT,VALID
West Bengal,MURSHIDABAD,2013,0,18,109,87,0,0,0,210,0,4,6,7,441,CHILDREN,03_District_wise_crimes_committed_against_children_2013.csv,778,03_District_wise_crimes_committed_against_children_2013.csv::778,False,UNIQUE,MURSHIDABAD,DISTRICT_OR_REPORTING_UNIT,VALID
West Bengal,NADIA,2013,0,1,1,0,0,0,0,0,0,0,0,0,2,CHILDREN,03_District_wise_crimes_committed_against_children_2013.csv,779,03_District_wise_crimes_committed_against_children_2013.csv::779,False,UNIQUE,NADIA,DISTRICT_OR_REPORTING_UNIT,VALID
West Bengal,PASCHIM MIDNAPUR,2013,0,0,1,0,0,0,0,2,0,0,2,1,6,CHILDREN,03_District_wise_crimes_committed_against_children_2013.csv,780,03_District_wise_crimes_committed_against_children_2013.csv::780,False,UNIQUE,PASCHIM MIDNAPUR,DISTRICT_OR_REPORTING_UNIT,VALID
West Bengal,PURAB MIDNAPUR,2013,0,9,27,20,0,0,0,72,1,4,2,0,135,CHILDREN,03_District_wise_crimes_committed_against_children_2013.csv,781,03_District_wise_crimes_committed_against_children_2013.csv::781,False,UNIQUE,PURAB MIDNAPUR,DISTRICT_OR_REPORTING_UNIT,VALID
West Bengal,PURULIA,2013,0,0,12,0,0,0,0,0,0,0,3,2,17,CHILDREN,03_District_wise_crimes_committed_against_children_2013.csv,782,03_District_wise_crimes_committed_against_children_2013.csv::782,False,UNIQUE,PURULIA,DISTRICT_OR_REPORTING_UNIT,VALID
West Bengal,SEALDAH G.R.P.,2013,0,0,0,0,0,0,0,0,0,0,0,0,0,CHILDREN,03_District_wise_crimes_committed_against_children_2013.csv,783,03_District_wise_crimes_committed_against_children_2013.csv::783,False,UNIQUE,SEALDAH G.R.P.,DISTRICT_OR_REPORTING_UNIT,VALID
West Bengal,SILIGURI G.R.P.,2013,0,0,0,0,0,0,0,0,0,0,0,1,1,CHILDREN,03_District_wise_crimes_committed_against_children_2013.csv,784,03_District_wise_crimes_committed_against_children_2013.csv::784,False,UNIQUE,SILIGURI G.R.P.,DISTRICT_OR_REPORTING_UNIT,VALID
West Bengal,SILIGURI_PC,2013,0,0,0,46,0,0,0,0,0,0,2,0,48,CHILDREN,03_District_wise_crimes_committed_against_children_2013.csv,785,03_District_wise_crimes_committed_against_children_2013.csv::785,False,UNIQUE,SILIGURI_PC,DISTRICT_OR_REPORTING_UNIT,VALID
West Bengal,UTTAR DINAJPUR,2013,0,5,14,18,0,0,0,31,0,9,6,0,83,CHILDREN,03_District_wise_crimes_committed_against_children_2013.csv,786,03_District_wise_crimes_committed_against_children_2013.csv::786,False,UNIQUE,UTTAR DINAJPUR,DISTRICT_OR_REPORTING_UNIT,VALID
A&N Islands,CAR,2013,0,0,0,0,0,0,0,0,0,0,0,1,1,CHILDREN,03_District_wise_crimes_committed_against_children_2013.csv,788,03_District_wise_crimes_committed_against_children_2013.csv::788,False,UNIQUE,CAR,DISTRICT_OR_REPORTING_UNIT,VALID
A&N Islands,NORTH,2013,0,0,4,5,0,0,0,0,0,0,0,6,15,CHILDREN,03_District_wise_crimes_committed_against_children_2013.csv,789,03_District_wise_crimes_committed_against_children_2013.csv::789,False,UNIQUE,NORTH,DISTRICT_OR_REPORTING_UNIT,VALID
A&N Islands,SOUTH,2013,0,0,17,7,1,0,2,0,0,0,0,11,38,CHILDREN,03_District_wise_crimes_committed_against_children_2013.csv,790,03_District_wise_crimes_committed_against_children_2013.csv::790,False,UNIQUE,SOUTH,DISTRICT_OR_REPORTING_UNIT,VALID
Chandigarh,CHANDIGARH,2013,0,2,19,164,0,0,2,0,0,0,0,26,213,CHILDREN,03_District_wise_crimes_committed_against_children_2013.csv,792,03_District_wise_crimes_committed_against_children_2013.csv::792,False,UNIQUE,CHANDIGARH,DISTRICT_OR_REPORTING_UNIT,VALID
D&N Haveli,D&N HAVELI,2013,0,0,4,10,0,0,0,0,0,0,0,0,14,CHILDREN,03_District_wise_crimes_committed_against_children_2013.csv,794,03_District_wise_crimes_committed_against_children_2013.csv::794,False,UNIQUE,D&N HAVELI,DISTRICT_OR_REPORTING_UNIT,VALID
Daman & Diu,DAMAN,2013,0,1,4,8,0,0,0,0,0,0,0,1,14,CHILDREN,03_District_wise_crimes_committed_against_children_2013.csv,796,03_District_wise_crimes_committed_against_children_2013.csv::796,False,UNIQUE,DAMAN,DISTRICT_OR_REPORTING_UNIT,VALID
Daman & Diu,DIU,2013,0,0,0,0,0,0,0,0,0,0,0,0,0,CHILDREN,03_District_wise_crimes_committed_against_children_2013.csv,797,03_District_wise_crimes_committed_against_children_2013.csv::797,False,UNIQUE,DIU,DISTRICT_OR_REPORTING_UNIT,VALID
Delhi UT,CAW,2013,0,0,0,0,0,0,0,0,0,0,0,0,0,CHILDREN,03_District_wise_crimes_committed_against_children_2013.csv,799,03_District_wise_crimes_committed_against_children_2013.csv::799,False,UNIQUE,CAW,DISTRICT_OR_REPORTING_UNIT,VALID
Delhi UT,CENTRAL,2013,0,2,39,197,1,0,3,0,0,0,0,57,299,CHILDREN,03_District_wise_crimes_committed_against_children_2013.csv,800,03_District_wise_crimes_committed_against_children_2013.csv::800,False,UNIQUE,CENTRAL,DISTRICT_OR_REPORTING_UNIT,VALID
Delhi UT,CRIME BRANCH,2013,0,0,2,1,0,0,0,0,0,0,0,1,4,CHILDREN,03_District_wise_crimes_committed_against_children_2013.csv,801,03_District_wise_crimes_committed_against_children_2013.csv::801,False,UNIQUE,CRIME BRANCH,DISTRICT_OR_REPORTING_UNIT,VALID
Delhi UT,EAST,2013,0,3,83,674,0,0,9,0,0,0,0,3,772,CHILDREN,03_District_wise_crimes_committed_against_children_2013.csv,802,03_District_wise_crimes_committed_against_children_2013.csv::802,False,UNIQUE,EAST,DISTRICT_OR_REPORTING_UNIT,VALID
Delhi UT,EOW,2013,0,0,0,0,0,0,0,0,0,0,0,0,0,CHILDREN,03_District_wise_crimes_committed_against_children_2013.csv,803,03_District_wise_crimes_committed_against_children_2013.csv::803,False,UNIQUE,EOW,DISTRICT_OR_REPORTING_UNIT,VALID
Delhi UT,GRP(RLY),2013,0,1,4,17,0,0,9,0,0,0,0,1,32,CHILDREN,03_District_wise_crimes_committed_against_children_2013.csv,804,03_District_wise_crimes_committed_against_children_2013.csv::804,False,UNIQUE,GRP(RLY),DISTRICT_OR_REPORTING_UNIT,VALID
Delhi UT,IGI AIRPORT,2013,0,0,0,1,0,0,0,0,0,0,0,0,1,CHILDREN,03_District_wise_crimes_committed_against_children_2013.csv,805,03_District_wise_crimes_committed_against_children_2013.csv::805,False,UNIQUE,IGI AIRPORT,DISTRICT_OR_REPORTING_UNIT,VALID
Delhi UT,METRO RAIL,2013,0,0,0,7,0,0,1,0,0,0,0,1,9,CHILDREN,03_District_wise_crimes_committed_against_children_2013.csv,806,03_District_wise_crimes_committed_against_children_2013.csv::806,False,UNIQUE,METRO RAIL,DISTRICT_OR_REPORTING_UNIT,VALID
Delhi UT,NEW DELHI,2013,0,0,10,63,0,0,1,0,0,0,0,15,89,CHILDREN,03_District_wise_crimes_committed_against_children_2013.csv,807,03_District_wise_crimes_committed_against_children_2013.csv::807,False,UNIQUE,NEW DELHI,DISTRICT_OR_REPORTING_UNIT,VALID
Delhi UT,NORTH,2013,0,1,17,251,0,0,3,0,0,0,0,13,285,CHILDREN,03_District_wise_crimes_committed_against_children_2013.csv,808,03_District_wise_crimes_committed_against_children_2013.csv::808,False,UNIQUE,NORTH,DISTRICT_OR_REPORTING_UNIT,VALID
Delhi UT,NORTH-EAST,2013,0,5,91,845,0,0,10,0,0,0,0,29,980,CHILDREN,03_District_wise_crimes_committed_against_children_2013.csv,809,03_District_wise_crimes_committed_against_children_2013.csv::809,False,UNIQUE,NORTH-EAST,DISTRICT_OR_REPORTING_UNIT,VALID
Delhi UT,NORTH-WEST,2013,0,0,78,569,0,0,1,0,0,0,0,32,680,CHILDREN,03_District_wise_crimes_committed_against_children_2013.csv,810,03_District_wise_crimes_committed_against_children_2013.csv::810,False,UNIQUE,NORTH-WEST,DISTRICT_OR_REPORTING_UNIT,VALID
Delhi UT,OUTER,2013,1,7,93,873,0,0,5,0,0,0,0,59,1038,CHILDREN,03_District_wise_crimes_committed_against_children_2013.csv,811,03_District_wise_crimes_committed_against_children_2013.csv::811,False,UNIQUE,OUTER,DISTRICT_OR_REPORTING_UNIT,VALID
Delhi UT,SOUTH,2013,0,2,34,482,0,0,6,0,0,0,0,65,589,CHILDREN,03_District_wise_crimes_committed_against_children_2013.csv,812,03_District_wise_crimes_committed_against_children_2013.csv::812,False,UNIQUE,SOUTH,DISTRICT_OR_REPORTING_UNIT,VALID
Delhi UT,SOUTH-EAST,2013,0,5,120,655,1,0,2,0,0,0,0,25,808,CHILDREN,03_District_wise_crimes_committed_against_children_2013.csv,813,03_District_wise_crimes_committed_against_children_2013.csv::813,False,UNIQUE,SOUTH-EAST,DISTRICT_OR_REPORTING_UNIT,VALID
Delhi UT,SOUTH-WEST,2013,1,1,94,503,1,0,3,0,0,0,1,86,690,CHILDREN,03_District_wise_crimes_committed_against_children_2013.csv,814,03_District_wise_crimes_committed_against_children_2013.csv::814,False,UNIQUE,SOUTH-WEST,DISTRICT_OR_REPORTING_UNIT,VALID
Delhi UT,STF,2013,0,0,0,0,0,0,0,0,0,0,0,0,0,CHILDREN,03_District_wise_crimes_committed_against_children_2013.csv,815,03_District_wise_crimes_committed_against_children_2013.csv::815,False,UNIQUE,STF,DISTRICT_OR_REPORTING_UNIT,VALID
Delhi UT,WEST,2013,0,6,92,671,0,1,3,0,0,0,0,150,923,CHILDREN,03_District_wise_crimes_committed_against_children_2013.csv,816,03_District_wise_crimes_committed_against_children_2013.csv::816,False,UNIQUE,WEST,DISTRICT_OR_REPORTING_UNIT,VALID
Lakshadweep,LAKSHADWEEP,2013,0,0,0,0,0,0,0,0,0,0,0,0,0,CHILDREN,03_District_wise_crimes_committed_against_children_2013.csv,818,03_District_wise_crimes_committed_against_children_2013.csv::818,False,UNIQUE,LAKSHADWEEP,DISTRICT_OR_REPORTING_UNIT,VALID
Puducherry,KARAIKAL,2013,0,0,4,0,0,0,0,0,0,0,0,0,4,CHILDREN,03_District_wise_crimes_committed_against_children_2013.csv,820,03_District_wise_crimes_committed_against_children_2013.csv::820,False,UNIQUE,KARAIKAL,DISTRICT_OR_REPORTING_UNIT,VALID
Puducherry,PUDUCHERRY,2013,0,0,5,34,0,0,1,0,0,0,1,2,43,CHILDREN,03_District_wise_crimes_committed_against_children_2013.csv,821,03_District_wise_crimes_committed_against_children_2013.csv::821,False,UNIQUE,PUDUCHERRY,DISTRICT_OR_REPORTING_UNIT,VALID
