STATE,DISTRICT,YEAR,Rape,Custodial Rape,Custodial_Gang Rape,Custodial_Other Rape,Rape other than Custodial,Rape_Gang Rape,Rape_Others,Attempt to commit Rape,Kidnapping & Abduction_Total,Kidnaping & Abduction,Kidnaping & Abduction in order to Murder,Kidnapping for Ransom,Kidnapping & Abduction of Women to compel her for marriage,Kidnaping & Abduction_Others,Dowry Deaths,Assault on Women with intent to outrage her Modesty_Total,Sexual Harassment,Assault on women with intent to Disrobe,Voyeurism,Stalking,Others,Insult to the Modesty of Women_Total,At Office premises,In places related to work,In Public Transport system,In other Places,Cruelty by Husband or his Relatives,Importation of Girls from Foreign Country,Murder,Attempt to commit Murder,Culpable Homicide not amounting to Murder,Attempt to commit Culpable Homicide,Grievous Hurt,Hurt,Acid attack,Attempt to Acid Attack,Deaths caused with intent to cause miscarriage,Causing miscarriage without consent of women,Dacoity_Total,Dacoity with Murder,Other Dacoity,Robbery,Arson,HumanTrafficking,Abetment of Suicides of Women,UnNatural Offences,Other IPC Crimes,"Dowry Prohibition Act, 1961","Indecent Representation of Women (P) Act, 1986","Commission of Sati Prevention Act, 1987","Protection of Women from Domestic Violence Act, 2005",Immoral Traffic Prevention Act,ITP Under Section 5,ITP Under Section 6,ITP Under Section 7,ITP Under Section 8,ITP Under Other Sections,Other SLL Crimes against Women,Total Crimes against Women,CRIME_GROUP,SOURCE_FILE,SOURCE_ROW_ID,SOURCE_RECORD_ID,DUPLICATE_KEY_FLAG,DATA_QUALITY_FLAG,UNIT_NAME,UNIT_TYPE,SOURCE_QUALITY_STATUS
Andhra Pradesh,Anantapur,2014,35,0,0,0,35,0,35,1,106,0,0,0,88,18,25,436,82,34,4,80,236,26,0,0,0,26,165,0,50,20,1,0,3,2,1,0,0,0,0,0,0,0,0,0,0,0,0,229,0,0,0,0,0,0,0,0,0,0,1097,WOMEN,42_District_wise_crimes_committed_against_women_2014.csv,0,42_District_wise_crimes_committed_against_women_2014.csv::0,False,UNIQUE,Anantapur,DISTRICT_OR_REPORTING_UNIT,VALID
Andhra Pradesh,Chittoor,2014,32,0,0,0,32,1,31,0,34,3,0,1,28,2,17,135,0,0,0,0,135,94,0,0,0,94,278,0,11,2,0,0,0,0,0,0,0,0,0,0,0,0,0,0,0,0,0,0,0,0,0,4,4,0,0,0,0,0,607,WOMEN,42_District_wise_crimes_committed_against_women_2014.csv,1,42_District_wise_crimes_committed_against_women_2014.csv::1,False,UNIQUE,Chittoor,DISTRICT_OR_REPORTING_UNIT,VALID
Andhra Pradesh,Cuddapah,2014,28,0,0,0,28,0,28,4,16,0,0,0,11,5,16,215,212,0,0,0,3,12,1,11,0,0,91,0,27,0,0,0,0,0,0,0,0,0,0,0,0,0,0,0,20,0,0,175,0,0,0,5,0,0,0,0,5,0,609,WOMEN,42_District_wise_crimes_committed_against_women_2014.csv,2,42_District_wise_crimes_committed_against_women_2014.csv::2,False,UNIQUE,Cuddapah,DISTRICT_OR_REPORTING_UNIT,VALID
Andhra Pradesh,East Godavari,2014,85,0,0,0,85,0,85,18,25,0,0,0,0,25,7,519,159,61,11,55,233,62,0,0,0,62,464,0,32,0,0,0,0,0,0,0,0,0,0,0,0,0,0,0,27,0,0,22,0,0,0,16,0,0,0,0,16,0,1277,WOMEN,42_District_wise_crimes_committed_against_women_2014.csv,3,42_District_wise_crimes_committed_against_women_2014.csv::3,False,UNIQUE,East Godavari,DISTRICT_OR_REPORTING_UNIT,VALID
Andhra Pradesh,Guntur,2014,49,0,0,0,49,0,49,24,46,5,0,0,0,41,16,245,17,7,3,8,210,347,0,0,0,347,454,0,33,9,0,0,6,6,0,0,0,0,0,0,0,3,4,0,39,0,0,0,0,0,0,11,0,0,0,0,11,14,1300,WOMEN,42_District_wise_crimes_committed_against_women_2014.csv,5,42_District_wise_crimes_committed_against_women_2014.csv::5,False,UNIQUE,Guntur,DISTRICT_OR_REPORTING_UNIT,VALID
Andhra Pradesh,Krishna,2014,80,0,0,0,80,1,79,20,34,13,0,0,19,2,8,354,98,44,13,76,123,232,2,0,0,230,613,0,21,0,0,0,0,0,0,0,0,0,0,0,0,4,6,0,35,0,0,0,0,0,0,4,0,0,0,0,4,0,1411,WOMEN,42_District_wise_crimes_committed_against_women_2014.csv,7,42_District_wise_crimes_committed_against_women_2014.csv::7,False,UNIQUE,Krishna,DISTRICT_OR_REPORTING_UNIT,VALID
Andhra Pradesh,Kurnool,2014,32,0,0,0,32,1,31,4,37,0,0,0,16,21,12,403,81,18,2,40,262,251,0,0,0,251,362,0,45,0,0,0,0,0,0,0,0,0,0,0,0,0,0,0,26,0,0,39,0,0,0,2,0,0,0,0,2,0,1213,WOMEN,42_District_wise_crimes_committed_against_women_2014.csv,8,42_District_wise_crimes_committed_against_women_2014.csv::8,False,UNIQUE,Kurnool,DISTRICT_OR_REPORTING_UNIT,VALID
Andhra Pradesh,Nellore,2014,58,0,0,0,58,3,55,16,124,48,1,1,64,10,14,295,79,14,8,32,162,205,0,62,56,87,362,0,35,28,0,0,4,1,1,2,0,0,1,0,1,17,5,1,0,0,0,1,0,0,0,19,0,0,0,0,19,0,1185,WOMEN,42_District_wise_crimes_committed_against_women_2014.csv,9,42_District_wise_crimes_committed_against_women_2014.csv::9,False,UNIQUE,Nellore,DISTRICT_OR_REPORTING_UNIT,VALID
Andhra Pradesh,Prakasham,2014,50,0,0,0,50,2,48,8,50,17,0,0,11,22,8,197,24,3,7,13,150,16,0,0,0,16,402,0,24,11,1,0,2,2,0,0,0,0,0,0,0,10,4,0,0,0,0,1,2,0,0,12,12,0,0,0,0,0,798,WOMEN,42_District_wise_crimes_committed_against_women_2014.csv,10,42_District_wise_crimes_committed_against_women_2014.csv::10,False,UNIQUE,Prakasham,DISTRICT_OR_REPORTING_UNIT,VALID
Andhra Pradesh,Rajahmundry,2014,35,0,0,0,35,1,34,3,8,0,0,1,2,5,3,121,37,6,0,17,61,27,0,0,0,27,190,0,10,10,0,0,1,1,0,0,0,0,0,0,0,6,1,0,3,0,90,0,0,0,0,0,0,0,0,0,0,0,508,WOMEN,42_District_wise_crimes_committed_against_women_2014.csv,11,42_District_wise_crimes_committed_against_women_2014.csv::11,False,UNIQUE,Rajahmundry,DISTRICT_OR_REPORTING_UNIT,VALID
Andhra Pradesh,Srikakulam,2014,40,0,0,0,40,1,39,3,10,5,0,0,5,0,3,214,26,45,0,22,121,91,0,6,6,79,298,0,11,8,1,0,18,17,1,0,0,0,0,0,0,4,1,0,22,0,10,0,1,0,0,3,3,0,0,0,0,2,740,WOMEN,42_District_wise_crimes_committed_against_women_2014.csv,12,42_District_wise_crimes_committed_against_women_2014.csv::12,False,UNIQUE,Srikakulam,DISTRICT_OR_REPORTING_UNIT,VALID
Andhra Pradesh,Visakhapatnam,2014,84,0,0,0,84,0,84,0,50,50,0,0,0,0,13,147,50,0,0,27,70,112,0,0,0,112,371,0,8,13,0,0,16,15,1,0,0,0,1,0,1,6,2,0,0,0,92,0,0,0,0,21,0,0,0,0,21,2,938,WOMEN,42_District_wise_crimes_committed_against_women_2014.csv,17,42_District_wise_crimes_committed_against_women_2014.csv::17,False,UNIQUE,Visakhapatnam,DISTRICT_OR_REPORTING_UNIT,VALID
Andhra Pradesh,Vizianagaram,2014,47,0,0,0,47,1,46,1,19,0,0,0,0,19,8,225,0,0,0,0,225,327,0,0,0,327,330,0,12,0,0,0,0,0,0,0,0,0,0,0,0,0,0,0,0,0,0,1,0,0,0,2,0,0,0,2,0,0,972,WOMEN,42_District_wise_crimes_committed_against_women_2014.csv,18,42_District_wise_crimes_committed_against_women_2014.csv::18,False,UNIQUE,Vizianagaram,DISTRICT_OR_REPORTING_UNIT,VALID
Andhra Pradesh,West Godavari,2014,146,0,0,0,146,1,145,46,45,18,0,0,8,19,24,405,126,72,12,32,163,99,0,1,0,98,661,0,37,22,1,0,7,6,1,0,0,0,0,0,0,6,0,0,12,0,94,0,0,0,0,5,4,0,0,0,1,1,1611,WOMEN,42_District_wise_crimes_committed_against_women_2014.csv,19,42_District_wise_crimes_committed_against_women_2014.csv::19,False,UNIQUE,West Godavari,DISTRICT_OR_REPORTING_UNIT,VALID
Arunachal Pradesh,Anjaw,2014,0,0,0,0,0,0,0,0,1,0,0,0,1,0,0,1,1,0,0,0,0,0,0,0,0,0,0,0,0,0,0,0,0,0,0,0,0,0,0,0,0,0,0,0,0,0,0,0,0,0,0,0,0,0,0,0,0,0,2,WOMEN,42_District_wise_crimes_committed_against_women_2014.csv,21,42_District_wise_crimes_committed_against_women_2014.csv::21,False,UNIQUE,Anjaw,DISTRICT_OR_REPORTING_UNIT,VALID
Arunachal Pradesh,Changlang,2014,6,0,0,0,6,0,6,0,6,0,0,0,6,0,0,0,0,0,0,0,0,0,0,0,0,0,0,0,1,0,0,0,0,0,0,0,0,0,0,0,0,0,0,0,0,0,0,0,0,0,0,0,0,0,0,0,0,0,13,WOMEN,42_District_wise_crimes_committed_against_women_2014.csv,22,42_District_wise_crimes_committed_against_women_2014.csv::22,False,UNIQUE,Changlang,DISTRICT_OR_REPORTING_UNIT,VALID
Arunachal Pradesh,Crime Branch,2014,0,0,0,0,0,0,0,0,0,0,0,0,0,0,0,0,0,0,0,0,0,0,0,0,0,0,0,0,0,0,0,0,0,0,0,0,0,0,0,0,0,0,0,0,0,0,0,0,0,0,0,0,0,0,0,0,0,0,0,WOMEN,42_District_wise_crimes_committed_against_women_2014.csv,23,42_District_wise_crimes_committed_against_women_2014.csv::23,False,UNIQUE,Crime Branch,DISTRICT_OR_REPORTING_UNIT,VALID
Arunachal Pradesh,Dibang Valley,2014,1,0,0,0,1,0,1,0,0,0,0,0,0,0,0,0,0,0,0,0,0,0,0,0,0,0,0,0,0,0,0,0,0,0,0,0,0,0,0,0,0,0,0,0,0,0,0,0,0,0,0,0,0,0,0,0,0,0,1,WOMEN,42_District_wise_crimes_committed_against_women_2014.csv,24,42_District_wise_crimes_committed_against_women_2014.csv::24,False,UNIQUE,Dibang Valley,DISTRICT_OR_REPORTING_UNIT,VALID
Arunachal Pradesh,Kameng East,2014,1,0,0,0,1,0,1,0,1,0,0,0,0,1,0,6,0,0,6,0,0,0,0,0,0,0,0,0,0,0,0,0,8,8,0,0,0,0,0,0,0,0,0,0,0,0,0,0,0,0,0,0,0,0,0,0,0,0,16,WOMEN,42_District_wise_crimes_committed_against_women_2014.csv,25,42_District_wise_crimes_committed_against_women_2014.csv::25,False,UNIQUE,Kameng East,DISTRICT_OR_REPORTING_UNIT,VALID
Arunachal Pradesh,Kameng West,2014,0,0,0,0,0,0,0,1,2,0,0,0,0,2,0,9,8,0,0,1,0,0,0,0,0,0,2,0,0,0,0,0,0,0,0,0,0,0,0,0,0,0,0,0,0,0,0,0,0,0,0,0,0,0,0,0,0,0,14,WOMEN,42_District_wise_crimes_committed_against_women_2014.csv,26,42_District_wise_crimes_committed_against_women_2014.csv::26,False,UNIQUE,Kameng West,DISTRICT_OR_REPORTING_UNIT,VALID
Arunachal Pradesh,Kukung Kumey,2014,3,1,0,1,2,0,2,0,0,0,0,0,0,0,0,1,0,0,0,0,1,0,0,0,0,0,0,0,1,0,0,0,0,0,0,0,0,0,0,0,0,0,0,0,0,0,0,0,0,0,0,0,0,0,0,0,0,0,5,WOMEN,42_District_wise_crimes_committed_against_women_2014.csv,27,42_District_wise_crimes_committed_against_women_2014.csv::27,False,UNIQUE,Kukung Kumey,DISTRICT_OR_REPORTING_UNIT,VALID
Arunachal Pradesh,Lohit,2014,7,0,0,0,7,0,7,0,25,0,0,0,0,25,0,13,0,0,0,0,13,0,0,0,0,0,1,0,2,1,0,0,4,4,0,0,0,0,0,0,0,0,0,0,0,0,0,0,0,0,0,0,0,0,0,0,0,0,53,WOMEN,42_District_wise_crimes_committed_against_women_2014.csv,28,42_District_wise_crimes_committed_against_women_2014.csv::28,False,UNIQUE,Lohit,DISTRICT_OR_REPORTING_UNIT,VALID
Arunachal Pradesh,Longding,2014,3,3,0,3,0,0,0,0,4,0,0,0,4,0,0,3,1,0,0,0,2,0,0,0,0,0,0,0,0,0,0,0,0,0,0,0,0,0,0,0,0,0,0,0,0,0,0,0,0,0,0,0,0,0,0,0,0,0,10,WOMEN,42_District_wise_crimes_committed_against_women_2014.csv,29,42_District_wise_crimes_committed_against_women_2014.csv::29,False,UNIQUE,Longding,DISTRICT_OR_REPORTING_UNIT,VALID
Arunachal Pradesh,Lower Dibang Valley,2014,3,0,0,0,3,0,3,0,2,2,0,0,0,0,0,0,0,0,0,0,0,0,0,0,0,0,0,0,0,0,0,0,0,0,0,0,0,0,0,0,0,0,0,0,0,0,0,0,0,0,0,0,0,0,0,0,0,0,5,WOMEN,42_District_wise_crimes_committed_against_women_2014.csv,30,42_District_wise_crimes_committed_against_women_2014.csv::30,False,UNIQUE,Lower Dibang Valley,DISTRICT_OR_REPORTING_UNIT,VALID
Arunachal Pradesh,Siang East,2014,11,0,0,0,11,1,10,3,2,0,0,0,0,2,0,21,8,0,0,0,13,0,0,0,0,0,4,0,2,0,0,0,2,2,0,0,0,0,0,0,0,0,1,0,0,0,0,0,0,0,0,0,0,0,0,0,0,0,46,WOMEN,42_District_wise_crimes_committed_against_women_2014.csv,33,42_District_wise_crimes_committed_against_women_2014.csv::33,False,UNIQUE,Siang East,DISTRICT_OR_REPORTING_UNIT,VALID
Arunachal Pradesh,Siang Upper,2014,1,0,0,0,1,1,0,0,0,0,0,0,0,0,0,1,0,0,0,0,1,0,0,0,0,0,0,0,1,0,0,0,0,0,0,0,0,0,0,0,0,0,0,0,0,0,0,0,0,0,0,0,0,0,0,0,0,0,3,WOMEN,42_District_wise_crimes_committed_against_women_2014.csv,34,42_District_wise_crimes_committed_against_women_2014.csv::34,False,UNIQUE,Siang Upper,DISTRICT_OR_REPORTING_UNIT,VALID
Arunachal Pradesh,Siang West,2014,6,0,0,0,6,0,6,3,1,0,1,0,0,0,0,11,0,0,0,0,11,3,0,0,0,3,8,0,3,1,0,0,5,5,0,0,0,0,0,0,0,0,0,0,0,0,0,0,0,0,0,0,0,0,0,0,0,0,41,WOMEN,42_District_wise_crimes_committed_against_women_2014.csv,35,42_District_wise_crimes_committed_against_women_2014.csv::35,False,UNIQUE,Siang West,DISTRICT_OR_REPORTING_UNIT,VALID
Arunachal Pradesh,Subansiri Lower,2014,1,0,0,0,1,1,0,0,2,0,0,0,0,2,0,6,0,0,0,0,6,0,0,0,0,0,3,0,1,0,0,0,0,0,0,0,0,0,0,0,0,0,0,0,0,0,0,0,0,0,0,0,0,0,0,0,0,0,13,WOMEN,42_District_wise_crimes_committed_against_women_2014.csv,36,42_District_wise_crimes_committed_against_women_2014.csv::36,False,UNIQUE,Subansiri Lower,DISTRICT_OR_REPORTING_UNIT,VALID
Arunachal Pradesh,Subansiri Upper,2014,5,0,0,0,5,0,5,1,2,0,0,0,2,0,0,16,0,0,0,0,16,0,0,0,0,0,3,0,1,0,0,0,2,2,0,0,0,0,0,0,0,1,1,0,0,0,0,0,0,0,0,0,0,0,0,0,0,0,32,WOMEN,42_District_wise_crimes_committed_against_women_2014.csv,37,42_District_wise_crimes_committed_against_women_2014.csv::37,False,UNIQUE,Subansiri Upper,DISTRICT_OR_REPORTING_UNIT,VALID
Arunachal Pradesh,Tawang,2014,0,0,0,0,0,0,0,0,0,0,0,0,0,0,0,1,0,0,0,0,1,0,0,0,0,0,0,0,0,0,0,0,0,0,0,0,0,0,0,0,0,0,0,0,0,0,0,0,0,0,0,0,0,0,0,0,0,0,1,WOMEN,42_District_wise_crimes_committed_against_women_2014.csv,38,42_District_wise_crimes_committed_against_women_2014.csv::38,False,UNIQUE,Tawang,DISTRICT_OR_REPORTING_UNIT,VALID
Arunachal Pradesh,Tirap,2014,3,0,0,0,3,0,3,0,3,1,0,0,2,0,0,2,2,0,0,0,0,0,0,0,0,0,0,0,0,0,0,0,0,0,0,0,0,0,0,0,0,0,0,0,0,0,0,0,0,0,0,0,0,0,0,0,0,0,8,WOMEN,42_District_wise_crimes_committed_against_women_2014.csv,39,42_District_wise_crimes_committed_against_women_2014.csv::39,False,UNIQUE,Tirap,DISTRICT_OR_REPORTING_UNIT,VALID
Assam,Barpeta,2014,143,0,0,0,143,0,143,0,359,0,0,0,359,0,21,556,198,358,0,0,0,0,0,0,0,0,1116,0,3,0,0,0,5,5,0,0,0,0,0,0,0,0,2,0,0,0,0,0,0,0,0,1,0,1,0,0,0,0,2206,WOMEN,42_District_wise_crimes_committed_against_women_2014.csv,41,42_District_wise_crimes_committed_against_women_2014.csv::41,False,UNIQUE,Barpeta,DISTRICT_OR_REPORTING_UNIT,VALID
Assam,Baska,2014,26,0,0,0,26,0,26,0,36,0,0,0,36,0,4,27,0,0,0,0,27,0,0,0,0,0,77,0,0,0,0,0,0,0,0,0,0,0,0,0,0,0,0,0,0,0,0,4,0,0,0,0,0,0,0,0,0,0,174,WOMEN,42_District_wise_crimes_committed_against_women_2014.csv,42,42_District_wise_crimes_committed_against_women_2014.csv::42,False,UNIQUE,Baska,DISTRICT_OR_REPORTING_UNIT,VALID
Assam,Bongaigaon,2014,31,0,0,0,31,0,31,0,29,0,0,0,29,0,4,8,0,0,0,0,8,0,0,0,0,0,178,0,2,3,0,0,16,16,0,0,0,0,1,0,1,0,0,0,0,0,0,0,0,0,0,0,0,0,0,0,0,0,272,WOMEN,42_District_wise_crimes_committed_against_women_2014.csv,43,42_District_wise_crimes_committed_against_women_2014.csv::43,False,UNIQUE,Bongaigaon,DISTRICT_OR_REPORTING_UNIT,VALID
Assam,Cachar,2014,81,0,0,0,81,0,81,0,214,0,0,0,214,0,14,50,0,0,0,0,50,0,0,0,0,0,595,0,4,1,0,0,3,3,0,0,0,0,1,0,1,0,5,0,0,0,15,0,0,0,0,3,0,0,0,0,3,0,986,WOMEN,42_District_wise_crimes_committed_against_women_2014.csv,44,42_District_wise_crimes_committed_against_women_2014.csv::44,False,UNIQUE,Cachar,DISTRICT_OR_REPORTING_UNIT,VALID
Assam,Chirang,2014,29,0,0,0,29,1,28,5,42,0,0,0,42,0,7,33,0,0,0,0,33,0,0,0,0,0,60,0,7,1,0,0,15,15,0,0,0,0,0,0,0,0,0,0,0,0,0,0,0,0,0,0,0,0,0,0,0,0,199,WOMEN,42_District_wise_crimes_committed_against_women_2014.csv,45,42_District_wise_crimes_committed_against_women_2014.csv::45,False,UNIQUE,Chirang,DISTRICT_OR_REPORTING_UNIT,VALID
Assam,Darrang,2014,111,0,0,0,111,3,108,23,186,0,0,0,186,0,11,453,33,0,0,0,420,0,0,0,0,0,489,0,4,0,0,0,47,47,0,0,0,0,0,0,0,3,0,2,0,0,0,0,0,0,0,0,0,0,0,0,0,0,1329,WOMEN,42_District_wise_crimes_committed_against_women_2014.csv,46,42_District_wise_crimes_committed_against_women_2014.csv::46,False,UNIQUE,Darrang,DISTRICT_OR_REPORTING_UNIT,VALID
Assam,Dhemaji,2014,45,0,0,0,45,5,40,12,68,0,0,0,68,0,3,51,3,18,0,0,30,1,0,1,0,0,111,0,1,0,2,0,33,33,0,0,0,0,0,0,0,0,0,0,0,0,0,2,0,0,0,0,0,0,0,0,0,0,329,WOMEN,42_District_wise_crimes_committed_against_women_2014.csv,47,42_District_wise_crimes_committed_against_women_2014.csv::47,False,UNIQUE,Dhemaji,DISTRICT_OR_REPORTING_UNIT,VALID
Assam,Dhubri,2014,193,0,0,0,193,0,193,0,405,0,0,0,405,0,10,193,0,0,0,0,193,0,0,0,0,0,1186,0,0,0,0,0,0,0,0,0,0,0,0,0,0,0,0,0,0,0,0,0,0,0,0,0,0,0,0,0,0,0,1987,WOMEN,42_District_wise_crimes_committed_against_women_2014.csv,48,42_District_wise_crimes_committed_against_women_2014.csv::48,False,UNIQUE,Dhubri,DISTRICT_OR_REPORTING_UNIT,VALID
Assam,Dibrugarh,2014,67,0,0,0,67,0,67,0,123,0,0,0,123,0,5,105,0,0,0,0,105,0,0,0,0,0,253,0,0,0,0,0,0,0,0,0,0,0,0,0,0,0,0,0,0,0,0,0,0,0,0,1,0,0,0,0,1,0,554,WOMEN,42_District_wise_crimes_committed_against_women_2014.csv,49,42_District_wise_crimes_committed_against_women_2014.csv::49,False,UNIQUE,Dibrugarh,DISTRICT_OR_REPORTING_UNIT,VALID
Assam,Goalpara,2014,108,0,0,0,108,0,108,0,119,0,0,0,119,0,8,121,0,0,0,0,121,0,0,0,0,0,367,0,0,0,0,0,0,0,0,0,0,0,0,0,0,0,0,2,0,0,0,0,0,0,0,0,0,0,0,0,0,0,725,WOMEN,42_District_wise_crimes_committed_against_women_2014.csv,50,42_District_wise_crimes_committed_against_women_2014.csv::50,False,UNIQUE,Goalpara,DISTRICT_OR_REPORTING_UNIT,VALID
Assam,Golaghat,2014,74,0,0,0,74,0,74,37,190,0,0,0,190,0,7,74,0,0,0,0,74,0,0,0,0,0,166,0,0,0,0,0,0,0,0,0,0,0,0,0,0,0,0,4,0,0,0,0,0,0,0,0,0,0,0,0,0,0,552,WOMEN,42_District_wise_crimes_committed_against_women_2014.csv,51,42_District_wise_crimes_committed_against_women_2014.csv::51,False,UNIQUE,Golaghat,DISTRICT_OR_REPORTING_UNIT,VALID
Assam,Hailakandi,2014,77,0,0,0,77,0,77,0,89,0,0,0,89,0,4,23,0,0,0,0,23,0,0,0,0,0,209,0,0,0,0,0,0,0,0,0,0,0,0,0,0,0,0,0,0,0,0,0,0,0,0,0,0,0,0,0,0,0,402,WOMEN,42_District_wise_crimes_committed_against_women_2014.csv,53,42_District_wise_crimes_committed_against_women_2014.csv::53,False,UNIQUE,Hailakandi,DISTRICT_OR_REPORTING_UNIT,VALID
Assam,Jorhat,2014,36,0,0,0,36,0,36,0,72,0,0,0,72,0,6,157,0,0,0,0,157,0,0,0,0,0,401,0,0,0,0,0,0,0,0,0,0,0,0,0,0,0,0,0,0,0,0,0,0,0,0,0,0,0,0,0,0,0,672,WOMEN,42_District_wise_crimes_committed_against_women_2014.csv,54,42_District_wise_crimes_committed_against_women_2014.csv::54,False,UNIQUE,Jorhat,DISTRICT_OR_REPORTING_UNIT,VALID
Assam,Kamrup,2014,77,0,0,0,77,0,77,23,47,0,0,0,39,8,1,15,0,0,0,0,15,0,0,0,0,0,595,0,2,0,0,0,3,3,0,0,0,0,1,0,1,16,4,4,0,0,0,0,0,0,0,0,0,0,0,0,0,0,788,WOMEN,42_District_wise_crimes_committed_against_women_2014.csv,55,42_District_wise_crimes_committed_against_women_2014.csv::55,False,UNIQUE,Kamrup,DISTRICT_OR_REPORTING_UNIT,VALID
Assam,Karbi Anglong,2014,23,0,0,0,23,1,22,6,55,0,0,0,55,0,0,26,0,0,0,0,26,0,0,0,0,0,42,0,7,5,0,0,0,0,0,0,0,0,0,0,0,0,0,11,0,0,30,0,0,0,1,0,0,0,0,0,0,0,206,WOMEN,42_District_wise_crimes_committed_against_women_2014.csv,56,42_District_wise_crimes_committed_against_women_2014.csv::56,False,UNIQUE,Karbi Anglong,DISTRICT_OR_REPORTING_UNIT,VALID
Assam,Karimganj,2014,76,0,0,0,76,2,74,0,109,0,0,0,109,0,13,10,0,0,0,0,10,0,0,0,0,0,337,0,0,0,0,0,0,0,0,0,0,0,0,0,0,0,0,0,0,0,0,0,0,0,0,1,0,0,0,0,1,0,546,WOMEN,42_District_wise_crimes_committed_against_women_2014.csv,57,42_District_wise_crimes_committed_against_women_2014.csv::57,False,UNIQUE,Karimganj,DISTRICT_OR_REPORTING_UNIT,VALID
Assam,Kokrajhar,2014,45,0,0,0,45,0,45,0,79,0,0,0,79,0,3,47,0,0,0,0,47,0,0,0,0,0,71,1,0,0,0,0,0,0,0,0,0,0,0,0,0,0,0,0,0,0,0,0,0,0,0,2,0,0,0,0,2,0,248,WOMEN,42_District_wise_crimes_committed_against_women_2014.csv,58,42_District_wise_crimes_committed_against_women_2014.csv::58,False,UNIQUE,Kokrajhar,DISTRICT_OR_REPORTING_UNIT,VALID
Assam,Lakhimpur,2014,67,0,0,0,67,0,67,0,150,0,0,0,150,0,4,55,0,0,0,0,55,0,0,0,0,0,369,0,0,0,0,0,0,0,0,0,0,0,0,0,0,0,0,0,0,0,0,0,0,0,0,0,0,0,0,0,0,0,645,WOMEN,42_District_wise_crimes_committed_against_women_2014.csv,59,42_District_wise_crimes_committed_against_women_2014.csv::59,False,UNIQUE,Lakhimpur,DISTRICT_OR_REPORTING_UNIT,VALID
Assam,Morigaon,2014,81,0,0,0,81,0,81,14,174,0,0,0,174,0,7,328,0,0,0,0,328,0,0,0,0,0,349,0,0,0,0,0,0,0,0,0,0,0,0,0,0,0,0,0,0,0,0,10,0,0,0,2,0,0,0,0,2,0,965,WOMEN,42_District_wise_crimes_committed_against_women_2014.csv,60,42_District_wise_crimes_committed_against_women_2014.csv::60,False,UNIQUE,Morigaon,DISTRICT_OR_REPORTING_UNIT,VALID
Assam,N. C. Hills,2014,6,0,0,0,6,0,6,0,25,0,0,0,25,0,0,0,0,0,0,0,0,0,0,0,0,0,6,0,0,0,0,0,0,0,0,0,0,0,0,0,0,0,0,0,0,0,0,6,0,0,0,0,0,0,0,0,0,0,43,WOMEN,42_District_wise_crimes_committed_against_women_2014.csv,61,42_District_wise_crimes_committed_against_women_2014.csv::61,False,UNIQUE,N. C. Hills,DISTRICT_OR_REPORTING_UNIT,VALID
Assam,Nagaon,2014,187,0,0,0,187,10,177,78,295,0,0,0,295,0,22,350,174,0,0,0,176,0,0,0,0,0,1162,0,0,3,0,0,42,42,0,0,0,0,0,0,0,0,0,6,0,0,0,6,0,0,0,3,0,0,0,0,3,0,2154,WOMEN,42_District_wise_crimes_committed_against_women_2014.csv,62,42_District_wise_crimes_committed_against_women_2014.csv::62,False,UNIQUE,Nagaon,DISTRICT_OR_REPORTING_UNIT,VALID
Assam,Nalbari,2014,41,0,0,0,41,0,41,0,100,0,0,0,100,0,0,0,0,0,0,0,0,0,0,0,0,0,42,0,0,0,0,0,0,0,0,0,0,0,0,0,0,0,0,0,0,0,0,0,0,0,0,0,0,0,0,0,0,0,183,WOMEN,42_District_wise_crimes_committed_against_women_2014.csv,63,42_District_wise_crimes_committed_against_women_2014.csv::63,False,UNIQUE,Nalbari,DISTRICT_OR_REPORTING_UNIT,VALID
Assam,Sibsagar,2014,44,0,0,0,44,0,44,0,177,0,0,0,177,0,6,153,0,0,0,0,153,0,0,0,0,0,333,0,0,0,0,0,0,0,0,0,0,0,0,0,0,0,0,0,0,0,0,0,0,0,0,0,0,0,0,0,0,0,713,WOMEN,42_District_wise_crimes_committed_against_women_2014.csv,64,42_District_wise_crimes_committed_against_women_2014.csv::64,False,UNIQUE,Sibsagar,DISTRICT_OR_REPORTING_UNIT,VALID
Assam,Sonitpur,2014,112,0,0,0,112,0,112,0,202,0,0,0,202,0,5,20,0,0,0,0,20,0,0,0,0,0,381,0,0,0,0,0,0,0,0,0,0,0,0,0,0,0,0,0,0,0,0,0,0,0,0,4,0,0,0,0,4,0,724,WOMEN,42_District_wise_crimes_committed_against_women_2014.csv,65,42_District_wise_crimes_committed_against_women_2014.csv::65,False,UNIQUE,Sonitpur,DISTRICT_OR_REPORTING_UNIT,VALID
Assam,Tinsukia,2014,66,0,0,0,66,0,66,3,64,0,0,0,64,0,3,66,0,0,0,0,66,0,0,0,0,0,164,0,12,3,0,0,9,9,0,0,0,0,0,0,0,0,0,0,0,0,0,64,0,0,0,4,0,0,0,0,4,0,458,WOMEN,42_District_wise_crimes_committed_against_women_2014.csv,66,42_District_wise_crimes_committed_against_women_2014.csv::66,False,UNIQUE,Tinsukia,DISTRICT_OR_REPORTING_UNIT,VALID
Assam,Udalguri,2014,34,0,0,0,34,0,34,1,62,0,1,0,61,0,9,35,0,0,0,0,35,0,0,0,0,0,81,0,12,0,0,0,0,0,0,0,0,0,0,0,0,0,0,1,0,0,0,0,0,0,0,0,0,0,0,0,0,0,235,WOMEN,42_District_wise_crimes_committed_against_women_2014.csv,67,42_District_wise_crimes_committed_against_women_2014.csv::67,False,UNIQUE,Udalguri,DISTRICT_OR_REPORTING_UNIT,VALID
Bihar,Araria,2014,35,0,0,0,35,0,35,0,68,0,0,0,68,0,17,1,0,1,0,0,0,0,0,0,0,0,6,0,0,0,0,0,0,0,0,0,0,0,0,0,0,0,0,0,0,0,0,34,0,0,0,0,0,0,0,0,0,0,161,WOMEN,42_District_wise_crimes_committed_against_women_2014.csv,69,42_District_wise_crimes_committed_against_women_2014.csv::69,False,UNIQUE,Araria,DISTRICT_OR_REPORTING_UNIT,VALID
Bihar,Arwal,2014,6,0,0,0,6,0,6,0,18,0,0,0,18,0,11,4,1,0,0,0,3,0,0,0,0,0,0,0,0,0,0,0,0,0,0,0,0,0,0,0,0,0,0,0,0,0,0,40,0,0,0,0,0,0,0,0,0,0,79,WOMEN,42_District_wise_crimes_committed_against_women_2014.csv,70,42_District_wise_crimes_committed_against_women_2014.csv::70,False,UNIQUE,Arwal,DISTRICT_OR_REPORTING_UNIT,VALID
Bihar,Aurangabad,2014,12,0,0,0,12,1,11,10,70,0,0,1,69,0,28,29,25,2,0,1,1,0,0,0,0,0,110,0,4,2,0,0,30,29,1,0,0,0,16,0,16,0,0,0,0,0,0,50,0,0,0,0,0,0,0,0,0,0,361,WOMEN,42_District_wise_crimes_committed_against_women_2014.csv,71,42_District_wise_crimes_committed_against_women_2014.csv::71,False,UNIQUE,Aurangabad,DISTRICT_OR_REPORTING_UNIT,VALID
Bihar,Bagaha,2014,14,0,0,0,14,1,13,9,56,0,0,0,56,0,7,38,25,12,0,1,0,0,0,0,0,0,56,0,0,0,0,0,0,0,0,0,0,0,0,0,0,6,0,0,0,0,0,32,0,0,0,5,5,0,0,0,0,0,223,WOMEN,42_District_wise_crimes_committed_against_women_2014.csv,72,42_District_wise_crimes_committed_against_women_2014.csv::72,False,UNIQUE,Bagaha,DISTRICT_OR_REPORTING_UNIT,VALID
Bihar,Banka,2014,22,0,0,0,22,0,22,0,62,0,0,0,62,0,23,3,0,3,0,0,0,0,0,0,0,0,64,0,6,18,0,34,54,54,0,0,0,0,0,0,0,0,4,0,0,0,0,38,0,0,0,0,0,0,0,0,0,0,328,WOMEN,42_District_wise_crimes_committed_against_women_2014.csv,73,42_District_wise_crimes_committed_against_women_2014.csv::73,False,UNIQUE,Banka,DISTRICT_OR_REPORTING_UNIT,VALID
Bihar,Begusarai,2014,30,0,0,0,30,5,25,27,132,0,0,0,132,0,28,37,2,3,0,3,29,1,0,0,0,1,55,0,0,0,0,0,1,1,0,0,0,0,0,0,0,0,0,0,0,0,0,56,0,0,0,4,2,2,0,0,0,0,371,WOMEN,42_District_wise_crimes_committed_against_women_2014.csv,74,42_District_wise_crimes_committed_against_women_2014.csv::74,False,UNIQUE,Begusarai,DISTRICT_OR_REPORTING_UNIT,VALID
Bihar,Bettiah,2014,33,0,0,0,33,0,33,0,102,0,0,0,102,0,39,0,0,0,0,0,0,0,0,0,0,0,106,0,5,2,0,0,0,0,0,0,0,0,1,0,1,0,0,0,0,0,0,0,0,0,0,0,0,0,0,0,0,0,288,WOMEN,42_District_wise_crimes_committed_against_women_2014.csv,75,42_District_wise_crimes_committed_against_women_2014.csv::75,False,UNIQUE,Bettiah,DISTRICT_OR_REPORTING_UNIT,VALID
Bihar,Bhabhua,2014,12,0,0,0,12,0,12,16,61,2,0,0,59,0,12,0,0,0,0,0,0,0,0,0,0,0,44,0,6,12,0,0,0,0,0,0,0,0,2,0,2,2,8,0,0,0,0,7,0,0,0,0,0,0,0,0,0,0,182,WOMEN,42_District_wise_crimes_committed_against_women_2014.csv,76,42_District_wise_crimes_committed_against_women_2014.csv::76,False,UNIQUE,Bhabhua,DISTRICT_OR_REPORTING_UNIT,VALID
Bihar,Bhagalpur,2014,52,0,0,0,52,2,50,25,165,0,0,0,165,0,20,31,16,13,0,2,0,0,0,0,0,0,161,0,0,0,0,0,1,0,1,0,0,0,0,0,0,0,0,1,0,0,0,109,0,0,0,0,0,0,0,0,0,0,565,WOMEN,42_District_wise_crimes_committed_against_women_2014.csv,77,42_District_wise_crimes_committed_against_women_2014.csv::77,False,UNIQUE,Bhagalpur,DISTRICT_OR_REPORTING_UNIT,VALID
Bihar,Bhojpur,2014,32,0,0,0,32,5,27,15,115,0,0,0,107,8,46,7,2,5,0,0,0,0,0,0,0,0,129,0,35,47,3,44,81,81,0,0,0,0,0,0,0,0,0,0,0,0,0,0,0,0,0,3,3,0,0,0,0,0,557,WOMEN,42_District_wise_crimes_committed_against_women_2014.csv,78,42_District_wise_crimes_committed_against_women_2014.csv::78,False,UNIQUE,Bhojpur,DISTRICT_OR_REPORTING_UNIT,VALID
Bihar,Buxar,2014,16,0,0,0,16,0,16,0,72,0,0,0,72,0,24,13,13,0,0,0,0,0,0,0,0,0,95,0,6,0,0,0,40,40,0,0,0,0,0,0,0,0,0,0,0,0,0,53,0,0,0,0,0,0,0,0,0,0,319,WOMEN,42_District_wise_crimes_committed_against_women_2014.csv,79,42_District_wise_crimes_committed_against_women_2014.csv::79,False,UNIQUE,Buxar,DISTRICT_OR_REPORTING_UNIT,VALID
Bihar,Darbhanga,2014,50,0,0,0,50,0,50,56,216,0,0,0,216,0,30,8,8,0,0,0,0,0,0,0,0,0,298,0,4,15,1,0,12,12,0,0,0,0,0,0,0,0,0,0,0,0,0,206,0,0,0,0,0,0,0,0,0,0,896,WOMEN,42_District_wise_crimes_committed_against_women_2014.csv,80,42_District_wise_crimes_committed_against_women_2014.csv::80,False,UNIQUE,Darbhanga,DISTRICT_OR_REPORTING_UNIT,VALID
Bihar,Gaya,2014,48,0,0,0,48,0,48,26,174,0,0,0,174,0,63,0,0,0,0,0,0,0,0,0,0,0,198,0,0,0,0,0,0,0,0,0,0,0,0,0,0,0,0,1,0,0,0,107,0,0,112,2,2,0,0,0,0,0,731,WOMEN,42_District_wise_crimes_committed_against_women_2014.csv,81,42_District_wise_crimes_committed_against_women_2014.csv::81,False,UNIQUE,Gaya,DISTRICT_OR_REPORTING_UNIT,VALID
Bihar,Gopalganj,2014,14,0,0,0,14,5,9,0,110,0,0,0,110,0,33,0,0,0,0,0,0,6,0,0,0,6,156,0,13,125,0,0,0,0,0,0,0,0,0,0,0,0,0,0,0,0,0,0,0,0,0,0,0,0,0,0,0,0,457,WOMEN,42_District_wise_crimes_committed_against_women_2014.csv,82,42_District_wise_crimes_committed_against_women_2014.csv::82,False,UNIQUE,Gopalganj,DISTRICT_OR_REPORTING_UNIT,VALID
Bihar,Jamui,2014,23,0,0,0,23,1,22,23,46,0,2,0,41,3,21,10,0,0,0,0,10,1,0,0,0,1,46,0,15,2,2,0,8,8,0,0,0,0,1,0,1,0,1,0,0,0,0,44,0,0,0,0,0,0,0,0,0,0,243,WOMEN,42_District_wise_crimes_committed_against_women_2014.csv,84,42_District_wise_crimes_committed_against_women_2014.csv::84,False,UNIQUE,Jamui,DISTRICT_OR_REPORTING_UNIT,VALID
Bihar,Jehanabad,2014,10,0,0,0,10,1,9,13,66,11,0,0,55,0,22,0,0,0,0,0,0,0,0,0,0,0,56,0,10,0,0,0,43,43,0,0,0,0,0,0,0,0,0,0,0,0,0,0,0,0,0,0,0,0,0,0,0,0,220,WOMEN,42_District_wise_crimes_committed_against_women_2014.csv,85,42_District_wise_crimes_committed_against_women_2014.csv::85,False,UNIQUE,Jehanabad,DISTRICT_OR_REPORTING_UNIT,VALID
Bihar,Katihar,2014,65,0,0,0,65,0,65,17,116,0,0,0,103,13,14,0,0,0,0,0,0,0,0,0,0,0,59,0,2,9,0,0,22,22,0,0,0,0,3,0,3,4,2,2,0,0,0,65,0,0,0,0,0,0,0,0,0,0,380,WOMEN,42_District_wise_crimes_committed_against_women_2014.csv,86,42_District_wise_crimes_committed_against_women_2014.csv::86,False,UNIQUE,Katihar,DISTRICT_OR_REPORTING_UNIT,VALID
Bihar,Khagaria,2014,14,0,0,0,14,0,14,17,92,0,0,0,92,0,17,2,2,0,0,0,0,0,0,0,0,0,19,0,7,3,0,0,26,26,0,0,0,0,0,0,0,1,1,0,0,0,0,3,0,0,0,0,0,0,0,0,0,0,202,WOMEN,42_District_wise_crimes_committed_against_women_2014.csv,88,42_District_wise_crimes_committed_against_women_2014.csv::88,False,UNIQUE,Khagaria,DISTRICT_OR_REPORTING_UNIT,VALID
Bihar,Kishanganj,2014,64,0,0,0,64,0,64,0,101,0,0,0,101,0,12,22,1,0,0,0,21,0,0,0,0,0,85,0,0,0,0,0,0,0,0,0,0,0,0,0,0,0,0,0,0,0,0,27,0,0,0,7,7,0,0,0,0,0,318,WOMEN,42_District_wise_crimes_committed_against_women_2014.csv,89,42_District_wise_crimes_committed_against_women_2014.csv::89,False,UNIQUE,Kishanganj,DISTRICT_OR_REPORTING_UNIT,VALID
Bihar,Lakhisarai,2014,10,0,0,0,10,1,9,5,35,0,0,0,35,0,8,63,43,20,0,0,0,1,0,0,0,1,29,0,9,8,1,0,4,4,0,0,0,0,0,0,0,5,2,4,0,0,0,31,0,0,0,0,0,0,0,0,0,0,215,WOMEN,42_District_wise_crimes_committed_against_women_2014.csv,90,42_District_wise_crimes_committed_against_women_2014.csv::90,False,UNIQUE,Lakhisarai,DISTRICT_OR_REPORTING_UNIT,VALID
Bihar,Madhepura,2014,10,0,0,0,10,0,10,19,64,3,4,0,57,0,8,8,8,0,0,0,0,0,0,0,0,0,50,0,5,10,0,3,2,2,0,0,0,0,1,0,1,4,3,0,0,0,0,5,0,0,0,0,0,0,0,0,0,10,202,WOMEN,42_District_wise_crimes_committed_against_women_2014.csv,91,42_District_wise_crimes_committed_against_women_2014.csv::91,False,UNIQUE,Madhepura,DISTRICT_OR_REPORTING_UNIT,VALID
Bihar,Madhubani,2014,41,0,0,0,41,0,41,11,169,0,0,0,169,0,34,9,9,0,0,0,0,0,0,0,0,0,227,0,1,0,0,0,0,0,0,0,0,0,0,0,0,0,0,0,0,0,0,0,0,0,0,0,0,0,0,0,0,0,492,WOMEN,42_District_wise_crimes_committed_against_women_2014.csv,92,42_District_wise_crimes_committed_against_women_2014.csv::92,False,UNIQUE,Madhubani,DISTRICT_OR_REPORTING_UNIT,VALID
Bihar,Motihari,2014,31,0,0,0,31,0,31,0,223,0,0,0,223,0,75,0,0,0,0,0,0,0,0,0,0,0,263,0,0,0,0,0,0,0,0,0,0,0,0,0,0,0,0,0,0,0,0,167,0,0,0,0,0,0,0,0,0,0,759,WOMEN,42_District_wise_crimes_committed_against_women_2014.csv,93,42_District_wise_crimes_committed_against_women_2014.csv::93,False,UNIQUE,Motihari,DISTRICT_OR_REPORTING_UNIT,VALID
Bihar,Munger,2014,11,0,0,0,11,0,11,8,49,8,2,1,38,0,8,5,3,2,0,0,0,0,0,0,0,0,48,0,2,3,0,0,0,0,0,0,0,0,0,0,0,0,0,0,0,0,0,0,0,0,0,0,0,0,0,0,0,0,134,WOMEN,42_District_wise_crimes_committed_against_women_2014.csv,94,42_District_wise_crimes_committed_against_women_2014.csv::94,False,UNIQUE,Munger,DISTRICT_OR_REPORTING_UNIT,VALID
Bihar,Muzaffarpur,2014,44,0,0,0,44,0,44,61,215,0,0,0,215,0,178,166,83,0,0,0,83,0,0,0,0,0,109,5,43,16,9,0,968,968,0,0,0,0,9,0,9,58,9,0,0,0,0,178,0,0,0,0,0,0,0,0,0,0,2068,WOMEN,42_District_wise_crimes_committed_against_women_2014.csv,95,42_District_wise_crimes_committed_against_women_2014.csv::95,False,UNIQUE,Muzaffarpur,DISTRICT_OR_REPORTING_UNIT,VALID
Bihar,Nalanda,2014,29,0,0,0,29,1,28,12,124,5,0,0,119,0,59,4,0,0,4,0,0,0,0,0,0,0,271,0,5,0,0,0,0,0,0,0,0,0,0,0,0,0,0,0,0,0,0,203,0,0,0,0,0,0,0,0,0,0,707,WOMEN,42_District_wise_crimes_committed_against_women_2014.csv,97,42_District_wise_crimes_committed_against_women_2014.csv::97,False,UNIQUE,Nalanda,DISTRICT_OR_REPORTING_UNIT,VALID
Bihar,Naugachia,2014,10,0,0,0,10,0,10,0,36,0,0,0,36,0,10,3,3,0,0,0,0,0,0,0,0,0,88,0,4,0,0,0,0,0,0,0,0,0,0,0,0,0,0,0,0,0,0,0,0,0,0,0,0,0,0,0,0,0,151,WOMEN,42_District_wise_crimes_committed_against_women_2014.csv,98,42_District_wise_crimes_committed_against_women_2014.csv::98,False,UNIQUE,Naugachia,DISTRICT_OR_REPORTING_UNIT,VALID
Bihar,Nawadah,2014,22,0,0,0,22,0,22,3,57,0,0,0,57,0,22,10,10,0,0,0,0,0,0,0,0,0,77,0,0,0,0,0,0,0,0,0,0,0,0,0,0,0,0,0,0,0,0,14,0,0,0,0,0,0,0,0,0,0,205,WOMEN,42_District_wise_crimes_committed_against_women_2014.csv,99,42_District_wise_crimes_committed_against_women_2014.csv::99,False,UNIQUE,Nawadah,DISTRICT_OR_REPORTING_UNIT,VALID
Bihar,Patna,2014,86,0,0,0,86,1,85,28,519,0,0,0,519,0,83,0,0,0,0,0,0,60,0,0,0,60,535,0,78,0,0,0,145,145,0,0,0,0,0,0,0,0,0,0,0,0,0,146,0,0,0,10,10,0,0,0,0,0,1690,WOMEN,42_District_wise_crimes_committed_against_women_2014.csv,100,42_District_wise_crimes_committed_against_women_2014.csv::100,False,UNIQUE,Patna,DISTRICT_OR_REPORTING_UNIT,VALID
Bihar,Purnea,2014,66,0,0,0,66,0,66,0,140,0,0,0,140,0,26,30,0,0,0,0,30,0,0,0,0,0,115,0,0,0,0,0,0,0,0,0,0,0,0,0,0,0,0,0,0,0,0,16,0,0,0,0,0,0,0,0,0,0,393,WOMEN,42_District_wise_crimes_committed_against_women_2014.csv,102,42_District_wise_crimes_committed_against_women_2014.csv::102,False,UNIQUE,Purnea,DISTRICT_OR_REPORTING_UNIT,VALID
Bihar,Rohtas,2014,22,0,0,0,22,0,22,5,115,0,0,0,115,0,54,0,0,0,0,0,0,0,0,0,0,0,106,0,17,0,0,0,91,91,0,0,0,0,0,0,0,0,0,0,0,0,0,0,0,0,0,0,0,0,0,0,0,0,410,WOMEN,42_District_wise_crimes_committed_against_women_2014.csv,103,42_District_wise_crimes_committed_against_women_2014.csv::103,False,UNIQUE,Rohtas,DISTRICT_OR_REPORTING_UNIT,VALID
Bihar,Saharsa,2014,14,0,0,0,14,0,14,0,94,0,0,0,94,0,19,0,0,0,0,0,0,0,0,0,0,0,70,0,0,13,0,0,0,0,0,0,0,0,0,0,0,0,0,0,0,0,0,0,0,0,0,0,0,0,0,0,0,0,210,WOMEN,42_District_wise_crimes_committed_against_women_2014.csv,104,42_District_wise_crimes_committed_against_women_2014.csv::104,False,UNIQUE,Saharsa,DISTRICT_OR_REPORTING_UNIT,VALID
Bihar,Samastipur,2014,38,0,0,0,38,0,38,40,173,0,0,0,173,0,39,0,0,0,0,0,0,0,0,0,0,0,184,0,33,20,7,0,75,75,0,0,0,0,0,0,0,15,5,0,0,0,0,72,0,0,0,0,0,0,0,0,0,0,701,WOMEN,42_District_wise_crimes_committed_against_women_2014.csv,105,42_District_wise_crimes_committed_against_women_2014.csv::105,False,UNIQUE,Samastipur,DISTRICT_OR_REPORTING_UNIT,VALID
Bihar,Saran,2014,37,0,0,0,37,0,37,0,160,0,0,0,160,0,83,0,0,0,0,0,0,0,0,0,0,0,157,0,0,0,0,0,0,0,0,0,0,0,1,0,1,4,13,0,0,0,0,71,0,0,0,0,0,0,0,0,0,0,526,WOMEN,42_District_wise_crimes_committed_against_women_2014.csv,106,42_District_wise_crimes_committed_against_women_2014.csv::106,False,UNIQUE,Saran,DISTRICT_OR_REPORTING_UNIT,VALID
Bihar,Sheikhpura,2014,5,0,0,0,5,0,5,0,34,0,0,0,34,0,6,18,1,0,0,0,17,0,0,0,0,0,72,0,0,0,0,0,0,0,0,0,0,0,0,0,0,0,0,0,0,0,0,45,0,0,0,0,0,0,0,0,0,0,180,WOMEN,42_District_wise_crimes_committed_against_women_2014.csv,107,42_District_wise_crimes_committed_against_women_2014.csv::107,False,UNIQUE,Sheikhpura,DISTRICT_OR_REPORTING_UNIT,VALID
Bihar,Sheohar,2014,8,0,0,0,8,0,8,5,24,0,0,0,24,0,6,16,10,0,0,0,6,0,0,0,0,0,14,0,0,0,0,0,1,1,0,0,0,0,0,0,0,0,0,0,0,0,0,6,0,0,0,0,0,0,0,0,0,0,80,WOMEN,42_District_wise_crimes_committed_against_women_2014.csv,108,42_District_wise_crimes_committed_against_women_2014.csv::108,False,UNIQUE,Sheohar,DISTRICT_OR_REPORTING_UNIT,VALID
Bihar,Sitamarhi,2014,11,0,0,0,11,0,11,20,188,0,0,0,188,0,29,0,0,0,0,0,0,0,0,0,0,0,242,0,0,0,0,0,12,12,0,0,0,0,0,0,0,0,2,0,0,0,115,125,0,0,0,0,0,0,0,0,0,137,881,WOMEN,42_District_wise_crimes_committed_against_women_2014.csv,109,42_District_wise_crimes_committed_against_women_2014.csv::109,False,UNIQUE,Sitamarhi,DISTRICT_OR_REPORTING_UNIT,VALID
Bihar,Siwan,2014,17,0,0,0,17,0,17,0,152,0,0,0,152,0,64,7,0,0,0,0,7,0,0,0,0,0,50,0,0,0,0,0,0,0,0,0,0,0,0,0,0,0,0,0,0,0,0,225,0,0,0,0,0,0,0,0,0,0,515,WOMEN,42_District_wise_crimes_committed_against_women_2014.csv,110,42_District_wise_crimes_committed_against_women_2014.csv::110,False,UNIQUE,Siwan,DISTRICT_OR_REPORTING_UNIT,VALID
Bihar,Supaul,2014,32,0,0,0,32,0,32,13,90,26,0,0,64,0,22,0,0,0,0,0,0,0,0,0,0,0,83,0,0,6,0,0,0,0,0,0,0,0,0,0,0,0,1,0,0,0,0,28,0,0,0,0,0,0,0,0,0,0,275,WOMEN,42_District_wise_crimes_committed_against_women_2014.csv,111,42_District_wise_crimes_committed_against_women_2014.csv::111,False,UNIQUE,Supaul,DISTRICT_OR_REPORTING_UNIT,VALID
Bihar,Vaishali,2014,28,0,0,0,28,0,28,0,226,0,0,0,222,4,66,0,0,0,0,0,0,0,0,0,0,0,139,0,3,0,0,0,20,20,0,0,0,0,0,0,0,0,0,0,0,0,0,0,0,0,0,0,0,0,0,0,0,0,482,WOMEN,42_District_wise_crimes_committed_against_women_2014.csv,112,42_District_wise_crimes_committed_against_women_2014.csv::112,False,UNIQUE,Vaishali,DISTRICT_OR_REPORTING_UNIT,VALID
Bihar,Economic Offences Unit,2014,0,0,0,0,0,0,0,0,0,0,0,0,0,0,0,0,0,0,0,0,0,0,0,0,0,0,0,0,0,0,0,0,0,0,0,0,0,0,0,0,0,0,0,0,0,0,0,0,0,0,0,0,0,0,0,0,0,0,0,WOMEN,42_District_wise_crimes_committed_against_women_2014.csv,113,42_District_wise_crimes_committed_against_women_2014.csv::113,False,UNIQUE,Economic Offences Unit,DISTRICT_OR_REPORTING_UNIT,VALID
Bihar,Anti Terrorist Squad,2014,0,0,0,0,0,0,0,0,0,0,0,0,0,0,0,0,0,0,0,0,0,0,0,0,0,0,0,0,0,0,0,0,0,0,0,0,0,0,0,0,0,0,0,0,0,0,0,0,0,0,0,0,0,0,0,0,0,0,0,WOMEN,42_District_wise_crimes_committed_against_women_2014.csv,114,42_District_wise_crimes_committed_against_women_2014.csv::114,False,UNIQUE,Anti Terrorist Squad,DISTRICT_OR_REPORTING_UNIT,VALID
Chhattisgarh,Balod,2014,34,0,0,0,34,2,32,0,18,0,0,0,18,0,4,62,16,8,0,9,29,3,0,0,0,3,23,0,8,8,0,0,3,3,0,0,0,0,0,0,0,2,0,0,1,0,198,0,0,0,0,0,0,0,0,0,0,5,369,WOMEN,42_District_wise_crimes_committed_against_women_2014.csv,116,42_District_wise_crimes_committed_against_women_2014.csv::116,False,UNIQUE,Balod,DISTRICT_OR_REPORTING_UNIT,VALID
Chhattisgarh,Balodbazar,2014,40,0,0,0,40,5,35,6,113,113,0,0,0,0,8,95,84,11,0,0,0,6,0,6,0,0,32,0,8,2,0,0,177,177,0,0,0,0,0,0,0,1,3,0,0,1,0,0,0,0,0,0,0,0,0,0,0,0,492,WOMEN,42_District_wise_crimes_committed_against_women_2014.csv,117,42_District_wise_crimes_committed_against_women_2014.csv::117,False,UNIQUE,Balodbazar,DISTRICT_OR_REPORTING_UNIT,VALID
Chhattisgarh,Balrampur,2014,111,0,0,0,111,6,105,0,14,0,0,0,0,14,5,62,0,0,0,0,62,1,0,0,0,1,39,0,29,8,0,0,27,27,0,0,0,0,0,0,0,0,0,4,5,0,166,0,0,0,0,0,0,0,0,0,0,9,480,WOMEN,42_District_wise_crimes_committed_against_women_2014.csv,118,42_District_wise_crimes_committed_against_women_2014.csv::118,False,UNIQUE,Balrampur,DISTRICT_OR_REPORTING_UNIT,VALID
Chhattisgarh,Bemetra,2014,41,0,0,0,41,2,39,0,23,0,0,0,23,0,3,56,0,0,0,0,56,0,0,0,0,0,19,0,7,2,0,0,0,0,0,0,0,0,0,0,0,2,0,0,0,0,200,1,0,0,0,0,0,0,0,0,0,0,354,WOMEN,42_District_wise_crimes_committed_against_women_2014.csv,119,42_District_wise_crimes_committed_against_women_2014.csv::119,False,UNIQUE,Bemetra,DISTRICT_OR_REPORTING_UNIT,VALID
Chhattisgarh,Bilaspur,2014,94,0,0,0,94,4,90,0,156,132,0,0,24,0,13,211,49,2,3,15,142,5,0,0,0,5,75,0,36,8,0,0,14,14,0,0,0,0,0,0,0,4,1,0,13,0,270,0,0,0,0,0,0,0,0,0,0,10,910,WOMEN,42_District_wise_crimes_committed_against_women_2014.csv,120,42_District_wise_crimes_committed_against_women_2014.csv::120,False,UNIQUE,Bilaspur,DISTRICT_OR_REPORTING_UNIT,VALID
Chhattisgarh,Bizapur,2014,6,0,0,0,6,0,6,0,8,6,2,0,0,0,0,2,1,0,0,1,0,0,0,0,0,0,2,0,4,0,0,0,2,2,0,0,0,0,0,0,0,0,0,0,0,0,38,0,0,0,0,0,0,0,0,0,0,0,62,WOMEN,42_District_wise_crimes_committed_against_women_2014.csv,121,42_District_wise_crimes_committed_against_women_2014.csv::121,False,UNIQUE,Bizapur,DISTRICT_OR_REPORTING_UNIT,VALID
Chhattisgarh,Dantewara,2014,11,0,0,0,11,1,10,0,6,3,0,0,3,0,0,9,3,1,0,1,4,0,0,0,0,0,6,0,5,0,0,0,1,1,0,0,0,0,0,0,0,0,0,3,0,0,11,0,0,0,0,0,0,0,0,0,0,0,52,WOMEN,42_District_wise_crimes_committed_against_women_2014.csv,122,42_District_wise_crimes_committed_against_women_2014.csv::122,False,UNIQUE,Dantewara,DISTRICT_OR_REPORTING_UNIT,VALID
Chhattisgarh,Dhamtari,2014,36,0,0,0,36,0,36,1,19,12,0,0,7,0,3,49,4,6,0,3,36,6,0,0,0,6,9,0,10,4,0,0,5,5,0,0,0,0,0,0,0,0,0,0,4,0,129,0,0,0,0,0,0,0,0,0,0,0,275,WOMEN,42_District_wise_crimes_committed_against_women_2014.csv,123,42_District_wise_crimes_committed_against_women_2014.csv::123,False,UNIQUE,Dhamtari,DISTRICT_OR_REPORTING_UNIT,VALID
Chhattisgarh,Durg,2014,84,0,0,0,84,0,84,4,150,126,0,0,24,0,12,254,0,0,0,0,254,12,0,0,0,12,172,0,14,13,0,0,7,7,0,0,0,0,0,0,0,15,2,3,6,2,633,1,0,0,0,0,0,0,0,0,0,12,1396,WOMEN,42_District_wise_crimes_committed_against_women_2014.csv,124,42_District_wise_crimes_committed_against_women_2014.csv::124,False,UNIQUE,Durg,DISTRICT_OR_REPORTING_UNIT,VALID
Chhattisgarh,Gariyaband,2014,42,0,0,0,42,1,41,1,13,10,0,0,3,0,3,31,12,1,0,4,14,3,0,0,0,3,14,0,7,3,0,0,6,6,0,0,0,0,0,0,0,1,0,0,0,1,87,1,0,0,0,0,0,0,0,0,0,0,213,WOMEN,42_District_wise_crimes_committed_against_women_2014.csv,125,42_District_wise_crimes_committed_against_women_2014.csv::125,False,UNIQUE,Gariyaband,DISTRICT_OR_REPORTING_UNIT,VALID
Chhattisgarh,G. R. P. Raipur,2014,0,0,0,0,0,0,0,0,1,1,0,0,0,0,1,8,7,1,0,0,0,0,0,0,0,0,4,0,1,0,0,0,0,0,0,0,0,0,0,0,0,3,0,0,0,0,2,0,0,0,0,0,0,0,0,0,0,0,20,WOMEN,42_District_wise_crimes_committed_against_women_2014.csv,126,42_District_wise_crimes_committed_against_women_2014.csv::126,False,UNIQUE,G. R. P. Raipur,DISTRICT_OR_REPORTING_UNIT,VALID
Chhattisgarh,Jagdalpur,2014,32,0,0,0,32,0,32,0,31,0,0,0,0,31,1,42,42,0,0,0,0,0,0,0,0,0,20,0,12,2,0,0,70,70,0,0,0,0,0,0,0,0,0,0,0,0,26,0,0,0,0,0,0,0,0,0,0,0,236,WOMEN,42_District_wise_crimes_committed_against_women_2014.csv,127,42_District_wise_crimes_committed_against_women_2014.csv::127,False,UNIQUE,Jagdalpur,DISTRICT_OR_REPORTING_UNIT,VALID
Chhattisgarh,Janjgir,2014,64,0,0,0,64,4,60,0,106,79,1,0,25,1,20,141,54,8,0,2,77,7,0,0,0,7,90,0,20,9,2,0,9,9,0,0,0,0,0,0,0,6,2,1,15,0,289,0,0,0,0,0,0,0,0,0,0,2,783,WOMEN,42_District_wise_crimes_committed_against_women_2014.csv,128,42_District_wise_crimes_committed_against_women_2014.csv::128,False,UNIQUE,Janjgir,DISTRICT_OR_REPORTING_UNIT,VALID
Chhattisgarh,Jashpur,2014,86,0,0,0,86,8,78,0,33,14,0,0,8,11,0,48,48,0,0,0,0,0,0,0,0,0,11,0,23,3,0,0,16,16,0,0,0,0,0,0,0,1,0,15,0,0,0,0,0,0,0,0,0,0,0,0,0,0,236,WOMEN,42_District_wise_crimes_committed_against_women_2014.csv,129,42_District_wise_crimes_committed_against_women_2014.csv::129,False,UNIQUE,Jashpur,DISTRICT_OR_REPORTING_UNIT,VALID
Chhattisgarh,Kabirdham,2014,39,0,0,0,39,0,39,1,54,47,1,0,6,0,6,84,0,4,0,2,78,2,0,2,0,0,14,0,14,2,0,0,4,4,0,0,0,0,0,0,0,0,0,0,5,0,158,0,0,0,0,0,0,0,0,0,0,0,383,WOMEN,42_District_wise_crimes_committed_against_women_2014.csv,130,42_District_wise_crimes_committed_against_women_2014.csv::130,False,UNIQUE,Kabirdham,DISTRICT_OR_REPORTING_UNIT,VALID
Chhattisgarh,Kanker,2014,40,0,0,0,40,0,40,0,31,31,0,0,0,0,5,37,0,0,0,0,37,2,0,0,0,2,25,0,18,7,0,0,7,7,0,0,0,0,0,0,0,0,0,0,8,0,76,0,0,0,0,0,0,0,0,0,0,0,256,WOMEN,42_District_wise_crimes_committed_against_women_2014.csv,131,42_District_wise_crimes_committed_against_women_2014.csv::131,False,UNIQUE,Kanker,DISTRICT_OR_REPORTING_UNIT,VALID
Chhattisgarh,Kondagaon,2014,21,0,0,0,21,0,21,0,15,0,0,0,12,3,1,16,2,4,0,0,10,0,0,0,0,0,8,0,15,1,1,0,10,10,0,0,0,0,0,0,0,0,0,0,0,0,21,0,0,0,0,0,0,0,0,0,0,0,109,WOMEN,42_District_wise_crimes_committed_against_women_2014.csv,132,42_District_wise_crimes_committed_against_women_2014.csv::132,False,UNIQUE,Kondagaon,DISTRICT_OR_REPORTING_UNIT,VALID
Chhattisgarh,Korba,2014,68,0,0,0,68,10,58,2,36,0,0,0,11,25,6,83,5,1,0,5,72,4,0,0,0,4,51,0,16,0,0,0,6,6,0,0,0,0,0,0,0,0,0,2,0,0,0,0,0,0,0,0,0,0,0,0,0,0,274,WOMEN,42_District_wise_crimes_committed_against_women_2014.csv,133,42_District_wise_crimes_committed_against_women_2014.csv::133,False,UNIQUE,Korba,DISTRICT_OR_REPORTING_UNIT,VALID
Chhattisgarh,Koriya,2014,58,0,0,0,58,3,55,0,62,50,0,0,12,0,2,74,74,0,0,0,0,1,0,0,0,1,59,0,17,5,0,0,170,170,0,0,0,0,0,0,0,2,0,0,0,0,0,1,0,0,0,0,0,0,0,0,0,0,451,WOMEN,42_District_wise_crimes_committed_against_women_2014.csv,134,42_District_wise_crimes_committed_against_women_2014.csv::134,False,UNIQUE,Koriya,DISTRICT_OR_REPORTING_UNIT,VALID
Chhattisgarh,Mahasamund,2014,44,0,0,0,44,0,44,0,65,52,0,0,7,6,10,99,1,0,0,0,98,4,0,0,0,4,28,0,12,5,0,0,2,2,0,0,1,0,0,0,0,0,0,0,4,0,193,0,0,0,0,0,0,0,0,0,0,0,467,WOMEN,42_District_wise_crimes_committed_against_women_2014.csv,135,42_District_wise_crimes_committed_against_women_2014.csv::135,False,UNIQUE,Mahasamund,DISTRICT_OR_REPORTING_UNIT,VALID
Chhattisgarh,Mungali,2014,10,0,0,0,10,1,9,0,32,32,0,0,0,0,6,38,0,0,0,0,38,15,0,0,0,15,14,0,11,1,0,0,0,0,0,0,0,0,0,0,0,2,0,0,0,0,0,0,0,0,0,0,0,0,0,0,0,0,129,WOMEN,42_District_wise_crimes_committed_against_women_2014.csv,136,42_District_wise_crimes_committed_against_women_2014.csv::136,False,UNIQUE,Mungali,DISTRICT_OR_REPORTING_UNIT,VALID
Chhattisgarh,Narayanpur,2014,7,0,0,0,7,0,7,0,5,3,0,0,2,0,0,6,0,0,0,0,6,0,0,0,0,0,1,0,1,0,0,0,1,1,0,0,0,0,0,0,0,0,0,6,0,0,0,0,0,0,0,0,0,0,0,0,0,0,27,WOMEN,42_District_wise_crimes_committed_against_women_2014.csv,137,42_District_wise_crimes_committed_against_women_2014.csv::137,False,UNIQUE,Narayanpur,DISTRICT_OR_REPORTING_UNIT,VALID
Chhattisgarh,Raigarh,2014,121,0,0,0,121,3,118,0,49,0,0,0,0,49,7,140,140,0,0,0,0,1,0,1,0,0,46,0,29,6,1,0,142,142,0,0,0,0,0,0,0,1,2,0,0,0,0,0,0,0,0,0,0,0,0,0,0,0,545,WOMEN,42_District_wise_crimes_committed_against_women_2014.csv,138,42_District_wise_crimes_committed_against_women_2014.csv::138,False,UNIQUE,Raigarh,DISTRICT_OR_REPORTING_UNIT,VALID
Chhattisgarh,Raipur,2014,141,0,0,0,141,4,137,6,179,146,0,0,33,0,3,224,48,20,2,16,138,4,0,4,0,0,96,0,16,17,1,0,7,7,0,0,0,0,0,0,0,17,1,0,16,0,559,4,0,0,0,2,2,0,0,0,0,18,1311,WOMEN,42_District_wise_crimes_committed_against_women_2014.csv,139,42_District_wise_crimes_committed_against_women_2014.csv::139,False,UNIQUE,Raipur,DISTRICT_OR_REPORTING_UNIT,VALID
Chhattisgarh,Rajnandgaon,2014,57,0,0,0,57,4,53,0,93,50,0,0,43,0,4,100,27,4,1,10,58,3,0,0,0,3,33,0,10,7,0,0,3,3,0,0,0,0,0,0,0,1,0,0,18,0,229,0,0,0,0,0,0,0,0,0,0,2,560,WOMEN,42_District_wise_crimes_committed_against_women_2014.csv,140,42_District_wise_crimes_committed_against_women_2014.csv::140,False,UNIQUE,Rajnandgaon,DISTRICT_OR_REPORTING_UNIT,VALID
Chhattisgarh,Sarguja,2014,94,0,0,0,94,4,90,0,11,5,0,0,0,6,4,76,15,0,2,1,58,0,0,0,0,0,23,0,14,1,0,0,10,10,0,0,0,0,0,0,0,2,2,0,7,0,0,0,0,0,0,0,0,0,0,0,0,127,371,WOMEN,42_District_wise_crimes_committed_against_women_2014.csv,141,42_District_wise_crimes_committed_against_women_2014.csv::141,False,UNIQUE,Sarguja,DISTRICT_OR_REPORTING_UNIT,VALID
Chhattisgarh,Sukma,2014,5,0,0,0,5,0,5,0,5,2,0,0,2,1,0,5,5,0,0,0,0,0,0,0,0,0,3,0,3,0,0,0,2,2,0,0,0,0,0,0,0,0,0,0,0,0,0,0,0,0,0,0,0,0,0,0,0,0,23,WOMEN,42_District_wise_crimes_committed_against_women_2014.csv,142,42_District_wise_crimes_committed_against_women_2014.csv::142,False,UNIQUE,Sukma,DISTRICT_OR_REPORTING_UNIT,VALID
Chhattisgarh,Surajpur,2014,50,0,0,0,50,2,48,0,65,8,1,0,0,56,1,70,12,5,1,3,49,0,0,0,0,0,47,0,15,1,0,0,15,15,0,0,0,0,0,0,0,2,0,0,0,0,0,0,0,0,0,0,0,0,0,0,0,0,266,WOMEN,42_District_wise_crimes_committed_against_women_2014.csv,143,42_District_wise_crimes_committed_against_women_2014.csv::143,False,UNIQUE,Surajpur,DISTRICT_OR_REPORTING_UNIT,VALID
Goa,North Goa,2014,55,0,0,0,55,0,55,0,55,51,0,0,0,4,0,146,38,5,6,16,81,40,0,1,0,39,11,0,7,4,1,0,18,18,0,0,0,0,1,0,1,1,4,1,0,0,5,0,0,0,1,5,1,0,0,0,4,5,360,WOMEN,42_District_wise_crimes_committed_against_women_2014.csv,145,42_District_wise_crimes_committed_against_women_2014.csv::145,False,UNIQUE,North Goa,DISTRICT_OR_REPORTING_UNIT,VALID
Goa,South Goa,2014,37,0,0,0,37,2,35,2,31,26,0,0,0,5,0,53,10,2,5,8,28,17,1,0,0,16,23,0,5,1,1,0,6,6,0,0,0,0,0,0,0,5,2,0,0,0,1,0,0,0,1,2,2,0,0,0,0,2,189,WOMEN,42_District_wise_crimes_committed_against_women_2014.csv,146,42_District_wise_crimes_committed_against_women_2014.csv::146,False,UNIQUE,South Goa,DISTRICT_OR_REPORTING_UNIT,VALID
Goa,C. I. D.,2014,3,0,0,0,3,0,3,0,0,0,0,0,0,0,0,3,2,0,0,1,0,0,0,0,0,0,1,0,0,0,0,0,0,0,0,0,0,0,0,0,0,0,0,13,0,0,1,0,0,0,0,2,2,0,0,0,0,4,27,WOMEN,42_District_wise_crimes_committed_against_women_2014.csv,147,42_District_wise_crimes_committed_against_women_2014.csv::147,False,UNIQUE,C. I. D.,DISTRICT_OR_REPORTING_UNIT,VALID
Gujarat,Amreli,2014,7,0,0,0,7,0,7,1,65,4,0,0,61,0,0,21,0,0,0,0,21,1,0,0,0,1,139,0,7,2,0,0,18,18,0,0,0,0,0,0,0,3,0,0,13,0,22,0,0,0,0,0,0,0,0,0,0,67,366,WOMEN,42_District_wise_crimes_committed_against_women_2014.csv,151,42_District_wise_crimes_committed_against_women_2014.csv::151,False,UNIQUE,Amreli,DISTRICT_OR_REPORTING_UNIT,VALID
Gujarat,Anand,2014,12,0,0,0,12,1,11,0,71,1,0,0,69,1,0,21,2,0,0,0,19,5,0,2,0,3,117,0,12,5,0,0,20,19,1,0,0,0,2,0,2,19,0,0,4,0,5,0,0,0,0,1,1,0,0,0,0,0,294,WOMEN,42_District_wise_crimes_committed_against_women_2014.csv,152,42_District_wise_crimes_committed_against_women_2014.csv::152,False,UNIQUE,Anand,DISTRICT_OR_REPORTING_UNIT,VALID
Gujarat,Arvalli,2014,5,0,0,0,5,0,5,0,37,8,0,0,21,8,0,19,19,0,0,0,0,2,0,0,0,2,69,0,10,4,0,0,2,2,0,0,0,0,0,0,0,1,0,0,0,0,0,0,0,0,0,0,0,0,0,0,0,0,149,WOMEN,42_District_wise_crimes_committed_against_women_2014.csv,153,42_District_wise_crimes_committed_against_women_2014.csv::153,False,UNIQUE,Arvalli,DISTRICT_OR_REPORTING_UNIT,VALID
Gujarat,Banaskantha,2014,56,0,0,0,56,0,56,0,105,0,0,0,105,0,0,90,5,0,0,0,85,2,0,0,0,2,295,0,0,0,0,0,5,5,0,0,0,0,0,0,0,0,0,0,0,0,18,0,0,0,0,6,0,0,0,0,6,0,577,WOMEN,42_District_wise_crimes_committed_against_women_2014.csv,154,42_District_wise_crimes_committed_against_women_2014.csv::154,False,UNIQUE,Banaskantha,DISTRICT_OR_REPORTING_UNIT,VALID
Gujarat,Bharuch,2014,42,0,0,0,42,1,41,0,45,5,0,0,31,9,0,49,15,3,1,8,22,0,0,0,0,0,63,0,17,7,0,0,7,7,0,0,0,0,1,0,1,8,0,0,0,0,31,0,0,0,0,1,1,0,0,0,0,18,289,WOMEN,42_District_wise_crimes_committed_against_women_2014.csv,155,42_District_wise_crimes_committed_against_women_2014.csv::155,False,UNIQUE,Bharuch,DISTRICT_OR_REPORTING_UNIT,VALID
Gujarat,Bhavnagar,2014,17,0,0,0,17,0,17,0,97,0,0,0,97,0,0,39,10,0,0,0,29,36,1,1,0,34,155,0,8,2,3,0,13,13,0,0,0,0,0,0,0,4,0,0,0,0,13,0,0,0,0,0,0,0,0,0,0,25,412,WOMEN,42_District_wise_crimes_committed_against_women_2014.csv,156,42_District_wise_crimes_committed_against_women_2014.csv::156,False,UNIQUE,Bhavnagar,DISTRICT_OR_REPORTING_UNIT,VALID
Gujarat,Botad,2014,11,0,0,0,11,0,11,0,25,24,0,0,1,0,0,11,0,0,0,0,11,0,0,0,0,0,39,0,4,1,0,0,6,6,0,0,0,0,0,0,0,1,0,0,0,0,0,0,0,0,0,0,0,0,0,0,0,0,98,WOMEN,42_District_wise_crimes_committed_against_women_2014.csv,157,42_District_wise_crimes_committed_against_women_2014.csv::157,False,UNIQUE,Botad,DISTRICT_OR_REPORTING_UNIT,VALID
Gujarat,Chhotaudepur,2014,15,0,0,0,15,0,15,0,38,1,0,0,36,1,0,11,0,0,0,0,11,0,0,0,0,0,21,0,9,0,0,0,11,11,0,0,0,0,1,0,1,1,1,0,0,0,0,0,0,0,0,0,0,0,0,0,0,0,108,WOMEN,42_District_wise_crimes_committed_against_women_2014.csv,158,42_District_wise_crimes_committed_against_women_2014.csv::158,False,UNIQUE,Chhotaudepur,DISTRICT_OR_REPORTING_UNIT,VALID
Gujarat,C. I. D. Crime,2014,0,0,0,0,0,0,0,0,0,0,0,0,0,0,0,0,0,0,0,0,0,0,0,0,0,0,0,0,0,0,0,0,0,0,0,0,0,0,0,0,0,0,0,0,0,0,0,0,0,0,0,0,0,0,0,0,0,0,0,WOMEN,42_District_wise_crimes_committed_against_women_2014.csv,159,42_District_wise_crimes_committed_against_women_2014.csv::159,False,UNIQUE,C. I. D. Crime,DISTRICT_OR_REPORTING_UNIT,VALID
Gujarat,Dahod,2014,27,0,0,0,27,0,27,0,95,76,0,0,0,19,0,28,0,0,0,0,28,0,0,0,0,0,133,0,11,2,0,0,32,32,0,0,0,0,0,0,0,4,0,0,0,0,0,0,0,0,0,0,0,0,0,0,0,0,332,WOMEN,42_District_wise_crimes_committed_against_women_2014.csv,160,42_District_wise_crimes_committed_against_women_2014.csv::160,False,UNIQUE,Dahod,DISTRICT_OR_REPORTING_UNIT,VALID
Gujarat,Dang,2014,4,0,0,0,4,0,4,0,2,1,0,0,0,1,1,6,0,0,0,0,6,4,0,0,0,4,26,0,3,0,0,0,8,8,0,0,0,0,0,0,0,0,0,0,0,0,0,0,0,0,0,0,0,0,0,0,0,0,54,WOMEN,42_District_wise_crimes_committed_against_women_2014.csv,161,42_District_wise_crimes_committed_against_women_2014.csv::161,False,UNIQUE,Dang,DISTRICT_OR_REPORTING_UNIT,VALID
Gujarat,Devbhumi Dwarka,2014,3,0,0,0,3,0,3,0,13,1,0,0,12,0,0,14,0,0,0,0,14,0,0,0,0,0,131,0,4,2,0,0,1,1,0,0,0,0,1,0,1,3,0,0,3,0,11,0,0,0,0,1,0,1,0,0,0,3,190,WOMEN,42_District_wise_crimes_committed_against_women_2014.csv,162,42_District_wise_crimes_committed_against_women_2014.csv::162,False,UNIQUE,Devbhumi Dwarka,DISTRICT_OR_REPORTING_UNIT,VALID
Gujarat,Gandhinagar,2014,17,0,0,0,17,0,17,3,65,4,0,0,57,4,0,22,4,1,0,3,14,2,0,0,0,2,152,0,6,1,1,0,8,8,0,0,0,0,0,0,0,42,0,0,0,0,0,0,0,0,0,0,0,0,0,0,0,0,319,WOMEN,42_District_wise_crimes_committed_against_women_2014.csv,163,42_District_wise_crimes_committed_against_women_2014.csv::163,False,UNIQUE,Gandhinagar,DISTRICT_OR_REPORTING_UNIT,VALID
Gujarat,Gir Somnath,2014,17,0,0,0,17,0,17,0,29,22,0,0,5,2,1,30,4,0,0,0,26,2,0,0,0,2,125,0,4,0,0,0,5,5,0,0,0,0,0,0,0,2,1,0,10,0,4,0,0,0,0,0,0,0,0,0,0,0,230,WOMEN,42_District_wise_crimes_committed_against_women_2014.csv,164,42_District_wise_crimes_committed_against_women_2014.csv::164,False,UNIQUE,Gir Somnath,DISTRICT_OR_REPORTING_UNIT,VALID
Gujarat,Jamnagar,2014,34,0,0,0,34,1,33,0,56,0,0,0,56,0,1,26,0,0,0,0,26,1,0,0,0,1,230,0,3,1,0,0,5,5,0,0,0,0,2,0,2,2,0,0,8,0,0,0,0,0,0,2,0,0,0,0,2,0,371,WOMEN,42_District_wise_crimes_committed_against_women_2014.csv,165,42_District_wise_crimes_committed_against_women_2014.csv::165,False,UNIQUE,Jamnagar,DISTRICT_OR_REPORTING_UNIT,VALID
Gujarat,Junagadh,2014,21,0,0,0,21,0,21,0,64,32,0,0,9,23,0,42,0,20,0,1,21,0,0,0,0,0,297,0,5,2,0,0,5,5,0,0,0,0,0,0,0,7,0,0,13,0,36,0,0,0,0,2,0,1,1,0,0,4,498,WOMEN,42_District_wise_crimes_committed_against_women_2014.csv,166,42_District_wise_crimes_committed_against_women_2014.csv::166,False,UNIQUE,Junagadh,DISTRICT_OR_REPORTING_UNIT,VALID
Gujarat,Kachchh East(G),2014,31,0,0,0,31,1,30,0,39,0,0,0,17,22,0,34,9,0,1,0,24,2,0,0,0,2,159,0,9,3,1,0,2,2,0,0,0,0,1,0,1,0,0,0,12,0,12,0,0,0,0,5,0,0,0,0,5,0,310,WOMEN,42_District_wise_crimes_committed_against_women_2014.csv,167,42_District_wise_crimes_committed_against_women_2014.csv::167,False,UNIQUE,Kachchh East(G),DISTRICT_OR_REPORTING_UNIT,VALID
Gujarat,Kachchh West(B),2014,18,0,0,0,18,0,18,1,26,7,0,0,18,1,0,27,26,0,0,0,1,3,0,0,0,3,203,0,6,3,0,0,8,8,0,0,0,0,0,0,0,3,0,0,12,0,10,0,0,0,0,0,0,0,0,0,0,0,320,WOMEN,42_District_wise_crimes_committed_against_women_2014.csv,168,42_District_wise_crimes_committed_against_women_2014.csv::168,False,UNIQUE,Kachchh West(B),DISTRICT_OR_REPORTING_UNIT,VALID
Gujarat,Kheda,2014,12,0,0,0,12,1,11,0,78,67,0,0,9,2,0,29,2,0,0,2,25,0,0,0,0,0,86,0,6,4,0,0,16,16,0,0,0,0,0,0,0,0,0,0,0,0,14,0,0,0,0,1,0,1,0,0,0,33,279,WOMEN,42_District_wise_crimes_committed_against_women_2014.csv,169,42_District_wise_crimes_committed_against_women_2014.csv::169,False,UNIQUE,Kheda,DISTRICT_OR_REPORTING_UNIT,VALID
Gujarat,Mahisagar,2014,10,0,0,0,10,0,10,0,22,5,0,0,16,1,0,15,7,1,0,1,6,0,0,0,0,0,96,0,3,1,1,0,7,7,0,0,0,0,0,0,0,1,0,0,0,0,0,0,0,0,0,0,0,0,0,0,0,0,156,WOMEN,42_District_wise_crimes_committed_against_women_2014.csv,170,42_District_wise_crimes_committed_against_women_2014.csv::170,False,UNIQUE,Mahisagar,DISTRICT_OR_REPORTING_UNIT,VALID
Gujarat,Mehsana,2014,6,0,0,0,6,0,6,0,92,43,0,0,43,6,0,42,4,0,0,0,38,0,0,0,0,0,270,0,7,4,0,0,8,7,0,1,0,0,1,0,1,26,1,0,3,0,3,12,0,0,0,4,1,0,0,2,1,4,483,WOMEN,42_District_wise_crimes_committed_against_women_2014.csv,171,42_District_wise_crimes_committed_against_women_2014.csv::171,False,UNIQUE,Mehsana,DISTRICT_OR_REPORTING_UNIT,VALID
Gujarat,Morbi,2014,9,0,0,0,9,0,9,0,22,5,0,0,17,0,3,17,0,0,0,0,17,1,0,0,0,1,92,0,7,2,1,0,6,6,0,0,0,0,0,0,0,3,0,0,10,0,0,0,0,0,1,0,0,0,0,0,0,33,207,WOMEN,42_District_wise_crimes_committed_against_women_2014.csv,172,42_District_wise_crimes_committed_against_women_2014.csv::172,False,UNIQUE,Morbi,DISTRICT_OR_REPORTING_UNIT,VALID
Gujarat,Narmada,2014,8,0,0,0,8,0,8,0,15,0,0,0,15,0,0,21,21,0,0,0,0,0,0,0,0,0,15,0,3,0,0,0,8,8,0,0,0,0,0,0,0,0,0,0,1,0,0,0,0,0,0,0,0,0,0,0,0,0,71,WOMEN,42_District_wise_crimes_committed_against_women_2014.csv,173,42_District_wise_crimes_committed_against_women_2014.csv::173,False,UNIQUE,Narmada,DISTRICT_OR_REPORTING_UNIT,VALID
Gujarat,Navsari,2014,15,0,0,0,15,0,15,0,32,4,0,0,19,9,0,19,11,0,0,0,8,0,0,0,0,0,69,0,6,2,0,0,2,2,0,0,0,0,1,0,1,1,0,0,2,0,0,0,0,0,0,0,0,0,0,0,0,0,149,WOMEN,42_District_wise_crimes_committed_against_women_2014.csv,174,42_District_wise_crimes_committed_against_women_2014.csv::174,False,UNIQUE,Navsari,DISTRICT_OR_REPORTING_UNIT,VALID
Gujarat,Panchmahal,2014,24,0,0,0,24,0,24,1,66,65,0,0,0,1,0,28,20,0,1,1,6,0,0,0,0,0,106,0,9,0,0,0,17,17,0,0,0,0,1,0,1,3,0,0,0,0,0,41,0,0,0,0,0,0,0,0,0,0,296,WOMEN,42_District_wise_crimes_committed_against_women_2014.csv,175,42_District_wise_crimes_committed_against_women_2014.csv::175,False,UNIQUE,Panchmahal,DISTRICT_OR_REPORTING_UNIT,VALID
Gujarat,Patan,2014,25,0,0,0,25,0,25,0,48,34,0,1,8,5,1,51,0,3,0,0,48,0,0,0,0,0,138,0,6,2,0,0,8,8,0,0,0,0,0,0,0,1,1,0,2,0,3,0,0,0,0,0,0,0,0,0,0,0,286,WOMEN,42_District_wise_crimes_committed_against_women_2014.csv,176,42_District_wise_crimes_committed_against_women_2014.csv::176,False,UNIQUE,Patan,DISTRICT_OR_REPORTING_UNIT,VALID
Gujarat,Porbandar,2014,8,0,0,0,8,0,8,0,17,16,0,0,0,1,1,18,3,0,0,0,15,1,0,0,0,1,93,0,3,0,0,0,4,4,0,0,0,0,1,0,1,6,0,0,2,0,8,0,0,0,0,0,0,0,0,0,0,1,163,WOMEN,42_District_wise_crimes_committed_against_women_2014.csv,177,42_District_wise_crimes_committed_against_women_2014.csv::177,False,UNIQUE,Porbandar,DISTRICT_OR_REPORTING_UNIT,VALID
Gujarat,Sabarkantha,2014,10,0,0,0,10,2,8,0,34,25,0,0,9,0,0,33,33,0,0,0,0,1,0,0,0,1,131,0,2,2,0,0,5,5,0,0,0,0,2,0,2,9,1,0,0,0,1,0,0,0,0,0,0,0,0,0,0,0,231,WOMEN,42_District_wise_crimes_committed_against_women_2014.csv,180,42_District_wise_crimes_committed_against_women_2014.csv::180,False,UNIQUE,Sabarkantha,DISTRICT_OR_REPORTING_UNIT,VALID
Gujarat,Surendranagar,2014,22,0,0,0,22,2,20,0,37,7,0,0,19,11,0,36,7,3,0,0,26,0,0,0,0,0,89,0,9,4,0,0,12,11,1,0,0,0,0,0,0,0,0,0,0,0,1,0,0,0,0,0,0,0,0,0,0,0,210,WOMEN,42_District_wise_crimes_committed_against_women_2014.csv,183,42_District_wise_crimes_committed_against_women_2014.csv::183,False,UNIQUE,Surendranagar,DISTRICT_OR_REPORTING_UNIT,VALID
Gujarat,Tapi,2014,15,0,0,0,15,0,15,0,10,0,0,0,10,0,0,9,0,0,0,0,9,89,0,0,0,89,20,0,5,0,0,0,9,9,0,0,0,0,1,0,1,0,0,0,0,0,0,0,0,0,0,0,0,0,0,0,0,0,158,WOMEN,42_District_wise_crimes_committed_against_women_2014.csv,184,42_District_wise_crimes_committed_against_women_2014.csv::184,False,UNIQUE,Tapi,DISTRICT_OR_REPORTING_UNIT,VALID
Gujarat,Valsad,2014,26,0,0,0,26,1,25,0,76,26,0,0,44,6,0,27,4,4,0,10,9,0,0,0,0,0,83,0,9,3,0,0,13,13,0,0,0,0,3,0,3,9,1,0,10,0,0,0,0,0,0,3,3,0,0,0,0,4,267,WOMEN,42_District_wise_crimes_committed_against_women_2014.csv,187,42_District_wise_crimes_committed_against_women_2014.csv::187,False,UNIQUE,Valsad,DISTRICT_OR_REPORTING_UNIT,VALID
Gujarat,W.Rly  Ahmedabad,2014,0,0,0,0,0,0,0,0,0,0,0,0,0,0,0,6,1,2,1,0,2,0,0,0,0,0,2,0,1,1,0,0,1,1,0,0,0,0,0,0,0,1,0,0,0,0,2,0,0,0,0,0,0,0,0,0,0,0,14,WOMEN,42_District_wise_crimes_committed_against_women_2014.csv,188,42_District_wise_crimes_committed_against_women_2014.csv::188,False,UNIQUE,W.Rly  Ahmedabad,DISTRICT_OR_REPORTING_UNIT,VALID
Gujarat,W.Rly Vadodara,2014,0,0,0,0,0,0,0,0,3,3,0,0,0,0,0,2,0,0,0,0,2,1,0,0,0,1,0,0,0,0,0,0,0,0,0,0,0,0,0,0,0,0,0,0,0,0,0,0,0,0,0,0,0,0,0,0,0,0,6,WOMEN,42_District_wise_crimes_committed_against_women_2014.csv,189,42_District_wise_crimes_committed_against_women_2014.csv::189,False,UNIQUE,W.Rly Vadodara,DISTRICT_OR_REPORTING_UNIT,VALID
Haryana,Bhiwani,2014,44,0,0,0,44,10,34,10,83,0,0,0,27,56,12,99,24,15,1,17,42,1,0,0,0,1,119,0,7,8,0,0,5,5,0,0,0,0,0,0,0,0,7,1,9,1,442,3,0,0,1,6,0,0,0,0,6,0,858,WOMEN,42_District_wise_crimes_committed_against_women_2014.csv,193,42_District_wise_crimes_committed_against_women_2014.csv::193,False,UNIQUE,Bhiwani,DISTRICT_OR_REPORTING_UNIT,VALID
Haryana,Faridabad,2014,101,0,0,0,101,13,88,4,272,3,0,0,190,79,20,94,35,21,1,17,20,16,0,0,0,16,302,0,20,5,2,0,16,15,1,0,0,0,0,0,0,0,0,0,0,1,0,0,0,0,0,4,4,0,0,0,0,0,857,WOMEN,42_District_wise_crimes_committed_against_women_2014.csv,194,42_District_wise_crimes_committed_against_women_2014.csv::194,False,UNIQUE,Faridabad,DISTRICT_OR_REPORTING_UNIT,VALID
Haryana,Fatehabad,2014,27,0,0,0,27,7,20,1,33,0,1,0,5,27,7,56,20,9,0,10,17,2,0,0,0,2,154,0,6,2,0,0,6,5,1,0,0,1,0,0,0,2,1,1,5,0,126,0,0,0,0,2,0,1,0,0,1,1,433,WOMEN,42_District_wise_crimes_committed_against_women_2014.csv,195,42_District_wise_crimes_committed_against_women_2014.csv::195,False,UNIQUE,Fatehabad,DISTRICT_OR_REPORTING_UNIT,VALID
Haryana,G. R. P.,2014,1,0,0,0,1,0,1,0,4,0,0,0,4,0,8,17,3,0,1,5,8,1,0,0,0,1,0,0,4,0,0,0,0,0,0,0,0,0,0,0,0,1,0,0,12,0,91,0,0,0,0,0,0,0,0,0,0,0,139,WOMEN,42_District_wise_crimes_committed_against_women_2014.csv,196,42_District_wise_crimes_committed_against_women_2014.csv::196,False,UNIQUE,G. R. P.,DISTRICT_OR_REPORTING_UNIT,VALID
Haryana,Gurgaon,2014,117,0,0,0,117,16,101,13,260,41,1,1,53,164,19,155,50,10,5,35,55,13,0,1,2,10,277,0,27,0,0,0,4,3,1,0,0,0,1,0,1,4,0,3,6,1,499,2,1,0,0,10,0,8,1,0,1,14,1426,WOMEN,42_District_wise_crimes_committed_against_women_2014.csv,197,42_District_wise_crimes_committed_against_women_2014.csv::197,False,UNIQUE,Gurgaon,DISTRICT_OR_REPORTING_UNIT,VALID
Haryana,Hissar,2014,55,0,0,0,55,11,44,3,62,1,0,0,16,45,14,91,52,5,1,18,15,1,0,0,0,1,323,0,14,1,0,0,12,10,2,0,0,0,0,0,0,0,3,0,9,0,229,1,0,0,1,0,0,0,0,0,0,1,820,WOMEN,42_District_wise_crimes_committed_against_women_2014.csv,198,42_District_wise_crimes_committed_against_women_2014.csv::198,False,UNIQUE,Hissar,DISTRICT_OR_REPORTING_UNIT,VALID
Haryana,Jhajjar,2014,56,0,0,0,56,6,50,2,17,0,0,0,15,2,25,47,16,7,1,1,22,7,0,0,0,7,125,0,17,6,0,0,9,9,0,0,0,0,0,0,0,1,0,0,5,1,16,0,0,0,0,4,4,0,0,0,0,0,338,WOMEN,42_District_wise_crimes_committed_against_women_2014.csv,199,42_District_wise_crimes_committed_against_women_2014.csv::199,False,UNIQUE,Jhajjar,DISTRICT_OR_REPORTING_UNIT,VALID
Haryana,Jind,2014,23,0,0,0,23,6,17,6,67,0,0,0,20,47,12,67,24,26,0,5,12,0,0,0,0,0,120,0,3,2,0,0,9,8,0,1,0,0,0,0,0,0,3,0,12,0,279,0,0,0,0,0,0,0,0,0,0,0,603,WOMEN,42_District_wise_crimes_committed_against_women_2014.csv,200,42_District_wise_crimes_committed_against_women_2014.csv::200,False,UNIQUE,Jind,DISTRICT_OR_REPORTING_UNIT,VALID
Haryana,Kaithal,2014,33,0,0,0,33,8,25,1,77,0,0,0,5,72,10,58,25,13,1,6,13,0,0,0,0,0,116,0,14,3,3,0,12,12,0,0,0,0,0,0,0,0,1,0,10,0,0,0,0,0,0,0,0,0,0,0,0,1,339,WOMEN,42_District_wise_crimes_committed_against_women_2014.csv,201,42_District_wise_crimes_committed_against_women_2014.csv::201,False,UNIQUE,Kaithal,DISTRICT_OR_REPORTING_UNIT,VALID
Haryana,Karnal,2014,100,0,0,0,100,19,81,10,186,0,0,0,47,139,17,95,11,2,0,24,58,3,0,0,0,3,223,0,9,3,0,0,29,29,0,0,1,3,0,0,0,1,1,0,5,0,12,1,0,0,0,6,0,0,0,0,6,5,710,WOMEN,42_District_wise_crimes_committed_against_women_2014.csv,202,42_District_wise_crimes_committed_against_women_2014.csv::202,False,UNIQUE,Karnal,DISTRICT_OR_REPORTING_UNIT,VALID
Haryana,Kurukshetra,2014,35,0,0,0,35,2,33,9,57,0,0,0,57,0,6,59,11,8,1,10,29,7,0,0,0,7,100,0,4,0,0,0,0,0,0,0,0,0,0,0,0,0,0,0,0,0,0,1,0,0,0,0,0,0,0,0,0,0,278,WOMEN,42_District_wise_crimes_committed_against_women_2014.csv,203,42_District_wise_crimes_committed_against_women_2014.csv::203,False,UNIQUE,Kurukshetra,DISTRICT_OR_REPORTING_UNIT,VALID
Haryana,Mahendergarh,2014,24,0,0,0,24,1,23,7,59,0,0,0,10,49,15,78,20,44,1,7,6,7,0,0,0,7,78,0,8,0,1,0,12,12,0,0,0,0,0,0,0,0,2,0,0,0,0,0,0,0,0,0,0,0,0,0,0,0,291,WOMEN,42_District_wise_crimes_committed_against_women_2014.csv,204,42_District_wise_crimes_committed_against_women_2014.csv::204,False,UNIQUE,Mahendergarh,DISTRICT_OR_REPORTING_UNIT,VALID
Haryana,Mewat,2014,85,0,0,0,85,40,45,2,30,1,0,0,23,6,5,86,26,4,2,3,51,1,0,0,0,1,106,0,8,0,0,0,0,0,0,0,0,0,0,0,0,0,0,0,1,0,2,1,0,0,2,0,0,0,0,0,0,0,329,WOMEN,42_District_wise_crimes_committed_against_women_2014.csv,205,42_District_wise_crimes_committed_against_women_2014.csv::205,False,UNIQUE,Mewat,DISTRICT_OR_REPORTING_UNIT,VALID
Haryana,Palwal,2014,49,0,0,0,49,14,35,3,72,0,0,0,23,49,16,96,45,16,2,7,26,0,0,0,0,0,193,0,10,8,1,0,0,0,0,0,0,0,0,0,0,0,0,0,4,1,102,0,0,0,0,1,0,0,0,0,1,0,556,WOMEN,42_District_wise_crimes_committed_against_women_2014.csv,206,42_District_wise_crimes_committed_against_women_2014.csv::206,False,UNIQUE,Palwal,DISTRICT_OR_REPORTING_UNIT,VALID
Haryana,Panchkula,2014,36,0,0,0,36,1,35,2,90,0,0,0,18,72,5,30,9,1,1,9,10,3,1,0,0,2,73,0,3,0,0,0,0,0,0,0,0,0,0,0,0,55,0,0,5,0,8,0,0,0,0,0,0,0,0,0,0,0,310,WOMEN,42_District_wise_crimes_committed_against_women_2014.csv,207,42_District_wise_crimes_committed_against_women_2014.csv::207,False,UNIQUE,Panchkula,DISTRICT_OR_REPORTING_UNIT,VALID
Haryana,Panipat,2014,64,0,0,0,64,16,48,12,92,2,0,0,78,12,18,97,37,13,0,22,25,0,0,0,0,0,227,0,17,1,0,0,4,4,0,0,0,0,0,0,0,0,0,0,6,0,101,2,0,0,0,0,0,0,0,0,0,0,641,WOMEN,42_District_wise_crimes_committed_against_women_2014.csv,208,42_District_wise_crimes_committed_against_women_2014.csv::208,False,UNIQUE,Panipat,DISTRICT_OR_REPORTING_UNIT,VALID
Haryana,Rewari,2014,41,0,0,0,41,5,36,16,83,0,0,0,83,0,11,65,41,0,5,9,10,35,0,0,0,35,105,0,6,0,0,0,0,0,0,0,0,0,0,0,0,0,0,0,0,0,16,0,0,0,0,3,3,0,0,0,0,0,381,WOMEN,42_District_wise_crimes_committed_against_women_2014.csv,209,42_District_wise_crimes_committed_against_women_2014.csv::209,False,UNIQUE,Rewari,DISTRICT_OR_REPORTING_UNIT,VALID
Haryana,Rohtak,2014,68,0,0,0,68,13,55,3,19,2,0,0,8,9,16,98,31,13,0,27,27,0,0,0,0,0,168,0,14,2,2,0,2,1,0,1,0,0,0,0,0,0,0,1,16,0,271,1,0,0,0,5,5,0,0,0,0,2,688,WOMEN,42_District_wise_crimes_committed_against_women_2014.csv,210,42_District_wise_crimes_committed_against_women_2014.csv::210,False,UNIQUE,Rohtak,DISTRICT_OR_REPORTING_UNIT,VALID
Haryana,Sirsa,2014,49,0,0,0,49,9,40,7,65,63,1,0,0,1,5,86,52,9,2,15,8,2,0,0,0,2,174,0,8,4,0,0,4,4,0,0,0,0,0,0,0,2,0,0,0,0,0,0,0,0,0,1,0,0,0,0,1,0,407,WOMEN,42_District_wise_crimes_committed_against_women_2014.csv,211,42_District_wise_crimes_committed_against_women_2014.csv::211,False,UNIQUE,Sirsa,DISTRICT_OR_REPORTING_UNIT,VALID
Haryana,Sonipat,2014,60,0,0,0,60,14,46,9,68,0,0,0,62,6,28,98,23,9,0,13,53,2,0,0,0,2,162,0,19,15,1,0,5,5,0,0,0,0,0,0,0,0,0,0,12,3,0,0,0,0,0,0,0,0,0,0,0,0,482,WOMEN,42_District_wise_crimes_committed_against_women_2014.csv,212,42_District_wise_crimes_committed_against_women_2014.csv::212,False,UNIQUE,Sonipat,DISTRICT_OR_REPORTING_UNIT,VALID
Haryana,Yamunanagar,2014,50,0,0,0,50,13,37,7,82,0,0,0,82,0,7,76,23,2,1,17,33,0,0,0,0,0,170,0,8,1,0,0,10,10,0,0,0,0,0,0,0,0,2,0,0,0,0,0,0,0,0,0,0,0,0,0,0,0,413,WOMEN,42_District_wise_crimes_committed_against_women_2014.csv,213,42_District_wise_crimes_committed_against_women_2014.csv::213,False,UNIQUE,Yamunanagar,DISTRICT_OR_REPORTING_UNIT,VALID
Haryana,Irrigation & Power,2014,0,0,0,0,0,0,0,0,0,0,0,0,0,0,0,0,0,0,0,0,0,0,0,0,0,0,0,0,0,0,0,0,0,0,0,0,0,0,0,0,0,0,0,0,0,0,0,0,0,0,0,0,0,0,0,0,0,0,0,WOMEN,42_District_wise_crimes_committed_against_women_2014.csv,214,42_District_wise_crimes_committed_against_women_2014.csv::214,False,UNIQUE,Irrigation & Power,DISTRICT_OR_REPORTING_UNIT,VALID
Himachal Pradesh,Baddi,2014,9,0,0,0,9,0,9,0,10,2,0,0,8,0,0,15,3,0,1,1,10,1,0,0,0,1,19,0,3,0,0,0,0,0,0,0,0,0,0,0,0,0,0,1,5,0,0,0,0,0,0,1,0,0,0,0,1,0,64,WOMEN,42_District_wise_crimes_committed_against_women_2014.csv,216,42_District_wise_crimes_committed_against_women_2014.csv::216,False,UNIQUE,Baddi,DISTRICT_OR_REPORTING_UNIT,VALID
Himachal Pradesh,Bilaspur,2014,15,0,0,0,15,0,15,1,43,0,0,0,42,1,0,72,16,0,0,2,54,0,0,0,0,0,25,0,2,1,0,0,18,18,0,0,0,0,0,0,0,0,1,0,5,0,0,0,0,0,0,0,0,0,0,0,0,0,183,WOMEN,42_District_wise_crimes_committed_against_women_2014.csv,217,42_District_wise_crimes_committed_against_women_2014.csv::217,False,UNIQUE,Bilaspur,DISTRICT_OR_REPORTING_UNIT,VALID
Himachal Pradesh,Chamba,2014,23,0,0,0,23,0,23,0,19,0,0,0,19,0,0,27,6,4,1,5,11,1,0,0,0,1,9,0,1,1,0,0,13,13,0,0,0,0,0,0,0,0,1,0,0,0,0,0,0,0,0,0,0,0,0,0,0,0,95,WOMEN,42_District_wise_crimes_committed_against_women_2014.csv,218,42_District_wise_crimes_committed_against_women_2014.csv::218,False,UNIQUE,Chamba,DISTRICT_OR_REPORTING_UNIT,VALID
Himachal Pradesh,C. I. D.,2014,1,0,0,0,1,0,1,0,0,0,0,0,0,0,0,0,0,0,0,0,0,0,0,0,0,0,0,0,0,0,0,0,0,0,0,0,0,0,0,0,0,0,0,0,0,0,0,0,0,0,0,1,0,1,0,0,0,0,2,WOMEN,42_District_wise_crimes_committed_against_women_2014.csv,219,42_District_wise_crimes_committed_against_women_2014.csv::219,False,UNIQUE,C. I. D.,DISTRICT_OR_REPORTING_UNIT,VALID
Himachal Pradesh,G. R. P.,2014,0,0,0,0,0,0,0,0,0,0,0,0,0,0,0,0,0,0,0,0,0,0,0,0,0,0,0,0,0,0,0,0,0,0,0,0,0,0,0,0,0,0,0,0,0,0,0,0,0,0,0,0,0,0,0,0,0,0,0,WOMEN,42_District_wise_crimes_committed_against_women_2014.csv,220,42_District_wise_crimes_committed_against_women_2014.csv::220,False,UNIQUE,G. R. P.,DISTRICT_OR_REPORTING_UNIT,VALID
Himachal Pradesh,Hamirpur,2014,13,0,0,0,13,0,13,0,13,13,0,0,0,0,0,32,0,0,0,0,32,14,0,0,0,14,27,0,3,0,0,0,0,0,0,0,0,0,0,0,0,0,0,0,0,0,0,0,0,0,0,0,0,0,0,0,0,0,102,WOMEN,42_District_wise_crimes_committed_against_women_2014.csv,221,42_District_wise_crimes_committed_against_women_2014.csv::221,False,UNIQUE,Hamirpur,DISTRICT_OR_REPORTING_UNIT,VALID
Himachal Pradesh,Kangra,2014,43,0,0,0,43,1,42,3,26,0,0,0,26,0,0,79,17,3,1,9,49,15,0,0,0,15,46,0,11,3,1,0,25,25,0,0,0,0,0,0,0,0,1,0,25,0,1,0,0,0,5,1,1,0,0,0,0,0,285,WOMEN,42_District_wise_crimes_committed_against_women_2014.csv,222,42_District_wise_crimes_committed_against_women_2014.csv::222,False,UNIQUE,Kangra,DISTRICT_OR_REPORTING_UNIT,VALID
Himachal Pradesh,Kinnaur,2014,10,0,0,0,10,0,10,0,3,3,0,0,0,0,0,5,0,0,0,0,5,1,0,0,0,1,3,0,0,0,0,0,1,1,0,0,0,0,0,0,0,0,0,0,0,0,0,0,0,0,0,0,0,0,0,0,0,0,23,WOMEN,42_District_wise_crimes_committed_against_women_2014.csv,223,42_District_wise_crimes_committed_against_women_2014.csv::223,False,UNIQUE,Kinnaur,DISTRICT_OR_REPORTING_UNIT,VALID
Himachal Pradesh,Kullu,2014,16,0,0,0,16,0,16,0,4,0,0,0,0,4,0,35,7,0,0,0,28,0,0,0,0,0,21,0,2,1,0,0,0,0,0,0,0,0,0,0,0,0,0,0,0,0,0,0,0,0,0,0,0,0,0,0,0,0,79,WOMEN,42_District_wise_crimes_committed_against_women_2014.csv,224,42_District_wise_crimes_committed_against_women_2014.csv::224,False,UNIQUE,Kullu,DISTRICT_OR_REPORTING_UNIT,VALID
Himachal Pradesh,Lahaul & Spiti,2014,0,0,0,0,0,0,0,0,1,1,0,0,0,0,0,0,0,0,0,0,0,0,0,0,0,0,0,0,1,0,0,0,1,1,0,0,0,0,0,0,0,0,0,0,0,0,1,0,0,0,0,0,0,0,0,0,0,0,4,WOMEN,42_District_wise_crimes_committed_against_women_2014.csv,225,42_District_wise_crimes_committed_against_women_2014.csv::225,False,UNIQUE,Lahaul & Spiti,DISTRICT_OR_REPORTING_UNIT,VALID
Himachal Pradesh,Mandi,2014,47,0,0,0,47,2,45,0,33,0,0,0,33,0,0,101,19,5,0,15,62,15,0,0,0,15,50,0,6,0,0,0,0,0,0,0,0,0,0,0,0,0,0,0,14,0,0,0,0,0,0,1,1,0,0,0,0,0,267,WOMEN,42_District_wise_crimes_committed_against_women_2014.csv,226,42_District_wise_crimes_committed_against_women_2014.csv::226,False,UNIQUE,Mandi,DISTRICT_OR_REPORTING_UNIT,VALID
Himachal Pradesh,Shimla,2014,39,0,0,0,39,2,37,0,32,7,0,0,25,0,0,64,34,0,0,10,20,10,0,0,0,10,27,0,5,4,1,0,2,2,0,0,0,0,0,0,0,2,1,0,5,1,0,2,0,0,0,0,0,0,0,0,0,0,195,WOMEN,42_District_wise_crimes_committed_against_women_2014.csv,227,42_District_wise_crimes_committed_against_women_2014.csv::227,False,UNIQUE,Shimla,DISTRICT_OR_REPORTING_UNIT,VALID
Himachal Pradesh,Sirmaur,2014,28,0,0,0,28,0,28,0,15,0,0,0,15,0,0,46,40,0,0,6,0,2,0,0,0,2,24,0,2,0,0,0,0,0,0,0,0,0,0,0,0,0,0,0,5,0,0,0,0,0,0,1,1,0,0,0,0,0,123,WOMEN,42_District_wise_crimes_committed_against_women_2014.csv,228,42_District_wise_crimes_committed_against_women_2014.csv::228,False,UNIQUE,Sirmaur,DISTRICT_OR_REPORTING_UNIT,VALID
Himachal Pradesh,Solan,2014,16,0,0,0,16,1,15,1,18,5,0,0,0,13,0,31,4,3,0,7,17,0,0,0,0,0,12,0,2,0,0,0,0,0,0,0,0,0,0,0,0,0,0,0,2,1,1,0,0,0,0,0,0,0,0,0,0,0,84,WOMEN,42_District_wise_crimes_committed_against_women_2014.csv,229,42_District_wise_crimes_committed_against_women_2014.csv::229,False,UNIQUE,Solan,DISTRICT_OR_REPORTING_UNIT,VALID
Himachal Pradesh,Una,2014,23,0,0,0,23,0,23,0,10,1,1,1,7,0,1,31,13,3,0,7,8,1,0,0,0,1,62,0,4,0,0,0,0,0,0,0,0,0,0,0,0,0,0,0,5,0,1,0,0,0,0,0,0,0,0,0,0,0,138,WOMEN,42_District_wise_crimes_committed_against_women_2014.csv,230,42_District_wise_crimes_committed_against_women_2014.csv::230,False,UNIQUE,Una,DISTRICT_OR_REPORTING_UNIT,VALID
Jammu & Kashmir,Anantnag,2014,19,0,0,0,19,0,19,0,62,35,0,0,27,0,0,123,0,123,0,0,0,0,0,0,0,0,9,0,1,5,0,0,0,0,0,0,0,0,0,0,0,0,0,0,0,0,0,0,0,0,0,0,0,0,0,0,0,0,219,WOMEN,42_District_wise_crimes_committed_against_women_2014.csv,232,42_District_wise_crimes_committed_against_women_2014.csv::232,False,UNIQUE,Anantnag,DISTRICT_OR_REPORTING_UNIT,VALID
Jammu & Kashmir,Awantipora,2014,6,0,0,0,6,0,6,0,19,0,0,0,19,0,0,19,19,0,0,0,0,0,0,0,0,0,1,0,0,0,0,0,0,0,0,0,0,0,0,0,0,0,0,0,0,0,7,0,0,0,0,0,0,0,0,0,0,0,52,WOMEN,42_District_wise_crimes_committed_against_women_2014.csv,233,42_District_wise_crimes_committed_against_women_2014.csv::233,False,UNIQUE,Awantipora,DISTRICT_OR_REPORTING_UNIT,VALID
Jammu & Kashmir,Bandipora,2014,4,0,0,0,4,0,4,0,37,0,0,0,37,0,0,53,0,0,0,0,53,5,0,0,0,5,4,0,0,0,0,0,0,0,0,0,0,0,0,0,0,0,0,0,6,0,0,0,0,0,0,0,0,0,0,0,0,0,109,WOMEN,42_District_wise_crimes_committed_against_women_2014.csv,234,42_District_wise_crimes_committed_against_women_2014.csv::234,False,UNIQUE,Bandipora,DISTRICT_OR_REPORTING_UNIT,VALID
Jammu & Kashmir,Baramulla,2014,10,0,0,0,10,0,10,4,54,33,0,0,0,21,0,83,0,0,0,0,83,18,0,0,0,18,11,0,0,0,1,0,0,0,0,0,0,0,0,0,0,0,0,0,0,0,0,0,0,0,0,0,0,0,0,0,0,0,181,WOMEN,42_District_wise_crimes_committed_against_women_2014.csv,235,42_District_wise_crimes_committed_against_women_2014.csv::235,False,UNIQUE,Baramulla,DISTRICT_OR_REPORTING_UNIT,VALID
Jammu & Kashmir,Budgam,2014,9,0,0,0,9,0,9,0,46,0,0,0,0,46,0,30,0,0,0,0,30,6,0,0,0,6,3,0,4,0,0,0,0,0,0,0,0,0,0,0,0,0,0,0,0,0,0,0,0,0,0,0,0,0,0,0,0,1,99,WOMEN,42_District_wise_crimes_committed_against_women_2014.csv,236,42_District_wise_crimes_committed_against_women_2014.csv::236,False,UNIQUE,Budgam,DISTRICT_OR_REPORTING_UNIT,VALID
Jammu & Kashmir,Crime Jammu,2014,0,0,0,0,0,0,0,0,0,0,0,0,0,0,0,0,0,0,0,0,0,0,0,0,0,0,0,0,0,0,0,0,0,0,0,0,0,0,0,0,0,0,0,0,0,0,0,0,0,0,0,0,0,0,0,0,0,0,0,WOMEN,42_District_wise_crimes_committed_against_women_2014.csv,237,42_District_wise_crimes_committed_against_women_2014.csv::237,False,UNIQUE,Crime Jammu,DISTRICT_OR_REPORTING_UNIT,VALID
Jammu & Kashmir,Crime Srinagar,2014,1,0,0,0,1,0,1,0,0,0,0,0,0,0,0,0,0,0,0,0,0,0,0,0,0,0,0,0,0,0,0,0,0,0,0,0,0,0,0,0,0,0,0,0,0,0,0,0,0,0,0,0,0,0,0,0,0,0,1,WOMEN,42_District_wise_crimes_committed_against_women_2014.csv,238,42_District_wise_crimes_committed_against_women_2014.csv::238,False,UNIQUE,Crime Srinagar,DISTRICT_OR_REPORTING_UNIT,VALID
Jammu & Kashmir,Doda,2014,23,0,0,0,23,0,23,0,16,16,0,0,0,0,0,60,0,0,0,0,60,8,0,0,0,8,14,0,0,0,0,0,0,0,0,0,0,0,0,0,0,0,0,0,0,0,0,0,0,0,0,0,0,0,0,0,0,0,121,WOMEN,42_District_wise_crimes_committed_against_women_2014.csv,239,42_District_wise_crimes_committed_against_women_2014.csv::239,False,UNIQUE,Doda,DISTRICT_OR_REPORTING_UNIT,VALID
Jammu & Kashmir,Ganderbal,2014,0,0,0,0,0,0,0,2,20,0,0,0,0,20,0,54,54,0,0,0,0,0,0,0,0,0,3,0,1,0,0,0,0,0,0,0,0,0,0,0,0,0,0,0,0,0,0,0,0,0,0,0,0,0,0,0,0,0,80,WOMEN,42_District_wise_crimes_committed_against_women_2014.csv,240,42_District_wise_crimes_committed_against_women_2014.csv::240,False,UNIQUE,Ganderbal,DISTRICT_OR_REPORTING_UNIT,VALID
Jammu & Kashmir,Handwara,2014,3,0,0,0,3,0,3,0,24,0,0,0,0,24,0,80,0,0,0,0,80,0,0,0,0,0,2,0,0,0,0,0,0,0,0,0,0,0,0,0,0,0,0,0,0,0,0,0,0,0,0,0,0,0,0,0,0,0,109,WOMEN,42_District_wise_crimes_committed_against_women_2014.csv,241,42_District_wise_crimes_committed_against_women_2014.csv::241,False,UNIQUE,Handwara,DISTRICT_OR_REPORTING_UNIT,VALID
Jammu & Kashmir,Jammu,2014,68,0,0,0,68,0,68,0,60,0,0,0,0,60,4,81,0,0,0,0,81,52,0,0,0,52,159,0,6,0,0,0,0,0,0,0,0,0,0,0,0,0,0,0,0,2,0,0,0,0,0,0,0,0,0,0,0,0,432,WOMEN,42_District_wise_crimes_committed_against_women_2014.csv,242,42_District_wise_crimes_committed_against_women_2014.csv::242,False,UNIQUE,Jammu,DISTRICT_OR_REPORTING_UNIT,VALID
Jammu & Kashmir,Kargil,2014,2,0,0,0,2,0,2,0,2,0,0,0,2,0,0,0,0,0,0,0,0,0,0,0,0,0,0,0,0,0,0,0,0,0,0,0,0,0,0,0,0,0,0,0,0,0,0,0,0,0,0,0,0,0,0,0,0,0,4,WOMEN,42_District_wise_crimes_committed_against_women_2014.csv,243,42_District_wise_crimes_committed_against_women_2014.csv::243,False,UNIQUE,Kargil,DISTRICT_OR_REPORTING_UNIT,VALID
Jammu & Kashmir,Kathua,2014,18,0,0,0,18,0,18,4,33,33,0,0,0,0,1,43,0,0,0,0,43,15,0,0,0,15,21,0,4,0,0,0,0,0,0,0,0,0,0,0,0,0,0,0,0,0,0,0,0,0,0,0,0,0,0,0,0,0,139,WOMEN,42_District_wise_crimes_committed_against_women_2014.csv,244,42_District_wise_crimes_committed_against_women_2014.csv::244,False,UNIQUE,Kathua,DISTRICT_OR_REPORTING_UNIT,VALID
Jammu & Kashmir,Kishtwar,2014,6,0,0,0,6,0,6,0,18,18,0,0,0,0,0,23,0,0,0,0,23,0,0,0,0,0,9,0,0,0,0,0,0,0,0,0,0,0,0,0,0,0,0,0,0,0,0,0,0,0,0,0,0,0,0,0,0,0,56,WOMEN,42_District_wise_crimes_committed_against_women_2014.csv,245,42_District_wise_crimes_committed_against_women_2014.csv::245,False,UNIQUE,Kishtwar,DISTRICT_OR_REPORTING_UNIT,VALID
Jammu & Kashmir,Kulgam,2014,7,0,0,0,7,0,7,0,39,39,0,0,0,0,0,171,0,0,0,0,171,13,0,0,0,13,0,0,1,0,0,0,0,0,0,0,0,0,0,0,0,0,0,0,0,0,0,0,0,0,0,0,0,0,0,0,0,0,231,WOMEN,42_District_wise_crimes_committed_against_women_2014.csv,246,42_District_wise_crimes_committed_against_women_2014.csv::246,False,UNIQUE,Kulgam,DISTRICT_OR_REPORTING_UNIT,VALID
Jammu & Kashmir,Kupwara,2014,8,0,0,0,8,0,8,0,42,0,0,0,0,42,0,61,61,0,0,0,0,12,0,0,0,12,8,0,0,0,0,0,0,0,0,0,0,0,0,0,0,0,0,0,13,0,0,0,0,0,0,0,0,0,0,0,0,0,144,WOMEN,42_District_wise_crimes_committed_against_women_2014.csv,247,42_District_wise_crimes_committed_against_women_2014.csv::247,False,UNIQUE,Kupwara,DISTRICT_OR_REPORTING_UNIT,VALID
Jammu & Kashmir,Leh,2014,6,0,0,0,6,0,6,0,1,0,0,0,0,1,0,3,0,0,0,0,3,0,0,0,0,0,0,0,0,0,0,0,0,0,0,0,0,0,0,0,0,0,0,0,0,0,0,0,0,0,0,0,0,0,0,0,0,0,10,WOMEN,42_District_wise_crimes_committed_against_women_2014.csv,248,42_District_wise_crimes_committed_against_women_2014.csv::248,False,UNIQUE,Leh,DISTRICT_OR_REPORTING_UNIT,VALID
Jammu & Kashmir,Poonch,2014,13,0,0,0,13,0,13,0,36,10,1,0,25,0,0,42,42,0,0,0,0,8,0,8,0,0,25,0,2,4,0,0,20,20,0,0,0,0,0,0,0,0,0,0,1,0,0,0,0,0,0,0,0,0,0,0,0,0,151,WOMEN,42_District_wise_crimes_committed_against_women_2014.csv,249,42_District_wise_crimes_committed_against_women_2014.csv::249,False,UNIQUE,Poonch,DISTRICT_OR_REPORTING_UNIT,VALID
Jammu & Kashmir,Pulwama,2014,7,0,0,0,7,0,7,0,20,20,0,0,0,0,0,20,0,0,0,0,20,6,0,0,6,0,1,0,0,1,0,0,2,2,0,0,0,0,0,0,0,0,0,0,0,0,0,0,0,0,0,0,0,0,0,0,0,0,57,WOMEN,42_District_wise_crimes_committed_against_women_2014.csv,250,42_District_wise_crimes_committed_against_women_2014.csv::250,False,UNIQUE,Pulwama,DISTRICT_OR_REPORTING_UNIT,VALID
Jammu & Kashmir,Rajouri,2014,39,0,0,0,39,0,39,1,60,0,0,0,60,0,0,65,65,0,0,0,0,17,0,0,0,17,71,0,9,12,1,0,6,6,0,0,0,0,1,0,1,0,1,0,0,0,0,0,0,0,0,0,0,0,0,0,0,0,283,WOMEN,42_District_wise_crimes_committed_against_women_2014.csv,254,42_District_wise_crimes_committed_against_women_2014.csv::254,False,UNIQUE,Rajouri,DISTRICT_OR_REPORTING_UNIT,VALID
Jammu & Kashmir,Ramban,2014,8,0,0,0,8,0,8,2,23,8,0,0,15,0,0,25,0,0,0,0,25,14,0,0,0,14,12,0,3,0,0,0,0,0,0,0,0,0,0,0,0,0,0,0,0,3,0,0,0,0,0,0,0,0,0,0,0,1,91,WOMEN,42_District_wise_crimes_committed_against_women_2014.csv,255,42_District_wise_crimes_committed_against_women_2014.csv::255,False,UNIQUE,Ramban,DISTRICT_OR_REPORTING_UNIT,VALID
Jammu & Kashmir,Reasi,2014,16,0,0,0,16,0,16,1,26,13,0,0,13,0,0,18,0,0,0,1,17,3,0,0,0,3,16,0,0,0,0,0,0,0,0,0,0,0,0,0,0,0,0,0,0,0,0,0,0,0,0,0,0,0,0,0,0,0,80,WOMEN,42_District_wise_crimes_committed_against_women_2014.csv,256,42_District_wise_crimes_committed_against_women_2014.csv::256,False,UNIQUE,Reasi,DISTRICT_OR_REPORTING_UNIT,VALID
Jammu & Kashmir,Samba,2014,7,0,0,0,7,0,7,1,12,6,0,0,0,6,0,10,0,0,0,0,10,0,0,0,0,0,8,0,1,2,0,0,0,0,0,0,0,0,0,0,0,0,0,0,0,0,0,0,0,0,0,0,0,0,0,0,0,0,41,WOMEN,42_District_wise_crimes_committed_against_women_2014.csv,257,42_District_wise_crimes_committed_against_women_2014.csv::257,False,UNIQUE,Samba,DISTRICT_OR_REPORTING_UNIT,VALID
Jammu & Kashmir,Shopian,2014,1,0,0,0,1,0,1,0,37,9,0,0,28,0,0,30,0,0,0,0,30,0,0,0,0,0,2,0,0,0,0,0,0,0,0,0,0,0,0,0,0,0,0,0,0,0,0,0,0,0,0,0,0,0,0,0,0,0,70,WOMEN,42_District_wise_crimes_committed_against_women_2014.csv,258,42_District_wise_crimes_committed_against_women_2014.csv::258,False,UNIQUE,Shopian,DISTRICT_OR_REPORTING_UNIT,VALID
Jammu & Kashmir,Sopore,2014,8,0,0,0,8,0,8,0,40,0,0,0,0,40,0,83,0,0,0,0,83,0,0,0,0,0,7,0,0,0,0,0,0,0,0,0,0,0,0,0,0,0,0,0,5,0,16,0,0,0,0,0,0,0,0,0,0,0,159,WOMEN,42_District_wise_crimes_committed_against_women_2014.csv,259,42_District_wise_crimes_committed_against_women_2014.csv::259,False,UNIQUE,Sopore,DISTRICT_OR_REPORTING_UNIT,VALID
Jammu & Kashmir,Srinagar,2014,12,0,0,0,12,0,12,5,68,37,0,0,0,31,0,218,1,0,0,0,217,44,0,0,0,44,63,0,1,1,0,0,1,0,1,0,0,0,0,0,0,3,1,0,0,0,0,1,0,0,0,0,0,0,0,0,0,0,418,WOMEN,42_District_wise_crimes_committed_against_women_2014.csv,260,42_District_wise_crimes_committed_against_women_2014.csv::260,False,UNIQUE,Srinagar,DISTRICT_OR_REPORTING_UNIT,VALID
Jammu & Kashmir,Udhampur,2014,30,0,0,0,30,0,30,0,18,8,0,0,10,0,0,23,0,0,0,0,23,13,0,0,0,13,18,0,4,0,0,0,0,0,0,0,0,0,0,0,0,0,0,0,0,0,0,0,0,0,0,1,1,0,0,0,0,0,107,WOMEN,42_District_wise_crimes_committed_against_women_2014.csv,261,42_District_wise_crimes_committed_against_women_2014.csv::261,False,UNIQUE,Udhampur,DISTRICT_OR_REPORTING_UNIT,VALID
Jharkhand,Bokaro,2014,63,0,0,0,63,0,63,0,97,0,0,0,97,0,18,0,0,0,0,0,0,0,0,0,0,0,187,0,0,0,0,0,0,0,0,0,0,0,0,0,0,0,0,0,0,0,0,0,0,0,0,0,0,0,0,0,0,0,365,WOMEN,42_District_wise_crimes_committed_against_women_2014.csv,263,42_District_wise_crimes_committed_against_women_2014.csv::263,False,UNIQUE,Bokaro,DISTRICT_OR_REPORTING_UNIT,VALID
Jharkhand,Chaibasa,2014,54,0,0,0,54,5,49,11,22,0,0,0,22,0,2,22,11,1,0,0,10,0,0,0,0,0,19,0,0,0,0,0,6,6,0,0,0,0,0,0,0,0,0,1,0,0,0,29,0,0,0,6,6,0,0,0,0,0,172,WOMEN,42_District_wise_crimes_committed_against_women_2014.csv,264,42_District_wise_crimes_committed_against_women_2014.csv::264,False,UNIQUE,Chaibasa,DISTRICT_OR_REPORTING_UNIT,VALID
Jharkhand,Chatra,2014,18,0,0,0,18,0,18,11,31,0,0,0,31,0,62,19,0,0,0,0,19,8,0,0,0,8,24,0,4,0,0,0,2,2,0,0,0,0,0,0,0,0,0,10,0,0,0,62,0,0,0,0,0,0,0,0,0,0,251,WOMEN,42_District_wise_crimes_committed_against_women_2014.csv,265,42_District_wise_crimes_committed_against_women_2014.csv::265,False,UNIQUE,Chatra,DISTRICT_OR_REPORTING_UNIT,VALID
Jharkhand,Deoghar,2014,25,0,0,0,25,0,25,0,63,0,0,0,63,0,28,21,6,15,0,0,0,0,0,0,0,0,138,0,3,8,0,0,0,0,0,0,0,0,0,0,0,0,0,0,0,0,0,112,0,0,0,0,0,0,0,0,0,0,398,WOMEN,42_District_wise_crimes_committed_against_women_2014.csv,266,42_District_wise_crimes_committed_against_women_2014.csv::266,False,UNIQUE,Deoghar,DISTRICT_OR_REPORTING_UNIT,VALID
Jharkhand,Dhanbad,2014,54,0,0,0,54,4,50,21,148,0,0,0,148,0,28,54,0,0,0,0,54,0,0,0,0,0,99,0,11,1,0,0,0,0,0,0,0,0,1,0,1,2,0,0,0,0,0,166,0,0,0,0,0,0,0,0,0,13,598,WOMEN,42_District_wise_crimes_committed_against_women_2014.csv,267,42_District_wise_crimes_committed_against_women_2014.csv::267,False,UNIQUE,Dhanbad,DISTRICT_OR_REPORTING_UNIT,VALID
Jharkhand,Dumka,2014,39,0,0,0,39,2,37,16,16,0,0,0,16,0,11,9,0,3,0,2,4,4,0,0,0,4,55,0,8,0,0,0,8,8,0,0,0,0,0,0,0,0,0,11,0,0,27,20,0,0,0,0,0,0,0,0,0,0,224,WOMEN,42_District_wise_crimes_committed_against_women_2014.csv,269,42_District_wise_crimes_committed_against_women_2014.csv::269,False,UNIQUE,Dumka,DISTRICT_OR_REPORTING_UNIT,VALID
Jharkhand,Garhwa,2014,50,0,0,0,50,0,50,10,82,0,0,0,80,2,25,19,19,0,0,0,0,0,0,0,0,0,45,0,12,40,0,0,17,17,0,0,0,0,0,0,0,3,0,0,0,0,0,62,0,0,0,0,0,0,0,0,0,0,365,WOMEN,42_District_wise_crimes_committed_against_women_2014.csv,270,42_District_wise_crimes_committed_against_women_2014.csv::270,False,UNIQUE,Garhwa,DISTRICT_OR_REPORTING_UNIT,VALID
Jharkhand,Giridih,2014,58,0,0,0,58,0,58,27,0,0,0,0,0,0,40,39,39,0,0,0,0,0,0,0,0,0,176,0,5,4,0,0,0,0,0,0,0,0,0,0,0,0,0,0,0,0,0,150,2,0,1,0,0,0,0,0,0,0,502,WOMEN,42_District_wise_crimes_committed_against_women_2014.csv,271,42_District_wise_crimes_committed_against_women_2014.csv::271,False,UNIQUE,Giridih,DISTRICT_OR_REPORTING_UNIT,VALID
Jharkhand,Godda,2014,34,0,0,0,34,0,34,0,17,0,0,0,17,0,3,0,0,0,0,0,0,0,0,0,0,0,57,0,0,0,0,0,0,0,0,0,0,0,0,0,0,0,0,0,0,0,0,98,0,0,0,0,0,0,0,0,0,0,209,WOMEN,42_District_wise_crimes_committed_against_women_2014.csv,272,42_District_wise_crimes_committed_against_women_2014.csv::272,False,UNIQUE,Godda,DISTRICT_OR_REPORTING_UNIT,VALID
Jharkhand,Gumla,2014,67,0,0,0,67,6,61,0,40,2,2,0,36,0,1,15,0,6,0,0,9,0,0,0,0,0,24,0,40,2,0,0,0,0,0,0,0,0,0,0,0,1,0,46,0,0,54,26,0,0,0,0,0,0,0,0,0,0,316,WOMEN,42_District_wise_crimes_committed_against_women_2014.csv,273,42_District_wise_crimes_committed_against_women_2014.csv::273,False,UNIQUE,Gumla,DISTRICT_OR_REPORTING_UNIT,VALID
Jharkhand,Hazaribagh,2014,52,0,0,0,52,7,45,7,26,0,0,0,26,0,23,50,0,0,0,0,50,0,0,0,0,0,37,0,0,0,0,0,0,0,0,0,0,0,0,0,0,0,0,0,0,0,0,134,0,0,0,0,0,0,0,0,0,0,329,WOMEN,42_District_wise_crimes_committed_against_women_2014.csv,274,42_District_wise_crimes_committed_against_women_2014.csv::274,False,UNIQUE,Hazaribagh,DISTRICT_OR_REPORTING_UNIT,VALID
Jharkhand,Jamshedpur,2014,55,0,0,0,55,0,55,21,70,1,0,1,64,4,13,47,11,9,0,0,27,2,0,1,0,1,110,0,31,0,0,0,0,0,0,0,0,0,0,0,0,0,0,0,0,0,0,210,0,0,3,0,0,0,0,0,0,0,562,WOMEN,42_District_wise_crimes_committed_against_women_2014.csv,275,42_District_wise_crimes_committed_against_women_2014.csv::275,False,UNIQUE,Jamshedpur,DISTRICT_OR_REPORTING_UNIT,VALID
Jharkhand,Jamtara,2014,27,0,0,0,27,1,26,19,24,7,0,0,14,3,10,29,1,22,0,0,6,0,0,0,0,0,70,2,1,1,0,0,1,0,0,1,0,0,0,0,0,0,1,0,0,0,0,35,0,0,0,1,0,1,0,0,0,0,221,WOMEN,42_District_wise_crimes_committed_against_women_2014.csv,277,42_District_wise_crimes_committed_against_women_2014.csv::277,False,UNIQUE,Jamtara,DISTRICT_OR_REPORTING_UNIT,VALID
Jharkhand,Khunti,2014,7,0,0,0,7,0,7,2,8,2,0,0,5,1,2,3,0,0,0,0,3,0,0,0,0,0,11,0,7,0,0,0,0,0,0,0,0,0,0,0,0,0,0,24,0,0,0,14,0,0,0,0,0,0,0,0,0,0,78,WOMEN,42_District_wise_crimes_committed_against_women_2014.csv,278,42_District_wise_crimes_committed_against_women_2014.csv::278,False,UNIQUE,Khunti,DISTRICT_OR_REPORTING_UNIT,VALID
Jharkhand,Koderma,2014,15,0,0,0,15,0,15,0,15,0,0,0,13,2,16,0,0,0,0,0,0,0,0,0,0,0,39,0,1,0,0,0,0,0,0,0,0,0,2,1,1,1,0,0,0,0,0,36,0,0,0,0,0,0,0,0,0,2,127,WOMEN,42_District_wise_crimes_committed_against_women_2014.csv,279,42_District_wise_crimes_committed_against_women_2014.csv::279,False,UNIQUE,Koderma,DISTRICT_OR_REPORTING_UNIT,VALID
Jharkhand,Latehar,2014,25,0,0,0,25,4,21,0,11,11,0,0,0,0,8,0,0,0,0,0,0,0,0,0,0,0,17,0,12,2,0,0,0,0,0,0,0,0,0,0,0,0,0,0,0,0,0,44,0,0,0,0,0,0,0,0,0,0,119,WOMEN,42_District_wise_crimes_committed_against_women_2014.csv,280,42_District_wise_crimes_committed_against_women_2014.csv::280,False,UNIQUE,Latehar,DISTRICT_OR_REPORTING_UNIT,VALID
Jharkhand,Lohardagga,2014,43,0,0,0,43,0,43,0,19,0,0,0,19,0,2,5,0,0,0,0,5,0,0,0,0,0,24,0,15,10,0,0,0,0,0,0,0,0,0,0,0,0,1,0,0,0,0,18,0,0,0,0,0,0,0,0,0,0,137,WOMEN,42_District_wise_crimes_committed_against_women_2014.csv,281,42_District_wise_crimes_committed_against_women_2014.csv::281,False,UNIQUE,Lohardagga,DISTRICT_OR_REPORTING_UNIT,VALID
Jharkhand,Pakur,2014,55,0,0,0,55,3,52,6,11,0,0,0,11,0,1,12,5,4,0,0,3,0,0,0,0,0,91,0,0,0,0,0,2,2,0,0,0,0,0,0,0,0,0,2,1,0,13,60,0,0,0,0,0,0,0,0,0,10,264,WOMEN,42_District_wise_crimes_committed_against_women_2014.csv,282,42_District_wise_crimes_committed_against_women_2014.csv::282,False,UNIQUE,Pakur,DISTRICT_OR_REPORTING_UNIT,VALID
Jharkhand,Palamu,2014,44,0,0,0,44,4,40,6,23,0,0,0,23,0,19,15,15,0,0,0,0,0,0,0,0,0,42,0,16,15,4,1,5,5,0,0,0,0,0,0,0,0,2,0,0,0,0,1,0,0,0,0,0,0,0,0,0,0,193,WOMEN,42_District_wise_crimes_committed_against_women_2014.csv,283,42_District_wise_crimes_committed_against_women_2014.csv::283,False,UNIQUE,Palamu,DISTRICT_OR_REPORTING_UNIT,VALID
Jharkhand,Ramgarh,2014,48,0,0,0,48,2,46,11,29,0,0,0,18,11,11,20,7,5,0,3,5,2,0,0,0,2,34,0,0,0,0,0,0,0,0,0,0,0,0,0,0,0,0,0,0,0,0,125,0,0,1,0,0,0,0,0,0,0,281,WOMEN,42_District_wise_crimes_committed_against_women_2014.csv,284,42_District_wise_crimes_committed_against_women_2014.csv::284,False,UNIQUE,Ramgarh,DISTRICT_OR_REPORTING_UNIT,VALID
Jharkhand,Ranchi,2014,75,0,0,0,75,6,69,0,76,0,0,0,72,4,13,1,0,0,0,0,1,2,0,0,0,2,48,0,8,5,0,0,18,18,0,0,0,0,0,0,0,0,0,15,0,0,0,14,0,0,0,0,0,0,0,0,0,0,275,WOMEN,42_District_wise_crimes_committed_against_women_2014.csv,285,42_District_wise_crimes_committed_against_women_2014.csv::285,False,UNIQUE,Ranchi,DISTRICT_OR_REPORTING_UNIT,VALID
Jharkhand,Sahebganj,2014,87,0,0,0,87,7,80,0,40,0,0,0,40,0,4,20,0,0,0,0,20,0,0,0,0,0,75,0,8,0,0,0,0,0,0,0,0,0,0,0,0,0,0,2,0,0,0,80,0,0,0,0,0,0,0,0,0,0,316,WOMEN,42_District_wise_crimes_committed_against_women_2014.csv,286,42_District_wise_crimes_committed_against_women_2014.csv::286,False,UNIQUE,Sahebganj,DISTRICT_OR_REPORTING_UNIT,VALID
Jharkhand,Saraikela,2014,31,0,0,0,31,1,30,38,7,0,0,1,2,4,7,27,0,0,0,0,27,0,0,0,0,0,27,0,0,0,0,0,3,3,0,0,0,0,0,0,0,0,1,0,0,0,0,38,0,0,0,0,0,0,0,0,0,0,179,WOMEN,42_District_wise_crimes_committed_against_women_2014.csv,287,42_District_wise_crimes_committed_against_women_2014.csv::287,False,UNIQUE,Saraikela,DISTRICT_OR_REPORTING_UNIT,VALID
Jharkhand,Simdega,2014,24,0,0,0,24,0,24,2,3,0,0,0,2,1,1,5,0,0,0,0,5,0,0,0,0,0,13,0,25,1,0,0,0,0,0,0,0,0,0,0,0,0,0,0,0,0,0,2,0,0,0,4,0,0,0,0,4,0,80,WOMEN,42_District_wise_crimes_committed_against_women_2014.csv,288,42_District_wise_crimes_committed_against_women_2014.csv::288,False,UNIQUE,Simdega,DISTRICT_OR_REPORTING_UNIT,VALID
Karnataka,Bagalkot,2014,22,0,0,0,22,0,22,0,17,0,0,0,0,17,4,96,0,0,0,0,96,1,0,0,0,1,53,0,14,5,0,0,5,5,0,0,0,0,1,0,1,7,0,0,15,0,0,26,0,0,0,2,2,0,0,0,0,2,270,WOMEN,42_District_wise_crimes_committed_against_women_2014.csv,290,42_District_wise_crimes_committed_against_women_2014.csv::290,False,UNIQUE,Bagalkot,DISTRICT_OR_REPORTING_UNIT,VALID
Karnataka,Bengaluru District,2014,60,0,0,0,60,0,60,0,69,0,0,0,69,0,22,135,0,0,0,0,135,0,0,0,0,0,97,0,10,0,0,0,2,2,0,0,0,0,0,0,0,47,0,0,0,0,0,40,0,0,0,8,0,0,0,0,8,0,490,WOMEN,42_District_wise_crimes_committed_against_women_2014.csv,292,42_District_wise_crimes_committed_against_women_2014.csv::292,False,UNIQUE,Bengaluru District,DISTRICT_OR_REPORTING_UNIT,VALID
Karnataka,Belagavi District,2014,59,0,0,0,59,0,59,1,23,0,0,0,6,17,4,233,23,0,0,2,208,4,0,2,0,2,162,0,26,34,1,0,26,26,0,0,0,0,3,0,3,23,1,0,9,0,175,9,0,0,0,1,0,0,0,0,1,0,794,WOMEN,42_District_wise_crimes_committed_against_women_2014.csv,293,42_District_wise_crimes_committed_against_women_2014.csv::293,False,UNIQUE,Belagavi District,DISTRICT_OR_REPORTING_UNIT,VALID
Karnataka,Ballari,2014,48,0,0,0,48,0,48,0,13,4,0,0,3,6,12,121,0,0,0,0,121,0,0,0,0,0,72,0,27,18,3,0,32,32,0,0,0,0,3,0,3,25,0,0,0,0,0,81,0,0,0,5,0,0,0,0,5,0,460,WOMEN,42_District_wise_crimes_committed_against_women_2014.csv,294,42_District_wise_crimes_committed_against_women_2014.csv::294,False,UNIQUE,Ballari,DISTRICT_OR_REPORTING_UNIT,VALID
Karnataka,Bidar,2014,33,0,0,0,33,0,33,8,42,4,0,0,16,22,10,82,0,0,0,0,82,11,0,0,0,11,106,0,17,8,1,1,0,0,0,0,0,0,0,0,0,19,0,0,3,0,11,29,0,0,0,5,4,1,0,0,0,26,412,WOMEN,42_District_wise_crimes_committed_against_women_2014.csv,295,42_District_wise_crimes_committed_against_women_2014.csv::295,False,UNIQUE,Bidar,DISTRICT_OR_REPORTING_UNIT,VALID
Karnataka,Vijayapura,2014,45,0,0,0,45,0,45,0,14,5,0,0,2,7,7,127,24,21,0,2,80,0,0,0,0,0,122,0,24,28,0,0,0,0,0,0,0,0,0,0,0,36,0,0,0,0,0,3,0,0,0,3,0,0,0,0,3,0,409,WOMEN,42_District_wise_crimes_committed_against_women_2014.csv,296,42_District_wise_crimes_committed_against_women_2014.csv::296,False,UNIQUE,Vijayapura,DISTRICT_OR_REPORTING_UNIT,VALID
Karnataka,Chikkaballapura,2014,36,0,0,0,36,0,36,0,13,0,0,0,4,9,10,106,0,0,0,0,106,8,0,0,0,8,26,0,14,12,0,0,5,4,1,0,0,0,1,0,1,16,0,0,12,0,0,37,0,0,0,6,6,0,0,0,0,0,302,WOMEN,42_District_wise_crimes_committed_against_women_2014.csv,297,42_District_wise_crimes_committed_against_women_2014.csv::297,False,UNIQUE,Chikkaballapura,DISTRICT_OR_REPORTING_UNIT,VALID
Karnataka,Chamarajnagar,2014,11,0,0,0,11,0,11,0,18,8,0,1,3,6,5,92,2,21,0,1,68,1,0,0,0,1,15,0,6,5,4,0,3,3,0,0,0,0,0,0,0,0,0,1,0,0,0,6,0,0,0,2,0,0,0,0,2,0,169,WOMEN,42_District_wise_crimes_committed_against_women_2014.csv,298,42_District_wise_crimes_committed_against_women_2014.csv::298,False,UNIQUE,Chamarajnagar,DISTRICT_OR_REPORTING_UNIT,VALID
Karnataka,Chikkamagaluru,2014,30,0,0,0,30,2,28,0,8,5,0,0,3,0,5,172,0,0,0,0,172,2,0,0,0,2,110,0,24,8,0,0,2,2,0,0,0,0,2,0,2,5,0,0,0,0,0,32,0,0,0,5,0,0,0,0,5,53,458,WOMEN,42_District_wise_crimes_committed_against_women_2014.csv,299,42_District_wise_crimes_committed_against_women_2014.csv::299,False,UNIQUE,Chikkamagaluru,DISTRICT_OR_REPORTING_UNIT,VALID
Karnataka,Chitradurga,2014,24,0,0,0,24,0,24,0,24,0,0,0,0,24,17,241,0,0,0,0,241,5,1,4,0,0,77,0,12,2,2,0,3,3,0,0,0,0,1,0,1,14,0,0,0,0,0,31,0,0,0,4,0,0,0,0,4,0,457,WOMEN,42_District_wise_crimes_committed_against_women_2014.csv,300,42_District_wise_crimes_committed_against_women_2014.csv::300,False,UNIQUE,Chitradurga,DISTRICT_OR_REPORTING_UNIT,VALID
Karnataka,Dakshina Kannada,2014,40,0,0,0,40,1,39,1,6,2,0,0,2,2,1,70,8,2,0,2,58,4,0,1,0,3,32,0,10,7,0,0,3,3,0,0,0,0,0,0,0,10,2,0,1,0,1,4,0,0,0,2,2,0,0,0,0,0,194,WOMEN,42_District_wise_crimes_committed_against_women_2014.csv,301,42_District_wise_crimes_committed_against_women_2014.csv::301,False,UNIQUE,Dakshina Kannada,DISTRICT_OR_REPORTING_UNIT,VALID
Karnataka,Davanagere,2014,40,0,0,0,40,1,39,0,53,24,0,0,15,14,9,211,27,57,0,2,125,2,0,0,0,2,87,0,28,17,0,0,8,8,0,0,0,0,0,0,0,30,0,0,17,0,2,62,0,0,0,3,3,0,0,0,0,0,569,WOMEN,42_District_wise_crimes_committed_against_women_2014.csv,302,42_District_wise_crimes_committed_against_women_2014.csv::302,False,UNIQUE,Davanagere,DISTRICT_OR_REPORTING_UNIT,VALID
Karnataka,Dharwad,2014,23,0,0,0,23,0,23,0,6,6,0,0,0,0,3,32,4,0,0,2,26,0,0,0,0,0,15,0,10,4,0,1,4,4,0,0,0,0,0,0,0,3,0,0,0,0,0,4,0,0,0,0,0,0,0,0,0,0,105,WOMEN,42_District_wise_crimes_committed_against_women_2014.csv,303,42_District_wise_crimes_committed_against_women_2014.csv::303,False,UNIQUE,Dharwad,DISTRICT_OR_REPORTING_UNIT,VALID
Karnataka,Gadag,2014,15,0,0,0,15,0,15,0,9,0,0,0,0,9,2,31,0,0,0,0,31,0,0,0,0,0,22,0,4,1,0,0,0,0,0,0,0,0,0,0,0,0,0,0,7,1,0,10,0,0,0,1,1,0,0,0,0,0,103,WOMEN,42_District_wise_crimes_committed_against_women_2014.csv,304,42_District_wise_crimes_committed_against_women_2014.csv::304,False,UNIQUE,Gadag,DISTRICT_OR_REPORTING_UNIT,VALID
Karnataka,Kalaburgi,2014,53,0,0,0,53,2,51,0,37,0,0,0,7,30,14,145,0,0,0,0,145,11,0,0,0,11,127,0,22,17,0,0,24,24,0,0,0,0,2,0,2,16,0,0,2,0,82,49,0,0,0,8,0,0,0,0,8,0,609,WOMEN,42_District_wise_crimes_committed_against_women_2014.csv,305,42_District_wise_crimes_committed_against_women_2014.csv::305,False,UNIQUE,Kalaburgi,DISTRICT_OR_REPORTING_UNIT,VALID
Karnataka,Hassan,2014,63,0,0,0,63,1,62,0,43,0,0,0,0,43,11,251,0,0,0,0,251,0,0,0,0,0,103,0,21,24,0,0,0,0,0,0,0,0,0,0,0,16,0,0,0,0,0,17,0,0,0,15,0,0,0,0,15,0,564,WOMEN,42_District_wise_crimes_committed_against_women_2014.csv,306,42_District_wise_crimes_committed_against_women_2014.csv::306,False,UNIQUE,Hassan,DISTRICT_OR_REPORTING_UNIT,VALID
Karnataka,Haveri,2014,40,0,0,0,40,0,40,0,12,0,0,0,0,12,10,94,0,0,0,0,94,3,0,0,0,3,44,0,21,0,0,0,0,0,0,0,0,0,0,0,0,4,0,0,13,0,0,21,0,0,0,3,0,0,0,0,3,0,265,WOMEN,42_District_wise_crimes_committed_against_women_2014.csv,307,42_District_wise_crimes_committed_against_women_2014.csv::307,False,UNIQUE,Haveri,DISTRICT_OR_REPORTING_UNIT,VALID
Karnataka,K.G.F.,2014,20,0,0,0,20,1,19,1,8,5,0,0,1,2,1,21,5,1,0,1,14,1,0,0,0,1,14,0,6,5,0,0,1,1,0,0,0,0,0,0,0,11,1,0,1,0,0,16,0,0,0,0,0,0,0,0,0,1,108,WOMEN,42_District_wise_crimes_committed_against_women_2014.csv,309,42_District_wise_crimes_committed_against_women_2014.csv::309,False,UNIQUE,K.G.F.,DISTRICT_OR_REPORTING_UNIT,VALID
Karnataka,Kodagu,2014,25,0,0,0,25,0,25,0,6,0,0,0,0,6,1,60,0,0,0,0,60,5,1,0,0,4,40,0,11,3,0,0,4,4,0,0,0,0,0,0,0,5,1,0,0,0,0,3,0,0,0,2,0,0,0,0,2,0,166,WOMEN,42_District_wise_crimes_committed_against_women_2014.csv,310,42_District_wise_crimes_committed_against_women_2014.csv::310,False,UNIQUE,Kodagu,DISTRICT_OR_REPORTING_UNIT,VALID
Karnataka,Kolar,2014,32,0,0,0,32,1,31,0,6,0,0,0,3,3,8,67,13,7,0,3,44,0,0,0,0,0,21,0,8,6,0,0,0,0,0,0,0,0,0,0,0,11,0,0,0,0,0,18,0,0,0,0,0,0,0,0,0,0,177,WOMEN,42_District_wise_crimes_committed_against_women_2014.csv,311,42_District_wise_crimes_committed_against_women_2014.csv::311,False,UNIQUE,Kolar,DISTRICT_OR_REPORTING_UNIT,VALID
Karnataka,Koppal,2014,28,0,0,0,28,0,28,0,31,0,0,0,0,31,4,34,0,0,0,0,34,0,0,0,0,0,50,0,2,0,0,0,20,20,0,0,0,0,0,0,0,6,0,0,0,0,0,0,0,0,0,0,0,0,0,0,0,0,175,WOMEN,42_District_wise_crimes_committed_against_women_2014.csv,312,42_District_wise_crimes_committed_against_women_2014.csv::312,False,UNIQUE,Koppal,DISTRICT_OR_REPORTING_UNIT,VALID
Karnataka,Mandya,2014,36,0,0,0,36,0,36,2,61,42,0,0,7,12,11,278,0,0,0,0,278,12,0,0,0,12,143,0,15,18,1,0,8,8,0,0,0,0,0,0,0,44,1,0,0,0,0,26,0,0,0,11,0,0,0,6,5,0,667,WOMEN,42_District_wise_crimes_committed_against_women_2014.csv,313,42_District_wise_crimes_committed_against_women_2014.csv::313,False,UNIQUE,Mandya,DISTRICT_OR_REPORTING_UNIT,VALID
Karnataka,Mysuru District,2014,41,0,0,0,41,0,41,0,49,0,0,0,5,44,20,201,0,0,0,0,201,5,0,0,0,5,107,0,20,1,0,0,0,0,0,0,0,0,0,0,0,5,3,0,0,0,0,23,0,0,0,13,0,0,13,0,0,0,488,WOMEN,42_District_wise_crimes_committed_against_women_2014.csv,316,42_District_wise_crimes_committed_against_women_2014.csv::316,False,UNIQUE,Mysuru District,DISTRICT_OR_REPORTING_UNIT,VALID
Karnataka,Raichur,2014,55,0,0,0,55,1,54,2,30,12,0,0,6,12,5,198,0,0,0,0,198,4,0,0,0,4,134,0,29,6,1,0,0,0,0,0,0,0,0,0,0,6,0,0,11,0,0,73,0,0,0,3,0,0,0,0,3,0,557,WOMEN,42_District_wise_crimes_committed_against_women_2014.csv,317,42_District_wise_crimes_committed_against_women_2014.csv::317,False,UNIQUE,Raichur,DISTRICT_OR_REPORTING_UNIT,VALID
Karnataka,Ramanagar,2014,43,0,0,0,43,2,41,0,45,28,0,0,15,2,12,142,0,0,0,0,142,0,0,0,0,0,60,0,36,5,1,0,12,12,0,0,0,0,0,0,0,34,1,0,0,0,0,37,0,0,0,5,0,0,0,0,5,0,433,WOMEN,42_District_wise_crimes_committed_against_women_2014.csv,319,42_District_wise_crimes_committed_against_women_2014.csv::319,False,UNIQUE,Ramanagar,DISTRICT_OR_REPORTING_UNIT,VALID
Karnataka,Shimoga,2014,58,0,0,0,58,2,56,0,47,38,0,0,1,8,8,404,0,0,0,11,393,7,0,0,0,7,228,0,22,8,0,0,2,1,1,0,0,0,0,0,0,23,0,2,15,0,0,0,0,0,0,3,3,0,0,0,0,0,827,WOMEN,42_District_wise_crimes_committed_against_women_2014.csv,320,42_District_wise_crimes_committed_against_women_2014.csv::320,False,UNIQUE,Shimoga,DISTRICT_OR_REPORTING_UNIT,VALID
Karnataka,Tumakuru,2014,36,0,0,0,36,0,36,0,27,0,0,0,0,27,15,242,12,0,0,0,230,8,0,0,0,8,87,0,23,18,0,0,2,2,0,0,0,0,0,0,0,27,0,1,15,0,0,58,0,0,0,12,0,0,0,0,12,1,572,WOMEN,42_District_wise_crimes_committed_against_women_2014.csv,321,42_District_wise_crimes_committed_against_women_2014.csv::321,False,UNIQUE,Tumakuru,DISTRICT_OR_REPORTING_UNIT,VALID
Karnataka,Udupi,2014,28,0,0,0,28,0,28,0,2,0,0,0,0,2,3,111,48,19,1,8,35,1,0,0,0,1,57,0,8,1,0,0,0,0,0,0,0,0,1,0,1,21,0,0,1,0,12,44,0,0,0,2,1,0,0,0,1,0,292,WOMEN,42_District_wise_crimes_committed_against_women_2014.csv,322,42_District_wise_crimes_committed_against_women_2014.csv::322,False,UNIQUE,Udupi,DISTRICT_OR_REPORTING_UNIT,VALID
Karnataka,Uttara Kannada,2014,25,0,0,0,25,1,24,1,22,20,0,0,0,2,0,154,8,6,1,2,137,6,0,0,0,6,56,0,9,5,0,0,2,2,0,0,0,0,0,0,0,18,0,0,8,0,1,16,0,0,0,2,0,1,0,0,1,0,325,WOMEN,42_District_wise_crimes_committed_against_women_2014.csv,323,42_District_wise_crimes_committed_against_women_2014.csv::323,False,UNIQUE,Uttara Kannada,DISTRICT_OR_REPORTING_UNIT,VALID
Karnataka,Yadgiri,2014,41,0,0,0,41,2,39,1,21,0,0,0,18,3,2,148,1,0,0,3,144,0,0,0,0,0,48,0,12,2,0,0,0,0,0,0,0,0,0,0,0,4,0,0,5,0,0,16,0,0,0,0,0,0,0,0,0,0,300,WOMEN,42_District_wise_crimes_committed_against_women_2014.csv,324,42_District_wise_crimes_committed_against_women_2014.csv::324,False,UNIQUE,Yadgiri,DISTRICT_OR_REPORTING_UNIT,VALID
Kerala,Alapuzha,2014,61,0,0,0,61,0,61,0,7,0,0,0,7,0,0,245,41,5,0,0,199,10,0,0,0,10,261,0,3,1,1,1,1,1,0,0,0,0,0,0,0,22,0,0,4,0,0,0,1,0,3,10,0,0,10,0,0,0,631,WOMEN,42_District_wise_crimes_committed_against_women_2014.csv,327,42_District_wise_crimes_committed_against_women_2014.csv::327,False,UNIQUE,Alapuzha,DISTRICT_OR_REPORTING_UNIT,VALID
Kerala,Ernakulam Commr.,2014,64,0,0,0,64,0,64,2,1,0,0,0,1,0,0,158,158,0,0,0,0,18,0,0,0,18,166,0,5,5,0,0,6,6,0,0,0,0,0,0,0,8,0,3,0,0,67,0,4,0,2,44,0,0,0,44,0,77,630,WOMEN,42_District_wise_crimes_committed_against_women_2014.csv,328,42_District_wise_crimes_committed_against_women_2014.csv::328,False,UNIQUE,Ernakulam Commr.,DISTRICT_OR_REPORTING_UNIT,VALID
Kerala,Idukki,2014,71,0,0,0,71,0,71,2,7,0,0,0,4,3,2,186,26,160,0,0,0,12,0,0,0,12,160,0,5,2,0,0,2,2,0,0,0,0,0,0,0,0,1,0,0,1,0,0,0,0,4,0,0,0,0,0,0,27,482,WOMEN,42_District_wise_crimes_committed_against_women_2014.csv,330,42_District_wise_crimes_committed_against_women_2014.csv::330,False,UNIQUE,Idukki,DISTRICT_OR_REPORTING_UNIT,VALID
Kerala,Kannur,2014,59,0,0,0,59,0,59,3,6,0,0,0,6,0,1,222,26,13,0,1,182,10,0,0,0,10,330,0,9,2,0,7,10,10,0,0,0,0,0,0,0,11,0,0,1,0,290,0,0,0,0,3,0,0,0,0,3,68,1032,WOMEN,42_District_wise_crimes_committed_against_women_2014.csv,331,42_District_wise_crimes_committed_against_women_2014.csv::331,False,UNIQUE,Kannur,DISTRICT_OR_REPORTING_UNIT,VALID
Kerala,Kasargod,2014,59,0,0,0,59,1,58,0,7,2,0,0,0,5,0,123,16,0,0,3,104,4,0,0,0,4,210,0,4,2,1,0,4,4,0,0,0,0,0,0,0,7,0,0,0,0,187,0,0,0,1,0,0,0,0,0,0,29,638,WOMEN,42_District_wise_crimes_committed_against_women_2014.csv,332,42_District_wise_crimes_committed_against_women_2014.csv::332,False,UNIQUE,Kasargod,DISTRICT_OR_REPORTING_UNIT,VALID
Kerala,Kollam Commr.,2014,78,0,0,0,78,0,78,0,8,0,0,0,8,0,1,287,287,0,0,0,0,13,0,0,0,13,296,0,6,4,0,2,0,0,0,0,0,0,0,0,0,3,0,0,8,2,9,1,1,0,17,1,0,0,0,0,1,21,758,WOMEN,42_District_wise_crimes_committed_against_women_2014.csv,333,42_District_wise_crimes_committed_against_women_2014.csv::333,False,UNIQUE,Kollam Commr.,DISTRICT_OR_REPORTING_UNIT,VALID
Kerala,Kottayam,2014,75,0,0,0,75,1,74,0,9,0,0,0,8,1,0,204,41,158,0,0,5,19,2,3,2,12,182,0,7,8,1,4,4,3,1,0,0,0,0,0,0,10,2,0,0,3,0,0,0,0,11,0,0,0,0,0,0,0,539,WOMEN,42_District_wise_crimes_committed_against_women_2014.csv,335,42_District_wise_crimes_committed_against_women_2014.csv::335,False,UNIQUE,Kottayam,DISTRICT_OR_REPORTING_UNIT,VALID
Kerala,Kozhikode Commr.,2014,35,0,0,0,35,0,35,2,2,1,0,0,0,1,1,107,6,0,0,1,100,9,0,0,0,9,184,0,2,0,0,1,3,3,0,0,0,0,0,0,0,35,0,0,3,0,172,0,0,0,0,0,0,0,0,0,0,37,593,WOMEN,42_District_wise_crimes_committed_against_women_2014.csv,336,42_District_wise_crimes_committed_against_women_2014.csv::336,False,UNIQUE,Kozhikode Commr.,DISTRICT_OR_REPORTING_UNIT,VALID
Kerala,Malappuram,2014,103,0,0,0,103,0,103,0,3,0,0,0,3,0,1,346,10,0,0,5,331,10,0,0,0,10,590,0,6,2,1,0,0,0,0,0,0,0,0,0,0,0,0,0,1,2,387,0,1,0,8,0,0,0,0,0,0,0,1461,WOMEN,42_District_wise_crimes_committed_against_women_2014.csv,338,42_District_wise_crimes_committed_against_women_2014.csv::338,False,UNIQUE,Malappuram,DISTRICT_OR_REPORTING_UNIT,VALID
Kerala,Palakkad,2014,88,0,0,0,88,0,88,3,14,5,0,0,4,5,7,182,46,13,5,3,115,12,0,0,0,12,450,0,11,10,1,1,13,13,0,0,0,0,0,0,0,30,2,0,6,1,83,0,1,0,0,4,1,0,1,0,2,23,942,WOMEN,42_District_wise_crimes_committed_against_women_2014.csv,339,42_District_wise_crimes_committed_against_women_2014.csv::339,False,UNIQUE,Palakkad,DISTRICT_OR_REPORTING_UNIT,VALID
Kerala,Pathanamthitta,2014,63,0,0,0,63,0,63,1,11,0,0,0,11,0,0,163,16,10,2,0,135,8,0,0,0,8,118,0,4,0,2,0,0,0,0,0,0,0,0,0,0,4,0,0,0,0,0,0,0,0,12,0,0,0,0,0,0,119,505,WOMEN,42_District_wise_crimes_committed_against_women_2014.csv,340,42_District_wise_crimes_committed_against_women_2014.csv::340,False,UNIQUE,Pathanamthitta,DISTRICT_OR_REPORTING_UNIT,VALID
Kerala,Thrissur Commr.,2014,38,0,0,0,38,0,38,0,0,0,0,0,0,0,0,109,22,5,3,7,72,11,0,0,0,11,130,0,5,2,0,6,15,15,0,0,0,0,0,0,0,3,0,1,2,0,182,0,0,0,3,8,3,0,0,4,1,62,577,WOMEN,42_District_wise_crimes_committed_against_women_2014.csv,342,42_District_wise_crimes_committed_against_women_2014.csv::342,False,UNIQUE,Thrissur Commr.,DISTRICT_OR_REPORTING_UNIT,VALID
Kerala,Trivandrum Commr.,2014,56,0,0,0,56,1,55,2,8,5,0,0,3,0,2,254,52,18,0,5,179,15,0,0,0,15,134,0,4,4,0,0,5,5,0,0,0,0,0,0,0,9,2,0,0,0,0,0,0,0,14,0,0,0,0,0,0,0,509,WOMEN,42_District_wise_crimes_committed_against_women_2014.csv,344,42_District_wise_crimes_committed_against_women_2014.csv::344,False,UNIQUE,Trivandrum Commr.,DISTRICT_OR_REPORTING_UNIT,VALID
Kerala,Wayanadu,2014,75,0,0,0,75,1,74,3,11,10,0,0,0,1,0,134,35,9,1,3,86,3,0,0,0,3,99,0,5,1,0,1,2,2,0,0,0,0,0,0,0,13,2,0,0,1,51,0,2,0,1,1,0,0,0,0,1,12,417,WOMEN,42_District_wise_crimes_committed_against_women_2014.csv,346,42_District_wise_crimes_committed_against_women_2014.csv::346,False,UNIQUE,Wayanadu,DISTRICT_OR_REPORTING_UNIT,VALID
Kerala,Crime Branch,2014,2,0,0,0,2,0,2,0,0,0,0,0,0,0,3,4,0,0,0,0,4,0,0,0,0,0,2,0,4,0,0,0,1,1,0,0,0,0,0,0,0,0,0,1,3,0,1,0,0,0,0,0,0,0,0,0,0,17,38,WOMEN,42_District_wise_crimes_committed_against_women_2014.csv,347,42_District_wise_crimes_committed_against_women_2014.csv::347,False,UNIQUE,Crime Branch,DISTRICT_OR_REPORTING_UNIT,VALID
Madhya Pradesh,Agar,2014,28,0,0,0,28,1,27,1,12,9,0,0,3,0,2,56,47,1,0,1,7,8,0,0,0,8,44,0,2,2,0,0,4,4,0,0,0,0,0,0,0,1,1,0,1,0,68,0,0,0,0,0,0,0,0,0,0,68,298,WOMEN,42_District_wise_crimes_committed_against_women_2014.csv,349,42_District_wise_crimes_committed_against_women_2014.csv::349,False,UNIQUE,Agar,DISTRICT_OR_REPORTING_UNIT,VALID
Madhya Pradesh,Alirajpur,2014,17,0,0,0,17,0,17,0,15,0,0,0,15,0,0,15,0,0,0,0,15,0,0,0,0,0,10,0,9,4,0,0,9,9,0,0,0,0,0,0,0,0,0,0,2,0,72,0,0,0,0,0,0,0,0,0,0,0,153,WOMEN,42_District_wise_crimes_committed_against_women_2014.csv,350,42_District_wise_crimes_committed_against_women_2014.csv::350,False,UNIQUE,Alirajpur,DISTRICT_OR_REPORTING_UNIT,VALID
Madhya Pradesh,Anuppur,2014,70,0,0,0,70,3,67,4,83,55,0,0,28,0,7,121,43,1,2,9,66,0,0,0,0,0,114,0,16,3,0,0,4,4,0,0,0,0,0,0,0,4,2,0,7,1,381,0,0,0,0,0,0,0,0,0,0,0,817,WOMEN,42_District_wise_crimes_committed_against_women_2014.csv,351,42_District_wise_crimes_committed_against_women_2014.csv::351,False,UNIQUE,Anuppur,DISTRICT_OR_REPORTING_UNIT,VALID
Madhya Pradesh,Ashok Nagar,2014,76,0,0,0,76,8,68,3,38,38,0,0,0,0,12,171,33,1,0,5,132,1,0,1,0,0,82,0,8,3,0,0,22,22,0,0,0,0,0,0,0,5,3,0,0,0,347,0,0,0,0,0,0,0,0,0,0,0,771,WOMEN,42_District_wise_crimes_committed_against_women_2014.csv,352,42_District_wise_crimes_committed_against_women_2014.csv::352,False,UNIQUE,Ashok Nagar,DISTRICT_OR_REPORTING_UNIT,VALID
Madhya Pradesh,Balaghat,2014,131,0,0,0,131,4,127,0,155,147,0,0,8,0,12,178,89,9,2,21,57,3,0,0,0,3,107,0,21,6,0,0,5,5,0,0,0,0,0,0,0,4,6,1,5,1,530,2,0,0,0,0,0,0,0,0,0,0,1167,WOMEN,42_District_wise_crimes_committed_against_women_2014.csv,353,42_District_wise_crimes_committed_against_women_2014.csv::353,False,UNIQUE,Balaghat,DISTRICT_OR_REPORTING_UNIT,VALID
Madhya Pradesh,Barwani,2014,68,0,0,0,68,1,67,0,23,10,0,0,12,1,4,92,24,0,0,5,63,4,0,0,0,4,16,0,16,3,0,0,3,3,0,0,0,0,0,0,0,3,2,1,13,0,447,0,0,0,0,0,0,0,0,0,0,0,695,WOMEN,42_District_wise_crimes_committed_against_women_2014.csv,354,42_District_wise_crimes_committed_against_women_2014.csv::354,False,UNIQUE,Barwani,DISTRICT_OR_REPORTING_UNIT,VALID
Madhya Pradesh,Betul,2014,164,0,0,0,164,7,157,4,152,0,0,0,152,0,9,417,100,17,2,51,247,27,0,0,0,27,379,0,16,20,2,0,10,10,0,0,0,0,0,0,0,7,1,8,0,0,1081,2,0,0,0,0,0,0,0,0,0,2,2301,WOMEN,42_District_wise_crimes_committed_against_women_2014.csv,355,42_District_wise_crimes_committed_against_women_2014.csv::355,False,UNIQUE,Betul,DISTRICT_OR_REPORTING_UNIT,VALID
Madhya Pradesh,Bhind,2014,78,0,0,0,78,5,73,0,106,59,8,0,39,0,30,142,0,0,0,0,142,0,0,0,0,0,86,0,17,6,0,0,8,8,0,0,0,0,0,0,0,28,0,0,0,0,0,1,0,0,0,0,0,0,0,0,0,0,502,WOMEN,42_District_wise_crimes_committed_against_women_2014.csv,356,42_District_wise_crimes_committed_against_women_2014.csv::356,False,UNIQUE,Bhind,DISTRICT_OR_REPORTING_UNIT,VALID
Madhya Pradesh,Bhopal,2014,223,0,0,0,223,24,199,0,294,0,0,0,294,0,20,343,343,0,0,0,0,18,0,18,0,0,348,0,23,14,0,0,2,2,0,0,0,0,0,0,0,51,0,0,0,1,1312,0,0,0,0,2,0,0,0,0,2,0,2651,WOMEN,42_District_wise_crimes_committed_against_women_2014.csv,357,42_District_wise_crimes_committed_against_women_2014.csv::357,False,UNIQUE,Bhopal,DISTRICT_OR_REPORTING_UNIT,VALID
Madhya Pradesh,Burhanpur,2014,46,0,0,0,46,1,45,0,17,0,0,0,0,17,5,90,32,0,1,14,43,5,0,0,0,5,48,0,9,1,0,0,8,8,0,0,0,0,0,0,0,2,0,0,0,0,0,0,0,0,0,0,0,0,0,0,0,0,231,WOMEN,42_District_wise_crimes_committed_against_women_2014.csv,359,42_District_wise_crimes_committed_against_women_2014.csv::359,False,UNIQUE,Burhanpur,DISTRICT_OR_REPORTING_UNIT,VALID
Madhya Pradesh,Chhatarpur,2014,78,0,0,0,78,0,78,0,147,147,0,0,0,0,22,232,232,0,0,0,0,0,0,0,0,0,74,0,17,4,0,0,22,22,0,0,0,0,0,0,0,4,0,0,0,0,340,0,0,0,0,0,0,0,0,0,0,0,940,WOMEN,42_District_wise_crimes_committed_against_women_2014.csv,360,42_District_wise_crimes_committed_against_women_2014.csv::360,False,UNIQUE,Chhatarpur,DISTRICT_OR_REPORTING_UNIT,VALID
Madhya Pradesh,Chhindwara,2014,205,0,0,0,205,0,205,0,213,213,0,0,0,0,9,241,241,0,0,0,0,36,0,0,0,36,185,0,18,6,0,0,137,137,0,0,0,0,0,0,0,4,0,0,26,0,543,0,0,0,0,0,0,0,0,0,0,0,1623,WOMEN,42_District_wise_crimes_committed_against_women_2014.csv,361,42_District_wise_crimes_committed_against_women_2014.csv::361,False,UNIQUE,Chhindwara,DISTRICT_OR_REPORTING_UNIT,VALID
Madhya Pradesh,Damoh,2014,46,0,0,0,46,2,44,0,97,97,0,0,0,0,31,137,0,0,0,0,137,0,0,0,0,0,68,0,11,13,0,0,21,21,0,0,0,0,0,0,0,2,0,0,17,0,0,0,0,0,0,0,0,0,0,0,0,246,689,WOMEN,42_District_wise_crimes_committed_against_women_2014.csv,362,42_District_wise_crimes_committed_against_women_2014.csv::362,False,UNIQUE,Damoh,DISTRICT_OR_REPORTING_UNIT,VALID
Madhya Pradesh,Datia,2014,34,0,0,0,34,12,22,0,53,53,0,0,0,0,14,88,0,0,0,0,88,0,0,0,0,0,57,0,12,5,0,0,11,11,0,0,0,0,0,0,0,11,0,0,5,0,283,1,0,0,0,0,0,0,0,0,0,0,574,WOMEN,42_District_wise_crimes_committed_against_women_2014.csv,363,42_District_wise_crimes_committed_against_women_2014.csv::363,False,UNIQUE,Datia,DISTRICT_OR_REPORTING_UNIT,VALID
Madhya Pradesh,Dewas,2014,121,0,0,0,121,6,115,1,73,13,0,0,30,30,10,216,61,0,2,35,118,7,0,0,0,7,145,0,19,6,1,0,4,4,0,0,0,0,0,0,0,3,3,2,0,0,0,0,0,0,49,1,0,0,1,0,0,884,1545,WOMEN,42_District_wise_crimes_committed_against_women_2014.csv,364,42_District_wise_crimes_committed_against_women_2014.csv::364,False,UNIQUE,Dewas,DISTRICT_OR_REPORTING_UNIT,VALID
Madhya Pradesh,Dhar,2014,138,0,0,0,138,6,132,3,265,0,0,0,265,0,15,244,244,0,0,0,0,16,0,0,0,16,85,0,12,13,1,0,115,114,0,1,0,0,0,0,0,6,9,0,28,0,1169,0,0,0,0,0,0,0,0,0,0,0,2119,WOMEN,42_District_wise_crimes_committed_against_women_2014.csv,365,42_District_wise_crimes_committed_against_women_2014.csv::365,False,UNIQUE,Dhar,DISTRICT_OR_REPORTING_UNIT,VALID
Madhya Pradesh,Dindori,2014,91,0,0,0,91,0,91,0,57,29,0,0,26,2,4,162,0,0,0,0,162,2,0,2,0,0,119,0,11,5,2,0,3,3,0,0,0,0,0,0,0,1,0,0,2,0,1332,0,0,0,0,1,0,0,0,0,1,0,1792,WOMEN,42_District_wise_crimes_committed_against_women_2014.csv,366,42_District_wise_crimes_committed_against_women_2014.csv::366,False,UNIQUE,Dindori,DISTRICT_OR_REPORTING_UNIT,VALID
Madhya Pradesh,Guna,2014,123,0,0,0,123,14,109,0,93,93,0,0,0,0,12,168,1,0,0,1,166,8,0,0,0,8,92,0,11,1,0,0,57,56,1,0,0,0,0,0,0,6,3,1,0,0,339,0,0,0,0,0,0,0,0,0,0,0,914,WOMEN,42_District_wise_crimes_committed_against_women_2014.csv,367,42_District_wise_crimes_committed_against_women_2014.csv::367,False,UNIQUE,Guna,DISTRICT_OR_REPORTING_UNIT,VALID
Madhya Pradesh,Gwalior,2014,158,0,0,0,158,16,142,1,146,0,0,0,40,106,36,364,52,13,0,32,267,21,0,0,0,21,441,0,26,7,3,0,5,5,0,0,0,0,0,0,0,27,3,1,29,0,1264,7,0,0,1,2,0,0,0,0,2,0,2542,WOMEN,42_District_wise_crimes_committed_against_women_2014.csv,368,42_District_wise_crimes_committed_against_women_2014.csv::368,False,UNIQUE,Gwalior,DISTRICT_OR_REPORTING_UNIT,VALID
Madhya Pradesh,Harda,2014,47,0,0,0,47,2,45,0,68,68,0,0,0,0,5,82,40,4,0,6,32,2,0,0,0,2,28,0,5,0,0,0,4,4,0,0,0,0,0,0,0,3,2,0,4,0,297,0,0,0,0,0,0,0,0,0,0,0,547,WOMEN,42_District_wise_crimes_committed_against_women_2014.csv,369,42_District_wise_crimes_committed_against_women_2014.csv::369,False,UNIQUE,Harda,DISTRICT_OR_REPORTING_UNIT,VALID
Madhya Pradesh,Hoshangabad,2014,102,0,0,0,102,5,97,1,80,51,0,0,29,0,6,183,21,0,4,11,147,12,0,0,0,12,121,0,17,9,0,1,14,13,0,1,0,0,0,0,0,13,0,0,0,0,0,0,0,0,0,0,0,0,0,0,0,551,1110,WOMEN,42_District_wise_crimes_committed_against_women_2014.csv,370,42_District_wise_crimes_committed_against_women_2014.csv::370,False,UNIQUE,Hoshangabad,DISTRICT_OR_REPORTING_UNIT,VALID
Madhya Pradesh,Indore,2014,261,0,0,0,261,11,250,3,340,268,1,1,54,16,37,411,127,6,1,39,238,34,1,0,1,32,254,0,19,15,2,0,19,16,3,0,0,0,0,0,0,163,3,1,25,0,1200,1,0,0,0,3,2,0,0,0,1,0,2791,WOMEN,42_District_wise_crimes_committed_against_women_2014.csv,371,42_District_wise_crimes_committed_against_women_2014.csv::371,False,UNIQUE,Indore,DISTRICT_OR_REPORTING_UNIT,VALID
Madhya Pradesh,Jabalpur,2014,194,0,0,0,194,4,190,12,304,172,0,1,131,0,34,374,0,0,0,0,374,43,0,0,0,43,315,0,22,12,0,0,14,14,0,0,0,0,0,0,0,64,2,4,32,2,0,10,0,0,0,0,0,0,0,0,0,0,1438,WOMEN,42_District_wise_crimes_committed_against_women_2014.csv,373,42_District_wise_crimes_committed_against_women_2014.csv::373,False,UNIQUE,Jabalpur,DISTRICT_OR_REPORTING_UNIT,VALID
Madhya Pradesh,Jhabua,2014,52,0,0,0,52,0,52,0,87,0,0,0,87,0,0,98,0,0,0,0,98,0,0,0,0,0,22,0,7,5,0,0,21,21,0,0,0,0,0,0,0,10,3,0,22,0,228,0,0,0,0,0,0,0,0,0,0,0,555,WOMEN,42_District_wise_crimes_committed_against_women_2014.csv,375,42_District_wise_crimes_committed_against_women_2014.csv::375,False,UNIQUE,Jhabua,DISTRICT_OR_REPORTING_UNIT,VALID
Madhya Pradesh,Katni,2014,93,0,0,0,93,4,89,1,114,63,0,0,2,49,18,178,54,1,0,2,121,4,0,0,0,4,65,0,11,5,0,0,21,21,0,0,0,0,0,0,0,1,2,1,1,0,64,1,0,0,0,0,0,0,0,0,0,48,628,WOMEN,42_District_wise_crimes_committed_against_women_2014.csv,376,42_District_wise_crimes_committed_against_women_2014.csv::376,False,UNIQUE,Katni,DISTRICT_OR_REPORTING_UNIT,VALID
Madhya Pradesh,Khandwa,2014,84,0,0,0,84,8,76,0,101,0,0,0,100,1,6,270,254,0,1,15,0,17,0,0,0,17,103,0,8,5,0,0,3,3,0,0,0,0,1,0,1,2,1,0,0,1,313,0,0,0,0,1,0,0,0,0,1,0,916,WOMEN,42_District_wise_crimes_committed_against_women_2014.csv,377,42_District_wise_crimes_committed_against_women_2014.csv::377,False,UNIQUE,Khandwa,DISTRICT_OR_REPORTING_UNIT,VALID
Madhya Pradesh,Khargone,2014,118,0,0,0,118,0,118,0,116,0,0,0,0,116,43,247,0,0,0,0,247,0,0,0,0,0,74,0,16,12,0,0,35,35,0,0,0,0,0,0,0,3,3,3,0,0,0,0,0,0,0,0,0,0,0,0,0,0,670,WOMEN,42_District_wise_crimes_committed_against_women_2014.csv,378,42_District_wise_crimes_committed_against_women_2014.csv::378,False,UNIQUE,Khargone,DISTRICT_OR_REPORTING_UNIT,VALID
Madhya Pradesh,Mandla,2014,64,0,0,0,64,1,63,5,131,0,0,0,0,131,6,99,0,0,0,0,99,1,0,0,0,1,76,0,11,8,1,0,63,63,0,0,0,0,0,0,0,2,0,1,7,0,16,0,0,0,0,0,0,0,0,0,0,0,491,WOMEN,42_District_wise_crimes_committed_against_women_2014.csv,379,42_District_wise_crimes_committed_against_women_2014.csv::379,False,UNIQUE,Mandla,DISTRICT_OR_REPORTING_UNIT,VALID
Madhya Pradesh,Mandsaur,2014,90,0,0,0,90,0,90,0,86,0,0,0,0,86,5,183,0,0,0,0,183,7,0,0,0,7,180,0,7,15,0,0,30,30,0,0,0,0,0,0,0,0,3,0,0,0,0,0,0,0,0,2,0,0,0,0,2,776,1384,WOMEN,42_District_wise_crimes_committed_against_women_2014.csv,380,42_District_wise_crimes_committed_against_women_2014.csv::380,False,UNIQUE,Mandsaur,DISTRICT_OR_REPORTING_UNIT,VALID
Madhya Pradesh,Morena,2014,43,0,0,0,43,6,37,2,85,0,0,0,69,16,30,131,0,0,1,2,128,4,0,0,0,4,192,0,11,16,0,0,21,21,0,0,0,0,0,0,0,11,1,0,23,0,430,4,0,0,0,0,0,0,0,0,0,0,1004,WOMEN,42_District_wise_crimes_committed_against_women_2014.csv,381,42_District_wise_crimes_committed_against_women_2014.csv::381,False,UNIQUE,Morena,DISTRICT_OR_REPORTING_UNIT,VALID
Madhya Pradesh,Narsinghpur,2014,113,0,0,0,113,0,113,0,53,0,0,0,53,0,20,165,0,0,0,0,165,2,0,0,0,2,145,0,13,4,0,0,67,67,0,0,0,0,0,0,0,5,1,0,0,0,327,0,0,0,0,0,0,0,0,0,0,0,915,WOMEN,42_District_wise_crimes_committed_against_women_2014.csv,382,42_District_wise_crimes_committed_against_women_2014.csv::382,False,UNIQUE,Narsinghpur,DISTRICT_OR_REPORTING_UNIT,VALID
Madhya Pradesh,Neemuch,2014,47,0,0,0,47,0,47,0,27,27,0,0,0,0,3,88,22,2,16,2,46,2,0,0,0,2,43,0,2,2,0,0,3,3,0,0,0,0,0,0,0,4,0,0,0,0,381,0,0,0,0,0,0,0,0,0,0,0,602,WOMEN,42_District_wise_crimes_committed_against_women_2014.csv,383,42_District_wise_crimes_committed_against_women_2014.csv::383,False,UNIQUE,Neemuch,DISTRICT_OR_REPORTING_UNIT,VALID
Madhya Pradesh,Panna,2014,41,0,0,0,41,6,35,0,125,125,0,0,0,0,10,84,0,0,0,0,84,0,0,0,0,0,38,0,13,0,0,0,18,18,0,0,0,0,0,0,0,0,1,0,10,0,53,0,0,0,0,0,0,0,0,0,0,0,393,WOMEN,42_District_wise_crimes_committed_against_women_2014.csv,384,42_District_wise_crimes_committed_against_women_2014.csv::384,False,UNIQUE,Panna,DISTRICT_OR_REPORTING_UNIT,VALID
Madhya Pradesh,Raisen,2014,161,0,0,0,161,9,152,3,69,21,0,0,8,40,5,225,74,2,2,11,136,8,0,0,0,8,76,0,11,4,0,1,17,17,0,0,0,0,0,0,0,0,2,0,7,0,385,4,0,0,0,0,0,0,0,0,0,25,1003,WOMEN,42_District_wise_crimes_committed_against_women_2014.csv,385,42_District_wise_crimes_committed_against_women_2014.csv::385,False,UNIQUE,Raisen,DISTRICT_OR_REPORTING_UNIT,VALID
Madhya Pradesh,Rajgarh,2014,94,0,0,0,94,0,94,2,97,0,0,0,0,97,5,235,0,0,0,0,235,7,0,0,0,7,134,0,8,3,0,1,22,22,0,0,0,0,0,0,0,5,4,0,0,0,839,0,0,0,0,0,0,0,0,0,0,0,1456,WOMEN,42_District_wise_crimes_committed_against_women_2014.csv,386,42_District_wise_crimes_committed_against_women_2014.csv::386,False,UNIQUE,Rajgarh,DISTRICT_OR_REPORTING_UNIT,VALID
Madhya Pradesh,Ratlam,2014,69,0,0,0,69,3,66,0,133,0,0,0,133,0,5,151,0,0,0,0,151,12,0,0,0,12,129,0,8,5,2,0,35,35,0,0,0,0,0,0,0,16,1,4,25,0,404,0,0,0,0,0,0,0,0,0,0,0,999,WOMEN,42_District_wise_crimes_committed_against_women_2014.csv,387,42_District_wise_crimes_committed_against_women_2014.csv::387,False,UNIQUE,Ratlam,DISTRICT_OR_REPORTING_UNIT,VALID
Madhya Pradesh,Rewa,2014,110,0,0,0,110,4,106,0,202,192,0,0,3,7,36,169,17,0,0,2,150,1,0,0,0,1,90,0,21,1,0,0,36,35,1,0,0,0,0,0,0,20,2,0,0,0,561,1,0,0,0,0,0,0,0,0,0,0,1250,WOMEN,42_District_wise_crimes_committed_against_women_2014.csv,388,42_District_wise_crimes_committed_against_women_2014.csv::388,False,UNIQUE,Rewa,DISTRICT_OR_REPORTING_UNIT,VALID
Madhya Pradesh,Sagar,2014,126,0,0,0,126,9,117,2,170,0,0,0,170,0,35,405,110,5,10,24,256,10,0,0,0,10,175,0,17,11,0,0,48,48,0,0,0,0,0,0,0,13,5,1,25,2,809,0,0,0,0,1,0,0,1,0,0,4,1859,WOMEN,42_District_wise_crimes_committed_against_women_2014.csv,389,42_District_wise_crimes_committed_against_women_2014.csv::389,False,UNIQUE,Sagar,DISTRICT_OR_REPORTING_UNIT,VALID
Madhya Pradesh,Satna,2014,187,0,0,0,187,12,175,5,248,0,0,0,248,0,30,254,254,0,0,0,0,24,0,0,0,24,116,0,14,14,0,0,41,41,0,0,0,0,0,0,0,10,0,0,0,0,1615,4,0,0,0,0,0,0,0,0,0,0,2562,WOMEN,42_District_wise_crimes_committed_against_women_2014.csv,390,42_District_wise_crimes_committed_against_women_2014.csv::390,False,UNIQUE,Satna,DISTRICT_OR_REPORTING_UNIT,VALID
Madhya Pradesh,Seoni,2014,83,0,0,0,83,3,80,0,121,0,0,0,0,121,9,137,69,0,1,12,55,3,0,0,0,3,47,0,16,2,0,0,22,21,1,0,0,0,0,0,0,1,2,2,14,0,0,73,0,0,0,0,0,0,0,0,0,392,924,WOMEN,42_District_wise_crimes_committed_against_women_2014.csv,391,42_District_wise_crimes_committed_against_women_2014.csv::391,False,UNIQUE,Seoni,DISTRICT_OR_REPORTING_UNIT,VALID
Madhya Pradesh,Shahdol,2014,122,0,0,0,122,15,107,0,121,80,0,0,41,0,16,272,68,55,39,50,60,3,0,0,0,3,336,0,15,7,0,0,29,29,0,0,0,0,0,0,0,4,1,4,15,0,546,0,0,0,3,1,0,0,0,0,1,0,1495,WOMEN,42_District_wise_crimes_committed_against_women_2014.csv,392,42_District_wise_crimes_committed_against_women_2014.csv::392,False,UNIQUE,Shahdol,DISTRICT_OR_REPORTING_UNIT,VALID
Madhya Pradesh,Shajapur,2014,68,0,0,0,68,7,61,0,31,0,0,0,20,11,7,139,113,1,0,9,16,0,0,0,0,0,130,0,6,4,0,0,0,0,0,0,0,0,0,0,0,2,2,0,9,0,0,0,0,0,0,0,0,0,0,0,0,0,398,WOMEN,42_District_wise_crimes_committed_against_women_2014.csv,393,42_District_wise_crimes_committed_against_women_2014.csv::393,False,UNIQUE,Shajapur,DISTRICT_OR_REPORTING_UNIT,VALID
Madhya Pradesh,Sheopur,2014,23,0,0,0,23,3,20,0,22,0,0,0,22,0,5,57,10,2,0,6,39,4,0,0,0,4,37,0,4,1,1,0,8,8,0,0,0,0,0,0,0,0,0,0,4,0,138,0,0,0,0,0,0,0,0,0,0,0,304,WOMEN,42_District_wise_crimes_committed_against_women_2014.csv,394,42_District_wise_crimes_committed_against_women_2014.csv::394,False,UNIQUE,Sheopur,DISTRICT_OR_REPORTING_UNIT,VALID
Madhya Pradesh,Shivpuri,2014,101,0,0,0,101,10,91,1,123,0,0,0,0,123,11,269,69,4,0,8,188,4,0,0,0,4,111,0,19,12,0,0,33,32,1,0,0,0,1,0,1,11,3,2,17,0,563,1,0,0,0,0,0,0,0,0,0,1,1283,WOMEN,42_District_wise_crimes_committed_against_women_2014.csv,395,42_District_wise_crimes_committed_against_women_2014.csv::395,False,UNIQUE,Shivpuri,DISTRICT_OR_REPORTING_UNIT,VALID
Madhya Pradesh,Sidhi,2014,40,0,0,0,40,2,38,0,72,0,0,0,0,72,14,100,29,2,1,0,68,3,0,0,0,3,68,0,12,2,0,0,17,17,0,0,0,0,0,0,0,3,0,1,22,0,714,0,0,0,0,0,0,0,0,0,0,0,1068,WOMEN,42_District_wise_crimes_committed_against_women_2014.csv,396,42_District_wise_crimes_committed_against_women_2014.csv::396,False,UNIQUE,Sidhi,DISTRICT_OR_REPORTING_UNIT,VALID
Madhya Pradesh,Sehore,2014,124,0,0,0,124,15,109,0,114,45,0,0,69,0,12,162,21,0,0,0,141,6,0,0,0,6,158,0,12,4,0,0,3,3,0,0,0,0,0,0,0,9,0,0,0,0,382,1,0,0,0,0,0,0,0,0,0,0,987,WOMEN,42_District_wise_crimes_committed_against_women_2014.csv,397,42_District_wise_crimes_committed_against_women_2014.csv::397,False,UNIQUE,Sehore,DISTRICT_OR_REPORTING_UNIT,VALID
Madhya Pradesh,Singrauli,2014,88,0,0,0,88,10,78,0,94,0,0,0,67,27,17,97,47,2,0,5,43,1,0,0,0,1,105,0,9,4,0,0,18,18,0,0,0,0,0,0,0,1,2,6,16,0,560,0,0,0,0,0,0,0,0,0,0,0,1018,WOMEN,42_District_wise_crimes_committed_against_women_2014.csv,398,42_District_wise_crimes_committed_against_women_2014.csv::398,False,UNIQUE,Singrauli,DISTRICT_OR_REPORTING_UNIT,VALID
Madhya Pradesh,Tikamgarh,2014,92,0,0,0,92,4,88,1,65,65,0,0,0,0,15,133,21,0,0,4,108,6,0,0,0,6,42,0,17,2,0,0,23,23,0,0,0,0,0,0,0,5,1,0,10,1,307,0,0,0,0,0,0,0,0,0,0,0,720,WOMEN,42_District_wise_crimes_committed_against_women_2014.csv,399,42_District_wise_crimes_committed_against_women_2014.csv::399,False,UNIQUE,Tikamgarh,DISTRICT_OR_REPORTING_UNIT,VALID
Madhya Pradesh,Ujjain,2014,126,0,0,0,126,3,123,0,96,46,0,0,47,3,11,282,0,0,0,0,282,29,0,0,0,29,285,0,11,24,1,0,20,20,0,0,0,0,1,0,1,20,4,1,14,0,804,0,0,0,0,1,0,0,0,0,1,0,1730,WOMEN,42_District_wise_crimes_committed_against_women_2014.csv,400,42_District_wise_crimes_committed_against_women_2014.csv::400,False,UNIQUE,Ujjain,DISTRICT_OR_REPORTING_UNIT,VALID
Madhya Pradesh,Umaria,2014,51,0,0,0,51,1,50,0,42,0,0,0,42,0,2,104,104,0,0,0,0,3,0,0,0,3,90,0,8,1,0,0,13,13,0,0,0,0,0,0,0,2,2,0,0,0,0,0,0,0,0,0,0,0,0,0,0,353,671,WOMEN,42_District_wise_crimes_committed_against_women_2014.csv,401,42_District_wise_crimes_committed_against_women_2014.csv::401,False,UNIQUE,Umaria,DISTRICT_OR_REPORTING_UNIT,VALID
Madhya Pradesh,Vidisha,2014,156,0,0,0,156,15,141,1,90,47,0,0,43,0,21,299,71,4,1,19,204,18,0,0,0,18,162,0,18,11,3,3,30,30,0,0,0,0,0,0,0,20,2,0,16,0,627,0,0,0,0,0,0,0,0,0,0,0,1477,WOMEN,42_District_wise_crimes_committed_against_women_2014.csv,402,42_District_wise_crimes_committed_against_women_2014.csv::402,False,UNIQUE,Vidisha,DISTRICT_OR_REPORTING_UNIT,VALID
Madhya Pradesh,Cyber Cell,2014,0,0,0,0,0,0,0,0,0,0,0,0,0,0,0,0,0,0,0,0,0,0,0,0,0,0,0,0,0,0,0,0,0,0,0,0,0,0,0,0,0,0,0,0,0,0,0,0,0,0,0,0,0,0,0,0,0,0,0,WOMEN,42_District_wise_crimes_committed_against_women_2014.csv,403,42_District_wise_crimes_committed_against_women_2014.csv::403,False,UNIQUE,Cyber Cell,DISTRICT_OR_REPORTING_UNIT,VALID
Maharashtra,Ahmednagar,2014,103,0,0,0,103,6,97,1,85,16,0,0,51,18,13,269,67,2,0,3,197,8,0,0,0,8,264,0,29,21,1,0,18,18,0,0,0,0,1,0,1,91,3,0,73,0,130,0,0,0,2,4,4,0,0,0,0,3,1119,WOMEN,42_District_wise_crimes_committed_against_women_2014.csv,405,42_District_wise_crimes_committed_against_women_2014.csv::405,False,UNIQUE,Ahmednagar,DISTRICT_OR_REPORTING_UNIT,VALID
Maharashtra,Akola,2014,52,0,0,0,52,1,51,1,32,10,0,0,22,0,5,219,101,2,15,19,82,20,0,0,0,20,136,0,20,14,1,0,38,38,0,0,0,0,0,0,0,52,0,0,13,0,95,1,0,0,0,0,0,0,0,0,0,32,731,WOMEN,42_District_wise_crimes_committed_against_women_2014.csv,406,42_District_wise_crimes_committed_against_women_2014.csv::406,False,UNIQUE,Akola,DISTRICT_OR_REPORTING_UNIT,VALID
Maharashtra,Amravati Commr.,2014,27,0,0,0,27,3,24,0,24,10,0,0,10,4,1,132,24,0,1,15,92,12,0,0,0,12,108,0,7,8,1,0,10,10,0,0,0,0,0,0,0,17,2,0,7,1,664,0,0,0,0,0,0,0,0,0,0,23,1044,WOMEN,42_District_wise_crimes_committed_against_women_2014.csv,407,42_District_wise_crimes_committed_against_women_2014.csv::407,False,UNIQUE,Amravati Commr.,DISTRICT_OR_REPORTING_UNIT,VALID
Maharashtra,Aurangabad Commr.,2014,27,0,0,0,27,2,25,0,38,11,0,0,16,11,2,227,110,17,2,65,33,5,0,0,0,5,164,0,16,15,0,0,6,6,0,0,0,2,2,0,2,84,0,0,15,0,206,0,0,0,0,5,5,0,0,0,0,11,825,WOMEN,42_District_wise_crimes_committed_against_women_2014.csv,409,42_District_wise_crimes_committed_against_women_2014.csv::409,False,UNIQUE,Aurangabad Commr.,DISTRICT_OR_REPORTING_UNIT,VALID
Maharashtra,Beed,2014,70,0,0,0,70,3,67,0,49,12,0,0,25,12,3,273,173,12,2,13,73,1,0,0,0,1,316,0,30,7,1,0,10,10,0,0,0,0,0,0,0,15,2,0,31,0,113,0,0,0,0,1,0,1,0,0,0,2,924,WOMEN,42_District_wise_crimes_committed_against_women_2014.csv,411,42_District_wise_crimes_committed_against_women_2014.csv::411,False,UNIQUE,Beed,DISTRICT_OR_REPORTING_UNIT,VALID
Maharashtra,Bhandara,2014,28,0,0,0,28,0,28,0,18,11,0,0,6,1,3,73,47,3,1,8,14,14,0,0,0,14,40,0,7,2,3,0,7,7,0,0,0,0,1,1,0,13,1,0,11,0,289,5,0,0,0,0,0,0,0,0,0,4,519,WOMEN,42_District_wise_crimes_committed_against_women_2014.csv,412,42_District_wise_crimes_committed_against_women_2014.csv::412,False,UNIQUE,Bhandara,DISTRICT_OR_REPORTING_UNIT,VALID
Maharashtra,Buldhana,2014,57,0,0,0,57,4,53,0,33,0,0,0,28,5,22,253,94,10,1,13,135,36,0,6,0,30,152,0,21,26,0,0,32,32,0,0,0,0,1,0,1,13,6,0,9,0,348,0,0,0,0,0,0,0,0,0,0,12,1021,WOMEN,42_District_wise_crimes_committed_against_women_2014.csv,413,42_District_wise_crimes_committed_against_women_2014.csv::413,False,UNIQUE,Buldhana,DISTRICT_OR_REPORTING_UNIT,VALID
Maharashtra,Chandrapur,2014,99,0,0,0,99,5,94,1,39,0,0,2,29,8,2,224,0,0,0,0,224,28,0,0,0,28,203,0,15,11,0,0,6,6,0,0,0,1,2,0,2,8,0,0,23,0,301,6,0,0,0,1,0,0,0,0,1,0,970,WOMEN,42_District_wise_crimes_committed_against_women_2014.csv,414,42_District_wise_crimes_committed_against_women_2014.csv::414,False,UNIQUE,Chandrapur,DISTRICT_OR_REPORTING_UNIT,VALID
Maharashtra,Dhule,2014,35,0,0,0,35,3,32,0,40,0,0,0,18,22,11,98,0,3,0,0,95,5,0,0,0,5,207,0,19,3,0,0,2,2,0,0,0,0,7,0,7,2,1,0,7,0,12,0,0,0,0,2,0,1,1,0,0,4,455,WOMEN,42_District_wise_crimes_committed_against_women_2014.csv,415,42_District_wise_crimes_committed_against_women_2014.csv::415,False,UNIQUE,Dhule,DISTRICT_OR_REPORTING_UNIT,VALID
Maharashtra,Gadchiroli,2014,22,0,0,0,22,3,19,1,6,0,0,0,6,0,0,32,10,1,0,0,21,2,0,0,0,2,16,0,15,2,0,0,6,6,0,0,0,0,1,0,1,4,1,0,4,0,49,0,0,0,0,0,0,0,0,0,0,1,162,WOMEN,42_District_wise_crimes_committed_against_women_2014.csv,416,42_District_wise_crimes_committed_against_women_2014.csv::416,False,UNIQUE,Gadchiroli,DISTRICT_OR_REPORTING_UNIT,VALID
Maharashtra,Gondia,2014,58,0,0,0,58,4,54,0,19,0,0,0,0,19,6,113,113,0,0,0,0,3,0,0,0,3,46,0,11,7,0,0,7,7,0,0,0,0,0,0,0,3,0,0,10,0,117,0,0,0,0,0,0,0,0,0,0,7,407,WOMEN,42_District_wise_crimes_committed_against_women_2014.csv,417,42_District_wise_crimes_committed_against_women_2014.csv::417,False,UNIQUE,Gondia,DISTRICT_OR_REPORTING_UNIT,VALID
Maharashtra,Hingoli,2014,24,0,0,0,24,0,24,0,16,3,0,0,12,1,4,80,51,3,0,8,18,0,0,0,0,0,83,0,13,9,0,0,4,4,0,0,0,0,0,0,0,0,0,0,0,2,141,0,0,0,0,0,0,0,0,0,0,0,376,WOMEN,42_District_wise_crimes_committed_against_women_2014.csv,418,42_District_wise_crimes_committed_against_women_2014.csv::418,False,UNIQUE,Hingoli,DISTRICT_OR_REPORTING_UNIT,VALID
Maharashtra,Jalgaon,2014,66,0,0,0,66,4,62,0,76,0,0,0,76,0,1,347,213,0,17,0,117,34,0,0,0,34,374,0,32,25,0,0,32,32,0,0,0,0,9,0,9,47,0,0,0,1,541,0,0,0,0,0,0,0,0,0,0,6,1591,WOMEN,42_District_wise_crimes_committed_against_women_2014.csv,419,42_District_wise_crimes_committed_against_women_2014.csv::419,False,UNIQUE,Jalgaon,DISTRICT_OR_REPORTING_UNIT,VALID
Maharashtra,Jalna,2014,33,0,0,0,33,1,32,0,31,2,0,3,26,0,13,185,155,0,0,0,30,8,2,4,0,2,289,0,26,5,0,0,8,8,0,0,0,0,0,0,0,4,0,0,0,0,71,0,0,0,0,1,0,0,0,0,1,0,674,WOMEN,42_District_wise_crimes_committed_against_women_2014.csv,420,42_District_wise_crimes_committed_against_women_2014.csv::420,False,UNIQUE,Jalna,DISTRICT_OR_REPORTING_UNIT,VALID
Maharashtra,Kolhapur,2014,84,0,0,0,84,0,84,0,47,0,0,0,29,18,8,176,42,7,6,33,88,7,0,0,0,7,150,0,24,16,0,0,15,15,0,0,1,0,3,0,3,148,0,0,0,0,170,0,0,0,0,5,0,0,0,0,5,2,856,WOMEN,42_District_wise_crimes_committed_against_women_2014.csv,421,42_District_wise_crimes_committed_against_women_2014.csv::421,False,UNIQUE,Kolhapur,DISTRICT_OR_REPORTING_UNIT,VALID
Maharashtra,Latur,2014,57,0,0,0,57,4,53,0,84,0,0,0,84,0,4,174,0,0,0,0,174,2,0,0,0,2,323,0,14,13,0,0,0,0,0,0,0,0,0,0,0,0,0,0,0,0,70,0,0,0,0,2,0,0,2,0,0,0,743,WOMEN,42_District_wise_crimes_committed_against_women_2014.csv,422,42_District_wise_crimes_committed_against_women_2014.csv::422,False,UNIQUE,Latur,DISTRICT_OR_REPORTING_UNIT,VALID
Maharashtra,Mumbai Commr.,2014,607,0,0,0,607,16,591,2,280,228,0,0,15,37,22,1626,650,49,14,129,784,363,4,23,1,335,563,0,38,25,1,1,169,168,1,0,0,0,4,0,4,1237,2,74,380,4,2736,2,0,0,0,50,13,1,5,3,28,58,8244,WOMEN,42_District_wise_crimes_committed_against_women_2014.csv,423,42_District_wise_crimes_committed_against_women_2014.csv::423,False,UNIQUE,Mumbai Commr.,DISTRICT_OR_REPORTING_UNIT,VALID
Maharashtra,Nagpur Commr.,2014,113,0,0,0,113,4,109,2,89,42,0,0,46,1,10,279,197,11,4,53,14,25,0,0,0,25,234,0,20,18,1,0,1,0,0,1,0,0,0,0,0,256,0,1,30,0,731,4,0,0,0,24,6,0,18,0,0,25,1863,WOMEN,42_District_wise_crimes_committed_against_women_2014.csv,425,42_District_wise_crimes_committed_against_women_2014.csv::425,False,UNIQUE,Nagpur Commr.,DISTRICT_OR_REPORTING_UNIT,VALID
Maharashtra,Nanded,2014,43,0,0,0,43,2,41,0,53,0,0,0,40,13,6,147,147,0,0,0,0,3,0,0,0,3,180,0,26,17,2,0,2,2,0,0,0,0,1,0,1,13,0,0,32,0,135,0,0,0,0,0,0,0,0,0,0,0,660,WOMEN,42_District_wise_crimes_committed_against_women_2014.csv,428,42_District_wise_crimes_committed_against_women_2014.csv::428,False,UNIQUE,Nanded,DISTRICT_OR_REPORTING_UNIT,VALID
Maharashtra,Nandurbar,2014,25,0,0,0,25,3,22,0,17,1,0,0,16,0,2,36,8,8,0,4,16,4,0,0,0,4,47,0,14,4,2,0,2,2,0,0,0,0,0,0,0,2,0,0,0,0,23,0,0,0,0,1,0,0,0,0,1,5,184,WOMEN,42_District_wise_crimes_committed_against_women_2014.csv,429,42_District_wise_crimes_committed_against_women_2014.csv::429,False,UNIQUE,Nandurbar,DISTRICT_OR_REPORTING_UNIT,VALID
Maharashtra,Nasik Commr.,2014,28,0,0,0,28,2,26,0,33,29,0,0,3,1,3,101,47,15,0,7,32,3,0,0,0,3,200,1,7,11,0,0,12,12,0,0,0,0,1,0,1,74,0,0,18,0,286,0,0,0,0,2,1,0,0,0,1,7,787,WOMEN,42_District_wise_crimes_committed_against_women_2014.csv,430,42_District_wise_crimes_committed_against_women_2014.csv::430,False,UNIQUE,Nasik Commr.,DISTRICT_OR_REPORTING_UNIT,VALID
Maharashtra,Navi Mumbai,2014,88,0,0,0,88,4,84,0,63,62,0,0,0,1,6,158,30,9,3,24,92,49,1,0,2,46,131,0,20,4,1,0,11,11,0,0,0,0,1,0,1,312,0,0,11,0,411,1,0,0,0,22,15,0,5,2,0,15,1304,WOMEN,42_District_wise_crimes_committed_against_women_2014.csv,432,42_District_wise_crimes_committed_against_women_2014.csv::432,False,UNIQUE,Navi Mumbai,DISTRICT_OR_REPORTING_UNIT,VALID
Maharashtra,Osmanabad,2014,43,0,0,0,43,2,41,0,21,8,0,0,12,1,5,126,46,6,1,10,63,5,0,0,0,5,117,0,13,12,0,0,0,0,0,0,0,0,1,1,0,5,0,0,1,2,20,0,0,0,2,1,1,0,0,0,0,0,374,WOMEN,42_District_wise_crimes_committed_against_women_2014.csv,433,42_District_wise_crimes_committed_against_women_2014.csv::433,False,UNIQUE,Osmanabad,DISTRICT_OR_REPORTING_UNIT,VALID
Maharashtra,Palghar,2014,98,0,0,0,98,3,95,0,65,28,0,0,4,33,1,183,28,6,3,9,137,22,0,0,0,22,73,0,24,3,3,0,20,19,1,0,0,0,2,0,2,48,0,0,16,1,71,0,0,0,0,0,0,0,0,0,0,1,631,WOMEN,42_District_wise_crimes_committed_against_women_2014.csv,434,42_District_wise_crimes_committed_against_women_2014.csv::434,False,UNIQUE,Palghar,DISTRICT_OR_REPORTING_UNIT,VALID
Maharashtra,Parbhani,2014,38,0,0,0,38,3,35,0,27,2,1,0,12,12,5,140,68,6,0,8,58,2,0,0,0,2,251,0,19,18,1,0,16,16,0,0,0,0,2,0,2,12,4,0,25,0,280,0,0,0,0,0,0,0,0,0,0,4,844,WOMEN,42_District_wise_crimes_committed_against_women_2014.csv,435,42_District_wise_crimes_committed_against_women_2014.csv::435,False,UNIQUE,Parbhani,DISTRICT_OR_REPORTING_UNIT,VALID
Maharashtra,Pune Commr.,2014,189,0,0,0,189,3,186,0,124,55,0,0,47,22,20,454,110,6,2,38,298,98,0,6,0,92,391,0,27,21,2,0,35,34,0,1,0,0,53,0,53,494,3,0,5,3,1492,0,0,0,0,38,17,0,0,0,21,19,3468,WOMEN,42_District_wise_crimes_committed_against_women_2014.csv,436,42_District_wise_crimes_committed_against_women_2014.csv::436,False,UNIQUE,Pune Commr.,DISTRICT_OR_REPORTING_UNIT,VALID
Maharashtra,Raigad,2014,47,0,0,0,47,2,45,1,27,27,0,0,0,0,2,99,42,2,0,10,45,15,0,0,0,15,54,0,6,1,0,0,11,11,0,0,0,0,0,0,0,44,1,0,0,0,232,0,0,0,0,0,0,0,0,0,0,0,540,WOMEN,42_District_wise_crimes_committed_against_women_2014.csv,439,42_District_wise_crimes_committed_against_women_2014.csv::439,False,UNIQUE,Raigad,DISTRICT_OR_REPORTING_UNIT,VALID
Maharashtra,Ratnagiri,2014,34,0,0,0,34,3,31,1,8,8,0,0,0,0,0,59,19,0,0,16,24,10,0,0,0,10,26,0,5,8,2,0,7,7,0,0,0,0,1,0,1,30,4,0,1,0,67,0,0,0,0,0,0,0,0,0,0,1,264,WOMEN,42_District_wise_crimes_committed_against_women_2014.csv,440,42_District_wise_crimes_committed_against_women_2014.csv::440,False,UNIQUE,Ratnagiri,DISTRICT_OR_REPORTING_UNIT,VALID
Maharashtra,Sangli,2014,66,0,0,0,66,1,65,1,48,9,0,0,32,7,6,157,39,3,1,8,106,5,0,0,0,5,108,0,14,5,0,0,13,13,0,0,0,0,0,0,0,16,0,0,40,0,84,0,0,0,0,3,0,0,0,1,2,2,568,WOMEN,42_District_wise_crimes_committed_against_women_2014.csv,441,42_District_wise_crimes_committed_against_women_2014.csv::441,False,UNIQUE,Sangli,DISTRICT_OR_REPORTING_UNIT,VALID
Maharashtra,Satara,2014,97,0,0,0,97,4,93,0,69,28,0,0,39,2,4,241,89,6,3,34,109,12,0,0,0,12,188,0,29,8,5,0,9,9,0,0,0,0,9,0,9,96,2,0,44,0,122,0,0,0,0,3,1,0,0,1,1,12,950,WOMEN,42_District_wise_crimes_committed_against_women_2014.csv,442,42_District_wise_crimes_committed_against_women_2014.csv::442,False,UNIQUE,Satara,DISTRICT_OR_REPORTING_UNIT,VALID
Maharashtra,Sindhudurg,2014,12,0,0,0,12,0,12,1,8,1,0,0,5,2,0,42,29,2,0,11,0,7,0,0,1,6,4,0,4,0,0,5,6,6,0,0,0,0,0,0,0,10,0,0,0,0,81,0,0,0,0,0,0,0,0,0,0,0,180,WOMEN,42_District_wise_crimes_committed_against_women_2014.csv,443,42_District_wise_crimes_committed_against_women_2014.csv::443,False,UNIQUE,Sindhudurg,DISTRICT_OR_REPORTING_UNIT,VALID
Maharashtra,Solapur Commr.,2014,39,0,0,0,39,1,38,0,30,12,0,0,18,0,3,52,20,2,0,5,25,7,0,0,0,7,52,0,11,7,0,0,5,5,0,0,0,0,1,0,1,62,1,0,0,0,138,0,0,0,0,1,0,0,0,0,1,2,411,WOMEN,42_District_wise_crimes_committed_against_women_2014.csv,444,42_District_wise_crimes_committed_against_women_2014.csv::444,False,UNIQUE,Solapur Commr.,DISTRICT_OR_REPORTING_UNIT,VALID
Maharashtra,Thane Commr.,2014,215,0,0,0,215,3,212,0,246,178,0,2,16,50,13,559,309,8,13,52,177,73,3,6,0,64,351,0,37,10,0,1,38,38,0,0,0,0,5,0,5,892,2,12,5,2,964,0,0,0,0,13,5,2,1,0,5,1,3439,WOMEN,42_District_wise_crimes_committed_against_women_2014.csv,446,42_District_wise_crimes_committed_against_women_2014.csv::446,False,UNIQUE,Thane Commr.,DISTRICT_OR_REPORTING_UNIT,VALID
Maharashtra,Wardha,2014,62,0,0,0,62,2,60,0,28,0,0,0,25,3,1,192,32,2,0,6,152,8,0,0,0,8,98,0,9,12,0,0,3,3,0,0,0,0,1,0,1,0,3,0,0,0,117,1,0,0,0,0,0,0,0,0,0,0,535,WOMEN,42_District_wise_crimes_committed_against_women_2014.csv,448,42_District_wise_crimes_committed_against_women_2014.csv::448,False,UNIQUE,Wardha,DISTRICT_OR_REPORTING_UNIT,VALID
Maharashtra,Washim,2014,33,0,0,0,33,1,32,0,22,8,0,0,14,0,5,178,178,0,0,0,0,11,0,0,0,11,113,0,10,20,0,0,22,22,0,0,0,0,1,0,1,17,0,0,15,1,121,1,0,0,0,0,0,0,0,0,0,16,586,WOMEN,42_District_wise_crimes_committed_against_women_2014.csv,449,42_District_wise_crimes_committed_against_women_2014.csv::449,False,UNIQUE,Washim,DISTRICT_OR_REPORTING_UNIT,VALID
Maharashtra,Yavatmal,2014,108,0,0,0,108,8,100,0,135,22,0,0,99,14,12,466,58,28,1,13,366,504,0,0,0,504,301,0,22,30,0,0,24,24,0,0,0,0,0,0,0,29,0,0,0,0,376,3,0,0,0,3,0,0,0,0,3,27,2040,WOMEN,42_District_wise_crimes_committed_against_women_2014.csv,450,42_District_wise_crimes_committed_against_women_2014.csv::450,False,UNIQUE,Yavatmal,DISTRICT_OR_REPORTING_UNIT,VALID
Manipur,Bishnupur,2014,9,0,0,0,9,0,9,0,8,0,0,0,8,0,0,6,0,0,0,0,6,0,0,0,0,0,3,0,6,8,0,0,0,0,0,0,0,0,0,0,0,0,0,0,0,0,0,0,0,0,0,0,0,0,0,0,0,0,40,WOMEN,42_District_wise_crimes_committed_against_women_2014.csv,452,42_District_wise_crimes_committed_against_women_2014.csv::452,False,UNIQUE,Bishnupur,DISTRICT_OR_REPORTING_UNIT,VALID
Manipur,Chandel,2014,0,0,0,0,0,0,0,0,0,0,0,0,0,0,0,1,0,0,0,0,1,0,0,0,0,0,0,0,0,0,0,0,0,0,0,0,0,0,0,0,0,0,0,0,0,0,0,0,0,0,0,0,0,0,0,0,0,0,1,WOMEN,42_District_wise_crimes_committed_against_women_2014.csv,453,42_District_wise_crimes_committed_against_women_2014.csv::453,False,UNIQUE,Chandel,DISTRICT_OR_REPORTING_UNIT,VALID
Manipur,Churachandpur,2014,5,0,0,0,5,0,5,0,3,0,0,0,2,1,0,3,2,0,0,0,1,0,0,0,0,0,0,0,3,0,0,0,1,1,0,0,0,0,0,0,0,0,0,0,0,0,0,0,0,0,0,0,0,0,0,0,0,0,15,WOMEN,42_District_wise_crimes_committed_against_women_2014.csv,454,42_District_wise_crimes_committed_against_women_2014.csv::454,False,UNIQUE,Churachandpur,DISTRICT_OR_REPORTING_UNIT,VALID
Manipur,C. I. D.,2014,0,0,0,0,0,0,0,0,0,0,0,0,0,0,0,0,0,0,0,0,0,0,0,0,0,0,0,0,0,0,0,0,0,0,0,0,0,0,0,0,0,0,0,0,0,0,0,0,0,0,0,0,0,0,0,0,0,0,0,WOMEN,42_District_wise_crimes_committed_against_women_2014.csv,455,42_District_wise_crimes_committed_against_women_2014.csv::455,False,UNIQUE,C. I. D.,DISTRICT_OR_REPORTING_UNIT,VALID
Manipur,Imphal East,2014,20,0,0,0,20,0,20,0,17,0,0,0,17,0,1,7,0,0,0,0,7,0,0,0,0,0,8,0,3,0,0,0,0,0,0,0,0,0,0,0,0,0,0,0,0,0,0,0,0,0,0,0,0,0,0,0,0,0,56,WOMEN,42_District_wise_crimes_committed_against_women_2014.csv,456,42_District_wise_crimes_committed_against_women_2014.csv::456,False,UNIQUE,Imphal East,DISTRICT_OR_REPORTING_UNIT,VALID
Manipur,Imphal West,2014,20,0,0,0,20,0,20,1,36,2,0,3,25,6,0,44,3,0,0,2,39,0,0,0,0,0,14,0,3,3,0,0,5,5,0,0,0,0,0,0,0,1,0,0,0,0,0,0,0,0,0,0,0,0,0,0,0,2,129,WOMEN,42_District_wise_crimes_committed_against_women_2014.csv,457,42_District_wise_crimes_committed_against_women_2014.csv::457,False,UNIQUE,Imphal West,DISTRICT_OR_REPORTING_UNIT,VALID
Manipur,Senapati,2014,1,0,0,0,1,0,1,0,1,0,0,0,1,0,0,2,0,0,0,0,2,0,0,0,0,0,0,0,0,0,0,0,0,0,0,0,0,0,0,0,0,0,0,0,0,0,0,0,0,0,0,0,0,0,0,0,0,0,4,WOMEN,42_District_wise_crimes_committed_against_women_2014.csv,458,42_District_wise_crimes_committed_against_women_2014.csv::458,False,UNIQUE,Senapati,DISTRICT_OR_REPORTING_UNIT,VALID
Manipur,Tamenglong,2014,0,0,0,0,0,0,0,0,4,0,0,0,2,2,0,0,0,0,0,0,0,0,0,0,0,0,0,0,3,0,0,0,0,0,0,0,0,0,0,0,0,0,0,0,0,0,0,0,0,0,0,0,0,0,0,0,0,0,7,WOMEN,42_District_wise_crimes_committed_against_women_2014.csv,459,42_District_wise_crimes_committed_against_women_2014.csv::459,False,UNIQUE,Tamenglong,DISTRICT_OR_REPORTING_UNIT,VALID
Manipur,Thoubal,2014,19,0,0,0,19,0,19,0,51,0,0,2,47,2,0,35,0,4,0,0,31,0,0,0,0,0,16,0,10,4,0,0,38,38,0,0,0,0,0,0,0,0,2,0,0,0,0,0,0,0,0,0,0,0,0,0,0,0,175,WOMEN,42_District_wise_crimes_committed_against_women_2014.csv,460,42_District_wise_crimes_committed_against_women_2014.csv::460,False,UNIQUE,Thoubal,DISTRICT_OR_REPORTING_UNIT,VALID
Manipur,Ukhrul,2014,1,0,0,0,1,0,1,0,1,0,0,0,0,1,0,0,0,0,0,0,0,0,0,0,0,0,0,0,0,0,0,0,0,0,0,0,0,0,0,0,0,0,0,0,0,0,0,0,0,0,0,0,0,0,0,0,0,0,2,WOMEN,42_District_wise_crimes_committed_against_women_2014.csv,461,42_District_wise_crimes_committed_against_women_2014.csv::461,False,UNIQUE,Ukhrul,DISTRICT_OR_REPORTING_UNIT,VALID
Meghalaya,Garo Hills East,2014,3,0,0,0,3,0,3,0,0,0,0,0,0,0,0,3,0,0,0,0,3,1,0,0,0,1,0,0,0,0,0,0,0,0,0,0,0,0,0,0,0,0,0,0,0,0,0,0,0,0,0,0,0,0,0,0,0,0,7,WOMEN,42_District_wise_crimes_committed_against_women_2014.csv,463,42_District_wise_crimes_committed_against_women_2014.csv::463,False,UNIQUE,Garo Hills East,DISTRICT_OR_REPORTING_UNIT,VALID
Meghalaya,Garo Hills North,2014,3,0,0,0,3,0,3,0,8,0,0,1,1,6,0,8,0,1,0,0,7,0,0,0,0,0,1,0,2,1,0,0,0,0,0,0,0,0,2,0,2,0,0,0,0,0,0,1,0,0,0,0,0,0,0,0,0,0,26,WOMEN,42_District_wise_crimes_committed_against_women_2014.csv,464,42_District_wise_crimes_committed_against_women_2014.csv::464,False,UNIQUE,Garo Hills North,DISTRICT_OR_REPORTING_UNIT,VALID
Meghalaya,Garo Hills South,2014,3,0,0,0,3,2,1,0,4,0,0,0,4,0,0,3,0,0,0,0,3,0,0,0,0,0,3,0,1,0,0,0,0,0,0,0,0,0,0,0,0,0,0,0,0,0,0,0,0,0,0,0,0,0,0,0,0,0,14,WOMEN,42_District_wise_crimes_committed_against_women_2014.csv,465,42_District_wise_crimes_committed_against_women_2014.csv::465,False,UNIQUE,Garo Hills South,DISTRICT_OR_REPORTING_UNIT,VALID
Meghalaya,Garo Hills South West,2014,4,0,0,0,4,0,4,0,1,1,0,0,0,0,0,8,0,0,0,0,8,1,0,0,0,1,1,0,2,0,0,0,0,0,0,0,0,0,0,0,0,0,0,0,0,0,0,0,0,0,0,0,0,0,0,0,0,0,17,WOMEN,42_District_wise_crimes_committed_against_women_2014.csv,466,42_District_wise_crimes_committed_against_women_2014.csv::466,False,UNIQUE,Garo Hills South West,DISTRICT_OR_REPORTING_UNIT,VALID
Meghalaya,Garo Hills West,2014,11,0,0,0,11,0,11,7,9,0,0,0,3,6,0,11,0,0,0,0,11,7,0,0,0,7,10,0,1,1,0,0,0,0,0,0,0,0,0,0,0,0,0,0,0,0,22,0,0,0,0,0,0,0,0,0,0,5,84,WOMEN,42_District_wise_crimes_committed_against_women_2014.csv,467,42_District_wise_crimes_committed_against_women_2014.csv::467,False,UNIQUE,Garo Hills West,DISTRICT_OR_REPORTING_UNIT,VALID
Meghalaya,Jaintia Hills West,2014,10,0,0,0,10,0,10,0,2,0,0,0,0,2,0,5,0,5,0,0,0,3,0,0,0,3,1,0,1,0,0,0,0,0,0,0,0,0,0,0,0,0,0,0,0,0,0,0,0,0,0,0,0,0,0,0,0,0,22,WOMEN,42_District_wise_crimes_committed_against_women_2014.csv,468,42_District_wise_crimes_committed_against_women_2014.csv::468,False,UNIQUE,Jaintia Hills West,DISTRICT_OR_REPORTING_UNIT,VALID
Meghalaya,Jaintia Hills East,2014,11,0,0,0,11,1,10,0,0,0,0,0,0,0,0,7,0,0,0,0,7,0,0,0,0,0,0,0,9,0,0,0,0,0,0,0,0,0,0,0,0,0,0,0,0,0,0,0,0,0,0,0,0,0,0,0,0,0,27,WOMEN,42_District_wise_crimes_committed_against_women_2014.csv,469,42_District_wise_crimes_committed_against_women_2014.csv::469,False,UNIQUE,Jaintia Hills East,DISTRICT_OR_REPORTING_UNIT,VALID
Meghalaya,Khasi Hills East,2014,14,0,0,0,14,0,14,12,7,6,0,0,1,0,0,45,0,4,1,4,36,35,0,0,0,35,26,0,3,6,1,0,7,7,0,0,0,0,0,0,0,0,0,0,0,0,0,0,0,0,0,3,3,0,0,0,0,14,173,WOMEN,42_District_wise_crimes_committed_against_women_2014.csv,470,42_District_wise_crimes_committed_against_women_2014.csv::470,False,UNIQUE,Khasi Hills East,DISTRICT_OR_REPORTING_UNIT,VALID
Meghalaya,Khasi Hills South West,2014,12,0,0,0,12,0,12,0,0,0,0,0,0,0,1,0,0,0,0,0,0,7,0,0,0,7,0,0,1,1,0,0,0,0,0,0,0,0,0,0,0,0,0,0,0,0,0,0,0,0,0,0,0,0,0,0,0,0,22,WOMEN,42_District_wise_crimes_committed_against_women_2014.csv,471,42_District_wise_crimes_committed_against_women_2014.csv::471,False,UNIQUE,Khasi Hills South West,DISTRICT_OR_REPORTING_UNIT,VALID
Meghalaya,Khasi Hills West,2014,19,0,0,0,19,0,19,0,1,0,0,0,0,1,0,4,0,0,0,0,4,0,0,0,0,0,0,0,0,0,0,0,0,0,0,0,0,0,0,0,0,0,0,0,0,0,7,0,0,0,0,0,0,0,0,0,0,0,31,WOMEN,42_District_wise_crimes_committed_against_women_2014.csv,472,42_District_wise_crimes_committed_against_women_2014.csv::472,False,UNIQUE,Khasi Hills West,DISTRICT_OR_REPORTING_UNIT,VALID
Meghalaya,Ri-Bhoi,2014,28,0,0,0,28,0,28,7,6,2,0,0,0,4,0,11,0,0,0,0,11,0,0,0,0,0,0,0,0,0,0,0,5,5,0,0,0,0,0,0,0,0,0,0,0,0,0,0,0,0,0,0,0,0,0,0,0,0,57,WOMEN,42_District_wise_crimes_committed_against_women_2014.csv,473,42_District_wise_crimes_committed_against_women_2014.csv::473,False,UNIQUE,Ri-Bhoi,DISTRICT_OR_REPORTING_UNIT,VALID
Mizoram,Aizawl,2014,39,0,0,0,39,5,34,0,1,1,0,0,0,0,0,58,23,5,0,6,24,0,0,0,0,0,5,0,2,2,0,0,3,3,0,0,0,0,0,0,0,0,3,0,0,0,0,0,0,0,0,0,0,0,0,0,0,0,113,WOMEN,42_District_wise_crimes_committed_against_women_2014.csv,475,42_District_wise_crimes_committed_against_women_2014.csv::475,False,UNIQUE,Aizawl,DISTRICT_OR_REPORTING_UNIT,VALID
Mizoram,Champhai,2014,22,0,0,0,22,0,22,0,1,0,0,0,0,1,0,0,0,0,0,0,0,29,0,29,0,0,0,0,0,0,0,0,0,0,0,0,0,0,0,0,0,0,0,0,0,0,0,0,0,0,0,0,0,0,0,0,0,0,52,WOMEN,42_District_wise_crimes_committed_against_women_2014.csv,476,42_District_wise_crimes_committed_against_women_2014.csv::476,False,UNIQUE,Champhai,DISTRICT_OR_REPORTING_UNIT,VALID
Mizoram,Kolasib,2014,10,0,0,0,10,0,10,1,1,1,0,0,0,0,0,10,10,0,0,0,0,0,0,0,0,0,1,0,0,0,0,0,1,1,0,0,0,0,0,0,0,0,0,0,0,0,0,0,0,0,0,0,0,0,0,0,0,0,24,WOMEN,42_District_wise_crimes_committed_against_women_2014.csv,477,42_District_wise_crimes_committed_against_women_2014.csv::477,False,UNIQUE,Kolasib,DISTRICT_OR_REPORTING_UNIT,VALID
Mizoram,Lawngtlai,2014,9,0,0,0,9,1,8,0,0,0,0,0,0,0,0,5,0,5,0,0,0,0,0,0,0,0,0,0,0,0,0,0,0,0,0,0,0,0,0,0,0,0,0,0,0,0,0,0,0,0,0,0,0,0,0,0,0,0,14,WOMEN,42_District_wise_crimes_committed_against_women_2014.csv,478,42_District_wise_crimes_committed_against_women_2014.csv::478,False,UNIQUE,Lawngtlai,DISTRICT_OR_REPORTING_UNIT,VALID
Mizoram,Lunglei,2014,14,0,0,0,14,1,13,0,0,0,0,0,0,0,0,13,13,0,0,0,0,0,0,0,0,0,0,0,1,0,1,0,2,2,0,0,0,0,0,0,0,0,0,0,0,0,0,0,0,0,0,0,0,0,0,0,0,0,31,WOMEN,42_District_wise_crimes_committed_against_women_2014.csv,479,42_District_wise_crimes_committed_against_women_2014.csv::479,False,UNIQUE,Lunglei,DISTRICT_OR_REPORTING_UNIT,VALID
Mizoram,Mamit,2014,10,0,0,0,10,0,10,0,0,0,0,0,0,0,0,6,6,0,0,0,0,0,0,0,0,0,2,0,0,0,0,0,2,2,0,0,0,0,0,0,0,0,0,0,0,0,6,0,0,0,0,0,0,0,0,0,0,0,26,WOMEN,42_District_wise_crimes_committed_against_women_2014.csv,480,42_District_wise_crimes_committed_against_women_2014.csv::480,False,UNIQUE,Mamit,DISTRICT_OR_REPORTING_UNIT,VALID
Mizoram,Saiha,2014,4,0,0,0,4,0,4,0,0,0,0,0,0,0,0,2,0,2,0,0,0,0,0,0,0,0,0,0,1,0,0,0,0,0,0,0,0,0,0,0,0,0,0,0,0,0,1,0,0,0,0,0,0,0,0,0,0,0,8,WOMEN,42_District_wise_crimes_committed_against_women_2014.csv,481,42_District_wise_crimes_committed_against_women_2014.csv::481,False,UNIQUE,Saiha,DISTRICT_OR_REPORTING_UNIT,VALID
Mizoram,Serchhip,2014,12,0,0,0,12,0,12,0,0,0,0,0,0,0,0,3,1,0,2,0,0,0,0,0,0,0,0,0,1,0,0,0,1,1,0,0,0,0,0,0,0,0,0,0,0,0,0,0,0,0,0,0,0,0,0,0,0,0,17,WOMEN,42_District_wise_crimes_committed_against_women_2014.csv,482,42_District_wise_crimes_committed_against_women_2014.csv::482,False,UNIQUE,Serchhip,DISTRICT_OR_REPORTING_UNIT,VALID
Mizoram,Spl Traffic,2014,0,0,0,0,0,0,0,0,0,0,0,0,0,0,0,0,0,0,0,0,0,0,0,0,0,0,0,0,0,0,0,0,0,0,0,0,0,0,0,0,0,0,0,0,0,0,0,0,0,0,0,0,0,0,0,0,0,0,0,WOMEN,42_District_wise_crimes_committed_against_women_2014.csv,483,42_District_wise_crimes_committed_against_women_2014.csv::483,False,UNIQUE,Spl Traffic,DISTRICT_OR_REPORTING_UNIT,VALID
Nagaland,Dimapur,2014,12,0,0,0,12,3,9,2,8,2,0,0,2,4,0,10,1,3,0,1,5,1,0,0,0,1,3,0,3,4,0,0,0,0,0,0,0,0,0,0,0,0,0,1,0,0,0,0,0,0,0,1,1,0,0,0,0,0,45,WOMEN,42_District_wise_crimes_committed_against_women_2014.csv,485,42_District_wise_crimes_committed_against_women_2014.csv::485,False,UNIQUE,Dimapur,DISTRICT_OR_REPORTING_UNIT,VALID
Nagaland,Kiphire,2014,1,0,0,0,1,0,1,0,0,0,0,0,0,0,0,0,0,0,0,0,0,0,0,0,0,0,0,0,0,0,0,0,0,0,0,0,0,0,0,0,0,0,0,0,0,0,0,0,0,0,0,0,0,0,0,0,0,0,1,WOMEN,42_District_wise_crimes_committed_against_women_2014.csv,486,42_District_wise_crimes_committed_against_women_2014.csv::486,False,UNIQUE,Kiphire,DISTRICT_OR_REPORTING_UNIT,VALID
Nagaland,Kohima,2014,9,0,0,0,9,0,9,0,3,0,0,0,0,3,0,0,0,0,0,0,0,0,0,0,0,0,0,0,0,0,0,0,0,0,0,0,0,0,0,0,0,0,0,0,0,0,0,0,0,0,0,0,0,0,0,0,0,0,12,WOMEN,42_District_wise_crimes_committed_against_women_2014.csv,487,42_District_wise_crimes_committed_against_women_2014.csv::487,False,UNIQUE,Kohima,DISTRICT_OR_REPORTING_UNIT,VALID
Nagaland,Longleng,2014,1,0,0,0,1,0,1,0,0,0,0,0,0,0,0,0,0,0,0,0,0,0,0,0,0,0,0,0,0,0,0,0,0,0,0,0,0,0,0,0,0,0,0,0,0,0,0,0,0,0,0,0,0,0,0,0,0,0,1,WOMEN,42_District_wise_crimes_committed_against_women_2014.csv,488,42_District_wise_crimes_committed_against_women_2014.csv::488,False,UNIQUE,Longleng,DISTRICT_OR_REPORTING_UNIT,VALID
Nagaland,Mokokchung,2014,1,0,0,0,1,0,1,0,1,0,0,0,0,1,0,2,0,2,0,0,0,0,0,0,0,0,0,0,1,0,0,0,0,0,0,0,0,0,0,0,0,0,0,0,0,0,0,0,0,0,0,0,0,0,0,0,0,0,5,WOMEN,42_District_wise_crimes_committed_against_women_2014.csv,489,42_District_wise_crimes_committed_against_women_2014.csv::489,False,UNIQUE,Mokokchung,DISTRICT_OR_REPORTING_UNIT,VALID
Nagaland,Mon,2014,1,0,0,0,1,1,0,0,0,0,0,0,0,0,0,0,0,0,0,0,0,0,0,0,0,0,0,0,0,0,0,0,0,0,0,0,0,0,0,0,0,0,0,0,0,0,0,0,0,0,0,0,0,0,0,0,0,0,1,WOMEN,42_District_wise_crimes_committed_against_women_2014.csv,490,42_District_wise_crimes_committed_against_women_2014.csv::490,False,UNIQUE,Mon,DISTRICT_OR_REPORTING_UNIT,VALID
Nagaland,Peren,2014,0,0,0,0,0,0,0,1,0,0,0,0,0,0,0,1,1,0,0,0,0,0,0,0,0,0,0,0,0,0,0,0,0,0,0,0,0,0,0,0,0,0,0,0,0,0,0,0,0,0,0,0,0,0,0,0,0,0,2,WOMEN,42_District_wise_crimes_committed_against_women_2014.csv,491,42_District_wise_crimes_committed_against_women_2014.csv::491,False,UNIQUE,Peren,DISTRICT_OR_REPORTING_UNIT,VALID
Nagaland,Phek,2014,1,0,0,0,1,0,1,0,0,0,0,0,0,0,0,3,3,0,0,0,0,0,0,0,0,0,0,0,0,0,0,0,0,0,0,0,0,0,0,0,0,0,0,0,0,0,0,0,0,0,0,0,0,0,0,0,0,0,4,WOMEN,42_District_wise_crimes_committed_against_women_2014.csv,492,42_District_wise_crimes_committed_against_women_2014.csv::492,False,UNIQUE,Phek,DISTRICT_OR_REPORTING_UNIT,VALID
Nagaland,Tuensang,2014,1,0,0,0,1,0,1,0,1,1,0,0,0,0,0,0,0,0,0,0,0,0,0,0,0,0,0,0,0,0,0,0,0,0,0,0,0,0,0,0,0,0,0,0,0,0,0,0,0,0,0,0,0,0,0,0,0,0,2,WOMEN,42_District_wise_crimes_committed_against_women_2014.csv,493,42_District_wise_crimes_committed_against_women_2014.csv::493,False,UNIQUE,Tuensang,DISTRICT_OR_REPORTING_UNIT,VALID
Nagaland,Wokha,2014,0,0,0,0,0,0,0,0,0,0,0,0,0,0,0,0,0,0,0,0,0,0,0,0,0,0,0,0,0,0,0,0,0,0,0,0,0,0,0,0,0,0,0,0,0,0,0,0,0,0,0,0,0,0,0,0,0,0,0,WOMEN,42_District_wise_crimes_committed_against_women_2014.csv,494,42_District_wise_crimes_committed_against_women_2014.csv::494,False,UNIQUE,Wokha,DISTRICT_OR_REPORTING_UNIT,VALID
Nagaland,Zunheboto,2014,3,0,0,0,3,0,3,0,0,0,0,0,0,0,0,0,0,0,0,0,0,0,0,0,0,0,0,0,0,0,0,0,0,0,0,0,0,0,0,0,0,0,0,0,0,0,0,0,0,0,0,0,0,0,0,0,0,0,3,WOMEN,42_District_wise_crimes_committed_against_women_2014.csv,495,42_District_wise_crimes_committed_against_women_2014.csv::495,False,UNIQUE,Zunheboto,DISTRICT_OR_REPORTING_UNIT,VALID
Odisha,Angul,2014,44,0,0,0,44,0,44,1,66,0,0,0,66,0,4,146,50,0,0,4,92,8,8,0,0,0,30,0,38,6,0,0,2,2,0,0,0,0,0,0,0,0,0,0,0,0,0,39,0,0,0,2,2,0,0,0,0,0,386,WOMEN,42_District_wise_crimes_committed_against_women_2014.csv,497,42_District_wise_crimes_committed_against_women_2014.csv::497,False,UNIQUE,Angul,DISTRICT_OR_REPORTING_UNIT,VALID
Odisha,Balasore,2014,110,0,0,0,110,11,99,11,182,60,0,4,118,0,2,566,59,111,0,2,394,26,0,0,0,26,380,0,31,0,3,0,31,28,1,2,0,0,0,0,0,0,3,3,0,0,63,0,0,0,0,1,1,0,0,0,0,0,1412,WOMEN,42_District_wise_crimes_committed_against_women_2014.csv,498,42_District_wise_crimes_committed_against_women_2014.csv::498,False,UNIQUE,Balasore,DISTRICT_OR_REPORTING_UNIT,VALID
Odisha,Baragarh,2014,56,0,0,0,56,0,56,0,41,23,0,0,18,0,7,114,50,42,1,2,19,9,0,0,0,9,80,0,10,9,0,0,47,47,0,0,0,0,8,0,8,12,9,0,0,0,39,0,0,0,0,1,1,0,0,0,0,0,442,WOMEN,42_District_wise_crimes_committed_against_women_2014.csv,499,42_District_wise_crimes_committed_against_women_2014.csv::499,False,UNIQUE,Baragarh,DISTRICT_OR_REPORTING_UNIT,VALID
Odisha,Berhampur,2014,30,0,0,0,30,0,30,0,36,0,0,0,35,1,0,162,6,6,0,10,140,24,0,0,0,24,118,0,16,30,0,0,12,12,0,0,0,0,5,0,5,16,2,0,0,0,0,0,0,0,0,0,0,0,0,0,0,0,451,WOMEN,42_District_wise_crimes_committed_against_women_2014.csv,500,42_District_wise_crimes_committed_against_women_2014.csv::500,False,UNIQUE,Berhampur,DISTRICT_OR_REPORTING_UNIT,VALID
Odisha,Bhadrak,2014,63,0,0,0,63,1,62,0,98,0,0,0,98,0,24,178,26,66,0,3,83,5,0,0,0,5,168,0,28,12,0,0,0,0,0,0,0,0,0,0,0,0,0,0,0,0,0,0,0,0,0,0,0,0,0,0,0,0,576,WOMEN,42_District_wise_crimes_committed_against_women_2014.csv,501,42_District_wise_crimes_committed_against_women_2014.csv::501,False,UNIQUE,Bhadrak,DISTRICT_OR_REPORTING_UNIT,VALID
Odisha,Bolangir,2014,56,0,0,0,56,0,56,0,106,0,0,0,106,0,19,211,24,67,0,4,116,10,0,10,0,0,47,0,12,0,0,0,25,25,0,0,0,0,0,0,0,7,0,0,0,0,0,0,0,0,0,0,0,0,0,0,0,0,493,WOMEN,42_District_wise_crimes_committed_against_women_2014.csv,502,42_District_wise_crimes_committed_against_women_2014.csv::502,False,UNIQUE,Bolangir,DISTRICT_OR_REPORTING_UNIT,VALID
Odisha,Boudh,2014,24,0,0,0,24,1,23,0,30,0,0,0,0,30,2,68,33,3,0,3,29,3,0,0,0,3,14,0,8,0,0,0,0,0,0,0,0,0,0,0,0,0,0,3,0,0,0,23,0,0,0,0,0,0,0,0,0,0,175,WOMEN,42_District_wise_crimes_committed_against_women_2014.csv,503,42_District_wise_crimes_committed_against_women_2014.csv::503,False,UNIQUE,Boudh,DISTRICT_OR_REPORTING_UNIT,VALID
Odisha,Cuttack,2014,58,0,0,0,58,1,57,0,85,27,0,0,58,0,27,29,9,0,1,0,19,9,0,0,0,9,28,0,9,3,0,0,27,26,1,0,0,0,0,0,0,0,0,0,0,0,277,0,0,0,0,0,0,0,0,0,0,0,552,WOMEN,42_District_wise_crimes_committed_against_women_2014.csv,504,42_District_wise_crimes_committed_against_women_2014.csv::504,False,UNIQUE,Cuttack,DISTRICT_OR_REPORTING_UNIT,VALID
Odisha,DCP BBSR,2014,72,0,0,0,72,7,65,0,103,7,0,0,6,90,27,53,12,0,1,8,32,12,0,0,0,12,104,0,20,10,0,0,171,171,0,0,0,0,0,0,0,2,1,0,0,0,0,0,0,0,0,18,0,0,0,0,18,0,593,WOMEN,42_District_wise_crimes_committed_against_women_2014.csv,505,42_District_wise_crimes_committed_against_women_2014.csv::505,False,UNIQUE,DCP BBSR,DISTRICT_OR_REPORTING_UNIT,VALID
Odisha,DCP CTC,2014,66,0,0,0,66,2,64,0,119,83,0,0,36,0,21,82,12,13,1,2,54,5,0,0,0,5,155,0,8,0,7,0,2,0,2,0,0,0,0,0,0,8,0,0,0,0,80,0,0,0,0,0,0,0,0,0,0,0,553,WOMEN,42_District_wise_crimes_committed_against_women_2014.csv,506,42_District_wise_crimes_committed_against_women_2014.csv::506,False,UNIQUE,DCP CTC,DISTRICT_OR_REPORTING_UNIT,VALID
Odisha,Deogarh,2014,32,0,0,0,32,0,32,0,14,14,0,0,0,0,1,46,39,0,1,2,4,1,0,0,0,1,23,0,4,4,0,0,15,15,0,0,0,0,0,0,0,2,0,0,0,0,0,38,0,0,0,0,0,0,0,0,0,0,180,WOMEN,42_District_wise_crimes_committed_against_women_2014.csv,507,42_District_wise_crimes_committed_against_women_2014.csv::507,False,UNIQUE,Deogarh,DISTRICT_OR_REPORTING_UNIT,VALID
Odisha,Dhenkanal,2014,43,0,0,0,43,1,42,0,59,22,0,0,36,1,11,388,45,165,1,3,174,28,0,0,0,28,45,0,29,5,0,0,4,3,1,0,0,0,1,0,1,3,4,5,2,0,0,117,0,0,0,0,0,0,0,0,0,0,744,WOMEN,42_District_wise_crimes_committed_against_women_2014.csv,508,42_District_wise_crimes_committed_against_women_2014.csv::508,False,UNIQUE,Dhenkanal,DISTRICT_OR_REPORTING_UNIT,VALID
Odisha,Gajapati,2014,19,0,0,0,19,0,19,0,16,7,0,0,6,3,3,84,12,24,0,1,47,4,0,0,0,4,9,0,7,2,0,0,2,2,0,0,0,0,1,0,1,0,0,4,0,0,0,25,0,0,0,0,0,0,0,0,0,0,176,WOMEN,42_District_wise_crimes_committed_against_women_2014.csv,509,42_District_wise_crimes_committed_against_women_2014.csv::509,False,UNIQUE,Gajapati,DISTRICT_OR_REPORTING_UNIT,VALID
Odisha,Ganjam,2014,85,0,0,0,85,5,80,0,97,17,0,0,80,0,13,410,43,67,0,12,288,50,0,0,0,50,79,0,18,34,0,0,0,0,0,0,0,0,0,0,0,0,2,0,0,0,0,166,0,0,0,1,0,0,0,0,1,0,955,WOMEN,42_District_wise_crimes_committed_against_women_2014.csv,510,42_District_wise_crimes_committed_against_women_2014.csv::510,False,UNIQUE,Ganjam,DISTRICT_OR_REPORTING_UNIT,VALID
Odisha,Jagatsinghpur,2014,37,0,0,0,37,3,34,0,68,33,1,0,0,34,26,208,20,78,1,4,105,4,0,0,0,4,119,0,21,19,0,0,21,20,1,0,0,0,0,0,0,27,3,0,0,0,99,0,0,0,0,0,0,0,0,0,0,0,652,WOMEN,42_District_wise_crimes_committed_against_women_2014.csv,511,42_District_wise_crimes_committed_against_women_2014.csv::511,False,UNIQUE,Jagatsinghpur,DISTRICT_OR_REPORTING_UNIT,VALID
Odisha,Jajpur,2014,73,0,0,0,73,0,73,0,116,0,0,0,116,0,49,238,25,0,0,1,212,16,0,0,0,16,52,0,36,3,0,0,371,371,0,0,0,0,0,0,0,0,0,0,0,0,0,0,0,0,0,2,0,0,0,0,2,0,956,WOMEN,42_District_wise_crimes_committed_against_women_2014.csv,512,42_District_wise_crimes_committed_against_women_2014.csv::512,False,UNIQUE,Jajpur,DISTRICT_OR_REPORTING_UNIT,VALID
Odisha,Jharsuguda,2014,42,0,0,0,42,0,42,0,21,11,0,0,8,2,9,108,8,1,0,2,97,4,0,0,0,4,51,0,3,0,0,0,25,25,0,0,0,0,0,0,0,0,2,0,0,0,0,0,0,0,0,0,0,0,0,0,0,0,265,WOMEN,42_District_wise_crimes_committed_against_women_2014.csv,513,42_District_wise_crimes_committed_against_women_2014.csv::513,False,UNIQUE,Jharsuguda,DISTRICT_OR_REPORTING_UNIT,VALID
Odisha,Kalahandi,2014,101,0,0,0,101,4,97,0,154,0,0,0,154,0,12,215,11,36,0,7,161,14,0,0,0,14,125,0,12,0,0,0,0,0,0,0,0,0,0,0,0,0,0,0,0,0,0,0,0,0,0,0,0,0,0,0,0,0,633,WOMEN,42_District_wise_crimes_committed_against_women_2014.csv,514,42_District_wise_crimes_committed_against_women_2014.csv::514,False,UNIQUE,Kalahandi,DISTRICT_OR_REPORTING_UNIT,VALID
Odisha,Kandhamal,2014,54,0,0,0,54,1,53,0,32,15,0,0,10,7,4,121,16,7,1,6,91,9,0,0,0,9,35,0,5,0,0,0,1,1,0,0,0,0,0,0,0,0,0,0,0,0,21,0,0,0,0,0,0,0,0,0,0,0,282,WOMEN,42_District_wise_crimes_committed_against_women_2014.csv,515,42_District_wise_crimes_committed_against_women_2014.csv::515,False,UNIQUE,Kandhamal,DISTRICT_OR_REPORTING_UNIT,VALID
Odisha,Kendrapara,2014,48,0,0,0,48,6,42,0,81,0,0,0,81,0,32,154,60,38,1,3,52,19,0,0,0,19,217,0,26,16,0,0,19,19,0,0,0,0,0,0,0,2,0,0,0,0,0,0,0,0,0,3,3,0,0,0,0,0,617,WOMEN,42_District_wise_crimes_committed_against_women_2014.csv,516,42_District_wise_crimes_committed_against_women_2014.csv::516,False,UNIQUE,Kendrapara,DISTRICT_OR_REPORTING_UNIT,VALID
Odisha,Keonjhar,2014,103,0,0,0,103,5,98,0,80,0,0,0,35,45,11,293,27,51,0,0,215,14,0,0,0,14,65,0,32,42,0,0,113,113,0,0,0,0,10,0,10,4,2,0,0,2,0,0,0,0,0,0,0,0,0,0,0,0,771,WOMEN,42_District_wise_crimes_committed_against_women_2014.csv,517,42_District_wise_crimes_committed_against_women_2014.csv::517,False,UNIQUE,Keonjhar,DISTRICT_OR_REPORTING_UNIT,VALID
Odisha,Khurda,2014,39,0,0,0,39,0,39,0,74,43,0,0,20,11,22,103,12,57,2,5,27,21,0,0,0,21,37,0,21,5,0,0,3,3,0,0,0,0,3,0,3,42,0,0,0,0,0,0,0,0,0,1,0,0,0,0,1,0,371,WOMEN,42_District_wise_crimes_committed_against_women_2014.csv,518,42_District_wise_crimes_committed_against_women_2014.csv::518,False,UNIQUE,Khurda,DISTRICT_OR_REPORTING_UNIT,VALID
Odisha,Koraput,2014,94,0,0,0,94,0,94,0,69,38,0,0,22,9,4,152,4,7,1,5,135,5,0,0,0,5,46,0,21,21,0,0,2,2,0,0,0,0,7,0,7,12,4,0,0,0,0,71,0,0,0,0,0,0,0,0,0,0,508,WOMEN,42_District_wise_crimes_committed_against_women_2014.csv,519,42_District_wise_crimes_committed_against_women_2014.csv::519,False,UNIQUE,Koraput,DISTRICT_OR_REPORTING_UNIT,VALID
Odisha,Malkangiri,2014,19,0,0,0,19,1,18,0,11,11,0,0,0,0,4,29,3,8,0,0,18,5,0,0,0,5,16,0,11,0,0,0,1,0,1,0,0,0,0,0,0,1,0,0,0,0,2,0,0,0,0,0,0,0,0,0,0,0,99,WOMEN,42_District_wise_crimes_committed_against_women_2014.csv,520,42_District_wise_crimes_committed_against_women_2014.csv::520,False,UNIQUE,Malkangiri,DISTRICT_OR_REPORTING_UNIT,VALID
Odisha,Mayurbhanj,2014,139,0,0,0,139,10,129,16,126,66,1,0,40,19,32,324,41,53,3,7,220,21,0,0,0,21,270,0,47,42,1,0,17,17,0,0,0,0,0,0,0,0,0,2,1,0,0,0,0,0,0,0,0,0,0,0,0,25,1063,WOMEN,42_District_wise_crimes_committed_against_women_2014.csv,521,42_District_wise_crimes_committed_against_women_2014.csv::521,False,UNIQUE,Mayurbhanj,DISTRICT_OR_REPORTING_UNIT,VALID
Odisha,Nayagarh,2014,23,0,0,0,23,0,23,0,33,24,0,0,9,0,7,37,7,14,3,3,10,2,0,0,0,2,23,0,8,41,0,0,2,2,0,0,0,0,5,0,5,9,4,0,0,1,295,99,0,0,0,0,0,0,0,0,0,0,589,WOMEN,42_District_wise_crimes_committed_against_women_2014.csv,522,42_District_wise_crimes_committed_against_women_2014.csv::522,False,UNIQUE,Nayagarh,DISTRICT_OR_REPORTING_UNIT,VALID
Odisha,Nabarangpur,2014,73,0,0,0,73,7,66,0,97,15,0,0,82,0,1,194,27,49,1,8,109,12,0,0,0,12,93,0,7,3,0,0,2,2,0,0,0,0,0,0,0,0,0,0,0,0,0,50,0,0,0,1,0,0,1,0,0,0,533,WOMEN,42_District_wise_crimes_committed_against_women_2014.csv,523,42_District_wise_crimes_committed_against_women_2014.csv::523,False,UNIQUE,Nabarangpur,DISTRICT_OR_REPORTING_UNIT,VALID
Odisha,Nuapada,2014,26,0,0,0,26,0,26,0,42,0,0,0,42,0,5,136,8,2,0,3,123,4,0,0,0,4,91,0,6,6,0,0,4,4,0,0,0,0,3,0,3,0,0,0,0,0,0,18,0,0,0,0,0,0,0,0,0,0,341,WOMEN,42_District_wise_crimes_committed_against_women_2014.csv,524,42_District_wise_crimes_committed_against_women_2014.csv::524,False,UNIQUE,Nuapada,DISTRICT_OR_REPORTING_UNIT,VALID
Odisha,Puri,2014,68,0,0,0,68,0,68,5,123,123,0,0,0,0,32,151,32,50,3,8,58,7,0,0,0,7,176,0,32,0,0,0,0,0,0,0,0,0,0,0,0,0,0,0,0,0,472,0,0,0,0,0,0,0,0,0,0,0,1066,WOMEN,42_District_wise_crimes_committed_against_women_2014.csv,525,42_District_wise_crimes_committed_against_women_2014.csv::525,False,UNIQUE,Puri,DISTRICT_OR_REPORTING_UNIT,VALID
Odisha,Rayagada,2014,59,0,0,0,59,2,57,0,64,44,0,0,6,14,0,102,5,17,1,2,77,5,0,0,0,5,121,0,9,14,2,0,0,0,0,0,0,0,1,0,1,4,0,0,1,0,0,0,0,0,0,0,0,0,0,0,0,0,382,WOMEN,42_District_wise_crimes_committed_against_women_2014.csv,526,42_District_wise_crimes_committed_against_women_2014.csv::526,False,UNIQUE,Rayagada,DISTRICT_OR_REPORTING_UNIT,VALID
Odisha,Rourkela,2014,73,0,0,0,73,1,72,0,67,45,0,0,22,0,4,174,23,27,2,2,120,11,0,0,0,11,139,0,31,4,0,0,0,0,0,0,0,0,0,0,0,40,0,1,0,0,51,0,0,0,0,0,0,0,0,0,0,0,595,WOMEN,42_District_wise_crimes_committed_against_women_2014.csv,527,42_District_wise_crimes_committed_against_women_2014.csv::527,False,UNIQUE,Rourkela,DISTRICT_OR_REPORTING_UNIT,VALID
Odisha,Sambalpur,2014,81,0,0,0,81,6,75,0,63,63,0,0,0,0,10,108,30,40,2,8,28,9,0,0,0,9,44,0,17,9,0,0,42,42,0,0,0,0,0,0,0,0,0,2,0,0,47,0,0,0,0,2,0,0,0,0,2,0,434,WOMEN,42_District_wise_crimes_committed_against_women_2014.csv,528,42_District_wise_crimes_committed_against_women_2014.csv::528,False,UNIQUE,Sambalpur,DISTRICT_OR_REPORTING_UNIT,VALID
Odisha,Sonepur,2014,18,0,0,0,18,1,17,0,23,23,0,0,0,0,4,46,4,19,0,0,23,0,0,0,0,0,29,0,6,0,0,0,0,0,0,0,0,0,0,0,0,0,0,0,0,0,0,0,0,0,0,0,0,0,0,0,0,0,126,WOMEN,42_District_wise_crimes_committed_against_women_2014.csv,529,42_District_wise_crimes_committed_against_women_2014.csv::529,False,UNIQUE,Sonepur,DISTRICT_OR_REPORTING_UNIT,VALID
Odisha,SRP (Cuttack),2014,0,0,0,0,0,0,0,0,2,2,0,0,0,0,0,9,2,1,0,1,5,1,0,0,1,0,1,0,0,1,0,0,1,0,1,0,0,0,0,0,0,1,0,4,0,0,0,0,0,0,0,0,0,0,0,0,0,3,23,WOMEN,42_District_wise_crimes_committed_against_women_2014.csv,530,42_District_wise_crimes_committed_against_women_2014.csv::530,False,UNIQUE,SRP (Cuttack),DISTRICT_OR_REPORTING_UNIT,VALID
Odisha,SRP (Rourkela),2014,1,0,0,0,1,1,0,0,3,0,0,0,1,2,0,10,1,1,0,0,8,1,0,0,0,1,0,0,1,1,0,0,0,0,0,0,0,0,0,0,0,0,0,0,0,0,0,0,0,0,0,0,0,0,0,0,0,0,17,WOMEN,42_District_wise_crimes_committed_against_women_2014.csv,531,42_District_wise_crimes_committed_against_women_2014.csv::531,False,UNIQUE,SRP (Rourkela),DISTRICT_OR_REPORTING_UNIT,VALID
Odisha,Sundargarh,2014,49,0,0,0,49,5,44,0,35,33,0,0,2,0,12,94,16,22,1,3,52,1,0,0,0,1,84,0,24,5,0,0,7,7,0,0,0,0,1,0,1,4,1,6,0,0,230,0,0,0,0,0,0,0,0,0,0,0,553,WOMEN,42_District_wise_crimes_committed_against_women_2014.csv,532,42_District_wise_crimes_committed_against_women_2014.csv::532,False,UNIQUE,Sundargarh,DISTRICT_OR_REPORTING_UNIT,VALID
Punjab,Barnala,2014,31,0,0,0,31,1,30,1,25,0,0,0,25,0,0,17,4,0,1,0,12,0,0,0,0,0,27,0,5,2,0,0,7,5,1,1,0,0,0,0,0,0,0,0,1,0,2,0,0,0,0,1,0,0,0,0,1,0,119,WOMEN,42_District_wise_crimes_committed_against_women_2014.csv,535,42_District_wise_crimes_committed_against_women_2014.csv::535,False,UNIQUE,Barnala,DISTRICT_OR_REPORTING_UNIT,VALID
Punjab,Batala,2014,30,0,0,0,30,0,30,6,34,1,0,0,33,0,3,36,36,0,0,0,0,0,0,0,0,0,37,0,6,0,0,0,0,0,0,0,0,0,0,0,0,0,0,0,0,0,0,0,0,0,0,0,0,0,0,0,0,0,152,WOMEN,42_District_wise_crimes_committed_against_women_2014.csv,536,42_District_wise_crimes_committed_against_women_2014.csv::536,False,UNIQUE,Batala,DISTRICT_OR_REPORTING_UNIT,VALID
Punjab,Bathinda,2014,56,0,0,0,56,0,56,3,49,4,0,0,37,8,5,77,15,1,0,16,45,0,0,0,0,0,74,0,9,1,1,0,3,3,0,0,0,0,0,0,0,0,0,0,15,0,0,0,0,0,0,6,0,0,0,0,6,0,299,WOMEN,42_District_wise_crimes_committed_against_women_2014.csv,537,42_District_wise_crimes_committed_against_women_2014.csv::537,False,UNIQUE,Bathinda,DISTRICT_OR_REPORTING_UNIT,VALID
Punjab,CP Amritsar,2014,34,0,0,0,34,2,32,8,56,1,0,0,47,8,3,45,45,0,0,0,0,2,0,0,0,2,150,0,7,3,0,0,6,5,1,0,0,0,0,0,0,2,0,0,10,0,24,1,0,0,2,9,9,0,0,0,0,20,382,WOMEN,42_District_wise_crimes_committed_against_women_2014.csv,538,42_District_wise_crimes_committed_against_women_2014.csv::538,False,UNIQUE,CP Amritsar,DISTRICT_OR_REPORTING_UNIT,VALID
Punjab,CP Jalandhar,2014,49,0,0,0,49,0,49,4,77,5,0,1,45,26,1,77,23,4,1,2,47,2,0,0,0,2,106,0,7,10,2,1,7,7,0,0,0,0,0,0,0,0,0,0,11,0,0,0,0,0,0,3,3,0,0,0,0,0,357,WOMEN,42_District_wise_crimes_committed_against_women_2014.csv,539,42_District_wise_crimes_committed_against_women_2014.csv::539,False,UNIQUE,CP Jalandhar,DISTRICT_OR_REPORTING_UNIT,VALID
Punjab,CP Ludhiana,2014,111,0,0,0,111,2,109,21,246,0,0,0,113,133,5,98,10,2,1,2,83,19,0,0,0,19,158,0,27,8,0,0,0,0,0,0,0,0,0,0,0,0,0,0,20,0,0,0,1,0,0,17,0,0,0,0,17,0,731,WOMEN,42_District_wise_crimes_committed_against_women_2014.csv,540,42_District_wise_crimes_committed_against_women_2014.csv::540,False,UNIQUE,CP Ludhiana,DISTRICT_OR_REPORTING_UNIT,VALID
Punjab,Faridkot,2014,24,0,0,0,24,0,24,0,10,0,0,0,10,0,1,16,8,0,0,0,8,0,0,0,0,0,16,0,6,5,0,0,12,12,0,0,0,0,0,0,0,0,0,0,0,0,0,0,0,0,0,0,0,0,0,0,0,0,90,WOMEN,42_District_wise_crimes_committed_against_women_2014.csv,541,42_District_wise_crimes_committed_against_women_2014.csv::541,False,UNIQUE,Faridkot,DISTRICT_OR_REPORTING_UNIT,VALID
Punjab,Fatehgarh Sahib,2014,26,0,0,0,26,0,26,6,15,0,0,0,15,0,4,22,0,0,0,0,22,0,0,0,0,0,28,0,6,2,0,0,0,0,0,0,0,0,0,0,0,0,0,0,0,0,0,0,0,0,0,0,0,0,0,0,0,0,109,WOMEN,42_District_wise_crimes_committed_against_women_2014.csv,542,42_District_wise_crimes_committed_against_women_2014.csv::542,False,UNIQUE,Fatehgarh Sahib,DISTRICT_OR_REPORTING_UNIT,VALID
Punjab,Fazilka,2014,52,0,0,0,52,0,52,5,28,2,0,0,26,0,4,18,0,0,0,0,18,0,0,0,0,0,59,0,8,2,2,0,7,7,0,0,0,0,0,0,0,0,0,1,5,0,0,0,0,0,0,0,0,0,0,0,0,0,191,WOMEN,42_District_wise_crimes_committed_against_women_2014.csv,543,42_District_wise_crimes_committed_against_women_2014.csv::543,False,UNIQUE,Fazilka,DISTRICT_OR_REPORTING_UNIT,VALID
Punjab,Ferozepur,2014,55,0,0,0,55,0,55,7,17,0,0,0,12,5,3,31,8,3,0,1,19,0,0,0,0,0,45,0,5,4,0,0,28,28,0,0,0,0,0,0,0,0,0,0,5,0,33,0,0,0,0,4,4,0,0,0,0,0,237,WOMEN,42_District_wise_crimes_committed_against_women_2014.csv,544,42_District_wise_crimes_committed_against_women_2014.csv::544,False,UNIQUE,Ferozepur,DISTRICT_OR_REPORTING_UNIT,VALID
Punjab,G. R. P.,2014,1,0,0,0,1,0,1,0,0,0,0,0,0,0,0,3,3,0,0,0,0,0,0,0,0,0,0,0,2,0,0,0,0,0,0,0,0,0,0,0,0,0,0,0,0,0,0,0,0,0,0,0,0,0,0,0,0,0,6,WOMEN,42_District_wise_crimes_committed_against_women_2014.csv,545,42_District_wise_crimes_committed_against_women_2014.csv::545,False,UNIQUE,G. R. P.,DISTRICT_OR_REPORTING_UNIT,VALID
Punjab,Gurdaspur,2014,26,0,0,0,26,0,26,8,19,0,0,0,19,0,2,37,4,3,0,2,28,0,0,0,0,0,47,0,3,2,0,0,1,0,1,0,0,0,1,1,0,0,0,0,0,0,0,0,0,0,0,0,0,0,0,0,0,0,146,WOMEN,42_District_wise_crimes_committed_against_women_2014.csv,546,42_District_wise_crimes_committed_against_women_2014.csv::546,False,UNIQUE,Gurdaspur,DISTRICT_OR_REPORTING_UNIT,VALID
Punjab,Hoshiarpur,2014,43,0,0,0,43,0,43,7,52,52,0,0,0,0,7,41,0,0,41,0,0,2,0,0,0,2,93,0,4,8,1,0,62,62,0,0,0,0,0,0,0,0,0,0,7,0,151,0,0,0,0,3,3,0,0,0,0,117,598,WOMEN,42_District_wise_crimes_committed_against_women_2014.csv,547,42_District_wise_crimes_committed_against_women_2014.csv::547,False,UNIQUE,Hoshiarpur,DISTRICT_OR_REPORTING_UNIT,VALID
Punjab,Kapurthala,2014,29,0,0,0,29,0,29,14,29,0,0,0,21,8,3,33,5,0,0,2,26,1,0,0,0,1,58,0,9,3,0,0,25,24,0,1,0,0,0,0,0,0,0,0,1,0,0,0,0,0,0,0,0,0,0,0,0,0,205,WOMEN,42_District_wise_crimes_committed_against_women_2014.csv,549,42_District_wise_crimes_committed_against_women_2014.csv::549,False,UNIQUE,Kapurthala,DISTRICT_OR_REPORTING_UNIT,VALID
Punjab,Khanna,2014,23,0,0,0,23,0,23,0,37,0,0,0,32,5,3,34,30,1,2,1,0,0,0,0,0,0,38,0,6,5,0,0,8,7,1,0,0,0,0,0,0,0,0,0,0,0,0,0,0,0,0,1,1,0,0,0,0,0,155,WOMEN,42_District_wise_crimes_committed_against_women_2014.csv,550,42_District_wise_crimes_committed_against_women_2014.csv::550,False,UNIQUE,Khanna,DISTRICT_OR_REPORTING_UNIT,VALID
Punjab,Mansa,2014,22,0,0,0,22,0,22,5,8,0,0,0,8,0,5,22,7,3,0,1,11,2,0,0,0,2,39,0,9,6,0,0,5,5,0,0,0,0,0,0,0,0,0,0,6,0,0,0,0,0,0,1,0,0,0,0,1,0,130,WOMEN,42_District_wise_crimes_committed_against_women_2014.csv,552,42_District_wise_crimes_committed_against_women_2014.csv::552,False,UNIQUE,Mansa,DISTRICT_OR_REPORTING_UNIT,VALID
Punjab,Moga,2014,29,0,0,0,29,1,28,1,29,6,0,0,23,0,0,39,10,7,0,4,18,2,0,0,0,2,27,0,6,2,0,1,28,28,0,0,0,0,0,0,0,0,0,0,0,0,0,0,0,0,0,2,2,0,0,0,0,0,166,WOMEN,42_District_wise_crimes_committed_against_women_2014.csv,553,42_District_wise_crimes_committed_against_women_2014.csv::553,False,UNIQUE,Moga,DISTRICT_OR_REPORTING_UNIT,VALID
Punjab,Muktsar,2014,29,0,0,0,29,0,29,1,26,4,0,0,22,0,1,24,5,4,0,2,13,1,0,1,0,0,26,0,10,1,0,0,0,0,0,0,0,0,0,0,0,0,0,0,6,1,0,0,0,0,0,0,0,0,0,0,0,0,126,WOMEN,42_District_wise_crimes_committed_against_women_2014.csv,554,42_District_wise_crimes_committed_against_women_2014.csv::554,False,UNIQUE,Muktsar,DISTRICT_OR_REPORTING_UNIT,VALID
Punjab,Pathankot,2014,11,0,0,0,11,0,11,5,6,0,0,0,5,1,4,11,2,5,0,0,4,0,0,0,0,0,80,0,2,0,0,0,4,4,0,0,0,0,0,0,0,0,0,0,3,1,0,2,0,0,0,0,0,0,0,0,0,0,129,WOMEN,42_District_wise_crimes_committed_against_women_2014.csv,555,42_District_wise_crimes_committed_against_women_2014.csv::555,False,UNIQUE,Pathankot,DISTRICT_OR_REPORTING_UNIT,VALID
Punjab,Patiala,2014,38,0,0,0,38,3,35,8,51,0,0,0,0,51,4,66,19,3,1,5,38,1,0,0,0,1,175,0,15,12,3,0,9,9,0,0,0,0,0,0,0,0,0,0,12,0,0,2,0,0,0,3,0,0,0,0,3,0,399,WOMEN,42_District_wise_crimes_committed_against_women_2014.csv,556,42_District_wise_crimes_committed_against_women_2014.csv::556,False,UNIQUE,Patiala,DISTRICT_OR_REPORTING_UNIT,VALID
Punjab,Ropar,2014,21,0,0,0,21,0,21,0,33,11,0,0,22,0,2,52,0,0,0,0,52,2,0,2,0,0,37,0,5,3,0,0,30,30,0,0,0,0,0,0,0,0,0,0,0,0,12,0,0,0,0,1,0,0,0,1,0,0,198,WOMEN,42_District_wise_crimes_committed_against_women_2014.csv,557,42_District_wise_crimes_committed_against_women_2014.csv::557,False,UNIQUE,Ropar,DISTRICT_OR_REPORTING_UNIT,VALID
Punjab,Sangrur,2014,57,0,0,0,57,0,57,0,46,0,0,0,46,0,7,54,17,0,0,0,37,0,0,0,0,0,85,0,9,4,0,0,10,10,0,0,0,0,0,0,0,0,0,0,0,1,0,0,0,0,0,6,6,0,0,0,0,0,279,WOMEN,42_District_wise_crimes_committed_against_women_2014.csv,558,42_District_wise_crimes_committed_against_women_2014.csv::558,False,UNIQUE,Sangrur,DISTRICT_OR_REPORTING_UNIT,VALID
Punjab,SAS Nagar,2014,59,0,0,0,59,2,57,5,75,0,0,0,75,0,5,57,57,0,0,0,0,0,0,0,0,0,74,0,5,4,0,0,28,28,0,0,0,0,0,0,0,0,0,0,0,0,0,0,0,0,0,0,0,0,0,0,0,0,312,WOMEN,42_District_wise_crimes_committed_against_women_2014.csv,559,42_District_wise_crimes_committed_against_women_2014.csv::559,False,UNIQUE,SAS Nagar,DISTRICT_OR_REPORTING_UNIT,VALID
Punjab,SBS Nagar,2014,20,0,0,0,20,0,20,7,14,0,0,0,2,12,2,18,4,0,0,6,8,1,0,0,0,1,35,0,4,4,0,0,7,7,0,0,0,0,0,0,0,1,1,0,3,0,0,0,0,0,0,3,3,0,0,0,0,0,120,WOMEN,42_District_wise_crimes_committed_against_women_2014.csv,560,42_District_wise_crimes_committed_against_women_2014.csv::560,False,UNIQUE,SBS Nagar,DISTRICT_OR_REPORTING_UNIT,VALID
Punjab,Tarn Taran,2014,29,0,0,0,29,7,22,6,36,0,0,0,36,0,5,48,12,0,0,2,34,0,0,0,0,0,52,0,12,1,0,0,4,4,0,0,0,0,0,0,0,0,0,0,7,0,0,0,0,0,0,1,0,0,0,0,1,0,201,WOMEN,42_District_wise_crimes_committed_against_women_2014.csv,561,42_District_wise_crimes_committed_against_women_2014.csv::561,False,UNIQUE,Tarn Taran,DISTRICT_OR_REPORTING_UNIT,VALID
Rajasthan,Ajmer,2014,130,1,1,0,129,6,123,12,162,22,0,0,21,119,10,181,51,12,7,3,108,0,0,0,0,0,844,0,12,3,4,1,1,1,0,0,0,0,0,0,0,3,2,0,13,1,1,0,1,0,0,2,0,1,0,1,0,3,1386,WOMEN,42_District_wise_crimes_committed_against_women_2014.csv,563,42_District_wise_crimes_committed_against_women_2014.csv::563,False,UNIQUE,Ajmer,DISTRICT_OR_REPORTING_UNIT,VALID
Rajasthan,Alwar,2014,299,0,0,0,299,111,188,29,247,201,0,0,0,46,33,256,0,0,0,0,256,0,0,0,0,0,720,0,14,4,0,0,1,0,1,0,0,0,0,0,0,0,0,0,0,0,0,7,2,0,0,0,0,0,0,0,0,109,1721,WOMEN,42_District_wise_crimes_committed_against_women_2014.csv,564,42_District_wise_crimes_committed_against_women_2014.csv::564,False,UNIQUE,Alwar,DISTRICT_OR_REPORTING_UNIT,VALID
Rajasthan,Banswara,2014,146,0,0,0,146,2,144,12,136,0,0,0,36,100,6,103,0,0,0,0,103,0,0,0,0,0,198,0,13,0,0,0,6,6,0,0,0,0,0,0,0,0,0,0,0,0,0,0,0,0,6,0,0,0,0,0,0,0,626,WOMEN,42_District_wise_crimes_committed_against_women_2014.csv,565,42_District_wise_crimes_committed_against_women_2014.csv::565,False,UNIQUE,Banswara,DISTRICT_OR_REPORTING_UNIT,VALID
Rajasthan,Baran,2014,67,0,0,0,67,5,62,15,156,0,0,0,156,0,5,212,0,0,0,0,212,0,0,0,0,0,342,0,0,0,0,0,0,0,0,0,0,0,0,0,0,0,0,0,9,0,0,0,0,0,0,0,0,0,0,0,0,0,806,WOMEN,42_District_wise_crimes_committed_against_women_2014.csv,566,42_District_wise_crimes_committed_against_women_2014.csv::566,False,UNIQUE,Baran,DISTRICT_OR_REPORTING_UNIT,VALID
Rajasthan,Barmer,2014,93,0,0,0,93,33,60,46,42,0,0,0,41,1,26,272,55,21,1,1,194,0,0,0,0,0,270,0,18,0,0,0,0,0,0,0,0,0,0,0,0,3,0,0,5,0,0,0,0,0,0,0,0,0,0,0,0,0,775,WOMEN,42_District_wise_crimes_committed_against_women_2014.csv,567,42_District_wise_crimes_committed_against_women_2014.csv::567,False,UNIQUE,Barmer,DISTRICT_OR_REPORTING_UNIT,VALID
Rajasthan,Bharatpur,2014,219,0,0,0,219,84,135,5,187,44,0,0,76,67,36,145,4,4,0,2,135,0,0,0,0,0,606,0,1,0,0,0,0,0,0,0,0,0,0,0,0,0,0,0,2,0,66,0,0,0,3,0,0,0,0,0,0,0,1270,WOMEN,42_District_wise_crimes_committed_against_women_2014.csv,568,42_District_wise_crimes_committed_against_women_2014.csv::568,False,UNIQUE,Bharatpur,DISTRICT_OR_REPORTING_UNIT,VALID
Rajasthan,Bhilwara,2014,54,0,0,0,54,1,53,0,109,0,0,0,109,0,8,173,0,0,0,0,173,0,0,0,0,0,965,0,0,0,0,0,2,2,0,0,0,0,0,0,0,0,0,0,0,0,0,0,0,0,1,1,0,0,0,0,1,0,1313,WOMEN,42_District_wise_crimes_committed_against_women_2014.csv,569,42_District_wise_crimes_committed_against_women_2014.csv::569,False,UNIQUE,Bhilwara,DISTRICT_OR_REPORTING_UNIT,VALID
Rajasthan,Bikaner,2014,75,0,0,0,75,0,75,0,71,0,0,0,71,0,15,89,0,0,0,0,89,0,0,0,0,0,584,0,12,2,0,0,0,0,0,0,0,0,0,0,0,0,0,0,4,0,0,0,0,0,0,3,0,0,0,0,3,26,881,WOMEN,42_District_wise_crimes_committed_against_women_2014.csv,570,42_District_wise_crimes_committed_against_women_2014.csv::570,False,UNIQUE,Bikaner,DISTRICT_OR_REPORTING_UNIT,VALID
Rajasthan,Bundi,2014,80,0,0,0,80,0,80,0,119,0,0,0,119,0,4,179,0,0,0,0,179,0,0,0,0,0,325,0,5,1,0,0,0,0,0,0,0,0,0,0,0,0,0,0,3,0,0,0,0,0,0,1,1,0,0,0,0,4,721,WOMEN,42_District_wise_crimes_committed_against_women_2014.csv,571,42_District_wise_crimes_committed_against_women_2014.csv::571,False,UNIQUE,Bundi,DISTRICT_OR_REPORTING_UNIT,VALID
Rajasthan,Chittorgarh,2014,104,0,0,0,104,1,103,10,180,77,0,0,103,0,2,145,20,2,4,4,115,2,0,0,0,2,641,0,8,2,0,0,0,0,0,0,0,0,0,0,0,0,0,0,6,0,5,0,0,0,0,0,0,0,0,0,0,0,1105,WOMEN,42_District_wise_crimes_committed_against_women_2014.csv,572,42_District_wise_crimes_committed_against_women_2014.csv::572,False,UNIQUE,Chittorgarh,DISTRICT_OR_REPORTING_UNIT,VALID
Rajasthan,Churu,2014,72,0,0,0,72,0,72,11,58,58,0,0,0,0,7,45,0,0,0,0,45,0,0,0,0,0,414,0,12,6,0,0,0,0,0,0,0,0,0,0,0,0,0,0,0,0,0,0,0,0,3,0,0,0,0,0,0,0,628,WOMEN,42_District_wise_crimes_committed_against_women_2014.csv,573,42_District_wise_crimes_committed_against_women_2014.csv::573,False,UNIQUE,Churu,DISTRICT_OR_REPORTING_UNIT,VALID
Rajasthan,Dausa,2014,37,0,0,0,37,6,31,0,88,0,88,0,0,0,5,150,0,0,0,0,150,0,0,0,0,0,234,0,8,1,0,0,0,0,0,0,0,0,0,0,0,0,0,0,0,0,78,0,0,0,0,0,0,0,0,0,0,0,601,WOMEN,42_District_wise_crimes_committed_against_women_2014.csv,574,42_District_wise_crimes_committed_against_women_2014.csv::574,False,UNIQUE,Dausa,DISTRICT_OR_REPORTING_UNIT,VALID
Rajasthan,Dholpur,2014,78,0,0,0,78,11,67,17,68,32,0,0,36,0,21,43,7,13,2,1,20,0,0,0,0,0,249,0,19,1,0,0,0,0,0,0,0,0,0,0,0,0,0,0,3,0,0,1,0,0,0,0,0,0,0,0,0,0,500,WOMEN,42_District_wise_crimes_committed_against_women_2014.csv,575,42_District_wise_crimes_committed_against_women_2014.csv::575,False,UNIQUE,Dholpur,DISTRICT_OR_REPORTING_UNIT,VALID
Rajasthan,Dungarpur,2014,110,0,0,0,110,1,109,6,131,0,0,0,131,0,13,154,0,0,0,0,154,0,0,0,0,0,187,0,10,3,0,0,17,17,0,0,0,0,0,0,0,3,0,0,7,0,0,0,0,0,2,0,0,0,0,0,0,0,643,WOMEN,42_District_wise_crimes_committed_against_women_2014.csv,576,42_District_wise_crimes_committed_against_women_2014.csv::576,False,UNIQUE,Dungarpur,DISTRICT_OR_REPORTING_UNIT,VALID
Rajasthan,G.R.P.Ajmer,2014,3,0,0,0,3,0,3,0,8,6,0,0,1,1,1,5,1,0,0,1,3,2,0,0,2,0,0,0,2,0,0,0,0,0,0,0,0,0,0,0,0,2,0,1,1,0,16,0,0,0,0,0,0,0,0,0,0,0,41,WOMEN,42_District_wise_crimes_committed_against_women_2014.csv,577,42_District_wise_crimes_committed_against_women_2014.csv::577,False,UNIQUE,G.R.P.Ajmer,DISTRICT_OR_REPORTING_UNIT,VALID
Rajasthan,G.R.P.Jodhpur,2014,1,0,0,0,1,0,1,0,1,1,0,0,0,0,0,7,2,0,0,0,5,0,0,0,0,0,0,0,0,0,0,0,0,0,0,0,0,0,0,0,0,0,0,0,0,0,0,0,0,0,0,0,0,0,0,0,0,0,9,WOMEN,42_District_wise_crimes_committed_against_women_2014.csv,578,42_District_wise_crimes_committed_against_women_2014.csv::578,False,UNIQUE,G.R.P.Jodhpur,DISTRICT_OR_REPORTING_UNIT,VALID
Rajasthan,Ganganagar,2014,180,1,1,0,179,9,170,8,129,29,0,0,21,79,17,147,31,5,0,3,108,2,0,0,0,2,923,0,18,0,1,0,1,0,1,0,0,0,0,0,0,0,0,0,9,0,49,0,1,0,0,3,3,0,0,0,0,47,1535,WOMEN,42_District_wise_crimes_committed_against_women_2014.csv,579,42_District_wise_crimes_committed_against_women_2014.csv::579,False,UNIQUE,Ganganagar,DISTRICT_OR_REPORTING_UNIT,VALID
Rajasthan,Hanumangarh,2014,135,0,0,0,135,13,122,11,72,72,0,0,0,0,11,124,0,0,0,0,124,0,0,0,0,0,599,0,6,3,0,0,0,0,0,0,0,0,0,0,0,1,0,0,4,0,21,0,0,0,0,0,0,0,0,0,0,0,987,WOMEN,42_District_wise_crimes_committed_against_women_2014.csv,580,42_District_wise_crimes_committed_against_women_2014.csv::580,False,UNIQUE,Hanumangarh,DISTRICT_OR_REPORTING_UNIT,VALID
Rajasthan,Jaipur East,2014,73,0,0,0,73,4,69,5,126,26,0,0,96,4,8,165,35,14,0,31,85,0,0,0,0,0,313,0,7,0,0,0,0,0,0,0,0,0,0,0,0,0,0,0,0,1,32,1,0,0,0,12,12,0,0,0,0,0,743,WOMEN,42_District_wise_crimes_committed_against_women_2014.csv,581,42_District_wise_crimes_committed_against_women_2014.csv::581,False,UNIQUE,Jaipur East,DISTRICT_OR_REPORTING_UNIT,VALID
Rajasthan,Jaipur North,2014,42,0,0,0,42,0,42,0,104,104,0,0,0,0,4,75,0,0,0,0,75,0,0,0,0,0,296,0,8,3,0,0,0,0,0,0,0,0,0,0,0,21,0,0,0,0,0,0,9,0,0,7,0,0,0,0,7,0,569,WOMEN,42_District_wise_crimes_committed_against_women_2014.csv,582,42_District_wise_crimes_committed_against_women_2014.csv::582,False,UNIQUE,Jaipur North,DISTRICT_OR_REPORTING_UNIT,VALID
Rajasthan,Jaipur South,2014,56,0,0,0,56,2,54,0,90,12,0,0,1,77,8,97,10,3,1,2,81,0,0,0,0,0,210,0,6,1,2,0,0,0,0,0,0,0,0,0,0,70,0,0,4,0,0,0,0,0,0,8,0,0,0,0,8,4,556,WOMEN,42_District_wise_crimes_committed_against_women_2014.csv,584,42_District_wise_crimes_committed_against_women_2014.csv::584,False,UNIQUE,Jaipur South,DISTRICT_OR_REPORTING_UNIT,VALID
Rajasthan,Jaipur West,2014,92,0,0,0,92,4,88,1,118,30,0,0,0,88,13,118,7,27,0,1,83,0,0,0,0,0,336,0,2,0,0,0,0,0,0,0,0,0,0,0,0,0,0,0,4,0,19,0,1,0,2,10,0,0,0,0,10,8,724,WOMEN,42_District_wise_crimes_committed_against_women_2014.csv,585,42_District_wise_crimes_committed_against_women_2014.csv::585,False,UNIQUE,Jaipur West,DISTRICT_OR_REPORTING_UNIT,VALID
Rajasthan,Jaisalmer,2014,10,0,0,0,10,0,10,0,10,0,0,0,10,0,5,94,0,0,0,0,94,0,0,0,0,0,48,0,2,1,0,0,0,0,0,0,0,0,0,0,0,1,0,0,0,0,0,0,0,0,0,0,0,0,0,0,0,0,171,WOMEN,42_District_wise_crimes_committed_against_women_2014.csv,586,42_District_wise_crimes_committed_against_women_2014.csv::586,False,UNIQUE,Jaisalmer,DISTRICT_OR_REPORTING_UNIT,VALID
Rajasthan,Jalore,2014,43,0,0,0,43,0,43,7,57,0,0,0,57,0,9,104,0,0,0,0,104,0,0,0,0,0,183,0,20,0,0,0,0,0,0,0,0,0,0,0,0,0,0,0,1,0,0,0,0,0,0,0,0,0,0,0,0,0,424,WOMEN,42_District_wise_crimes_committed_against_women_2014.csv,587,42_District_wise_crimes_committed_against_women_2014.csv::587,False,UNIQUE,Jalore,DISTRICT_OR_REPORTING_UNIT,VALID
Rajasthan,Jhalawar,2014,138,1,0,1,137,19,118,33,153,4,0,0,149,0,11,296,26,4,1,3,262,2,0,0,0,2,524,0,11,5,0,0,0,0,0,0,0,0,0,0,0,0,0,0,7,0,6,1,0,0,0,0,0,0,0,0,0,0,1187,WOMEN,42_District_wise_crimes_committed_against_women_2014.csv,588,42_District_wise_crimes_committed_against_women_2014.csv::588,False,UNIQUE,Jhalawar,DISTRICT_OR_REPORTING_UNIT,VALID
Rajasthan,Jhunjhunu,2014,79,0,0,0,79,9,70,5,89,0,0,0,25,64,12,53,0,0,0,0,53,0,0,0,0,0,361,0,5,0,0,0,0,0,0,0,0,0,0,0,0,0,0,0,0,0,0,0,0,0,0,0,0,0,0,0,0,0,604,WOMEN,42_District_wise_crimes_committed_against_women_2014.csv,589,42_District_wise_crimes_committed_against_women_2014.csv::589,False,UNIQUE,Jhunjhunu,DISTRICT_OR_REPORTING_UNIT,VALID
Rajasthan,Jodhpur East,2014,25,0,0,0,25,0,25,0,28,0,0,0,0,28,2,97,9,4,3,1,80,3,0,0,0,3,218,0,5,7,3,0,0,0,0,0,0,0,0,0,0,4,0,0,0,0,0,0,0,0,0,4,0,0,0,0,4,0,396,WOMEN,42_District_wise_crimes_committed_against_women_2014.csv,590,42_District_wise_crimes_committed_against_women_2014.csv::590,False,UNIQUE,Jodhpur East,DISTRICT_OR_REPORTING_UNIT,VALID
Rajasthan,Jodhpur West,2014,46,0,0,0,46,2,44,0,49,0,0,0,49,0,0,117,0,0,0,0,117,0,0,0,0,0,165,0,12,0,0,0,0,0,0,0,0,0,0,0,0,0,0,0,0,0,0,0,0,0,0,0,0,0,0,0,0,4,393,WOMEN,42_District_wise_crimes_committed_against_women_2014.csv,591,42_District_wise_crimes_committed_against_women_2014.csv::591,False,UNIQUE,Jodhpur West,DISTRICT_OR_REPORTING_UNIT,VALID
Rajasthan,Karauli,2014,49,0,0,0,49,4,45,0,84,0,0,0,0,84,14,104,0,0,0,0,104,0,0,0,0,0,214,0,4,0,0,0,0,0,0,0,0,0,0,0,0,0,0,0,0,0,0,0,0,0,0,0,0,0,0,0,0,18,487,WOMEN,42_District_wise_crimes_committed_against_women_2014.csv,593,42_District_wise_crimes_committed_against_women_2014.csv::593,False,UNIQUE,Karauli,DISTRICT_OR_REPORTING_UNIT,VALID
Rajasthan,Nagaur,2014,102,0,0,0,102,0,102,0,110,0,0,0,106,4,8,94,0,0,2,0,92,0,0,0,0,0,516,0,23,0,0,0,0,0,0,0,0,0,0,0,0,0,0,0,7,0,6,0,0,0,0,2,0,0,0,0,2,0,868,WOMEN,42_District_wise_crimes_committed_against_women_2014.csv,596,42_District_wise_crimes_committed_against_women_2014.csv::596,False,UNIQUE,Nagaur,DISTRICT_OR_REPORTING_UNIT,VALID
Rajasthan,Pali,2014,107,0,0,0,107,0,107,23,161,0,0,0,161,0,21,341,284,51,1,5,0,0,0,0,0,0,516,0,12,1,0,0,0,0,0,0,0,0,0,0,0,0,0,0,2,0,0,0,1,0,0,0,0,0,0,0,0,1,1186,WOMEN,42_District_wise_crimes_committed_against_women_2014.csv,597,42_District_wise_crimes_committed_against_women_2014.csv::597,False,UNIQUE,Pali,DISTRICT_OR_REPORTING_UNIT,VALID
Rajasthan,Praapgarh,2014,202,0,0,0,202,12,190,7,142,0,0,0,142,0,12,305,64,24,0,1,216,0,0,0,0,0,322,0,0,0,0,0,0,0,0,0,0,0,0,0,0,0,0,0,5,0,3,0,0,0,0,1,0,0,0,0,1,0,999,WOMEN,42_District_wise_crimes_committed_against_women_2014.csv,598,42_District_wise_crimes_committed_against_women_2014.csv::598,False,UNIQUE,Praapgarh,DISTRICT_OR_REPORTING_UNIT,VALID
Rajasthan,Rajsamand,2014,48,0,0,0,48,1,47,0,72,10,0,0,41,21,6,81,3,13,0,3,62,0,0,0,0,0,290,0,4,0,0,0,0,0,0,0,0,0,0,0,0,0,0,0,9,0,10,0,0,0,0,0,0,0,0,0,0,0,520,WOMEN,42_District_wise_crimes_committed_against_women_2014.csv,599,42_District_wise_crimes_committed_against_women_2014.csv::599,False,UNIQUE,Rajsamand,DISTRICT_OR_REPORTING_UNIT,VALID
Rajasthan,Sawai Madhopur,2014,70,0,0,0,70,20,50,30,83,18,0,0,35,30,0,96,0,0,0,0,96,0,0,0,0,0,297,0,2,2,0,0,0,0,0,0,0,0,0,0,0,2,0,1,0,0,11,0,3,0,0,0,0,0,0,0,0,0,597,WOMEN,42_District_wise_crimes_committed_against_women_2014.csv,600,42_District_wise_crimes_committed_against_women_2014.csv::600,False,UNIQUE,Sawai Madhopur,DISTRICT_OR_REPORTING_UNIT,VALID
Rajasthan,Sikar,2014,79,0,0,0,79,8,71,0,149,149,0,0,0,0,14,60,0,0,0,0,60,0,0,0,0,0,405,0,12,4,0,0,1,1,0,0,0,0,0,0,0,0,2,0,2,0,0,0,0,0,0,0,0,0,0,0,0,3,731,WOMEN,42_District_wise_crimes_committed_against_women_2014.csv,601,42_District_wise_crimes_committed_against_women_2014.csv::601,False,UNIQUE,Sikar,DISTRICT_OR_REPORTING_UNIT,VALID
Rajasthan,Sirohi,2014,51,0,0,0,51,1,50,3,62,16,0,0,44,2,4,78,2,1,0,0,75,1,0,0,0,1,276,0,8,0,0,0,0,0,0,0,0,0,0,0,0,0,0,0,2,0,4,0,0,0,0,3,2,0,0,0,1,0,492,WOMEN,42_District_wise_crimes_committed_against_women_2014.csv,602,42_District_wise_crimes_committed_against_women_2014.csv::602,False,UNIQUE,Sirohi,DISTRICT_OR_REPORTING_UNIT,VALID
Rajasthan,Tonk,2014,52,0,0,0,52,15,37,24,75,0,0,0,75,0,5,129,0,0,0,0,129,3,0,0,0,3,316,0,11,0,1,0,0,0,0,0,0,0,0,0,0,0,0,0,0,0,0,0,0,0,0,0,0,0,0,0,0,57,673,WOMEN,42_District_wise_crimes_committed_against_women_2014.csv,603,42_District_wise_crimes_committed_against_women_2014.csv::603,False,UNIQUE,Tonk,DISTRICT_OR_REPORTING_UNIT,VALID
Rajasthan,Udaipur,2014,229,0,0,0,229,0,229,37,312,59,0,0,174,79,8,479,14,8,1,7,449,3,0,0,0,3,723,0,18,3,0,0,0,0,0,0,0,1,0,0,0,1,1,0,20,0,3,1,0,0,0,10,0,5,0,0,5,14,1863,WOMEN,42_District_wise_crimes_committed_against_women_2014.csv,604,42_District_wise_crimes_committed_against_women_2014.csv::604,False,UNIQUE,Udaipur,DISTRICT_OR_REPORTING_UNIT,VALID
Sikkim,East,2014,16,0,0,0,16,1,15,5,9,7,0,0,0,2,0,15,4,1,0,1,9,0,0,0,0,0,4,0,1,1,0,0,8,7,1,0,0,0,0,0,0,1,3,0,0,0,4,0,0,0,0,0,0,0,0,0,0,0,67,WOMEN,42_District_wise_crimes_committed_against_women_2014.csv,606,42_District_wise_crimes_committed_against_women_2014.csv::606,False,UNIQUE,East,DISTRICT_OR_REPORTING_UNIT,VALID
Sikkim,North,2014,2,1,0,1,1,0,1,0,0,0,0,0,0,0,0,1,1,0,0,0,0,0,0,0,0,0,1,0,0,0,0,0,0,0,0,0,0,0,0,0,0,0,0,0,0,0,0,0,0,0,0,0,0,0,0,0,0,0,4,WOMEN,42_District_wise_crimes_committed_against_women_2014.csv,607,42_District_wise_crimes_committed_against_women_2014.csv::607,False,UNIQUE,North,DISTRICT_OR_REPORTING_UNIT,VALID
Sikkim,South,2014,15,0,0,0,15,0,15,1,2,2,0,0,0,0,0,13,6,0,0,0,7,3,0,0,0,3,0,0,1,1,0,0,3,3,0,0,0,0,0,0,0,1,0,0,0,0,2,0,0,0,0,0,0,0,0,0,0,0,42,WOMEN,42_District_wise_crimes_committed_against_women_2014.csv,608,42_District_wise_crimes_committed_against_women_2014.csv::608,False,UNIQUE,South,DISTRICT_OR_REPORTING_UNIT,VALID
Sikkim,West,2014,14,0,0,0,14,0,14,3,1,0,0,0,0,1,0,5,3,0,0,1,1,0,0,0,0,0,0,0,1,0,0,0,0,0,0,0,0,0,0,0,0,0,0,0,0,0,0,0,0,0,0,0,0,0,0,0,0,0,24,WOMEN,42_District_wise_crimes_committed_against_women_2014.csv,609,42_District_wise_crimes_committed_against_women_2014.csv::609,False,UNIQUE,West,DISTRICT_OR_REPORTING_UNIT,VALID
Sikkim,CID,2014,0,0,0,0,0,0,0,0,0,0,0,0,0,0,0,0,0,0,0,0,0,0,0,0,0,0,0,0,0,0,0,0,0,0,0,0,0,0,0,0,0,0,0,0,0,0,0,0,0,0,0,0,0,0,0,0,0,0,0,WOMEN,42_District_wise_crimes_committed_against_women_2014.csv,610,42_District_wise_crimes_committed_against_women_2014.csv::610,False,UNIQUE,CID,DISTRICT_OR_REPORTING_UNIT,VALID
Tamil Nadu,Ariyalur,2014,6,0,0,0,6,0,6,0,14,0,0,0,14,0,2,23,0,0,0,0,23,0,0,0,0,0,7,0,9,9,0,0,2,2,0,0,0,0,0,0,0,4,3,0,0,0,0,3,0,0,0,0,0,0,0,0,0,32,114,WOMEN,42_District_wise_crimes_committed_against_women_2014.csv,612,42_District_wise_crimes_committed_against_women_2014.csv::612,False,UNIQUE,Ariyalur,DISTRICT_OR_REPORTING_UNIT,VALID
Tamil Nadu,Chennai,2014,65,0,0,0,65,0,65,1,23,6,0,1,16,0,10,59,0,0,0,0,59,157,0,157,0,0,302,0,38,40,0,0,9,7,2,0,0,0,1,0,1,24,3,0,34,0,0,0,4,0,0,249,0,0,0,0,249,88,1107,WOMEN,42_District_wise_crimes_committed_against_women_2014.csv,613,42_District_wise_crimes_committed_against_women_2014.csv::613,False,UNIQUE,Chennai,DISTRICT_OR_REPORTING_UNIT,VALID
Tamil Nadu,Coimbatore,2014,7,0,0,0,7,0,7,0,35,0,0,0,31,4,0,21,0,0,0,0,21,0,0,0,0,0,47,0,18,4,0,0,0,0,0,0,0,0,0,0,0,56,3,0,0,0,0,0,0,0,0,0,0,0,0,0,0,0,191,WOMEN,42_District_wise_crimes_committed_against_women_2014.csv,614,42_District_wise_crimes_committed_against_women_2014.csv::614,False,UNIQUE,Coimbatore,DISTRICT_OR_REPORTING_UNIT,VALID
Tamil Nadu,Cuddalore,2014,14,0,0,0,14,0,14,0,83,68,0,0,0,15,5,3,0,0,0,0,3,0,0,0,0,0,39,0,11,0,0,0,0,0,0,0,0,0,0,0,0,0,0,0,0,0,0,1,0,0,0,0,0,0,0,0,0,0,156,WOMEN,42_District_wise_crimes_committed_against_women_2014.csv,616,42_District_wise_crimes_committed_against_women_2014.csv::616,False,UNIQUE,Cuddalore,DISTRICT_OR_REPORTING_UNIT,VALID
Tamil Nadu,Dharmapuri,2014,11,0,0,0,11,0,11,0,136,0,0,0,136,0,2,26,0,0,0,0,26,0,0,0,0,0,32,0,17,11,1,0,0,0,0,0,0,0,1,0,1,19,4,0,0,0,0,0,0,0,0,3,0,2,0,0,1,0,263,WOMEN,42_District_wise_crimes_committed_against_women_2014.csv,617,42_District_wise_crimes_committed_against_women_2014.csv::617,False,UNIQUE,Dharmapuri,DISTRICT_OR_REPORTING_UNIT,VALID
Tamil Nadu,Dindigul,2014,15,0,0,0,15,0,15,0,112,0,0,0,112,0,4,29,0,0,0,0,29,0,0,0,0,0,119,0,18,0,0,0,0,0,0,0,0,0,0,0,0,43,0,0,0,0,0,0,0,0,0,1,0,0,0,0,1,8,349,WOMEN,42_District_wise_crimes_committed_against_women_2014.csv,618,42_District_wise_crimes_committed_against_women_2014.csv::618,False,UNIQUE,Dindigul,DISTRICT_OR_REPORTING_UNIT,VALID
Tamil Nadu,Erode,2014,0,0,0,0,0,0,0,0,25,0,0,0,20,5,0,19,0,0,0,0,19,0,0,0,0,0,26,0,20,6,0,0,6,6,0,0,0,0,0,0,0,38,2,0,0,0,0,5,0,0,0,5,0,0,0,5,0,0,152,WOMEN,42_District_wise_crimes_committed_against_women_2014.csv,619,42_District_wise_crimes_committed_against_women_2014.csv::619,False,UNIQUE,Erode,DISTRICT_OR_REPORTING_UNIT,VALID
Tamil Nadu,Kanchipuram,2014,16,0,0,0,16,0,16,0,14,0,0,0,14,0,2,8,0,0,0,0,8,1,0,0,0,1,19,0,6,2,0,0,4,4,0,0,0,0,0,0,0,4,0,0,0,0,0,14,0,0,0,0,0,0,0,0,0,0,90,WOMEN,42_District_wise_crimes_committed_against_women_2014.csv,620,42_District_wise_crimes_committed_against_women_2014.csv::620,False,UNIQUE,Kanchipuram,DISTRICT_OR_REPORTING_UNIT,VALID
Tamil Nadu,Kanyakumari,2014,7,0,0,0,7,0,7,1,15,0,0,0,13,2,2,3,0,0,1,0,2,0,0,0,0,0,56,0,12,8,0,0,1,0,1,0,0,0,0,0,0,75,4,0,0,0,0,11,0,0,0,9,9,0,0,0,0,0,204,WOMEN,42_District_wise_crimes_committed_against_women_2014.csv,621,42_District_wise_crimes_committed_against_women_2014.csv::621,False,UNIQUE,Kanyakumari,DISTRICT_OR_REPORTING_UNIT,VALID
Tamil Nadu,Karur,2014,1,0,0,0,1,0,1,0,15,0,0,0,13,2,1,20,0,0,0,0,20,0,0,0,0,0,9,0,10,6,0,0,0,0,0,0,0,0,0,0,0,9,0,0,0,0,0,5,0,0,0,12,0,0,0,0,12,0,88,WOMEN,42_District_wise_crimes_committed_against_women_2014.csv,622,42_District_wise_crimes_committed_against_women_2014.csv::622,False,UNIQUE,Karur,DISTRICT_OR_REPORTING_UNIT,VALID
Tamil Nadu,Krishnagiri,2014,13,0,0,0,13,1,12,0,68,0,0,0,67,1,4,34,0,0,0,0,34,1,0,0,0,1,29,0,21,15,2,0,13,13,0,0,0,0,0,0,0,12,1,0,0,0,0,1,0,0,0,2,1,0,0,0,1,0,216,WOMEN,42_District_wise_crimes_committed_against_women_2014.csv,623,42_District_wise_crimes_committed_against_women_2014.csv::623,False,UNIQUE,Krishnagiri,DISTRICT_OR_REPORTING_UNIT,VALID
Tamil Nadu,Madurai,2014,37,0,0,0,37,0,37,0,167,0,0,0,167,0,5,79,15,0,0,0,64,10,0,0,0,10,326,0,19,0,0,0,1,0,1,0,0,0,0,0,0,96,7,0,0,0,178,51,0,0,0,6,0,0,0,6,0,68,1050,WOMEN,42_District_wise_crimes_committed_against_women_2014.csv,624,42_District_wise_crimes_committed_against_women_2014.csv::624,False,UNIQUE,Madurai,DISTRICT_OR_REPORTING_UNIT,VALID
Tamil Nadu,Nagapattinam,2014,16,0,0,0,16,0,16,0,38,0,0,0,38,0,0,14,0,0,0,0,14,28,0,0,0,28,22,0,11,20,0,0,0,0,0,0,0,0,0,0,0,39,0,0,0,0,0,0,0,0,0,1,0,0,0,0,1,0,189,WOMEN,42_District_wise_crimes_committed_against_women_2014.csv,626,42_District_wise_crimes_committed_against_women_2014.csv::626,False,UNIQUE,Nagapattinam,DISTRICT_OR_REPORTING_UNIT,VALID
Tamil Nadu,Namakkal,2014,0,0,0,0,0,0,0,0,21,11,0,0,10,0,0,48,0,0,0,0,48,3,0,0,0,3,11,0,12,3,1,0,3,2,1,0,0,0,0,0,0,31,0,0,0,0,0,7,0,0,0,1,0,0,0,0,1,0,141,WOMEN,42_District_wise_crimes_committed_against_women_2014.csv,627,42_District_wise_crimes_committed_against_women_2014.csv::627,False,UNIQUE,Namakkal,DISTRICT_OR_REPORTING_UNIT,VALID
Tamil Nadu,Nilgiris,2014,6,0,0,0,6,0,6,0,5,5,0,0,0,0,0,12,0,0,0,0,12,1,0,0,0,1,5,0,1,0,0,0,0,0,0,0,0,0,0,0,0,0,0,0,0,0,0,2,0,0,0,10,0,0,0,0,10,9,51,WOMEN,42_District_wise_crimes_committed_against_women_2014.csv,628,42_District_wise_crimes_committed_against_women_2014.csv::628,False,UNIQUE,Nilgiris,DISTRICT_OR_REPORTING_UNIT,VALID
Tamil Nadu,Perambalur,2014,7,0,0,0,7,0,7,0,4,0,0,0,4,0,1,26,0,26,0,0,0,0,0,0,0,0,13,0,4,7,0,0,0,0,0,0,0,0,0,0,0,12,0,0,0,0,3,1,0,0,0,0,0,0,0,0,0,0,78,WOMEN,42_District_wise_crimes_committed_against_women_2014.csv,629,42_District_wise_crimes_committed_against_women_2014.csv::629,False,UNIQUE,Perambalur,DISTRICT_OR_REPORTING_UNIT,VALID
Tamil Nadu,Pudukottai,2014,3,0,0,0,3,0,3,0,47,0,0,0,47,0,2,29,0,0,0,0,29,0,0,0,0,0,44,0,12,4,0,0,3,3,0,0,0,0,0,0,0,8,1,0,0,0,0,0,0,0,0,0,0,0,0,0,0,0,153,WOMEN,42_District_wise_crimes_committed_against_women_2014.csv,630,42_District_wise_crimes_committed_against_women_2014.csv::630,False,UNIQUE,Pudukottai,DISTRICT_OR_REPORTING_UNIT,VALID
Tamil Nadu,Ramnathapuram,2014,8,0,0,0,8,0,8,1,28,7,0,0,16,5,3,12,3,0,0,0,9,0,0,0,0,0,24,0,16,12,0,0,2,2,0,0,0,0,0,0,0,7,4,0,0,0,0,22,0,0,0,4,0,0,0,0,4,0,143,WOMEN,42_District_wise_crimes_committed_against_women_2014.csv,631,42_District_wise_crimes_committed_against_women_2014.csv::631,False,UNIQUE,Ramnathapuram,DISTRICT_OR_REPORTING_UNIT,VALID
Tamil Nadu,Salem,2014,6,0,0,0,6,0,6,2,43,10,0,0,33,0,7,46,0,0,0,0,46,0,0,0,0,0,22,0,20,0,0,0,3,3,0,0,0,0,0,0,0,9,6,0,0,0,0,0,0,0,0,6,6,0,0,0,0,0,170,WOMEN,42_District_wise_crimes_committed_against_women_2014.csv,634,42_District_wise_crimes_committed_against_women_2014.csv::634,False,UNIQUE,Salem,DISTRICT_OR_REPORTING_UNIT,VALID
Tamil Nadu,Sivagangai,2014,15,0,0,0,15,0,15,1,37,35,0,0,2,0,3,13,0,0,0,0,13,0,0,0,0,0,51,0,12,16,0,0,1,1,0,0,0,0,2,0,2,47,0,0,0,0,13,1,0,0,0,7,3,0,0,4,0,0,219,WOMEN,42_District_wise_crimes_committed_against_women_2014.csv,636,42_District_wise_crimes_committed_against_women_2014.csv::636,False,UNIQUE,Sivagangai,DISTRICT_OR_REPORTING_UNIT,VALID
Tamil Nadu,Thanjavur,2014,8,0,0,0,8,0,8,0,24,24,0,0,0,0,0,62,0,0,0,0,62,0,0,0,0,0,31,0,10,21,0,0,0,0,0,0,0,0,2,0,2,56,0,0,0,0,0,0,0,0,0,8,0,0,0,0,8,0,222,WOMEN,42_District_wise_crimes_committed_against_women_2014.csv,637,42_District_wise_crimes_committed_against_women_2014.csv::637,False,UNIQUE,Thanjavur,DISTRICT_OR_REPORTING_UNIT,VALID
Tamil Nadu,Theni,2014,8,0,0,0,8,0,8,0,45,0,0,0,45,0,6,30,0,0,0,0,30,0,0,0,0,0,58,0,19,11,0,0,3,3,0,0,0,0,1,0,1,17,0,0,4,0,0,0,0,0,0,4,0,0,0,0,4,42,248,WOMEN,42_District_wise_crimes_committed_against_women_2014.csv,638,42_District_wise_crimes_committed_against_women_2014.csv::638,False,UNIQUE,Theni,DISTRICT_OR_REPORTING_UNIT,VALID
Tamil Nadu,Thirunelveli,2014,36,0,0,0,36,1,35,7,46,0,0,0,0,46,5,47,0,0,0,0,47,0,0,0,0,0,147,0,27,13,0,0,2,2,0,0,0,0,0,0,0,86,7,0,0,1,1319,4,0,0,0,1,1,0,0,0,0,660,2408,WOMEN,42_District_wise_crimes_committed_against_women_2014.csv,639,42_District_wise_crimes_committed_against_women_2014.csv::639,False,UNIQUE,Thirunelveli,DISTRICT_OR_REPORTING_UNIT,VALID
Tamil Nadu,Thiruvallur,2014,8,0,0,0,8,0,8,0,9,0,0,0,9,0,4,2,0,0,0,0,2,2,2,0,0,0,15,0,12,0,0,0,4,4,0,0,0,0,0,0,0,0,0,0,0,0,0,0,0,0,0,1,1,0,0,0,0,0,57,WOMEN,42_District_wise_crimes_committed_against_women_2014.csv,641,42_District_wise_crimes_committed_against_women_2014.csv::641,False,UNIQUE,Thiruvallur,DISTRICT_OR_REPORTING_UNIT,VALID
Tamil Nadu,Thiruvannamalai,2014,16,0,0,0,16,0,16,0,49,20,0,0,29,0,6,14,0,0,0,0,14,0,0,0,0,0,35,0,19,11,0,0,5,5,0,0,0,0,0,0,0,4,1,0,0,0,0,7,0,0,0,1,1,0,0,0,0,0,168,WOMEN,42_District_wise_crimes_committed_against_women_2014.csv,642,42_District_wise_crimes_committed_against_women_2014.csv::642,False,UNIQUE,Thiruvannamalai,DISTRICT_OR_REPORTING_UNIT,VALID
Tamil Nadu,Thiruvarur,2014,2,0,0,0,2,0,2,0,23,0,0,0,23,0,1,2,0,0,0,0,2,1,0,0,0,1,7,0,7,3,0,0,2,2,0,0,0,0,0,0,0,21,0,0,0,0,0,1,0,0,0,2,0,0,0,0,2,0,72,WOMEN,42_District_wise_crimes_committed_against_women_2014.csv,643,42_District_wise_crimes_committed_against_women_2014.csv::643,False,UNIQUE,Thiruvarur,DISTRICT_OR_REPORTING_UNIT,VALID
Tamil Nadu,Thoothugudi,2014,16,0,0,0,16,0,16,3,12,0,0,0,12,0,0,44,2,1,0,0,41,0,0,0,0,0,73,0,29,21,1,0,9,9,0,0,0,0,0,0,0,44,0,0,14,0,640,1,0,0,0,2,0,0,0,0,2,437,1346,WOMEN,42_District_wise_crimes_committed_against_women_2014.csv,644,42_District_wise_crimes_committed_against_women_2014.csv::644,False,UNIQUE,Thoothugudi,DISTRICT_OR_REPORTING_UNIT,VALID
Tamil Nadu,Tiruppur,2014,6,0,0,0,6,0,6,0,50,3,0,0,36,11,3,15,0,0,0,0,15,0,0,0,0,0,33,0,17,3,0,0,0,0,0,0,0,0,0,0,0,36,0,0,0,0,0,0,0,0,0,1,0,0,0,0,1,71,235,WOMEN,42_District_wise_crimes_committed_against_women_2014.csv,645,42_District_wise_crimes_committed_against_women_2014.csv::645,False,UNIQUE,Tiruppur,DISTRICT_OR_REPORTING_UNIT,VALID
Tamil Nadu,Trichy,2014,8,0,0,0,8,0,8,0,30,0,0,0,30,0,2,51,0,0,0,0,51,0,0,0,0,0,48,0,11,2,0,0,0,0,0,0,0,0,0,0,0,6,0,0,0,0,0,0,0,0,0,10,4,0,0,0,6,0,168,WOMEN,42_District_wise_crimes_committed_against_women_2014.csv,647,42_District_wise_crimes_committed_against_women_2014.csv::647,False,UNIQUE,Trichy,DISTRICT_OR_REPORTING_UNIT,VALID
Tamil Nadu,Vellore,2014,12,0,0,0,12,0,12,0,78,0,0,0,0,78,3,44,0,44,0,0,0,0,0,0,0,0,110,0,32,2,0,0,0,0,0,0,0,0,0,0,0,14,0,0,0,0,0,61,0,0,0,15,0,0,0,0,15,0,371,WOMEN,42_District_wise_crimes_committed_against_women_2014.csv,649,42_District_wise_crimes_committed_against_women_2014.csv::649,False,UNIQUE,Vellore,DISTRICT_OR_REPORTING_UNIT,VALID
Tamil Nadu,Villupuram,2014,38,0,0,0,38,0,38,0,125,29,0,0,96,0,7,176,0,0,0,0,176,0,0,0,0,0,81,0,23,41,0,0,0,0,0,0,0,0,0,0,0,6,0,0,0,0,0,8,0,0,0,14,14,0,0,0,0,217,736,WOMEN,42_District_wise_crimes_committed_against_women_2014.csv,650,42_District_wise_crimes_committed_against_women_2014.csv::650,False,UNIQUE,Villupuram,DISTRICT_OR_REPORTING_UNIT,VALID
Tamil Nadu,Virudhunagar,2014,13,0,0,0,13,0,13,0,19,10,0,0,1,8,3,25,0,0,0,0,25,0,0,0,0,0,29,0,7,4,0,0,0,0,0,0,0,0,1,0,1,24,0,0,0,0,0,66,0,0,0,3,2,0,0,0,1,218,412,WOMEN,42_District_wise_crimes_committed_against_women_2014.csv,651,42_District_wise_crimes_committed_against_women_2014.csv::651,False,UNIQUE,Virudhunagar,DISTRICT_OR_REPORTING_UNIT,VALID
Tamil Nadu,Cyber Cell,2014,0,0,0,0,0,0,0,0,0,0,0,0,0,0,0,0,0,0,0,0,0,0,0,0,0,0,0,0,0,0,0,0,0,0,0,0,0,0,0,0,0,0,0,0,0,0,0,0,0,0,0,0,0,0,0,0,0,0,0,WOMEN,42_District_wise_crimes_committed_against_women_2014.csv,652,42_District_wise_crimes_committed_against_women_2014.csv::652,False,UNIQUE,Cyber Cell,DISTRICT_OR_REPORTING_UNIT,VALID
Tamil Nadu,Other Units,2014,0,0,0,0,0,0,0,0,0,0,0,0,0,0,0,0,0,0,0,0,0,0,0,0,0,0,0,0,0,0,0,0,0,0,0,0,0,0,0,0,0,0,0,0,0,0,0,0,0,0,0,0,0,0,0,0,0,0,0,WOMEN,42_District_wise_crimes_committed_against_women_2014.csv,653,42_District_wise_crimes_committed_against_women_2014.csv::653,False,UNIQUE,Other Units,DISTRICT_OR_REPORTING_UNIT,VALID
Telangana,Adilabad,2014,42,0,0,0,42,0,42,13,39,17,0,0,21,1,16,244,52,17,2,36,137,83,0,0,0,83,384,0,29,29,0,0,0,0,0,0,0,0,0,0,0,0,0,0,46,0,0,0,0,0,0,3,3,0,0,0,0,1,929,WOMEN,42_District_wise_crimes_committed_against_women_2014.csv,655,42_District_wise_crimes_committed_against_women_2014.csv::655,False,UNIQUE,Adilabad,DISTRICT_OR_REPORTING_UNIT,VALID
Telangana,Cyberabad,2014,139,0,0,0,139,6,133,3,90,22,0,0,35,33,48,376,55,24,7,137,153,271,1,9,3,258,1329,0,44,25,2,0,35,35,0,0,0,0,4,0,4,14,3,0,96,0,1,0,0,0,0,140,44,29,8,0,59,0,2620,WOMEN,42_District_wise_crimes_committed_against_women_2014.csv,656,42_District_wise_crimes_committed_against_women_2014.csv::656,False,UNIQUE,Cyberabad,DISTRICT_OR_REPORTING_UNIT,VALID
Telangana,Karimnagar,2014,66,0,0,0,66,0,66,0,85,27,0,0,43,15,34,373,5,3,0,2,363,70,0,0,0,70,737,0,17,0,0,0,8,8,0,0,0,0,0,0,0,15,0,0,38,0,3,0,0,0,0,15,15,0,0,0,0,0,1461,WOMEN,42_District_wise_crimes_committed_against_women_2014.csv,658,42_District_wise_crimes_committed_against_women_2014.csv::658,False,UNIQUE,Karimnagar,DISTRICT_OR_REPORTING_UNIT,VALID
Telangana,Khammam,2014,102,0,0,0,102,0,102,2,62,0,0,0,15,47,18,351,142,1,0,1,207,133,0,0,0,133,530,0,29,0,0,0,0,0,0,0,0,0,0,0,0,1,0,0,60,0,0,0,0,0,0,0,0,0,0,0,0,0,1288,WOMEN,42_District_wise_crimes_committed_against_women_2014.csv,659,42_District_wise_crimes_committed_against_women_2014.csv::659,False,UNIQUE,Khammam,DISTRICT_OR_REPORTING_UNIT,VALID
Telangana,Mahaboob Nagar,2014,169,0,0,0,169,3,166,3,50,0,0,0,50,0,30,242,53,12,4,17,156,47,0,0,0,47,209,0,88,41,0,0,0,0,0,0,0,0,0,0,0,0,0,0,105,0,0,177,0,0,0,2,2,0,0,0,0,0,1163,WOMEN,42_District_wise_crimes_committed_against_women_2014.csv,660,42_District_wise_crimes_committed_against_women_2014.csv::660,False,UNIQUE,Mahaboob Nagar,DISTRICT_OR_REPORTING_UNIT,VALID
Telangana,Medak,2014,60,0,0,0,60,3,57,0,35,4,0,0,10,21,34,211,27,35,0,26,123,47,0,0,0,47,346,0,55,10,0,0,0,0,0,0,0,0,0,0,0,0,0,0,37,0,25,0,0,0,0,7,5,0,0,0,2,0,867,WOMEN,42_District_wise_crimes_committed_against_women_2014.csv,661,42_District_wise_crimes_committed_against_women_2014.csv::661,False,UNIQUE,Medak,DISTRICT_OR_REPORTING_UNIT,VALID
Telangana,Nalgonda,2014,126,0,0,0,126,1,125,19,36,13,0,0,0,23,23,447,72,38,2,105,230,174,0,0,0,174,262,0,42,0,0,0,0,0,0,0,0,0,0,0,0,0,0,0,41,0,28,344,2,0,1,14,10,0,0,0,4,0,1559,WOMEN,42_District_wise_crimes_committed_against_women_2014.csv,662,42_District_wise_crimes_committed_against_women_2014.csv::662,False,UNIQUE,Nalgonda,DISTRICT_OR_REPORTING_UNIT,VALID
Telangana,Nizamabad,2014,36,0,0,0,36,0,36,4,27,8,0,0,11,8,25,163,20,2,3,10,128,145,0,0,0,145,658,0,40,13,1,0,6,6,0,0,0,0,1,0,1,6,0,0,33,0,0,0,0,0,0,7,0,0,0,0,7,0,1165,WOMEN,42_District_wise_crimes_committed_against_women_2014.csv,663,42_District_wise_crimes_committed_against_women_2014.csv::663,False,UNIQUE,Nizamabad,DISTRICT_OR_REPORTING_UNIT,VALID
Telangana,Ranga Reddy,2014,51,0,0,0,51,0,51,1,34,19,0,0,10,5,10,83,9,3,4,14,53,18,0,11,0,7,192,0,28,9,1,0,1,1,0,0,0,0,0,0,0,1,0,0,38,0,0,12,0,0,0,1,1,0,0,0,0,0,480,WOMEN,42_District_wise_crimes_committed_against_women_2014.csv,664,42_District_wise_crimes_committed_against_women_2014.csv::664,False,UNIQUE,Ranga Reddy,DISTRICT_OR_REPORTING_UNIT,VALID
Telangana,Warangal,2014,41,0,0,0,41,0,41,26,44,8,0,1,27,8,17,186,31,8,1,30,116,20,0,0,0,20,218,0,12,0,0,0,0,0,0,0,0,0,1,0,1,1,0,0,48,0,0,0,0,0,0,1,0,0,0,0,1,0,615,WOMEN,42_District_wise_crimes_committed_against_women_2014.csv,666,42_District_wise_crimes_committed_against_women_2014.csv::666,False,UNIQUE,Warangal,DISTRICT_OR_REPORTING_UNIT,VALID
Tripura,Dhalai,2014,34,0,0,0,34,6,28,4,5,0,0,0,1,4,1,49,17,22,0,1,9,0,0,0,0,0,41,0,7,0,0,0,0,0,0,0,0,0,0,0,0,0,0,0,0,0,2,0,0,0,0,0,0,0,0,0,0,1,144,WOMEN,42_District_wise_crimes_committed_against_women_2014.csv,669,42_District_wise_crimes_committed_against_women_2014.csv::669,False,UNIQUE,Dhalai,DISTRICT_OR_REPORTING_UNIT,VALID
Tripura,Gomati,2014,32,0,0,0,32,6,26,0,22,0,0,0,22,0,9,51,4,0,0,0,47,0,0,0,0,0,135,0,4,1,0,0,22,21,1,0,0,0,0,0,0,0,1,0,0,1,0,1,0,0,0,0,0,0,0,0,0,0,279,WOMEN,42_District_wise_crimes_committed_against_women_2014.csv,670,42_District_wise_crimes_committed_against_women_2014.csv::670,False,UNIQUE,Gomati,DISTRICT_OR_REPORTING_UNIT,VALID
Tripura,G. R. P.,2014,0,0,0,0,0,0,0,0,0,0,0,0,0,0,0,2,0,0,0,1,1,0,0,0,0,0,0,0,0,0,0,0,0,0,0,0,0,0,0,0,0,0,0,0,0,0,0,0,0,0,0,0,0,0,0,0,0,0,2,WOMEN,42_District_wise_crimes_committed_against_women_2014.csv,671,42_District_wise_crimes_committed_against_women_2014.csv::671,False,UNIQUE,G. R. P.,DISTRICT_OR_REPORTING_UNIT,VALID
Tripura,Kowai,2014,15,0,0,0,15,0,15,3,4,0,0,0,4,0,8,36,2,28,0,0,6,0,0,0,0,0,25,0,4,0,0,0,15,15,0,0,0,0,0,0,0,0,0,0,0,0,1,0,0,0,0,0,0,0,0,0,0,0,111,WOMEN,42_District_wise_crimes_committed_against_women_2014.csv,672,42_District_wise_crimes_committed_against_women_2014.csv::672,False,UNIQUE,Kowai,DISTRICT_OR_REPORTING_UNIT,VALID
Tripura,North,2014,26,0,0,0,26,1,25,8,12,0,0,0,12,0,6,41,0,19,0,0,22,0,0,0,0,0,79,0,1,0,0,0,0,0,0,0,0,0,0,0,0,0,0,0,0,0,0,0,0,0,0,0,0,0,0,0,0,0,173,WOMEN,42_District_wise_crimes_committed_against_women_2014.csv,673,42_District_wise_crimes_committed_against_women_2014.csv::673,False,UNIQUE,North,DISTRICT_OR_REPORTING_UNIT,VALID
Tripura,Sipahijala,2014,19,0,0,0,19,0,19,0,11,0,0,0,0,11,1,76,0,0,0,0,76,0,0,0,0,0,86,0,6,0,0,0,0,0,0,0,0,0,0,0,0,3,0,0,0,0,0,0,0,0,0,0,0,0,0,0,0,0,202,WOMEN,42_District_wise_crimes_committed_against_women_2014.csv,674,42_District_wise_crimes_committed_against_women_2014.csv::674,False,UNIQUE,Sipahijala,DISTRICT_OR_REPORTING_UNIT,VALID
Tripura,South,2014,20,0,0,0,20,0,20,7,8,0,0,0,2,6,4,47,2,25,0,0,20,0,0,0,0,0,94,0,8,4,0,0,20,19,1,0,0,0,0,0,0,0,2,0,0,0,0,0,0,0,0,0,0,0,0,0,0,0,214,WOMEN,42_District_wise_crimes_committed_against_women_2014.csv,675,42_District_wise_crimes_committed_against_women_2014.csv::675,False,UNIQUE,South,DISTRICT_OR_REPORTING_UNIT,VALID
Tripura,Unakoti,2014,24,0,0,0,24,1,23,1,11,0,0,0,9,2,1,29,20,6,0,0,3,2,0,0,0,2,50,0,0,0,0,0,0,0,0,0,0,0,0,0,0,0,0,0,0,0,4,0,0,0,0,0,0,0,0,0,0,0,122,WOMEN,42_District_wise_crimes_committed_against_women_2014.csv,676,42_District_wise_crimes_committed_against_women_2014.csv::676,False,UNIQUE,Unakoti,DISTRICT_OR_REPORTING_UNIT,VALID
Tripura,West,2014,69,0,0,0,69,1,68,12,29,0,0,0,29,0,3,161,37,84,1,6,33,9,0,0,0,9,192,0,13,0,0,0,1,1,0,0,0,0,0,0,0,1,0,0,0,0,0,0,0,0,0,0,0,0,0,0,0,0,490,WOMEN,42_District_wise_crimes_committed_against_women_2014.csv,677,42_District_wise_crimes_committed_against_women_2014.csv::677,False,UNIQUE,West,DISTRICT_OR_REPORTING_UNIT,VALID
Uttar Pradesh,Agra,2014,77,2,0,2,75,7,68,14,347,298,0,0,49,0,87,281,237,19,3,22,0,0,0,0,0,0,389,0,41,17,5,0,40,39,1,0,0,13,1,1,0,11,0,0,19,0,162,6,0,0,2,4,4,0,0,0,0,64,1580,WOMEN,42_District_wise_crimes_committed_against_women_2014.csv,679,42_District_wise_crimes_committed_against_women_2014.csv::679,False,UNIQUE,Agra,DISTRICT_OR_REPORTING_UNIT,VALID
Uttar Pradesh,Aligarh,2014,112,0,0,0,112,20,92,53,404,404,0,0,0,0,69,307,105,29,0,0,173,0,0,0,0,0,455,0,39,17,5,0,20,18,2,0,0,0,0,0,0,27,0,0,15,0,608,0,0,0,0,0,0,0,0,0,0,82,2213,WOMEN,42_District_wise_crimes_committed_against_women_2014.csv,680,42_District_wise_crimes_committed_against_women_2014.csv::680,False,UNIQUE,Aligarh,DISTRICT_OR_REPORTING_UNIT,VALID
Uttar Pradesh,Allahabad,2014,109,16,0,16,93,27,66,0,268,82,0,0,186,0,53,309,206,44,3,56,0,4,0,0,0,4,355,0,23,0,0,0,3,0,2,1,0,0,0,0,0,57,0,0,24,0,321,0,0,0,0,3,3,0,0,0,0,39,1568,WOMEN,42_District_wise_crimes_committed_against_women_2014.csv,681,42_District_wise_crimes_committed_against_women_2014.csv::681,False,UNIQUE,Allahabad,DISTRICT_OR_REPORTING_UNIT,VALID
Uttar Pradesh,Ambedkar Nagar,2014,20,0,0,0,20,2,18,0,58,0,0,0,58,0,11,16,16,0,0,0,0,0,0,0,0,0,41,0,8,0,1,0,0,0,0,0,0,0,0,0,0,0,0,0,0,0,16,35,0,0,0,0,0,0,0,0,0,37,243,WOMEN,42_District_wise_crimes_committed_against_women_2014.csv,682,42_District_wise_crimes_committed_against_women_2014.csv::682,False,UNIQUE,Ambedkar Nagar,DISTRICT_OR_REPORTING_UNIT,VALID
Uttar Pradesh,Amethi,2014,27,0,0,0,27,2,25,0,104,42,0,0,62,0,15,78,0,0,0,0,78,0,0,0,0,0,47,0,5,0,1,0,0,0,0,0,0,0,0,0,0,0,0,0,0,0,82,0,0,0,0,0,0,0,0,0,0,66,425,WOMEN,42_District_wise_crimes_committed_against_women_2014.csv,683,42_District_wise_crimes_committed_against_women_2014.csv::683,False,UNIQUE,Amethi,DISTRICT_OR_REPORTING_UNIT,VALID
Uttar Pradesh,Amroha,2014,35,0,0,0,35,14,21,5,107,0,0,0,107,0,23,81,27,31,0,23,0,0,0,0,0,0,224,0,18,0,1,0,2,0,2,0,0,0,0,0,0,8,0,0,1,0,33,0,0,0,0,0,0,0,0,0,0,72,610,WOMEN,42_District_wise_crimes_committed_against_women_2014.csv,684,42_District_wise_crimes_committed_against_women_2014.csv::684,False,UNIQUE,Amroha,DISTRICT_OR_REPORTING_UNIT,VALID
Uttar Pradesh,Auraiya,2014,21,2,0,2,19,6,13,0,91,9,1,0,81,0,34,73,56,11,0,6,0,0,0,0,0,0,151,0,10,0,3,0,0,0,0,0,0,0,0,0,0,0,0,0,10,0,69,12,0,0,1,0,0,0,0,0,0,41,516,WOMEN,42_District_wise_crimes_committed_against_women_2014.csv,685,42_District_wise_crimes_committed_against_women_2014.csv::685,False,UNIQUE,Auraiya,DISTRICT_OR_REPORTING_UNIT,VALID
Uttar Pradesh,Azamgarh,2014,42,4,0,4,38,9,29,0,144,144,0,0,0,0,34,102,52,19,3,28,0,0,0,0,0,0,158,0,12,0,3,0,21,21,0,0,0,0,0,0,0,4,0,0,0,0,35,0,0,0,0,1,0,1,0,0,0,28,584,WOMEN,42_District_wise_crimes_committed_against_women_2014.csv,686,42_District_wise_crimes_committed_against_women_2014.csv::686,False,UNIQUE,Azamgarh,DISTRICT_OR_REPORTING_UNIT,VALID
Uttar Pradesh,Badaun,2014,71,0,0,0,71,16,55,2,153,0,4,0,149,0,56,148,141,3,0,4,0,0,0,0,0,0,62,0,23,0,6,0,0,0,0,0,0,0,0,0,0,0,1,0,0,0,150,62,0,0,0,0,0,0,0,0,0,1,735,WOMEN,42_District_wise_crimes_committed_against_women_2014.csv,687,42_District_wise_crimes_committed_against_women_2014.csv::687,False,UNIQUE,Badaun,DISTRICT_OR_REPORTING_UNIT,VALID
Uttar Pradesh,Baghpat,2014,35,0,0,0,35,9,26,0,86,0,0,0,86,0,14,96,35,37,0,20,4,0,0,0,0,0,90,0,15,0,2,0,0,0,0,0,0,0,0,0,0,0,0,0,0,0,167,0,0,0,0,0,0,0,0,0,0,23,528,WOMEN,42_District_wise_crimes_committed_against_women_2014.csv,688,42_District_wise_crimes_committed_against_women_2014.csv::688,False,UNIQUE,Baghpat,DISTRICT_OR_REPORTING_UNIT,VALID
Uttar Pradesh,Bahraich,2014,68,0,0,0,68,10,58,0,178,0,0,0,178,0,51,45,0,0,0,0,45,0,0,0,0,0,0,0,14,0,5,0,6,6,0,0,0,0,0,0,0,0,0,0,0,0,53,177,0,0,0,0,0,0,0,0,0,36,633,WOMEN,42_District_wise_crimes_committed_against_women_2014.csv,689,42_District_wise_crimes_committed_against_women_2014.csv::689,False,UNIQUE,Bahraich,DISTRICT_OR_REPORTING_UNIT,VALID
Uttar Pradesh,Ballia,2014,21,2,0,2,19,2,17,8,89,0,0,0,88,1,24,71,65,2,2,2,0,2,0,0,0,2,95,0,10,0,0,0,0,0,0,0,0,0,0,0,0,0,1,1,2,0,8,95,0,0,0,0,0,0,0,0,0,60,487,WOMEN,42_District_wise_crimes_committed_against_women_2014.csv,690,42_District_wise_crimes_committed_against_women_2014.csv::690,False,UNIQUE,Ballia,DISTRICT_OR_REPORTING_UNIT,VALID
Uttar Pradesh,Balrampur,2014,19,1,0,1,18,6,12,0,60,0,0,0,59,1,13,28,16,1,0,1,10,0,0,0,0,0,2,0,10,0,2,0,1,0,1,0,0,0,0,0,0,0,0,0,1,0,1,31,0,0,0,0,0,0,0,0,0,33,201,WOMEN,42_District_wise_crimes_committed_against_women_2014.csv,691,42_District_wise_crimes_committed_against_women_2014.csv::691,False,UNIQUE,Balrampur,DISTRICT_OR_REPORTING_UNIT,VALID
Uttar Pradesh,Banda,2014,71,0,0,0,71,5,66,13,109,0,0,0,109,0,39,185,32,13,1,11,128,0,0,0,0,0,96,0,8,9,6,0,13,13,0,0,0,0,0,0,0,4,0,0,10,0,37,96,0,0,0,0,0,0,0,0,0,78,774,WOMEN,42_District_wise_crimes_committed_against_women_2014.csv,692,42_District_wise_crimes_committed_against_women_2014.csv::692,False,UNIQUE,Banda,DISTRICT_OR_REPORTING_UNIT,VALID
Uttar Pradesh,Barabanki,2014,35,0,0,0,35,0,35,1,63,0,0,0,63,0,25,51,24,11,1,1,14,0,0,0,0,0,36,0,13,0,0,0,0,0,0,0,0,0,0,0,0,0,0,0,0,0,182,30,0,0,0,0,0,0,0,0,0,64,500,WOMEN,42_District_wise_crimes_committed_against_women_2014.csv,693,42_District_wise_crimes_committed_against_women_2014.csv::693,False,UNIQUE,Barabanki,DISTRICT_OR_REPORTING_UNIT,VALID
Uttar Pradesh,Bareilly,2014,76,0,0,0,76,7,69,8,316,135,9,0,172,0,74,252,251,0,0,1,0,0,0,0,0,0,139,0,32,0,4,0,14,12,2,0,0,0,1,1,0,4,0,0,0,0,153,12,0,0,0,1,0,1,0,0,0,155,1241,WOMEN,42_District_wise_crimes_committed_against_women_2014.csv,694,42_District_wise_crimes_committed_against_women_2014.csv::694,False,UNIQUE,Bareilly,DISTRICT_OR_REPORTING_UNIT,VALID
Uttar Pradesh,Basti,2014,15,0,0,0,15,0,15,0,52,0,0,0,52,0,15,27,19,5,0,3,0,0,0,0,0,0,40,0,13,0,3,0,9,9,0,0,0,0,0,0,0,0,0,0,0,0,35,30,0,0,0,2,0,0,0,0,2,9,250,WOMEN,42_District_wise_crimes_committed_against_women_2014.csv,695,42_District_wise_crimes_committed_against_women_2014.csv::695,False,UNIQUE,Basti,DISTRICT_OR_REPORTING_UNIT,VALID
Uttar Pradesh,Bijnor,2014,80,0,0,0,80,31,49,44,164,0,0,0,164,0,26,175,114,31,5,25,0,0,0,0,0,0,0,0,19,12,8,0,2,0,2,0,0,2,0,0,0,0,0,0,0,3,72,197,0,0,0,0,0,0,0,0,0,138,942,WOMEN,42_District_wise_crimes_committed_against_women_2014.csv,696,42_District_wise_crimes_committed_against_women_2014.csv::696,False,UNIQUE,Bijnor,DISTRICT_OR_REPORTING_UNIT,VALID
Uttar Pradesh,Bulandshahar,2014,82,1,0,1,81,27,54,48,228,7,2,0,175,44,55,239,57,43,5,20,114,1,0,0,0,1,0,0,51,9,1,0,4,3,1,0,0,0,0,0,0,0,0,0,0,0,31,365,0,0,0,0,0,0,0,0,0,51,1165,WOMEN,42_District_wise_crimes_committed_against_women_2014.csv,697,42_District_wise_crimes_committed_against_women_2014.csv::697,False,UNIQUE,Bulandshahar,DISTRICT_OR_REPORTING_UNIT,VALID
Uttar Pradesh,Chandoli,2014,26,1,0,1,25,7,18,3,68,0,0,0,68,0,20,92,60,26,0,6,0,0,0,0,0,0,113,0,4,0,1,0,27,26,1,0,0,0,0,0,0,7,0,0,2,0,28,102,0,0,0,0,0,0,0,0,0,34,527,WOMEN,42_District_wise_crimes_committed_against_women_2014.csv,698,42_District_wise_crimes_committed_against_women_2014.csv::698,False,UNIQUE,Chandoli,DISTRICT_OR_REPORTING_UNIT,VALID
Uttar Pradesh,Chitrakoot,2014,23,0,0,0,23,0,23,0,34,0,0,0,34,0,23,56,33,21,0,2,0,0,0,0,0,0,12,0,8,0,2,0,2,2,0,0,0,0,0,0,0,0,1,0,6,0,81,0,0,0,0,0,0,0,0,0,0,33,281,WOMEN,42_District_wise_crimes_committed_against_women_2014.csv,699,42_District_wise_crimes_committed_against_women_2014.csv::699,False,UNIQUE,Chitrakoot,DISTRICT_OR_REPORTING_UNIT,VALID
Uttar Pradesh,Deoria,2014,35,0,0,0,35,10,25,5,114,0,0,0,113,1,31,68,2,0,1,4,61,0,0,0,0,0,6,0,7,1,4,0,31,30,1,0,0,0,0,0,0,0,0,0,1,0,108,0,0,0,0,1,0,0,0,0,1,74,486,WOMEN,42_District_wise_crimes_committed_against_women_2014.csv,700,42_District_wise_crimes_committed_against_women_2014.csv::700,False,UNIQUE,Deoria,DISTRICT_OR_REPORTING_UNIT,VALID
Uttar Pradesh,Etah,2014,54,0,0,0,54,13,41,4,143,137,0,0,6,0,42,114,18,30,1,7,58,2,0,0,0,2,120,0,18,0,4,0,2,0,1,1,0,0,0,0,0,0,0,1,11,0,82,38,0,0,55,0,0,0,0,0,0,91,781,WOMEN,42_District_wise_crimes_committed_against_women_2014.csv,701,42_District_wise_crimes_committed_against_women_2014.csv::701,False,UNIQUE,Etah,DISTRICT_OR_REPORTING_UNIT,VALID
Uttar Pradesh,Etawah,2014,30,16,0,16,14,0,14,0,122,90,2,0,30,0,31,80,55,18,4,3,0,0,0,0,0,0,104,0,13,0,2,0,2,0,1,1,0,0,0,0,0,0,0,0,6,0,115,3,0,0,0,0,0,0,0,0,0,2,510,WOMEN,42_District_wise_crimes_committed_against_women_2014.csv,702,42_District_wise_crimes_committed_against_women_2014.csv::702,False,UNIQUE,Etawah,DISTRICT_OR_REPORTING_UNIT,VALID
Uttar Pradesh,Faizabad,2014,37,0,0,0,37,4,33,0,117,0,0,0,117,0,13,91,38,6,0,7,40,0,0,0,0,0,8,0,6,0,2,0,2,1,0,1,0,0,0,0,0,3,0,0,0,0,102,106,0,0,6,0,0,0,0,0,0,77,570,WOMEN,42_District_wise_crimes_committed_against_women_2014.csv,703,42_District_wise_crimes_committed_against_women_2014.csv::703,False,UNIQUE,Faizabad,DISTRICT_OR_REPORTING_UNIT,VALID
Uttar Pradesh,Fatehgarh,2014,19,0,0,0,19,4,15,0,126,0,0,0,126,0,39,38,29,0,1,8,0,0,0,0,0,0,121,0,11,4,4,0,2,0,2,0,0,0,0,0,0,0,0,0,6,0,115,0,0,0,0,0,0,0,0,0,0,15,500,WOMEN,42_District_wise_crimes_committed_against_women_2014.csv,704,42_District_wise_crimes_committed_against_women_2014.csv::704,False,UNIQUE,Fatehgarh,DISTRICT_OR_REPORTING_UNIT,VALID
Uttar Pradesh,Fatehpur,2014,58,28,0,28,30,14,16,14,121,91,0,0,30,0,43,101,71,23,3,4,0,0,0,0,0,0,93,0,18,2,1,3,21,19,2,0,0,0,1,0,1,0,1,0,0,0,97,2,0,0,1,1,0,0,0,0,1,0,578,WOMEN,42_District_wise_crimes_committed_against_women_2014.csv,705,42_District_wise_crimes_committed_against_women_2014.csv::705,False,UNIQUE,Fatehpur,DISTRICT_OR_REPORTING_UNIT,VALID
Uttar Pradesh,Firozabad,2014,61,0,0,0,61,4,57,8,245,0,0,0,245,0,55,131,17,1,5,5,103,0,0,0,0,0,146,0,25,0,3,0,0,0,0,0,0,0,0,0,0,3,0,0,0,2,102,84,0,0,0,1,1,0,0,0,0,0,866,WOMEN,42_District_wise_crimes_committed_against_women_2014.csv,706,42_District_wise_crimes_committed_against_women_2014.csv::706,False,UNIQUE,Firozabad,DISTRICT_OR_REPORTING_UNIT,VALID
Uttar Pradesh,G. R. P.,2014,5,0,0,0,5,1,4,0,21,9,3,0,7,2,1,64,15,1,3,45,0,0,0,0,0,0,0,0,7,0,1,0,0,0,0,0,0,0,0,0,0,2,0,0,0,0,473,0,0,0,0,0,0,0,0,0,0,2,576,WOMEN,42_District_wise_crimes_committed_against_women_2014.csv,707,42_District_wise_crimes_committed_against_women_2014.csv::707,False,UNIQUE,G. R. P.,DISTRICT_OR_REPORTING_UNIT,VALID
Uttar Pradesh,Gautambudh Nagar,2014,54,7,3,4,47,2,45,8,150,135,0,0,15,0,35,161,121,14,2,24,0,7,0,0,0,7,198,0,18,2,2,0,3,2,1,0,0,0,0,0,0,15,0,0,1,0,150,0,0,0,0,0,0,0,0,0,0,53,857,WOMEN,42_District_wise_crimes_committed_against_women_2014.csv,708,42_District_wise_crimes_committed_against_women_2014.csv::708,False,UNIQUE,Gautambudh Nagar,DISTRICT_OR_REPORTING_UNIT,VALID
Uttar Pradesh,Ghaziabad,2014,118,14,0,14,104,13,91,0,391,85,42,0,264,0,38,283,164,40,1,59,19,3,0,0,0,3,575,0,28,2,3,0,6,3,1,2,0,0,0,0,0,2,0,0,1,0,263,0,0,0,0,1,1,0,0,0,0,101,1815,WOMEN,42_District_wise_crimes_committed_against_women_2014.csv,709,42_District_wise_crimes_committed_against_women_2014.csv::709,False,UNIQUE,Ghaziabad,DISTRICT_OR_REPORTING_UNIT,VALID
Uttar Pradesh,Ghazipur,2014,24,1,0,1,23,3,20,0,102,0,0,0,102,0,31,69,20,11,1,6,31,0,0,0,0,0,67,0,12,0,2,0,1,0,0,1,0,0,0,0,0,0,0,0,13,0,2,0,0,0,0,0,0,0,0,0,0,56,379,WOMEN,42_District_wise_crimes_committed_against_women_2014.csv,710,42_District_wise_crimes_committed_against_women_2014.csv::710,False,UNIQUE,Ghazipur,DISTRICT_OR_REPORTING_UNIT,VALID
Uttar Pradesh,Gonda,2014,37,0,0,0,37,3,34,5,126,0,0,0,97,29,28,56,17,5,1,2,31,0,0,0,0,0,12,0,8,0,4,0,39,39,0,0,0,0,0,0,0,2,0,0,2,0,0,106,0,0,0,0,0,0,0,0,0,54,479,WOMEN,42_District_wise_crimes_committed_against_women_2014.csv,711,42_District_wise_crimes_committed_against_women_2014.csv::711,False,UNIQUE,Gonda,DISTRICT_OR_REPORTING_UNIT,VALID
Uttar Pradesh,Gorakhpur,2014,92,22,0,22,70,2,68,0,271,0,0,0,256,15,58,132,78,13,1,40,0,0,0,0,0,0,223,0,29,0,7,0,11,11,0,0,0,0,0,0,0,5,0,0,7,0,120,0,0,0,0,2,0,0,0,0,2,3,960,WOMEN,42_District_wise_crimes_committed_against_women_2014.csv,712,42_District_wise_crimes_committed_against_women_2014.csv::712,False,UNIQUE,Gorakhpur,DISTRICT_OR_REPORTING_UNIT,VALID
Uttar Pradesh,Hamirpur,2014,29,13,1,12,16,2,14,0,55,0,0,0,55,0,26,97,75,18,1,3,0,1,0,0,1,0,42,0,5,0,3,0,8,8,0,0,0,0,0,0,0,0,0,0,0,0,25,2,0,0,0,0,0,0,0,0,0,0,293,WOMEN,42_District_wise_crimes_committed_against_women_2014.csv,713,42_District_wise_crimes_committed_against_women_2014.csv::713,False,UNIQUE,Hamirpur,DISTRICT_OR_REPORTING_UNIT,VALID
Uttar Pradesh,Hapur,2014,46,8,0,8,38,7,31,1,69,69,0,0,0,0,16,62,21,25,1,3,12,0,0,0,0,0,70,0,11,0,0,0,1,0,1,0,0,0,0,0,0,0,0,0,0,0,51,0,0,0,0,0,0,0,0,0,0,11,338,WOMEN,42_District_wise_crimes_committed_against_women_2014.csv,714,42_District_wise_crimes_committed_against_women_2014.csv::714,False,UNIQUE,Hapur,DISTRICT_OR_REPORTING_UNIT,VALID
Uttar Pradesh,Hardoi,2014,39,0,0,0,39,39,0,2,162,0,1,0,161,0,40,93,2,0,0,1,90,0,0,0,0,0,140,0,18,0,5,0,2,2,0,0,0,0,0,0,0,3,0,0,0,0,38,40,0,0,0,0,0,0,0,0,0,62,644,WOMEN,42_District_wise_crimes_committed_against_women_2014.csv,715,42_District_wise_crimes_committed_against_women_2014.csv::715,False,UNIQUE,Hardoi,DISTRICT_OR_REPORTING_UNIT,VALID
Uttar Pradesh,Hathras,2014,60,0,0,0,60,17,43,5,127,32,0,0,95,0,24,121,52,57,4,8,0,1,0,0,1,0,103,0,21,0,5,0,17,16,1,0,0,0,0,0,0,0,0,0,7,0,77,42,0,0,0,0,0,0,0,0,0,62,672,WOMEN,42_District_wise_crimes_committed_against_women_2014.csv,716,42_District_wise_crimes_committed_against_women_2014.csv::716,False,UNIQUE,Hathras,DISTRICT_OR_REPORTING_UNIT,VALID
Uttar Pradesh,Jalaun,2014,12,9,0,9,3,0,3,0,54,0,0,0,43,11,30,44,15,4,0,1,24,0,0,0,0,0,41,0,13,0,1,0,4,4,0,0,0,0,0,0,0,1,0,1,0,0,41,0,0,0,0,0,0,0,0,0,0,30,272,WOMEN,42_District_wise_crimes_committed_against_women_2014.csv,717,42_District_wise_crimes_committed_against_women_2014.csv::717,False,UNIQUE,Jalaun,DISTRICT_OR_REPORTING_UNIT,VALID
Uttar Pradesh,Jaunpur,2014,50,0,0,0,50,3,47,0,125,0,0,0,125,0,47,62,21,3,0,6,32,0,0,0,0,0,49,0,14,0,0,0,2,0,2,0,0,0,0,0,0,0,0,0,0,0,31,0,0,0,0,0,0,0,0,0,0,37,417,WOMEN,42_District_wise_crimes_committed_against_women_2014.csv,718,42_District_wise_crimes_committed_against_women_2014.csv::718,False,UNIQUE,Jaunpur,DISTRICT_OR_REPORTING_UNIT,VALID
Uttar Pradesh,Jhansi,2014,28,0,0,0,28,1,27,2,84,74,0,0,8,2,33,85,29,8,1,16,31,0,0,0,0,0,119,0,17,0,3,0,1,0,1,0,0,0,0,0,0,0,0,0,8,0,104,1,0,0,0,3,3,0,0,0,0,64,552,WOMEN,42_District_wise_crimes_committed_against_women_2014.csv,719,42_District_wise_crimes_committed_against_women_2014.csv::719,False,UNIQUE,Jhansi,DISTRICT_OR_REPORTING_UNIT,VALID
Uttar Pradesh,Kannauj,2014,22,0,0,0,22,1,21,0,92,0,0,0,92,0,31,98,6,7,0,6,79,0,0,0,0,0,89,0,9,0,4,0,0,0,0,0,0,0,0,0,0,0,0,0,1,0,105,0,0,0,0,0,0,0,0,0,0,59,510,WOMEN,42_District_wise_crimes_committed_against_women_2014.csv,720,42_District_wise_crimes_committed_against_women_2014.csv::720,False,UNIQUE,Kannauj,DISTRICT_OR_REPORTING_UNIT,VALID
Uttar Pradesh,Kanpur Dehat,2014,20,0,0,0,20,0,20,0,151,0,0,0,151,0,35,95,0,0,0,0,95,0,0,0,0,0,144,0,17,0,0,0,1,0,0,1,0,0,0,0,0,0,0,0,1,0,48,0,0,0,0,0,0,0,0,0,0,0,512,WOMEN,42_District_wise_crimes_committed_against_women_2014.csv,721,42_District_wise_crimes_committed_against_women_2014.csv::721,False,UNIQUE,Kanpur Dehat,DISTRICT_OR_REPORTING_UNIT,VALID
Uttar Pradesh,Kanpur Nagar,2014,78,0,0,0,78,6,72,6,413,0,0,0,137,276,73,261,122,60,6,73,0,1,0,0,0,1,594,0,38,0,11,0,1,0,0,1,0,0,0,0,0,34,0,0,21,0,330,11,0,0,0,3,3,0,0,0,0,48,1923,WOMEN,42_District_wise_crimes_committed_against_women_2014.csv,722,42_District_wise_crimes_committed_against_women_2014.csv::722,False,UNIQUE,Kanpur Nagar,DISTRICT_OR_REPORTING_UNIT,VALID
Uttar Pradesh,Kasganj,2014,19,0,0,0,19,4,15,0,96,96,0,0,0,0,29,58,33,12,3,10,0,0,0,0,0,0,21,0,3,6,2,0,3,3,0,0,0,0,0,0,0,0,0,0,4,0,30,0,0,0,0,0,0,0,0,0,0,27,298,WOMEN,42_District_wise_crimes_committed_against_women_2014.csv,723,42_District_wise_crimes_committed_against_women_2014.csv::723,False,UNIQUE,Kasganj,DISTRICT_OR_REPORTING_UNIT,VALID
Uttar Pradesh,Kaushambi,2014,14,10,0,10,4,1,3,1,81,0,0,0,81,0,27,120,113,5,1,1,0,0,0,0,0,0,86,0,9,0,2,0,15,15,0,0,0,0,0,0,0,0,0,0,4,0,62,33,0,0,1,0,0,0,0,0,0,0,455,WOMEN,42_District_wise_crimes_committed_against_women_2014.csv,724,42_District_wise_crimes_committed_against_women_2014.csv::724,False,UNIQUE,Kaushambi,DISTRICT_OR_REPORTING_UNIT,VALID
Uttar Pradesh,Khiri,2014,49,0,0,0,49,3,46,0,195,39,4,0,152,0,51,107,0,0,0,0,107,0,0,0,0,0,135,0,17,11,5,1,16,16,0,0,0,0,0,0,0,1,0,0,0,0,145,6,0,0,0,1,0,1,0,0,0,120,860,WOMEN,42_District_wise_crimes_committed_against_women_2014.csv,725,42_District_wise_crimes_committed_against_women_2014.csv::725,False,UNIQUE,Khiri,DISTRICT_OR_REPORTING_UNIT,VALID
Uttar Pradesh,Kushi Nagar,2014,22,0,0,0,22,0,22,0,136,3,0,0,88,45,31,53,48,5,0,0,0,0,0,0,0,0,50,0,11,2,3,0,102,102,0,0,0,0,0,0,0,0,0,0,7,0,135,23,0,0,0,1,1,0,0,0,0,43,619,WOMEN,42_District_wise_crimes_committed_against_women_2014.csv,726,42_District_wise_crimes_committed_against_women_2014.csv::726,False,UNIQUE,Kushi Nagar,DISTRICT_OR_REPORTING_UNIT,VALID
Uttar Pradesh,Lalitpur,2014,25,6,0,6,19,3,16,0,27,0,0,0,27,0,12,38,26,8,1,3,0,0,0,0,0,0,19,0,8,0,0,0,1,0,1,0,0,0,0,0,0,0,0,0,8,0,23,0,0,0,0,2,0,2,0,0,0,34,197,WOMEN,42_District_wise_crimes_committed_against_women_2014.csv,727,42_District_wise_crimes_committed_against_women_2014.csv::727,False,UNIQUE,Lalitpur,DISTRICT_OR_REPORTING_UNIT,VALID
Uttar Pradesh,Lucknow,2014,68,0,0,0,68,3,65,2,370,280,0,0,90,0,52,392,277,40,2,73,0,0,0,0,0,0,1083,0,29,10,1,2,16,15,1,0,0,0,0,0,0,6,0,0,0,0,345,0,1,0,0,3,3,0,0,0,0,160,2540,WOMEN,42_District_wise_crimes_committed_against_women_2014.csv,728,42_District_wise_crimes_committed_against_women_2014.csv::728,False,UNIQUE,Lucknow,DISTRICT_OR_REPORTING_UNIT,VALID
Uttar Pradesh,Maharajganj,2014,32,0,0,0,32,4,28,0,100,0,0,0,100,0,26,29,12,4,0,2,11,0,0,0,0,0,68,0,13,0,0,0,0,0,0,0,0,0,0,0,0,0,0,0,2,0,45,0,0,0,0,0,0,0,0,0,0,4,319,WOMEN,42_District_wise_crimes_committed_against_women_2014.csv,729,42_District_wise_crimes_committed_against_women_2014.csv::729,False,UNIQUE,Maharajganj,DISTRICT_OR_REPORTING_UNIT,VALID
Uttar Pradesh,Mahoba,2014,22,0,0,0,22,6,16,0,52,0,0,0,52,0,14,62,26,3,0,1,32,1,0,0,1,0,22,0,8,0,0,0,2,1,1,0,0,0,0,0,0,0,0,0,4,0,29,0,0,0,0,0,0,0,0,0,0,6,222,WOMEN,42_District_wise_crimes_committed_against_women_2014.csv,730,42_District_wise_crimes_committed_against_women_2014.csv::730,False,UNIQUE,Mahoba,DISTRICT_OR_REPORTING_UNIT,VALID
Uttar Pradesh,Mainpuri,2014,23,0,0,0,23,0,23,1,127,0,0,0,127,0,37,69,0,0,0,0,69,0,0,0,0,0,74,0,17,0,9,0,0,0,0,0,0,0,0,0,0,4,0,0,4,0,29,0,0,0,0,0,0,0,0,0,0,20,414,WOMEN,42_District_wise_crimes_committed_against_women_2014.csv,731,42_District_wise_crimes_committed_against_women_2014.csv::731,False,UNIQUE,Mainpuri,DISTRICT_OR_REPORTING_UNIT,VALID
Uttar Pradesh,Mathura,2014,73,0,0,0,73,10,63,0,158,158,0,0,0,0,48,114,14,2,1,6,91,0,0,0,0,0,267,0,15,0,0,0,2,0,2,0,0,0,0,0,0,0,0,0,9,0,160,0,0,0,0,0,0,0,0,0,0,23,869,WOMEN,42_District_wise_crimes_committed_against_women_2014.csv,732,42_District_wise_crimes_committed_against_women_2014.csv::732,False,UNIQUE,Mathura,DISTRICT_OR_REPORTING_UNIT,VALID
Uttar Pradesh,Mau,2014,25,0,0,0,25,3,22,3,84,0,0,0,84,0,16,51,11,6,0,4,30,1,0,0,0,1,81,0,5,2,1,0,59,59,0,0,0,0,0,0,0,0,1,0,0,0,39,75,0,0,0,0,0,0,0,0,0,9,452,WOMEN,42_District_wise_crimes_committed_against_women_2014.csv,733,42_District_wise_crimes_committed_against_women_2014.csv::733,False,UNIQUE,Mau,DISTRICT_OR_REPORTING_UNIT,VALID
Uttar Pradesh,Meerut,2014,93,1,0,1,92,32,60,0,293,0,0,0,293,0,53,412,179,44,0,56,133,0,0,0,0,0,520,0,44,0,5,0,6,5,0,1,0,0,0,0,0,27,0,0,0,0,120,0,0,0,0,3,0,3,0,0,0,156,1732,WOMEN,42_District_wise_crimes_committed_against_women_2014.csv,734,42_District_wise_crimes_committed_against_women_2014.csv::734,False,UNIQUE,Meerut,DISTRICT_OR_REPORTING_UNIT,VALID
Uttar Pradesh,Mirzapur,2014,19,0,0,0,19,3,16,0,12,0,0,0,12,0,26,10,10,0,0,0,0,0,0,0,0,0,28,0,3,0,2,0,8,8,0,0,0,0,0,0,0,0,0,0,0,0,32,0,0,0,0,0,0,0,0,0,0,15,155,WOMEN,42_District_wise_crimes_committed_against_women_2014.csv,735,42_District_wise_crimes_committed_against_women_2014.csv::735,False,UNIQUE,Mirzapur,DISTRICT_OR_REPORTING_UNIT,VALID
Uttar Pradesh,Moradabad,2014,89,0,0,0,89,21,68,0,166,9,0,0,10,147,36,189,104,59,0,26,0,1,0,1,0,0,403,0,23,0,0,0,5,0,3,2,0,0,0,0,0,0,0,0,0,0,284,0,0,0,0,0,0,0,0,0,0,129,1325,WOMEN,42_District_wise_crimes_committed_against_women_2014.csv,736,42_District_wise_crimes_committed_against_women_2014.csv::736,False,UNIQUE,Moradabad,DISTRICT_OR_REPORTING_UNIT,VALID
Uttar Pradesh,Muzaffarnagar,2014,37,0,0,0,37,17,20,17,194,0,0,0,194,0,17,148,51,35,4,14,44,0,0,0,0,0,168,0,31,2,3,0,1,0,1,0,0,0,0,0,0,0,0,0,0,1,155,0,0,0,0,0,0,0,0,0,0,81,855,WOMEN,42_District_wise_crimes_committed_against_women_2014.csv,737,42_District_wise_crimes_committed_against_women_2014.csv::737,False,UNIQUE,Muzaffarnagar,DISTRICT_OR_REPORTING_UNIT,VALID
Uttar Pradesh,Pilibhit,2014,69,0,0,0,69,6,63,11,121,12,0,0,109,0,25,107,15,7,0,2,83,0,0,0,0,0,179,0,11,0,0,0,0,0,0,0,0,0,0,0,0,0,0,0,6,2,108,179,0,0,0,0,0,0,0,0,0,78,896,WOMEN,42_District_wise_crimes_committed_against_women_2014.csv,738,42_District_wise_crimes_committed_against_women_2014.csv::738,False,UNIQUE,Pilibhit,DISTRICT_OR_REPORTING_UNIT,VALID
Uttar Pradesh,Pratapgarh,2014,68,6,0,6,62,13,49,2,172,0,0,1,147,24,21,165,125,32,0,8,0,0,0,0,0,0,184,0,13,13,0,0,116,115,1,0,0,0,0,0,0,1,2,0,3,0,173,0,0,0,0,0,0,0,0,0,0,0,933,WOMEN,42_District_wise_crimes_committed_against_women_2014.csv,739,42_District_wise_crimes_committed_against_women_2014.csv::739,False,UNIQUE,Pratapgarh,DISTRICT_OR_REPORTING_UNIT,VALID
Uttar Pradesh,Raibareilly,2014,48,0,0,0,48,0,48,1,111,0,0,0,111,0,27,69,0,1,0,2,66,0,0,0,0,0,38,0,11,4,5,3,0,0,0,0,0,0,0,0,0,4,0,0,0,0,55,48,0,0,0,0,0,0,0,0,0,76,500,WOMEN,42_District_wise_crimes_committed_against_women_2014.csv,740,42_District_wise_crimes_committed_against_women_2014.csv::740,False,UNIQUE,Raibareilly,DISTRICT_OR_REPORTING_UNIT,VALID
Uttar Pradesh,Rampur,2014,34,0,0,0,34,0,34,0,94,94,0,0,0,0,18,54,54,0,0,0,0,0,0,0,0,0,121,0,16,0,0,0,0,0,0,0,0,0,0,0,0,0,0,0,2,0,89,0,0,0,0,1,1,0,0,0,0,8,437,WOMEN,42_District_wise_crimes_committed_against_women_2014.csv,741,42_District_wise_crimes_committed_against_women_2014.csv::741,False,UNIQUE,Rampur,DISTRICT_OR_REPORTING_UNIT,VALID
Uttar Pradesh,Saharanpur,2014,73,2,0,2,71,17,54,7,220,0,0,0,220,0,28,167,64,32,2,25,44,0,0,0,0,0,194,0,11,14,4,0,1,0,1,0,0,0,0,0,0,0,0,0,0,0,124,0,0,0,0,0,0,0,0,0,0,103,946,WOMEN,42_District_wise_crimes_committed_against_women_2014.csv,742,42_District_wise_crimes_committed_against_women_2014.csv::742,False,UNIQUE,Saharanpur,DISTRICT_OR_REPORTING_UNIT,VALID
Uttar Pradesh,Sambhal,2014,48,0,0,0,48,23,25,0,124,7,0,0,117,0,26,72,64,5,0,3,0,0,0,0,0,0,106,0,15,0,7,0,0,0,0,0,0,0,1,1,0,0,0,0,0,0,0,0,0,0,0,0,0,0,0,0,0,10,409,WOMEN,42_District_wise_crimes_committed_against_women_2014.csv,743,42_District_wise_crimes_committed_against_women_2014.csv::743,False,UNIQUE,Sambhal,DISTRICT_OR_REPORTING_UNIT,VALID
Uttar Pradesh,Sant Kabirnagar,2014,23,0,0,0,23,5,18,0,39,2,0,0,37,0,11,25,22,3,0,0,0,0,0,0,0,0,0,0,5,0,0,0,30,29,0,1,0,0,0,0,0,0,0,0,0,0,47,19,0,0,0,1,1,0,0,0,0,32,232,WOMEN,42_District_wise_crimes_committed_against_women_2014.csv,744,42_District_wise_crimes_committed_against_women_2014.csv::744,False,UNIQUE,Sant Kabirnagar,DISTRICT_OR_REPORTING_UNIT,VALID
Uttar Pradesh,Shahjahanpur,2014,83,0,0,0,83,4,79,0,193,0,0,0,193,0,61,181,176,5,0,0,0,1,0,1,0,0,127,0,17,0,6,0,1,0,1,0,0,0,0,0,0,2,0,0,6,0,23,0,0,0,0,2,0,2,0,0,0,123,826,WOMEN,42_District_wise_crimes_committed_against_women_2014.csv,745,42_District_wise_crimes_committed_against_women_2014.csv::745,False,UNIQUE,Shahjahanpur,DISTRICT_OR_REPORTING_UNIT,VALID
Uttar Pradesh,Shamli,2014,32,0,0,0,32,14,18,11,78,78,0,0,0,0,18,58,43,8,0,7,0,0,0,0,0,0,87,0,4,4,2,0,7,7,0,0,0,0,0,0,0,0,0,0,0,1,0,0,0,0,0,0,0,0,0,0,0,0,302,WOMEN,42_District_wise_crimes_committed_against_women_2014.csv,746,42_District_wise_crimes_committed_against_women_2014.csv::746,False,UNIQUE,Shamli,DISTRICT_OR_REPORTING_UNIT,VALID
Uttar Pradesh,Shrawasti,2014,5,0,0,0,5,1,4,0,35,0,0,0,35,0,9,31,6,2,0,0,23,0,0,0,0,0,0,0,1,0,3,0,0,0,0,0,0,0,0,0,0,0,0,0,0,0,0,13,0,0,0,0,0,0,0,0,0,9,106,WOMEN,42_District_wise_crimes_committed_against_women_2014.csv,747,42_District_wise_crimes_committed_against_women_2014.csv::747,False,UNIQUE,Shrawasti,DISTRICT_OR_REPORTING_UNIT,VALID
Uttar Pradesh,Sidharthnagar,2014,20,0,0,0,20,3,17,0,57,0,0,0,57,0,20,27,24,1,0,2,0,0,0,0,0,0,46,0,6,0,4,0,0,0,0,0,0,0,0,0,0,0,0,0,0,0,41,0,0,0,0,0,0,0,0,0,0,36,257,WOMEN,42_District_wise_crimes_committed_against_women_2014.csv,748,42_District_wise_crimes_committed_against_women_2014.csv::748,False,UNIQUE,Sidharthnagar,DISTRICT_OR_REPORTING_UNIT,VALID
Uttar Pradesh,Sitapur,2014,74,0,0,0,74,0,74,0,214,0,0,0,214,0,46,163,155,0,0,0,8,0,0,0,0,0,180,0,27,0,0,0,0,0,0,0,0,0,0,0,0,0,0,0,0,0,86,0,0,0,0,0,0,0,0,0,0,133,923,WOMEN,42_District_wise_crimes_committed_against_women_2014.csv,749,42_District_wise_crimes_committed_against_women_2014.csv::749,False,UNIQUE,Sitapur,DISTRICT_OR_REPORTING_UNIT,VALID
Uttar Pradesh,Sonbhadra,2014,26,4,0,4,22,0,22,1,20,0,0,0,20,0,6,24,21,2,0,1,0,0,0,0,0,0,13,0,10,0,5,0,20,19,1,0,0,0,0,0,0,1,0,0,2,0,44,11,0,0,0,0,0,0,0,0,0,12,195,WOMEN,42_District_wise_crimes_committed_against_women_2014.csv,750,42_District_wise_crimes_committed_against_women_2014.csv::750,False,UNIQUE,Sonbhadra,DISTRICT_OR_REPORTING_UNIT,VALID
Uttar Pradesh,St.Ravidasnagar,2014,19,0,0,0,19,1,18,0,33,0,0,0,33,0,23,12,11,1,0,0,0,0,0,0,0,0,41,0,4,0,1,0,6,6,0,0,0,0,0,0,0,0,0,0,2,0,28,41,0,0,0,0,0,0,0,0,0,10,220,WOMEN,42_District_wise_crimes_committed_against_women_2014.csv,751,42_District_wise_crimes_committed_against_women_2014.csv::751,False,UNIQUE,St.Ravidasnagar,DISTRICT_OR_REPORTING_UNIT,VALID
Uttar Pradesh,Sultanpur,2014,46,2,0,2,44,4,40,3,141,0,0,0,141,0,21,67,58,6,0,3,0,0,0,0,0,0,68,0,12,0,4,0,8,8,0,0,0,0,0,0,0,6,0,0,0,0,69,0,0,0,0,0,0,0,0,0,0,34,479,WOMEN,42_District_wise_crimes_committed_against_women_2014.csv,752,42_District_wise_crimes_committed_against_women_2014.csv::752,False,UNIQUE,Sultanpur,DISTRICT_OR_REPORTING_UNIT,VALID
Uttar Pradesh,Unnao,2014,69,7,1,6,62,12,50,0,235,0,0,0,235,0,31,237,35,21,0,0,181,0,0,0,0,0,218,0,25,0,5,0,1,0,1,0,0,0,0,0,0,0,0,0,0,0,93,0,0,0,0,0,0,0,0,0,0,139,1053,WOMEN,42_District_wise_crimes_committed_against_women_2014.csv,753,42_District_wise_crimes_committed_against_women_2014.csv::753,False,UNIQUE,Unnao,DISTRICT_OR_REPORTING_UNIT,VALID
Uttar Pradesh,Varanasi,2014,47,4,0,4,43,4,39,5,144,0,0,0,144,0,42,176,124,27,1,24,0,3,0,0,0,3,275,0,14,7,1,0,0,0,0,0,0,0,0,0,0,5,0,0,0,0,73,0,0,0,0,0,0,0,0,0,0,98,890,WOMEN,42_District_wise_crimes_committed_against_women_2014.csv,754,42_District_wise_crimes_committed_against_women_2014.csv::754,False,UNIQUE,Varanasi,DISTRICT_OR_REPORTING_UNIT,VALID
Uttarakhand,Almora,2014,6,0,0,0,6,0,6,1,22,0,0,0,0,22,1,4,0,0,0,0,4,1,0,0,0,1,5,0,1,0,0,0,0,0,0,0,0,0,0,0,0,0,0,0,0,0,3,0,0,0,0,0,0,0,0,0,0,0,44,WOMEN,42_District_wise_crimes_committed_against_women_2014.csv,756,42_District_wise_crimes_committed_against_women_2014.csv::756,False,UNIQUE,Almora,DISTRICT_OR_REPORTING_UNIT,VALID
Uttarakhand,Bageshwar,2014,3,0,0,0,3,0,3,0,0,0,0,0,0,0,0,4,0,0,0,0,4,0,0,0,0,0,2,0,0,0,0,0,0,0,0,0,0,0,0,0,0,0,0,1,0,0,0,2,0,0,0,0,0,0,0,0,0,0,12,WOMEN,42_District_wise_crimes_committed_against_women_2014.csv,757,42_District_wise_crimes_committed_against_women_2014.csv::757,False,UNIQUE,Bageshwar,DISTRICT_OR_REPORTING_UNIT,VALID
Uttarakhand,Chamoli,2014,4,0,0,0,4,0,4,1,7,0,0,0,0,7,1,9,0,0,0,0,9,0,0,0,0,0,3,0,1,0,0,0,0,0,0,0,0,0,0,0,0,0,0,0,0,0,0,0,0,0,0,0,0,0,0,0,0,0,26,WOMEN,42_District_wise_crimes_committed_against_women_2014.csv,758,42_District_wise_crimes_committed_against_women_2014.csv::758,False,UNIQUE,Chamoli,DISTRICT_OR_REPORTING_UNIT,VALID
Uttarakhand,Champawat,2014,8,0,0,0,8,0,8,0,0,0,0,0,0,0,0,5,0,0,0,0,5,0,0,0,0,0,7,0,1,0,0,0,0,0,0,0,0,0,0,0,0,0,0,0,0,0,0,0,0,0,0,0,0,0,0,0,0,0,21,WOMEN,42_District_wise_crimes_committed_against_women_2014.csv,759,42_District_wise_crimes_committed_against_women_2014.csv::759,False,UNIQUE,Champawat,DISTRICT_OR_REPORTING_UNIT,VALID
Uttarakhand,Dehradun,2014,55,0,0,0,55,0,55,5,12,1,1,0,7,3,10,80,15,6,0,3,56,1,0,0,0,1,149,0,2,2,1,0,1,1,0,0,0,2,0,0,0,27,1,0,0,0,7,0,0,0,0,2,0,0,0,0,2,2,359,WOMEN,42_District_wise_crimes_committed_against_women_2014.csv,760,42_District_wise_crimes_committed_against_women_2014.csv::760,False,UNIQUE,Dehradun,DISTRICT_OR_REPORTING_UNIT,VALID
Uttarakhand,Haridwar,2014,73,0,0,0,73,0,73,16,59,59,0,0,0,0,0,99,0,0,0,0,99,0,0,0,0,0,0,0,17,11,3,0,5,5,0,0,0,0,0,0,0,20,0,1,0,0,0,95,0,0,0,5,5,0,0,0,0,0,404,WOMEN,42_District_wise_crimes_committed_against_women_2014.csv,761,42_District_wise_crimes_committed_against_women_2014.csv::761,False,UNIQUE,Haridwar,DISTRICT_OR_REPORTING_UNIT,VALID
Uttarakhand,Nainital,2014,36,0,0,0,36,0,36,1,54,0,0,0,1,53,5,38,7,18,1,4,8,0,0,0,0,0,31,0,8,5,0,1,6,6,0,0,0,0,0,0,0,2,0,0,0,0,0,7,0,0,0,8,7,0,0,0,1,0,202,WOMEN,42_District_wise_crimes_committed_against_women_2014.csv,762,42_District_wise_crimes_committed_against_women_2014.csv::762,False,UNIQUE,Nainital,DISTRICT_OR_REPORTING_UNIT,VALID
Uttarakhand,Pauri Garhwal,2014,8,0,0,0,8,0,8,2,30,2,0,0,0,28,7,12,0,0,0,0,12,1,0,0,0,1,9,0,2,0,0,0,1,1,0,0,0,0,0,0,0,3,0,1,0,0,0,0,0,0,0,0,0,0,0,0,0,5,81,WOMEN,42_District_wise_crimes_committed_against_women_2014.csv,763,42_District_wise_crimes_committed_against_women_2014.csv::763,False,UNIQUE,Pauri Garhwal,DISTRICT_OR_REPORTING_UNIT,VALID
Uttarakhand,Pithoragarh,2014,8,0,0,0,8,0,8,0,1,0,0,0,0,1,3,9,0,0,0,0,9,0,0,0,0,0,7,0,0,0,0,0,0,0,0,0,0,0,0,0,0,0,0,0,0,0,0,0,0,0,0,0,0,0,0,0,0,0,28,WOMEN,42_District_wise_crimes_committed_against_women_2014.csv,764,42_District_wise_crimes_committed_against_women_2014.csv::764,False,UNIQUE,Pithoragarh,DISTRICT_OR_REPORTING_UNIT,VALID
Uttarakhand,Rudra Prayag,2014,4,0,0,0,4,0,4,0,7,0,0,0,0,7,1,9,0,0,0,0,9,0,0,0,0,0,2,0,0,0,0,0,0,0,0,0,0,0,0,0,0,0,0,0,0,0,0,0,0,0,0,0,0,0,0,0,0,0,23,WOMEN,42_District_wise_crimes_committed_against_women_2014.csv,765,42_District_wise_crimes_committed_against_women_2014.csv::765,False,UNIQUE,Rudra Prayag,DISTRICT_OR_REPORTING_UNIT,VALID
Uttarakhand,Tehri Garhwal,2014,7,0,0,0,7,0,7,0,13,0,0,0,0,13,0,0,0,0,0,0,0,0,0,0,0,0,7,0,0,0,0,0,0,0,0,0,0,0,0,0,0,0,0,0,0,0,0,0,0,0,0,0,0,0,0,0,0,0,27,WOMEN,42_District_wise_crimes_committed_against_women_2014.csv,766,42_District_wise_crimes_committed_against_women_2014.csv::766,False,UNIQUE,Tehri Garhwal,DISTRICT_OR_REPORTING_UNIT,VALID
Uttarakhand,Udhamsingh Nagar,2014,49,0,0,0,49,1,48,15,65,0,0,0,0,65,10,67,0,0,0,0,67,0,0,0,0,0,71,0,8,0,0,0,0,0,0,0,0,0,0,0,0,0,0,0,0,0,155,0,0,0,0,4,0,0,0,0,4,0,444,WOMEN,42_District_wise_crimes_committed_against_women_2014.csv,767,42_District_wise_crimes_committed_against_women_2014.csv::767,False,UNIQUE,Udhamsingh Nagar,DISTRICT_OR_REPORTING_UNIT,VALID
Uttarakhand,Uttarkashi,2014,9,0,0,0,9,0,9,0,5,0,0,0,2,3,0,7,0,0,0,0,7,1,0,0,0,1,8,0,0,0,0,0,0,0,0,0,0,0,0,0,0,0,0,0,0,0,0,0,0,0,0,0,0,0,0,0,0,0,30,WOMEN,42_District_wise_crimes_committed_against_women_2014.csv,768,42_District_wise_crimes_committed_against_women_2014.csv::768,False,UNIQUE,Uttarkashi,DISTRICT_OR_REPORTING_UNIT,VALID
West Bengal,North 24 Parganas,2014,227,0,0,0,227,26,201,108,612,0,0,0,0,612,66,319,0,0,0,0,319,50,0,0,0,50,2027,0,36,275,0,20,275,275,0,0,0,0,0,0,0,0,0,0,0,0,0,0,0,0,0,0,0,0,0,0,0,0,4015,WOMEN,42_District_wise_crimes_committed_against_women_2014.csv,770,42_District_wise_crimes_committed_against_women_2014.csv::770,False,UNIQUE,North 24 Parganas,DISTRICT_OR_REPORTING_UNIT,VALID
West Bengal,South 24 Parganas,2014,341,0,0,0,341,16,325,138,696,331,0,0,162,203,53,313,110,43,0,64,96,14,0,0,0,14,3546,0,117,268,5,0,143,140,3,0,0,0,5,1,4,0,0,0,0,0,66,0,0,0,0,0,0,0,0,0,0,13,5718,WOMEN,42_District_wise_crimes_committed_against_women_2014.csv,771,42_District_wise_crimes_committed_against_women_2014.csv::771,False,UNIQUE,South 24 Parganas,DISTRICT_OR_REPORTING_UNIT,VALID
West Bengal,Alipurduar,2014,118,0,0,0,118,0,118,34,124,75,0,0,0,49,2,83,18,24,3,7,31,6,0,0,0,6,328,0,7,0,2,0,0,0,0,0,0,0,0,0,0,0,0,0,0,0,0,0,0,0,0,0,0,0,0,0,0,0,704,WOMEN,42_District_wise_crimes_committed_against_women_2014.csv,772,42_District_wise_crimes_committed_against_women_2014.csv::772,False,UNIQUE,Alipurduar,DISTRICT_OR_REPORTING_UNIT,VALID
West Bengal,Asansol-Durgapur PC,2014,58,0,0,0,58,0,58,23,104,12,1,1,43,47,28,160,32,39,3,8,78,1,0,0,0,1,496,0,15,113,0,0,1,0,1,0,0,0,0,0,0,0,0,0,0,0,0,0,0,0,0,2,1,0,1,0,0,0,1001,WOMEN,42_District_wise_crimes_committed_against_women_2014.csv,773,42_District_wise_crimes_committed_against_women_2014.csv::773,False,UNIQUE,Asansol-Durgapur PC,DISTRICT_OR_REPORTING_UNIT,VALID
West Bengal,Bankura,2014,79,1,0,1,78,2,76,26,64,0,0,0,43,21,18,121,18,34,0,1,68,0,0,0,0,0,316,0,40,58,1,0,0,0,0,0,0,0,0,0,0,0,0,0,0,0,0,0,0,0,0,2,0,0,0,0,2,5,730,WOMEN,42_District_wise_crimes_committed_against_women_2014.csv,774,42_District_wise_crimes_committed_against_women_2014.csv::774,False,UNIQUE,Bankura,DISTRICT_OR_REPORTING_UNIT,VALID
West Bengal,Barrackpur PC,2014,77,0,0,0,77,3,74,24,281,33,0,0,171,77,21,201,58,21,1,5,116,2,0,0,0,2,1205,0,25,51,1,0,55,52,2,1,0,0,0,0,0,0,0,1,25,1,0,0,0,0,0,3,3,0,0,0,0,0,1973,WOMEN,42_District_wise_crimes_committed_against_women_2014.csv,775,42_District_wise_crimes_committed_against_women_2014.csv::775,False,UNIQUE,Barrackpur PC,DISTRICT_OR_REPORTING_UNIT,VALID
West Bengal,Bidhannagar PC,2014,24,0,0,0,24,1,23,3,93,22,0,0,28,43,6,97,49,21,0,5,22,9,2,0,0,7,364,0,5,1,0,1,4,4,0,0,0,0,0,0,0,2,0,0,0,0,0,0,0,0,0,0,0,0,0,0,0,0,609,WOMEN,42_District_wise_crimes_committed_against_women_2014.csv,776,42_District_wise_crimes_committed_against_women_2014.csv::776,False,UNIQUE,Bidhannagar PC,DISTRICT_OR_REPORTING_UNIT,VALID
West Bengal,Birbhum,2014,82,0,0,0,82,6,76,49,97,39,0,0,52,6,8,99,22,16,2,1,58,0,0,0,0,0,412,0,53,114,1,12,198,198,0,0,0,0,1,0,1,4,2,1,0,0,0,0,0,0,0,0,0,0,0,0,0,0,1133,WOMEN,42_District_wise_crimes_committed_against_women_2014.csv,777,42_District_wise_crimes_committed_against_women_2014.csv::777,False,UNIQUE,Birbhum,DISTRICT_OR_REPORTING_UNIT,VALID
West Bengal,Burdwan,2014,121,0,0,0,121,1,120,111,204,75,0,0,95,34,12,273,75,0,16,0,182,0,0,0,0,0,712,0,54,285,2,0,23,21,2,0,0,0,0,0,0,2,0,0,0,0,0,0,0,0,0,6,6,0,0,0,0,0,1805,WOMEN,42_District_wise_crimes_committed_against_women_2014.csv,778,42_District_wise_crimes_committed_against_women_2014.csv::778,False,UNIQUE,Burdwan,DISTRICT_OR_REPORTING_UNIT,VALID
West Bengal,Coochbehar,2014,141,0,0,0,141,4,137,81,348,97,0,0,0,251,21,151,15,39,0,2,95,3,0,0,0,3,697,0,47,28,1,0,25,25,0,0,0,9,0,0,0,0,8,1,20,1,0,0,0,0,0,0,0,0,0,0,0,0,1582,WOMEN,42_District_wise_crimes_committed_against_women_2014.csv,779,42_District_wise_crimes_committed_against_women_2014.csv::779,False,UNIQUE,Coochbehar,DISTRICT_OR_REPORTING_UNIT,VALID
West Bengal,Dakshin Dinajpur,2014,64,0,0,0,64,0,64,38,160,144,0,0,16,0,13,51,2,4,0,0,45,5,0,0,1,4,356,0,22,35,2,0,21,19,1,1,0,0,0,0,0,0,0,1,0,0,0,0,3,0,0,0,0,0,0,0,0,0,771,WOMEN,42_District_wise_crimes_committed_against_women_2014.csv,780,42_District_wise_crimes_committed_against_women_2014.csv::780,False,UNIQUE,Dakshin Dinajpur,DISTRICT_OR_REPORTING_UNIT,VALID
West Bengal,Darjeeling,2014,60,0,0,0,60,3,57,14,65,36,2,0,7,20,0,95,5,3,0,3,84,3,0,3,0,0,216,0,3,15,0,0,176,176,0,0,0,0,0,0,0,0,5,4,1,0,10,0,0,0,0,3,0,0,0,0,3,0,670,WOMEN,42_District_wise_crimes_committed_against_women_2014.csv,781,42_District_wise_crimes_committed_against_women_2014.csv::781,False,UNIQUE,Darjeeling,DISTRICT_OR_REPORTING_UNIT,VALID
West Bengal,Hooghly,2014,110,0,0,0,110,8,102,54,278,277,0,0,1,0,34,226,38,92,2,4,90,6,0,0,0,6,1345,0,35,9,2,0,25,19,5,1,0,0,0,0,0,0,0,0,0,0,0,0,0,0,0,6,0,0,0,0,6,0,2130,WOMEN,42_District_wise_crimes_committed_against_women_2014.csv,782,42_District_wise_crimes_committed_against_women_2014.csv::782,False,UNIQUE,Hooghly,DISTRICT_OR_REPORTING_UNIT,VALID
West Bengal,Howrah G. R. P.,2014,77,0,0,0,77,3,74,18,147,104,1,1,35,6,5,181,48,43,4,5,81,3,0,0,0,3,796,0,47,101,0,3,0,0,0,0,0,4,0,0,0,0,1,5,0,0,0,0,0,0,0,2,2,0,0,0,0,20,1410,WOMEN,42_District_wise_crimes_committed_against_women_2014.csv,783,42_District_wise_crimes_committed_against_women_2014.csv::783,False,UNIQUE,Howrah G. R. P.,DISTRICT_OR_REPORTING_UNIT,VALID
West Bengal,Howrah PC,2014,43,0,0,0,43,2,41,7,130,0,0,1,5,124,4,318,124,75,1,17,101,26,0,0,0,26,557,0,15,15,1,0,3,2,1,0,0,0,0,0,0,0,1,0,0,0,119,0,0,0,0,0,0,0,0,0,0,0,1239,WOMEN,42_District_wise_crimes_committed_against_women_2014.csv,784,42_District_wise_crimes_committed_against_women_2014.csv::784,False,UNIQUE,Howrah PC,DISTRICT_OR_REPORTING_UNIT,VALID
West Bengal,Jalpaiguri,2014,129,0,0,0,129,6,123,71,195,10,0,3,16,166,16,199,71,0,0,0,128,1,0,0,0,1,518,0,15,10,6,0,0,0,0,0,0,0,0,0,0,0,0,0,0,0,0,0,0,0,0,0,0,0,0,0,0,5,1165,WOMEN,42_District_wise_crimes_committed_against_women_2014.csv,786,42_District_wise_crimes_committed_against_women_2014.csv::786,False,UNIQUE,Jalpaiguri,DISTRICT_OR_REPORTING_UNIT,VALID
West Bengal,Jhargram Police District,2014,29,0,0,0,29,0,29,2,20,0,1,0,6,13,3,70,8,11,0,1,50,1,0,0,0,1,96,0,14,0,0,0,6,6,0,0,0,0,0,0,0,0,0,0,0,0,0,0,0,0,0,0,0,0,0,0,0,0,241,WOMEN,42_District_wise_crimes_committed_against_women_2014.csv,787,42_District_wise_crimes_committed_against_women_2014.csv::787,False,UNIQUE,Jhargram Police District,DISTRICT_OR_REPORTING_UNIT,VALID
West Bengal,Kharagpur G. R. P.,2014,0,0,0,0,0,0,0,0,2,0,0,0,1,1,0,6,0,0,0,1,5,0,0,0,0,0,0,0,1,0,0,0,0,0,0,0,0,0,0,0,0,0,0,0,0,0,0,0,0,0,0,0,0,0,0,0,0,0,9,WOMEN,42_District_wise_crimes_committed_against_women_2014.csv,788,42_District_wise_crimes_committed_against_women_2014.csv::788,False,UNIQUE,Kharagpur G. R. P.,DISTRICT_OR_REPORTING_UNIT,VALID
West Bengal,Kolkata,2014,154,0,0,0,154,8,146,1,262,71,1,3,132,55,12,585,134,38,25,119,269,288,2,2,7,277,1156,3,35,11,5,0,23,23,0,0,0,0,0,0,0,5,0,15,31,0,27,1,0,0,0,25,0,0,0,0,25,0,2639,WOMEN,42_District_wise_crimes_committed_against_women_2014.csv,789,42_District_wise_crimes_committed_against_women_2014.csv::789,False,UNIQUE,Kolkata,DISTRICT_OR_REPORTING_UNIT,VALID
West Bengal,Malda,2014,252,0,0,0,252,20,232,119,223,15,2,2,14,190,31,331,21,35,1,0,274,29,0,0,0,29,796,0,28,198,0,6,219,218,1,0,0,0,1,0,1,0,6,3,0,3,0,0,0,0,0,1,0,0,0,0,1,0,2246,WOMEN,42_District_wise_crimes_committed_against_women_2014.csv,790,42_District_wise_crimes_committed_against_women_2014.csv::790,False,UNIQUE,Malda,DISTRICT_OR_REPORTING_UNIT,VALID
West Bengal,Murshidabad,2014,474,0,0,0,474,23,451,325,490,191,1,3,68,227,36,526,69,90,2,4,361,16,0,0,0,16,2448,0,82,1105,9,0,19,18,1,0,0,5,0,0,0,0,6,6,30,0,264,0,0,0,0,0,0,0,0,0,0,62,5903,WOMEN,42_District_wise_crimes_committed_against_women_2014.csv,791,42_District_wise_crimes_committed_against_women_2014.csv::791,False,UNIQUE,Murshidabad,DISTRICT_OR_REPORTING_UNIT,VALID
West Bengal,Nadia,2014,204,0,0,0,204,10,194,230,421,0,0,3,408,10,50,192,0,0,0,0,192,8,0,0,0,8,1851,1,57,153,5,42,403,403,0,0,0,0,1,0,1,2,0,0,0,1,0,0,0,0,0,6,6,0,0,0,0,0,3627,WOMEN,42_District_wise_crimes_committed_against_women_2014.csv,792,42_District_wise_crimes_committed_against_women_2014.csv::792,False,UNIQUE,Nadia,DISTRICT_OR_REPORTING_UNIT,VALID
West Bengal,Paschim Medinipur,2014,91,0,0,0,91,12,79,23,165,0,0,10,0,155,21,558,0,7,0,0,551,34,0,0,0,34,872,0,53,124,8,1,7,6,1,0,0,0,0,0,0,0,3,0,0,0,0,0,0,0,0,1,0,0,0,0,1,0,1961,WOMEN,42_District_wise_crimes_committed_against_women_2014.csv,793,42_District_wise_crimes_committed_against_women_2014.csv::793,False,UNIQUE,Paschim Medinipur,DISTRICT_OR_REPORTING_UNIT,VALID
West Bengal,Purab Medinipur,2014,112,0,0,0,112,8,104,65,277,33,3,3,204,34,27,159,36,54,1,5,63,6,0,0,0,6,983,1,49,20,0,0,7,0,7,0,0,0,0,0,0,1,0,7,0,0,0,0,0,0,0,10,0,0,0,0,10,0,1724,WOMEN,42_District_wise_crimes_committed_against_women_2014.csv,794,42_District_wise_crimes_committed_against_women_2014.csv::794,False,UNIQUE,Purab Medinipur,DISTRICT_OR_REPORTING_UNIT,VALID
West Bengal,Purulia,2014,72,0,0,0,72,6,66,24,45,11,0,0,0,34,4,142,0,0,0,0,142,1,0,0,0,1,188,0,29,3,2,1,43,42,1,0,0,0,0,0,0,0,0,0,0,0,0,0,1,0,0,0,0,0,0,0,0,0,555,WOMEN,42_District_wise_crimes_committed_against_women_2014.csv,795,42_District_wise_crimes_committed_against_women_2014.csv::795,False,UNIQUE,Purulia,DISTRICT_OR_REPORTING_UNIT,VALID
West Bengal,Sealdah G. R. P.,2014,7,0,0,0,7,1,6,0,11,0,0,0,0,11,1,46,0,0,0,0,46,4,0,0,0,4,1,0,6,3,0,0,4,4,0,0,0,0,0,0,0,0,0,0,3,0,3,0,0,0,0,0,0,0,0,0,0,0,89,WOMEN,42_District_wise_crimes_committed_against_women_2014.csv,796,42_District_wise_crimes_committed_against_women_2014.csv::796,False,UNIQUE,Sealdah G. R. P.,DISTRICT_OR_REPORTING_UNIT,VALID
West Bengal,Siliguri G. R. P.,2014,1,0,0,0,1,0,1,0,4,4,0,0,0,0,0,9,2,0,0,3,4,0,0,0,0,0,0,0,1,0,0,0,0,0,0,0,0,0,0,0,0,0,0,0,0,0,0,0,0,0,0,0,0,0,0,0,0,0,15,WOMEN,42_District_wise_crimes_committed_against_women_2014.csv,797,42_District_wise_crimes_committed_against_women_2014.csv::797,False,UNIQUE,Siliguri G. R. P.,DISTRICT_OR_REPORTING_UNIT,VALID
West Bengal,Siliguri PC,2014,72,0,0,0,72,0,72,14,75,59,0,0,0,16,2,165,115,0,0,0,50,17,0,0,0,17,503,0,15,14,0,0,64,63,1,0,0,0,0,0,0,0,0,0,0,0,0,6,0,0,0,10,2,3,4,1,0,0,957,WOMEN,42_District_wise_crimes_committed_against_women_2014.csv,798,42_District_wise_crimes_committed_against_women_2014.csv::798,False,UNIQUE,Siliguri PC,DISTRICT_OR_REPORTING_UNIT,VALID
West Bengal,Uttar Dinajpur,2014,187,0,0,0,187,15,172,130,309,273,1,6,1,28,9,157,7,11,1,6,132,13,0,0,0,13,779,0,29,113,0,0,9,7,1,1,0,0,0,0,0,0,0,6,10,0,0,0,0,0,0,3,0,0,0,0,3,0,1754,WOMEN,42_District_wise_crimes_committed_against_women_2014.csv,799,42_District_wise_crimes_committed_against_women_2014.csv::799,False,UNIQUE,Uttar Dinajpur,DISTRICT_OR_REPORTING_UNIT,VALID
A&N Islands,South Andaman,2014,19,0,0,0,19,0,19,0,9,7,0,0,0,2,3,27,8,1,1,4,13,4,0,0,0,4,10,0,2,3,1,0,7,7,0,0,0,0,0,0,0,0,0,0,1,1,5,0,0,0,0,1,1,0,0,0,0,0,93,WOMEN,42_District_wise_crimes_committed_against_women_2014.csv,801,42_District_wise_crimes_committed_against_women_2014.csv::801,False,UNIQUE,South Andaman,DISTRICT_OR_REPORTING_UNIT,VALID
A&N Islands,North & Middle Andaman,2014,11,0,0,0,11,1,10,0,8,4,0,0,0,4,0,14,10,0,0,0,4,1,0,0,0,1,4,0,1,0,0,0,5,5,0,0,0,0,0,0,0,0,0,0,1,0,0,0,0,0,0,0,0,0,0,0,0,0,45,WOMEN,42_District_wise_crimes_committed_against_women_2014.csv,802,42_District_wise_crimes_committed_against_women_2014.csv::802,False,UNIQUE,North & Middle Andaman,DISTRICT_OR_REPORTING_UNIT,VALID
A&N Islands,Nicobar,2014,2,0,0,0,2,0,2,0,0,0,0,0,0,0,0,0,0,0,0,0,0,0,0,0,0,0,0,0,0,0,0,0,0,0,0,0,0,0,0,0,0,0,0,0,0,0,0,0,0,0,0,0,0,0,0,0,0,0,2,WOMEN,42_District_wise_crimes_committed_against_women_2014.csv,803,42_District_wise_crimes_committed_against_women_2014.csv::803,False,UNIQUE,Nicobar,DISTRICT_OR_REPORTING_UNIT,VALID
Chandigarh,Chandigarh,2014,59,0,0,0,59,0,59,6,133,84,0,0,43,6,2,87,31,3,2,10,41,2,0,0,0,2,141,0,8,3,4,2,0,0,0,0,0,0,0,0,0,6,3,0,0,0,97,2,0,0,0,0,0,0,0,0,0,4,559,WOMEN,42_District_wise_crimes_committed_against_women_2014.csv,805,42_District_wise_crimes_committed_against_women_2014.csv::805,False,UNIQUE,Chandigarh,DISTRICT_OR_REPORTING_UNIT,VALID
D&N Haveli,D&N Haveli,2014,5,0,0,0,5,0,5,0,7,7,0,0,0,0,0,2,0,0,0,0,2,1,0,0,0,1,6,0,1,0,0,0,2,2,0,0,0,0,0,0,0,1,0,0,0,0,0,0,0,0,0,0,0,0,0,0,0,0,25,WOMEN,42_District_wise_crimes_committed_against_women_2014.csv,807,42_District_wise_crimes_committed_against_women_2014.csv::807,False,UNIQUE,D&N Haveli,DISTRICT_OR_REPORTING_UNIT,VALID
Daman & Diu,Daman,2014,2,0,0,0,2,0,2,0,1,1,0,0,0,0,0,2,2,0,0,0,0,0,0,0,0,0,1,0,1,0,0,0,0,0,0,0,0,0,0,0,0,1,0,0,0,0,0,0,0,0,0,8,8,0,0,0,0,0,16,WOMEN,42_District_wise_crimes_committed_against_women_2014.csv,809,42_District_wise_crimes_committed_against_women_2014.csv::809,False,UNIQUE,Daman,DISTRICT_OR_REPORTING_UNIT,VALID
Daman & Diu,Diu,2014,0,0,0,0,0,0,0,0,0,0,0,0,0,0,0,1,1,0,0,0,0,0,0,0,0,0,0,0,0,1,0,0,0,0,0,0,0,0,0,0,0,0,0,0,0,0,0,0,0,0,0,0,0,0,0,0,0,0,2,WOMEN,42_District_wise_crimes_committed_against_women_2014.csv,810,42_District_wise_crimes_committed_against_women_2014.csv::810,False,UNIQUE,Diu,DISTRICT_OR_REPORTING_UNIT,VALID
Delhi UT,Central,2014,91,0,0,0,91,3,88,0,169,159,0,0,0,10,7,212,54,9,0,26,123,37,1,0,0,36,99,0,6,4,0,4,10,7,3,0,0,0,1,0,1,98,0,0,0,0,95,0,0,0,0,0,0,0,0,0,0,1,834,WOMEN,42_District_wise_crimes_committed_against_women_2014.csv,812,42_District_wise_crimes_committed_against_women_2014.csv::812,False,UNIQUE,Central,DISTRICT_OR_REPORTING_UNIT,VALID
Delhi UT,Crime Branch,2014,1,0,0,0,1,0,1,0,1,1,0,0,0,0,0,1,0,0,0,1,0,0,0,0,0,0,0,0,0,0,0,0,0,0,0,0,0,0,0,0,0,0,0,0,0,0,7,0,0,0,0,0,0,0,0,0,0,2,12,WOMEN,42_District_wise_crimes_committed_against_women_2014.csv,813,42_District_wise_crimes_committed_against_women_2014.csv::813,False,UNIQUE,Crime Branch,DISTRICT_OR_REPORTING_UNIT,VALID
Delhi UT,East,2014,230,0,0,0,230,17,213,6,346,300,0,1,0,45,15,446,171,36,5,91,143,114,1,2,1,110,477,0,16,15,1,38,7,4,1,2,0,0,1,0,1,262,2,0,6,0,685,1,0,0,3,2,2,0,0,0,0,0,2673,WOMEN,42_District_wise_crimes_committed_against_women_2014.csv,814,42_District_wise_crimes_committed_against_women_2014.csv::814,False,UNIQUE,East,DISTRICT_OR_REPORTING_UNIT,VALID
Delhi UT,EOW,2014,0,0,0,0,0,0,0,0,0,0,0,0,0,0,0,2,0,0,0,2,0,0,0,0,0,0,0,0,0,0,0,0,0,0,0,0,0,0,0,0,0,0,0,0,0,0,16,0,0,0,0,0,0,0,0,0,0,4,22,WOMEN,42_District_wise_crimes_committed_against_women_2014.csv,815,42_District_wise_crimes_committed_against_women_2014.csv::815,False,UNIQUE,EOW,DISTRICT_OR_REPORTING_UNIT,VALID
Delhi UT,IGI Airport,2014,0,0,0,0,0,0,0,0,0,0,0,0,0,0,0,12,3,0,0,2,7,4,0,4,0,0,0,0,0,0,0,0,0,0,0,0,0,0,0,0,0,0,0,0,0,0,0,0,0,0,0,0,0,0,0,0,0,0,16,WOMEN,42_District_wise_crimes_committed_against_women_2014.csv,816,42_District_wise_crimes_committed_against_women_2014.csv::816,False,UNIQUE,IGI Airport,DISTRICT_OR_REPORTING_UNIT,VALID
Delhi UT,Metro,2014,1,0,0,0,1,0,1,0,2,1,0,0,0,1,0,28,5,2,0,2,19,3,0,0,0,3,0,0,0,1,0,0,0,0,0,0,0,0,0,0,0,1,0,0,0,0,238,0,0,0,0,0,0,0,0,0,0,0,274,WOMEN,42_District_wise_crimes_committed_against_women_2014.csv,817,42_District_wise_crimes_committed_against_women_2014.csv::817,False,UNIQUE,Metro,DISTRICT_OR_REPORTING_UNIT,VALID
Delhi UT,New Delhi,2014,20,0,0,0,20,2,18,0,25,25,0,0,0,0,2,56,25,1,1,14,15,18,1,0,0,17,15,0,2,1,0,1,1,0,1,0,0,0,0,0,0,29,0,0,0,0,55,0,0,0,0,0,0,0,0,0,0,4,229,WOMEN,42_District_wise_crimes_committed_against_women_2014.csv,818,42_District_wise_crimes_committed_against_women_2014.csv::818,False,UNIQUE,New Delhi,DISTRICT_OR_REPORTING_UNIT,VALID
Delhi UT,North,2014,60,0,0,0,60,9,51,3,149,145,0,1,0,3,6,180,42,12,1,16,109,18,0,0,0,18,117,0,3,1,0,3,3,3,0,0,0,0,0,0,0,91,0,0,3,1,279,1,0,0,0,0,0,0,0,0,0,0,918,WOMEN,42_District_wise_crimes_committed_against_women_2014.csv,819,42_District_wise_crimes_committed_against_women_2014.csv::819,False,UNIQUE,North,DISTRICT_OR_REPORTING_UNIT,VALID
Delhi UT,North-East,2014,237,0,0,0,237,17,220,7,578,501,0,0,0,77,27,492,171,46,4,47,224,50,0,8,0,42,349,0,15,17,0,5,4,0,3,1,0,0,0,0,0,330,0,0,7,4,466,0,0,0,0,2,1,0,0,1,0,0,2590,WOMEN,42_District_wise_crimes_committed_against_women_2014.csv,820,42_District_wise_crimes_committed_against_women_2014.csv::820,False,UNIQUE,North-East,DISTRICT_OR_REPORTING_UNIT,VALID
Delhi UT,North-West,2014,165,0,0,0,165,9,156,12,354,354,0,0,0,0,14,404,109,23,3,61,208,51,0,0,0,51,246,0,11,4,0,11,12,11,0,1,0,0,0,0,0,96,2,0,0,1,254,0,0,0,0,0,0,0,0,0,0,4,1641,WOMEN,42_District_wise_crimes_committed_against_women_2014.csv,821,42_District_wise_crimes_committed_against_women_2014.csv::821,False,UNIQUE,North-West,DISTRICT_OR_REPORTING_UNIT,VALID
Delhi UT,Outer,2014,259,0,0,0,259,1,258,9,688,685,0,3,0,0,22,428,133,56,4,52,183,146,2,6,0,138,521,0,24,6,1,13,9,8,0,1,0,0,0,0,0,243,2,1,5,2,920,1,0,0,0,0,0,0,0,0,0,3,3303,WOMEN,42_District_wise_crimes_committed_against_women_2014.csv,822,42_District_wise_crimes_committed_against_women_2014.csv::822,False,UNIQUE,Outer,DISTRICT_OR_REPORTING_UNIT,VALID
Delhi UT,South,2014,280,0,0,0,280,18,262,10,369,369,0,0,0,0,6,595,150,39,0,0,406,665,4,0,3,658,143,0,10,6,0,2,10,8,2,0,0,1,0,0,0,164,2,1,0,4,179,0,0,0,4,3,3,0,0,0,0,14,2468,WOMEN,42_District_wise_crimes_committed_against_women_2014.csv,824,42_District_wise_crimes_committed_against_women_2014.csv::824,False,UNIQUE,South,DISTRICT_OR_REPORTING_UNIT,VALID
Delhi UT,South-East,2014,266,0,0,0,266,20,246,6,402,365,0,0,1,36,24,469,85,34,2,74,274,123,0,0,1,122,312,0,14,10,1,5,21,20,1,0,0,0,1,0,1,84,0,0,2,2,190,7,0,0,0,1,0,0,0,0,1,28,1968,WOMEN,42_District_wise_crimes_committed_against_women_2014.csv,825,42_District_wise_crimes_committed_against_women_2014.csv::825,False,UNIQUE,South-East,DISTRICT_OR_REPORTING_UNIT,VALID
Delhi UT,South-West,2014,234,0,0,0,234,23,211,16,397,338,0,1,1,57,17,494,86,57,4,99,248,68,0,2,0,66,318,0,11,8,1,4,13,11,1,1,0,1,0,0,0,17,0,1,5,0,609,0,0,0,0,0,0,0,0,0,0,2,2216,WOMEN,42_District_wise_crimes_committed_against_women_2014.csv,826,42_District_wise_crimes_committed_against_women_2014.csv::826,False,UNIQUE,South-West,DISTRICT_OR_REPORTING_UNIT,VALID
Delhi UT,Spl Cell,2014,0,0,0,0,0,0,0,0,0,0,0,0,0,0,0,0,0,0,0,0,0,0,0,0,0,0,0,0,0,0,0,0,0,0,0,0,0,0,0,0,0,0,0,0,0,0,0,0,0,0,0,0,0,0,0,0,0,0,0,WOMEN,42_District_wise_crimes_committed_against_women_2014.csv,827,42_District_wise_crimes_committed_against_women_2014.csv::827,False,UNIQUE,Spl Cell,DISTRICT_OR_REPORTING_UNIT,VALID
Delhi UT,SPUWAC,2014,0,0,0,0,0,0,0,0,0,0,0,0,0,0,0,0,0,0,0,0,0,0,0,0,0,0,160,0,0,0,0,0,0,0,0,0,0,0,0,0,0,0,0,0,0,0,0,1,0,0,0,0,0,0,0,0,0,0,161,WOMEN,42_District_wise_crimes_committed_against_women_2014.csv,828,42_District_wise_crimes_committed_against_women_2014.csv::828,False,UNIQUE,SPUWAC,DISTRICT_OR_REPORTING_UNIT,VALID
Delhi UT,Vigilance,2014,0,0,0,0,0,0,0,0,0,0,0,0,0,0,0,0,0,0,0,0,0,0,0,0,0,0,0,0,0,0,0,0,0,0,0,0,0,0,0,0,0,0,0,0,0,0,0,0,0,0,0,0,0,0,0,0,0,0,0,WOMEN,42_District_wise_crimes_committed_against_women_2014.csv,829,42_District_wise_crimes_committed_against_women_2014.csv::829,False,UNIQUE,Vigilance,DISTRICT_OR_REPORTING_UNIT,VALID
Delhi UT,West,2014,251,0,0,0,251,27,224,1,546,483,0,1,0,62,13,484,137,64,8,52,223,63,2,3,2,56,416,0,15,7,2,7,11,10,0,1,0,0,0,0,0,195,0,4,0,2,864,2,0,0,0,0,0,0,0,0,0,0,2883,WOMEN,42_District_wise_crimes_committed_against_women_2014.csv,830,42_District_wise_crimes_committed_against_women_2014.csv::830,False,UNIQUE,West,DISTRICT_OR_REPORTING_UNIT,VALID
Lakshadweep,Lakshadweep,2014,1,0,0,0,1,0,1,0,0,0,0,0,0,0,0,1,0,0,0,0,1,2,0,0,0,2,0,0,0,0,0,0,0,0,0,0,0,0,0,0,0,0,0,0,0,0,0,0,0,0,0,0,0,0,0,0,0,0,4,WOMEN,42_District_wise_crimes_committed_against_women_2014.csv,832,42_District_wise_crimes_committed_against_women_2014.csv::832,False,UNIQUE,Lakshadweep,DISTRICT_OR_REPORTING_UNIT,VALID
Puducherry,Karaikal,2014,3,0,0,0,3,0,3,0,1,1,0,0,0,0,0,12,4,0,0,0,8,1,0,0,0,1,1,0,0,0,0,0,2,2,0,0,0,0,0,0,0,1,0,0,0,0,0,0,0,0,0,0,0,0,0,0,0,0,21,WOMEN,42_District_wise_crimes_committed_against_women_2014.csv,834,42_District_wise_crimes_committed_against_women_2014.csv::834,False,UNIQUE,Karaikal,DISTRICT_OR_REPORTING_UNIT,VALID
Puducherry,Puducherry,2014,7,1,0,1,6,1,5,0,6,3,0,0,1,2,1,20,8,6,1,1,4,7,1,2,0,4,3,0,2,2,0,0,5,5,0,0,0,0,0,0,0,3,1,0,0,0,11,14,0,0,0,1,0,1,0,0,0,0,83,WOMEN,42_District_wise_crimes_committed_against_women_2014.csv,835,42_District_wise_crimes_committed_against_women_2014.csv::835,False,UNIQUE,Puducherry,DISTRICT_OR_REPORTING_UNIT,VALID
